fia_species_code,fia_name_raw,scientific_name,common_name,taxon_rank,species_level_flag,native_status_if_available,woodland_drc_flag,grain_km,n_unique_plot_lineages_total,n_detection_plots_total,qualifying_tree_records,n_sampled_cells_total,n_detection_cells_total,n_plots_A,n_plots_B,n_detection_plots_A,n_detection_plots_B,n_sampled_cells_A,n_sampled_cells_B,n_detection_cells_A,n_detection_cells_B,n_detection_cells_both_folds,n_detection_cells_A_only,n_detection_cells_B_only,cell_detection_IoU_AB,detection_cell_count_ratio_AB,detection_cell_count_ratio_A_over_B,detection_plot_count_ratio_AB,detection_plot_count_ratio_A_over_B,fraction_detection_cells_one_positive_plot,n_connected_components_detection_support,largest_component_fraction,spatial_span_km,n_connected_components_detection_support_A,largest_component_fraction_A,spatial_span_km_A,n_connected_components_detection_support_B,largest_component_fraction_B,spatial_span_km_B,geometry_information_flag,tpa_unadj_available_fraction,formal_expansion_metadata_status,obvious_variance_support_failure,hard_detection_is_not_latent_support_truth,positive_plots_per_detected_cell_min,positive_plots_per_detected_cell_q10,positive_plots_per_detected_cell_q25,positive_plots_per_detected_cell_median,positive_plots_per_detected_cell_q75,positive_plots_per_detected_cell_q90,positive_plots_per_detected_cell_max,positive_plots_per_detected_cell_mean,tree_records_per_detected_cell_min,tree_records_per_detected_cell_q10,tree_records_per_detected_cell_q25,tree_records_per_detected_cell_median,tree_records_per_detected_cell_q75,tree_records_per_detected_cell_q90,tree_records_per_detected_cell_max,tree_records_per_detected_cell_mean
11,Abies amabilis,Abies amabilis,Pacific silver fir,species,1,NA_NOT_AVAILABLE_IN_FROZEN_REF_SPECIES,0,25,115725,1001,13059,10051,120,57920,57805,523,478,9235,9171,107,108,95,12,13,0.7916666666666666,0.9907407407407407,0.9907407407407407,0.9139579349904398,1.094142259414226,0.15,6,0.8,816.2413858657254,4,0.822429906542056,694.6221994724903,10,0.7777777777777778,816.2413858657254,CONTINUOUS_METRICS_ONLY_NO_FINAL_RULE,1.0,AVAILABLE_IN_FIADB_NOT_APPLIED; EVALID_LINKAGE_REQUIRED_FOR_FORMAL_ESTIMATION,0,1,1,1.0,3.0,7.0,12.25,17.10000000000001,32,8.341666666666667,1,5.0,24.75,69.5,152.0,281.2,489,108.825
11,Abies amabilis,Abies amabilis,Pacific silver fir,species,1,NA_NOT_AVAILABLE_IN_FROZEN_REF_SPECIES,0,50,115725,1001,13059,2970,47,57920,57805,523,478,2846,2830,43,44,40,3,4,0.851063829787234,0.9772727272727273,0.9772727272727273,0.9139579349904398,1.094142259414226,0.10638297872340426,4,0.7659574468085106,782.6237921249265,3,0.7906976744186046,694.6221994724903,5,0.7727272727272727,782.6237921249265,CONTINUOUS_METRICS_ONLY_NO_FINAL_RULE,1.0,AVAILABLE_IN_FIADB_NOT_APPLIED; EVALID_LINKAGE_REQUIRED_FOR_FORMAL_ESTIMATION,0,1,1,1.6000000000000005,4.0,17.0,34.0,45.599999999999994,75,21.29787234042553,1,3.8000000000000016,24.5,167.0,467.0,638.0,1073,277.8510638297872
11,Abies amabilis,Abies amabilis,Pacific silver fir,species,1,NA_NOT_AVAILABLE_IN_FROZEN_REF_SPECIES,0,75,115725,1001,13059,1441,28,57920,57805,523,478,1411,1397,25,28,25,0,3,0.8928571428571429,0.8928571428571429,0.8928571428571429,0.9139579349904398,1.094142259414226,0.07142857142857142,1,1.0,772.172260574025,1,1.0,670.820393249937,1,1.0,772.172260574025,CONTINUOUS_METRICS_ONLY_NO_FINAL_RULE,1.0,AVAILABLE_IN_FIADB_NOT_APPLIED; EVALID_LINKAGE_REQUIRED_FOR_FORMAL_ESTIMATION,0,1,1,2.0,4.75,17.0,67.0,89.1,120,35.75,1,9.000000000000002,25.5,195.5,797.25,1073.0000000000002,1765,466.39285714285717
12,Abies balsamea,Abies balsamea,balsam fir,species,1,NA_NOT_AVAILABLE_IN_FROZEN_REF_SPECIES,0,25,115725,7186,53601,10051,706,57920,57805,3620,3566,9235,9171,637,617,548,89,69,0.7762039660056658,0.9686028257456829,1.032414910858995,0.9850828729281768,1.0151430173864273,0.15722379603399433,23,0.5750708215297451,2504.495957273639,22,0.5620094191522763,2387.9907872519107,23,0.5591572123176661,2504.495957273639,CONTINUOUS_METRICS_ONLY_NO_FINAL_RULE,1.0,AVAILABLE_IN_FIADB_NOT_APPLIED; EVALID_LINKAGE_REQUIRED_FOR_FORMAL_ESTIMATION,0,1,1,1.0,3.0,8.0,16.0,21.0,51,10.178470254957507,1,3.0,15.0,46.5,104.0,189.5,1034,75.92209631728045
12,Abies balsamea,Abies balsamea,balsam fir,species,1,NA_NOT_AVAILABLE_IN_FROZEN_REF_SPECIES,0,50,115725,7186,53601,2970,237,57920,57805,3620,3566,2846,2830,219,218,200,19,18,0.8438818565400844,0.9954337899543378,1.0045871559633028,0.9850828729281768,1.0151430173864273,0.12236286919831224,10,0.5738396624472574,2504.495957273639,7,0.5844748858447488,2387.9907872519107,9,0.5688073394495413,2504.495957273639,CONTINUOUS_METRICS_ONLY_NO_FINAL_RULE,1.0,AVAILABLE_IN_FIADB_NOT_APPLIED; EVALID_LINKAGE_REQUIRED_FOR_FORMAL_ESTIMATION,0,1,1,1.0,5.0,20.0,51.0,74.4,119,30.320675105485233,1,3.0,22.0,110.0,336.0,625.8000000000001,1921,226.16455696202533
12,Abies balsamea,Abies balsamea,balsam fir,species,1,NA_NOT_AVAILABLE_IN_FROZEN_REF_SPECIES,0,75,115725,7186,53601,1441,130,57920,57805,3620,3566,1411,1397,118,117,105,13,12,0.8076923076923077,0.9915254237288136,1.0085470085470085,0.9850828729281768,1.0151430173864273,0.13076923076923078,5,0.5615384615384615,2515.5764746872633,4,0.5847457627118644,2396.4817963005685,5,0.5555555555555556,2515.5764746872633,CONTINUOUS_METRICS_ONLY_NO_FINAL_RULE,1.0,AVAILABLE_IN_FIADB_NOT_APPLIED; EVALID_LINKAGE_REQUIRED_FOR_FORMAL_ESTIMATION,0,1,1,1.0,5.0,32.5,86.75,146.50000000000006,231,55.276923076923076,1,4.0,21.5,197.0,585.25,1162.4000000000005,3414,412.31538461538463
15,Abies concolor,Abies concolor,white fir,species,1,NA_NOT_AVAILABLE_IN_FROZEN_REF_SPECIES,0,25,115725,1809,17848,10051,444,57920,57805,927,882,9235,9171,337,348,241,96,107,0.5427927927927928,0.9683908045977011,0.9683908045977011,0.9514563106796117,1.0510204081632653,0.3355855855855856,64,0.48423423423423423,4461.572032367068,64,0.5192878338278932,3611.526685489116,72,0.4511494252873563,4461.572032367068,CONTINUOUS_METRICS_ONLY_NO_FINAL_RULE,1.0,AVAILABLE_IN_FIADB_NOT_APPLIED; EVALID_LINKAGE_REQUIRED_FOR_FORMAL_ESTIMATION,0,1,1,1.0,1.0,2.5,5.0,10.0,30,4.074324324324325,1,2.0,5.75,19.0,52.25,100.69999999999999,462,40.1981981981982
15,Abies concolor,Abies concolor,white fir,species,1,NA_NOT_AVAILABLE_IN_FROZEN_REF_SPECIES,0,50,115725,1809,17848,2970,216,57920,57805,927,882,2846,2830,172,185,141,31,44,0.6527777777777778,0.9297297297297298,0.9297297297297298,0.9514563106796117,1.0510204081632653,0.25462962962962965,26,0.4398148148148148,4438.468204234429,20,0.5174418604651163,3600.694377477767,25,0.4594594594594595,4438.468204234429,CONTINUOUS_METRICS_ONLY_NO_FINAL_RULE,1.0,AVAILABLE_IN_FIADB_NOT_APPLIED; EVALID_LINKAGE_REQUIRED_FOR_FORMAL_ESTIMATION,0,1,1,1.0,1.0,4.0,10.0,23.0,81,8.375,1,2.0,8.0,29.0,79.25,247.5,987,82.62962962962963
15,Abies concolor,Abies concolor,white fir,species,1,NA_NOT_AVAILABLE_IN_FROZEN_REF_SPECIES,0,75,115725,1809,17848,1441,137,57920,57805,927,882,1411,1397,107,119,89,18,30,0.6496350364963503,0.8991596638655462,0.8991596638655462,0.9514563106796117,1.0510204081632653,0.2846715328467153,15,0.40145985401459855,4471.157568236664,12,0.4672897196261682,3589.0458342016195,14,0.42857142857142855,4471.157568236664,CONTINUOUS_METRICS_ONLY_NO_FINAL_RULE,1.0,AVAILABLE_IN_FIADB_NOT_APPLIED; EVALID_LINKAGE_REQUIRED_FOR_FORMAL_ESTIMATION,0,1,1,1.0,1.0,5.0,15.0,38.400000000000006,128,13.204379562043796,1,2.6000000000000014,7.0,33.0,113.0,463.00000000000006,1476,130.27737226277372
16,Abies fraseri,Abies fraseri,Fraser fir,species,1,NA_NOT_AVAILABLE_IN_FROZEN_REF_SPECIES,0,25,115725,11,95,10051,10,57920,57805,7,4,9235,9171,6,4,0,6,4,0.0,0.6666666666666666,1.5,0.5714285714285714,1.75,0.9,6,0.4,1782.0283387196735,5,0.3333333333333333,1312.4404748406687,3,0.5,1754.458605952275,CONTINUOUS_METRICS_ONLY_NO_FINAL_RULE,1.0,AVAILABLE_IN_FIADB_NOT_APPLIED; EVALID_LINKAGE_REQUIRED_FOR_FORMAL_ESTIMATION,0,1,1,1.0,1.0,1.0,1.0,1.0999999999999996,2,1.1,1,1.0,2.0,7.0,12.5,19.499999999999993,33,9.5
16,Abies fraseri,Abies fraseri,Fraser fir,species,1,NA_NOT_AVAILABLE_IN_FROZEN_REF_SPECIES,0,50,115725,11,95,2970,8,57920,57805,7,4,2846,2830,5,4,1,4,3,0.125,0.8,1.25,0.5714285714285714,1.75,0.875,6,0.25,1761.3914953808535,4,0.4,1312.4404748406687,3,0.5,1733.4935823359715,CONTINUOUS_METRICS_ONLY_NO_FINAL_RULE,1.0,AVAILABLE_IN_FIADB_NOT_APPLIED; EVALID_LINKAGE_REQUIRED_FOR_FORMAL_ESTIMATION,0,1,1,1.0,1.0,1.0,1.0,1.8999999999999995,4,1.375,1,1.0,1.75,8.5,16.75,29.5,33,11.875
16,Abies fraseri,Abies fraseri,Fraser fir,species,1,NA_NOT_AVAILABLE_IN_FROZEN_REF_SPECIES,0,75,115725,11,95,1441,7,57920,57805,7,4,1411,1397,5,3,1,4,2,0.14285714285714285,0.6,1.6666666666666667,0.5714285714285714,1.75,0.7142857142857143,5,0.2857142857142857,1789.0290662814846,4,0.4,1326.88545097156,3,0.3333333333333333,1789.0290662814846,CONTINUOUS_METRICS_ONLY_NO_FINAL_RULE,1.0,AVAILABLE_IN_FIADB_NOT_APPLIED; EVALID_LINKAGE_REQUIRED_FOR_FORMAL_ESTIMATION,0,1,1,1.0,1.0,1.0,1.5,2.8000000000000007,4,1.5714285714285714,1,1.6,2.0,6.0,19.0,34.60000000000001,46,13.571428571428571
17,Abies grandis,Abies grandis,grand fir,species,1,NA_NOT_AVAILABLE_IN_FROZEN_REF_SPECIES,0,25,115725,2272,18236,10051,388,57920,57805,1159,1113,9235,9171,319,324,255,64,69,0.6572164948453608,0.9845679012345679,0.9845679012345679,0.9603106125970664,1.041329739442947,0.22938144329896906,27,0.5979381443298969,1450.0,28,0.5987460815047022,1450.0,30,0.6234567901234568,1414.213562373095,CONTINUOUS_METRICS_ONLY_NO_FINAL_RULE,1.0,AVAILABLE_IN_FIADB_NOT_APPLIED; EVALID_LINKAGE_REQUIRED_FOR_FORMAL_ESTIMATION,0,1,1,1.0,2.0,4.0,9.0,14.0,30,5.855670103092783,1,2.0,5.0,21.0,66.0,124.90000000000003,450,47.0
17,Abies grandis,Abies grandis,grand fir,species,1,NA_NOT_AVAILABLE_IN_FROZEN_REF_SPECIES,0,50,115725,2272,18236,2970,153,57920,57805,1159,1113,2846,2830,130,138,115,15,23,0.7516339869281046,0.9420289855072463,0.9420289855072463,0.9603106125970664,1.041329739442947,0.1503267973856209,5,0.9019607843137255,1450.0,7,0.9230769230769231,1450.0,6,0.5507246376811594,1414.213562373095,CONTINUOUS_METRICS_ONLY_NO_FINAL_RULE,1.0,AVAILABLE_IN_FIADB_NOT_APPLIED; EVALID_LINKAGE_REQUIRED_FOR_FORMAL_ESTIMATION,0,1,1,1.0,2.0,8.0,22.0,36.80000000000001,83,14.84967320261438,1,3.0,6.0,42.0,158.0,366.0000000000004,843,119.18954248366013
17,Abies grandis,Abies grandis,grand fir,species,1,NA_NOT_AVAILABLE_IN_FROZEN_REF_SPECIES,0,75,115725,2272,18236,1441,92,57920,57805,1159,1113,1411,1397,80,86,74,6,12,0.8043478260869565,0.9302325581395349,0.9302325581395349,0.9603106125970664,1.041329739442947,0.13043478260869565,1,1.0,1484.9242404917497,2,0.925,1484.9242404917497,1,1.0,1432.87298809071,CONTINUOUS_METRICS_ONLY_NO_FINAL_RULE,1.0,AVAILABLE_IN_FIADB_NOT_APPLIED; EVALID_LINKAGE_REQUIRED_FOR_FORMAL_ESTIMATION,0,1,1,1.0,3.0,9.0,40.25,69.9,127,24.695652173913043,1,3.0,7.0,46.0,279.25,645.5000000000001,1355,198.2173913043478
18,Abies lasiocarpa var. arizonica,Abies lasiocarpa var. arizonica,corkbark fir,infraspecies,1,NA_NOT_AVAILABLE_IN_FROZEN_REF_SPECIES,0,25,115725,221,1581,10051,61,57920,57805,104,117,9235,9171,46,47,32,14,15,0.5245901639344263,0.9787234042553191,0.9787234042553191,0.8888888888888888,0.8888888888888888,0.29508196721311475,12,0.45901639344262296,883.8834764831845,14,0.41304347826086957,800.3905296791061,13,0.48936170212765956,800.3905296791061,CONTINUOUS_METRICS_ONLY_NO_FINAL_RULE,1.0,AVAILABLE_IN_FIADB_NOT_APPLIED; EVALID_LINKAGE_REQUIRED_FOR_FORMAL_ESTIMATION,0,1,1,1.0,1.0,2.0,6.0,8.0,12,3.622950819672131,1,3.0,5.0,14.0,41.0,71.0,106,25.918032786885245
18,Abies lasiocarpa var. arizonica,Abies lasiocarpa var. arizonica,corkbark fir,infraspecies,1,NA_NOT_AVAILABLE_IN_FROZEN_REF_SPECIES,0,50,115725,221,1581,2970,33,57920,57805,104,117,2846,2830,28,27,22,6,5,0.6666666666666666,0.9642857142857143,1.037037037037037,0.8888888888888888,0.8888888888888888,0.21212121212121213,7,0.7272727272727273,884.5903006477066,5,0.7857142857142857,820.0609733428363,6,0.5185185185185185,781.0249675906654,CONTINUOUS_METRICS_ONLY_NO_FINAL_RULE,1.0,AVAILABLE_IN_FIADB_NOT_APPLIED; EVALID_LINKAGE_REQUIRED_FOR_FORMAL_ESTIMATION,0,1,1,1.0,2.0,3.0,9.0,17.400000000000002,29,6.696969696969697,1,3.2,6.0,19.0,78.0,131.20000000000002,186,47.90909090909091
18,Abies lasiocarpa var. arizonica,Abies lasiocarpa var. arizonica,corkbark fir,infraspecies,1,NA_NOT_AVAILABLE_IN_FROZEN_REF_SPECIES,0,75,115725,221,1581,1441,20,57920,57805,104,117,1411,1397,18,17,15,3,2,0.75,0.9444444444444444,1.0588235294117647,0.8888888888888888,0.8888888888888888,0.25,5,0.75,848.5281374238571,3,0.8333333333333334,750.0,4,0.8235294117647058,797.2609359550987,CONTINUOUS_METRICS_ONLY_NO_FINAL_RULE,1.0,AVAILABLE_IN_FIADB_NOT_APPLIED; EVALID_LINKAGE_REQUIRED_FOR_FORMAL_ESTIMATION,0,1,1,1.0,2.5,6.5,12.25,33.0,46,11.05,1,2.0,9.5,38.0,116.75,212.40000000000003,328,79.05
19,Abies lasiocarpa,Abies lasiocarpa,subalpine fir,species,1,NA_NOT_AVAILABLE_IN_FROZEN_REF_SPECIES,0,25,115725,3108,29486,10051,733,57920,57805,1530,1578,9235,9171,600,593,460,140,133,0.6275579809004093,0.9883333333333333,1.0118043844856661,0.9695817490494296,0.9695817490494296,0.252387448840382,59,0.40654843110504774,2305.021691871901,69,0.3983333333333333,2305.021691871901,66,0.3591905564924115,2255.2716022687823,CONTINUOUS_METRICS_ONLY_NO_FINAL_RULE,1.0,AVAILABLE_IN_FIADB_NOT_APPLIED; EVALID_LINKAGE_REQUIRED_FOR_FORMAL_ESTIMATION,0,1,1,1.0,1.0,3.0,6.0,9.0,24,4.240109140518418,1,2.0,9.0,27.0,59.0,95.80000000000007,322,40.22646657571624
19,Abies lasiocarpa,Abies lasiocarpa,subalpine fir,species,1,NA_NOT_AVAILABLE_IN_FROZEN_REF_SPECIES,0,50,115725,3108,29486,2970,300,57920,57805,1530,1578,2846,2830,265,262,227,38,35,0.7566666666666667,0.9886792452830189,1.0114503816793894,0.9695817490494296,0.9695817490494296,0.18,18,0.7433333333333333,2320.0215516240364,22,0.7094339622641509,2320.0215516240364,19,0.6297709923664122,2290.196498119757,CONTINUOUS_METRICS_ONLY_NO_FINAL_RULE,1.0,AVAILABLE_IN_FIADB_NOT_APPLIED; EVALID_LINKAGE_REQUIRED_FOR_FORMAL_ESTIMATION,0,1,1,1.0,2.0,7.0,16.0,25.200000000000045,48,10.36,1,4.0,16.75,57.5,144.75,253.4000000000001,593,98.28666666666666
19,Abies lasiocarpa,Abies lasiocarpa,subalpine fir,species,1,NA_NOT_AVAILABLE_IN_FROZEN_REF_SPECIES,0,75,115725,3108,29486,1441,173,57920,57805,1530,1578,1411,1397,158,159,144,14,15,0.8323699421965318,0.9937106918238994,0.9937106918238994,0.9695817490494296,0.9695817490494296,0.1329479768786127,8,0.9479768786127167,2250.0,8,0.9556962025316456,2250.0,7,0.779874213836478,2250.0,CONTINUOUS_METRICS_ONLY_NO_FINAL_RULE,1.0,AVAILABLE_IN_FIADB_NOT_APPLIED; EVALID_LINKAGE_REQUIRED_FOR_FORMAL_ESTIMATION,0,1,1,1.0,3.0,11.0,28.0,48.0,80,17.965317919075144,1,5.199999999999999,27.0,88.0,263.0,479.80000000000007,961,170.43930635838151
20,Abies magnifica,Abies magnifica,California red fir,species,1,NA_NOT_AVAILABLE_IN_FROZEN_REF_SPECIES,0,25,115725,238,2957,10051,84,57920,57805,142,96,9235,9171,64,58,38,26,20,0.4523809523809524,0.90625,1.103448275862069,0.676056338028169,1.4791666666666667,0.40476190476190477,9,0.7619047619047619,1004.0542814011601,10,0.5,948.6832980505138,12,0.46551724137931033,980.433577556379,CONTINUOUS_METRICS_ONLY_NO_FINAL_RULE,1.0,AVAILABLE_IN_FIADB_NOT_APPLIED; EVALID_LINKAGE_REQUIRED_FOR_FORMAL_ESTIMATION,0,1,1,1.0,1.0,2.0,4.0,6.0,11,2.8333333333333335,1,1.0,6.75,19.0,50.25,102.10000000000007,155,35.20238095238095
20,Abies magnifica,Abies magnifica,California red fir,species,1,NA_NOT_AVAILABLE_IN_FROZEN_REF_SPECIES,0,50,115725,238,2957,2970,39,57920,57805,142,96,2846,2830,33,31,25,8,6,0.6410256410256411,0.9393939393939394,1.064516129032258,0.676056338028169,1.4791666666666667,0.3076923076923077,4,0.9230769230769231,996.2429422585637,5,0.696969696969697,948.6832980505138,4,0.8387096774193549,996.2429422585637,CONTINUOUS_METRICS_ONLY_NO_FINAL_RULE,1.0,AVAILABLE_IN_FIADB_NOT_APPLIED; EVALID_LINKAGE_REQUIRED_FOR_FORMAL_ESTIMATION,0,1,1,1.0,1.0,4.0,8.5,16.0,21,6.102564102564102,1,1.0,9.5,31.0,132.5,189.80000000000007,267,75.82051282051282
20,Abies magnifica,Abies magnifica,California red fir,species,1,NA_NOT_AVAILABLE_IN_FROZEN_REF_SPECIES,0,75,115725,238,2957,1441,25,57920,57805,142,96,1411,1397,21,21,17,4,4,0.68,1.0,1.0,0.676056338028169,1.4791666666666667,0.24,2,0.96,948.6832980505138,4,0.8571428571428571,948.6832980505138,2,0.9523809523809523,948.6832980505138,CONTINUOUS_METRICS_ONLY_NO_FINAL_RULE,1.0,AVAILABLE_IN_FIADB_NOT_APPLIED; EVALID_LINKAGE_REQUIRED_FOR_FORMAL_ESTIMATION,0,1,1,1.0,2.0,5.0,13.0,25.0,36,9.52,1,2.200000000000001,8.0,26.0,207.0,322.20000000000005,611,118.28
21,Abies shastensis,Abies shastensis,Shasta red fir,species,1,NA_NOT_AVAILABLE_IN_FROZEN_REF_SPECIES,0,25,115725,172,2291,10051,41,57920,57805,86,86,9235,9171,33,31,23,10,8,0.5609756097560976,0.9393939393939394,1.064516129032258,1.0,1.0,0.2926829268292683,7,0.43902439024390244,340.0367627183861,6,0.48484848484848486,325.96012026013244,7,0.4838709677419355,340.0367627183861,CONTINUOUS_METRICS_ONLY_NO_FINAL_RULE,1.0,AVAILABLE_IN_FIADB_NOT_APPLIED; EVALID_LINKAGE_REQUIRED_FOR_FORMAL_ESTIMATION,0,1,1,1.0,1.0,2.0,5.0,10.0,17,4.195121951219512,1,2.0,12.0,30.0,79.0,134.0,320,55.8780487804878
21,Abies shastensis,Abies shastensis,Shasta red fir,species,1,NA_NOT_AVAILABLE_IN_FROZEN_REF_SPECIES,0,50,115725,172,2291,2970,17,57920,57805,86,86,2846,2830,15,15,13,2,2,0.7647058823529411,1.0,1.0,1.0,1.0,0.17647058823529413,2,0.9411764705882353,320.1562118716424,1,1.0,291.54759474226506,2,0.9333333333333333,320.1562118716424,CONTINUOUS_METRICS_ONLY_NO_FINAL_RULE,1.0,AVAILABLE_IN_FIADB_NOT_APPLIED; EVALID_LINKAGE_REQUIRED_FOR_FORMAL_ESTIMATION,0,1,1,1.0,3.0,6.0,12.0,23.200000000000003,35,10.117647058823529,1,16.0,36.0,99.0,182.0,296.6,478,134.76470588235293
21,Abies shastensis,Abies shastensis,Shasta red fir,species,1,NA_NOT_AVAILABLE_IN_FROZEN_REF_SPECIES,0,75,115725,172,2291,1441,11,57920,57805,86,86,1411,1397,10,11,10,0,1,0.9090909090909091,0.9090909090909091,0.9090909090909091,1.0,1.0,0.09090909090909091,1,1.0,335.4101966249685,1,1.0,335.4101966249685,1,1.0,335.4101966249685,CONTINUOUS_METRICS_ONLY_NO_FINAL_RULE,1.0,AVAILABLE_IN_FIADB_NOT_APPLIED; EVALID_LINKAGE_REQUIRED_FOR_FORMAL_ESTIMATION,0,1,1,3.0,3.0,11.0,26.0,38.0,45,15.636363636363637,1,28.0,65.5,104.0,339.5,395.0,738,208.27272727272728
22,Abies procera,Abies procera,noble fir,species,1,NA_NOT_AVAILABLE_IN_FROZEN_REF_SPECIES,0,25,115725,351,2116,10051,81,57920,57805,173,178,9235,9171,55,63,37,18,26,0.4567901234567901,0.873015873015873,0.873015873015873,0.9719101123595506,0.9719101123595506,0.4691358024691358,15,0.691358024691358,794.1190087134295,9,0.8,794.1190087134295,15,0.4444444444444444,660.0189391222043,CONTINUOUS_METRICS_ONLY_NO_FINAL_RULE,1.0,AVAILABLE_IN_FIADB_NOT_APPLIED; EVALID_LINKAGE_REQUIRED_FOR_FORMAL_ESTIMATION,0,1,1,1.0,1.0,2.0,6.0,9.0,19,4.333333333333333,1,2.0,4.0,13.0,35.0,74.0,129,26.123456790123456
22,Abies procera,Abies procera,noble fir,species,1,NA_NOT_AVAILABLE_IN_FROZEN_REF_SPECIES,0,50,115725,351,2116,2970,43,57920,57805,173,178,2846,2830,29,34,20,9,14,0.46511627906976744,0.8529411764705882,0.8529411764705882,0.9719101123595506,0.9719101123595506,0.4418604651162791,6,0.8604651162790697,782.6237921249265,5,0.7931034482758621,782.6237921249265,5,0.8823529411764706,670.820393249937,CONTINUOUS_METRICS_ONLY_NO_FINAL_RULE,1.0,AVAILABLE_IN_FIADB_NOT_APPLIED; EVALID_LINKAGE_REQUIRED_FOR_FORMAL_ESTIMATION,0,1,1,1.0,1.0,2.0,14.0,21.800000000000004,42,8.162790697674419,1,1.0,3.5,15.0,76.0,148.40000000000003,231,49.2093023255814
22,Abies procera,Abies procera,noble fir,species,1,NA_NOT_AVAILABLE_IN_FROZEN_REF_SPECIES,0,75,115725,351,2116,1441,24,57920,57805,173,178,1411,1397,17,21,14,3,7,0.5833333333333334,0.8095238095238095,0.8095238095238095,0.9719101123595506,0.9719101123595506,0.3333333333333333,1,1.0,772.172260574025,2,0.8823529411764706,772.172260574025,1,1.0,640.8002808988148,CONTINUOUS_METRICS_ONLY_NO_FINAL_RULE,1.0,AVAILABLE_IN_FIADB_NOT_APPLIED; EVALID_LINKAGE_REQUIRED_FOR_FORMAL_ESTIMATION,0,1,1,1.0,1.0,3.0,19.75,45.0,58,14.625,1,1.3000000000000003,4.5,16.5,90.75,329.5,397,88.16666666666667
41,Chamaecyparis lawsoniana,Chamaecyparis lawsoniana,Port-Orford-cedar,species,1,NA_NOT_AVAILABLE_IN_FROZEN_REF_SPECIES,0,25,115725,90,438,10051,28,57920,57805,47,43,9235,9171,21,20,13,8,7,0.4642857142857143,0.9523809523809523,1.05,0.9148936170212766,1.0930232558139534,0.35714285714285715,5,0.8571428571428571,522.0153254455275,5,0.8095238095238095,498.1214711292819,3,0.9,246.2214450449026,CONTINUOUS_METRICS_ONLY_NO_FINAL_RULE,1.0,AVAILABLE_IN_FIADB_NOT_APPLIED; EVALID_LINKAGE_REQUIRED_FOR_FORMAL_ESTIMATION,0,1,1,1.0,1.0,2.0,3.25,7.0,17,3.2142857142857144,1,1.7000000000000002,2.75,7.5,20.0,31.6,91,15.642857142857142
41,Chamaecyparis lawsoniana,Chamaecyparis lawsoniana,Port-Orford-cedar,species,1,NA_NOT_AVAILABLE_IN_FROZEN_REF_SPECIES,0,50,115725,90,438,2970,13,57920,57805,47,43,2846,2830,12,10,9,3,1,0.6923076923076923,0.8333333333333334,1.2,0.9148936170212766,1.0930232558139534,0.3076923076923077,3,0.8461538461538461,522.0153254455275,4,0.75,522.0153254455275,1,1.0,223.60679774997897,CONTINUOUS_METRICS_ONLY_NO_FINAL_RULE,1.0,AVAILABLE_IN_FIADB_NOT_APPLIED; EVALID_LINKAGE_REQUIRED_FOR_FORMAL_ESTIMATION,0,1,1,1.0,1.0,5.0,8.0,13.200000000000003,29,6.923076923076923,2,2.0,5.0,19.0,49.0,50.0,162,33.69230769230769
41,Chamaecyparis lawsoniana,Chamaecyparis lawsoniana,Port-Orford-cedar,species,1,NA_NOT_AVAILABLE_IN_FROZEN_REF_SPECIES,0,75,115725,90,438,1441,10,57920,57805,47,43,1411,1397,10,7,7,3,0,0.7,0.7,1.4285714285714286,0.9148936170212766,1.0930232558139534,0.3,3,0.8,546.0082416960389,3,0.8,546.0082416960389,1,1.0,237.17082451262846,CONTINUOUS_METRICS_ONLY_NO_FINAL_RULE,1.0,AVAILABLE_IN_FIADB_NOT_APPLIED; EVALID_LINKAGE_REQUIRED_FOR_FORMAL_ESTIMATION,0,1,1,1.0,1.25,5.0,13.5,16.89999999999999,34,9.0,2,2.0,4.0,31.5,53.5,73.49999999999994,195,43.8
42,Chamaecyparis nootkatensis,Chamaecyparis nootkatensis,Alaska yellow-cedar,species,1,NA_NOT_AVAILABLE_IN_FROZEN_REF_SPECIES,0,25,115725,114,665,10051,46,57920,57805,54,60,9235,9171,32,29,15,17,14,0.32608695652173914,0.90625,1.103448275862069,0.9,0.9,0.45652173913043476,6,0.6956521739130435,670.820393249937,10,0.375,670.820393249937,8,0.4827586206896552,571.1829829397932,CONTINUOUS_METRICS_ONLY_NO_FINAL_RULE,1.0,AVAILABLE_IN_FIADB_NOT_APPLIED; EVALID_LINKAGE_REQUIRED_FOR_FORMAL_ESTIMATION,0,1,1,1.0,1.0,2.0,3.0,6.0,8,2.4782608695652173,1,1.0,3.25,8.0,16.75,42.0,77,14.456521739130435
42,Chamaecyparis nootkatensis,Chamaecyparis nootkatensis,Alaska yellow-cedar,species,1,NA_NOT_AVAILABLE_IN_FROZEN_REF_SPECIES,0,50,115725,114,665,2970,23,57920,57805,54,60,2846,2830,18,19,14,4,5,0.6086956521739131,0.9473684210526315,0.9473684210526315,0.9,0.9,0.30434782608695654,5,0.6521739130434783,670.820393249937,6,0.5555555555555556,670.820393249937,4,0.6842105263157895,559.0169943749474,CONTINUOUS_METRICS_ONLY_NO_FINAL_RULE,1.0,AVAILABLE_IN_FIADB_NOT_APPLIED; EVALID_LINKAGE_REQUIRED_FOR_FORMAL_ESTIMATION,0,1,1,1.0,1.0,3.0,6.5,12.400000000000002,19,4.956521739130435,1,1.0,3.0,13.0,41.5,73.00000000000001,147,28.91304347826087
42,Chamaecyparis nootkatensis,Chamaecyparis nootkatensis,Alaska yellow-cedar,species,1,NA_NOT_AVAILABLE_IN_FROZEN_REF_SPECIES,0,75,115725,114,665,1441,17,57920,57805,54,60,1411,1397,15,12,10,5,2,0.5882352941176471,0.8,1.25,0.9,0.9,0.35294117647058826,3,0.7058823529411765,670.820393249937,3,0.8,670.820393249937,4,0.75,571.1829829397932,CONTINUOUS_METRICS_ONLY_NO_FINAL_RULE,1.0,AVAILABLE_IN_FIADB_NOT_APPLIED; EVALID_LINKAGE_REQUIRED_FOR_FORMAL_ESTIMATION,0,1,1,1.0,1.0,3.0,9.0,17.6,28,6.705882352941177,1,1.6,4.0,14.0,57.0,82.4,214,39.11764705882353
43,Chamaecyparis thyoides,Chamaecyparis thyoides,Atlantic white-cedar,species,1,NA_NOT_AVAILABLE_IN_FROZEN_REF_SPECIES,0,25,115725,108,1084,10051,60,57920,57805,58,50,9235,9171,41,34,15,26,19,0.25,0.8292682926829268,1.2058823529411764,0.8620689655172413,1.16,0.6166666666666667,28,0.18333333333333332,2093.442141545832,21,0.1951219512195122,2010.7523467597894,20,0.17647058823529413,2058.2152462752774,CONTINUOUS_METRICS_ONLY_NO_FINAL_RULE,1.0,AVAILABLE_IN_FIADB_NOT_APPLIED; EVALID_LINKAGE_REQUIRED_FOR_FORMAL_ESTIMATION,0,1,1,1.0,1.0,1.0,2.0,3.0,11,1.8,1,1.0,2.0,5.5,19.0,32.2,216,18.066666666666666
43,Chamaecyparis thyoides,Chamaecyparis thyoides,Atlantic white-cedar,species,1,NA_NOT_AVAILABLE_IN_FROZEN_REF_SPECIES,0,50,115725,108,1084,2970,40,57920,57805,58,50,2846,2830,31,27,18,13,9,0.45,0.8709677419354839,1.1481481481481481,0.8620689655172413,1.16,0.475,11,0.2,2093.442141545832,10,0.22580645161290322,2030.3940504246953,10,0.18518518518518517,2022.992832414391,CONTINUOUS_METRICS_ONLY_NO_FINAL_RULE,1.0,AVAILABLE_IN_FIADB_NOT_APPLIED; EVALID_LINKAGE_REQUIRED_FOR_FORMAL_ESTIMATION,0,1,1,1.0,1.0,2.0,3.0,6.100000000000001,17,2.7,1,1.0,2.0,5.0,15.0,74.20000000000005,326,27.1
43,Chamaecyparis thyoides,Chamaecyparis thyoides,Atlantic white-cedar,species,1,NA_NOT_AVAILABLE_IN_FROZEN_REF_SPECIES,0,75,115725,108,1084,1441,31,57920,57805,58,50,1411,1397,23,22,14,9,8,0.45161290322580644,0.9565217391304348,1.0454545454545454,0.8620689655172413,1.16,0.3870967741935484,6,0.25806451612903225,2131.9005605327843,7,0.21739130434782608,2026.3884129159444,9,0.22727272727272727,2074.3975028908994,CONTINUOUS_METRICS_ONLY_NO_FINAL_RULE,1.0,AVAILABLE_IN_FIADB_NOT_APPLIED; EVALID_LINKAGE_REQUIRED_FOR_FORMAL_ESTIMATION,0,1,1,1.0,1.0,2.0,3.5,6.0,20,3.4838709677419355,1,1.0,2.0,9.0,20.0,63.0,479,34.96774193548387
51,Cupressus arizonica,Cupressus arizonica,Arizona cypress,species,1,NA_NOT_AVAILABLE_IN_FROZEN_REF_SPECIES,0,25,115725,5,28,10051,5,57920,57805,1,4,9235,9171,1,4,0,1,4,0.0,0.25,0.25,0.25,0.25,1.0,5,0.2,413.82363393117123,1,1.0,0.0,4,0.25,413.82363393117123,CONTINUOUS_METRICS_ONLY_NO_FINAL_RULE,1.0,AVAILABLE_IN_FIADB_NOT_APPLIED; EVALID_LINKAGE_REQUIRED_FOR_FORMAL_ESTIMATION,1,1,1,1.0,1.0,1.0,1.0,1.0,1,1.0,2,2.0,2.0,5.0,9.0,9.6,10,5.6
51,Cupressus arizonica,Cupressus arizonica,Arizona cypress,species,1,NA_NOT_AVAILABLE_IN_FROZEN_REF_SPECIES,0,50,115725,5,28,2970,5,57920,57805,1,4,2846,2830,1,4,0,1,4,0.0,0.25,0.25,0.25,0.25,1.0,5,0.2,403.11288741492746,1,1.0,0.0,4,0.25,403.11288741492746,CONTINUOUS_METRICS_ONLY_NO_FINAL_RULE,1.0,AVAILABLE_IN_FIADB_NOT_APPLIED; EVALID_LINKAGE_REQUIRED_FOR_FORMAL_ESTIMATION,1,1,1,1.0,1.0,1.0,1.0,1.0,1,1.0,2,2.0,2.0,5.0,9.0,9.6,10,5.6
51,Cupressus arizonica,Cupressus arizonica,Arizona cypress,species,1,NA_NOT_AVAILABLE_IN_FROZEN_REF_SPECIES,0,75,115725,5,28,1441,5,57920,57805,1,4,1411,1397,1,4,0,1,4,0.0,0.25,0.25,0.25,0.25,1.0,4,0.4,403.8873605350878,1,1.0,0.0,3,0.5,403.8873605350878,CONTINUOUS_METRICS_ONLY_NO_FINAL_RULE,1.0,AVAILABLE_IN_FIADB_NOT_APPLIED; EVALID_LINKAGE_REQUIRED_FOR_FORMAL_ESTIMATION,1,1,1,1.0,1.0,1.0,1.0,1.0,1,1.0,2,2.0,2.0,5.0,9.0,9.6,10,5.6
52,Cupressus bakeri,Cupressus bakeri,Baker or Modoc cypress,species,1,NA_NOT_AVAILABLE_IN_FROZEN_REF_SPECIES,0,25,115725,1,11,10051,1,57920,57805,1,0,9235,9171,1,0,0,1,0,0.0,0.0,,0.0,,1.0,1,1.0,0.0,1,1.0,0.0,0,,,CONTINUOUS_METRICS_ONLY_NO_FINAL_RULE,1.0,AVAILABLE_IN_FIADB_NOT_APPLIED; EVALID_LINKAGE_REQUIRED_FOR_FORMAL_ESTIMATION,1,1,1,1.0,1.0,1.0,1.0,1.0,1,1.0,11,11.0,11.0,11.0,11.0,11.0,11,11.0
52,Cupressus bakeri,Cupressus bakeri,Baker or Modoc cypress,species,1,NA_NOT_AVAILABLE_IN_FROZEN_REF_SPECIES,0,50,115725,1,11,2970,1,57920,57805,1,0,2846,2830,1,0,0,1,0,0.0,0.0,,0.0,,1.0,1,1.0,0.0,1,1.0,0.0,0,,,CONTINUOUS_METRICS_ONLY_NO_FINAL_RULE,1.0,AVAILABLE_IN_FIADB_NOT_APPLIED; EVALID_LINKAGE_REQUIRED_FOR_FORMAL_ESTIMATION,1,1,1,1.0,1.0,1.0,1.0,1.0,1,1.0,11,11.0,11.0,11.0,11.0,11.0,11,11.0
52,Cupressus bakeri,Cupressus bakeri,Baker or Modoc cypress,species,1,NA_NOT_AVAILABLE_IN_FROZEN_REF_SPECIES,0,75,115725,1,11,1441,1,57920,57805,1,0,1411,1397,1,0,0,1,0,0.0,0.0,,0.0,,1.0,1,1.0,0.0,1,1.0,0.0,0,,,CONTINUOUS_METRICS_ONLY_NO_FINAL_RULE,1.0,AVAILABLE_IN_FIADB_NOT_APPLIED; EVALID_LINKAGE_REQUIRED_FOR_FORMAL_ESTIMATION,1,1,1,1.0,1.0,1.0,1.0,1.0,1,1.0,11,11.0,11.0,11.0,11.0,11.0,11,11.0
54,Cupressus macrocarpa,Cupressus macrocarpa,Monterey cypress,species,1,NA_NOT_AVAILABLE_IN_FROZEN_REF_SPECIES,0,25,115725,2,4,10051,2,57920,57805,2,0,9235,9171,2,0,0,2,0,0.0,0.0,,0.0,,1.0,2,0.5,79.05694150420949,2,0.5,79.05694150420949,0,,,CONTINUOUS_METRICS_ONLY_NO_FINAL_RULE,1.0,AVAILABLE_IN_FIADB_NOT_APPLIED; EVALID_LINKAGE_REQUIRED_FOR_FORMAL_ESTIMATION,1,1,1,1.0,1.0,1.0,1.0,1.0,1,1.0,2,2.0,2.0,2.0,2.0,2.0,2,2.0
54,Cupressus macrocarpa,Cupressus macrocarpa,Monterey cypress,species,1,NA_NOT_AVAILABLE_IN_FROZEN_REF_SPECIES,0,50,115725,2,4,2970,2,57920,57805,2,0,2846,2830,2,0,0,2,0,0.0,0.0,,0.0,,1.0,1,1.0,50.0,1,1.0,50.0,0,,,CONTINUOUS_METRICS_ONLY_NO_FINAL_RULE,1.0,AVAILABLE_IN_FIADB_NOT_APPLIED; EVALID_LINKAGE_REQUIRED_FOR_FORMAL_ESTIMATION,1,1,1,1.0,1.0,1.0,1.0,1.0,1,1.0,2,2.0,2.0,2.0,2.0,2.0,2,2.0
54,Cupressus macrocarpa,Cupressus macrocarpa,Monterey cypress,species,1,NA_NOT_AVAILABLE_IN_FROZEN_REF_SPECIES,0,75,115725,2,4,1441,2,57920,57805,2,0,1411,1397,2,0,0,2,0,0.0,0.0,,0.0,,1.0,2,0.5,106.06601717798213,2,0.5,106.06601717798213,0,,,CONTINUOUS_METRICS_ONLY_NO_FINAL_RULE,1.0,AVAILABLE_IN_FIADB_NOT_APPLIED; EVALID_LINKAGE_REQUIRED_FOR_FORMAL_ESTIMATION,1,1,1,1.0,1.0,1.0,1.0,1.0,1,1.0,2,2.0,2.0,2.0,2.0,2.0,2,2.0
55,Cupressus sargentii,Cupressus sargentii,Sargent's cypress,species,1,NA_NOT_AVAILABLE_IN_FROZEN_REF_SPECIES,0,25,115725,2,24,10051,2,57920,57805,1,1,9235,9171,1,1,0,1,1,0.0,1.0,1.0,1.0,1.0,1.0,2,0.5,103.07764064044152,1,1.0,0.0,1,1.0,0.0,CONTINUOUS_METRICS_ONLY_NO_FINAL_RULE,1.0,AVAILABLE_IN_FIADB_NOT_APPLIED; EVALID_LINKAGE_REQUIRED_FOR_FORMAL_ESTIMATION,1,1,1,1.0,1.0,1.0,1.0,1.0,1,1.0,4,5.6,8.0,12.0,16.0,18.4,20,12.0
55,Cupressus sargentii,Cupressus sargentii,Sargent's cypress,species,1,NA_NOT_AVAILABLE_IN_FROZEN_REF_SPECIES,0,50,115725,2,24,2970,2,57920,57805,1,1,2846,2830,1,1,0,1,1,0.0,1.0,1.0,1.0,1.0,1.0,2,0.5,100.0,1,1.0,0.0,1,1.0,0.0,CONTINUOUS_METRICS_ONLY_NO_FINAL_RULE,1.0,AVAILABLE_IN_FIADB_NOT_APPLIED; EVALID_LINKAGE_REQUIRED_FOR_FORMAL_ESTIMATION,1,1,1,1.0,1.0,1.0,1.0,1.0,1,1.0,4,5.6,8.0,12.0,16.0,18.4,20,12.0
55,Cupressus sargentii,Cupressus sargentii,Sargent's cypress,species,1,NA_NOT_AVAILABLE_IN_FROZEN_REF_SPECIES,0,75,115725,2,24,1441,2,57920,57805,1,1,1411,1397,1,1,0,1,1,0.0,1.0,1.0,1.0,1.0,1.0,1,1.0,75.0,1,1.0,0.0,1,1.0,0.0,CONTINUOUS_METRICS_ONLY_NO_FINAL_RULE,1.0,AVAILABLE_IN_FIADB_NOT_APPLIED; EVALID_LINKAGE_REQUIRED_FOR_FORMAL_ESTIMATION,1,1,1,1.0,1.0,1.0,1.0,1.0,1,1.0,4,5.6,8.0,12.0,16.0,18.4,20,12.0
58,Juniperus pinchotii,Juniperus pinchotii,Pinchot juniper,species,1,NA_NOT_AVAILABLE_IN_FROZEN_REF_SPECIES,1,25,115725,536,3317,10051,186,57920,57805,269,267,9235,9171,132,141,87,45,54,0.46774193548387094,0.9361702127659575,0.9361702127659575,0.9925650557620818,1.0074906367041199,0.4032258064516129,26,0.8010752688172043,972.4325169388361,22,0.553030303030303,972.4325169388361,23,0.7092198581560284,919.2388155425117,CONTINUOUS_METRICS_ONLY_NO_FINAL_RULE,1.0,AVAILABLE_IN_FIADB_NOT_APPLIED; EVALID_LINKAGE_REQUIRED_FOR_FORMAL_ESTIMATION,0,1,1,1.0,1.0,2.0,4.0,6.0,13,2.881720430107527,1,1.0,4.0,11.0,22.75,42.5,130,17.833333333333332
58,Juniperus pinchotii,Juniperus pinchotii,Pinchot juniper,species,1,NA_NOT_AVAILABLE_IN_FROZEN_REF_SPECIES,1,50,115725,536,3317,2970,82,57920,57805,269,267,2846,2830,63,65,46,17,19,0.5609756097560976,0.9692307692307692,0.9692307692307692,0.9925650557620818,1.0074906367041199,0.2804878048780488,8,0.8536585365853658,989.9494936611666,8,0.873015873015873,989.9494936611666,8,0.8461538461538461,919.2388155425117,CONTINUOUS_METRICS_ONLY_NO_FINAL_RULE,1.0,AVAILABLE_IN_FIADB_NOT_APPLIED; EVALID_LINKAGE_REQUIRED_FOR_FORMAL_ESTIMATION,0,1,1,1.0,1.0,3.0,10.0,17.0,31,6.536585365853658,1,2.0,5.0,19.0,52.5,99.2000000000001,246,40.451219512195124
58,Juniperus pinchotii,Juniperus pinchotii,Pinchot juniper,species,1,NA_NOT_AVAILABLE_IN_FROZEN_REF_SPECIES,1,75,115725,536,3317,1441,48,57920,57805,269,267,1411,1397,39,40,31,8,9,0.6458333333333334,0.975,0.975,0.9925650557620818,1.0074906367041199,0.25,3,0.9583333333333334,1009.0218035305282,2,0.9743589743589743,1009.0218035305282,5,0.9,903.1195934094222,CONTINUOUS_METRICS_ONLY_NO_FINAL_RULE,1.0,AVAILABLE_IN_FIADB_NOT_APPLIED; EVALID_LINKAGE_REQUIRED_FOR_FORMAL_ESTIMATION,0,1,1,1.0,1.75,5.5,16.5,30.900000000000013,50,11.166666666666666,1,1.7000000000000002,6.5,23.5,96.25,199.40000000000006,336,69.10416666666667
59,Juniperus coahuilensis,Juniperus coahuilensis,redberry juniper,species,1,NA_NOT_AVAILABLE_IN_FROZEN_REF_SPECIES,1,25,115725,227,1058,10051,123,57920,57805,117,110,9235,9171,80,78,35,45,43,0.2845528455284553,0.975,1.0256410256410255,0.9401709401709402,1.0636363636363637,0.5934959349593496,33,0.44715447154471544,1470.756608008273,36,0.175,1449.5689014324223,32,0.2564102564102564,1420.6072645175373,CONTINUOUS_METRICS_ONLY_NO_FINAL_RULE,1.0,AVAILABLE_IN_FIADB_NOT_APPLIED; EVALID_LINKAGE_REQUIRED_FOR_FORMAL_ESTIMATION,0,1,1,1.0,1.0,1.0,2.0,4.0,11,1.8455284552845528,1,1.0,2.0,5.0,11.0,18.0,88,8.601626016260163
59,Juniperus coahuilensis,Juniperus coahuilensis,redberry juniper,species,1,NA_NOT_AVAILABLE_IN_FROZEN_REF_SPECIES,1,50,115725,227,1058,2970,66,57920,57805,117,110,2846,2830,51,48,33,18,15,0.5,0.9411764705882353,1.0625,0.9401709401709402,1.0636363636363637,0.3939393939393939,9,0.4393939393939394,1484.082207965583,9,0.49019607843137253,1442.2205101855957,9,0.4791666666666667,1408.9002803605372,CONTINUOUS_METRICS_ONLY_NO_FINAL_RULE,1.0,AVAILABLE_IN_FIADB_NOT_APPLIED; EVALID_LINKAGE_REQUIRED_FOR_FORMAL_ESTIMATION,0,1,1,1.0,1.0,2.0,4.0,7.5,23,3.4393939393939394,1,1.0,2.0,10.0,20.0,39.0,145,16.03030303030303
59,Juniperus coahuilensis,Juniperus coahuilensis,redberry juniper,species,1,NA_NOT_AVAILABLE_IN_FROZEN_REF_SPECIES,1,75,115725,227,1058,1441,47,57920,57805,117,110,1411,1397,39,36,28,11,8,0.5957446808510638,0.9230769230769231,1.0833333333333333,0.9401709401709402,1.0636363636363637,0.3191489361702128,5,0.48936170212765956,1518.634254848744,6,0.48717948717948717,1456.23658792107,5,0.5,1442.6538046253509,CONTINUOUS_METRICS_ONLY_NO_FINAL_RULE,1.0,AVAILABLE_IN_FIADB_NOT_APPLIED; EVALID_LINKAGE_REQUIRED_FOR_FORMAL_ESTIMATION,0,1,1,1.0,1.0,2.0,6.0,10.399999999999999,32,4.829787234042553,1,1.0,3.0,13.0,29.0,43.0,185,22.51063829787234
60,Juniperus flaccida,Juniperus flaccida,Drooping juniper,species,1,NA_NOT_AVAILABLE_IN_FROZEN_REF_SPECIES,1,25,115725,1,1,10051,1,57920,57805,1,0,9235,9171,1,0,0,1,0,0.0,0.0,,0.0,,1.0,1,1.0,0.0,1,1.0,0.0,0,,,CONTINUOUS_METRICS_ONLY_NO_FINAL_RULE,1.0,AVAILABLE_IN_FIADB_NOT_APPLIED; EVALID_LINKAGE_REQUIRED_FOR_FORMAL_ESTIMATION,1,1,1,1.0,1.0,1.0,1.0,1.0,1,1.0,1,1.0,1.0,1.0,1.0,1.0,1,1.0
60,Juniperus flaccida,Juniperus flaccida,Drooping juniper,species,1,NA_NOT_AVAILABLE_IN_FROZEN_REF_SPECIES,1,50,115725,1,1,2970,1,57920,57805,1,0,2846,2830,1,0,0,1,0,0.0,0.0,,0.0,,1.0,1,1.0,0.0,1,1.0,0.0,0,,,CONTINUOUS_METRICS_ONLY_NO_FINAL_RULE,1.0,AVAILABLE_IN_FIADB_NOT_APPLIED; EVALID_LINKAGE_REQUIRED_FOR_FORMAL_ESTIMATION,1,1,1,1.0,1.0,1.0,1.0,1.0,1,1.0,1,1.0,1.0,1.0,1.0,1.0,1,1.0
60,Juniperus flaccida,Juniperus flaccida,Drooping juniper,species,1,NA_NOT_AVAILABLE_IN_FROZEN_REF_SPECIES,1,75,115725,1,1,1441,1,57920,57805,1,0,1411,1397,1,0,0,1,0,0.0,0.0,,0.0,,1.0,1,1.0,0.0,1,1.0,0.0,0,,,CONTINUOUS_METRICS_ONLY_NO_FINAL_RULE,1.0,AVAILABLE_IN_FIADB_NOT_APPLIED; EVALID_LINKAGE_REQUIRED_FOR_FORMAL_ESTIMATION,1,1,1,1.0,1.0,1.0,1.0,1.0,1,1.0,1,1.0,1.0,1.0,1.0,1.0,1,1.0
61,Juniperus ashei,Juniperus ashei,Ashe juniper,species,1,NA_NOT_AVAILABLE_IN_FROZEN_REF_SPECIES,1,25,115725,880,10774,10051,230,57920,57805,429,451,9235,9171,177,187,134,43,53,0.5826086956521739,0.946524064171123,0.946524064171123,0.9512195121951219,0.9512195121951219,0.30434782608695654,17,0.8565217391304348,1320.0378782444086,22,0.8192090395480226,1320.0378782444086,19,0.7967914438502673,1265.1580928879994,CONTINUOUS_METRICS_ONLY_NO_FINAL_RULE,1.0,AVAILABLE_IN_FIADB_NOT_APPLIED; EVALID_LINKAGE_REQUIRED_FOR_FORMAL_ESTIMATION,0,1,1,1.0,1.0,3.0,6.0,8.0,13,3.8260869565217392,1,2.0,7.0,27.0,67.0,125.19999999999999,284,46.84347826086957
61,Juniperus ashei,Juniperus ashei,Ashe juniper,species,1,NA_NOT_AVAILABLE_IN_FROZEN_REF_SPECIES,1,50,115725,880,10774,2970,89,57920,57805,429,451,2846,2830,72,80,63,9,17,0.7078651685393258,0.9,0.9,0.9512195121951219,0.9512195121951219,0.2247191011235955,10,0.7752808988764045,1320.0378782444086,9,0.8194444444444444,1320.0378782444086,11,0.8,1250.0,CONTINUOUS_METRICS_ONLY_NO_FINAL_RULE,1.0,AVAILABLE_IN_FIADB_NOT_APPLIED; EVALID_LINKAGE_REQUIRED_FOR_FORMAL_ESTIMATION,0,1,1,1.0,2.0,6.0,16.0,27.0,36,9.887640449438202,1,3.8000000000000007,18.0,47.0,168.0,393.6,621,121.0561797752809
61,Juniperus ashei,Juniperus ashei,Ashe juniper,species,1,NA_NOT_AVAILABLE_IN_FROZEN_REF_SPECIES,1,75,115725,880,10774,1441,52,57920,57805,429,451,1411,1397,43,49,40,3,9,0.7692307692307693,0.8775510204081632,0.8775510204081632,0.9512195121951219,0.9512195121951219,0.19230769230769232,4,0.8269230769230769,1335.3370361073644,6,0.7441860465116279,1335.3370361073644,3,0.8571428571428571,1230.0914600142546,CONTINUOUS_METRICS_ONLY_NO_FINAL_RULE,1.0,AVAILABLE_IN_FIADB_NOT_APPLIED; EVALID_LINKAGE_REQUIRED_FOR_FORMAL_ESTIMATION,0,1,1,1.0,2.0,5.5,29.75,42.8,79,16.923076923076923,1,2.200000000000001,18.75,91.5,294.5,634.9999999999999,957,207.19230769230768
62,Juniperus californica,Juniperus californica,California juniper,species,1,NA_NOT_AVAILABLE_IN_FROZEN_REF_SPECIES,1,25,115725,58,300,10051,37,57920,57805,34,24,9235,9171,26,20,9,17,11,0.24324324324324326,0.7692307692307693,1.3,0.7058823529411765,1.4166666666666667,0.6756756756756757,16,0.1891891891891892,1009.0218035305282,16,0.11538461538461539,1009.0218035305282,14,0.25,849.2643875731515,CONTINUOUS_METRICS_ONLY_NO_FINAL_RULE,1.0,AVAILABLE_IN_FIADB_NOT_APPLIED; EVALID_LINKAGE_REQUIRED_FOR_FORMAL_ESTIMATION,0,1,1,1.0,1.0,1.0,2.0,2.0,7,1.5675675675675675,1,1.0,3.0,5.0,10.0,17.4,46,8.108108108108109
62,Juniperus californica,Juniperus californica,California juniper,species,1,NA_NOT_AVAILABLE_IN_FROZEN_REF_SPECIES,1,50,115725,58,300,2970,24,57920,57805,34,24,2846,2830,19,16,11,8,5,0.4583333333333333,0.8421052631578947,1.1875,0.7058823529411765,1.4166666666666667,0.4166666666666667,8,0.4166666666666667,992.4716620639604,8,0.42105263157894735,992.4716620639604,8,0.4375,813.9410298049853,CONTINUOUS_METRICS_ONLY_NO_FINAL_RULE,1.0,AVAILABLE_IN_FIADB_NOT_APPLIED; EVALID_LINKAGE_REQUIRED_FOR_FORMAL_ESTIMATION,0,1,1,1.0,1.0,2.0,3.0,4.0,8,2.4166666666666665,1,3.0,3.0,9.0,17.25,19.7,62,12.5
62,Juniperus californica,Juniperus californica,California juniper,species,1,NA_NOT_AVAILABLE_IN_FROZEN_REF_SPECIES,1,75,115725,58,300,1441,19,57920,57805,34,24,1411,1397,16,13,10,6,3,0.5263157894736842,0.8125,1.2307692307692308,0.7058823529411765,1.4166666666666667,0.3157894736842105,6,0.42105263157894735,1009.0218035305282,9,0.3125,1009.0218035305282,8,0.3076923076923077,903.1195934094222,CONTINUOUS_METRICS_ONLY_NO_FINAL_RULE,1.0,AVAILABLE_IN_FIADB_NOT_APPLIED; EVALID_LINKAGE_REQUIRED_FOR_FORMAL_ESTIMATION,0,1,1,1.0,1.0,2.0,4.0,7.0,8,3.0526315789473686,2,2.0,4.5,11.0,21.5,39.8,49,15.789473684210526
63,Juniperus deppeana,Juniperus deppeana,alligator juniper,species,1,NA_NOT_AVAILABLE_IN_FROZEN_REF_SPECIES,1,25,115725,764,3939,10051,185,57920,57805,365,399,9235,9171,143,146,104,39,42,0.5621621621621622,0.9794520547945206,0.9794520547945206,0.9147869674185464,0.9147869674185464,0.3081081081081081,24,0.6486486486486487,1113.833470497273,30,0.5314685314685315,1078.4827305061497,26,0.5753424657534246,1096.0155108391486,CONTINUOUS_METRICS_ONLY_NO_FINAL_RULE,1.0,AVAILABLE_IN_FIADB_NOT_APPLIED; EVALID_LINKAGE_REQUIRED_FOR_FORMAL_ESTIMATION,0,1,1,1.0,1.0,3.0,6.0,9.0,17,4.129729729729729,1,1.0,3.0,10.0,27.0,56.599999999999994,202,21.291891891891893
63,Juniperus deppeana,Juniperus deppeana,alligator juniper,species,1,NA_NOT_AVAILABLE_IN_FROZEN_REF_SPECIES,1,50,115725,764,3939,2970,88,57920,57805,365,399,2846,2830,77,71,60,17,11,0.6818181818181818,0.922077922077922,1.0845070422535212,0.9147869674185464,0.9147869674185464,0.22727272727272727,9,0.7727272727272727,1096.5856099730654,9,0.7792207792207793,1060.6601717798212,9,0.7323943661971831,1096.5856099730654,CONTINUOUS_METRICS_ONLY_NO_FINAL_RULE,1.0,AVAILABLE_IN_FIADB_NOT_APPLIED; EVALID_LINKAGE_REQUIRED_FOR_FORMAL_ESTIMATION,0,1,1,1.0,2.0,4.0,11.25,25.0,42,8.681818181818182,1,2.0,4.0,13.0,40.0,123.49999999999996,371,44.76136363636363
63,Juniperus deppeana,Juniperus deppeana,alligator juniper,species,1,NA_NOT_AVAILABLE_IN_FROZEN_REF_SPECIES,1,75,115725,764,3939,1441,56,57920,57805,365,399,1411,1397,48,47,39,9,8,0.6964285714285714,0.9791666666666666,1.0212765957446808,0.9147869674185464,0.9147869674185464,0.23214285714285715,5,0.9285714285714286,1114.955156048888,4,0.9375,1060.6601717798212,6,0.7659574468085106,1114.955156048888,CONTINUOUS_METRICS_ONLY_NO_FINAL_RULE,1.0,AVAILABLE_IN_FIADB_NOT_APPLIED; EVALID_LINKAGE_REQUIRED_FOR_FORMAL_ESTIMATION,0,1,1,1.0,2.0,5.0,17.0,39.0,75,13.642857142857142,1,2.0,7.0,18.0,80.5,239.0,549,70.33928571428571
64,Juniperus occidentalis,Juniperus occidentalis,western juniper,species,1,NA_NOT_AVAILABLE_IN_FROZEN_REF_SPECIES,0,25,115725,834,4700,10051,205,57920,57805,411,423,9235,9171,171,164,130,41,34,0.6341463414634146,0.9590643274853801,1.0426829268292683,0.9716312056737588,0.9716312056737588,0.28780487804878047,18,0.7219512195121951,1388.5694076998816,23,0.7485380116959064,1388.5694076998816,18,0.3902439024390244,1355.7746862956249,CONTINUOUS_METRICS_ONLY_NO_FINAL_RULE,1.0,AVAILABLE_IN_FIADB_NOT_APPLIED; EVALID_LINKAGE_REQUIRED_FOR_FORMAL_ESTIMATION,0,1,1,1.0,1.0,3.0,6.0,9.0,16,4.068292682926829,1,2.0,7.0,15.0,33.0,53.599999999999994,112,22.926829268292682
64,Juniperus occidentalis,Juniperus occidentalis,western juniper,species,1,NA_NOT_AVAILABLE_IN_FROZEN_REF_SPECIES,0,50,115725,834,4700,2970,89,57920,57805,411,423,2846,2830,78,77,66,12,11,0.7415730337078652,0.9871794871794872,1.0129870129870129,0.9716312056737588,0.9716312056737588,0.20224719101123595,6,0.898876404494382,1411.5594213493105,5,0.7435897435897436,1411.5594213493105,7,0.8701298701298701,1346.291201783626,CONTINUOUS_METRICS_ONLY_NO_FINAL_RULE,1.0,AVAILABLE_IN_FIADB_NOT_APPLIED; EVALID_LINKAGE_REQUIRED_FOR_FORMAL_ESTIMATION,0,1,1,1.0,2.0,5.0,12.0,25.200000000000003,42,9.370786516853933,1,3.8000000000000007,9.0,25.0,68.0,139.20000000000005,271,52.80898876404494
64,Juniperus occidentalis,Juniperus occidentalis,western juniper,species,1,NA_NOT_AVAILABLE_IN_FROZEN_REF_SPECIES,0,75,115725,834,4700,1441,48,57920,57805,411,423,1411,1397,44,44,40,4,4,0.8333333333333334,1.0,1.0,0.9716312056737588,0.9716312056737588,0.16666666666666666,4,0.9375,1409.1220671041951,3,0.9545454545454546,1409.1220671041951,4,0.9318181818181818,1378.8582233137677,CONTINUOUS_METRICS_ONLY_NO_FINAL_RULE,1.0,AVAILABLE_IN_FIADB_NOT_APPLIED; EVALID_LINKAGE_REQUIRED_FOR_FORMAL_ESTIMATION,0,1,1,1.0,3.0,7.0,31.25,43.60000000000001,79,17.375,1,5.1000000000000005,13.75,41.0,163.0,269.8,369,97.91666666666667
65,Juniperus osteosperma,Juniperus osteosperma,Utah juniper,species,1,NA_NOT_AVAILABLE_IN_FROZEN_REF_SPECIES,1,25,115725,3342,32310,10051,815,57920,57805,1669,1673,9235,9171,674,649,508,166,141,0.6233128834355828,0.9629080118694362,1.0385208012326657,0.9976090854751942,0.9976090854751942,0.27361963190184047,59,0.8613496932515338,1827.737672643424,64,0.8249258160237388,1789.7276329095441,54,0.7996918335901386,1827.737672643424,CONTINUOUS_METRICS_ONLY_NO_FINAL_RULE,1.0,AVAILABLE_IN_FIADB_NOT_APPLIED; EVALID_LINKAGE_REQUIRED_FOR_FORMAL_ESTIMATION,0,1,1,1.0,1.0,3.0,6.0,9.0,17,4.100613496932516,1,3.0,9.5,26.0,58.0,96.0,296,39.644171779141104
65,Juniperus osteosperma,Juniperus osteosperma,Utah juniper,species,1,NA_NOT_AVAILABLE_IN_FROZEN_REF_SPECIES,1,50,115725,3342,32310,2970,316,57920,57805,1669,1673,2846,2830,281,277,242,39,35,0.7658227848101266,0.9857651245551602,1.0144404332129964,0.9976090854751942,0.9976090854751942,0.17405063291139242,13,0.930379746835443,1843.9088914585775,15,0.9074733096085409,1806.2391868188442,19,0.8989169675090253,1843.9088914585775,CONTINUOUS_METRICS_ONLY_NO_FINAL_RULE,1.0,AVAILABLE_IN_FIADB_NOT_APPLIED; EVALID_LINKAGE_REQUIRED_FOR_FORMAL_ESTIMATION,0,1,1,1.0,3.0,7.0,16.25,25.0,46,10.575949367088608,1,5.0,18.75,62.5,153.25,258.5,713,102.24683544303798
65,Juniperus osteosperma,Juniperus osteosperma,Utah juniper,species,1,NA_NOT_AVAILABLE_IN_FROZEN_REF_SPECIES,1,75,115725,3342,32310,1441,172,57920,57805,1669,1673,1411,1397,162,152,142,20,10,0.8255813953488372,0.9382716049382716,1.0657894736842106,0.9976090854751942,0.9976090854751942,0.12209302325581395,4,0.9825581395348837,1757.306177078997,4,0.9444444444444444,1757.306177078997,5,0.9736842105263158,1757.306177078997,CONTINUOUS_METRICS_ONLY_NO_FINAL_RULE,1.0,AVAILABLE_IN_FIADB_NOT_APPLIED; EVALID_LINKAGE_REQUIRED_FOR_FORMAL_ESTIMATION,0,1,1,1.0,4.0,11.0,29.25,51.900000000000006,79,19.430232558139537,1,8.100000000000001,23.0,99.0,275.25,491.20000000000005,1001,187.84883720930233
66,Juniperus scopulorum,Juniperus scopulorum,Rocky Mountain juniper,species,1,NA_NOT_AVAILABLE_IN_FROZEN_REF_SPECIES,1,25,115725,1460,7675,10051,676,57920,57805,740,720,9235,9171,442,460,226,216,234,0.3343195266272189,0.9608695652173913,0.9608695652173913,0.972972972972973,1.0277777777777777,0.5192307692307693,116,0.15236686390532544,2487.2173206215816,139,0.06334841628959276,2180.022935659164,147,0.08695652173913043,2487.2173206215816,CONTINUOUS_METRICS_ONLY_NO_FINAL_RULE,1.0,AVAILABLE_IN_FIADB_NOT_APPLIED; EVALID_LINKAGE_REQUIRED_FOR_FORMAL_ESTIMATION,0,1,1,1.0,1.0,1.0,3.0,5.0,13,2.1597633136094676,1,1.0,2.0,6.0,15.0,28.0,96,11.353550295857989
66,Juniperus scopulorum,Juniperus scopulorum,Rocky Mountain juniper,species,1,NA_NOT_AVAILABLE_IN_FROZEN_REF_SPECIES,1,50,115725,1460,7675,2970,347,57920,57805,740,720,2846,2830,262,273,188,74,85,0.5417867435158501,0.9597069597069597,0.9597069597069597,0.972972972972973,1.0277777777777777,0.3227665706051873,27,0.43515850144092216,2490.9837414162303,38,0.4122137404580153,2180.022935659164,39,0.2857142857142857,2490.9837414162303,CONTINUOUS_METRICS_ONLY_NO_FINAL_RULE,1.0,AVAILABLE_IN_FIADB_NOT_APPLIED; EVALID_LINKAGE_REQUIRED_FOR_FORMAL_ESTIMATION,0,1,1,1.0,1.0,3.0,5.0,10.0,38,4.207492795389049,1,1.0,4.0,11.0,29.0,52.0,221,22.118155619596543
66,Juniperus scopulorum,Juniperus scopulorum,Rocky Mountain juniper,species,1,NA_NOT_AVAILABLE_IN_FROZEN_REF_SPECIES,1,75,115725,1460,7675,1441,211,57920,57805,740,720,1411,1397,178,180,147,31,33,0.6966824644549763,0.9888888888888889,0.9888888888888889,0.972972972972973,1.0277777777777777,0.20853080568720378,15,0.9146919431279621,2506.6162450602606,13,0.9101123595505618,2145.052446911264,17,0.8666666666666667,2506.6162450602606,CONTINUOUS_METRICS_ONLY_NO_FINAL_RULE,1.0,AVAILABLE_IN_FIADB_NOT_APPLIED; EVALID_LINKAGE_REQUIRED_FOR_FORMAL_ESTIMATION,0,1,1,1.0,2.0,4.0,9.0,16.0,45,6.919431279620853,1,2.0,5.5,22.0,45.5,89.0,267,36.37440758293839
67,Juniperus virginiana var. silicicola,Juniperus virginiana var. silicicola,southern redcedar,infraspecies,1,NA_NOT_AVAILABLE_IN_FROZEN_REF_SPECIES,0,25,115725,38,130,10051,29,57920,57805,15,23,9235,9171,13,19,3,10,16,0.10344827586206896,0.6842105263157895,0.6842105263157895,0.6521739130434783,0.6521739130434783,0.8275862068965517,22,0.13793103448275862,1290.5909499140307,10,0.15384615384615385,903.1195934094221,18,0.10526315789473684,1222.957480863501,CONTINUOUS_METRICS_ONLY_NO_FINAL_RULE,1.0,AVAILABLE_IN_FIADB_NOT_APPLIED; EVALID_LINKAGE_REQUIRED_FOR_FORMAL_ESTIMATION,0,1,1,1.0,1.0,1.0,1.0,2.0,4,1.3103448275862069,1,1.0,1.0,2.0,5.0,10.199999999999996,31,4.482758620689655
67,Juniperus virginiana var. silicicola,Juniperus virginiana var. silicicola,southern redcedar,infraspecies,1,NA_NOT_AVAILABLE_IN_FROZEN_REF_SPECIES,0,50,115725,38,130,2970,24,57920,57805,15,23,2846,2830,11,18,5,6,13,0.20833333333333334,0.6111111111111112,0.6111111111111112,0.6521739130434783,0.6521739130434783,0.7083333333333334,14,0.2916666666666667,1308.62523283024,8,0.2727272727272727,884.5903006477066,11,0.2777777777777778,1241.974234837422,CONTINUOUS_METRICS_ONLY_NO_FINAL_RULE,1.0,AVAILABLE_IN_FIADB_NOT_APPLIED; EVALID_LINKAGE_REQUIRED_FOR_FORMAL_ESTIMATION,0,1,1,1.0,1.0,1.0,2.0,3.6999999999999993,4,1.5833333333333333,1,1.0,2.0,2.5,5.25,13.199999999999996,31,5.416666666666667
67,Juniperus virginiana var. silicicola,Juniperus virginiana var. silicicola,southern redcedar,infraspecies,1,NA_NOT_AVAILABLE_IN_FROZEN_REF_SPECIES,0,75,115725,38,130,1441,18,57920,57805,15,23,1411,1397,10,13,5,5,8,0.2777777777777778,0.7692307692307693,0.7692307692307693,0.6521739130434783,0.6521739130434783,0.5555555555555556,8,0.3333333333333333,1272.7922061357854,6,0.3,903.1195934094222,6,0.46153846153846156,1220.911544707478,CONTINUOUS_METRICS_ONLY_NO_FINAL_RULE,1.0,AVAILABLE_IN_FIADB_NOT_APPLIED; EVALID_LINKAGE_REQUIRED_FOR_FORMAL_ESTIMATION,0,1,1,1.0,1.0,1.0,3.0,3.6000000000000014,7,2.111111111111111,1,1.0,2.0,4.0,8.25,19.200000000000003,32,7.222222222222222
68,Juniperus virginiana,Juniperus virginiana,eastern redcedar,species,1,NA_NOT_AVAILABLE_IN_FROZEN_REF_SPECIES,0,25,115725,6522,30214,10051,2268,57920,57805,3234,3288,9235,9171,1622,1662,1016,606,646,0.4479717813051146,0.9759326113116726,0.9759326113116726,0.9835766423357665,0.9835766423357665,0.4131393298059965,252,0.38668430335097004,3400.367627183861,288,0.2657213316892725,3400.367627183861,274,0.29663056558363415,3275.381657150812,CONTINUOUS_METRICS_ONLY_NO_FINAL_RULE,1.0,AVAILABLE_IN_FIADB_NOT_APPLIED; EVALID_LINKAGE_REQUIRED_FOR_FORMAL_ESTIMATION,0,1,1,1.0,1.0,2.0,4.0,6.0,25,2.875661375661376,1,1.0,2.0,5.0,15.0,35.0,359,13.321869488536155
68,Juniperus virginiana,Juniperus virginiana,eastern redcedar,species,1,NA_NOT_AVAILABLE_IN_FROZEN_REF_SPECIES,0,50,115725,6522,30214,2970,919,57920,57805,3234,3288,2846,2830,761,777,619,142,158,0.6735582154515778,0.9794079794079794,0.9794079794079794,0.9835766423357665,0.9835766423357665,0.23394994559303592,49,0.8824809575625681,3400.367627183861,51,0.8409986859395532,3400.367627183861,48,0.8867438867438867,3290.1367752724204,CONTINUOUS_METRICS_ONLY_NO_FINAL_RULE,1.0,AVAILABLE_IN_FIADB_NOT_APPLIED; EVALID_LINKAGE_REQUIRED_FOR_FORMAL_ESTIMATION,0,1,1,1.0,2.0,4.0,10.0,17.200000000000045,81,7.096844396082699,1,1.0,4.0,12.0,36.5,88.20000000000005,784,32.877040261153425
68,Juniperus virginiana,Juniperus virginiana,eastern redcedar,species,1,NA_NOT_AVAILABLE_IN_FROZEN_REF_SPECIES,0,75,115725,6522,30214,1441,502,57920,57805,3234,3288,1411,1397,441,435,374,67,61,0.7450199203187251,0.9863945578231292,1.013793103448276,0.9835766423357665,0.9835766423357665,0.15338645418326693,20,0.9302788844621513,3435.294747179636,24,0.8866213151927438,3435.294747179636,19,0.9172413793103448,3287.191050121669,CONTINUOUS_METRICS_ONLY_NO_FINAL_RULE,1.0,AVAILABLE_IN_FIADB_NOT_APPLIED; EVALID_LINKAGE_REQUIRED_FOR_FORMAL_ESTIMATION,0,1,1,1.0,2.0,6.0,17.0,36.0,124,12.99203187250996,1,2.0,6.0,21.0,66.5,166.80000000000007,1134,60.18725099601593
69,Juniperus monosperma,Juniperus monosperma,oneseed juniper,species,1,NA_NOT_AVAILABLE_IN_FROZEN_REF_SPECIES,1,25,115725,1385,10818,10051,405,57920,57805,709,676,9235,9171,330,307,232,98,75,0.5728395061728395,0.9303030303030303,1.0749185667752443,0.9534555712270804,1.0488165680473374,0.2962962962962963,26,0.7876543209876543,1352.081728298996,42,0.7696969696969697,1352.081728298996,24,0.6775244299674267,1275.9800155174846,CONTINUOUS_METRICS_ONLY_NO_FINAL_RULE,1.0,AVAILABLE_IN_FIADB_NOT_APPLIED; EVALID_LINKAGE_REQUIRED_FOR_FORMAL_ESTIMATION,0,1,1,1.0,1.0,2.0,5.0,7.0,16,3.419753086419753,1,2.0,5.0,14.0,37.0,69.60000000000002,257,26.711111111111112
69,Juniperus monosperma,Juniperus monosperma,oneseed juniper,species,1,NA_NOT_AVAILABLE_IN_FROZEN_REF_SPECIES,1,50,115725,1385,10818,2970,162,57920,57805,709,676,2846,2830,148,136,122,26,14,0.7530864197530864,0.918918918918919,1.088235294117647,0.9534555712270804,1.0488165680473374,0.14814814814814814,6,0.9506172839506173,1331.352695569435,6,0.9459459459459459,1331.352695569435,4,0.9779411764705882,1290.348790056394,CONTINUOUS_METRICS_ONLY_NO_FINAL_RULE,1.0,AVAILABLE_IN_FIADB_NOT_APPLIED; EVALID_LINKAGE_REQUIRED_FOR_FORMAL_ESTIMATION,0,1,1,1.0,2.0,6.0,12.75,19.900000000000006,45,8.549382716049383,1,3.0,9.5,37.5,100.0,180.00000000000006,434,66.77777777777777
69,Juniperus monosperma,Juniperus monosperma,oneseed juniper,species,1,NA_NOT_AVAILABLE_IN_FROZEN_REF_SPECIES,1,75,115725,1385,10818,1441,89,57920,57805,709,676,1411,1397,86,74,71,15,3,0.797752808988764,0.8604651162790697,1.162162162162162,0.9534555712270804,1.0488165680473374,0.15730337078651685,3,0.9438202247191011,1352.081728298996,3,0.9534883720930233,1352.081728298996,3,0.972972972972973,1290.348790056394,CONTINUOUS_METRICS_ONLY_NO_FINAL_RULE,1.0,AVAILABLE_IN_FIADB_NOT_APPLIED; EVALID_LINKAGE_REQUIRED_FOR_FORMAL_ESTIMATION,0,1,1,1.0,3.0,13.0,23.0,33.2,83,15.561797752808989,1,2.0,14.0,68.0,165.0,300.0000000000001,669,121.5505617977528
70,Larix spp.,Larix spp.,larch spp.,species,1,NA_NOT_AVAILABLE_IN_FROZEN_REF_SPECIES,0,25,115725,38,311,10051,33,57920,57805,18,20,9235,9171,18,20,5,13,15,0.15151515151515152,0.9,0.9,0.9,0.9,0.8484848484848485,25,0.12121212121212122,1767.0597047072292,14,0.16666666666666666,1736.5554986812256,18,0.15,1252.9964086141667,CONTINUOUS_METRICS_ONLY_NO_FINAL_RULE,1.0,AVAILABLE_IN_FIADB_NOT_APPLIED; EVALID_LINKAGE_REQUIRED_FOR_FORMAL_ESTIMATION,0,1,1,1.0,1.0,1.0,1.0,2.0,2,1.1515151515151516,1,1.0,2.0,4.0,11.0,27.6,38,9.424242424242424
70,Larix spp.,Larix spp.,larch spp.,species,1,NA_NOT_AVAILABLE_IN_FROZEN_REF_SPECIES,0,50,115725,38,311,2970,29,57920,57805,18,20,2846,2830,17,19,7,10,12,0.2413793103448276,0.8947368421052632,0.8947368421052632,0.9,0.9,0.7586206896551724,17,0.3103448275862069,1767.0597047072292,12,0.17647058823529413,1746.4249196572978,9,0.47368421052631576,1252.9964086141667,CONTINUOUS_METRICS_ONLY_NO_FINAL_RULE,1.0,AVAILABLE_IN_FIADB_NOT_APPLIED; EVALID_LINKAGE_REQUIRED_FOR_FORMAL_ESTIMATION,0,1,1,1.0,1.0,1.0,1.0,2.0,3,1.3103448275862069,1,1.0,2.0,5.0,12.0,29.199999999999996,38,10.724137931034482
70,Larix spp.,Larix spp.,larch spp.,species,1,NA_NOT_AVAILABLE_IN_FROZEN_REF_SPECIES,0,75,115725,38,311,1441,25,57920,57805,18,20,1411,1397,15,16,6,9,10,0.24,0.9375,0.9375,0.9,0.9,0.76,11,0.44,1744.4555024419512,11,0.2,1713.5489488193793,5,0.6875,1275.0,CONTINUOUS_METRICS_ONLY_NO_FINAL_RULE,1.0,AVAILABLE_IN_FIADB_NOT_APPLIED; EVALID_LINKAGE_REQUIRED_FOR_FORMAL_ESTIMATION,0,1,1,1.0,1.0,1.0,1.0,3.0,5,1.52,1,1.0,2.0,5.0,26.0,37.2,38,12.44
71,Larix laricina,Larix laricina,tamarack,species,1,NA_NOT_AVAILABLE_IN_FROZEN_REF_SPECIES,0,25,115725,1831,12399,10051,506,57920,57805,935,896,9235,9171,388,364,246,142,118,0.48616600790513836,0.9381443298969072,1.065934065934066,0.9582887700534759,1.0435267857142858,0.3715415019762846,59,0.6442687747035574,2437.467948507221,58,0.5979381443298969,2387.9907872519107,68,0.6236263736263736,2414.150989478496,CONTINUOUS_METRICS_ONLY_NO_FINAL_RULE,1.0,AVAILABLE_IN_FIADB_NOT_APPLIED; EVALID_LINKAGE_REQUIRED_FOR_FORMAL_ESTIMATION,0,1,1,1.0,1.0,2.0,5.0,8.5,31,3.6185770750988144,1,1.0,3.0,10.0,28.0,64.0,403,24.50395256916996
71,Larix laricina,Larix laricina,tamarack,species,1,NA_NOT_AVAILABLE_IN_FROZEN_REF_SPECIES,0,50,115725,1831,12399,2970,214,57920,57805,935,896,2846,2830,175,172,133,42,39,0.6214953271028038,0.9828571428571429,1.0174418604651163,0.9582887700534759,1.0435267857142858,0.2570093457943925,20,0.5981308411214953,2452.039967047846,14,0.6628571428571428,2387.9907872519107,22,0.6162790697674418,2405.202694161139,CONTINUOUS_METRICS_ONLY_NO_FINAL_RULE,1.0,AVAILABLE_IN_FIADB_NOT_APPLIED; EVALID_LINKAGE_REQUIRED_FOR_FORMAL_ESTIMATION,0,1,1,1.0,1.0,4.0,10.75,23.700000000000017,70,8.55607476635514,1,1.0,4.0,17.0,65.5,157.10000000000022,680,57.9392523364486
71,Larix laricina,Larix laricina,tamarack,species,1,NA_NOT_AVAILABLE_IN_FROZEN_REF_SPECIES,0,75,115725,1831,12399,1441,121,57920,57805,935,896,1411,1397,100,104,83,17,21,0.6859504132231405,0.9615384615384616,0.9615384615384616,0.9582887700534759,1.0435267857142858,0.21487603305785125,8,0.6198347107438017,2467.0326305097788,12,0.63,2371.7082451262845,7,0.625,2396.4817963005685,CONTINUOUS_METRICS_ONLY_NO_FINAL_RULE,1.0,AVAILABLE_IN_FIADB_NOT_APPLIED; EVALID_LINKAGE_REQUIRED_FOR_FORMAL_ESTIMATION,0,1,1,1.0,2.0,6.0,16.0,46.0,139,15.132231404958677,1,2.0,5.0,33.0,85.0,338.0,1549,102.47107438016529
72,Larix lyallii,Larix lyallii,subalpine larch,species,1,NA_NOT_AVAILABLE_IN_FROZEN_REF_SPECIES,0,25,115725,37,243,10051,19,57920,57805,20,17,9235,9171,12,13,6,6,7,0.3157894736842105,0.9230769230769231,0.9230769230769231,0.85,1.1764705882352942,0.5789473684210527,9,0.47368421052631576,710.6335201775947,7,0.5,665.6763477847174,4,0.6923076923076923,654.31261641512,CONTINUOUS_METRICS_ONLY_NO_FINAL_RULE,1.0,AVAILABLE_IN_FIADB_NOT_APPLIED; EVALID_LINKAGE_REQUIRED_FOR_FORMAL_ESTIMATION,0,1,1,1.0,1.0,1.0,2.5,4.199999999999999,5,1.9473684210526316,1,1.0,3.0,7.0,14.0,38.599999999999994,60,12.789473684210526
72,Larix lyallii,Larix lyallii,subalpine larch,species,1,NA_NOT_AVAILABLE_IN_FROZEN_REF_SPECIES,0,50,115725,37,243,2970,14,57920,57805,20,17,2846,2830,9,9,4,5,5,0.2857142857142857,1.0,1.0,0.85,1.1764705882352942,0.5714285714285714,7,0.35714285714285715,710.6335201775947,7,0.3333333333333333,680.0735254367722,3,0.5555555555555556,636.3961030678928,CONTINUOUS_METRICS_ONLY_NO_FINAL_RULE,1.0,AVAILABLE_IN_FIADB_NOT_APPLIED; EVALID_LINKAGE_REQUIRED_FOR_FORMAL_ESTIMATION,0,1,1,1.0,1.0,1.0,2.0,7.500000000000005,10,2.642857142857143,1,1.3,3.0,6.5,12.0,57.90000000000006,94,17.357142857142858
72,Larix lyallii,Larix lyallii,subalpine larch,species,1,NA_NOT_AVAILABLE_IN_FROZEN_REF_SPECIES,0,75,115725,37,243,1441,10,57920,57805,20,17,1411,1397,7,6,3,4,3,0.3,0.8571428571428571,1.1666666666666667,0.85,1.1764705882352942,0.5,5,0.4,691.4658342969665,5,0.42857142857142855,645.174395028197,3,0.5,636.3961030678927,CONTINUOUS_METRICS_ONLY_NO_FINAL_RULE,1.0,AVAILABLE_IN_FIADB_NOT_APPLIED; EVALID_LINKAGE_REQUIRED_FOR_FORMAL_ESTIMATION,0,1,1,1.0,1.0,2.0,3.0,8.699999999999998,15,3.7,1,2.8000000000000003,3.75,8.5,13.0,45.09999999999995,154,24.3
73,Larix occidentalis,Larix occidentalis,western larch,species,1,NA_NOT_AVAILABLE_IN_FROZEN_REF_SPECIES,0,25,115725,1549,6788,10051,277,57920,57805,802,747,9235,9171,240,238,201,39,37,0.7256317689530686,0.9916666666666667,1.0084033613445378,0.9314214463840399,1.073627844712182,0.19855595667870035,8,0.8700361010830325,910.0137361600648,23,0.6416666666666667,910.0137361600648,12,0.6092436974789915,895.1256894984078,CONTINUOUS_METRICS_ONLY_NO_FINAL_RULE,1.0,AVAILABLE_IN_FIADB_NOT_APPLIED; EVALID_LINKAGE_REQUIRED_FOR_FORMAL_ESTIMATION,0,1,1,1.0,2.0,4.0,8.0,12.0,25,5.592057761732852,1,2.0,4.0,14.0,36.0,60.400000000000006,166,24.505415162454874
73,Larix occidentalis,Larix occidentalis,western larch,species,1,NA_NOT_AVAILABLE_IN_FROZEN_REF_SPECIES,0,50,115725,1549,6788,2970,96,57920,57805,802,747,2846,2830,91,89,84,7,5,0.875,0.978021978021978,1.0224719101123596,0.9314214463840399,1.073627844712182,0.08333333333333333,2,0.8541666666666666,930.0537618869138,3,0.8681318681318682,930.0537618869138,2,0.8539325842696629,901.3878188659974,CONTINUOUS_METRICS_ONLY_NO_FINAL_RULE,1.0,AVAILABLE_IN_FIADB_NOT_APPLIED; EVALID_LINKAGE_REQUIRED_FOR_FORMAL_ESTIMATION,0,1,1,2.0,5.0,13.5,22.25,34.5,69,16.135416666666668,1,4.0,12.75,47.0,99.5,158.5,473,70.70833333333333
73,Larix occidentalis,Larix occidentalis,western larch,species,1,NA_NOT_AVAILABLE_IN_FROZEN_REF_SPECIES,0,75,115725,1549,6788,1441,55,57920,57805,802,747,1411,1397,54,51,50,4,1,0.9090909090909091,0.9444444444444444,1.0588235294117647,0.9314214463840399,1.073627844712182,0.07272727272727272,1,1.0,855.1315688243534,1,1.0,855.1315688243534,1,1.0,855.1315688243534,CONTINUOUS_METRICS_ONLY_NO_FINAL_RULE,1.0,AVAILABLE_IN_FIADB_NOT_APPLIED; EVALID_LINKAGE_REQUIRED_FOR_FORMAL_ESTIMATION,0,1,1,2.0,6.0,21.0,40.0,62.800000000000004,127,28.163636363636364,1,4.4,12.0,69.0,198.0,267.6,747,123.41818181818182
81,Calocedrus decurrens,Calocedrus decurrens,incense-cedar,species,1,NA_NOT_AVAILABLE_IN_FROZEN_REF_SPECIES,0,25,115725,997,5615,10051,208,57920,57805,486,511,9235,9171,171,171,134,37,37,0.6442307692307693,1.0,1.0,0.9510763209393346,0.9510763209393346,0.20192307692307693,8,0.9230769230769231,1312.4404748406687,13,0.8304093567251462,1123.05387226081,10,0.6140350877192983,1288.6523968859872,CONTINUOUS_METRICS_ONLY_NO_FINAL_RULE,1.0,AVAILABLE_IN_FIADB_NOT_APPLIED; EVALID_LINKAGE_REQUIRED_FOR_FORMAL_ESTIMATION,0,1,1,1.0,2.0,4.0,7.0,10.0,24,4.793269230769231,1,2.0,6.0,15.0,37.0,64.90000000000003,172,26.995192307692307
81,Calocedrus decurrens,Calocedrus decurrens,incense-cedar,species,1,NA_NOT_AVAILABLE_IN_FROZEN_REF_SPECIES,0,50,115725,997,5615,2970,83,57920,57805,486,511,2846,2830,75,73,65,10,8,0.7831325301204819,0.9733333333333334,1.0273972602739727,0.9510763209393346,0.9510763209393346,0.1686746987951807,2,0.9879518072289156,1312.4404748406687,2,0.9866666666666667,1140.175425099138,2,0.9863013698630136,1264.9110640673518,CONTINUOUS_METRICS_ONLY_NO_FINAL_RULE,1.0,AVAILABLE_IN_FIADB_NOT_APPLIED; EVALID_LINKAGE_REQUIRED_FOR_FORMAL_ESTIMATION,0,1,1,1.0,3.0,7.0,17.5,26.799999999999997,79,12.012048192771084,1,3.0,13.5,34.0,92.0,163.0,431,67.65060240963855
81,Calocedrus decurrens,Calocedrus decurrens,incense-cedar,species,1,NA_NOT_AVAILABLE_IN_FROZEN_REF_SPECIES,0,75,115725,997,5615,1441,45,57920,57805,486,511,1411,1397,43,41,39,4,2,0.8666666666666667,0.9534883720930233,1.048780487804878,0.9510763209393346,0.9510763209393346,0.044444444444444446,2,0.9777777777777777,1329.0033860002013,1,1.0,1164.3131022195018,2,0.975609756097561,1257.229096068016,CONTINUOUS_METRICS_ONLY_NO_FINAL_RULE,1.0,AVAILABLE_IN_FIADB_NOT_APPLIED; EVALID_LINKAGE_REQUIRED_FOR_FORMAL_ESTIMATION,0,1,1,2.0,5.0,12.0,33.0,50.40000000000001,134,22.155555555555555,2,8.4,21.0,87.0,181.0,292.0,622,124.77777777777777
91,Picea abies,Picea abies,Norway spruce,species,1,NA_NOT_AVAILABLE_IN_FROZEN_REF_SPECIES,0,25,115725,231,1741,10051,193,57920,57805,111,120,9235,9171,104,105,16,88,89,0.08290155440414508,0.9904761904761905,0.9904761904761905,0.925,0.925,0.844559585492228,121,0.08808290155440414,2380.2573390287025,79,0.0673076923076923,2229.6300141503298,83,0.0761904761904762,2340.0053418742446,CONTINUOUS_METRICS_ONLY_NO_FINAL_RULE,1.0,AVAILABLE_IN_FIADB_NOT_APPLIED; EVALID_LINKAGE_REQUIRED_FOR_FORMAL_ESTIMATION,0,1,1,1.0,1.0,1.0,1.0,2.0,5,1.1968911917098446,1,1.0,2.0,4.0,11.0,20.0,77,9.020725388601036
91,Picea abies,Picea abies,Norway spruce,species,1,NA_NOT_AVAILABLE_IN_FROZEN_REF_SPECIES,0,50,115725,231,1741,2970,146,57920,57805,111,120,2846,2830,87,90,31,56,59,0.21232876712328766,0.9666666666666667,0.9666666666666667,0.925,0.925,0.7123287671232876,39,0.4452054794520548,2400.520776831561,41,0.25287356321839083,2263.8462845343543,41,0.2,2320.0215516240364,CONTINUOUS_METRICS_ONLY_NO_FINAL_RULE,1.0,AVAILABLE_IN_FIADB_NOT_APPLIED; EVALID_LINKAGE_REQUIRED_FOR_FORMAL_ESTIMATION,0,1,1,1.0,1.0,1.0,2.0,3.0,9,1.582191780821918,1,1.0,2.0,6.0,14.75,31.0,77,11.924657534246576
91,Picea abies,Picea abies,Norway spruce,species,1,NA_NOT_AVAILABLE_IN_FROZEN_REF_SPECIES,0,75,115725,231,1741,1441,102,57920,57805,111,120,1411,1397,72,68,38,34,30,0.37254901960784315,0.9444444444444444,1.0588235294117647,0.925,0.925,0.5294117647058824,19,0.5686274509803921,2355.0477702161375,19,0.5833333333333334,2186.6069605669877,23,0.5,2355.0477702161375,CONTINUOUS_METRICS_ONLY_NO_FINAL_RULE,1.0,AVAILABLE_IN_FIADB_NOT_APPLIED; EVALID_LINKAGE_REQUIRED_FOR_FORMAL_ESTIMATION,0,1,1,1.0,1.0,1.0,3.0,4.900000000000006,14,2.264705882352941,1,1.0,2.0,7.5,23.0,44.900000000000006,155,17.068627450980394
92,Picea breweriana,Picea breweriana,Brewer spruce,species,1,NA_NOT_AVAILABLE_IN_FROZEN_REF_SPECIES,0,25,115725,3,22,10051,2,57920,57805,1,2,9235,9171,1,2,1,0,1,0.5,0.5,0.5,0.5,0.5,0.5,2,0.5,125.0,1,1.0,0.0,2,0.5,125.0,CONTINUOUS_METRICS_ONLY_NO_FINAL_RULE,1.0,AVAILABLE_IN_FIADB_NOT_APPLIED; EVALID_LINKAGE_REQUIRED_FOR_FORMAL_ESTIMATION,1,1,1,1.1,1.25,1.5,1.75,1.9,2,1.5,9,9.4,10.0,11.0,12.0,12.600000000000001,13,11.0
92,Picea breweriana,Picea breweriana,Brewer spruce,species,1,NA_NOT_AVAILABLE_IN_FROZEN_REF_SPECIES,0,50,115725,3,22,2970,2,57920,57805,1,2,2846,2830,1,2,1,0,1,0.5,0.5,0.5,0.5,0.5,0.5,2,0.5,100.0,1,1.0,0.0,2,0.5,100.0,CONTINUOUS_METRICS_ONLY_NO_FINAL_RULE,1.0,AVAILABLE_IN_FIADB_NOT_APPLIED; EVALID_LINKAGE_REQUIRED_FOR_FORMAL_ESTIMATION,1,1,1,1.1,1.25,1.5,1.75,1.9,2,1.5,9,9.4,10.0,11.0,12.0,12.600000000000001,13,11.0
92,Picea breweriana,Picea breweriana,Brewer spruce,species,1,NA_NOT_AVAILABLE_IN_FROZEN_REF_SPECIES,0,75,115725,3,22,1441,2,57920,57805,1,2,1411,1397,1,2,1,0,1,0.5,0.5,0.5,0.5,0.5,0.5,2,0.5,150.0,1,1.0,0.0,2,0.5,150.0,CONTINUOUS_METRICS_ONLY_NO_FINAL_RULE,1.0,AVAILABLE_IN_FIADB_NOT_APPLIED; EVALID_LINKAGE_REQUIRED_FOR_FORMAL_ESTIMATION,1,1,1,1.1,1.25,1.5,1.75,1.9,2,1.5,9,9.4,10.0,11.0,12.0,12.600000000000001,13,11.0
93,Picea engelmannii,Picea engelmannii,Engelmann spruce,species,1,NA_NOT_AVAILABLE_IN_FROZEN_REF_SPECIES,0,25,115725,3124,24765,10051,766,57920,57805,1545,1579,9235,9171,609,614,457,152,157,0.5966057441253264,0.99185667752443,0.99185667752443,0.9784673844205193,0.9784673844205193,0.2597911227154047,49,0.40992167101827676,2430.0205760445733,67,0.2315270935960591,2290.196498119757,66,0.2182410423452769,2430.0205760445733,CONTINUOUS_METRICS_ONLY_NO_FINAL_RULE,1.0,AVAILABLE_IN_FIADB_NOT_APPLIED; EVALID_LINKAGE_REQUIRED_FOR_FORMAL_ESTIMATION,0,1,1,1.0,1.0,3.0,6.0,9.0,20,4.078328981723238,1,2.0,6.0,18.0,42.0,81.5,252,32.33028720626632
93,Picea engelmannii,Picea engelmannii,Engelmann spruce,species,1,NA_NOT_AVAILABLE_IN_FROZEN_REF_SPECIES,0,50,115725,3124,24765,2970,314,57920,57805,1545,1579,2846,2830,275,280,241,34,39,0.767515923566879,0.9821428571428571,0.9821428571428571,0.9784673844205193,0.9784673844205193,0.17834394904458598,18,0.6369426751592356,2430.0205760445733,15,0.610909090909091,2290.196498119757,20,0.5464285714285714,2430.0205760445733,CONTINUOUS_METRICS_ONLY_NO_FINAL_RULE,1.0,AVAILABLE_IN_FIADB_NOT_APPLIED; EVALID_LINKAGE_REQUIRED_FOR_FORMAL_ESTIMATION,0,1,1,1.0,3.0,7.0,16.0,25.0,45,9.949044585987261,1,2.0,14.0,44.0,111.75,195.09999999999997,725,78.86942675159236
93,Picea engelmannii,Picea engelmannii,Engelmann spruce,species,1,NA_NOT_AVAILABLE_IN_FROZEN_REF_SPECIES,0,75,115725,3124,24765,1441,174,57920,57805,1545,1579,1411,1397,151,167,144,7,23,0.8275862068965517,0.9041916167664671,0.9041916167664671,0.9784673844205193,0.9784673844205193,0.13793103448275862,14,0.6436781609195402,2415.186328215693,13,0.609271523178808,2310.4382701124046,12,0.6646706586826348,2415.186328215693,CONTINUOUS_METRICS_ONLY_NO_FINAL_RULE,1.0,AVAILABLE_IN_FIADB_NOT_APPLIED; EVALID_LINKAGE_REQUIRED_FOR_FORMAL_ESTIMATION,0,1,1,1.0,4.0,12.0,28.0,44.0,71,17.95402298850575,1,4.300000000000001,15.25,74.0,213.75,357.5000000000001,1125,142.32758620689654
94,Picea glauca,Picea glauca,white spruce,species,1,NA_NOT_AVAILABLE_IN_FROZEN_REF_SPECIES,0,25,115725,2717,9727,10051,629,57920,57805,1358,1359,9235,9171,484,510,365,119,145,0.5802861685214626,0.9490196078431372,0.9490196078431372,0.9992641648270787,0.9992641648270787,0.31319554848966613,79,0.5802861685214626,3789.623991902099,61,0.5950413223140496,3717.6941778473383,68,0.48823529411764705,3765.3851064665355,CONTINUOUS_METRICS_ONLY_NO_FINAL_RULE,1.0,AVAILABLE_IN_FIADB_NOT_APPLIED; EVALID_LINKAGE_REQUIRED_FOR_FORMAL_ESTIMATION,0,1,1,1.0,1.0,3.0,6.0,9.0,26,4.319554848966614,1,1.0,3.0,9.0,20.0,35.0,185,15.46422893481717
94,Picea glauca,Picea glauca,white spruce,species,1,NA_NOT_AVAILABLE_IN_FROZEN_REF_SPECIES,0,50,115725,2717,9727,2970,255,57920,57805,1358,1359,2846,2830,199,224,168,31,56,0.6588235294117647,0.8883928571428571,0.8883928571428571,0.9992641648270787,0.9992641648270787,0.26666666666666666,24,0.5882352941176471,3820.0130889828115,23,0.5829145728643216,3736.642878306676,24,0.6205357142857143,3771.604433129222,CONTINUOUS_METRICS_ONLY_NO_FINAL_RULE,1.0,AVAILABLE_IN_FIADB_NOT_APPLIED; EVALID_LINKAGE_REQUIRED_FOR_FORMAL_ESTIMATION,0,1,1,1.0,1.0,5.0,15.0,29.0,67,10.654901960784313,1,2.0,5.0,20.0,50.5,99.6,480,38.14509803921569
94,Picea glauca,Picea glauca,white spruce,species,1,NA_NOT_AVAILABLE_IN_FROZEN_REF_SPECIES,0,75,115725,2717,9727,1441,150,57920,57805,1358,1359,1411,1397,123,135,108,15,27,0.72,0.9111111111111111,0.9111111111111111,0.9992641648270787,0.9992641648270787,0.18666666666666668,9,0.5933333333333334,3802.137556690973,9,0.6178861788617886,3766.4638588469156,9,0.6148148148148148,3729.695027746907,CONTINUOUS_METRICS_ONLY_NO_FINAL_RULE,1.0,AVAILABLE_IN_FIADB_NOT_APPLIED; EVALID_LINKAGE_REQUIRED_FOR_FORMAL_ESTIMATION,0,1,1,1.0,2.0,6.0,27.75,57.099999999999994,98,18.113333333333333,1,2.0,6.25,31.0,89.5,167.0,492,64.84666666666666
95,Picea mariana,Picea mariana,black spruce,species,1,NA_NOT_AVAILABLE_IN_FROZEN_REF_SPECIES,0,25,115725,2325,20007,10051,447,57920,57805,1182,1143,9235,9171,361,354,268,93,86,0.5995525727069351,0.9806094182825484,1.0197740112994351,0.9670050761421319,1.0341207349081365,0.28859060402684567,32,0.6733780760626398,2332.514737359659,33,0.6398891966759003,2332.514737359659,30,0.6751412429378532,2311.114449783913,CONTINUOUS_METRICS_ONLY_NO_FINAL_RULE,1.0,AVAILABLE_IN_FIADB_NOT_APPLIED; EVALID_LINKAGE_REQUIRED_FOR_FORMAL_ESTIMATION,0,1,1,1.0,1.0,3.0,7.0,13.0,37,5.201342281879195,1,2.0,6.0,21.0,51.5,118.40000000000003,527,44.758389261744966
95,Picea mariana,Picea mariana,black spruce,species,1,NA_NOT_AVAILABLE_IN_FROZEN_REF_SPECIES,0,50,115725,2325,20007,2970,167,57920,57805,1182,1143,2846,2830,147,142,122,25,20,0.7305389221556886,0.9659863945578231,1.0352112676056338,0.9670050761421319,1.0341207349081365,0.18562874251497005,9,0.7005988023952096,2308.679276123039,8,0.7210884353741497,2308.679276123039,9,0.7112676056338029,2280.350850198276,CONTINUOUS_METRICS_ONLY_NO_FINAL_RULE,1.0,AVAILABLE_IN_FIADB_NOT_APPLIED; EVALID_LINKAGE_REQUIRED_FOR_FORMAL_ESTIMATION,0,1,1,1.0,2.0,7.0,19.5,39.400000000000006,100,13.922155688622755,1,3.0,11.5,46.0,136.0,315.80000000000007,1345,119.80239520958084
95,Picea mariana,Picea mariana,black spruce,species,1,NA_NOT_AVAILABLE_IN_FROZEN_REF_SPECIES,0,75,115725,2325,20007,1441,95,57920,57805,1182,1143,1411,1397,83,78,66,17,12,0.6947368421052632,0.9397590361445783,1.064102564102564,0.9670050761421319,1.0341207349081365,0.18947368421052632,5,0.7052631578947368,2277.3339676033465,5,0.7710843373493976,2277.3339676033465,6,0.6923076923076923,2256.2413434736986,CONTINUOUS_METRICS_ONLY_NO_FINAL_RULE,1.0,AVAILABLE_IN_FIADB_NOT_APPLIED; EVALID_LINKAGE_REQUIRED_FOR_FORMAL_ESTIMATION,0,1,1,1.0,2.0,13.0,34.0,66.80000000000011,197,24.473684210526315,1,3.0,15.5,86.0,240.5,491.40000000000003,2226,210.6
96,Picea pungens,Picea pungens,blue spruce,species,1,NA_NOT_AVAILABLE_IN_FROZEN_REF_SPECIES,0,25,115725,175,1107,10051,125,57920,57805,86,89,9235,9171,64,79,18,46,61,0.144,0.810126582278481,0.810126582278481,0.9662921348314607,0.9662921348314607,0.76,72,0.096,3588.610455315539,41,0.09375,3500.3571246374277,57,0.0759493670886076,3570.101539172241,CONTINUOUS_METRICS_ONLY_NO_FINAL_RULE,1.0,AVAILABLE_IN_FIADB_NOT_APPLIED; EVALID_LINKAGE_REQUIRED_FOR_FORMAL_ESTIMATION,0,1,1,1.0,1.0,1.0,1.0,2.0,6,1.4,1,1.0,2.0,4.0,11.0,20.60000000000001,84,8.856
96,Picea pungens,Picea pungens,blue spruce,species,1,NA_NOT_AVAILABLE_IN_FROZEN_REF_SPECIES,0,50,115725,175,1107,2970,94,57920,57805,86,89,2846,2830,49,67,22,27,45,0.23404255319148937,0.7313432835820896,0.7313432835820896,0.9662921348314607,0.9662921348314607,0.6808510638297872,39,0.3617021276595745,3565.4592972014134,22,0.24489795918367346,3500.3571246374277,30,0.34328358208955223,3546.82957019364,CONTINUOUS_METRICS_ONLY_NO_FINAL_RULE,1.0,AVAILABLE_IN_FIADB_NOT_APPLIED; EVALID_LINKAGE_REQUIRED_FOR_FORMAL_ESTIMATION,0,1,1,1.0,1.0,1.0,2.0,4.0,12,1.8617021276595744,1,1.0,2.0,4.0,16.0,28.10000000000001,101,11.77659574468085
96,Picea pungens,Picea pungens,blue spruce,species,1,NA_NOT_AVAILABLE_IN_FROZEN_REF_SPECIES,0,75,115725,175,1107,1441,73,57920,57805,86,89,1411,1397,39,56,22,17,34,0.3013698630136986,0.6964285714285714,0.6964285714285714,0.9662921348314607,0.9662921348314607,0.6027397260273972,26,0.410958904109589,3565.459297201414,17,0.5641025641025641,3537.7429245212265,22,0.4107142857142857,3537.7429245212265,CONTINUOUS_METRICS_ONLY_NO_FINAL_RULE,1.0,AVAILABLE_IN_FIADB_NOT_APPLIED; EVALID_LINKAGE_REQUIRED_FOR_FORMAL_ESTIMATION,0,1,1,1.0,1.0,1.0,3.0,5.0,15,2.3972602739726026,1,1.0,2.0,6.0,19.0,38.599999999999994,200,15.164383561643836
97,Picea rubens,Picea rubens,red spruce,species,1,NA_NOT_AVAILABLE_IN_FROZEN_REF_SPECIES,0,25,115725,3021,22330,10051,330,57920,57805,1505,1516,9235,9171,289,296,255,34,41,0.7727272727272727,0.9763513513513513,0.9763513513513513,0.9927440633245382,0.9927440633245382,0.17272727272727273,18,0.8545454545454545,1950.1602498256393,17,0.8858131487889274,1930.0259065618782,17,0.7263513513513513,1950.1602498256393,CONTINUOUS_METRICS_ONLY_NO_FINAL_RULE,1.0,AVAILABLE_IN_FIADB_NOT_APPLIED; EVALID_LINKAGE_REQUIRED_FOR_FORMAL_ESTIMATION,0,1,1,1.0,3.0,7.0,15.0,19.0,64,9.154545454545454,1,3.0,8.25,38.0,99.75,154.20000000000005,916,67.66666666666667
97,Picea rubens,Picea rubens,red spruce,species,1,NA_NOT_AVAILABLE_IN_FROZEN_REF_SPECIES,0,50,115725,3021,22330,2970,117,57920,57805,1505,1516,2846,2830,103,109,95,8,14,0.811965811965812,0.944954128440367,0.944954128440367,0.9927440633245382,0.9927440633245382,0.13675213675213677,8,0.8205128205128205,1970.4060495238032,13,0.7766990291262136,1930.0259065618782,6,0.8623853211009175,1970.4060495238032,CONTINUOUS_METRICS_ONLY_NO_FINAL_RULE,1.0,AVAILABLE_IN_FIADB_NOT_APPLIED; EVALID_LINKAGE_REQUIRED_FOR_FORMAL_ESTIMATION,0,1,1,1.0,4.0,15.0,42.0,61.80000000000001,128,25.82051282051282,1,6.0,21.0,95.0,270.0,439.0,1482,190.85470085470087
97,Picea rubens,Picea rubens,red spruce,species,1,NA_NOT_AVAILABLE_IN_FROZEN_REF_SPECIES,0,75,115725,3021,22330,1441,70,57920,57805,1505,1516,1411,1397,61,64,55,6,9,0.7857142857142857,0.953125,0.953125,0.9927440633245382,0.9927440633245382,0.17142857142857143,5,0.8142857142857143,1980.0568173666127,5,0.819672131147541,1920.9372712298546,5,0.828125,1980.0568173666127,CONTINUOUS_METRICS_ONLY_NO_FINAL_RULE,1.0,AVAILABLE_IN_FIADB_NOT_APPLIED; EVALID_LINKAGE_REQUIRED_FOR_FORMAL_ESTIMATION,0,1,1,1.0,2.25,18.0,75.5,125.50000000000001,210,43.15714285714286,1,4.0,17.25,92.5,459.0,878.5999999999999,2477,319.0
98,Picea sitchensis,Picea sitchensis,Sitka spruce,species,1,NA_NOT_AVAILABLE_IN_FROZEN_REF_SPECIES,0,25,115725,257,1250,10051,76,57920,57805,119,138,9235,9171,54,55,33,21,22,0.4342105263157895,0.9818181818181818,0.9818181818181818,0.8623188405797102,0.8623188405797102,0.3815789473684211,13,0.631578947368421,1085.4146673046205,19,0.4444444444444444,1065.9502802663922,14,0.6545454545454545,961.7692030835672,CONTINUOUS_METRICS_ONLY_NO_FINAL_RULE,1.0,AVAILABLE_IN_FIADB_NOT_APPLIED; EVALID_LINKAGE_REQUIRED_FOR_FORMAL_ESTIMATION,0,1,1,1.0,1.0,2.0,4.0,7.0,19,3.3815789473684212,1,1.0,2.0,6.5,28.25,47.0,64,16.44736842105263
98,Picea sitchensis,Picea sitchensis,Sitka spruce,species,1,NA_NOT_AVAILABLE_IN_FROZEN_REF_SPECIES,0,50,115725,257,1250,2970,39,57920,57805,119,138,2846,2830,35,32,28,7,4,0.717948717948718,0.9142857142857143,1.09375,0.8623188405797102,0.8623188405797102,0.1794871794871795,4,0.5384615384615384,1070.0467279516347,6,0.6,1030.7764064044152,5,0.59375,961.7692030835672,CONTINUOUS_METRICS_ONLY_NO_FINAL_RULE,1.0,AVAILABLE_IN_FIADB_NOT_APPLIED; EVALID_LINKAGE_REQUIRED_FOR_FORMAL_ESTIMATION,0,1,1,1.0,2.5,4.0,8.5,12.800000000000011,43,6.589743589743589,1,1.8000000000000003,5.0,15.0,51.5,92.4,120,32.05128205128205
98,Picea sitchensis,Picea sitchensis,Sitka spruce,species,1,NA_NOT_AVAILABLE_IN_FROZEN_REF_SPECIES,0,75,115725,257,1250,1441,27,57920,57805,119,138,1411,1397,25,23,21,4,2,0.7777777777777778,0.92,1.0869565217391304,0.8623188405797102,0.8623188405797102,0.14814814814814814,2,0.9629629629629629,1065.9502802663922,3,0.92,1065.9502802663922,1,1.0,939.747306460625,CONTINUOUS_METRICS_ONLY_NO_FINAL_RULE,1.0,AVAILABLE_IN_FIADB_NOT_APPLIED; EVALID_LINKAGE_REQUIRED_FOR_FORMAL_ESTIMATION,0,1,1,1.0,2.5,6.0,13.0,16.800000000000015,59,9.518518518518519,1,2.6,7.0,22.0,71.5,105.80000000000004,214,46.2962962962963
101,Pinus albicaulis,Pinus albicaulis,whitebark pine,species,1,NA_NOT_AVAILABLE_IN_FROZEN_REF_SPECIES,0,25,115725,703,5007,10051,291,57920,57805,329,374,9235,9171,203,203,115,88,88,0.3951890034364261,1.0,1.0,0.8796791443850267,0.8796791443850267,0.4020618556701031,49,0.30927835051546393,1760.8591652940333,57,0.2857142857142857,1741.4074767267998,56,0.22167487684729065,1730.0650276795957,CONTINUOUS_METRICS_ONLY_NO_FINAL_RULE,1.0,AVAILABLE_IN_FIADB_NOT_APPLIED; EVALID_LINKAGE_REQUIRED_FOR_FORMAL_ESTIMATION,0,1,1,1.0,1.0,2.0,3.0,5.0,11,2.415807560137457,1,1.0,3.0,8.0,20.0,44.0,209,17.20618556701031
101,Pinus albicaulis,Pinus albicaulis,whitebark pine,species,1,NA_NOT_AVAILABLE_IN_FROZEN_REF_SPECIES,0,50,115725,703,5007,2970,140,57920,57805,329,374,2846,2830,117,113,90,27,23,0.6428571428571429,0.9658119658119658,1.0353982300884956,0.8796791443850267,0.8796791443850267,0.2357142857142857,16,0.5928571428571429,1780.4493814764858,21,0.5470085470085471,1741.4074767267998,15,0.6017699115044248,1750.0,CONTINUOUS_METRICS_ONLY_NO_FINAL_RULE,1.0,AVAILABLE_IN_FIADB_NOT_APPLIED; EVALID_LINKAGE_REQUIRED_FOR_FORMAL_ESTIMATION,0,1,1,1.0,2.0,3.5,7.0,12.0,22,5.021428571428571,1,2.0,5.75,16.0,47.25,83.60000000000005,326,35.76428571428571
101,Pinus albicaulis,Pinus albicaulis,whitebark pine,species,1,NA_NOT_AVAILABLE_IN_FROZEN_REF_SPECIES,0,75,115725,703,5007,1441,89,57920,57805,329,374,1411,1397,79,76,66,13,10,0.7415730337078652,0.9620253164556962,1.0394736842105263,0.8796791443850267,0.8796791443850267,0.24719101123595505,10,0.7191011235955056,1757.306177078997,10,0.7215189873417721,1757.306177078997,9,0.7236842105263158,1710.2631376487068,CONTINUOUS_METRICS_ONLY_NO_FINAL_RULE,1.0,AVAILABLE_IN_FIADB_NOT_APPLIED; EVALID_LINKAGE_REQUIRED_FOR_FORMAL_ESTIMATION,0,1,1,1.0,2.0,4.0,11.0,19.200000000000003,32,7.898876404494382,1,2.0,8.0,26.0,77.0,146.0,540,56.258426966292134
102,Pinus aristata,Pinus aristata,Rocky Mountain bristlecone pine,species,1,NA_NOT_AVAILABLE_IN_FROZEN_REF_SPECIES,0,25,115725,85,508,10051,42,57920,57805,45,40,9235,9171,29,27,14,15,13,0.3333333333333333,0.9310344827586207,1.0740740740740742,0.8888888888888888,1.125,0.5,7,0.35714285714285715,425.0,9,0.2413793103448276,425.0,11,0.3333333333333333,369.120576505835,CONTINUOUS_METRICS_ONLY_NO_FINAL_RULE,1.0,AVAILABLE_IN_FIADB_NOT_APPLIED; EVALID_LINKAGE_REQUIRED_FOR_FORMAL_ESTIMATION,0,1,1,1.0,1.0,1.5,3.0,3.8999999999999986,8,2.0238095238095237,1,1.1000000000000005,3.0,5.5,17.0,33.699999999999996,59,12.095238095238095
102,Pinus aristata,Pinus aristata,Rocky Mountain bristlecone pine,species,1,NA_NOT_AVAILABLE_IN_FROZEN_REF_SPECIES,0,50,115725,85,508,2970,21,57920,57805,45,40,2846,2830,17,19,15,2,4,0.7142857142857143,0.8947368421052632,0.8947368421052632,0.8888888888888888,1.125,0.19047619047619047,1,1.0,403.11288741492746,2,0.7647058823529411,403.11288741492746,1,1.0,360.5551275463989,CONTINUOUS_METRICS_ONLY_NO_FINAL_RULE,1.0,AVAILABLE_IN_FIADB_NOT_APPLIED; EVALID_LINKAGE_REQUIRED_FOR_FORMAL_ESTIMATION,0,1,1,1.0,2.0,3.0,5.0,8.0,14,4.0476190476190474,1,3.0,6.0,20.0,41.0,45.0,78,24.19047619047619
102,Pinus aristata,Pinus aristata,Rocky Mountain bristlecone pine,species,1,NA_NOT_AVAILABLE_IN_FROZEN_REF_SPECIES,0,75,115725,85,508,1441,14,57920,57805,45,40,1411,1397,13,13,12,1,1,0.8571428571428571,1.0,1.0,0.8888888888888888,1.125,0.14285714285714285,1,1.0,403.8873605350878,1,1.0,403.8873605350878,1,1.0,403.8873605350878,CONTINUOUS_METRICS_ONLY_NO_FINAL_RULE,1.0,AVAILABLE_IN_FIADB_NOT_APPLIED; EVALID_LINKAGE_REQUIRED_FOR_FORMAL_ESTIMATION,0,1,1,1.6,3.25,4.0,7.5,10.700000000000001,21,6.071428571428571,2,6.800000000000001,13.0,29.0,45.25,63.500000000000014,136,36.285714285714285
103,Pinus attenuata,Pinus attenuata,knobcone pine,species,1,NA_NOT_AVAILABLE_IN_FROZEN_REF_SPECIES,0,25,115725,53,214,10051,34,57920,57805,23,30,9235,9171,19,23,8,11,15,0.23529411764705882,0.8260869565217391,0.8260869565217391,0.7666666666666667,0.7666666666666667,0.6470588235294118,18,0.23529411764705882,719.8090024443984,12,0.2631578947368421,696.419413859206,17,0.2608695652173913,687.8408246098802,CONTINUOUS_METRICS_ONLY_NO_FINAL_RULE,1.0,AVAILABLE_IN_FIADB_NOT_APPLIED; EVALID_LINKAGE_REQUIRED_FOR_FORMAL_ESTIMATION,0,1,1,1.0,1.0,1.0,2.0,3.0,5,1.5588235294117647,1,1.0,1.0,3.5,8.75,12.399999999999999,30,6.294117647058823
103,Pinus attenuata,Pinus attenuata,knobcone pine,species,1,NA_NOT_AVAILABLE_IN_FROZEN_REF_SPECIES,0,50,115725,53,214,2970,22,57920,57805,23,30,2846,2830,16,17,11,5,6,0.5,0.9411764705882353,0.9411764705882353,0.7666666666666667,0.7666666666666667,0.4090909090909091,6,0.5909090909090909,696.419413859206,6,0.6875,696.419413859206,5,0.6470588235294118,696.419413859206,CONTINUOUS_METRICS_ONLY_NO_FINAL_RULE,1.0,AVAILABLE_IN_FIADB_NOT_APPLIED; EVALID_LINKAGE_REQUIRED_FOR_FORMAL_ESTIMATION,0,1,1,1.0,1.0,2.0,3.0,4.0,9,2.409090909090909,1,1.0,2.25,5.5,9.75,24.400000000000013,51,9.727272727272727
103,Pinus attenuata,Pinus attenuata,knobcone pine,species,1,NA_NOT_AVAILABLE_IN_FROZEN_REF_SPECIES,0,75,115725,53,214,1441,18,57920,57805,23,30,1411,1397,13,15,10,3,5,0.5555555555555556,0.8666666666666667,0.8666666666666667,0.7666666666666667,0.7666666666666667,0.3888888888888889,5,0.7222222222222222,738.6643351347078,6,0.6153846153846154,670.820393249937,5,0.6,711.5124735378854,CONTINUOUS_METRICS_ONLY_NO_FINAL_RULE,1.0,AVAILABLE_IN_FIADB_NOT_APPLIED; EVALID_LINKAGE_REQUIRED_FOR_FORMAL_ESTIMATION,0,1,1,1.0,1.0,2.0,4.75,5.600000000000001,9,2.9444444444444446,1,1.0,2.75,7.0,13.25,28.90000000000001,51,11.88888888888889
104,Pinus balfouriana,Pinus balfouriana,foxtail pine,species,1,NA_NOT_AVAILABLE_IN_FROZEN_REF_SPECIES,0,25,115725,15,224,10051,6,57920,57805,5,10,9235,9171,5,3,2,3,1,0.3333333333333333,0.6,1.6666666666666667,0.5,0.5,0.5,1,1.0,79.05694150420949,1,1.0,79.05694150420949,1,1.0,35.35533905932738,CONTINUOUS_METRICS_ONLY_NO_FINAL_RULE,1.0,AVAILABLE_IN_FIADB_NOT_APPLIED; EVALID_LINKAGE_REQUIRED_FOR_FORMAL_ESTIMATION,0,1,1,1.0,1.0,2.0,3.0,4.5,6,2.5,3,11.5,21.5,32.0,59.75,68.5,70,37.333333333333336
104,Pinus balfouriana,Pinus balfouriana,foxtail pine,species,1,NA_NOT_AVAILABLE_IN_FROZEN_REF_SPECIES,0,50,115725,15,224,2970,3,57920,57805,5,10,2846,2830,3,1,1,2,0,0.3333333333333333,0.3333333333333333,3.0,0.5,0.5,0.6666666666666666,1,1.0,100.0,1,1.0,100.0,1,1.0,0.0,CONTINUOUS_METRICS_ONLY_NO_FINAL_RULE,1.0,AVAILABLE_IN_FIADB_NOT_APPLIED; EVALID_LINKAGE_REQUIRED_FOR_FORMAL_ESTIMATION,1,1,1,1.0,1.0,1.0,7.0,10.6,13,5.0,3,6.4,11.5,20.0,110.5,164.8,201,74.66666666666667
104,Pinus balfouriana,Pinus balfouriana,foxtail pine,species,1,NA_NOT_AVAILABLE_IN_FROZEN_REF_SPECIES,0,75,115725,15,224,1441,2,57920,57805,5,10,1411,1397,2,2,2,0,0,1.0,1.0,1.0,0.5,0.5,0.0,1,1.0,75.0,1,1.0,75.0,1,1.0,75.0,CONTINUOUS_METRICS_ONLY_NO_FINAL_RULE,1.0,AVAILABLE_IN_FIADB_NOT_APPLIED; EVALID_LINKAGE_REQUIRED_FOR_FORMAL_ESTIMATION,0,1,5,5.5,6.25,7.5,8.75,9.5,10,7.5,84,89.60000000000001,98.0,112.0,126.0,134.4,140,112.0
105,Pinus banksiana,Pinus banksiana,jack pine,species,1,NA_NOT_AVAILABLE_IN_FROZEN_REF_SPECIES,0,25,115725,1024,8112,10051,276,57920,57805,522,502,9235,9171,206,206,136,70,70,0.4927536231884058,1.0,1.0,0.9616858237547893,1.0398406374501992,0.35144927536231885,39,0.2898550724637681,2577.3047937719743,40,0.32524271844660196,2577.3047937719743,36,0.18932038834951456,2213.5943621178653,CONTINUOUS_METRICS_ONLY_NO_FINAL_RULE,1.0,AVAILABLE_IN_FIADB_NOT_APPLIED; EVALID_LINKAGE_REQUIRED_FOR_FORMAL_ESTIMATION,0,1,1,1.0,1.0,2.0,4.25,9.0,27,3.710144927536232,1,1.0,4.0,14.0,36.25,79.5,332,29.391304347826086
105,Pinus banksiana,Pinus banksiana,jack pine,species,1,NA_NOT_AVAILABLE_IN_FROZEN_REF_SPECIES,0,50,115725,1024,8112,2970,131,57920,57805,522,502,2846,2830,110,104,83,27,21,0.6335877862595419,0.9454545454545454,1.0576923076923077,0.9616858237547893,1.0398406374501992,0.2748091603053435,14,0.7099236641221374,2577.3047937719743,11,0.5909090909090909,2577.3047937719743,11,0.5384615384615384,2213.5943621178653,CONTINUOUS_METRICS_ONLY_NO_FINAL_RULE,1.0,AVAILABLE_IN_FIADB_NOT_APPLIED; EVALID_LINKAGE_REQUIRED_FOR_FORMAL_ESTIMATION,0,1,1,1.0,1.0,4.0,10.5,20.0,56,7.816793893129771,1,1.0,5.0,27.0,87.0,172.0,669,61.9236641221374
105,Pinus banksiana,Pinus banksiana,jack pine,species,1,NA_NOT_AVAILABLE_IN_FROZEN_REF_SPECIES,0,75,115725,1024,8112,1441,82,57920,57805,522,502,1411,1397,70,69,57,13,12,0.6951219512195121,0.9857142857142858,1.0144927536231885,0.9616858237547893,1.0398406374501992,0.24390243902439024,10,0.8658536585365854,2608.8790696389133,6,0.9,2608.8790696389133,6,0.927536231884058,2205.816175477911,CONTINUOUS_METRICS_ONLY_NO_FINAL_RULE,1.0,AVAILABLE_IN_FIADB_NOT_APPLIED; EVALID_LINKAGE_REQUIRED_FOR_FORMAL_ESTIMATION,0,1,1,1.0,2.0,6.0,15.0,33.50000000000003,77,12.487804878048781,1,2.0,6.0,44.5,126.75,285.50000000000017,841,98.92682926829268
106,Pinus edulis,Pinus edulis,common or two-needle pinyon,species,1,NA_NOT_AVAILABLE_IN_FROZEN_REF_SPECIES,1,25,115725,2984,21892,10051,687,57920,57805,1502,1482,9235,9171,581,557,451,130,106,0.6564774381368268,0.9586919104991394,1.0430879712746859,0.9866844207723036,1.0134952766531713,0.21688500727802038,18,0.9621542940320232,1625.0,31,0.8812392426850258,1546.1646096066227,32,0.533213644524237,1472.4554322627223,CONTINUOUS_METRICS_ONLY_NO_FINAL_RULE,1.0,AVAILABLE_IN_FIADB_NOT_APPLIED; EVALID_LINKAGE_REQUIRED_FOR_FORMAL_ESTIMATION,0,1,1,1.0,2.0,4.0,6.0,9.0,17,4.343522561863173,1,2.0,6.0,19.0,45.5,79.0,316,31.86608442503639
106,Pinus edulis,Pinus edulis,common or two-needle pinyon,species,1,NA_NOT_AVAILABLE_IN_FROZEN_REF_SPECIES,1,50,115725,2984,21892,2970,243,57920,57805,1502,1482,2846,2830,227,224,208,19,16,0.8559670781893004,0.986784140969163,1.0133928571428572,0.9866844207723036,1.0134952766531713,0.09053497942386832,6,0.9711934156378601,1610.1242188104618,5,0.9779735682819384,1530.5227865013967,6,0.9732142857142857,1491.64338901763,CONTINUOUS_METRICS_ONLY_NO_FINAL_RULE,1.0,AVAILABLE_IN_FIADB_NOT_APPLIED; EVALID_LINKAGE_REQUIRED_FOR_FORMAL_ESTIMATION,0,1,1,2.0,5.0,9.0,19.0,26.0,45,12.279835390946502,1,5.0,20.0,52.0,137.0,231.8,501,90.09053497942386
106,Pinus edulis,Pinus edulis,common or two-needle pinyon,species,1,NA_NOT_AVAILABLE_IN_FROZEN_REF_SPECIES,1,75,115725,2984,21892,1441,130,57920,57805,1502,1482,1411,1397,124,117,111,13,6,0.8538461538461538,0.9435483870967742,1.0598290598290598,0.9866844207723036,1.0134952766531713,0.09230769230769231,3,0.9846153846153847,1605.070091927452,3,0.9838709677419355,1546.164609606623,3,0.9829059829059829,1440.702953422391,CONTINUOUS_METRICS_ONLY_NO_FINAL_RULE,1.0,AVAILABLE_IN_FIADB_NOT_APPLIED; EVALID_LINKAGE_REQUIRED_FOR_FORMAL_ESTIMATION,0,1,1,2.0,7.25,18.0,37.5,50.10000000000001,81,22.953846153846154,1,4.9,30.75,122.5,250.75,387.60000000000014,851,168.4
107,Pinus clausa,Pinus clausa,sand pine,species,1,NA_NOT_AVAILABLE_IN_FROZEN_REF_SPECIES,0,25,115725,167,2589,10051,58,57920,57805,75,92,9235,9171,34,47,23,11,24,0.39655172413793105,0.723404255319149,0.723404255319149,0.8152173913043478,0.8152173913043478,0.4827586206896552,25,0.25862068965517243,832.5412902673356,17,0.20588235294117646,813.9410298049853,22,0.2553191489361702,832.5412902673356,CONTINUOUS_METRICS_ONLY_NO_FINAL_RULE,1.0,AVAILABLE_IN_FIADB_NOT_APPLIED; EVALID_LINKAGE_REQUIRED_FOR_FORMAL_ESTIMATION,0,1,1,1.0,1.0,2.0,2.0,6.0,22,2.8793103448275863,1,1.0,2.0,9.0,46.0,116.90000000000005,436,44.63793103448276
107,Pinus clausa,Pinus clausa,sand pine,species,1,NA_NOT_AVAILABLE_IN_FROZEN_REF_SPECIES,0,50,115725,167,2589,2970,35,57920,57805,75,92,2846,2830,24,30,19,5,11,0.5428571428571428,0.8,0.8,0.8152173913043478,0.8152173913043478,0.37142857142857144,9,0.5428571428571428,851.4693182963201,7,0.2916666666666667,813.9410298049853,11,0.4,851.4693182963201,CONTINUOUS_METRICS_ONLY_NO_FINAL_RULE,1.0,AVAILABLE_IN_FIADB_NOT_APPLIED; EVALID_LINKAGE_REQUIRED_FOR_FORMAL_ESTIMATION,0,1,1,1.0,1.0,2.0,3.5,9.800000000000004,44,4.771428571428571,1,1.0,2.0,12.0,49.0,193.2000000000001,879,73.97142857142858
107,Pinus clausa,Pinus clausa,sand pine,species,1,NA_NOT_AVAILABLE_IN_FROZEN_REF_SPECIES,0,75,115725,167,2589,1441,24,57920,57805,75,92,1411,1397,17,21,14,3,7,0.5833333333333334,0.8095238095238095,0.8095238095238095,0.8152173913043478,0.8152173913043478,0.375,4,0.7916666666666666,848.5281374238571,3,0.8235294117647058,848.5281374238571,5,0.8095238095238095,848.5281374238571,CONTINUOUS_METRICS_ONLY_NO_FINAL_RULE,1.0,AVAILABLE_IN_FIADB_NOT_APPLIED; EVALID_LINKAGE_REQUIRED_FOR_FORMAL_ESTIMATION,0,1,1,1.0,1.0,2.5,5.0,10.7,66,6.958333333333333,1,1.3000000000000003,3.5,18.5,55.25,231.59999999999997,1274,107.875
108,Pinus contorta,Pinus contorta,lodgepole pine,species,1,NA_NOT_AVAILABLE_IN_FROZEN_REF_SPECIES,0,25,115725,4232,58644,10051,829,57920,57805,2129,2103,9235,9171,714,683,568,146,115,0.6851628468033776,0.9565826330532213,1.0453879941434847,0.9877876937529356,1.0123632905373277,0.2074788902291918,44,0.706875753920386,2299.1846380836837,58,0.4411764705882353,2265.2262580148586,58,0.5607613469985359,2299.1846380836837,CONTINUOUS_METRICS_ONLY_NO_FINAL_RULE,1.0,AVAILABLE_IN_FIADB_NOT_APPLIED; EVALID_LINKAGE_REQUIRED_FOR_FORMAL_ESTIMATION,0,1,1,1.0,2.0,4.0,6.0,10.0,61,5.104945717732208,1,3.0,12.0,36.0,89.0,179.20000000000005,1048,70.7406513872135
108,Pinus contorta,Pinus contorta,lodgepole pine,species,1,NA_NOT_AVAILABLE_IN_FROZEN_REF_SPECIES,0,50,115725,4232,58644,2970,329,57920,57805,2129,2103,2846,2830,293,289,253,40,36,0.7689969604863222,0.9863481228668942,1.013840830449827,0.9877876937529356,1.0123632905373277,0.15501519756838905,21,0.7537993920972644,2300.5434140654684,25,0.6757679180887372,2267.156809750927,19,0.7197231833910035,2300.5434140654684,CONTINUOUS_METRICS_ONLY_NO_FINAL_RULE,1.0,AVAILABLE_IN_FIADB_NOT_APPLIED; EVALID_LINKAGE_REQUIRED_FOR_FORMAL_ESTIMATION,0,1,1,1.0,3.0,8.0,17.0,28.0,127,12.863221884498481,1,6.0,22.0,86.0,232.0,439.4,2207,178.24924012158056
108,Pinus contorta,Pinus contorta,lodgepole pine,species,1,NA_NOT_AVAILABLE_IN_FROZEN_REF_SPECIES,0,75,115725,4232,58644,1441,181,57920,57805,2129,2103,1411,1397,172,168,159,13,9,0.8784530386740331,0.9767441860465116,1.0238095238095237,0.9877876937529356,1.0123632905373277,0.09392265193370165,10,0.9281767955801105,2281.0359488618324,10,0.9186046511627907,2229.910312097776,12,0.8214285714285714,2281.0359488618324,CONTINUOUS_METRICS_ONLY_NO_FINAL_RULE,1.0,AVAILABLE_IN_FIADB_NOT_APPLIED; EVALID_LINKAGE_REQUIRED_FOR_FORMAL_ESTIMATION,0,1,1,2.0,4.0,14.0,33.0,49.0,250,23.38121546961326,1,14.0,45.0,154.0,469.0,701.0,4332,324.0
109,Pinus coulteri,Pinus coulteri,Coulter pine,species,1,NA_NOT_AVAILABLE_IN_FROZEN_REF_SPECIES,0,25,115725,8,20,10051,7,57920,57805,5,3,9235,9171,5,3,1,4,2,0.14285714285714285,0.6,1.6666666666666667,0.6,1.6666666666666667,0.8571428571428571,7,0.14285714285714285,590.0211860602974,5,0.2,477.62432936357,3,0.3333333333333333,520.2163011671203,CONTINUOUS_METRICS_ONLY_NO_FINAL_RULE,1.0,AVAILABLE_IN_FIADB_NOT_APPLIED; EVALID_LINKAGE_REQUIRED_FOR_FORMAL_ESTIMATION,0,1,1,1.0,1.0,1.0,1.0,1.4000000000000004,2,1.1428571428571428,1,1.0,1.0,1.0,4.5,7.0,7,2.857142857142857
109,Pinus coulteri,Pinus coulteri,Coulter pine,species,1,NA_NOT_AVAILABLE_IN_FROZEN_REF_SPECIES,0,50,115725,8,20,2970,7,57920,57805,5,3,2846,2830,5,3,1,4,2,0.14285714285714285,0.6,1.6666666666666667,0.6,1.6666666666666667,0.8571428571428571,6,0.2857142857142857,570.087712549569,4,0.4,460.9772228646444,3,0.3333333333333333,500.0,CONTINUOUS_METRICS_ONLY_NO_FINAL_RULE,1.0,AVAILABLE_IN_FIADB_NOT_APPLIED; EVALID_LINKAGE_REQUIRED_FOR_FORMAL_ESTIMATION,0,1,1,1.0,1.0,1.0,1.0,1.4000000000000004,2,1.1428571428571428,1,1.0,1.0,1.0,4.5,7.0,7,2.857142857142857
109,Pinus coulteri,Pinus coulteri,Coulter pine,species,1,NA_NOT_AVAILABLE_IN_FROZEN_REF_SPECIES,0,75,115725,8,20,1441,6,57920,57805,5,3,1411,1397,4,3,1,3,2,0.16666666666666666,0.75,1.3333333333333333,0.6,1.6666666666666667,0.6666666666666666,4,0.3333333333333333,604.6693311223912,3,0.5,480.23431780746364,3,0.3333333333333333,540.8326913195983,CONTINUOUS_METRICS_ONLY_NO_FINAL_RULE,1.0,AVAILABLE_IN_FIADB_NOT_APPLIED; EVALID_LINKAGE_REQUIRED_FOR_FORMAL_ESTIMATION,0,1,1,1.0,1.0,1.0,1.75,2.0,2,1.3333333333333333,1,1.0,1.25,2.0,5.75,7.0,7,3.3333333333333335
110,Pinus echinata,Pinus echinata,shortleaf pine,species,1,NA_NOT_AVAILABLE_IN_FROZEN_REF_SPECIES,0,25,115725,4359,21020,10051,1171,57920,57805,2143,2216,9235,9171,873,899,601,272,298,0.5132365499573015,0.9710789766407119,0.9710789766407119,0.967057761732852,0.967057761732852,0.32621690862510677,71,0.5798462852263023,2290.196498119757,96,0.4833906071019473,2261.0838109190026,104,0.3581757508342603,2290.196498119757,CONTINUOUS_METRICS_ONLY_NO_FINAL_RULE,1.0,AVAILABLE_IN_FIADB_NOT_APPLIED; EVALID_LINKAGE_REQUIRED_FOR_FORMAL_ESTIMATION,0,1,1,1.0,1.0,2.0,5.0,8.0,27,3.722459436379163,1,1.0,2.0,6.0,16.0,40.0,356,17.950469684030743
110,Pinus echinata,Pinus echinata,shortleaf pine,species,1,NA_NOT_AVAILABLE_IN_FROZEN_REF_SPECIES,0,50,115725,4359,21020,2970,437,57920,57805,2143,2216,2846,2830,379,390,332,47,58,0.7597254004576659,0.9717948717948718,0.9717948717948718,0.967057761732852,0.967057761732852,0.16933638443935928,17,0.6064073226544623,2290.196498119757,14,0.5963060686015831,2261.0838109190026,17,0.6051282051282051,2290.196498119757,CONTINUOUS_METRICS_ONLY_NO_FINAL_RULE,1.0,AVAILABLE_IN_FIADB_NOT_APPLIED; EVALID_LINKAGE_REQUIRED_FOR_FORMAL_ESTIMATION,0,1,1,1.0,2.0,6.0,13.0,23.400000000000034,68,9.974828375286041,1,2.0,5.0,15.0,43.0,106.40000000000003,716,48.100686498855836
110,Pinus echinata,Pinus echinata,shortleaf pine,species,1,NA_NOT_AVAILABLE_IN_FROZEN_REF_SPECIES,0,75,115725,4359,21020,1441,236,57920,57805,2143,2216,1411,1397,210,210,184,26,26,0.7796610169491526,1.0,1.0,0.967057761732852,0.967057761732852,0.1652542372881356,3,0.9661016949152542,2310.4382701124046,4,0.9571428571428572,2267.4324686746463,8,0.9285714285714286,2310.4382701124046,CONTINUOUS_METRICS_ONLY_NO_FINAL_RULE,1.0,AVAILABLE_IN_FIADB_NOT_APPLIED; EVALID_LINKAGE_REQUIRED_FOR_FORMAL_ESTIMATION,0,1,1,1.0,3.0,10.0,26.25,44.5,136,18.470338983050848,1,2.0,7.0,26.0,78.25,203.0,1718,89.0677966101695
111,Pinus elliottii,Pinus elliottii,slash pine,species,1,NA_NOT_AVAILABLE_IN_FROZEN_REF_SPECIES,0,25,115725,2838,35258,10051,555,57920,57805,1408,1430,9235,9171,447,460,352,95,108,0.6342342342342342,0.9717391304347827,0.9717391304347827,0.9846153846153847,0.9846153846153847,0.27207207207207207,45,0.8108108108108109,2160.005787029285,38,0.7628635346756152,1941.6487838947598,40,0.7260869565217392,2160.005787029285,CONTINUOUS_METRICS_ONLY_NO_FINAL_RULE,1.0,AVAILABLE_IN_FIADB_NOT_APPLIED; EVALID_LINKAGE_REQUIRED_FOR_FORMAL_ESTIMATION,0,1,1,1.0,1.0,4.0,7.0,11.0,35,5.113513513513514,1,2.0,7.0,29.0,84.5,177.80000000000007,588,63.52792792792793
111,Pinus elliottii,Pinus elliottii,slash pine,species,1,NA_NOT_AVAILABLE_IN_FROZEN_REF_SPECIES,0,50,115725,2838,35258,2970,209,57920,57805,1408,1430,2846,2830,175,186,152,23,34,0.7272727272727273,0.9408602150537635,0.9408602150537635,0.9846153846153847,0.9846153846153847,0.17703349282296652,11,0.8373205741626795,2140.0934559032694,13,0.8342857142857143,1941.6487838947598,11,0.8333333333333334,2140.0934559032694,CONTINUOUS_METRICS_ONLY_NO_FINAL_RULE,1.0,AVAILABLE_IN_FIADB_NOT_APPLIED; EVALID_LINKAGE_REQUIRED_FOR_FORMAL_ESTIMATION,0,1,1,1.0,2.0,7.0,20.0,35.0,82,13.578947368421053,1,2.8000000000000007,12.0,62.0,217.0,475.8000000000003,1461,168.69856459330143
111,Pinus elliottii,Pinus elliottii,slash pine,species,1,NA_NOT_AVAILABLE_IN_FROZEN_REF_SPECIES,0,75,115725,2838,35258,1441,121,57920,57805,1408,1430,1411,1397,106,101,86,20,15,0.7107438016528925,0.9528301886792453,1.0495049504950495,0.9846153846153847,0.9846153846153847,0.19008264462809918,5,0.9669421487603306,2190.4622799765352,5,0.8490566037735849,1955.7607215607948,7,0.8118811881188119,2190.4622799765352,CONTINUOUS_METRICS_ONLY_NO_FINAL_RULE,1.0,AVAILABLE_IN_FIADB_NOT_APPLIED; EVALID_LINKAGE_REQUIRED_FOR_FORMAL_ESTIMATION,0,1,1,1.0,2.0,9.0,31.0,69.0,153,23.454545454545453,1,2.0,10.0,65.0,316.0,892.0,2345,291.3884297520661
112,Pinus engelmannii,Pinus engelmannii,Apache pine,species,1,NA_NOT_AVAILABLE_IN_FROZEN_REF_SPECIES,0,25,115725,2,3,10051,2,57920,57805,0,2,9235,9171,0,2,0,0,2,0.0,0.0,0.0,0.0,0.0,1.0,2,0.5,111.80339887498948,0,,,2,0.5,111.80339887498948,CONTINUOUS_METRICS_ONLY_NO_FINAL_RULE,1.0,AVAILABLE_IN_FIADB_NOT_APPLIED; EVALID_LINKAGE_REQUIRED_FOR_FORMAL_ESTIMATION,1,1,1,1.0,1.0,1.0,1.0,1.0,1,1.0,1,1.1,1.25,1.5,1.75,1.9,2,1.5
112,Pinus engelmannii,Pinus engelmannii,Apache pine,species,1,NA_NOT_AVAILABLE_IN_FROZEN_REF_SPECIES,0,50,115725,2,3,2970,2,57920,57805,0,2,2846,2830,0,2,0,0,2,0.0,0.0,0.0,0.0,0.0,1.0,2,0.5,111.80339887498948,0,,,2,0.5,111.80339887498948,CONTINUOUS_METRICS_ONLY_NO_FINAL_RULE,1.0,AVAILABLE_IN_FIADB_NOT_APPLIED; EVALID_LINKAGE_REQUIRED_FOR_FORMAL_ESTIMATION,1,1,1,1.0,1.0,1.0,1.0,1.0,1,1.0,1,1.1,1.25,1.5,1.75,1.9,2,1.5
112,Pinus engelmannii,Pinus engelmannii,Apache pine,species,1,NA_NOT_AVAILABLE_IN_FROZEN_REF_SPECIES,0,75,115725,2,3,1441,2,57920,57805,0,2,1411,1397,0,2,0,0,2,0.0,0.0,0.0,0.0,0.0,1.0,2,0.5,106.06601717798213,0,,,2,0.5,106.06601717798213,CONTINUOUS_METRICS_ONLY_NO_FINAL_RULE,1.0,AVAILABLE_IN_FIADB_NOT_APPLIED; EVALID_LINKAGE_REQUIRED_FOR_FORMAL_ESTIMATION,1,1,1,1.0,1.0,1.0,1.0,1.0,1,1.0,1,1.1,1.25,1.5,1.75,1.9,2,1.5
113,Pinus flexilis,Pinus flexilis,limber pine,species,1,NA_NOT_AVAILABLE_IN_FROZEN_REF_SPECIES,0,25,115725,582,2517,10051,326,57920,57805,287,295,9235,9171,208,205,87,121,118,0.2668711656441718,0.9855769230769231,1.0146341463414634,0.9728813559322034,0.9728813559322034,0.5797546012269938,87,0.13496932515337423,2042.2108118409324,90,0.08173076923076923,1975.6328100130347,86,0.09268292682926829,1966.1192741031762,CONTINUOUS_METRICS_ONLY_NO_FINAL_RULE,1.0,AVAILABLE_IN_FIADB_NOT_APPLIED; EVALID_LINKAGE_REQUIRED_FOR_FORMAL_ESTIMATION,0,1,1,1.0,1.0,1.0,2.0,4.0,8,1.7852760736196318,1,1.0,2.0,4.0,10.0,18.0,101,7.720858895705521
113,Pinus flexilis,Pinus flexilis,limber pine,species,1,NA_NOT_AVAILABLE_IN_FROZEN_REF_SPECIES,0,50,115725,582,2517,2970,189,57920,57805,287,295,2846,2830,140,138,89,51,49,0.4708994708994709,0.9857142857142858,1.0144927536231885,0.9728813559322034,0.9728813559322034,0.36507936507936506,29,0.7354497354497355,2022.992832414391,34,0.29285714285714287,1991.2307751739877,29,0.36231884057971014,1947.4342094150447,CONTINUOUS_METRICS_ONLY_NO_FINAL_RULE,1.0,AVAILABLE_IN_FIADB_NOT_APPLIED; EVALID_LINKAGE_REQUIRED_FOR_FORMAL_ESTIMATION,0,1,1,1.0,1.0,2.0,4.0,7.0,16,3.0793650793650795,1,1.0,2.0,6.0,17.0,34.60000000000005,139,13.317460317460318
113,Pinus flexilis,Pinus flexilis,limber pine,species,1,NA_NOT_AVAILABLE_IN_FROZEN_REF_SPECIES,0,75,115725,582,2517,1441,123,57920,57805,287,295,1411,1397,98,99,74,24,25,0.6016260162601627,0.98989898989899,0.98989898989899,0.9728813559322034,0.9728813559322034,0.2764227642276423,16,0.6910569105691057,2074.3975028908994,18,0.673469387755102,1968.6607122610033,16,0.5050505050505051,2018.0436070610565,CONTINUOUS_METRICS_ONLY_NO_FINAL_RULE,1.0,AVAILABLE_IN_FIADB_NOT_APPLIED; EVALID_LINKAGE_REQUIRED_FOR_FORMAL_ESTIMATION,0,1,1,1.0,1.0,3.0,7.0,10.0,33,4.7317073170731705,1,1.200000000000001,3.0,10.0,24.5,52.0,207,20.463414634146343
114,Pinus strobiformis,Pinus strobiformis,southwestern white pine,species,1,NA_NOT_AVAILABLE_IN_FROZEN_REF_SPECIES,0,25,115725,91,276,10051,45,57920,57805,44,47,9235,9171,28,32,15,13,17,0.3333333333333333,0.875,0.875,0.9361702127659575,0.9361702127659575,0.4,20,0.26666666666666666,832.5412902673356,13,0.2857142857142857,620.987117418711,18,0.21875,832.5412902673356,CONTINUOUS_METRICS_ONLY_NO_FINAL_RULE,1.0,AVAILABLE_IN_FIADB_NOT_APPLIED; EVALID_LINKAGE_REQUIRED_FOR_FORMAL_ESTIMATION,0,1,1,1.0,1.0,2.0,2.0,3.6000000000000014,7,2.022222222222222,1,1.0,2.0,5.0,8.0,11.600000000000001,32,6.133333333333334
114,Pinus strobiformis,Pinus strobiformis,southwestern white pine,species,1,NA_NOT_AVAILABLE_IN_FROZEN_REF_SPECIES,0,50,115725,91,276,2970,31,57920,57805,44,47,2846,2830,19,26,14,5,12,0.45161290322580644,0.7307692307692307,0.7307692307692307,0.9361702127659575,0.9361702127659575,0.3225806451612903,12,0.41935483870967744,851.4693182963201,8,0.47368421052631576,640.3124237432849,11,0.4230769230769231,851.4693182963201,CONTINUOUS_METRICS_ONLY_NO_FINAL_RULE,1.0,AVAILABLE_IN_FIADB_NOT_APPLIED; EVALID_LINKAGE_REQUIRED_FOR_FORMAL_ESTIMATION,0,1,1,1.0,1.0,2.0,4.0,5.0,12,2.935483870967742,1,2.0,2.5,6.0,11.0,20.0,37,8.903225806451612
114,Pinus strobiformis,Pinus strobiformis,southwestern white pine,species,1,NA_NOT_AVAILABLE_IN_FROZEN_REF_SPECIES,0,75,115725,91,276,1441,26,57920,57805,44,47,1411,1397,17,20,11,6,9,0.4230769230769231,0.85,0.85,0.9361702127659575,0.9361702127659575,0.3076923076923077,9,0.5769230769230769,903.1195934094222,6,0.5294117647058824,691.4658342969665,9,0.3,903.1195934094222,CONTINUOUS_METRICS_ONLY_NO_FINAL_RULE,1.0,AVAILABLE_IN_FIADB_NOT_APPLIED; EVALID_LINKAGE_REQUIRED_FOR_FORMAL_ESTIMATION,0,1,1,1.0,1.0,2.0,3.75,7.5,14,3.5,1,1.5,3.25,7.0,12.75,21.5,55,10.615384615384615
115,Pinus glabra,Pinus glabra,spruce pine,species,1,NA_NOT_AVAILABLE_IN_FROZEN_REF_SPECIES,0,25,115725,299,714,10051,161,57920,57805,166,133,9235,9171,112,96,47,65,49,0.2919254658385093,0.8571428571428571,1.1666666666666667,0.8012048192771084,1.2481203007518797,0.5590062111801242,32,0.4472049689440994,1119.4306588619054,34,0.24107142857142858,1073.8365797457266,49,0.13541666666666666,1109.6170510586073,CONTINUOUS_METRICS_ONLY_NO_FINAL_RULE,1.0,AVAILABLE_IN_FIADB_NOT_APPLIED; EVALID_LINKAGE_REQUIRED_FOR_FORMAL_ESTIMATION,0,1,1,1.0,1.0,1.0,3.0,3.0,8,1.8571428571428572,1,1.0,1.0,2.0,6.0,10.0,27,4.434782608695652
115,Pinus glabra,Pinus glabra,spruce pine,species,1,NA_NOT_AVAILABLE_IN_FROZEN_REF_SPECIES,0,50,115725,299,714,2970,85,57920,57805,166,133,2846,2830,66,68,49,17,19,0.5764705882352941,0.9705882352941176,0.9705882352941176,0.8012048192771084,1.2481203007518797,0.3764705882352941,5,0.7647058823529411,1142.3659658795864,10,0.6818181818181818,1096.5856099730654,7,0.7352941176470589,1123.6102527122116,CONTINUOUS_METRICS_ONLY_NO_FINAL_RULE,1.0,AVAILABLE_IN_FIADB_NOT_APPLIED; EVALID_LINKAGE_REQUIRED_FOR_FORMAL_ESTIMATION,0,1,1,1.0,1.0,3.0,5.0,7.0,18,3.5176470588235293,1,1.0,2.0,5.0,12.0,20.0,64,8.4
115,Pinus glabra,Pinus glabra,spruce pine,species,1,NA_NOT_AVAILABLE_IN_FROZEN_REF_SPECIES,0,75,115725,299,714,1441,49,57920,57805,166,133,1411,1397,42,39,32,10,7,0.6530612244897959,0.9285714285714286,1.0769230769230769,0.8012048192771084,1.2481203007518797,0.22448979591836735,2,0.9795918367346939,1142.3659658795864,4,0.8333333333333334,1073.8365797457266,4,0.6923076923076923,1142.3659658795864,CONTINUOUS_METRICS_ONLY_NO_FINAL_RULE,1.0,AVAILABLE_IN_FIADB_NOT_APPLIED; EVALID_LINKAGE_REQUIRED_FOR_FORMAL_ESTIMATION,0,1,1,1.0,2.0,4.0,8.0,15.600000000000009,26,6.1020408163265305,1,1.0,2.0,9.0,17.0,40.20000000000002,54,14.571428571428571
116,Pinus jeffreyi,Pinus jeffreyi,Jeffrey pine,species,1,NA_NOT_AVAILABLE_IN_FROZEN_REF_SPECIES,0,25,115725,450,3540,10051,138,57920,57805,204,246,9235,9171,101,114,77,24,37,0.5579710144927537,0.8859649122807017,0.8859649122807017,0.8292682926829268,0.8292682926829268,0.3333333333333333,15,0.6666666666666666,1217.579566188592,16,0.43564356435643564,1209.5970403402944,16,0.40350877192982454,1217.579566188592,CONTINUOUS_METRICS_ONLY_NO_FINAL_RULE,1.0,AVAILABLE_IN_FIADB_NOT_APPLIED; EVALID_LINKAGE_REQUIRED_FOR_FORMAL_ESTIMATION,0,1,1,1.0,1.0,2.0,5.0,7.299999999999997,14,3.260869565217391,1,2.0,6.25,16.0,33.0,60.89999999999999,171,25.652173913043477
116,Pinus jeffreyi,Pinus jeffreyi,Jeffrey pine,species,1,NA_NOT_AVAILABLE_IN_FROZEN_REF_SPECIES,0,50,115725,450,3540,2970,63,57920,57805,204,246,2846,2830,48,55,40,8,15,0.6349206349206349,0.8727272727272727,0.8727272727272727,0.8292682926829268,0.8292682926829268,0.2222222222222222,3,0.8888888888888888,1217.579566188592,5,0.625,1217.579566188592,4,0.8909090909090909,1217.579566188592,CONTINUOUS_METRICS_ONLY_NO_FINAL_RULE,1.0,AVAILABLE_IN_FIADB_NOT_APPLIED; EVALID_LINKAGE_REQUIRED_FOR_FORMAL_ESTIMATION,0,1,1,1.0,2.0,4.0,11.5,15.800000000000004,25,7.142857142857143,1,4.2,10.5,38.0,66.0,142.4,301,56.19047619047619
116,Pinus jeffreyi,Pinus jeffreyi,Jeffrey pine,species,1,NA_NOT_AVAILABLE_IN_FROZEN_REF_SPECIES,0,75,115725,450,3540,1441,37,57920,57805,204,246,1411,1397,31,35,29,2,6,0.7837837837837838,0.8857142857142857,0.8857142857142857,0.8292682926829268,0.8292682926829268,0.05405405405405406,3,0.8918918918918919,1185.8541225631423,2,0.9032258064516129,1185.8541225631423,3,0.8857142857142857,1185.8541225631423,CONTINUOUS_METRICS_ONLY_NO_FINAL_RULE,1.0,AVAILABLE_IN_FIADB_NOT_APPLIED; EVALID_LINKAGE_REQUIRED_FOR_FORMAL_ESTIMATION,0,1,1,2.0,3.0,5.0,17.0,33.99999999999999,48,12.162162162162161,5,10.600000000000001,22.0,40.0,126.0,270.79999999999995,465,95.67567567567568
117,Pinus lambertiana,Pinus lambertiana,sugar pine,species,1,NA_NOT_AVAILABLE_IN_FROZEN_REF_SPECIES,0,25,115725,720,2214,10051,187,57920,57805,360,360,9235,9171,149,150,112,37,38,0.5989304812834224,0.9933333333333333,0.9933333333333333,1.0,1.0,0.2727272727272727,10,0.946524064171123,1336.2728014892766,13,0.8590604026845637,1336.2728014892766,11,0.6466666666666666,1250.0,CONTINUOUS_METRICS_ONLY_NO_FINAL_RULE,1.0,AVAILABLE_IN_FIADB_NOT_APPLIED; EVALID_LINKAGE_REQUIRED_FOR_FORMAL_ESTIMATION,0,1,1,1.0,1.0,3.0,5.0,8.0,13,3.8502673796791442,1,1.0,3.0,8.0,16.0,29.0,55,11.83957219251337
117,Pinus lambertiana,Pinus lambertiana,sugar pine,species,1,NA_NOT_AVAILABLE_IN_FROZEN_REF_SPECIES,0,50,115725,720,2214,2970,76,57920,57805,360,360,2846,2830,67,63,54,13,9,0.7105263157894737,0.9402985074626866,1.0634920634920635,1.0,1.0,0.21052631578947367,5,0.9210526315789473,1360.1470508735445,8,0.8955223880597015,1360.1470508735445,4,0.9523809523809523,1250.0,CONTINUOUS_METRICS_ONLY_NO_FINAL_RULE,1.0,AVAILABLE_IN_FIADB_NOT_APPLIED; EVALID_LINKAGE_REQUIRED_FOR_FORMAL_ESTIMATION,0,1,1,1.0,2.0,8.0,14.25,21.0,45,9.473684210526315,1,3.0,5.0,20.0,38.0,76.5,115,29.13157894736842
117,Pinus lambertiana,Pinus lambertiana,sugar pine,species,1,NA_NOT_AVAILABLE_IN_FROZEN_REF_SPECIES,0,75,115725,720,2214,1441,44,57920,57805,360,360,1411,1397,42,38,36,6,2,0.8181818181818182,0.9047619047619048,1.105263157894737,1.0,1.0,0.18181818181818182,2,0.9545454545454546,1329.0033860002013,2,0.9523809523809523,1329.0033860002013,3,0.9473684210526315,1236.9316876852981,CONTINUOUS_METRICS_ONLY_NO_FINAL_RULE,1.0,AVAILABLE_IN_FIADB_NOT_APPLIED; EVALID_LINKAGE_REQUIRED_FOR_FORMAL_ESTIMATION,0,1,1,1.0,3.0,11.5,26.25,37.80000000000001,65,16.363636363636363,1,3.0,10.25,38.5,85.0,123.90000000000002,167,50.31818181818182
118,Pinus leiophylla,Pinus leiophylla,Chihuahuan pine,species,1,NA_NOT_AVAILABLE_IN_FROZEN_REF_SPECIES,0,25,115725,8,12,10051,7,57920,57805,2,6,9235,9171,2,6,1,1,5,0.14285714285714285,0.3333333333333333,0.3333333333333333,0.3333333333333333,0.3333333333333333,0.8571428571428571,6,0.2857142857142857,355.31676008879737,2,0.5,175.0,5,0.3333333333333333,355.31676008879737,CONTINUOUS_METRICS_ONLY_NO_FINAL_RULE,1.0,AVAILABLE_IN_FIADB_NOT_APPLIED; EVALID_LINKAGE_REQUIRED_FOR_FORMAL_ESTIMATION,0,1,1,1.0,1.0,1.0,1.0,1.4000000000000004,2,1.1428571428571428,1,1.0,1.0,1.0,2.5,3.0,3,1.7142857142857142
118,Pinus leiophylla,Pinus leiophylla,Chihuahuan pine,species,1,NA_NOT_AVAILABLE_IN_FROZEN_REF_SPECIES,0,50,115725,8,12,2970,7,57920,57805,2,6,2846,2830,2,6,1,1,5,0.14285714285714285,0.3333333333333333,0.3333333333333333,0.3333333333333333,0.3333333333333333,0.8571428571428571,5,0.2857142857142857,353.5533905932738,2,0.5,150.0,4,0.3333333333333333,353.5533905932738,CONTINUOUS_METRICS_ONLY_NO_FINAL_RULE,1.0,AVAILABLE_IN_FIADB_NOT_APPLIED; EVALID_LINKAGE_REQUIRED_FOR_FORMAL_ESTIMATION,0,1,1,1.0,1.0,1.0,1.0,1.4000000000000004,2,1.1428571428571428,1,1.0,1.0,1.0,2.5,3.0,3,1.7142857142857142
118,Pinus leiophylla,Pinus leiophylla,Chihuahuan pine,species,1,NA_NOT_AVAILABLE_IN_FROZEN_REF_SPECIES,0,75,115725,8,12,1441,5,57920,57805,2,6,1411,1397,2,4,1,1,3,0.2,0.5,0.5,0.3333333333333333,0.3333333333333333,0.6,5,0.2,318.19805153394634,2,0.5,150.0,4,0.25,318.19805153394634,CONTINUOUS_METRICS_ONLY_NO_FINAL_RULE,1.0,AVAILABLE_IN_FIADB_NOT_APPLIED; EVALID_LINKAGE_REQUIRED_FOR_FORMAL_ESTIMATION,0,1,1,1.0,1.0,1.0,2.0,2.6,3,1.6,1,1.0,1.0,1.0,4.0,4.6,5,2.4
119,Pinus monticola,Pinus monticola,western white pine,species,1,NA_NOT_AVAILABLE_IN_FROZEN_REF_SPECIES,0,25,115725,623,1810,10051,235,57920,57805,330,293,9235,9171,174,159,98,76,61,0.41702127659574467,0.9137931034482759,1.0943396226415094,0.8878787878787879,1.1262798634812288,0.46382978723404256,30,0.3276595744680851,1938.1047443314305,37,0.2413793103448276,1925.6492411651714,35,0.2893081761006289,1691.8924315688632,CONTINUOUS_METRICS_ONLY_NO_FINAL_RULE,1.0,AVAILABLE_IN_FIADB_NOT_APPLIED; EVALID_LINKAGE_REQUIRED_FOR_FORMAL_ESTIMATION,0,1,1,1.0,1.0,2.0,4.0,6.0,15,2.651063829787234,1,1.0,2.0,4.0,11.0,19.0,46,7.702127659574468
119,Pinus monticola,Pinus monticola,western white pine,species,1,NA_NOT_AVAILABLE_IN_FROZEN_REF_SPECIES,0,50,115725,623,1810,2970,107,57920,57805,330,293,2846,2830,92,80,65,27,15,0.6074766355140186,0.8695652173913043,1.15,0.8878787878787879,1.1262798634812288,0.2897196261682243,13,0.6355140186915887,1947.4342094150447,15,0.32608695652173914,1947.4342094150447,11,0.425,1691.8924315688632,CONTINUOUS_METRICS_ONLY_NO_FINAL_RULE,1.0,AVAILABLE_IN_FIADB_NOT_APPLIED; EVALID_LINKAGE_REQUIRED_FOR_FORMAL_ESTIMATION,0,1,1,1.0,1.0,4.0,9.0,13.400000000000006,23,5.822429906542056,1,1.0,2.0,9.0,25.0,49.80000000000001,82,16.91588785046729
119,Pinus monticola,Pinus monticola,western white pine,species,1,NA_NOT_AVAILABLE_IN_FROZEN_REF_SPECIES,0,75,115725,623,1810,1441,71,57920,57805,330,293,1411,1397,63,58,50,13,8,0.704225352112676,0.9206349206349206,1.0862068965517242,0.8878787878787879,1.1262798634812288,0.23943661971830985,9,0.704225352112676,1916.5398508770957,11,0.6507936507936508,1916.5398508770957,5,0.7413793103448276,1726.6296649832007,CONTINUOUS_METRICS_ONLY_NO_FINAL_RULE,1.0,AVAILABLE_IN_FIADB_NOT_APPLIED; EVALID_LINKAGE_REQUIRED_FOR_FORMAL_ESTIMATION,0,1,1,1.0,2.0,6.0,14.0,25.0,37,8.774647887323944,1,1.0,2.5,14.0,40.5,70.0,133,25.492957746478872
120,Pinus muricata,Pinus muricata,bishop pine,species,1,NA_NOT_AVAILABLE_IN_FROZEN_REF_SPECIES,0,25,115725,6,86,10051,4,57920,57805,4,2,9235,9171,3,2,1,2,1,0.25,0.6666666666666666,1.5,0.5,2.0,0.75,3,0.5,103.07764064044152,2,0.6666666666666666,75.0,2,0.5,35.35533905932738,CONTINUOUS_METRICS_ONLY_NO_FINAL_RULE,1.0,AVAILABLE_IN_FIADB_NOT_APPLIED; EVALID_LINKAGE_REQUIRED_FOR_FORMAL_ESTIMATION,0,1,1,1.0,1.0,1.0,1.5,2.4000000000000004,3,1.5,2,5.0,9.5,14.5,26.5,43.6,55,21.5
120,Pinus muricata,Pinus muricata,bishop pine,species,1,NA_NOT_AVAILABLE_IN_FROZEN_REF_SPECIES,0,50,115725,6,86,2970,3,57920,57805,4,2,2846,2830,3,1,1,2,0,0.3333333333333333,0.3333333333333333,3.0,0.5,2.0,0.6666666666666666,1,1.0,100.0,1,1.0,100.0,1,1.0,0.0,CONTINUOUS_METRICS_ONLY_NO_FINAL_RULE,1.0,AVAILABLE_IN_FIADB_NOT_APPLIED; EVALID_LINKAGE_REQUIRED_FOR_FORMAL_ESTIMATION,1,1,1,1.0,1.0,1.0,2.5,3.4000000000000004,4,2.0,2,5.0,9.5,17.0,42.0,57.0,67,28.666666666666668
120,Pinus muricata,Pinus muricata,bishop pine,species,1,NA_NOT_AVAILABLE_IN_FROZEN_REF_SPECIES,0,75,115725,6,86,1441,3,57920,57805,4,2,1411,1397,2,2,1,1,1,0.3333333333333333,1.0,1.0,0.5,2.0,0.6666666666666666,2,0.6666666666666666,167.70509831248424,1,1.0,75.0,2,0.5,106.06601717798213,CONTINUOUS_METRICS_ONLY_NO_FINAL_RULE,1.0,AVAILABLE_IN_FIADB_NOT_APPLIED; EVALID_LINKAGE_REQUIRED_FOR_FORMAL_ESTIMATION,0,1,1,1.0,1.0,1.0,2.5,3.4000000000000004,4,2.0,2,4.0,7.0,12.0,42.0,60.0,72,28.666666666666668
121,Pinus palustris,Pinus palustris,longleaf pine,species,1,NA_NOT_AVAILABLE_IN_FROZEN_REF_SPECIES,0,25,115725,1725,15019,10051,547,57920,57805,835,890,9235,9171,380,427,260,120,167,0.4753199268738574,0.8899297423887588,0.8899297423887588,0.9382022471910112,0.9382022471910112,0.3802559414990859,42,0.7020109689213894,2046.0327465610123,61,0.22631578947368422,2017.7338773981073,58,0.19437939110070257,2005.3054630155475,CONTINUOUS_METRICS_ONLY_NO_FINAL_RULE,1.0,AVAILABLE_IN_FIADB_NOT_APPLIED; EVALID_LINKAGE_REQUIRED_FOR_FORMAL_ESTIMATION,0,1,1,1.0,1.0,2.0,4.0,7.0,38,3.153564899451554,1,1.0,3.0,13.0,36.0,73.0,341,27.457038391224863
121,Pinus palustris,Pinus palustris,longleaf pine,species,1,NA_NOT_AVAILABLE_IN_FROZEN_REF_SPECIES,0,50,115725,1725,15019,2970,226,57920,57805,835,890,2846,2830,184,200,158,26,42,0.6991150442477876,0.92,0.92,0.9382022471910112,0.9382022471910112,0.16371681415929204,6,0.8893805309734514,2080.865204668481,8,0.8913043478260869,2052.437575177379,7,0.885,2040.2205763103166,CONTINUOUS_METRICS_ONLY_NO_FINAL_RULE,1.0,AVAILABLE_IN_FIADB_NOT_APPLIED; EVALID_LINKAGE_REQUIRED_FOR_FORMAL_ESTIMATION,0,1,1,1.0,2.0,4.5,9.0,18.0,67,7.632743362831858,1,2.0,9.25,31.0,91.5,170.0,758,66.45575221238938
121,Pinus palustris,Pinus palustris,longleaf pine,species,1,NA_NOT_AVAILABLE_IN_FROZEN_REF_SPECIES,0,75,115725,1725,15019,1441,123,57920,57805,835,890,1411,1397,106,112,95,11,17,0.7723577235772358,0.9464285714285714,0.9464285714285714,0.9382022471910112,0.9382022471910112,0.13008130081300814,3,0.8861788617886179,1997.0290433541522,3,0.8867924528301887,1997.0290433541522,4,0.8839285714285714,1935.523185084591,CONTINUOUS_METRICS_ONLY_NO_FINAL_RULE,1.0,AVAILABLE_IN_FIADB_NOT_APPLIED; EVALID_LINKAGE_REQUIRED_FOR_FORMAL_ESTIMATION,0,1,1,1.0,2.5,9.0,18.5,31.799999999999997,83,14.024390243902438,1,2.200000000000001,17.0,52.0,177.0,305.19999999999993,983,122.10569105691057
122,Pinus ponderosa,Pinus ponderosa,ponderosa pine,species,1,NA_NOT_AVAILABLE_IN_FROZEN_REF_SPECIES,0,25,115725,6903,60476,10051,1254,57920,57805,3485,3418,9235,9171,1022,1022,790,232,232,0.6299840510366826,1.0,1.0,0.9807747489239599,1.0196021064950263,0.25757575757575757,91,0.48165869218500795,3289.756829919196,101,0.5048923679060665,3271.5630820756005,108,0.4774951076320939,3042.4085853152596,CONTINUOUS_METRICS_ONLY_NO_FINAL_RULE,1.0,AVAILABLE_IN_FIADB_NOT_APPLIED; EVALID_LINKAGE_REQUIRED_FOR_FORMAL_ESTIMATION,0,1,1,1.0,1.0,3.0,7.0,12.700000000000045,48,5.5047846889952154,1,2.0,6.0,20.0,49.0,120.70000000000005,701,48.22647527910686
122,Pinus ponderosa,Pinus ponderosa,ponderosa pine,species,1,NA_NOT_AVAILABLE_IN_FROZEN_REF_SPECIES,0,50,115725,6903,60476,2970,497,57920,57805,3485,3418,2846,2830,437,443,383,54,60,0.7706237424547284,0.9864559819413092,0.9864559819413092,0.9807747489239599,1.0196021064950263,0.17303822937625754,30,0.7746478873239436,3289.756829919196,28,0.7871853546910755,3253.459696999488,23,0.7878103837471784,3077.742679302479,CONTINUOUS_METRICS_ONLY_NO_FINAL_RULE,1.0,AVAILABLE_IN_FIADB_NOT_APPLIED; EVALID_LINKAGE_REQUIRED_FOR_FORMAL_ESTIMATION,0,1,1,1.0,2.0,7.0,18.0,34.80000000000007,159,13.88933601609658,1,3.0,13.0,45.0,125.0,294.80000000000075,1803,121.68209255533199
122,Pinus ponderosa,Pinus ponderosa,ponderosa pine,species,1,NA_NOT_AVAILABLE_IN_FROZEN_REF_SPECIES,0,75,115725,6903,60476,1441,289,57920,57805,3485,3418,1411,1397,260,260,231,29,29,0.7993079584775087,1.0,1.0,0.9807747489239599,1.0196021064950263,0.14878892733564014,15,0.9134948096885813,3289.756829919196,11,0.9423076923076923,3289.756829919196,13,0.9192307692307692,3023.346655611956,CONTINUOUS_METRICS_ONLY_NO_FINAL_RULE,1.0,AVAILABLE_IN_FIADB_NOT_APPLIED; EVALID_LINKAGE_REQUIRED_FOR_FORMAL_ESTIMATION,0,1,1,1.0,4.0,10.0,32.0,65.0,241,23.885813148788927,1,3.0,19.0,72.0,236.0,499.9999999999999,2810,209.25951557093427
123,Pinus pungens,Pinus pungens,Table Mountain pine,species,1,NA_NOT_AVAILABLE_IN_FROZEN_REF_SPECIES,0,25,115725,209,791,10051,84,57920,57805,102,107,9235,9171,55,58,29,26,29,0.34523809523809523,0.9482758620689655,0.9482758620689655,0.9532710280373832,0.9532710280373832,0.47619047619047616,18,0.6547619047619048,1073.5455276791945,18,0.45454545454545453,1073.5455276791945,20,0.5172413793103449,908.9829481348921,CONTINUOUS_METRICS_ONLY_NO_FINAL_RULE,1.0,AVAILABLE_IN_FIADB_NOT_APPLIED; EVALID_LINKAGE_REQUIRED_FOR_FORMAL_ESTIMATION,0,1,1,1.0,1.0,2.0,3.0,5.0,12,2.488095238095238,1,1.0,1.0,4.0,10.5,23.0,63,9.416666666666666
123,Pinus pungens,Pinus pungens,Table Mountain pine,species,1,NA_NOT_AVAILABLE_IN_FROZEN_REF_SPECIES,0,50,115725,209,791,2970,42,57920,57805,102,107,2846,2830,33,33,24,9,9,0.5714285714285714,1.0,1.0,0.9532710280373832,0.9532710280373832,0.2857142857142857,4,0.8333333333333334,1073.5455276791945,6,0.8181818181818182,1073.5455276791945,3,0.8484848484848485,874.642784226795,CONTINUOUS_METRICS_ONLY_NO_FINAL_RULE,1.0,AVAILABLE_IN_FIADB_NOT_APPLIED; EVALID_LINKAGE_REQUIRED_FOR_FORMAL_ESTIMATION,0,1,1,1.0,1.0,3.0,5.75,12.699999999999996,27,4.976190476190476,1,1.0,3.0,9.0,23.75,48.39999999999999,106,18.833333333333332
123,Pinus pungens,Pinus pungens,Table Mountain pine,species,1,NA_NOT_AVAILABLE_IN_FROZEN_REF_SPECIES,0,75,115725,209,791,1441,26,57920,57805,102,107,1411,1397,22,21,17,5,4,0.6538461538461539,0.9545454545454546,1.0476190476190477,0.9532710280373832,0.9532710280373832,0.2692307692307692,2,0.9615384615384616,1006.2305898749054,4,0.8636363636363636,1006.2305898749054,2,0.9523809523809523,874.6427842267951,CONTINUOUS_METRICS_ONLY_NO_FINAL_RULE,1.0,AVAILABLE_IN_FIADB_NOT_APPLIED; EVALID_LINKAGE_REQUIRED_FOR_FORMAL_ESTIMATION,0,1,1,1.0,1.25,3.5,8.75,19.0,40,8.038461538461538,1,1.0,3.25,8.5,33.0,76.5,180,30.423076923076923
124,Pinus radiata,Pinus radiata,Monterey pine,species,1,NA_NOT_AVAILABLE_IN_FROZEN_REF_SPECIES,0,25,115725,4,32,10051,3,57920,57805,2,2,9235,9171,2,2,1,1,1,0.3333333333333333,1.0,1.0,1.0,1.0,0.6666666666666666,2,0.6666666666666666,452.76925690687085,2,0.5,427.93106921559223,1,1.0,25.0,CONTINUOUS_METRICS_ONLY_NO_FINAL_RULE,1.0,AVAILABLE_IN_FIADB_NOT_APPLIED; EVALID_LINKAGE_REQUIRED_FOR_FORMAL_ESTIMATION,0,1,1,1.0,1.0,1.0,1.5,1.8,2,1.3333333333333333,1,1.4000000000000001,2.0,3.0,15.5,23.000000000000004,28,10.666666666666666
124,Pinus radiata,Pinus radiata,Monterey pine,species,1,NA_NOT_AVAILABLE_IN_FROZEN_REF_SPECIES,0,50,115725,4,32,2970,3,57920,57805,2,2,2846,2830,2,2,1,1,1,0.3333333333333333,1.0,1.0,1.0,1.0,0.6666666666666666,2,0.6666666666666666,452.76925690687085,2,0.5,403.11288741492746,1,1.0,50.0,CONTINUOUS_METRICS_ONLY_NO_FINAL_RULE,1.0,AVAILABLE_IN_FIADB_NOT_APPLIED; EVALID_LINKAGE_REQUIRED_FOR_FORMAL_ESTIMATION,0,1,1,1.0,1.0,1.0,1.5,1.8,2,1.3333333333333333,1,1.4000000000000001,2.0,3.0,15.5,23.000000000000004,28,10.666666666666666
124,Pinus radiata,Pinus radiata,Monterey pine,species,1,NA_NOT_AVAILABLE_IN_FROZEN_REF_SPECIES,0,75,115725,4,32,1441,3,57920,57805,2,2,1411,1397,2,2,1,1,1,0.3333333333333333,1.0,1.0,1.0,1.0,0.6666666666666666,2,0.6666666666666666,450.0,2,0.5,375.0,1,1.0,75.0,CONTINUOUS_METRICS_ONLY_NO_FINAL_RULE,1.0,AVAILABLE_IN_FIADB_NOT_APPLIED; EVALID_LINKAGE_REQUIRED_FOR_FORMAL_ESTIMATION,0,1,1,1.0,1.0,1.0,1.5,1.8,2,1.3333333333333333,1,1.4000000000000001,2.0,3.0,15.5,23.000000000000004,28,10.666666666666666
125,Pinus resinosa,Pinus resinosa,red pine,species,1,NA_NOT_AVAILABLE_IN_FROZEN_REF_SPECIES,0,25,115725,2073,24576,10051,639,57920,57805,1006,1067,9235,9171,435,462,258,177,204,0.40375586854460094,0.9415584415584416,0.9415584415584416,0.9428303655107779,0.9428303655107779,0.458528951486698,105,0.5305164319248826,2576.941016011038,94,0.30344827586206896,2494.1180806048455,101,0.4653679653679654,2576.941016011038,CONTINUOUS_METRICS_ONLY_NO_FINAL_RULE,1.0,AVAILABLE_IN_FIADB_NOT_APPLIED; EVALID_LINKAGE_REQUIRED_FOR_FORMAL_ESTIMATION,0,1,1,1.0,1.0,2.0,4.0,8.0,29,3.244131455399061,1,1.0,3.0,14.0,47.0,107.20000000000005,510,38.460093896713616
125,Pinus resinosa,Pinus resinosa,red pine,species,1,NA_NOT_AVAILABLE_IN_FROZEN_REF_SPECIES,0,50,115725,2073,24576,2970,295,57920,57805,1006,1067,2846,2830,226,235,166,60,69,0.5627118644067797,0.9617021276595744,0.9617021276595744,0.9428303655107779,0.9428303655107779,0.3423728813559322,29,0.5898305084745763,2598.5572920372565,30,0.6194690265486725,2482.438317461282,25,0.6680851063829787,2598.5572920372565,CONTINUOUS_METRICS_ONLY_NO_FINAL_RULE,1.0,AVAILABLE_IN_FIADB_NOT_APPLIED; EVALID_LINKAGE_REQUIRED_FOR_FORMAL_ESTIMATION,0,1,1,1.0,1.0,3.0,8.0,20.0,52,7.027118644067796,1,1.0,4.0,22.0,108.0,252.80000000000018,720,83.30847457627118
125,Pinus resinosa,Pinus resinosa,red pine,species,1,NA_NOT_AVAILABLE_IN_FROZEN_REF_SPECIES,0,75,115725,2073,24576,1441,171,57920,57805,1006,1067,1411,1397,137,146,112,25,34,0.6549707602339181,0.9383561643835616,0.9383561643835616,0.9428303655107779,0.9428303655107779,0.2573099415204678,13,0.5672514619883041,2586.140947435,17,0.6058394160583942,2448.724157597176,11,0.6164383561643836,2586.140947435,CONTINUOUS_METRICS_ONLY_NO_FINAL_RULE,1.0,AVAILABLE_IN_FIADB_NOT_APPLIED; EVALID_LINKAGE_REQUIRED_FOR_FORMAL_ESTIMATION,0,1,1,1.0,1.0,4.0,14.0,37.0,97,12.12280701754386,1,2.0,6.0,34.0,190.5,442.0,1430,143.71929824561403
126,Pinus rigida,Pinus rigida,pitch pine,species,1,NA_NOT_AVAILABLE_IN_FROZEN_REF_SPECIES,0,25,115725,844,5860,10051,300,57920,57805,407,437,9235,9171,189,214,103,86,111,0.3433333333333333,0.883177570093458,0.883177570093458,0.931350114416476,0.931350114416476,0.5366666666666666,55,0.2633333333333333,1981.1612756158952,65,0.1746031746031746,1891.5932438026946,60,0.2616822429906542,1898.1899272728217,CONTINUOUS_METRICS_ONLY_NO_FINAL_RULE,1.0,AVAILABLE_IN_FIADB_NOT_APPLIED; EVALID_LINKAGE_REQUIRED_FOR_FORMAL_ESTIMATION,0,1,1,1.0,1.0,1.0,3.0,6.0,45,2.8133333333333335,1,1.0,1.0,3.0,10.0,25.0,1227,19.533333333333335
126,Pinus rigida,Pinus rigida,pitch pine,species,1,NA_NOT_AVAILABLE_IN_FROZEN_REF_SPECIES,0,50,115725,844,5860,2970,148,57920,57805,407,437,2846,2830,108,121,81,27,40,0.5472972972972973,0.8925619834710744,0.8925619834710744,0.931350114416476,0.931350114416476,0.3310810810810811,17,0.6283783783783784,1981.1612756158952,19,0.3888888888888889,1909.1883092036785,18,0.6198347107438017,1914.4189719076646,CONTINUOUS_METRICS_ONLY_NO_FINAL_RULE,1.0,AVAILABLE_IN_FIADB_NOT_APPLIED; EVALID_LINKAGE_REQUIRED_FOR_FORMAL_ESTIMATION,0,1,1,1.0,1.0,2.0,5.25,12.900000000000034,89,5.702702702702703,1,1.0,2.0,6.0,17.25,51.50000000000006,2189,39.5945945945946
126,Pinus rigida,Pinus rigida,pitch pine,species,1,NA_NOT_AVAILABLE_IN_FROZEN_REF_SPECIES,0,75,115725,844,5860,1441,91,57920,57805,407,437,1411,1397,73,79,61,12,18,0.6703296703296703,0.9240506329113924,0.9240506329113924,0.931350114416476,0.931350114416476,0.26373626373626374,8,0.7252747252747253,1962.93784924536,8,0.5616438356164384,1856.9127604709922,7,0.7215189873417721,1912.1323175972943,CONTINUOUS_METRICS_ONLY_NO_FINAL_RULE,1.0,AVAILABLE_IN_FIADB_NOT_APPLIED; EVALID_LINKAGE_REQUIRED_FOR_FORMAL_ESTIMATION,0,1,1,1.0,1.0,5.0,10.0,21.0,108,9.274725274725276,1,1.0,3.0,13.0,32.0,107.0,2392,64.3956043956044
127,Pinus sabiniana,Pinus sabiniana,gray or California foothill pine,species,1,NA_NOT_AVAILABLE_IN_FROZEN_REF_SPECIES,0,25,115725,158,386,10051,84,57920,57805,80,78,9235,9171,58,55,29,29,26,0.34523809523809523,0.9482758620689655,1.0545454545454545,0.975,1.0256410256410255,0.4880952380952381,17,0.2619047619047619,840.3868156985804,22,0.1896551724137931,817.3891362135909,18,0.12727272727272726,784.6177413237608,CONTINUOUS_METRICS_ONLY_NO_FINAL_RULE,1.0,AVAILABLE_IN_FIADB_NOT_APPLIED; EVALID_LINKAGE_REQUIRED_FOR_FORMAL_ESTIMATION,0,1,1,1.0,1.0,2.0,2.0,3.0,6,1.880952380952381,1,1.0,1.0,3.0,7.0,9.700000000000003,21,4.595238095238095
127,Pinus sabiniana,Pinus sabiniana,gray or California foothill pine,species,1,NA_NOT_AVAILABLE_IN_FROZEN_REF_SPECIES,0,50,115725,158,386,2970,47,57920,57805,80,78,2846,2830,37,34,24,13,10,0.5106382978723404,0.918918918918919,1.088235294117647,0.975,1.0256410256410255,0.3617021276595745,5,0.7021276595744681,854.4003745317531,5,0.4594594594594595,807.7747210701755,8,0.3235294117647059,807.7747210701755,CONTINUOUS_METRICS_ONLY_NO_FINAL_RULE,1.0,AVAILABLE_IN_FIADB_NOT_APPLIED; EVALID_LINKAGE_REQUIRED_FOR_FORMAL_ESTIMATION,0,1,1,1.0,1.0,2.0,5.0,8.0,11,3.3617021276595747,1,1.0,2.5,6.0,10.0,22.4,27,8.212765957446809
127,Pinus sabiniana,Pinus sabiniana,gray or California foothill pine,species,1,NA_NOT_AVAILABLE_IN_FROZEN_REF_SPECIES,0,75,115725,158,386,1441,29,57920,57805,80,78,1411,1397,24,27,22,2,5,0.7586206896551724,0.8888888888888888,0.8888888888888888,0.975,1.0256410256410255,0.20689655172413793,3,0.896551724137931,807.7747210701756,3,0.875,807.7747210701756,2,0.9629629629629629,738.6643351347078,CONTINUOUS_METRICS_ONLY_NO_FINAL_RULE,1.0,AVAILABLE_IN_FIADB_NOT_APPLIED; EVALID_LINKAGE_REQUIRED_FOR_FORMAL_ESTIMATION,0,1,1,1.0,2.0,4.0,9.0,10.0,17,5.448275862068965,1,1.8000000000000003,3.0,12.0,19.0,26.199999999999996,40,13.310344827586206
128,Pinus serotina,Pinus serotina,pond pine,species,1,NA_NOT_AVAILABLE_IN_FROZEN_REF_SPECIES,0,25,115725,344,2026,10051,164,57920,57805,181,163,9235,9171,110,96,42,68,54,0.25609756097560976,0.8727272727272727,1.1458333333333333,0.9005524861878453,1.1104294478527608,0.5548780487804879,50,0.3475609756097561,1637.8339354159198,57,0.11818181818181818,1470.5441169852743,44,0.15625,1603.5117710824575,CONTINUOUS_METRICS_ONLY_NO_FINAL_RULE,1.0,AVAILABLE_IN_FIADB_NOT_APPLIED; EVALID_LINKAGE_REQUIRED_FOR_FORMAL_ESTIMATION,0,1,1,1.0,1.0,1.0,2.0,4.0,18,2.097560975609756,1,1.0,2.0,4.0,12.0,28.700000000000017,134,12.353658536585366
128,Pinus serotina,Pinus serotina,pond pine,species,1,NA_NOT_AVAILABLE_IN_FROZEN_REF_SPECIES,0,50,115725,344,2026,2970,93,57920,57805,181,163,2846,2830,73,69,49,24,20,0.5268817204301075,0.9452054794520548,1.0579710144927537,0.9005524861878453,1.1104294478527608,0.3225806451612903,7,0.9354838709677419,1637.8339354159198,10,0.5342465753424658,1470.5441169852743,11,0.5217391304347826,1612.4515496597098,CONTINUOUS_METRICS_ONLY_NO_FINAL_RULE,1.0,AVAILABLE_IN_FIADB_NOT_APPLIED; EVALID_LINKAGE_REQUIRED_FOR_FORMAL_ESTIMATION,0,1,1,1.0,1.0,2.0,4.0,9.599999999999994,22,3.6989247311827955,1,1.0,3.0,8.0,24.0,49.599999999999994,220,21.78494623655914
128,Pinus serotina,Pinus serotina,pond pine,species,1,NA_NOT_AVAILABLE_IN_FROZEN_REF_SPECIES,0,75,115725,344,2026,1441,63,57920,57805,181,163,1411,1397,53,46,36,17,10,0.5714285714285714,0.8679245283018868,1.1521739130434783,0.9005524861878453,1.1104294478527608,0.2857142857142857,4,0.9523809523809523,1646.5873800075112,5,0.9245283018867925,1456.23658792107,6,0.8260869565217391,1582.126733229674,CONTINUOUS_METRICS_ONLY_NO_FINAL_RULE,1.0,AVAILABLE_IN_FIADB_NOT_APPLIED; EVALID_LINKAGE_REQUIRED_FOR_FORMAL_ESTIMATION,0,1,1,1.0,1.0,2.0,7.0,13.600000000000009,38,5.4603174603174605,1,1.0,3.0,8.0,35.0,87.80000000000004,290,32.15873015873016
129,Pinus strobus,Pinus strobus,eastern white pine,species,1,NA_NOT_AVAILABLE_IN_FROZEN_REF_SPECIES,0,25,115725,6832,33325,10051,1423,57920,57805,3438,3394,9235,9171,1126,1139,842,284,297,0.5917076598735067,0.9885864793678666,0.9885864793678666,0.9872018615474113,1.0129640542133176,0.2937456078706957,117,0.5010541110330288,2850.986671312232,103,0.5435168738898757,2750.0,121,0.5109745390693591,2850.986671312232,CONTINUOUS_METRICS_ONLY_NO_FINAL_RULE,1.0,AVAILABLE_IN_FIADB_NOT_APPLIED; EVALID_LINKAGE_REQUIRED_FOR_FORMAL_ESTIMATION,0,1,1,1.0,1.0,3.0,6.0,11.0,38,4.801124385101898,1,1.0,4.0,11.0,29.0,61.0,311,23.41883345045678
129,Pinus strobus,Pinus strobus,eastern white pine,species,1,NA_NOT_AVAILABLE_IN_FROZEN_REF_SPECIES,0,50,115725,6832,33325,2970,541,57920,57805,3438,3394,2846,2830,451,481,391,60,90,0.722735674676525,0.9376299376299376,0.9376299376299376,0.9872018615474113,1.0129640542133176,0.2199630314232902,26,0.55637707948244,2830.635970943632,24,0.5676274944567627,2750.0,21,0.5613305613305614,2830.635970943632,CONTINUOUS_METRICS_ONLY_NO_FINAL_RULE,1.0,AVAILABLE_IN_FIADB_NOT_APPLIED; EVALID_LINKAGE_REQUIRED_FOR_FORMAL_ESTIMATION,0,1,1,1.0,2.0,6.0,18.0,35.0,89,12.628465804066543,1,2.0,7.0,26.0,79.0,171.0,874,61.59889094269871
129,Pinus strobus,Pinus strobus,eastern white pine,species,1,NA_NOT_AVAILABLE_IN_FROZEN_REF_SPECIES,0,75,115725,6832,33325,1441,295,57920,57805,3438,3394,1411,1397,250,264,219,31,45,0.7423728813559322,0.946969696969697,0.946969696969697,0.9872018615474113,1.0129640542133176,0.17966101694915254,13,0.9491525423728814,2850.986671312232,13,0.576,2730.0412084801947,10,0.9621212121212122,2850.986671312232,CONTINUOUS_METRICS_ONLY_NO_FINAL_RULE,1.0,AVAILABLE_IN_FIADB_NOT_APPLIED; EVALID_LINKAGE_REQUIRED_FOR_FORMAL_ESTIMATION,0,1,1,1.0,3.0,11.0,33.0,61.60000000000002,148,23.159322033898306,1,3.0,10.5,46.0,151.5,328.40000000000043,962,112.96610169491525
130,Pinus sylvestris,Pinus sylvestris,Scotch pine,species,1,NA_NOT_AVAILABLE_IN_FROZEN_REF_SPECIES,0,25,115725,279,1529,10051,234,57920,57805,121,158,9235,9171,115,145,26,89,119,0.1111111111111111,0.7931034482758621,0.7931034482758621,0.7658227848101266,0.7658227848101266,0.8376068376068376,130,0.10683760683760683,4406.032796064958,93,0.043478260869565216,2373.420527424502,97,0.05517241379310345,4406.032796064958,CONTINUOUS_METRICS_ONLY_NO_FINAL_RULE,1.0,AVAILABLE_IN_FIADB_NOT_APPLIED; EVALID_LINKAGE_REQUIRED_FOR_FORMAL_ESTIMATION,0,1,1,1.0,1.0,1.0,1.0,2.0,5,1.1923076923076923,1,1.0,1.0,3.0,8.0,16.700000000000017,53,6.534188034188034
130,Pinus sylvestris,Pinus sylvestris,Scotch pine,species,1,NA_NOT_AVAILABLE_IN_FROZEN_REF_SPECIES,0,50,115725,279,1529,2970,172,57920,57805,121,158,2846,2830,104,118,50,54,68,0.29069767441860467,0.8813559322033898,0.8813559322033898,0.7658227848101266,0.7658227848101266,0.6104651162790697,35,0.27325581395348836,4382.065722921097,37,0.3269230769230769,2350.5318547086317,37,0.23728813559322035,4382.065722921097,CONTINUOUS_METRICS_ONLY_NO_FINAL_RULE,1.0,AVAILABLE_IN_FIADB_NOT_APPLIED; EVALID_LINKAGE_REQUIRED_FOR_FORMAL_ESTIMATION,0,1,1,1.0,1.0,1.0,2.0,3.0,9,1.622093023255814,1,1.0,2.0,4.0,9.25,23.900000000000006,63,8.88953488372093
130,Pinus sylvestris,Pinus sylvestris,Scotch pine,species,1,NA_NOT_AVAILABLE_IN_FROZEN_REF_SPECIES,0,75,115725,279,1529,1441,119,57920,57805,121,158,1411,1397,77,88,46,31,42,0.3865546218487395,0.875,0.875,0.7658227848101266,0.7658227848101266,0.5042016806722689,20,0.40336134453781514,4368.065933568311,26,0.3116883116883117,2383.5372873106057,16,0.3977272727272727,4368.065933568311,CONTINUOUS_METRICS_ONLY_NO_FINAL_RULE,1.0,AVAILABLE_IN_FIADB_NOT_APPLIED; EVALID_LINKAGE_REQUIRED_FOR_FORMAL_ESTIMATION,0,1,1,1.0,1.0,1.0,3.0,5.0,11,2.3445378151260505,1,1.0,2.0,6.0,14.5,38.2,86,12.84873949579832
131,Pinus taeda,Pinus taeda,loblolly pine,species,1,NA_NOT_AVAILABLE_IN_FROZEN_REF_SPECIES,0,25,115725,16390,269519,10051,1760,57920,57805,8178,8212,9235,9171,1576,1589,1405,171,184,0.7982954545454546,0.9918187539332913,0.9918187539332913,0.995859717486605,0.995859717486605,0.12897727272727272,55,0.95,2440.414923737355,53,0.7341370558375635,2365.6394484367224,59,0.9421019509125236,2420.743687382041,CONTINUOUS_METRICS_ONLY_NO_FINAL_RULE,1.0,AVAILABLE_IN_FIADB_NOT_APPLIED; EVALID_LINKAGE_REQUIRED_FOR_FORMAL_ESTIMATION,0,1,1,1.0,3.0,9.0,14.0,18.0,45,9.3125,1,7.0,36.0,119.5,233.0,347.0,680,153.13579545454544
131,Pinus taeda,Pinus taeda,loblolly pine,species,1,NA_NOT_AVAILABLE_IN_FROZEN_REF_SPECIES,0,50,115725,16390,269519,2970,545,57920,57805,8178,8212,2846,2830,504,499,458,46,41,0.8403669724770643,0.9900793650793651,1.0100200400801602,0.995859717486605,0.995859717486605,0.10642201834862386,13,0.9596330275229358,2460.1829200285088,15,0.9583333333333334,2400.520776831561,19,0.9539078156312625,2420.743687382041,CONTINUOUS_METRICS_ONLY_NO_FINAL_RULE,1.0,AVAILABLE_IN_FIADB_NOT_APPLIED; EVALID_LINKAGE_REQUIRED_FOR_FORMAL_ESTIMATION,0,1,1,1.0,5.0,26.0,51.0,66.60000000000002,119,30.073394495412845,1,6.800000000000011,63.0,343.0,829.0,1231.0000000000002,2194,494.5302752293578
131,Pinus taeda,Pinus taeda,loblolly pine,species,1,NA_NOT_AVAILABLE_IN_FROZEN_REF_SPECIES,0,75,115725,16390,269519,1441,278,57920,57805,8178,8212,1411,1397,257,255,234,23,21,0.841726618705036,0.9922178988326849,1.007843137254902,0.995859717486605,0.995859717486605,0.10431654676258993,2,0.9964028776978417,2460.182920028509,4,0.980544747081712,2371.7082451262845,6,0.9529411764705882,2401.171589037318,CONTINUOUS_METRICS_ONLY_NO_FINAL_RULE,1.0,AVAILABLE_IN_FIADB_NOT_APPLIED; EVALID_LINKAGE_REQUIRED_FOR_FORMAL_ESTIMATION,0,1,1,1.0,5.0,40.5,104.5,141.0,215,58.9568345323741,1,9.400000000000006,65.75,588.0,1678.0,2417.1000000000004,4286,969.4928057553957
132,Pinus virginiana,Pinus virginiana,Virginia pine,species,1,NA_NOT_AVAILABLE_IN_FROZEN_REF_SPECIES,0,25,115725,2586,13480,10051,661,57920,57805,1300,1286,9235,9171,518,526,383,135,143,0.5794251134644478,0.9847908745247148,0.9847908745247148,0.9892307692307692,1.010886469673406,0.28290468986384265,44,0.8638426626323752,1991.2307751739877,59,0.7586872586872587,1665.0825805346713,55,0.779467680608365,1900.6577808748211,CONTINUOUS_METRICS_ONLY_NO_FINAL_RULE,1.0,AVAILABLE_IN_FIADB_NOT_APPLIED; EVALID_LINKAGE_REQUIRED_FOR_FORMAL_ESTIMATION,0,1,1,1.0,1.0,3.0,5.0,8.0,32,3.9122541603630863,1,1.0,3.0,10.0,26.0,54.0,299,20.393343419062028
132,Pinus virginiana,Pinus virginiana,Virginia pine,species,1,NA_NOT_AVAILABLE_IN_FROZEN_REF_SPECIES,0,50,115725,2586,13480,2970,249,57920,57805,1300,1286,2846,2830,219,223,193,26,30,0.7751004016064257,0.9820627802690582,0.9820627802690582,0.9892307692307692,1.010886469673406,0.14859437751004015,10,0.9397590361445783,1991.2307751739877,9,0.8721461187214612,1665.0825805346713,10,0.9461883408071748,1900.6577808748211,CONTINUOUS_METRICS_ONLY_NO_FINAL_RULE,1.0,AVAILABLE_IN_FIADB_NOT_APPLIED; EVALID_LINKAGE_REQUIRED_FOR_FORMAL_ESTIMATION,0,1,1,1.0,2.0,6.0,16.0,26.200000000000017,55,10.385542168674698,1,2.0,7.0,22.0,69.0,148.2000000000002,479,54.136546184738954
132,Pinus virginiana,Pinus virginiana,Virginia pine,species,1,NA_NOT_AVAILABLE_IN_FROZEN_REF_SPECIES,0,75,115725,2586,13480,1441,129,57920,57805,1300,1286,1411,1397,113,118,102,11,16,0.7906976744186046,0.9576271186440678,0.9576271186440678,0.9892307692307692,1.010886469673406,0.17054263565891473,5,0.9612403100775194,2026.3884129159444,2,0.9823008849557522,1651.703665915893,4,0.9745762711864406,1935.523185084591,CONTINUOUS_METRICS_ONLY_NO_FINAL_RULE,1.0,AVAILABLE_IN_FIADB_NOT_APPLIED; EVALID_LINKAGE_REQUIRED_FOR_FORMAL_ESTIMATION,0,1,1,1.0,4.0,11.0,30.0,51.80000000000001,107,20.046511627906977,1,2.0,15.0,41.0,156.0,283.6,913,104.49612403100775
133,Pinus monophylla,Pinus monophylla,singleleaf pinyon,species,1,NA_NOT_AVAILABLE_IN_FROZEN_REF_SPECIES,1,25,115725,1226,13228,10051,325,57920,57805,604,622,9235,9171,259,260,194,65,66,0.5969230769230769,0.9961538461538462,0.9961538461538462,0.9710610932475884,0.9710610932475884,0.26461538461538464,33,0.803076923076923,1370.4470073665746,30,0.6640926640926641,1300.2403623945843,42,0.6269230769230769,1370.4470073665746,CONTINUOUS_METRICS_ONLY_NO_FINAL_RULE,1.0,AVAILABLE_IN_FIADB_NOT_APPLIED; EVALID_LINKAGE_REQUIRED_FOR_FORMAL_ESTIMATION,0,1,1,1.0,1.0,3.0,5.0,8.0,15,3.772307692307692,1,3.0,10.0,25.0,61.0,94.60000000000002,219,40.70153846153846
133,Pinus monophylla,Pinus monophylla,singleleaf pinyon,species,1,NA_NOT_AVAILABLE_IN_FROZEN_REF_SPECIES,1,50,115725,1226,13228,2970,135,57920,57805,604,622,2846,2830,115,121,101,14,20,0.7481481481481481,0.9504132231404959,0.9504132231404959,0.9710610932475884,0.9710610932475884,0.2222222222222222,12,0.8296296296296296,1390.1438774457845,9,0.8695652173913043,1280.6248474865697,17,0.8264462809917356,1390.1438774457845,CONTINUOUS_METRICS_ONLY_NO_FINAL_RULE,1.0,AVAILABLE_IN_FIADB_NOT_APPLIED; EVALID_LINKAGE_REQUIRED_FOR_FORMAL_ESTIMATION,0,1,1,1.0,2.0,7.0,13.0,21.0,38,9.08148148148148,1,2.0,16.0,57.0,140.5,256.40000000000003,456,97.98518518518519
133,Pinus monophylla,Pinus monophylla,singleleaf pinyon,species,1,NA_NOT_AVAILABLE_IN_FROZEN_REF_SPECIES,1,75,115725,1226,13228,1441,85,57920,57805,604,622,1411,1397,70,77,62,8,15,0.7294117647058823,0.9090909090909091,0.9090909090909091,0.9710610932475884,0.9710610932475884,0.17647058823529413,5,0.8823529411764706,1395.0806428303706,6,0.8714285714285714,1277.2039774444802,7,0.8441558441558441,1395.0806428303706,CONTINUOUS_METRICS_ONLY_NO_FINAL_RULE,1.0,AVAILABLE_IN_FIADB_NOT_APPLIED; EVALID_LINKAGE_REQUIRED_FOR_FORMAL_ESTIMATION,0,1,1,1.0,2.0,6.0,21.0,38.60000000000001,72,14.423529411764706,1,3.4000000000000004,11.0,54.0,250.0,455.00000000000006,764,155.6235294117647
134,Pinus discolor,Pinus discolor,border pinyon,species,1,NA_NOT_AVAILABLE_IN_FROZEN_REF_SPECIES,1,25,115725,32,192,10051,19,57920,57805,14,18,9235,9171,11,10,2,9,8,0.10526315789473684,0.9090909090909091,1.1,0.7777777777777778,0.7777777777777778,0.6842105263157895,8,0.3684210526315789,265.75364531836624,9,0.18181818181818182,230.4886114323222,6,0.4,230.4886114323222,CONTINUOUS_METRICS_ONLY_NO_FINAL_RULE,1.0,AVAILABLE_IN_FIADB_NOT_APPLIED; EVALID_LINKAGE_REQUIRED_FOR_FORMAL_ESTIMATION,0,1,1,1.0,1.0,1.0,2.0,3.3999999999999986,5,1.6842105263157894,1,1.8,2.5,5.0,12.5,19.599999999999998,58,10.105263157894736
134,Pinus discolor,Pinus discolor,border pinyon,species,1,NA_NOT_AVAILABLE_IN_FROZEN_REF_SPECIES,1,50,115725,32,192,2970,15,57920,57805,14,18,2846,2830,10,8,3,7,5,0.2,0.8,1.25,0.7777777777777778,0.7777777777777778,0.6,1,1.0,282.842712474619,2,0.9,250.0,3,0.75,250.0,CONTINUOUS_METRICS_ONLY_NO_FINAL_RULE,1.0,AVAILABLE_IN_FIADB_NOT_APPLIED; EVALID_LINKAGE_REQUIRED_FOR_FORMAL_ESTIMATION,0,1,1,1.0,1.0,1.0,2.5,4.6,7,2.1333333333333333,1,2.0,3.0,5.0,16.5,20.799999999999997,72,12.8
134,Pinus discolor,Pinus discolor,border pinyon,species,1,NA_NOT_AVAILABLE_IN_FROZEN_REF_SPECIES,1,75,115725,32,192,1441,9,57920,57805,14,18,1411,1397,8,5,4,4,1,0.4444444444444444,0.625,1.6,0.7777777777777778,0.7777777777777778,0.3333333333333333,1,1.0,270.41634565979916,2,0.875,270.41634565979916,2,0.8,212.13203435596427,CONTINUOUS_METRICS_ONLY_NO_FINAL_RULE,1.0,AVAILABLE_IN_FIADB_NOT_APPLIED; EVALID_LINKAGE_REQUIRED_FOR_FORMAL_ESTIMATION,0,1,1,1.0,1.0,2.0,4.0,7.800000000000001,11,3.5555555555555554,2,4.4,8.0,16.0,22.0,36.60000000000001,91,21.333333333333332
135,Pinus arizonica,Pinus arizonica,Arizona pine,species,1,NA_NOT_AVAILABLE_IN_FROZEN_REF_SPECIES,0,25,115725,2,7,10051,2,57920,57805,0,2,9235,9171,0,2,0,0,2,0.0,0.0,0.0,0.0,0.0,1.0,2,0.5,55.90169943749474,0,,,2,0.5,55.90169943749474,CONTINUOUS_METRICS_ONLY_NO_FINAL_RULE,1.0,AVAILABLE_IN_FIADB_NOT_APPLIED; EVALID_LINKAGE_REQUIRED_FOR_FORMAL_ESTIMATION,1,1,1,1.0,1.0,1.0,1.0,1.0,1,1.0,3,3.1,3.25,3.5,3.75,3.9,4,3.5
135,Pinus arizonica,Pinus arizonica,Arizona pine,species,1,NA_NOT_AVAILABLE_IN_FROZEN_REF_SPECIES,0,50,115725,2,7,2970,2,57920,57805,0,2,2846,2830,0,2,0,0,2,0.0,0.0,0.0,0.0,0.0,1.0,1,1.0,50.0,0,,,1,1.0,50.0,CONTINUOUS_METRICS_ONLY_NO_FINAL_RULE,1.0,AVAILABLE_IN_FIADB_NOT_APPLIED; EVALID_LINKAGE_REQUIRED_FOR_FORMAL_ESTIMATION,1,1,1,1.0,1.0,1.0,1.0,1.0,1,1.0,3,3.1,3.25,3.5,3.75,3.9,4,3.5
135,Pinus arizonica,Pinus arizonica,Arizona pine,species,1,NA_NOT_AVAILABLE_IN_FROZEN_REF_SPECIES,0,75,115725,2,7,1441,1,57920,57805,0,2,1411,1397,0,1,0,0,1,0.0,0.0,0.0,0.0,0.0,0.0,1,1.0,0.0,0,,,1,1.0,0.0,CONTINUOUS_METRICS_ONLY_NO_FINAL_RULE,1.0,AVAILABLE_IN_FIADB_NOT_APPLIED; EVALID_LINKAGE_REQUIRED_FOR_FORMAL_ESTIMATION,1,1,2,2.0,2.0,2.0,2.0,2.0,2,2.0,7,7.0,7.0,7.0,7.0,7.0,7,7.0
136,Pinus nigra,Pinus nigra,Austrian pine,species,1,NA_NOT_AVAILABLE_IN_FROZEN_REF_SPECIES,0,25,115725,12,100,10051,12,57920,57805,5,7,9235,9171,5,7,0,5,7,0.0,0.7142857142857143,0.7142857142857143,0.7142857142857143,0.7142857142857143,1.0,12,0.08333333333333333,1770.9460748424838,5,0.2,1061.249263839556,7,0.14285714285714285,1770.9460748424838,CONTINUOUS_METRICS_ONLY_NO_FINAL_RULE,1.0,AVAILABLE_IN_FIADB_NOT_APPLIED; EVALID_LINKAGE_REQUIRED_FOR_FORMAL_ESTIMATION,0,1,1,1.0,1.0,1.0,1.0,1.0,1,1.0,1,1.0,1.0,5.5,13.5,19.8,23,8.333333333333334
136,Pinus nigra,Pinus nigra,Austrian pine,species,1,NA_NOT_AVAILABLE_IN_FROZEN_REF_SPECIES,0,50,115725,12,100,2970,12,57920,57805,5,7,2846,2830,5,7,0,5,7,0.0,0.7142857142857143,0.7142857142857143,0.7142857142857143,0.7142857142857143,1.0,11,0.16666666666666666,1802.7756377319947,5,0.2,1079.3516572461451,7,0.14285714285714285,1802.7756377319947,CONTINUOUS_METRICS_ONLY_NO_FINAL_RULE,1.0,AVAILABLE_IN_FIADB_NOT_APPLIED; EVALID_LINKAGE_REQUIRED_FOR_FORMAL_ESTIMATION,0,1,1,1.0,1.0,1.0,1.0,1.0,1,1.0,1,1.0,1.0,5.5,13.5,19.8,23,8.333333333333334
136,Pinus nigra,Pinus nigra,Austrian pine,species,1,NA_NOT_AVAILABLE_IN_FROZEN_REF_SPECIES,0,75,115725,12,100,1441,12,57920,57805,5,7,1411,1397,5,7,0,5,7,0.0,0.7142857142857143,0.7142857142857143,0.7142857142857143,0.7142857142857143,1.0,11,0.16666666666666666,1826.3693492828882,5,0.2,1092.0164833920778,7,0.14285714285714285,1826.3693492828882,CONTINUOUS_METRICS_ONLY_NO_FINAL_RULE,1.0,AVAILABLE_IN_FIADB_NOT_APPLIED; EVALID_LINKAGE_REQUIRED_FOR_FORMAL_ESTIMATION,0,1,1,1.0,1.0,1.0,1.0,1.0,1,1.0,1,1.0,1.0,5.5,13.5,19.8,23,8.333333333333334
137,Pinus washoensis,Pinus washoensis,Washoe pine,species,1,NA_NOT_AVAILABLE_IN_FROZEN_REF_SPECIES,0,25,115725,3,15,10051,3,57920,57805,1,2,9235,9171,1,2,0,1,2,0.0,0.5,0.5,0.5,0.5,1.0,3,0.3333333333333333,206.15528128088303,1,1.0,0.0,2,0.5,176.7766952966369,CONTINUOUS_METRICS_ONLY_NO_FINAL_RULE,1.0,AVAILABLE_IN_FIADB_NOT_APPLIED; EVALID_LINKAGE_REQUIRED_FOR_FORMAL_ESTIMATION,1,1,1,1.0,1.0,1.0,1.0,1.0,1,1.0,3,3.6000000000000005,4.5,6.0,6.0,6.0,6,5.0
137,Pinus washoensis,Pinus washoensis,Washoe pine,species,1,NA_NOT_AVAILABLE_IN_FROZEN_REF_SPECIES,0,50,115725,3,15,2970,2,57920,57805,1,2,2846,2830,1,2,1,0,1,0.5,0.5,0.5,0.5,0.5,0.5,2,0.5,206.15528128088303,1,1.0,0.0,2,0.5,206.15528128088303,CONTINUOUS_METRICS_ONLY_NO_FINAL_RULE,1.0,AVAILABLE_IN_FIADB_NOT_APPLIED; EVALID_LINKAGE_REQUIRED_FOR_FORMAL_ESTIMATION,1,1,1,1.1,1.25,1.5,1.75,1.9,2,1.5,6,6.300000000000001,6.75,7.5,8.25,8.7,9,7.5
137,Pinus washoensis,Pinus washoensis,Washoe pine,species,1,NA_NOT_AVAILABLE_IN_FROZEN_REF_SPECIES,0,75,115725,3,15,1441,3,57920,57805,1,2,1411,1397,1,2,0,1,2,0.0,0.5,0.5,0.5,0.5,1.0,2,0.6666666666666666,237.17082451262846,1,1.0,0.0,2,0.5,225.0,CONTINUOUS_METRICS_ONLY_NO_FINAL_RULE,1.0,AVAILABLE_IN_FIADB_NOT_APPLIED; EVALID_LINKAGE_REQUIRED_FOR_FORMAL_ESTIMATION,1,1,1,1.0,1.0,1.0,1.0,1.0,1,1.0,3,3.6000000000000005,4.5,6.0,6.0,6.0,6,5.0
140,Pinus cembroides,Pinus cembroides,Mexican pinyon pine,species,1,NA_NOT_AVAILABLE_IN_FROZEN_REF_SPECIES,1,25,115725,28,188,10051,20,57920,57805,14,14,9235,9171,13,11,4,9,7,0.2,0.8461538461538461,1.1818181818181819,1.0,1.0,0.7,12,0.2,1140.4494727957044,9,0.23076923076923078,1073.5455276791945,8,0.18181818181818182,1086.5656906050365,CONTINUOUS_METRICS_ONLY_NO_FINAL_RULE,1.0,AVAILABLE_IN_FIADB_NOT_APPLIED; EVALID_LINKAGE_REQUIRED_FOR_FORMAL_ESTIMATION,0,1,1,1.0,1.0,1.0,2.0,2.1000000000000014,3,1.4,1,1.0,2.0,4.0,11.25,26.60000000000001,41,9.4
140,Pinus cembroides,Pinus cembroides,Mexican pinyon pine,species,1,NA_NOT_AVAILABLE_IN_FROZEN_REF_SPECIES,1,50,115725,28,188,2970,14,57920,57805,14,14,2846,2830,10,9,5,5,4,0.35714285714285715,0.9,1.1111111111111112,1.0,1.0,0.5,8,0.21428571428571427,1118.033988749895,7,0.3,1073.5455276791945,7,0.3333333333333333,1077.0329614269008,CONTINUOUS_METRICS_ONLY_NO_FINAL_RULE,1.0,AVAILABLE_IN_FIADB_NOT_APPLIED; EVALID_LINKAGE_REQUIRED_FOR_FORMAL_ESTIMATION,0,1,1,1.0,1.0,1.5,2.75,3.700000000000001,5,2.0,1,1.3,3.0,5.0,18.5,37.900000000000006,41,13.428571428571429
140,Pinus cembroides,Pinus cembroides,Mexican pinyon pine,species,1,NA_NOT_AVAILABLE_IN_FROZEN_REF_SPECIES,1,75,115725,28,188,1441,13,57920,57805,14,14,1411,1397,9,9,5,4,4,0.38461538461538464,1.0,1.0,1.0,1.0,0.5384615384615384,5,0.38461538461538464,1173.9356881873896,5,0.5555555555555556,1107.361729517505,5,0.3333333333333333,1114.955156048888,CONTINUOUS_METRICS_ONLY_NO_FINAL_RULE,1.0,AVAILABLE_IN_FIADB_NOT_APPLIED; EVALID_LINKAGE_REQUIRED_FOR_FORMAL_ESTIMATION,0,1,1,1.0,1.0,1.0,3.0,4.800000000000001,5,2.1538461538461537,1,1.2000000000000002,3.0,4.0,20.0,38.60000000000001,41,14.461538461538462
141,Pinus remota,Pinus remota,papershell pinyon pine,species,1,NA_NOT_AVAILABLE_IN_FROZEN_REF_SPECIES,1,25,115725,21,50,10051,12,57920,57805,12,9,9235,9171,8,6,2,6,4,0.16666666666666666,0.75,1.3333333333333333,0.75,1.3333333333333333,0.5,2,0.8333333333333334,348.209706929603,2,0.875,106.06601717798212,3,0.3333333333333333,340.0367627183861,CONTINUOUS_METRICS_ONLY_NO_FINAL_RULE,1.0,AVAILABLE_IN_FIADB_NOT_APPLIED; EVALID_LINKAGE_REQUIRED_FOR_FORMAL_ESTIMATION,0,1,1,1.0,1.0,1.5,2.0,2.9000000000000004,4,1.75,1,1.0,1.0,3.5,5.75,8.0,11,4.166666666666667
141,Pinus remota,Pinus remota,papershell pinyon pine,species,1,NA_NOT_AVAILABLE_IN_FROZEN_REF_SPECIES,1,50,115725,21,50,2970,7,57920,57805,12,9,2846,2830,5,5,3,2,2,0.42857142857142855,1.0,1.0,0.75,1.3333333333333333,0.14285714285714285,2,0.8571428571428571,364.0054944640259,1,1.0,111.80339887498948,2,0.8,364.0054944640259,CONTINUOUS_METRICS_ONLY_NO_FINAL_RULE,1.0,AVAILABLE_IN_FIADB_NOT_APPLIED; EVALID_LINKAGE_REQUIRED_FOR_FORMAL_ESTIMATION,0,1,1,1.6,2.0,3.0,4.0,4.4,5,3.0,2,2.0,5.0,9.0,9.0,9.8,11,7.142857142857143
141,Pinus remota,Pinus remota,papershell pinyon pine,species,1,NA_NOT_AVAILABLE_IN_FROZEN_REF_SPECIES,1,75,115725,21,50,1441,6,57920,57805,12,9,1411,1397,3,5,2,1,3,0.3333333333333333,0.6,0.6,0.75,1.3333333333333333,0.5,2,0.6666666666666666,335.4101966249685,1,1.0,106.06601717798213,2,0.6,335.4101966249685,CONTINUOUS_METRICS_ONLY_NO_FINAL_RULE,1.0,AVAILABLE_IN_FIADB_NOT_APPLIED; EVALID_LINKAGE_REQUIRED_FOR_FORMAL_ESTIMATION,0,1,1,1.0,1.0,2.0,5.25,7.5,9,3.5,1,1.0,1.25,5.5,15.0,18.5,20,8.333333333333334
142,Pinus longaeva,Pinus longaeva,Great Basin bristlecone pine,species,1,NA_NOT_AVAILABLE_IN_FROZEN_REF_SPECIES,0,25,115725,27,155,10051,20,57920,57805,11,16,9235,9171,11,12,3,8,9,0.15,0.9166666666666666,0.9166666666666666,0.6875,0.6875,0.65,16,0.1,750.4165509901817,9,0.18181818181818182,460.9772228646444,11,0.16666666666666666,750.4165509901817,CONTINUOUS_METRICS_ONLY_NO_FINAL_RULE,1.0,AVAILABLE_IN_FIADB_NOT_APPLIED; EVALID_LINKAGE_REQUIRED_FOR_FORMAL_ESTIMATION,0,1,1,1.0,1.0,1.0,2.0,2.0,2,1.35,1,1.0,1.75,4.5,8.25,17.30000000000002,32,7.75
142,Pinus longaeva,Pinus longaeva,Great Basin bristlecone pine,species,1,NA_NOT_AVAILABLE_IN_FROZEN_REF_SPECIES,0,50,115725,27,155,2970,18,57920,57805,11,16,2846,2830,10,12,4,6,8,0.2222222222222222,0.8333333333333334,0.8333333333333334,0.6875,0.6875,0.5555555555555556,9,0.16666666666666666,738.24115301167,4,0.3,460.9772228646444,10,0.25,738.24115301167,CONTINUOUS_METRICS_ONLY_NO_FINAL_RULE,1.0,AVAILABLE_IN_FIADB_NOT_APPLIED; EVALID_LINKAGE_REQUIRED_FOR_FORMAL_ESTIMATION,0,1,1,1.0,1.0,1.0,2.0,2.0,3,1.5,1,1.0,2.25,7.5,9.0,19.90000000000001,32,8.61111111111111
142,Pinus longaeva,Pinus longaeva,Great Basin bristlecone pine,species,1,NA_NOT_AVAILABLE_IN_FROZEN_REF_SPECIES,0,75,115725,27,155,1441,15,57920,57805,11,16,1411,1397,10,10,5,5,5,0.3333333333333333,1.0,1.0,0.6875,0.6875,0.4,5,0.4,707.5485849042452,2,0.5,480.23431780746364,9,0.2,707.5485849042452,CONTINUOUS_METRICS_ONLY_NO_FINAL_RULE,1.0,AVAILABLE_IN_FIADB_NOT_APPLIED; EVALID_LINKAGE_REQUIRED_FOR_FORMAL_ESTIMATION,0,1,1,1.0,1.0,2.0,2.0,3.0,3,1.8,1,1.0,3.5,8.0,12.0,27.0,33,10.333333333333334
143,Pinus monophylla var. fallax,Pinus monophylla var. fallax,Arizona pinyon pine,infraspecies,1,NA_NOT_AVAILABLE_IN_FROZEN_REF_SPECIES,1,25,115725,199,1004,10051,71,57920,57805,101,98,9235,9171,53,55,37,16,18,0.5211267605633803,0.9636363636363636,0.9636363636363636,0.9702970297029703,1.030612244897959,0.39436619718309857,9,0.4507042253521127,726.7220926874317,13,0.24528301886792453,707.9901129253149,10,0.43636363636363634,695.0719387228922,CONTINUOUS_METRICS_ONLY_NO_FINAL_RULE,1.0,AVAILABLE_IN_FIADB_NOT_APPLIED; EVALID_LINKAGE_REQUIRED_FOR_FORMAL_ESTIMATION,0,1,1,1.0,1.0,2.0,4.0,6.0,9,2.8028169014084505,1,1.0,2.5,9.0,19.5,36.0,61,14.140845070422536
143,Pinus monophylla var. fallax,Pinus monophylla var. fallax,Arizona pinyon pine,infraspecies,1,NA_NOT_AVAILABLE_IN_FROZEN_REF_SPECIES,1,50,115725,199,1004,2970,32,57920,57805,101,98,2846,2830,26,29,23,3,6,0.71875,0.896551724137931,0.896551724137931,0.9702970297029703,1.030612244897959,0.125,3,0.9375,710.6335201775947,2,0.9615384615384616,672.6812023536855,4,0.6896551724137931,710.6335201775947,CONTINUOUS_METRICS_ONLY_NO_FINAL_RULE,1.0,AVAILABLE_IN_FIADB_NOT_APPLIED; EVALID_LINKAGE_REQUIRED_FOR_FORMAL_ESTIMATION,0,1,1,1.1,2.0,5.0,8.0,11.700000000000006,27,6.21875,1,2.0,7.0,22.0,41.0,62.0,167,31.375
143,Pinus monophylla var. fallax,Pinus monophylla var. fallax,Arizona pinyon pine,infraspecies,1,NA_NOT_AVAILABLE_IN_FROZEN_REF_SPECIES,1,75,115725,199,1004,1441,21,57920,57805,101,98,1411,1397,18,19,16,2,3,0.7619047619047619,0.9473684210526315,0.9473684210526315,0.9702970297029703,1.030612244897959,0.14285714285714285,1,1.0,691.4658342969665,2,0.9444444444444444,691.4658342969665,1,1.0,691.4658342969665,CONTINUOUS_METRICS_ONLY_NO_FINAL_RULE,1.0,AVAILABLE_IN_FIADB_NOT_APPLIED; EVALID_LINKAGE_REQUIRED_FOR_FORMAL_ESTIMATION,0,1,1,1.0,4.0,7.0,13.0,22.0,32,9.476190476190476,1,3.0,15.0,43.0,60.0,90.0,186,47.80952380952381
201,Pseudotsuga macrocarpa,Pseudotsuga macrocarpa,bigcone Douglas-fir,species,1,NA_NOT_AVAILABLE_IN_FROZEN_REF_SPECIES,0,25,115725,5,22,10051,5,57920,57805,3,2,9235,9171,3,2,0,3,2,0.0,0.6666666666666666,1.5,0.6666666666666666,1.5,1.0,5,0.2,235.8495283014151,3,0.3333333333333333,235.8495283014151,2,0.5,125.0,CONTINUOUS_METRICS_ONLY_NO_FINAL_RULE,1.0,AVAILABLE_IN_FIADB_NOT_APPLIED; EVALID_LINKAGE_REQUIRED_FOR_FORMAL_ESTIMATION,0,1,1,1.0,1.0,1.0,1.0,1.0,1,1.0,2,2.0,2.0,4.0,4.0,7.6000000000000005,10,4.4
201,Pseudotsuga macrocarpa,Pseudotsuga macrocarpa,bigcone Douglas-fir,species,1,NA_NOT_AVAILABLE_IN_FROZEN_REF_SPECIES,0,50,115725,5,22,2970,4,57920,57805,3,2,2846,2830,3,2,1,2,1,0.25,0.6666666666666666,1.5,0.6666666666666666,1.5,0.75,4,0.25,250.0,3,0.3333333333333333,250.0,2,0.5,111.80339887498948,CONTINUOUS_METRICS_ONLY_NO_FINAL_RULE,1.0,AVAILABLE_IN_FIADB_NOT_APPLIED; EVALID_LINKAGE_REQUIRED_FOR_FORMAL_ESTIMATION,0,1,1,1.0,1.0,1.0,1.25,1.7000000000000002,2,1.25,2,2.6,3.5,5.0,7.0,8.8,10,5.5
201,Pseudotsuga macrocarpa,Pseudotsuga macrocarpa,bigcone Douglas-fir,species,1,NA_NOT_AVAILABLE_IN_FROZEN_REF_SPECIES,0,75,115725,5,22,1441,4,57920,57805,3,2,1411,1397,3,2,1,2,1,0.25,0.6666666666666666,1.5,0.6666666666666666,1.5,0.75,2,0.5,237.17082451262846,2,0.6666666666666666,237.17082451262846,2,0.5,106.06601717798213,CONTINUOUS_METRICS_ONLY_NO_FINAL_RULE,1.0,AVAILABLE_IN_FIADB_NOT_APPLIED; EVALID_LINKAGE_REQUIRED_FOR_FORMAL_ESTIMATION,0,1,1,1.0,1.0,1.0,1.25,1.7000000000000002,2,1.25,2,2.6,3.5,5.0,7.0,8.8,10,5.5
202,Pseudotsuga menziesii,Pseudotsuga menziesii,Douglas-fir,species,1,NA_NOT_AVAILABLE_IN_FROZEN_REF_SPECIES,0,25,115725,11517,137289,10051,1546,57920,57805,5760,5757,9235,9171,1322,1323,1099,223,224,0.7108667529107374,0.999244142101285,0.999244142101285,0.9994791666666667,1.0005211047420532,0.19146183699870634,78,0.7063389391979301,4751.6444521870535,94,0.7481089258698941,4751.6444521870535,88,0.7422524565381708,4562.071897723665,CONTINUOUS_METRICS_ONLY_NO_FINAL_RULE,1.0,AVAILABLE_IN_FIADB_NOT_APPLIED; EVALID_LINKAGE_REQUIRED_FOR_FORMAL_ESTIMATION,0,1,1,1.0,2.0,5.0,9.0,17.0,53,7.4495472186287195,1,3.0,12.0,39.0,96.0,216.0,1376,88.80271668822769
202,Pseudotsuga menziesii,Pseudotsuga menziesii,Douglas-fir,species,1,NA_NOT_AVAILABLE_IN_FROZEN_REF_SPECIES,0,50,115725,11517,137289,2970,552,57920,57805,5760,5757,2846,2830,493,504,445,48,59,0.8061594202898551,0.9781746031746031,0.9781746031746031,0.9994791666666667,1.0005211047420532,0.1213768115942029,28,0.6521739130434783,4740.516849458506,29,0.6673427991886409,4740.516849458506,25,0.6607142857142857,4562.071897723665,CONTINUOUS_METRICS_ONLY_NO_FINAL_RULE,1.0,AVAILABLE_IN_FIADB_NOT_APPLIED; EVALID_LINKAGE_REQUIRED_FOR_FORMAL_ESTIMATION,0,1,1,1.0,3.0,11.5,27.0,50.0,168,20.86413043478261,1,5.0,25.0,89.0,258.25,643.4000000000002,3469,248.71195652173913
202,Pseudotsuga menziesii,Pseudotsuga menziesii,Douglas-fir,species,1,NA_NOT_AVAILABLE_IN_FROZEN_REF_SPECIES,0,75,115725,11517,137289,1441,308,57920,57805,5760,5757,1411,1397,283,282,257,26,25,0.8344155844155844,0.9964664310954063,1.00354609929078,0.9994791666666667,1.0005211047420532,0.11038961038961038,11,0.9577922077922078,4762.942892792228,10,0.9434628975265018,4762.942892792228,11,0.8829787234042553,4562.071897723665,CONTINUOUS_METRICS_ONLY_NO_FINAL_RULE,1.0,AVAILABLE_IN_FIADB_NOT_APPLIED; EVALID_LINKAGE_REQUIRED_FOR_FORMAL_ESTIMATION,0,1,1,1.0,4.0,18.0,48.0,96.60000000000002,296,37.392857142857146,1,5.0,29.5,138.0,470.5,1009.0000000000001,5624,445.7435064935065
211,Sequoia sempervirens,Sequoia sempervirens,redwood,species,1,NA_NOT_AVAILABLE_IN_FROZEN_REF_SPECIES,0,25,115725,188,4172,10051,46,57920,57805,94,94,9235,9171,41,35,30,11,5,0.6521739130434783,0.8536585365853658,1.1714285714285715,1.0,1.0,0.2608695652173913,4,0.7608695652173914,707.1067811865476,4,0.7804878048780488,707.1067811865476,4,0.45714285714285713,632.9494450586081,CONTINUOUS_METRICS_ONLY_NO_FINAL_RULE,1.0,AVAILABLE_IN_FIADB_NOT_APPLIED; EVALID_LINKAGE_REQUIRED_FOR_FORMAL_ESTIMATION,0,1,1,1.0,1.25,3.0,6.0,7.5,12,4.086956521739131,1,11.5,22.75,84.5,121.75,193.0,316,90.69565217391305
211,Sequoia sempervirens,Sequoia sempervirens,redwood,species,1,NA_NOT_AVAILABLE_IN_FROZEN_REF_SPECIES,0,50,115725,188,4172,2970,21,57920,57805,94,94,2846,2830,19,18,16,3,2,0.7619047619047619,0.9473684210526315,1.0555555555555556,1.0,1.0,0.14285714285714285,1,1.0,707.1067811865476,2,0.7894736842105263,707.1067811865476,2,0.7222222222222222,657.6473218982952,CONTINUOUS_METRICS_ONLY_NO_FINAL_RULE,1.0,AVAILABLE_IN_FIADB_NOT_APPLIED; EVALID_LINKAGE_REQUIRED_FOR_FORMAL_ESTIMATION,0,1,1,1.0,3.0,4.0,14.0,17.0,29,8.952380952380953,6,11.0,63.0,133.0,319.0,490.0,586,198.66666666666666
211,Sequoia sempervirens,Sequoia sempervirens,redwood,species,1,NA_NOT_AVAILABLE_IN_FROZEN_REF_SPECIES,0,75,115725,188,4172,1441,15,57920,57805,94,94,1411,1397,15,14,14,1,0,0.9333333333333333,0.9333333333333333,1.0714285714285714,1.0,1.0,0.0,1,1.0,691.4658342969665,1,1.0,691.4658342969665,1,1.0,618.4658438426491,CONTINUOUS_METRICS_ONLY_NO_FINAL_RULE,1.0,AVAILABLE_IN_FIADB_NOT_APPLIED; EVALID_LINKAGE_REQUIRED_FOR_FORMAL_ESTIMATION,0,1,4,4.0,5.0,11.0,17.0,24.4,28,12.533333333333333,69,109.4,125.5,214.0,323.5,569.9999999999999,815,278.1333333333333
212,Sequoiadendron giganteum,Sequoiadendron giganteum,giant sequoia,species,1,NA_NOT_AVAILABLE_IN_FROZEN_REF_SPECIES,0,25,115725,6,25,10051,5,57920,57805,5,1,9235,9171,4,1,0,4,1,0.0,0.25,4.0,0.2,5.0,0.8,5,0.2,1236.9316876852981,4,0.25,1236.9316876852981,1,1.0,0.0,CONTINUOUS_METRICS_ONLY_NO_FINAL_RULE,1.0,AVAILABLE_IN_FIADB_NOT_APPLIED; EVALID_LINKAGE_REQUIRED_FOR_FORMAL_ESTIMATION,1,1,1,1.0,1.0,1.0,1.0,1.6,2,1.2,1,1.4,2.0,4.0,9.0,9.0,9,5.0
212,Sequoiadendron giganteum,Sequoiadendron giganteum,giant sequoia,species,1,NA_NOT_AVAILABLE_IN_FROZEN_REF_SPECIES,0,50,115725,6,25,2970,5,57920,57805,5,1,2846,2830,4,1,0,4,1,0.0,0.25,4.0,0.2,5.0,0.8,5,0.2,1236.9316876852981,4,0.25,1236.9316876852981,1,1.0,0.0,CONTINUOUS_METRICS_ONLY_NO_FINAL_RULE,1.0,AVAILABLE_IN_FIADB_NOT_APPLIED; EVALID_LINKAGE_REQUIRED_FOR_FORMAL_ESTIMATION,1,1,1,1.0,1.0,1.0,1.0,1.6,2,1.2,1,1.4,2.0,4.0,9.0,9.0,9,5.0
212,Sequoiadendron giganteum,Sequoiadendron giganteum,giant sequoia,species,1,NA_NOT_AVAILABLE_IN_FROZEN_REF_SPECIES,0,75,115725,6,25,1441,5,57920,57805,5,1,1411,1397,4,1,0,4,1,0.0,0.25,4.0,0.2,5.0,0.8,5,0.2,1236.9316876852981,4,0.25,1236.9316876852981,1,1.0,0.0,CONTINUOUS_METRICS_ONLY_NO_FINAL_RULE,1.0,AVAILABLE_IN_FIADB_NOT_APPLIED; EVALID_LINKAGE_REQUIRED_FOR_FORMAL_ESTIMATION,1,1,1,1.0,1.0,1.0,1.0,1.6,2,1.2,1,1.4,2.0,4.0,9.0,9.0,9,5.0
221,Taxodium distichum,Taxodium distichum,baldcypress,species,1,NA_NOT_AVAILABLE_IN_FROZEN_REF_SPECIES,0,25,115725,1063,6546,10051,549,57920,57805,538,525,9235,9171,362,342,155,207,187,0.28233151183970856,0.9447513812154696,1.0584795321637428,0.9758364312267658,1.0247619047619048,0.5664845173041895,118,0.1657559198542805,2401.171589037318,138,0.09116022099447514,2385.634087616959,129,0.10818713450292397,2267.156809750927,CONTINUOUS_METRICS_ONLY_NO_FINAL_RULE,1.0,AVAILABLE_IN_FIADB_NOT_APPLIED; EVALID_LINKAGE_REQUIRED_FOR_FORMAL_ESTIMATION,0,1,1,1.0,1.0,1.0,2.0,4.0,16,1.9362477231329691,1,1.0,2.0,6.0,14.0,31.0,161,11.923497267759563
221,Taxodium distichum,Taxodium distichum,baldcypress,species,1,NA_NOT_AVAILABLE_IN_FROZEN_REF_SPECIES,0,50,115725,1063,6546,2970,290,57920,57805,538,525,2846,2830,227,219,156,71,63,0.5379310344827586,0.9647577092511013,1.0365296803652968,0.9758364312267658,1.0247619047619048,0.30689655172413793,10,0.9620689655172414,2381.701072762911,13,0.5991189427312775,2381.701072762911,21,0.4200913242009132,2267.156809750927,CONTINUOUS_METRICS_ONLY_NO_FINAL_RULE,1.0,AVAILABLE_IN_FIADB_NOT_APPLIED; EVALID_LINKAGE_REQUIRED_FOR_FORMAL_ESTIMATION,0,1,1,1.0,1.0,2.5,4.0,7.100000000000023,34,3.6655172413793102,1,1.0,4.0,12.0,26.0,51.10000000000002,313,22.572413793103447
221,Taxodium distichum,Taxodium distichum,baldcypress,species,1,NA_NOT_AVAILABLE_IN_FROZEN_REF_SPECIES,0,75,115725,1063,6546,1441,166,57920,57805,538,525,1411,1397,145,134,113,32,21,0.6807228915662651,0.9241379310344827,1.0820895522388059,0.9758364312267658,1.0247619047619048,0.1927710843373494,7,0.9578313253012049,2401.171589037318,5,0.9655172413793104,2401.171589037318,4,0.9776119402985075,2229.910312097776,CONTINUOUS_METRICS_ONLY_NO_FINAL_RULE,1.0,AVAILABLE_IN_FIADB_NOT_APPLIED; EVALID_LINKAGE_REQUIRED_FOR_FORMAL_ESTIMATION,0,1,1,1.0,2.0,5.0,8.0,12.5,58,6.403614457831325,1,2.0,9.0,24.5,44.75,89.5,530,39.433734939759034
222,Taxodium ascendens,Taxodium ascendens,pondcypress,species,1,NA_NOT_AVAILABLE_IN_FROZEN_REF_SPECIES,0,25,115725,763,7703,10051,278,57920,57805,367,396,9235,9171,191,207,120,71,87,0.4316546762589928,0.9227053140096618,0.9227053140096618,0.9267676767676768,0.9267676767676768,0.46402877697841727,38,0.6870503597122302,2000.0,37,0.3298429319371728,1980.056817366613,45,0.4396135265700483,1787.6311140724756,CONTINUOUS_METRICS_ONLY_NO_FINAL_RULE,1.0,AVAILABLE_IN_FIADB_NOT_APPLIED; EVALID_LINKAGE_REQUIRED_FOR_FORMAL_ESTIMATION,0,1,1,1.0,1.0,2.0,4.0,6.0,15,2.7446043165467624,1,1.0,3.0,10.5,32.75,74.60000000000002,363,27.70863309352518
222,Taxodium ascendens,Taxodium ascendens,pondcypress,species,1,NA_NOT_AVAILABLE_IN_FROZEN_REF_SPECIES,0,50,115725,763,7703,2970,129,57920,57805,367,396,2846,2830,98,112,81,17,31,0.627906976744186,0.875,0.875,0.9267676767676768,0.9267676767676768,0.27906976744186046,10,0.8837209302325582,2000.0,12,0.6632653061224489,2000.0,13,0.7857142857142857,1769.1806012954132,CONTINUOUS_METRICS_ONLY_NO_FINAL_RULE,1.0,AVAILABLE_IN_FIADB_NOT_APPLIED; EVALID_LINKAGE_REQUIRED_FOR_FORMAL_ESTIMATION,0,1,1,1.0,1.0,3.0,7.0,17.0,34,5.9147286821705425,1,1.8000000000000007,5.0,21.0,66.0,149.2,697,59.713178294573645
222,Taxodium ascendens,Taxodium ascendens,pondcypress,species,1,NA_NOT_AVAILABLE_IN_FROZEN_REF_SPECIES,0,75,115725,763,7703,1441,76,57920,57805,367,396,1411,1397,64,65,53,11,12,0.6973684210526315,0.9846153846153847,0.9846153846153847,0.9267676767676768,0.9267676767676768,0.21052631578947367,6,0.9210526315789473,1980.0568173666127,6,0.765625,1980.0568173666127,8,0.7846153846153846,1750.8926294893129,CONTINUOUS_METRICS_ONLY_NO_FINAL_RULE,1.0,AVAILABLE_IN_FIADB_NOT_APPLIED; EVALID_LINKAGE_REQUIRED_FOR_FORMAL_ESTIMATION,0,1,1,1.0,2.0,6.0,14.0,26.5,54,10.039473684210526,1,3.0,11.0,49.5,145.25,258.5,970,101.35526315789474
231,Taxus brevifolia,Taxus brevifolia,Pacific yew,species,1,NA_NOT_AVAILABLE_IN_FROZEN_REF_SPECIES,0,25,115725,192,437,10051,108,57920,57805,89,103,9235,9171,68,68,28,40,40,0.25925925925925924,1.0,1.0,0.8640776699029126,0.8640776699029126,0.6388888888888888,38,0.4166666666666667,1414.213562373095,29,0.2647058823529412,1343.9680055715612,25,0.45588235294117646,1274.7548783981963,CONTINUOUS_METRICS_ONLY_NO_FINAL_RULE,1.0,AVAILABLE_IN_FIADB_NOT_APPLIED; EVALID_LINKAGE_REQUIRED_FOR_FORMAL_ESTIMATION,0,1,1,1.0,1.0,1.0,2.0,4.0,7,1.7777777777777777,1,1.0,1.0,2.0,5.0,9.0,20,4.046296296296297
231,Taxus brevifolia,Taxus brevifolia,Pacific yew,species,1,NA_NOT_AVAILABLE_IN_FROZEN_REF_SPECIES,0,50,115725,192,437,2970,66,57920,57805,89,103,2846,2830,48,44,26,22,18,0.3939393939393939,0.9166666666666666,1.0909090909090908,0.8640776699029126,0.8640776699029126,0.3939393939393939,12,0.5454545454545454,1414.213562373095,14,0.625,1345.362404707371,10,0.5,1274.7548783981963,CONTINUOUS_METRICS_ONLY_NO_FINAL_RULE,1.0,AVAILABLE_IN_FIADB_NOT_APPLIED; EVALID_LINKAGE_REQUIRED_FOR_FORMAL_ESTIMATION,0,1,1,1.0,1.0,2.0,3.0,5.5,17,2.909090909090909,1,1.0,2.0,3.0,7.0,13.5,53,6.621212121212121
231,Taxus brevifolia,Taxus brevifolia,Pacific yew,species,1,NA_NOT_AVAILABLE_IN_FROZEN_REF_SPECIES,0,75,115725,192,437,1441,45,57920,57805,89,103,1411,1397,32,31,18,14,13,0.4,0.96875,1.032258064516129,0.8640776699029126,0.8640776699029126,0.37777777777777777,6,0.7333333333333333,1432.87298809071,9,0.5625,1326.88545097156,7,0.41935483870967744,1326.88545097156,CONTINUOUS_METRICS_ONLY_NO_FINAL_RULE,1.0,AVAILABLE_IN_FIADB_NOT_APPLIED; EVALID_LINKAGE_REQUIRED_FOR_FORMAL_ESTIMATION,0,1,1,1.0,1.0,2.0,4.0,7.600000000000001,28,4.266666666666667,1,1.0,2.0,5.0,10.0,19.400000000000013,67,9.71111111111111
241,Thuja occidentalis,Thuja occidentalis,northern white-cedar,species,1,NA_NOT_AVAILABLE_IN_FROZEN_REF_SPECIES,0,25,115725,2909,41807,10051,568,57920,57805,1471,1438,9235,9171,479,465,376,103,89,0.6619718309859155,0.9707724425887265,1.0301075268817204,0.9775662814411965,1.0229485396383866,0.23943661971830985,34,0.6144366197183099,2650.0,37,0.40292275574112735,2594.344811315566,44,0.49032258064516127,2387.9907872519107,CONTINUOUS_METRICS_ONLY_NO_FINAL_RULE,1.0,AVAILABLE_IN_FIADB_NOT_APPLIED; EVALID_LINKAGE_REQUIRED_FOR_FORMAL_ESTIMATION,0,1,1,1.0,2.0,4.0,8.0,11.0,31,5.121478873239437,1,3.0,12.0,41.5,95.0,183.80000000000007,926,73.60387323943662
241,Thuja occidentalis,Thuja occidentalis,northern white-cedar,species,1,NA_NOT_AVAILABLE_IN_FROZEN_REF_SPECIES,0,50,115725,2909,41807,2970,215,57920,57805,1471,1438,2846,2830,190,189,164,26,25,0.7627906976744186,0.9947368421052631,1.0052910052910053,0.9775662814411965,1.0229485396383866,0.1813953488372093,10,0.5906976744186047,2650.0,8,0.6105263157894737,2581.1818998280614,11,0.6243386243386243,2387.9907872519107,CONTINUOUS_METRICS_ONLY_NO_FINAL_RULE,1.0,AVAILABLE_IN_FIADB_NOT_APPLIED; EVALID_LINKAGE_REQUIRED_FOR_FORMAL_ESTIMATION,0,1,1,1.0,3.0,8.0,21.0,36.0,60,13.530232558139534,1,4.0,22.5,95.0,264.5,513.6,1847,194.45116279069768
241,Thuja occidentalis,Thuja occidentalis,northern white-cedar,species,1,NA_NOT_AVAILABLE_IN_FROZEN_REF_SPECIES,0,75,115725,2909,41807,1441,120,57920,57805,1471,1438,1411,1397,104,110,94,10,16,0.7833333333333333,0.9454545454545454,0.9454545454545454,0.9775662814411965,1.0229485396383866,0.19166666666666668,5,0.6416666666666667,2663.2921356847055,6,0.6346153846153846,2623.928352680385,5,0.6363636363636364,2396.4817963005685,CONTINUOUS_METRICS_ONLY_NO_FINAL_RULE,1.0,AVAILABLE_IN_FIADB_NOT_APPLIED; EVALID_LINKAGE_REQUIRED_FOR_FORMAL_ESTIMATION,0,1,1,1.0,2.75,15.0,33.25,66.40000000000003,101,24.241666666666667,1,3.9000000000000004,28.5,154.5,470.75,904.1000000000007,2349,348.39166666666665
242,Thuja plicata,Thuja plicata,western redcedar,species,1,NA_NOT_AVAILABLE_IN_FROZEN_REF_SPECIES,0,25,115725,1698,11630,10051,326,57920,57805,859,839,9235,9171,270,267,211,59,56,0.647239263803681,0.9888888888888889,1.0112359550561798,0.9767171129220024,1.0238379022646007,0.24233128834355827,9,0.656441717791411,1226.019983523923,12,0.5592592592592592,1226.019983523923,15,0.34831460674157305,1195.0418402717119,CONTINUOUS_METRICS_ONLY_NO_FINAL_RULE,1.0,AVAILABLE_IN_FIADB_NOT_APPLIED; EVALID_LINKAGE_REQUIRED_FOR_FORMAL_ESTIMATION,0,1,1,1.0,2.0,4.0,8.0,11.5,23,5.208588957055214,1,2.5,6.0,20.0,50.0,87.0,263,35.67484662576687
242,Thuja plicata,Thuja plicata,western redcedar,species,1,NA_NOT_AVAILABLE_IN_FROZEN_REF_SPECIES,0,50,115725,1698,11630,2970,114,57920,57805,859,839,2846,2830,107,106,99,8,7,0.868421052631579,0.9906542056074766,1.009433962264151,0.9767171129220024,1.0238379022646007,0.07017543859649122,4,0.631578947368421,1210.3718436910206,5,0.6635514018691588,1210.3718436910206,4,0.6509433962264151,1180.0423721205948,CONTINUOUS_METRICS_ONLY_NO_FINAL_RULE,1.0,AVAILABLE_IN_FIADB_NOT_APPLIED; EVALID_LINKAGE_REQUIRED_FOR_FORMAL_ESTIMATION,0,1,1,2.0,5.0,9.0,23.0,30.700000000000003,68,14.894736842105264,1,13.0,26.25,60.0,148.25,240.1,719,102.01754385964912
242,Thuja plicata,Thuja plicata,western redcedar,species,1,NA_NOT_AVAILABLE_IN_FROZEN_REF_SPECIES,0,75,115725,1698,11630,1441,65,57920,57805,859,839,1411,1397,60,59,54,6,5,0.8307692307692308,0.9833333333333333,1.0169491525423728,0.9767171129220024,1.0238379022646007,0.12307692307692308,1,1.0,1230.0914600142546,2,0.9833333333333333,1230.0914600142546,3,0.6271186440677966,1185.8541225631423,CONTINUOUS_METRICS_ONLY_NO_FINAL_RULE,1.0,AVAILABLE_IN_FIADB_NOT_APPLIED; EVALID_LINKAGE_REQUIRED_FOR_FORMAL_ESTIMATION,0,1,1,1.0,5.0,18.0,44.0,70.0,92,26.123076923076923,1,4.4,41.0,89.0,284.0,401.40000000000003,1116,178.92307692307693
251,Torreya californica,Torreya californica,California torreya (nutmeg),species,1,NA_NOT_AVAILABLE_IN_FROZEN_REF_SPECIES,0,25,115725,12,25,10051,10,57920,57805,3,9,9235,9171,2,8,0,2,8,0.0,0.25,0.25,0.3333333333333333,0.3333333333333333,0.8,7,0.3,390.5124837953327,2,0.5,261.00766272276377,7,0.25,390.5124837953327,CONTINUOUS_METRICS_ONLY_NO_FINAL_RULE,1.0,AVAILABLE_IN_FIADB_NOT_APPLIED; EVALID_LINKAGE_REQUIRED_FOR_FORMAL_ESTIMATION,0,1,1,1.0,1.0,1.0,1.0,2.0,2,1.2,1,1.0,1.0,2.0,3.75,4.199999999999999,6,2.5
251,Torreya californica,Torreya californica,California torreya (nutmeg),species,1,NA_NOT_AVAILABLE_IN_FROZEN_REF_SPECIES,0,50,115725,12,25,2970,8,57920,57805,3,9,2846,2830,2,7,1,1,6,0.125,0.2857142857142857,0.2857142857142857,0.3333333333333333,0.3333333333333333,0.5,4,0.375,390.5124837953327,2,0.5,269.2582403567252,4,0.42857142857142855,390.5124837953327,CONTINUOUS_METRICS_ONLY_NO_FINAL_RULE,1.0,AVAILABLE_IN_FIADB_NOT_APPLIED; EVALID_LINKAGE_REQUIRED_FOR_FORMAL_ESTIMATION,0,1,1,1.0,1.0,1.5,2.0,2.0,2,1.5,1,1.7000000000000002,2.0,2.5,4.25,5.3,6,3.125
251,Torreya californica,Torreya californica,California torreya (nutmeg),species,1,NA_NOT_AVAILABLE_IN_FROZEN_REF_SPECIES,0,75,115725,12,25,1441,5,57920,57805,3,9,1411,1397,2,5,2,0,3,0.4,0.4,0.4,0.3333333333333333,0.3333333333333333,0.4,4,0.4,424.26406871192853,2,0.5,309.23292192132453,4,0.4,424.26406871192853,CONTINUOUS_METRICS_ONLY_NO_FINAL_RULE,1.0,AVAILABLE_IN_FIADB_NOT_APPLIED; EVALID_LINKAGE_REQUIRED_FOR_FORMAL_ESTIMATION,0,1,1,1.0,1.0,3.0,3.0,3.6,4,2.4,1,1.4,2.0,5.0,6.0,9.0,11,5.0
261,Tsuga canadensis,Tsuga canadensis,eastern hemlock,species,1,NA_NOT_AVAILABLE_IN_FROZEN_REF_SPECIES,0,25,115725,4863,29994,10051,1008,57920,57805,2431,2432,9235,9171,818,826,636,182,190,0.6309523809523809,0.9903147699757869,0.9903147699757869,0.9995888157894737,0.9995888157894737,0.2361111111111111,39,0.5208333333333334,2600.120189529707,48,0.5427872860635696,2547.7931627194544,63,0.5181598062953995,2583.118270617898,CONTINUOUS_METRICS_ONLY_NO_FINAL_RULE,1.0,AVAILABLE_IN_FIADB_NOT_APPLIED; EVALID_LINKAGE_REQUIRED_FOR_FORMAL_ESTIMATION,0,1,1,1.0,2.0,3.0,7.0,11.0,32,4.824404761904762,1,2.0,5.0,15.0,41.0,77.30000000000007,356,29.75595238095238
261,Tsuga canadensis,Tsuga canadensis,eastern hemlock,species,1,NA_NOT_AVAILABLE_IN_FROZEN_REF_SPECIES,0,50,115725,4863,29994,2970,347,57920,57805,2431,2432,2846,2830,310,322,285,25,37,0.8213256484149856,0.9627329192546584,0.9627329192546584,0.9995888157894737,0.9995888157894737,0.11239193083573487,9,0.7377521613832853,2617.25046566048,11,0.7354838709677419,2583.118270617898,5,0.7577639751552795,2583.118270617898,CONTINUOUS_METRICS_ONLY_NO_FINAL_RULE,1.0,AVAILABLE_IN_FIADB_NOT_APPLIED; EVALID_LINKAGE_REQUIRED_FOR_FORMAL_ESTIMATION,0,1,1,1.0,3.0,9.0,20.0,34.0,66,14.014409221902017,1,4.0,12.5,42.0,112.5,226.20000000000027,664,86.43804034582132
261,Tsuga canadensis,Tsuga canadensis,eastern hemlock,species,1,NA_NOT_AVAILABLE_IN_FROZEN_REF_SPECIES,0,75,115725,4863,29994,1441,190,57920,57805,2431,2432,1411,1397,170,171,151,19,20,0.7947368421052632,0.9941520467836257,0.9941520467836257,0.9995888157894737,0.9995888157894737,0.14210526315789473,6,0.7421052631578947,2599.1585176745184,7,0.7235294117647059,2547.7931627194544,4,0.7251461988304093,2599.1585176745184,CONTINUOUS_METRICS_ONLY_NO_FINAL_RULE,1.0,AVAILABLE_IN_FIADB_NOT_APPLIED; EVALID_LINKAGE_REQUIRED_FOR_FORMAL_ESTIMATION,0,1,1,1.0,4.0,16.5,39.0,62.0,129,25.594736842105263,1,3.900000000000002,15.25,67.5,203.25,421.19999999999993,1161,157.86315789473684
262,Tsuga caroliniana,Tsuga caroliniana,Carolina hemlock,species,1,NA_NOT_AVAILABLE_IN_FROZEN_REF_SPECIES,0,25,115725,8,15,10051,7,57920,57805,3,5,9235,9171,2,5,0,2,5,0.0,0.4,0.4,0.6,0.6,0.8571428571428571,6,0.2857142857142857,237.17082451262846,1,1.0,25.0,5,0.2,237.17082451262846,CONTINUOUS_METRICS_ONLY_NO_FINAL_RULE,1.0,AVAILABLE_IN_FIADB_NOT_APPLIED; EVALID_LINKAGE_REQUIRED_FOR_FORMAL_ESTIMATION,0,1,1,1.0,1.0,1.0,1.0,1.4000000000000004,2,1.1428571428571428,1,1.0,1.0,2.0,2.5,3.8000000000000007,5,2.142857142857143
262,Tsuga caroliniana,Tsuga caroliniana,Carolina hemlock,species,1,NA_NOT_AVAILABLE_IN_FROZEN_REF_SPECIES,0,50,115725,8,15,2970,6,57920,57805,3,5,2846,2830,2,4,0,2,4,0.0,0.5,0.5,0.6,0.6,0.6666666666666666,3,0.6666666666666666,223.60679774997897,1,1.0,50.0,4,0.25,223.60679774997897,CONTINUOUS_METRICS_ONLY_NO_FINAL_RULE,1.0,AVAILABLE_IN_FIADB_NOT_APPLIED; EVALID_LINKAGE_REQUIRED_FOR_FORMAL_ESTIMATION,0,1,1,1.0,1.0,1.0,1.75,2.0,2,1.3333333333333333,1,1.0,1.25,2.5,3.0,4.0,5,2.5
262,Tsuga caroliniana,Tsuga caroliniana,Carolina hemlock,species,1,NA_NOT_AVAILABLE_IN_FROZEN_REF_SPECIES,0,75,115725,8,15,1441,5,57920,57805,3,5,1411,1397,1,4,0,1,4,0.0,0.25,0.25,0.6,0.6,0.6,1,1.0,237.17082451262846,1,1.0,0.0,2,0.75,237.17082451262846,CONTINUOUS_METRICS_ONLY_NO_FINAL_RULE,1.0,AVAILABLE_IN_FIADB_NOT_APPLIED; EVALID_LINKAGE_REQUIRED_FOR_FORMAL_ESTIMATION,1,1,1,1.0,1.0,1.0,2.0,2.6,3,1.6,1,1.4,2.0,3.0,3.0,4.800000000000001,6,3.0
263,Tsuga heterophylla,Tsuga heterophylla,western hemlock,species,1,NA_NOT_AVAILABLE_IN_FROZEN_REF_SPECIES,0,25,115725,2843,28868,10051,307,57920,57805,1406,1437,9235,9171,268,271,232,36,39,0.755700325732899,0.988929889298893,0.988929889298893,0.9784272790535838,0.9784272790535838,0.1758957654723127,9,0.7687296416938111,1396.6477723463422,9,0.7649253731343284,1396.6477723463422,12,0.7564575645756457,1379.3114224133722,CONTINUOUS_METRICS_ONLY_NO_FINAL_RULE,1.0,AVAILABLE_IN_FIADB_NOT_APPLIED; EVALID_LINKAGE_REQUIRED_FOR_FORMAL_ESTIMATION,0,1,1,1.0,2.0,6.0,13.0,23.0,40,9.260586319218241,1,2.0,11.0,45.0,142.0,252.40000000000003,590,94.03257328990227
263,Tsuga heterophylla,Tsuga heterophylla,western hemlock,species,1,NA_NOT_AVAILABLE_IN_FROZEN_REF_SPECIES,0,50,115725,2843,28868,2970,109,57920,57805,1406,1437,2846,2830,102,102,95,7,7,0.8715596330275229,1.0,1.0,0.9784272790535838,0.9784272790535838,0.10091743119266056,4,0.7339449541284404,1379.3114224133722,6,0.7647058823529411,1379.3114224133722,4,0.7549019607843137,1379.3114224133722,CONTINUOUS_METRICS_ONLY_NO_FINAL_RULE,1.0,AVAILABLE_IN_FIADB_NOT_APPLIED; EVALID_LINKAGE_REQUIRED_FOR_FORMAL_ESTIMATION,0,1,1,1.8000000000000007,5.0,17.0,37.0,61.2,114,26.08256880733945,1,5.0,33.0,152.0,332.0,716.2,1531,264.8440366972477
263,Tsuga heterophylla,Tsuga heterophylla,western hemlock,species,1,NA_NOT_AVAILABLE_IN_FROZEN_REF_SPECIES,0,75,115725,2843,28868,1441,59,57920,57805,1406,1437,1411,1397,56,53,50,6,3,0.847457627118644,0.9464285714285714,1.0566037735849056,0.9784272790535838,0.9784272790535838,0.0847457627118644,3,0.7288135593220338,1432.87298809071,3,0.7142857142857143,1432.87298809071,3,0.7924528301886793,1382.931668593933,CONTINUOUS_METRICS_ONLY_NO_FINAL_RULE,1.0,AVAILABLE_IN_FIADB_NOT_APPLIED; EVALID_LINKAGE_REQUIRED_FOR_FORMAL_ESTIMATION,0,1,1,2.0,8.5,27.0,66.0,133.8,184,48.186440677966104,1,4.800000000000001,40.0,302.0,668.0,1532.6,2193,489.2881355932203
264,Tsuga mertensiana,Tsuga mertensiana,mountain hemlock,species,1,NA_NOT_AVAILABLE_IN_FROZEN_REF_SPECIES,0,25,115725,700,8207,10051,166,57920,57805,343,357,9235,9171,124,130,88,36,42,0.5301204819277109,0.9538461538461539,0.9538461538461539,0.9607843137254902,0.9607843137254902,0.3313253012048193,23,0.5240963855421686,1601.7568479641347,22,0.5887096774193549,1518.634254848744,20,0.5923076923076923,1601.7568479641347,CONTINUOUS_METRICS_ONLY_NO_FINAL_RULE,1.0,AVAILABLE_IN_FIADB_NOT_APPLIED; EVALID_LINKAGE_REQUIRED_FOR_FORMAL_ESTIMATION,0,1,1,1.0,1.0,3.0,6.0,9.0,24,4.216867469879518,1,1.0,6.0,24.0,56.75,123.5,471,49.43975903614458
264,Tsuga mertensiana,Tsuga mertensiana,mountain hemlock,species,1,NA_NOT_AVAILABLE_IN_FROZEN_REF_SPECIES,0,50,115725,700,8207,2970,72,57920,57805,343,357,2846,2830,61,63,52,9,11,0.7222222222222222,0.9682539682539683,0.9682539682539683,0.9607843137254902,0.9607843137254902,0.16666666666666666,9,0.5416666666666666,1581.1388300841895,8,0.5245901639344263,1484.082207965583,10,0.5396825396825397,1581.1388300841895,CONTINUOUS_METRICS_ONLY_NO_FINAL_RULE,1.0,AVAILABLE_IN_FIADB_NOT_APPLIED; EVALID_LINKAGE_REQUIRED_FOR_FORMAL_ESTIMATION,0,1,1,1.0,2.0,5.5,13.25,23.9,61,9.722222222222221,1,2.0,19.0,54.5,135.0,242.39999999999998,1246,113.98611111111111
264,Tsuga mertensiana,Tsuga mertensiana,mountain hemlock,species,1,NA_NOT_AVAILABLE_IN_FROZEN_REF_SPECIES,0,75,115725,700,8207,1441,47,57920,57805,343,357,1411,1397,43,39,35,8,4,0.7446808510638298,0.9069767441860465,1.1025641025641026,0.9607843137254902,0.9607843137254902,0.23404255319148937,5,0.574468085106383,1560.648903501361,5,0.5813953488372093,1518.634254848744,7,0.5641025641025641,1560.648903501361,CONTINUOUS_METRICS_ONLY_NO_FINAL_RULE,1.0,AVAILABLE_IN_FIADB_NOT_APPLIED; EVALID_LINKAGE_REQUIRED_FOR_FORMAL_ESTIMATION,0,1,1,1.0,2.0,8.0,20.0,38.39999999999999,96,14.893617021276595,1,1.0,17.0,73.0,239.5,380.19999999999993,1883,174.61702127659575
303,Acacia farnesiana,Acacia farnesiana,sweet acacia,species,1,NA_NOT_AVAILABLE_IN_FROZEN_REF_SPECIES,1,25,115725,143,432,10051,86,57920,57805,58,85,9235,9171,51,57,22,29,35,0.2558139534883721,0.8947368421052632,0.8947368421052632,0.6823529411764706,0.6823529411764706,0.6046511627906976,23,0.5232558139534884,672.6812023536855,25,0.21568627450980393,602.0797289396148,21,0.3157894736842105,654.31261641512,CONTINUOUS_METRICS_ONLY_NO_FINAL_RULE,1.0,AVAILABLE_IN_FIADB_NOT_APPLIED; EVALID_LINKAGE_REQUIRED_FOR_FORMAL_ESTIMATION,0,1,1,1.0,1.0,1.0,2.0,3.0,5,1.6627906976744187,1,1.0,1.0,3.0,7.0,13.0,34,5.023255813953488
303,Acacia farnesiana,Acacia farnesiana,sweet acacia,species,1,NA_NOT_AVAILABLE_IN_FROZEN_REF_SPECIES,1,50,115725,143,432,2970,46,57920,57805,58,85,2846,2830,33,34,21,12,13,0.45652173913043476,0.9705882352941176,0.9705882352941176,0.6823529411764706,0.6823529411764706,0.391304347826087,3,0.9130434782608695,672.6812023536855,3,0.8787878787878788,602.0797289396148,6,0.7058823529411765,636.3961030678928,CONTINUOUS_METRICS_ONLY_NO_FINAL_RULE,1.0,AVAILABLE_IN_FIADB_NOT_APPLIED; EVALID_LINKAGE_REQUIRED_FOR_FORMAL_ESTIMATION,0,1,1,1.0,1.0,2.0,4.0,6.5,12,3.108695652173913,1,1.0,2.0,5.5,13.0,19.5,52,9.391304347826088
303,Acacia farnesiana,Acacia farnesiana,sweet acacia,species,1,NA_NOT_AVAILABLE_IN_FROZEN_REF_SPECIES,1,75,115725,143,432,1441,30,57920,57805,58,85,1411,1397,24,24,18,6,6,0.6,1.0,1.0,0.6823529411764706,0.6823529411764706,0.23333333333333334,2,0.9666666666666667,691.4658342969665,1,1.0,636.3961030678927,2,0.9583333333333334,636.3961030678927,CONTINUOUS_METRICS_ONLY_NO_FINAL_RULE,1.0,AVAILABLE_IN_FIADB_NOT_APPLIED; EVALID_LINKAGE_REQUIRED_FOR_FORMAL_ESTIMATION,0,1,1,1.0,2.0,3.5,5.0,12.200000000000003,17,4.766666666666667,1,1.9000000000000004,4.0,8.5,17.75,39.000000000000014,66,14.4
311,Acer barbatum,Acer barbatum,Florida maple,species,1,NA_NOT_AVAILABLE_IN_FROZEN_REF_SPECIES,0,25,115725,625,1444,10051,363,57920,57805,325,300,9235,9171,222,219,78,144,141,0.21487603305785125,0.9864864864864865,1.0136986301369864,0.9230769230769231,1.0833333333333333,0.6611570247933884,73,0.25068870523415976,1857.5857988259922,90,0.09009009009009009,1770.7696066964781,98,0.091324200913242,1857.5857988259922,CONTINUOUS_METRICS_ONLY_NO_FINAL_RULE,1.0,AVAILABLE_IN_FIADB_NOT_APPLIED; EVALID_LINKAGE_REQUIRED_FOR_FORMAL_ESTIMATION,0,1,1,1.0,1.0,1.0,2.0,3.0,11,1.721763085399449,1,1.0,1.0,2.0,4.0,8.0,63,3.9779614325068873
311,Acer barbatum,Acer barbatum,Florida maple,species,1,NA_NOT_AVAILABLE_IN_FROZEN_REF_SPECIES,0,50,115725,625,1444,2970,188,57920,57805,325,300,2846,2830,144,146,102,42,44,0.5425531914893617,0.9863013698630136,0.9863013698630136,0.9230769230769231,1.0833333333333333,0.2925531914893617,17,0.6276595744680851,1879.49461292125,18,0.4375,1792.3448328934921,25,0.5068493150684932,1879.49461292125,CONTINUOUS_METRICS_ONLY_NO_FINAL_RULE,1.0,AVAILABLE_IN_FIADB_NOT_APPLIED; EVALID_LINKAGE_REQUIRED_FOR_FORMAL_ESTIMATION,0,1,1,1.0,1.0,2.0,4.0,6.300000000000011,27,3.324468085106383,1,1.0,2.0,4.0,7.0,13.0,125,7.680851063829787
311,Acer barbatum,Acer barbatum,Florida maple,species,1,NA_NOT_AVAILABLE_IN_FROZEN_REF_SPECIES,0,75,115725,625,1444,1441,111,57920,57805,325,300,1411,1397,89,96,74,15,22,0.6666666666666666,0.9270833333333334,0.9270833333333334,0.9230769230769231,1.0833333333333333,0.25225225225225223,6,0.954954954954955,1814.0079933671736,8,0.6853932584269663,1749.2855684535903,7,0.7708333333333334,1814.0079933671736,CONTINUOUS_METRICS_ONLY_NO_FINAL_RULE,1.0,AVAILABLE_IN_FIADB_NOT_APPLIED; EVALID_LINKAGE_REQUIRED_FOR_FORMAL_ESTIMATION,0,1,1,1.0,1.5,4.0,8.0,12.0,24,5.63063063063063,1,1.0,3.0,8.0,13.0,22.0,122,13.00900900900901
312,Acer macrophyllum,Acer macrophyllum,bigleaf maple,species,1,NA_NOT_AVAILABLE_IN_FROZEN_REF_SPECIES,0,25,115725,977,4291,10051,282,57920,57805,462,515,9235,9171,204,226,148,56,78,0.524822695035461,0.9026548672566371,0.9026548672566371,0.8970873786407767,0.8970873786407767,0.3475177304964539,16,0.8723404255319149,1636.4977849053141,28,0.6911764705882353,1300.0,21,0.6902654867256637,1628.649747490233,CONTINUOUS_METRICS_ONLY_NO_FINAL_RULE,1.0,AVAILABLE_IN_FIADB_NOT_APPLIED; EVALID_LINKAGE_REQUIRED_FOR_FORMAL_ESTIMATION,0,1,1,1.0,1.0,2.0,4.0,7.0,22,3.4645390070921986,1,1.0,3.0,7.0,19.0,38.0,134,15.21631205673759
312,Acer macrophyllum,Acer macrophyllum,bigleaf maple,species,1,NA_NOT_AVAILABLE_IN_FROZEN_REF_SPECIES,0,50,115725,977,4291,2970,112,57920,57805,462,515,2846,2830,95,100,83,12,17,0.7410714285714286,0.95,0.95,0.8970873786407767,0.8970873786407767,0.16964285714285715,3,0.9642857142857143,1628.649747490233,6,0.8947368421052632,1300.0,5,0.94,1628.649747490233,CONTINUOUS_METRICS_ONLY_NO_FINAL_RULE,1.0,AVAILABLE_IN_FIADB_NOT_APPLIED; EVALID_LINKAGE_REQUIRED_FOR_FORMAL_ESTIMATION,0,1,1,1.0,2.0,5.0,11.0,18.80000000000001,63,8.723214285714286,1,2.0,6.0,19.5,48.25,100.2000000000001,329,38.3125
312,Acer macrophyllum,Acer macrophyllum,bigleaf maple,species,1,NA_NOT_AVAILABLE_IN_FROZEN_REF_SPECIES,0,75,115725,977,4291,1441,61,57920,57805,462,515,1411,1397,53,58,50,3,8,0.819672131147541,0.9137931034482759,0.9137931034482759,0.8970873786407767,0.8970873786407767,0.13114754098360656,2,0.9836065573770492,1589.2215075312818,3,0.9622641509433962,1281.6005617976296,2,0.9827586206896551,1589.2215075312818,CONTINUOUS_METRICS_ONLY_NO_FINAL_RULE,1.0,AVAILABLE_IN_FIADB_NOT_APPLIED; EVALID_LINKAGE_REQUIRED_FOR_FORMAL_ESTIMATION,0,1,1,1.0,3.0,10.0,24.0,42.0,87,16.016393442622952,1,3.0,10.0,30.0,104.0,190.0,356,70.34426229508196
313,Acer negundo,Acer negundo,boxelder,species,1,NA_NOT_AVAILABLE_IN_FROZEN_REF_SPECIES,0,25,115725,2945,8937,10051,1675,57920,57805,1453,1492,9235,9171,1041,1049,415,626,634,0.24776119402985075,0.9923736892278361,0.9923736892278361,0.9738605898123325,0.9738605898123325,0.6191044776119403,428,0.2017910447761194,5020.769363354584,438,0.1335254562920269,4640.177798317646,439,0.19351763584366063,5020.769363354584,CONTINUOUS_METRICS_ONLY_NO_FINAL_RULE,1.0,AVAILABLE_IN_FIADB_NOT_APPLIED; EVALID_LINKAGE_REQUIRED_FOR_FORMAL_ESTIMATION,0,1,1,1.0,1.0,1.0,2.0,3.0,17,1.7582089552238807,1,1.0,1.0,3.0,6.0,12.0,53,5.335522388059702
313,Acer negundo,Acer negundo,boxelder,species,1,NA_NOT_AVAILABLE_IN_FROZEN_REF_SPECIES,0,50,115725,2945,8937,2970,890,57920,57805,1453,1492,2846,2830,662,667,439,223,228,0.49325842696629213,0.992503748125937,0.992503748125937,0.9738605898123325,0.9738605898123325,0.3853932584269663,84,0.8359550561797753,5032.395056034453,95,0.37009063444108764,4606.517122512409,85,0.5412293853073463,5032.395056034453,CONTINUOUS_METRICS_ONLY_NO_FINAL_RULE,1.0,AVAILABLE_IN_FIADB_NOT_APPLIED; EVALID_LINKAGE_REQUIRED_FOR_FORMAL_ESTIMATION,0,1,1,1.0,1.0,2.0,4.0,7.0,47,3.308988764044944,1,1.0,2.0,5.0,12.0,22.0,144,10.041573033707865
313,Acer negundo,Acer negundo,boxelder,species,1,NA_NOT_AVAILABLE_IN_FROZEN_REF_SPECIES,0,75,115725,2945,8937,1441,538,57920,57805,1453,1492,1411,1397,427,441,330,97,111,0.6133828996282528,0.9682539682539683,0.9682539682539683,0.9738605898123325,0.9738605898123325,0.2695167286245353,31,0.9219330855018587,5065.138201470913,38,0.8477751756440282,4628.782237262842,26,0.8979591836734694,5065.138201470913,CONTINUOUS_METRICS_ONLY_NO_FINAL_RULE,1.0,AVAILABLE_IN_FIADB_NOT_APPLIED; EVALID_LINKAGE_REQUIRED_FOR_FORMAL_ESTIMATION,0,1,1,1.0,1.0,3.0,6.0,11.0,84,5.473977695167286,1,1.0,3.0,8.0,19.0,38.30000000000001,255,16.611524163568774
314,Acer nigrum,Acer nigrum,black maple,species,1,NA_NOT_AVAILABLE_IN_FROZEN_REF_SPECIES,0,25,115725,83,259,10051,74,57920,57805,38,45,9235,9171,38,40,4,34,36,0.05405405405405406,0.95,0.95,0.8444444444444444,0.8444444444444444,0.8918918918918919,61,0.04054054054054054,1757.3061770789973,32,0.07894736842105263,1650.7574019219178,36,0.075,1683.931411904891,CONTINUOUS_METRICS_ONLY_NO_FINAL_RULE,1.0,AVAILABLE_IN_FIADB_NOT_APPLIED; EVALID_LINKAGE_REQUIRED_FOR_FORMAL_ESTIMATION,0,1,1,1.0,1.0,1.0,1.0,1.7000000000000028,3,1.1216216216216217,1,1.0,1.0,2.0,4.75,8.700000000000003,21,3.5
314,Acer nigrum,Acer nigrum,black maple,species,1,NA_NOT_AVAILABLE_IN_FROZEN_REF_SPECIES,0,50,115725,83,259,2970,62,57920,57805,38,45,2846,2830,32,36,6,26,30,0.0967741935483871,0.8888888888888888,0.8888888888888888,0.8444444444444444,0.8444444444444444,0.7741935483870968,37,0.08064516129032258,1773.41478509682,27,0.09375,1650.7574019219178,26,0.1111111111111111,1665.0825805346713,CONTINUOUS_METRICS_ONLY_NO_FINAL_RULE,1.0,AVAILABLE_IN_FIADB_NOT_APPLIED; EVALID_LINKAGE_REQUIRED_FOR_FORMAL_ESTIMATION,0,1,1,1.0,1.0,1.0,1.0,2.0,4,1.3387096774193548,1,1.0,1.0,2.0,5.75,10.899999999999999,21,4.17741935483871
314,Acer nigrum,Acer nigrum,black maple,species,1,NA_NOT_AVAILABLE_IN_FROZEN_REF_SPECIES,0,75,115725,83,259,1441,58,57920,57805,38,45,1411,1397,33,35,10,23,25,0.1724137931034483,0.9428571428571428,0.9428571428571428,0.8444444444444444,0.8444444444444444,0.7068965517241379,18,0.25862068965517243,1757.306177078997,18,0.30303030303030304,1665.2702483380888,21,0.17142857142857143,1700.367607313195,CONTINUOUS_METRICS_ONLY_NO_FINAL_RULE,1.0,AVAILABLE_IN_FIADB_NOT_APPLIED; EVALID_LINKAGE_REQUIRED_FOR_FORMAL_ESTIMATION,0,1,1,1.0,1.0,1.0,2.0,3.0,4,1.4310344827586208,1,1.0,1.0,2.0,6.75,11.300000000000004,21,4.4655172413793105
315,Acer pensylvanicum,Acer pensylvanicum,striped maple,species,1,NA_NOT_AVAILABLE_IN_FROZEN_REF_SPECIES,0,25,115725,698,1331,10051,304,57920,57805,342,356,9235,9171,202,207,105,97,102,0.34539473684210525,0.9758454106280193,0.9758454106280193,0.9606741573033708,0.9606741573033708,0.5197368421052632,50,0.41118421052631576,2389.6914026710647,46,0.2722772277227723,2335.8617253596153,66,0.23671497584541062,2280.487886396242,CONTINUOUS_METRICS_ONLY_NO_FINAL_RULE,1.0,AVAILABLE_IN_FIADB_NOT_APPLIED; EVALID_LINKAGE_REQUIRED_FOR_FORMAL_ESTIMATION,0,1,1,1.0,1.0,1.0,3.0,4.0,16,2.2960526315789473,1,1.0,1.0,2.0,5.0,9.0,40,4.378289473684211
315,Acer pensylvanicum,Acer pensylvanicum,striped maple,species,1,NA_NOT_AVAILABLE_IN_FROZEN_REF_SPECIES,0,50,115725,698,1331,2970,145,57920,57805,342,356,2846,2830,108,120,83,25,37,0.5724137931034483,0.9,0.9,0.9606741573033708,0.9606741573033708,0.30344827586206896,16,0.5310344827586206,2408.3189157584593,18,0.5925925925925926,2337.733945512192,16,0.5083333333333333,2298.368986912241,CONTINUOUS_METRICS_ONLY_NO_FINAL_RULE,1.0,AVAILABLE_IN_FIADB_NOT_APPLIED; EVALID_LINKAGE_REQUIRED_FOR_FORMAL_ESTIMATION,0,1,1,1.0,1.0,3.0,7.0,11.0,26,4.813793103448276,1,1.0,2.0,4.0,11.0,24.19999999999999,81,9.179310344827586
315,Acer pensylvanicum,Acer pensylvanicum,striped maple,species,1,NA_NOT_AVAILABLE_IN_FROZEN_REF_SPECIES,0,75,115725,698,1331,1441,92,57920,57805,342,356,1411,1397,70,79,57,13,22,0.6195652173913043,0.8860759493670886,0.8860759493670886,0.9606741573033708,0.9606741573033708,0.2717391304347826,8,0.8804347826086957,2441.823089414956,6,0.8571428571428571,2335.8617253596153,8,0.5316455696202531,2333.4523779156066,CONTINUOUS_METRICS_ONLY_NO_FINAL_RULE,1.0,AVAILABLE_IN_FIADB_NOT_APPLIED; EVALID_LINKAGE_REQUIRED_FOR_FORMAL_ESTIMATION,0,1,1,1.0,1.0,4.5,9.0,18.80000000000001,45,7.586956521739131,1,1.0,2.0,5.5,15.25,42.700000000000074,103,14.467391304347826
316,Acer rubrum,Acer rubrum,red maple,species,1,NA_NOT_AVAILABLE_IN_FROZEN_REF_SPECIES,0,25,115725,29146,146916,10051,3813,57920,57805,14521,14625,9235,9171,3375,3401,2963,412,438,0.7770784159454498,0.9923551896501029,0.9923551896501029,0.9928888888888889,0.9928888888888889,0.12509834775767112,48,0.8093364804615788,3419.5211653095525,73,0.7837037037037037,3419.5211653095525,70,0.7827109673625404,3403.1235651971265,CONTINUOUS_METRICS_ONLY_NO_FINAL_RULE,1.0,AVAILABLE_IN_FIADB_NOT_APPLIED; EVALID_LINKAGE_REQUIRED_FOR_FORMAL_ESTIMATION,0,1,1,1.0,3.0,6.0,10.0,17.0,54,7.643849986886965,1,2.0,7.0,20.0,50.0,102.0,470,38.53029110936271
316,Acer rubrum,Acer rubrum,red maple,species,1,NA_NOT_AVAILABLE_IN_FROZEN_REF_SPECIES,0,50,115725,29146,146916,2970,1136,57920,57805,14521,14625,2846,2830,1083,1090,1037,46,53,0.9128521126760564,0.9935779816513761,0.9935779816513761,0.9928888888888889,0.9928888888888889,0.05897887323943662,4,0.9973591549295775,3438.3862493908387,3,0.9963065558633426,3438.3862493908387,7,0.9944954128440368,3405.8772731852805,CONTINUOUS_METRICS_ONLY_NO_FINAL_RULE,1.0,AVAILABLE_IN_FIADB_NOT_APPLIED; EVALID_LINKAGE_REQUIRED_FOR_FORMAL_ESTIMATION,0,1,1,3.0,8.0,19.0,37.0,60.0,139,25.656690140845072,1,6.0,22.0,64.0,178.0,368.5,1000,129.32746478873239
316,Acer rubrum,Acer rubrum,red maple,species,1,NA_NOT_AVAILABLE_IN_FROZEN_REF_SPECIES,0,75,115725,29146,146916,1441,547,57920,57805,14521,14625,1411,1397,536,530,519,17,11,0.9488117001828154,0.9888059701492538,1.0113207547169811,0.9928888888888889,0.9928888888888889,0.03656307129798903,2,0.9981718464351006,3457.329171484833,1,1.0,3457.329171484833,3,0.9962264150943396,3408.9954532090537,CONTINUOUS_METRICS_ONLY_NO_FINAL_RULE,1.0,AVAILABLE_IN_FIADB_NOT_APPLIED; EVALID_LINKAGE_REQUIRED_FOR_FORMAL_ESTIMATION,0,1,1,4.0,15.5,38.0,77.0,128.0,278,53.283363802559414,1,12.0,46.5,127.0,402.5,730.0000000000002,1871,268.58500914076785
317,Acer saccharinum,Acer saccharinum,silver maple,species,1,NA_NOT_AVAILABLE_IN_FROZEN_REF_SPECIES,0,25,115725,999,5381,10051,742,57920,57805,522,477,9235,9171,450,392,100,350,292,0.1347708894878706,0.8711111111111111,1.1479591836734695,0.9137931034482759,1.0943396226415094,0.7493261455525606,272,0.08086253369272237,3040.1480227120524,245,0.04,2950.1059303014868,241,0.05357142857142857,3040.1480227120524,CONTINUOUS_METRICS_ONLY_NO_FINAL_RULE,1.0,AVAILABLE_IN_FIADB_NOT_APPLIED; EVALID_LINKAGE_REQUIRED_FOR_FORMAL_ESTIMATION,0,1,1,1.0,1.0,1.0,1.75,2.0,6,1.3463611859838276,1,1.0,2.0,4.0,9.75,17.0,70,7.252021563342318
317,Acer saccharinum,Acer saccharinum,silver maple,species,1,NA_NOT_AVAILABLE_IN_FROZEN_REF_SPECIES,0,50,115725,999,5381,2970,454,57920,57805,522,477,2846,2830,328,306,180,148,126,0.3964757709251101,0.9329268292682927,1.0718954248366013,0.9137931034482759,1.0943396226415094,0.4669603524229075,60,0.5682819383259912,3040.1480227120524,70,0.45121951219512196,2930.0170647967225,71,0.32679738562091504,3040.1480227120524,CONTINUOUS_METRICS_ONLY_NO_FINAL_RULE,1.0,AVAILABLE_IN_FIADB_NOT_APPLIED; EVALID_LINKAGE_REQUIRED_FOR_FORMAL_ESTIMATION,0,1,1,1.0,1.0,2.0,3.0,4.0,10,2.200440528634361,1,1.0,3.0,7.0,17.0,26.69999999999999,74,11.852422907488986
317,Acer saccharinum,Acer saccharinum,silver maple,species,1,NA_NOT_AVAILABLE_IN_FROZEN_REF_SPECIES,0,75,115725,999,5381,1441,285,57920,57805,522,477,1411,1397,230,210,155,75,55,0.543859649122807,0.9130434782608695,1.0952380952380953,0.9137931034482759,1.0943396226415094,0.3087719298245614,25,0.8175438596491228,3000.0,35,0.7,2955.609074285705,25,0.7380952380952381,3000.0,CONTINUOUS_METRICS_ONLY_NO_FINAL_RULE,1.0,AVAILABLE_IN_FIADB_NOT_APPLIED; EVALID_LINKAGE_REQUIRED_FOR_FORMAL_ESTIMATION,0,1,1,1.0,1.0,2.0,5.0,8.0,16,3.5052631578947366,1,2.0,4.0,11.0,27.0,47.19999999999999,123,18.880701754385964
318,Acer saccharum,Acer saccharum,sugar maple,species,1,NA_NOT_AVAILABLE_IN_FROZEN_REF_SPECIES,0,25,115725,12733,75156,10051,2162,57920,57805,6373,6360,9235,9171,1816,1817,1471,345,346,0.6803885291396855,0.9994496422674739,0.9994496422674739,0.9979601443590146,1.0020440251572327,0.20675300647548567,72,0.666049953746531,3080.5843601498727,97,0.6580396475770925,3016.827804167815,113,0.6637314254265272,2980.0377514387296,CONTINUOUS_METRICS_ONLY_NO_FINAL_RULE,1.0,AVAILABLE_IN_FIADB_NOT_APPLIED; EVALID_LINKAGE_REQUIRED_FOR_FORMAL_ESTIMATION,0,1,1,1.0,2.0,4.0,8.0,13.0,47,5.88945420906568,1,2.0,6.0,17.0,40.0,85.0,544,34.76225716928769
318,Acer saccharum,Acer saccharum,sugar maple,species,1,NA_NOT_AVAILABLE_IN_FROZEN_REF_SPECIES,0,50,115725,12733,75156,2970,716,57920,57805,6373,6360,2846,2830,654,656,594,60,62,0.8296089385474861,0.9969512195121951,0.9969512195121951,0.9979601443590146,1.0020440251572327,0.11033519553072625,12,0.979050279329609,3080.5843601498727,9,0.9847094801223242,3051.638903933426,14,0.9664634146341463,2960.152023123137,CONTINUOUS_METRICS_ONLY_NO_FINAL_RULE,1.0,AVAILABLE_IN_FIADB_NOT_APPLIED; EVALID_LINKAGE_REQUIRED_FOR_FORMAL_ESTIMATION,0,1,1,1.0,4.0,12.0,26.0,41.0,124,17.783519553072626,1,4.0,14.0,49.5,129.25,259.5,1454,104.96648044692738
318,Acer saccharum,Acer saccharum,sugar maple,species,1,NA_NOT_AVAILABLE_IN_FROZEN_REF_SPECIES,0,75,115725,12733,75156,1441,360,57920,57805,6373,6360,1411,1397,338,342,320,18,22,0.8888888888888888,0.9883040935672515,0.9883040935672515,0.9979601443590146,1.0020440251572327,0.07777777777777778,4,0.9916666666666667,3060.330864465475,4,0.9911242603550295,3016.827804167815,4,0.9912280701754386,2940.344367586899,CONTINUOUS_METRICS_ONLY_NO_FINAL_RULE,1.0,AVAILABLE_IN_FIADB_NOT_APPLIED; EVALID_LINKAGE_REQUIRED_FOR_FORMAL_ESTIMATION,0,1,1,2.0,7.0,23.0,55.25,81.0,220,35.36944444444445,1,5.899999999999999,27.75,94.0,262.0,513.0000000000002,2813,208.76666666666668
319,Acer spicatum,Acer spicatum,mountain maple,species,1,NA_NOT_AVAILABLE_IN_FROZEN_REF_SPECIES,0,25,115725,18,21,10051,16,57920,57805,9,9,9235,9171,7,9,0,7,9,0.0,0.7777777777777778,0.7777777777777778,1.0,1.0,0.9375,16,0.0625,2517.563306056076,7,0.14285714285714285,1789.7276329095441,9,0.1111111111111111,1969.295559330798,CONTINUOUS_METRICS_ONLY_NO_FINAL_RULE,1.0,AVAILABLE_IN_FIADB_NOT_APPLIED; EVALID_LINKAGE_REQUIRED_FOR_FORMAL_ESTIMATION,0,1,1,1.0,1.0,1.0,1.0,1.0,3,1.125,1,1.0,1.0,1.0,1.0,2.0,4,1.3125
319,Acer spicatum,Acer spicatum,mountain maple,species,1,NA_NOT_AVAILABLE_IN_FROZEN_REF_SPECIES,0,50,115725,18,21,2970,15,57920,57805,9,9,2846,2830,6,9,0,6,9,0.0,0.6666666666666666,0.6666666666666666,1.0,1.0,0.9333333333333333,14,0.13333333333333333,2496.4975465639855,5,0.3333333333333333,1773.41478509682,9,0.1111111111111111,1947.4342094150447,CONTINUOUS_METRICS_ONLY_NO_FINAL_RULE,1.0,AVAILABLE_IN_FIADB_NOT_APPLIED; EVALID_LINKAGE_REQUIRED_FOR_FORMAL_ESTIMATION,0,1,1,1.0,1.0,1.0,1.0,1.0,4,1.2,1,1.0,1.0,1.0,1.0,2.0,5,1.4
319,Acer spicatum,Acer spicatum,mountain maple,species,1,NA_NOT_AVAILABLE_IN_FROZEN_REF_SPECIES,0,75,115725,18,21,1441,14,57920,57805,9,9,1411,1397,6,9,1,5,8,0.07142857142857142,0.6666666666666666,0.6666666666666666,1.0,1.0,0.7857142857142857,12,0.21428571428571427,2496.497546563986,4,0.5,1757.306177078997,9,0.1111111111111111,1945.668265660927,CONTINUOUS_METRICS_ONLY_NO_FINAL_RULE,1.0,AVAILABLE_IN_FIADB_NOT_APPLIED; EVALID_LINKAGE_REQUIRED_FOR_FORMAL_ESTIMATION,0,1,1,1.0,1.0,1.0,1.0,2.0,3,1.2857142857142858,1,1.0,1.0,1.0,1.75,2.700000000000001,4,1.5
320,Acer platanoides,Acer platanoides,Norway maple,species,1,NA_NOT_AVAILABLE_IN_FROZEN_REF_SPECIES,0,25,115725,104,238,10051,86,57920,57805,57,47,9235,9171,48,46,8,40,38,0.09302325581395349,0.9583333333333334,1.0434782608695652,0.8245614035087719,1.2127659574468086,0.8488372093023255,55,0.13953488372093023,2218.811618862674,34,0.16666666666666666,1995.3069939234915,36,0.10869565217391304,2005.7729183534211,CONTINUOUS_METRICS_ONLY_NO_FINAL_RULE,1.0,AVAILABLE_IN_FIADB_NOT_APPLIED; EVALID_LINKAGE_REQUIRED_FOR_FORMAL_ESTIMATION,0,1,1,1.0,1.0,1.0,1.0,2.0,3,1.2093023255813953,1,1.0,1.0,1.5,3.0,5.0,20,2.7674418604651163
320,Acer platanoides,Acer platanoides,Norway maple,species,1,NA_NOT_AVAILABLE_IN_FROZEN_REF_SPECIES,0,50,115725,104,238,2970,67,57920,57805,57,47,2846,2830,40,40,13,27,27,0.19402985074626866,1.0,1.0,0.8245614035087719,1.2127659574468086,0.6865671641791045,25,0.40298507462686567,2232.711356176611,21,0.35,2030.3940504246953,19,0.25,2015.5644370746372,CONTINUOUS_METRICS_ONLY_NO_FINAL_RULE,1.0,AVAILABLE_IN_FIADB_NOT_APPLIED; EVALID_LINKAGE_REQUIRED_FOR_FORMAL_ESTIMATION,0,1,1,1.0,1.0,1.0,2.0,3.0,6,1.5522388059701493,1,1.0,1.0,2.0,4.0,9.399999999999999,20,3.5522388059701493
320,Acer platanoides,Acer platanoides,Norway maple,species,1,NA_NOT_AVAILABLE_IN_FROZEN_REF_SPECIES,0,75,115725,104,238,1441,50,57920,57805,57,47,1411,1397,30,32,12,18,20,0.24,0.9375,0.9375,0.8245614035087719,1.2127659574468086,0.6,16,0.56,2205.816175477911,14,0.4,2026.3884129159444,11,0.625,1980.0568173666127,CONTINUOUS_METRICS_ONLY_NO_FINAL_RULE,1.0,AVAILABLE_IN_FIADB_NOT_APPLIED; EVALID_LINKAGE_REQUIRED_FOR_FORMAL_ESTIMATION,0,1,1,1.0,1.0,1.0,2.75,4.0,10,2.08,1,1.0,1.0,2.5,5.0,11.0,46,4.76
322,Acer grandidentatum,Acer grandidentatum,bigtooth maple,species,1,NA_NOT_AVAILABLE_IN_FROZEN_REF_SPECIES,1,25,115725,102,818,10051,56,57920,57805,49,53,9235,9171,36,39,19,17,20,0.3392857142857143,0.9230769230769231,0.9230769230769231,0.9245283018867925,0.9245283018867925,0.48214285714285715,26,0.35714285714285715,1520.690632574555,18,0.25,1397.5424859373686,23,0.1794871794871795,1520.690632574555,CONTINUOUS_METRICS_ONLY_NO_FINAL_RULE,1.0,AVAILABLE_IN_FIADB_NOT_APPLIED; EVALID_LINKAGE_REQUIRED_FOR_FORMAL_ESTIMATION,0,1,1,1.0,1.0,2.0,2.0,3.0,7,1.8214285714285714,1,1.0,2.75,8.5,19.0,35.0,74,14.607142857142858
322,Acer grandidentatum,Acer grandidentatum,bigtooth maple,species,1,NA_NOT_AVAILABLE_IN_FROZEN_REF_SPECIES,1,50,115725,102,818,2970,36,57920,57805,49,53,2846,2830,23,29,16,7,13,0.4444444444444444,0.7931034482758621,0.7931034482758621,0.9245283018867925,0.9245283018867925,0.3333333333333333,13,0.5277777777777778,1520.690632574555,6,0.6956521739130435,1408.9002803605372,13,0.5172413793103449,1520.690632574555,CONTINUOUS_METRICS_ONLY_NO_FINAL_RULE,1.0,AVAILABLE_IN_FIADB_NOT_APPLIED; EVALID_LINKAGE_REQUIRED_FOR_FORMAL_ESTIMATION,0,1,1,1.0,1.0,2.0,4.0,6.0,11,2.8333333333333335,1,1.0,2.0,10.0,35.25,58.5,100,22.72222222222222
322,Acer grandidentatum,Acer grandidentatum,bigtooth maple,species,1,NA_NOT_AVAILABLE_IN_FROZEN_REF_SPECIES,1,75,115725,102,818,1441,29,57920,57805,49,53,1411,1397,18,22,11,7,11,0.3793103448275862,0.8181818181818182,0.8181818181818182,0.9245283018867925,0.9245283018867925,0.4827586206896552,7,0.5517241379310345,1544.34452114805,5,0.7222222222222222,1442.6538046253509,9,0.45454545454545453,1544.34452114805,CONTINUOUS_METRICS_ONLY_NO_FINAL_RULE,1.0,AVAILABLE_IN_FIADB_NOT_APPLIED; EVALID_LINKAGE_REQUIRED_FOR_FORMAL_ESTIMATION,0,1,1,1.0,1.0,2.0,2.0,11.599999999999998,15,3.5172413793103448,1,1.0,2.0,6.0,19.0,116.39999999999998,151,28.20689655172414
323,Acer leucoderme,Acer leucoderme,chalk maple,species,1,NA_NOT_AVAILABLE_IN_FROZEN_REF_SPECIES,0,25,115725,4,4,10051,4,57920,57805,1,3,9235,9171,1,3,0,1,3,0.0,0.3333333333333333,0.3333333333333333,0.3333333333333333,0.3333333333333333,1.0,4,0.25,443.00112866673373,1,1.0,0.0,3,0.3333333333333333,443.00112866673373,CONTINUOUS_METRICS_ONLY_NO_FINAL_RULE,1.0,AVAILABLE_IN_FIADB_NOT_APPLIED; EVALID_LINKAGE_REQUIRED_FOR_FORMAL_ESTIMATION,1,1,1,1.0,1.0,1.0,1.0,1.0,1,1.0,1,1.0,1.0,1.0,1.0,1.0,1,1.0
323,Acer leucoderme,Acer leucoderme,chalk maple,species,1,NA_NOT_AVAILABLE_IN_FROZEN_REF_SPECIES,0,50,115725,4,4,2970,4,57920,57805,1,3,2846,2830,1,3,0,1,3,0.0,0.3333333333333333,0.3333333333333333,0.3333333333333333,0.3333333333333333,1.0,4,0.25,427.20018726587654,1,1.0,0.0,3,0.3333333333333333,427.20018726587654,CONTINUOUS_METRICS_ONLY_NO_FINAL_RULE,1.0,AVAILABLE_IN_FIADB_NOT_APPLIED; EVALID_LINKAGE_REQUIRED_FOR_FORMAL_ESTIMATION,1,1,1,1.0,1.0,1.0,1.0,1.0,1,1.0,1,1.0,1.0,1.0,1.0,1.0,1,1.0
323,Acer leucoderme,Acer leucoderme,chalk maple,species,1,NA_NOT_AVAILABLE_IN_FROZEN_REF_SPECIES,0,75,115725,4,4,1441,4,57920,57805,1,3,1411,1397,1,3,0,1,3,0.0,0.3333333333333333,0.3333333333333333,0.3333333333333333,0.3333333333333333,1.0,4,0.25,474.3416490252569,1,1.0,0.0,3,0.3333333333333333,474.3416490252569,CONTINUOUS_METRICS_ONLY_NO_FINAL_RULE,1.0,AVAILABLE_IN_FIADB_NOT_APPLIED; EVALID_LINKAGE_REQUIRED_FOR_FORMAL_ESTIMATION,1,1,1,1.0,1.0,1.0,1.0,1.0,1,1.0,1,1.0,1.0,1.0,1.0,1.0,1,1.0
331,Aesculus glabra,Aesculus glabra,Ohio buckeye,species,1,NA_NOT_AVAILABLE_IN_FROZEN_REF_SPECIES,0,25,115725,180,448,10051,144,57920,57805,93,87,9235,9171,80,79,15,65,64,0.10416666666666667,0.9875,1.0126582278481013,0.9354838709677419,1.0689655172413792,0.7986111111111112,82,0.19444444444444445,1540.4950503003895,53,0.225,1488.7074930959407,54,0.0759493670886076,1320.9844813622906,CONTINUOUS_METRICS_ONLY_NO_FINAL_RULE,1.0,AVAILABLE_IN_FIADB_NOT_APPLIED; EVALID_LINKAGE_REQUIRED_FOR_FORMAL_ESTIMATION,0,1,1,1.0,1.0,1.0,1.0,2.0,4,1.25,1,1.0,1.0,2.0,4.0,6.0,27,3.111111111111111
331,Aesculus glabra,Aesculus glabra,Ohio buckeye,species,1,NA_NOT_AVAILABLE_IN_FROZEN_REF_SPECIES,0,50,115725,180,448,2970,108,57920,57805,93,87,2846,2830,65,65,22,43,43,0.2037037037037037,1.0,1.0,0.9354838709677419,1.0689655172413792,0.6481481481481481,22,0.4537037037037037,1523.975065412817,28,0.4153846153846154,1491.64338901763,21,0.23076923076923078,1320.9844813622906,CONTINUOUS_METRICS_ONLY_NO_FINAL_RULE,1.0,AVAILABLE_IN_FIADB_NOT_APPLIED; EVALID_LINKAGE_REQUIRED_FOR_FORMAL_ESTIMATION,0,1,1,1.0,1.0,1.0,2.0,3.0,8,1.6666666666666667,1,1.0,1.0,3.0,5.0,9.0,34,4.148148148148148
331,Aesculus glabra,Aesculus glabra,Ohio buckeye,species,1,NA_NOT_AVAILABLE_IN_FROZEN_REF_SPECIES,0,75,115725,180,448,1441,76,57920,57805,93,87,1411,1397,52,49,25,27,24,0.32894736842105265,0.9423076923076923,1.0612244897959184,0.9354838709677419,1.0689655172413792,0.47368421052631576,5,0.5263157894736842,1538.8713396512394,14,0.40384615384615385,1488.7074930959407,7,0.4897959183673469,1311.9641763401926,CONTINUOUS_METRICS_ONLY_NO_FINAL_RULE,1.0,AVAILABLE_IN_FIADB_NOT_APPLIED; EVALID_LINKAGE_REQUIRED_FOR_FORMAL_ESTIMATION,0,1,1,1.0,1.0,2.0,3.0,4.0,14,2.3684210526315788,1,1.0,1.0,3.0,7.0,11.0,61,5.894736842105263
332,Aesculus flava,Aesculus flava,yellow buckeye,species,1,NA_NOT_AVAILABLE_IN_FROZEN_REF_SPECIES,0,25,115725,457,1073,10051,238,57920,57805,224,233,9235,9171,154,160,76,78,84,0.31932773109243695,0.9625,0.9625,0.9613733905579399,0.9613733905579399,0.542016806722689,28,0.8067226890756303,990.5806378079476,35,0.2792207792207792,919.9184746487049,38,0.2625,937.0832406995656,CONTINUOUS_METRICS_ONLY_NO_FINAL_RULE,1.0,AVAILABLE_IN_FIADB_NOT_APPLIED; EVALID_LINKAGE_REQUIRED_FOR_FORMAL_ESTIMATION,0,1,1,1.0,1.0,1.0,3.0,4.0,9,1.9201680672268908,1,1.0,2.0,3.0,6.0,9.0,30,4.508403361344538
332,Aesculus flava,Aesculus flava,yellow buckeye,species,1,NA_NOT_AVAILABLE_IN_FROZEN_REF_SPECIES,0,50,115725,457,1073,2970,102,57920,57805,224,233,2846,2830,78,87,63,15,24,0.6176470588235294,0.896551724137931,0.896551724137931,0.9613733905579399,0.9613733905579399,0.22549019607843138,5,0.9607843137254902,1025.9142264341597,7,0.8589743589743589,955.24865872714,4,0.9655172413793104,955.24865872714,CONTINUOUS_METRICS_ONLY_NO_FINAL_RULE,1.0,AVAILABLE_IN_FIADB_NOT_APPLIED; EVALID_LINKAGE_REQUIRED_FOR_FORMAL_ESTIMATION,0,1,1,1.0,2.0,3.0,7.0,9.0,18,4.480392156862745,1,1.1000000000000014,3.0,7.0,14.0,24.900000000000006,57,10.519607843137255
332,Aesculus flava,Aesculus flava,yellow buckeye,species,1,NA_NOT_AVAILABLE_IN_FROZEN_REF_SPECIES,0,75,115725,457,1073,1441,57,57920,57805,224,233,1411,1397,46,51,40,6,11,0.7017543859649122,0.9019607843137255,0.9019607843137255,0.9613733905579399,0.9613733905579399,0.12280701754385964,1,1.0,954.5941546018391,2,0.8913043478260869,903.1195934094222,2,0.9803921568627451,954.5941546018391,CONTINUOUS_METRICS_ONLY_NO_FINAL_RULE,1.0,AVAILABLE_IN_FIADB_NOT_APPLIED; EVALID_LINKAGE_REQUIRED_FOR_FORMAL_ESTIMATION,0,1,1,1.0,2.0,6.0,12.0,17.4,24,8.017543859649123,1,1.6000000000000005,4.0,14.0,28.0,42.4,76,18.82456140350877
333,Aesculus californica,Aesculus californica,California buckeye,species,1,NA_NOT_AVAILABLE_IN_FROZEN_REF_SPECIES,0,25,115725,55,238,10051,42,57920,57805,28,27,9235,9171,24,22,4,20,18,0.09523809523809523,0.9166666666666666,1.0909090909090908,0.9642857142857143,1.037037037037037,0.7380952380952381,19,0.14285714285714285,761.5773105863909,17,0.125,761.5773105863909,17,0.13636363636363635,761.5773105863909,CONTINUOUS_METRICS_ONLY_NO_FINAL_RULE,1.0,AVAILABLE_IN_FIADB_NOT_APPLIED; EVALID_LINKAGE_REQUIRED_FOR_FORMAL_ESTIMATION,0,1,1,1.0,1.0,1.0,1.75,2.0,4,1.3095238095238095,1,2.0,2.0,3.5,7.75,11.899999999999999,22,5.666666666666667
333,Aesculus californica,Aesculus californica,California buckeye,species,1,NA_NOT_AVAILABLE_IN_FROZEN_REF_SPECIES,0,50,115725,55,238,2970,30,57920,57805,28,27,2846,2830,20,17,7,13,10,0.23333333333333334,0.85,1.1764705882352942,0.9642857142857143,1.037037037037037,0.5333333333333333,7,0.3,761.5773105863909,11,0.3,761.5773105863909,12,0.17647058823529413,761.5773105863909,CONTINUOUS_METRICS_ONLY_NO_FINAL_RULE,1.0,AVAILABLE_IN_FIADB_NOT_APPLIED; EVALID_LINKAGE_REQUIRED_FOR_FORMAL_ESTIMATION,0,1,1,1.0,1.0,1.0,2.0,3.0,7,1.8333333333333333,1,1.9000000000000004,2.0,6.0,10.75,19.200000000000003,31,7.933333333333334
333,Aesculus californica,Aesculus californica,California buckeye,species,1,NA_NOT_AVAILABLE_IN_FROZEN_REF_SPECIES,0,75,115725,55,238,1441,23,57920,57805,28,27,1411,1397,16,18,11,5,7,0.4782608695652174,0.8888888888888888,0.8888888888888888,0.9642857142857143,1.037037037037037,0.2608695652173913,3,0.6086956521739131,738.6643351347078,5,0.6875,738.6643351347078,6,0.3888888888888889,738.6643351347078,CONTINUOUS_METRICS_ONLY_NO_FINAL_RULE,1.0,AVAILABLE_IN_FIADB_NOT_APPLIED; EVALID_LINKAGE_REQUIRED_FOR_FORMAL_ESTIMATION,0,1,1,1.0,1.5,2.0,3.0,4.0,4,2.391304347826087,1,2.2,4.0,11.0,14.5,20.400000000000002,24,10.347826086956522
334,Aesculus glabra var. arguta,Aesculus glabra var. arguta,Texas buckeye,infraspecies,1,NA_NOT_AVAILABLE_IN_FROZEN_REF_SPECIES,0,25,115725,5,16,10051,5,57920,57805,1,4,9235,9171,1,4,0,1,4,0.0,0.25,0.25,0.25,0.25,1.0,5,0.2,325.0,1,1.0,0.0,4,0.25,325.0,CONTINUOUS_METRICS_ONLY_NO_FINAL_RULE,1.0,AVAILABLE_IN_FIADB_NOT_APPLIED; EVALID_LINKAGE_REQUIRED_FOR_FORMAL_ESTIMATION,1,1,1,1.0,1.0,1.0,1.0,1.0,1,1.0,1,1.4,2.0,2.0,3.0,6.0,8,3.2
334,Aesculus glabra var. arguta,Aesculus glabra var. arguta,Texas buckeye,infraspecies,1,NA_NOT_AVAILABLE_IN_FROZEN_REF_SPECIES,0,50,115725,5,16,2970,5,57920,57805,1,4,2846,2830,1,4,0,1,4,0.0,0.25,0.25,0.25,0.25,1.0,4,0.4,316.22776601683796,1,1.0,0.0,3,0.5,316.22776601683796,CONTINUOUS_METRICS_ONLY_NO_FINAL_RULE,1.0,AVAILABLE_IN_FIADB_NOT_APPLIED; EVALID_LINKAGE_REQUIRED_FOR_FORMAL_ESTIMATION,1,1,1,1.0,1.0,1.0,1.0,1.0,1,1.0,1,1.4,2.0,2.0,3.0,6.0,8,3.2
334,Aesculus glabra var. arguta,Aesculus glabra var. arguta,Texas buckeye,infraspecies,1,NA_NOT_AVAILABLE_IN_FROZEN_REF_SPECIES,0,75,115725,5,16,1441,5,57920,57805,1,4,1411,1397,1,4,0,1,4,0.0,0.25,0.25,0.25,0.25,1.0,3,0.4,335.4101966249685,1,1.0,0.0,3,0.5,335.4101966249685,CONTINUOUS_METRICS_ONLY_NO_FINAL_RULE,1.0,AVAILABLE_IN_FIADB_NOT_APPLIED; EVALID_LINKAGE_REQUIRED_FOR_FORMAL_ESTIMATION,1,1,1,1.0,1.0,1.0,1.0,1.0,1,1.0,1,1.4,2.0,2.0,3.0,6.0,8,3.2
341,Ailanthus altissima,Ailanthus altissima,ailanthus,species,1,NA_NOT_AVAILABLE_IN_FROZEN_REF_SPECIES,0,25,115725,717,2008,10051,441,57920,57805,355,362,9235,9171,272,267,98,174,169,0.2222222222222222,0.9816176470588235,1.0187265917602997,0.9806629834254144,0.9806629834254144,0.6643990929705216,131,0.2222222222222222,4222.114399208056,113,0.1213235294117647,2157.110335611046,126,0.0898876404494382,4159.477130601874,CONTINUOUS_METRICS_ONLY_NO_FINAL_RULE,1.0,AVAILABLE_IN_FIADB_NOT_APPLIED; EVALID_LINKAGE_REQUIRED_FOR_FORMAL_ESTIMATION,0,1,1,1.0,1.0,1.0,2.0,3.0,7,1.6258503401360545,1,1.0,1.0,2.0,6.0,11.0,35,4.553287981859411
341,Ailanthus altissima,Ailanthus altissima,ailanthus,species,1,NA_NOT_AVAILABLE_IN_FROZEN_REF_SPECIES,0,50,115725,717,2008,2970,248,57920,57805,355,362,2846,2830,177,180,109,68,71,0.43951612903225806,0.9833333333333333,0.9833333333333333,0.9806629834254144,0.9806629834254144,0.4475806451612903,30,0.8266129032258065,4253.527947480773,27,0.7627118644067796,2178.3020910791965,34,0.5666666666666667,4190.763653560052,CONTINUOUS_METRICS_ONLY_NO_FINAL_RULE,1.0,AVAILABLE_IN_FIADB_NOT_APPLIED; EVALID_LINKAGE_REQUIRED_FOR_FORMAL_ESTIMATION,0,1,1,1.0,1.0,2.0,3.25,6.300000000000011,15,2.8911290322580645,1,1.0,2.0,4.0,11.0,21.30000000000001,63,8.096774193548388
341,Ailanthus altissima,Ailanthus altissima,ailanthus,species,1,NA_NOT_AVAILABLE_IN_FROZEN_REF_SPECIES,0,75,115725,717,2008,1441,150,57920,57805,355,362,1411,1397,111,121,82,29,39,0.5466666666666666,0.9173553719008265,0.9173553719008265,0.9806629834254144,0.9806629834254144,0.32666666666666666,17,0.8266666666666667,4245.953956415448,16,0.8018018018018018,2122.6457547127357,14,0.8677685950413223,4152.183160699923,CONTINUOUS_METRICS_ONLY_NO_FINAL_RULE,1.0,AVAILABLE_IN_FIADB_NOT_APPLIED; EVALID_LINKAGE_REQUIRED_FOR_FORMAL_ESTIMATION,0,1,1,1.0,1.0,2.5,7.0,12.0,31,4.78,1,1.0,2.0,6.5,18.0,35.0,71,13.386666666666667
345,Albizia julibrissin,Albizia julibrissin,mimosa,species,1,NA_NOT_AVAILABLE_IN_FROZEN_REF_SPECIES,0,25,115725,183,297,10051,166,57920,57805,107,76,9235,9171,99,72,5,94,67,0.030120481927710843,0.7272727272727273,1.375,0.7102803738317757,1.4078947368421053,0.9156626506024096,124,0.06626506024096386,2205.816175477911,86,0.030303030303030304,2024.8456731316587,63,0.05555555555555555,2136.147232753398,CONTINUOUS_METRICS_ONLY_NO_FINAL_RULE,1.0,AVAILABLE_IN_FIADB_NOT_APPLIED; EVALID_LINKAGE_REQUIRED_FOR_FORMAL_ESTIMATION,0,1,1,1.0,1.0,1.0,1.0,1.0,4,1.1024096385542168,1,1.0,1.0,1.0,2.0,3.0,15,1.7891566265060241
345,Albizia julibrissin,Albizia julibrissin,mimosa,species,1,NA_NOT_AVAILABLE_IN_FROZEN_REF_SPECIES,0,50,115725,183,297,2970,137,57920,57805,107,76,2846,2830,88,65,16,72,49,0.11678832116788321,0.7386363636363636,1.353846153846154,0.7102803738317757,1.4078947368421053,0.7737226277372263,56,0.23357664233576642,2220.360331117452,49,0.125,2024.8456731316587,41,0.1076923076923077,2150.581316760657,CONTINUOUS_METRICS_ONLY_NO_FINAL_RULE,1.0,AVAILABLE_IN_FIADB_NOT_APPLIED; EVALID_LINKAGE_REQUIRED_FOR_FORMAL_ESTIMATION,0,1,1,1.0,1.0,1.0,1.0,2.0,9,1.3357664233576643,1,1.0,1.0,1.0,2.0,4.0,29,2.167883211678832
345,Albizia julibrissin,Albizia julibrissin,mimosa,species,1,NA_NOT_AVAILABLE_IN_FROZEN_REF_SPECIES,0,75,115725,183,297,1441,108,57920,57805,107,76,1411,1397,72,59,23,49,36,0.21296296296296297,0.8194444444444444,1.2203389830508475,0.7102803738317757,1.4078947368421053,0.5925925925925926,27,0.4722222222222222,2205.816175477911,29,0.3472222222222222,1997.0290433541522,27,0.288135593220339,2163.3307652783933,CONTINUOUS_METRICS_ONLY_NO_FINAL_RULE,1.0,AVAILABLE_IN_FIADB_NOT_APPLIED; EVALID_LINKAGE_REQUIRED_FOR_FORMAL_ESTIMATION,0,1,1,1.0,1.0,1.0,2.0,3.0,8,1.6944444444444444,1,1.0,1.0,2.0,3.0,6.0,25,2.75
350,Alnus spp.,Alnus spp.,alder spp.,species,1,NA_NOT_AVAILABLE_IN_FROZEN_REF_SPECIES,0,25,115725,1,6,10051,1,57920,57805,1,0,9235,9171,1,0,0,1,0,0.0,0.0,,0.0,,1.0,1,1.0,0.0,1,1.0,0.0,0,,,CONTINUOUS_METRICS_ONLY_NO_FINAL_RULE,1.0,AVAILABLE_IN_FIADB_NOT_APPLIED; EVALID_LINKAGE_REQUIRED_FOR_FORMAL_ESTIMATION,1,1,1,1.0,1.0,1.0,1.0,1.0,1,1.0,6,6.0,6.0,6.0,6.0,6.0,6,6.0
350,Alnus spp.,Alnus spp.,alder spp.,species,1,NA_NOT_AVAILABLE_IN_FROZEN_REF_SPECIES,0,50,115725,1,6,2970,1,57920,57805,1,0,2846,2830,1,0,0,1,0,0.0,0.0,,0.0,,1.0,1,1.0,0.0,1,1.0,0.0,0,,,CONTINUOUS_METRICS_ONLY_NO_FINAL_RULE,1.0,AVAILABLE_IN_FIADB_NOT_APPLIED; EVALID_LINKAGE_REQUIRED_FOR_FORMAL_ESTIMATION,1,1,1,1.0,1.0,1.0,1.0,1.0,1,1.0,6,6.0,6.0,6.0,6.0,6.0,6,6.0
350,Alnus spp.,Alnus spp.,alder spp.,species,1,NA_NOT_AVAILABLE_IN_FROZEN_REF_SPECIES,0,75,115725,1,6,1441,1,57920,57805,1,0,1411,1397,1,0,0,1,0,0.0,0.0,,0.0,,1.0,1,1.0,0.0,1,1.0,0.0,0,,,CONTINUOUS_METRICS_ONLY_NO_FINAL_RULE,1.0,AVAILABLE_IN_FIADB_NOT_APPLIED; EVALID_LINKAGE_REQUIRED_FOR_FORMAL_ESTIMATION,1,1,1,1.0,1.0,1.0,1.0,1.0,1,1.0,6,6.0,6.0,6.0,6.0,6.0,6,6.0
351,Alnus rubra,Alnus rubra,red alder,species,1,NA_NOT_AVAILABLE_IN_FROZEN_REF_SPECIES,0,25,115725,1289,8055,10051,253,57920,57805,629,660,9235,9171,199,209,155,44,54,0.6126482213438735,0.9521531100478469,0.9521531100478469,0.953030303030303,0.953030303030303,0.2648221343873518,20,0.9090909090909091,1364.0472865703741,23,0.864321608040201,1364.0472865703741,14,0.9090909090909091,1239.455525624054,CONTINUOUS_METRICS_ONLY_NO_FINAL_RULE,1.0,AVAILABLE_IN_FIADB_NOT_APPLIED; EVALID_LINKAGE_REQUIRED_FOR_FORMAL_ESTIMATION,0,1,1,1.0,1.0,4.0,6.0,10.0,44,5.094861660079052,1,2.0,7.0,19.0,41.0,68.20000000000005,412,31.83794466403162
351,Alnus rubra,Alnus rubra,red alder,species,1,NA_NOT_AVAILABLE_IN_FROZEN_REF_SPECIES,0,50,115725,1289,8055,2970,98,57920,57805,629,660,2846,2830,88,83,73,15,10,0.7448979591836735,0.9431818181818182,1.0602409638554218,0.953030303030303,0.953030303030303,0.17346938775510204,8,0.8469387755102041,1345.362404707371,8,0.8863636363636364,1345.362404707371,2,0.9397590361445783,1204.1594578792296,CONTINUOUS_METRICS_ONLY_NO_FINAL_RULE,1.0,AVAILABLE_IN_FIADB_NOT_APPLIED; EVALID_LINKAGE_REQUIRED_FOR_FORMAL_ESTIMATION,0,1,1,1.0,2.25,7.0,17.5,30.0,131,13.153061224489797,1,2.700000000000001,9.0,41.5,99.75,210.09999999999997,1031,82.1938775510204
351,Alnus rubra,Alnus rubra,red alder,species,1,NA_NOT_AVAILABLE_IN_FROZEN_REF_SPECIES,0,75,115725,1289,8055,1441,56,57920,57805,629,660,1411,1397,50,46,40,10,6,0.7142857142857143,0.92,1.0869565217391304,0.953030303030303,0.953030303030303,0.21428571428571427,5,0.8392857142857143,1326.88545097156,4,0.86,1326.88545097156,3,0.9347826086956522,1220.911544707478,CONTINUOUS_METRICS_ONLY_NO_FINAL_RULE,1.0,AVAILABLE_IN_FIADB_NOT_APPLIED; EVALID_LINKAGE_REQUIRED_FOR_FORMAL_ESTIMATION,0,1,1,1.0,2.0,12.5,33.5,55.0,178,23.017857142857142,1,2.0,8.0,64.0,205.5,354.5,1274,143.83928571428572
352,Alnus rhombifolia,Alnus rhombifolia,white alder,species,1,NA_NOT_AVAILABLE_IN_FROZEN_REF_SPECIES,0,25,115725,54,179,10051,49,57920,57805,26,28,9235,9171,26,27,4,22,23,0.08163265306122448,0.9629629629629629,0.9629629629629629,0.9285714285714286,0.9285714285714286,0.8979591836734694,28,0.10204081632653061,1759.6164354767775,19,0.19230769230769232,1487.0272357963051,21,0.1111111111111111,1713.5489488193793,CONTINUOUS_METRICS_ONLY_NO_FINAL_RULE,1.0,AVAILABLE_IN_FIADB_NOT_APPLIED; EVALID_LINKAGE_REQUIRED_FOR_FORMAL_ESTIMATION,0,1,1,1.0,1.0,1.0,1.0,1.2000000000000028,2,1.1020408163265305,1,1.0,2.0,3.0,4.0,7.400000000000006,14,3.6530612244897958
352,Alnus rhombifolia,Alnus rhombifolia,white alder,species,1,NA_NOT_AVAILABLE_IN_FROZEN_REF_SPECIES,0,50,115725,54,179,2970,36,57920,57805,26,28,2846,2830,21,23,8,13,15,0.2222222222222222,0.9130434782608695,0.9130434782608695,0.9285714285714286,0.9285714285714286,0.6388888888888888,13,0.3611111111111111,1746.4249196572978,12,0.38095238095238093,1476.48230602334,11,0.30434782608695654,1700.7351351694952,CONTINUOUS_METRICS_ONLY_NO_FINAL_RULE,1.0,AVAILABLE_IN_FIADB_NOT_APPLIED; EVALID_LINKAGE_REQUIRED_FOR_FORMAL_ESTIMATION,0,1,1,1.0,1.0,1.0,2.0,2.5,4,1.5,1,1.0,2.0,4.0,6.0,10.5,24,4.972222222222222
352,Alnus rhombifolia,Alnus rhombifolia,white alder,species,1,NA_NOT_AVAILABLE_IN_FROZEN_REF_SPECIES,0,75,115725,54,179,1441,27,57920,57805,26,28,1411,1397,17,19,9,8,10,0.3333333333333333,0.8947368421052632,0.8947368421052632,0.9285714285714286,0.9285714285714286,0.5555555555555556,9,0.6666666666666666,1782.729648600707,8,0.47058823529411764,1509.345884812358,5,0.5789473684210527,1713.5489488193793,CONTINUOUS_METRICS_ONLY_NO_FINAL_RULE,1.0,AVAILABLE_IN_FIADB_NOT_APPLIED; EVALID_LINKAGE_REQUIRED_FOR_FORMAL_ESTIMATION,0,1,1,1.0,1.0,1.0,2.5,4.400000000000002,6,2.0,1,1.0,2.5,4.0,6.5,16.400000000000002,30,6.62962962962963
353,Alnus oblongifolia,Alnus oblongifolia,Arizona alder,species,1,NA_NOT_AVAILABLE_IN_FROZEN_REF_SPECIES,0,25,115725,2,5,10051,2,57920,57805,1,1,9235,9171,1,1,0,1,1,0.0,1.0,1.0,1.0,1.0,1.0,2,0.5,145.77379737113253,1,1.0,0.0,1,1.0,0.0,CONTINUOUS_METRICS_ONLY_NO_FINAL_RULE,1.0,AVAILABLE_IN_FIADB_NOT_APPLIED; EVALID_LINKAGE_REQUIRED_FOR_FORMAL_ESTIMATION,1,1,1,1.0,1.0,1.0,1.0,1.0,1,1.0,2,2.1,2.25,2.5,2.75,2.9000000000000004,3,2.5
353,Alnus oblongifolia,Alnus oblongifolia,Arizona alder,species,1,NA_NOT_AVAILABLE_IN_FROZEN_REF_SPECIES,0,50,115725,2,5,2970,2,57920,57805,1,1,2846,2830,1,1,0,1,1,0.0,1.0,1.0,1.0,1.0,1.0,2,0.5,158.11388300841898,1,1.0,0.0,1,1.0,0.0,CONTINUOUS_METRICS_ONLY_NO_FINAL_RULE,1.0,AVAILABLE_IN_FIADB_NOT_APPLIED; EVALID_LINKAGE_REQUIRED_FOR_FORMAL_ESTIMATION,1,1,1,1.0,1.0,1.0,1.0,1.0,1,1.0,2,2.1,2.25,2.5,2.75,2.9000000000000004,3,2.5
353,Alnus oblongifolia,Alnus oblongifolia,Arizona alder,species,1,NA_NOT_AVAILABLE_IN_FROZEN_REF_SPECIES,0,75,115725,2,5,1441,2,57920,57805,1,1,1411,1397,1,1,0,1,1,0.0,1.0,1.0,1.0,1.0,1.0,2,0.5,167.70509831248424,1,1.0,0.0,1,1.0,0.0,CONTINUOUS_METRICS_ONLY_NO_FINAL_RULE,1.0,AVAILABLE_IN_FIADB_NOT_APPLIED; EVALID_LINKAGE_REQUIRED_FOR_FORMAL_ESTIMATION,1,1,1,1.0,1.0,1.0,1.0,1.0,1,1.0,2,2.1,2.25,2.5,2.75,2.9000000000000004,3,2.5
355,Alnus glutinosa,Alnus glutinosa,European alder,species,1,NA_NOT_AVAILABLE_IN_FROZEN_REF_SPECIES,0,25,115725,10,49,10051,10,57920,57805,6,4,9235,9171,6,4,0,6,4,0.0,0.6666666666666666,1.5,0.6666666666666666,1.5,1.0,9,0.2,945.05290857179,6,0.16666666666666666,945.05290857179,4,0.25,480.23431780746364,CONTINUOUS_METRICS_ONLY_NO_FINAL_RULE,1.0,AVAILABLE_IN_FIADB_NOT_APPLIED; EVALID_LINKAGE_REQUIRED_FOR_FORMAL_ESTIMATION,0,1,1,1.0,1.0,1.0,1.0,1.0,1,1.0,1,1.0,1.0,2.5,7.5,10.799999999999997,18,4.9
355,Alnus glutinosa,Alnus glutinosa,European alder,species,1,NA_NOT_AVAILABLE_IN_FROZEN_REF_SPECIES,0,50,115725,10,49,2970,10,57920,57805,6,4,2846,2830,6,4,0,6,4,0.0,0.6666666666666666,1.5,0.6666666666666666,1.5,1.0,8,0.2,960.4686356149273,6,0.16666666666666666,960.4686356149273,4,0.25,500.0,CONTINUOUS_METRICS_ONLY_NO_FINAL_RULE,1.0,AVAILABLE_IN_FIADB_NOT_APPLIED; EVALID_LINKAGE_REQUIRED_FOR_FORMAL_ESTIMATION,0,1,1,1.0,1.0,1.0,1.0,1.0,1,1.0,1,1.0,1.0,2.5,7.5,10.799999999999997,18,4.9
355,Alnus glutinosa,Alnus glutinosa,European alder,species,1,NA_NOT_AVAILABLE_IN_FROZEN_REF_SPECIES,0,75,115725,10,49,1441,8,57920,57805,6,4,1411,1397,6,4,2,4,2,0.25,0.6666666666666666,1.5,0.6666666666666666,1.5,0.75,8,0.125,960.4686356149273,6,0.16666666666666666,960.4686356149273,4,0.25,480.23431780746364,CONTINUOUS_METRICS_ONLY_NO_FINAL_RULE,1.0,AVAILABLE_IN_FIADB_NOT_APPLIED; EVALID_LINKAGE_REQUIRED_FOR_FORMAL_ESTIMATION,0,1,1,1.0,1.0,1.0,1.25,2.0,2,1.25,1,1.0,1.75,4.0,9.25,12.399999999999999,18,6.125
356,Amelanchier spp.,Amelanchier spp.,serviceberry spp.,species,1,NA_NOT_AVAILABLE_IN_FROZEN_REF_SPECIES,0,25,115725,1049,1735,10051,531,57920,57805,561,488,9235,9171,354,320,143,211,177,0.2693032015065913,0.903954802259887,1.10625,0.8698752228163993,1.1495901639344261,0.5969868173258004,137,0.3013182674199623,2867.2722228626985,123,0.1694915254237288,2768.799378792187,115,0.15625,2815.248656868519,CONTINUOUS_METRICS_ONLY_NO_FINAL_RULE,1.0,AVAILABLE_IN_FIADB_NOT_APPLIED; EVALID_LINKAGE_REQUIRED_FOR_FORMAL_ESTIMATION,0,1,1,1.0,1.0,1.0,2.0,4.0,17,1.975517890772128,1,1.0,1.0,2.0,4.0,7.0,35,3.2674199623352167
356,Amelanchier spp.,Amelanchier spp.,serviceberry spp.,species,1,NA_NOT_AVAILABLE_IN_FROZEN_REF_SPECIES,0,50,115725,1049,1735,2970,278,57920,57805,561,488,2846,2830,213,197,132,81,65,0.4748201438848921,0.9248826291079812,1.0812182741116751,0.8698752228163993,1.1495901639344261,0.43884892086330934,55,0.6402877697841727,2831.9604517012594,47,0.6854460093896714,2733.587386567329,35,0.7055837563451777,2798.660393831306,CONTINUOUS_METRICS_ONLY_NO_FINAL_RULE,1.0,AVAILABLE_IN_FIADB_NOT_APPLIED; EVALID_LINKAGE_REQUIRED_FOR_FORMAL_ESTIMATION,0,1,1,1.0,1.0,2.0,5.0,10.0,39,3.773381294964029,1,1.0,1.0,2.0,6.0,16.600000000000023,84,6.241007194244604
356,Amelanchier spp.,Amelanchier spp.,serviceberry spp.,species,1,NA_NOT_AVAILABLE_IN_FROZEN_REF_SPECIES,0,75,115725,1049,1735,1441,178,57920,57805,561,488,1411,1397,144,125,91,53,34,0.5112359550561798,0.8680555555555556,1.152,0.8698752228163993,1.1495901639344261,0.38764044943820225,32,0.601123595505618,2815.248656868519,30,0.6041666666666666,2717.6506397990156,28,0.656,2815.248656868519,CONTINUOUS_METRICS_ONLY_NO_FINAL_RULE,1.0,AVAILABLE_IN_FIADB_NOT_APPLIED; EVALID_LINKAGE_REQUIRED_FOR_FORMAL_ESTIMATION,0,1,1,1.0,1.0,2.0,7.0,15.0,66,5.893258426966292,1,1.0,1.0,3.0,9.0,27.0,125,9.747191011235955
357,Amelanchier arborea,Amelanchier arborea,common serviceberry,species,1,NA_NOT_AVAILABLE_IN_FROZEN_REF_SPECIES,0,25,115725,20,39,10051,18,57920,57805,12,8,9235,9171,11,8,1,10,7,0.05555555555555555,0.7272727272727273,1.375,0.6666666666666666,1.5,0.9444444444444444,7,0.3888888888888889,886.0022573334675,7,0.36363636363636365,886.0022573334675,7,0.25,355.31676008879737,CONTINUOUS_METRICS_ONLY_NO_FINAL_RULE,1.0,AVAILABLE_IN_FIADB_NOT_APPLIED; EVALID_LINKAGE_REQUIRED_FOR_FORMAL_ESTIMATION,0,1,1,1.0,1.0,1.0,1.0,1.0,3,1.1111111111111112,1,1.0,1.0,1.0,1.75,4.800000000000004,10,2.1666666666666665
357,Amelanchier arborea,Amelanchier arborea,common serviceberry,species,1,NA_NOT_AVAILABLE_IN_FROZEN_REF_SPECIES,0,50,115725,20,39,2970,11,57920,57805,12,8,2846,2830,8,7,4,4,3,0.36363636363636365,0.875,1.1428571428571428,0.6666666666666666,1.5,0.6363636363636364,6,0.2727272727272727,886.0022573334675,4,0.375,886.0022573334675,4,0.42857142857142855,320.1562118716424,CONTINUOUS_METRICS_ONLY_NO_FINAL_RULE,1.0,AVAILABLE_IN_FIADB_NOT_APPLIED; EVALID_LINKAGE_REQUIRED_FOR_FORMAL_ESTIMATION,0,1,1,1.0,1.0,1.0,2.5,3.0,5,1.8181818181818181,1,1.0,1.0,1.0,4.5,9.0,13,3.5454545454545454
357,Amelanchier arborea,Amelanchier arborea,common serviceberry,species,1,NA_NOT_AVAILABLE_IN_FROZEN_REF_SPECIES,0,75,115725,20,39,1441,11,57920,57805,12,8,1411,1397,8,6,3,5,3,0.2727272727272727,0.75,1.3333333333333333,0.6666666666666666,1.5,0.6363636363636364,5,0.2727272727272727,927.6987657639736,4,0.375,927.6987657639736,5,0.3333333333333333,375.0,CONTINUOUS_METRICS_ONLY_NO_FINAL_RULE,1.0,AVAILABLE_IN_FIADB_NOT_APPLIED; EVALID_LINKAGE_REQUIRED_FOR_FORMAL_ESTIMATION,0,1,1,1.0,1.0,1.0,2.0,3.0,6,1.8181818181818181,1,1.0,1.0,1.0,6.0,10.0,10,3.5454545454545454
361,Arbutus menziesii,Arbutus menziesii,Pacific madrone,species,1,NA_NOT_AVAILABLE_IN_FROZEN_REF_SPECIES,0,25,115725,763,3972,10051,151,57920,57805,381,382,9235,9171,120,119,88,32,31,0.5827814569536424,0.9916666666666667,1.0084033613445378,0.9973821989528796,0.9973821989528796,0.24503311258278146,13,0.8013245033112583,1643.3578429544796,13,0.8333333333333334,1377.043935392041,14,0.7815126050420168,1643.3578429544796,CONTINUOUS_METRICS_ONLY_NO_FINAL_RULE,1.0,AVAILABLE_IN_FIADB_NOT_APPLIED; EVALID_LINKAGE_REQUIRED_FOR_FORMAL_ESTIMATION,0,1,1,1.0,2.0,3.0,6.5,11.0,24,5.052980132450331,1,1.0,4.0,12.0,29.0,57.0,245,26.304635761589402
361,Arbutus menziesii,Arbutus menziesii,Pacific madrone,species,1,NA_NOT_AVAILABLE_IN_FROZEN_REF_SPECIES,0,50,115725,763,3972,2970,58,57920,57805,381,382,2846,2830,49,53,44,5,9,0.7586206896551724,0.9245283018867925,0.9245283018867925,0.9973821989528796,0.9973821989528796,0.15517241379310345,8,0.8103448275862069,1637.8339354159198,6,0.7959183673469388,1394.6325680981354,7,0.8301886792452831,1637.8339354159198,CONTINUOUS_METRICS_ONLY_NO_FINAL_RULE,1.0,AVAILABLE_IN_FIADB_NOT_APPLIED; EVALID_LINKAGE_REQUIRED_FOR_FORMAL_ESTIMATION,0,1,1,1.0,2.0,8.5,16.0,29.300000000000004,64,13.155172413793103,1,2.7,9.0,36.0,67.5,155.0000000000001,536,68.48275862068965
361,Arbutus menziesii,Arbutus menziesii,Pacific madrone,species,1,NA_NOT_AVAILABLE_IN_FROZEN_REF_SPECIES,0,75,115725,763,3972,1441,39,57920,57805,381,382,1411,1397,33,35,29,4,6,0.7435897435897436,0.9428571428571428,0.9428571428571428,0.9973821989528796,0.9973821989528796,0.20512820512820512,4,0.8717948717948718,1619.0274858692176,2,0.9090909090909091,1401.1156269202054,5,0.7714285714285715,1619.0274858692176,CONTINUOUS_METRICS_ONLY_NO_FINAL_RULE,1.0,AVAILABLE_IN_FIADB_NOT_APPLIED; EVALID_LINKAGE_REQUIRED_FOR_FORMAL_ESTIMATION,0,1,1,1.0,2.0,8.0,25.0,40.20000000000002,143,19.564102564102566,1,3.8000000000000003,10.5,31.0,109.0,201.00000000000023,1021,101.84615384615384
362,Arbutus arizonica,Arbutus arizonica,Arizona madrone,species,1,NA_NOT_AVAILABLE_IN_FROZEN_REF_SPECIES,0,25,115725,3,8,10051,3,57920,57805,1,2,9235,9171,1,2,0,1,2,0.0,0.5,0.5,0.5,0.5,1.0,3,0.3333333333333333,180.27756377319946,1,1.0,0.0,2,0.5,111.80339887498948,CONTINUOUS_METRICS_ONLY_NO_FINAL_RULE,1.0,AVAILABLE_IN_FIADB_NOT_APPLIED; EVALID_LINKAGE_REQUIRED_FOR_FORMAL_ESTIMATION,1,1,1,1.0,1.0,1.0,1.0,1.0,1,1.0,1,1.2000000000000002,1.5,2.0,3.5,4.4,5,2.6666666666666665
362,Arbutus arizonica,Arbutus arizonica,Arizona madrone,species,1,NA_NOT_AVAILABLE_IN_FROZEN_REF_SPECIES,0,50,115725,3,8,2970,3,57920,57805,1,2,2846,2830,1,2,0,1,2,0.0,0.5,0.5,0.5,0.5,1.0,3,0.3333333333333333,180.27756377319946,1,1.0,0.0,2,0.5,111.80339887498948,CONTINUOUS_METRICS_ONLY_NO_FINAL_RULE,1.0,AVAILABLE_IN_FIADB_NOT_APPLIED; EVALID_LINKAGE_REQUIRED_FOR_FORMAL_ESTIMATION,1,1,1,1.0,1.0,1.0,1.0,1.0,1,1.0,1,1.2000000000000002,1.5,2.0,3.5,4.4,5,2.6666666666666665
362,Arbutus arizonica,Arbutus arizonica,Arizona madrone,species,1,NA_NOT_AVAILABLE_IN_FROZEN_REF_SPECIES,0,75,115725,3,8,1441,3,57920,57805,1,2,1411,1397,1,2,0,1,2,0.0,0.5,0.5,0.5,0.5,1.0,3,0.3333333333333333,167.70509831248424,1,1.0,0.0,2,0.5,106.06601717798213,CONTINUOUS_METRICS_ONLY_NO_FINAL_RULE,1.0,AVAILABLE_IN_FIADB_NOT_APPLIED; EVALID_LINKAGE_REQUIRED_FOR_FORMAL_ESTIMATION,1,1,1,1.0,1.0,1.0,1.0,1.0,1,1.0,1,1.2000000000000002,1.5,2.0,3.5,4.4,5,2.6666666666666665
363,Arbutus xalapensis,Arbutus xalapensis,Texas madrone,species,1,NA_NOT_AVAILABLE_IN_FROZEN_REF_SPECIES,1,25,115725,2,2,10051,1,57920,57805,2,0,9235,9171,1,0,0,1,0,0.0,0.0,,0.0,,0.0,1,1.0,0.0,1,1.0,0.0,0,,,CONTINUOUS_METRICS_ONLY_NO_FINAL_RULE,1.0,AVAILABLE_IN_FIADB_NOT_APPLIED; EVALID_LINKAGE_REQUIRED_FOR_FORMAL_ESTIMATION,1,1,2,2.0,2.0,2.0,2.0,2.0,2,2.0,2,2.0,2.0,2.0,2.0,2.0,2,2.0
363,Arbutus xalapensis,Arbutus xalapensis,Texas madrone,species,1,NA_NOT_AVAILABLE_IN_FROZEN_REF_SPECIES,1,50,115725,2,2,2970,1,57920,57805,2,0,2846,2830,1,0,0,1,0,0.0,0.0,,0.0,,0.0,1,1.0,0.0,1,1.0,0.0,0,,,CONTINUOUS_METRICS_ONLY_NO_FINAL_RULE,1.0,AVAILABLE_IN_FIADB_NOT_APPLIED; EVALID_LINKAGE_REQUIRED_FOR_FORMAL_ESTIMATION,1,1,2,2.0,2.0,2.0,2.0,2.0,2,2.0,2,2.0,2.0,2.0,2.0,2.0,2,2.0
363,Arbutus xalapensis,Arbutus xalapensis,Texas madrone,species,1,NA_NOT_AVAILABLE_IN_FROZEN_REF_SPECIES,1,75,115725,2,2,1441,1,57920,57805,2,0,1411,1397,1,0,0,1,0,0.0,0.0,,0.0,,0.0,1,1.0,0.0,1,1.0,0.0,0,,,CONTINUOUS_METRICS_ONLY_NO_FINAL_RULE,1.0,AVAILABLE_IN_FIADB_NOT_APPLIED; EVALID_LINKAGE_REQUIRED_FOR_FORMAL_ESTIMATION,1,1,2,2.0,2.0,2.0,2.0,2.0,2,2.0,2,2.0,2.0,2.0,2.0,2.0,2,2.0
367,Asimina triloba,Asimina triloba,pawpaw,species,1,NA_NOT_AVAILABLE_IN_FROZEN_REF_SPECIES,0,25,115725,32,52,10051,32,57920,57805,20,12,9235,9171,20,12,0,20,12,0.0,0.6,1.6666666666666667,0.6,1.6666666666666667,1.0,28,0.125,1950.1602498256393,20,0.05,1910.0065444914057,11,0.16666666666666666,1699.448439935734,CONTINUOUS_METRICS_ONLY_NO_FINAL_RULE,1.0,AVAILABLE_IN_FIADB_NOT_APPLIED; EVALID_LINKAGE_REQUIRED_FOR_FORMAL_ESTIMATION,0,1,1,1.0,1.0,1.0,1.0,1.0,1,1.0,1,1.0,1.0,1.0,1.25,3.0,8,1.625
367,Asimina triloba,Asimina triloba,pawpaw,species,1,NA_NOT_AVAILABLE_IN_FROZEN_REF_SPECIES,0,50,115725,32,52,2970,30,57920,57805,20,12,2846,2830,20,11,1,19,10,0.03333333333333333,0.55,1.8181818181818181,0.6,1.6666666666666667,0.9666666666666667,26,0.06666666666666667,1970.4060495238032,19,0.1,1930.0259065618782,10,0.18181818181818182,1721.9175357722563,CONTINUOUS_METRICS_ONLY_NO_FINAL_RULE,1.0,AVAILABLE_IN_FIADB_NOT_APPLIED; EVALID_LINKAGE_REQUIRED_FOR_FORMAL_ESTIMATION,0,1,1,1.0,1.0,1.0,1.0,1.0,3,1.0666666666666667,1,1.0,1.0,1.0,2.0,3.1000000000000014,8,1.7333333333333334
367,Asimina triloba,Asimina triloba,pawpaw,species,1,NA_NOT_AVAILABLE_IN_FROZEN_REF_SPECIES,0,75,115725,32,52,1441,30,57920,57805,20,12,1411,1397,20,12,2,18,10,0.06666666666666667,0.6,1.6666666666666667,0.6,1.6666666666666667,0.9333333333333333,18,0.23333333333333334,1980.0568173666127,16,0.15,1920.9372712298546,9,0.3333333333333333,1744.4555024419512,CONTINUOUS_METRICS_ONLY_NO_FINAL_RULE,1.0,AVAILABLE_IN_FIADB_NOT_APPLIED; EVALID_LINKAGE_REQUIRED_FOR_FORMAL_ESTIMATION,0,1,1,1.0,1.0,1.0,1.0,1.0,2,1.0666666666666667,1,1.0,1.0,1.0,2.0,3.1000000000000014,8,1.7333333333333334
371,Betula alleghaniensis,Betula alleghaniensis,yellow birch,species,1,NA_NOT_AVAILABLE_IN_FROZEN_REF_SPECIES,0,25,115725,5652,21896,10051,945,57920,57805,2795,2857,9235,9171,776,759,590,186,169,0.6243386243386243,0.9780927835051546,1.0223978919631094,0.9782989149457473,0.9782989149457473,0.2751322751322751,66,0.5428571428571428,2755.2223140792103,70,0.4368556701030928,2735.073125165029,79,0.5691699604743083,2700.1157382601214,CONTINUOUS_METRICS_ONLY_NO_FINAL_RULE,1.0,AVAILABLE_IN_FIADB_NOT_APPLIED; EVALID_LINKAGE_REQUIRED_FOR_FORMAL_ESTIMATION,0,1,1,1.0,1.0,3.0,9.0,14.0,53,5.980952380952381,1,1.0,3.0,10.0,30.0,60.60000000000002,333,23.17037037037037
371,Betula alleghaniensis,Betula alleghaniensis,yellow birch,species,1,NA_NOT_AVAILABLE_IN_FROZEN_REF_SPECIES,0,50,115725,5652,21896,2970,361,57920,57805,2795,2857,2846,2830,310,312,261,49,51,0.7229916897506925,0.9935897435897436,0.9935897435897436,0.9782989149457473,0.9782989149457473,0.20221606648199447,13,0.6011080332409973,2790.161285660741,17,0.6451612903225806,2750.0,15,0.5576923076923077,2720.294101747089,CONTINUOUS_METRICS_ONLY_NO_FINAL_RULE,1.0,AVAILABLE_IN_FIADB_NOT_APPLIED; EVALID_LINKAGE_REQUIRED_FOR_FORMAL_ESTIMATION,0,1,1,1.0,2.0,7.0,23.0,44.0,129,15.65650969529086,1,2.0,5.0,20.0,71.0,180.0,781,60.65373961218837
371,Betula alleghaniensis,Betula alleghaniensis,yellow birch,species,1,NA_NOT_AVAILABLE_IN_FROZEN_REF_SPECIES,0,75,115725,5652,21896,1441,190,57920,57805,2795,2857,1411,1397,169,172,151,18,21,0.7947368421052632,0.9825581395348837,0.9825581395348837,0.9782989149457473,0.9782989149457473,0.12105263157894737,3,0.5894736842105263,2790.161285660741,5,0.621301775147929,2730.0412084801947,7,0.46511627906976744,2730.0412084801947,CONTINUOUS_METRICS_ONLY_NO_FINAL_RULE,1.0,AVAILABLE_IN_FIADB_NOT_APPLIED; EVALID_LINKAGE_REQUIRED_FOR_FORMAL_ESTIMATION,0,1,1,1.0,3.0,13.0,39.0,89.1,222,29.74736842105263,1,3.0,7.0,40.0,135.5,351.5999999999998,1289,115.2421052631579
372,Betula lenta,Betula lenta,sweet birch,species,1,NA_NOT_AVAILABLE_IN_FROZEN_REF_SPECIES,0,25,115725,3627,14411,10051,650,57920,57805,1795,1832,9235,9171,560,553,463,97,90,0.7123076923076923,0.9875,1.0126582278481013,0.9798034934497817,0.9798034934497817,0.1753846153846154,18,0.9538461538461539,1839.8369492974098,22,0.9428571428571428,1839.8369492974098,17,0.9584086799276673,1632.4827717314508,CONTINUOUS_METRICS_ONLY_NO_FINAL_RULE,1.0,AVAILABLE_IN_FIADB_NOT_APPLIED; EVALID_LINKAGE_REQUIRED_FOR_FORMAL_ESTIMATION,0,1,1,1.0,2.0,5.0,8.0,11.0,40,5.58,1,2.0,5.0,13.0,29.0,53.10000000000002,275,22.17076923076923
372,Betula lenta,Betula lenta,sweet birch,species,1,NA_NOT_AVAILABLE_IN_FROZEN_REF_SPECIES,0,50,115725,3627,14411,2970,211,57920,57805,1795,1832,2846,2830,198,192,179,19,13,0.8483412322274881,0.9696969696969697,1.03125,0.9798034934497817,0.9798034934497817,0.0947867298578199,8,0.957345971563981,1839.8369492974098,6,0.9696969696969697,1839.8369492974098,5,0.96875,1632.4827717314508,CONTINUOUS_METRICS_ONLY_NO_FINAL_RULE,1.0,AVAILABLE_IN_FIADB_NOT_APPLIED; EVALID_LINKAGE_REQUIRED_FOR_FORMAL_ESTIMATION,0,1,1,2.0,4.0,14.0,26.0,37.0,73,17.18957345971564,1,3.0,13.0,46.0,97.0,168.0,481,68.29857819905213
372,Betula lenta,Betula lenta,sweet birch,species,1,NA_NOT_AVAILABLE_IN_FROZEN_REF_SPECIES,0,75,115725,3627,14411,1441,109,57920,57805,1795,1832,1411,1397,105,97,93,12,4,0.8532110091743119,0.9238095238095239,1.0824742268041236,0.9798034934497817,0.9798034934497817,0.09174311926605505,4,0.9724770642201835,1856.9127604709922,4,0.9714285714285714,1856.9127604709922,2,0.9896907216494846,1651.703665915893,CONTINUOUS_METRICS_ONLY_NO_FINAL_RULE,1.0,AVAILABLE_IN_FIADB_NOT_APPLIED; EVALID_LINKAGE_REQUIRED_FOR_FORMAL_ESTIMATION,0,1,1,2.0,5.0,27.0,55.0,69.80000000000003,134,33.27522935779817,1,2.0,15.0,86.0,185.0,327.0000000000001,765,132.21100917431193
373,Betula nigra,Betula nigra,river birch,species,1,NA_NOT_AVAILABLE_IN_FROZEN_REF_SPECIES,0,25,115725,701,1962,10051,530,57920,57805,335,366,9235,9171,300,309,79,221,230,0.1490566037735849,0.970873786407767,0.970873786407767,0.9153005464480874,0.9153005464480874,0.7622641509433963,215,0.13018867924528302,2670.6740722147283,170,0.11,2655.3013011709236,186,0.09061488673139159,2478.911051248108,CONTINUOUS_METRICS_ONLY_NO_FINAL_RULE,1.0,AVAILABLE_IN_FIADB_NOT_APPLIED; EVALID_LINKAGE_REQUIRED_FOR_FORMAL_ESTIMATION,0,1,1,1.0,1.0,1.0,1.0,2.0,10,1.3226415094339623,1,1.0,1.0,2.0,5.0,8.0,55,3.70188679245283
373,Betula nigra,Betula nigra,river birch,species,1,NA_NOT_AVAILABLE_IN_FROZEN_REF_SPECIES,0,50,115725,701,1962,2970,338,57920,57805,335,366,2846,2830,217,232,111,106,121,0.32840236686390534,0.9353448275862069,0.9353448275862069,0.9153005464480874,0.9153005464480874,0.5236686390532544,53,0.27218934911242604,2670.6740722147283,64,0.2119815668202765,2670.6740722147283,66,0.12931034482758622,2478.911051248108,CONTINUOUS_METRICS_ONLY_NO_FINAL_RULE,1.0,AVAILABLE_IN_FIADB_NOT_APPLIED; EVALID_LINKAGE_REQUIRED_FOR_FORMAL_ESTIMATION,0,1,1,1.0,1.0,1.0,3.0,4.0,16,2.07396449704142,1,1.0,1.0,3.0,8.0,13.0,71,5.804733727810651
373,Betula nigra,Betula nigra,river birch,species,1,NA_NOT_AVAILABLE_IN_FROZEN_REF_SPECIES,0,75,115725,701,1962,1441,222,57920,57805,335,366,1411,1397,163,168,109,54,59,0.49099099099099097,0.9702380952380952,0.9702380952380952,0.9153005464480874,0.9153005464480874,0.36936936936936937,19,0.7567567567567568,2670.6740722147288,26,0.5460122699386503,2670.6740722147288,29,0.36904761904761907,2497.623870802007,CONTINUOUS_METRICS_ONLY_NO_FINAL_RULE,1.0,AVAILABLE_IN_FIADB_NOT_APPLIED; EVALID_LINKAGE_REQUIRED_FOR_FORMAL_ESTIMATION,0,1,1,1.0,1.0,2.0,4.0,6.0,29,3.1576576576576576,1,1.0,2.0,5.0,11.0,19.0,89,8.837837837837839
374,Betula occidentalis,Betula occidentalis,water birch,species,1,NA_NOT_AVAILABLE_IN_FROZEN_REF_SPECIES,0,25,115725,17,35,10051,15,57920,57805,9,8,9235,9171,8,8,1,7,7,0.06666666666666667,1.0,1.0,0.8888888888888888,1.125,0.9333333333333333,12,0.13333333333333333,620.987117418711,8,0.125,605.1859218455103,8,0.125,555.090082779363,CONTINUOUS_METRICS_ONLY_NO_FINAL_RULE,1.0,AVAILABLE_IN_FIADB_NOT_APPLIED; EVALID_LINKAGE_REQUIRED_FOR_FORMAL_ESTIMATION,0,1,1,1.0,1.0,1.0,1.0,1.0,3,1.1333333333333333,1,1.0,1.0,2.0,2.5,3.5999999999999996,10,2.3333333333333335
374,Betula occidentalis,Betula occidentalis,water birch,species,1,NA_NOT_AVAILABLE_IN_FROZEN_REF_SPECIES,0,50,115725,17,35,2970,12,57920,57805,9,8,2846,2830,8,8,4,4,4,0.3333333333333333,1.0,1.0,0.8888888888888888,1.125,0.6666666666666666,8,0.3333333333333333,602.0797289396148,6,0.375,570.087712549569,8,0.125,570.087712549569,CONTINUOUS_METRICS_ONLY_NO_FINAL_RULE,1.0,AVAILABLE_IN_FIADB_NOT_APPLIED; EVALID_LINKAGE_REQUIRED_FOR_FORMAL_ESTIMATION,0,1,1,1.0,1.0,1.0,2.0,2.0,3,1.4166666666666667,1,1.0,1.75,2.0,3.0,3.9000000000000004,11,2.9166666666666665
374,Betula occidentalis,Betula occidentalis,water birch,species,1,NA_NOT_AVAILABLE_IN_FROZEN_REF_SPECIES,0,75,115725,17,35,1441,9,57920,57805,9,8,1411,1397,7,6,4,3,2,0.4444444444444444,0.8571428571428571,1.1666666666666667,0.8888888888888888,1.125,0.5555555555555556,6,0.4444444444444444,585.768725692999,5,0.42857142857142855,585.768725692999,6,0.16666666666666666,540.8326913195983,CONTINUOUS_METRICS_ONLY_NO_FINAL_RULE,1.0,AVAILABLE_IN_FIADB_NOT_APPLIED; EVALID_LINKAGE_REQUIRED_FOR_FORMAL_ESTIMATION,0,1,1,1.0,1.0,1.0,2.0,3.4000000000000004,5,1.8888888888888888,1,1.0,1.0,2.0,6.0,7.400000000000001,13,3.888888888888889
375,Betula papyrifera,Betula papyrifera,paper birch,species,1,NA_NOT_AVAILABLE_IN_FROZEN_REF_SPECIES,0,25,115725,6647,23549,10051,1016,57920,57805,3352,3295,9235,9171,868,860,712,156,148,0.7007874015748031,0.9907834101382489,1.0093023255813953,0.9829952267303103,1.017298937784522,0.19389763779527558,53,0.5442913385826772,4365.84756948751,58,0.5161290322580645,4341.658669218482,52,0.5395348837209303,4353.518691817,CONTINUOUS_METRICS_ONLY_NO_FINAL_RULE,1.0,AVAILABLE_IN_FIADB_NOT_APPLIED; EVALID_LINKAGE_REQUIRED_FOR_FORMAL_ESTIMATION,0,1,1,1.0,2.0,5.0,10.0,14.0,50,6.542322834645669,1,2.0,4.0,13.0,31.0,55.5,508,23.17814960629921
375,Betula papyrifera,Betula papyrifera,paper birch,species,1,NA_NOT_AVAILABLE_IN_FROZEN_REF_SPECIES,0,50,115725,6647,23549,2970,356,57920,57805,3352,3295,2846,2830,321,312,277,44,35,0.7780898876404494,0.9719626168224299,1.0288461538461537,0.9829952267303103,1.017298937784522,0.13764044943820225,21,0.5365168539325843,4390.045557850169,18,0.557632398753894,4341.658669218482,15,0.5512820512820513,4377.784827969506,CONTINUOUS_METRICS_ONLY_NO_FINAL_RULE,1.0,AVAILABLE_IN_FIADB_NOT_APPLIED; EVALID_LINKAGE_REQUIRED_FOR_FORMAL_ESTIMATION,0,1,1,1.0,3.0,11.0,28.0,46.5,113,18.671348314606742,1,2.0,7.0,31.0,97.0,162.5,812,66.14887640449439
375,Betula papyrifera,Betula papyrifera,paper birch,species,1,NA_NOT_AVAILABLE_IN_FROZEN_REF_SPECIES,0,75,115725,6647,23549,1441,195,57920,57805,3352,3295,1411,1397,175,174,154,21,20,0.7897435897435897,0.9942857142857143,1.0057471264367817,0.9829952267303103,1.017298937784522,0.1282051282051282,11,0.48717948717948717,4402.059177248757,11,0.5257142857142857,4329.260906898544,12,0.5229885057471264,4402.059177248757,CONTINUOUS_METRICS_ONLY_NO_FINAL_RULE,1.0,AVAILABLE_IN_FIADB_NOT_APPLIED; EVALID_LINKAGE_REQUIRED_FOR_FORMAL_ESTIMATION,0,1,1,1.0,3.0,16.0,53.5,91.39999999999998,214,34.08717948717949,1,2.0,8.0,50.0,195.0,342.19999999999993,1470,120.76410256410256
379,Betula populifolia,Betula populifolia,gray birch,species,1,NA_NOT_AVAILABLE_IN_FROZEN_REF_SPECIES,0,25,115725,375,844,10051,196,57920,57805,199,176,9235,9171,129,128,61,68,67,0.3112244897959184,0.9922480620155039,1.0078125,0.8844221105527639,1.1306818181818181,0.5918367346938775,46,0.3622448979591837,1685.6007831037573,40,0.32558139534883723,1578.3694117664597,43,0.40625,1230.0914600142544,CONTINUOUS_METRICS_ONLY_NO_FINAL_RULE,1.0,AVAILABLE_IN_FIADB_NOT_APPLIED; EVALID_LINKAGE_REQUIRED_FOR_FORMAL_ESTIMATION,0,1,1,1.0,1.0,1.0,2.0,4.0,8,1.913265306122449,1,1.0,1.0,2.0,5.0,10.5,26,4.3061224489795915
379,Betula populifolia,Betula populifolia,gray birch,species,1,NA_NOT_AVAILABLE_IN_FROZEN_REF_SPECIES,0,50,115725,375,844,2970,101,57920,57805,199,176,2846,2830,70,75,44,26,31,0.43564356435643564,0.9333333333333333,0.9333333333333333,0.8844221105527639,1.1306818181818181,0.40594059405940597,11,0.7821782178217822,1650.7574019219178,13,0.7,1544.34452114805,9,0.7733333333333333,1210.3718436910206,CONTINUOUS_METRICS_ONLY_NO_FINAL_RULE,1.0,AVAILABLE_IN_FIADB_NOT_APPLIED; EVALID_LINKAGE_REQUIRED_FOR_FORMAL_ESTIMATION,0,1,1,1.0,1.0,2.0,5.0,9.0,21,3.712871287128713,1,1.0,2.0,3.0,10.0,22.0,53,8.356435643564357
379,Betula populifolia,Betula populifolia,gray birch,species,1,NA_NOT_AVAILABLE_IN_FROZEN_REF_SPECIES,0,75,115725,375,844,1441,65,57920,57805,199,176,1411,1397,52,51,38,14,13,0.5846153846153846,0.9807692307692307,1.0196078431372548,0.8844221105527639,1.1306818181818181,0.2923076923076923,7,0.8615384615384616,1665.2702483380888,5,0.9038461538461539,1544.34452114805,4,0.9019607843137255,1230.0914600142546,CONTINUOUS_METRICS_ONLY_NO_FINAL_RULE,1.0,AVAILABLE_IN_FIADB_NOT_APPLIED; EVALID_LINKAGE_REQUIRED_FOR_FORMAL_ESTIMATION,0,1,1,1.0,1.0,3.0,6.0,12.600000000000001,37,5.769230769230769,1,1.0,2.0,6.0,13.0,38.2,88,12.984615384615385
381,Sideroxylon lanuginosum ssp. lanuginosum,Sideroxylon lanuginosum ssp. lanuginosum,gum bumelia,infraspecies,1,NA_NOT_AVAILABLE_IN_FROZEN_REF_SPECIES,0,25,115725,217,334,10051,177,57920,57805,123,94,9235,9171,109,88,20,89,68,0.11299435028248588,0.8073394495412844,1.2386363636363635,0.7642276422764228,1.3085106382978724,0.8248587570621468,100,0.07909604519774012,1915.2349725294805,75,0.03669724770642202,1360.1470508735445,70,0.056818181818181816,1915.2349725294805,CONTINUOUS_METRICS_ONLY_NO_FINAL_RULE,1.0,AVAILABLE_IN_FIADB_NOT_APPLIED; EVALID_LINKAGE_REQUIRED_FOR_FORMAL_ESTIMATION,0,1,1,1.0,1.0,1.0,1.0,2.0,4,1.2259887005649717,1,1.0,1.0,1.0,2.0,4.0,8,1.887005649717514
381,Sideroxylon lanuginosum ssp. lanuginosum,Sideroxylon lanuginosum ssp. lanuginosum,gum bumelia,infraspecies,1,NA_NOT_AVAILABLE_IN_FROZEN_REF_SPECIES,0,50,115725,217,334,2970,132,57920,57805,123,94,2846,2830,89,75,32,57,43,0.24242424242424243,0.8426966292134831,1.1866666666666668,0.7642276422764228,1.3085106382978724,0.6363636363636364,26,0.6666666666666666,1930.0259065618782,32,0.29213483146067415,1360.1470508735445,33,0.17333333333333334,1930.0259065618782,CONTINUOUS_METRICS_ONLY_NO_FINAL_RULE,1.0,AVAILABLE_IN_FIADB_NOT_APPLIED; EVALID_LINKAGE_REQUIRED_FOR_FORMAL_ESTIMATION,0,1,1,1.0,1.0,1.0,2.0,3.0,8,1.643939393939394,1,1.0,1.0,2.0,3.0,6.0,15,2.5303030303030303
381,Sideroxylon lanuginosum ssp. lanuginosum,Sideroxylon lanuginosum ssp. lanuginosum,gum bumelia,infraspecies,1,NA_NOT_AVAILABLE_IN_FROZEN_REF_SPECIES,0,75,115725,217,334,1441,88,57920,57805,123,94,1411,1397,68,59,39,29,20,0.4431818181818182,0.8676470588235294,1.152542372881356,0.7642276422764228,1.3085106382978724,0.32954545454545453,6,0.9431818181818182,1875.0,8,0.6764705882352942,1335.3370361073644,13,0.4067796610169492,1875.0,CONTINUOUS_METRICS_ONLY_NO_FINAL_RULE,1.0,AVAILABLE_IN_FIADB_NOT_APPLIED; EVALID_LINKAGE_REQUIRED_FOR_FORMAL_ESTIMATION,0,1,1,1.0,1.0,2.0,3.0,5.0,9,2.465909090909091,1,1.0,2.0,3.0,6.0,8.299999999999997,16,3.7954545454545454
391,Carpinus caroliniana,Carpinus caroliniana,American hornbeam,species,1,NA_NOT_AVAILABLE_IN_FROZEN_REF_SPECIES,0,25,115725,2031,4235,10051,1169,57920,57805,1024,1007,9235,9171,727,737,295,432,442,0.2523524379811805,0.9864314789687924,0.9864314789687924,0.9833984375,1.0168818272095332,0.5902480752780154,237,0.21043627031650983,2828.648086984311,266,0.15680880330123798,2758.6228448267443,259,0.17639077340569878,2757.7164466275353,CONTINUOUS_METRICS_ONLY_NO_FINAL_RULE,1.0,AVAILABLE_IN_FIADB_NOT_APPLIED; EVALID_LINKAGE_REQUIRED_FOR_FORMAL_ESTIMATION,0,1,1,1.0,1.0,1.0,2.0,3.0,10,1.737382378100941,1,1.0,1.0,2.0,5.0,8.200000000000045,30,3.622754491017964
391,Carpinus caroliniana,Carpinus caroliniana,American hornbeam,species,1,NA_NOT_AVAILABLE_IN_FROZEN_REF_SPECIES,0,50,115725,2031,4235,2970,588,57920,57805,1024,1007,2846,2830,434,452,298,136,154,0.5068027210884354,0.9601769911504425,0.9601769911504425,0.9833984375,1.0168818272095332,0.34523809523809523,39,0.8350340136054422,2793.2955446926844,45,0.728110599078341,2758.6228448267443,54,0.7522123893805309,2757.7164466275353,CONTINUOUS_METRICS_ONLY_NO_FINAL_RULE,1.0,AVAILABLE_IN_FIADB_NOT_APPLIED; EVALID_LINKAGE_REQUIRED_FOR_FORMAL_ESTIMATION,0,1,1,1.0,1.0,2.0,4.0,8.0,24,3.454081632653061,1,1.0,2.0,4.0,10.0,19.0,63,7.2023809523809526
391,Carpinus caroliniana,Carpinus caroliniana,American hornbeam,species,1,NA_NOT_AVAILABLE_IN_FROZEN_REF_SPECIES,0,75,115725,2031,4235,1441,330,57920,57805,1024,1007,1411,1397,272,277,219,53,58,0.6636363636363637,0.9819494584837545,0.9819494584837545,0.9833984375,1.0168818272095332,0.22121212121212122,20,0.9151515151515152,2863.7824638055176,17,0.8933823529411765,2811.249722098697,17,0.8989169675090253,2757.7164466275353,CONTINUOUS_METRICS_ONLY_NO_FINAL_RULE,1.0,AVAILABLE_IN_FIADB_NOT_APPLIED; EVALID_LINKAGE_REQUIRED_FOR_FORMAL_ESTIMATION,0,1,1,1.0,2.0,4.0,8.0,16.0,41,6.154545454545454,1,1.0,2.0,6.5,16.0,36.0,92,12.833333333333334
401,Carya aquatica,Carya aquatica,water hickory,species,1,NA_NOT_AVAILABLE_IN_FROZEN_REF_SPECIES,0,25,115725,447,1177,10051,277,57920,57805,246,201,9235,9171,178,150,51,127,99,0.18411552346570398,0.8426966292134831,1.1866666666666668,0.8170731707317073,1.2238805970149254,0.6714801444043321,96,0.22021660649819494,1985.1007531105317,90,0.11797752808988764,1959.7512597266011,74,0.15333333333333332,1985.1007531105317,CONTINUOUS_METRICS_ONLY_NO_FINAL_RULE,1.0,AVAILABLE_IN_FIADB_NOT_APPLIED; EVALID_LINKAGE_REQUIRED_FOR_FORMAL_ESTIMATION,0,1,1,1.0,1.0,1.0,2.0,3.0,10,1.6137184115523466,1,1.0,1.0,2.0,5.0,8.400000000000006,49,4.249097472924188
401,Carya aquatica,Carya aquatica,water hickory,species,1,NA_NOT_AVAILABLE_IN_FROZEN_REF_SPECIES,0,50,115725,447,1177,2970,166,57920,57805,246,201,2846,2830,122,101,57,65,44,0.3433734939759036,0.8278688524590164,1.2079207920792079,0.8170731707317073,1.2238805970149254,0.45180722891566266,27,0.46987951807228917,1972.3082923316022,35,0.4426229508196721,1947.4342094150447,31,0.39603960396039606,1972.3082923316022,CONTINUOUS_METRICS_ONLY_NO_FINAL_RULE,1.0,AVAILABLE_IN_FIADB_NOT_APPLIED; EVALID_LINKAGE_REQUIRED_FOR_FORMAL_ESTIMATION,0,1,1,1.0,1.0,2.0,3.0,5.5,15,2.6927710843373496,1,1.0,2.0,3.0,8.0,15.5,61,7.090361445783133
401,Carya aquatica,Carya aquatica,water hickory,species,1,NA_NOT_AVAILABLE_IN_FROZEN_REF_SPECIES,0,75,115725,447,1177,1441,112,57920,57805,246,201,1411,1397,91,75,54,37,21,0.48214285714285715,0.8241758241758241,1.2133333333333334,0.8170731707317073,1.2238805970149254,0.32142857142857145,8,0.8571428571428571,2019.436802675439,11,0.7472527472527473,1981.476722043436,16,0.41333333333333333,2019.436802675439,CONTINUOUS_METRICS_ONLY_NO_FINAL_RULE,1.0,AVAILABLE_IN_FIADB_NOT_APPLIED; EVALID_LINKAGE_REQUIRED_FOR_FORMAL_ESTIMATION,0,1,1,1.0,1.0,2.0,5.0,9.0,24,3.9910714285714284,1,1.0,2.0,5.0,11.0,27.0,85,10.508928571428571
402,Carya cordiformis,Carya cordiformis,bitternut hickory,species,1,NA_NOT_AVAILABLE_IN_FROZEN_REF_SPECIES,0,25,115725,2832,6509,10051,1632,57920,57805,1435,1397,9235,9171,1057,999,424,633,575,0.25980392156862747,0.945127719962157,1.058058058058058,0.9735191637630662,1.0272011453113816,0.5931372549019608,282,0.25980392156862747,2813.472054241876,359,0.07190160832544938,2795.084971874737,339,0.11911911911911911,2796.6497814349223,CONTINUOUS_METRICS_ONLY_NO_FINAL_RULE,1.0,AVAILABLE_IN_FIADB_NOT_APPLIED; EVALID_LINKAGE_REQUIRED_FOR_FORMAL_ESTIMATION,0,1,1,1.0,1.0,1.0,2.0,3.0,14,1.7352941176470589,1,1.0,1.0,2.0,5.0,9.0,41,3.988357843137255
402,Carya cordiformis,Carya cordiformis,bitternut hickory,species,1,NA_NOT_AVAILABLE_IN_FROZEN_REF_SPECIES,0,50,115725,2832,6509,2970,789,57920,57805,1435,1397,2846,2830,624,597,432,192,165,0.5475285171102662,0.9567307692307693,1.0452261306532664,0.9735191637630662,1.0272011453113816,0.311787072243346,32,0.9252217997465145,2831.9604517012594,53,0.7419871794871795,2795.084971874737,56,0.45058626465661644,2831.9604517012594,CONTINUOUS_METRICS_ONLY_NO_FINAL_RULE,1.0,AVAILABLE_IN_FIADB_NOT_APPLIED; EVALID_LINKAGE_REQUIRED_FOR_FORMAL_ESTIMATION,0,1,1,1.0,1.0,3.0,5.0,8.0,39,3.5893536121673004,1,1.0,2.0,5.0,10.0,18.0,117,8.249683143219265
402,Carya cordiformis,Carya cordiformis,bitternut hickory,species,1,NA_NOT_AVAILABLE_IN_FROZEN_REF_SPECIES,0,75,115725,2832,6509,1441,439,57920,57805,1435,1397,1411,1397,375,372,308,67,64,0.7015945330296127,0.992,1.0080645161290323,0.9735191637630662,1.0272011453113816,0.1776765375854214,3,0.9954441913439636,2815.248656868519,8,0.96,2759.7554239461147,12,0.9623655913978495,2815.248656868519,CONTINUOUS_METRICS_ONLY_NO_FINAL_RULE,1.0,AVAILABLE_IN_FIADB_NOT_APPLIED; EVALID_LINKAGE_REQUIRED_FOR_FORMAL_ESTIMATION,0,1,1,1.0,2.0,4.0,9.0,15.0,72,6.451025056947608,1,2.0,3.5,10.0,20.0,32.19999999999999,215,14.826879271070615
403,Carya glabra,Carya glabra,pignut hickory,species,1,NA_NOT_AVAILABLE_IN_FROZEN_REF_SPECIES,0,25,115725,6307,13880,10051,1910,57920,57805,3147,3160,9235,9171,1419,1474,983,436,491,0.5146596858638743,0.9626865671641791,0.9626865671641791,0.9958860759493671,0.9958860759493671,0.34921465968586385,157,0.8104712041884817,3015.3772566629204,184,0.7082452431289641,2999.270744697784,175,0.7198100407055631,2689.098361904971,CONTINUOUS_METRICS_ONLY_NO_FINAL_RULE,1.0,AVAILABLE_IN_FIADB_NOT_APPLIED; EVALID_LINKAGE_REQUIRED_FOR_FORMAL_ESTIMATION,0,1,1,1.0,1.0,2.0,4.0,7.0,26,3.3020942408376963,1,1.0,2.0,4.0,9.0,17.0,137,7.267015706806283
403,Carya glabra,Carya glabra,pignut hickory,species,1,NA_NOT_AVAILABLE_IN_FROZEN_REF_SPECIES,0,50,115725,6307,13880,2970,703,57920,57805,3147,3160,2846,2830,604,600,501,103,99,0.7126600284495022,0.9933774834437086,1.0066666666666666,0.9958860759493671,0.9958860759493671,0.19914651493598862,16,0.9530583214793741,3015.3772566629204,31,0.8708609271523179,3015.3772566629204,27,0.9283333333333333,2690.724809414742,CONTINUOUS_METRICS_ONLY_NO_FINAL_RULE,1.0,AVAILABLE_IN_FIADB_NOT_APPLIED; EVALID_LINKAGE_REQUIRED_FOR_FORMAL_ESTIMATION,0,1,1,1.0,2.0,5.0,13.0,22.0,69,8.971550497866287,1,1.0,3.0,11.0,26.0,50.80000000000007,249,19.743954480796585
403,Carya glabra,Carya glabra,pignut hickory,species,1,NA_NOT_AVAILABLE_IN_FROZEN_REF_SPECIES,0,75,115725,6307,13880,1441,369,57920,57805,3147,3160,1411,1397,330,328,289,41,39,0.7831978319783198,0.9939393939393939,1.0060975609756098,0.9958860759493671,0.9958860759493671,0.13821138211382114,5,0.989159891598916,3034.4892486215863,9,0.9606060606060606,2986.8461627609818,3,0.9939024390243902,2705.203319530715,CONTINUOUS_METRICS_ONLY_NO_FINAL_RULE,1.0,AVAILABLE_IN_FIADB_NOT_APPLIED; EVALID_LINKAGE_REQUIRED_FOR_FORMAL_ESTIMATION,0,1,1,1.0,3.0,9.0,27.0,46.0,106,17.092140921409214,1,2.0,4.0,17.0,53.0,97.0,312,37.61517615176152
404,Carya illinoinensis,Carya illinoinensis,pecan,species,1,NA_NOT_AVAILABLE_IN_FROZEN_REF_SPECIES,0,25,115725,802,2026,10051,539,57920,57805,381,421,9235,9171,309,326,96,213,230,0.17810760667903525,0.9478527607361963,0.9478527607361963,0.9049881235154394,0.9049881235154394,0.6975881261595547,191,0.14656771799628943,2589.642832515712,153,0.11326860841423948,2494.1180806048455,174,0.12883435582822086,2568.1948913585197,CONTINUOUS_METRICS_ONLY_NO_FINAL_RULE,1.0,AVAILABLE_IN_FIADB_NOT_APPLIED; EVALID_LINKAGE_REQUIRED_FOR_FORMAL_ESTIMATION,0,1,1,1.0,1.0,1.0,2.0,3.0,7,1.4879406307977736,1,1.0,1.0,2.0,5.0,9.0,29,3.758812615955473
404,Carya illinoinensis,Carya illinoinensis,pecan,species,1,NA_NOT_AVAILABLE_IN_FROZEN_REF_SPECIES,0,50,115725,802,2026,2970,324,57920,57805,381,421,2846,2830,207,236,119,88,117,0.36728395061728397,0.8771186440677966,0.8771186440677966,0.9049881235154394,0.9049881235154394,0.49691358024691357,41,0.7438271604938271,2598.5572920372565,68,0.2318840579710145,2482.438317461282,56,0.3050847457627119,2555.3864678361274,CONTINUOUS_METRICS_ONLY_NO_FINAL_RULE,1.0,AVAILABLE_IN_FIADB_NOT_APPLIED; EVALID_LINKAGE_REQUIRED_FOR_FORMAL_ESTIMATION,0,1,1,1.0,1.0,2.0,3.0,5.0,19,2.4753086419753085,1,1.0,1.0,3.0,8.0,16.0,62,6.253086419753086
404,Carya illinoinensis,Carya illinoinensis,pecan,species,1,NA_NOT_AVAILABLE_IN_FROZEN_REF_SPECIES,0,75,115725,802,2026,1441,212,57920,57805,381,421,1411,1397,156,161,105,51,56,0.49528301886792453,0.968944099378882,0.968944099378882,0.9049881235154394,0.9049881235154394,0.35377358490566035,14,0.9056603773584906,2586.140947435,18,0.7564102564102564,2550.0,17,0.8385093167701864,2521.1604470957413,CONTINUOUS_METRICS_ONLY_NO_FINAL_RULE,1.0,AVAILABLE_IN_FIADB_NOT_APPLIED; EVALID_LINKAGE_REQUIRED_FOR_FORMAL_ESTIMATION,0,1,1,1.0,1.0,3.0,4.0,7.900000000000006,31,3.7830188679245285,1,1.0,2.0,5.0,12.0,22.900000000000006,69,9.556603773584905
405,Carya laciniosa,Carya laciniosa,shellbark hickory,species,1,NA_NOT_AVAILABLE_IN_FROZEN_REF_SPECIES,0,25,115725,200,369,10051,158,57920,57805,98,102,9235,9171,86,88,16,70,72,0.10126582278481013,0.9772727272727273,0.9772727272727273,0.9607843137254902,0.9607843137254902,0.7911392405063291,89,0.12025316455696203,2265.0882984996415,57,0.06976744186046512,1960.229578391266,65,0.11363636363636363,2250.0,CONTINUOUS_METRICS_ONLY_NO_FINAL_RULE,1.0,AVAILABLE_IN_FIADB_NOT_APPLIED; EVALID_LINKAGE_REQUIRED_FOR_FORMAL_ESTIMATION,0,1,1,1.0,1.0,1.0,1.0,2.0,5,1.2658227848101267,1,1.0,1.0,2.0,3.0,5.0,10,2.3354430379746836
405,Carya laciniosa,Carya laciniosa,shellbark hickory,species,1,NA_NOT_AVAILABLE_IN_FROZEN_REF_SPECIES,0,50,115725,200,369,2970,116,57920,57805,98,102,2846,2830,68,74,26,42,48,0.22413793103448276,0.918918918918919,0.918918918918919,0.9607843137254902,0.9607843137254902,0.6551724137931034,32,0.4827586206896552,2250.0,27,0.3088235294117647,1960.229578391266,35,0.36486486486486486,2250.0,CONTINUOUS_METRICS_ONLY_NO_FINAL_RULE,1.0,AVAILABLE_IN_FIADB_NOT_APPLIED; EVALID_LINKAGE_REQUIRED_FOR_FORMAL_ESTIMATION,0,1,1,1.0,1.0,1.0,2.0,3.5,9,1.7241379310344827,1,1.0,1.0,2.0,4.0,6.0,21,3.1810344827586206
405,Carya laciniosa,Carya laciniosa,shellbark hickory,species,1,NA_NOT_AVAILABLE_IN_FROZEN_REF_SPECIES,0,75,115725,200,369,1441,88,57920,57805,98,102,1411,1397,60,62,34,26,28,0.38636363636363635,0.967741935483871,0.967741935483871,0.9607843137254902,0.9607843137254902,0.5227272727272727,13,0.8181818181818182,2295.784179752095,13,0.6166666666666667,1980.0568173666127,19,0.6451612903225806,2250.0,CONTINUOUS_METRICS_ONLY_NO_FINAL_RULE,1.0,AVAILABLE_IN_FIADB_NOT_APPLIED; EVALID_LINKAGE_REQUIRED_FOR_FORMAL_ESTIMATION,0,1,1,1.0,1.0,1.0,3.0,5.0,11,2.272727272727273,1,1.0,1.0,3.0,6.0,10.299999999999997,24,4.193181818181818
406,Carya myristiciformis,Carya myristiciformis,nutmeg hickory,species,1,NA_NOT_AVAILABLE_IN_FROZEN_REF_SPECIES,0,25,115725,1,1,10051,1,57920,57805,1,0,9235,9171,1,0,0,1,0,0.0,0.0,,0.0,,1.0,1,1.0,0.0,1,1.0,0.0,0,,,CONTINUOUS_METRICS_ONLY_NO_FINAL_RULE,1.0,AVAILABLE_IN_FIADB_NOT_APPLIED; EVALID_LINKAGE_REQUIRED_FOR_FORMAL_ESTIMATION,1,1,1,1.0,1.0,1.0,1.0,1.0,1,1.0,1,1.0,1.0,1.0,1.0,1.0,1,1.0
406,Carya myristiciformis,Carya myristiciformis,nutmeg hickory,species,1,NA_NOT_AVAILABLE_IN_FROZEN_REF_SPECIES,0,50,115725,1,1,2970,1,57920,57805,1,0,2846,2830,1,0,0,1,0,0.0,0.0,,0.0,,1.0,1,1.0,0.0,1,1.0,0.0,0,,,CONTINUOUS_METRICS_ONLY_NO_FINAL_RULE,1.0,AVAILABLE_IN_FIADB_NOT_APPLIED; EVALID_LINKAGE_REQUIRED_FOR_FORMAL_ESTIMATION,1,1,1,1.0,1.0,1.0,1.0,1.0,1,1.0,1,1.0,1.0,1.0,1.0,1.0,1,1.0
406,Carya myristiciformis,Carya myristiciformis,nutmeg hickory,species,1,NA_NOT_AVAILABLE_IN_FROZEN_REF_SPECIES,0,75,115725,1,1,1441,1,57920,57805,1,0,1411,1397,1,0,0,1,0,0.0,0.0,,0.0,,1.0,1,1.0,0.0,1,1.0,0.0,0,,,CONTINUOUS_METRICS_ONLY_NO_FINAL_RULE,1.0,AVAILABLE_IN_FIADB_NOT_APPLIED; EVALID_LINKAGE_REQUIRED_FOR_FORMAL_ESTIMATION,1,1,1,1.0,1.0,1.0,1.0,1.0,1,1.0,1,1.0,1.0,1.0,1.0,1.0,1,1.0
407,Carya ovata,Carya ovata,shagbark hickory,species,1,NA_NOT_AVAILABLE_IN_FROZEN_REF_SPECIES,0,25,115725,4274,10660,10051,1791,57920,57805,2140,2134,9235,9171,1259,1239,707,552,532,0.39475153545505304,0.9841143764892772,1.016142050040355,0.997196261682243,1.0028116213683225,0.4388609715242881,160,0.6571747627024009,2782.197872186664,204,0.4670373312152502,2643.979008993831,232,0.15980629539951574,2782.197872186664,CONTINUOUS_METRICS_ONLY_NO_FINAL_RULE,1.0,AVAILABLE_IN_FIADB_NOT_APPLIED; EVALID_LINKAGE_REQUIRED_FOR_FORMAL_ESTIMATION,0,1,1,1.0,1.0,2.0,3.0,5.0,19,2.3863763260748185,1,1.0,2.0,4.0,8.0,14.0,90,5.951982132886656
407,Carya ovata,Carya ovata,shagbark hickory,species,1,NA_NOT_AVAILABLE_IN_FROZEN_REF_SPECIES,0,50,115725,4274,10660,2970,719,57920,57805,2140,2134,2846,2830,599,607,487,112,120,0.6773296244784422,0.9868204283360791,0.9868204283360791,0.997196261682243,1.0028116213683225,0.1933240611961057,14,0.9694019471488178,2798.660393831306,18,0.9315525876460768,2624.8809496813374,28,0.9456342668863262,2798.660393831306,CONTINUOUS_METRICS_ONLY_NO_FINAL_RULE,1.0,AVAILABLE_IN_FIADB_NOT_APPLIED; EVALID_LINKAGE_REQUIRED_FOR_FORMAL_ESTIMATION,0,1,1,1.0,2.0,4.0,8.0,14.0,53,5.9443671766342145,1,1.0,3.0,9.0,19.0,34.200000000000045,176,14.826147426981919
407,Carya ovata,Carya ovata,shagbark hickory,species,1,NA_NOT_AVAILABLE_IN_FROZEN_REF_SPECIES,0,75,115725,4274,10660,1441,383,57920,57805,2140,2134,1411,1397,344,349,310,34,39,0.8093994778067886,0.9856733524355301,0.9856733524355301,0.997196261682243,1.0028116213683225,0.1122715404699739,4,0.9921671018276762,2765.863337187866,3,0.9738372093023255,2660.12217764523,10,0.9627507163323782,2765.863337187866,CONTINUOUS_METRICS_ONLY_NO_FINAL_RULE,1.0,AVAILABLE_IN_FIADB_NOT_APPLIED; EVALID_LINKAGE_REQUIRED_FOR_FORMAL_ESTIMATION,0,1,1,1.0,3.0,7.0,16.0,26.0,80,11.159268929503916,1,2.0,6.0,19.0,35.0,66.0,287,27.83289817232376
408,Carya texana,Carya texana,black hickory,species,1,NA_NOT_AVAILABLE_IN_FROZEN_REF_SPECIES,0,25,115725,2143,6040,10051,531,57920,57805,1099,1044,9235,9171,419,403,291,128,112,0.5480225988700564,0.9618138424821002,1.0397022332506203,0.9499545040946314,1.0526819923371646,0.3126177024482109,41,0.7853107344632768,1714.8250639642515,57,0.7446300715990454,1714.8250639642515,53,0.7518610421836228,1475.847214314544,CONTINUOUS_METRICS_ONLY_NO_FINAL_RULE,1.0,AVAILABLE_IN_FIADB_NOT_APPLIED; EVALID_LINKAGE_REQUIRED_FOR_FORMAL_ESTIMATION,0,1,1,1.0,1.0,3.0,6.0,9.0,21,4.03578154425612,1,1.0,2.0,6.0,16.0,27.0,101,11.374764595103578
408,Carya texana,Carya texana,black hickory,species,1,NA_NOT_AVAILABLE_IN_FROZEN_REF_SPECIES,0,50,115725,2143,6040,2970,201,57920,57805,1099,1044,2846,2830,175,167,141,34,26,0.7014925373134329,0.9542857142857143,1.0479041916167664,0.9499545040946314,1.0526819923371646,0.208955223880597,14,0.9253731343283582,1732.7723451163458,15,0.7257142857142858,1732.7723451163458,10,0.8143712574850299,1491.64338901763,CONTINUOUS_METRICS_ONLY_NO_FINAL_RULE,1.0,AVAILABLE_IN_FIADB_NOT_APPLIED; EVALID_LINKAGE_REQUIRED_FOR_FORMAL_ESTIMATION,0,1,1,1.0,2.0,5.0,17.0,28.0,48,10.661691542288557,1,1.0,3.0,11.0,41.0,86.0,257,30.049751243781095
408,Carya texana,Carya texana,black hickory,species,1,NA_NOT_AVAILABLE_IN_FROZEN_REF_SPECIES,0,75,115725,2143,6040,1441,109,57920,57805,1099,1044,1411,1397,98,91,80,18,11,0.7339449541284404,0.9285714285714286,1.0769230769230769,0.9499545040946314,1.0526819923371646,0.2018348623853211,6,0.9357798165137615,1697.0562748477141,7,0.9183673469387755,1697.0562748477141,4,0.9560439560439561,1440.702953422391,CONTINUOUS_METRICS_ONLY_NO_FINAL_RULE,1.0,AVAILABLE_IN_FIADB_NOT_APPLIED; EVALID_LINKAGE_REQUIRED_FOR_FORMAL_ESTIMATION,0,1,1,1.0,3.0,7.0,32.0,60.0,99,19.660550458715598,1,1.0,5.0,14.0,79.0,163.2,558,55.41284403669725
409,Carya alba,Carya alba,mockernut hickory,species,1,NA_NOT_AVAILABLE_IN_FROZEN_REF_SPECIES,0,25,115725,6207,13281,10051,2049,57920,57805,3088,3119,9235,9171,1525,1545,1021,504,524,0.49829184968277207,0.9870550161812298,0.9870550161812298,0.9900609169605643,0.9900609169605643,0.33186920448999513,129,0.8755490483162518,2710.1660465735304,170,0.5914754098360656,2596.391726993444,170,0.5262135922330097,2710.1660465735304,CONTINUOUS_METRICS_ONLY_NO_FINAL_RULE,1.0,AVAILABLE_IN_FIADB_NOT_APPLIED; EVALID_LINKAGE_REQUIRED_FOR_FORMAL_ESTIMATION,0,1,1,1.0,1.0,2.0,4.0,6.0,21,3.0292825768667644,1,1.0,2.0,4.0,9.0,14.0,73,6.4816983894582725
409,Carya alba,Carya alba,mockernut hickory,species,1,NA_NOT_AVAILABLE_IN_FROZEN_REF_SPECIES,0,50,115725,6207,13281,2970,731,57920,57805,3088,3119,2846,2830,630,641,540,90,101,0.7387140902872777,0.982839313572543,0.982839313572543,0.9900609169605643,0.9900609169605643,0.17783857729138167,24,0.9562243502051984,2710.1660465735304,26,0.9333333333333333,2592.778432492835,28,0.9375975039001561,2710.1660465735304,CONTINUOUS_METRICS_ONLY_NO_FINAL_RULE,1.0,AVAILABLE_IN_FIADB_NOT_APPLIED; EVALID_LINKAGE_REQUIRED_FOR_FORMAL_ESTIMATION,0,1,1,1.0,2.0,6.0,13.0,19.0,57,8.49110807113543,1,1.0,4.0,11.0,25.0,43.0,180,18.16826265389877
409,Carya alba,Carya alba,mockernut hickory,species,1,NA_NOT_AVAILABLE_IN_FROZEN_REF_SPECIES,0,75,115725,6207,13281,1441,372,57920,57805,3088,3119,1411,1397,334,342,304,30,38,0.8172043010752689,0.9766081871345029,0.9766081871345029,0.9900609169605643,0.9900609169605643,0.11559139784946236,9,0.9758064516129032,2670.6740722147288,8,0.9610778443113772,2612.1112150901995,11,0.9678362573099415,2670.6740722147288,CONTINUOUS_METRICS_ONLY_NO_FINAL_RULE,1.0,AVAILABLE_IN_FIADB_NOT_APPLIED; EVALID_LINKAGE_REQUIRED_FOR_FORMAL_ESTIMATION,0,1,1,1.0,3.0,11.0,26.0,41.0,83,16.68548387096774,1,2.0,6.0,20.5,52.25,89.90000000000003,309,35.70161290322581
410,Carya pallida,Carya pallida,sand hickory,species,1,NA_NOT_AVAILABLE_IN_FROZEN_REF_SPECIES,0,25,115725,118,269,10051,92,57920,57805,49,69,9235,9171,45,58,11,34,47,0.11956521739130435,0.7758620689655172,0.7758620689655172,0.7101449275362319,0.7101449275362319,0.7717391304347826,48,0.2391304347826087,1822.944047413414,32,0.15555555555555556,1717.0104833692776,35,0.1206896551724138,1695.029498268393,CONTINUOUS_METRICS_ONLY_NO_FINAL_RULE,1.0,AVAILABLE_IN_FIADB_NOT_APPLIED; EVALID_LINKAGE_REQUIRED_FOR_FORMAL_ESTIMATION,0,1,1,1.0,1.0,1.0,1.0,2.0,4,1.2826086956521738,1,1.0,1.0,2.0,4.0,6.0,18,2.9239130434782608
410,Carya pallida,Carya pallida,sand hickory,species,1,NA_NOT_AVAILABLE_IN_FROZEN_REF_SPECIES,0,50,115725,118,269,2970,67,57920,57805,49,69,2846,2830,37,45,15,22,30,0.22388059701492538,0.8222222222222222,0.8222222222222222,0.7101449275362319,0.7101449275362319,0.6716417910447762,17,0.4925373134328358,1839.8369492974098,18,0.40540540540540543,1735.6554957709782,13,0.5111111111111111,1710.2631376487072,CONTINUOUS_METRICS_ONLY_NO_FINAL_RULE,1.0,AVAILABLE_IN_FIADB_NOT_APPLIED; EVALID_LINKAGE_REQUIRED_FOR_FORMAL_ESTIMATION,0,1,1,1.0,1.0,1.0,2.0,3.3999999999999986,10,1.7611940298507462,1,1.0,1.0,2.0,4.0,7.799999999999997,26,4.014925373134329
410,Carya pallida,Carya pallida,sand hickory,species,1,NA_NOT_AVAILABLE_IN_FROZEN_REF_SPECIES,0,75,115725,118,269,1441,50,57920,57805,49,69,1411,1397,32,33,15,17,18,0.3,0.9696969696969697,0.9696969696969697,0.7101449275362319,0.7101449275362319,0.58,11,0.5,1806.2391868188445,14,0.46875,1700.367607313195,9,0.45454545454545453,1665.2702483380888,CONTINUOUS_METRICS_ONLY_NO_FINAL_RULE,1.0,AVAILABLE_IN_FIADB_NOT_APPLIED; EVALID_LINKAGE_REQUIRED_FOR_FORMAL_ESTIMATION,0,1,1,1.0,1.0,1.0,2.75,6.100000000000001,12,2.36,1,1.0,2.0,3.0,4.75,13.100000000000001,40,5.38
411,Carya floridana,Carya floridana,scrub hickory,species,1,NA_NOT_AVAILABLE_IN_FROZEN_REF_SPECIES,0,25,115725,1,1,10051,1,57920,57805,0,1,9235,9171,0,1,0,0,1,0.0,0.0,0.0,0.0,0.0,1.0,1,1.0,0.0,0,,,1,1.0,0.0,CONTINUOUS_METRICS_ONLY_NO_FINAL_RULE,1.0,AVAILABLE_IN_FIADB_NOT_APPLIED; EVALID_LINKAGE_REQUIRED_FOR_FORMAL_ESTIMATION,1,1,1,1.0,1.0,1.0,1.0,1.0,1,1.0,1,1.0,1.0,1.0,1.0,1.0,1,1.0
411,Carya floridana,Carya floridana,scrub hickory,species,1,NA_NOT_AVAILABLE_IN_FROZEN_REF_SPECIES,0,50,115725,1,1,2970,1,57920,57805,0,1,2846,2830,0,1,0,0,1,0.0,0.0,0.0,0.0,0.0,1.0,1,1.0,0.0,0,,,1,1.0,0.0,CONTINUOUS_METRICS_ONLY_NO_FINAL_RULE,1.0,AVAILABLE_IN_FIADB_NOT_APPLIED; EVALID_LINKAGE_REQUIRED_FOR_FORMAL_ESTIMATION,1,1,1,1.0,1.0,1.0,1.0,1.0,1,1.0,1,1.0,1.0,1.0,1.0,1.0,1,1.0
411,Carya floridana,Carya floridana,scrub hickory,species,1,NA_NOT_AVAILABLE_IN_FROZEN_REF_SPECIES,0,75,115725,1,1,1441,1,57920,57805,0,1,1411,1397,0,1,0,0,1,0.0,0.0,0.0,0.0,0.0,1.0,1,1.0,0.0,0,,,1,1.0,0.0,CONTINUOUS_METRICS_ONLY_NO_FINAL_RULE,1.0,AVAILABLE_IN_FIADB_NOT_APPLIED; EVALID_LINKAGE_REQUIRED_FOR_FORMAL_ESTIMATION,1,1,1,1.0,1.0,1.0,1.0,1.0,1,1.0,1,1.0,1.0,1.0,1.0,1.0,1,1.0
412,Carya ovalis,Carya ovalis,red hickory,species,1,NA_NOT_AVAILABLE_IN_FROZEN_REF_SPECIES,0,25,115725,60,96,10051,49,57920,57805,26,34,9235,9171,25,30,6,19,24,0.12244897959183673,0.8333333333333334,0.8333333333333334,0.7647058823529411,0.7647058823529411,0.7959183673469388,26,0.3469387755102041,1841.5346860702898,21,0.12,1841.5346860702898,18,0.36666666666666664,1222.957480863501,CONTINUOUS_METRICS_ONLY_NO_FINAL_RULE,1.0,AVAILABLE_IN_FIADB_NOT_APPLIED; EVALID_LINKAGE_REQUIRED_FOR_FORMAL_ESTIMATION,0,1,1,1.0,1.0,1.0,1.0,2.0,3,1.2244897959183674,1,1.0,1.0,1.0,2.0,3.200000000000003,9,1.9591836734693877
412,Carya ovalis,Carya ovalis,red hickory,species,1,NA_NOT_AVAILABLE_IN_FROZEN_REF_SPECIES,0,50,115725,60,96,2970,35,57920,57805,26,34,2846,2830,22,22,9,13,13,0.2571428571428571,1.0,1.0,0.7647058823529411,0.7647058823529411,0.6857142857142857,14,0.5142857142857142,1839.8369492974098,11,0.4090909090909091,1839.8369492974098,8,0.6363636363636364,1204.1594578792296,CONTINUOUS_METRICS_ONLY_NO_FINAL_RULE,1.0,AVAILABLE_IN_FIADB_NOT_APPLIED; EVALID_LINKAGE_REQUIRED_FOR_FORMAL_ESTIMATION,0,1,1,1.0,1.0,1.0,2.0,4.0,5,1.7142857142857142,1,1.0,1.0,2.0,3.5,5.600000000000001,15,2.742857142857143
412,Carya ovalis,Carya ovalis,red hickory,species,1,NA_NOT_AVAILABLE_IN_FROZEN_REF_SPECIES,0,75,115725,60,96,1441,28,57920,57805,26,34,1411,1397,19,18,9,10,9,0.32142857142857145,0.9473684210526315,1.0555555555555556,0.7647058823529411,0.7647058823529411,0.6428571428571429,8,0.75,1856.9127604709922,7,0.6842105263157895,1856.9127604709922,4,0.8333333333333334,1277.2039774444802,CONTINUOUS_METRICS_ONLY_NO_FINAL_RULE,1.0,AVAILABLE_IN_FIADB_NOT_APPLIED; EVALID_LINKAGE_REQUIRED_FOR_FORMAL_ESTIMATION,0,1,1,1.0,1.0,1.0,2.25,4.300000000000001,11,2.142857142857143,1,1.0,1.0,1.5,4.0,8.600000000000001,20,3.4285714285714284
413,Carya carolinae-septentrionalis,Carya carolinae-septentrionalis,southern shagbark hickory,species,1,NA_NOT_AVAILABLE_IN_FROZEN_REF_SPECIES,0,25,115725,11,27,10051,10,57920,57805,4,7,9235,9171,4,6,0,4,6,0.0,0.6666666666666666,0.6666666666666666,0.5714285714285714,0.5714285714285714,0.9,8,0.2,942.4038412485382,4,0.25,660.0189391222043,5,0.3333333333333333,776.2087348130012,CONTINUOUS_METRICS_ONLY_NO_FINAL_RULE,1.0,AVAILABLE_IN_FIADB_NOT_APPLIED; EVALID_LINKAGE_REQUIRED_FOR_FORMAL_ESTIMATION,0,1,1,1.0,1.0,1.0,1.0,1.0999999999999996,2,1.1,1,1.0,2.0,2.0,2.75,5.199999999999999,7,2.7
413,Carya carolinae-septentrionalis,Carya carolinae-septentrionalis,southern shagbark hickory,species,1,NA_NOT_AVAILABLE_IN_FROZEN_REF_SPECIES,0,50,115725,11,27,2970,8,57920,57805,4,7,2846,2830,4,5,1,3,4,0.125,0.8,0.8,0.5714285714285714,0.5714285714285714,0.75,7,0.25,965.6603957913983,4,0.25,650.0,4,0.4,776.2087348130012,CONTINUOUS_METRICS_ONLY_NO_FINAL_RULE,1.0,AVAILABLE_IN_FIADB_NOT_APPLIED; EVALID_LINKAGE_REQUIRED_FOR_FORMAL_ESTIMATION,0,1,1,1.0,1.0,1.0,1.25,2.3,3,1.375,1,1.0,1.75,2.0,3.25,7.8999999999999995,10,3.375
413,Carya carolinae-septentrionalis,Carya carolinae-septentrionalis,southern shagbark hickory,species,1,NA_NOT_AVAILABLE_IN_FROZEN_REF_SPECIES,0,75,115725,11,27,1441,8,57920,57805,4,7,1411,1397,4,5,1,3,4,0.125,0.8,0.8,0.5714285714285714,0.5714285714285714,0.75,6,0.375,975.0,4,0.25,670.820393249937,3,0.6,783.0229881682912,CONTINUOUS_METRICS_ONLY_NO_FINAL_RULE,1.0,AVAILABLE_IN_FIADB_NOT_APPLIED; EVALID_LINKAGE_REQUIRED_FOR_FORMAL_ESTIMATION,0,1,1,1.0,1.0,1.0,1.25,2.3,3,1.375,1,1.0,1.75,2.0,3.25,7.8999999999999995,10,3.375
421,Castanea dentata,Castanea dentata,American chestnut,species,1,NA_NOT_AVAILABLE_IN_FROZEN_REF_SPECIES,0,25,115725,23,29,10051,22,57920,57805,12,11,9235,9171,11,11,0,11,11,0.0,1.0,1.0,0.9166666666666666,1.0909090909090908,0.9545454545454546,20,0.13636363636363635,1660.0075301034028,11,0.09090909090909091,976.2812094883318,9,0.2727272727272727,1601.7568479641347,CONTINUOUS_METRICS_ONLY_NO_FINAL_RULE,1.0,AVAILABLE_IN_FIADB_NOT_APPLIED; EVALID_LINKAGE_REQUIRED_FOR_FORMAL_ESTIMATION,0,1,1,1.0,1.0,1.0,1.0,1.0,2,1.0454545454545454,1,1.0,1.0,1.0,1.0,2.0,4,1.3181818181818181
421,Castanea dentata,Castanea dentata,American chestnut,species,1,NA_NOT_AVAILABLE_IN_FROZEN_REF_SPECIES,0,50,115725,23,29,2970,19,57920,57805,12,11,2846,2830,11,9,1,10,8,0.05263157894736842,0.8181818181818182,1.2222222222222223,0.9166666666666666,1.0909090909090908,0.8421052631578947,13,0.21052631578947367,1640.1219466856726,9,0.18181818181818182,960.4686356149273,7,0.2222222222222222,1581.1388300841895,CONTINUOUS_METRICS_ONLY_NO_FINAL_RULE,1.0,AVAILABLE_IN_FIADB_NOT_APPLIED; EVALID_LINKAGE_REQUIRED_FOR_FORMAL_ESTIMATION,0,1,1,1.0,1.0,1.0,1.0,2.0,3,1.2105263157894737,1,1.0,1.0,1.0,2.0,3.0,4,1.5263157894736843
421,Castanea dentata,Castanea dentata,American chestnut,species,1,NA_NOT_AVAILABLE_IN_FROZEN_REF_SPECIES,0,75,115725,23,29,1441,18,57920,57805,12,11,1411,1397,11,8,1,10,7,0.05555555555555555,0.7272727272727273,1.375,0.9166666666666666,1.0909090909090908,0.7222222222222222,10,0.2222222222222222,1665.2702483380888,9,0.18181818181818182,960.4686356149273,6,0.25,1622.4980739587952,CONTINUOUS_METRICS_ONLY_NO_FINAL_RULE,1.0,AVAILABLE_IN_FIADB_NOT_APPLIED; EVALID_LINKAGE_REQUIRED_FOR_FORMAL_ESTIMATION,0,1,1,1.0,1.0,1.0,1.75,2.0,2,1.2777777777777777,1,1.0,1.0,1.0,2.0,2.0,5,1.6111111111111112
422,Castanea pumila,Castanea pumila,Allegheny chinkapin,species,1,NA_NOT_AVAILABLE_IN_FROZEN_REF_SPECIES,0,25,115725,5,5,10051,5,57920,57805,4,1,9235,9171,4,1,0,4,1,0.0,0.25,4.0,0.25,4.0,1.0,5,0.2,1187.6973520219703,4,0.25,1187.6973520219703,1,1.0,0.0,CONTINUOUS_METRICS_ONLY_NO_FINAL_RULE,1.0,AVAILABLE_IN_FIADB_NOT_APPLIED; EVALID_LINKAGE_REQUIRED_FOR_FORMAL_ESTIMATION,1,1,1,1.0,1.0,1.0,1.0,1.0,1,1.0,1,1.0,1.0,1.0,1.0,1.0,1,1.0
422,Castanea pumila,Castanea pumila,Allegheny chinkapin,species,1,NA_NOT_AVAILABLE_IN_FROZEN_REF_SPECIES,0,50,115725,5,5,2970,5,57920,57805,4,1,2846,2830,4,1,0,4,1,0.0,0.25,4.0,0.25,4.0,1.0,5,0.2,1209.3386622447824,4,0.25,1209.3386622447824,1,1.0,0.0,CONTINUOUS_METRICS_ONLY_NO_FINAL_RULE,1.0,AVAILABLE_IN_FIADB_NOT_APPLIED; EVALID_LINKAGE_REQUIRED_FOR_FORMAL_ESTIMATION,1,1,1,1.0,1.0,1.0,1.0,1.0,1,1.0,1,1.0,1.0,1.0,1.0,1.0,1,1.0
422,Castanea pumila,Castanea pumila,Allegheny chinkapin,species,1,NA_NOT_AVAILABLE_IN_FROZEN_REF_SPECIES,0,75,115725,5,5,1441,5,57920,57805,4,1,1411,1397,4,1,0,4,1,0.0,0.25,4.0,0.25,4.0,1.0,5,0.2,1209.3386622447824,4,0.25,1209.3386622447824,1,1.0,0.0,CONTINUOUS_METRICS_ONLY_NO_FINAL_RULE,1.0,AVAILABLE_IN_FIADB_NOT_APPLIED; EVALID_LINKAGE_REQUIRED_FOR_FORMAL_ESTIMATION,1,1,1,1.0,1.0,1.0,1.0,1.0,1,1.0,1,1.0,1.0,1.0,1.0,1.0,1,1.0
423,Castanea pumila var. ozarkensis,Castanea pumila var. ozarkensis,Ozark chinkapin,infraspecies,1,NA_NOT_AVAILABLE_IN_FROZEN_REF_SPECIES,0,25,115725,4,7,10051,4,57920,57805,3,1,9235,9171,3,1,0,3,1,0.0,0.3333333333333333,3.0,0.3333333333333333,3.0,1.0,4,0.25,292.61749776799064,3,0.3333333333333333,167.70509831248424,1,1.0,0.0,CONTINUOUS_METRICS_ONLY_NO_FINAL_RULE,1.0,AVAILABLE_IN_FIADB_NOT_APPLIED; EVALID_LINKAGE_REQUIRED_FOR_FORMAL_ESTIMATION,1,1,1,1.0,1.0,1.0,1.0,1.0,1,1.0,1,1.0,1.0,1.5,2.25,2.7,3,1.75
423,Castanea pumila var. ozarkensis,Castanea pumila var. ozarkensis,Ozark chinkapin,infraspecies,1,NA_NOT_AVAILABLE_IN_FROZEN_REF_SPECIES,0,50,115725,4,7,2970,4,57920,57805,3,1,2846,2830,3,1,0,3,1,0.0,0.3333333333333333,3.0,0.3333333333333333,3.0,1.0,3,0.5,316.22776601683796,2,0.6666666666666666,158.11388300841898,1,1.0,0.0,CONTINUOUS_METRICS_ONLY_NO_FINAL_RULE,1.0,AVAILABLE_IN_FIADB_NOT_APPLIED; EVALID_LINKAGE_REQUIRED_FOR_FORMAL_ESTIMATION,1,1,1,1.0,1.0,1.0,1.0,1.0,1,1.0,1,1.0,1.0,1.5,2.25,2.7,3,1.75
423,Castanea pumila var. ozarkensis,Castanea pumila var. ozarkensis,Ozark chinkapin,infraspecies,1,NA_NOT_AVAILABLE_IN_FROZEN_REF_SPECIES,0,75,115725,4,7,1441,4,57920,57805,3,1,1411,1397,3,1,0,3,1,0.0,0.3333333333333333,3.0,0.3333333333333333,3.0,1.0,3,0.5,335.4101966249685,2,0.6666666666666666,167.70509831248424,1,1.0,0.0,CONTINUOUS_METRICS_ONLY_NO_FINAL_RULE,1.0,AVAILABLE_IN_FIADB_NOT_APPLIED; EVALID_LINKAGE_REQUIRED_FOR_FORMAL_ESTIMATION,1,1,1,1.0,1.0,1.0,1.0,1.0,1,1.0,1,1.0,1.0,1.5,2.25,2.7,3,1.75
424,Castanea mollissima,Castanea mollissima,Chinese chestnut,species,1,NA_NOT_AVAILABLE_IN_FROZEN_REF_SPECIES,0,25,115725,5,8,10051,5,57920,57805,2,3,9235,9171,2,3,0,2,3,0.0,0.6666666666666666,0.6666666666666666,0.6666666666666666,0.6666666666666666,1.0,5,0.2,539.6758286230726,2,0.5,167.70509831248424,3,0.3333333333333333,491.1720676097125,CONTINUOUS_METRICS_ONLY_NO_FINAL_RULE,1.0,AVAILABLE_IN_FIADB_NOT_APPLIED; EVALID_LINKAGE_REQUIRED_FOR_FORMAL_ESTIMATION,0,1,1,1.0,1.0,1.0,1.0,1.0,1,1.0,1,1.0,1.0,1.0,2.0,2.6,3,1.6
424,Castanea mollissima,Castanea mollissima,Chinese chestnut,species,1,NA_NOT_AVAILABLE_IN_FROZEN_REF_SPECIES,0,50,115725,5,8,2970,5,57920,57805,2,3,2846,2830,2,3,0,2,3,0.0,0.6666666666666666,0.6666666666666666,0.6666666666666666,0.6666666666666666,1.0,3,0.4,570.087712549569,2,0.5,180.27756377319946,2,0.6666666666666666,522.0153254455275,CONTINUOUS_METRICS_ONLY_NO_FINAL_RULE,1.0,AVAILABLE_IN_FIADB_NOT_APPLIED; EVALID_LINKAGE_REQUIRED_FOR_FORMAL_ESTIMATION,0,1,1,1.0,1.0,1.0,1.0,1.0,1,1.0,1,1.0,1.0,1.0,2.0,2.6,3,1.6
424,Castanea mollissima,Castanea mollissima,Chinese chestnut,species,1,NA_NOT_AVAILABLE_IN_FROZEN_REF_SPECIES,0,75,115725,5,8,1441,5,57920,57805,2,3,1411,1397,2,3,0,2,3,0.0,0.6666666666666666,0.6666666666666666,0.6666666666666666,0.6666666666666666,1.0,3,0.4,546.0082416960389,2,0.5,167.70509831248424,2,0.6666666666666666,474.3416490252569,CONTINUOUS_METRICS_ONLY_NO_FINAL_RULE,1.0,AVAILABLE_IN_FIADB_NOT_APPLIED; EVALID_LINKAGE_REQUIRED_FOR_FORMAL_ESTIMATION,0,1,1,1.0,1.0,1.0,1.0,1.0,1,1.0,1,1.0,1.0,1.0,2.0,2.6,3,1.6
431,Chrysolepis chrysophylla var. chrysophylla,Chrysolepis chrysophylla var. chrysophylla,"giant chinkapin, golden chinkapin",infraspecies,1,NA_NOT_AVAILABLE_IN_FROZEN_REF_SPECIES,0,25,115725,303,1230,10051,95,57920,57805,134,169,9235,9171,58,77,40,18,37,0.42105263157894735,0.7532467532467533,0.7532467532467533,0.7928994082840237,0.7928994082840237,0.4105263157894737,8,0.8842105263157894,805.0621094052309,9,0.6896551724137931,596.3430220938282,11,0.7662337662337663,805.0621094052309,CONTINUOUS_METRICS_ONLY_NO_FINAL_RULE,1.0,AVAILABLE_IN_FIADB_NOT_APPLIED; EVALID_LINKAGE_REQUIRED_FOR_FORMAL_ESTIMATION,0,1,1,1.0,1.0,2.0,4.0,8.0,14,3.1894736842105265,1,1.0,2.0,6.0,14.5,35.60000000000001,95,12.947368421052632
431,Chrysolepis chrysophylla var. chrysophylla,Chrysolepis chrysophylla var. chrysophylla,"giant chinkapin, golden chinkapin",infraspecies,1,NA_NOT_AVAILABLE_IN_FROZEN_REF_SPECIES,0,50,115725,303,1230,2970,41,57920,57805,134,169,2846,2830,28,35,22,6,13,0.5365853658536586,0.8,0.8,0.7928994082840237,0.7928994082840237,0.2682926829268293,2,0.975609756097561,827.6472678623425,1,1.0,583.0951894845301,3,0.8857142857142857,827.6472678623425,CONTINUOUS_METRICS_ONLY_NO_FINAL_RULE,1.0,AVAILABLE_IN_FIADB_NOT_APPLIED; EVALID_LINKAGE_REQUIRED_FOR_FORMAL_ESTIMATION,0,1,1,1.0,1.0,3.0,10.0,17.0,39,7.390243902439025,1,1.0,3.0,11.0,35.0,78.0,264,30.0
431,Chrysolepis chrysophylla var. chrysophylla,Chrysolepis chrysophylla var. chrysophylla,"giant chinkapin, golden chinkapin",infraspecies,1,NA_NOT_AVAILABLE_IN_FROZEN_REF_SPECIES,0,75,115725,303,1230,1441,25,57920,57805,134,169,1411,1397,18,23,16,2,7,0.64,0.782608695652174,0.782608695652174,0.7928994082840237,0.7928994082840237,0.2,2,0.96,772.172260574025,2,0.9444444444444444,645.174395028197,3,0.8260869565217391,772.172260574025,CONTINUOUS_METRICS_ONLY_NO_FINAL_RULE,1.0,AVAILABLE_IN_FIADB_NOT_APPLIED; EVALID_LINKAGE_REQUIRED_FOR_FORMAL_ESTIMATION,0,1,1,1.0,2.0,7.0,16.0,31.00000000000002,61,12.12,1,1.4000000000000004,3.0,28.0,60.0,116.80000000000004,331,49.2
451,Catalpa bignonioides,Catalpa bignonioides,southern catalpa,species,1,NA_NOT_AVAILABLE_IN_FROZEN_REF_SPECIES,0,25,115725,23,43,10051,23,57920,57805,12,11,9235,9171,12,11,0,12,11,0.0,0.9166666666666666,1.0909090909090908,0.9166666666666666,1.0909090909090908,1.0,22,0.08695652173913043,1968.025660401815,11,0.16666666666666666,1968.025660401815,11,0.09090909090909091,1736.5554986812256,CONTINUOUS_METRICS_ONLY_NO_FINAL_RULE,1.0,AVAILABLE_IN_FIADB_NOT_APPLIED; EVALID_LINKAGE_REQUIRED_FOR_FORMAL_ESTIMATION,0,1,1,1.0,1.0,1.0,1.0,1.0,1,1.0,1,1.0,1.0,1.0,2.0,3.8000000000000007,7,1.8695652173913044
451,Catalpa bignonioides,Catalpa bignonioides,southern catalpa,species,1,NA_NOT_AVAILABLE_IN_FROZEN_REF_SPECIES,0,50,115725,23,43,2970,22,57920,57805,12,11,2846,2830,11,11,0,11,11,0.0,1.0,1.0,0.9166666666666666,1.0909090909090908,0.9545454545454546,21,0.09090909090909091,1945.507645834372,11,0.09090909090909091,1945.507645834372,10,0.18181818181818182,1726.9916039170544,CONTINUOUS_METRICS_ONLY_NO_FINAL_RULE,1.0,AVAILABLE_IN_FIADB_NOT_APPLIED; EVALID_LINKAGE_REQUIRED_FOR_FORMAL_ESTIMATION,0,1,1,1.0,1.0,1.0,1.0,1.0,2,1.0454545454545454,1,1.0,1.0,1.0,2.0,3.900000000000002,8,1.9545454545454546
451,Catalpa bignonioides,Catalpa bignonioides,southern catalpa,species,1,NA_NOT_AVAILABLE_IN_FROZEN_REF_SPECIES,0,75,115725,23,43,1441,22,57920,57805,12,11,1411,1397,11,11,0,11,11,0.0,1.0,1.0,0.9166666666666666,1.0909090909090908,0.9545454545454546,17,0.13636363636363635,1980.0568173666127,9,0.18181818181818182,1980.0568173666127,8,0.2727272727272727,1713.5489488193793,CONTINUOUS_METRICS_ONLY_NO_FINAL_RULE,1.0,AVAILABLE_IN_FIADB_NOT_APPLIED; EVALID_LINKAGE_REQUIRED_FOR_FORMAL_ESTIMATION,0,1,1,1.0,1.0,1.0,1.0,1.0,2,1.0454545454545454,1,1.0,1.0,1.0,2.0,3.900000000000002,8,1.9545454545454546
452,Catalpa speciosa,Catalpa speciosa,northern catalpa,species,1,NA_NOT_AVAILABLE_IN_FROZEN_REF_SPECIES,0,25,115725,54,126,10051,54,57920,57805,25,29,9235,9171,25,29,0,25,29,0.0,0.8620689655172413,0.8620689655172413,0.8620689655172413,0.8620689655172413,1.0,47,0.05555555555555555,2690.3763677225534,24,0.08,2504.495957273639,29,0.034482758620689655,2364.4502532301244,CONTINUOUS_METRICS_ONLY_NO_FINAL_RULE,1.0,AVAILABLE_IN_FIADB_NOT_APPLIED; EVALID_LINKAGE_REQUIRED_FOR_FORMAL_ESTIMATION,0,1,1,1.0,1.0,1.0,1.0,1.0,1,1.0,1,1.0,1.0,1.0,2.0,4.400000000000006,25,2.3333333333333335
452,Catalpa speciosa,Catalpa speciosa,northern catalpa,species,1,NA_NOT_AVAILABLE_IN_FROZEN_REF_SPECIES,0,50,115725,54,126,2970,47,57920,57805,25,29,2846,2830,24,28,5,19,23,0.10638297872340426,0.8571428571428571,0.8571428571428571,0.8620689655172413,0.8620689655172413,0.851063829787234,40,0.10638297872340426,2676.7517628648347,23,0.08333333333333333,2504.495957273639,25,0.07142857142857142,2343.608329051593,CONTINUOUS_METRICS_ONLY_NO_FINAL_RULE,1.0,AVAILABLE_IN_FIADB_NOT_APPLIED; EVALID_LINKAGE_REQUIRED_FOR_FORMAL_ESTIMATION,0,1,1,1.0,1.0,1.0,1.0,2.0,2,1.148936170212766,1,1.0,1.0,1.0,2.0,5.399999999999999,26,2.6808510638297873
452,Catalpa speciosa,Catalpa speciosa,northern catalpa,species,1,NA_NOT_AVAILABLE_IN_FROZEN_REF_SPECIES,0,75,115725,54,126,1441,44,57920,57805,25,29,1411,1397,23,26,5,18,21,0.11363636363636363,0.8846153846153846,0.8846153846153846,0.8620689655172413,0.8620689655172413,0.8181818181818182,27,0.22727272727272727,2663.2921356847055,18,0.13043478260869565,2482.941803587027,21,0.07692307692307693,2329.83368505136,CONTINUOUS_METRICS_ONLY_NO_FINAL_RULE,1.0,AVAILABLE_IN_FIADB_NOT_APPLIED; EVALID_LINKAGE_REQUIRED_FOR_FORMAL_ESTIMATION,0,1,1,1.0,1.0,1.0,1.0,2.0,3,1.2272727272727273,1,1.0,1.0,1.5,2.0,6.0,27,2.8636363636363638
461,Celtis laevigata,Celtis laevigata,sugarberry,species,1,NA_NOT_AVAILABLE_IN_FROZEN_REF_SPECIES,0,25,115725,2191,6819,10051,1078,57920,57805,1097,1094,9235,9171,708,694,324,384,370,0.300556586270872,0.980225988700565,1.0201729106628241,0.9972652689152234,1.0027422303473492,0.5371057513914657,171,0.6196660482374768,3423.813663153998,213,0.1765536723163842,3423.813663153998,197,0.17435158501440923,2456.75090312388,CONTINUOUS_METRICS_ONLY_NO_FINAL_RULE,1.0,AVAILABLE_IN_FIADB_NOT_APPLIED; EVALID_LINKAGE_REQUIRED_FOR_FORMAL_ESTIMATION,0,1,1,1.0,1.0,1.0,2.0,4.0,21,2.0324675324675323,1,1.0,1.0,3.0,7.75,15.0,103,6.325602968460111
461,Celtis laevigata,Celtis laevigata,sugarberry,species,1,NA_NOT_AVAILABLE_IN_FROZEN_REF_SPECIES,0,50,115725,2191,6819,2970,511,57920,57805,1097,1094,2846,2830,405,394,288,117,106,0.5636007827788649,0.9728395061728395,1.0279187817258884,0.9972652689152234,1.0027422303473492,0.3150684931506849,41,0.8708414872798435,3423.813663153998,47,0.8320987654320988,3423.813663153998,42,0.850253807106599,2469.817807045694,CONTINUOUS_METRICS_ONLY_NO_FINAL_RULE,1.0,AVAILABLE_IN_FIADB_NOT_APPLIED; EVALID_LINKAGE_REQUIRED_FOR_FORMAL_ESTIMATION,0,1,1,1.0,1.0,3.0,5.0,9.0,45,4.287671232876712,1,1.0,2.0,6.0,15.0,32.0,197,13.344422700587085
461,Celtis laevigata,Celtis laevigata,sugarberry,species,1,NA_NOT_AVAILABLE_IN_FROZEN_REF_SPECIES,0,75,115725,2191,6819,1441,294,57920,57805,1097,1094,1411,1397,252,253,211,41,42,0.717687074829932,0.9960474308300395,0.9960474308300395,0.9972652689152234,1.0027422303473492,0.2108843537414966,14,0.9251700680272109,3423.813663153998,20,0.8690476190476191,3423.813663153998,12,0.9446640316205533,2456.7509031238797,CONTINUOUS_METRICS_ONLY_NO_FINAL_RULE,1.0,AVAILABLE_IN_FIADB_NOT_APPLIED; EVALID_LINKAGE_REQUIRED_FOR_FORMAL_ESTIMATION,0,1,1,1.0,2.0,4.0,9.75,17.0,72,7.4523809523809526,1,1.0,3.0,10.0,28.0,59.69999999999999,276,23.193877551020407
462,Celtis occidentalis,Celtis occidentalis,hackberry,species,1,NA_NOT_AVAILABLE_IN_FROZEN_REF_SPECIES,0,25,115725,2885,8140,10051,1508,57920,57805,1446,1439,9235,9171,994,981,467,527,514,0.3096816976127321,0.9869215291750503,1.0132517838939856,0.9951590594744122,1.004864489228631,0.5338196286472149,265,0.6803713527851459,3224.32163408057,286,0.3299798792756539,3034.4892486215867,264,0.3200815494393476,3224.32163408057,CONTINUOUS_METRICS_ONLY_NO_FINAL_RULE,1.0,AVAILABLE_IN_FIADB_NOT_APPLIED; EVALID_LINKAGE_REQUIRED_FOR_FORMAL_ESTIMATION,0,1,1,1.0,1.0,1.0,2.0,4.0,12,1.913129973474801,1,1.0,1.0,3.0,7.0,13.0,38,5.3978779840848805
462,Celtis occidentalis,Celtis occidentalis,hackberry,species,1,NA_NOT_AVAILABLE_IN_FROZEN_REF_SPECIES,0,50,115725,2885,8140,2970,686,57920,57805,1446,1439,2846,2830,535,533,382,153,151,0.5568513119533528,0.9962616822429906,1.00375234521576,0.9951590594744122,1.004864489228631,0.3032069970845481,69,0.7769679300291545,3226.8405600525107,67,0.7925233644859813,3015.3772566629204,74,0.7373358348968105,3226.8405600525107,CONTINUOUS_METRICS_ONLY_NO_FINAL_RULE,1.0,AVAILABLE_IN_FIADB_NOT_APPLIED; EVALID_LINKAGE_REQUIRED_FOR_FORMAL_ESTIMATION,0,1,1,1.0,1.0,3.0,6.0,10.0,32,4.205539358600583,1,1.0,2.0,6.0,18.0,30.0,106,11.86588921282799
462,Celtis occidentalis,Celtis occidentalis,hackberry,species,1,NA_NOT_AVAILABLE_IN_FROZEN_REF_SPECIES,0,75,115725,2885,8140,1441,407,57920,57805,1446,1439,1411,1397,332,331,256,76,75,0.628992628992629,0.9969879518072289,1.0030211480362539,0.9951590594744122,1.004864489228631,0.2727272727272727,26,0.914004914004914,3294.8823954733193,31,0.8825301204819277,3034.4892486215863,28,0.9063444108761329,3294.8823954733193,CONTINUOUS_METRICS_ONLY_NO_FINAL_RULE,1.0,AVAILABLE_IN_FIADB_NOT_APPLIED; EVALID_LINKAGE_REQUIRED_FOR_FORMAL_ESTIMATION,0,1,1,1.0,1.0,4.0,10.0,18.0,54,7.0884520884520885,1,1.0,2.0,9.0,28.0,57.0,156,20.0
463,Celtis laevigata var. reticulata,Celtis laevigata var. reticulata,netleaf hackberry,infraspecies,1,NA_NOT_AVAILABLE_IN_FROZEN_REF_SPECIES,0,25,115725,76,136,10051,68,57920,57805,37,39,9235,9171,36,36,4,32,32,0.058823529411764705,1.0,1.0,0.9487179487179487,0.9487179487179487,0.8970588235294118,43,0.058823529411764705,1039.831717154271,30,0.08333333333333333,1028.6520305720492,25,0.08333333333333333,908.9829481348921,CONTINUOUS_METRICS_ONLY_NO_FINAL_RULE,1.0,AVAILABLE_IN_FIADB_NOT_APPLIED; EVALID_LINKAGE_REQUIRED_FOR_FORMAL_ESTIMATION,0,1,1,1.0,1.0,1.0,1.0,1.3000000000000043,3,1.1176470588235294,1,1.0,1.0,1.5,2.25,3.3000000000000043,8,2.0
463,Celtis laevigata var. reticulata,Celtis laevigata var. reticulata,netleaf hackberry,infraspecies,1,NA_NOT_AVAILABLE_IN_FROZEN_REF_SPECIES,0,50,115725,76,136,2970,52,57920,57805,37,39,2846,2830,31,29,8,23,21,0.15384615384615385,0.9354838709677419,1.0689655172413792,0.9487179487179487,0.9487179487179487,0.6923076923076923,18,0.2692307692307692,1029.5630140987,19,0.16129032258064516,1006.2305898749054,15,0.27586206896551724,901.3878188659974,CONTINUOUS_METRICS_ONLY_NO_FINAL_RULE,1.0,AVAILABLE_IN_FIADB_NOT_APPLIED; EVALID_LINKAGE_REQUIRED_FOR_FORMAL_ESTIMATION,0,1,1,1.0,1.0,1.0,2.0,2.0,6,1.4615384615384615,1,1.0,1.0,2.0,3.0,5.899999999999999,8,2.6153846153846154
463,Celtis laevigata var. reticulata,Celtis laevigata var. reticulata,netleaf hackberry,infraspecies,1,NA_NOT_AVAILABLE_IN_FROZEN_REF_SPECIES,0,75,115725,76,136,1441,38,57920,57805,37,39,1411,1397,28,25,15,13,10,0.39473684210526316,0.8928571428571429,1.12,0.9487179487179487,0.9487179487179487,0.5263157894736842,6,0.6842105263157895,1006.2305898749054,13,0.25,1006.2305898749054,8,0.64,874.6427842267951,CONTINUOUS_METRICS_ONLY_NO_FINAL_RULE,1.0,AVAILABLE_IN_FIADB_NOT_APPLIED; EVALID_LINKAGE_REQUIRED_FOR_FORMAL_ESTIMATION,0,1,1,1.0,1.0,1.0,2.75,4.0,7,2.0,1,1.0,2.0,3.0,5.0,7.300000000000004,9,3.5789473684210527
471,Cercis canadensis,Cercis canadensis,eastern redbud,species,1,NA_NOT_AVAILABLE_IN_FROZEN_REF_SPECIES,0,25,115725,755,1053,10051,574,57920,57805,382,373,9235,9171,321,328,75,246,253,0.13066202090592335,0.9786585365853658,0.9786585365853658,0.9764397905759162,1.0241286863270778,0.7508710801393729,216,0.17247386759581881,2180.022935659164,181,0.04672897196261682,2165.2078422174627,181,0.042682926829268296,2160.005787029285,CONTINUOUS_METRICS_ONLY_NO_FINAL_RULE,1.0,AVAILABLE_IN_FIADB_NOT_APPLIED; EVALID_LINKAGE_REQUIRED_FOR_FORMAL_ESTIMATION,0,1,1,1.0,1.0,1.0,1.0,2.0,5,1.3153310104529616,1,1.0,1.0,1.0,2.0,3.0,12,1.8344947735191637
471,Cercis canadensis,Cercis canadensis,eastern redbud,species,1,NA_NOT_AVAILABLE_IN_FROZEN_REF_SPECIES,0,50,115725,755,1053,2970,350,57920,57805,382,373,2846,2830,231,236,117,114,119,0.3342857142857143,0.9788135593220338,0.9788135593220338,0.9764397905759162,1.0241286863270778,0.4857142857142857,48,0.48,2180.022935659164,57,0.29004329004329005,2180.022935659164,59,0.3516949152542373,2180.022935659164,CONTINUOUS_METRICS_ONLY_NO_FINAL_RULE,1.0,AVAILABLE_IN_FIADB_NOT_APPLIED; EVALID_LINKAGE_REQUIRED_FOR_FORMAL_ESTIMATION,0,1,1,1.0,1.0,2.0,3.0,4.0,11,2.157142857142857,1,1.0,1.0,2.0,4.0,6.0,19,3.0085714285714285
471,Cercis canadensis,Cercis canadensis,eastern redbud,species,1,NA_NOT_AVAILABLE_IN_FROZEN_REF_SPECIES,0,75,115725,755,1053,1441,228,57920,57805,382,373,1411,1397,172,174,118,54,56,0.5175438596491229,0.9885057471264368,0.9885057471264368,0.9764397905759162,1.0241286863270778,0.31140350877192985,13,0.9166666666666666,2205.816175477911,14,0.8546511627906976,2205.816175477911,15,0.8735632183908046,2145.052446911264,CONTINUOUS_METRICS_ONLY_NO_FINAL_RULE,1.0,AVAILABLE_IN_FIADB_NOT_APPLIED; EVALID_LINKAGE_REQUIRED_FOR_FORMAL_ESTIMATION,0,1,1,1.0,1.0,2.0,4.0,7.0,15,3.31140350877193,1,1.0,2.0,3.0,6.0,9.0,26,4.618421052631579
475,Cercocarpus ledifolius,Cercocarpus ledifolius,curlleaf mountain-mahogany,species,1,NA_NOT_AVAILABLE_IN_FROZEN_REF_SPECIES,1,25,115725,444,4207,10051,244,57920,57805,222,222,9235,9171,154,160,70,84,90,0.28688524590163933,0.9625,0.9625,1.0,1.0,0.5450819672131147,68,0.29508196721311475,1540.4950503003895,74,0.12337662337662338,1523.975065412817,66,0.325,1521.9231255224424,CONTINUOUS_METRICS_ONLY_NO_FINAL_RULE,1.0,AVAILABLE_IN_FIADB_NOT_APPLIED; EVALID_LINKAGE_REQUIRED_FOR_FORMAL_ESTIMATION,0,1,1,1.0,1.0,1.0,2.0,3.0,6,1.819672131147541,1,1.0,4.0,11.0,22.0,41.70000000000002,99,17.241803278688526
475,Cercocarpus ledifolius,Cercocarpus ledifolius,curlleaf mountain-mahogany,species,1,NA_NOT_AVAILABLE_IN_FROZEN_REF_SPECIES,1,50,115725,444,4207,2970,139,57920,57805,222,222,2846,2830,105,102,68,37,34,0.4892086330935252,0.9714285714285714,1.0294117647058822,1.0,1.0,0.37410071942446044,21,0.5899280575539568,1557.2411502397435,28,0.3238095238095238,1523.975065412817,28,0.5098039215686274,1557.2411502397435,CONTINUOUS_METRICS_ONLY_NO_FINAL_RULE,1.0,AVAILABLE_IN_FIADB_NOT_APPLIED; EVALID_LINKAGE_REQUIRED_FOR_FORMAL_ESTIMATION,0,1,1,1.0,1.0,2.0,4.0,7.0,12,3.194244604316547,1,2.0,7.0,17.0,43.5,85.40000000000002,135,30.26618705035971
475,Cercocarpus ledifolius,Cercocarpus ledifolius,curlleaf mountain-mahogany,species,1,NA_NOT_AVAILABLE_IN_FROZEN_REF_SPECIES,1,75,115725,444,4207,1441,91,57920,57805,222,222,1411,1397,75,72,56,19,16,0.6153846153846154,0.96,1.0416666666666667,1.0,1.0,0.2857142857142857,9,0.6373626373626373,1594.5218719101974,14,0.6266666666666667,1594.5218719101974,13,0.6388888888888888,1538.8713396512394,CONTINUOUS_METRICS_ONLY_NO_FINAL_RULE,1.0,AVAILABLE_IN_FIADB_NOT_APPLIED; EVALID_LINKAGE_REQUIRED_FOR_FORMAL_ESTIMATION,0,1,1,1.0,1.0,3.0,7.0,11.0,22,4.8791208791208796,1,2.0,8.0,24.0,63.5,137.0,309,46.23076923076923
481,Cladrastis kentukea,Cladrastis kentukea,yellowwood,species,1,NA_NOT_AVAILABLE_IN_FROZEN_REF_SPECIES,0,25,115725,10,21,10051,10,57920,57805,3,7,9235,9171,3,7,0,3,7,0.0,0.42857142857142855,0.42857142857142855,0.42857142857142855,0.42857142857142855,1.0,10,0.1,696.419413859206,3,0.3333333333333333,581.4851674806504,7,0.14285714285714285,375.0,CONTINUOUS_METRICS_ONLY_NO_FINAL_RULE,1.0,AVAILABLE_IN_FIADB_NOT_APPLIED; EVALID_LINKAGE_REQUIRED_FOR_FORMAL_ESTIMATION,0,1,1,1.0,1.0,1.0,1.0,1.0,1,1.0,1,1.0,1.0,1.0,2.75,3.3999999999999986,7,2.1
481,Cladrastis kentukea,Cladrastis kentukea,yellowwood,species,1,NA_NOT_AVAILABLE_IN_FROZEN_REF_SPECIES,0,50,115725,10,21,2970,9,57920,57805,3,7,2846,2830,3,7,1,2,6,0.1111111111111111,0.42857142857142855,0.42857142857142855,0.42857142857142855,0.42857142857142855,0.8888888888888888,8,0.2222222222222222,696.419413859206,3,0.3333333333333333,604.1522986797286,6,0.2857142857142857,360.5551275463989,CONTINUOUS_METRICS_ONLY_NO_FINAL_RULE,1.0,AVAILABLE_IN_FIADB_NOT_APPLIED; EVALID_LINKAGE_REQUIRED_FOR_FORMAL_ESTIMATION,0,1,1,1.0,1.0,1.0,1.0,1.2000000000000002,2,1.1111111111111112,1,1.0,1.0,1.0,3.0,3.8000000000000007,7,2.3333333333333335
481,Cladrastis kentukea,Cladrastis kentukea,yellowwood,species,1,NA_NOT_AVAILABLE_IN_FROZEN_REF_SPECIES,0,75,115725,10,21,1441,9,57920,57805,3,7,1411,1397,3,7,1,2,6,0.1111111111111111,0.42857142857142855,0.42857142857142855,0.42857142857142855,0.42857142857142855,0.8888888888888888,4,0.6666666666666666,640.8002808988148,3,0.3333333333333333,571.1829829397932,4,0.5714285714285714,375.0,CONTINUOUS_METRICS_ONLY_NO_FINAL_RULE,1.0,AVAILABLE_IN_FIADB_NOT_APPLIED; EVALID_LINKAGE_REQUIRED_FOR_FORMAL_ESTIMATION,0,1,1,1.0,1.0,1.0,1.0,1.2000000000000002,2,1.1111111111111112,1,1.0,1.0,1.0,3.0,3.8000000000000007,7,2.3333333333333335
491,Cornus florida,Cornus florida,flowering dogwood,species,1,NA_NOT_AVAILABLE_IN_FROZEN_REF_SPECIES,0,25,115725,1397,1845,10051,873,57920,57805,701,696,9235,9171,531,532,190,341,342,0.21764032073310424,0.9981203007518797,0.9981203007518797,0.992867332382311,1.007183908045977,0.6540664375715922,192,0.3734249713631157,2450.1275477003232,208,0.1167608286252354,2310.4382701124046,220,0.07330827067669173,2390.0836805434237,CONTINUOUS_METRICS_ONLY_NO_FINAL_RULE,1.0,AVAILABLE_IN_FIADB_NOT_APPLIED; EVALID_LINKAGE_REQUIRED_FOR_FORMAL_ESTIMATION,0,1,1,1.0,1.0,1.0,2.0,3.0,7,1.600229095074456,1,1.0,1.0,1.0,3.0,4.0,14,2.11340206185567
491,Cornus florida,Cornus florida,flowering dogwood,species,1,NA_NOT_AVAILABLE_IN_FROZEN_REF_SPECIES,0,50,115725,1397,1845,2970,448,57920,57805,701,696,2846,2830,335,334,221,114,113,0.49330357142857145,0.9970149253731343,1.0029940119760479,0.992867332382311,1.007183908045977,0.375,29,0.8816964285714286,2470.323865407125,44,0.6328358208955224,2330.772404161333,46,0.5748502994011976,2390.0836805434237,CONTINUOUS_METRICS_ONLY_NO_FINAL_RULE,1.0,AVAILABLE_IN_FIADB_NOT_APPLIED; EVALID_LINKAGE_REQUIRED_FOR_FORMAL_ESTIMATION,0,1,1,1.0,1.0,2.0,4.0,7.0,16,3.1183035714285716,1,1.0,1.0,3.0,5.0,9.0,25,4.118303571428571
491,Cornus florida,Cornus florida,flowering dogwood,species,1,NA_NOT_AVAILABLE_IN_FROZEN_REF_SPECIES,0,75,115725,1397,1845,1441,259,57920,57805,701,696,1411,1397,213,211,165,48,46,0.637065637065637,0.9906103286384976,1.009478672985782,0.992867332382311,1.007183908045977,0.23938223938223938,14,0.918918918918919,2476.1361028828765,15,0.92018779342723,2310.4382701124046,18,0.8720379146919431,2415.186328215693,CONTINUOUS_METRICS_ONLY_NO_FINAL_RULE,1.0,AVAILABLE_IN_FIADB_NOT_APPLIED; EVALID_LINKAGE_REQUIRED_FOR_FORMAL_ESTIMATION,0,1,1,1.0,2.0,4.0,7.0,13.0,32,5.3938223938223935,1,1.0,2.0,4.0,9.0,17.0,51,7.123552123552123
492,Cornus nuttallii,Cornus nuttallii,Pacific dogwood,species,1,NA_NOT_AVAILABLE_IN_FROZEN_REF_SPECIES,0,25,115725,73,121,10051,52,57920,57805,30,43,9235,9171,26,34,8,18,26,0.15384615384615385,0.7647058823529411,0.7647058823529411,0.6976744186046512,0.6976744186046512,0.7884615384615384,28,0.15384615384615385,1267.3791855636575,19,0.15384615384615385,1255.487952948972,18,0.11764705882352941,933.4077351297235,CONTINUOUS_METRICS_ONLY_NO_FINAL_RULE,1.0,AVAILABLE_IN_FIADB_NOT_APPLIED; EVALID_LINKAGE_REQUIRED_FOR_FORMAL_ESTIMATION,0,1,1,1.0,1.0,1.0,1.0,3.0,4,1.4038461538461537,1,1.0,1.0,2.0,3.0,4.0,9,2.326923076923077
492,Cornus nuttallii,Cornus nuttallii,Pacific dogwood,species,1,NA_NOT_AVAILABLE_IN_FROZEN_REF_SPECIES,0,50,115725,73,121,2970,39,57920,57805,30,43,2846,2830,20,26,7,13,19,0.1794871794871795,0.7692307692307693,0.7692307692307693,0.6976744186046512,0.6976744186046512,0.717948717948718,5,0.7435897435897436,1285.4960132182441,13,0.15,1285.4960132182441,5,0.7692307692307693,948.6832980505138,CONTINUOUS_METRICS_ONLY_NO_FINAL_RULE,1.0,AVAILABLE_IN_FIADB_NOT_APPLIED; EVALID_LINKAGE_REQUIRED_FOR_FORMAL_ESTIMATION,0,1,1,1.0,1.0,1.0,2.0,4.400000000000006,8,1.8717948717948718,1,1.0,1.0,2.0,3.0,7.0,13,3.1025641025641026
492,Cornus nuttallii,Cornus nuttallii,Pacific dogwood,species,1,NA_NOT_AVAILABLE_IN_FROZEN_REF_SPECIES,0,75,115725,73,121,1441,25,57920,57805,30,43,1411,1397,20,14,9,11,5,0.36,0.7,1.4285714285714286,0.6976744186046512,0.6976744186046512,0.44,5,0.68,1309.8186897429734,8,0.6,1309.8186897429734,4,0.5,948.6832980505138,CONTINUOUS_METRICS_ONLY_NO_FINAL_RULE,1.0,AVAILABLE_IN_FIADB_NOT_APPLIED; EVALID_LINKAGE_REQUIRED_FOR_FORMAL_ESTIMATION,0,1,1,1.0,1.0,2.0,3.0,6.600000000000001,10,2.92,1,1.0,1.0,4.0,7.0,10.0,17,4.84
500,Crataegus spp.,Crataegus spp.,hawthorn spp.,species,1,NA_NOT_AVAILABLE_IN_FROZEN_REF_SPECIES,0,25,115725,411,878,10051,353,57920,57805,227,184,9235,9171,203,175,25,178,150,0.0708215297450425,0.8620689655172413,1.16,0.8105726872246696,1.233695652173913,0.8526912181303116,203,0.0764872521246459,2833.9460121886586,146,0.03940886699507389,2761.340254296815,135,0.02857142857142857,2742.8315661009883,CONTINUOUS_METRICS_ONLY_NO_FINAL_RULE,1.0,AVAILABLE_IN_FIADB_NOT_APPLIED; EVALID_LINKAGE_REQUIRED_FOR_FORMAL_ESTIMATION,0,1,1,1.0,1.0,1.0,1.0,2.0,3,1.1643059490084986,1,1.0,1.0,1.0,3.0,5.0,32,2.4872521246458925
500,Crataegus spp.,Crataegus spp.,hawthorn spp.,species,1,NA_NOT_AVAILABLE_IN_FROZEN_REF_SPECIES,0,50,115725,411,878,2970,259,57920,57805,227,184,2846,2830,165,152,58,107,94,0.22393822393822393,0.9212121212121213,1.0855263157894737,0.8105726872246696,1.233695652173913,0.6718146718146718,80,0.3861003861003861,2831.9604517012594,81,0.12727272727272726,2761.340254296815,67,0.17105263157894737,2724.4265451650554,CONTINUOUS_METRICS_ONLY_NO_FINAL_RULE,1.0,AVAILABLE_IN_FIADB_NOT_APPLIED; EVALID_LINKAGE_REQUIRED_FOR_FORMAL_ESTIMATION,0,1,1,1.0,1.0,1.0,2.0,3.0,7,1.5868725868725868,1,1.0,1.0,2.0,4.0,7.0,53,3.38996138996139
500,Crataegus spp.,Crataegus spp.,hawthorn spp.,species,1,NA_NOT_AVAILABLE_IN_FROZEN_REF_SPECIES,0,75,115725,411,878,1441,190,57920,57805,227,184,1411,1397,133,121,64,69,57,0.3368421052631579,0.9097744360902256,1.0991735537190082,0.8105726872246696,1.233695652173913,0.5368421052631579,40,0.6157894736842106,2871.628457861497,44,0.24812030075187969,2815.248656868519,31,0.2727272727272727,2759.7554239461147,CONTINUOUS_METRICS_ONLY_NO_FINAL_RULE,1.0,AVAILABLE_IN_FIADB_NOT_APPLIED; EVALID_LINKAGE_REQUIRED_FOR_FORMAL_ESTIMATION,0,1,1,1.0,1.0,1.0,3.0,5.0,12,2.163157894736842,1,1.0,1.0,2.0,5.0,10.099999999999994,61,4.621052631578947
501,Crataegus crus-galli,Crataegus crus-galli,cockspur hawthorn,species,1,NA_NOT_AVAILABLE_IN_FROZEN_REF_SPECIES,0,25,115725,8,8,10051,8,57920,57805,3,5,9235,9171,3,5,0,3,5,0.0,0.6,0.6,0.6,0.6,1.0,8,0.125,1713.5489488193793,3,0.3333333333333333,813.9410298049853,5,0.2,1308.8640112708424,CONTINUOUS_METRICS_ONLY_NO_FINAL_RULE,1.0,AVAILABLE_IN_FIADB_NOT_APPLIED; EVALID_LINKAGE_REQUIRED_FOR_FORMAL_ESTIMATION,0,1,1,1.0,1.0,1.0,1.0,1.0,1,1.0,1,1.0,1.0,1.0,1.0,1.0,1,1.0
501,Crataegus crus-galli,Crataegus crus-galli,cockspur hawthorn,species,1,NA_NOT_AVAILABLE_IN_FROZEN_REF_SPECIES,0,50,115725,8,8,2970,8,57920,57805,3,5,2846,2830,3,5,0,3,5,0.0,0.6,0.6,0.6,0.6,1.0,7,0.25,1726.9916039170544,3,0.3333333333333333,813.9410298049853,5,0.2,1297.1121771072847,CONTINUOUS_METRICS_ONLY_NO_FINAL_RULE,1.0,AVAILABLE_IN_FIADB_NOT_APPLIED; EVALID_LINKAGE_REQUIRED_FOR_FORMAL_ESTIMATION,0,1,1,1.0,1.0,1.0,1.0,1.0,1,1.0,1,1.0,1.0,1.0,1.0,1.0,1,1.0
501,Crataegus crus-galli,Crataegus crus-galli,cockspur hawthorn,species,1,NA_NOT_AVAILABLE_IN_FROZEN_REF_SPECIES,0,75,115725,8,8,1441,8,57920,57805,3,5,1411,1397,3,5,0,3,5,0.0,0.6,0.6,0.6,0.6,1.0,5,0.5,1713.5489488193793,3,0.3333333333333333,797.2609359550987,4,0.4,1275.0,CONTINUOUS_METRICS_ONLY_NO_FINAL_RULE,1.0,AVAILABLE_IN_FIADB_NOT_APPLIED; EVALID_LINKAGE_REQUIRED_FOR_FORMAL_ESTIMATION,0,1,1,1.0,1.0,1.0,1.0,1.0,1,1.0,1,1.0,1.0,1.0,1.0,1.0,1,1.0
502,Crataegus mollis,Crataegus mollis,downy hawthorn,species,1,NA_NOT_AVAILABLE_IN_FROZEN_REF_SPECIES,0,25,115725,7,11,10051,7,57920,57805,3,4,9235,9171,3,4,0,3,4,0.0,0.75,0.75,0.75,0.75,1.0,7,0.14285714285714285,1779.3959649274245,3,0.3333333333333333,419.0763653560053,4,0.25,1707.7031357938065,CONTINUOUS_METRICS_ONLY_NO_FINAL_RULE,1.0,AVAILABLE_IN_FIADB_NOT_APPLIED; EVALID_LINKAGE_REQUIRED_FOR_FORMAL_ESTIMATION,0,1,1,1.0,1.0,1.0,1.0,1.0,1,1.0,1,1.0,1.0,1.0,2.0,2.4000000000000004,3,1.5714285714285714
502,Crataegus mollis,Crataegus mollis,downy hawthorn,species,1,NA_NOT_AVAILABLE_IN_FROZEN_REF_SPECIES,0,50,115725,7,11,2970,7,57920,57805,3,4,2846,2830,3,4,0,3,4,0.0,0.75,0.75,0.75,0.75,1.0,7,0.14285714285714285,1767.0597047072292,3,0.3333333333333333,427.20018726587654,4,0.25,1691.8924315688632,CONTINUOUS_METRICS_ONLY_NO_FINAL_RULE,1.0,AVAILABLE_IN_FIADB_NOT_APPLIED; EVALID_LINKAGE_REQUIRED_FOR_FORMAL_ESTIMATION,0,1,1,1.0,1.0,1.0,1.0,1.0,1,1.0,1,1.0,1.0,1.0,2.0,2.4000000000000004,3,1.5714285714285714
502,Crataegus mollis,Crataegus mollis,downy hawthorn,species,1,NA_NOT_AVAILABLE_IN_FROZEN_REF_SPECIES,0,75,115725,7,11,1441,7,57920,57805,3,4,1411,1397,3,4,0,3,4,0.0,0.75,0.75,0.75,0.75,1.0,7,0.14285714285714285,1812.456896039186,3,0.3333333333333333,474.3416490252569,4,0.25,1731.5094570922793,CONTINUOUS_METRICS_ONLY_NO_FINAL_RULE,1.0,AVAILABLE_IN_FIADB_NOT_APPLIED; EVALID_LINKAGE_REQUIRED_FOR_FORMAL_ESTIMATION,0,1,1,1.0,1.0,1.0,1.0,1.0,1,1.0,1,1.0,1.0,1.0,2.0,2.4000000000000004,3,1.5714285714285714
511,Eucalyptus globulus,Eucalyptus globulus,Tasmanian bluegum,species,1,NA_NOT_AVAILABLE_IN_FROZEN_REF_SPECIES,0,25,115725,2,9,10051,2,57920,57805,1,1,9235,9171,1,1,0,1,1,0.0,1.0,1.0,1.0,1.0,1.0,2,0.5,406.97051490249265,1,1.0,0.0,1,1.0,0.0,CONTINUOUS_METRICS_ONLY_NO_FINAL_RULE,1.0,AVAILABLE_IN_FIADB_NOT_APPLIED; EVALID_LINKAGE_REQUIRED_FOR_FORMAL_ESTIMATION,1,1,1,1.0,1.0,1.0,1.0,1.0,1,1.0,1,1.7000000000000002,2.75,4.5,6.25,7.3,8,4.5
511,Eucalyptus globulus,Eucalyptus globulus,Tasmanian bluegum,species,1,NA_NOT_AVAILABLE_IN_FROZEN_REF_SPECIES,0,50,115725,2,9,2970,2,57920,57805,1,1,2846,2830,1,1,0,1,1,0.0,1.0,1.0,1.0,1.0,1.0,2,0.5,412.31056256176606,1,1.0,0.0,1,1.0,0.0,CONTINUOUS_METRICS_ONLY_NO_FINAL_RULE,1.0,AVAILABLE_IN_FIADB_NOT_APPLIED; EVALID_LINKAGE_REQUIRED_FOR_FORMAL_ESTIMATION,1,1,1,1.0,1.0,1.0,1.0,1.0,1,1.0,1,1.7000000000000002,2.75,4.5,6.25,7.3,8,4.5
511,Eucalyptus globulus,Eucalyptus globulus,Tasmanian bluegum,species,1,NA_NOT_AVAILABLE_IN_FROZEN_REF_SPECIES,0,75,115725,2,9,1441,2,57920,57805,1,1,1411,1397,1,1,0,1,1,0.0,1.0,1.0,1.0,1.0,1.0,2,0.5,456.20718977236646,1,1.0,0.0,1,1.0,0.0,CONTINUOUS_METRICS_ONLY_NO_FINAL_RULE,1.0,AVAILABLE_IN_FIADB_NOT_APPLIED; EVALID_LINKAGE_REQUIRED_FOR_FORMAL_ESTIMATION,1,1,1,1.0,1.0,1.0,1.0,1.0,1,1.0,1,1.7000000000000002,2.75,4.5,6.25,7.3,8,4.5
513,Eucalyptus grandis,Eucalyptus grandis,grand eucalyptus,species,1,NA_NOT_AVAILABLE_IN_FROZEN_REF_SPECIES,0,25,115725,2,3,10051,2,57920,57805,0,2,9235,9171,0,2,0,0,2,0.0,0.0,0.0,0.0,0.0,1.0,2,0.5,1231.107225224513,0,,,2,0.5,1231.107225224513,CONTINUOUS_METRICS_ONLY_NO_FINAL_RULE,1.0,AVAILABLE_IN_FIADB_NOT_APPLIED; EVALID_LINKAGE_REQUIRED_FOR_FORMAL_ESTIMATION,1,1,1,1.0,1.0,1.0,1.0,1.0,1,1.0,1,1.1,1.25,1.5,1.75,1.9,2,1.5
513,Eucalyptus grandis,Eucalyptus grandis,grand eucalyptus,species,1,NA_NOT_AVAILABLE_IN_FROZEN_REF_SPECIES,0,50,115725,2,3,2970,2,57920,57805,0,2,2846,2830,0,2,0,0,2,0.0,0.0,0.0,0.0,0.0,1.0,2,0.5,1236.9316876852981,0,,,2,0.5,1236.9316876852981,CONTINUOUS_METRICS_ONLY_NO_FINAL_RULE,1.0,AVAILABLE_IN_FIADB_NOT_APPLIED; EVALID_LINKAGE_REQUIRED_FOR_FORMAL_ESTIMATION,1,1,1,1.0,1.0,1.0,1.0,1.0,1,1.0,1,1.1,1.25,1.5,1.75,1.9,2,1.5
513,Eucalyptus grandis,Eucalyptus grandis,grand eucalyptus,species,1,NA_NOT_AVAILABLE_IN_FROZEN_REF_SPECIES,0,75,115725,2,3,1441,2,57920,57805,0,2,1411,1397,0,2,0,0,2,0.0,0.0,0.0,0.0,0.0,1.0,2,0.5,1220.911544707478,0,,,2,0.5,1220.911544707478,CONTINUOUS_METRICS_ONLY_NO_FINAL_RULE,1.0,AVAILABLE_IN_FIADB_NOT_APPLIED; EVALID_LINKAGE_REQUIRED_FOR_FORMAL_ESTIMATION,1,1,1,1.0,1.0,1.0,1.0,1.0,1,1.0,1,1.1,1.25,1.5,1.75,1.9,2,1.5
521,Diospyros virginiana,Diospyros virginiana,common persimmon,species,1,NA_NOT_AVAILABLE_IN_FROZEN_REF_SPECIES,0,25,115725,1449,2207,10051,1033,57920,57805,726,723,9235,9171,605,598,170,435,428,0.16456921587608905,0.9884297520661157,1.0117056856187292,0.9958677685950413,1.004149377593361,0.7105517909002904,260,0.2749273959341723,2570.627355335658,280,0.047933884297520664,2538.3311446696625,291,0.038461538461538464,2554.4079548889604,CONTINUOUS_METRICS_ONLY_NO_FINAL_RULE,1.0,AVAILABLE_IN_FIADB_NOT_APPLIED; EVALID_LINKAGE_REQUIRED_FOR_FORMAL_ESTIMATION,0,1,1,1.0,1.0,1.0,2.0,2.0,11,1.4027105517909002,1,1.0,1.0,1.0,3.0,4.0,29,2.1364956437560503
521,Diospyros virginiana,Diospyros virginiana,common persimmon,species,1,NA_NOT_AVAILABLE_IN_FROZEN_REF_SPECIES,0,50,115725,1449,2207,2970,549,57920,57805,726,723,2846,2830,402,397,250,152,147,0.4553734061930783,0.9875621890547264,1.012594458438287,0.9958677685950413,1.004149377593361,0.35154826958105645,24,0.8943533697632058,2586.986664055306,42,0.6592039800995025,2554.4079548889604,52,0.6498740554156172,2554.4079548889604,CONTINUOUS_METRICS_ONLY_NO_FINAL_RULE,1.0,AVAILABLE_IN_FIADB_NOT_APPLIED; EVALID_LINKAGE_REQUIRED_FOR_FORMAL_ESTIMATION,0,1,1,1.0,1.0,2.0,4.0,5.0,17,2.639344262295082,1,1.0,2.0,3.0,5.0,9.0,38,4.020036429872495
521,Diospyros virginiana,Diospyros virginiana,common persimmon,species,1,NA_NOT_AVAILABLE_IN_FROZEN_REF_SPECIES,0,75,115725,1449,2207,1441,310,57920,57805,726,723,1411,1397,258,264,212,46,52,0.6838709677419355,0.9772727272727273,0.9772727272727273,0.9958677685950413,1.004149377593361,0.18387096774193548,7,0.9741935483870968,2603.4832436564675,7,0.9534883720930233,2554.4079548889604,14,0.8977272727272727,2554.4079548889604,CONTINUOUS_METRICS_ONLY_NO_FINAL_RULE,1.0,AVAILABLE_IN_FIADB_NOT_APPLIED; EVALID_LINKAGE_REQUIRED_FOR_FORMAL_ESTIMATION,0,1,1,1.0,2.0,4.0,7.0,9.0,25,4.674193548387096,1,1.9000000000000021,3.0,5.0,9.75,14.100000000000023,47,7.119354838709677
522,Diospyros texana,Diospyros texana,Texas persimmon,species,1,NA_NOT_AVAILABLE_IN_FROZEN_REF_SPECIES,1,25,115725,218,577,10051,134,57920,57805,98,120,9235,9171,75,89,30,45,59,0.22388059701492538,0.8426966292134831,0.8426966292134831,0.8166666666666667,0.8166666666666667,0.5746268656716418,14,0.8432835820895522,831.0385069297331,29,0.2,813.9410298049853,23,0.19101123595505617,707.1067811865476,CONTINUOUS_METRICS_ONLY_NO_FINAL_RULE,1.0,AVAILABLE_IN_FIADB_NOT_APPLIED; EVALID_LINKAGE_REQUIRED_FOR_FORMAL_ESTIMATION,0,1,1,1.0,1.0,1.0,2.0,3.0,5,1.626865671641791,1,1.0,1.0,3.0,6.0,10.0,20,4.3059701492537314
522,Diospyros texana,Diospyros texana,Texas persimmon,species,1,NA_NOT_AVAILABLE_IN_FROZEN_REF_SPECIES,1,50,115725,218,577,2970,57,57920,57805,98,120,2846,2830,44,48,35,9,13,0.6140350877192983,0.9166666666666666,0.9166666666666666,0.8166666666666667,0.8166666666666667,0.21052631578947367,4,0.9298245614035088,813.9410298049853,8,0.8181818181818182,813.9410298049853,4,0.9166666666666666,707.1067811865476,CONTINUOUS_METRICS_ONLY_NO_FINAL_RULE,1.0,AVAILABLE_IN_FIADB_NOT_APPLIED; EVALID_LINKAGE_REQUIRED_FOR_FORMAL_ESTIMATION,0,1,1,1.0,2.0,3.0,6.0,7.799999999999997,9,3.824561403508772,1,1.0,3.0,8.0,16.0,22.4,32,10.12280701754386
522,Diospyros texana,Diospyros texana,Texas persimmon,species,1,NA_NOT_AVAILABLE_IN_FROZEN_REF_SPECIES,1,75,115725,218,577,1441,39,57920,57805,98,120,1411,1397,31,35,27,4,8,0.6923076923076923,0.8857142857142857,0.8857142857142857,0.8166666666666667,0.8166666666666667,0.2564102564102564,1,1.0,848.5281374238571,3,0.9032258064516129,848.5281374238571,1,1.0,742.4621202458749,CONTINUOUS_METRICS_ONLY_NO_FINAL_RULE,1.0,AVAILABLE_IN_FIADB_NOT_APPLIED; EVALID_LINKAGE_REQUIRED_FOR_FORMAL_ESTIMATION,0,1,1,1.0,1.5,3.0,7.0,13.200000000000003,21,5.589743589743589,1,1.0,2.0,9.0,20.5,39.000000000000014,62,14.794871794871796
523,Ehretia anacua,Ehretia anacua,Anacua knockaway,species,1,NA_NOT_AVAILABLE_IN_FROZEN_REF_SPECIES,1,25,115725,8,11,10051,8,57920,57805,5,3,9235,9171,5,3,0,5,3,0.0,0.6,1.6666666666666667,0.6,1.6666666666666667,1.0,7,0.25,340.0367627183861,5,0.2,340.0367627183861,3,0.3333333333333333,70.71067811865476,CONTINUOUS_METRICS_ONLY_NO_FINAL_RULE,1.0,AVAILABLE_IN_FIADB_NOT_APPLIED; EVALID_LINKAGE_REQUIRED_FOR_FORMAL_ESTIMATION,0,1,1,1.0,1.0,1.0,1.0,1.0,1,1.0,1,1.0,1.0,1.0,1.25,2.3,3,1.375
523,Ehretia anacua,Ehretia anacua,Anacua knockaway,species,1,NA_NOT_AVAILABLE_IN_FROZEN_REF_SPECIES,1,50,115725,8,11,2970,7,57920,57805,5,3,2846,2830,5,3,1,4,2,0.14285714285714285,0.6,1.6666666666666667,0.6,1.6666666666666667,0.8571428571428571,2,0.8571428571428571,364.0054944640259,4,0.4,364.0054944640259,1,1.0,70.71067811865476,CONTINUOUS_METRICS_ONLY_NO_FINAL_RULE,1.0,AVAILABLE_IN_FIADB_NOT_APPLIED; EVALID_LINKAGE_REQUIRED_FOR_FORMAL_ESTIMATION,0,1,1,1.0,1.0,1.0,1.0,1.4000000000000004,2,1.1428571428571428,1,1.0,1.0,1.0,1.5,2.8000000000000007,4,1.5714285714285714
523,Ehretia anacua,Ehretia anacua,Anacua knockaway,species,1,NA_NOT_AVAILABLE_IN_FROZEN_REF_SPECIES,1,75,115725,8,11,1441,5,57920,57805,5,3,1411,1397,4,3,2,2,1,0.4,0.75,1.3333333333333333,0.6,1.6666666666666667,0.6,2,0.8,309.23292192132453,2,0.75,309.23292192132453,1,1.0,106.06601717798213,CONTINUOUS_METRICS_ONLY_NO_FINAL_RULE,1.0,AVAILABLE_IN_FIADB_NOT_APPLIED; EVALID_LINKAGE_REQUIRED_FOR_FORMAL_ESTIMATION,0,1,1,1.0,1.0,1.0,2.0,2.6,3,1.6,1,1.0,1.0,1.0,4.0,4.0,4,2.2
531,Fagus grandifolia,Fagus grandifolia,American beech,species,1,NA_NOT_AVAILABLE_IN_FROZEN_REF_SPECIES,0,25,115725,8202,31520,10051,2044,57920,57805,4128,4074,9235,9171,1576,1554,1086,490,468,0.5313111545988258,0.9860406091370558,1.0141570141570142,0.9869186046511628,1.0132547864506627,0.3199608610567515,93,0.821917808219178,3076.117683054405,151,0.7074873096446701,3023.346655611956,162,0.3108108108108108,3076.117683054405,CONTINUOUS_METRICS_ONLY_NO_FINAL_RULE,1.0,AVAILABLE_IN_FIADB_NOT_APPLIED; EVALID_LINKAGE_REQUIRED_FOR_FORMAL_ESTIMATION,0,1,1,1.0,1.0,3.0,5.0,9.0,47,4.012720156555773,1,1.0,2.0,6.0,14.25,36.0,361,15.420743639921723
531,Fagus grandifolia,Fagus grandifolia,American beech,species,1,NA_NOT_AVAILABLE_IN_FROZEN_REF_SPECIES,0,50,115725,8202,31520,2970,722,57920,57805,4128,4074,2846,2830,642,640,560,82,80,0.775623268698061,0.9968847352024922,1.003125,0.9869186046511628,1.0132547864506627,0.13434903047091412,15,0.8642659279778393,3076.117683054405,21,0.8598130841121495,3005.4117854297438,18,0.8828125,3076.117683054405,CONTINUOUS_METRICS_ONLY_NO_FINAL_RULE,1.0,AVAILABLE_IN_FIADB_NOT_APPLIED; EVALID_LINKAGE_REQUIRED_FOR_FORMAL_ESTIMATION,0,1,1,1.0,3.0,7.0,14.0,26.899999999999977,102,11.3601108033241,1,2.0,5.0,15.0,39.75,104.79999999999995,742,43.65650969529086
531,Fagus grandifolia,Fagus grandifolia,American beech,species,1,NA_NOT_AVAILABLE_IN_FROZEN_REF_SPECIES,0,75,115725,8202,31520,1441,374,57920,57805,4128,4074,1411,1397,352,339,317,35,22,0.8475935828877005,0.9630681818181818,1.0383480825958702,0.9869186046511628,1.0132547864506627,0.10695187165775401,3,0.9946524064171123,3077.742679302479,5,0.8721590909090909,3023.346655611956,6,0.9793510324483776,3077.742679302479,CONTINUOUS_METRICS_ONLY_NO_FINAL_RULE,1.0,AVAILABLE_IN_FIADB_NOT_APPLIED; EVALID_LINKAGE_REQUIRED_FOR_FORMAL_ESTIMATION,0,1,1,1.0,5.0,11.0,27.0,54.0,189,21.93048128342246,1,3.0,9.0,26.0,73.5,204.7,1554,84.27807486631016
541,Fraxinus americana,Fraxinus americana,white ash,species,1,NA_NOT_AVAILABLE_IN_FROZEN_REF_SPECIES,0,25,115725,6409,16322,10051,2286,57920,57805,3161,3248,9235,9171,1586,1645,945,641,700,0.41338582677165353,0.9641337386018237,0.9641337386018237,0.9732142857142857,0.9732142857142857,0.4273840769903762,221,0.7034120734908137,3377.5915975736316,295,0.27490542244640603,3325.0939836341468,269,0.28693009118541035,3323.5899265703642,CONTINUOUS_METRICS_ONLY_NO_FINAL_RULE,1.0,AVAILABLE_IN_FIADB_NOT_APPLIED; EVALID_LINKAGE_REQUIRED_FOR_FORMAL_ESTIMATION,0,1,1,1.0,1.0,2.0,3.0,6.0,20,2.8035870516185475,1,1.0,1.0,3.0,8.0,18.0,91,7.139982502187227
541,Fraxinus americana,Fraxinus americana,white ash,species,1,NA_NOT_AVAILABLE_IN_FROZEN_REF_SPECIES,0,50,115725,6409,16322,2970,902,57920,57805,3161,3248,2846,2830,763,749,610,153,139,0.6762749445676275,0.981651376146789,1.0186915887850467,0.9732142857142857,0.9732142857142857,0.19290465631929046,28,0.9667405764966741,3360.4315199093107,33,0.8191349934469201,3326.4094756959794,46,0.7970627503337784,3288.2366094914764,CONTINUOUS_METRICS_ONLY_NO_FINAL_RULE,1.0,AVAILABLE_IN_FIADB_NOT_APPLIED; EVALID_LINKAGE_REQUIRED_FOR_FORMAL_ESTIMATION,0,1,1,1.0,2.0,4.0,9.0,18.0,55,7.105321507760532,1,1.0,3.0,7.0,19.0,52.0,212,18.095343680709533
541,Fraxinus americana,Fraxinus americana,white ash,species,1,NA_NOT_AVAILABLE_IN_FROZEN_REF_SPECIES,0,75,115725,6409,16322,1441,481,57920,57805,3161,3248,1411,1397,436,425,380,56,45,0.7900207900207901,0.9747706422018348,1.0258823529411765,0.9732142857142857,0.9732142857142857,0.1288981288981289,11,0.9771309771309772,3341.5004114918192,7,0.981651376146789,3289.756829919196,12,0.9647058823529412,3288.046532517446,CONTINUOUS_METRICS_ONLY_NO_FINAL_RULE,1.0,AVAILABLE_IN_FIADB_NOT_APPLIED; EVALID_LINKAGE_REQUIRED_FOR_FORMAL_ESTIMATION,0,1,1,1.0,3.0,7.0,17.0,33.0,90,13.324324324324325,1,2.0,5.0,14.0,33.0,95.0,336,33.933471933471935
542,Fraxinus latifolia,Fraxinus latifolia,Oregon ash,species,1,NA_NOT_AVAILABLE_IN_FROZEN_REF_SPECIES,0,25,115725,58,213,10051,47,57920,57805,25,33,9235,9171,22,30,5,17,25,0.10638297872340426,0.7333333333333333,0.7333333333333333,0.7575757575757576,0.7575757575757576,0.851063829787234,22,0.1702127659574468,1274.0192306240906,18,0.13636363636363635,1250.0,16,0.2,1250.2499750049988,CONTINUOUS_METRICS_ONLY_NO_FINAL_RULE,1.0,AVAILABLE_IN_FIADB_NOT_APPLIED; EVALID_LINKAGE_REQUIRED_FOR_FORMAL_ESTIMATION,0,1,1,1.0,1.0,1.0,1.0,2.0,3,1.2340425531914894,1,1.0,1.0,3.0,7.0,9.0,22,4.531914893617022
542,Fraxinus latifolia,Fraxinus latifolia,Oregon ash,species,1,NA_NOT_AVAILABLE_IN_FROZEN_REF_SPECIES,0,50,115725,58,213,2970,31,57920,57805,25,33,2846,2830,19,21,9,10,12,0.2903225806451613,0.9047619047619048,0.9047619047619048,0.7575757575757576,0.7575757575757576,0.5483870967741935,9,0.4838709677419355,1298.0754985747171,10,0.21052631578947367,1250.0,8,0.23809523809523808,1274.7548783981963,CONTINUOUS_METRICS_ONLY_NO_FINAL_RULE,1.0,AVAILABLE_IN_FIADB_NOT_APPLIED; EVALID_LINKAGE_REQUIRED_FOR_FORMAL_ESTIMATION,0,1,1,1.0,1.0,1.0,2.0,4.0,6,1.8709677419354838,1,1.0,2.0,4.0,9.5,17.0,30,6.870967741935484
542,Fraxinus latifolia,Fraxinus latifolia,Oregon ash,species,1,NA_NOT_AVAILABLE_IN_FROZEN_REF_SPECIES,0,75,115725,58,213,1441,22,57920,57805,25,33,1411,1397,15,19,12,3,7,0.5454545454545454,0.7894736842105263,0.7894736842105263,0.7575757575757576,0.7575757575757576,0.36363636363636365,5,0.6818181818181818,1236.9316876852981,6,0.6666666666666666,1236.9316876852981,5,0.7368421052631579,1236.9316876852981,CONTINUOUS_METRICS_ONLY_NO_FINAL_RULE,1.0,AVAILABLE_IN_FIADB_NOT_APPLIED; EVALID_LINKAGE_REQUIRED_FOR_FORMAL_ESTIMATION,0,1,1,1.0,1.0,2.0,4.0,4.900000000000002,6,2.6363636363636362,1,1.0,2.25,7.0,14.75,20.60000000000001,36,9.681818181818182
543,Fraxinus nigra,Fraxinus nigra,black ash,species,1,NA_NOT_AVAILABLE_IN_FROZEN_REF_SPECIES,0,25,115725,2880,17373,10051,659,57920,57805,1424,1456,9235,9171,507,504,352,155,152,0.5341426403641881,0.9940828402366864,1.005952380952381,0.978021978021978,0.978021978021978,0.34142640364188165,76,0.6024279210925645,3026.962173533062,84,0.6252465483234714,2493.2408628128974,80,0.6369047619047619,2948.834515533213,CONTINUOUS_METRICS_ONLY_NO_FINAL_RULE,1.0,AVAILABLE_IN_FIADB_NOT_APPLIED; EVALID_LINKAGE_REQUIRED_FOR_FORMAL_ESTIMATION,0,1,1,1.0,1.0,2.0,6.0,11.0,24,4.370257966616085,1,1.0,2.0,10.0,34.0,74.20000000000005,272,26.362670713201823
543,Fraxinus nigra,Fraxinus nigra,black ash,species,1,NA_NOT_AVAILABLE_IN_FROZEN_REF_SPECIES,0,50,115725,2880,17373,2970,273,57920,57805,1424,1456,2846,2830,223,226,176,47,50,0.6446886446886447,0.9867256637168141,0.9867256637168141,0.978021978021978,0.978021978021978,0.27472527472527475,26,0.5787545787545788,3026.962173533062,21,0.5919282511210763,2459.6747752497686,20,0.6150442477876106,2956.7718883945035,CONTINUOUS_METRICS_ONLY_NO_FINAL_RULE,1.0,AVAILABLE_IN_FIADB_NOT_APPLIED; EVALID_LINKAGE_REQUIRED_FOR_FORMAL_ESTIMATION,0,1,1,1.0,1.0,4.0,14.0,34.0,63,10.54945054945055,1,1.0,2.0,11.0,69.0,232.0,522,63.637362637362635
543,Fraxinus nigra,Fraxinus nigra,black ash,species,1,NA_NOT_AVAILABLE_IN_FROZEN_REF_SPECIES,0,75,115725,2880,17373,1441,159,57920,57805,1424,1456,1411,1397,139,136,116,23,20,0.7295597484276729,0.9784172661870504,1.0220588235294117,0.978021978021978,0.978021978021978,0.20754716981132076,16,0.5974842767295597,3023.346655611956,15,0.5971223021582733,2515.5764746872633,11,0.6176470588235294,2941.300732669137,CONTINUOUS_METRICS_ONLY_NO_FINAL_RULE,1.0,AVAILABLE_IN_FIADB_NOT_APPLIED; EVALID_LINKAGE_REQUIRED_FOR_FORMAL_ESTIMATION,0,1,1,1.0,2.0,5.0,17.5,56.0,115,18.11320754716981,1,1.0,3.0,17.0,82.5,403.6000000000002,953,109.26415094339623
544,Fraxinus pennsylvanica,Fraxinus pennsylvanica,green ash,species,1,NA_NOT_AVAILABLE_IN_FROZEN_REF_SPECIES,0,25,115725,6317,21204,10051,2867,57920,57805,3187,3130,9235,9171,1962,1906,1001,961,905,0.34914544820369725,0.9714576962283384,1.0293809024134313,0.9821148415437716,1.0182108626198083,0.49703522846180676,384,0.4994768050226718,3877.015604817706,457,0.2329255861365953,3815.838702041793,460,0.21091290661070305,3795.556612672244,CONTINUOUS_METRICS_ONLY_NO_FINAL_RULE,1.0,AVAILABLE_IN_FIADB_NOT_APPLIED; EVALID_LINKAGE_REQUIRED_FOR_FORMAL_ESTIMATION,0,1,1,1.0,1.0,2.0,3.0,4.0,22,2.203348447854901,1,1.0,2.0,4.0,9.0,18.0,170,7.395884199511685
544,Fraxinus pennsylvanica,Fraxinus pennsylvanica,green ash,species,1,NA_NOT_AVAILABLE_IN_FROZEN_REF_SPECIES,0,50,115725,6317,21204,2970,1242,57920,57805,3187,3130,2846,2830,1020,1001,779,241,222,0.6272141706924316,0.9813725490196078,1.018981018981019,0.9821148415437716,1.0182108626198083,0.250402576489533,56,0.8180354267310789,3842.1998906876256,83,0.6245098039215686,3801.3155617496423,84,0.6023976023976024,3760.6515392947535,CONTINUOUS_METRICS_ONLY_NO_FINAL_RULE,1.0,AVAILABLE_IN_FIADB_NOT_APPLIED; EVALID_LINKAGE_REQUIRED_FOR_FORMAL_ESTIMATION,0,1,1,1.0,1.25,3.0,7.0,11.0,45,5.086151368760064,1,1.0,3.0,9.0,21.0,39.0,296,17.07246376811594
544,Fraxinus pennsylvanica,Fraxinus pennsylvanica,green ash,species,1,NA_NOT_AVAILABLE_IN_FROZEN_REF_SPECIES,0,75,115725,6317,21204,1441,683,57920,57805,3187,3130,1411,1397,606,595,518,88,77,0.7584187408491947,0.9818481848184818,1.0184873949579831,0.9821148415437716,1.0182108626198083,0.16105417276720352,8,0.9853587115666179,3932.318018675499,22,0.8943894389438944,3871.046370169182,12,0.9546218487394958,3810.265738764161,CONTINUOUS_METRICS_ONLY_NO_FINAL_RULE,1.0,AVAILABLE_IN_FIADB_NOT_APPLIED; EVALID_LINKAGE_REQUIRED_FOR_FORMAL_ESTIMATION,0,1,1,1.0,2.0,6.0,12.0,21.0,97,9.248901903367496,1,2.0,5.0,16.0,38.0,72.0,470,31.045387994143486
545,Fraxinus profunda,Fraxinus profunda,pumpkin ash,species,1,NA_NOT_AVAILABLE_IN_FROZEN_REF_SPECIES,0,25,115725,64,424,10051,48,57920,57805,25,39,9235,9171,24,32,8,16,24,0.16666666666666666,0.75,0.75,0.6410256410256411,0.6410256410256411,0.7916666666666666,28,0.16666666666666666,1592.5608308632986,19,0.08333333333333333,1556.0366319595435,22,0.15625,1511.0013236261575,CONTINUOUS_METRICS_ONLY_NO_FINAL_RULE,1.0,AVAILABLE_IN_FIADB_NOT_APPLIED; EVALID_LINKAGE_REQUIRED_FOR_FORMAL_ESTIMATION,0,1,1,1.0,1.0,1.0,1.0,2.0,5,1.3333333333333333,1,1.0,1.0,4.5,15.25,20.200000000000017,47,8.833333333333334
545,Fraxinus profunda,Fraxinus profunda,pumpkin ash,species,1,NA_NOT_AVAILABLE_IN_FROZEN_REF_SPECIES,0,50,115725,64,424,2970,36,57920,57805,25,39,2846,2830,21,28,13,8,15,0.3611111111111111,0.75,0.75,0.6410256410256411,0.6410256410256411,0.6111111111111112,11,0.3333333333333333,1557.2411502397435,11,0.38095238095238093,1520.690632574555,12,0.21428571428571427,1491.64338901763,CONTINUOUS_METRICS_ONLY_NO_FINAL_RULE,1.0,AVAILABLE_IN_FIADB_NOT_APPLIED; EVALID_LINKAGE_REQUIRED_FOR_FORMAL_ESTIMATION,0,1,1,1.0,1.0,1.0,2.0,3.0,7,1.7777777777777777,1,1.0,1.0,5.0,17.5,33.0,48,11.777777777777779
545,Fraxinus profunda,Fraxinus profunda,pumpkin ash,species,1,NA_NOT_AVAILABLE_IN_FROZEN_REF_SPECIES,0,75,115725,64,424,1441,31,57920,57805,25,39,1411,1397,19,22,10,9,12,0.3225806451612903,0.8636363636363636,0.8636363636363636,0.6410256410256411,0.6410256410256411,0.6451612903225806,7,0.5483870967741935,1594.5218719101974,8,0.47368421052631576,1538.8713396512394,9,0.36363636363636365,1546.164609606623,CONTINUOUS_METRICS_ONLY_NO_FINAL_RULE,1.0,AVAILABLE_IN_FIADB_NOT_APPLIED; EVALID_LINKAGE_REQUIRED_FOR_FORMAL_ESTIMATION,0,1,1,1.0,1.0,1.0,2.0,5.0,9,2.064516129032258,1,1.0,1.0,4.0,19.0,41.0,76,13.67741935483871
546,Fraxinus quadrangulata,Fraxinus quadrangulata,blue ash,species,1,NA_NOT_AVAILABLE_IN_FROZEN_REF_SPECIES,0,25,115725,137,340,10051,92,57920,57805,75,62,9235,9171,57,51,16,41,35,0.17391304347826086,0.8947368421052632,1.1176470588235294,0.8266666666666667,1.2096774193548387,0.6847826086956522,44,0.15217391304347827,1352.081728298996,33,0.17543859649122806,1331.352695569435,35,0.13725490196078433,1165.3862020806664,CONTINUOUS_METRICS_ONLY_NO_FINAL_RULE,1.0,AVAILABLE_IN_FIADB_NOT_APPLIED; EVALID_LINKAGE_REQUIRED_FOR_FORMAL_ESTIMATION,0,1,1,1.0,1.0,1.0,2.0,2.9000000000000057,5,1.4891304347826086,1,1.0,1.0,2.0,4.0,8.0,23,3.6956521739130435
546,Fraxinus quadrangulata,Fraxinus quadrangulata,blue ash,species,1,NA_NOT_AVAILABLE_IN_FROZEN_REF_SPECIES,0,50,115725,137,340,2970,63,57920,57805,75,62,2846,2830,43,42,22,21,20,0.3492063492063492,0.9767441860465116,1.0238095238095237,0.8266666666666667,1.2096774193548387,0.5873015873015873,19,0.2698412698412698,1331.352695569435,17,0.16279069767441862,1331.352695569435,15,0.30952380952380953,1151.0864433221338,CONTINUOUS_METRICS_ONLY_NO_FINAL_RULE,1.0,AVAILABLE_IN_FIADB_NOT_APPLIED; EVALID_LINKAGE_REQUIRED_FOR_FORMAL_ESTIMATION,0,1,1,1.0,1.0,1.0,2.5,5.0,11,2.1746031746031744,1,1.0,1.0,2.0,7.5,11.0,56,5.396825396825397
546,Fraxinus quadrangulata,Fraxinus quadrangulata,blue ash,species,1,NA_NOT_AVAILABLE_IN_FROZEN_REF_SPECIES,0,75,115725,137,340,1441,47,57920,57805,75,62,1411,1397,32,33,18,14,15,0.3829787234042553,0.9696969696969697,0.9696969696969697,0.8266666666666667,1.2096774193548387,0.5319148936170213,12,0.5106382978723404,1352.081728298996,12,0.28125,1290.348790056394,9,0.48484848484848486,1185.8541225631423,CONTINUOUS_METRICS_ONLY_NO_FINAL_RULE,1.0,AVAILABLE_IN_FIADB_NOT_APPLIED; EVALID_LINKAGE_REQUIRED_FOR_FORMAL_ESTIMATION,0,1,1,1.0,1.0,1.0,4.0,7.0,15,2.9148936170212765,1,1.0,1.0,6.0,9.0,14.799999999999997,63,7.23404255319149
547,Fraxinus velutina,Fraxinus velutina,velvet ash,species,1,NA_NOT_AVAILABLE_IN_FROZEN_REF_SPECIES,0,25,115725,10,12,10051,9,57920,57805,2,8,9235,9171,2,7,0,2,7,0.0,0.2857142857142857,0.2857142857142857,0.25,0.25,0.8888888888888888,9,0.1111111111111111,1380.6701271484076,2,0.5,509.9019513592784,7,0.14285714285714285,1209.5970403402944,CONTINUOUS_METRICS_ONLY_NO_FINAL_RULE,1.0,AVAILABLE_IN_FIADB_NOT_APPLIED; EVALID_LINKAGE_REQUIRED_FOR_FORMAL_ESTIMATION,0,1,1,1.0,1.0,1.0,1.0,1.2000000000000002,2,1.1111111111111112,1,1.0,1.0,1.0,1.0,2.2,3,1.3333333333333333
547,Fraxinus velutina,Fraxinus velutina,velvet ash,species,1,NA_NOT_AVAILABLE_IN_FROZEN_REF_SPECIES,0,50,115725,10,12,2970,9,57920,57805,2,8,2846,2830,2,7,0,2,7,0.0,0.2857142857142857,0.2857142857142857,0.25,0.25,0.8888888888888888,7,0.3333333333333333,1389.2443989449805,2,0.5,509.9019513592784,5,0.42857142857142855,1202.0815280171307,CONTINUOUS_METRICS_ONLY_NO_FINAL_RULE,1.0,AVAILABLE_IN_FIADB_NOT_APPLIED; EVALID_LINKAGE_REQUIRED_FOR_FORMAL_ESTIMATION,0,1,1,1.0,1.0,1.0,1.0,1.2000000000000002,2,1.1111111111111112,1,1.0,1.0,1.0,1.0,2.2,3,1.3333333333333333
547,Fraxinus velutina,Fraxinus velutina,velvet ash,species,1,NA_NOT_AVAILABLE_IN_FROZEN_REF_SPECIES,0,75,115725,10,12,1441,9,57920,57805,2,8,1411,1397,2,7,0,2,7,0.0,0.2857142857142857,0.2857142857142857,0.25,0.25,0.8888888888888888,7,0.3333333333333333,1415.0971698084904,2,0.5,530.3300858899106,5,0.42857142857142855,1257.229096068016,CONTINUOUS_METRICS_ONLY_NO_FINAL_RULE,1.0,AVAILABLE_IN_FIADB_NOT_APPLIED; EVALID_LINKAGE_REQUIRED_FOR_FORMAL_ESTIMATION,0,1,1,1.0,1.0,1.0,1.0,1.2000000000000002,2,1.1111111111111112,1,1.0,1.0,1.0,1.0,2.2,3,1.3333333333333333
548,Fraxinus caroliniana,Fraxinus caroliniana,Carolina ash,species,1,NA_NOT_AVAILABLE_IN_FROZEN_REF_SPECIES,0,25,115725,76,451,10051,63,57920,57805,38,38,9235,9171,35,34,6,29,28,0.09523809523809523,0.9714285714285714,1.0294117647058822,1.0,1.0,0.8571428571428571,43,0.1111111111111111,1995.3069939234915,25,0.11428571428571428,1789.7276329095441,29,0.08823529411764706,1995.3069939234915,CONTINUOUS_METRICS_ONLY_NO_FINAL_RULE,1.0,AVAILABLE_IN_FIADB_NOT_APPLIED; EVALID_LINKAGE_REQUIRED_FOR_FORMAL_ESTIMATION,0,1,1,1.0,1.0,1.0,1.0,2.0,5,1.2063492063492063,1,1.0,1.0,3.0,10.5,18.800000000000004,50,7.158730158730159
548,Fraxinus caroliniana,Fraxinus caroliniana,Carolina ash,species,1,NA_NOT_AVAILABLE_IN_FROZEN_REF_SPECIES,0,50,115725,76,451,2970,50,57920,57805,38,38,2846,2830,29,28,7,22,21,0.14,0.9655172413793104,1.0357142857142858,1.0,1.0,0.7,17,0.48,1991.2307751739877,15,0.2413793103448276,1806.2391868188442,16,0.17857142857142858,1991.2307751739877,CONTINUOUS_METRICS_ONLY_NO_FINAL_RULE,1.0,AVAILABLE_IN_FIADB_NOT_APPLIED; EVALID_LINKAGE_REQUIRED_FOR_FORMAL_ESTIMATION,0,1,1,1.0,1.0,1.0,2.0,2.1000000000000014,6,1.52,1,1.0,2.0,4.0,14.25,23.0,53,9.02
548,Fraxinus caroliniana,Fraxinus caroliniana,Carolina ash,species,1,NA_NOT_AVAILABLE_IN_FROZEN_REF_SPECIES,0,75,115725,76,451,1441,39,57920,57805,38,38,1411,1397,27,25,13,14,12,0.3333333333333333,0.9259259259259259,1.08,1.0,1.0,0.5384615384615384,11,0.5641025641025641,2026.3884129159444,10,0.4444444444444444,1806.2391868188445,13,0.24,2026.3884129159444,CONTINUOUS_METRICS_ONLY_NO_FINAL_RULE,1.0,AVAILABLE_IN_FIADB_NOT_APPLIED; EVALID_LINKAGE_REQUIRED_FOR_FORMAL_ESTIMATION,0,1,1,1.0,1.0,1.0,3.0,4.0,5,1.9487179487179487,1,1.0,2.5,5.0,19.0,29.400000000000006,71,11.564102564102564
549,Fraxinus texensis,Fraxinus texensis,Texas ash,species,1,NA_NOT_AVAILABLE_IN_FROZEN_REF_SPECIES,0,25,115725,35,113,10051,27,57920,57805,15,20,9235,9171,14,18,5,9,13,0.18518518518518517,0.7777777777777778,0.7777777777777778,0.75,0.75,0.7407407407407407,16,0.14814814814814814,555.090082779363,10,0.21428571428571427,395.2847075210474,13,0.1111111111111111,540.8326913195984,CONTINUOUS_METRICS_ONLY_NO_FINAL_RULE,1.0,AVAILABLE_IN_FIADB_NOT_APPLIED; EVALID_LINKAGE_REQUIRED_FOR_FORMAL_ESTIMATION,0,1,1,1.0,1.0,1.0,1.5,2.0,3,1.2962962962962963,1,1.6,2.0,4.0,5.0,6.800000000000004,17,4.185185185185185
549,Fraxinus texensis,Fraxinus texensis,Texas ash,species,1,NA_NOT_AVAILABLE_IN_FROZEN_REF_SPECIES,0,50,115725,35,113,2970,21,57920,57805,15,20,2846,2830,12,14,5,7,9,0.23809523809523808,0.8571428571428571,0.8571428571428571,0.75,0.75,0.5238095238095238,6,0.7142857142857143,570.087712549569,6,0.5833333333333334,430.11626335213134,6,0.5,540.8326913195984,CONTINUOUS_METRICS_ONLY_NO_FINAL_RULE,1.0,AVAILABLE_IN_FIADB_NOT_APPLIED; EVALID_LINKAGE_REQUIRED_FOR_FORMAL_ESTIMATION,0,1,1,1.0,1.0,1.0,2.0,3.0,4,1.6666666666666667,1,2.0,2.0,4.0,6.0,10.0,25,5.380952380952381
549,Fraxinus texensis,Fraxinus texensis,Texas ash,species,1,NA_NOT_AVAILABLE_IN_FROZEN_REF_SPECIES,0,75,115725,35,113,1441,14,57920,57805,15,20,1411,1397,10,10,6,4,4,0.42857142857142855,1.0,1.0,0.75,0.75,0.42857142857142855,2,0.7142857142857143,585.768725692999,2,0.9,437.32139211339756,4,0.5,540.8326913195983,CONTINUOUS_METRICS_ONLY_NO_FINAL_RULE,1.0,AVAILABLE_IN_FIADB_NOT_APPLIED; EVALID_LINKAGE_REQUIRED_FOR_FORMAL_ESTIMATION,0,1,1,1.0,1.0,2.0,3.0,5.0,7,2.5,1,2.0,4.25,6.0,7.5,18.900000000000006,27,8.071428571428571
551,Gleditsia aquatica,Gleditsia aquatica,waterlocust,species,1,NA_NOT_AVAILABLE_IN_FROZEN_REF_SPECIES,0,25,115725,36,75,10051,31,57920,57805,22,14,9235,9171,21,14,4,17,10,0.12903225806451613,0.6666666666666666,1.5,0.6363636363636364,1.5714285714285714,0.8709677419354839,23,0.0967741935483871,1634.2046995404216,17,0.14285714285714285,1634.2046995404216,12,0.14285714285714285,1449.5689014324223,CONTINUOUS_METRICS_ONLY_NO_FINAL_RULE,1.0,AVAILABLE_IN_FIADB_NOT_APPLIED; EVALID_LINKAGE_REQUIRED_FOR_FORMAL_ESTIMATION,0,1,1,1.0,1.0,1.0,1.0,2.0,3,1.1612903225806452,1,1.0,1.0,2.0,3.0,5.0,8,2.4193548387096775
551,Gleditsia aquatica,Gleditsia aquatica,waterlocust,species,1,NA_NOT_AVAILABLE_IN_FROZEN_REF_SPECIES,0,50,115725,36,75,2970,25,57920,57805,22,14,2846,2830,17,13,5,12,8,0.2,0.7647058823529411,1.3076923076923077,0.6363636363636364,1.5714285714285714,0.68,16,0.16,1612.4515496597098,15,0.11764705882352941,1612.4515496597098,9,0.3076923076923077,1415.0971698084907,CONTINUOUS_METRICS_ONLY_NO_FINAL_RULE,1.0,AVAILABLE_IN_FIADB_NOT_APPLIED; EVALID_LINKAGE_REQUIRED_FOR_FORMAL_ESTIMATION,0,1,1,1.0,1.0,1.0,2.0,2.0,4,1.44,1,1.0,1.0,2.0,4.0,7.200000000000003,10,3.0
551,Gleditsia aquatica,Gleditsia aquatica,waterlocust,species,1,NA_NOT_AVAILABLE_IN_FROZEN_REF_SPECIES,0,75,115725,36,75,1441,22,57920,57805,22,14,1411,1397,17,12,7,10,5,0.3181818181818182,0.7058823529411765,1.4166666666666667,0.6363636363636364,1.5714285714285714,0.5454545454545454,14,0.3181818181818182,1646.5873800075112,14,0.17647058823529413,1646.5873800075112,8,0.4166666666666667,1456.23658792107,CONTINUOUS_METRICS_ONLY_NO_FINAL_RULE,1.0,AVAILABLE_IN_FIADB_NOT_APPLIED; EVALID_LINKAGE_REQUIRED_FOR_FORMAL_ESTIMATION,0,1,1,1.0,1.0,1.0,2.0,2.900000000000002,4,1.6363636363636365,1,1.0,1.0,3.0,4.75,7.800000000000004,10,3.409090909090909
552,Gleditsia triacanthos,Gleditsia triacanthos,honeylocust,species,1,NA_NOT_AVAILABLE_IN_FROZEN_REF_SPECIES,0,25,115725,1417,3257,10051,947,57920,57805,716,701,9235,9171,569,574,196,373,378,0.20696937697993664,0.9912891986062717,0.9912891986062717,0.979050279329609,1.0213980028530671,0.6821541710665259,259,0.2967265047518479,3070.0162866017504,244,0.1757469244288225,2804.0149785619906,265,0.050522648083623695,3010.8138434649195,CONTINUOUS_METRICS_ONLY_NO_FINAL_RULE,1.0,AVAILABLE_IN_FIADB_NOT_APPLIED; EVALID_LINKAGE_REQUIRED_FOR_FORMAL_ESTIMATION,0,1,1,1.0,1.0,1.0,2.0,3.0,8,1.4963041182682155,1,1.0,1.0,2.0,4.0,8.0,37,3.4392819429778245
552,Gleditsia triacanthos,Gleditsia triacanthos,honeylocust,species,1,NA_NOT_AVAILABLE_IN_FROZEN_REF_SPECIES,0,50,115725,1417,3257,2970,514,57920,57805,716,701,2846,2830,369,378,233,136,145,0.45330739299610895,0.9761904761904762,0.9761904761904762,0.979050279329609,1.0213980028530671,0.42217898832684825,61,0.8287937743190662,3070.0162866017504,59,0.6693766937669376,2804.0149785619906,59,0.5687830687830688,3010.8138434649195,CONTINUOUS_METRICS_ONLY_NO_FINAL_RULE,1.0,AVAILABLE_IN_FIADB_NOT_APPLIED; EVALID_LINKAGE_REQUIRED_FOR_FORMAL_ESTIMATION,0,1,1,1.0,1.0,2.0,4.0,6.0,12,2.7568093385214008,1,1.0,2.0,3.0,8.0,15.699999999999989,55,6.336575875486381
552,Gleditsia triacanthos,Gleditsia triacanthos,honeylocust,species,1,NA_NOT_AVAILABLE_IN_FROZEN_REF_SPECIES,0,75,115725,1417,3257,1441,313,57920,57805,716,701,1411,1397,240,260,187,53,73,0.597444089456869,0.9230769230769231,0.9230769230769231,0.979050279329609,1.0213980028530671,0.2939297124600639,26,0.8945686900958466,3105.036231672668,35,0.8083333333333333,2823.2295337078067,23,0.8923076923076924,3016.827804167815,CONTINUOUS_METRICS_ONLY_NO_FINAL_RULE,1.0,AVAILABLE_IN_FIADB_NOT_APPLIED; EVALID_LINKAGE_REQUIRED_FOR_FORMAL_ESTIMATION,0,1,1,1.0,1.0,3.0,6.0,11.0,23,4.527156549520766,1,1.0,2.0,5.0,13.0,26.0,77,10.405750798722044
555,Gordonia lasianthus,Gordonia lasianthus,loblolly-bay,species,1,NA_NOT_AVAILABLE_IN_FROZEN_REF_SPECIES,0,25,115725,328,2190,10051,156,57920,57805,178,150,9235,9171,110,97,51,59,46,0.3269230769230769,0.8818181818181818,1.134020618556701,0.8426966292134831,1.1866666666666668,0.4935897435897436,25,0.391025641025641,1451.292527369999,26,0.32727272727272727,1451.292527369999,36,0.23711340206185566,1418.1854603682834,CONTINUOUS_METRICS_ONLY_NO_FINAL_RULE,1.0,AVAILABLE_IN_FIADB_NOT_APPLIED; EVALID_LINKAGE_REQUIRED_FOR_FORMAL_ESTIMATION,0,1,1,1.0,1.0,2.0,3.0,4.0,10,2.1025641025641026,1,1.0,3.0,7.0,17.0,36.0,127,14.038461538461538
555,Gordonia lasianthus,Gordonia lasianthus,loblolly-bay,species,1,NA_NOT_AVAILABLE_IN_FROZEN_REF_SPECIES,0,50,115725,328,2190,2970,78,57920,57805,178,150,2846,2830,64,56,42,22,14,0.5384615384615384,0.875,1.1428571428571428,0.8426966292134831,1.1866666666666668,0.34615384615384615,4,0.9358974358974359,1453.4441853748633,6,0.59375,1453.4441853748633,6,0.625,1421.2670403551895,CONTINUOUS_METRICS_ONLY_NO_FINAL_RULE,1.0,AVAILABLE_IN_FIADB_NOT_APPLIED; EVALID_LINKAGE_REQUIRED_FOR_FORMAL_ESTIMATION,0,1,1,1.0,1.0,3.0,6.0,9.0,21,4.205128205128205,1,2.0,5.0,16.0,37.5,73.19999999999999,192,28.076923076923077
555,Gordonia lasianthus,Gordonia lasianthus,loblolly-bay,species,1,NA_NOT_AVAILABLE_IN_FROZEN_REF_SPECIES,0,75,115725,328,2190,1441,50,57920,57805,178,150,1411,1397,42,38,30,12,8,0.6,0.9047619047619048,1.105263157894737,0.8426966292134831,1.1866666666666668,0.28,2,0.96,1432.87298809071,4,0.5476190476190477,1432.87298809071,3,0.9210526315789473,1382.931668593933,CONTINUOUS_METRICS_ONLY_NO_FINAL_RULE,1.0,AVAILABLE_IN_FIADB_NOT_APPLIED; EVALID_LINKAGE_REQUIRED_FOR_FORMAL_ESTIMATION,0,1,1,1.0,1.0,3.5,10.0,15.300000000000004,27,6.56,1,1.9000000000000004,3.75,19.0,57.0,122.70000000000003,247,43.8
561,Ginkgo biloba,Ginkgo biloba,ginkgo,species,1,NA_NOT_AVAILABLE_IN_FROZEN_REF_SPECIES,0,25,115725,1,7,10051,1,57920,57805,1,0,9235,9171,1,0,0,1,0,0.0,0.0,,0.0,,1.0,1,1.0,0.0,1,1.0,0.0,0,,,CONTINUOUS_METRICS_ONLY_NO_FINAL_RULE,1.0,AVAILABLE_IN_FIADB_NOT_APPLIED; EVALID_LINKAGE_REQUIRED_FOR_FORMAL_ESTIMATION,1,1,1,1.0,1.0,1.0,1.0,1.0,1,1.0,7,7.0,7.0,7.0,7.0,7.0,7,7.0
561,Ginkgo biloba,Ginkgo biloba,ginkgo,species,1,NA_NOT_AVAILABLE_IN_FROZEN_REF_SPECIES,0,50,115725,1,7,2970,1,57920,57805,1,0,2846,2830,1,0,0,1,0,0.0,0.0,,0.0,,1.0,1,1.0,0.0,1,1.0,0.0,0,,,CONTINUOUS_METRICS_ONLY_NO_FINAL_RULE,1.0,AVAILABLE_IN_FIADB_NOT_APPLIED; EVALID_LINKAGE_REQUIRED_FOR_FORMAL_ESTIMATION,1,1,1,1.0,1.0,1.0,1.0,1.0,1,1.0,7,7.0,7.0,7.0,7.0,7.0,7,7.0
561,Ginkgo biloba,Ginkgo biloba,ginkgo,species,1,NA_NOT_AVAILABLE_IN_FROZEN_REF_SPECIES,0,75,115725,1,7,1441,1,57920,57805,1,0,1411,1397,1,0,0,1,0,0.0,0.0,,0.0,,1.0,1,1.0,0.0,1,1.0,0.0,0,,,CONTINUOUS_METRICS_ONLY_NO_FINAL_RULE,1.0,AVAILABLE_IN_FIADB_NOT_APPLIED; EVALID_LINKAGE_REQUIRED_FOR_FORMAL_ESTIMATION,1,1,1,1.0,1.0,1.0,1.0,1.0,1,1.0,7,7.0,7.0,7.0,7.0,7.0,7,7.0
571,Gymnocladus dioicus,Gymnocladus dioicus,Kentucky coffeetree,species,1,NA_NOT_AVAILABLE_IN_FROZEN_REF_SPECIES,0,25,115725,79,150,10051,75,57920,57805,39,40,9235,9171,38,40,3,35,37,0.04,0.95,0.95,0.975,0.975,0.9466666666666667,60,0.04,2281.0359488618324,34,0.05263157894736842,2281.0359488618324,36,0.05,1430.0349646075092,CONTINUOUS_METRICS_ONLY_NO_FINAL_RULE,1.0,AVAILABLE_IN_FIADB_NOT_APPLIED; EVALID_LINKAGE_REQUIRED_FOR_FORMAL_ESTIMATION,0,1,1,1.0,1.0,1.0,1.0,1.0,2,1.0533333333333332,1,1.0,1.0,1.0,2.0,4.0,8,2.0
571,Gymnocladus dioicus,Gymnocladus dioicus,Kentucky coffeetree,species,1,NA_NOT_AVAILABLE_IN_FROZEN_REF_SPECIES,0,50,115725,79,150,2970,65,57920,57805,39,40,2846,2830,34,38,7,27,31,0.1076923076923077,0.8947368421052632,0.8947368421052632,0.975,0.975,0.8153846153846154,30,0.2923076923076923,2258.8713996153037,23,0.14705882352941177,2258.8713996153037,25,0.23684210526315788,1430.0349646075092,CONTINUOUS_METRICS_ONLY_NO_FINAL_RULE,1.0,AVAILABLE_IN_FIADB_NOT_APPLIED; EVALID_LINKAGE_REQUIRED_FOR_FORMAL_ESTIMATION,0,1,1,1.0,1.0,1.0,1.0,2.0,3,1.2153846153846153,1,1.0,1.0,2.0,3.0,6.0,8,2.3076923076923075
571,Gymnocladus dioicus,Gymnocladus dioicus,Kentucky coffeetree,species,1,NA_NOT_AVAILABLE_IN_FROZEN_REF_SPECIES,0,75,115725,79,150,1441,55,57920,57805,39,40,1411,1397,30,35,10,20,25,0.18181818181818182,0.8571428571428571,0.8571428571428571,0.975,0.975,0.7090909090909091,21,0.5636363636363636,2281.0359488618324,14,0.3,2281.0359488618324,15,0.5142857142857142,1440.702953422391,CONTINUOUS_METRICS_ONLY_NO_FINAL_RULE,1.0,AVAILABLE_IN_FIADB_NOT_APPLIED; EVALID_LINKAGE_REQUIRED_FOR_FORMAL_ESTIMATION,0,1,1,1.0,1.0,1.0,2.0,3.0,3,1.4363636363636363,1,1.0,1.0,2.0,3.0,6.600000000000001,8,2.727272727272727
581,Halesia carolina,Halesia carolina,Carolina silverbell,species,1,NA_NOT_AVAILABLE_IN_FROZEN_REF_SPECIES,0,25,115725,132,277,10051,52,57920,57805,63,69,9235,9171,37,36,21,16,15,0.40384615384615385,0.972972972972973,1.0277777777777777,0.9130434782608695,0.9130434782608695,0.5,15,0.6730769230769231,1330.8831654206165,14,0.5675675675675675,1330.8831654206165,7,0.7777777777777778,620.987117418711,CONTINUOUS_METRICS_ONLY_NO_FINAL_RULE,1.0,AVAILABLE_IN_FIADB_NOT_APPLIED; EVALID_LINKAGE_REQUIRED_FOR_FORMAL_ESTIMATION,0,1,1,1.0,1.0,1.5,3.25,5.0,14,2.5384615384615383,1,1.0,1.0,3.0,7.25,12.899999999999999,27,5.326923076923077
581,Halesia carolina,Halesia carolina,Carolina silverbell,species,1,NA_NOT_AVAILABLE_IN_FROZEN_REF_SPECIES,0,50,115725,132,277,2970,31,57920,57805,63,69,2846,2830,24,18,11,13,7,0.3548387096774194,0.75,1.3333333333333333,0.9130434782608695,0.9130434782608695,0.5161290322580645,9,0.6451612903225806,1297.1121771072847,9,0.5833333333333334,1297.1121771072847,4,0.7777777777777778,640.3124237432849,CONTINUOUS_METRICS_ONLY_NO_FINAL_RULE,1.0,AVAILABLE_IN_FIADB_NOT_APPLIED; EVALID_LINKAGE_REQUIRED_FOR_FORMAL_ESTIMATION,0,1,1,1.0,1.0,1.0,4.0,12.0,26,4.258064516129032,1,1.0,1.0,3.0,8.5,26.0,65,8.935483870967742
581,Halesia carolina,Halesia carolina,Carolina silverbell,species,1,NA_NOT_AVAILABLE_IN_FROZEN_REF_SPECIES,0,75,115725,132,277,1441,22,57920,57805,63,69,1411,1397,18,11,7,11,4,0.3181818181818182,0.6111111111111112,1.6363636363636365,0.9130434782608695,0.9130434782608695,0.5909090909090909,5,0.8181818181818182,1376.8169813014365,6,0.5555555555555556,1376.8169813014365,3,0.8181818181818182,645.174395028197,CONTINUOUS_METRICS_ONLY_NO_FINAL_RULE,1.0,AVAILABLE_IN_FIADB_NOT_APPLIED; EVALID_LINKAGE_REQUIRED_FOR_FORMAL_ESTIMATION,0,1,1,1.0,1.0,1.0,3.75,27.10000000000004,34,6.0,1,1.0,1.0,3.0,7.5,46.90000000000006,88,12.590909090909092
582,Halesia diptera,Halesia diptera,two-wing silverbell,species,1,NA_NOT_AVAILABLE_IN_FROZEN_REF_SPECIES,0,25,115725,9,16,10051,8,57920,57805,3,6,9235,9171,2,6,0,2,6,0.0,0.3333333333333333,0.3333333333333333,0.5,0.5,0.875,7,0.25,1083.1089511217235,2,0.5,125.0,6,0.16666666666666666,1083.1089511217235,CONTINUOUS_METRICS_ONLY_NO_FINAL_RULE,1.0,AVAILABLE_IN_FIADB_NOT_APPLIED; EVALID_LINKAGE_REQUIRED_FOR_FORMAL_ESTIMATION,0,1,1,1.0,1.0,1.0,1.0,1.2999999999999998,2,1.125,1,1.0,1.0,2.0,2.0,2.8999999999999995,5,2.0
582,Halesia diptera,Halesia diptera,two-wing silverbell,species,1,NA_NOT_AVAILABLE_IN_FROZEN_REF_SPECIES,0,50,115725,9,16,2970,8,57920,57805,3,6,2846,2830,2,6,0,2,6,0.0,0.3333333333333333,0.3333333333333333,0.5,0.5,0.875,5,0.5,1059.4810050208546,2,0.5,150.0,4,0.5,1059.4810050208546,CONTINUOUS_METRICS_ONLY_NO_FINAL_RULE,1.0,AVAILABLE_IN_FIADB_NOT_APPLIED; EVALID_LINKAGE_REQUIRED_FOR_FORMAL_ESTIMATION,0,1,1,1.0,1.0,1.0,1.0,1.2999999999999998,2,1.125,1,1.0,1.0,2.0,2.0,2.8999999999999995,5,2.0
582,Halesia diptera,Halesia diptera,two-wing silverbell,species,1,NA_NOT_AVAILABLE_IN_FROZEN_REF_SPECIES,0,75,115725,9,16,1441,7,57920,57805,3,6,1411,1397,2,5,0,2,5,0.0,0.4,0.4,0.5,0.5,0.7142857142857143,3,0.7142857142857143,1020.1102881551583,2,0.5,150.0,3,0.6,1020.1102881551583,CONTINUOUS_METRICS_ONLY_NO_FINAL_RULE,1.0,AVAILABLE_IN_FIADB_NOT_APPLIED; EVALID_LINKAGE_REQUIRED_FOR_FORMAL_ESTIMATION,0,1,1,1.0,1.0,1.0,1.5,2.0,2,1.2857142857142858,1,1.0,1.0,2.0,3.0,4.4,5,2.2857142857142856
591,Ilex opaca,Ilex opaca,American holly,species,1,NA_NOT_AVAILABLE_IN_FROZEN_REF_SPECIES,0,25,115725,1894,4515,10051,784,57920,57805,955,939,9235,9171,555,540,311,244,229,0.39668367346938777,0.972972972972973,1.0277777777777777,0.9832460732984293,1.0170394036208732,0.45408163265306123,85,0.34183673469387754,2651.0611083111608,105,0.2018018018018018,2635.57394128869,117,0.20185185185185187,2600.4807247891686,CONTINUOUS_METRICS_ONLY_NO_FINAL_RULE,1.0,AVAILABLE_IN_FIADB_NOT_APPLIED; EVALID_LINKAGE_REQUIRED_FOR_FORMAL_ESTIMATION,0,1,1,1.0,1.0,2.0,3.0,5.0,13,2.4158163265306123,1,1.0,1.0,3.0,7.0,13.0,121,5.758928571428571
591,Ilex opaca,Ilex opaca,American holly,species,1,NA_NOT_AVAILABLE_IN_FROZEN_REF_SPECIES,0,50,115725,1894,4515,2970,342,57920,57805,955,939,2846,2830,284,277,219,65,58,0.6403508771929824,0.9753521126760564,1.0252707581227436,0.9832460732984293,1.0170394036208732,0.23684210526315788,18,0.7017543859649122,2670.6740722147283,26,0.676056338028169,2670.6740722147283,16,0.6859205776173285,2600.4807247891686,CONTINUOUS_METRICS_ONLY_NO_FINAL_RULE,1.0,AVAILABLE_IN_FIADB_NOT_APPLIED; EVALID_LINKAGE_REQUIRED_FOR_FORMAL_ESTIMATION,0,1,1,1.0,2.0,4.0,7.0,12.0,37,5.538011695906433,1,1.0,2.0,7.0,15.0,29.900000000000034,185,13.201754385964913
591,Ilex opaca,Ilex opaca,American holly,species,1,NA_NOT_AVAILABLE_IN_FROZEN_REF_SPECIES,0,75,115725,1894,4515,1441,201,57920,57805,955,939,1411,1397,169,172,140,29,32,0.6965174129353234,0.9825581395348837,0.9825581395348837,0.9832460732984293,1.0170394036208732,0.20398009950248755,6,0.9502487562189055,2670.6740722147288,8,0.9467455621301775,2670.6740722147288,8,0.9244186046511628,2625.0,CONTINUOUS_METRICS_ONLY_NO_FINAL_RULE,1.0,AVAILABLE_IN_FIADB_NOT_APPLIED; EVALID_LINKAGE_REQUIRED_FOR_FORMAL_ESTIMATION,0,1,1,1.0,2.0,5.0,14.0,20.0,65,9.422885572139304,1,1.0,3.0,9.0,29.0,50.0,389,22.46268656716418
601,Juglans cinerea,Juglans cinerea,butternut,species,1,NA_NOT_AVAILABLE_IN_FROZEN_REF_SPECIES,0,25,115725,172,227,10051,150,57920,57805,79,93,9235,9171,71,85,6,65,79,0.04,0.8352941176470589,0.8352941176470589,0.8494623655913979,0.8494623655913979,0.8866666666666667,95,0.08666666666666667,2360.0847442411896,52,0.056338028169014086,2360.0847442411896,65,0.08235294117647059,2290.196498119757,CONTINUOUS_METRICS_ONLY_NO_FINAL_RULE,1.0,AVAILABLE_IN_FIADB_NOT_APPLIED; EVALID_LINKAGE_REQUIRED_FOR_FORMAL_ESTIMATION,0,1,1,1.0,1.0,1.0,1.0,2.0,4,1.1466666666666667,1,1.0,1.0,1.0,2.0,3.0,7,1.5133333333333334
601,Juglans cinerea,Juglans cinerea,butternut,species,1,NA_NOT_AVAILABLE_IN_FROZEN_REF_SPECIES,0,50,115725,172,227,2970,117,57920,57805,79,93,2846,2830,60,73,16,44,57,0.13675213675213677,0.821917808219178,0.821917808219178,0.8494623655913979,0.8494623655913979,0.7606837606837606,49,0.15384615384615385,2360.0847442411896,38,0.15,2360.0847442411896,44,0.0821917808219178,2290.196498119757,CONTINUOUS_METRICS_ONLY_NO_FINAL_RULE,1.0,AVAILABLE_IN_FIADB_NOT_APPLIED; EVALID_LINKAGE_REQUIRED_FOR_FORMAL_ESTIMATION,0,1,1,1.0,1.0,1.0,1.0,3.0,6,1.4700854700854702,1,1.0,1.0,1.0,2.0,4.0,9,1.9401709401709402
601,Juglans cinerea,Juglans cinerea,butternut,species,1,NA_NOT_AVAILABLE_IN_FROZEN_REF_SPECIES,0,75,115725,172,227,1441,96,57920,57805,79,93,1411,1397,55,59,18,37,41,0.1875,0.9322033898305084,0.9322033898305084,0.8494623655913979,0.8494623655913979,0.625,24,0.25,2355.0477702161375,27,0.2909090909090909,2355.0477702161375,30,0.288135593220339,2310.4382701124046,CONTINUOUS_METRICS_ONLY_NO_FINAL_RULE,1.0,AVAILABLE_IN_FIADB_NOT_APPLIED; EVALID_LINKAGE_REQUIRED_FOR_FORMAL_ESTIMATION,0,1,1,1.0,1.0,1.0,2.0,3.5,9,1.7916666666666667,1,1.0,1.0,2.0,3.0,5.0,12,2.3645833333333335
602,Juglans nigra,Juglans nigra,black walnut,species,1,NA_NOT_AVAILABLE_IN_FROZEN_REF_SPECIES,0,25,115725,3832,8784,10051,1852,57920,57805,1946,1886,9235,9171,1234,1229,611,623,618,0.3299136069114471,0.9959481361426256,1.0040683482506103,0.9691675231243576,1.031813361611877,0.5048596112311015,213,0.7721382289416847,3180.015723231569,273,0.2406807131280389,3080.6858002724002,261,0.20911310008136696,3005.203820042827,CONTINUOUS_METRICS_ONLY_NO_FINAL_RULE,1.0,AVAILABLE_IN_FIADB_NOT_APPLIED; EVALID_LINKAGE_REQUIRED_FOR_FORMAL_ESTIMATION,0,1,1,1.0,1.0,1.0,3.0,4.0,11,2.0691144708423326,1,1.0,1.0,3.0,6.0,11.0,63,4.7429805615550755
602,Juglans nigra,Juglans nigra,black walnut,species,1,NA_NOT_AVAILABLE_IN_FROZEN_REF_SPECIES,0,50,115725,3832,8784,2970,779,57920,57805,1946,1886,2846,2830,632,624,477,155,147,0.6123234916559692,0.9873417721518988,1.0128205128205128,0.9691675231243576,1.031813361611877,0.2631578947368421,47,0.883183568677792,3180.015723231569,62,0.8401898734177216,3061.0455730027934,58,0.8525641025641025,3010.8138434649195,CONTINUOUS_METRICS_ONLY_NO_FINAL_RULE,1.0,AVAILABLE_IN_FIADB_NOT_APPLIED; EVALID_LINKAGE_REQUIRED_FOR_FORMAL_ESTIMATION,0,1,1,1.0,1.0,3.0,7.0,11.0,25,4.919127086007702,1,1.0,3.0,7.0,15.0,27.0,95,11.27599486521181
602,Juglans nigra,Juglans nigra,black walnut,species,1,NA_NOT_AVAILABLE_IN_FROZEN_REF_SPECIES,0,75,115725,3832,8784,1441,424,57920,57805,1946,1886,1411,1397,364,361,301,63,60,0.7099056603773585,0.9917582417582418,1.0083102493074791,0.9691675231243576,1.031813361611877,0.20047169811320756,16,0.9268867924528302,3210.140183854904,23,0.8956043956043956,3150.8927306400005,18,0.9224376731301939,2955.609074285705,CONTINUOUS_METRICS_ONLY_NO_FINAL_RULE,1.0,AVAILABLE_IN_FIADB_NOT_APPLIED; EVALID_LINKAGE_REQUIRED_FOR_FORMAL_ESTIMATION,0,1,1,1.0,2.0,5.0,14.0,22.69999999999999,41,9.037735849056604,1,1.0,4.0,12.0,30.0,52.0,136,20.71698113207547
603,Juglans hindsii,Juglans hindsii,northern California black walnut,species,1,NA_NOT_AVAILABLE_IN_FROZEN_REF_SPECIES,0,25,115725,1,1,10051,1,57920,57805,0,1,9235,9171,0,1,0,0,1,0.0,0.0,0.0,0.0,0.0,1.0,1,1.0,0.0,0,,,1,1.0,0.0,CONTINUOUS_METRICS_ONLY_NO_FINAL_RULE,1.0,AVAILABLE_IN_FIADB_NOT_APPLIED; EVALID_LINKAGE_REQUIRED_FOR_FORMAL_ESTIMATION,1,1,1,1.0,1.0,1.0,1.0,1.0,1,1.0,1,1.0,1.0,1.0,1.0,1.0,1,1.0
603,Juglans hindsii,Juglans hindsii,northern California black walnut,species,1,NA_NOT_AVAILABLE_IN_FROZEN_REF_SPECIES,0,50,115725,1,1,2970,1,57920,57805,0,1,2846,2830,0,1,0,0,1,0.0,0.0,0.0,0.0,0.0,1.0,1,1.0,0.0,0,,,1,1.0,0.0,CONTINUOUS_METRICS_ONLY_NO_FINAL_RULE,1.0,AVAILABLE_IN_FIADB_NOT_APPLIED; EVALID_LINKAGE_REQUIRED_FOR_FORMAL_ESTIMATION,1,1,1,1.0,1.0,1.0,1.0,1.0,1,1.0,1,1.0,1.0,1.0,1.0,1.0,1,1.0
603,Juglans hindsii,Juglans hindsii,northern California black walnut,species,1,NA_NOT_AVAILABLE_IN_FROZEN_REF_SPECIES,0,75,115725,1,1,1441,1,57920,57805,0,1,1411,1397,0,1,0,0,1,0.0,0.0,0.0,0.0,0.0,1.0,1,1.0,0.0,0,,,1,1.0,0.0,CONTINUOUS_METRICS_ONLY_NO_FINAL_RULE,1.0,AVAILABLE_IN_FIADB_NOT_APPLIED; EVALID_LINKAGE_REQUIRED_FOR_FORMAL_ESTIMATION,1,1,1,1.0,1.0,1.0,1.0,1.0,1,1.0,1,1.0,1.0,1.0,1.0,1.0,1,1.0
604,Juglans californica,Juglans californica,southern California black walnut,species,1,NA_NOT_AVAILABLE_IN_FROZEN_REF_SPECIES,0,25,115725,2,9,10051,2,57920,57805,2,0,9235,9171,2,0,0,2,0,0.0,0.0,,0.0,,1.0,2,0.5,70.71067811865476,2,0.5,70.71067811865476,0,,,CONTINUOUS_METRICS_ONLY_NO_FINAL_RULE,1.0,AVAILABLE_IN_FIADB_NOT_APPLIED; EVALID_LINKAGE_REQUIRED_FOR_FORMAL_ESTIMATION,1,1,1,1.0,1.0,1.0,1.0,1.0,1,1.0,3,3.3000000000000003,3.75,4.5,5.25,5.7,6,4.5
604,Juglans californica,Juglans californica,southern California black walnut,species,1,NA_NOT_AVAILABLE_IN_FROZEN_REF_SPECIES,0,50,115725,2,9,2970,2,57920,57805,2,0,2846,2830,2,0,0,2,0,0.0,0.0,,0.0,,1.0,2,0.5,70.71067811865476,2,0.5,70.71067811865476,0,,,CONTINUOUS_METRICS_ONLY_NO_FINAL_RULE,1.0,AVAILABLE_IN_FIADB_NOT_APPLIED; EVALID_LINKAGE_REQUIRED_FOR_FORMAL_ESTIMATION,1,1,1,1.0,1.0,1.0,1.0,1.0,1,1.0,3,3.3000000000000003,3.75,4.5,5.25,5.7,6,4.5
604,Juglans californica,Juglans californica,southern California black walnut,species,1,NA_NOT_AVAILABLE_IN_FROZEN_REF_SPECIES,0,75,115725,2,9,1441,2,57920,57805,2,0,1411,1397,2,0,0,2,0,0.0,0.0,,0.0,,1.0,1,1.0,75.0,1,1.0,75.0,0,,,CONTINUOUS_METRICS_ONLY_NO_FINAL_RULE,1.0,AVAILABLE_IN_FIADB_NOT_APPLIED; EVALID_LINKAGE_REQUIRED_FOR_FORMAL_ESTIMATION,1,1,1,1.0,1.0,1.0,1.0,1.0,1,1.0,3,3.3000000000000003,3.75,4.5,5.25,5.7,6,4.5
605,Juglans microcarpa,Juglans microcarpa,Texas walnut,species,1,NA_NOT_AVAILABLE_IN_FROZEN_REF_SPECIES,0,25,115725,5,22,10051,5,57920,57805,3,2,9235,9171,3,2,0,3,2,0.0,0.6666666666666666,1.5,0.6666666666666666,1.5,1.0,5,0.2,728.8689868556626,3,0.3333333333333333,125.0,2,0.5,657.6473218982952,CONTINUOUS_METRICS_ONLY_NO_FINAL_RULE,1.0,AVAILABLE_IN_FIADB_NOT_APPLIED; EVALID_LINKAGE_REQUIRED_FOR_FORMAL_ESTIMATION,0,1,1,1.0,1.0,1.0,1.0,1.0,1,1.0,1,1.4,2.0,4.0,4.0,8.200000000000001,11,4.4
605,Juglans microcarpa,Juglans microcarpa,Texas walnut,species,1,NA_NOT_AVAILABLE_IN_FROZEN_REF_SPECIES,0,50,115725,5,22,2970,5,57920,57805,3,2,2846,2830,3,2,0,3,2,0.0,0.6666666666666666,1.5,0.6666666666666666,1.5,1.0,5,0.2,761.5773105863909,3,0.3333333333333333,141.4213562373095,2,0.5,657.6473218982952,CONTINUOUS_METRICS_ONLY_NO_FINAL_RULE,1.0,AVAILABLE_IN_FIADB_NOT_APPLIED; EVALID_LINKAGE_REQUIRED_FOR_FORMAL_ESTIMATION,0,1,1,1.0,1.0,1.0,1.0,1.0,1,1.0,1,1.4,2.0,4.0,4.0,8.200000000000001,11,4.4
605,Juglans microcarpa,Juglans microcarpa,Texas walnut,species,1,NA_NOT_AVAILABLE_IN_FROZEN_REF_SPECIES,0,75,115725,5,22,1441,5,57920,57805,3,2,1411,1397,3,2,0,3,2,0.0,0.6666666666666666,1.5,0.6666666666666666,1.5,1.0,4,0.4,711.5124735378854,2,0.6666666666666666,167.70509831248424,2,0.5,604.6693311223912,CONTINUOUS_METRICS_ONLY_NO_FINAL_RULE,1.0,AVAILABLE_IN_FIADB_NOT_APPLIED; EVALID_LINKAGE_REQUIRED_FOR_FORMAL_ESTIMATION,0,1,1,1.0,1.0,1.0,1.0,1.0,1,1.0,1,1.4,2.0,4.0,4.0,8.200000000000001,11,4.4
606,Juglans major,Juglans major,Arizona walnut,species,1,NA_NOT_AVAILABLE_IN_FROZEN_REF_SPECIES,0,25,115725,8,20,10051,8,57920,57805,2,6,9235,9171,2,6,0,2,6,0.0,0.3333333333333333,0.3333333333333333,0.3333333333333333,0.3333333333333333,1.0,8,0.125,465.0268809434569,2,0.5,176.7766952966369,6,0.16666666666666666,450.6939094329987,CONTINUOUS_METRICS_ONLY_NO_FINAL_RULE,1.0,AVAILABLE_IN_FIADB_NOT_APPLIED; EVALID_LINKAGE_REQUIRED_FOR_FORMAL_ESTIMATION,0,1,1,1.0,1.0,1.0,1.0,1.0,1,1.0,1,1.0,1.0,1.0,3.25,5.199999999999999,8,2.5
606,Juglans major,Juglans major,Arizona walnut,species,1,NA_NOT_AVAILABLE_IN_FROZEN_REF_SPECIES,0,50,115725,8,20,2970,8,57920,57805,2,6,2846,2830,2,6,0,2,6,0.0,0.3333333333333333,0.3333333333333333,0.3333333333333333,0.3333333333333333,1.0,4,0.5,500.0,2,0.5,180.27756377319946,4,0.5,471.6990566028302,CONTINUOUS_METRICS_ONLY_NO_FINAL_RULE,1.0,AVAILABLE_IN_FIADB_NOT_APPLIED; EVALID_LINKAGE_REQUIRED_FOR_FORMAL_ESTIMATION,0,1,1,1.0,1.0,1.0,1.0,1.0,1,1.0,1,1.0,1.0,1.0,3.25,5.199999999999999,8,2.5
606,Juglans major,Juglans major,Arizona walnut,species,1,NA_NOT_AVAILABLE_IN_FROZEN_REF_SPECIES,0,75,115725,8,20,1441,8,57920,57805,2,6,1411,1397,2,6,0,2,6,0.0,0.3333333333333333,0.3333333333333333,0.3333333333333333,0.3333333333333333,1.0,3,0.75,480.23431780746364,2,0.5,212.13203435596427,3,0.6666666666666666,480.23431780746364,CONTINUOUS_METRICS_ONLY_NO_FINAL_RULE,1.0,AVAILABLE_IN_FIADB_NOT_APPLIED; EVALID_LINKAGE_REQUIRED_FOR_FORMAL_ESTIMATION,0,1,1,1.0,1.0,1.0,1.0,1.0,1,1.0,1,1.0,1.0,1.0,3.25,5.199999999999999,8,2.5
611,Liquidambar styraciflua,Liquidambar styraciflua,sweetgum,species,1,NA_NOT_AVAILABLE_IN_FROZEN_REF_SPECIES,0,25,115725,14950,64521,10051,2036,57920,57805,7539,7411,9235,9171,1811,1811,1586,225,225,0.7789783889980354,1.0,1.0,0.9830216209046293,1.0172716232627175,0.13948919449901767,44,0.9666011787819253,4294.327654010578,55,0.9453340695748206,4275.657844121768,43,0.9491993373826615,2462.341365448747,CONTINUOUS_METRICS_ONLY_NO_FINAL_RULE,1.0,AVAILABLE_IN_FIADB_NOT_APPLIED; EVALID_LINKAGE_REQUIRED_FOR_FORMAL_ESTIMATION,0,1,1,1.0,3.0,7.0,11.0,15.0,32,7.342829076620825,1,3.0,9.0,25.0,49.0,69.0,199,31.69007858546169
611,Liquidambar styraciflua,Liquidambar styraciflua,sweetgum,species,1,NA_NOT_AVAILABLE_IN_FROZEN_REF_SPECIES,0,50,115725,14950,64521,2970,622,57920,57805,7539,7411,2846,2830,593,579,550,43,29,0.8842443729903537,0.9763912310286678,1.0241796200345423,0.9830216209046293,1.0172716232627175,0.07234726688102894,9,0.9742765273311897,4280.770958600799,10,0.9814502529510961,4261.748467472007,9,0.9827288428324698,2478.911051248108,CONTINUOUS_METRICS_ONLY_NO_FINAL_RULE,1.0,AVAILABLE_IN_FIADB_NOT_APPLIED; EVALID_LINKAGE_REQUIRED_FOR_FORMAL_ESTIMATION,0,1,1,2.0,6.0,20.5,40.0,52.0,92,24.035369774919616,1,6.0,23.25,80.5,168.5,230.89999999999998,489,103.7315112540193
611,Liquidambar styraciflua,Liquidambar styraciflua,sweetgum,species,1,NA_NOT_AVAILABLE_IN_FROZEN_REF_SPECIES,0,75,115725,14950,64521,1441,308,57920,57805,7539,7411,1411,1397,296,289,277,19,12,0.8993506493506493,0.9763513513513513,1.0242214532871972,0.9830216209046293,1.0172716232627175,0.07467532467532467,3,0.9935064935064936,4303.850020621072,4,0.9898648648648649,4275.657844121767,3,0.9826989619377162,2497.623870802007,CONTINUOUS_METRICS_ONLY_NO_FINAL_RULE,1.0,AVAILABLE_IN_FIADB_NOT_APPLIED; EVALID_LINKAGE_REQUIRED_FOR_FORMAL_ESTIMATION,0,1,1,2.0,9.0,36.0,83.25,109.0,165,48.53896103896104,1,7.0,34.0,148.5,362.75,501.90000000000015,888,209.48376623376623
621,Liriodendron tulipifera,Liriodendron tulipifera,yellow-poplar,species,1,NA_NOT_AVAILABLE_IN_FROZEN_REF_SPECIES,0,25,115725,10625,42777,10051,1912,57920,57805,5304,5321,9235,9171,1619,1615,1322,297,293,0.6914225941422594,0.9975293390982087,1.0024767801857586,0.9968051118210862,0.9968051118210862,0.19874476987447698,56,0.9518828451882845,2462.341365448747,72,0.8931439159975293,2333.720206022993,83,0.9151702786377709,2429.6347462118665,CONTINUOUS_METRICS_ONLY_NO_FINAL_RULE,1.0,AVAILABLE_IN_FIADB_NOT_APPLIED; EVALID_LINKAGE_REQUIRED_FOR_FORMAL_ESTIMATION,0,1,1,1.0,2.0,4.0,8.0,12.0,38,5.557008368200837,1,2.0,5.0,14.0,31.25,56.0,197,22.372907949790793
621,Liriodendron tulipifera,Liriodendron tulipifera,yellow-poplar,species,1,NA_NOT_AVAILABLE_IN_FROZEN_REF_SPECIES,0,50,115725,10625,42777,2970,603,57920,57805,5304,5321,2846,2830,553,561,511,42,50,0.8474295190713101,0.9857397504456328,0.9857397504456328,0.9968051118210862,0.9968051118210862,0.0912106135986733,13,0.9552238805970149,2478.911051248108,10,0.969258589511754,2369.071548096427,13,0.946524064171123,2445.914961727002,CONTINUOUS_METRICS_ONLY_NO_FINAL_RULE,1.0,AVAILABLE_IN_FIADB_NOT_APPLIED; EVALID_LINKAGE_REQUIRED_FOR_FORMAL_ESTIMATION,0,1,1,2.0,4.5,12.0,27.0,42.0,104,17.620232172470978,1,3.0,13.0,44.0,99.0,193.0,498,70.94029850746269
621,Liriodendron tulipifera,Liriodendron tulipifera,yellow-poplar,species,1,NA_NOT_AVAILABLE_IN_FROZEN_REF_SPECIES,0,75,115725,10625,42777,1441,293,57920,57805,5304,5321,1411,1397,274,280,261,13,19,0.8907849829351536,0.9785714285714285,0.9785714285714285,0.9968051118210862,0.9968051118210862,0.07849829351535836,7,0.9590443686006825,2448.724157597176,4,0.9708029197080292,2335.8617253596153,6,0.9607142857142857,2448.724157597176,CONTINUOUS_METRICS_ONLY_NO_FINAL_RULE,1.0,AVAILABLE_IN_FIADB_NOT_APPLIED; EVALID_LINKAGE_REQUIRED_FOR_FORMAL_ESTIMATION,0,1,1,2.0,8.0,24.0,56.0,90.0,190,36.262798634812285,1,5.0,22.0,93.0,209.0,376.2000000000001,874,145.9965870307167
631,Lithocarpus densiflorus,Lithocarpus densiflorus,tanoak,species,1,NA_NOT_AVAILABLE_IN_FROZEN_REF_SPECIES,0,25,115725,519,7238,10051,91,57920,57805,231,288,9235,9171,77,78,64,13,14,0.7032967032967034,0.9871794871794872,0.9871794871794872,0.8020833333333334,0.8020833333333334,0.18681318681318682,8,0.7802197802197802,855.1315688243536,6,0.8181818181818182,855.1315688243536,7,0.782051282051282,783.0229881682912,CONTINUOUS_METRICS_ONLY_NO_FINAL_RULE,1.0,AVAILABLE_IN_FIADB_NOT_APPLIED; EVALID_LINKAGE_REQUIRED_FOR_FORMAL_ESTIMATION,0,1,1,1.0,2.0,4.0,8.0,11.0,36,5.7032967032967035,1,3.0,15.5,39.0,118.0,208.0,482,79.53846153846153
631,Lithocarpus densiflorus,Lithocarpus densiflorus,tanoak,species,1,NA_NOT_AVAILABLE_IN_FROZEN_REF_SPECIES,0,50,115725,519,7238,2970,38,57920,57805,231,288,2846,2830,31,32,25,6,7,0.6578947368421053,0.96875,0.96875,0.8020833333333334,0.8020833333333334,0.21052631578947367,3,0.868421052631579,824.6211251235321,5,0.7419354838709677,824.6211251235321,4,0.6875,776.2087348130012,CONTINUOUS_METRICS_ONLY_NO_FINAL_RULE,1.0,AVAILABLE_IN_FIADB_NOT_APPLIED; EVALID_LINKAGE_REQUIRED_FOR_FORMAL_ESTIMATION,0,1,1,1.0,2.0,5.0,24.0,33.50000000000002,66,13.657894736842104,1,2.0,14.75,56.0,347.0,566.7000000000004,841,190.47368421052633
631,Lithocarpus densiflorus,Lithocarpus densiflorus,tanoak,species,1,NA_NOT_AVAILABLE_IN_FROZEN_REF_SPECIES,0,75,115725,519,7238,1441,24,57920,57805,231,288,1411,1397,22,23,21,1,2,0.875,0.9565217391304348,0.9565217391304348,0.8020833333333334,0.8020833333333334,0.041666666666666664,3,0.875,855.1315688243534,2,0.9090909090909091,855.1315688243534,3,0.8695652173913043,783.0229881682912,CONTINUOUS_METRICS_ONLY_NO_FINAL_RULE,1.0,AVAILABLE_IN_FIADB_NOT_APPLIED; EVALID_LINKAGE_REQUIRED_FOR_FORMAL_ESTIMATION,0,1,1,3.0,4.75,12.5,30.0,54.39999999999999,87,21.625,1,21.1,35.0,130.0,505.5,850.1999999999998,1210,301.5833333333333
641,Maclura pomifera,Maclura pomifera,Osage-orange,species,1,NA_NOT_AVAILABLE_IN_FROZEN_REF_SPECIES,0,25,115725,1011,3958,10051,638,57920,57805,505,506,9235,9171,392,401,155,237,246,0.24294670846394983,0.9775561097256857,0.9775561097256857,0.9980237154150198,0.9980237154150198,0.6504702194357367,174,0.21786833855799373,2676.8685062961163,161,0.17346938775510204,2586.745058949567,177,0.14463840399002495,2662.70539113887,CONTINUOUS_METRICS_ONLY_NO_FINAL_RULE,1.0,AVAILABLE_IN_FIADB_NOT_APPLIED; EVALID_LINKAGE_REQUIRED_FOR_FORMAL_ESTIMATION,0,1,1,1.0,1.0,1.0,2.0,3.0,8,1.584639498432602,1,1.0,2.0,4.0,8.0,15.0,50,6.2037617554858935
641,Maclura pomifera,Maclura pomifera,Osage-orange,species,1,NA_NOT_AVAILABLE_IN_FROZEN_REF_SPECIES,0,50,115725,1011,3958,2970,348,57920,57805,505,506,2846,2830,246,265,163,83,102,0.46839080459770116,0.9283018867924528,0.9283018867924528,0.9980237154150198,0.9980237154150198,0.4224137931034483,44,0.5977011494252874,2662.70539113887,45,0.2682926829268293,2593.260495977988,44,0.44528301886792454,2662.70539113887,CONTINUOUS_METRICS_ONLY_NO_FINAL_RULE,1.0,AVAILABLE_IN_FIADB_NOT_APPLIED; EVALID_LINKAGE_REQUIRED_FOR_FORMAL_ESTIMATION,0,1,1,1.0,1.0,2.0,4.0,6.0,16,2.9051724137931036,1,1.0,2.0,6.0,13.0,30.0,110,11.373563218390805
641,Maclura pomifera,Maclura pomifera,Osage-orange,species,1,NA_NOT_AVAILABLE_IN_FROZEN_REF_SPECIES,0,75,115725,1011,3958,1441,220,57920,57805,505,506,1411,1397,162,178,120,42,58,0.5454545454545454,0.9101123595505618,0.9101123595505618,0.9980237154150198,0.9980237154150198,0.3181818181818182,17,0.8318181818181818,2642.08724307128,18,0.7469135802469136,2580.697580112788,19,0.8202247191011236,2642.08724307128,CONTINUOUS_METRICS_ONLY_NO_FINAL_RULE,1.0,AVAILABLE_IN_FIADB_NOT_APPLIED; EVALID_LINKAGE_REQUIRED_FOR_FORMAL_ESTIMATION,0,1,1,1.0,1.0,2.0,6.0,11.0,27,4.595454545454546,1,1.0,3.0,8.0,23.0,49.0,144,17.990909090909092
651,Magnolia acuminata,Magnolia acuminata,cucumbertree,species,1,NA_NOT_AVAILABLE_IN_FROZEN_REF_SPECIES,0,25,115725,923,1509,10051,397,57920,57805,471,452,9235,9171,263,279,145,118,134,0.36523929471032746,0.942652329749104,0.942652329749104,0.9596602972399151,1.0420353982300885,0.4760705289672544,71,0.7329974811083123,2087.1631464741804,62,0.42585551330798477,1980.2146348312854,64,0.5519713261648745,2036.694626103776,CONTINUOUS_METRICS_ONLY_NO_FINAL_RULE,1.0,AVAILABLE_IN_FIADB_NOT_APPLIED; EVALID_LINKAGE_REQUIRED_FOR_FORMAL_ESTIMATION,0,1,1,1.0,1.0,2.0,3.0,5.0,14,2.3249370277078087,1,1.0,1.0,2.0,5.0,9.0,26,3.801007556675063
651,Magnolia acuminata,Magnolia acuminata,cucumbertree,species,1,NA_NOT_AVAILABLE_IN_FROZEN_REF_SPECIES,0,50,115725,923,1509,2970,177,57920,57805,471,452,2846,2830,132,142,97,35,45,0.5480225988700564,0.9295774647887324,0.9295774647887324,0.9596602972399151,1.0420353982300885,0.3220338983050847,23,0.7457627118644068,2051.8284528683193,21,0.7803030303030303,1979.8989873223331,27,0.7535211267605634,2018.0436070610565,CONTINUOUS_METRICS_ONLY_NO_FINAL_RULE,1.0,AVAILABLE_IN_FIADB_NOT_APPLIED; EVALID_LINKAGE_REQUIRED_FOR_FORMAL_ESTIMATION,0,1,1,1.0,1.0,3.0,7.0,12.0,26,5.214689265536723,1,1.0,2.0,4.0,12.0,23.0,44,8.525423728813559
651,Magnolia acuminata,Magnolia acuminata,cucumbertree,species,1,NA_NOT_AVAILABLE_IN_FROZEN_REF_SPECIES,0,75,115725,923,1509,1441,113,57920,57805,471,452,1411,1397,85,93,65,20,28,0.5752212389380531,0.9139784946236559,0.9139784946236559,0.9596602972399151,1.0420353982300885,0.3274336283185841,12,0.7168141592920354,2068.9671336200586,13,0.788235294117647,1962.93784924536,15,0.7311827956989247,2018.0436070610565,CONTINUOUS_METRICS_ONLY_NO_FINAL_RULE,1.0,AVAILABLE_IN_FIADB_NOT_APPLIED; EVALID_LINKAGE_REQUIRED_FOR_FORMAL_ESTIMATION,0,1,1,1.0,1.0,3.0,10.0,22.599999999999994,50,8.168141592920353,1,1.0,2.0,4.0,16.0,42.19999999999999,81,13.353982300884956
652,Magnolia grandiflora,Magnolia grandiflora,southern magnolia,species,1,NA_NOT_AVAILABLE_IN_FROZEN_REF_SPECIES,0,25,115725,644,1490,10051,343,57920,57805,334,310,9235,9171,222,211,90,132,121,0.26239067055393583,0.9504504504504504,1.052132701421801,0.9281437125748503,1.0774193548387097,0.521865889212828,57,0.597667638483965,1990.2889237495142,62,0.25225225225225223,1610.3182915187915,78,0.14691943127962084,1976.8978223469214,CONTINUOUS_METRICS_ONLY_NO_FINAL_RULE,1.0,AVAILABLE_IN_FIADB_NOT_APPLIED; EVALID_LINKAGE_REQUIRED_FOR_FORMAL_ESTIMATION,0,1,1,1.0,1.0,1.0,2.0,3.0,14,1.8775510204081634,1,1.0,1.0,3.0,6.0,9.800000000000011,29,4.34402332361516
652,Magnolia grandiflora,Magnolia grandiflora,southern magnolia,species,1,NA_NOT_AVAILABLE_IN_FROZEN_REF_SPECIES,0,50,115725,644,1490,2970,163,57920,57805,334,310,2846,2830,122,128,87,35,41,0.5337423312883436,0.953125,0.953125,0.9281437125748503,1.0774193548387097,0.294478527607362,16,0.8834355828220859,1983.053201505194,14,0.639344262295082,1588.238017426859,19,0.7109375,1955.7607215607945,CONTINUOUS_METRICS_ONLY_NO_FINAL_RULE,1.0,AVAILABLE_IN_FIADB_NOT_APPLIED; EVALID_LINKAGE_REQUIRED_FOR_FORMAL_ESTIMATION,0,1,1,1.0,1.0,3.0,5.5,8.0,31,3.950920245398773,1,1.0,2.0,6.0,12.0,19.0,71,9.141104294478527
652,Magnolia grandiflora,Magnolia grandiflora,southern magnolia,species,1,NA_NOT_AVAILABLE_IN_FROZEN_REF_SPECIES,0,75,115725,644,1490,1441,101,57920,57805,334,310,1411,1397,81,84,64,17,20,0.6336633663366337,0.9642857142857143,0.9642857142857143,0.9281437125748503,1.0774193548387097,0.2871287128712871,4,0.9603960396039604,2019.436802675439,6,0.9382716049382716,1610.3182915187915,5,0.9285714285714286,2019.436802675439,CONTINUOUS_METRICS_ONLY_NO_FINAL_RULE,1.0,AVAILABLE_IN_FIADB_NOT_APPLIED; EVALID_LINKAGE_REQUIRED_FOR_FORMAL_ESTIMATION,0,1,1,1.0,1.0,4.0,10.0,14.0,44,6.376237623762377,1,1.0,2.0,8.0,23.0,33.0,97,14.752475247524753
653,Magnolia virginiana,Magnolia virginiana,sweetbay,species,1,NA_NOT_AVAILABLE_IN_FROZEN_REF_SPECIES,0,25,115725,1804,7160,10051,650,57920,57805,899,905,9235,9171,481,477,308,173,169,0.47384615384615386,0.9916839916839917,1.0083857442348008,0.9933701657458563,0.9933701657458563,0.4,61,0.6584615384615384,2421.905241746671,79,0.5654885654885655,2421.905241746671,70,0.4129979035639413,2421.905241746671,CONTINUOUS_METRICS_ONLY_NO_FINAL_RULE,1.0,AVAILABLE_IN_FIADB_NOT_APPLIED; EVALID_LINKAGE_REQUIRED_FOR_FORMAL_ESTIMATION,0,1,1,1.0,1.0,2.0,4.0,5.0,21,2.7753846153846156,1,1.0,2.0,6.0,14.0,26.0,113,11.015384615384615
653,Magnolia virginiana,Magnolia virginiana,sweetbay,species,1,NA_NOT_AVAILABLE_IN_FROZEN_REF_SPECIES,0,50,115725,1804,7160,2970,267,57920,57805,899,905,2846,2830,229,226,188,41,38,0.704119850187266,0.9868995633187773,1.0132743362831858,0.9933701657458563,0.9933701657458563,0.20224719101123595,8,0.6554307116104869,2439.77457975117,14,0.6550218340611353,2439.77457975117,15,0.6814159292035398,2439.77457975117,CONTINUOUS_METRICS_ONLY_NO_FINAL_RULE,1.0,AVAILABLE_IN_FIADB_NOT_APPLIED; EVALID_LINKAGE_REQUIRED_FOR_FORMAL_ESTIMATION,0,1,1,1.0,2.0,4.0,9.0,16.400000000000006,59,6.7565543071161045,1,2.0,4.0,13.0,29.5,71.40000000000003,292,26.816479400749063
653,Magnolia virginiana,Magnolia virginiana,sweetbay,species,1,NA_NOT_AVAILABLE_IN_FROZEN_REF_SPECIES,0,75,115725,1804,7160,1441,146,57920,57805,899,905,1411,1397,130,128,112,18,16,0.7671232876712328,0.9846153846153847,1.015625,0.9933701657458563,0.9933701657458563,0.15753424657534246,3,0.7602739726027398,2439.518395093589,4,0.6230769230769231,2439.518395093589,6,0.7890625,2439.518395093589,CONTINUOUS_METRICS_ONLY_NO_FINAL_RULE,1.0,AVAILABLE_IN_FIADB_NOT_APPLIED; EVALID_LINKAGE_REQUIRED_FOR_FORMAL_ESTIMATION,0,1,1,1.0,2.0,8.0,14.0,28.5,95,12.356164383561644,1,2.0,7.0,22.0,61.0,118.0,470,49.04109589041096
654,Magnolia macrophylla,Magnolia macrophylla,bigleaf magnolia,species,1,NA_NOT_AVAILABLE_IN_FROZEN_REF_SPECIES,0,25,115725,121,226,10051,79,57920,57805,70,51,9235,9171,55,45,21,34,24,0.26582278481012656,0.8181818181818182,1.2222222222222223,0.7285714285714285,1.3725490196078431,0.6835443037974683,36,0.24050632911392406,1296.3892162464174,28,0.12727272727272726,1241.974234837422,27,0.2222222222222222,1296.3892162464174,CONTINUOUS_METRICS_ONLY_NO_FINAL_RULE,1.0,AVAILABLE_IN_FIADB_NOT_APPLIED; EVALID_LINKAGE_REQUIRED_FOR_FORMAL_ESTIMATION,0,1,1,1.0,1.0,1.0,2.0,2.200000000000003,6,1.5316455696202531,1,1.0,1.0,2.0,3.0,6.0,17,2.8607594936708862
654,Magnolia macrophylla,Magnolia macrophylla,bigleaf magnolia,species,1,NA_NOT_AVAILABLE_IN_FROZEN_REF_SPECIES,0,50,115725,121,226,2970,52,57920,57805,70,51,2846,2830,39,35,22,17,13,0.4230769230769231,0.8974358974358975,1.1142857142857143,0.7285714285714285,1.3725490196078431,0.5192307692307693,13,0.25,1312.4404748406687,11,0.3333333333333333,1241.974234837422,14,0.2857142857142857,1312.4404748406687,CONTINUOUS_METRICS_ONLY_NO_FINAL_RULE,1.0,AVAILABLE_IN_FIADB_NOT_APPLIED; EVALID_LINKAGE_REQUIRED_FOR_FORMAL_ESTIMATION,0,1,1,1.0,1.0,1.0,2.0,4.0,15,2.326923076923077,1,1.0,1.0,2.0,5.0,9.799999999999997,36,4.346153846153846
654,Magnolia macrophylla,Magnolia macrophylla,bigleaf magnolia,species,1,NA_NOT_AVAILABLE_IN_FROZEN_REF_SPECIES,0,75,115725,121,226,1441,40,57920,57805,70,51,1411,1397,29,26,15,14,11,0.375,0.896551724137931,1.1153846153846154,0.7285714285714285,1.3725490196078431,0.525,9,0.475,1335.3370361073644,9,0.5172413793103449,1230.0914600142546,9,0.3076923076923077,1335.3370361073644,CONTINUOUS_METRICS_ONLY_NO_FINAL_RULE,1.0,AVAILABLE_IN_FIADB_NOT_APPLIED; EVALID_LINKAGE_REQUIRED_FOR_FORMAL_ESTIMATION,0,1,1,1.0,1.0,1.0,3.25,5.400000000000006,19,3.025,1,1.0,1.0,3.0,6.25,13.100000000000001,48,5.65
655,Magnolia fraseri,Magnolia fraseri,Fraser magnolia,species,1,NA_NOT_AVAILABLE_IN_FROZEN_REF_SPECIES,0,25,115725,406,928,10051,123,57920,57805,194,212,9235,9171,90,97,64,26,33,0.5203252032520326,0.9278350515463918,0.9278350515463918,0.9150943396226415,0.9150943396226415,0.3170731707317073,9,0.7642276422764228,742.4621202458749,13,0.25555555555555554,672.6812023536855,11,0.5463917525773195,691.4658342969665,CONTINUOUS_METRICS_ONLY_NO_FINAL_RULE,1.0,AVAILABLE_IN_FIADB_NOT_APPLIED; EVALID_LINKAGE_REQUIRED_FOR_FORMAL_ESTIMATION,0,1,1,1.0,1.0,2.0,4.0,8.0,14,3.3008130081300813,1,1.0,2.0,5.0,10.0,19.599999999999994,38,7.544715447154472
655,Magnolia fraseri,Magnolia fraseri,Fraser magnolia,species,1,NA_NOT_AVAILABLE_IN_FROZEN_REF_SPECIES,0,50,115725,406,928,2970,52,57920,57805,194,212,2846,2830,45,42,35,10,7,0.6730769230769231,0.9333333333333333,1.0714285714285714,0.9150943396226415,0.9150943396226415,0.19230769230769232,5,0.9230769230769231,707.1067811865476,2,0.9777777777777777,672.6812023536855,5,0.8095238095238095,672.6812023536855,CONTINUOUS_METRICS_ONLY_NO_FINAL_RULE,1.0,AVAILABLE_IN_FIADB_NOT_APPLIED; EVALID_LINKAGE_REQUIRED_FOR_FORMAL_ESTIMATION,0,1,1,1.0,2.0,5.0,12.25,18.9,31,7.8076923076923075,1,2.0,3.0,13.0,26.25,36.8,75,17.846153846153847
655,Magnolia fraseri,Magnolia fraseri,Fraser magnolia,species,1,NA_NOT_AVAILABLE_IN_FROZEN_REF_SPECIES,0,75,115725,406,928,1441,30,57920,57805,194,212,1411,1397,27,27,24,3,3,0.8,1.0,1.0,0.9150943396226415,0.9150943396226415,0.13333333333333333,3,0.9333333333333333,742.4621202458749,3,0.9259259259259259,691.4658342969665,1,1.0,691.4658342969665,CONTINUOUS_METRICS_ONLY_NO_FINAL_RULE,1.0,AVAILABLE_IN_FIADB_NOT_APPLIED; EVALID_LINKAGE_REQUIRED_FOR_FORMAL_ESTIMATION,0,1,1,1.0,2.25,11.0,22.0,27.70000000000001,47,13.533333333333333,1,2.0,5.0,20.5,46.0,73.40000000000002,136,30.933333333333334
658,Magnolia tripetala,Magnolia tripetala,umbrella magnolia,species,1,NA_NOT_AVAILABLE_IN_FROZEN_REF_SPECIES,0,25,115725,27,49,10051,24,57920,57805,13,14,9235,9171,12,14,2,10,12,0.08333333333333333,0.8571428571428571,0.8571428571428571,0.9285714285714286,0.9285714285714286,0.875,23,0.08333333333333333,1921.0999453438128,12,0.08333333333333333,1777.9904386694548,14,0.07142857142857142,1430.0349646075092,CONTINUOUS_METRICS_ONLY_NO_FINAL_RULE,1.0,AVAILABLE_IN_FIADB_NOT_APPLIED; EVALID_LINKAGE_REQUIRED_FOR_FORMAL_ESTIMATION,0,1,1,1.0,1.0,1.0,1.0,1.6999999999999993,2,1.125,1,1.0,1.0,1.0,3.0,4.0,6,2.0416666666666665
658,Magnolia tripetala,Magnolia tripetala,umbrella magnolia,species,1,NA_NOT_AVAILABLE_IN_FROZEN_REF_SPECIES,0,50,115725,27,49,2970,23,57920,57805,13,14,2846,2830,11,14,2,9,12,0.08695652173913043,0.7857142857142857,0.7857142857142857,0.9285714285714286,0.9285714285714286,0.8695652173913043,18,0.13043478260869565,1900.6577808748211,11,0.09090909090909091,1744.276354251241,11,0.21428571428571427,1430.0349646075092,CONTINUOUS_METRICS_ONLY_NO_FINAL_RULE,1.0,AVAILABLE_IN_FIADB_NOT_APPLIED; EVALID_LINKAGE_REQUIRED_FOR_FORMAL_ESTIMATION,0,1,1,1.0,1.0,1.0,1.0,1.8000000000000007,3,1.173913043478261,1,1.0,1.0,1.0,3.0,4.0,6,2.130434782608696
658,Magnolia tripetala,Magnolia tripetala,umbrella magnolia,species,1,NA_NOT_AVAILABLE_IN_FROZEN_REF_SPECIES,0,75,115725,27,49,1441,20,57920,57805,13,14,1411,1397,11,13,4,7,9,0.2,0.8461538461538461,0.8461538461538461,0.9285714285714286,0.9285714285714286,0.8,11,0.3,1892.9144196185944,9,0.18181818181818182,1777.9904386694545,8,0.38461538461538464,1395.0806428303706,CONTINUOUS_METRICS_ONLY_NO_FINAL_RULE,1.0,AVAILABLE_IN_FIADB_NOT_APPLIED; EVALID_LINKAGE_REQUIRED_FOR_FORMAL_ESTIMATION,0,1,1,1.0,1.0,1.0,1.0,3.0,3,1.35,1,1.0,1.0,1.0,3.25,6.0,6,2.45
660,Malus spp.,Malus spp.,apple spp.,species,1,NA_NOT_AVAILABLE_IN_FROZEN_REF_SPECIES,0,25,115725,513,1317,10051,375,57920,57805,242,271,9235,9171,211,226,62,149,164,0.16533333333333333,0.9336283185840708,0.9336283185840708,0.8929889298892989,0.8929889298892989,0.736,138,0.25066666666666665,2982.029510249689,117,0.0947867298578199,2872.7164844446447,124,0.11946902654867257,2701.851217221259,CONTINUOUS_METRICS_ONLY_NO_FINAL_RULE,1.0,AVAILABLE_IN_FIADB_NOT_APPLIED; EVALID_LINKAGE_REQUIRED_FOR_FORMAL_ESTIMATION,0,1,1,1.0,1.0,1.0,2.0,2.0,6,1.368,1,1.0,1.0,2.0,4.0,7.0,45,3.512
660,Malus spp.,Malus spp.,apple spp.,species,1,NA_NOT_AVAILABLE_IN_FROZEN_REF_SPECIES,0,50,115725,513,1317,2970,230,57920,57805,242,271,2846,2830,153,162,85,68,77,0.3695652173913043,0.9444444444444444,0.9444444444444444,0.8929889298892989,0.8929889298892989,0.4782608695652174,52,0.43478260869565216,2982.029510249689,57,0.19607843137254902,2872.7164844446447,49,0.4444444444444444,2701.851217221259,CONTINUOUS_METRICS_ONLY_NO_FINAL_RULE,1.0,AVAILABLE_IN_FIADB_NOT_APPLIED; EVALID_LINKAGE_REQUIRED_FOR_FORMAL_ESTIMATION,0,1,1,1.0,1.0,2.0,3.0,5.0,15,2.2304347826086954,1,1.0,1.0,3.0,6.0,12.0,95,5.726086956521739
660,Malus spp.,Malus spp.,apple spp.,species,1,NA_NOT_AVAILABLE_IN_FROZEN_REF_SPECIES,0,75,115725,513,1317,1441,160,57920,57805,242,271,1411,1397,120,120,80,40,40,0.5,1.0,1.0,0.8929889298892989,0.8929889298892989,0.3875,17,0.5625,2955.609074285705,23,0.4166666666666667,2830.194339616981,18,0.48333333333333334,2717.6506397990156,CONTINUOUS_METRICS_ONLY_NO_FINAL_RULE,1.0,AVAILABLE_IN_FIADB_NOT_APPLIED; EVALID_LINKAGE_REQUIRED_FOR_FORMAL_ESTIMATION,0,1,1,1.0,1.0,2.0,4.0,8.0,26,3.20625,1,1.0,2.0,4.0,8.0,19.099999999999994,161,8.23125
661,Malus fusca,Malus fusca,Oregon crab apple,species,1,NA_NOT_AVAILABLE_IN_FROZEN_REF_SPECIES,0,25,115725,16,25,10051,14,57920,57805,6,10,9235,9171,5,10,1,4,9,0.07142857142857142,0.5,0.5,0.6,0.6,0.8571428571428571,9,0.42857142857142855,749.1662031885849,5,0.2,480.8846015417836,6,0.5,749.1662031885849,CONTINUOUS_METRICS_ONLY_NO_FINAL_RULE,1.0,AVAILABLE_IN_FIADB_NOT_APPLIED; EVALID_LINKAGE_REQUIRED_FOR_FORMAL_ESTIMATION,0,1,1,1.0,1.0,1.0,1.0,1.700000000000001,2,1.1428571428571428,1,1.0,1.0,1.0,2.0,3.0,6,1.7857142857142858
661,Malus fusca,Malus fusca,Oregon crab apple,species,1,NA_NOT_AVAILABLE_IN_FROZEN_REF_SPECIES,0,50,115725,16,25,2970,11,57920,57805,6,10,2846,2830,5,8,2,3,6,0.18181818181818182,0.625,0.625,0.6,0.6,0.7272727272727273,6,0.5454545454545454,715.8910531638177,3,0.4,452.76925690687085,5,0.5,715.8910531638177,CONTINUOUS_METRICS_ONLY_NO_FINAL_RULE,1.0,AVAILABLE_IN_FIADB_NOT_APPLIED; EVALID_LINKAGE_REQUIRED_FOR_FORMAL_ESTIMATION,0,1,1,1.0,1.0,1.0,1.5,3.0,3,1.4545454545454546,1,1.0,1.0,1.0,3.5,4.0,6,2.272727272727273
661,Malus fusca,Malus fusca,Oregon crab apple,species,1,NA_NOT_AVAILABLE_IN_FROZEN_REF_SPECIES,0,75,115725,16,25,1441,10,57920,57805,6,10,1411,1397,5,7,2,3,5,0.2,0.7142857142857143,0.7142857142857143,0.6,0.6,0.6,7,0.4,738.6643351347078,3,0.6,530.3300858899106,5,0.42857142857142855,738.6643351347078,CONTINUOUS_METRICS_ONLY_NO_FINAL_RULE,1.0,AVAILABLE_IN_FIADB_NOT_APPLIED; EVALID_LINKAGE_REQUIRED_FOR_FORMAL_ESTIMATION,0,1,1,1.0,1.0,1.0,2.0,2.1999999999999993,4,1.6,1,1.0,1.0,1.5,3.5,6.0,6,2.5
662,Malus angustifolia,Malus angustifolia,southern crab apple,species,1,NA_NOT_AVAILABLE_IN_FROZEN_REF_SPECIES,0,25,115725,8,9,10051,8,57920,57805,5,3,9235,9171,5,3,0,5,3,0.0,0.6,1.6666666666666667,0.6,1.6666666666666667,1.0,7,0.25,1463.0874888399533,5,0.2,1400.89257261219,3,0.3333333333333333,1054.7511554864493,CONTINUOUS_METRICS_ONLY_NO_FINAL_RULE,1.0,AVAILABLE_IN_FIADB_NOT_APPLIED; EVALID_LINKAGE_REQUIRED_FOR_FORMAL_ESTIMATION,0,1,1,1.0,1.0,1.0,1.0,1.0,1,1.0,1,1.0,1.0,1.0,1.0,1.2999999999999998,2,1.125
662,Malus angustifolia,Malus angustifolia,southern crab apple,species,1,NA_NOT_AVAILABLE_IN_FROZEN_REF_SPECIES,0,50,115725,8,9,2970,8,57920,57805,5,3,2846,2830,5,3,0,5,3,0.0,0.6,1.6666666666666667,0.6,1.6666666666666667,1.0,7,0.25,1484.082207965583,5,0.2,1400.89257261219,3,0.3333333333333333,1054.7511554864493,CONTINUOUS_METRICS_ONLY_NO_FINAL_RULE,1.0,AVAILABLE_IN_FIADB_NOT_APPLIED; EVALID_LINKAGE_REQUIRED_FOR_FORMAL_ESTIMATION,0,1,1,1.0,1.0,1.0,1.0,1.0,1,1.0,1,1.0,1.0,1.0,1.0,1.2999999999999998,2,1.125
662,Malus angustifolia,Malus angustifolia,southern crab apple,species,1,NA_NOT_AVAILABLE_IN_FROZEN_REF_SPECIES,0,75,115725,8,9,1441,8,57920,57805,5,3,1411,1397,5,3,0,5,3,0.0,0.6,1.6666666666666667,0.6,1.6666666666666667,1.0,7,0.25,1415.0971698084904,5,0.2,1352.081728298996,3,0.3333333333333333,1060.6601717798212,CONTINUOUS_METRICS_ONLY_NO_FINAL_RULE,1.0,AVAILABLE_IN_FIADB_NOT_APPLIED; EVALID_LINKAGE_REQUIRED_FOR_FORMAL_ESTIMATION,0,1,1,1.0,1.0,1.0,1.0,1.0,1,1.0,1,1.0,1.0,1.0,1.0,1.2999999999999998,2,1.125
663,Malus coronaria,Malus coronaria,sweet crab apple,species,1,NA_NOT_AVAILABLE_IN_FROZEN_REF_SPECIES,0,25,115725,17,26,10051,16,57920,57805,10,7,9235,9171,10,6,0,10,6,0.0,0.6,1.6666666666666667,0.7,1.4285714285714286,0.9375,14,0.1875,707.9901129253149,10,0.1,620.987117418711,4,0.5,316.22776601683796,CONTINUOUS_METRICS_ONLY_NO_FINAL_RULE,1.0,AVAILABLE_IN_FIADB_NOT_APPLIED; EVALID_LINKAGE_REQUIRED_FOR_FORMAL_ESTIMATION,0,1,1,1.0,1.0,1.0,1.0,1.0,2,1.0625,1,1.0,1.0,1.0,2.25,3.0,3,1.625
663,Malus coronaria,Malus coronaria,sweet crab apple,species,1,NA_NOT_AVAILABLE_IN_FROZEN_REF_SPECIES,0,50,115725,17,26,2970,13,57920,57805,10,7,2846,2830,9,5,1,8,4,0.07692307692307693,0.5555555555555556,1.8,0.7,1.4285714285714286,0.7692307692307693,8,0.3076923076923077,743.3034373659253,7,0.3333333333333333,640.3124237432849,4,0.4,316.22776601683796,CONTINUOUS_METRICS_ONLY_NO_FINAL_RULE,1.0,AVAILABLE_IN_FIADB_NOT_APPLIED; EVALID_LINKAGE_REQUIRED_FOR_FORMAL_ESTIMATION,0,1,1,1.0,1.0,1.0,1.0,2.0,3,1.3076923076923077,1,1.0,1.0,1.0,3.0,3.0,6,2.0
663,Malus coronaria,Malus coronaria,sweet crab apple,species,1,NA_NOT_AVAILABLE_IN_FROZEN_REF_SPECIES,0,75,115725,17,26,1441,11,57920,57805,10,7,1411,1397,8,5,2,6,3,0.18181818181818182,0.625,1.6,0.7,1.4285714285714286,0.6363636363636364,5,0.6363636363636364,691.4658342969665,6,0.375,585.768725692999,2,0.8,309.23292192132453,CONTINUOUS_METRICS_ONLY_NO_FINAL_RULE,1.0,AVAILABLE_IN_FIADB_NOT_APPLIED; EVALID_LINKAGE_REQUIRED_FOR_FORMAL_ESTIMATION,0,1,1,1.0,1.0,1.0,2.0,3.0,3,1.5454545454545454,1,1.0,1.0,2.0,3.0,3.0,6,2.3636363636363638
681,Morus alba,Morus alba,white mulberry,species,1,NA_NOT_AVAILABLE_IN_FROZEN_REF_SPECIES,0,25,115725,431,1149,10051,350,57920,57805,221,210,9235,9171,198,186,34,164,152,0.09714285714285714,0.9393939393939394,1.064516129032258,0.9502262443438914,1.0523809523809524,0.8171428571428572,188,0.08,2621.545345783666,145,0.030303030303030304,2540.1771591761076,125,0.04838709677419355,2478.154555309253,CONTINUOUS_METRICS_ONLY_NO_FINAL_RULE,1.0,AVAILABLE_IN_FIADB_NOT_APPLIED; EVALID_LINKAGE_REQUIRED_FOR_FORMAL_ESTIMATION,0,1,1,1.0,1.0,1.0,1.0,2.0,8,1.2314285714285715,1,1.0,1.0,2.0,4.0,7.0,32,3.282857142857143
681,Morus alba,Morus alba,white mulberry,species,1,NA_NOT_AVAILABLE_IN_FROZEN_REF_SPECIES,0,50,115725,431,1149,2970,248,57920,57805,221,210,2846,2830,165,147,64,101,83,0.25806451612903225,0.8909090909090909,1.1224489795918366,0.9502262443438914,1.0523809523809524,0.5887096774193549,57,0.5403225806451613,2621.545345783666,54,0.3575757575757576,2540.1771591761076,50,0.43537414965986393,2512.4689052802223,CONTINUOUS_METRICS_ONLY_NO_FINAL_RULE,1.0,AVAILABLE_IN_FIADB_NOT_APPLIED; EVALID_LINKAGE_REQUIRED_FOR_FORMAL_ESTIMATION,0,1,1,1.0,1.0,1.0,2.0,3.0,11,1.7379032258064515,1,1.0,1.0,3.0,6.0,9.0,43,4.633064516129032
681,Morus alba,Morus alba,white mulberry,species,1,NA_NOT_AVAILABLE_IN_FROZEN_REF_SPECIES,0,75,115725,431,1149,1441,171,57920,57805,221,210,1411,1397,127,112,68,59,44,0.39766081871345027,0.8818897637795275,1.1339285714285714,0.9502262443438914,1.0523809523809524,0.45614035087719296,28,0.7660818713450293,2580.697580112788,27,0.7086614173228346,2520.044642461716,33,0.42857142857142855,2456.7509031238797,CONTINUOUS_METRICS_ONLY_NO_FINAL_RULE,1.0,AVAILABLE_IN_FIADB_NOT_APPLIED; EVALID_LINKAGE_REQUIRED_FOR_FORMAL_ESTIMATION,0,1,1,1.0,1.0,2.0,3.0,5.0,18,2.52046783625731,1,1.0,1.0,3.0,8.0,20.0,45,6.719298245614035
682,Morus rubra,Morus rubra,red mulberry,species,1,NA_NOT_AVAILABLE_IN_FROZEN_REF_SPECIES,0,25,115725,1455,2313,10051,1053,57920,57805,717,738,9235,9171,610,603,160,450,443,0.15194681861348527,0.9885245901639345,1.0116086235489221,0.9715447154471545,0.9715447154471545,0.7283950617283951,358,0.2792022792022792,2820.1285431696197,317,0.09672131147540984,2721.327800908961,349,0.04477611940298507,2820.1285431696197,CONTINUOUS_METRICS_ONLY_NO_FINAL_RULE,1.0,AVAILABLE_IN_FIADB_NOT_APPLIED; EVALID_LINKAGE_REQUIRED_FOR_FORMAL_ESTIMATION,0,1,1,1.0,1.0,1.0,2.0,2.0,5,1.3817663817663817,1,1.0,1.0,1.0,2.0,4.0,19,2.1965811965811968
682,Morus rubra,Morus rubra,red mulberry,species,1,NA_NOT_AVAILABLE_IN_FROZEN_REF_SPECIES,0,50,115725,1455,2313,2970,610,57920,57805,717,738,2846,2830,427,434,251,176,183,0.41147540983606556,0.9838709677419355,0.9838709677419355,0.9715447154471545,0.9715447154471545,0.44426229508196724,72,0.8065573770491803,2836.370920736567,94,0.3770491803278688,2701.851217221259,78,0.4769585253456221,2836.370920736567,CONTINUOUS_METRICS_ONLY_NO_FINAL_RULE,1.0,AVAILABLE_IN_FIADB_NOT_APPLIED; EVALID_LINKAGE_REQUIRED_FOR_FORMAL_ESTIMATION,0,1,1,1.0,1.0,2.0,3.0,5.0,15,2.3852459016393444,1,1.0,1.0,3.0,5.0,8.0,45,3.7918032786885245
682,Morus rubra,Morus rubra,red mulberry,species,1,NA_NOT_AVAILABLE_IN_FROZEN_REF_SPECIES,0,75,115725,1455,2313,1441,384,57920,57805,717,738,1411,1397,300,299,215,85,84,0.5598958333333334,0.9966666666666667,1.0033444816053512,0.9715447154471545,0.9715447154471545,0.3046875,28,0.8958333333333334,2871.628457861497,29,0.8133333333333334,2776.013328498262,28,0.862876254180602,2871.628457861497,CONTINUOUS_METRICS_ONLY_NO_FINAL_RULE,1.0,AVAILABLE_IN_FIADB_NOT_APPLIED; EVALID_LINKAGE_REQUIRED_FOR_FORMAL_ESTIMATION,0,1,1,1.0,1.0,2.0,5.0,8.699999999999989,21,3.7890625,1,1.0,2.0,4.0,8.0,14.0,42,6.0234375
683,Morus microphylla,Morus microphylla,Texas mulberry,species,1,NA_NOT_AVAILABLE_IN_FROZEN_REF_SPECIES,0,25,115725,3,4,10051,3,57920,57805,2,1,9235,9171,2,1,0,2,1,0.0,0.5,2.0,0.5,2.0,1.0,3,0.3333333333333333,106.06601717798212,2,0.5,79.05694150420949,1,1.0,0.0,CONTINUOUS_METRICS_ONLY_NO_FINAL_RULE,1.0,AVAILABLE_IN_FIADB_NOT_APPLIED; EVALID_LINKAGE_REQUIRED_FOR_FORMAL_ESTIMATION,1,1,1,1.0,1.0,1.0,1.0,1.0,1,1.0,1,1.0,1.0,1.0,1.5,1.8,2,1.3333333333333333
683,Morus microphylla,Morus microphylla,Texas mulberry,species,1,NA_NOT_AVAILABLE_IN_FROZEN_REF_SPECIES,0,50,115725,3,4,2970,3,57920,57805,2,1,2846,2830,2,1,0,2,1,0.0,0.5,2.0,0.5,2.0,1.0,3,0.3333333333333333,141.4213562373095,2,0.5,111.80339887498948,1,1.0,0.0,CONTINUOUS_METRICS_ONLY_NO_FINAL_RULE,1.0,AVAILABLE_IN_FIADB_NOT_APPLIED; EVALID_LINKAGE_REQUIRED_FOR_FORMAL_ESTIMATION,1,1,1,1.0,1.0,1.0,1.0,1.0,1,1.0,1,1.0,1.0,1.0,1.5,1.8,2,1.3333333333333333
683,Morus microphylla,Morus microphylla,Texas mulberry,species,1,NA_NOT_AVAILABLE_IN_FROZEN_REF_SPECIES,0,75,115725,3,4,1441,3,57920,57805,2,1,1411,1397,2,1,0,2,1,0.0,0.5,2.0,0.5,2.0,1.0,1,1.0,106.06601717798213,2,0.5,106.06601717798213,1,1.0,0.0,CONTINUOUS_METRICS_ONLY_NO_FINAL_RULE,1.0,AVAILABLE_IN_FIADB_NOT_APPLIED; EVALID_LINKAGE_REQUIRED_FOR_FORMAL_ESTIMATION,1,1,1,1.0,1.0,1.0,1.0,1.0,1,1.0,1,1.0,1.0,1.0,1.5,1.8,2,1.3333333333333333
691,Nyssa aquatica,Nyssa aquatica,water tupelo,species,1,NA_NOT_AVAILABLE_IN_FROZEN_REF_SPECIES,0,25,115725,482,5010,10051,292,57920,57805,252,230,9235,9171,184,159,51,133,108,0.17465753424657535,0.8641304347826086,1.1572327044025157,0.9126984126984127,1.0956521739130434,0.6883561643835616,110,0.07191780821917808,1942.453345643081,109,0.09782608695652174,1900.1644665659865,83,0.11320754716981132,1903.943276465977,CONTINUOUS_METRICS_ONLY_NO_FINAL_RULE,1.0,AVAILABLE_IN_FIADB_NOT_APPLIED; EVALID_LINKAGE_REQUIRED_FOR_FORMAL_ESTIMATION,0,1,1,1.0,1.0,1.0,2.0,3.0,12,1.6506849315068493,1,1.0,2.0,7.0,23.0,44.80000000000007,192,17.15753424657534
691,Nyssa aquatica,Nyssa aquatica,water tupelo,species,1,NA_NOT_AVAILABLE_IN_FROZEN_REF_SPECIES,0,50,115725,482,5010,2970,183,57920,57805,252,230,2846,2830,136,109,62,74,47,0.33879781420765026,0.8014705882352942,1.2477064220183487,0.9126984126984127,1.0956521739130434,0.46994535519125685,24,0.4371584699453552,1955.7607215607945,26,0.29411764705882354,1913.765920900464,33,0.2018348623853211,1903.943276465977,CONTINUOUS_METRICS_ONLY_NO_FINAL_RULE,1.0,AVAILABLE_IN_FIADB_NOT_APPLIED; EVALID_LINKAGE_REQUIRED_FOR_FORMAL_ESTIMATION,0,1,1,1.0,1.0,2.0,3.0,5.0,28,2.633879781420765,1,1.0,3.5,11.0,32.0,63.80000000000001,439,27.37704918032787
691,Nyssa aquatica,Nyssa aquatica,water tupelo,species,1,NA_NOT_AVAILABLE_IN_FROZEN_REF_SPECIES,0,75,115725,482,5010,1441,124,57920,57805,252,230,1411,1397,96,85,57,39,28,0.4596774193548387,0.8854166666666666,1.1294117647058823,0.9126984126984127,1.0956521739130434,0.3225806451612903,8,0.8629032258064516,1955.7607215607948,5,0.84375,1892.9144196185944,17,0.3764705882352941,1916.5398508770957,CONTINUOUS_METRICS_ONLY_NO_FINAL_RULE,1.0,AVAILABLE_IN_FIADB_NOT_APPLIED; EVALID_LINKAGE_REQUIRED_FOR_FORMAL_ESTIMATION,0,1,1,1.0,1.0,2.5,4.25,7.700000000000003,48,3.8870967741935485,1,2.0,6.0,19.5,51.25,84.0,809,40.403225806451616
692,Nyssa ogeche,Nyssa ogeche,Ogeechee tupelo,species,1,NA_NOT_AVAILABLE_IN_FROZEN_REF_SPECIES,0,25,115725,48,269,10051,35,57920,57805,22,26,9235,9171,19,22,6,13,16,0.17142857142857143,0.8636363636363636,0.8636363636363636,0.8461538461538461,0.8461538461538461,0.6857142857142857,11,0.42857142857142855,318.1980515339464,10,0.3157894736842105,270.4163456597992,15,0.22727272727272727,301.0398644698074,CONTINUOUS_METRICS_ONLY_NO_FINAL_RULE,1.0,AVAILABLE_IN_FIADB_NOT_APPLIED; EVALID_LINKAGE_REQUIRED_FOR_FORMAL_ESTIMATION,0,1,1,1.0,1.0,1.0,2.0,2.0,3,1.3714285714285714,1,2.0,2.0,5.0,8.0,21.80000000000001,29,7.685714285714286
692,Nyssa ogeche,Nyssa ogeche,Ogeechee tupelo,species,1,NA_NOT_AVAILABLE_IN_FROZEN_REF_SPECIES,0,50,115725,48,269,2970,20,57920,57805,22,26,2846,2830,12,16,8,4,8,0.4,0.75,0.75,0.8461538461538461,0.8461538461538461,0.35,1,1.0,353.5533905932738,3,0.8333333333333334,291.54759474226506,2,0.875,320.1562118716424,CONTINUOUS_METRICS_ONLY_NO_FINAL_RULE,1.0,AVAILABLE_IN_FIADB_NOT_APPLIED; EVALID_LINKAGE_REQUIRED_FOR_FORMAL_ESTIMATION,0,1,1,1.0,1.0,2.0,3.25,4.100000000000001,5,2.4,1,1.9000000000000001,3.75,9.0,25.5,31.300000000000004,35,13.45
692,Nyssa ogeche,Nyssa ogeche,Ogeechee tupelo,species,1,NA_NOT_AVAILABLE_IN_FROZEN_REF_SPECIES,0,75,115725,48,269,1441,13,57920,57805,22,26,1411,1397,9,12,8,1,4,0.6153846153846154,0.75,0.75,0.8461538461538461,0.8461538461538461,0.3076923076923077,1,1.0,318.19805153394634,1,1.0,270.41634565979916,1,1.0,318.19805153394634,CONTINUOUS_METRICS_ONLY_NO_FINAL_RULE,1.0,AVAILABLE_IN_FIADB_NOT_APPLIED; EVALID_LINKAGE_REQUIRED_FOR_FORMAL_ESTIMATION,0,1,1,1.0,1.0,3.0,7.0,7.800000000000001,8,3.6923076923076925,2,3.2,5.0,15.0,33.0,42.2,46,20.692307692307693
693,Nyssa sylvatica,Nyssa sylvatica,blackgum,species,1,NA_NOT_AVAILABLE_IN_FROZEN_REF_SPECIES,0,25,115725,8987,19921,10051,2305,57920,57805,4502,4485,9235,9171,1870,1810,1375,495,435,0.596529284164859,0.9679144385026738,1.0331491712707181,0.9962239004886717,1.0037904124860646,0.24425162689804772,70,0.9357917570498916,2904.522335944415,98,0.893048128342246,2804.0149785619906,99,0.7243093922651934,2885.8490951537988,CONTINUOUS_METRICS_ONLY_NO_FINAL_RULE,1.0,AVAILABLE_IN_FIADB_NOT_APPLIED; EVALID_LINKAGE_REQUIRED_FOR_FORMAL_ESTIMATION,0,1,1,1.0,2.0,3.0,5.0,8.0,31,3.8989154013015184,1,1.0,2.0,5.0,11.0,18.0,154,8.642516268980478
693,Nyssa sylvatica,Nyssa sylvatica,blackgum,species,1,NA_NOT_AVAILABLE_IN_FROZEN_REF_SPECIES,0,50,115725,8987,19921,2970,750,57920,57805,4502,4485,2846,2830,696,687,633,63,54,0.844,0.9870689655172413,1.0131004366812226,0.9962239004886717,1.0037904124860646,0.10266666666666667,10,0.9733333333333334,2902.585054739998,13,0.9712643678160919,2804.0149785619906,15,0.975254730713246,2902.585054739998,CONTINUOUS_METRICS_ONLY_NO_FINAL_RULE,1.0,AVAILABLE_IN_FIADB_NOT_APPLIED; EVALID_LINKAGE_REQUIRED_FOR_FORMAL_ESTIMATION,0,1,1,1.0,4.0,9.0,17.0,24.0,101,11.982666666666667,1,2.0,7.0,18.0,35.0,57.0,274,26.561333333333334
693,Nyssa sylvatica,Nyssa sylvatica,blackgum,species,1,NA_NOT_AVAILABLE_IN_FROZEN_REF_SPECIES,0,75,115725,8987,19921,1441,368,57920,57805,4502,4485,1411,1397,349,351,332,17,19,0.9021739130434783,0.9943019943019943,0.9943019943019943,0.9962239004886717,1.0037904124860646,0.06793478260869565,6,0.9646739130434783,2921.1513141225673,7,0.9656160458452722,2823.2295337078067,7,0.9686609686609686,2921.1513141225673,CONTINUOUS_METRICS_ONLY_NO_FINAL_RULE,1.0,AVAILABLE_IN_FIADB_NOT_APPLIED; EVALID_LINKAGE_REQUIRED_FOR_FORMAL_ESTIMATION,0,1,1,2.0,6.0,20.5,36.25,48.30000000000001,139,24.421195652173914,1,4.0,13.0,40.0,74.0,109.30000000000001,435,54.13315217391305
694,Nyssa biflora,Nyssa biflora,swamp tupelo,species,1,NA_NOT_AVAILABLE_IN_FROZEN_REF_SPECIES,0,25,115725,2125,15350,10051,666,57920,57805,1082,1043,9235,9171,506,518,358,148,160,0.5375375375375375,0.9768339768339769,0.9768339768339769,0.9639556377079482,1.037392138063279,0.3228228228228228,51,0.8183183183183184,2160.005787029285,46,0.7252964426877471,1987.775138188422,55,0.8108108108108109,2160.005787029285,CONTINUOUS_METRICS_ONLY_NO_FINAL_RULE,1.0,AVAILABLE_IN_FIADB_NOT_APPLIED; EVALID_LINKAGE_REQUIRED_FOR_FORMAL_ESTIMATION,0,1,1,1.0,1.0,2.0,4.0,7.0,23,3.190690690690691,1,1.0,4.0,12.0,31.0,53.5,221,23.04804804804805
694,Nyssa biflora,Nyssa biflora,swamp tupelo,species,1,NA_NOT_AVAILABLE_IN_FROZEN_REF_SPECIES,0,50,115725,2125,15350,2970,247,57920,57805,1082,1043,2846,2830,204,214,171,33,43,0.6923076923076923,0.9532710280373832,0.9532710280373832,0.9639556377079482,1.037392138063279,0.20242914979757085,14,0.8906882591093117,2140.0934559032694,12,0.9019607843137255,1952.5624189766636,12,0.9065420560747663,2140.0934559032694,CONTINUOUS_METRICS_ONLY_NO_FINAL_RULE,1.0,AVAILABLE_IN_FIADB_NOT_APPLIED; EVALID_LINKAGE_REQUIRED_FOR_FORMAL_ESTIMATION,0,1,1,1.0,2.0,6.0,12.5,20.400000000000006,37,8.603238866396762,1,2.0,10.5,37.0,86.0,161.4,482,62.14574898785425
694,Nyssa biflora,Nyssa biflora,swamp tupelo,species,1,NA_NOT_AVAILABLE_IN_FROZEN_REF_SPECIES,0,75,115725,2125,15350,1441,142,57920,57805,1082,1043,1411,1397,122,125,105,17,20,0.7394366197183099,0.976,0.976,0.9639556377079482,1.037392138063279,0.19014084507042253,5,0.9014084507042254,2145.052446911264,7,0.9016393442622951,1968.6607122610033,6,0.832,2145.052446911264,CONTINUOUS_METRICS_ONLY_NO_FINAL_RULE,1.0,AVAILABLE_IN_FIADB_NOT_APPLIED; EVALID_LINKAGE_REQUIRED_FOR_FORMAL_ESTIMATION,0,1,1,1.0,2.0,9.0,23.0,37.80000000000001,67,14.964788732394366,1,3.0,11.75,59.0,149.0,297.20000000000016,629,108.09859154929578
701,Ostrya virginiana,Ostrya virginiana,eastern hophornbeam,species,1,NA_NOT_AVAILABLE_IN_FROZEN_REF_SPECIES,0,25,115725,3387,6720,10051,1708,57920,57805,1658,1729,9235,9171,1086,1128,506,580,622,0.2962529274004684,0.9627659574468085,0.9627659574468085,0.9589358010410642,0.9589358010410642,0.5345433255269321,293,0.21311475409836064,3678.0599505717682,330,0.16114180478821363,3292.795165205391,313,0.15336879432624115,3678.0599505717682,CONTINUOUS_METRICS_ONLY_NO_FINAL_RULE,1.0,AVAILABLE_IN_FIADB_NOT_APPLIED; EVALID_LINKAGE_REQUIRED_FOR_FORMAL_ESTIMATION,0,1,1,1.0,1.0,1.0,2.0,4.0,12,1.9830210772833723,1,1.0,1.0,2.0,5.0,9.0,43,3.9344262295081966
701,Ostrya virginiana,Ostrya virginiana,eastern hophornbeam,species,1,NA_NOT_AVAILABLE_IN_FROZEN_REF_SPECIES,0,50,115725,3387,6720,2970,805,57920,57805,1658,1729,2846,2830,609,625,429,180,196,0.5329192546583851,0.9744,0.9744,0.9589358010410642,0.9589358010410642,0.3130434782608696,40,0.9180124223602485,3662.3080154459976,72,0.2627257799671593,3292.795165205391,56,0.2736,3662.3080154459976,CONTINUOUS_METRICS_ONLY_NO_FINAL_RULE,1.0,AVAILABLE_IN_FIADB_NOT_APPLIED; EVALID_LINKAGE_REQUIRED_FOR_FORMAL_ESTIMATION,0,1,1,1.0,1.0,3.0,6.0,10.0,29,4.207453416149068,1,1.0,2.0,5.0,11.0,20.0,83,8.347826086956522
701,Ostrya virginiana,Ostrya virginiana,eastern hophornbeam,species,1,NA_NOT_AVAILABLE_IN_FROZEN_REF_SPECIES,0,75,115725,3387,6720,1441,467,57920,57805,1658,1729,1411,1397,388,387,308,80,79,0.6595289079229122,0.9974226804123711,1.0025839793281655,0.9589358010410642,0.9589358010410642,0.19271948608137046,16,0.9635974304068522,3678.0599505717687,14,0.961340206185567,3294.8823954733193,14,0.6692506459948321,3678.0599505717687,CONTINUOUS_METRICS_ONLY_NO_FINAL_RULE,1.0,AVAILABLE_IN_FIADB_NOT_APPLIED; EVALID_LINKAGE_REQUIRED_FOR_FORMAL_ESTIMATION,0,1,1,1.0,2.0,4.0,10.0,18.0,46,7.252676659528908,1,1.0,3.0,7.0,18.5,35.0,138,14.389721627408994
711,Oxydendrum arboreum,Oxydendrum arboreum,sourwood,species,1,NA_NOT_AVAILABLE_IN_FROZEN_REF_SPECIES,0,25,115725,4234,12610,10051,925,57920,57805,2113,2121,9235,9171,722,740,537,185,203,0.5805405405405405,0.9756756756756757,0.9756756756756757,0.9962281942479962,0.9962281942479962,0.2972972972972973,46,0.7967567567567567,1835.2452152232952,64,0.7825484764542936,1835.2452152232952,78,0.7662162162162162,1835.2452152232952,CONTINUOUS_METRICS_ONLY_NO_FINAL_RULE,1.0,AVAILABLE_IN_FIADB_NOT_APPLIED; EVALID_LINKAGE_REQUIRED_FOR_FORMAL_ESTIMATION,0,1,1,1.0,1.0,3.0,6.0,10.0,44,4.577297297297298,1,1.0,2.0,6.0,15.0,31.0,203,13.632432432432433
711,Oxydendrum arboreum,Oxydendrum arboreum,sourwood,species,1,NA_NOT_AVAILABLE_IN_FROZEN_REF_SPECIES,0,50,115725,4234,12610,2970,329,57920,57805,2113,2121,2846,2830,283,296,250,33,46,0.7598784194528876,0.956081081081081,0.956081081081081,0.9962281942479962,0.9962281942479962,0.16717325227963525,5,0.9756838905775076,1850.6755523321747,6,0.9752650176678446,1850.6755523321747,7,0.9594594594594594,1850.6755523321747,CONTINUOUS_METRICS_ONLY_NO_FINAL_RULE,1.0,AVAILABLE_IN_FIADB_NOT_APPLIED; EVALID_LINKAGE_REQUIRED_FOR_FORMAL_ESTIMATION,0,1,1,1.0,3.0,7.0,17.0,32.19999999999999,139,12.869300911854104,1,2.0,5.0,16.0,43.0,98.19999999999999,618,38.328267477203646
711,Oxydendrum arboreum,Oxydendrum arboreum,sourwood,species,1,NA_NOT_AVAILABLE_IN_FROZEN_REF_SPECIES,0,75,115725,4234,12610,1441,169,57920,57805,2113,2121,1411,1397,150,157,138,12,19,0.8165680473372781,0.9554140127388535,0.9554140127388535,0.9962281942479962,0.9962281942479962,0.11834319526627218,1,1.0,1815.5577655365307,4,0.9666666666666667,1815.5577655365307,3,0.9745222929936306,1815.5577655365307,CONTINUOUS_METRICS_ONLY_NO_FINAL_RULE,1.0,AVAILABLE_IN_FIADB_NOT_APPLIED; EVALID_LINKAGE_REQUIRED_FOR_FORMAL_ESTIMATION,0,1,1,1.0,4.0,13.0,34.0,62.0,231,25.05325443786982,1,2.0,8.0,26.0,90.0,186.60000000000014,1026,74.61538461538461
712,Paulownia tomentosa,Paulownia tomentosa,paulownia,species,1,NA_NOT_AVAILABLE_IN_FROZEN_REF_SPECIES,0,25,115725,227,399,10051,178,57920,57805,109,118,9235,9171,99,100,21,78,79,0.11797752808988764,0.99,0.99,0.923728813559322,0.923728813559322,0.7865168539325843,94,0.10112359550561797,1921.0999453438128,70,0.0707070707070707,1852.3633552842703,66,0.1,1851.5196461285523,CONTINUOUS_METRICS_ONLY_NO_FINAL_RULE,1.0,AVAILABLE_IN_FIADB_NOT_APPLIED; EVALID_LINKAGE_REQUIRED_FOR_FORMAL_ESTIMATION,0,1,1,1.0,1.0,1.0,1.0,2.0,4,1.2752808988764044,1,1.0,1.0,1.0,3.0,4.300000000000011,22,2.241573033707865
712,Paulownia tomentosa,Paulownia tomentosa,paulownia,species,1,NA_NOT_AVAILABLE_IN_FROZEN_REF_SPECIES,0,50,115725,227,399,2970,122,57920,57805,109,118,2846,2830,79,77,34,45,43,0.2786885245901639,0.9746835443037974,1.025974025974026,0.923728813559322,0.923728813559322,0.5819672131147541,35,0.48360655737704916,1900.6577808748211,29,0.379746835443038,1817.9658962697843,37,0.23376623376623376,1830.9833423600555,CONTINUOUS_METRICS_ONLY_NO_FINAL_RULE,1.0,AVAILABLE_IN_FIADB_NOT_APPLIED; EVALID_LINKAGE_REQUIRED_FOR_FORMAL_ESTIMATION,0,1,1,1.0,1.0,1.0,2.0,3.9000000000000057,9,1.860655737704918,1,1.0,1.0,2.0,4.0,7.900000000000006,24,3.2704918032786887
712,Paulownia tomentosa,Paulownia tomentosa,paulownia,species,1,NA_NOT_AVAILABLE_IN_FROZEN_REF_SPECIES,0,75,115725,227,399,1441,92,57920,57805,109,118,1411,1397,62,65,35,27,30,0.3804347826086957,0.9538461538461539,0.9538461538461539,0.923728813559322,0.923728813559322,0.44565217391304346,11,0.8152173913043478,1935.523185084591,19,0.6612903225806451,1852.3633552842703,14,0.5384615384615384,1830.9833423600553,CONTINUOUS_METRICS_ONLY_NO_FINAL_RULE,1.0,AVAILABLE_IN_FIADB_NOT_APPLIED; EVALID_LINKAGE_REQUIRED_FOR_FORMAL_ESTIMATION,0,1,1,1.0,1.0,2.0,3.0,5.0,14,2.467391304347826,1,1.0,1.0,2.5,4.0,10.900000000000006,24,4.336956521739131
721,Persea borbonia,Persea borbonia,redbay,species,1,NA_NOT_AVAILABLE_IN_FROZEN_REF_SPECIES,0,25,115725,213,588,10051,145,57920,57805,104,109,9235,9171,76,88,19,57,69,0.1310344827586207,0.8636363636363636,0.8636363636363636,0.9541284403669725,0.9541284403669725,0.7310344827586207,65,0.22758620689655173,2276.2359280180076,39,0.23684210526315788,2225.561726845607,58,0.22727272727272727,2150.581316760657,CONTINUOUS_METRICS_ONLY_NO_FINAL_RULE,1.0,AVAILABLE_IN_FIADB_NOT_APPLIED; EVALID_LINKAGE_REQUIRED_FOR_FORMAL_ESTIMATION,0,1,1,1.0,1.0,1.0,2.0,2.0,9,1.4689655172413794,1,1.0,1.0,1.0,4.0,8.599999999999994,57,4.055172413793104
721,Persea borbonia,Persea borbonia,redbay,species,1,NA_NOT_AVAILABLE_IN_FROZEN_REF_SPECIES,0,50,115725,213,588,2970,100,57920,57805,104,109,2846,2830,58,71,29,29,42,0.29,0.8169014084507042,0.8169014084507042,0.9541284403669725,0.9541284403669725,0.62,24,0.26,2311.384866265244,19,0.3103448275862069,2241.093483101497,28,0.19718309859154928,2150.581316760657,CONTINUOUS_METRICS_ONLY_NO_FINAL_RULE,1.0,AVAILABLE_IN_FIADB_NOT_APPLIED; EVALID_LINKAGE_REQUIRED_FOR_FORMAL_ESTIMATION,0,1,1,1.0,1.0,1.0,2.0,4.1000000000000085,16,2.13,1,1.0,1.0,2.0,4.0,11.200000000000017,65,5.88
721,Persea borbonia,Persea borbonia,redbay,species,1,NA_NOT_AVAILABLE_IN_FROZEN_REF_SPECIES,0,75,115725,213,588,1441,66,57920,57805,104,109,1411,1397,41,49,24,17,25,0.36363636363636365,0.8367346938775511,0.8367346938775511,0.9541284403669725,0.9541284403669725,0.3939393939393939,15,0.30303030303030304,2295.784179752095,14,0.34146341463414637,2250.0,15,0.2857142857142857,2145.052446911264,CONTINUOUS_METRICS_ONLY_NO_FINAL_RULE,1.0,AVAILABLE_IN_FIADB_NOT_APPLIED; EVALID_LINKAGE_REQUIRED_FOR_FORMAL_ESTIMATION,0,1,1,1.0,1.0,2.0,3.0,7.5,24,3.227272727272727,1,1.0,1.0,2.0,5.0,17.5,140,8.909090909090908
722,Planera aquatica,Planera aquatica,planertree,species,1,NA_NOT_AVAILABLE_IN_FROZEN_REF_SPECIES,0,25,115725,217,1161,10051,155,57920,57805,125,92,9235,9171,101,81,27,74,54,0.17419354838709677,0.801980198019802,1.2469135802469136,0.736,1.358695652173913,0.7677419354838709,81,0.05806451612903226,1868.321439153338,62,0.0594059405940594,1829.1049723840345,51,0.09876543209876543,1835.2452152232952,CONTINUOUS_METRICS_ONLY_NO_FINAL_RULE,1.0,AVAILABLE_IN_FIADB_NOT_APPLIED; EVALID_LINKAGE_REQUIRED_FOR_FORMAL_ESTIMATION,0,1,1,1.0,1.0,1.0,1.0,2.5999999999999943,6,1.4,1,1.0,1.0,3.0,7.0,21.599999999999994,79,7.490322580645161
722,Planera aquatica,Planera aquatica,planertree,species,1,NA_NOT_AVAILABLE_IN_FROZEN_REF_SPECIES,0,50,115725,217,1161,2970,109,57920,57805,125,92,2846,2830,72,67,30,42,37,0.27522935779816515,0.9305555555555556,1.0746268656716418,0.736,1.358695652173913,0.5779816513761468,21,0.3577981651376147,1858.0904176062045,21,0.3333333333333333,1820.0274723201296,27,0.19402985074626866,1812.456896039186,CONTINUOUS_METRICS_ONLY_NO_FINAL_RULE,1.0,AVAILABLE_IN_FIADB_NOT_APPLIED; EVALID_LINKAGE_REQUIRED_FOR_FORMAL_ESTIMATION,0,1,1,1.0,1.0,1.0,2.0,4.0,11,1.9908256880733946,1,1.0,2.0,4.0,12.0,27.60000000000001,94,10.65137614678899
722,Planera aquatica,Planera aquatica,planertree,species,1,NA_NOT_AVAILABLE_IN_FROZEN_REF_SPECIES,0,75,115725,217,1161,1441,80,57920,57805,125,92,1411,1397,61,54,35,26,19,0.4375,0.8852459016393442,1.1296296296296295,0.736,1.358695652173913,0.425,10,0.7,1880.990430597668,7,0.6885245901639344,1852.3633552842703,13,0.6111111111111112,1812.456896039186,CONTINUOUS_METRICS_ONLY_NO_FINAL_RULE,1.0,AVAILABLE_IN_FIADB_NOT_APPLIED; EVALID_LINKAGE_REQUIRED_FOR_FORMAL_ESTIMATION,0,1,1,1.0,1.0,2.0,3.0,5.1000000000000085,15,2.7125,1,1.0,2.0,7.0,14.25,37.20000000000002,96,14.5125
730,Platanus racemosa,Platanus racemosa,California sycamore,species,1,NA_NOT_AVAILABLE_IN_FROZEN_REF_SPECIES,0,25,115725,3,3,10051,3,57920,57805,0,3,9235,9171,0,3,0,0,3,0.0,0.0,0.0,0.0,0.0,1.0,3,0.3333333333333333,660.4922406811453,0,,,3,0.3333333333333333,660.4922406811453,CONTINUOUS_METRICS_ONLY_NO_FINAL_RULE,1.0,AVAILABLE_IN_FIADB_NOT_APPLIED; EVALID_LINKAGE_REQUIRED_FOR_FORMAL_ESTIMATION,1,1,1,1.0,1.0,1.0,1.0,1.0,1,1.0,1,1.0,1.0,1.0,1.0,1.0,1,1.0
730,Platanus racemosa,Platanus racemosa,California sycamore,species,1,NA_NOT_AVAILABLE_IN_FROZEN_REF_SPECIES,0,50,115725,3,3,2970,3,57920,57805,0,3,2846,2830,0,3,0,0,3,0.0,0.0,0.0,0.0,0.0,1.0,3,0.3333333333333333,670.820393249937,0,,,3,0.3333333333333333,670.820393249937,CONTINUOUS_METRICS_ONLY_NO_FINAL_RULE,1.0,AVAILABLE_IN_FIADB_NOT_APPLIED; EVALID_LINKAGE_REQUIRED_FOR_FORMAL_ESTIMATION,1,1,1,1.0,1.0,1.0,1.0,1.0,1,1.0,1,1.0,1.0,1.0,1.0,1.0,1,1.0
730,Platanus racemosa,Platanus racemosa,California sycamore,species,1,NA_NOT_AVAILABLE_IN_FROZEN_REF_SPECIES,0,75,115725,3,3,1441,3,57920,57805,0,3,1411,1397,0,3,0,0,3,0.0,0.0,0.0,0.0,0.0,1.0,3,0.3333333333333333,670.820393249937,0,,,3,0.3333333333333333,670.820393249937,CONTINUOUS_METRICS_ONLY_NO_FINAL_RULE,1.0,AVAILABLE_IN_FIADB_NOT_APPLIED; EVALID_LINKAGE_REQUIRED_FOR_FORMAL_ESTIMATION,1,1,1,1.0,1.0,1.0,1.0,1.0,1,1.0,1,1.0,1.0,1.0,1.0,1.0,1,1.0
731,Platanus occidentalis,Platanus occidentalis,American sycamore,species,1,NA_NOT_AVAILABLE_IN_FROZEN_REF_SPECIES,0,25,115725,2202,4750,10051,1356,57920,57805,1114,1088,9235,9171,852,848,344,508,504,0.2536873156342183,0.9953051643192489,1.0047169811320755,0.9766606822262118,1.0238970588235294,0.612094395280236,250,0.3886430678466077,2881.405906844782,283,0.09859154929577464,2805.017825255305,308,0.11556603773584906,2746.930104680496,CONTINUOUS_METRICS_ONLY_NO_FINAL_RULE,1.0,AVAILABLE_IN_FIADB_NOT_APPLIED; EVALID_LINKAGE_REQUIRED_FOR_FORMAL_ESTIMATION,0,1,1,1.0,1.0,1.0,2.0,3.0,9,1.6238938053097345,1,1.0,1.0,2.0,5.0,8.0,28,3.5029498525073746
731,Platanus occidentalis,Platanus occidentalis,American sycamore,species,1,NA_NOT_AVAILABLE_IN_FROZEN_REF_SPECIES,0,50,115725,2202,4750,2970,664,57920,57805,1114,1088,2846,2830,516,510,362,154,148,0.5451807228915663,0.9883720930232558,1.011764705882353,0.9766606822262118,1.0238970588235294,0.32379518072289154,32,0.8945783132530121,2881.405906844782,38,0.8682170542635659,2820.017730440715,56,0.7843137254901961,2765.863337187866,CONTINUOUS_METRICS_ONLY_NO_FINAL_RULE,1.0,AVAILABLE_IN_FIADB_NOT_APPLIED; EVALID_LINKAGE_REQUIRED_FOR_FORMAL_ESTIMATION,0,1,1,1.0,1.0,2.0,4.0,7.0,15,3.316265060240964,1,1.0,2.0,5.0,9.0,16.0,47,7.153614457831325
731,Platanus occidentalis,Platanus occidentalis,American sycamore,species,1,NA_NOT_AVAILABLE_IN_FROZEN_REF_SPECIES,0,75,115725,2202,4750,1441,373,57920,57805,1114,1088,1411,1397,319,318,264,55,54,0.707774798927614,0.9968652037617555,1.0031446540880504,0.9766606822262118,1.0238970588235294,0.19302949061662197,8,0.9731903485254692,2881.405906844782,15,0.9561128526645768,2835.15872571537,18,0.9150943396226415,2709.3587802282664,CONTINUOUS_METRICS_ONLY_NO_FINAL_RULE,1.0,AVAILABLE_IN_FIADB_NOT_APPLIED; EVALID_LINKAGE_REQUIRED_FOR_FORMAL_ESTIMATION,0,1,1,1.0,2.0,4.0,8.0,13.0,28,5.903485254691689,1,2.0,4.0,8.0,17.0,28.0,62,12.734584450402144
732,Platanus wrightii,Platanus wrightii,Arizona sycamore,species,1,NA_NOT_AVAILABLE_IN_FROZEN_REF_SPECIES,0,25,115725,2,7,10051,2,57920,57805,1,1,9235,9171,1,1,0,1,1,0.0,1.0,1.0,1.0,1.0,1.0,2,0.5,127.4754878398196,1,1.0,0.0,1,1.0,0.0,CONTINUOUS_METRICS_ONLY_NO_FINAL_RULE,1.0,AVAILABLE_IN_FIADB_NOT_APPLIED; EVALID_LINKAGE_REQUIRED_FOR_FORMAL_ESTIMATION,1,1,1,1.0,1.0,1.0,1.0,1.0,1,1.0,2,2.3,2.75,3.5,4.25,4.7,5,3.5
732,Platanus wrightii,Platanus wrightii,Arizona sycamore,species,1,NA_NOT_AVAILABLE_IN_FROZEN_REF_SPECIES,0,50,115725,2,7,2970,2,57920,57805,1,1,2846,2830,1,1,0,1,1,0.0,1.0,1.0,1.0,1.0,1.0,2,0.5,111.80339887498948,1,1.0,0.0,1,1.0,0.0,CONTINUOUS_METRICS_ONLY_NO_FINAL_RULE,1.0,AVAILABLE_IN_FIADB_NOT_APPLIED; EVALID_LINKAGE_REQUIRED_FOR_FORMAL_ESTIMATION,1,1,1,1.0,1.0,1.0,1.0,1.0,1,1.0,2,2.3,2.75,3.5,4.25,4.7,5,3.5
732,Platanus wrightii,Platanus wrightii,Arizona sycamore,species,1,NA_NOT_AVAILABLE_IN_FROZEN_REF_SPECIES,0,75,115725,2,7,1441,2,57920,57805,1,1,1411,1397,1,1,0,1,1,0.0,1.0,1.0,1.0,1.0,1.0,2,0.5,150.0,1,1.0,0.0,1,1.0,0.0,CONTINUOUS_METRICS_ONLY_NO_FINAL_RULE,1.0,AVAILABLE_IN_FIADB_NOT_APPLIED; EVALID_LINKAGE_REQUIRED_FOR_FORMAL_ESTIMATION,1,1,1,1.0,1.0,1.0,1.0,1.0,1,1.0,2,2.3,2.75,3.5,4.25,4.7,5,3.5
741,Populus balsamifera,Populus balsamifera,balsam poplar,species,1,NA_NOT_AVAILABLE_IN_FROZEN_REF_SPECIES,0,25,115725,1116,4776,10051,358,57920,57805,550,566,9235,9171,265,254,161,104,93,0.44972067039106145,0.9584905660377359,1.0433070866141732,0.9717314487632509,0.9717314487632509,0.41620111731843573,55,0.41620111731843573,2665.63782236072,56,0.46037735849056605,2569.6546460565473,47,0.4566929133858268,2665.63782236072,CONTINUOUS_METRICS_ONLY_NO_FINAL_RULE,1.0,AVAILABLE_IN_FIADB_NOT_APPLIED; EVALID_LINKAGE_REQUIRED_FOR_FORMAL_ESTIMATION,0,1,1,1.0,1.0,2.0,4.0,7.0,16,3.11731843575419,1,1.0,2.0,6.0,18.0,33.30000000000001,128,13.340782122905027
741,Populus balsamifera,Populus balsamifera,balsam poplar,species,1,NA_NOT_AVAILABLE_IN_FROZEN_REF_SPECIES,0,50,115725,1116,4776,2970,160,57920,57805,550,566,2846,2830,127,124,91,36,33,0.56875,0.9763779527559056,1.0241935483870968,0.9717314487632509,0.9717314487632509,0.30625,14,0.3625,2674.4158240632664,12,0.4330708661417323,2577.3047937719743,16,0.4032258064516129,2674.4158240632664,CONTINUOUS_METRICS_ONLY_NO_FINAL_RULE,1.0,AVAILABLE_IN_FIADB_NOT_APPLIED; EVALID_LINKAGE_REQUIRED_FOR_FORMAL_ESTIMATION,0,1,1,1.0,1.0,3.5,10.25,19.0,45,6.975,1,1.0,3.0,9.0,39.25,91.29999999999998,280,29.85
741,Populus balsamifera,Populus balsamifera,balsam poplar,species,1,NA_NOT_AVAILABLE_IN_FROZEN_REF_SPECIES,0,75,115725,1116,4776,1441,98,57920,57805,550,566,1411,1397,83,75,60,23,15,0.6122448979591837,0.9036144578313253,1.1066666666666667,0.9717314487632509,0.9717314487632509,0.2653061224489796,9,0.673469387755102,2660.12217764523,8,0.5421686746987951,2537.8386473532946,12,0.7066666666666667,2660.12217764523,CONTINUOUS_METRICS_ONLY_NO_FINAL_RULE,1.0,AVAILABLE_IN_FIADB_NOT_APPLIED; EVALID_LINKAGE_REQUIRED_FOR_FORMAL_ESTIMATION,0,1,1,1.0,1.0,4.0,15.0,32.599999999999994,68,11.387755102040817,1,1.0,3.0,12.0,67.5,128.59999999999988,374,48.734693877551024
742,Populus deltoides,Populus deltoides,eastern cottonwood,species,1,NA_NOT_AVAILABLE_IN_FROZEN_REF_SPECIES,0,25,115725,853,2925,10051,702,57920,57805,439,414,9235,9171,394,377,69,325,308,0.09829059829059829,0.9568527918781726,1.0450928381962865,0.9430523917995444,1.0603864734299517,0.8219373219373219,379,0.037037037037037035,3535.0035360661236,277,0.025380710659898477,3430.014577228499,279,0.021220159151193633,3480.0323274360544,CONTINUOUS_METRICS_ONLY_NO_FINAL_RULE,1.0,AVAILABLE_IN_FIADB_NOT_APPLIED; EVALID_LINKAGE_REQUIRED_FOR_FORMAL_ESTIMATION,0,1,1,1.0,1.0,1.0,1.0,2.0,6,1.2150997150997151,1,1.0,1.0,2.0,5.0,10.0,69,4.166666666666667
742,Populus deltoides,Populus deltoides,eastern cottonwood,species,1,NA_NOT_AVAILABLE_IN_FROZEN_REF_SPECIES,0,50,115725,853,2925,2970,502,57920,57805,439,414,2846,2830,315,307,120,195,187,0.23904382470119523,0.9746031746031746,1.0260586319218241,0.9430523917995444,1.0603864734299517,0.5876494023904383,115,0.20119521912350596,3540.1271163617844,122,0.10476190476190476,3430.014577228499,135,0.07166123778501629,3500.0,CONTINUOUS_METRICS_ONLY_NO_FINAL_RULE,1.0,AVAILABLE_IN_FIADB_NOT_APPLIED; EVALID_LINKAGE_REQUIRED_FOR_FORMAL_ESTIMATION,0,1,1,1.0,1.0,1.0,2.0,3.0,8,1.699203187250996,1,1.0,1.0,3.0,7.0,13.0,69,5.826693227091633
742,Populus deltoides,Populus deltoides,eastern cottonwood,species,1,NA_NOT_AVAILABLE_IN_FROZEN_REF_SPECIES,0,75,115725,853,2925,1441,361,57920,57805,439,414,1411,1397,249,247,135,114,112,0.3739612188365651,0.9919678714859438,1.008097165991903,0.9430523917995444,1.0603864734299517,0.4404432132963989,45,0.7340720221606648,3540.127116361784,52,0.6305220883534136,3435.294747179636,57,0.2631578947368421,3480.0323274360544,CONTINUOUS_METRICS_ONLY_NO_FINAL_RULE,1.0,AVAILABLE_IN_FIADB_NOT_APPLIED; EVALID_LINKAGE_REQUIRED_FOR_FORMAL_ESTIMATION,0,1,1,1.0,1.0,2.0,3.0,5.0,12,2.3628808864265927,1,1.0,2.0,5.0,10.0,17.0,70,8.102493074792244
743,Populus grandidentata,Populus grandidentata,bigtooth aspen,species,1,NA_NOT_AVAILABLE_IN_FROZEN_REF_SPECIES,0,25,115725,2499,13299,10051,978,57920,57805,1244,1255,9235,9171,677,688,387,290,301,0.39570552147239263,0.9840116279069767,0.9840116279069767,0.9912350597609562,0.9912350597609562,0.4611451942740286,123,0.32719836400818,2697.4525018987824,131,0.2998522895125554,2683.398032346301,149,0.23401162790697674,2628.8067635335997,CONTINUOUS_METRICS_ONLY_NO_FINAL_RULE,1.0,AVAILABLE_IN_FIADB_NOT_APPLIED; EVALID_LINKAGE_REQUIRED_FOR_FORMAL_ESTIMATION,0,1,1,1.0,1.0,2.0,3.0,5.0,22,2.5552147239263805,1,1.0,2.0,5.0,15.0,38.30000000000007,329,13.598159509202453
743,Populus grandidentata,Populus grandidentata,bigtooth aspen,species,1,NA_NOT_AVAILABLE_IN_FROZEN_REF_SPECIES,0,50,115725,2499,13299,2970,424,57920,57805,1244,1255,2846,2830,338,343,257,81,86,0.6061320754716981,0.9854227405247813,0.9854227405247813,0.9912350597609562,0.9912350597609562,0.2783018867924528,20,0.49292452830188677,2691.1893281595776,26,0.46153846153846156,2662.70539113887,22,0.4606413994169096,2607.6809620810595,CONTINUOUS_METRICS_ONLY_NO_FINAL_RULE,1.0,AVAILABLE_IN_FIADB_NOT_APPLIED; EVALID_LINKAGE_REQUIRED_FOR_FORMAL_ESTIMATION,0,1,1,1.0,1.0,3.0,8.0,14.0,38,5.893867924528302,1,1.0,3.0,10.0,38.0,88.69999999999999,443,31.36556603773585
743,Populus grandidentata,Populus grandidentata,bigtooth aspen,species,1,NA_NOT_AVAILABLE_IN_FROZEN_REF_SPECIES,0,75,115725,2499,13299,1441,240,57920,57805,1244,1255,1411,1397,206,202,168,38,34,0.7,0.9805825242718447,1.0198019801980198,0.9912350597609562,0.9912350597609562,0.20416666666666666,8,0.5375,2685.3770684952237,11,0.44660194174757284,2642.08724307128,7,0.5445544554455446,2600.240373503957,CONTINUOUS_METRICS_ONLY_NO_FINAL_RULE,1.0,AVAILABLE_IN_FIADB_NOT_APPLIED; EVALID_LINKAGE_REQUIRED_FOR_FORMAL_ESTIMATION,0,1,1,1.0,2.0,5.0,14.25,28.099999999999994,62,10.4125,1,1.0,3.0,16.0,59.0,157.29999999999998,745,55.4125
744,Populus heterophylla,Populus heterophylla,swamp cottonwood,species,1,NA_NOT_AVAILABLE_IN_FROZEN_REF_SPECIES,0,25,115725,38,91,10051,29,57920,57805,27,11,9235,9171,23,9,3,20,6,0.10344827586206896,0.391304347826087,2.5555555555555554,0.4074074074074074,2.4545454545454546,0.7241379310344828,17,0.3103448275862069,1505.199322349037,16,0.21739130434782608,1486.6068747318507,8,0.2222222222222222,1198.175696632176,CONTINUOUS_METRICS_ONLY_NO_FINAL_RULE,1.0,AVAILABLE_IN_FIADB_NOT_APPLIED; EVALID_LINKAGE_REQUIRED_FOR_FORMAL_ESTIMATION,0,1,1,1.0,1.0,1.0,2.0,2.0,3,1.3103448275862069,1,1.0,1.0,2.0,4.0,6.199999999999999,12,3.1379310344827585
744,Populus heterophylla,Populus heterophylla,swamp cottonwood,species,1,NA_NOT_AVAILABLE_IN_FROZEN_REF_SPECIES,0,50,115725,38,91,2970,22,57920,57805,27,11,2846,2830,21,7,6,15,1,0.2727272727272727,0.3333333333333333,3.0,0.4074074074074074,2.4545454545454546,0.5909090909090909,7,0.5454545454545454,1486.6068747318507,7,0.5714285714285714,1486.6068747318507,6,0.2857142857142857,1188.4864324004714,CONTINUOUS_METRICS_ONLY_NO_FINAL_RULE,1.0,AVAILABLE_IN_FIADB_NOT_APPLIED; EVALID_LINKAGE_REQUIRED_FOR_FORMAL_ESTIMATION,0,1,1,1.0,1.0,1.0,2.0,3.900000000000002,4,1.7272727272727273,1,1.0,1.0,3.5,5.75,6.900000000000002,16,4.136363636363637
744,Populus heterophylla,Populus heterophylla,swamp cottonwood,species,1,NA_NOT_AVAILABLE_IN_FROZEN_REF_SPECIES,0,75,115725,38,91,1441,17,57920,57805,27,11,1411,1397,17,8,8,9,0,0.47058823529411764,0.47058823529411764,2.125,0.4074074074074074,2.4545454545454546,0.47058823529411764,5,0.5294117647058824,1538.8713396512394,5,0.5294117647058824,1538.8713396512394,4,0.625,1211.6620816052632,CONTINUOUS_METRICS_ONLY_NO_FINAL_RULE,1.0,AVAILABLE_IN_FIADB_NOT_APPLIED; EVALID_LINKAGE_REQUIRED_FOR_FORMAL_ESTIMATION,0,1,1,1.0,1.0,2.0,3.0,4.4,6,2.235294117647059,1,1.0,2.0,4.0,7.0,10.200000000000001,16,5.352941176470588
745,Populus deltoides ssp. monilifera,Populus deltoides ssp. monilifera,plains cottonwood,infraspecies,1,NA_NOT_AVAILABLE_IN_FROZEN_REF_SPECIES,0,25,115725,12,102,10051,12,57920,57805,7,5,9235,9171,7,5,0,7,5,0.0,0.7142857142857143,1.4,0.7142857142857143,1.4,1.0,11,0.16666666666666666,1604.8753845704034,6,0.2857142857142857,1564.648522831885,5,0.2,1439.6180048887968,CONTINUOUS_METRICS_ONLY_NO_FINAL_RULE,1.0,AVAILABLE_IN_FIADB_NOT_APPLIED; EVALID_LINKAGE_REQUIRED_FOR_FORMAL_ESTIMATION,0,1,1,1.0,1.0,1.0,1.0,1.0,1,1.0,1,2.1,4.5,5.5,7.5,19.800000000000004,32,8.5
745,Populus deltoides ssp. monilifera,Populus deltoides ssp. monilifera,plains cottonwood,infraspecies,1,NA_NOT_AVAILABLE_IN_FROZEN_REF_SPECIES,0,50,115725,12,102,2970,12,57920,57805,7,5,2846,2830,7,5,0,7,5,0.0,0.7142857142857143,1.4,0.7142857142857143,1.4,1.0,10,0.16666666666666666,1628.649747490233,5,0.2857142857142857,1589.0248582070703,5,0.2,1439.6180048887968,CONTINUOUS_METRICS_ONLY_NO_FINAL_RULE,1.0,AVAILABLE_IN_FIADB_NOT_APPLIED; EVALID_LINKAGE_REQUIRED_FOR_FORMAL_ESTIMATION,0,1,1,1.0,1.0,1.0,1.0,1.0,1,1.0,1,2.1,4.5,5.5,7.5,19.800000000000004,32,8.5
745,Populus deltoides ssp. monilifera,Populus deltoides ssp. monilifera,plains cottonwood,infraspecies,1,NA_NOT_AVAILABLE_IN_FROZEN_REF_SPECIES,0,75,115725,12,102,1441,12,57920,57805,7,5,1411,1397,7,5,0,7,5,0.0,0.7142857142857143,1.4,0.7142857142857143,1.4,1.0,9,0.16666666666666666,1589.2215075312818,5,0.2857142857142857,1546.164609606623,5,0.2,1448.4905936870975,CONTINUOUS_METRICS_ONLY_NO_FINAL_RULE,1.0,AVAILABLE_IN_FIADB_NOT_APPLIED; EVALID_LINKAGE_REQUIRED_FOR_FORMAL_ESTIMATION,0,1,1,1.0,1.0,1.0,1.0,1.0,1,1.0,1,2.1,4.5,5.5,7.5,19.800000000000004,32,8.5
746,Populus tremuloides,Populus tremuloides,quaking aspen,species,1,NA_NOT_AVAILABLE_IN_FROZEN_REF_SPECIES,0,25,115725,8321,73339,10051,1733,57920,57805,4127,4194,9235,9171,1333,1340,940,393,400,0.5424120023081361,0.994776119402985,0.994776119402985,0.9840247973295183,0.9840247973295183,0.3242931332948644,173,0.36641661858049623,4868.585523537612,185,0.3983495873968492,4721.493407810711,182,0.4097014925373134,4868.585523537612,CONTINUOUS_METRICS_ONLY_NO_FINAL_RULE,1.0,AVAILABLE_IN_FIADB_NOT_APPLIED; EVALID_LINKAGE_REQUIRED_FOR_FORMAL_ESTIMATION,0,1,1,1.0,1.0,3.0,5.0,13.0,34,4.801500288517023,1,1.0,4.0,12.0,45.0,134.0,518,42.31909982688979
746,Populus tremuloides,Populus tremuloides,quaking aspen,species,1,NA_NOT_AVAILABLE_IN_FROZEN_REF_SPECIES,0,50,115725,8321,73339,2970,697,57920,57805,4127,4194,2846,2830,584,579,466,118,113,0.6685796269727403,0.9914383561643836,1.008635578583765,0.9840247973295183,0.9840247973295183,0.2309899569583931,75,0.3113342898134864,4858.497710198081,70,0.339041095890411,4721.493407810711,76,0.35060449050086356,4858.497710198081,CONTINUOUS_METRICS_ONLY_NO_FINAL_RULE,1.0,AVAILABLE_IN_FIADB_NOT_APPLIED; EVALID_LINKAGE_REQUIRED_FOR_FORMAL_ESTIMATION,0,1,1,1.0,2.0,5.0,13.0,32.0,109,11.938307030129124,1,2.0,6.0,23.0,88.0,323.4,1529,105.2209469153515
746,Populus tremuloides,Populus tremuloides,quaking aspen,species,1,NA_NOT_AVAILABLE_IN_FROZEN_REF_SPECIES,0,75,115725,8321,73339,1441,408,57920,57805,4127,4194,1411,1397,346,352,290,56,62,0.7107843137254902,0.9829545454545454,0.9829545454545454,0.9840247973295183,0.9840247973295183,0.20098039215686275,37,0.3382352941176471,4866.338459252501,40,0.3265895953757225,4698.736532303125,43,0.30113636363636365,4866.338459252501,CONTINUOUS_METRICS_ONLY_NO_FINAL_RULE,1.0,AVAILABLE_IN_FIADB_NOT_APPLIED; EVALID_LINKAGE_REQUIRED_FOR_FORMAL_ESTIMATION,0,1,1,1.0,2.0,7.0,20.0,48.900000000000034,199,20.394607843137255,1,2.0,8.75,36.0,130.25,473.90000000000003,2637,179.75245098039215
747,Populus balsamifera ssp. trichocarpa,Populus balsamifera ssp. trichocarpa,black cottonwood,infraspecies,1,NA_NOT_AVAILABLE_IN_FROZEN_REF_SPECIES,0,25,115725,206,628,10051,155,57920,57805,113,93,9235,9171,96,83,24,72,59,0.15483870967741936,0.8645833333333334,1.1566265060240963,0.8230088495575221,1.2150537634408602,0.7354838709677419,67,0.24516129032258063,1936.6530406864313,57,0.125,1769.1806012954132,53,0.07228915662650602,1920.9372712298546,CONTINUOUS_METRICS_ONLY_NO_FINAL_RULE,1.0,AVAILABLE_IN_FIADB_NOT_APPLIED; EVALID_LINKAGE_REQUIRED_FOR_FORMAL_ESTIMATION,0,1,1,1.0,1.0,1.0,2.0,2.0,4,1.3290322580645162,1,1.0,1.0,2.0,5.0,10.0,32,4.051612903225807
747,Populus balsamifera ssp. trichocarpa,Populus balsamifera ssp. trichocarpa,black cottonwood,infraspecies,1,NA_NOT_AVAILABLE_IN_FROZEN_REF_SPECIES,0,50,115725,206,628,2970,100,57920,57805,113,93,2846,2830,69,68,37,32,31,0.37,0.9855072463768116,1.0147058823529411,0.8230088495575221,1.2150537634408602,0.51,30,0.32,1920.9372712298546,23,0.34782608695652173,1769.1806012954132,21,0.29411764705882354,1920.9372712298546,CONTINUOUS_METRICS_ONLY_NO_FINAL_RULE,1.0,AVAILABLE_IN_FIADB_NOT_APPLIED; EVALID_LINKAGE_REQUIRED_FOR_FORMAL_ESTIMATION,0,1,1,1.0,1.0,1.0,3.0,4.0,8,2.06,1,1.0,2.0,4.0,8.0,16.0,40,6.28
747,Populus balsamifera ssp. trichocarpa,Populus balsamifera ssp. trichocarpa,black cottonwood,infraspecies,1,NA_NOT_AVAILABLE_IN_FROZEN_REF_SPECIES,0,75,115725,206,628,1441,71,57920,57805,113,93,1411,1397,51,52,32,19,20,0.4507042253521127,0.9807692307692307,0.9807692307692307,0.8230088495575221,1.2150537634408602,0.5070422535211268,17,0.647887323943662,1920.9372712298546,15,0.4117647058823529,1750.8926294893129,11,0.6923076923076923,1920.9372712298546,CONTINUOUS_METRICS_ONLY_NO_FINAL_RULE,1.0,AVAILABLE_IN_FIADB_NOT_APPLIED; EVALID_LINKAGE_REQUIRED_FOR_FORMAL_ESTIMATION,0,1,1,1.0,1.0,1.0,4.0,7.0,12,2.9014084507042255,1,1.0,2.0,5.0,12.5,22.0,54,8.845070422535212
748,Populus fremontii,Populus fremontii,Fremont cottonwood,species,1,NA_NOT_AVAILABLE_IN_FROZEN_REF_SPECIES,0,25,115725,25,156,10051,25,57920,57805,14,11,9235,9171,14,11,0,14,11,0.0,0.7857142857142857,1.2727272727272727,0.7857142857142857,1.2727272727272727,1.0,21,0.08,1683.931411904891,14,0.07142857142857142,1627.8820596099706,11,0.09090909090909091,1635.9248148982886,CONTINUOUS_METRICS_ONLY_NO_FINAL_RULE,1.0,AVAILABLE_IN_FIADB_NOT_APPLIED; EVALID_LINKAGE_REQUIRED_FOR_FORMAL_ESTIMATION,0,1,1,1.0,1.0,1.0,1.0,1.0,1,1.0,1,1.0,2.0,3.0,10.0,14.0,16,6.24
748,Populus fremontii,Populus fremontii,Fremont cottonwood,species,1,NA_NOT_AVAILABLE_IN_FROZEN_REF_SPECIES,0,50,115725,25,156,2970,24,57920,57805,14,11,2846,2830,14,11,1,13,10,0.041666666666666664,0.7857142857142857,1.2727272727272727,0.7857142857142857,1.2727272727272727,0.9583333333333334,14,0.16666666666666666,1665.0825805346713,11,0.14285714285714285,1627.8820596099706,10,0.18181818181818182,1600.7810593582121,CONTINUOUS_METRICS_ONLY_NO_FINAL_RULE,1.0,AVAILABLE_IN_FIADB_NOT_APPLIED; EVALID_LINKAGE_REQUIRED_FOR_FORMAL_ESTIMATION,0,1,1,1.0,1.0,1.0,1.0,1.0,2,1.0416666666666667,1,1.0,2.75,4.5,10.75,14.0,16,6.5
748,Populus fremontii,Populus fremontii,Fremont cottonwood,species,1,NA_NOT_AVAILABLE_IN_FROZEN_REF_SPECIES,0,75,115725,25,156,1441,21,57920,57805,14,11,1411,1397,14,11,4,10,7,0.19047619047619047,0.7857142857142857,1.2727272727272727,0.7857142857142857,1.2727272727272727,0.8095238095238095,10,0.23809523809523808,1700.367607313195,10,0.21428571428571427,1644.878414959598,7,0.36363636363636365,1651.703665915893,CONTINUOUS_METRICS_ONLY_NO_FINAL_RULE,1.0,AVAILABLE_IN_FIADB_NOT_APPLIED; EVALID_LINKAGE_REQUIRED_FOR_FORMAL_ESTIMATION,0,1,1,1.0,1.0,1.0,1.0,2.0,2,1.1904761904761905,1,1.0,2.0,6.0,13.0,17.0,23,7.428571428571429
749,Populus angustifolia,Populus angustifolia,narrowleaf cottonwood,species,1,NA_NOT_AVAILABLE_IN_FROZEN_REF_SPECIES,0,25,115725,47,225,10051,46,57920,57805,32,15,9235,9171,31,15,0,31,15,0.0,0.4838709677419355,2.066666666666667,0.46875,2.1333333333333333,0.9782608695652174,40,0.06521739130434782,1533.1748106461964,28,0.06451612903225806,1533.1748106461964,15,0.06666666666666667,1131.9231422671771,CONTINUOUS_METRICS_ONLY_NO_FINAL_RULE,1.0,AVAILABLE_IN_FIADB_NOT_APPLIED; EVALID_LINKAGE_REQUIRED_FOR_FORMAL_ESTIMATION,0,1,1,1.0,1.0,1.0,1.0,1.0,2,1.0217391304347827,1,1.5,2.0,3.5,6.0,9.0,26,4.891304347826087
749,Populus angustifolia,Populus angustifolia,narrowleaf cottonwood,species,1,NA_NOT_AVAILABLE_IN_FROZEN_REF_SPECIES,0,50,115725,47,225,2970,41,57920,57805,32,15,2846,2830,28,15,2,26,13,0.04878048780487805,0.5357142857142857,1.8666666666666667,0.46875,2.1333333333333333,0.8780487804878049,33,0.0975609756097561,1543.5349040433132,24,0.10714285714285714,1543.5349040433132,14,0.13333333333333333,1166.1903789690602,CONTINUOUS_METRICS_ONLY_NO_FINAL_RULE,1.0,AVAILABLE_IN_FIADB_NOT_APPLIED; EVALID_LINKAGE_REQUIRED_FOR_FORMAL_ESTIMATION,0,1,1,1.0,1.0,1.0,1.0,2.0,3,1.146341463414634,1,2.0,2.0,4.0,7.0,9.0,26,5.487804878048781
749,Populus angustifolia,Populus angustifolia,narrowleaf cottonwood,species,1,NA_NOT_AVAILABLE_IN_FROZEN_REF_SPECIES,0,75,115725,47,225,1441,37,57920,57805,32,15,1411,1397,27,14,4,23,10,0.10810810810810811,0.5185185185185185,1.9285714285714286,0.46875,2.1333333333333333,0.8108108108108109,28,0.13513513513513514,1576.784703122148,21,0.14814814814814814,1576.784703122148,14,0.07142857142857142,1144.825314185531,CONTINUOUS_METRICS_ONLY_NO_FINAL_RULE,1.0,AVAILABLE_IN_FIADB_NOT_APPLIED; EVALID_LINKAGE_REQUIRED_FOR_FORMAL_ESTIMATION,0,1,1,1.0,1.0,1.0,1.0,2.0,3,1.2702702702702702,1,2.0,3.0,4.0,9.0,10.399999999999999,26,6.081081081081081
752,Populus alba,Populus alba,silver poplar,species,1,NA_NOT_AVAILABLE_IN_FROZEN_REF_SPECIES,0,25,115725,2,4,10051,2,57920,57805,1,1,9235,9171,1,1,0,1,1,0.0,1.0,1.0,1.0,1.0,1.0,2,0.5,35.35533905932738,1,1.0,0.0,1,1.0,0.0,CONTINUOUS_METRICS_ONLY_NO_FINAL_RULE,1.0,AVAILABLE_IN_FIADB_NOT_APPLIED; EVALID_LINKAGE_REQUIRED_FOR_FORMAL_ESTIMATION,1,1,1,1.0,1.0,1.0,1.0,1.0,1,1.0,1,1.2000000000000002,1.5,2.0,2.5,2.8000000000000003,3,2.0
752,Populus alba,Populus alba,silver poplar,species,1,NA_NOT_AVAILABLE_IN_FROZEN_REF_SPECIES,0,50,115725,2,4,2970,2,57920,57805,1,1,2846,2830,1,1,0,1,1,0.0,1.0,1.0,1.0,1.0,1.0,2,0.5,70.71067811865476,1,1.0,0.0,1,1.0,0.0,CONTINUOUS_METRICS_ONLY_NO_FINAL_RULE,1.0,AVAILABLE_IN_FIADB_NOT_APPLIED; EVALID_LINKAGE_REQUIRED_FOR_FORMAL_ESTIMATION,1,1,1,1.0,1.0,1.0,1.0,1.0,1,1.0,1,1.2000000000000002,1.5,2.0,2.5,2.8000000000000003,3,2.0
752,Populus alba,Populus alba,silver poplar,species,1,NA_NOT_AVAILABLE_IN_FROZEN_REF_SPECIES,0,75,115725,2,4,1441,2,57920,57805,1,1,1411,1397,1,1,0,1,1,0.0,1.0,1.0,1.0,1.0,1.0,2,0.5,106.06601717798213,1,1.0,0.0,1,1.0,0.0,CONTINUOUS_METRICS_ONLY_NO_FINAL_RULE,1.0,AVAILABLE_IN_FIADB_NOT_APPLIED; EVALID_LINKAGE_REQUIRED_FOR_FORMAL_ESTIMATION,1,1,1,1.0,1.0,1.0,1.0,1.0,1,1.0,1,1.2000000000000002,1.5,2.0,2.5,2.8000000000000003,3,2.0
753,Populus nigra,Populus nigra,Lombardy poplar,species,1,NA_NOT_AVAILABLE_IN_FROZEN_REF_SPECIES,0,25,115725,3,85,10051,3,57920,57805,2,1,9235,9171,2,1,0,2,1,0.0,0.5,2.0,0.5,2.0,1.0,3,0.3333333333333333,1755.7049866079437,2,0.5,1619.0274858692178,1,1.0,0.0,CONTINUOUS_METRICS_ONLY_NO_FINAL_RULE,1.0,AVAILABLE_IN_FIADB_NOT_APPLIED; EVALID_LINKAGE_REQUIRED_FOR_FORMAL_ESTIMATION,1,1,1,1.0,1.0,1.0,1.0,1.0,1,1.0,1,6.8,15.5,30.0,42.0,49.2,54,28.333333333333332
753,Populus nigra,Populus nigra,Lombardy poplar,species,1,NA_NOT_AVAILABLE_IN_FROZEN_REF_SPECIES,0,50,115725,3,85,2970,3,57920,57805,2,1,2846,2830,2,1,0,2,1,0.0,0.5,2.0,0.5,2.0,1.0,3,0.3333333333333333,1755.7049866079437,2,0.5,1649.2422502470642,1,1.0,0.0,CONTINUOUS_METRICS_ONLY_NO_FINAL_RULE,1.0,AVAILABLE_IN_FIADB_NOT_APPLIED; EVALID_LINKAGE_REQUIRED_FOR_FORMAL_ESTIMATION,1,1,1,1.0,1.0,1.0,1.0,1.0,1,1.0,1,6.8,15.5,30.0,42.0,49.2,54,28.333333333333332
753,Populus nigra,Populus nigra,Lombardy poplar,species,1,NA_NOT_AVAILABLE_IN_FROZEN_REF_SPECIES,0,75,115725,3,85,1441,3,57920,57805,2,1,1411,1397,2,1,0,2,1,0.0,0.5,2.0,0.5,2.0,1.0,3,0.3333333333333333,1755.7049866079437,2,0.5,1619.0274858692176,1,1.0,0.0,CONTINUOUS_METRICS_ONLY_NO_FINAL_RULE,1.0,AVAILABLE_IN_FIADB_NOT_APPLIED; EVALID_LINKAGE_REQUIRED_FOR_FORMAL_ESTIMATION,1,1,1,1.0,1.0,1.0,1.0,1.0,1,1.0,1,6.8,15.5,30.0,42.0,49.2,54,28.333333333333332
756,Prosopis glandulosa,Prosopis glandulosa,honey mesquite,species,1,NA_NOT_AVAILABLE_IN_FROZEN_REF_SPECIES,1,25,115725,2489,13909,10051,713,57920,57805,1244,1245,9235,9171,574,541,402,172,139,0.5638148667601683,0.9425087108013938,1.0609981515711646,0.9991967871485944,0.9991967871485944,0.2903225806451613,61,0.5497896213183731,2355.0477702161375,65,0.519163763066202,2195.0227789250844,61,0.4898336414048059,2335.1927115336757,CONTINUOUS_METRICS_ONLY_NO_FINAL_RULE,1.0,AVAILABLE_IN_FIADB_NOT_APPLIED; EVALID_LINKAGE_REQUIRED_FOR_FORMAL_ESTIMATION,0,1,1,1.0,1.0,3.0,5.0,7.0,13,3.490883590462833,1,2.0,4.0,12.0,29.0,48.80000000000007,134,19.507713884992988
756,Prosopis glandulosa,Prosopis glandulosa,honey mesquite,species,1,NA_NOT_AVAILABLE_IN_FROZEN_REF_SPECIES,1,50,115725,2489,13909,2970,269,57920,57805,1244,1245,2846,2830,239,223,193,46,30,0.7174721189591078,0.9330543933054394,1.0717488789237668,0.9991967871485944,0.9991967871485944,0.1895910780669145,16,0.8104089219330854,2360.0847442411896,14,0.8326359832635983,2210.2036105300344,16,0.7937219730941704,2320.0215516240364,CONTINUOUS_METRICS_ONLY_NO_FINAL_RULE,1.0,AVAILABLE_IN_FIADB_NOT_APPLIED; EVALID_LINKAGE_REQUIRED_FOR_FORMAL_ESTIMATION,0,1,1,1.0,2.0,7.0,14.0,22.0,39,9.25278810408922,1,2.0,6.0,26.0,80.0,139.40000000000003,306,51.70631970260223
756,Prosopis glandulosa,Prosopis glandulosa,honey mesquite,species,1,NA_NOT_AVAILABLE_IN_FROZEN_REF_SPECIES,1,75,115725,2489,13909,1441,153,57920,57805,1244,1245,1411,1397,135,130,112,23,18,0.7320261437908496,0.9629629629629629,1.0384615384615385,0.9991967871485944,0.9991967871485944,0.16993464052287582,8,0.934640522875817,2355.0477702161375,8,0.7555555555555555,2250.0,5,0.9692307692307692,2295.784179752095,CONTINUOUS_METRICS_ONLY_NO_FINAL_RULE,1.0,AVAILABLE_IN_FIADB_NOT_APPLIED; EVALID_LINKAGE_REQUIRED_FOR_FORMAL_ESTIMATION,0,1,1,1.0,2.0,10.0,24.0,44.0,65,16.26797385620915,1,2.200000000000001,7.0,32.0,132.0,287.4000000000005,528,90.90849673202614
757,Prosopis velutina,Prosopis velutina,velvet mesquite,species,1,NA_NOT_AVAILABLE_IN_FROZEN_REF_SPECIES,1,25,115725,241,1475,10051,106,57920,57805,116,125,9235,9171,72,70,36,36,34,0.33962264150943394,0.9722222222222222,1.0285714285714285,0.928,0.928,0.5188679245283019,17,0.7547169811320755,790.5694150420948,18,0.375,730.1540933255117,21,0.5,763.2168761236874,CONTINUOUS_METRICS_ONLY_NO_FINAL_RULE,1.0,AVAILABLE_IN_FIADB_NOT_APPLIED; EVALID_LINKAGE_REQUIRED_FOR_FORMAL_ESTIMATION,0,1,1,1.0,1.0,1.0,3.0,4.5,8,2.2735849056603774,1,1.0,2.0,7.0,21.0,33.0,80,13.915094339622641
757,Prosopis velutina,Prosopis velutina,velvet mesquite,species,1,NA_NOT_AVAILABLE_IN_FROZEN_REF_SPECIES,1,50,115725,241,1475,2970,50,57920,57805,116,125,2846,2830,38,41,29,9,12,0.58,0.926829268292683,0.926829268292683,0.928,0.928,0.28,4,0.92,790.5694150420948,4,0.9210526315789473,710.6335201775947,4,0.8780487804878049,763.2168761236874,CONTINUOUS_METRICS_ONLY_NO_FINAL_RULE,1.0,AVAILABLE_IN_FIADB_NOT_APPLIED; EVALID_LINKAGE_REQUIRED_FOR_FORMAL_ESTIMATION,0,1,1,1.0,1.0,3.0,6.0,11.0,27,4.82,1,2.0,4.0,16.5,36.0,75.6,226,29.5
757,Prosopis velutina,Prosopis velutina,velvet mesquite,species,1,NA_NOT_AVAILABLE_IN_FROZEN_REF_SPECIES,1,75,115725,241,1475,1441,27,57920,57805,116,125,1411,1397,24,23,20,4,3,0.7407407407407407,0.9583333333333334,1.0434782608695652,0.928,0.928,0.14814814814814814,3,0.8888888888888888,750.0,4,0.875,750.0,3,0.9130434782608695,707.5485849042452,CONTINUOUS_METRICS_ONLY_NO_FINAL_RULE,1.0,AVAILABLE_IN_FIADB_NOT_APPLIED; EVALID_LINKAGE_REQUIRED_FOR_FORMAL_ESTIMATION,0,1,1,1.0,2.0,5.0,9.5,25.00000000000001,33,8.925925925925926,1,3.6,7.0,27.0,65.5,160.80000000000007,281,54.629629629629626
758,Prosopis pubescens,Prosopis pubescens,screwbean mesquite,species,1,NA_NOT_AVAILABLE_IN_FROZEN_REF_SPECIES,1,25,115725,1,2,10051,1,57920,57805,1,0,9235,9171,1,0,0,1,0,0.0,0.0,,0.0,,1.0,1,1.0,0.0,1,1.0,0.0,0,,,CONTINUOUS_METRICS_ONLY_NO_FINAL_RULE,1.0,AVAILABLE_IN_FIADB_NOT_APPLIED; EVALID_LINKAGE_REQUIRED_FOR_FORMAL_ESTIMATION,1,1,1,1.0,1.0,1.0,1.0,1.0,1,1.0,2,2.0,2.0,2.0,2.0,2.0,2,2.0
758,Prosopis pubescens,Prosopis pubescens,screwbean mesquite,species,1,NA_NOT_AVAILABLE_IN_FROZEN_REF_SPECIES,1,50,115725,1,2,2970,1,57920,57805,1,0,2846,2830,1,0,0,1,0,0.0,0.0,,0.0,,1.0,1,1.0,0.0,1,1.0,0.0,0,,,CONTINUOUS_METRICS_ONLY_NO_FINAL_RULE,1.0,AVAILABLE_IN_FIADB_NOT_APPLIED; EVALID_LINKAGE_REQUIRED_FOR_FORMAL_ESTIMATION,1,1,1,1.0,1.0,1.0,1.0,1.0,1,1.0,2,2.0,2.0,2.0,2.0,2.0,2,2.0
758,Prosopis pubescens,Prosopis pubescens,screwbean mesquite,species,1,NA_NOT_AVAILABLE_IN_FROZEN_REF_SPECIES,1,75,115725,1,2,1441,1,57920,57805,1,0,1411,1397,1,0,0,1,0,0.0,0.0,,0.0,,1.0,1,1.0,0.0,1,1.0,0.0,0,,,CONTINUOUS_METRICS_ONLY_NO_FINAL_RULE,1.0,AVAILABLE_IN_FIADB_NOT_APPLIED; EVALID_LINKAGE_REQUIRED_FOR_FORMAL_ESTIMATION,1,1,1,1.0,1.0,1.0,1.0,1.0,1,1.0,2,2.0,2.0,2.0,2.0,2.0,2,2.0
760,Prunus spp.,Prunus spp.,Prunus,species,1,NA_NOT_AVAILABLE_IN_FROZEN_REF_SPECIES,0,25,115725,6,6,10051,6,57920,57805,4,2,9235,9171,4,2,0,4,2,0.0,0.5,2.0,0.5,2.0,1.0,6,0.16666666666666666,1352.081728298996,4,0.25,989.0020222426241,2,0.5,625.4998001598402,CONTINUOUS_METRICS_ONLY_NO_FINAL_RULE,1.0,AVAILABLE_IN_FIADB_NOT_APPLIED; EVALID_LINKAGE_REQUIRED_FOR_FORMAL_ESTIMATION,0,1,1,1.0,1.0,1.0,1.0,1.0,1,1.0,1,1.0,1.0,1.0,1.0,1.0,1,1.0
760,Prunus spp.,Prunus spp.,Prunus,species,1,NA_NOT_AVAILABLE_IN_FROZEN_REF_SPECIES,0,50,115725,6,6,2970,6,57920,57805,4,2,2846,2830,4,2,0,4,2,0.0,0.5,2.0,0.5,2.0,1.0,6,0.16666666666666666,1328.5330255586423,4,0.25,965.6603957913983,2,0.5,600.0,CONTINUOUS_METRICS_ONLY_NO_FINAL_RULE,1.0,AVAILABLE_IN_FIADB_NOT_APPLIED; EVALID_LINKAGE_REQUIRED_FOR_FORMAL_ESTIMATION,0,1,1,1.0,1.0,1.0,1.0,1.0,1,1.0,1,1.0,1.0,1.0,1.0,1.0,1,1.0
760,Prunus spp.,Prunus spp.,Prunus,species,1,NA_NOT_AVAILABLE_IN_FROZEN_REF_SPECIES,0,75,115725,6,6,1441,6,57920,57805,4,2,1411,1397,4,2,0,4,2,0.0,0.5,2.0,0.5,2.0,1.0,6,0.16666666666666666,1352.081728298996,4,0.25,1044.629120788809,2,0.5,600.0,CONTINUOUS_METRICS_ONLY_NO_FINAL_RULE,1.0,AVAILABLE_IN_FIADB_NOT_APPLIED; EVALID_LINKAGE_REQUIRED_FOR_FORMAL_ESTIMATION,0,1,1,1.0,1.0,1.0,1.0,1.0,1,1.0,1,1.0,1.0,1.0,1.0,1.0,1,1.0
761,Prunus pensylvanica,Prunus pensylvanica,pin cherry,species,1,NA_NOT_AVAILABLE_IN_FROZEN_REF_SPECIES,0,25,115725,423,956,10051,280,57920,57805,202,221,9235,9171,157,170,47,110,123,0.16785714285714284,0.9235294117647059,0.9235294117647059,0.9140271493212669,0.9140271493212669,0.6714285714285714,112,0.2,2685.3770684952233,85,0.12101910828025478,2656.360291827899,87,0.12352941176470589,2550.122546074992,CONTINUOUS_METRICS_ONLY_NO_FINAL_RULE,1.0,AVAILABLE_IN_FIADB_NOT_APPLIED; EVALID_LINKAGE_REQUIRED_FOR_FORMAL_ESTIMATION,0,1,1,1.0,1.0,1.0,2.0,3.0,6,1.5107142857142857,1,1.0,1.0,2.0,3.25,7.0,59,3.414285714285714
761,Prunus pensylvanica,Prunus pensylvanica,pin cherry,species,1,NA_NOT_AVAILABLE_IN_FROZEN_REF_SPECIES,0,50,115725,423,956,2970,177,57920,57805,202,221,2846,2830,113,117,53,60,64,0.2994350282485876,0.9658119658119658,0.9658119658119658,0.9140271493212669,0.9140271493212669,0.5084745762711864,27,0.3785310734463277,2680.0186566514794,30,0.1504424778761062,2650.471656139714,29,0.41025641025641024,2570.0194551792792,CONTINUOUS_METRICS_ONLY_NO_FINAL_RULE,1.0,AVAILABLE_IN_FIADB_NOT_APPLIED; EVALID_LINKAGE_REQUIRED_FOR_FORMAL_ESTIMATION,0,1,1,1.0,1.0,1.0,3.0,5.0,11,2.389830508474576,1,1.0,1.0,3.0,5.0,11.0,108,5.401129943502825
761,Prunus pensylvanica,Prunus pensylvanica,pin cherry,species,1,NA_NOT_AVAILABLE_IN_FROZEN_REF_SPECIES,0,75,115725,423,956,1441,113,57920,57805,202,221,1411,1397,79,85,51,28,34,0.45132743362831856,0.9294117647058824,0.9294117647058824,0.9140271493212669,0.9140271493212669,0.34513274336283184,14,0.5663716814159292,2685.3770684952237,16,0.3037974683544304,2642.08724307128,20,0.4117647058823529,2565.3947064730605,CONTINUOUS_METRICS_ONLY_NO_FINAL_RULE,1.0,AVAILABLE_IN_FIADB_NOT_APPLIED; EVALID_LINKAGE_REQUIRED_FOR_FORMAL_ESTIMATION,0,1,1,1.0,1.0,2.0,4.0,8.799999999999997,22,3.743362831858407,1,1.0,1.0,4.0,8.0,17.799999999999997,139,8.460176991150442
762,Prunus serotina,Prunus serotina,black cherry,species,1,NA_NOT_AVAILABLE_IN_FROZEN_REF_SPECIES,0,25,115725,12388,31036,10051,3652,57920,57805,6200,6188,9235,9171,2866,2799,2013,853,786,0.5512048192771084,0.9766224703419399,1.0239371204001428,0.9980645161290322,1.0019392372333549,0.28806133625410735,105,0.9529025191675794,3419.5211653095525,207,0.5900209351011864,3363.406011768428,230,0.6709539121114684,3322.743595283873,CONTINUOUS_METRICS_ONLY_NO_FINAL_RULE,1.0,AVAILABLE_IN_FIADB_NOT_APPLIED; EVALID_LINKAGE_REQUIRED_FOR_FORMAL_ESTIMATION,0,1,1,1.0,1.0,3.0,4.0,7.0,50,3.3921139101861995,1,1.0,2.0,5.0,10.0,18.0,433,8.498357064622125
762,Prunus serotina,Prunus serotina,black cherry,species,1,NA_NOT_AVAILABLE_IN_FROZEN_REF_SPECIES,0,50,115725,12388,31036,2970,1197,57920,57805,6200,6188,2846,2830,1106,1097,1006,100,91,0.8404344193817878,0.9918625678119349,1.00820419325433,0.9980645161290322,1.0019392372333549,0.09690893901420217,10,0.9891395154553049,3400.7352146263906,13,0.9855334538878843,3363.406011768428,15,0.9790337283500455,3303.407331831786,CONTINUOUS_METRICS_ONLY_NO_FINAL_RULE,1.0,AVAILABLE_IN_FIADB_NOT_APPLIED; EVALID_LINKAGE_REQUIRED_FOR_FORMAL_ESTIMATION,0,1,1,2.0,4.0,8.0,14.0,22.0,98,10.34920634920635,1,2.0,6.0,15.0,31.0,54.0,584,25.928153717627403
762,Prunus serotina,Prunus serotina,black cherry,species,1,NA_NOT_AVAILABLE_IN_FROZEN_REF_SPECIES,0,75,115725,12388,31036,1441,577,57920,57805,6200,6188,1411,1397,553,553,529,24,24,0.9168110918544194,1.0,1.0,0.9980645161290322,1.0019392372333549,0.05545927209705372,4,0.9896013864818024,3400.73521462639,4,0.9927667269439421,3344.8654681466637,3,0.9909584086799277,3303.407331831786,CONTINUOUS_METRICS_ONLY_NO_FINAL_RULE,1.0,AVAILABLE_IN_FIADB_NOT_APPLIED; EVALID_LINKAGE_REQUIRED_FOR_FORMAL_ESTIMATION,0,1,1,2.6000000000000014,7.0,16.0,31.0,46.0,220,21.469670710571922,1,4.0,14.0,33.0,66.0,108.39999999999998,1366,53.788561525129985
763,Prunus virginiana,Prunus virginiana,chokecherry,species,1,NA_NOT_AVAILABLE_IN_FROZEN_REF_SPECIES,0,25,115725,64,90,10051,63,57920,57805,35,29,9235,9171,35,29,1,34,28,0.015873015873015872,0.8285714285714286,1.206896551724138,0.8285714285714286,1.206896551724138,0.9841269841269841,52,0.047619047619047616,4696.940493555353,28,0.08571428571428572,4491.102314577124,28,0.06896551724137931,4462.202371027114,CONTINUOUS_METRICS_ONLY_NO_FINAL_RULE,1.0,AVAILABLE_IN_FIADB_NOT_APPLIED; EVALID_LINKAGE_REQUIRED_FOR_FORMAL_ESTIMATION,0,1,1,1.0,1.0,1.0,1.0,1.0,2,1.0158730158730158,1,1.0,1.0,1.0,1.0,2.8000000000000043,6,1.4285714285714286
763,Prunus virginiana,Prunus virginiana,chokecherry,species,1,NA_NOT_AVAILABLE_IN_FROZEN_REF_SPECIES,0,50,115725,64,90,2970,56,57920,57805,35,29,2846,2830,29,28,1,28,27,0.017857142857142856,0.9655172413793104,1.0357142857142858,0.8285714285714286,1.206896551724138,0.875,44,0.07142857142857142,4681.87996428785,27,0.06896551724137931,4491.102314577124,25,0.10714285714285714,4447.7522413012175,CONTINUOUS_METRICS_ONLY_NO_FINAL_RULE,1.0,AVAILABLE_IN_FIADB_NOT_APPLIED; EVALID_LINKAGE_REQUIRED_FOR_FORMAL_ESTIMATION,0,1,1,1.0,1.0,1.0,1.0,2.0,3,1.1428571428571428,1,1.0,1.0,1.0,2.0,3.0,6,1.6071428571428572
763,Prunus virginiana,Prunus virginiana,chokecherry,species,1,NA_NOT_AVAILABLE_IN_FROZEN_REF_SPECIES,0,75,115725,64,90,1441,52,57920,57805,35,29,1411,1397,30,28,6,24,22,0.11538461538461539,0.9333333333333333,1.0714285714285714,0.8285714285714286,1.206896551724138,0.8269230769230769,34,0.09615384615384616,4696.940493555353,24,0.06666666666666667,4515.597967047111,23,0.10714285714285714,4485.601966291704,CONTINUOUS_METRICS_ONLY_NO_FINAL_RULE,1.0,AVAILABLE_IN_FIADB_NOT_APPLIED; EVALID_LINKAGE_REQUIRED_FOR_FORMAL_ESTIMATION,0,1,1,1.0,1.0,1.0,1.0,2.0,3,1.2307692307692308,1,1.0,1.0,1.0,2.0,3.0,8,1.7307692307692308
764,Prunus persica,Prunus persica,peach,species,1,NA_NOT_AVAILABLE_IN_FROZEN_REF_SPECIES,0,25,115725,1,2,10051,1,57920,57805,1,0,9235,9171,1,0,0,1,0,0.0,0.0,,0.0,,1.0,1,1.0,0.0,1,1.0,0.0,0,,,CONTINUOUS_METRICS_ONLY_NO_FINAL_RULE,1.0,AVAILABLE_IN_FIADB_NOT_APPLIED; EVALID_LINKAGE_REQUIRED_FOR_FORMAL_ESTIMATION,1,1,1,1.0,1.0,1.0,1.0,1.0,1,1.0,2,2.0,2.0,2.0,2.0,2.0,2,2.0
764,Prunus persica,Prunus persica,peach,species,1,NA_NOT_AVAILABLE_IN_FROZEN_REF_SPECIES,0,50,115725,1,2,2970,1,57920,57805,1,0,2846,2830,1,0,0,1,0,0.0,0.0,,0.0,,1.0,1,1.0,0.0,1,1.0,0.0,0,,,CONTINUOUS_METRICS_ONLY_NO_FINAL_RULE,1.0,AVAILABLE_IN_FIADB_NOT_APPLIED; EVALID_LINKAGE_REQUIRED_FOR_FORMAL_ESTIMATION,1,1,1,1.0,1.0,1.0,1.0,1.0,1,1.0,2,2.0,2.0,2.0,2.0,2.0,2,2.0
764,Prunus persica,Prunus persica,peach,species,1,NA_NOT_AVAILABLE_IN_FROZEN_REF_SPECIES,0,75,115725,1,2,1441,1,57920,57805,1,0,1411,1397,1,0,0,1,0,0.0,0.0,,0.0,,1.0,1,1.0,0.0,1,1.0,0.0,0,,,CONTINUOUS_METRICS_ONLY_NO_FINAL_RULE,1.0,AVAILABLE_IN_FIADB_NOT_APPLIED; EVALID_LINKAGE_REQUIRED_FOR_FORMAL_ESTIMATION,1,1,1,1.0,1.0,1.0,1.0,1.0,1,1.0,2,2.0,2.0,2.0,2.0,2.0,2,2.0
766,Prunus americana,Prunus americana,American plum,species,1,NA_NOT_AVAILABLE_IN_FROZEN_REF_SPECIES,0,25,115725,45,60,10051,45,57920,57805,19,26,9235,9171,19,26,0,19,26,0.0,0.7307692307692307,0.7307692307692307,0.7307692307692307,0.7307692307692307,1.0,41,0.044444444444444446,2246.8032846691317,17,0.10526315789473684,1786.232067789625,25,0.07692307692307693,2246.8032846691317,CONTINUOUS_METRICS_ONLY_NO_FINAL_RULE,1.0,AVAILABLE_IN_FIADB_NOT_APPLIED; EVALID_LINKAGE_REQUIRED_FOR_FORMAL_ESTIMATION,0,1,1,1.0,1.0,1.0,1.0,1.0,1,1.0,1,1.0,1.0,1.0,1.0,2.0,5,1.3333333333333333
766,Prunus americana,Prunus americana,American plum,species,1,NA_NOT_AVAILABLE_IN_FROZEN_REF_SPECIES,0,50,115725,45,60,2970,42,57920,57805,19,26,2846,2830,18,26,2,16,24,0.047619047619047616,0.6923076923076923,0.6923076923076923,0.7307692307692307,0.7307692307692307,0.9285714285714286,37,0.07142857142857142,2263.8462845343543,17,0.1111111111111111,1803.4688796871433,25,0.07692307692307693,2263.8462845343543,CONTINUOUS_METRICS_ONLY_NO_FINAL_RULE,1.0,AVAILABLE_IN_FIADB_NOT_APPLIED; EVALID_LINKAGE_REQUIRED_FOR_FORMAL_ESTIMATION,0,1,1,1.0,1.0,1.0,1.0,1.0,2,1.0714285714285714,1,1.0,1.0,1.0,1.0,2.0,5,1.4285714285714286
766,Prunus americana,Prunus americana,American plum,species,1,NA_NOT_AVAILABLE_IN_FROZEN_REF_SPECIES,0,75,115725,45,60,1441,39,57920,57805,19,26,1411,1397,17,26,4,13,22,0.10256410256410256,0.6538461538461539,0.6538461538461539,0.7307692307692307,0.7307692307692307,0.8717948717948718,30,0.1794871794871795,2281.0359488618324,15,0.11764705882352941,1806.2391868188445,20,0.23076923076923078,2281.0359488618324,CONTINUOUS_METRICS_ONLY_NO_FINAL_RULE,1.0,AVAILABLE_IN_FIADB_NOT_APPLIED; EVALID_LINKAGE_REQUIRED_FOR_FORMAL_ESTIMATION,0,1,1,1.0,1.0,1.0,1.0,2.0,3,1.1538461538461537,1,1.0,1.0,1.0,2.0,3.200000000000003,5,1.5384615384615385
768,Prunus emarginata,Prunus emarginata,bitter cherry,species,1,NA_NOT_AVAILABLE_IN_FROZEN_REF_SPECIES,0,25,115725,161,377,10051,98,57920,57805,82,79,9235,9171,60,61,23,37,38,0.23469387755102042,0.9836065573770492,0.9836065573770492,0.9634146341463414,1.0379746835443038,0.6020408163265306,30,0.4489795918367347,1149.1844934561204,25,0.15,957.2094859538323,29,0.19672131147540983,1114.9551560488878,CONTINUOUS_METRICS_ONLY_NO_FINAL_RULE,1.0,AVAILABLE_IN_FIADB_NOT_APPLIED; EVALID_LINKAGE_REQUIRED_FOR_FORMAL_ESTIMATION,0,1,1,1.0,1.0,1.0,2.0,3.0,5,1.6428571428571428,1,1.0,1.0,2.0,4.75,10.299999999999997,18,3.8469387755102042
768,Prunus emarginata,Prunus emarginata,bitter cherry,species,1,NA_NOT_AVAILABLE_IN_FROZEN_REF_SPECIES,0,50,115725,161,377,2970,58,57920,57805,82,79,2846,2830,44,43,29,15,14,0.5,0.9772727272727273,1.0232558139534884,0.9634146341463414,1.0379746835443038,0.3275862068965517,7,0.8275862068965517,1131.370849898476,7,0.7954545454545454,921.9544457292888,7,0.5116279069767442,1096.5856099730654,CONTINUOUS_METRICS_ONLY_NO_FINAL_RULE,1.0,AVAILABLE_IN_FIADB_NOT_APPLIED; EVALID_LINKAGE_REQUIRED_FOR_FORMAL_ESTIMATION,0,1,1,1.0,1.0,2.0,3.0,5.300000000000004,10,2.7758620689655173,1,1.0,2.0,3.0,10.0,15.300000000000004,33,6.5
768,Prunus emarginata,Prunus emarginata,bitter cherry,species,1,NA_NOT_AVAILABLE_IN_FROZEN_REF_SPECIES,0,75,115725,161,377,1441,34,57920,57805,82,79,1411,1397,28,30,24,4,6,0.7058823529411765,0.9333333333333333,0.9333333333333333,0.9634146341463414,1.0379746835443038,0.20588235294117646,4,0.8823529411764706,1114.955156048888,2,0.9285714285714286,903.1195934094222,4,0.9,1114.955156048888,CONTINUOUS_METRICS_ONLY_NO_FINAL_RULE,1.0,AVAILABLE_IN_FIADB_NOT_APPLIED; EVALID_LINKAGE_REQUIRED_FOR_FORMAL_ESTIMATION,0,1,1,1.0,2.0,4.5,6.75,9.7,13,4.735294117647059,1,1.0,2.25,7.5,17.75,23.799999999999997,37,11.088235294117647
771,Prunus avium,Prunus avium,sweet cherry,species,1,NA_NOT_AVAILABLE_IN_FROZEN_REF_SPECIES,0,25,115725,140,238,10051,123,57920,57805,65,75,9235,9171,61,70,8,53,62,0.06504065040650407,0.8714285714285714,0.8714285714285714,0.8666666666666667,0.8666666666666667,0.8699186991869918,64,0.12195121951219512,4318.85401466639,45,0.08196721311475409,4152.183160699923,50,0.05714285714285714,4318.85401466639,CONTINUOUS_METRICS_ONLY_NO_FINAL_RULE,1.0,AVAILABLE_IN_FIADB_NOT_APPLIED; EVALID_LINKAGE_REQUIRED_FOR_FORMAL_ESTIMATION,0,1,1,1.0,1.0,1.0,1.0,2.0,3,1.1382113821138211,1,1.0,1.0,1.0,2.0,4.0,9,1.934959349593496
771,Prunus avium,Prunus avium,sweet cherry,species,1,NA_NOT_AVAILABLE_IN_FROZEN_REF_SPECIES,0,50,115725,140,238,2970,89,57920,57805,65,75,2846,2830,51,59,21,30,38,0.23595505617977527,0.864406779661017,0.864406779661017,0.8666666666666667,0.8666666666666667,0.6179775280898876,19,0.4157303370786517,4318.85401466639,22,0.19607843137254902,4128.256290493603,26,0.1694915254237288,4318.85401466639,CONTINUOUS_METRICS_ONLY_NO_FINAL_RULE,1.0,AVAILABLE_IN_FIADB_NOT_APPLIED; EVALID_LINKAGE_REQUIRED_FOR_FORMAL_ESTIMATION,0,1,1,1.0,1.0,1.0,2.0,3.0,5,1.5730337078651686,1,1.0,1.0,2.0,4.0,5.200000000000003,9,2.6741573033707864
771,Prunus avium,Prunus avium,sweet cherry,species,1,NA_NOT_AVAILABLE_IN_FROZEN_REF_SPECIES,0,75,115725,140,238,1441,60,57920,57805,65,75,1411,1397,42,47,29,13,18,0.48333333333333334,0.8936170212765957,0.8936170212765957,0.8666666666666667,0.8666666666666667,0.4,12,0.4666666666666667,4318.854014666391,7,0.5238095238095238,4152.183160699923,18,0.3617021276595745,4318.854014666391,CONTINUOUS_METRICS_ONLY_NO_FINAL_RULE,1.0,AVAILABLE_IN_FIADB_NOT_APPLIED; EVALID_LINKAGE_REQUIRED_FOR_FORMAL_ESTIMATION,0,1,1,1.0,1.0,2.0,3.0,4.0,6,2.3333333333333335,1,1.0,1.0,3.0,6.0,7.0,18,3.966666666666667
773,Prunus domestica,Prunus domestica,European plum,species,1,NA_NOT_AVAILABLE_IN_FROZEN_REF_SPECIES,0,25,115725,2,2,10051,2,57920,57805,0,2,9235,9171,0,2,0,0,2,0.0,0.0,0.0,0.0,0.0,1.0,2,0.5,3283.005482785553,0,,,2,0.5,3283.005482785553,CONTINUOUS_METRICS_ONLY_NO_FINAL_RULE,1.0,AVAILABLE_IN_FIADB_NOT_APPLIED; EVALID_LINKAGE_REQUIRED_FOR_FORMAL_ESTIMATION,1,1,1,1.0,1.0,1.0,1.0,1.0,1,1.0,1,1.0,1.0,1.0,1.0,1.0,1,1.0
773,Prunus domestica,Prunus domestica,European plum,species,1,NA_NOT_AVAILABLE_IN_FROZEN_REF_SPECIES,0,50,115725,2,2,2970,2,57920,57805,0,2,2846,2830,0,2,0,0,2,0.0,0.0,0.0,0.0,0.0,1.0,2,0.5,3290.1367752724204,0,,,2,0.5,3290.1367752724204,CONTINUOUS_METRICS_ONLY_NO_FINAL_RULE,1.0,AVAILABLE_IN_FIADB_NOT_APPLIED; EVALID_LINKAGE_REQUIRED_FOR_FORMAL_ESTIMATION,1,1,1,1.0,1.0,1.0,1.0,1.0,1,1.0,1,1.0,1.0,1.0,1.0,1.0,1,1.0
773,Prunus domestica,Prunus domestica,European plum,species,1,NA_NOT_AVAILABLE_IN_FROZEN_REF_SPECIES,0,75,115725,2,2,1441,2,57920,57805,0,2,1411,1397,0,2,0,0,2,0.0,0.0,0.0,0.0,0.0,1.0,2,0.5,3276.049450176233,0,,,2,0.5,3276.049450176233,CONTINUOUS_METRICS_ONLY_NO_FINAL_RULE,1.0,AVAILABLE_IN_FIADB_NOT_APPLIED; EVALID_LINKAGE_REQUIRED_FOR_FORMAL_ESTIMATION,1,1,1,1.0,1.0,1.0,1.0,1.0,1,1.0,1,1.0,1.0,1.0,1.0,1.0,1,1.0
801,Quercus agrifolia,Quercus agrifolia,California live oak,species,1,NA_NOT_AVAILABLE_IN_FROZEN_REF_SPECIES,0,25,115725,147,992,10051,66,57920,57805,74,73,9235,9171,45,46,25,20,21,0.3787878787878788,0.9782608695652174,0.9782608695652174,0.9864864864864865,1.0136986301369864,0.4696969696969697,16,0.2878787878787879,972.753822917186,16,0.26666666666666666,905.8835465996718,16,0.391304347826087,972.753822917186,CONTINUOUS_METRICS_ONLY_NO_FINAL_RULE,1.0,AVAILABLE_IN_FIADB_NOT_APPLIED; EVALID_LINKAGE_REQUIRED_FOR_FORMAL_ESTIMATION,0,1,1,1.0,1.0,2.0,3.0,4.5,7,2.227272727272727,1,1.0,5.0,10.0,21.75,28.5,74,15.030303030303031
801,Quercus agrifolia,Quercus agrifolia,California live oak,species,1,NA_NOT_AVAILABLE_IN_FROZEN_REF_SPECIES,0,50,115725,147,992,2970,37,57920,57805,74,73,2846,2830,29,29,21,8,8,0.5675675675675675,1.0,1.0,0.9864864864864865,1.0136986301369864,0.32432432432432434,4,0.7837837837837838,1006.2305898749054,5,0.7931034482758621,917.8779875342909,9,0.4827586206896552,1006.2305898749054,CONTINUOUS_METRICS_ONLY_NO_FINAL_RULE,1.0,AVAILABLE_IN_FIADB_NOT_APPLIED; EVALID_LINKAGE_REQUIRED_FOR_FORMAL_ESTIMATION,0,1,1,1.0,1.0,3.0,5.0,8.399999999999999,19,3.972972972972973,1,1.0,6.0,19.0,35.0,68.19999999999999,90,26.81081081081081
801,Quercus agrifolia,Quercus agrifolia,California live oak,species,1,NA_NOT_AVAILABLE_IN_FROZEN_REF_SPECIES,0,75,115725,147,992,1441,21,57920,57805,74,73,1411,1397,20,19,18,2,1,0.8571428571428571,0.95,1.0526315789473684,0.9864864864864865,1.0136986301369864,0.047619047619047616,3,0.8571428571428571,906.228448019593,3,0.85,906.228448019593,3,0.8421052631578947,906.228448019593,CONTINUOUS_METRICS_ONLY_NO_FINAL_RULE,1.0,AVAILABLE_IN_FIADB_NOT_APPLIED; EVALID_LINKAGE_REQUIRED_FOR_FORMAL_ESTIMATION,0,1,1,2.0,3.0,6.0,9.0,13.0,18,7.0,1,10.0,17.0,32.0,79.0,98.0,116,47.23809523809524
802,Quercus alba,Quercus alba,white oak,species,1,NA_NOT_AVAILABLE_IN_FROZEN_REF_SPECIES,0,25,115725,14722,52656,10051,2948,57920,57805,7455,7267,9235,9171,2436,2414,1902,534,512,0.6451831750339213,0.9909688013136289,1.0091135045567523,0.9747820254862508,1.0258703729186736,0.2364314789687924,111,0.8378561736770692,2901.0773860757317,158,0.8132183908045977,2865.74597618142,149,0.8131731565865783,2850.5481928920267,CONTINUOUS_METRICS_ONLY_NO_FINAL_RULE,1.0,AVAILABLE_IN_FIADB_NOT_APPLIED; EVALID_LINKAGE_REQUIRED_FOR_FORMAL_ESTIMATION,0,1,1,1.0,2.0,4.0,7.0,11.0,39,4.9938941655359566,1,1.0,3.0,9.0,23.0,41.30000000000018,331,17.861601085481684
802,Quercus alba,Quercus alba,white oak,species,1,NA_NOT_AVAILABLE_IN_FROZEN_REF_SPECIES,0,50,115725,14722,52656,2970,977,57920,57805,7455,7267,2846,2830,888,894,805,83,89,0.8239508700102354,0.9932885906040269,0.9932885906040269,0.9747820254862508,1.0258703729186736,0.11463664278403275,14,0.9836233367451381,2902.585054739998,15,0.9763513513513513,2865.74597618142,15,0.9832214765100671,2869.233347080715,CONTINUOUS_METRICS_ONLY_NO_FINAL_RULE,1.0,AVAILABLE_IN_FIADB_NOT_APPLIED; EVALID_LINKAGE_REQUIRED_FOR_FORMAL_ESTIMATION,0,1,1,1.0,3.0,10.0,22.0,35.0,116,15.068577277379735,1,2.6000000000000085,8.0,26.0,71.0,132.39999999999998,896,53.89559877175026
802,Quercus alba,Quercus alba,white oak,species,1,NA_NOT_AVAILABLE_IN_FROZEN_REF_SPECIES,0,75,115725,14722,52656,1441,484,57920,57805,7455,7267,1411,1397,456,452,424,32,28,0.8760330578512396,0.9912280701754386,1.008849557522124,0.9747820254862508,1.0258703729186736,0.08471074380165289,3,0.9896694214876033,2921.1513141225673,4,0.9890350877192983,2865.74597618142,5,0.9845132743362832,2871.628457861497,CONTINUOUS_METRICS_ONLY_NO_FINAL_RULE,1.0,AVAILABLE_IN_FIADB_NOT_APPLIED; EVALID_LINKAGE_REQUIRED_FOR_FORMAL_ESTIMATION,0,1,1,2.0,6.0,21.0,48.25,72.69999999999999,186,30.417355371900825,1,4.0,15.0,58.0,151.25,268.4,1420,108.79338842975207
803,Quercus arizonica,Quercus arizonica,Arizona white oak,species,1,NA_NOT_AVAILABLE_IN_FROZEN_REF_SPECIES,1,25,115725,342,2278,10051,109,57920,57805,158,184,9235,9171,83,79,53,30,26,0.48623853211009177,0.9518072289156626,1.0506329113924051,0.8586956521739131,0.8586956521739131,0.4036697247706422,26,0.5321100917431193,973.7171047075224,26,0.40963855421686746,840.3868156985804,22,0.46835443037974683,919.2388155425117,CONTINUOUS_METRICS_ONLY_NO_FINAL_RULE,1.0,AVAILABLE_IN_FIADB_NOT_APPLIED; EVALID_LINKAGE_REQUIRED_FOR_FORMAL_ESTIMATION,0,1,1,1.0,1.0,2.0,4.0,7.0,16,3.1376146788990824,1,2.0,3.0,12.0,29.0,50.400000000000006,132,20.89908256880734
803,Quercus arizonica,Quercus arizonica,Arizona white oak,species,1,NA_NOT_AVAILABLE_IN_FROZEN_REF_SPECIES,1,50,115725,342,2278,2970,55,57920,57805,158,184,2846,2830,47,42,34,13,8,0.6181818181818182,0.8936170212765957,1.119047619047619,0.8586956521739131,0.8586956521739131,0.3090909090909091,7,0.8363636363636363,955.24865872714,6,0.8723404255319149,806.2257748298549,9,0.7619047619047619,919.2388155425117,CONTINUOUS_METRICS_ONLY_NO_FINAL_RULE,1.0,AVAILABLE_IN_FIADB_NOT_APPLIED; EVALID_LINKAGE_REQUIRED_FOR_FORMAL_ESTIMATION,0,1,1,1.0,1.0,3.0,7.0,16.0,32,6.218181818181818,1,2.0,6.5,19.0,54.5,115.8,224,41.41818181818182
803,Quercus arizonica,Quercus arizonica,Arizona white oak,species,1,NA_NOT_AVAILABLE_IN_FROZEN_REF_SPECIES,1,75,115725,342,2278,1441,36,57920,57805,158,184,1411,1397,30,29,23,7,6,0.6388888888888888,0.9666666666666667,1.0344827586206897,0.8586956521739131,0.8586956521739131,0.3055555555555556,6,0.8611111111111112,1009.0218035305282,4,0.9,874.6427842267951,7,0.7931034482758621,954.5941546018391,CONTINUOUS_METRICS_ONLY_NO_FINAL_RULE,1.0,AVAILABLE_IN_FIADB_NOT_APPLIED; EVALID_LINKAGE_REQUIRED_FOR_FORMAL_ESTIMATION,0,1,1,1.0,1.0,3.5,10.25,26.5,53,9.5,1,2.5,5.5,21.0,72.0,184.0,413,63.27777777777778
804,Quercus bicolor,Quercus bicolor,swamp white oak,species,1,NA_NOT_AVAILABLE_IN_FROZEN_REF_SPECIES,0,25,115725,315,799,10051,241,57920,57805,170,145,9235,9171,140,130,29,111,101,0.12033195020746888,0.9285714285714286,1.0769230769230769,0.8529411764705882,1.1724137931034482,0.7800829875518672,146,0.06224066390041494,2557.5867531718254,98,0.06428571428571428,2557.5867531718254,98,0.06153846153846154,2265.0882984996415,CONTINUOUS_METRICS_ONLY_NO_FINAL_RULE,1.0,AVAILABLE_IN_FIADB_NOT_APPLIED; EVALID_LINKAGE_REQUIRED_FOR_FORMAL_ESTIMATION,0,1,1,1.0,1.0,1.0,1.0,2.0,6,1.3070539419087137,1,1.0,1.0,2.0,4.0,8.0,33,3.315352697095436
804,Quercus bicolor,Quercus bicolor,swamp white oak,species,1,NA_NOT_AVAILABLE_IN_FROZEN_REF_SPECIES,0,50,115725,315,799,2970,181,57920,57805,170,145,2846,2830,113,112,44,69,68,0.2430939226519337,0.9911504424778761,1.0089285714285714,0.8529411764705882,1.1724137931034482,0.6022099447513812,51,0.1878453038674033,2561.2496949731394,51,0.22123893805309736,2561.2496949731394,43,0.16964285714285715,2280.350850198276,CONTINUOUS_METRICS_ONLY_NO_FINAL_RULE,1.0,AVAILABLE_IN_FIADB_NOT_APPLIED; EVALID_LINKAGE_REQUIRED_FOR_FORMAL_ESTIMATION,0,1,1,1.0,1.0,1.0,2.0,3.0,7,1.7403314917127073,1,1.0,1.0,2.0,5.0,9.0,34,4.414364640883978
804,Quercus bicolor,Quercus bicolor,swamp white oak,species,1,NA_NOT_AVAILABLE_IN_FROZEN_REF_SPECIES,0,75,115725,315,799,1441,130,57920,57805,170,145,1411,1397,90,85,45,45,40,0.34615384615384615,0.9444444444444444,1.0588235294117647,0.8529411764705882,1.1724137931034482,0.47692307692307695,31,0.23846153846153847,2565.3947064730605,31,0.2,2565.3947064730605,34,0.15294117647058825,2250.0,CONTINUOUS_METRICS_ONLY_NO_FINAL_RULE,1.0,AVAILABLE_IN_FIADB_NOT_APPLIED; EVALID_LINKAGE_REQUIRED_FOR_FORMAL_ESTIMATION,0,1,1,1.0,1.0,2.0,3.0,5.0,14,2.423076923076923,1,1.0,1.0,3.0,8.0,14.0,44,6.1461538461538465
805,Quercus chrysolepis,Quercus chrysolepis,canyon live oak,species,1,NA_NOT_AVAILABLE_IN_FROZEN_REF_SPECIES,0,25,115725,629,5774,10051,185,57920,57805,319,310,9235,9171,138,140,93,45,47,0.5027027027027027,0.9857142857142858,0.9857142857142858,0.9717868338557993,1.0290322580645161,0.2864864864864865,17,0.7405405405405405,1375.6816492197604,21,0.6521739130434783,1328.5330255586423,25,0.5285714285714286,1281.6005617976296,CONTINUOUS_METRICS_ONLY_NO_FINAL_RULE,1.0,AVAILABLE_IN_FIADB_NOT_APPLIED; EVALID_LINKAGE_REQUIRED_FOR_FORMAL_ESTIMATION,0,1,1,1.0,1.0,2.0,4.0,7.0,17,3.4,1,2.0,6.0,22.0,39.0,72.79999999999998,227,31.21081081081081
805,Quercus chrysolepis,Quercus chrysolepis,canyon live oak,species,1,NA_NOT_AVAILABLE_IN_FROZEN_REF_SPECIES,0,50,115725,629,5774,2970,86,57920,57805,319,310,2846,2830,69,76,59,10,17,0.686046511627907,0.9078947368421053,0.9078947368421053,0.9717868338557993,1.0290322580645161,0.23255813953488372,4,0.8488372093023255,1375.6816492197604,7,0.7391304347826086,1328.5330255586423,5,0.8947368421052632,1281.6005617976296,CONTINUOUS_METRICS_ONLY_NO_FINAL_RULE,1.0,AVAILABLE_IN_FIADB_NOT_APPLIED; EVALID_LINKAGE_REQUIRED_FOR_FORMAL_ESTIMATION,0,1,1,1.0,2.0,5.0,10.0,17.0,40,7.313953488372093,1,2.0,13.25,40.0,78.75,133.5,414,67.13953488372093
805,Quercus chrysolepis,Quercus chrysolepis,canyon live oak,species,1,NA_NOT_AVAILABLE_IN_FROZEN_REF_SPECIES,0,75,115725,629,5774,1441,48,57920,57805,319,310,1411,1397,42,45,39,3,6,0.8125,0.9333333333333333,0.9333333333333333,0.9717868338557993,1.0290322580645161,0.16666666666666666,4,0.8541666666666666,1423.0249470757708,5,0.7857142857142857,1352.081728298996,3,0.8666666666666667,1281.6005617976296,CONTINUOUS_METRICS_ONLY_NO_FINAL_RULE,1.0,AVAILABLE_IN_FIADB_NOT_APPLIED; EVALID_LINKAGE_REQUIRED_FOR_FORMAL_ESTIMATION,0,1,1,1.0,2.0,7.0,15.75,31.50000000000002,73,13.104166666666666,1,1.7000000000000002,12.25,85.0,125.25,346.9000000000001,654,120.29166666666667
806,Quercus coccinea,Quercus coccinea,scarlet oak,species,1,NA_NOT_AVAILABLE_IN_FROZEN_REF_SPECIES,0,25,115725,4066,11084,10051,1185,57920,57805,2025,2041,9235,9171,874,913,602,272,311,0.5080168776371308,0.9572836801752465,0.9572836801752465,0.9921607055365017,0.9921607055365017,0.350210970464135,73,0.8118143459915612,2408.3189157584593,103,0.6018306636155606,2375.3947040439407,89,0.5805038335158818,2408.3189157584593,CONTINUOUS_METRICS_ONLY_NO_FINAL_RULE,1.0,AVAILABLE_IN_FIADB_NOT_APPLIED; EVALID_LINKAGE_REQUIRED_FOR_FORMAL_ESTIMATION,0,1,1,1.0,1.0,2.0,4.0,7.0,30,3.431223628691983,1,1.0,2.0,4.0,10.0,24.0,123,9.353586497890296
806,Quercus coccinea,Quercus coccinea,scarlet oak,species,1,NA_NOT_AVAILABLE_IN_FROZEN_REF_SPECIES,0,50,115725,4066,11084,2970,437,57920,57805,2025,2041,2846,2830,381,385,329,52,56,0.7528604118993135,0.9896103896103896,0.9896103896103896,0.9921607055365017,0.9921607055365017,0.16933638443935928,11,0.9725400457665904,2408.3189157584593,11,0.9028871391076115,2375.3947040439407,15,0.9116883116883117,2408.3189157584593,CONTINUOUS_METRICS_ONLY_NO_FINAL_RULE,1.0,AVAILABLE_IN_FIADB_NOT_APPLIED; EVALID_LINKAGE_REQUIRED_FOR_FORMAL_ESTIMATION,0,1,1,1.0,2.0,6.0,12.0,20.0,98,9.304347826086957,1,1.0,4.0,11.0,29.0,56.400000000000034,334,25.36384439359268
806,Quercus coccinea,Quercus coccinea,scarlet oak,species,1,NA_NOT_AVAILABLE_IN_FROZEN_REF_SPECIES,0,75,115725,4066,11084,1441,227,57920,57805,2025,2041,1411,1397,202,210,185,17,25,0.8149779735682819,0.9619047619047619,0.9619047619047619,0.9921607055365017,0.9921607055365017,0.1277533039647577,5,0.9823788546255506,2391.782807865296,4,0.9851485148514851,2391.782807865296,5,0.9809523809523809,2391.782807865296,CONTINUOUS_METRICS_ONLY_NO_FINAL_RULE,1.0,AVAILABLE_IN_FIADB_NOT_APPLIED; EVALID_LINKAGE_REQUIRED_FOR_FORMAL_ESTIMATION,0,1,1,1.0,4.0,11.0,23.0,41.0,150,17.911894273127754,1,2.0,6.0,22.0,58.5,113.80000000000001,458,48.82819383259912
807,Quercus douglasii,Quercus douglasii,blue oak,species,1,NA_NOT_AVAILABLE_IN_FROZEN_REF_SPECIES,0,25,115725,261,1728,10051,100,57920,57805,127,134,9235,9171,74,75,49,25,26,0.49,0.9866666666666667,0.9866666666666667,0.9477611940298507,0.9477611940298507,0.35,8,0.35,752.0804478245661,16,0.17567567567567569,752.0804478245661,16,0.21333333333333335,728.8689868556626,CONTINUOUS_METRICS_ONLY_NO_FINAL_RULE,1.0,AVAILABLE_IN_FIADB_NOT_APPLIED; EVALID_LINKAGE_REQUIRED_FOR_FORMAL_ESTIMATION,0,1,1,1.0,1.0,2.0,4.0,5.0,9,2.61,1,2.0,4.0,12.0,22.0,36.10000000000001,88,17.28
807,Quercus douglasii,Quercus douglasii,blue oak,species,1,NA_NOT_AVAILABLE_IN_FROZEN_REF_SPECIES,0,50,115725,261,1728,2970,43,57920,57805,127,134,2846,2830,41,36,34,7,2,0.7906976744186046,0.8780487804878049,1.1388888888888888,0.9477611940298507,0.9477611940298507,0.13953488372093023,1,1.0,743.3034373659253,1,1.0,743.3034373659253,3,0.6111111111111112,743.3034373659253,CONTINUOUS_METRICS_ONLY_NO_FINAL_RULE,1.0,AVAILABLE_IN_FIADB_NOT_APPLIED; EVALID_LINKAGE_REQUIRED_FOR_FORMAL_ESTIMATION,0,1,1,1.0,3.0,5.0,8.0,12.0,19,6.069767441860465,2,7.0,12.5,28.0,52.0,80.00000000000006,182,40.18604651162791
807,Quercus douglasii,Quercus douglasii,blue oak,species,1,NA_NOT_AVAILABLE_IN_FROZEN_REF_SPECIES,0,75,115725,261,1728,1441,29,57920,57805,127,134,1411,1397,27,28,26,1,2,0.896551724137931,0.9642857142857143,0.9642857142857143,0.9477611940298507,0.9477611940298507,0.034482758620689655,1,1.0,738.6643351347078,1,1.0,738.6643351347078,1,1.0,738.6643351347078,CONTINUOUS_METRICS_ONLY_NO_FINAL_RULE,1.0,AVAILABLE_IN_FIADB_NOT_APPLIED; EVALID_LINKAGE_REQUIRED_FOR_FORMAL_ESTIMATION,0,1,1,2.0,4.0,8.0,14.0,17.599999999999998,23,9.0,1,12.400000000000002,25.0,49.0,80.0,108.2,235,59.58620689655172
808,Quercus sinuata var. sinuata,Quercus sinuata var. sinuata,Durand oak,infraspecies,1,NA_NOT_AVAILABLE_IN_FROZEN_REF_SPECIES,0,25,115725,24,52,10051,17,57920,57805,13,11,9235,9171,13,8,4,9,4,0.23529411764705882,0.6153846153846154,1.625,0.8461538461538461,1.1818181818181819,0.7647058823529411,9,0.35294117647058826,1421.48689758295,7,0.3076923076923077,1226.019983523923,6,0.375,1340.0093283257397,CONTINUOUS_METRICS_ONLY_NO_FINAL_RULE,1.0,AVAILABLE_IN_FIADB_NOT_APPLIED; EVALID_LINKAGE_REQUIRED_FOR_FORMAL_ESTIMATION,0,1,1,1.0,1.0,1.0,1.0,3.0,3,1.411764705882353,1,1.0,1.0,2.0,3.0,5.600000000000001,11,3.0588235294117645
808,Quercus sinuata var. sinuata,Quercus sinuata var. sinuata,Durand oak,infraspecies,1,NA_NOT_AVAILABLE_IN_FROZEN_REF_SPECIES,0,50,115725,24,52,2970,13,57920,57805,13,11,2846,2830,10,8,5,5,3,0.38461538461538464,0.8,1.25,0.8461538461538461,1.1818181818181819,0.6153846153846154,8,0.3076923076923077,1411.5594213493105,5,0.4,1217.579566188592,5,0.375,1334.1664064126335,CONTINUOUS_METRICS_ONLY_NO_FINAL_RULE,1.0,AVAILABLE_IN_FIADB_NOT_APPLIED; EVALID_LINKAGE_REQUIRED_FOR_FORMAL_ESTIMATION,0,1,1,1.0,1.0,1.0,3.0,3.8000000000000007,4,1.8461538461538463,1,1.0,1.0,3.0,5.0,9.200000000000003,11,4.0
808,Quercus sinuata var. sinuata,Quercus sinuata var. sinuata,Durand oak,infraspecies,1,NA_NOT_AVAILABLE_IN_FROZEN_REF_SPECIES,0,75,115725,24,52,1441,10,57920,57805,13,11,1411,1397,7,6,3,4,3,0.3,0.8571428571428571,1.1666666666666667,0.8461538461538461,1.1818181818181819,0.7,7,0.4,1378.8582233137677,4,0.5714285714285714,1257.229096068016,5,0.3333333333333333,1309.8186897429734,CONTINUOUS_METRICS_ONLY_NO_FINAL_RULE,1.0,AVAILABLE_IN_FIADB_NOT_APPLIED; EVALID_LINKAGE_REQUIRED_FOR_FORMAL_ESTIMATION,0,1,1,1.0,1.0,1.0,3.25,5.299999999999999,8,2.4,1,1.0,1.25,3.5,6.5,11.599999999999998,17,5.2
809,Quercus ellipsoidalis,Quercus ellipsoidalis,northern pin oak,species,1,NA_NOT_AVAILABLE_IN_FROZEN_REF_SPECIES,0,25,115725,1196,4521,10051,327,57920,57805,586,610,9235,9171,231,246,150,81,96,0.45871559633027525,0.9390243902439024,0.9390243902439024,0.9606557377049181,0.9606557377049181,0.43425076452599387,52,0.5749235474006116,2250.0,43,0.49783549783549785,2049.6950992769634,48,0.3089430894308943,1926.9470672543137,CONTINUOUS_METRICS_ONLY_NO_FINAL_RULE,1.0,AVAILABLE_IN_FIADB_NOT_APPLIED; EVALID_LINKAGE_REQUIRED_FOR_FORMAL_ESTIMATION,0,1,1,1.0,1.0,2.0,5.0,9.0,26,3.6574923547400613,1,1.0,2.0,6.0,16.0,35.0,134,13.825688073394495
809,Quercus ellipsoidalis,Quercus ellipsoidalis,northern pin oak,species,1,NA_NOT_AVAILABLE_IN_FROZEN_REF_SPECIES,0,50,115725,1196,4521,2970,152,57920,57805,586,610,2846,2830,114,129,91,23,38,0.5986842105263158,0.8837209302325582,0.8837209302325582,0.9606557377049181,0.9606557377049181,0.27631578947368424,18,0.6907894736842105,2250.0,12,0.631578947368421,2015.5644370746372,17,0.7131782945736435,1944.8650338776722,CONTINUOUS_METRICS_ONLY_NO_FINAL_RULE,1.0,AVAILABLE_IN_FIADB_NOT_APPLIED; EVALID_LINKAGE_REQUIRED_FOR_FORMAL_ESTIMATION,0,1,1,1.0,1.0,3.0,9.0,22.0,68,7.868421052631579,1,1.0,3.0,9.5,31.25,85.80000000000001,273,29.74342105263158
809,Quercus ellipsoidalis,Quercus ellipsoidalis,northern pin oak,species,1,NA_NOT_AVAILABLE_IN_FROZEN_REF_SPECIES,0,75,115725,1196,4521,1441,92,57920,57805,586,610,1411,1397,74,77,59,15,18,0.6413043478260869,0.961038961038961,0.961038961038961,0.9606557377049181,0.9606557377049181,0.2717391304347826,11,0.6630434782608695,2250.0,7,0.6756756756756757,1981.476722043436,11,0.7012987012987013,1962.93784924536,CONTINUOUS_METRICS_ONLY_NO_FINAL_RULE,1.0,AVAILABLE_IN_FIADB_NOT_APPLIED; EVALID_LINKAGE_REQUIRED_FOR_FORMAL_ESTIMATION,0,1,1,1.0,1.0,5.0,13.5,37.900000000000006,106,13.0,1,1.0,3.0,14.0,44.5,180.40000000000003,381,49.141304347826086
810,Quercus emoryi,Quercus emoryi,Emory oak,species,1,NA_NOT_AVAILABLE_IN_FROZEN_REF_SPECIES,1,25,115725,192,812,10051,75,57920,57805,90,102,9235,9171,53,53,31,22,22,0.41333333333333333,1.0,1.0,0.8823529411764706,0.8823529411764706,0.4533333333333333,15,0.64,1098.2941318244398,21,0.16981132075471697,1098.2941318244398,14,0.5094339622641509,915.4916711800278,CONTINUOUS_METRICS_ONLY_NO_FINAL_RULE,1.0,AVAILABLE_IN_FIADB_NOT_APPLIED; EVALID_LINKAGE_REQUIRED_FOR_FORMAL_ESTIMATION,0,1,1,1.0,1.0,2.0,3.0,5.0,12,2.56,1,1.0,3.5,6.0,12.0,26.200000000000017,65,10.826666666666666
810,Quercus emoryi,Quercus emoryi,Emory oak,species,1,NA_NOT_AVAILABLE_IN_FROZEN_REF_SPECIES,1,50,115725,192,812,2970,41,57920,57805,90,102,2846,2830,34,28,21,13,7,0.5121951219512195,0.8235294117647058,1.2142857142857142,0.8823529411764706,0.8823529411764706,0.36585365853658536,4,0.9024390243902439,1063.014581273465,5,0.8529411764705882,1063.014581273465,6,0.7142857142857143,901.3878188659974,CONTINUOUS_METRICS_ONLY_NO_FINAL_RULE,1.0,AVAILABLE_IN_FIADB_NOT_APPLIED; EVALID_LINKAGE_REQUIRED_FOR_FORMAL_ESTIMATION,0,1,1,1.0,1.0,3.0,6.0,12.0,27,4.682926829268292,1,1.0,4.0,11.0,20.0,56.0,113,19.804878048780488
810,Quercus emoryi,Quercus emoryi,Emory oak,species,1,NA_NOT_AVAILABLE_IN_FROZEN_REF_SPECIES,1,75,115725,192,812,1441,26,57920,57805,90,102,1411,1397,23,19,16,7,3,0.6153846153846154,0.8260869565217391,1.2105263157894737,0.8823529411764706,0.8823529411764706,0.2692307692307692,4,0.8461538461538461,1114.955156048888,4,0.8260869565217391,1114.955156048888,2,0.9473684210526315,915.4916711800277,CONTINUOUS_METRICS_ONLY_NO_FINAL_RULE,1.0,AVAILABLE_IN_FIADB_NOT_APPLIED; EVALID_LINKAGE_REQUIRED_FOR_FORMAL_ESTIMATION,0,1,1,1.0,1.25,3.5,12.5,16.0,33,7.384615384615385,1,1.0,3.25,10.5,38.5,93.0,138,31.23076923076923
811,Quercus engelmannii,Quercus engelmannii,Engelmann oak,species,1,NA_NOT_AVAILABLE_IN_FROZEN_REF_SPECIES,0,25,115725,6,21,10051,2,57920,57805,0,6,9235,9171,0,2,0,0,2,0.0,0.0,0.0,0.0,0.0,0.0,2,0.5,50.0,0,,,2,0.5,50.0,CONTINUOUS_METRICS_ONLY_NO_FINAL_RULE,1.0,AVAILABLE_IN_FIADB_NOT_APPLIED; EVALID_LINKAGE_REQUIRED_FOR_FORMAL_ESTIMATION,1,1,2,2.2,2.5,3.0,3.5,3.8,4,3.0,9,9.3,9.75,10.5,11.25,11.700000000000001,12,10.5
811,Quercus engelmannii,Quercus engelmannii,Engelmann oak,species,1,NA_NOT_AVAILABLE_IN_FROZEN_REF_SPECIES,0,50,115725,6,21,2970,2,57920,57805,0,6,2846,2830,0,2,0,0,2,0.0,0.0,0.0,0.0,0.0,0.0,1,1.0,50.0,0,,,1,1.0,50.0,CONTINUOUS_METRICS_ONLY_NO_FINAL_RULE,1.0,AVAILABLE_IN_FIADB_NOT_APPLIED; EVALID_LINKAGE_REQUIRED_FOR_FORMAL_ESTIMATION,1,1,2,2.2,2.5,3.0,3.5,3.8,4,3.0,9,9.3,9.75,10.5,11.25,11.700000000000001,12,10.5
811,Quercus engelmannii,Quercus engelmannii,Engelmann oak,species,1,NA_NOT_AVAILABLE_IN_FROZEN_REF_SPECIES,0,75,115725,6,21,1441,1,57920,57805,0,6,1411,1397,0,1,0,0,1,0.0,0.0,0.0,0.0,0.0,0.0,1,1.0,0.0,0,,,1,1.0,0.0,CONTINUOUS_METRICS_ONLY_NO_FINAL_RULE,1.0,AVAILABLE_IN_FIADB_NOT_APPLIED; EVALID_LINKAGE_REQUIRED_FOR_FORMAL_ESTIMATION,1,1,6,6.0,6.0,6.0,6.0,6.0,6,6.0,21,21.0,21.0,21.0,21.0,21.0,21,21.0
812,Quercus falcata,Quercus falcata,southern red oak,species,1,NA_NOT_AVAILABLE_IN_FROZEN_REF_SPECIES,0,25,115725,4939,10479,10051,1540,57920,57805,2468,2471,9235,9171,1191,1192,843,348,349,0.5474025974025974,0.9991610738255033,0.9991610738255033,0.9987859166329421,0.9987859166329421,0.29285714285714287,53,0.6487012987012987,2589.642832515712,78,0.6104114189756508,2555.3864678361274,81,0.5973154362416108,2295.920294783771,CONTINUOUS_METRICS_ONLY_NO_FINAL_RULE,1.0,AVAILABLE_IN_FIADB_NOT_APPLIED; EVALID_LINKAGE_REQUIRED_FOR_FORMAL_ESTIMATION,0,1,1,1.0,1.0,3.0,4.0,6.0,22,3.2071428571428573,1,1.0,2.0,5.0,9.0,15.0,57,6.804545454545455
812,Quercus falcata,Quercus falcata,southern red oak,species,1,NA_NOT_AVAILABLE_IN_FROZEN_REF_SPECIES,0,50,115725,4939,10479,2970,518,57920,57805,2468,2471,2846,2830,468,467,417,51,50,0.805019305019305,0.9978632478632479,1.0021413276231264,0.9987859166329421,0.9987859166329421,0.11776061776061776,9,0.9845559845559846,2555.3864678361274,9,0.9829059829059829,2555.3864678361274,12,0.9550321199143469,2261.0838109190026,CONTINUOUS_METRICS_ONLY_NO_FINAL_RULE,1.0,AVAILABLE_IN_FIADB_NOT_APPLIED; EVALID_LINKAGE_REQUIRED_FOR_FORMAL_ESTIMATION,0,1,1,1.0,3.0,8.0,14.0,20.30000000000001,38,9.534749034749035,1,2.0,5.0,15.0,30.0,46.30000000000001,103,20.22972972972973
812,Quercus falcata,Quercus falcata,southern red oak,species,1,NA_NOT_AVAILABLE_IN_FROZEN_REF_SPECIES,0,75,115725,4939,10479,1441,260,57920,57805,2468,2471,1411,1397,243,241,224,19,17,0.8615384615384616,0.9917695473251029,1.008298755186722,0.9987859166329421,0.9987859166329421,0.09615384615384616,5,0.9846153846153847,2586.140947435,8,0.9711934156378601,2586.140947435,3,0.991701244813278,2267.4324686746463,CONTINUOUS_METRICS_ONLY_NO_FINAL_RULE,1.0,AVAILABLE_IN_FIADB_NOT_APPLIED; EVALID_LINKAGE_REQUIRED_FOR_FORMAL_ESTIMATION,0,1,1,2.0,6.0,16.0,30.0,42.0,63,18.996153846153845,1,2.0,10.0,32.0,60.0,90.1,173,40.30384615384615
813,Quercus pagoda,Quercus pagoda,cherrybark oak,species,1,NA_NOT_AVAILABLE_IN_FROZEN_REF_SPECIES,0,25,115725,1998,4019,10051,815,57920,57805,997,1001,9235,9171,568,596,349,219,247,0.42822085889570555,0.9530201342281879,0.9530201342281879,0.996003996003996,0.996003996003996,0.4085889570552147,86,0.6674846625766871,2218.811618862674,97,0.3257042253521127,2073.1919833917937,100,0.6610738255033557,2218.811618862674,CONTINUOUS_METRICS_ONLY_NO_FINAL_RULE,1.0,AVAILABLE_IN_FIADB_NOT_APPLIED; EVALID_LINKAGE_REQUIRED_FOR_FORMAL_ESTIMATION,0,1,1,1.0,1.0,2.0,3.0,5.0,12,2.4515337423312884,1,1.0,1.5,3.0,6.0,11.600000000000023,40,4.931288343558283
813,Quercus pagoda,Quercus pagoda,cherrybark oak,species,1,NA_NOT_AVAILABLE_IN_FROZEN_REF_SPECIES,0,50,115725,1998,4019,2970,335,57920,57805,997,1001,2846,2830,275,280,220,55,60,0.6567164179104478,0.9821428571428571,0.9821428571428571,0.996003996003996,0.996003996003996,0.22388059701492538,14,0.8567164179104477,2232.711356176611,15,0.7272727272727273,2094.039159137192,20,0.7107142857142857,2232.711356176611,CONTINUOUS_METRICS_ONLY_NO_FINAL_RULE,1.0,AVAILABLE_IN_FIADB_NOT_APPLIED; EVALID_LINKAGE_REQUIRED_FOR_FORMAL_ESTIMATION,0,1,1,1.0,2.0,4.0,8.0,15.0,31,5.964179104477612,1,1.0,3.0,8.0,19.0,30.600000000000023,63,11.997014925373135
813,Quercus pagoda,Quercus pagoda,cherrybark oak,species,1,NA_NOT_AVAILABLE_IN_FROZEN_REF_SPECIES,0,75,115725,1998,4019,1441,182,57920,57805,997,1001,1411,1397,154,163,135,19,28,0.7417582417582418,0.9447852760736196,0.9447852760736196,0.996003996003996,0.996003996003996,0.14285714285714285,5,0.978021978021978,2205.816175477911,5,0.974025974025974,2059.429532661897,6,0.8773006134969326,2205.816175477911,CONTINUOUS_METRICS_ONLY_NO_FINAL_RULE,1.0,AVAILABLE_IN_FIADB_NOT_APPLIED; EVALID_LINKAGE_REQUIRED_FOR_FORMAL_ESTIMATION,0,1,1,1.0,2.0,6.5,16.0,30.0,55,10.978021978021978,1,1.1000000000000014,3.25,12.5,32.0,62.0,117,22.082417582417584
814,Quercus gambelii,Quercus gambelii,Gambel oak,species,1,NA_NOT_AVAILABLE_IN_FROZEN_REF_SPECIES,1,25,115725,832,6356,10051,347,57920,57805,410,422,9235,9171,256,234,143,113,91,0.41210374639769454,0.9140625,1.0940170940170941,0.9715639810426541,0.9715639810426541,0.4610951008645533,45,0.2881844380403458,1521.9231255224424,67,0.18359375,1449.5689014324223,51,0.18803418803418803,1425.2192813739225,CONTINUOUS_METRICS_ONLY_NO_FINAL_RULE,1.0,AVAILABLE_IN_FIADB_NOT_APPLIED; EVALID_LINKAGE_REQUIRED_FOR_FORMAL_ESTIMATION,0,1,1,1.0,1.0,2.0,3.0,5.0,13,2.397694524495677,1,1.0,3.0,9.0,25.0,47.0,314,18.31700288184438
814,Quercus gambelii,Quercus gambelii,Gambel oak,species,1,NA_NOT_AVAILABLE_IN_FROZEN_REF_SPECIES,1,50,115725,832,6356,2970,165,57920,57805,410,422,2846,2830,146,125,106,40,19,0.6424242424242425,0.8561643835616438,1.168,0.9715639810426541,0.9715639810426541,0.26666666666666666,10,0.4303030303030303,1523.975065412817,15,0.3904109589041096,1414.213562373095,16,0.36,1460.3081866510233,CONTINUOUS_METRICS_ONLY_NO_FINAL_RULE,1.0,AVAILABLE_IN_FIADB_NOT_APPLIED; EVALID_LINKAGE_REQUIRED_FOR_FORMAL_ESTIMATION,0,1,1,1.0,1.0,4.0,7.0,11.0,28,5.042424242424242,1,2.0,5.0,22.0,61.0,91.19999999999999,357,38.52121212121212
814,Quercus gambelii,Quercus gambelii,Gambel oak,species,1,NA_NOT_AVAILABLE_IN_FROZEN_REF_SPECIES,1,75,115725,832,6356,1441,108,57920,57805,410,422,1411,1397,98,83,73,25,10,0.6759259259259259,0.8469387755102041,1.180722891566265,0.9715639810426541,0.9715639810426541,0.24074074074074073,2,0.9907407407407407,1538.8713396512394,3,0.9387755102040817,1484.9242404917497,4,0.8072289156626506,1440.702953422391,CONTINUOUS_METRICS_ONLY_NO_FINAL_RULE,1.0,AVAILABLE_IN_FIADB_NOT_APPLIED; EVALID_LINKAGE_REQUIRED_FOR_FORMAL_ESTIMATION,0,1,1,1.0,2.0,4.0,11.25,19.299999999999997,46,7.703703703703703,1,2.0,7.0,29.0,80.0,153.7,382,58.851851851851855
815,Quercus garryana,Quercus garryana,Oregon white oak,species,1,NA_NOT_AVAILABLE_IN_FROZEN_REF_SPECIES,0,25,115725,267,2469,10051,118,57920,57805,128,139,9235,9171,77,83,42,35,41,0.3559322033898305,0.927710843373494,0.927710843373494,0.920863309352518,0.920863309352518,0.5254237288135594,28,0.23728813559322035,1399.330196915653,28,0.2597402597402597,1391.4920050075746,27,0.26506024096385544,1328.5330255586423,CONTINUOUS_METRICS_ONLY_NO_FINAL_RULE,1.0,AVAILABLE_IN_FIADB_NOT_APPLIED; EVALID_LINKAGE_REQUIRED_FOR_FORMAL_ESTIMATION,0,1,1,1.0,1.0,1.0,2.0,5.0,12,2.26271186440678,1,1.700000000000001,3.0,10.0,23.75,53.3,221,20.923728813559322
815,Quercus garryana,Quercus garryana,Oregon white oak,species,1,NA_NOT_AVAILABLE_IN_FROZEN_REF_SPECIES,0,50,115725,267,2469,2970,64,57920,57805,128,139,2846,2830,48,50,34,14,16,0.53125,0.96,0.96,0.920863309352518,0.920863309352518,0.34375,6,0.828125,1375.6816492197604,6,0.875,1375.6816492197604,8,0.56,1328.5330255586423,CONTINUOUS_METRICS_ONLY_NO_FINAL_RULE,1.0,AVAILABLE_IN_FIADB_NOT_APPLIED; EVALID_LINKAGE_REQUIRED_FOR_FORMAL_ESTIMATION,0,1,1,1.0,1.0,2.0,5.0,11.0,22,4.171875,1,1.3000000000000007,5.0,17.0,47.75,114.00000000000003,232,38.578125
815,Quercus garryana,Quercus garryana,Oregon white oak,species,1,NA_NOT_AVAILABLE_IN_FROZEN_REF_SPECIES,0,75,115725,267,2469,1441,43,57920,57805,128,139,1411,1397,32,32,21,11,11,0.4883720930232558,1.0,1.0,0.920863309352518,0.920863309352518,0.46511627906976744,4,0.8604651162790697,1423.0249470757708,4,0.90625,1401.1156269202054,4,0.78125,1352.081728298996,CONTINUOUS_METRICS_ONLY_NO_FINAL_RULE,1.0,AVAILABLE_IN_FIADB_NOT_APPLIED; EVALID_LINKAGE_REQUIRED_FOR_FORMAL_ESTIMATION,0,1,1,1.0,1.0,2.0,9.0,16.400000000000013,29,6.209302325581396,1,2.0,3.0,19.0,71.0,154.80000000000007,379,57.41860465116279
816,Quercus ilicifolia,Quercus ilicifolia,scrub oak,species,1,NA_NOT_AVAILABLE_IN_FROZEN_REF_SPECIES,0,25,115725,4,5,10051,4,57920,57805,3,1,9235,9171,3,1,0,3,1,0.0,0.3333333333333333,3.0,0.3333333333333333,3.0,1.0,4,0.25,925.3377761660873,3,0.3333333333333333,925.3377761660873,1,1.0,0.0,CONTINUOUS_METRICS_ONLY_NO_FINAL_RULE,1.0,AVAILABLE_IN_FIADB_NOT_APPLIED; EVALID_LINKAGE_REQUIRED_FOR_FORMAL_ESTIMATION,1,1,1,1.0,1.0,1.0,1.0,1.0,1,1.0,1,1.0,1.0,1.0,1.25,1.7000000000000002,2,1.25
816,Quercus ilicifolia,Quercus ilicifolia,scrub oak,species,1,NA_NOT_AVAILABLE_IN_FROZEN_REF_SPECIES,0,50,115725,4,5,2970,4,57920,57805,3,1,2846,2830,3,1,0,3,1,0.0,0.3333333333333333,3.0,0.3333333333333333,3.0,1.0,4,0.25,890.2246907382429,3,0.3333333333333333,890.2246907382429,1,1.0,0.0,CONTINUOUS_METRICS_ONLY_NO_FINAL_RULE,1.0,AVAILABLE_IN_FIADB_NOT_APPLIED; EVALID_LINKAGE_REQUIRED_FOR_FORMAL_ESTIMATION,1,1,1,1.0,1.0,1.0,1.0,1.0,1,1.0,1,1.0,1.0,1.0,1.25,1.7000000000000002,2,1.25
816,Quercus ilicifolia,Quercus ilicifolia,scrub oak,species,1,NA_NOT_AVAILABLE_IN_FROZEN_REF_SPECIES,0,75,115725,4,5,1441,4,57920,57805,3,1,1411,1397,3,1,0,3,1,0.0,0.3333333333333333,3.0,0.3333333333333333,3.0,1.0,3,0.5,960.4686356149273,3,0.3333333333333333,960.4686356149273,1,1.0,0.0,CONTINUOUS_METRICS_ONLY_NO_FINAL_RULE,1.0,AVAILABLE_IN_FIADB_NOT_APPLIED; EVALID_LINKAGE_REQUIRED_FOR_FORMAL_ESTIMATION,1,1,1,1.0,1.0,1.0,1.0,1.0,1,1.0,1,1.0,1.0,1.0,1.25,1.7000000000000002,2,1.25
817,Quercus imbricaria,Quercus imbricaria,shingle oak,species,1,NA_NOT_AVAILABLE_IN_FROZEN_REF_SPECIES,0,25,115725,561,1266,10051,325,57920,57805,284,277,9235,9171,203,213,91,112,122,0.28,0.9530516431924883,0.9530516431924883,0.9753521126760564,1.0252707581227436,0.5692307692307692,62,0.6,2552.0824829930557,67,0.22660098522167488,2195.0227789250844,66,0.323943661971831,1868.321439153338,CONTINUOUS_METRICS_ONLY_NO_FINAL_RULE,1.0,AVAILABLE_IN_FIADB_NOT_APPLIED; EVALID_LINKAGE_REQUIRED_FOR_FORMAL_ESTIMATION,0,1,1,1.0,1.0,1.0,2.0,3.0,7,1.7261538461538461,1,1.0,1.0,2.0,5.0,9.600000000000023,28,3.8953846153846152
817,Quercus imbricaria,Quercus imbricaria,shingle oak,species,1,NA_NOT_AVAILABLE_IN_FROZEN_REF_SPECIES,0,50,115725,561,1266,2970,158,57920,57805,284,277,2846,2830,118,123,83,35,40,0.5253164556962026,0.959349593495935,0.959349593495935,0.9753521126760564,1.0252707581227436,0.3227848101265823,18,0.7088607594936709,2538.7004549572207,19,0.7796610169491526,2180.022935659164,18,0.6747967479674797,1858.0904176062045,CONTINUOUS_METRICS_ONLY_NO_FINAL_RULE,1.0,AVAILABLE_IN_FIADB_NOT_APPLIED; EVALID_LINKAGE_REQUIRED_FOR_FORMAL_ESTIMATION,0,1,1,1.0,1.0,3.0,5.0,7.300000000000011,16,3.550632911392405,1,1.0,2.0,4.0,10.75,20.0,45,8.012658227848101
817,Quercus imbricaria,Quercus imbricaria,shingle oak,species,1,NA_NOT_AVAILABLE_IN_FROZEN_REF_SPECIES,0,75,115725,561,1266,1441,93,57920,57805,284,277,1411,1397,75,78,60,15,18,0.6451612903225806,0.9615384615384616,0.9615384615384616,0.9753521126760564,1.0252707581227436,0.22580645161290322,14,0.8494623655913979,2600.240373503957,9,0.7866666666666666,2190.4622799765352,12,0.6153846153846154,1912.1323175972943,CONTINUOUS_METRICS_ONLY_NO_FINAL_RULE,1.0,AVAILABLE_IN_FIADB_NOT_APPLIED; EVALID_LINKAGE_REQUIRED_FOR_FORMAL_ESTIMATION,0,1,1,1.0,2.0,4.0,9.0,14.0,24,6.032258064516129,1,1.0,3.0,9.0,21.0,33.599999999999994,79,13.612903225806452
818,Quercus kelloggii,Quercus kelloggii,California black oak,species,1,NA_NOT_AVAILABLE_IN_FROZEN_REF_SPECIES,0,25,115725,629,3148,10051,178,57920,57805,331,298,9235,9171,142,139,103,39,36,0.5786516853932584,0.9788732394366197,1.0215827338129497,0.9003021148036254,1.110738255033557,0.29213483146067415,14,0.8258426966292135,1391.4920050075746,16,0.5704225352112676,1106.7971810589327,18,0.6474820143884892,1391.4920050075746,CONTINUOUS_METRICS_ONLY_NO_FINAL_RULE,1.0,AVAILABLE_IN_FIADB_NOT_APPLIED; EVALID_LINKAGE_REQUIRED_FOR_FORMAL_ESTIMATION,0,1,1,1.0,1.0,3.0,5.0,7.300000000000011,16,3.533707865168539,1,1.0,4.0,10.5,23.0,43.0,99,17.685393258426966
818,Quercus kelloggii,Quercus kelloggii,California black oak,species,1,NA_NOT_AVAILABLE_IN_FROZEN_REF_SPECIES,0,50,115725,629,3148,2970,75,57920,57805,331,298,2846,2830,61,69,55,6,14,0.7333333333333333,0.8840579710144928,0.8840579710144928,0.9003021148036254,1.110738255033557,0.21333333333333335,4,0.96,1375.6816492197604,4,0.8688524590163934,1106.7971810589327,5,0.927536231884058,1375.6816492197604,CONTINUOUS_METRICS_ONLY_NO_FINAL_RULE,1.0,AVAILABLE_IN_FIADB_NOT_APPLIED; EVALID_LINKAGE_REQUIRED_FOR_FORMAL_ESTIMATION,0,1,1,1.0,2.0,5.0,12.5,21.0,36,8.386666666666667,1,2.0,8.0,22.0,59.5,110.60000000000005,212,41.973333333333336
818,Quercus kelloggii,Quercus kelloggii,California black oak,species,1,NA_NOT_AVAILABLE_IN_FROZEN_REF_SPECIES,0,75,115725,629,3148,1441,42,57920,57805,331,298,1411,1397,37,42,37,0,5,0.8809523809523809,0.8809523809523809,0.8809523809523809,0.9003021148036254,1.110738255033557,0.09523809523809523,4,0.9285714285714286,1401.1156269202054,3,0.918918918918919,1092.0164833920778,4,0.9285714285714286,1401.1156269202054,CONTINUOUS_METRICS_ONLY_NO_FINAL_RULE,1.0,AVAILABLE_IN_FIADB_NOT_APPLIED; EVALID_LINKAGE_REQUIRED_FOR_FORMAL_ESTIMATION,0,1,1,2.0,3.0,9.0,22.75,30.9,67,14.976190476190476,1,3.3000000000000016,15.25,51.5,110.75,140.8,333,74.95238095238095
819,Quercus laevis,Quercus laevis,turkey oak,species,1,NA_NOT_AVAILABLE_IN_FROZEN_REF_SPECIES,0,25,115725,212,642,10051,125,57920,57805,97,115,9235,9171,77,80,32,45,48,0.256,0.9625,0.9625,0.8434782608695652,0.8434782608695652,0.632,44,0.208,1335.3370361073642,43,0.14285714285714285,1335.3370361073642,39,0.2125,1241.974234837422,CONTINUOUS_METRICS_ONLY_NO_FINAL_RULE,1.0,AVAILABLE_IN_FIADB_NOT_APPLIED; EVALID_LINKAGE_REQUIRED_FOR_FORMAL_ESTIMATION,0,1,1,1.0,1.0,1.0,2.0,3.6000000000000085,6,1.696,1,1.0,1.0,3.0,8.0,12.600000000000009,28,5.136
819,Quercus laevis,Quercus laevis,turkey oak,species,1,NA_NOT_AVAILABLE_IN_FROZEN_REF_SPECIES,0,50,115725,212,642,2970,74,57920,57805,97,115,2846,2830,53,57,36,17,21,0.4864864864864865,0.9298245614035088,0.9298245614035088,0.8434782608695652,0.8434782608695652,0.44594594594594594,12,0.2972972972972973,1320.0378782444086,14,0.24528301886792453,1320.0378782444086,15,0.2807017543859649,1241.974234837422,CONTINUOUS_METRICS_ONLY_NO_FINAL_RULE,1.0,AVAILABLE_IN_FIADB_NOT_APPLIED; EVALID_LINKAGE_REQUIRED_FOR_FORMAL_ESTIMATION,0,1,1,1.0,1.0,2.0,4.0,6.0,14,2.864864864864865,1,1.0,2.0,4.0,12.0,22.700000000000003,41,8.675675675675675
819,Quercus laevis,Quercus laevis,turkey oak,species,1,NA_NOT_AVAILABLE_IN_FROZEN_REF_SPECIES,0,75,115725,212,642,1441,57,57920,57805,97,115,1411,1397,42,43,28,14,15,0.49122807017543857,0.9767441860465116,0.9767441860465116,0.8434782608695652,0.8434782608695652,0.43859649122807015,2,0.9649122807017544,1335.3370361073644,8,0.4523809523809524,1335.3370361073644,6,0.32558139534883723,1171.537451385998,CONTINUOUS_METRICS_ONLY_NO_FINAL_RULE,1.0,AVAILABLE_IN_FIADB_NOT_APPLIED; EVALID_LINKAGE_REQUIRED_FOR_FORMAL_ESTIMATION,0,1,1,1.0,1.0,2.0,5.0,9.399999999999999,17,3.719298245614035,1,1.0,2.0,4.0,16.0,27.599999999999987,56,11.263157894736842
820,Quercus laurifolia,Quercus laurifolia,laurel oak,species,1,NA_NOT_AVAILABLE_IN_FROZEN_REF_SPECIES,0,25,115725,2534,9115,10051,806,57920,57805,1293,1241,9235,9171,654,588,436,218,152,0.5409429280397022,0.8990825688073395,1.1122448979591837,0.9597834493426141,1.0419016921837227,0.3213399503722084,64,0.7779156327543424,2200.14204086918,70,0.7446483180428135,2180.022935659164,85,0.7091836734693877,2165.2078422174627,CONTINUOUS_METRICS_ONLY_NO_FINAL_RULE,1.0,AVAILABLE_IN_FIADB_NOT_APPLIED; EVALID_LINKAGE_REQUIRED_FOR_FORMAL_ESTIMATION,0,1,1,1.0,1.0,2.0,4.0,6.0,22,3.1439205955334986,1,1.0,2.0,7.0,16.0,27.0,95,11.308933002481389
820,Quercus laurifolia,Quercus laurifolia,laurel oak,species,1,NA_NOT_AVAILABLE_IN_FROZEN_REF_SPECIES,0,50,115725,2534,9115,2970,308,57920,57805,1293,1241,2846,2830,273,256,221,52,35,0.7175324675324676,0.9377289377289377,1.06640625,0.9597834493426141,1.0419016921837227,0.20454545454545456,11,0.9675324675324676,2180.022935659164,15,0.8498168498168498,2180.022935659164,12,0.94140625,2180.022935659164,CONTINUOUS_METRICS_ONLY_NO_FINAL_RULE,1.0,AVAILABLE_IN_FIADB_NOT_APPLIED; EVALID_LINKAGE_REQUIRED_FOR_FORMAL_ESTIMATION,0,1,1,1.0,2.0,6.0,13.0,19.0,33,8.227272727272727,1,1.0,3.0,16.0,46.0,79.90000000000003,221,29.594155844155843
820,Quercus laurifolia,Quercus laurifolia,laurel oak,species,1,NA_NOT_AVAILABLE_IN_FROZEN_REF_SPECIES,0,75,115725,2534,9115,1441,160,57920,57805,1293,1241,1411,1397,148,137,125,23,12,0.78125,0.9256756756756757,1.0802919708029197,0.9597834493426141,1.0419016921837227,0.11875,5,0.975,2190.4622799765352,3,0.9864864864864865,2190.4622799765352,4,0.9708029197080292,2145.052446911264,CONTINUOUS_METRICS_ONLY_NO_FINAL_RULE,1.0,AVAILABLE_IN_FIADB_NOT_APPLIED; EVALID_LINKAGE_REQUIRED_FOR_FORMAL_ESTIMATION,0,1,1,1.0,3.0,10.0,24.25,39.19999999999999,61,15.8375,1,2.0,6.0,27.5,87.25,143.1,286,56.96875
821,Quercus lobata,Quercus lobata,California white oak,species,1,NA_NOT_AVAILABLE_IN_FROZEN_REF_SPECIES,0,25,115725,47,145,10051,38,57920,57805,21,26,9235,9171,19,23,4,15,19,0.10526315789473684,0.8260869565217391,0.8260869565217391,0.8076923076923077,0.8076923076923077,0.7894736842105263,17,0.13157894736842105,831.0385069297331,17,0.15789473684210525,752.0804478245661,13,0.21739130434782608,831.0385069297331,CONTINUOUS_METRICS_ONLY_NO_FINAL_RULE,1.0,AVAILABLE_IN_FIADB_NOT_APPLIED; EVALID_LINKAGE_REQUIRED_FOR_FORMAL_ESTIMATION,0,1,1,1.0,1.0,1.0,1.0,2.0,3,1.236842105263158,1,1.0,1.0,2.0,4.0,7.300000000000004,33,3.8157894736842106
821,Quercus lobata,Quercus lobata,California white oak,species,1,NA_NOT_AVAILABLE_IN_FROZEN_REF_SPECIES,0,50,115725,47,145,2970,25,57920,57805,21,26,2846,2830,18,16,9,9,7,0.36,0.8888888888888888,1.125,0.8076923076923077,0.8076923076923077,0.56,9,0.24,807.7747210701755,11,0.2222222222222222,761.5773105863909,10,0.25,807.7747210701755,CONTINUOUS_METRICS_ONLY_NO_FINAL_RULE,1.0,AVAILABLE_IN_FIADB_NOT_APPLIED; EVALID_LINKAGE_REQUIRED_FOR_FORMAL_ESTIMATION,0,1,1,1.0,1.0,1.0,2.0,3.6000000000000014,7,1.88,1,1.0,1.0,3.0,6.0,9.200000000000003,39,5.8
821,Quercus lobata,Quercus lobata,California white oak,species,1,NA_NOT_AVAILABLE_IN_FROZEN_REF_SPECIES,0,75,115725,47,145,1441,23,57920,57805,21,26,1411,1397,16,15,8,8,7,0.34782608695652173,0.9375,1.0666666666666667,0.8076923076923077,0.8076923076923077,0.5217391304347826,4,0.7391304347826086,877.8524933039719,6,0.5,783.0229881682912,7,0.4666666666666667,877.8524933039719,CONTINUOUS_METRICS_ONLY_NO_FINAL_RULE,1.0,AVAILABLE_IN_FIADB_NOT_APPLIED; EVALID_LINKAGE_REQUIRED_FOR_FORMAL_ESTIMATION,0,1,1,1.0,1.0,1.0,2.5,4.0,6,2.0434782608695654,1,1.2000000000000002,2.5,4.0,6.5,11.0,36,6.304347826086956
822,Quercus lyrata,Quercus lyrata,overcup oak,species,1,NA_NOT_AVAILABLE_IN_FROZEN_REF_SPECIES,0,25,115725,709,1968,10051,413,57920,57805,371,338,9235,9171,267,245,99,168,146,0.2397094430992736,0.9176029962546817,1.089795918367347,0.9110512129380054,1.0976331360946745,0.639225181598063,136,0.2106537530266344,2128.6732957408003,124,0.18726591760299627,2088.2109567761586,116,0.1469387755102041,2094.039159137192,CONTINUOUS_METRICS_ONLY_NO_FINAL_RULE,1.0,AVAILABLE_IN_FIADB_NOT_APPLIED; EVALID_LINKAGE_REQUIRED_FOR_FORMAL_ESTIMATION,0,1,1,1.0,1.0,1.0,2.0,3.0,17,1.7167070217917675,1,1.0,1.0,2.0,5.0,9.800000000000011,124,4.765133171912833
822,Quercus lyrata,Quercus lyrata,overcup oak,species,1,NA_NOT_AVAILABLE_IN_FROZEN_REF_SPECIES,0,50,115725,709,1968,2970,246,57920,57805,371,338,2846,2830,185,173,112,73,61,0.45528455284552843,0.9351351351351351,1.069364161849711,0.9110512129380054,1.0976331360946745,0.43089430894308944,20,0.6463414634146342,2136.0009363293825,30,0.572972972972973,2109.5023109728986,29,0.630057803468208,2094.039159137192,CONTINUOUS_METRICS_ONLY_NO_FINAL_RULE,1.0,AVAILABLE_IN_FIADB_NOT_APPLIED; EVALID_LINKAGE_REQUIRED_FOR_FORMAL_ESTIMATION,0,1,1,1.0,1.0,2.0,3.0,6.0,23,2.8821138211382116,1,1.0,2.0,3.0,8.0,18.5,143,8.0
822,Quercus lyrata,Quercus lyrata,overcup oak,species,1,NA_NOT_AVAILABLE_IN_FROZEN_REF_SPECIES,0,75,115725,709,1968,1441,156,57920,57805,371,338,1411,1397,125,118,87,38,31,0.5576923076923077,0.944,1.0593220338983051,0.9110512129380054,1.0976331360946745,0.32051282051282054,9,0.9230769230769231,2122.6457547127357,17,0.592,2083.8665984174704,12,0.8389830508474576,2122.6457547127357,CONTINUOUS_METRICS_ONLY_NO_FINAL_RULE,1.0,AVAILABLE_IN_FIADB_NOT_APPLIED; EVALID_LINKAGE_REQUIRED_FOR_FORMAL_ESTIMATION,0,1,1,1.0,1.0,3.0,5.0,10.0,32,4.544871794871795,1,1.0,2.0,5.0,14.0,29.0,177,12.615384615384615
823,Quercus macrocarpa,Quercus macrocarpa,bur oak,species,1,NA_NOT_AVAILABLE_IN_FROZEN_REF_SPECIES,0,25,115725,2416,9296,10051,867,57920,57805,1229,1187,9235,9171,584,586,303,281,283,0.3494809688581315,0.9965870307167235,0.9965870307167235,0.9658258746948739,1.0353833192923336,0.5490196078431373,251,0.42675893886966554,3515.056898543749,191,0.4777397260273973,3307.661560679992,207,0.39419795221843,3300.1893885048476,CONTINUOUS_METRICS_ONLY_NO_FINAL_RULE,1.0,AVAILABLE_IN_FIADB_NOT_APPLIED; EVALID_LINKAGE_REQUIRED_FOR_FORMAL_ESTIMATION,0,1,1,1.0,1.0,1.0,3.0,7.0,26,2.7866205305651675,1,1.0,2.0,4.0,11.0,29.399999999999977,124,10.722029988465975
823,Quercus macrocarpa,Quercus macrocarpa,bur oak,species,1,NA_NOT_AVAILABLE_IN_FROZEN_REF_SPECIES,0,50,115725,2416,9296,2970,469,57920,57805,1229,1187,2846,2830,331,342,204,127,138,0.4349680170575693,0.9678362573099415,0.9678362573099415,0.9658258746948739,1.0353833192923336,0.4605543710021322,60,0.6353944562899787,3500.0,71,0.5498489425981873,3286.715685908959,64,0.4298245614035088,3303.407331831786,CONTINUOUS_METRICS_ONLY_NO_FINAL_RULE,1.0,AVAILABLE_IN_FIADB_NOT_APPLIED; EVALID_LINKAGE_REQUIRED_FOR_FORMAL_ESTIMATION,0,1,1,1.0,1.0,2.0,5.0,13.0,65,5.151385927505331,1,1.0,2.0,5.0,15.0,53.19999999999999,316,19.82089552238806
823,Quercus macrocarpa,Quercus macrocarpa,bur oak,species,1,NA_NOT_AVAILABLE_IN_FROZEN_REF_SPECIES,0,75,115725,2416,9296,1441,294,57920,57805,1229,1187,1411,1397,227,234,167,60,67,0.5680272108843537,0.9700854700854701,0.9700854700854701,0.9658258746948739,1.0353833192923336,0.35034013605442177,31,0.8401360544217688,3480.0323274360544,28,0.7048458149779736,3307.661560679992,29,0.7649572649572649,3303.407331831786,CONTINUOUS_METRICS_ONLY_NO_FINAL_RULE,1.0,AVAILABLE_IN_FIADB_NOT_APPLIED; EVALID_LINKAGE_REQUIRED_FOR_FORMAL_ESTIMATION,0,1,1,1.0,1.0,2.0,6.0,22.399999999999977,125,8.217687074829932,1,1.0,2.0,6.0,22.0,87.0,607,31.61904761904762
824,Quercus marilandica,Quercus marilandica,blackjack oak,species,1,NA_NOT_AVAILABLE_IN_FROZEN_REF_SPECIES,0,25,115725,1146,3120,10051,594,57920,57805,546,600,9235,9171,373,399,178,195,221,0.2996632996632997,0.9348370927318296,0.9348370927318296,0.91,0.91,0.569023569023569,160,0.45286195286195285,2635.9296272852202,133,0.2975871313672922,2607.3214224563876,136,0.22807017543859648,2615.578329930113,CONTINUOUS_METRICS_ONLY_NO_FINAL_RULE,1.0,AVAILABLE_IN_FIADB_NOT_APPLIED; EVALID_LINKAGE_REQUIRED_FOR_FORMAL_ESTIMATION,0,1,1,1.0,1.0,1.0,2.0,4.0,11,1.9292929292929293,1,1.0,1.0,3.0,7.0,12.0,68,5.252525252525253
824,Quercus marilandica,Quercus marilandica,blackjack oak,species,1,NA_NOT_AVAILABLE_IN_FROZEN_REF_SPECIES,0,50,115725,1146,3120,2970,308,57920,57805,546,600,2846,2830,232,237,161,71,76,0.5227272727272727,0.9789029535864979,0.9789029535864979,0.91,0.91,0.35714285714285715,39,0.5714285714285714,2621.545345783666,45,0.5301724137931034,2621.545345783666,47,0.46835443037974683,2621.545345783666,CONTINUOUS_METRICS_ONLY_NO_FINAL_RULE,1.0,AVAILABLE_IN_FIADB_NOT_APPLIED; EVALID_LINKAGE_REQUIRED_FOR_FORMAL_ESTIMATION,0,1,1,1.0,1.0,2.0,5.0,9.0,27,3.720779220779221,1,1.0,2.0,3.0,13.0,28.30000000000001,116,10.12987012987013
824,Quercus marilandica,Quercus marilandica,blackjack oak,species,1,NA_NOT_AVAILABLE_IN_FROZEN_REF_SPECIES,0,75,115725,1146,3120,1441,199,57920,57805,546,600,1411,1397,160,157,118,42,39,0.592964824120603,0.98125,1.019108280254777,0.91,0.91,0.27638190954773867,15,0.5678391959798995,2642.08724307128,19,0.5,2642.08724307128,18,0.5987261146496815,2642.08724307128,CONTINUOUS_METRICS_ONLY_NO_FINAL_RULE,1.0,AVAILABLE_IN_FIADB_NOT_APPLIED; EVALID_LINKAGE_REQUIRED_FOR_FORMAL_ESTIMATION,0,1,1,1.0,1.0,3.0,6.0,16.400000000000034,49,5.758793969849246,1,1.0,2.0,4.0,14.5,47.0,167,15.678391959798995
825,Quercus michauxii,Quercus michauxii,swamp chestnut oak,species,1,NA_NOT_AVAILABLE_IN_FROZEN_REF_SPECIES,0,25,115725,648,1088,10051,473,57920,57805,336,312,9235,9171,288,261,76,212,185,0.160676532769556,0.90625,1.103448275862069,0.9285714285714286,1.0769230769230769,0.7272727272727273,149,0.12050739957716702,2462.341365448747,156,0.04861111111111111,2150.581316760657,151,0.034482758620689655,2443.6141266574805,CONTINUOUS_METRICS_ONLY_NO_FINAL_RULE,1.0,AVAILABLE_IN_FIADB_NOT_APPLIED; EVALID_LINKAGE_REQUIRED_FOR_FORMAL_ESTIMATION,0,1,1,1.0,1.0,1.0,2.0,2.0,5,1.3699788583509513,1,1.0,1.0,2.0,3.0,5.0,11,2.300211416490486
825,Quercus michauxii,Quercus michauxii,swamp chestnut oak,species,1,NA_NOT_AVAILABLE_IN_FROZEN_REF_SPECIES,0,50,115725,648,1088,2970,280,57920,57805,336,312,2846,2830,211,189,120,91,69,0.42857142857142855,0.8957345971563981,1.1164021164021165,0.9285714285714286,1.0769230769230769,0.4357142857142857,24,0.8535714285714285,2445.914961727002,27,0.3175355450236967,2150.581316760657,26,0.4973544973544973,2445.914961727002,CONTINUOUS_METRICS_ONLY_NO_FINAL_RULE,1.0,AVAILABLE_IN_FIADB_NOT_APPLIED; EVALID_LINKAGE_REQUIRED_FOR_FORMAL_ESTIMATION,0,1,1,1.0,1.0,2.0,3.0,5.0,9,2.3142857142857145,1,1.0,1.0,3.0,5.0,9.0,15,3.8857142857142857
825,Quercus michauxii,Quercus michauxii,swamp chestnut oak,species,1,NA_NOT_AVAILABLE_IN_FROZEN_REF_SPECIES,0,75,115725,648,1088,1441,170,57920,57805,336,312,1411,1397,138,126,94,44,32,0.5529411764705883,0.9130434782608695,1.0952380952380953,0.9285714285714286,1.0769230769230769,0.28823529411764703,6,0.9705882352941176,2448.724157597176,8,0.927536231884058,2205.816175477911,15,0.49206349206349204,2391.782807865296,CONTINUOUS_METRICS_ONLY_NO_FINAL_RULE,1.0,AVAILABLE_IN_FIADB_NOT_APPLIED; EVALID_LINKAGE_REQUIRED_FOR_FORMAL_ESTIMATION,0,1,1,1.0,1.0,3.0,5.0,8.0,14,3.8117647058823527,1,1.0,2.0,5.0,8.75,15.099999999999994,25,6.4
826,Quercus muehlenbergii,Quercus muehlenbergii,chinkapin oak,species,1,NA_NOT_AVAILABLE_IN_FROZEN_REF_SPECIES,0,25,115725,1488,3397,10051,692,57920,57805,731,757,9235,9171,460,463,231,229,232,0.3338150289017341,0.9935205183585313,0.9935205183585313,0.9656538969616909,0.9656538969616909,0.5072254335260116,146,0.29335260115606937,2897.0890562770073,128,0.14565217391304347,2337.3328817265206,135,0.2570194384449244,2685.609800399157,CONTINUOUS_METRICS_ONLY_NO_FINAL_RULE,1.0,AVAILABLE_IN_FIADB_NOT_APPLIED; EVALID_LINKAGE_REQUIRED_FOR_FORMAL_ESTIMATION,0,1,1,1.0,1.0,1.0,3.0,4.0,14,2.1502890173410405,1,1.0,1.0,3.0,6.0,12.0,45,4.908959537572255
826,Quercus muehlenbergii,Quercus muehlenbergii,chinkapin oak,species,1,NA_NOT_AVAILABLE_IN_FROZEN_REF_SPECIES,0,50,115725,1488,3397,2970,344,57920,57805,731,757,2846,2830,259,269,184,75,85,0.5348837209302325,0.9628252788104089,0.9628252788104089,0.9656538969616909,0.9656538969616909,0.3430232558139535,32,0.8430232558139535,2885.3076092507017,32,0.7837837837837838,2316.246964380094,36,0.4349442379182156,2685.609800399157,CONTINUOUS_METRICS_ONLY_NO_FINAL_RULE,1.0,AVAILABLE_IN_FIADB_NOT_APPLIED; EVALID_LINKAGE_REQUIRED_FOR_FORMAL_ESTIMATION,0,1,1,1.0,1.0,2.0,6.0,10.0,44,4.325581395348837,1,1.0,2.0,4.0,14.0,26.0,107,9.875
826,Quercus muehlenbergii,Quercus muehlenbergii,chinkapin oak,species,1,NA_NOT_AVAILABLE_IN_FROZEN_REF_SPECIES,0,75,115725,1488,3397,1441,208,57920,57805,731,757,1411,1397,164,169,125,39,44,0.6009615384615384,0.9704142011834319,0.9704142011834319,0.9656538969616909,0.9656538969616909,0.27884615384615385,13,0.9086538461538461,2921.1513141225673,14,0.9085365853658537,2392.9584200315726,14,0.8698224852071006,2688.5172493402383,CONTINUOUS_METRICS_ONLY_NO_FINAL_RULE,1.0,AVAILABLE_IN_FIADB_NOT_APPLIED; EVALID_LINKAGE_REQUIRED_FOR_FORMAL_ESTIMATION,0,1,1,1.0,1.0,3.0,10.0,20.0,59,7.153846153846154,1,1.0,2.0,6.0,20.25,48.50000000000006,147,16.33173076923077
827,Quercus nigra,Quercus nigra,water oak,species,1,NA_NOT_AVAILABLE_IN_FROZEN_REF_SPECIES,0,25,115725,8624,26934,10051,1605,57920,57805,4349,4275,9235,9171,1386,1363,1144,242,219,0.712772585669782,0.9834054834054834,1.0168745414526779,0.982984594159577,1.0173099415204678,0.1750778816199377,22,0.9725856697819315,2390.0836805434237,39,0.9177489177489178,2340.0053418742446,51,0.909024211298606,2375.0,CONTINUOUS_METRICS_ONLY_NO_FINAL_RULE,1.0,AVAILABLE_IN_FIADB_NOT_APPLIED; EVALID_LINKAGE_REQUIRED_FOR_FORMAL_ESTIMATION,0,1,1,1.0,2.0,5.0,8.0,11.0,29,5.373208722741433,1,2.0,5.0,13.0,25.0,36.0,85,16.781308411214955
827,Quercus nigra,Quercus nigra,water oak,species,1,NA_NOT_AVAILABLE_IN_FROZEN_REF_SPECIES,0,50,115725,8624,26934,2970,483,57920,57805,4349,4275,2846,2830,453,451,421,32,30,0.8716356107660456,0.9955849889624724,1.0044345898004434,0.982984594159577,1.0173099415204678,0.07867494824016563,4,0.9834368530020704,2390.0836805434237,3,0.9845474613686535,2320.0215516240364,6,0.9822616407982262,2360.0847442411896,CONTINUOUS_METRICS_ONLY_NO_FINAL_RULE,1.0,AVAILABLE_IN_FIADB_NOT_APPLIED; EVALID_LINKAGE_REQUIRED_FOR_FORMAL_ESTIMATION,0,1,1,2.0,5.5,16.0,28.0,38.0,74,17.855072463768117,1,4.0,14.0,46.0,89.0,123.0,228,55.7639751552795
827,Quercus nigra,Quercus nigra,water oak,species,1,NA_NOT_AVAILABLE_IN_FROZEN_REF_SPECIES,0,75,115725,8624,26934,1441,238,57920,57805,4349,4275,1411,1397,227,229,218,9,11,0.9159663865546218,0.9912663755458515,0.9912663755458515,0.982984594159577,1.0173099415204678,0.0546218487394958,1,1.0,2401.171589037318,3,0.9911894273127754,2355.0477702161375,2,0.9868995633187773,2355.0477702161375,CONTINUOUS_METRICS_ONLY_NO_FINAL_RULE,1.0,AVAILABLE_IN_FIADB_NOT_APPLIED; EVALID_LINKAGE_REQUIRED_FOR_FORMAL_ESTIMATION,0,1,1,3.0,8.0,28.5,60.75,77.30000000000001,127,36.23529411764706,1,6.0,22.5,88.0,195.5,255.3,446,113.16806722689076
828,Quercus texana,Quercus texana,Nuttall oak,species,1,NA_NOT_AVAILABLE_IN_FROZEN_REF_SPECIES,0,25,115725,406,1795,10051,203,57920,57805,204,202,9235,9171,130,127,54,76,73,0.2660098522167488,0.9769230769230769,1.0236220472440944,0.9901960784313726,1.00990099009901,0.5714285714285714,46,0.5615763546798029,1345.5946640797888,51,0.18461538461538463,1345.5946640797888,41,0.41732283464566927,1009.0218035305282,CONTINUOUS_METRICS_ONLY_NO_FINAL_RULE,1.0,AVAILABLE_IN_FIADB_NOT_APPLIED; EVALID_LINKAGE_REQUIRED_FOR_FORMAL_ESTIMATION,0,1,1,1.0,1.0,1.0,2.0,4.0,18,2.0,1,1.0,2.0,5.0,10.0,24.0,118,8.842364532019705
828,Quercus texana,Quercus texana,Nuttall oak,species,1,NA_NOT_AVAILABLE_IN_FROZEN_REF_SPECIES,0,50,115725,406,1795,2970,107,57920,57805,204,202,2846,2830,82,75,50,32,25,0.4672897196261682,0.9146341463414634,1.0933333333333333,0.9901960784313726,1.00990099009901,0.411214953271028,12,0.8411214953271028,1331.352695569435,15,0.7073170731707317,1331.352695569435,13,0.72,992.4716620639604,CONTINUOUS_METRICS_ONLY_NO_FINAL_RULE,1.0,AVAILABLE_IN_FIADB_NOT_APPLIED; EVALID_LINKAGE_REQUIRED_FOR_FORMAL_ESTIMATION,0,1,1,1.0,1.0,2.0,5.0,8.0,30,3.794392523364486,1,1.0,2.0,7.0,24.0,45.0,158,16.77570093457944
828,Quercus texana,Quercus texana,Nuttall oak,species,1,NA_NOT_AVAILABLE_IN_FROZEN_REF_SPECIES,0,75,115725,406,1795,1441,68,57920,57805,204,202,1411,1397,58,51,41,17,10,0.6029411764705882,0.8793103448275862,1.1372549019607843,0.9901960784313726,1.00990099009901,0.25,8,0.8823529411764706,1352.081728298996,7,0.896551724137931,1352.081728298996,8,0.8235294117647058,1009.0218035305282,CONTINUOUS_METRICS_ONLY_NO_FINAL_RULE,1.0,AVAILABLE_IN_FIADB_NOT_APPLIED; EVALID_LINKAGE_REQUIRED_FOR_FORMAL_ESTIMATION,0,1,1,1.0,1.75,3.0,7.0,15.0,45,5.970588235294118,1,1.0,3.0,10.0,38.75,57.800000000000026,250,26.397058823529413
829,Quercus oblongifolia,Quercus oblongifolia,Mexican blue oak,species,1,NA_NOT_AVAILABLE_IN_FROZEN_REF_SPECIES,1,25,115725,23,69,10051,16,57920,57805,12,11,9235,9171,10,10,4,6,6,0.25,1.0,1.0,0.9166666666666666,1.0909090909090908,0.625,8,0.375,291.54759474226506,4,0.5,257.390753524675,6,0.4,215.05813167606567,CONTINUOUS_METRICS_ONLY_NO_FINAL_RULE,1.0,AVAILABLE_IN_FIADB_NOT_APPLIED; EVALID_LINKAGE_REQUIRED_FOR_FORMAL_ESTIMATION,0,1,1,1.0,1.0,1.0,2.0,2.0,3,1.4375,1,1.0,1.0,1.5,7.0,7.5,20,4.3125
829,Quercus oblongifolia,Quercus oblongifolia,Mexican blue oak,species,1,NA_NOT_AVAILABLE_IN_FROZEN_REF_SPECIES,1,50,115725,23,69,2970,11,57920,57805,12,11,2846,2830,7,8,4,3,4,0.36363636363636365,0.875,0.875,0.9166666666666666,1.0909090909090908,0.36363636363636365,3,0.8181818181818182,291.54759474226506,2,0.8571428571428571,223.60679774997897,2,0.875,250.0,CONTINUOUS_METRICS_ONLY_NO_FINAL_RULE,1.0,AVAILABLE_IN_FIADB_NOT_APPLIED; EVALID_LINKAGE_REQUIRED_FOR_FORMAL_ESTIMATION,0,1,1,1.0,1.0,2.0,3.0,3.0,4,2.090909090909091,1,1.0,2.5,6.0,7.5,8.0,20,6.2727272727272725
829,Quercus oblongifolia,Quercus oblongifolia,Mexican blue oak,species,1,NA_NOT_AVAILABLE_IN_FROZEN_REF_SPECIES,1,75,115725,23,69,1441,9,57920,57805,12,11,1411,1397,6,6,3,3,3,0.3333333333333333,1.0,1.0,0.9166666666666666,1.0909090909090908,0.4444444444444444,1,1.0,270.41634565979916,2,0.8333333333333334,270.41634565979916,1,1.0,212.13203435596427,CONTINUOUS_METRICS_ONLY_NO_FINAL_RULE,1.0,AVAILABLE_IN_FIADB_NOT_APPLIED; EVALID_LINKAGE_REQUIRED_FOR_FORMAL_ESTIMATION,0,1,1,1.0,1.0,2.0,4.0,5.0,5,2.5555555555555554,1,1.0,1.0,7.0,7.0,15.400000000000002,29,7.666666666666667
830,Quercus palustris,Quercus palustris,pin oak,species,1,NA_NOT_AVAILABLE_IN_FROZEN_REF_SPECIES,0,25,115725,530,1334,10051,356,57920,57805,276,254,9235,9171,229,193,66,163,127,0.1853932584269663,0.8427947598253275,1.1865284974093264,0.9202898550724637,1.0866141732283465,0.7078651685393258,129,0.12078651685393259,2295.239638904836,123,0.07860262008733625,2218.811618862674,103,0.07253886010362694,2195.449840010015,CONTINUOUS_METRICS_ONLY_NO_FINAL_RULE,1.0,AVAILABLE_IN_FIADB_NOT_APPLIED; EVALID_LINKAGE_REQUIRED_FOR_FORMAL_ESTIMATION,0,1,1,1.0,1.0,1.0,2.0,3.0,8,1.4887640449438202,1,1.0,1.0,2.0,4.0,8.0,49,3.747191011235955
830,Quercus palustris,Quercus palustris,pin oak,species,1,NA_NOT_AVAILABLE_IN_FROZEN_REF_SPECIES,0,50,115725,530,1334,2970,211,57920,57805,276,254,2846,2830,160,137,86,74,51,0.4075829383886256,0.85625,1.167883211678832,0.9202898550724637,1.0866141732283465,0.4786729857819905,30,0.3933649289099526,2274.313083108832,42,0.21875,2232.711356176611,33,0.1678832116788321,2195.449840010015,CONTINUOUS_METRICS_ONLY_NO_FINAL_RULE,1.0,AVAILABLE_IN_FIADB_NOT_APPLIED; EVALID_LINKAGE_REQUIRED_FOR_FORMAL_ESTIMATION,0,1,1,1.0,1.0,2.0,3.0,6.0,17,2.5118483412322274,1,1.0,1.0,3.0,8.0,14.0,65,6.322274881516588
830,Quercus palustris,Quercus palustris,pin oak,species,1,NA_NOT_AVAILABLE_IN_FROZEN_REF_SPECIES,0,75,115725,530,1334,1441,141,57920,57805,276,254,1411,1397,113,102,74,39,28,0.524822695035461,0.9026548672566371,1.107843137254902,0.9202898550724637,1.0866141732283465,0.375886524822695,11,0.7375886524822695,2329.83368505136,13,0.5221238938053098,2226.1233119483745,17,0.45098039215686275,2251.249652970545,CONTINUOUS_METRICS_ONLY_NO_FINAL_RULE,1.0,AVAILABLE_IN_FIADB_NOT_APPLIED; EVALID_LINKAGE_REQUIRED_FOR_FORMAL_ESTIMATION,0,1,1,1.0,1.0,2.0,5.0,8.0,28,3.7588652482269502,1,1.0,2.0,5.0,11.0,23.0,120,9.460992907801419
831,Quercus phellos,Quercus phellos,willow oak,species,1,NA_NOT_AVAILABLE_IN_FROZEN_REF_SPECIES,0,25,115725,1982,5214,10051,981,57920,57805,1004,978,9235,9171,656,669,344,312,325,0.3506625891946993,0.9805680119581465,0.9805680119581465,0.9741035856573705,1.0265848670756645,0.4943934760448522,63,0.48216106014271154,2370.258424729253,118,0.3094512195121951,2255.2716022687823,134,0.26756352765321373,2350.5318547086317,CONTINUOUS_METRICS_ONLY_NO_FINAL_RULE,1.0,AVAILABLE_IN_FIADB_NOT_APPLIED; EVALID_LINKAGE_REQUIRED_FOR_FORMAL_ESTIMATION,0,1,1,1.0,1.0,2.0,3.0,4.0,10,2.020387359836901,1,1.0,1.0,3.0,6.0,13.0,51,5.314984709480123
831,Quercus phellos,Quercus phellos,willow oak,species,1,NA_NOT_AVAILABLE_IN_FROZEN_REF_SPECIES,0,50,115725,1982,5214,2970,388,57920,57805,1004,978,2846,2830,329,341,282,47,59,0.7268041237113402,0.9648093841642229,0.9648093841642229,0.9741035856573705,1.0265848670756645,0.15721649484536082,6,0.9871134020618557,2350.5318547086317,8,0.6170212765957447,2220.360331117452,10,0.5513196480938416,2350.5318547086317,CONTINUOUS_METRICS_ONLY_NO_FINAL_RULE,1.0,AVAILABLE_IN_FIADB_NOT_APPLIED; EVALID_LINKAGE_REQUIRED_FOR_FORMAL_ESTIMATION,0,1,1,1.0,2.0,4.0,7.0,11.0,24,5.108247422680412,1,2.0,3.75,9.0,18.0,30.0,83,13.438144329896907
831,Quercus phellos,Quercus phellos,willow oak,species,1,NA_NOT_AVAILABLE_IN_FROZEN_REF_SPECIES,0,75,115725,1982,5214,1441,203,57920,57805,1004,978,1411,1397,179,191,167,12,24,0.8226600985221675,0.93717277486911,0.93717277486911,0.9741035856573705,1.0265848670756645,0.10837438423645321,5,0.9753694581280788,2355.0477702161375,5,0.9720670391061452,2205.816175477911,6,0.9738219895287958,2355.0477702161375,CONTINUOUS_METRICS_ONLY_NO_FINAL_RULE,1.0,AVAILABLE_IN_FIADB_NOT_APPLIED; EVALID_LINKAGE_REQUIRED_FOR_FORMAL_ESTIMATION,0,1,1,1.0,4.0,8.0,15.0,21.0,37,9.763546798029557,1,2.0,7.0,18.0,34.0,57.60000000000002,142,25.68472906403941
832,Quercus prinus,Quercus prinus,chestnut oak,species,1,NA_NOT_AVAILABLE_IN_FROZEN_REF_SPECIES,0,25,115725,5129,28007,10051,939,57920,57805,2559,2570,9235,9171,763,779,603,160,176,0.6421725239616614,0.9794608472400513,0.9794608472400513,0.9957198443579767,0.9957198443579767,0.24281150159744408,46,0.8839190628328009,2051.8284528683193,63,0.8532110091743119,1927.5956526201235,56,0.8613607188703466,2033.6236131595247,CONTINUOUS_METRICS_ONLY_NO_FINAL_RULE,1.0,AVAILABLE_IN_FIADB_NOT_APPLIED; EVALID_LINKAGE_REQUIRED_FOR_FORMAL_ESTIMATION,0,1,1,1.0,2.0,4.0,7.0,11.0,39,5.462193823216188,1,2.0,5.0,15.0,35.0,69.0,411,29.826411075612352
832,Quercus prinus,Quercus prinus,chestnut oak,species,1,NA_NOT_AVAILABLE_IN_FROZEN_REF_SPECIES,0,50,115725,5129,28007,2970,322,57920,57805,2559,2570,2846,2830,285,294,257,28,37,0.7981366459627329,0.9693877551020408,0.9693877551020408,0.9957198443579767,0.9957198443579767,0.14285714285714285,8,0.9720496894409938,2051.8284528683193,8,0.9719298245614035,1910.49731745428,11,0.9455782312925171,2015.5644370746372,CONTINUOUS_METRICS_ONLY_NO_FINAL_RULE,1.0,AVAILABLE_IN_FIADB_NOT_APPLIED; EVALID_LINKAGE_REQUIRED_FOR_FORMAL_ESTIMATION,0,1,1,1.0,3.0,9.0,22.75,40.600000000000136,114,15.928571428571429,1,3.0,11.25,37.0,103.0,207.90000000000003,1073,86.97826086956522
832,Quercus prinus,Quercus prinus,chestnut oak,species,1,NA_NOT_AVAILABLE_IN_FROZEN_REF_SPECIES,0,75,115725,5129,28007,1441,172,57920,57805,2559,2570,1411,1397,155,162,145,10,17,0.8430232558139535,0.9567901234567902,0.9567901234567902,0.9957198443579767,0.9957198443579767,0.11046511627906977,4,0.9825581395348837,2068.9671336200586,5,0.9741935483870968,1962.93784924536,3,0.9876543209876543,2068.9671336200586,CONTINUOUS_METRICS_ONLY_NO_FINAL_RULE,1.0,AVAILABLE_IN_FIADB_NOT_APPLIED; EVALID_LINKAGE_REQUIRED_FOR_FORMAL_ESTIMATION,0,1,1,1.0,5.0,15.0,42.5,77.70000000000002,219,29.819767441860463,1,6.0,19.0,62.0,196.75,434.20000000000005,1905,162.83139534883722
833,Quercus rubra,Quercus rubra,northern red oak,species,1,NA_NOT_AVAILABLE_IN_FROZEN_REF_SPECIES,0,25,115725,11247,33648,10051,2750,57920,57805,5630,5617,9235,9171,2157,2119,1526,631,593,0.5549090909090909,0.9823829392675012,1.0179329872581406,0.9976909413854351,1.0023144027060709,0.29709090909090907,147,0.6927272727272727,3186.00455115808,196,0.5331478905887808,3095.258470628907,209,0.4841906559697971,3088.8913868894774,CONTINUOUS_METRICS_ONLY_NO_FINAL_RULE,1.0,AVAILABLE_IN_FIADB_NOT_APPLIED; EVALID_LINKAGE_REQUIRED_FOR_FORMAL_ESTIMATION,0,1,1,1.0,1.0,3.0,5.0,9.099999999999909,26,4.089818181818182,1,1.0,2.0,6.0,14.0,32.0,164,12.235636363636363
833,Quercus rubra,Quercus rubra,northern red oak,species,1,NA_NOT_AVAILABLE_IN_FROZEN_REF_SPECIES,0,50,115725,11247,33648,2970,962,57920,57805,5630,5617,2846,2830,854,849,741,113,108,0.7702702702702703,0.9941451990632318,1.005889281507656,0.9976909413854351,1.0023144027060709,0.15280665280665282,17,0.9708939708939709,3170.567772497538,20,0.9613583138173302,3110.0643080167974,23,0.9634864546525324,3053.686296920494,CONTINUOUS_METRICS_ONLY_NO_FINAL_RULE,1.0,AVAILABLE_IN_FIADB_NOT_APPLIED; EVALID_LINKAGE_REQUIRED_FOR_FORMAL_ESTIMATION,0,1,1,1.0,3.0,7.0,16.0,29.0,75,11.691268191268192,1,2.0,5.0,15.0,40.75,101.89999999999998,374,34.977130977130976
833,Quercus rubra,Quercus rubra,northern red oak,species,1,NA_NOT_AVAILABLE_IN_FROZEN_REF_SPECIES,0,75,115725,11247,33648,1441,488,57920,57805,5630,5617,1411,1397,446,450,408,38,42,0.8360655737704918,0.9911111111111112,0.9911111111111112,0.9976909413854351,1.0023144027060709,0.11475409836065574,4,0.9938524590163934,3150.8927306400005,4,0.9775784753363229,3060.330864465475,7,0.98,3034.4892486215863,CONTINUOUS_METRICS_ONLY_NO_FINAL_RULE,1.0,AVAILABLE_IN_FIADB_NOT_APPLIED; EVALID_LINKAGE_REQUIRED_FOR_FORMAL_ESTIMATION,0,1,1,1.0,5.0,13.0,31.0,60.0,131,23.047131147540984,1,2.0,10.0,29.0,80.25,195.0000000000001,607,68.95081967213115
834,Quercus shumardii,Quercus shumardii,Shumard oak,species,1,NA_NOT_AVAILABLE_IN_FROZEN_REF_SPECIES,0,25,115725,635,1473,10051,412,57920,57805,315,320,9235,9171,243,237,68,175,169,0.1650485436893204,0.9753086419753086,1.0253164556962024,0.984375,0.984375,0.7427184466019418,171,0.220873786407767,2233.9706802015103,135,0.09876543209876543,2173.8502708328374,113,0.16033755274261605,2170.541407114824,CONTINUOUS_METRICS_ONLY_NO_FINAL_RULE,1.0,AVAILABLE_IN_FIADB_NOT_APPLIED; EVALID_LINKAGE_REQUIRED_FOR_FORMAL_ESTIMATION,0,1,1,1.0,1.0,1.0,2.0,3.0,14,1.5412621359223302,1,1.0,1.0,2.0,4.0,8.0,46,3.575242718446602
834,Quercus shumardii,Quercus shumardii,Shumard oak,species,1,NA_NOT_AVAILABLE_IN_FROZEN_REF_SPECIES,0,50,115725,635,1473,2970,260,57920,57805,315,320,2846,2830,180,170,90,90,80,0.34615384615384615,0.9444444444444444,1.0588235294117647,0.984375,0.984375,0.5153846153846153,35,0.6884615384615385,2220.923231451281,39,0.29444444444444445,2152.3243250030882,40,0.5,2178.3020910791965,CONTINUOUS_METRICS_ONLY_NO_FINAL_RULE,1.0,AVAILABLE_IN_FIADB_NOT_APPLIED; EVALID_LINKAGE_REQUIRED_FOR_FORMAL_ESTIMATION,0,1,1,1.0,1.0,1.0,2.0,4.0,39,2.4423076923076925,1,1.0,1.0,2.0,5.0,11.0,144,5.665384615384616
834,Quercus shumardii,Quercus shumardii,Shumard oak,species,1,NA_NOT_AVAILABLE_IN_FROZEN_REF_SPECIES,0,75,115725,635,1473,1441,177,57920,57805,315,320,1411,1397,131,123,77,54,46,0.4350282485875706,0.9389312977099237,1.065040650406504,0.984375,0.984375,0.4067796610169492,12,0.9096045197740112,2289.650628371062,13,0.8244274809160306,2186.6069605669877,20,0.5040650406504065,2226.1233119483745,CONTINUOUS_METRICS_ONLY_NO_FINAL_RULE,1.0,AVAILABLE_IN_FIADB_NOT_APPLIED; EVALID_LINKAGE_REQUIRED_FOR_FORMAL_ESTIMATION,0,1,1,1.0,1.0,2.0,4.0,7.0,57,3.5875706214689265,1,1.0,1.0,3.0,8.0,17.200000000000017,221,8.322033898305085
835,Quercus stellata,Quercus stellata,post oak,species,1,NA_NOT_AVAILABLE_IN_FROZEN_REF_SPECIES,0,25,115725,6494,27267,10051,1862,57920,57805,3239,3255,9235,9171,1404,1414,956,448,458,0.5134264232008593,0.9929278642149929,0.9929278642149929,0.9950844854070661,0.9950844854070661,0.3464017185821697,111,0.8904403866809882,2990.5058100595625,160,0.7435897435897436,2975.9452279905963,173,0.44625176803394623,2990.5058100595625,CONTINUOUS_METRICS_ONLY_NO_FINAL_RULE,1.0,AVAILABLE_IN_FIADB_NOT_APPLIED; EVALID_LINKAGE_REQUIRED_FOR_FORMAL_ESTIMATION,0,1,1,1.0,1.0,2.0,4.0,8.0,22,3.4876476906552094,1,1.0,2.0,5.0,16.0,41.0,236,14.643931256713211
835,Quercus stellata,Quercus stellata,post oak,species,1,NA_NOT_AVAILABLE_IN_FROZEN_REF_SPECIES,0,50,115725,6494,27267,2970,672,57920,57805,3239,3255,2846,2830,586,596,510,76,86,0.7589285714285714,0.9832214765100671,0.9832214765100671,0.9950844854070661,0.9950844854070661,0.15178571428571427,14,0.9642857142857143,2970.269348055829,23,0.9453924914675768,2970.269348055829,16,0.9496644295302014,2970.269348055829,CONTINUOUS_METRICS_ONLY_NO_FINAL_RULE,1.0,AVAILABLE_IN_FIADB_NOT_APPLIED; EVALID_LINKAGE_REQUIRED_FOR_FORMAL_ESTIMATION,0,1,1,1.0,2.0,6.0,13.0,24.899999999999977,64,9.663690476190476,1,2.0,4.0,14.0,39.25,120.89999999999975,699,40.575892857142854
835,Quercus stellata,Quercus stellata,post oak,species,1,NA_NOT_AVAILABLE_IN_FROZEN_REF_SPECIES,0,75,115725,6494,27267,1441,346,57920,57805,3239,3255,1411,1397,310,324,288,22,36,0.8323699421965318,0.9567901234567902,0.9567901234567902,0.9950844854070661,0.9950844854070661,0.0953757225433526,5,0.9826589595375722,3000.0,10,0.967741935483871,2955.609074285705,6,0.9598765432098766,3000.0,CONTINUOUS_METRICS_ONLY_NO_FINAL_RULE,1.0,AVAILABLE_IN_FIADB_NOT_APPLIED; EVALID_LINKAGE_REQUIRED_FOR_FORMAL_ESTIMATION,0,1,1,2.0,4.0,11.0,23.75,46.0,112,18.76878612716763,1,2.0,8.0,24.0,75.25,239.0,1143,78.80635838150289
836,Quercus similis,Quercus similis,Delta post oak,species,1,NA_NOT_AVAILABLE_IN_FROZEN_REF_SPECIES,0,25,115725,10,19,10051,10,57920,57805,4,6,9235,9171,4,6,0,4,6,0.0,0.6666666666666666,0.6666666666666666,0.6666666666666666,0.6666666666666666,1.0,10,0.1,906.228448019593,4,0.25,670.820393249937,6,0.16666666666666666,707.5485849042453,CONTINUOUS_METRICS_ONLY_NO_FINAL_RULE,1.0,AVAILABLE_IN_FIADB_NOT_APPLIED; EVALID_LINKAGE_REQUIRED_FOR_FORMAL_ESTIMATION,0,1,1,1.0,1.0,1.0,1.0,1.0,1,1.0,1,1.0,1.25,2.0,2.0,3.0,3,1.9
836,Quercus similis,Quercus similis,Delta post oak,species,1,NA_NOT_AVAILABLE_IN_FROZEN_REF_SPECIES,0,50,115725,10,19,2970,10,57920,57805,4,6,2846,2830,4,6,0,4,6,0.0,0.6666666666666666,0.6666666666666666,0.6666666666666666,0.6666666666666666,1.0,9,0.2,894.4271909999159,4,0.25,670.820393249937,6,0.16666666666666666,721.1102550927978,CONTINUOUS_METRICS_ONLY_NO_FINAL_RULE,1.0,AVAILABLE_IN_FIADB_NOT_APPLIED; EVALID_LINKAGE_REQUIRED_FOR_FORMAL_ESTIMATION,0,1,1,1.0,1.0,1.0,1.0,1.0,1,1.0,1,1.0,1.25,2.0,2.0,3.0,3,1.9
836,Quercus similis,Quercus similis,Delta post oak,species,1,NA_NOT_AVAILABLE_IN_FROZEN_REF_SPECIES,0,75,115725,10,19,1441,9,57920,57805,4,6,1411,1397,4,5,0,4,5,0.0,0.8,0.8,0.6666666666666666,0.6666666666666666,0.8888888888888888,8,0.2222222222222222,906.228448019593,4,0.25,670.820393249937,5,0.2,707.5485849042452,CONTINUOUS_METRICS_ONLY_NO_FINAL_RULE,1.0,AVAILABLE_IN_FIADB_NOT_APPLIED; EVALID_LINKAGE_REQUIRED_FOR_FORMAL_ESTIMATION,0,1,1,1.0,1.0,1.0,1.0,1.2000000000000002,2,1.1111111111111112,1,1.0,2.0,2.0,3.0,3.0,3,2.111111111111111
837,Quercus velutina,Quercus velutina,black oak,species,1,NA_NOT_AVAILABLE_IN_FROZEN_REF_SPECIES,0,25,115725,7413,19552,10051,2181,57920,57805,3736,3677,9235,9171,1653,1622,1094,559,528,0.5016047684548373,0.9812462189957653,1.0191122071516645,0.9842077087794433,1.0160456894207235,0.343878954607978,136,0.7817514901421366,2865.8550207573307,202,0.6999395039322444,2850.438562747845,181,0.6886559802712701,2846.2694882951614,CONTINUOUS_METRICS_ONLY_NO_FINAL_RULE,1.0,AVAILABLE_IN_FIADB_NOT_APPLIED; EVALID_LINKAGE_REQUIRED_FOR_FORMAL_ESTIMATION,0,1,1,1.0,1.0,2.0,4.0,8.0,30,3.3988995873452543,1,1.0,2.0,4.0,10.0,21.0,179,8.964695093993582
837,Quercus velutina,Quercus velutina,black oak,species,1,NA_NOT_AVAILABLE_IN_FROZEN_REF_SPECIES,0,50,115725,7413,19552,2970,805,57920,57805,3736,3677,2846,2830,703,680,578,125,102,0.7180124223602484,0.9672830725462305,1.0338235294117648,0.9842077087794433,1.0160456894207235,0.16149068322981366,18,0.9664596273291925,2850.438562747845,24,0.9431009957325747,2850.438562747845,30,0.8382352941176471,2850.438562747845,CONTINUOUS_METRICS_ONLY_NO_FINAL_RULE,1.0,AVAILABLE_IN_FIADB_NOT_APPLIED; EVALID_LINKAGE_REQUIRED_FOR_FORMAL_ESTIMATION,0,1,1,1.0,2.0,5.0,12.0,23.600000000000023,84,9.208695652173914,1,2.0,4.0,11.0,27.0,53.200000000000045,371,24.288198757763976
837,Quercus velutina,Quercus velutina,black oak,species,1,NA_NOT_AVAILABLE_IN_FROZEN_REF_SPECIES,0,75,115725,7413,19552,1441,422,57920,57805,3736,3677,1411,1397,384,378,340,44,38,0.8056872037914692,0.984375,1.0158730158730158,0.9842077087794433,1.0160456894207235,0.12796208530805686,6,0.981042654028436,2881.405906844782,10,0.9635416666666666,2835.15872571537,9,0.8465608465608465,2881.405906844782,CONTINUOUS_METRICS_ONLY_NO_FINAL_RULE,1.0,AVAILABLE_IN_FIADB_NOT_APPLIED; EVALID_LINKAGE_REQUIRED_FOR_FORMAL_ESTIMATION,0,1,1,1.0,3.0,10.0,24.75,42.0,140,17.566350710900473,1,2.0,7.0,21.0,52.0,103.7000000000001,684,46.33175355450237
838,Quercus virginiana,Quercus virginiana,live oak,species,1,NA_NOT_AVAILABLE_IN_FROZEN_REF_SPECIES,0,25,115725,1632,8054,10051,596,57920,57805,801,831,9235,9171,437,437,278,159,159,0.4664429530201342,1.0,1.0,0.9638989169675091,0.9638989169675091,0.36073825503355705,55,0.43791946308724833,2582.8763036583846,66,0.4096109839816934,2325.9406699226015,75,0.30205949656750575,2582.8763036583846,CONTINUOUS_METRICS_ONLY_NO_FINAL_RULE,1.0,AVAILABLE_IN_FIADB_NOT_APPLIED; EVALID_LINKAGE_REQUIRED_FOR_FORMAL_ESTIMATION,0,1,1,1.0,1.0,2.0,4.0,6.0,12,2.738255033557047,1,1.0,3.0,7.0,16.0,32.0,150,13.513422818791947
838,Quercus virginiana,Quercus virginiana,live oak,species,1,NA_NOT_AVAILABLE_IN_FROZEN_REF_SPECIES,0,50,115725,1632,8054,2970,241,57920,57805,801,831,2846,2830,200,205,164,36,41,0.6804979253112033,0.975609756097561,0.975609756097561,0.9638989169675091,0.9638989169675091,0.21161825726141079,17,0.5726141078838174,2571.478174124758,17,0.52,2325.9406699226015,14,0.4926829268292683,2571.478174124758,CONTINUOUS_METRICS_ONLY_NO_FINAL_RULE,1.0,AVAILABLE_IN_FIADB_NOT_APPLIED; EVALID_LINKAGE_REQUIRED_FOR_FORMAL_ESTIMATION,0,1,1,1.0,2.0,4.0,10.0,17.0,35,6.771784232365145,1,2.0,5.0,15.0,44.0,80.0,326,33.41908713692946
838,Quercus virginiana,Quercus virginiana,live oak,species,1,NA_NOT_AVAILABLE_IN_FROZEN_REF_SPECIES,0,75,115725,1632,8054,1441,135,57920,57805,801,831,1411,1397,120,123,108,12,15,0.8,0.975609756097561,0.975609756097561,0.9638989169675091,0.9638989169675091,0.15555555555555556,6,0.9629629629629629,2582.8763036583846,4,0.975,2347.871376374779,5,0.5853658536585366,2582.8763036583846,CONTINUOUS_METRICS_ONLY_NO_FINAL_RULE,1.0,AVAILABLE_IN_FIADB_NOT_APPLIED; EVALID_LINKAGE_REQUIRED_FOR_FORMAL_ESTIMATION,0,1,1,1.0,3.0,7.0,18.5,27.60000000000001,58,12.088888888888889,1,3.0,8.0,24.0,67.0,137.4000000000001,577,59.65925925925926
839,Quercus wislizeni,Quercus wislizeni,interior live oak,species,1,NA_NOT_AVAILABLE_IN_FROZEN_REF_SPECIES,0,25,115725,143,1123,10051,71,57920,57805,70,73,9235,9171,47,45,21,26,24,0.29577464788732394,0.9574468085106383,1.0444444444444445,0.958904109589041,0.958904109589041,0.5915492957746479,26,0.23943661971830985,1051.189802081432,22,0.23404255319148937,1028.6520305720492,21,0.35555555555555557,939.4147114027968,CONTINUOUS_METRICS_ONLY_NO_FINAL_RULE,1.0,AVAILABLE_IN_FIADB_NOT_APPLIED; EVALID_LINKAGE_REQUIRED_FOR_FORMAL_ESTIMATION,0,1,1,1.0,1.0,1.0,2.0,4.0,7,2.0140845070422535,1,1.0,2.0,7.0,21.5,37.0,114,15.816901408450704
839,Quercus wislizeni,Quercus wislizeni,interior live oak,species,1,NA_NOT_AVAILABLE_IN_FROZEN_REF_SPECIES,0,50,115725,143,1123,2970,43,57920,57805,70,73,2846,2830,31,28,16,15,12,0.37209302325581395,0.9032258064516129,1.1071428571428572,0.958904109589041,0.958904109589041,0.4418604651162791,5,0.8837209302325582,1051.189802081432,7,0.6129032258064516,1051.189802081432,9,0.35714285714285715,939.4147114027968,CONTINUOUS_METRICS_ONLY_NO_FINAL_RULE,1.0,AVAILABLE_IN_FIADB_NOT_APPLIED; EVALID_LINKAGE_REQUIRED_FOR_FORMAL_ESTIMATION,0,1,1,1.0,1.0,2.0,4.0,9.0,15,3.3255813953488373,1,1.0,2.0,8.0,32.0,86.00000000000004,137,26.11627906976744
839,Quercus wislizeni,Quercus wislizeni,interior live oak,species,1,NA_NOT_AVAILABLE_IN_FROZEN_REF_SPECIES,0,75,115725,143,1123,1441,33,57920,57805,70,73,1411,1397,23,24,14,9,10,0.42424242424242425,0.9583333333333334,0.9583333333333334,0.958904109589041,0.958904109589041,0.42424242424242425,3,0.8787878787878788,1073.8365797457266,4,0.6956521739130435,1073.8365797457266,3,0.9166666666666666,906.228448019593,CONTINUOUS_METRICS_ONLY_NO_FINAL_RULE,1.0,AVAILABLE_IN_FIADB_NOT_APPLIED; EVALID_LINKAGE_REQUIRED_FOR_FORMAL_ESTIMATION,0,1,1,1.0,1.0,2.0,4.0,11.400000000000002,22,4.333333333333333,1,1.2000000000000002,4.0,9.0,34.0,115.00000000000004,188,34.03030303030303
840,Quercus margarettiae,Quercus margarettiae,dwarf post oak,species,1,NA_NOT_AVAILABLE_IN_FROZEN_REF_SPECIES,0,25,115725,108,420,10051,83,57920,57805,52,56,9235,9171,43,50,10,33,40,0.12048192771084337,0.86,0.86,0.9285714285714286,0.9285714285714286,0.8313253012048193,47,0.13253012048192772,2051.98075039704,31,0.09302325581395349,2028.8543565273483,36,0.12,2019.436802675439,CONTINUOUS_METRICS_ONLY_NO_FINAL_RULE,1.0,AVAILABLE_IN_FIADB_NOT_APPLIED; EVALID_LINKAGE_REQUIRED_FOR_FORMAL_ESTIMATION,0,1,1,1.0,1.0,1.0,1.0,2.0,5,1.3012048192771084,1,1.0,1.0,2.0,7.0,11.0,30,5.0602409638554215
840,Quercus margarettiae,Quercus margarettiae,dwarf post oak,species,1,NA_NOT_AVAILABLE_IN_FROZEN_REF_SPECIES,0,50,115725,108,420,2970,62,57920,57805,52,56,2846,2830,37,39,14,23,25,0.22580645161290322,0.9487179487179487,0.9487179487179487,0.9285714285714286,0.9285714285714286,0.6935483870967742,13,0.5,2042.6698215815495,15,0.21621621621621623,1996.246477767713,14,0.1794871794871795,2042.6698215815495,CONTINUOUS_METRICS_ONLY_NO_FINAL_RULE,1.0,AVAILABLE_IN_FIADB_NOT_APPLIED; EVALID_LINKAGE_REQUIRED_FOR_FORMAL_ESTIMATION,0,1,1,1.0,1.0,1.0,2.0,3.8999999999999986,11,1.7419354838709677,1,1.0,1.0,3.0,10.0,16.599999999999994,36,6.774193548387097
840,Quercus margarettiae,Quercus margarettiae,dwarf post oak,species,1,NA_NOT_AVAILABLE_IN_FROZEN_REF_SPECIES,0,75,115725,108,420,1441,45,57920,57805,52,56,1411,1397,30,33,18,12,15,0.4,0.9090909090909091,0.9090909090909091,0.9285714285714286,0.9285714285714286,0.4666666666666667,7,0.6666666666666666,2019.436802675439,11,0.5,2019.436802675439,9,0.36363636363636365,2019.436802675439,CONTINUOUS_METRICS_ONLY_NO_FINAL_RULE,1.0,AVAILABLE_IN_FIADB_NOT_APPLIED; EVALID_LINKAGE_REQUIRED_FOR_FORMAL_ESTIMATION,0,1,1,1.0,1.0,2.0,3.0,4.0,12,2.4,1,1.0,2.0,8.0,13.0,21.200000000000003,38,9.333333333333334
841,Quercus minima,Quercus minima,dwarf live oak,species,1,NA_NOT_AVAILABLE_IN_FROZEN_REF_SPECIES,0,25,115725,78,375,10051,51,57920,57805,44,34,9235,9171,34,29,12,22,17,0.23529411764705882,0.8529411764705882,1.1724137931034482,0.7727272727272727,1.2941176470588236,0.6862745098039216,20,0.39215686274509803,790.5694150420948,14,0.4411764705882353,790.5694150420948,16,0.2413793103448276,704.4501401802686,CONTINUOUS_METRICS_ONLY_NO_FINAL_RULE,1.0,AVAILABLE_IN_FIADB_NOT_APPLIED; EVALID_LINKAGE_REQUIRED_FOR_FORMAL_ESTIMATION,0,1,1,1.0,1.0,1.0,2.0,3.0,5,1.5294117647058822,1,1.0,1.5,4.0,8.0,16.0,47,7.352941176470588
841,Quercus minima,Quercus minima,dwarf live oak,species,1,NA_NOT_AVAILABLE_IN_FROZEN_REF_SPECIES,0,50,115725,78,375,2970,31,57920,57805,44,34,2846,2830,22,21,12,10,9,0.3870967741935484,0.9545454545454546,1.0476190476190477,0.7727272727272727,1.2941176470588236,0.5806451612903226,5,0.7096774193548387,790.5694150420948,9,0.5,790.5694150420948,6,0.42857142857142855,715.8910531638177,CONTINUOUS_METRICS_ONLY_NO_FINAL_RULE,1.0,AVAILABLE_IN_FIADB_NOT_APPLIED; EVALID_LINKAGE_REQUIRED_FOR_FORMAL_ESTIMATION,0,1,1,1.0,1.0,1.0,3.5,6.0,10,2.5161290322580645,1,1.0,2.0,7.0,14.0,34.0,55,12.096774193548388
841,Quercus minima,Quercus minima,dwarf live oak,species,1,NA_NOT_AVAILABLE_IN_FROZEN_REF_SPECIES,0,75,115725,78,375,1441,22,57920,57805,44,34,1411,1397,17,17,12,5,5,0.5454545454545454,1.0,1.0,0.7727272727272727,1.2941176470588236,0.4090909090909091,3,0.8181818181818182,811.2490369793976,4,0.7058823529411765,811.2490369793976,4,0.7647058823529411,738.6643351347078,CONTINUOUS_METRICS_ONLY_NO_FINAL_RULE,1.0,AVAILABLE_IN_FIADB_NOT_APPLIED; EVALID_LINKAGE_REQUIRED_FOR_FORMAL_ESTIMATION,0,1,1,1.0,1.0,2.0,3.0,7.700000000000006,16,3.5454545454545454,1,1.0,4.0,7.0,21.0,46.800000000000054,105,17.045454545454547
842,Quercus incana,Quercus incana,bluejack oak,species,1,NA_NOT_AVAILABLE_IN_FROZEN_REF_SPECIES,0,25,115725,55,86,10051,49,57920,57805,21,34,9235,9171,20,33,4,16,29,0.08163265306122448,0.6060606060606061,0.6060606060606061,0.6176470588235294,0.6176470588235294,0.9183673469387755,39,0.08163265306122448,1811.2495686679956,19,0.1,1789.7276329095441,25,0.12121212121212122,1699.448439935734,CONTINUOUS_METRICS_ONLY_NO_FINAL_RULE,1.0,AVAILABLE_IN_FIADB_NOT_APPLIED; EVALID_LINKAGE_REQUIRED_FOR_FORMAL_ESTIMATION,0,1,1,1.0,1.0,1.0,1.0,1.0,3,1.1224489795918366,1,1.0,1.0,1.0,2.0,3.200000000000003,8,1.7551020408163265
842,Quercus incana,Quercus incana,bluejack oak,species,1,NA_NOT_AVAILABLE_IN_FROZEN_REF_SPECIES,0,50,115725,55,86,2970,42,57920,57805,21,34,2846,2830,18,27,3,15,24,0.07142857142857142,0.6666666666666666,0.6666666666666666,0.6176470588235294,0.6176470588235294,0.8333333333333334,16,0.23809523809523808,1833.7120820892249,16,0.1111111111111111,1812.456896039186,18,0.14814814814814814,1677.050983124842,CONTINUOUS_METRICS_ONLY_NO_FINAL_RULE,1.0,AVAILABLE_IN_FIADB_NOT_APPLIED; EVALID_LINKAGE_REQUIRED_FOR_FORMAL_ESTIMATION,0,1,1,1.0,1.0,1.0,1.0,2.0,6,1.3095238095238095,1,1.0,1.0,1.0,2.0,4.0,12,2.0476190476190474
842,Quercus incana,Quercus incana,bluejack oak,species,1,NA_NOT_AVAILABLE_IN_FROZEN_REF_SPECIES,0,75,115725,55,86,1441,35,57920,57805,21,34,1411,1397,18,27,10,8,17,0.2857142857142857,0.6666666666666666,0.6666666666666666,0.6176470588235294,0.6176470588235294,0.5714285714285714,9,0.3142857142857143,1812.456896039186,14,0.16666666666666666,1812.456896039186,8,0.37037037037037035,1677.0509831248423,CONTINUOUS_METRICS_ONLY_NO_FINAL_RULE,1.0,AVAILABLE_IN_FIADB_NOT_APPLIED; EVALID_LINKAGE_REQUIRED_FOR_FORMAL_ESTIMATION,0,1,1,1.0,1.0,1.0,2.0,2.6000000000000014,4,1.5714285714285714,1,1.0,1.0,2.0,3.0,4.600000000000001,9,2.4571428571428573
843,Quercus hypoleucoides,Quercus hypoleucoides,silverleaf oak,species,1,NA_NOT_AVAILABLE_IN_FROZEN_REF_SPECIES,1,25,115725,65,261,10051,35,57920,57805,31,34,9235,9171,27,18,10,17,8,0.2857142857142857,0.6666666666666666,1.5,0.9117647058823529,0.9117647058823529,0.6,12,0.3142857142857143,424.2640687119285,8,0.4074074074074074,355.31676008879737,10,0.16666666666666666,424.2640687119285,CONTINUOUS_METRICS_ONLY_NO_FINAL_RULE,1.0,AVAILABLE_IN_FIADB_NOT_APPLIED; EVALID_LINKAGE_REQUIRED_FOR_FORMAL_ESTIMATION,0,1,1,1.0,1.0,1.0,2.5,3.6000000000000014,5,1.8571428571428572,1,1.0,2.0,6.0,10.0,16.400000000000006,32,7.457142857142857
843,Quercus hypoleucoides,Quercus hypoleucoides,silverleaf oak,species,1,NA_NOT_AVAILABLE_IN_FROZEN_REF_SPECIES,1,50,115725,65,261,2970,23,57920,57805,31,34,2846,2830,17,15,9,8,6,0.391304347826087,0.8823529411764706,1.1333333333333333,0.9117647058823529,0.9117647058823529,0.43478260869565216,2,0.9565217391304348,424.2640687119285,2,0.9411764705882353,353.5533905932738,5,0.4666666666666667,424.2640687119285,CONTINUOUS_METRICS_ONLY_NO_FINAL_RULE,1.0,AVAILABLE_IN_FIADB_NOT_APPLIED; EVALID_LINKAGE_REQUIRED_FOR_FORMAL_ESTIMATION,0,1,1,1.0,1.0,2.0,3.5,6.800000000000001,10,2.8260869565217392,1,1.2000000000000002,3.5,6.0,17.0,18.8,48,11.347826086956522
843,Quercus hypoleucoides,Quercus hypoleucoides,silverleaf oak,species,1,NA_NOT_AVAILABLE_IN_FROZEN_REF_SPECIES,1,75,115725,65,261,1441,14,57920,57805,31,34,1411,1397,11,11,8,3,3,0.5714285714285714,1.0,1.0,0.9117647058823529,0.9117647058823529,0.21428571428571427,1,1.0,424.26406871192853,1,1.0,375.0,4,0.6363636363636364,424.26406871192853,CONTINUOUS_METRICS_ONLY_NO_FINAL_RULE,1.0,AVAILABLE_IN_FIADB_NOT_APPLIED; EVALID_LINKAGE_REQUIRED_FOR_FORMAL_ESTIMATION,0,1,1,1.0,2.0,4.0,7.75,8.700000000000001,10,4.642857142857143,1,4.0,6.25,13.5,27.25,39.900000000000006,60,18.642857142857142
844,Quercus oglethorpensis,Quercus oglethorpensis,Oglethorpe oak,species,1,NA_NOT_AVAILABLE_IN_FROZEN_REF_SPECIES,0,25,115725,1,1,10051,1,57920,57805,1,0,9235,9171,1,0,0,1,0,0.0,0.0,,0.0,,1.0,1,1.0,0.0,1,1.0,0.0,0,,,CONTINUOUS_METRICS_ONLY_NO_FINAL_RULE,1.0,AVAILABLE_IN_FIADB_NOT_APPLIED; EVALID_LINKAGE_REQUIRED_FOR_FORMAL_ESTIMATION,1,1,1,1.0,1.0,1.0,1.0,1.0,1,1.0,1,1.0,1.0,1.0,1.0,1.0,1,1.0
844,Quercus oglethorpensis,Quercus oglethorpensis,Oglethorpe oak,species,1,NA_NOT_AVAILABLE_IN_FROZEN_REF_SPECIES,0,50,115725,1,1,2970,1,57920,57805,1,0,2846,2830,1,0,0,1,0,0.0,0.0,,0.0,,1.0,1,1.0,0.0,1,1.0,0.0,0,,,CONTINUOUS_METRICS_ONLY_NO_FINAL_RULE,1.0,AVAILABLE_IN_FIADB_NOT_APPLIED; EVALID_LINKAGE_REQUIRED_FOR_FORMAL_ESTIMATION,1,1,1,1.0,1.0,1.0,1.0,1.0,1,1.0,1,1.0,1.0,1.0,1.0,1.0,1,1.0
844,Quercus oglethorpensis,Quercus oglethorpensis,Oglethorpe oak,species,1,NA_NOT_AVAILABLE_IN_FROZEN_REF_SPECIES,0,75,115725,1,1,1441,1,57920,57805,1,0,1411,1397,1,0,0,1,0,0.0,0.0,,0.0,,1.0,1,1.0,0.0,1,1.0,0.0,0,,,CONTINUOUS_METRICS_ONLY_NO_FINAL_RULE,1.0,AVAILABLE_IN_FIADB_NOT_APPLIED; EVALID_LINKAGE_REQUIRED_FOR_FORMAL_ESTIMATION,1,1,1,1.0,1.0,1.0,1.0,1.0,1,1.0,1,1.0,1.0,1.0,1.0,1.0,1,1.0
845,Quercus prinoides,Quercus prinoides,dwarf chinkapin oak,species,1,NA_NOT_AVAILABLE_IN_FROZEN_REF_SPECIES,0,25,115725,2,3,10051,2,57920,57805,1,1,9235,9171,1,1,0,1,1,0.0,1.0,1.0,1.0,1.0,1.0,2,0.5,1409.1220671041951,1,1.0,0.0,1,1.0,0.0,CONTINUOUS_METRICS_ONLY_NO_FINAL_RULE,1.0,AVAILABLE_IN_FIADB_NOT_APPLIED; EVALID_LINKAGE_REQUIRED_FOR_FORMAL_ESTIMATION,1,1,1,1.0,1.0,1.0,1.0,1.0,1,1.0,1,1.1,1.25,1.5,1.75,1.9,2,1.5
845,Quercus prinoides,Quercus prinoides,dwarf chinkapin oak,species,1,NA_NOT_AVAILABLE_IN_FROZEN_REF_SPECIES,0,50,115725,2,3,2970,2,57920,57805,1,1,2846,2830,1,1,0,1,1,0.0,1.0,1.0,1.0,1.0,1.0,2,0.5,1431.7821063276353,1,1.0,0.0,1,1.0,0.0,CONTINUOUS_METRICS_ONLY_NO_FINAL_RULE,1.0,AVAILABLE_IN_FIADB_NOT_APPLIED; EVALID_LINKAGE_REQUIRED_FOR_FORMAL_ESTIMATION,1,1,1,1.0,1.0,1.0,1.0,1.0,1,1.0,1,1.1,1.25,1.5,1.75,1.9,2,1.5
845,Quercus prinoides,Quercus prinoides,dwarf chinkapin oak,species,1,NA_NOT_AVAILABLE_IN_FROZEN_REF_SPECIES,0,75,115725,2,3,1441,2,57920,57805,1,1,1411,1397,1,1,0,1,1,0.0,1.0,1.0,1.0,1.0,1.0,2,0.5,1409.1220671041951,1,1.0,0.0,1,1.0,0.0,CONTINUOUS_METRICS_ONLY_NO_FINAL_RULE,1.0,AVAILABLE_IN_FIADB_NOT_APPLIED; EVALID_LINKAGE_REQUIRED_FOR_FORMAL_ESTIMATION,1,1,1,1.0,1.0,1.0,1.0,1.0,1,1.0,1,1.1,1.25,1.5,1.75,1.9,2,1.5
846,Quercus grisea,Quercus grisea,gray oak,species,1,NA_NOT_AVAILABLE_IN_FROZEN_REF_SPECIES,1,25,115725,193,969,10051,94,57920,57805,100,93,9235,9171,62,60,28,34,32,0.2978723404255319,0.967741935483871,1.0333333333333334,0.93,1.075268817204301,0.5851063829787234,34,0.574468085106383,1379.3114224133722,28,0.27419354838709675,1149.1844934561204,22,0.4666666666666667,1202.0815280171307,CONTINUOUS_METRICS_ONLY_NO_FINAL_RULE,1.0,AVAILABLE_IN_FIADB_NOT_APPLIED; EVALID_LINKAGE_REQUIRED_FOR_FORMAL_ESTIMATION,0,1,1,1.0,1.0,1.0,2.0,4.700000000000003,9,2.0531914893617023,1,1.0,2.0,6.5,14.0,26.500000000000014,55,10.308510638297872
846,Quercus grisea,Quercus grisea,gray oak,species,1,NA_NOT_AVAILABLE_IN_FROZEN_REF_SPECIES,1,50,115725,193,969,2970,56,57920,57805,100,93,2846,2830,40,35,19,21,16,0.3392857142857143,0.875,1.1428571428571428,0.93,1.075268817204301,0.5357142857142857,19,0.5535714285714286,1379.3114224133722,15,0.6,1131.370849898476,13,0.42857142857142855,1202.0815280171307,CONTINUOUS_METRICS_ONLY_NO_FINAL_RULE,1.0,AVAILABLE_IN_FIADB_NOT_APPLIED; EVALID_LINKAGE_REQUIRED_FOR_FORMAL_ESTIMATION,0,1,1,1.0,1.0,1.0,3.0,8.0,32,3.4464285714285716,1,1.0,1.75,5.0,17.25,48.5,173,17.303571428571427
846,Quercus grisea,Quercus grisea,gray oak,species,1,NA_NOT_AVAILABLE_IN_FROZEN_REF_SPECIES,1,75,115725,193,969,1441,44,57920,57805,100,93,1411,1397,31,28,15,16,13,0.3409090909090909,0.9032258064516129,1.1071428571428572,0.93,1.075268817204301,0.5454545454545454,8,0.6590909090909091,1432.87298809071,6,0.8387096774193549,1166.7261889578033,8,0.4642857142857143,1272.7922061357854,CONTINUOUS_METRICS_ONLY_NO_FINAL_RULE,1.0,AVAILABLE_IN_FIADB_NOT_APPLIED; EVALID_LINKAGE_REQUIRED_FOR_FORMAL_ESTIMATION,0,1,1,1.0,1.0,1.0,3.0,14.800000000000011,38,4.386363636363637,1,1.0,1.75,4.0,31.0,65.50000000000001,176,22.022727272727273
847,Quercus rugosa,Quercus rugosa,netleaf oak,species,1,NA_NOT_AVAILABLE_IN_FROZEN_REF_SPECIES,1,25,115725,25,121,10051,17,57920,57805,13,12,9235,9171,11,9,3,8,6,0.17647058823529413,0.8181818181818182,1.2222222222222223,0.9230769230769231,1.0833333333333333,0.6470588235294118,8,0.23529411764705882,425.73465914816006,6,0.2727272727272727,291.54759474226506,8,0.2222222222222222,425.73465914816006,CONTINUOUS_METRICS_ONLY_NO_FINAL_RULE,1.0,AVAILABLE_IN_FIADB_NOT_APPLIED; EVALID_LINKAGE_REQUIRED_FOR_FORMAL_ESTIMATION,0,1,1,1.0,1.0,1.0,2.0,2.4000000000000004,3,1.4705882352941178,1,2.0,3.0,4.0,11.0,14.600000000000001,24,7.117647058823529
847,Quercus rugosa,Quercus rugosa,netleaf oak,species,1,NA_NOT_AVAILABLE_IN_FROZEN_REF_SPECIES,1,50,115725,25,121,2970,12,57920,57805,13,12,2846,2830,7,8,3,4,5,0.25,0.875,0.875,0.9230769230769231,1.0833333333333333,0.4166666666666667,6,0.3333333333333333,424.2640687119285,4,0.42857142857142855,291.54759474226506,6,0.375,424.2640687119285,CONTINUOUS_METRICS_ONLY_NO_FINAL_RULE,1.0,AVAILABLE_IN_FIADB_NOT_APPLIED; EVALID_LINKAGE_REQUIRED_FOR_FORMAL_ESTIMATION,0,1,1,1.0,1.0,2.0,2.25,3.0,6,2.0833333333333335,1,2.1,3.0,6.5,14.0,21.5,32,10.083333333333334
847,Quercus rugosa,Quercus rugosa,netleaf oak,species,1,NA_NOT_AVAILABLE_IN_FROZEN_REF_SPECIES,1,75,115725,25,121,1441,9,57920,57805,13,12,1411,1397,6,7,4,2,3,0.4444444444444444,0.8571428571428571,0.8571428571428571,0.9230769230769231,1.0833333333333333,0.3333333333333333,5,0.3333333333333333,375.0,3,0.5,270.41634565979916,5,0.42857142857142855,375.0,CONTINUOUS_METRICS_ONLY_NO_FINAL_RULE,1.0,AVAILABLE_IN_FIADB_NOT_APPLIED; EVALID_LINKAGE_REQUIRED_FOR_FORMAL_ESTIMATION,0,1,1,1.0,1.0,3.0,3.0,5.2,6,2.7777777777777777,2,2.8000000000000003,3.0,8.0,11.0,36.4,42,13.444444444444445
851,Quercus graciliformis,Quercus graciliformis,Chisos oak,species,1,NA_NOT_AVAILABLE_IN_FROZEN_REF_SPECIES,0,25,115725,2,9,10051,2,57920,57805,2,0,9235,9171,2,0,0,2,0,0.0,0.0,,0.0,,1.0,2,0.5,127.4754878398196,2,0.5,127.4754878398196,0,,,CONTINUOUS_METRICS_ONLY_NO_FINAL_RULE,1.0,AVAILABLE_IN_FIADB_NOT_APPLIED; EVALID_LINKAGE_REQUIRED_FOR_FORMAL_ESTIMATION,1,1,1,1.0,1.0,1.0,1.0,1.0,1,1.0,4,4.1,4.25,4.5,4.75,4.9,5,4.5
851,Quercus graciliformis,Quercus graciliformis,Chisos oak,species,1,NA_NOT_AVAILABLE_IN_FROZEN_REF_SPECIES,0,50,115725,2,9,2970,2,57920,57805,2,0,2846,2830,2,0,0,2,0,0.0,0.0,,0.0,,1.0,2,0.5,111.80339887498948,2,0.5,111.80339887498948,0,,,CONTINUOUS_METRICS_ONLY_NO_FINAL_RULE,1.0,AVAILABLE_IN_FIADB_NOT_APPLIED; EVALID_LINKAGE_REQUIRED_FOR_FORMAL_ESTIMATION,1,1,1,1.0,1.0,1.0,1.0,1.0,1,1.0,4,4.1,4.25,4.5,4.75,4.9,5,4.5
851,Quercus graciliformis,Quercus graciliformis,Chisos oak,species,1,NA_NOT_AVAILABLE_IN_FROZEN_REF_SPECIES,0,75,115725,2,9,1441,2,57920,57805,2,0,1411,1397,2,0,0,2,0,0.0,0.0,,0.0,,1.0,2,0.5,150.0,2,0.5,150.0,0,,,CONTINUOUS_METRICS_ONLY_NO_FINAL_RULE,1.0,AVAILABLE_IN_FIADB_NOT_APPLIED; EVALID_LINKAGE_REQUIRED_FOR_FORMAL_ESTIMATION,1,1,1,1.0,1.0,1.0,1.0,1.0,1,1.0,4,4.1,4.25,4.5,4.75,4.9,5,4.5
853,Annona glabra,Annona glabra,pond-apple,species,1,NA_NOT_AVAILABLE_IN_FROZEN_REF_SPECIES,0,25,115725,3,17,10051,3,57920,57805,1,2,9235,9171,1,2,0,1,2,0.0,0.5,0.5,0.5,0.5,1.0,2,0.6666666666666666,160.0781059358212,1,1.0,0.0,2,0.5,160.0781059358212,CONTINUOUS_METRICS_ONLY_NO_FINAL_RULE,1.0,AVAILABLE_IN_FIADB_NOT_APPLIED; EVALID_LINKAGE_REQUIRED_FOR_FORMAL_ESTIMATION,1,1,1,1.0,1.0,1.0,1.0,1.0,1,1.0,2,3.0,4.5,7.0,7.5,7.8,8,5.666666666666667
853,Annona glabra,Annona glabra,pond-apple,species,1,NA_NOT_AVAILABLE_IN_FROZEN_REF_SPECIES,0,50,115725,3,17,2970,2,57920,57805,1,2,2846,2830,1,2,1,0,1,0.5,0.5,0.5,0.5,0.5,0.5,2,0.5,141.4213562373095,1,1.0,0.0,2,0.5,141.4213562373095,CONTINUOUS_METRICS_ONLY_NO_FINAL_RULE,1.0,AVAILABLE_IN_FIADB_NOT_APPLIED; EVALID_LINKAGE_REQUIRED_FOR_FORMAL_ESTIMATION,1,1,1,1.1,1.25,1.5,1.75,1.9,2,1.5,2,3.3,5.25,8.5,11.75,13.7,15,8.5
853,Annona glabra,Annona glabra,pond-apple,species,1,NA_NOT_AVAILABLE_IN_FROZEN_REF_SPECIES,0,75,115725,3,17,1441,2,57920,57805,1,2,1411,1397,1,2,1,0,1,0.5,0.5,0.5,0.5,0.5,0.5,2,0.5,106.06601717798213,1,1.0,0.0,2,0.5,106.06601717798213,CONTINUOUS_METRICS_ONLY_NO_FINAL_RULE,1.0,AVAILABLE_IN_FIADB_NOT_APPLIED; EVALID_LINKAGE_REQUIRED_FOR_FORMAL_ESTIMATION,1,1,1,1.1,1.25,1.5,1.75,1.9,2,1.5,2,3.3,5.25,8.5,11.75,13.7,15,8.5
854,Bursera simaruba,Bursera simaruba,gumbo limbo,species,1,NA_NOT_AVAILABLE_IN_FROZEN_REF_SPECIES,0,25,115725,3,5,10051,2,57920,57805,3,0,9235,9171,2,0,0,2,0,0.0,0.0,,0.0,,0.5,2,0.5,235.8495283014151,2,0.5,235.8495283014151,0,,,CONTINUOUS_METRICS_ONLY_NO_FINAL_RULE,1.0,AVAILABLE_IN_FIADB_NOT_APPLIED; EVALID_LINKAGE_REQUIRED_FOR_FORMAL_ESTIMATION,1,1,1,1.1,1.25,1.5,1.75,1.9,2,1.5,1,1.3,1.75,2.5,3.25,3.7,4,2.5
854,Bursera simaruba,Bursera simaruba,gumbo limbo,species,1,NA_NOT_AVAILABLE_IN_FROZEN_REF_SPECIES,0,50,115725,3,5,2970,2,57920,57805,3,0,2846,2830,2,0,0,2,0,0.0,0.0,,0.0,,0.5,2,0.5,223.60679774997897,2,0.5,223.60679774997897,0,,,CONTINUOUS_METRICS_ONLY_NO_FINAL_RULE,1.0,AVAILABLE_IN_FIADB_NOT_APPLIED; EVALID_LINKAGE_REQUIRED_FOR_FORMAL_ESTIMATION,1,1,1,1.1,1.25,1.5,1.75,1.9,2,1.5,1,1.3,1.75,2.5,3.25,3.7,4,2.5
854,Bursera simaruba,Bursera simaruba,gumbo limbo,species,1,NA_NOT_AVAILABLE_IN_FROZEN_REF_SPECIES,0,75,115725,3,5,1441,2,57920,57805,3,0,1411,1397,2,0,0,2,0,0.0,0.0,,0.0,,0.5,2,0.5,270.41634565979916,2,0.5,270.41634565979916,0,,,CONTINUOUS_METRICS_ONLY_NO_FINAL_RULE,1.0,AVAILABLE_IN_FIADB_NOT_APPLIED; EVALID_LINKAGE_REQUIRED_FOR_FORMAL_ESTIMATION,1,1,1,1.1,1.25,1.5,1.75,1.9,2,1.5,1,1.3,1.75,2.5,3.25,3.7,4,2.5
858,Cinnamomum camphora,Cinnamomum camphora,camphortree,species,1,NA_NOT_AVAILABLE_IN_FROZEN_REF_SPECIES,0,25,115725,25,68,10051,24,57920,57805,17,8,9235,9171,17,7,0,17,7,0.0,0.4117647058823529,2.4285714285714284,0.47058823529411764,2.125,0.9583333333333334,19,0.125,1329.0033860002013,15,0.11764705882352941,1329.0033860002013,7,0.14285714285714285,313.2491021535417,CONTINUOUS_METRICS_ONLY_NO_FINAL_RULE,1.0,AVAILABLE_IN_FIADB_NOT_APPLIED; EVALID_LINKAGE_REQUIRED_FOR_FORMAL_ESTIMATION,0,1,1,1.0,1.0,1.0,1.0,1.0,2,1.0416666666666667,1,1.0,1.0,2.0,4.0,5.0,10,2.8333333333333335
858,Cinnamomum camphora,Cinnamomum camphora,camphortree,species,1,NA_NOT_AVAILABLE_IN_FROZEN_REF_SPECIES,0,50,115725,25,68,2970,22,57920,57805,17,8,2846,2830,16,7,1,15,6,0.045454545454545456,0.4375,2.2857142857142856,0.47058823529411764,2.125,0.8636363636363636,7,0.4090909090909091,1346.291201783626,10,0.1875,1346.291201783626,2,0.7142857142857143,291.54759474226506,CONTINUOUS_METRICS_ONLY_NO_FINAL_RULE,1.0,AVAILABLE_IN_FIADB_NOT_APPLIED; EVALID_LINKAGE_REQUIRED_FOR_FORMAL_ESTIMATION,0,1,1,1.0,1.0,1.0,1.0,1.9000000000000021,2,1.1363636363636365,1,1.0,1.0,2.0,3.75,6.800000000000004,12,3.090909090909091
858,Cinnamomum camphora,Cinnamomum camphora,camphortree,species,1,NA_NOT_AVAILABLE_IN_FROZEN_REF_SPECIES,0,75,115725,25,68,1441,18,57920,57805,17,8,1411,1397,14,6,2,12,4,0.1111111111111111,0.42857142857142855,2.3333333333333335,0.47058823529411764,2.125,0.7222222222222222,6,0.7222222222222222,1329.0033860002013,8,0.42857142857142855,1329.0033860002013,2,0.6666666666666666,335.4101966249685,CONTINUOUS_METRICS_ONLY_NO_FINAL_RULE,1.0,AVAILABLE_IN_FIADB_NOT_APPLIED; EVALID_LINKAGE_REQUIRED_FOR_FORMAL_ESTIMATION,0,1,1,1.0,1.0,1.0,1.75,2.3000000000000007,3,1.3888888888888888,1,1.0,2.0,3.0,4.0,7.600000000000001,14,3.7777777777777777
860,Citrus spp.,Citrus spp.,citrus spp.,species,1,NA_NOT_AVAILABLE_IN_FROZEN_REF_SPECIES,0,25,115725,2,3,10051,2,57920,57805,1,1,9235,9171,1,1,0,1,1,0.0,1.0,1.0,1.0,1.0,1.0,2,0.5,225.0,1,1.0,0.0,1,1.0,0.0,CONTINUOUS_METRICS_ONLY_NO_FINAL_RULE,1.0,AVAILABLE_IN_FIADB_NOT_APPLIED; EVALID_LINKAGE_REQUIRED_FOR_FORMAL_ESTIMATION,1,1,1,1.0,1.0,1.0,1.0,1.0,1,1.0,1,1.1,1.25,1.5,1.75,1.9,2,1.5
860,Citrus spp.,Citrus spp.,citrus spp.,species,1,NA_NOT_AVAILABLE_IN_FROZEN_REF_SPECIES,0,50,115725,2,3,2970,2,57920,57805,1,1,2846,2830,1,1,0,1,1,0.0,1.0,1.0,1.0,1.0,1.0,2,0.5,200.0,1,1.0,0.0,1,1.0,0.0,CONTINUOUS_METRICS_ONLY_NO_FINAL_RULE,1.0,AVAILABLE_IN_FIADB_NOT_APPLIED; EVALID_LINKAGE_REQUIRED_FOR_FORMAL_ESTIMATION,1,1,1,1.0,1.0,1.0,1.0,1.0,1,1.0,1,1.1,1.25,1.5,1.75,1.9,2,1.5
860,Citrus spp.,Citrus spp.,citrus spp.,species,1,NA_NOT_AVAILABLE_IN_FROZEN_REF_SPECIES,0,75,115725,2,3,1441,2,57920,57805,1,1,1411,1397,1,1,0,1,1,0.0,1.0,1.0,1.0,1.0,1.0,2,0.5,225.0,1,1.0,0.0,1,1.0,0.0,CONTINUOUS_METRICS_ONLY_NO_FINAL_RULE,1.0,AVAILABLE_IN_FIADB_NOT_APPLIED; EVALID_LINKAGE_REQUIRED_FOR_FORMAL_ESTIMATION,1,1,1,1.0,1.0,1.0,1.0,1.0,1,1.0,1,1.1,1.25,1.5,1.75,1.9,2,1.5
863,Coccoloba diversifolia,Coccoloba diversifolia,"tietongue, pigeon-plum",species,1,NA_NOT_AVAILABLE_IN_FROZEN_REF_SPECIES,0,25,115725,1,1,10051,1,57920,57805,0,1,9235,9171,0,1,0,0,1,0.0,0.0,0.0,0.0,0.0,1.0,1,1.0,0.0,0,,,1,1.0,0.0,CONTINUOUS_METRICS_ONLY_NO_FINAL_RULE,1.0,AVAILABLE_IN_FIADB_NOT_APPLIED; EVALID_LINKAGE_REQUIRED_FOR_FORMAL_ESTIMATION,1,1,1,1.0,1.0,1.0,1.0,1.0,1,1.0,1,1.0,1.0,1.0,1.0,1.0,1,1.0
863,Coccoloba diversifolia,Coccoloba diversifolia,"tietongue, pigeon-plum",species,1,NA_NOT_AVAILABLE_IN_FROZEN_REF_SPECIES,0,50,115725,1,1,2970,1,57920,57805,0,1,2846,2830,0,1,0,0,1,0.0,0.0,0.0,0.0,0.0,1.0,1,1.0,0.0,0,,,1,1.0,0.0,CONTINUOUS_METRICS_ONLY_NO_FINAL_RULE,1.0,AVAILABLE_IN_FIADB_NOT_APPLIED; EVALID_LINKAGE_REQUIRED_FOR_FORMAL_ESTIMATION,1,1,1,1.0,1.0,1.0,1.0,1.0,1,1.0,1,1.0,1.0,1.0,1.0,1.0,1,1.0
863,Coccoloba diversifolia,Coccoloba diversifolia,"tietongue, pigeon-plum",species,1,NA_NOT_AVAILABLE_IN_FROZEN_REF_SPECIES,0,75,115725,1,1,1441,1,57920,57805,0,1,1411,1397,0,1,0,0,1,0.0,0.0,0.0,0.0,0.0,1.0,1,1.0,0.0,0,,,1,1.0,0.0,CONTINUOUS_METRICS_ONLY_NO_FINAL_RULE,1.0,AVAILABLE_IN_FIADB_NOT_APPLIED; EVALID_LINKAGE_REQUIRED_FOR_FORMAL_ESTIMATION,1,1,1,1.0,1.0,1.0,1.0,1.0,1,1.0,1,1.0,1.0,1.0,1.0,1.0,1,1.0
867,Condalia hookeri,Condalia hookeri,Bluewood,species,1,NA_NOT_AVAILABLE_IN_FROZEN_REF_SPECIES,1,25,115725,147,376,10051,83,57920,57805,67,80,9235,9171,51,55,23,28,32,0.27710843373493976,0.9272727272727272,0.9272727272727272,0.8375,0.8375,0.5301204819277109,12,0.7710843373493976,555.090082779363,16,0.5490196078431373,480.23431780746364,16,0.41818181818181815,555.090082779363,CONTINUOUS_METRICS_ONLY_NO_FINAL_RULE,1.0,AVAILABLE_IN_FIADB_NOT_APPLIED; EVALID_LINKAGE_REQUIRED_FOR_FORMAL_ESTIMATION,0,1,1,1.0,1.0,1.0,2.0,3.0,5,1.7710843373493976,1,1.0,1.0,3.0,6.0,9.0,43,4.530120481927711
867,Condalia hookeri,Condalia hookeri,Bluewood,species,1,NA_NOT_AVAILABLE_IN_FROZEN_REF_SPECIES,1,50,115725,147,376,2970,39,57920,57805,67,80,2846,2830,29,29,19,10,10,0.48717948717948717,1.0,1.0,0.8375,0.8375,0.3076923076923077,2,0.9743589743589743,540.8326913195984,2,0.9655172413793104,460.9772228646444,3,0.896551724137931,540.8326913195984,CONTINUOUS_METRICS_ONLY_NO_FINAL_RULE,1.0,AVAILABLE_IN_FIADB_NOT_APPLIED; EVALID_LINKAGE_REQUIRED_FOR_FORMAL_ESTIMATION,0,1,1,1.0,1.0,3.0,5.0,9.200000000000003,11,3.769230769230769,1,1.0,2.0,6.0,11.5,20.40000000000002,64,9.64102564102564
867,Condalia hookeri,Condalia hookeri,Bluewood,species,1,NA_NOT_AVAILABLE_IN_FROZEN_REF_SPECIES,1,75,115725,147,376,1441,22,57920,57805,67,80,1411,1397,18,20,16,2,4,0.7272727272727273,0.9,0.9,0.8375,0.8375,0.13636363636363635,2,0.9545454545454546,540.8326913195983,1,1.0,480.23431780746364,2,0.95,540.8326913195983,CONTINUOUS_METRICS_ONLY_NO_FINAL_RULE,1.0,AVAILABLE_IN_FIADB_NOT_APPLIED; EVALID_LINKAGE_REQUIRED_FOR_FORMAL_ESTIMATION,0,1,1,1.1,3.0,5.0,10.25,14.800000000000004,18,6.681818181818182,1,2.1,4.75,10.5,24.75,36.500000000000014,73,17.09090909090909
868,Ebenopsis ebano,Ebenopsis ebano,Blackbead ebony,species,1,NA_NOT_AVAILABLE_IN_FROZEN_REF_SPECIES,0,25,115725,3,13,10051,3,57920,57805,1,2,9235,9171,1,2,0,1,2,0.0,0.5,0.5,0.5,0.5,1.0,3,0.3333333333333333,111.80339887498948,1,1.0,0.0,2,0.5,90.13878188659973,CONTINUOUS_METRICS_ONLY_NO_FINAL_RULE,1.0,AVAILABLE_IN_FIADB_NOT_APPLIED; EVALID_LINKAGE_REQUIRED_FOR_FORMAL_ESTIMATION,1,1,1,1.0,1.0,1.0,1.0,1.0,1,1.0,1,1.6,2.5,4.0,6.0,7.2,8,4.333333333333333
868,Ebenopsis ebano,Ebenopsis ebano,Blackbead ebony,species,1,NA_NOT_AVAILABLE_IN_FROZEN_REF_SPECIES,0,50,115725,3,13,2970,3,57920,57805,1,2,2846,2830,1,2,0,1,2,0.0,0.5,0.5,0.5,0.5,1.0,3,0.3333333333333333,111.80339887498948,1,1.0,0.0,2,0.5,70.71067811865476,CONTINUOUS_METRICS_ONLY_NO_FINAL_RULE,1.0,AVAILABLE_IN_FIADB_NOT_APPLIED; EVALID_LINKAGE_REQUIRED_FOR_FORMAL_ESTIMATION,1,1,1,1.0,1.0,1.0,1.0,1.0,1,1.0,1,1.6,2.5,4.0,6.0,7.2,8,4.333333333333333
868,Ebenopsis ebano,Ebenopsis ebano,Blackbead ebony,species,1,NA_NOT_AVAILABLE_IN_FROZEN_REF_SPECIES,0,75,115725,3,13,1441,3,57920,57805,1,2,1411,1397,1,2,0,1,2,0.0,0.5,0.5,0.5,0.5,1.0,1,1.0,150.0,1,1.0,0.0,1,1.0,75.0,CONTINUOUS_METRICS_ONLY_NO_FINAL_RULE,1.0,AVAILABLE_IN_FIADB_NOT_APPLIED; EVALID_LINKAGE_REQUIRED_FOR_FORMAL_ESTIMATION,1,1,1,1.0,1.0,1.0,1.0,1.0,1,1.0,1,1.6,2.5,4.0,6.0,7.2,8,4.333333333333333
869,Leucaena pulverulenta,Leucaena pulverulenta,Great leucaene,species,1,NA_NOT_AVAILABLE_IN_FROZEN_REF_SPECIES,0,25,115725,1,22,10051,1,57920,57805,1,0,9235,9171,1,0,0,1,0,0.0,0.0,,0.0,,1.0,1,1.0,0.0,1,1.0,0.0,0,,,CONTINUOUS_METRICS_ONLY_NO_FINAL_RULE,1.0,AVAILABLE_IN_FIADB_NOT_APPLIED; EVALID_LINKAGE_REQUIRED_FOR_FORMAL_ESTIMATION,1,1,1,1.0,1.0,1.0,1.0,1.0,1,1.0,22,22.0,22.0,22.0,22.0,22.0,22,22.0
869,Leucaena pulverulenta,Leucaena pulverulenta,Great leucaene,species,1,NA_NOT_AVAILABLE_IN_FROZEN_REF_SPECIES,0,50,115725,1,22,2970,1,57920,57805,1,0,2846,2830,1,0,0,1,0,0.0,0.0,,0.0,,1.0,1,1.0,0.0,1,1.0,0.0,0,,,CONTINUOUS_METRICS_ONLY_NO_FINAL_RULE,1.0,AVAILABLE_IN_FIADB_NOT_APPLIED; EVALID_LINKAGE_REQUIRED_FOR_FORMAL_ESTIMATION,1,1,1,1.0,1.0,1.0,1.0,1.0,1,1.0,22,22.0,22.0,22.0,22.0,22.0,22,22.0
869,Leucaena pulverulenta,Leucaena pulverulenta,Great leucaene,species,1,NA_NOT_AVAILABLE_IN_FROZEN_REF_SPECIES,0,75,115725,1,22,1441,1,57920,57805,1,0,1411,1397,1,0,0,1,0,0.0,0.0,,0.0,,1.0,1,1.0,0.0,1,1.0,0.0,0,,,CONTINUOUS_METRICS_ONLY_NO_FINAL_RULE,1.0,AVAILABLE_IN_FIADB_NOT_APPLIED; EVALID_LINKAGE_REQUIRED_FOR_FORMAL_ESTIMATION,1,1,1,1.0,1.0,1.0,1.0,1.0,1,1.0,22,22.0,22.0,22.0,22.0,22.0,22,22.0
870,Sophora affinis,Sophora affinis,Texas sophora,species,1,NA_NOT_AVAILABLE_IN_FROZEN_REF_SPECIES,0,25,115725,5,5,10051,4,57920,57805,3,2,9235,9171,3,2,1,2,1,0.25,0.6666666666666666,1.5,0.6666666666666666,1.5,0.75,4,0.25,431.5669125408017,3,0.3333333333333333,333.54160160315837,2,0.5,103.07764064044152,CONTINUOUS_METRICS_ONLY_NO_FINAL_RULE,1.0,AVAILABLE_IN_FIADB_NOT_APPLIED; EVALID_LINKAGE_REQUIRED_FOR_FORMAL_ESTIMATION,0,1,1,1.0,1.0,1.0,1.25,1.7000000000000002,2,1.25,1,1.0,1.0,1.0,1.25,1.7000000000000002,2,1.25
870,Sophora affinis,Sophora affinis,Texas sophora,species,1,NA_NOT_AVAILABLE_IN_FROZEN_REF_SPECIES,0,50,115725,5,5,2970,4,57920,57805,3,2,2846,2830,3,2,1,2,1,0.25,0.6666666666666666,1.5,0.6666666666666666,1.5,0.75,4,0.25,452.76925690687085,3,0.3333333333333333,353.5533905932738,2,0.5,100.0,CONTINUOUS_METRICS_ONLY_NO_FINAL_RULE,1.0,AVAILABLE_IN_FIADB_NOT_APPLIED; EVALID_LINKAGE_REQUIRED_FOR_FORMAL_ESTIMATION,0,1,1,1.0,1.0,1.0,1.25,1.7000000000000002,2,1.25,1,1.0,1.0,1.0,1.25,1.7000000000000002,2,1.25
870,Sophora affinis,Sophora affinis,Texas sophora,species,1,NA_NOT_AVAILABLE_IN_FROZEN_REF_SPECIES,0,75,115725,5,5,1441,4,57920,57805,3,2,1411,1397,3,2,1,2,1,0.25,0.6666666666666666,1.5,0.6666666666666666,1.5,0.75,3,0.5,456.20718977236646,2,0.6666666666666666,309.23292192132453,2,0.5,167.70509831248424,CONTINUOUS_METRICS_ONLY_NO_FINAL_RULE,1.0,AVAILABLE_IN_FIADB_NOT_APPLIED; EVALID_LINKAGE_REQUIRED_FOR_FORMAL_ESTIMATION,0,1,1,1.0,1.0,1.0,1.25,1.7000000000000002,2,1.25,1,1.0,1.0,1.0,1.25,1.7000000000000002,2,1.25
876,Ficus aurea,Ficus aurea,Florida strangler fig,species,1,NA_NOT_AVAILABLE_IN_FROZEN_REF_SPECIES,0,25,115725,8,13,10051,7,57920,57805,5,3,9235,9171,5,2,0,5,2,0.0,0.4,2.5,0.6,1.6666666666666667,0.8571428571428571,3,0.7142857142857143,145.77379737113253,4,0.4,145.77379737113253,1,1.0,25.0,CONTINUOUS_METRICS_ONLY_NO_FINAL_RULE,1.0,AVAILABLE_IN_FIADB_NOT_APPLIED; EVALID_LINKAGE_REQUIRED_FOR_FORMAL_ESTIMATION,0,1,1,1.0,1.0,1.0,1.0,1.4000000000000004,2,1.1428571428571428,1,1.0,1.0,2.0,2.5,3.0,3,1.8571428571428572
876,Ficus aurea,Ficus aurea,Florida strangler fig,species,1,NA_NOT_AVAILABLE_IN_FROZEN_REF_SPECIES,0,50,115725,8,13,2970,6,57920,57805,5,3,2846,2830,5,2,1,4,1,0.16666666666666666,0.4,2.5,0.6,1.6666666666666667,0.8333333333333334,2,0.8333333333333334,180.27756377319946,2,0.8,180.27756377319946,1,1.0,50.0,CONTINUOUS_METRICS_ONLY_NO_FINAL_RULE,1.0,AVAILABLE_IN_FIADB_NOT_APPLIED; EVALID_LINKAGE_REQUIRED_FOR_FORMAL_ESTIMATION,0,1,1,1.0,1.0,1.0,1.0,2.0,3,1.3333333333333333,1,1.0,1.25,2.0,2.75,3.5,4,2.1666666666666665
876,Ficus aurea,Ficus aurea,Florida strangler fig,species,1,NA_NOT_AVAILABLE_IN_FROZEN_REF_SPECIES,0,75,115725,8,13,1441,4,57920,57805,5,3,1411,1397,4,2,2,2,0,0.5,0.5,2.0,0.6,1.6666666666666667,0.5,1,1.0,167.70509831248424,1,1.0,167.70509831248424,1,1.0,75.0,CONTINUOUS_METRICS_ONLY_NO_FINAL_RULE,1.0,AVAILABLE_IN_FIADB_NOT_APPLIED; EVALID_LINKAGE_REQUIRED_FOR_FORMAL_ESTIMATION,0,1,1,1.0,1.0,1.5,2.5,3.4000000000000004,4,2.0,1,1.6,2.5,3.0,3.75,5.1000000000000005,6,3.25
886,Metopium toxiferum,Metopium toxiferum,Florida poisontree,species,1,NA_NOT_AVAILABLE_IN_FROZEN_REF_SPECIES,0,25,115725,3,11,10051,3,57920,57805,1,2,9235,9171,1,2,0,1,2,0.0,0.5,0.5,0.5,0.5,1.0,3,0.3333333333333333,125.0,1,1.0,0.0,2,0.5,90.13878188659973,CONTINUOUS_METRICS_ONLY_NO_FINAL_RULE,1.0,AVAILABLE_IN_FIADB_NOT_APPLIED; EVALID_LINKAGE_REQUIRED_FOR_FORMAL_ESTIMATION,1,1,1,1.0,1.0,1.0,1.0,1.0,1,1.0,1,1.2000000000000002,1.5,2.0,5.0,6.800000000000001,8,3.6666666666666665
886,Metopium toxiferum,Metopium toxiferum,Florida poisontree,species,1,NA_NOT_AVAILABLE_IN_FROZEN_REF_SPECIES,0,50,115725,3,11,2970,3,57920,57805,1,2,2846,2830,1,2,0,1,2,0.0,0.5,0.5,0.5,0.5,1.0,2,0.6666666666666666,141.4213562373095,1,1.0,0.0,2,0.5,111.80339887498948,CONTINUOUS_METRICS_ONLY_NO_FINAL_RULE,1.0,AVAILABLE_IN_FIADB_NOT_APPLIED; EVALID_LINKAGE_REQUIRED_FOR_FORMAL_ESTIMATION,1,1,1,1.0,1.0,1.0,1.0,1.0,1,1.0,1,1.2000000000000002,1.5,2.0,5.0,6.800000000000001,8,3.6666666666666665
886,Metopium toxiferum,Metopium toxiferum,Florida poisontree,species,1,NA_NOT_AVAILABLE_IN_FROZEN_REF_SPECIES,0,75,115725,3,11,1441,3,57920,57805,1,2,1411,1397,1,2,0,1,2,0.0,0.5,0.5,0.5,0.5,1.0,2,0.6666666666666666,167.70509831248424,1,1.0,0.0,2,0.5,106.06601717798213,CONTINUOUS_METRICS_ONLY_NO_FINAL_RULE,1.0,AVAILABLE_IN_FIADB_NOT_APPLIED; EVALID_LINKAGE_REQUIRED_FOR_FORMAL_ESTIMATION,1,1,1,1.0,1.0,1.0,1.0,1.0,1,1.0,1,1.2000000000000002,1.5,2.0,5.0,6.800000000000001,8,3.6666666666666665
887,Piscidia piscipula,Piscidia piscipula,fishpoison tree,species,1,NA_NOT_AVAILABLE_IN_FROZEN_REF_SPECIES,0,25,115725,1,3,10051,1,57920,57805,1,0,9235,9171,1,0,0,1,0,0.0,0.0,,0.0,,1.0,1,1.0,0.0,1,1.0,0.0,0,,,CONTINUOUS_METRICS_ONLY_NO_FINAL_RULE,1.0,AVAILABLE_IN_FIADB_NOT_APPLIED; EVALID_LINKAGE_REQUIRED_FOR_FORMAL_ESTIMATION,1,1,1,1.0,1.0,1.0,1.0,1.0,1,1.0,3,3.0,3.0,3.0,3.0,3.0,3,3.0
887,Piscidia piscipula,Piscidia piscipula,fishpoison tree,species,1,NA_NOT_AVAILABLE_IN_FROZEN_REF_SPECIES,0,50,115725,1,3,2970,1,57920,57805,1,0,2846,2830,1,0,0,1,0,0.0,0.0,,0.0,,1.0,1,1.0,0.0,1,1.0,0.0,0,,,CONTINUOUS_METRICS_ONLY_NO_FINAL_RULE,1.0,AVAILABLE_IN_FIADB_NOT_APPLIED; EVALID_LINKAGE_REQUIRED_FOR_FORMAL_ESTIMATION,1,1,1,1.0,1.0,1.0,1.0,1.0,1,1.0,3,3.0,3.0,3.0,3.0,3.0,3,3.0
887,Piscidia piscipula,Piscidia piscipula,fishpoison tree,species,1,NA_NOT_AVAILABLE_IN_FROZEN_REF_SPECIES,0,75,115725,1,3,1441,1,57920,57805,1,0,1411,1397,1,0,0,1,0,0.0,0.0,,0.0,,1.0,1,1.0,0.0,1,1.0,0.0,0,,,CONTINUOUS_METRICS_ONLY_NO_FINAL_RULE,1.0,AVAILABLE_IN_FIADB_NOT_APPLIED; EVALID_LINKAGE_REQUIRED_FOR_FORMAL_ESTIMATION,1,1,1,1.0,1.0,1.0,1.0,1.0,1,1.0,3,3.0,3.0,3.0,3.0,3.0,3,3.0
897,Tamarindus indica,Tamarindus indica,tamarind,species,1,NA_NOT_AVAILABLE_IN_FROZEN_REF_SPECIES,0,25,115725,1,1,10051,1,57920,57805,1,0,9235,9171,1,0,0,1,0,0.0,0.0,,0.0,,1.0,1,1.0,0.0,1,1.0,0.0,0,,,CONTINUOUS_METRICS_ONLY_NO_FINAL_RULE,1.0,AVAILABLE_IN_FIADB_NOT_APPLIED; EVALID_LINKAGE_REQUIRED_FOR_FORMAL_ESTIMATION,1,1,1,1.0,1.0,1.0,1.0,1.0,1,1.0,1,1.0,1.0,1.0,1.0,1.0,1,1.0
897,Tamarindus indica,Tamarindus indica,tamarind,species,1,NA_NOT_AVAILABLE_IN_FROZEN_REF_SPECIES,0,50,115725,1,1,2970,1,57920,57805,1,0,2846,2830,1,0,0,1,0,0.0,0.0,,0.0,,1.0,1,1.0,0.0,1,1.0,0.0,0,,,CONTINUOUS_METRICS_ONLY_NO_FINAL_RULE,1.0,AVAILABLE_IN_FIADB_NOT_APPLIED; EVALID_LINKAGE_REQUIRED_FOR_FORMAL_ESTIMATION,1,1,1,1.0,1.0,1.0,1.0,1.0,1,1.0,1,1.0,1.0,1.0,1.0,1.0,1,1.0
897,Tamarindus indica,Tamarindus indica,tamarind,species,1,NA_NOT_AVAILABLE_IN_FROZEN_REF_SPECIES,0,75,115725,1,1,1441,1,57920,57805,1,0,1411,1397,1,0,0,1,0,0.0,0.0,,0.0,,1.0,1,1.0,0.0,1,1.0,0.0,0,,,CONTINUOUS_METRICS_ONLY_NO_FINAL_RULE,1.0,AVAILABLE_IN_FIADB_NOT_APPLIED; EVALID_LINKAGE_REQUIRED_FOR_FORMAL_ESTIMATION,1,1,1,1.0,1.0,1.0,1.0,1.0,1,1.0,1,1.0,1.0,1.0,1.0,1.0,1,1.0
901,Robinia pseudoacacia,Robinia pseudoacacia,black locust,species,1,NA_NOT_AVAILABLE_IN_FROZEN_REF_SPECIES,0,25,115725,1944,5162,10051,990,57920,57805,974,970,9235,9171,641,645,296,345,349,0.298989898989899,0.993798449612403,0.993798449612403,0.9958932238193019,1.0041237113402062,0.5636363636363636,255,0.48787878787878786,4674.465210053445,203,0.41965678627145087,3031.1920097545785,223,0.4232558139534884,4674.465210053445,CONTINUOUS_METRICS_ONLY_NO_FINAL_RULE,1.0,AVAILABLE_IN_FIADB_NOT_APPLIED; EVALID_LINKAGE_REQUIRED_FOR_FORMAL_ESTIMATION,0,1,1,1.0,1.0,1.0,2.0,4.0,11,1.9636363636363636,1,1.0,1.0,3.0,7.0,11.100000000000023,42,5.214141414141414
901,Robinia pseudoacacia,Robinia pseudoacacia,black locust,species,1,NA_NOT_AVAILABLE_IN_FROZEN_REF_SPECIES,0,50,115725,1944,5162,2970,504,57920,57805,974,970,2846,2830,368,370,234,134,136,0.4642857142857143,0.9945945945945946,0.9945945945945946,0.9958932238193019,1.0041237113402062,0.42658730158730157,68,0.5753968253968254,4697.073557013984,69,0.5434782608695652,3051.638903933426,67,0.5378378378378378,4697.073557013984,CONTINUOUS_METRICS_ONLY_NO_FINAL_RULE,1.0,AVAILABLE_IN_FIADB_NOT_APPLIED; EVALID_LINKAGE_REQUIRED_FOR_FORMAL_ESTIMATION,0,1,1,1.0,1.0,2.0,5.0,10.0,28,3.857142857142857,1,1.0,2.0,6.0,14.0,24.69999999999999,76,10.242063492063492
901,Robinia pseudoacacia,Robinia pseudoacacia,black locust,species,1,NA_NOT_AVAILABLE_IN_FROZEN_REF_SPECIES,0,75,115725,1944,5162,1441,307,57920,57805,974,970,1411,1397,239,244,176,63,68,0.5732899022801303,0.9795081967213115,0.9795081967213115,0.9958932238193019,1.0041237113402062,0.30293159609120524,29,0.7687296416938111,4698.736532303125,29,0.6485355648535565,3016.827804167815,33,0.610655737704918,4698.736532303125,CONTINUOUS_METRICS_ONLY_NO_FINAL_RULE,1.0,AVAILABLE_IN_FIADB_NOT_APPLIED; EVALID_LINKAGE_REQUIRED_FOR_FORMAL_ESTIMATION,0,1,1,1.0,1.0,3.0,7.0,16.0,48,6.3322475570032575,1,1.0,3.0,9.0,23.5,46.0,114,16.814332247557005
909,Roystonea spp.,Roystonea spp.,royal palm spp.,species,1,NA_NOT_AVAILABLE_IN_FROZEN_REF_SPECIES,0,25,115725,1,1,10051,1,57920,57805,1,0,9235,9171,1,0,0,1,0,0.0,0.0,,0.0,,1.0,1,1.0,0.0,1,1.0,0.0,0,,,CONTINUOUS_METRICS_ONLY_NO_FINAL_RULE,1.0,AVAILABLE_IN_FIADB_NOT_APPLIED; EVALID_LINKAGE_REQUIRED_FOR_FORMAL_ESTIMATION,1,1,1,1.0,1.0,1.0,1.0,1.0,1,1.0,1,1.0,1.0,1.0,1.0,1.0,1,1.0
909,Roystonea spp.,Roystonea spp.,royal palm spp.,species,1,NA_NOT_AVAILABLE_IN_FROZEN_REF_SPECIES,0,50,115725,1,1,2970,1,57920,57805,1,0,2846,2830,1,0,0,1,0,0.0,0.0,,0.0,,1.0,1,1.0,0.0,1,1.0,0.0,0,,,CONTINUOUS_METRICS_ONLY_NO_FINAL_RULE,1.0,AVAILABLE_IN_FIADB_NOT_APPLIED; EVALID_LINKAGE_REQUIRED_FOR_FORMAL_ESTIMATION,1,1,1,1.0,1.0,1.0,1.0,1.0,1,1.0,1,1.0,1.0,1.0,1.0,1.0,1,1.0
909,Roystonea spp.,Roystonea spp.,royal palm spp.,species,1,NA_NOT_AVAILABLE_IN_FROZEN_REF_SPECIES,0,75,115725,1,1,1441,1,57920,57805,1,0,1411,1397,1,0,0,1,0,0.0,0.0,,0.0,,1.0,1,1.0,0.0,1,1.0,0.0,0,,,CONTINUOUS_METRICS_ONLY_NO_FINAL_RULE,1.0,AVAILABLE_IN_FIADB_NOT_APPLIED; EVALID_LINKAGE_REQUIRED_FOR_FORMAL_ESTIMATION,1,1,1,1.0,1.0,1.0,1.0,1.0,1,1.0,1,1.0,1.0,1.0,1.0,1.0,1,1.0
912,Sabal palmetto,Sabal palmetto,cabbage palmetto,species,1,NA_NOT_AVAILABLE_IN_FROZEN_REF_SPECIES,0,25,115725,468,4080,10051,146,57920,57805,220,248,9235,9171,101,119,74,27,45,0.5068493150684932,0.8487394957983193,0.8487394957983193,0.8870967741935484,0.8870967741935484,0.363013698630137,10,0.8904109589041096,970.8243919473799,19,0.6336633663366337,915.4916711800278,13,0.42016806722689076,956.882960450232,CONTINUOUS_METRICS_ONLY_NO_FINAL_RULE,1.0,AVAILABLE_IN_FIADB_NOT_APPLIED; EVALID_LINKAGE_REQUIRED_FOR_FORMAL_ESTIMATION,0,1,1,1.0,1.0,2.0,4.0,7.0,16,3.2054794520547945,1,1.0,3.0,13.0,41.0,69.5,249,27.945205479452056
912,Sabal palmetto,Sabal palmetto,cabbage palmetto,species,1,NA_NOT_AVAILABLE_IN_FROZEN_REF_SPECIES,0,50,115725,468,4080,2970,65,57920,57805,220,248,2846,2830,56,57,48,8,9,0.7384615384615385,0.9824561403508771,0.9824561403508771,0.8870967741935484,0.8870967741935484,0.2,2,0.9846153846153847,970.8243919473799,5,0.8214285714285714,930.0537618869138,4,0.8596491228070176,943.3981132056604,CONTINUOUS_METRICS_ONLY_NO_FINAL_RULE,1.0,AVAILABLE_IN_FIADB_NOT_APPLIED; EVALID_LINKAGE_REQUIRED_FOR_FORMAL_ESTIMATION,0,1,1,1.0,2.0,5.0,10.0,14.600000000000001,37,7.2,1,3.4000000000000004,8.0,30.0,82.0,165.0,417,62.76923076923077
912,Sabal palmetto,Sabal palmetto,cabbage palmetto,species,1,NA_NOT_AVAILABLE_IN_FROZEN_REF_SPECIES,0,75,115725,468,4080,1441,35,57920,57805,220,248,1411,1397,33,34,32,1,2,0.9142857142857143,0.9705882352941176,0.9705882352941176,0.8870967741935484,0.8870967741935484,0.05714285714285714,1,1.0,1020.1102881551583,1,1.0,915.4916711800277,1,1.0,977.8803607803974,CONTINUOUS_METRICS_ONLY_NO_FINAL_RULE,1.0,AVAILABLE_IN_FIADB_NOT_APPLIED; EVALID_LINKAGE_REQUIRED_FOR_FORMAL_ESTIMATION,0,1,1,2.4000000000000004,3.5,7.0,20.0,32.2,61,13.371428571428572,1,7.200000000000001,14.5,69.0,130.5,331.40000000000003,682,116.57142857142857
913,Thrinax morrisii,Thrinax morrisii,key thatch palm,species,1,NA_NOT_AVAILABLE_IN_FROZEN_REF_SPECIES,0,25,115725,2,18,10051,2,57920,57805,0,2,9235,9171,0,2,0,0,2,0.0,0.0,0.0,0.0,0.0,1.0,2,0.5,150.0,0,,,2,0.5,150.0,CONTINUOUS_METRICS_ONLY_NO_FINAL_RULE,1.0,AVAILABLE_IN_FIADB_NOT_APPLIED; EVALID_LINKAGE_REQUIRED_FOR_FORMAL_ESTIMATION,1,1,1,1.0,1.0,1.0,1.0,1.0,1,1.0,1,2.6,5.0,9.0,13.0,15.4,17,9.0
913,Thrinax morrisii,Thrinax morrisii,key thatch palm,species,1,NA_NOT_AVAILABLE_IN_FROZEN_REF_SPECIES,0,50,115725,2,18,2970,2,57920,57805,0,2,2846,2830,0,2,0,0,2,0.0,0.0,0.0,0.0,0.0,1.0,2,0.5,150.0,0,,,2,0.5,150.0,CONTINUOUS_METRICS_ONLY_NO_FINAL_RULE,1.0,AVAILABLE_IN_FIADB_NOT_APPLIED; EVALID_LINKAGE_REQUIRED_FOR_FORMAL_ESTIMATION,1,1,1,1.0,1.0,1.0,1.0,1.0,1,1.0,1,2.6,5.0,9.0,13.0,15.4,17,9.0
913,Thrinax morrisii,Thrinax morrisii,key thatch palm,species,1,NA_NOT_AVAILABLE_IN_FROZEN_REF_SPECIES,0,75,115725,2,18,1441,2,57920,57805,0,2,1411,1397,0,2,0,0,2,0.0,0.0,0.0,0.0,0.0,1.0,2,0.5,150.0,0,,,2,0.5,150.0,CONTINUOUS_METRICS_ONLY_NO_FINAL_RULE,1.0,AVAILABLE_IN_FIADB_NOT_APPLIED; EVALID_LINKAGE_REQUIRED_FOR_FORMAL_ESTIMATION,1,1,1,1.0,1.0,1.0,1.0,1.0,1,1.0,1,2.6,5.0,9.0,13.0,15.4,17,9.0
915,Areca spp.,Areca spp.,other palms,species,1,NA_NOT_AVAILABLE_IN_FROZEN_REF_SPECIES,0,25,115725,2,3,10051,2,57920,57805,1,1,9235,9171,1,1,0,1,1,0.0,1.0,1.0,1.0,1.0,1.0,2,0.5,180.27756377319946,1,1.0,0.0,1,1.0,0.0,CONTINUOUS_METRICS_ONLY_NO_FINAL_RULE,1.0,AVAILABLE_IN_FIADB_NOT_APPLIED; EVALID_LINKAGE_REQUIRED_FOR_FORMAL_ESTIMATION,1,1,1,1.0,1.0,1.0,1.0,1.0,1,1.0,1,1.1,1.25,1.5,1.75,1.9,2,1.5
915,Areca spp.,Areca spp.,other palms,species,1,NA_NOT_AVAILABLE_IN_FROZEN_REF_SPECIES,0,50,115725,2,3,2970,2,57920,57805,1,1,2846,2830,1,1,0,1,1,0.0,1.0,1.0,1.0,1.0,1.0,2,0.5,180.27756377319946,1,1.0,0.0,1,1.0,0.0,CONTINUOUS_METRICS_ONLY_NO_FINAL_RULE,1.0,AVAILABLE_IN_FIADB_NOT_APPLIED; EVALID_LINKAGE_REQUIRED_FOR_FORMAL_ESTIMATION,1,1,1,1.0,1.0,1.0,1.0,1.0,1,1.0,1,1.1,1.25,1.5,1.75,1.9,2,1.5
915,Areca spp.,Areca spp.,other palms,species,1,NA_NOT_AVAILABLE_IN_FROZEN_REF_SPECIES,0,75,115725,2,3,1441,2,57920,57805,1,1,1411,1397,1,1,0,1,1,0.0,1.0,1.0,1.0,1.0,1.0,2,0.5,167.70509831248424,1,1.0,0.0,1,1.0,0.0,CONTINUOUS_METRICS_ONLY_NO_FINAL_RULE,1.0,AVAILABLE_IN_FIADB_NOT_APPLIED; EVALID_LINKAGE_REQUIRED_FOR_FORMAL_ESTIMATION,1,1,1,1.0,1.0,1.0,1.0,1.0,1,1.0,1,1.1,1.25,1.5,1.75,1.9,2,1.5
919,Sapindus saponaria var. drummondii,Sapindus saponaria var. drummondii,western soapberry,infraspecies,1,NA_NOT_AVAILABLE_IN_FROZEN_REF_SPECIES,0,25,115725,57,206,10051,53,57920,57805,35,22,9235,9171,34,22,3,31,19,0.05660377358490566,0.6470588235294118,1.5454545454545454,0.6285714285714286,1.5909090909090908,0.9245283018867925,42,0.07547169811320754,1180.0423721205948,32,0.058823529411764705,1180.0423721205948,19,0.09090909090909091,930.3897032964197,CONTINUOUS_METRICS_ONLY_NO_FINAL_RULE,1.0,AVAILABLE_IN_FIADB_NOT_APPLIED; EVALID_LINKAGE_REQUIRED_FOR_FORMAL_ESTIMATION,0,1,1,1.0,1.0,1.0,1.0,1.0,2,1.0754716981132075,1,1.0,1.0,1.0,3.0,9.0,29,3.8867924528301887
919,Sapindus saponaria var. drummondii,Sapindus saponaria var. drummondii,western soapberry,infraspecies,1,NA_NOT_AVAILABLE_IN_FROZEN_REF_SPECIES,0,50,115725,57,206,2970,45,57920,57805,35,22,2846,2830,32,21,8,24,13,0.17777777777777778,0.65625,1.5238095238095237,0.6285714285714286,1.5909090909090908,0.7555555555555555,24,0.13333333333333333,1180.0423721205948,23,0.125,1180.0423721205948,16,0.19047619047619047,943.3981132056604,CONTINUOUS_METRICS_ONLY_NO_FINAL_RULE,1.0,AVAILABLE_IN_FIADB_NOT_APPLIED; EVALID_LINKAGE_REQUIRED_FOR_FORMAL_ESTIMATION,0,1,1,1.0,1.0,1.0,1.0,2.0,3,1.2666666666666666,1,1.0,1.0,2.0,6.0,11.0,29,4.5777777777777775
919,Sapindus saponaria var. drummondii,Sapindus saponaria var. drummondii,western soapberry,infraspecies,1,NA_NOT_AVAILABLE_IN_FROZEN_REF_SPECIES,0,75,115725,57,206,1441,37,57920,57805,35,22,1411,1397,28,19,10,18,9,0.2702702702702703,0.6785714285714286,1.4736842105263157,0.6285714285714286,1.5909090909090908,0.6216216216216216,11,0.5945945945945946,1185.8541225631423,12,0.5,1185.8541225631423,10,0.42105263157894735,939.747306460625,CONTINUOUS_METRICS_ONLY_NO_FINAL_RULE,1.0,AVAILABLE_IN_FIADB_NOT_APPLIED; EVALID_LINKAGE_REQUIRED_FOR_FORMAL_ESTIMATION,0,1,1,1.0,1.0,1.0,2.0,2.3999999999999986,5,1.5405405405405406,1,1.0,1.0,2.0,9.0,12.799999999999997,29,5.5675675675675675
920,Salix spp.,Salix spp.,willow spp.,species,1,NA_NOT_AVAILABLE_IN_FROZEN_REF_SPECIES,0,25,115725,13,51,10051,13,57920,57805,8,5,9235,9171,8,5,0,8,5,0.0,0.625,1.6,0.625,1.6,1.0,13,0.07692307692307693,2608.879069638913,8,0.125,2585.1740753767435,5,0.2,1875.0,CONTINUOUS_METRICS_ONLY_NO_FINAL_RULE,1.0,AVAILABLE_IN_FIADB_NOT_APPLIED; EVALID_LINKAGE_REQUIRED_FOR_FORMAL_ESTIMATION,0,1,1,1.0,1.0,1.0,1.0,1.0,1,1.0,1,1.0,1.0,1.0,2.0,3.0,33,3.923076923076923
920,Salix spp.,Salix spp.,willow spp.,species,1,NA_NOT_AVAILABLE_IN_FROZEN_REF_SPECIES,0,50,115725,13,51,2970,13,57920,57805,8,5,2846,2830,8,5,0,8,5,0.0,0.625,1.6,0.625,1.6,1.0,13,0.07692307692307693,2640.5491853021786,8,0.125,2593.260495977988,5,0.2,1868.1541692269407,CONTINUOUS_METRICS_ONLY_NO_FINAL_RULE,1.0,AVAILABLE_IN_FIADB_NOT_APPLIED; EVALID_LINKAGE_REQUIRED_FOR_FORMAL_ESTIMATION,0,1,1,1.0,1.0,1.0,1.0,1.0,1,1.0,1,1.0,1.0,1.0,2.0,3.0,33,3.923076923076923
920,Salix spp.,Salix spp.,willow spp.,species,1,NA_NOT_AVAILABLE_IN_FROZEN_REF_SPECIES,0,75,115725,13,51,1441,13,57920,57805,8,5,1411,1397,8,5,0,8,5,0.0,0.625,1.6,0.625,1.6,1.0,13,0.07692307692307693,2608.8790696389133,8,0.125,2608.8790696389133,5,0.2,1875.0,CONTINUOUS_METRICS_ONLY_NO_FINAL_RULE,1.0,AVAILABLE_IN_FIADB_NOT_APPLIED; EVALID_LINKAGE_REQUIRED_FOR_FORMAL_ESTIMATION,0,1,1,1.0,1.0,1.0,1.0,1.0,1,1.0,1,1.0,1.0,1.0,2.0,3.0,33,3.923076923076923
921,Salix amygdaloides,Salix amygdaloides,peachleaf willow,species,1,NA_NOT_AVAILABLE_IN_FROZEN_REF_SPECIES,0,25,115725,46,143,10051,44,57920,57805,28,18,9235,9171,28,18,2,26,16,0.045454545454545456,0.6428571428571429,1.5555555555555556,0.6428571428571429,1.5555555555555556,0.9545454545454546,41,0.045454545454545456,2594.7061490658243,26,0.07142857142857142,2573.9075352467503,18,0.05555555555555555,1858.258593414813,CONTINUOUS_METRICS_ONLY_NO_FINAL_RULE,1.0,AVAILABLE_IN_FIADB_NOT_APPLIED; EVALID_LINKAGE_REQUIRED_FOR_FORMAL_ESTIMATION,0,1,1,1.0,1.0,1.0,1.0,1.0,2,1.0454545454545454,1,1.0,1.0,2.0,4.0,7.0,18,3.25
921,Salix amygdaloides,Salix amygdaloides,peachleaf willow,species,1,NA_NOT_AVAILABLE_IN_FROZEN_REF_SPECIES,0,50,115725,46,143,2970,42,57920,57805,28,18,2846,2830,26,18,2,24,16,0.047619047619047616,0.6923076923076923,1.4444444444444444,0.6428571428571429,1.5555555555555556,0.9047619047619048,37,0.09523809523809523,2594.7061490658243,24,0.11538461538461539,2573.9075352467503,18,0.05555555555555555,1872.1645226849055,CONTINUOUS_METRICS_ONLY_NO_FINAL_RULE,1.0,AVAILABLE_IN_FIADB_NOT_APPLIED; EVALID_LINKAGE_REQUIRED_FOR_FORMAL_ESTIMATION,0,1,1,1.0,1.0,1.0,1.0,1.0,2,1.0952380952380953,1,1.0,1.0,2.0,4.75,7.899999999999999,18,3.4047619047619047
921,Salix amygdaloides,Salix amygdaloides,peachleaf willow,species,1,NA_NOT_AVAILABLE_IN_FROZEN_REF_SPECIES,0,75,115725,46,143,1441,40,57920,57805,28,18,1411,1397,25,18,3,22,15,0.075,0.72,1.3888888888888888,0.6428571428571429,1.5555555555555556,0.875,25,0.15,2582.8763036583846,20,0.12,2551.1027027542427,17,0.1111111111111111,1830.9833423600553,CONTINUOUS_METRICS_ONLY_NO_FINAL_RULE,1.0,AVAILABLE_IN_FIADB_NOT_APPLIED; EVALID_LINKAGE_REQUIRED_FOR_FORMAL_ESTIMATION,0,1,1,1.0,1.0,1.0,1.0,2.0,3,1.15,1,1.0,1.0,2.0,5.0,8.0,18,3.575
922,Salix nigra,Salix nigra,black willow,species,1,NA_NOT_AVAILABLE_IN_FROZEN_REF_SPECIES,0,25,115725,1092,4133,10051,861,57920,57805,568,524,9235,9171,496,458,93,403,365,0.10801393728222997,0.9233870967741935,1.0829694323144106,0.9225352112676056,1.083969465648855,0.8002322880371661,438,0.05807200929152149,4986.544394668516,336,0.04032258064516129,4965.0025176227255,303,0.043668122270742356,3268.2181689722,CONTINUOUS_METRICS_ONLY_NO_FINAL_RULE,1.0,AVAILABLE_IN_FIADB_NOT_APPLIED; EVALID_LINKAGE_REQUIRED_FOR_FORMAL_ESTIMATION,0,1,1,1.0,1.0,1.0,1.0,2.0,11,1.2682926829268293,1,1.0,1.0,2.0,5.0,11.0,76,4.800232288037166
922,Salix nigra,Salix nigra,black willow,species,1,NA_NOT_AVAILABLE_IN_FROZEN_REF_SPECIES,0,50,115725,1092,4133,2970,576,57920,57805,568,524,2846,2830,385,352,161,224,191,0.2795138888888889,0.9142857142857143,1.09375,0.9225352112676056,1.083969465648855,0.5607638888888888,101,0.3125,4999.249943741561,131,0.22337662337662337,4999.249943741561,123,0.26988636363636365,3264.9655434629017,CONTINUOUS_METRICS_ONLY_NO_FINAL_RULE,1.0,AVAILABLE_IN_FIADB_NOT_APPLIED; EVALID_LINKAGE_REQUIRED_FOR_FORMAL_ESTIMATION,0,1,1,1.0,1.0,1.0,2.0,4.0,16,1.8958333333333333,1,1.0,1.0,3.0,8.0,19.0,114,7.175347222222222
922,Salix nigra,Salix nigra,black willow,species,1,NA_NOT_AVAILABLE_IN_FROZEN_REF_SPECIES,0,75,115725,1092,4133,1441,396,57920,57805,568,524,1411,1397,293,272,169,124,103,0.42676767676767674,0.9283276450511946,1.0772058823529411,0.9225352112676056,1.083969465648855,0.3939393939393939,30,0.8282828282828283,4977.763051813536,53,0.5255972696245734,4977.763051813536,64,0.46691176470588236,3245.8627512573603,CONTINUOUS_METRICS_ONLY_NO_FINAL_RULE,1.0,AVAILABLE_IN_FIADB_NOT_APPLIED; EVALID_LINKAGE_REQUIRED_FOR_FORMAL_ESTIMATION,0,1,1,1.0,1.0,2.0,3.0,5.5,24,2.757575757575758,1,1.0,2.0,5.0,10.25,24.0,176,10.436868686868687
925,Salix caroliniana,Salix caroliniana,coastal plain willow,species,1,NA_NOT_AVAILABLE_IN_FROZEN_REF_SPECIES,0,25,115725,38,187,10051,34,57920,57805,17,21,9235,9171,16,18,0,16,18,0.0,0.8888888888888888,0.8888888888888888,0.8095238095238095,0.8095238095238095,0.9117647058823529,18,0.3235294117647059,1644.878414959598,11,0.375,1556.0366319595435,13,0.2777777777777778,1627.8820596099706,CONTINUOUS_METRICS_ONLY_NO_FINAL_RULE,1.0,AVAILABLE_IN_FIADB_NOT_APPLIED; EVALID_LINKAGE_REQUIRED_FOR_FORMAL_ESTIMATION,0,1,1,1.0,1.0,1.0,1.0,1.0,3,1.1176470588235294,1,1.0,1.25,3.0,6.75,11.099999999999998,40,5.5
925,Salix caroliniana,Salix caroliniana,coastal plain willow,species,1,NA_NOT_AVAILABLE_IN_FROZEN_REF_SPECIES,0,50,115725,38,187,2970,24,57920,57805,17,21,2846,2830,13,15,4,9,11,0.16666666666666666,0.8666666666666667,0.8666666666666667,0.8095238095238095,0.8095238095238095,0.7083333333333334,9,0.4166666666666667,1662.0770138594662,7,0.38461538461538464,1557.2411502397435,7,0.26666666666666666,1627.8820596099706,CONTINUOUS_METRICS_ONLY_NO_FINAL_RULE,1.0,AVAILABLE_IN_FIADB_NOT_APPLIED; EVALID_LINKAGE_REQUIRED_FOR_FORMAL_ESTIMATION,0,1,1,1.0,1.0,1.0,2.0,3.6999999999999993,4,1.5833333333333333,1,1.0,2.0,3.5,11.25,20.199999999999996,40,7.791666666666667
925,Salix caroliniana,Salix caroliniana,coastal plain willow,species,1,NA_NOT_AVAILABLE_IN_FROZEN_REF_SPECIES,0,75,115725,38,187,1441,15,57920,57805,17,21,1411,1397,10,12,7,3,5,0.4666666666666667,0.8333333333333334,0.8333333333333334,0.8095238095238095,0.8095238095238095,0.4,5,0.3333333333333333,1644.878414959598,5,0.4,1590.990257669732,5,0.4166666666666667,1644.878414959598,CONTINUOUS_METRICS_ONLY_NO_FINAL_RULE,1.0,AVAILABLE_IN_FIADB_NOT_APPLIED; EVALID_LINKAGE_REQUIRED_FOR_FORMAL_ESTIMATION,0,1,1,1.0,1.0,2.0,3.5,4.6,8,2.533333333333333,1,3.0,4.0,6.0,16.5,30.399999999999995,40,12.466666666666667
927,Salix alba,Salix alba,white willow,species,1,NA_NOT_AVAILABLE_IN_FROZEN_REF_SPECIES,0,25,115725,7,22,10051,7,57920,57805,5,2,9235,9171,5,2,0,5,2,0.0,0.4,2.5,0.4,2.5,1.0,7,0.14285714285714285,4261.235149578113,5,0.2,4261.235149578113,2,0.5,2153.6306554281773,CONTINUOUS_METRICS_ONLY_NO_FINAL_RULE,1.0,AVAILABLE_IN_FIADB_NOT_APPLIED; EVALID_LINKAGE_REQUIRED_FOR_FORMAL_ESTIMATION,0,1,1,1.0,1.0,1.0,1.0,1.0,1,1.0,1,1.0,1.0,2.0,4.5,7.4,8,3.142857142857143
927,Salix alba,Salix alba,white willow,species,1,NA_NOT_AVAILABLE_IN_FROZEN_REF_SPECIES,0,50,115725,7,22,2970,7,57920,57805,5,2,2846,2830,5,2,0,5,2,0.0,0.4,2.5,0.4,2.5,1.0,7,0.14285714285714285,4269.074841227312,5,0.2,4269.074841227312,2,0.5,2152.3243250030882,CONTINUOUS_METRICS_ONLY_NO_FINAL_RULE,1.0,AVAILABLE_IN_FIADB_NOT_APPLIED; EVALID_LINKAGE_REQUIRED_FOR_FORMAL_ESTIMATION,0,1,1,1.0,1.0,1.0,1.0,1.0,1,1.0,1,1.0,1.0,2.0,4.5,7.4,8,3.142857142857143
927,Salix alba,Salix alba,white willow,species,1,NA_NOT_AVAILABLE_IN_FROZEN_REF_SPECIES,0,75,115725,7,22,1441,7,57920,57805,5,2,1411,1397,5,2,0,5,2,0.0,0.4,2.5,0.4,2.5,1.0,7,0.14285714285714285,4269.074841227312,5,0.2,4269.074841227312,2,0.5,2105.35032714273,CONTINUOUS_METRICS_ONLY_NO_FINAL_RULE,1.0,AVAILABLE_IN_FIADB_NOT_APPLIED; EVALID_LINKAGE_REQUIRED_FOR_FORMAL_ESTIMATION,0,1,1,1.0,1.0,1.0,1.0,1.0,1,1.0,1,1.0,1.0,2.0,4.5,7.4,8,3.142857142857143
929,Salix x sepulcralis,Salix x sepulcralis,weeping willow,species,1,NA_NOT_AVAILABLE_IN_FROZEN_REF_SPECIES,0,25,115725,1,1,10051,1,57920,57805,0,1,9235,9171,0,1,0,0,1,0.0,0.0,0.0,0.0,0.0,1.0,1,1.0,0.0,0,,,1,1.0,0.0,CONTINUOUS_METRICS_ONLY_NO_FINAL_RULE,1.0,AVAILABLE_IN_FIADB_NOT_APPLIED; EVALID_LINKAGE_REQUIRED_FOR_FORMAL_ESTIMATION,1,1,1,1.0,1.0,1.0,1.0,1.0,1,1.0,1,1.0,1.0,1.0,1.0,1.0,1,1.0
929,Salix x sepulcralis,Salix x sepulcralis,weeping willow,species,1,NA_NOT_AVAILABLE_IN_FROZEN_REF_SPECIES,0,50,115725,1,1,2970,1,57920,57805,0,1,2846,2830,0,1,0,0,1,0.0,0.0,0.0,0.0,0.0,1.0,1,1.0,0.0,0,,,1,1.0,0.0,CONTINUOUS_METRICS_ONLY_NO_FINAL_RULE,1.0,AVAILABLE_IN_FIADB_NOT_APPLIED; EVALID_LINKAGE_REQUIRED_FOR_FORMAL_ESTIMATION,1,1,1,1.0,1.0,1.0,1.0,1.0,1,1.0,1,1.0,1.0,1.0,1.0,1.0,1,1.0
929,Salix x sepulcralis,Salix x sepulcralis,weeping willow,species,1,NA_NOT_AVAILABLE_IN_FROZEN_REF_SPECIES,0,75,115725,1,1,1441,1,57920,57805,0,1,1411,1397,0,1,0,0,1,0.0,0.0,0.0,0.0,0.0,1.0,1,1.0,0.0,0,,,1,1.0,0.0,CONTINUOUS_METRICS_ONLY_NO_FINAL_RULE,1.0,AVAILABLE_IN_FIADB_NOT_APPLIED; EVALID_LINKAGE_REQUIRED_FOR_FORMAL_ESTIMATION,1,1,1,1.0,1.0,1.0,1.0,1.0,1,1.0,1,1.0,1.0,1.0,1.0,1.0,1,1.0
931,Sassafras albidum,Sassafras albidum,sassafras,species,1,NA_NOT_AVAILABLE_IN_FROZEN_REF_SPECIES,0,25,115725,2620,5758,10051,1291,57920,57805,1342,1278,9235,9171,874,839,422,452,417,0.3268783888458559,0.959954233409611,1.0417163289630513,0.9523099850968704,1.050078247261346,0.49961270333075136,184,0.7033307513555384,2740.894014733149,223,0.14645308924485126,2740.894014733149,228,0.10965435041716329,2655.3013011709236,CONTINUOUS_METRICS_ONLY_NO_FINAL_RULE,1.0,AVAILABLE_IN_FIADB_NOT_APPLIED; EVALID_LINKAGE_REQUIRED_FOR_FORMAL_ESTIMATION,0,1,1,1.0,1.0,2.0,3.0,4.0,12,2.029434546862897,1,1.0,1.0,3.0,6.0,11.0,36,4.46010844306739
931,Sassafras albidum,Sassafras albidum,sassafras,species,1,NA_NOT_AVAILABLE_IN_FROZEN_REF_SPECIES,0,50,115725,2620,5758,2970,570,57920,57805,1342,1278,2846,2830,466,455,351,115,104,0.6157894736842106,0.9763948497854077,1.024175824175824,0.9523099850968704,1.050078247261346,0.25087719298245614,26,0.8070175438596491,2740.894014733149,33,0.7575107296137339,2740.894014733149,39,0.7604395604395604,2670.6740722147283,CONTINUOUS_METRICS_ONLY_NO_FINAL_RULE,1.0,AVAILABLE_IN_FIADB_NOT_APPLIED; EVALID_LINKAGE_REQUIRED_FOR_FORMAL_ESTIMATION,0,1,1,1.0,1.25,3.0,6.0,10.0,31,4.5964912280701755,1,1.0,2.0,6.0,14.0,24.0,102,10.101754385964913
931,Sassafras albidum,Sassafras albidum,sassafras,species,1,NA_NOT_AVAILABLE_IN_FROZEN_REF_SPECIES,0,75,115725,2620,5758,1441,314,57920,57805,1342,1278,1411,1397,278,269,233,45,36,0.7420382165605095,0.9676258992805755,1.033457249070632,0.9523099850968704,1.050078247261346,0.1592356687898089,4,0.9904458598726115,2776.013328498262,7,0.9028776978417267,2776.013328498262,8,0.966542750929368,2625.0,CONTINUOUS_METRICS_ONLY_NO_FINAL_RULE,1.0,AVAILABLE_IN_FIADB_NOT_APPLIED; EVALID_LINKAGE_REQUIRED_FOR_FORMAL_ESTIMATION,0,1,1,1.0,2.0,5.0,12.0,19.0,51,8.343949044585987,1,1.0,3.0,10.0,28.0,43.69999999999999,140,18.337579617834393
934,Sorbus spp.,Sorbus spp.,mountain-ash spp.,species,1,NA_NOT_AVAILABLE_IN_FROZEN_REF_SPECIES,0,25,115725,4,5,10051,3,57920,57805,2,2,9235,9171,2,2,1,1,1,0.3333333333333333,1.0,1.0,1.0,1.0,0.6666666666666666,3,0.3333333333333333,1608.1822036075391,2,0.5,1579.952530932496,2,0.5,1340.0093283257397,CONTINUOUS_METRICS_ONLY_NO_FINAL_RULE,1.0,AVAILABLE_IN_FIADB_NOT_APPLIED; EVALID_LINKAGE_REQUIRED_FOR_FORMAL_ESTIMATION,0,1,1,1.0,1.0,1.0,1.5,1.8,2,1.3333333333333333,1,1.0,1.0,1.0,2.0,2.6000000000000005,3,1.6666666666666667
934,Sorbus spp.,Sorbus spp.,mountain-ash spp.,species,1,NA_NOT_AVAILABLE_IN_FROZEN_REF_SPECIES,0,50,115725,4,5,2970,3,57920,57805,2,2,2846,2830,2,2,1,1,1,0.3333333333333333,1.0,1.0,1.0,1.0,0.6666666666666666,3,0.3333333333333333,1578.7653403846944,2,0.5,1553.2224567009066,2,0.5,1315.2946437965904,CONTINUOUS_METRICS_ONLY_NO_FINAL_RULE,1.0,AVAILABLE_IN_FIADB_NOT_APPLIED; EVALID_LINKAGE_REQUIRED_FOR_FORMAL_ESTIMATION,0,1,1,1.0,1.0,1.0,1.5,1.8,2,1.3333333333333333,1,1.0,1.0,1.0,2.0,2.6000000000000005,3,1.6666666666666667
934,Sorbus spp.,Sorbus spp.,mountain-ash spp.,species,1,NA_NOT_AVAILABLE_IN_FROZEN_REF_SPECIES,0,75,115725,4,5,1441,3,57920,57805,2,2,1411,1397,2,2,1,1,1,0.3333333333333333,1.0,1.0,1.0,1.0,0.6666666666666666,3,0.3333333333333333,1603.316874482396,2,0.5,1582.126733229674,2,0.5,1283.7932076467769,CONTINUOUS_METRICS_ONLY_NO_FINAL_RULE,1.0,AVAILABLE_IN_FIADB_NOT_APPLIED; EVALID_LINKAGE_REQUIRED_FOR_FORMAL_ESTIMATION,0,1,1,1.0,1.0,1.0,1.5,1.8,2,1.3333333333333333,1,1.0,1.0,1.0,2.0,2.6000000000000005,3,1.6666666666666667
935,Sorbus americana,Sorbus americana,American mountain-ash,species,1,NA_NOT_AVAILABLE_IN_FROZEN_REF_SPECIES,0,25,115725,138,265,10051,79,57920,57805,73,65,9235,9171,47,47,15,32,32,0.189873417721519,1.0,1.0,0.8904109589041096,1.123076923076923,0.7215189873417721,42,0.16455696202531644,2515.079521605629,29,0.1702127659574468,2465.0050709886987,28,0.1702127659574468,2435.4157755915107,CONTINUOUS_METRICS_ONLY_NO_FINAL_RULE,1.0,AVAILABLE_IN_FIADB_NOT_APPLIED; EVALID_LINKAGE_REQUIRED_FOR_FORMAL_ESTIMATION,0,1,1,1.0,1.0,1.0,2.0,4.0,11,1.7468354430379747,1,1.0,1.0,1.0,4.0,8.200000000000003,22,3.3544303797468356
935,Sorbus americana,Sorbus americana,American mountain-ash,species,1,NA_NOT_AVAILABLE_IN_FROZEN_REF_SPECIES,0,50,115725,138,265,2970,57,57920,57805,73,65,2846,2830,36,35,14,22,21,0.24561403508771928,0.9722222222222222,1.0285714285714285,0.8904109589041096,1.123076923076923,0.631578947368421,20,0.3157894736842105,2530.3161857759987,20,0.2222222222222222,2500.0,16,0.2,2430.0205760445733,CONTINUOUS_METRICS_ONLY_NO_FINAL_RULE,1.0,AVAILABLE_IN_FIADB_NOT_APPLIED; EVALID_LINKAGE_REQUIRED_FOR_FORMAL_ESTIMATION,0,1,1,1.0,1.0,1.0,3.0,4.0,17,2.4210526315789473,1,1.0,1.0,2.0,7.0,10.399999999999999,33,4.649122807017544
935,Sorbus americana,Sorbus americana,American mountain-ash,species,1,NA_NOT_AVAILABLE_IN_FROZEN_REF_SPECIES,0,75,115725,138,265,1441,44,57920,57805,73,65,1411,1397,31,27,14,17,13,0.3181818181818182,0.8709677419354839,1.1481481481481481,0.8904109589041096,1.123076923076923,0.5909090909090909,12,0.3409090909090909,2520.044642461716,14,0.3870967741935484,2520.044642461716,9,0.2962962962962963,2415.186328215693,CONTINUOUS_METRICS_ONLY_NO_FINAL_RULE,1.0,AVAILABLE_IN_FIADB_NOT_APPLIED; EVALID_LINKAGE_REQUIRED_FOR_FORMAL_ESTIMATION,0,1,1,1.0,1.0,1.0,4.0,7.0,25,3.1363636363636362,1,1.0,1.0,2.0,8.0,15.0,48,6.0227272727272725
937,Sorbus decora,Sorbus decora,northern mountain-ash,species,1,NA_NOT_AVAILABLE_IN_FROZEN_REF_SPECIES,0,25,115725,5,7,10051,5,57920,57805,1,4,9235,9171,1,4,0,1,4,0.0,0.25,0.25,0.25,0.25,1.0,5,0.2,1463.0874888399533,1,1.0,0.0,4,0.25,1340.0093283257397,CONTINUOUS_METRICS_ONLY_NO_FINAL_RULE,1.0,AVAILABLE_IN_FIADB_NOT_APPLIED; EVALID_LINKAGE_REQUIRED_FOR_FORMAL_ESTIMATION,1,1,1,1.0,1.0,1.0,1.0,1.0,1,1.0,1,1.0,1.0,1.0,1.0,2.2,3,1.4
937,Sorbus decora,Sorbus decora,northern mountain-ash,species,1,NA_NOT_AVAILABLE_IN_FROZEN_REF_SPECIES,0,50,115725,5,7,2970,5,57920,57805,1,4,2846,2830,1,4,0,1,4,0.0,0.25,0.25,0.25,0.25,1.0,5,0.2,1442.2205101855957,1,1.0,0.0,4,0.25,1320.0378782444086,CONTINUOUS_METRICS_ONLY_NO_FINAL_RULE,1.0,AVAILABLE_IN_FIADB_NOT_APPLIED; EVALID_LINKAGE_REQUIRED_FOR_FORMAL_ESTIMATION,1,1,1,1.0,1.0,1.0,1.0,1.0,1,1.0,1,1.0,1.0,1.0,1.0,2.2,3,1.4
937,Sorbus decora,Sorbus decora,northern mountain-ash,species,1,NA_NOT_AVAILABLE_IN_FROZEN_REF_SPECIES,0,75,115725,5,7,1441,5,57920,57805,1,4,1411,1397,1,4,0,1,4,0.0,0.25,0.25,0.25,0.25,1.0,4,0.4,1456.23658792107,1,1.0,0.0,3,0.5,1335.3370361073644,CONTINUOUS_METRICS_ONLY_NO_FINAL_RULE,1.0,AVAILABLE_IN_FIADB_NOT_APPLIED; EVALID_LINKAGE_REQUIRED_FOR_FORMAL_ESTIMATION,1,1,1,1.0,1.0,1.0,1.0,1.0,1,1.0,1,1.0,1.0,1.0,1.0,2.2,3,1.4
940,Swietenia mahagoni,Swietenia mahagoni,West Indian mahogany,species,1,NA_NOT_AVAILABLE_IN_FROZEN_REF_SPECIES,0,25,115725,1,5,10051,1,57920,57805,1,0,9235,9171,1,0,0,1,0,0.0,0.0,,0.0,,1.0,1,1.0,0.0,1,1.0,0.0,0,,,CONTINUOUS_METRICS_ONLY_NO_FINAL_RULE,1.0,AVAILABLE_IN_FIADB_NOT_APPLIED; EVALID_LINKAGE_REQUIRED_FOR_FORMAL_ESTIMATION,1,1,1,1.0,1.0,1.0,1.0,1.0,1,1.0,5,5.0,5.0,5.0,5.0,5.0,5,5.0
940,Swietenia mahagoni,Swietenia mahagoni,West Indian mahogany,species,1,NA_NOT_AVAILABLE_IN_FROZEN_REF_SPECIES,0,50,115725,1,5,2970,1,57920,57805,1,0,2846,2830,1,0,0,1,0,0.0,0.0,,0.0,,1.0,1,1.0,0.0,1,1.0,0.0,0,,,CONTINUOUS_METRICS_ONLY_NO_FINAL_RULE,1.0,AVAILABLE_IN_FIADB_NOT_APPLIED; EVALID_LINKAGE_REQUIRED_FOR_FORMAL_ESTIMATION,1,1,1,1.0,1.0,1.0,1.0,1.0,1,1.0,5,5.0,5.0,5.0,5.0,5.0,5,5.0
940,Swietenia mahagoni,Swietenia mahagoni,West Indian mahogany,species,1,NA_NOT_AVAILABLE_IN_FROZEN_REF_SPECIES,0,75,115725,1,5,1441,1,57920,57805,1,0,1411,1397,1,0,0,1,0,0.0,0.0,,0.0,,1.0,1,1.0,0.0,1,1.0,0.0,0,,,CONTINUOUS_METRICS_ONLY_NO_FINAL_RULE,1.0,AVAILABLE_IN_FIADB_NOT_APPLIED; EVALID_LINKAGE_REQUIRED_FOR_FORMAL_ESTIMATION,1,1,1,1.0,1.0,1.0,1.0,1.0,1,1.0,5,5.0,5.0,5.0,5.0,5.0,5,5.0
951,Tilia americana,Tilia americana,American basswood,species,1,NA_NOT_AVAILABLE_IN_FROZEN_REF_SPECIES,0,25,115725,4431,15889,10051,1579,57920,57805,2211,2220,9235,9171,1076,1088,585,491,503,0.37048765041165294,0.9889705882352942,0.9889705882352942,0.995945945945946,0.995945945945946,0.4889170360987967,224,0.32425585813806207,3272.7091224244177,244,0.33736059479553904,3077.742679302479,263,0.3115808823529412,3238.9234322533775,CONTINUOUS_METRICS_ONLY_NO_FINAL_RULE,1.0,AVAILABLE_IN_FIADB_NOT_APPLIED; EVALID_LINKAGE_REQUIRED_FOR_FORMAL_ESTIMATION,0,1,1,1.0,1.0,2.0,3.0,7.0,23,2.806206459784674,1,1.0,2.0,4.0,11.0,27.0,130,10.062697910069664
951,Tilia americana,Tilia americana,American basswood,species,1,NA_NOT_AVAILABLE_IN_FROZEN_REF_SPECIES,0,50,115725,4431,15889,2970,702,57920,57805,2211,2220,2846,2830,547,564,409,138,155,0.5826210826210826,0.9698581560283688,0.9698581560283688,0.995945945945946,0.995945945945946,0.2905982905982906,41,0.8746438746438746,3255.764119219941,53,0.5502742230347349,3077.742679302479,56,0.7836879432624113,3222.188697143605,CONTINUOUS_METRICS_ONLY_NO_FINAL_RULE,1.0,AVAILABLE_IN_FIADB_NOT_APPLIED; EVALID_LINKAGE_REQUIRED_FOR_FORMAL_ESTIMATION,0,1,1,1.0,1.0,3.0,7.0,16.0,83,6.311965811965812,1,1.0,3.0,7.5,21.0,62.0,426,22.633903133903132
951,Tilia americana,Tilia americana,American basswood,species,1,NA_NOT_AVAILABLE_IN_FROZEN_REF_SPECIES,0,75,115725,4431,15889,1441,397,57920,57805,2211,2220,1411,1397,327,338,268,59,70,0.6750629722921915,0.9674556213017751,0.9674556213017751,0.995945945945946,0.995945945945946,0.22418136020151133,19,0.929471032745592,3289.756829919196,19,0.9327217125382263,3077.742679302479,15,0.893491124260355,3238.9234322533775,CONTINUOUS_METRICS_ONLY_NO_FINAL_RULE,1.0,AVAILABLE_IN_FIADB_NOT_APPLIED; EVALID_LINKAGE_REQUIRED_FOR_FORMAL_ESTIMATION,0,1,1,1.0,2.0,5.0,12.0,27.400000000000034,138,11.161209068010075,1,1.0,4.0,12.0,38.0,106.0,626,40.022670025188916
952,Tilia americana var. heterophylla,Tilia americana var. heterophylla,white basswood,infraspecies,1,NA_NOT_AVAILABLE_IN_FROZEN_REF_SPECIES,0,25,115725,22,52,10051,20,57920,57805,9,13,9235,9171,9,13,2,7,11,0.1,0.6923076923076923,0.6923076923076923,0.6923076923076923,0.6923076923076923,0.9,16,0.15,1644.878414959598,8,0.2222222222222222,776.6112283504533,10,0.23076923076923078,1627.8820596099706,CONTINUOUS_METRICS_ONLY_NO_FINAL_RULE,1.0,AVAILABLE_IN_FIADB_NOT_APPLIED; EVALID_LINKAGE_REQUIRED_FOR_FORMAL_ESTIMATION,0,1,1,1.0,1.0,1.0,1.0,1.1000000000000014,2,1.1,1,1.0,1.0,1.0,4.0,4.100000000000001,11,2.6
952,Tilia americana var. heterophylla,Tilia americana var. heterophylla,white basswood,infraspecies,1,NA_NOT_AVAILABLE_IN_FROZEN_REF_SPECIES,0,50,115725,22,52,2970,17,57920,57805,9,13,2846,2830,8,10,1,7,9,0.058823529411764705,0.8,0.8,0.6923076923076923,0.6923076923076923,0.8823529411764706,11,0.4117647058823529,1662.0770138594662,8,0.125,763.2168761236874,6,0.5,1627.8820596099706,CONTINUOUS_METRICS_ONLY_NO_FINAL_RULE,1.0,AVAILABLE_IN_FIADB_NOT_APPLIED; EVALID_LINKAGE_REQUIRED_FOR_FORMAL_ESTIMATION,0,1,1,1.0,1.0,1.0,1.0,1.4000000000000004,5,1.2941176470588236,1,1.0,1.0,1.0,4.0,6.200000000000001,15,3.0588235294117645
952,Tilia americana var. heterophylla,Tilia americana var. heterophylla,white basswood,infraspecies,1,NA_NOT_AVAILABLE_IN_FROZEN_REF_SPECIES,0,75,115725,22,52,1441,14,57920,57805,9,13,1411,1397,8,8,2,6,6,0.14285714285714285,1.0,1.0,0.6923076923076923,0.6923076923076923,0.7142857142857143,10,0.35714285714285715,1644.878414959598,8,0.125,811.2490369793976,6,0.375,1594.5218719101974,CONTINUOUS_METRICS_ONLY_NO_FINAL_RULE,1.0,AVAILABLE_IN_FIADB_NOT_APPLIED; EVALID_LINKAGE_REQUIRED_FOR_FORMAL_ESTIMATION,0,1,1,1.0,1.0,1.0,1.75,2.700000000000001,5,1.5714285714285714,1,1.0,1.0,1.5,4.75,10.100000000000003,12,3.7142857142857144
953,Tilia americana var. caroliniana,Tilia americana var. caroliniana,Carolina basswood,infraspecies,1,NA_NOT_AVAILABLE_IN_FROZEN_REF_SPECIES,0,25,115725,78,144,10051,70,57920,57805,47,31,9235,9171,45,29,4,41,25,0.05714285714285714,0.6444444444444445,1.5517241379310345,0.6595744680851063,1.5161290322580645,0.8857142857142857,47,0.1,1894.2346739514614,36,0.08888888888888889,1666.0207081546137,22,0.10344827586206896,1765.1133108103852,CONTINUOUS_METRICS_ONLY_NO_FINAL_RULE,1.0,AVAILABLE_IN_FIADB_NOT_APPLIED; EVALID_LINKAGE_REQUIRED_FOR_FORMAL_ESTIMATION,0,1,1,1.0,1.0,1.0,1.0,2.0,2,1.1142857142857143,1,1.0,1.0,1.0,2.75,4.100000000000001,9,2.057142857142857
953,Tilia americana var. caroliniana,Tilia americana var. caroliniana,Carolina basswood,infraspecies,1,NA_NOT_AVAILABLE_IN_FROZEN_REF_SPECIES,0,50,115725,78,144,2970,54,57920,57805,47,31,2846,2830,38,22,6,32,16,0.1111111111111111,0.5789473684210527,1.7272727272727273,0.6595744680851063,1.5161290322580645,0.7037037037037037,24,0.2037037037037037,1884.8076824970765,23,0.23684210526315788,1655.294535724685,18,0.09090909090909091,1772.004514666935,CONTINUOUS_METRICS_ONLY_NO_FINAL_RULE,1.0,AVAILABLE_IN_FIADB_NOT_APPLIED; EVALID_LINKAGE_REQUIRED_FOR_FORMAL_ESTIMATION,0,1,1,1.0,1.0,1.0,2.0,2.0,5,1.4444444444444444,1,1.0,1.0,2.0,3.0,5.0,14,2.6666666666666665
953,Tilia americana var. caroliniana,Tilia americana var. caroliniana,Carolina basswood,infraspecies,1,NA_NOT_AVAILABLE_IN_FROZEN_REF_SPECIES,0,75,115725,78,144,1441,46,57920,57805,47,31,1411,1397,36,24,14,22,10,0.30434782608695654,0.6666666666666666,1.5,0.6595744680851063,1.5161290322580645,0.6086956521739131,13,0.2826086956521739,1880.990430597668,14,0.2777777777777778,1677.0509831248423,12,0.25,1803.1222920256962,CONTINUOUS_METRICS_ONLY_NO_FINAL_RULE,1.0,AVAILABLE_IN_FIADB_NOT_APPLIED; EVALID_LINKAGE_REQUIRED_FOR_FORMAL_ESTIMATION,0,1,1,1.0,1.0,1.0,2.0,3.0,6,1.6956521739130435,1,1.0,1.0,2.0,4.0,7.5,11,3.130434782608696
971,Ulmus alata,Ulmus alata,winged elm,species,1,NA_NOT_AVAILABLE_IN_FROZEN_REF_SPECIES,0,25,115725,5752,12238,10051,1495,57920,57805,2908,2844,9235,9171,1225,1206,936,289,270,0.6260869565217392,0.9844897959183674,1.01575456053068,0.9779917469050894,1.0225035161744023,0.23678929765886286,47,0.9511705685618729,2199.573822357413,64,0.8857142857142857,2173.8502708328374,72,0.7487562189054726,2122.645754712736,CONTINUOUS_METRICS_ONLY_NO_FINAL_RULE,1.0,AVAILABLE_IN_FIADB_NOT_APPLIED; EVALID_LINKAGE_REQUIRED_FOR_FORMAL_ESTIMATION,0,1,1,1.0,2.0,3.0,5.0,8.0,20,3.8474916387959865,1,1.0,3.0,6.0,11.0,18.0,62,8.185953177257526
971,Ulmus alata,Ulmus alata,winged elm,species,1,NA_NOT_AVAILABLE_IN_FROZEN_REF_SPECIES,0,50,115725,5752,12238,2970,496,57920,57805,2908,2844,2846,2830,452,456,412,40,44,0.8306451612903226,0.9912280701754386,0.9912280701754386,0.9779917469050894,1.0225035161744023,0.12701612903225806,9,0.9717741935483871,2178.3020910791965,8,0.9778761061946902,2152.3243250030882,11,0.9583333333333334,2109.5023109728986,CONTINUOUS_METRICS_ONLY_NO_FINAL_RULE,1.0,AVAILABLE_IN_FIADB_NOT_APPLIED; EVALID_LINKAGE_REQUIRED_FOR_FORMAL_ESTIMATION,0,1,1,1.0,4.0,9.0,17.0,26.0,49,11.596774193548388,1,2.0,6.0,16.0,36.25,58.0,121,24.673387096774192
971,Ulmus alata,Ulmus alata,winged elm,species,1,NA_NOT_AVAILABLE_IN_FROZEN_REF_SPECIES,0,75,115725,5752,12238,1441,252,57920,57805,2908,2844,1411,1397,237,234,219,18,15,0.8690476190476191,0.9873417721518988,1.0128205128205128,0.9779917469050894,1.0225035161744023,0.0992063492063492,4,0.9722222222222222,2226.1233119483745,5,0.9620253164556962,2186.6069605669877,5,0.9658119658119658,2122.6457547127357,CONTINUOUS_METRICS_ONLY_NO_FINAL_RULE,1.0,AVAILABLE_IN_FIADB_NOT_APPLIED; EVALID_LINKAGE_REQUIRED_FOR_FORMAL_ESTIMATION,0,1,1,2.0,5.0,18.0,36.25,53.0,96,22.825396825396826,1,2.1000000000000014,9.75,35.0,73.25,115.9,255,48.56349206349206
972,Ulmus americana,Ulmus americana,American elm,species,1,NA_NOT_AVAILABLE_IN_FROZEN_REF_SPECIES,0,25,115725,9316,19949,10051,3641,57920,57805,4602,4714,9235,9171,2600,2584,1543,1057,1041,0.42378467453996155,0.9938461538461538,1.0061919504643964,0.976240984302079,0.976240984302079,0.3971436418566328,257,0.7393573194177424,3729.1084725440746,377,0.2826923076923077,3633.610463437158,388,0.19852941176470587,3697.4653480458746,CONTINUOUS_METRICS_ONLY_NO_FINAL_RULE,1.0,AVAILABLE_IN_FIADB_NOT_APPLIED; EVALID_LINKAGE_REQUIRED_FOR_FORMAL_ESTIMATION,0,1,1,1.0,1.0,2.0,3.0,5.0,22,2.558637736885471,1,1.0,2.0,3.0,7.0,12.0,81,5.478989288656963
972,Ulmus americana,Ulmus americana,American elm,species,1,NA_NOT_AVAILABLE_IN_FROZEN_REF_SPECIES,0,50,115725,9316,19949,2970,1396,57920,57805,4602,4714,2846,2830,1213,1202,1019,194,183,0.7299426934097422,0.9909315746084089,1.0091514143094842,0.976240984302079,0.976240984302079,0.17836676217765043,23,0.9691977077363897,3732.626421167808,43,0.8235779060181369,3617.3194495371845,41,0.9276206322795341,3701.3511046643494,CONTINUOUS_METRICS_ONLY_NO_FINAL_RULE,1.0,AVAILABLE_IN_FIADB_NOT_APPLIED; EVALID_LINKAGE_REQUIRED_FOR_FORMAL_ESTIMATION,0,1,1,1.0,2.0,5.0,9.0,15.0,77,6.673352435530086,1,1.0,3.0,9.0,19.0,32.0,273,14.290114613180515
972,Ulmus americana,Ulmus americana,American elm,species,1,NA_NOT_AVAILABLE_IN_FROZEN_REF_SPECIES,0,75,115725,9316,19949,1441,708,57920,57805,4602,4714,1411,1397,651,653,596,55,57,0.8418079096045198,0.996937212863706,0.996937212863706,0.976240984302079,0.976240984302079,0.11299435028248588,8,0.980225988700565,3725.9227045122666,11,0.9692780337941628,3612.478373637689,16,0.9693721286370597,3678.0599505717687,CONTINUOUS_METRICS_ONLY_NO_FINAL_RULE,1.0,AVAILABLE_IN_FIADB_NOT_APPLIED; EVALID_LINKAGE_REQUIRED_FOR_FORMAL_ESTIMATION,0,1,1,1.0,3.75,9.0,18.0,29.300000000000068,131,13.158192090395481,1,2.0,7.0,18.0,37.0,66.0,433,28.176553672316384
973,Ulmus crassifolia,Ulmus crassifolia,cedar elm,species,1,NA_NOT_AVAILABLE_IN_FROZEN_REF_SPECIES,0,25,115725,513,2211,10051,297,57920,57805,246,267,9235,9171,190,196,89,101,107,0.2996632996632997,0.9693877551020408,0.9693877551020408,0.9213483146067416,0.9213483146067416,0.5420875420875421,57,0.6599326599326599,1272.7922061357856,70,0.15263157894736842,1237.4368670764582,60,0.2193877551020408,1237.4368670764582,CONTINUOUS_METRICS_ONLY_NO_FINAL_RULE,1.0,AVAILABLE_IN_FIADB_NOT_APPLIED; EVALID_LINKAGE_REQUIRED_FOR_FORMAL_ESTIMATION,0,1,1,1.0,1.0,1.0,2.0,3.0,6,1.7272727272727273,1,1.0,2.0,4.0,10.0,17.0,81,7.444444444444445
973,Ulmus crassifolia,Ulmus crassifolia,cedar elm,species,1,NA_NOT_AVAILABLE_IN_FROZEN_REF_SPECIES,0,50,115725,513,2211,2970,150,57920,57805,246,267,2846,2830,120,116,86,34,30,0.5733333333333334,0.9666666666666667,1.0344827586206897,0.9213483146067416,0.9213483146067416,0.32,9,0.7866666666666666,1272.7922061357856,16,0.7416666666666667,1237.9418403139948,15,0.7155172413793104,1237.9418403139948,CONTINUOUS_METRICS_ONLY_NO_FINAL_RULE,1.0,AVAILABLE_IN_FIADB_NOT_APPLIED; EVALID_LINKAGE_REQUIRED_FOR_FORMAL_ESTIMATION,0,1,1,1.0,1.0,3.0,5.0,7.0,11,3.42,1,1.0,2.0,9.5,20.75,38.19999999999999,106,14.74
973,Ulmus crassifolia,Ulmus crassifolia,cedar elm,species,1,NA_NOT_AVAILABLE_IN_FROZEN_REF_SPECIES,0,75,115725,513,2211,1441,87,57920,57805,246,267,1411,1397,68,72,53,15,19,0.6091954022988506,0.9444444444444444,0.9444444444444444,0.9213483146067416,0.9213483146067416,0.28735632183908044,1,1.0,1272.7922061357854,7,0.7352941176470589,1166.7261889578033,4,0.9444444444444444,1272.7922061357854,CONTINUOUS_METRICS_ONLY_NO_FINAL_RULE,1.0,AVAILABLE_IN_FIADB_NOT_APPLIED; EVALID_LINKAGE_REQUIRED_FOR_FORMAL_ESTIMATION,0,1,1,1.0,1.0,4.0,10.5,13.0,19,5.896551724137931,1,1.0,2.5,12.0,38.0,67.0,121,25.413793103448278
974,Ulmus pumila,Ulmus pumila,Siberian elm,species,1,NA_NOT_AVAILABLE_IN_FROZEN_REF_SPECIES,0,25,115725,202,728,10051,188,57920,57805,102,100,9235,9171,98,98,8,90,90,0.0425531914893617,1.0,1.0,0.9803921568627451,1.02,0.9468085106382979,140,0.03723404255319149,3138.4709652950432,84,0.061224489795918366,2620.2337681970284,84,0.04081632653061224,2929.5904150580504,CONTINUOUS_METRICS_ONLY_NO_FINAL_RULE,1.0,AVAILABLE_IN_FIADB_NOT_APPLIED; EVALID_LINKAGE_REQUIRED_FOR_FORMAL_ESTIMATION,0,1,1,1.0,1.0,1.0,1.0,1.0,5,1.074468085106383,1,1.0,1.0,2.0,5.0,8.300000000000011,42,3.872340425531915
974,Ulmus pumila,Ulmus pumila,Siberian elm,species,1,NA_NOT_AVAILABLE_IN_FROZEN_REF_SPECIES,0,50,115725,202,728,2970,153,57920,57805,102,100,2846,2830,87,91,25,62,66,0.16339869281045752,0.9560439560439561,0.9560439560439561,0.9803921568627451,1.02,0.7450980392156863,65,0.11764705882352941,3138.4709652950432,55,0.10344827586206896,2600.4807247891686,57,0.13186813186813187,2929.5904150580504,CONTINUOUS_METRICS_ONLY_NO_FINAL_RULE,1.0,AVAILABLE_IN_FIADB_NOT_APPLIED; EVALID_LINKAGE_REQUIRED_FOR_FORMAL_ESTIMATION,0,1,1,1.0,1.0,1.0,2.0,2.0,6,1.3202614379084967,1,1.0,1.0,3.0,6.0,10.0,42,4.758169934640523
974,Ulmus pumila,Ulmus pumila,Siberian elm,species,1,NA_NOT_AVAILABLE_IN_FROZEN_REF_SPECIES,0,75,115725,202,728,1441,128,57920,57805,102,100,1411,1397,75,83,30,45,53,0.234375,0.9036144578313253,0.9036144578313253,0.9803921568627451,1.02,0.6875,33,0.3984375,3125.799897626206,39,0.10666666666666667,2565.3947064730605,33,0.27710843373493976,2951.8002981231643,CONTINUOUS_METRICS_ONLY_NO_FINAL_RULE,1.0,AVAILABLE_IN_FIADB_NOT_APPLIED; EVALID_LINKAGE_REQUIRED_FOR_FORMAL_ESTIMATION,0,1,1,1.0,1.0,1.0,2.0,3.0,7,1.578125,1,1.0,1.0,3.0,7.25,14.299999999999997,42,5.6875
975,Ulmus rubra,Ulmus rubra,slippery elm,species,1,NA_NOT_AVAILABLE_IN_FROZEN_REF_SPECIES,0,25,115725,2989,4914,10051,1691,57920,57805,1485,1504,9235,9171,1042,1082,433,609,649,0.2560615020697812,0.9630314232902033,0.9630314232902033,0.9873670212765957,0.9873670212765957,0.5966883500887049,337,0.2489651094027203,3268.2181689722,366,0.11036468330134357,3153.767588139621,378,0.08410351201478743,3236.7035699921607,CONTINUOUS_METRICS_ONLY_NO_FINAL_RULE,1.0,AVAILABLE_IN_FIADB_NOT_APPLIED; EVALID_LINKAGE_REQUIRED_FOR_FORMAL_ESTIMATION,0,1,1,1.0,1.0,1.0,2.0,3.0,17,1.7675931401537552,1,1.0,1.0,2.0,4.0,6.0,28,2.905972797161443
975,Ulmus rubra,Ulmus rubra,slippery elm,species,1,NA_NOT_AVAILABLE_IN_FROZEN_REF_SPECIES,0,50,115725,2989,4914,2970,817,57920,57805,1485,1504,2846,2830,613,631,427,186,204,0.5226438188494492,0.971473851030111,0.971473851030111,0.9873670212765957,0.9873670212765957,0.33414932680538556,61,0.8629130966952264,3303.407331831786,68,0.6982055464926591,3151.586901863885,71,0.7812995245641838,3271.849629796577,CONTINUOUS_METRICS_ONLY_NO_FINAL_RULE,1.0,AVAILABLE_IN_FIADB_NOT_APPLIED; EVALID_LINKAGE_REQUIRED_FOR_FORMAL_ESTIMATION,0,1,1,1.0,1.0,2.0,5.0,8.0,29,3.6585067319461446,1,1.0,2.0,4.0,8.0,14.0,49,6.01468788249694
975,Ulmus rubra,Ulmus rubra,slippery elm,species,1,NA_NOT_AVAILABLE_IN_FROZEN_REF_SPECIES,0,75,115725,2989,4914,1441,467,57920,57805,1485,1504,1411,1397,387,401,321,66,80,0.6873661670235546,0.9650872817955112,0.9650872817955112,0.9873670212765957,0.9873670212765957,0.22055674518201285,25,0.9100642398286938,3303.407331831786,26,0.9095607235142119,3189.043743820395,24,0.9027431421446384,3256.2440019138617,CONTINUOUS_METRICS_ONLY_NO_FINAL_RULE,1.0,AVAILABLE_IN_FIADB_NOT_APPLIED; EVALID_LINKAGE_REQUIRED_FOR_FORMAL_ESTIMATION,0,1,1,1.0,2.0,4.0,9.0,14.400000000000034,48,6.400428265524625,1,1.0,3.0,7.0,13.0,25.0,71,10.522483940042827
976,Ulmus serotina,Ulmus serotina,September elm,species,1,NA_NOT_AVAILABLE_IN_FROZEN_REF_SPECIES,0,25,115725,5,10,10051,5,57920,57805,2,3,9235,9171,2,3,0,2,3,0.0,0.6666666666666666,0.6666666666666666,0.6666666666666666,0.6666666666666666,1.0,5,0.2,883.5298523536146,2,0.5,106.06601717798212,3,0.3333333333333333,883.5298523536146,CONTINUOUS_METRICS_ONLY_NO_FINAL_RULE,1.0,AVAILABLE_IN_FIADB_NOT_APPLIED; EVALID_LINKAGE_REQUIRED_FOR_FORMAL_ESTIMATION,0,1,1,1.0,1.0,1.0,1.0,1.0,1,1.0,1,1.0,1.0,2.0,3.0,3.0,3,2.0
976,Ulmus serotina,Ulmus serotina,September elm,species,1,NA_NOT_AVAILABLE_IN_FROZEN_REF_SPECIES,0,50,115725,5,10,2970,5,57920,57805,2,3,2846,2830,2,3,0,2,3,0.0,0.6666666666666666,0.6666666666666666,0.6666666666666666,0.6666666666666666,1.0,4,0.4,894.4271909999159,2,0.5,70.71067811865476,3,0.3333333333333333,894.4271909999159,CONTINUOUS_METRICS_ONLY_NO_FINAL_RULE,1.0,AVAILABLE_IN_FIADB_NOT_APPLIED; EVALID_LINKAGE_REQUIRED_FOR_FORMAL_ESTIMATION,0,1,1,1.0,1.0,1.0,1.0,1.0,1,1.0,1,1.0,1.0,2.0,3.0,3.0,3,2.0
976,Ulmus serotina,Ulmus serotina,September elm,species,1,NA_NOT_AVAILABLE_IN_FROZEN_REF_SPECIES,0,75,115725,5,10,1441,5,57920,57805,2,3,1411,1397,2,3,0,2,3,0.0,0.6666666666666666,0.6666666666666666,0.6666666666666666,0.6666666666666666,1.0,4,0.4,906.228448019593,2,0.5,106.06601717798213,3,0.3333333333333333,906.228448019593,CONTINUOUS_METRICS_ONLY_NO_FINAL_RULE,1.0,AVAILABLE_IN_FIADB_NOT_APPLIED; EVALID_LINKAGE_REQUIRED_FOR_FORMAL_ESTIMATION,0,1,1,1.0,1.0,1.0,1.0,1.0,1,1.0,1,1.0,1.0,2.0,3.0,3.0,3,2.0
977,Ulmus thomasii,Ulmus thomasii,rock elm,species,1,NA_NOT_AVAILABLE_IN_FROZEN_REF_SPECIES,0,25,115725,22,32,10051,22,57920,57805,13,9,9235,9171,13,9,0,13,9,0.0,0.6923076923076923,1.4444444444444444,0.6923076923076923,1.4444444444444444,1.0,19,0.09090909090909091,2110.094784600919,11,0.15384615384615385,2110.094784600919,8,0.2222222222222222,1219.887289875585,CONTINUOUS_METRICS_ONLY_NO_FINAL_RULE,1.0,AVAILABLE_IN_FIADB_NOT_APPLIED; EVALID_LINKAGE_REQUIRED_FOR_FORMAL_ESTIMATION,0,1,1,1.0,1.0,1.0,1.0,1.0,1,1.0,1,1.0,1.0,1.0,2.0,2.0,4,1.4545454545454546
977,Ulmus thomasii,Ulmus thomasii,rock elm,species,1,NA_NOT_AVAILABLE_IN_FROZEN_REF_SPECIES,0,50,115725,22,32,2970,21,57920,57805,13,9,2846,2830,12,9,0,12,9,0.0,0.75,1.3333333333333333,0.6923076923076923,1.4444444444444444,0.9523809523809523,16,0.19047619047619047,2110.094784600919,11,0.16666666666666666,2110.094784600919,6,0.4444444444444444,1202.0815280171307,CONTINUOUS_METRICS_ONLY_NO_FINAL_RULE,1.0,AVAILABLE_IN_FIADB_NOT_APPLIED; EVALID_LINKAGE_REQUIRED_FOR_FORMAL_ESTIMATION,0,1,1,1.0,1.0,1.0,1.0,1.0,2,1.0476190476190477,1,1.0,1.0,1.0,2.0,2.0,4,1.5238095238095237
977,Ulmus thomasii,Ulmus thomasii,rock elm,species,1,NA_NOT_AVAILABLE_IN_FROZEN_REF_SPECIES,0,75,115725,22,32,1441,19,57920,57805,13,9,1411,1397,12,8,1,11,7,0.05263157894736842,0.6666666666666666,1.5,0.6923076923076923,1.4444444444444444,0.8421052631578947,15,0.15789473684210525,2101.338858918285,10,0.16666666666666666,2101.338858918285,6,0.375,1272.7922061357854,CONTINUOUS_METRICS_ONLY_NO_FINAL_RULE,1.0,AVAILABLE_IN_FIADB_NOT_APPLIED; EVALID_LINKAGE_REQUIRED_FOR_FORMAL_ESTIMATION,0,1,1,1.0,1.0,1.0,1.0,2.0,2,1.1578947368421053,1,1.0,1.0,1.0,2.0,3.1999999999999993,4,1.6842105263157894
981,Umbellularia californica,Umbellularia californica,California laurel,species,1,NA_NOT_AVAILABLE_IN_FROZEN_REF_SPECIES,0,25,115725,231,1465,10051,97,57920,57805,100,131,9235,9171,61,72,36,25,36,0.3711340206185567,0.8472222222222222,0.8472222222222222,0.7633587786259542,0.7633587786259542,0.5257731958762887,17,0.31958762886597936,1195.0418402717119,15,0.3114754098360656,1195.0418402717119,24,0.1527777777777778,1123.05387226081,CONTINUOUS_METRICS_ONLY_NO_FINAL_RULE,1.0,AVAILABLE_IN_FIADB_NOT_APPLIED; EVALID_LINKAGE_REQUIRED_FOR_FORMAL_ESTIMATION,0,1,1,1.0,1.0,1.0,3.0,5.400000000000006,10,2.381443298969072,1,1.0,3.0,9.0,19.0,44.400000000000006,94,15.103092783505154
981,Umbellularia californica,Umbellularia californica,California laurel,species,1,NA_NOT_AVAILABLE_IN_FROZEN_REF_SPECIES,0,50,115725,231,1465,2970,47,57920,57805,100,131,2846,2830,33,42,28,5,14,0.5957446808510638,0.7857142857142857,0.7857142857142857,0.7633587786259542,0.7633587786259542,0.2765957446808511,9,0.7446808510638298,1188.4864324004714,7,0.8181818181818182,1188.4864324004714,7,0.7619047619047619,1140.175425099138,CONTINUOUS_METRICS_ONLY_NO_FINAL_RULE,1.0,AVAILABLE_IN_FIADB_NOT_APPLIED; EVALID_LINKAGE_REQUIRED_FOR_FORMAL_ESTIMATION,0,1,1,1.0,1.0,3.0,6.0,11.399999999999999,28,4.914893617021277,1,2.6000000000000005,4.5,18.0,42.5,78.0,183,31.170212765957448
981,Umbellularia californica,Umbellularia californica,California laurel,species,1,NA_NOT_AVAILABLE_IN_FROZEN_REF_SPECIES,0,75,115725,231,1465,1441,35,57920,57805,100,131,1411,1397,26,29,20,6,9,0.5714285714285714,0.896551724137931,0.896551724137931,0.7633587786259542,0.7633587786259542,0.34285714285714286,5,0.8285714285714286,1257.229096068016,5,0.7692307692307693,1257.229096068016,5,0.8275862068965517,1114.955156048888,CONTINUOUS_METRICS_ONLY_NO_FINAL_RULE,1.0,AVAILABLE_IN_FIADB_NOT_APPLIED; EVALID_LINKAGE_REQUIRED_FOR_FORMAL_ESTIMATION,0,1,1,1.0,1.0,2.0,10.5,15.600000000000009,35,6.6,1,1.4000000000000004,5.0,10.0,65.5,109.80000000000001,223,41.857142857142854
986,Avicennia germinans,Avicennia germinans,black mangrove,species,1,NA_NOT_AVAILABLE_IN_FROZEN_REF_SPECIES,0,25,115725,23,87,10051,12,57920,57805,11,12,9235,9171,6,10,4,2,6,0.3333333333333333,0.6,0.6,0.9166666666666666,0.9166666666666666,0.5833333333333334,8,0.16666666666666666,388.90872965260115,4,0.3333333333333333,250.0,6,0.2,353.5533905932738,CONTINUOUS_METRICS_ONLY_NO_FINAL_RULE,1.0,AVAILABLE_IN_FIADB_NOT_APPLIED; EVALID_LINKAGE_REQUIRED_FOR_FORMAL_ESTIMATION,0,1,1,1.0,1.0,1.0,2.25,3.0,6,1.9166666666666667,1,1.1,2.75,3.0,7.25,17.000000000000004,34,7.25
986,Avicennia germinans,Avicennia germinans,black mangrove,species,1,NA_NOT_AVAILABLE_IN_FROZEN_REF_SPECIES,0,50,115725,23,87,2970,8,57920,57805,11,12,2846,2830,5,7,4,1,3,0.5,0.7142857142857143,0.7142857142857143,0.9166666666666666,0.9166666666666666,0.25,5,0.25,353.5533905932738,3,0.4,250.0,5,0.2857142857142857,353.5533905932738,CONTINUOUS_METRICS_ONLY_NO_FINAL_RULE,1.0,AVAILABLE_IN_FIADB_NOT_APPLIED; EVALID_LINKAGE_REQUIRED_FOR_FORMAL_ESTIMATION,0,1,1,1.0,1.75,2.5,3.5,5.3,6,2.875,2,2.7,3.0,6.0,15.75,22.799999999999997,34,10.875
986,Avicennia germinans,Avicennia germinans,black mangrove,species,1,NA_NOT_AVAILABLE_IN_FROZEN_REF_SPECIES,0,75,115725,23,87,1441,8,57920,57805,11,12,1411,1397,5,7,4,1,3,0.5,0.7142857142857143,0.7142857142857143,0.9166666666666666,0.9166666666666666,0.25,4,0.5,424.26406871192853,2,0.8,270.41634565979916,5,0.2857142857142857,424.26406871192853,CONTINUOUS_METRICS_ONLY_NO_FINAL_RULE,1.0,AVAILABLE_IN_FIADB_NOT_APPLIED; EVALID_LINKAGE_REQUIRED_FOR_FORMAL_ESTIMATION,0,1,1,1.0,1.75,2.0,3.0,4.799999999999999,9,2.875,1,2.4,3.75,6.0,7.25,21.199999999999992,52,10.875
987,Conocarpus erectus,Conocarpus erectus,buttonwood-mangrove,species,1,NA_NOT_AVAILABLE_IN_FROZEN_REF_SPECIES,0,25,115725,7,44,10051,7,57920,57805,2,5,9235,9171,2,5,0,2,5,0.0,0.4,0.4,0.4,0.4,1.0,6,0.2857142857142857,390.5124837953327,2,0.5,70.71067811865476,5,0.2,353.5533905932738,CONTINUOUS_METRICS_ONLY_NO_FINAL_RULE,1.0,AVAILABLE_IN_FIADB_NOT_APPLIED; EVALID_LINKAGE_REQUIRED_FOR_FORMAL_ESTIMATION,0,1,1,1.0,1.0,1.0,1.0,1.0,1,1.0,1,1.6,2.0,2.0,7.0,15.200000000000005,23,6.285714285714286
987,Conocarpus erectus,Conocarpus erectus,buttonwood-mangrove,species,1,NA_NOT_AVAILABLE_IN_FROZEN_REF_SPECIES,0,50,115725,7,44,2970,6,57920,57805,2,5,2846,2830,2,5,1,1,4,0.16666666666666666,0.4,0.4,0.4,0.4,0.8333333333333334,3,0.5,390.5124837953327,2,0.5,70.71067811865476,3,0.4,353.5533905932738,CONTINUOUS_METRICS_ONLY_NO_FINAL_RULE,1.0,AVAILABLE_IN_FIADB_NOT_APPLIED; EVALID_LINKAGE_REQUIRED_FOR_FORMAL_ESTIMATION,0,1,1,1.0,1.0,1.0,1.0,1.5,2,1.1666666666666667,1,1.5,2.0,3.0,10.0,17.5,23,7.333333333333333
987,Conocarpus erectus,Conocarpus erectus,buttonwood-mangrove,species,1,NA_NOT_AVAILABLE_IN_FROZEN_REF_SPECIES,0,75,115725,7,44,1441,5,57920,57805,2,5,1411,1397,2,4,1,1,3,0.2,0.5,0.5,0.4,0.4,0.6,3,0.6,424.26406871192853,1,1.0,75.0,4,0.25,424.26406871192853,CONTINUOUS_METRICS_ONLY_NO_FINAL_RULE,1.0,AVAILABLE_IN_FIADB_NOT_APPLIED; EVALID_LINKAGE_REQUIRED_FOR_FORMAL_ESTIMATION,0,1,1,1.0,1.0,1.0,2.0,2.0,2,1.4,2,2.0,2.0,5.0,10.0,19.0,25,8.8
988,Laguncularia racemosa,Laguncularia racemosa,white mangrove,species,1,NA_NOT_AVAILABLE_IN_FROZEN_REF_SPECIES,0,25,115725,16,134,10051,10,57920,57805,8,8,9235,9171,5,7,2,3,5,0.2,0.7142857142857143,0.7142857142857143,1.0,1.0,0.7,7,0.3,388.90872965260115,4,0.4,250.0,4,0.42857142857142855,270.4163456597992,CONTINUOUS_METRICS_ONLY_NO_FINAL_RULE,1.0,AVAILABLE_IN_FIADB_NOT_APPLIED; EVALID_LINKAGE_REQUIRED_FOR_FORMAL_ESTIMATION,0,1,1,1.0,1.0,1.0,1.75,3.0999999999999996,4,1.6,1,1.0,3.25,12.5,15.5,30.199999999999996,41,13.4
988,Laguncularia racemosa,Laguncularia racemosa,white mangrove,species,1,NA_NOT_AVAILABLE_IN_FROZEN_REF_SPECIES,0,50,115725,16,134,2970,8,57920,57805,8,8,2846,2830,5,5,2,3,3,0.25,1.0,1.0,1.0,1.0,0.625,5,0.375,353.5533905932738,3,0.6,250.0,3,0.4,250.0,CONTINUOUS_METRICS_ONLY_NO_FINAL_RULE,1.0,AVAILABLE_IN_FIADB_NOT_APPLIED; EVALID_LINKAGE_REQUIRED_FOR_FORMAL_ESTIMATION,0,1,1,1.0,1.0,1.0,3.0,3.5999999999999996,5,2.0,1,1.0,3.25,15.0,26.75,34.7,41,16.75
988,Laguncularia racemosa,Laguncularia racemosa,white mangrove,species,1,NA_NOT_AVAILABLE_IN_FROZEN_REF_SPECIES,0,75,115725,16,134,1441,6,57920,57805,8,8,1411,1397,3,4,1,2,3,0.16666666666666666,0.75,0.75,1.0,1.0,0.5,5,0.3333333333333333,424.26406871192853,3,0.3333333333333333,270.41634565979916,3,0.5,270.41634565979916,CONTINUOUS_METRICS_ONLY_NO_FINAL_RULE,1.0,AVAILABLE_IN_FIADB_NOT_APPLIED; EVALID_LINKAGE_REQUIRED_FOR_FORMAL_ESTIMATION,0,1,1,1.0,1.0,1.5,2.75,5.5,8,2.6666666666666665,1,1.0,5.25,25.0,38.75,41.0,41,22.333333333333332
989,Rhizophora mangle,Rhizophora mangle,American mangrove,species,1,NA_NOT_AVAILABLE_IN_FROZEN_REF_SPECIES,0,25,115725,15,79,10051,9,57920,57805,9,6,9235,9171,6,6,3,3,3,0.3333333333333333,1.0,1.0,0.6666666666666666,1.5,0.5555555555555556,7,0.3333333333333333,410.03048667141815,5,0.3333333333333333,369.120576505835,4,0.5,410.03048667141815,CONTINUOUS_METRICS_ONLY_NO_FINAL_RULE,1.0,AVAILABLE_IN_FIADB_NOT_APPLIED; EVALID_LINKAGE_REQUIRED_FOR_FORMAL_ESTIMATION,0,1,1,1.0,1.0,1.0,2.0,3.0,3,1.6666666666666667,2,2.0,4.0,8.0,12.0,15.600000000000001,22,8.777777777777779
989,Rhizophora mangle,Rhizophora mangle,American mangrove,species,1,NA_NOT_AVAILABLE_IN_FROZEN_REF_SPECIES,0,50,115725,15,79,2970,8,57920,57805,9,6,2846,2830,6,5,3,3,2,0.375,0.8333333333333334,1.2,0.6666666666666666,1.5,0.5,6,0.25,430.11626335213134,4,0.3333333333333333,403.11288741492746,4,0.4,430.11626335213134,CONTINUOUS_METRICS_ONLY_NO_FINAL_RULE,1.0,AVAILABLE_IN_FIADB_NOT_APPLIED; EVALID_LINKAGE_REQUIRED_FOR_FORMAL_ESTIMATION,0,1,1,1.0,1.0,1.5,2.25,3.3,4,1.875,2,2.0,3.5,6.0,12.5,19.699999999999996,33,9.875
989,Rhizophora mangle,Rhizophora mangle,American mangrove,species,1,NA_NOT_AVAILABLE_IN_FROZEN_REF_SPECIES,0,75,115725,15,79,1441,7,57920,57805,9,6,1411,1397,5,4,2,3,2,0.2857142857142857,0.8,1.25,0.6666666666666666,1.5,0.5714285714285714,5,0.42857142857142855,480.23431780746364,3,0.6,403.8873605350878,4,0.25,480.23431780746364,CONTINUOUS_METRICS_ONLY_NO_FINAL_RULE,1.0,AVAILABLE_IN_FIADB_NOT_APPLIED; EVALID_LINKAGE_REQUIRED_FOR_FORMAL_ESTIMATION,0,1,1,1.0,1.0,1.0,2.0,4.000000000000002,7,2.142857142857143,2,2.0,3.0,4.0,11.0,26.40000000000001,45,11.285714285714286
990,Olneya tesota,Olneya tesota,desert ironwood,species,1,NA_NOT_AVAILABLE_IN_FROZEN_REF_SPECIES,1,25,115725,1,3,10051,1,57920,57805,1,0,9235,9171,1,0,0,1,0,0.0,0.0,,0.0,,1.0,1,1.0,0.0,1,1.0,0.0,0,,,CONTINUOUS_METRICS_ONLY_NO_FINAL_RULE,1.0,AVAILABLE_IN_FIADB_NOT_APPLIED; EVALID_LINKAGE_REQUIRED_FOR_FORMAL_ESTIMATION,1,1,1,1.0,1.0,1.0,1.0,1.0,1,1.0,3,3.0,3.0,3.0,3.0,3.0,3,3.0
990,Olneya tesota,Olneya tesota,desert ironwood,species,1,NA_NOT_AVAILABLE_IN_FROZEN_REF_SPECIES,1,50,115725,1,3,2970,1,57920,57805,1,0,2846,2830,1,0,0,1,0,0.0,0.0,,0.0,,1.0,1,1.0,0.0,1,1.0,0.0,0,,,CONTINUOUS_METRICS_ONLY_NO_FINAL_RULE,1.0,AVAILABLE_IN_FIADB_NOT_APPLIED; EVALID_LINKAGE_REQUIRED_FOR_FORMAL_ESTIMATION,1,1,1,1.0,1.0,1.0,1.0,1.0,1,1.0,3,3.0,3.0,3.0,3.0,3.0,3,3.0
990,Olneya tesota,Olneya tesota,desert ironwood,species,1,NA_NOT_AVAILABLE_IN_FROZEN_REF_SPECIES,1,75,115725,1,3,1441,1,57920,57805,1,0,1411,1397,1,0,0,1,0,0.0,0.0,,0.0,,1.0,1,1.0,0.0,1,1.0,0.0,0,,,CONTINUOUS_METRICS_ONLY_NO_FINAL_RULE,1.0,AVAILABLE_IN_FIADB_NOT_APPLIED; EVALID_LINKAGE_REQUIRED_FOR_FORMAL_ESTIMATION,1,1,1,1.0,1.0,1.0,1.0,1.0,1,1.0,3,3.0,3.0,3.0,3.0,3.0,3,3.0
991,Tamarix spp.,Tamarix spp.,saltcedar,species,1,NA_NOT_AVAILABLE_IN_FROZEN_REF_SPECIES,0,25,115725,1,2,10051,1,57920,57805,1,0,9235,9171,1,0,0,1,0,0.0,0.0,,0.0,,1.0,1,1.0,0.0,1,1.0,0.0,0,,,CONTINUOUS_METRICS_ONLY_NO_FINAL_RULE,1.0,AVAILABLE_IN_FIADB_NOT_APPLIED; EVALID_LINKAGE_REQUIRED_FOR_FORMAL_ESTIMATION,1,1,1,1.0,1.0,1.0,1.0,1.0,1,1.0,2,2.0,2.0,2.0,2.0,2.0,2,2.0
991,Tamarix spp.,Tamarix spp.,saltcedar,species,1,NA_NOT_AVAILABLE_IN_FROZEN_REF_SPECIES,0,50,115725,1,2,2970,1,57920,57805,1,0,2846,2830,1,0,0,1,0,0.0,0.0,,0.0,,1.0,1,1.0,0.0,1,1.0,0.0,0,,,CONTINUOUS_METRICS_ONLY_NO_FINAL_RULE,1.0,AVAILABLE_IN_FIADB_NOT_APPLIED; EVALID_LINKAGE_REQUIRED_FOR_FORMAL_ESTIMATION,1,1,1,1.0,1.0,1.0,1.0,1.0,1,1.0,2,2.0,2.0,2.0,2.0,2.0,2,2.0
991,Tamarix spp.,Tamarix spp.,saltcedar,species,1,NA_NOT_AVAILABLE_IN_FROZEN_REF_SPECIES,0,75,115725,1,2,1441,1,57920,57805,1,0,1411,1397,1,0,0,1,0,0.0,0.0,,0.0,,1.0,1,1.0,0.0,1,1.0,0.0,0,,,CONTINUOUS_METRICS_ONLY_NO_FINAL_RULE,1.0,AVAILABLE_IN_FIADB_NOT_APPLIED; EVALID_LINKAGE_REQUIRED_FOR_FORMAL_ESTIMATION,1,1,1,1.0,1.0,1.0,1.0,1.0,1,1.0,2,2.0,2.0,2.0,2.0,2.0,2,2.0
992,Melaleuca quinquenervia,Melaleuca quinquenervia,melaleuca,species,1,NA_NOT_AVAILABLE_IN_FROZEN_REF_SPECIES,0,25,115725,16,123,10051,11,57920,57805,9,7,9235,9171,7,7,3,4,4,0.2727272727272727,1.0,1.0,0.7777777777777778,1.2857142857142858,0.6363636363636364,5,0.5454545454545454,320.1562118716424,3,0.7142857142857143,285.0438562747845,6,0.2857142857142857,235.8495283014151,CONTINUOUS_METRICS_ONLY_NO_FINAL_RULE,1.0,AVAILABLE_IN_FIADB_NOT_APPLIED; EVALID_LINKAGE_REQUIRED_FOR_FORMAL_ESTIMATION,0,1,1,1.0,1.0,1.0,2.0,2.0,3,1.4545454545454546,1,1.0,2.0,6.0,20.0,25.0,29,11.181818181818182
992,Melaleuca quinquenervia,Melaleuca quinquenervia,melaleuca,species,1,NA_NOT_AVAILABLE_IN_FROZEN_REF_SPECIES,0,50,115725,16,123,2970,9,57920,57805,9,7,2846,2830,5,7,3,2,4,0.3333333333333333,0.7142857142857143,0.7142857142857143,0.7777777777777778,1.2857142857142858,0.6666666666666666,4,0.5555555555555556,320.1562118716424,3,0.6,282.842712474619,4,0.42857142857142855,250.0,CONTINUOUS_METRICS_ONLY_NO_FINAL_RULE,1.0,AVAILABLE_IN_FIADB_NOT_APPLIED; EVALID_LINKAGE_REQUIRED_FOR_FORMAL_ESTIMATION,0,1,1,1.0,1.0,1.0,2.0,4.0,4,1.7777777777777777,1,1.0,2.0,17.0,20.0,27.4,29,13.666666666666666
992,Melaleuca quinquenervia,Melaleuca quinquenervia,melaleuca,species,1,NA_NOT_AVAILABLE_IN_FROZEN_REF_SPECIES,0,75,115725,16,123,1441,6,57920,57805,9,7,1411,1397,4,5,3,1,2,0.5,0.8,0.8,0.7777777777777778,1.2857142857142858,0.5,4,0.5,335.4101966249685,3,0.5,270.41634565979916,3,0.6,212.13203435596427,CONTINUOUS_METRICS_ONLY_NO_FINAL_RULE,1.0,AVAILABLE_IN_FIADB_NOT_APPLIED; EVALID_LINKAGE_REQUIRED_FOR_FORMAL_ESTIMATION,0,1,1,1.0,1.0,2.0,3.75,5.0,6,2.6666666666666665,1,1.0,2.75,14.0,34.25,46.5,54,20.5
993,Melia azedarach,Melia azedarach,Chinaberrytree,species,1,NA_NOT_AVAILABLE_IN_FROZEN_REF_SPECIES,0,25,115725,288,727,10051,242,57920,57805,146,142,9235,9171,137,126,21,116,105,0.08677685950413223,0.9197080291970803,1.0873015873015872,0.9726027397260274,1.028169014084507,0.8471074380165289,120,0.1859504132231405,2280.898945591409,103,0.08759124087591241,2079.8136935793073,88,0.047619047619047616,2280.898945591409,CONTINUOUS_METRICS_ONLY_NO_FINAL_RULE,1.0,AVAILABLE_IN_FIADB_NOT_APPLIED; EVALID_LINKAGE_REQUIRED_FOR_FORMAL_ESTIMATION,0,1,1,1.0,1.0,1.0,1.0,2.0,4,1.1900826446280992,1,1.0,1.0,2.0,3.0,7.0,30,3.0041322314049586
993,Melia azedarach,Melia azedarach,Chinaberrytree,species,1,NA_NOT_AVAILABLE_IN_FROZEN_REF_SPECIES,0,50,115725,288,727,2970,170,57920,57805,146,142,2846,2830,108,107,45,63,62,0.2647058823529412,0.9907407407407407,1.0093457943925233,0.9726027397260274,1.028169014084507,0.6058823529411764,30,0.5764705882352941,2280.898945591409,39,0.3611111111111111,2057.3040611440983,38,0.22429906542056074,2280.898945591409,CONTINUOUS_METRICS_ONLY_NO_FINAL_RULE,1.0,AVAILABLE_IN_FIADB_NOT_APPLIED; EVALID_LINKAGE_REQUIRED_FOR_FORMAL_ESTIMATION,0,1,1,1.0,1.0,1.0,2.0,3.0,7,1.6941176470588235,1,1.0,1.0,2.0,5.0,9.0,50,4.276470588235294
993,Melia azedarach,Melia azedarach,Chinaberrytree,species,1,NA_NOT_AVAILABLE_IN_FROZEN_REF_SPECIES,0,75,115725,288,727,1441,114,57920,57805,146,142,1411,1397,88,80,54,34,26,0.47368421052631576,0.9090909090909091,1.1,0.9726027397260274,1.028169014084507,0.39473684210526316,10,0.9210526315789473,2247.4986095657546,13,0.4659090909090909,2079.8136935793073,18,0.5,2247.4986095657546,CONTINUOUS_METRICS_ONLY_NO_FINAL_RULE,1.0,AVAILABLE_IN_FIADB_NOT_APPLIED; EVALID_LINKAGE_REQUIRED_FOR_FORMAL_ESTIMATION,0,1,1,1.0,1.0,2.0,3.0,5.0,14,2.526315789473684,1,1.0,2.0,4.0,6.75,14.400000000000006,62,6.37719298245614
994,Triadica sebifera,Triadica sebifera,Chinese tallow,species,1,NA_NOT_AVAILABLE_IN_FROZEN_REF_SPECIES,0,25,115725,880,3638,10051,392,57920,57805,431,449,9235,9171,271,256,135,136,121,0.34438775510204084,0.9446494464944649,1.05859375,0.9599109131403119,0.9599109131403119,0.5204081632653061,70,0.6989795918367347,1992.6427175989174,73,0.5018450184501845,1822.944047413414,56,0.38671875,1954.6419109391877,CONTINUOUS_METRICS_ONLY_NO_FINAL_RULE,1.0,AVAILABLE_IN_FIADB_NOT_APPLIED; EVALID_LINKAGE_REQUIRED_FOR_FORMAL_ESTIMATION,0,1,1,1.0,1.0,1.0,3.0,5.0,12,2.2448979591836733,1,1.0,1.0,3.0,11.0,24.0,84,9.28061224489796
994,Triadica sebifera,Triadica sebifera,Chinese tallow,species,1,NA_NOT_AVAILABLE_IN_FROZEN_REF_SPECIES,0,50,115725,880,3638,2970,184,57920,57805,431,449,2846,2830,148,134,98,50,36,0.532608695652174,0.9054054054054054,1.1044776119402986,0.9599109131403119,0.9599109131403119,0.3423913043478261,15,0.8369565217391305,1969.7715603592208,18,0.7297297297297297,1812.456896039186,21,0.7164179104477612,1931.3207915827966,CONTINUOUS_METRICS_ONLY_NO_FINAL_RULE,1.0,AVAILABLE_IN_FIADB_NOT_APPLIED; EVALID_LINKAGE_REQUIRED_FOR_FORMAL_ESTIMATION,0,1,1,1.0,1.0,3.0,6.0,12.0,27,4.782608695652174,1,1.0,2.0,7.0,22.25,59.10000000000005,169,19.77173913043478
994,Triadica sebifera,Triadica sebifera,Chinese tallow,species,1,NA_NOT_AVAILABLE_IN_FROZEN_REF_SPECIES,0,75,115725,880,3638,1441,112,57920,57805,431,449,1411,1397,92,88,68,24,20,0.6071428571428571,0.9565217391304348,1.0454545454545454,0.9599109131403119,0.9599109131403119,0.24107142857142858,6,0.9464285714285714,2048.4750425621496,7,0.8152173913043478,1812.456896039186,5,0.6818181818181818,2019.436802675439,CONTINUOUS_METRICS_ONLY_NO_FINAL_RULE,1.0,AVAILABLE_IN_FIADB_NOT_APPLIED; EVALID_LINKAGE_REQUIRED_FOR_FORMAL_ESTIMATION,0,1,1,1.0,2.0,3.0,9.0,19.80000000000001,58,7.857142857142857,1,2.0,3.0,8.5,32.5,81.60000000000002,257,32.482142857142854
995,Vernicia fordii,Vernicia fordii,tungoil tree,species,1,NA_NOT_AVAILABLE_IN_FROZEN_REF_SPECIES,0,25,115725,8,19,10051,8,57920,57805,4,4,9235,9171,4,4,0,4,4,0.0,1.0,1.0,1.0,1.0,1.0,5,0.25,223.60679774997897,3,0.5,180.27756377319946,3,0.5,111.80339887498948,CONTINUOUS_METRICS_ONLY_NO_FINAL_RULE,1.0,AVAILABLE_IN_FIADB_NOT_APPLIED; EVALID_LINKAGE_REQUIRED_FOR_FORMAL_ESTIMATION,0,1,1,1.0,1.0,1.0,1.0,1.0,1,1.0,1,1.0,1.0,2.0,3.25,4.3,5,2.375
995,Vernicia fordii,Vernicia fordii,tungoil tree,species,1,NA_NOT_AVAILABLE_IN_FROZEN_REF_SPECIES,0,50,115725,8,19,2970,7,57920,57805,4,4,2846,2830,4,3,0,4,3,0.0,0.75,1.3333333333333333,1.0,1.0,0.8571428571428571,2,0.8571428571428571,223.60679774997897,3,0.5,180.27756377319946,2,0.6666666666666666,111.80339887498948,CONTINUOUS_METRICS_ONLY_NO_FINAL_RULE,1.0,AVAILABLE_IN_FIADB_NOT_APPLIED; EVALID_LINKAGE_REQUIRED_FOR_FORMAL_ESTIMATION,0,1,1,1.0,1.0,1.0,1.0,1.4000000000000004,2,1.1428571428571428,1,1.0,1.0,2.0,4.0,5.4,6,2.7142857142857144
995,Vernicia fordii,Vernicia fordii,tungoil tree,species,1,NA_NOT_AVAILABLE_IN_FROZEN_REF_SPECIES,0,75,115725,8,19,1441,4,57920,57805,4,4,1411,1397,3,2,1,2,1,0.25,0.6666666666666666,1.5,1.0,1.0,0.5,2,0.75,237.17082451262846,2,0.6666666666666666,167.70509831248424,2,0.5,106.06601717798213,CONTINUOUS_METRICS_ONLY_NO_FINAL_RULE,1.0,AVAILABLE_IN_FIADB_NOT_APPLIED; EVALID_LINKAGE_REQUIRED_FOR_FORMAL_ESTIMATION,0,1,1,1.0,1.0,1.5,2.5,3.4000000000000004,4,2.0,1,1.3,1.75,4.0,7.0,8.8,10,4.75
996,Cotinus obovatus,Cotinus obovatus,smoketree,species,1,NA_NOT_AVAILABLE_IN_FROZEN_REF_SPECIES,0,25,115725,5,7,10051,4,57920,57805,3,2,9235,9171,3,2,1,2,1,0.25,0.6666666666666666,1.5,0.6666666666666666,1.5,0.75,3,0.5,640.8002808988148,3,0.3333333333333333,640.8002808988148,1,1.0,25.0,CONTINUOUS_METRICS_ONLY_NO_FINAL_RULE,1.0,AVAILABLE_IN_FIADB_NOT_APPLIED; EVALID_LINKAGE_REQUIRED_FOR_FORMAL_ESTIMATION,0,1,1,1.0,1.0,1.0,1.25,1.7000000000000002,2,1.25,1,1.3,1.75,2.0,2.0,2.0,2,1.75
996,Cotinus obovatus,Cotinus obovatus,smoketree,species,1,NA_NOT_AVAILABLE_IN_FROZEN_REF_SPECIES,0,50,115725,5,7,2970,2,57920,57805,3,2,2846,2830,2,1,1,1,0,0.5,0.5,2.0,0.6666666666666666,1.5,0.0,2,0.5,632.4555320336759,2,0.5,632.4555320336759,1,1.0,0.0,CONTINUOUS_METRICS_ONLY_NO_FINAL_RULE,1.0,AVAILABLE_IN_FIADB_NOT_APPLIED; EVALID_LINKAGE_REQUIRED_FOR_FORMAL_ESTIMATION,1,1,2,2.1,2.25,2.5,2.75,2.9000000000000004,3,2.5,3,3.1,3.25,3.5,3.75,3.9,4,3.5
996,Cotinus obovatus,Cotinus obovatus,smoketree,species,1,NA_NOT_AVAILABLE_IN_FROZEN_REF_SPECIES,0,75,115725,5,7,1441,2,57920,57805,3,2,1411,1397,2,1,1,1,0,0.5,0.5,2.0,0.6666666666666666,1.5,0.0,2,0.5,640.8002808988148,2,0.5,640.8002808988148,1,1.0,0.0,CONTINUOUS_METRICS_ONLY_NO_FINAL_RULE,1.0,AVAILABLE_IN_FIADB_NOT_APPLIED; EVALID_LINKAGE_REQUIRED_FOR_FORMAL_ESTIMATION,1,1,2,2.1,2.25,2.5,2.75,2.9000000000000004,3,2.5,3,3.1,3.25,3.5,3.75,3.9,4,3.5
997,Elaeagnus angustifolia,Elaeagnus angustifolia,Russian olive,species,1,NA_NOT_AVAILABLE_IN_FROZEN_REF_SPECIES,0,25,115725,15,71,10051,15,57920,57805,7,8,9235,9171,7,8,0,7,8,0.0,0.875,0.875,0.875,0.875,1.0,15,0.06666666666666667,3056.2436094002715,7,0.14285714285714285,1364.0472865703741,8,0.125,2727.7509050497993,CONTINUOUS_METRICS_ONLY_NO_FINAL_RULE,1.0,AVAILABLE_IN_FIADB_NOT_APPLIED; EVALID_LINKAGE_REQUIRED_FOR_FORMAL_ESTIMATION,0,1,1,1.0,1.0,1.0,1.0,1.0,1,1.0,1,1.0,1.0,2.0,7.5,9.6,21,4.733333333333333
997,Elaeagnus angustifolia,Elaeagnus angustifolia,Russian olive,species,1,NA_NOT_AVAILABLE_IN_FROZEN_REF_SPECIES,0,50,115725,15,71,2970,15,57920,57805,7,8,2846,2830,7,8,0,7,8,0.0,0.875,0.875,0.875,0.875,1.0,15,0.06666666666666667,3046.3092423455637,7,0.14285714285714285,1341.640786499874,8,0.125,2751.363298439521,CONTINUOUS_METRICS_ONLY_NO_FINAL_RULE,1.0,AVAILABLE_IN_FIADB_NOT_APPLIED; EVALID_LINKAGE_REQUIRED_FOR_FORMAL_ESTIMATION,0,1,1,1.0,1.0,1.0,1.0,1.0,1,1.0,1,1.0,1.0,2.0,7.5,9.6,21,4.733333333333333
997,Elaeagnus angustifolia,Elaeagnus angustifolia,Russian olive,species,1,NA_NOT_AVAILABLE_IN_FROZEN_REF_SPECIES,0,75,115725,15,71,1441,15,57920,57805,7,8,1411,1397,7,8,0,7,8,0.0,0.875,0.875,0.875,0.875,1.0,13,0.13333333333333333,3023.346655611956,6,0.2857142857142857,1341.640786499874,7,0.25,2704.163456597992,CONTINUOUS_METRICS_ONLY_NO_FINAL_RULE,1.0,AVAILABLE_IN_FIADB_NOT_APPLIED; EVALID_LINKAGE_REQUIRED_FOR_FORMAL_ESTIMATION,0,1,1,1.0,1.0,1.0,1.0,1.0,1,1.0,1,1.0,1.0,2.0,7.5,9.6,21,4.733333333333333
999,Tree unknown,Tree unknown,other or unknown live tree,species,1,NA_NOT_AVAILABLE_IN_FROZEN_REF_SPECIES,0,25,115725,40,127,10051,39,57920,57805,25,15,9235,9171,24,15,0,24,15,0.0,0.625,1.6,0.6,1.6666666666666667,0.9743589743589743,37,0.05128205128205128,1857.5857988259922,23,0.08333333333333333,1835.7559750685818,15,0.06666666666666667,1513.481086766531,CONTINUOUS_METRICS_ONLY_NO_FINAL_RULE,1.0,AVAILABLE_IN_FIADB_NOT_APPLIED; EVALID_LINKAGE_REQUIRED_FOR_FORMAL_ESTIMATION,0,1,1,1.0,1.0,1.0,1.0,1.0,2,1.0256410256410255,1,1.0,1.0,2.0,3.0,9.0,22,3.2564102564102564
999,Tree unknown,Tree unknown,other or unknown live tree,species,1,NA_NOT_AVAILABLE_IN_FROZEN_REF_SPECIES,0,50,115725,40,127,2970,38,57920,57805,25,15,2846,2830,24,15,1,23,14,0.02631578947368421,0.625,1.6,0.6,1.6666666666666667,0.9473684210526315,29,0.07894736842105263,1879.49461292125,21,0.125,1835.7559750685818,15,0.06666666666666667,1504.1608956491323,CONTINUOUS_METRICS_ONLY_NO_FINAL_RULE,1.0,AVAILABLE_IN_FIADB_NOT_APPLIED; EVALID_LINKAGE_REQUIRED_FOR_FORMAL_ESTIMATION,0,1,1,1.0,1.0,1.0,1.0,1.0,2,1.0526315789473684,1,1.0,1.0,2.0,3.0,9.0,22,3.3421052631578947
999,Tree unknown,Tree unknown,other or unknown live tree,species,1,NA_NOT_AVAILABLE_IN_FROZEN_REF_SPECIES,0,75,115725,40,127,1441,35,57920,57805,25,15,1411,1397,23,15,3,20,12,0.08571428571428572,0.6521739130434783,1.5333333333333334,0.6,1.6666666666666667,0.8571428571428571,19,0.2,1879.49461292125,13,0.2608695652173913,1879.49461292125,13,0.13333333333333333,1518.634254848744,CONTINUOUS_METRICS_ONLY_NO_FINAL_RULE,1.0,AVAILABLE_IN_FIADB_NOT_APPLIED; EVALID_LINKAGE_REQUIRED_FOR_FORMAL_ESTIMATION,0,1,1,1.0,1.0,1.0,1.0,2.0,2,1.1428571428571428,1,1.0,1.0,2.0,3.0,9.600000000000001,22,3.6285714285714286
5147,Acer ginnala,Acer ginnala,Amur maple,species,1,NA_NOT_AVAILABLE_IN_FROZEN_REF_SPECIES,0,25,115725,3,6,10051,3,57920,57805,0,3,9235,9171,0,3,0,0,3,0.0,0.0,0.0,0.0,0.0,1.0,3,0.3333333333333333,309.23292192132453,0,,,3,0.3333333333333333,309.23292192132453,CONTINUOUS_METRICS_ONLY_NO_FINAL_RULE,1.0,AVAILABLE_IN_FIADB_NOT_APPLIED; EVALID_LINKAGE_REQUIRED_FOR_FORMAL_ESTIMATION,1,1,1,1.0,1.0,1.0,1.0,1.0,1,1.0,1,1.2000000000000002,1.5,2.0,2.5,2.8000000000000003,3,2.0
5147,Acer ginnala,Acer ginnala,Amur maple,species,1,NA_NOT_AVAILABLE_IN_FROZEN_REF_SPECIES,0,50,115725,3,6,2970,3,57920,57805,0,3,2846,2830,0,3,0,0,3,0.0,0.0,0.0,0.0,0.0,1.0,3,0.3333333333333333,304.138126514911,0,,,3,0.3333333333333333,304.138126514911,CONTINUOUS_METRICS_ONLY_NO_FINAL_RULE,1.0,AVAILABLE_IN_FIADB_NOT_APPLIED; EVALID_LINKAGE_REQUIRED_FOR_FORMAL_ESTIMATION,1,1,1,1.0,1.0,1.0,1.0,1.0,1,1.0,1,1.2000000000000002,1.5,2.0,2.5,2.8000000000000003,3,2.0
5147,Acer ginnala,Acer ginnala,Amur maple,species,1,NA_NOT_AVAILABLE_IN_FROZEN_REF_SPECIES,0,75,115725,3,6,1441,3,57920,57805,0,3,1411,1397,0,3,0,0,3,0.0,0.0,0.0,0.0,0.0,1.0,3,0.3333333333333333,309.23292192132453,0,,,3,0.3333333333333333,309.23292192132453,CONTINUOUS_METRICS_ONLY_NO_FINAL_RULE,1.0,AVAILABLE_IN_FIADB_NOT_APPLIED; EVALID_LINKAGE_REQUIRED_FOR_FORMAL_ESTIMATION,1,1,1,1.0,1.0,1.0,1.0,1.0,1,1.0,1,1.2000000000000002,1.5,2.0,2.5,2.8000000000000003,3,2.0
5151,Acer pseudoplatanus,Acer pseudoplatanus,sycamore maple,species,1,NA_NOT_AVAILABLE_IN_FROZEN_REF_SPECIES,0,25,115725,2,2,10051,2,57920,57805,1,1,9235,9171,1,1,0,1,1,0.0,1.0,1.0,1.0,1.0,1.0,2,0.5,106.06601717798212,1,1.0,0.0,1,1.0,0.0,CONTINUOUS_METRICS_ONLY_NO_FINAL_RULE,1.0,AVAILABLE_IN_FIADB_NOT_APPLIED; EVALID_LINKAGE_REQUIRED_FOR_FORMAL_ESTIMATION,1,1,1,1.0,1.0,1.0,1.0,1.0,1,1.0,1,1.0,1.0,1.0,1.0,1.0,1,1.0
5151,Acer pseudoplatanus,Acer pseudoplatanus,sycamore maple,species,1,NA_NOT_AVAILABLE_IN_FROZEN_REF_SPECIES,0,50,115725,2,2,2970,2,57920,57805,1,1,2846,2830,1,1,0,1,1,0.0,1.0,1.0,1.0,1.0,1.0,2,0.5,70.71067811865476,1,1.0,0.0,1,1.0,0.0,CONTINUOUS_METRICS_ONLY_NO_FINAL_RULE,1.0,AVAILABLE_IN_FIADB_NOT_APPLIED; EVALID_LINKAGE_REQUIRED_FOR_FORMAL_ESTIMATION,1,1,1,1.0,1.0,1.0,1.0,1.0,1,1.0,1,1.0,1.0,1.0,1.0,1.0,1,1.0
5151,Acer pseudoplatanus,Acer pseudoplatanus,sycamore maple,species,1,NA_NOT_AVAILABLE_IN_FROZEN_REF_SPECIES,0,75,115725,2,2,1441,2,57920,57805,1,1,1411,1397,1,1,0,1,1,0.0,1.0,1.0,1.0,1.0,1.0,2,0.5,106.06601717798213,1,1.0,0.0,1,1.0,0.0,CONTINUOUS_METRICS_ONLY_NO_FINAL_RULE,1.0,AVAILABLE_IN_FIADB_NOT_APPLIED; EVALID_LINKAGE_REQUIRED_FOR_FORMAL_ESTIMATION,1,1,1,1.0,1.0,1.0,1.0,1.0,1,1.0,1,1.0,1.0,1.0,1.0,1.0,1,1.0
5203,Amelanchier laevis,Amelanchier laevis,Allegheny serviceberry,species,1,NA_NOT_AVAILABLE_IN_FROZEN_REF_SPECIES,0,25,115725,1,1,10051,1,57920,57805,0,1,9235,9171,0,1,0,0,1,0.0,0.0,0.0,0.0,0.0,1.0,1,1.0,0.0,0,,,1,1.0,0.0,CONTINUOUS_METRICS_ONLY_NO_FINAL_RULE,1.0,AVAILABLE_IN_FIADB_NOT_APPLIED; EVALID_LINKAGE_REQUIRED_FOR_FORMAL_ESTIMATION,1,1,1,1.0,1.0,1.0,1.0,1.0,1,1.0,1,1.0,1.0,1.0,1.0,1.0,1,1.0
5203,Amelanchier laevis,Amelanchier laevis,Allegheny serviceberry,species,1,NA_NOT_AVAILABLE_IN_FROZEN_REF_SPECIES,0,50,115725,1,1,2970,1,57920,57805,0,1,2846,2830,0,1,0,0,1,0.0,0.0,0.0,0.0,0.0,1.0,1,1.0,0.0,0,,,1,1.0,0.0,CONTINUOUS_METRICS_ONLY_NO_FINAL_RULE,1.0,AVAILABLE_IN_FIADB_NOT_APPLIED; EVALID_LINKAGE_REQUIRED_FOR_FORMAL_ESTIMATION,1,1,1,1.0,1.0,1.0,1.0,1.0,1,1.0,1,1.0,1.0,1.0,1.0,1.0,1,1.0
5203,Amelanchier laevis,Amelanchier laevis,Allegheny serviceberry,species,1,NA_NOT_AVAILABLE_IN_FROZEN_REF_SPECIES,0,75,115725,1,1,1441,1,57920,57805,0,1,1411,1397,0,1,0,0,1,0.0,0.0,0.0,0.0,0.0,1.0,1,1.0,0.0,0,,,1,1.0,0.0,CONTINUOUS_METRICS_ONLY_NO_FINAL_RULE,1.0,AVAILABLE_IN_FIADB_NOT_APPLIED; EVALID_LINKAGE_REQUIRED_FOR_FORMAL_ESTIMATION,1,1,1,1.0,1.0,1.0,1.0,1.0,1,1.0,1,1.0,1.0,1.0,1.0,1.0,1,1.0
5491,Fraxinus berlandieriana,Fraxinus berlandieriana,Berlandier ash,species,1,NA_NOT_AVAILABLE_IN_FROZEN_REF_SPECIES,0,25,115725,1,3,10051,1,57920,57805,1,0,9235,9171,1,0,0,1,0,0.0,0.0,,0.0,,1.0,1,1.0,0.0,1,1.0,0.0,0,,,CONTINUOUS_METRICS_ONLY_NO_FINAL_RULE,1.0,AVAILABLE_IN_FIADB_NOT_APPLIED; EVALID_LINKAGE_REQUIRED_FOR_FORMAL_ESTIMATION,1,1,1,1.0,1.0,1.0,1.0,1.0,1,1.0,3,3.0,3.0,3.0,3.0,3.0,3,3.0
5491,Fraxinus berlandieriana,Fraxinus berlandieriana,Berlandier ash,species,1,NA_NOT_AVAILABLE_IN_FROZEN_REF_SPECIES,0,50,115725,1,3,2970,1,57920,57805,1,0,2846,2830,1,0,0,1,0,0.0,0.0,,0.0,,1.0,1,1.0,0.0,1,1.0,0.0,0,,,CONTINUOUS_METRICS_ONLY_NO_FINAL_RULE,1.0,AVAILABLE_IN_FIADB_NOT_APPLIED; EVALID_LINKAGE_REQUIRED_FOR_FORMAL_ESTIMATION,1,1,1,1.0,1.0,1.0,1.0,1.0,1,1.0,3,3.0,3.0,3.0,3.0,3.0,3,3.0
5491,Fraxinus berlandieriana,Fraxinus berlandieriana,Berlandier ash,species,1,NA_NOT_AVAILABLE_IN_FROZEN_REF_SPECIES,0,75,115725,1,3,1441,1,57920,57805,1,0,1411,1397,1,0,0,1,0,0.0,0.0,,0.0,,1.0,1,1.0,0.0,1,1.0,0.0,0,,,CONTINUOUS_METRICS_ONLY_NO_FINAL_RULE,1.0,AVAILABLE_IN_FIADB_NOT_APPLIED; EVALID_LINKAGE_REQUIRED_FOR_FORMAL_ESTIMATION,1,1,1,1.0,1.0,1.0,1.0,1.0,1,1.0,3,3.0,3.0,3.0,3.0,3.0,3,3.0
6262,Broussonetia papyrifera,Broussonetia papyrifera,paper mulberry,species,1,NA_NOT_AVAILABLE_IN_FROZEN_REF_SPECIES,0,25,115725,2,28,10051,2,57920,57805,2,0,9235,9171,2,0,0,2,0,0.0,0.0,,0.0,,1.0,2,0.5,605.1859218455103,2,0.5,605.1859218455103,0,,,CONTINUOUS_METRICS_ONLY_NO_FINAL_RULE,1.0,AVAILABLE_IN_FIADB_NOT_APPLIED; EVALID_LINKAGE_REQUIRED_FOR_FORMAL_ESTIMATION,1,1,1,1.0,1.0,1.0,1.0,1.0,1,1.0,7,8.4,10.5,14.0,17.5,19.6,21,14.0
6262,Broussonetia papyrifera,Broussonetia papyrifera,paper mulberry,species,1,NA_NOT_AVAILABLE_IN_FROZEN_REF_SPECIES,0,50,115725,2,28,2970,2,57920,57805,2,0,2846,2830,2,0,0,2,0,0.0,0.0,,0.0,,1.0,2,0.5,610.3277807866851,2,0.5,610.3277807866851,0,,,CONTINUOUS_METRICS_ONLY_NO_FINAL_RULE,1.0,AVAILABLE_IN_FIADB_NOT_APPLIED; EVALID_LINKAGE_REQUIRED_FOR_FORMAL_ESTIMATION,1,1,1,1.0,1.0,1.0,1.0,1.0,1,1.0,7,8.4,10.5,14.0,17.5,19.6,21,14.0
6262,Broussonetia papyrifera,Broussonetia papyrifera,paper mulberry,species,1,NA_NOT_AVAILABLE_IN_FROZEN_REF_SPECIES,0,75,115725,2,28,1441,2,57920,57805,2,0,1411,1397,2,0,0,2,0,0.0,0.0,,0.0,,1.0,2,0.5,645.174395028197,2,0.5,645.174395028197,0,,,CONTINUOUS_METRICS_ONLY_NO_FINAL_RULE,1.0,AVAILABLE_IN_FIADB_NOT_APPLIED; EVALID_LINKAGE_REQUIRED_FOR_FORMAL_ESTIMATION,1,1,1,1.0,1.0,1.0,1.0,1.0,1,1.0,7,8.4,10.5,14.0,17.5,19.6,21,14.0
6511,Persea palustris,Persea palustris,swamp bay,species,1,NA_NOT_AVAILABLE_IN_FROZEN_REF_SPECIES,0,25,115725,35,147,10051,21,57920,57805,19,16,9235,9171,14,11,4,10,7,0.19047619047619047,0.7857142857142857,1.2727272727272727,0.8421052631578947,1.1875,0.6190476190476191,13,0.3333333333333333,1736.5554986812256,8,0.5,1711.906831576999,8,0.2727272727272727,930.3897032964197,CONTINUOUS_METRICS_ONLY_NO_FINAL_RULE,1.0,AVAILABLE_IN_FIADB_NOT_APPLIED; EVALID_LINKAGE_REQUIRED_FOR_FORMAL_ESTIMATION,0,1,1,1.0,1.0,1.0,2.0,2.0,6,1.6666666666666667,1,1.0,1.0,2.0,5.0,14.0,45,7.0
6511,Persea palustris,Persea palustris,swamp bay,species,1,NA_NOT_AVAILABLE_IN_FROZEN_REF_SPECIES,0,50,115725,35,147,2970,16,57920,57805,19,16,2846,2830,11,10,5,6,5,0.3125,0.9090909090909091,1.1,0.8421052631578947,1.1875,0.5,5,0.6875,1724.0939649566667,6,0.45454545454545453,1700.0,4,0.7,917.8779875342909,CONTINUOUS_METRICS_ONLY_NO_FINAL_RULE,1.0,AVAILABLE_IN_FIADB_NOT_APPLIED; EVALID_LINKAGE_REQUIRED_FOR_FORMAL_ESTIMATION,0,1,1,1.0,1.0,1.5,2.0,4.5,8,2.1875,1,1.0,2.0,2.5,6.0,25.5,59,9.1875
6511,Persea palustris,Persea palustris,swamp bay,species,1,NA_NOT_AVAILABLE_IN_FROZEN_REF_SPECIES,0,75,115725,35,147,1441,13,57920,57805,19,16,1411,1397,10,8,5,5,3,0.38461538461538464,0.8,1.25,0.8421052631578947,1.1875,0.46153846153846156,3,0.8461538461538461,1749.2855684535903,3,0.8,1711.906831576999,2,0.875,939.747306460625,CONTINUOUS_METRICS_ONLY_NO_FINAL_RULE,1.0,AVAILABLE_IN_FIADB_NOT_APPLIED; EVALID_LINKAGE_REQUIRED_FOR_FORMAL_ESTIMATION,0,1,1,1.0,1.0,2.0,3.0,5.400000000000002,10,2.6923076923076925,1,1.2000000000000002,2.0,3.0,5.0,39.40000000000002,63,11.307692307692308
6516,Phellodendron amurense,Phellodendron amurense,Amur corktree,species,1,NA_NOT_AVAILABLE_IN_FROZEN_REF_SPECIES,0,25,115725,1,3,10051,1,57920,57805,1,0,9235,9171,1,0,0,1,0,0.0,0.0,,0.0,,1.0,1,1.0,0.0,1,1.0,0.0,0,,,CONTINUOUS_METRICS_ONLY_NO_FINAL_RULE,1.0,AVAILABLE_IN_FIADB_NOT_APPLIED; EVALID_LINKAGE_REQUIRED_FOR_FORMAL_ESTIMATION,1,1,1,1.0,1.0,1.0,1.0,1.0,1,1.0,3,3.0,3.0,3.0,3.0,3.0,3,3.0
6516,Phellodendron amurense,Phellodendron amurense,Amur corktree,species,1,NA_NOT_AVAILABLE_IN_FROZEN_REF_SPECIES,0,50,115725,1,3,2970,1,57920,57805,1,0,2846,2830,1,0,0,1,0,0.0,0.0,,0.0,,1.0,1,1.0,0.0,1,1.0,0.0,0,,,CONTINUOUS_METRICS_ONLY_NO_FINAL_RULE,1.0,AVAILABLE_IN_FIADB_NOT_APPLIED; EVALID_LINKAGE_REQUIRED_FOR_FORMAL_ESTIMATION,1,1,1,1.0,1.0,1.0,1.0,1.0,1,1.0,3,3.0,3.0,3.0,3.0,3.0,3,3.0
6516,Phellodendron amurense,Phellodendron amurense,Amur corktree,species,1,NA_NOT_AVAILABLE_IN_FROZEN_REF_SPECIES,0,75,115725,1,3,1441,1,57920,57805,1,0,1411,1397,1,0,0,1,0,0.0,0.0,,0.0,,1.0,1,1.0,0.0,1,1.0,0.0,0,,,CONTINUOUS_METRICS_ONLY_NO_FINAL_RULE,1.0,AVAILABLE_IN_FIADB_NOT_APPLIED; EVALID_LINKAGE_REQUIRED_FOR_FORMAL_ESTIMATION,1,1,1,1.0,1.0,1.0,1.0,1.0,1,1.0,3,3.0,3.0,3.0,3.0,3.0,3,3.0
6696,Prunus laurocerasus,Prunus laurocerasus,cherry laurel,species,1,NA_NOT_AVAILABLE_IN_FROZEN_REF_SPECIES,0,25,115725,5,5,10051,5,57920,57805,3,2,9235,9171,3,2,0,3,2,0.0,0.6666666666666666,1.5,0.6666666666666666,1.5,1.0,5,0.2,1093.4463864314519,3,0.3333333333333333,1051.189802081432,2,0.5,1019.8039027185569,CONTINUOUS_METRICS_ONLY_NO_FINAL_RULE,1.0,AVAILABLE_IN_FIADB_NOT_APPLIED; EVALID_LINKAGE_REQUIRED_FOR_FORMAL_ESTIMATION,0,1,1,1.0,1.0,1.0,1.0,1.0,1,1.0,1,1.0,1.0,1.0,1.0,1.0,1,1.0
6696,Prunus laurocerasus,Prunus laurocerasus,cherry laurel,species,1,NA_NOT_AVAILABLE_IN_FROZEN_REF_SPECIES,0,50,115725,5,5,2970,5,57920,57805,3,2,2846,2830,3,2,0,3,2,0.0,0.6666666666666666,1.5,0.6666666666666666,1.5,1.0,4,0.4,1068.8779163215975,3,0.3333333333333333,1051.189802081432,2,0.5,1019.8039027185569,CONTINUOUS_METRICS_ONLY_NO_FINAL_RULE,1.0,AVAILABLE_IN_FIADB_NOT_APPLIED; EVALID_LINKAGE_REQUIRED_FOR_FORMAL_ESTIMATION,0,1,1,1.0,1.0,1.0,1.0,1.0,1,1.0,1,1.0,1.0,1.0,1.0,1.0,1,1.0
6696,Prunus laurocerasus,Prunus laurocerasus,cherry laurel,species,1,NA_NOT_AVAILABLE_IN_FROZEN_REF_SPECIES,0,75,115725,5,5,1441,5,57920,57805,3,2,1411,1397,3,2,0,3,2,0.0,0.6666666666666666,1.5,0.6666666666666666,1.5,1.0,5,0.2,1147.2793905583767,3,0.3333333333333333,1050.0,2,0.5,1073.8365797457266,CONTINUOUS_METRICS_ONLY_NO_FINAL_RULE,1.0,AVAILABLE_IN_FIADB_NOT_APPLIED; EVALID_LINKAGE_REQUIRED_FOR_FORMAL_ESTIMATION,0,1,1,1.0,1.0,1.0,1.0,1.0,1,1.0,1,1.0,1.0,1.0,1.0,1.0,1,1.0
6707,Prunus serrulata,Prunus serrulata,Japanese flowering cherry,species,1,NA_NOT_AVAILABLE_IN_FROZEN_REF_SPECIES,0,25,115725,1,1,10051,1,57920,57805,1,0,9235,9171,1,0,0,1,0,0.0,0.0,,0.0,,1.0,1,1.0,0.0,1,1.0,0.0,0,,,CONTINUOUS_METRICS_ONLY_NO_FINAL_RULE,1.0,AVAILABLE_IN_FIADB_NOT_APPLIED; EVALID_LINKAGE_REQUIRED_FOR_FORMAL_ESTIMATION,1,1,1,1.0,1.0,1.0,1.0,1.0,1,1.0,1,1.0,1.0,1.0,1.0,1.0,1,1.0
6707,Prunus serrulata,Prunus serrulata,Japanese flowering cherry,species,1,NA_NOT_AVAILABLE_IN_FROZEN_REF_SPECIES,0,50,115725,1,1,2970,1,57920,57805,1,0,2846,2830,1,0,0,1,0,0.0,0.0,,0.0,,1.0,1,1.0,0.0,1,1.0,0.0,0,,,CONTINUOUS_METRICS_ONLY_NO_FINAL_RULE,1.0,AVAILABLE_IN_FIADB_NOT_APPLIED; EVALID_LINKAGE_REQUIRED_FOR_FORMAL_ESTIMATION,1,1,1,1.0,1.0,1.0,1.0,1.0,1,1.0,1,1.0,1.0,1.0,1.0,1.0,1,1.0
6707,Prunus serrulata,Prunus serrulata,Japanese flowering cherry,species,1,NA_NOT_AVAILABLE_IN_FROZEN_REF_SPECIES,0,75,115725,1,1,1441,1,57920,57805,1,0,1411,1397,1,0,0,1,0,0.0,0.0,,0.0,,1.0,1,1.0,0.0,1,1.0,0.0,0,,,CONTINUOUS_METRICS_ONLY_NO_FINAL_RULE,1.0,AVAILABLE_IN_FIADB_NOT_APPLIED; EVALID_LINKAGE_REQUIRED_FOR_FORMAL_ESTIMATION,1,1,1,1.0,1.0,1.0,1.0,1.0,1,1.0,1,1.0,1.0,1.0,1.0,1.0,1,1.0
6708,Prunus mexicana,Prunus mexicana,Mexican plum,species,1,NA_NOT_AVAILABLE_IN_FROZEN_REF_SPECIES,0,25,115725,12,13,10051,11,57920,57805,8,4,9235,9171,8,4,1,7,3,0.09090909090909091,0.5,2.0,0.5,2.0,0.9090909090909091,11,0.09090909090909091,849.2643875731515,8,0.125,715.0174823037546,4,0.25,728.8689868556626,CONTINUOUS_METRICS_ONLY_NO_FINAL_RULE,1.0,AVAILABLE_IN_FIADB_NOT_APPLIED; EVALID_LINKAGE_REQUIRED_FOR_FORMAL_ESTIMATION,0,1,1,1.0,1.0,1.0,1.0,1.0,2,1.0909090909090908,1,1.0,1.0,1.0,1.0,2.0,2,1.1818181818181819
6708,Prunus mexicana,Prunus mexicana,Mexican plum,species,1,NA_NOT_AVAILABLE_IN_FROZEN_REF_SPECIES,0,50,115725,12,13,2970,11,57920,57805,8,4,2846,2830,8,4,1,7,3,0.09090909090909091,0.5,2.0,0.5,2.0,0.9090909090909091,7,0.36363636363636365,848.528137423857,5,0.5,721.1102550927978,4,0.25,721.1102550927978,CONTINUOUS_METRICS_ONLY_NO_FINAL_RULE,1.0,AVAILABLE_IN_FIADB_NOT_APPLIED; EVALID_LINKAGE_REQUIRED_FOR_FORMAL_ESTIMATION,0,1,1,1.0,1.0,1.0,1.0,1.0,2,1.0909090909090908,1,1.0,1.0,1.0,1.0,2.0,2,1.1818181818181819
6708,Prunus mexicana,Prunus mexicana,Mexican plum,species,1,NA_NOT_AVAILABLE_IN_FROZEN_REF_SPECIES,0,75,115725,12,13,1441,10,57920,57805,8,4,1411,1397,8,4,2,6,2,0.2,0.5,2.0,0.5,2.0,0.8,7,0.4,903.1195934094222,5,0.5,707.5485849042452,4,0.25,772.172260574025,CONTINUOUS_METRICS_ONLY_NO_FINAL_RULE,1.0,AVAILABLE_IN_FIADB_NOT_APPLIED; EVALID_LINKAGE_REQUIRED_FOR_FORMAL_ESTIMATION,0,1,1,1.0,1.0,1.0,1.0,2.0,2,1.2,1,1.0,1.0,1.0,1.75,2.0,2,1.3
6768,Quercus arkansana,Quercus arkansana,Arkansas oak,species,1,NA_NOT_AVAILABLE_IN_FROZEN_REF_SPECIES,0,25,115725,1,1,10051,1,57920,57805,1,0,9235,9171,1,0,0,1,0,0.0,0.0,,0.0,,1.0,1,1.0,0.0,1,1.0,0.0,0,,,CONTINUOUS_METRICS_ONLY_NO_FINAL_RULE,1.0,AVAILABLE_IN_FIADB_NOT_APPLIED; EVALID_LINKAGE_REQUIRED_FOR_FORMAL_ESTIMATION,1,1,1,1.0,1.0,1.0,1.0,1.0,1,1.0,1,1.0,1.0,1.0,1.0,1.0,1,1.0
6768,Quercus arkansana,Quercus arkansana,Arkansas oak,species,1,NA_NOT_AVAILABLE_IN_FROZEN_REF_SPECIES,0,50,115725,1,1,2970,1,57920,57805,1,0,2846,2830,1,0,0,1,0,0.0,0.0,,0.0,,1.0,1,1.0,0.0,1,1.0,0.0,0,,,CONTINUOUS_METRICS_ONLY_NO_FINAL_RULE,1.0,AVAILABLE_IN_FIADB_NOT_APPLIED; EVALID_LINKAGE_REQUIRED_FOR_FORMAL_ESTIMATION,1,1,1,1.0,1.0,1.0,1.0,1.0,1,1.0,1,1.0,1.0,1.0,1.0,1.0,1,1.0
6768,Quercus arkansana,Quercus arkansana,Arkansas oak,species,1,NA_NOT_AVAILABLE_IN_FROZEN_REF_SPECIES,0,75,115725,1,1,1441,1,57920,57805,1,0,1411,1397,1,0,0,1,0,0.0,0.0,,0.0,,1.0,1,1.0,0.0,1,1.0,0.0,0,,,CONTINUOUS_METRICS_ONLY_NO_FINAL_RULE,1.0,AVAILABLE_IN_FIADB_NOT_APPLIED; EVALID_LINKAGE_REQUIRED_FOR_FORMAL_ESTIMATION,1,1,1,1.0,1.0,1.0,1.0,1.0,1,1.0,1,1.0,1.0,1.0,1.0,1.0,1,1.0
6782,Quercus georgiana,Quercus georgiana,Georgia oak,species,1,NA_NOT_AVAILABLE_IN_FROZEN_REF_SPECIES,0,25,115725,2,3,10051,2,57920,57805,1,1,9235,9171,1,1,0,1,1,0.0,1.0,1.0,1.0,1.0,1.0,2,0.5,79.05694150420949,1,1.0,0.0,1,1.0,0.0,CONTINUOUS_METRICS_ONLY_NO_FINAL_RULE,1.0,AVAILABLE_IN_FIADB_NOT_APPLIED; EVALID_LINKAGE_REQUIRED_FOR_FORMAL_ESTIMATION,1,1,1,1.0,1.0,1.0,1.0,1.0,1,1.0,1,1.1,1.25,1.5,1.75,1.9,2,1.5
6782,Quercus georgiana,Quercus georgiana,Georgia oak,species,1,NA_NOT_AVAILABLE_IN_FROZEN_REF_SPECIES,0,50,115725,2,3,2970,2,57920,57805,1,1,2846,2830,1,1,0,1,1,0.0,1.0,1.0,1.0,1.0,1.0,2,0.5,70.71067811865476,1,1.0,0.0,1,1.0,0.0,CONTINUOUS_METRICS_ONLY_NO_FINAL_RULE,1.0,AVAILABLE_IN_FIADB_NOT_APPLIED; EVALID_LINKAGE_REQUIRED_FOR_FORMAL_ESTIMATION,1,1,1,1.0,1.0,1.0,1.0,1.0,1,1.0,1,1.1,1.25,1.5,1.75,1.9,2,1.5
6782,Quercus georgiana,Quercus georgiana,Georgia oak,species,1,NA_NOT_AVAILABLE_IN_FROZEN_REF_SPECIES,0,75,115725,2,3,1441,2,57920,57805,1,1,1411,1397,1,1,0,1,1,0.0,1.0,1.0,1.0,1.0,1.0,1,1.0,75.0,1,1.0,0.0,1,1.0,0.0,CONTINUOUS_METRICS_ONLY_NO_FINAL_RULE,1.0,AVAILABLE_IN_FIADB_NOT_APPLIED; EVALID_LINKAGE_REQUIRED_FOR_FORMAL_ESTIMATION,1,1,1,1.0,1.0,1.0,1.0,1.0,1,1.0,1,1.1,1.25,1.5,1.75,1.9,2,1.5
6791,Quercus myrtifolia,Quercus myrtifolia,myrtle oak,species,1,NA_NOT_AVAILABLE_IN_FROZEN_REF_SPECIES,0,25,115725,11,22,10051,10,57920,57805,6,5,9235,9171,6,5,1,5,4,0.1,0.8333333333333334,1.2,0.8333333333333334,1.2,0.9,9,0.2,395.2847075210474,6,0.16666666666666666,395.2847075210474,5,0.2,270.4163456597992,CONTINUOUS_METRICS_ONLY_NO_FINAL_RULE,1.0,AVAILABLE_IN_FIADB_NOT_APPLIED; EVALID_LINKAGE_REQUIRED_FOR_FORMAL_ESTIMATION,0,1,1,1.0,1.0,1.0,1.0,1.0999999999999996,2,1.1,1,1.0,1.25,2.0,2.75,4.0,4,2.2
6791,Quercus myrtifolia,Quercus myrtifolia,myrtle oak,species,1,NA_NOT_AVAILABLE_IN_FROZEN_REF_SPECIES,0,50,115725,11,22,2970,9,57920,57805,6,5,2846,2830,6,5,2,4,3,0.2222222222222222,0.8333333333333334,1.2,0.8333333333333334,1.2,0.7777777777777778,4,0.6666666666666666,403.11288741492746,5,0.3333333333333333,403.11288741492746,3,0.6,250.0,CONTINUOUS_METRICS_ONLY_NO_FINAL_RULE,1.0,AVAILABLE_IN_FIADB_NOT_APPLIED; EVALID_LINKAGE_REQUIRED_FOR_FORMAL_ESTIMATION,0,1,1,1.0,1.0,1.0,1.0,2.0,2,1.2222222222222223,1,1.0,1.0,2.0,4.0,4.0,4,2.4444444444444446
6791,Quercus myrtifolia,Quercus myrtifolia,myrtle oak,species,1,NA_NOT_AVAILABLE_IN_FROZEN_REF_SPECIES,0,75,115725,11,22,1441,8,57920,57805,6,5,1411,1397,6,4,2,4,2,0.25,0.6666666666666666,1.5,0.8333333333333334,1.2,0.75,3,0.75,437.32139211339756,5,0.3333333333333333,437.32139211339756,2,0.75,270.41634565979916,CONTINUOUS_METRICS_ONLY_NO_FINAL_RULE,1.0,AVAILABLE_IN_FIADB_NOT_APPLIED; EVALID_LINKAGE_REQUIRED_FOR_FORMAL_ESTIMATION,0,1,1,1.0,1.0,1.0,1.25,2.3,3,1.375,1,1.0,1.0,2.5,4.0,4.6,6,2.75
6799,Quercus sinuata,Quercus sinuata,bastard oak,species,1,NA_NOT_AVAILABLE_IN_FROZEN_REF_SPECIES,0,25,115725,13,44,10051,9,57920,57805,3,10,9235,9171,3,7,1,2,6,0.1111111111111111,0.42857142857142855,0.42857142857142855,0.3,0.3,0.6666666666666666,7,0.3333333333333333,265.75364531836624,3,0.3333333333333333,103.07764064044152,5,0.42857142857142855,247.48737341529164,CONTINUOUS_METRICS_ONLY_NO_FINAL_RULE,1.0,AVAILABLE_IN_FIADB_NOT_APPLIED; EVALID_LINKAGE_REQUIRED_FOR_FORMAL_ESTIMATION,0,1,1,1.0,1.0,1.0,2.0,2.2,3,1.4444444444444444,1,1.0,2.0,2.0,5.0,9.000000000000004,21,4.888888888888889
6799,Quercus sinuata,Quercus sinuata,bastard oak,species,1,NA_NOT_AVAILABLE_IN_FROZEN_REF_SPECIES,0,50,115725,13,44,2970,7,57920,57805,3,10,2846,2830,3,6,2,1,4,0.2857142857142857,0.5,0.5,0.3,0.3,0.5714285714285714,4,0.42857142857142855,282.842712474619,2,0.6666666666666666,111.80339887498948,4,0.5,282.842712474619,CONTINUOUS_METRICS_ONLY_NO_FINAL_RULE,1.0,AVAILABLE_IN_FIADB_NOT_APPLIED; EVALID_LINKAGE_REQUIRED_FOR_FORMAL_ESTIMATION,0,1,1,1.0,1.0,1.0,2.0,3.200000000000001,5,1.8571428571428572,1,1.6,2.0,3.0,5.5,13.600000000000007,25,6.285714285714286
6799,Quercus sinuata,Quercus sinuata,bastard oak,species,1,NA_NOT_AVAILABLE_IN_FROZEN_REF_SPECIES,0,75,115725,13,44,1441,6,57920,57805,3,10,1411,1397,2,5,1,1,4,0.16666666666666666,0.4,0.4,0.3,0.3,0.6666666666666666,1,1.0,270.41634565979916,1,1.0,75.0,2,0.6,270.41634565979916,CONTINUOUS_METRICS_ONLY_NO_FINAL_RULE,1.0,AVAILABLE_IN_FIADB_NOT_APPLIED; EVALID_LINKAGE_REQUIRED_FOR_FORMAL_ESTIMATION,0,1,1,1.0,1.0,1.0,2.5,4.5,6,2.1666666666666665,1,1.5,2.75,5.5,6.0,15.0,24,7.333333333333333
6918,Rhamnus cathartica,Rhamnus cathartica,common buckthorn,species,1,NA_NOT_AVAILABLE_IN_FROZEN_REF_SPECIES,0,25,115725,118,250,10051,102,57920,57805,55,63,9235,9171,52,59,9,43,50,0.08823529411764706,0.8813559322033898,0.8813559322033898,0.873015873015873,0.873015873015873,0.8725490196078431,63,0.06862745098039216,2381.8322778902802,44,0.07692307692307693,2136.0009363293825,45,0.0847457627118644,2253.4695471649934,CONTINUOUS_METRICS_ONLY_NO_FINAL_RULE,1.0,AVAILABLE_IN_FIADB_NOT_APPLIED; EVALID_LINKAGE_REQUIRED_FOR_FORMAL_ESTIMATION,0,1,1,1.0,1.0,1.0,1.0,2.0,3,1.1568627450980393,1,1.0,1.0,2.0,3.0,4.0,13,2.450980392156863
6918,Rhamnus cathartica,Rhamnus cathartica,common buckthorn,species,1,NA_NOT_AVAILABLE_IN_FROZEN_REF_SPECIES,0,50,115725,118,250,2970,77,57920,57805,55,63,2846,2830,46,49,18,28,31,0.23376623376623376,0.9387755102040817,0.9387755102040817,0.873015873015873,0.873015873015873,0.7012987012987013,24,0.2727272727272727,2358.495283014151,25,0.2391304347826087,2136.0009363293825,22,0.16326530612244897,2246.10774452162,CONTINUOUS_METRICS_ONLY_NO_FINAL_RULE,1.0,AVAILABLE_IN_FIADB_NOT_APPLIED; EVALID_LINKAGE_REQUIRED_FOR_FORMAL_ESTIMATION,0,1,1,1.0,1.0,1.0,2.0,3.0,8,1.5324675324675325,1,1.0,1.0,2.0,4.0,7.0,16,3.2467532467532467
6918,Rhamnus cathartica,Rhamnus cathartica,common buckthorn,species,1,NA_NOT_AVAILABLE_IN_FROZEN_REF_SPECIES,0,75,115725,118,250,1441,56,57920,57805,55,63,1411,1397,41,34,19,22,15,0.3392857142857143,0.8292682926829268,1.2058823529411764,0.873015873015873,0.873015873015873,0.5714285714285714,14,0.30357142857142855,2396.4817963005685,14,0.2682926829268293,2159.4270073331954,15,0.29411764705882354,2277.3339676033465,CONTINUOUS_METRICS_ONLY_NO_FINAL_RULE,1.0,AVAILABLE_IN_FIADB_NOT_APPLIED; EVALID_LINKAGE_REQUIRED_FOR_FORMAL_ESTIMATION,0,1,1,1.0,1.0,1.0,3.0,4.0,8,2.107142857142857,1,1.0,1.0,2.0,5.0,13.0,24,4.464285714285714
6955,Salix fragilis,Salix fragilis,crack willow,species,1,NA_NOT_AVAILABLE_IN_FROZEN_REF_SPECIES,0,25,115725,6,9,10051,6,57920,57805,4,2,9235,9171,4,2,0,4,2,0.0,0.5,2.0,0.5,2.0,1.0,6,0.16666666666666666,1863.6322062037884,4,0.25,1311.7259622344905,2,0.5,1779.3959649274245,CONTINUOUS_METRICS_ONLY_NO_FINAL_RULE,1.0,AVAILABLE_IN_FIADB_NOT_APPLIED; EVALID_LINKAGE_REQUIRED_FOR_FORMAL_ESTIMATION,0,1,1,1.0,1.0,1.0,1.0,1.0,1,1.0,1,1.0,1.0,1.5,2.0,2.0,2,1.5
6955,Salix fragilis,Salix fragilis,crack willow,species,1,NA_NOT_AVAILABLE_IN_FROZEN_REF_SPECIES,0,50,115725,6,9,2970,6,57920,57805,4,2,2846,2830,4,2,0,4,2,0.0,0.5,2.0,0.5,2.0,1.0,4,0.5,1860.7794065928395,3,0.5,1308.62523283024,2,0.5,1802.7756377319947,CONTINUOUS_METRICS_ONLY_NO_FINAL_RULE,1.0,AVAILABLE_IN_FIADB_NOT_APPLIED; EVALID_LINKAGE_REQUIRED_FOR_FORMAL_ESTIMATION,0,1,1,1.0,1.0,1.0,1.0,1.0,1,1.0,1,1.0,1.0,1.5,2.0,2.0,2,1.5
6955,Salix fragilis,Salix fragilis,crack willow,species,1,NA_NOT_AVAILABLE_IN_FROZEN_REF_SPECIES,0,75,115725,6,9,1441,6,57920,57805,4,2,1411,1397,4,2,0,4,2,0.0,0.5,2.0,0.5,2.0,1.0,4,0.5,1814.0079933671736,3,0.5,1283.7932076467769,2,0.5,1731.5094570922793,CONTINUOUS_METRICS_ONLY_NO_FINAL_RULE,1.0,AVAILABLE_IN_FIADB_NOT_APPLIED; EVALID_LINKAGE_REQUIRED_FOR_FORMAL_ESTIMATION,0,1,1,1.0,1.0,1.0,1.0,1.0,1,1.0,1,1.0,1.0,1.5,2.0,2.0,2,1.5
7151,Ficus carica,Ficus carica,edible fig,species,1,NA_NOT_AVAILABLE_IN_FROZEN_REF_SPECIES,0,25,115725,1,7,10051,1,57920,57805,0,1,9235,9171,0,1,0,0,1,0.0,0.0,0.0,0.0,0.0,1.0,1,1.0,0.0,0,,,1,1.0,0.0,CONTINUOUS_METRICS_ONLY_NO_FINAL_RULE,1.0,AVAILABLE_IN_FIADB_NOT_APPLIED; EVALID_LINKAGE_REQUIRED_FOR_FORMAL_ESTIMATION,1,1,1,1.0,1.0,1.0,1.0,1.0,1,1.0,7,7.0,7.0,7.0,7.0,7.0,7,7.0
7151,Ficus carica,Ficus carica,edible fig,species,1,NA_NOT_AVAILABLE_IN_FROZEN_REF_SPECIES,0,50,115725,1,7,2970,1,57920,57805,0,1,2846,2830,0,1,0,0,1,0.0,0.0,0.0,0.0,0.0,1.0,1,1.0,0.0,0,,,1,1.0,0.0,CONTINUOUS_METRICS_ONLY_NO_FINAL_RULE,1.0,AVAILABLE_IN_FIADB_NOT_APPLIED; EVALID_LINKAGE_REQUIRED_FOR_FORMAL_ESTIMATION,1,1,1,1.0,1.0,1.0,1.0,1.0,1,1.0,7,7.0,7.0,7.0,7.0,7.0,7,7.0
7151,Ficus carica,Ficus carica,edible fig,species,1,NA_NOT_AVAILABLE_IN_FROZEN_REF_SPECIES,0,75,115725,1,7,1441,1,57920,57805,0,1,1411,1397,0,1,0,0,1,0.0,0.0,0.0,0.0,0.0,1.0,1,1.0,0.0,0,,,1,1.0,0.0,CONTINUOUS_METRICS_ONLY_NO_FINAL_RULE,1.0,AVAILABLE_IN_FIADB_NOT_APPLIED; EVALID_LINKAGE_REQUIRED_FOR_FORMAL_ESTIMATION,1,1,1,1.0,1.0,1.0,1.0,1.0,1,1.0,7,7.0,7.0,7.0,7.0,7.0,7,7.0
7181,Firmiana simplex,Firmiana simplex,Chinese parasoltree,species,1,NA_NOT_AVAILABLE_IN_FROZEN_REF_SPECIES,0,25,115725,1,2,10051,1,57920,57805,1,0,9235,9171,1,0,0,1,0,0.0,0.0,,0.0,,1.0,1,1.0,0.0,1,1.0,0.0,0,,,CONTINUOUS_METRICS_ONLY_NO_FINAL_RULE,1.0,AVAILABLE_IN_FIADB_NOT_APPLIED; EVALID_LINKAGE_REQUIRED_FOR_FORMAL_ESTIMATION,1,1,1,1.0,1.0,1.0,1.0,1.0,1,1.0,2,2.0,2.0,2.0,2.0,2.0,2,2.0
7181,Firmiana simplex,Firmiana simplex,Chinese parasoltree,species,1,NA_NOT_AVAILABLE_IN_FROZEN_REF_SPECIES,0,50,115725,1,2,2970,1,57920,57805,1,0,2846,2830,1,0,0,1,0,0.0,0.0,,0.0,,1.0,1,1.0,0.0,1,1.0,0.0,0,,,CONTINUOUS_METRICS_ONLY_NO_FINAL_RULE,1.0,AVAILABLE_IN_FIADB_NOT_APPLIED; EVALID_LINKAGE_REQUIRED_FOR_FORMAL_ESTIMATION,1,1,1,1.0,1.0,1.0,1.0,1.0,1,1.0,2,2.0,2.0,2.0,2.0,2.0,2,2.0
7181,Firmiana simplex,Firmiana simplex,Chinese parasoltree,species,1,NA_NOT_AVAILABLE_IN_FROZEN_REF_SPECIES,0,75,115725,1,2,1441,1,57920,57805,1,0,1411,1397,1,0,0,1,0,0.0,0.0,,0.0,,1.0,1,1.0,0.0,1,1.0,0.0,0,,,CONTINUOUS_METRICS_ONLY_NO_FINAL_RULE,1.0,AVAILABLE_IN_FIADB_NOT_APPLIED; EVALID_LINKAGE_REQUIRED_FOR_FORMAL_ESTIMATION,1,1,1,1.0,1.0,1.0,1.0,1.0,1,1.0,2,2.0,2.0,2.0,2.0,2.0,2,2.0
7328,Halesia tetraptera,Halesia tetraptera,mountain silverbell,species,1,NA_NOT_AVAILABLE_IN_FROZEN_REF_SPECIES,0,25,115725,1,1,10051,1,57920,57805,0,1,9235,9171,0,1,0,0,1,0.0,0.0,0.0,0.0,0.0,1.0,1,1.0,0.0,0,,,1,1.0,0.0,CONTINUOUS_METRICS_ONLY_NO_FINAL_RULE,1.0,AVAILABLE_IN_FIADB_NOT_APPLIED; EVALID_LINKAGE_REQUIRED_FOR_FORMAL_ESTIMATION,1,1,1,1.0,1.0,1.0,1.0,1.0,1,1.0,1,1.0,1.0,1.0,1.0,1.0,1,1.0
7328,Halesia tetraptera,Halesia tetraptera,mountain silverbell,species,1,NA_NOT_AVAILABLE_IN_FROZEN_REF_SPECIES,0,50,115725,1,1,2970,1,57920,57805,0,1,2846,2830,0,1,0,0,1,0.0,0.0,0.0,0.0,0.0,1.0,1,1.0,0.0,0,,,1,1.0,0.0,CONTINUOUS_METRICS_ONLY_NO_FINAL_RULE,1.0,AVAILABLE_IN_FIADB_NOT_APPLIED; EVALID_LINKAGE_REQUIRED_FOR_FORMAL_ESTIMATION,1,1,1,1.0,1.0,1.0,1.0,1.0,1,1.0,1,1.0,1.0,1.0,1.0,1.0,1,1.0
7328,Halesia tetraptera,Halesia tetraptera,mountain silverbell,species,1,NA_NOT_AVAILABLE_IN_FROZEN_REF_SPECIES,0,75,115725,1,1,1441,1,57920,57805,0,1,1411,1397,0,1,0,0,1,0.0,0.0,0.0,0.0,0.0,1.0,1,1.0,0.0,0,,,1,1.0,0.0,CONTINUOUS_METRICS_ONLY_NO_FINAL_RULE,1.0,AVAILABLE_IN_FIADB_NOT_APPLIED; EVALID_LINKAGE_REQUIRED_FOR_FORMAL_ESTIMATION,1,1,1,1.0,1.0,1.0,1.0,1.0,1,1.0,1,1.0,1.0,1.0,1.0,1.0,1,1.0
7454,Ilex aquifolium,Ilex aquifolium,English holly,species,1,NA_NOT_AVAILABLE_IN_FROZEN_REF_SPECIES,0,25,115725,1,5,10051,1,57920,57805,0,1,9235,9171,0,1,0,0,1,0.0,0.0,0.0,0.0,0.0,1.0,1,1.0,0.0,0,,,1,1.0,0.0,CONTINUOUS_METRICS_ONLY_NO_FINAL_RULE,1.0,AVAILABLE_IN_FIADB_NOT_APPLIED; EVALID_LINKAGE_REQUIRED_FOR_FORMAL_ESTIMATION,1,1,1,1.0,1.0,1.0,1.0,1.0,1,1.0,5,5.0,5.0,5.0,5.0,5.0,5,5.0
7454,Ilex aquifolium,Ilex aquifolium,English holly,species,1,NA_NOT_AVAILABLE_IN_FROZEN_REF_SPECIES,0,50,115725,1,5,2970,1,57920,57805,0,1,2846,2830,0,1,0,0,1,0.0,0.0,0.0,0.0,0.0,1.0,1,1.0,0.0,0,,,1,1.0,0.0,CONTINUOUS_METRICS_ONLY_NO_FINAL_RULE,1.0,AVAILABLE_IN_FIADB_NOT_APPLIED; EVALID_LINKAGE_REQUIRED_FOR_FORMAL_ESTIMATION,1,1,1,1.0,1.0,1.0,1.0,1.0,1,1.0,5,5.0,5.0,5.0,5.0,5.0,5,5.0
7454,Ilex aquifolium,Ilex aquifolium,English holly,species,1,NA_NOT_AVAILABLE_IN_FROZEN_REF_SPECIES,0,75,115725,1,5,1441,1,57920,57805,0,1,1411,1397,0,1,0,0,1,0.0,0.0,0.0,0.0,0.0,1.0,1,1.0,0.0,0,,,1,1.0,0.0,CONTINUOUS_METRICS_ONLY_NO_FINAL_RULE,1.0,AVAILABLE_IN_FIADB_NOT_APPLIED; EVALID_LINKAGE_REQUIRED_FOR_FORMAL_ESTIMATION,1,1,1,1.0,1.0,1.0,1.0,1.0,1,1.0,5,5.0,5.0,5.0,5.0,5.0,5,5.0
7455,Ilex cassine,Ilex cassine,dahoon,species,1,NA_NOT_AVAILABLE_IN_FROZEN_REF_SPECIES,0,25,115725,23,79,10051,22,57920,57805,12,11,9235,9171,12,11,1,11,10,0.045454545454545456,0.9166666666666666,1.0909090909090908,0.9166666666666666,1.0909090909090908,0.9545454545454546,15,0.13636363636363635,750.0,12,0.08333333333333333,682.3672031978091,8,0.2727272727272727,503.1152949374527,CONTINUOUS_METRICS_ONLY_NO_FINAL_RULE,1.0,AVAILABLE_IN_FIADB_NOT_APPLIED; EVALID_LINKAGE_REQUIRED_FOR_FORMAL_ESTIMATION,0,1,1,1.0,1.0,1.0,1.0,1.0,2,1.0454545454545454,1,1.0,1.0,2.0,4.0,7.800000000000004,16,3.590909090909091
7455,Ilex cassine,Ilex cassine,dahoon,species,1,NA_NOT_AVAILABLE_IN_FROZEN_REF_SPECIES,0,50,115725,23,79,2970,17,57920,57805,12,11,2846,2830,12,9,4,8,5,0.23529411764705882,0.75,1.3333333333333333,0.9166666666666666,1.0909090909090908,0.7647058823529411,5,0.5294117647058824,750.0,8,0.25,670.820393249937,5,0.5555555555555556,514.78150704935,CONTINUOUS_METRICS_ONLY_NO_FINAL_RULE,1.0,AVAILABLE_IN_FIADB_NOT_APPLIED; EVALID_LINKAGE_REQUIRED_FOR_FORMAL_ESTIMATION,0,1,1,1.0,1.0,1.0,1.0,2.0,4,1.3529411764705883,1,1.0,1.0,3.0,7.0,9.200000000000001,20,4.647058823529412
7455,Ilex cassine,Ilex cassine,dahoon,species,1,NA_NOT_AVAILABLE_IN_FROZEN_REF_SPECIES,0,75,115725,23,79,1441,15,57920,57805,12,11,1411,1397,12,9,6,6,3,0.4,0.75,1.3333333333333333,0.9166666666666666,1.0909090909090908,0.5333333333333333,4,0.8,750.0,5,0.4166666666666667,670.820393249937,4,0.4444444444444444,503.1152949374527,CONTINUOUS_METRICS_ONLY_NO_FINAL_RULE,1.0,AVAILABLE_IN_FIADB_NOT_APPLIED; EVALID_LINKAGE_REQUIRED_FOR_FORMAL_ESTIMATION,0,1,1,1.0,1.0,1.0,2.0,2.0,3,1.5333333333333334,1,1.4000000000000001,2.0,4.0,6.0,7.6,27,5.266666666666667
7469,Ilex vomitoria,Ilex vomitoria,yaupon,species,1,NA_NOT_AVAILABLE_IN_FROZEN_REF_SPECIES,0,25,115725,1,1,10051,1,57920,57805,0,1,9235,9171,0,1,0,0,1,0.0,0.0,0.0,0.0,0.0,1.0,1,1.0,0.0,0,,,1,1.0,0.0,CONTINUOUS_METRICS_ONLY_NO_FINAL_RULE,1.0,AVAILABLE_IN_FIADB_NOT_APPLIED; EVALID_LINKAGE_REQUIRED_FOR_FORMAL_ESTIMATION,1,1,1,1.0,1.0,1.0,1.0,1.0,1,1.0,1,1.0,1.0,1.0,1.0,1.0,1,1.0
7469,Ilex vomitoria,Ilex vomitoria,yaupon,species,1,NA_NOT_AVAILABLE_IN_FROZEN_REF_SPECIES,0,50,115725,1,1,2970,1,57920,57805,0,1,2846,2830,0,1,0,0,1,0.0,0.0,0.0,0.0,0.0,1.0,1,1.0,0.0,0,,,1,1.0,0.0,CONTINUOUS_METRICS_ONLY_NO_FINAL_RULE,1.0,AVAILABLE_IN_FIADB_NOT_APPLIED; EVALID_LINKAGE_REQUIRED_FOR_FORMAL_ESTIMATION,1,1,1,1.0,1.0,1.0,1.0,1.0,1,1.0,1,1.0,1.0,1.0,1.0,1.0,1,1.0
7469,Ilex vomitoria,Ilex vomitoria,yaupon,species,1,NA_NOT_AVAILABLE_IN_FROZEN_REF_SPECIES,0,75,115725,1,1,1441,1,57920,57805,0,1,1411,1397,0,1,0,0,1,0.0,0.0,0.0,0.0,0.0,1.0,1,1.0,0.0,0,,,1,1.0,0.0,CONTINUOUS_METRICS_ONLY_NO_FINAL_RULE,1.0,AVAILABLE_IN_FIADB_NOT_APPLIED; EVALID_LINKAGE_REQUIRED_FOR_FORMAL_ESTIMATION,1,1,1,1.0,1.0,1.0,1.0,1.0,1,1.0,1,1.0,1.0,1.0,1.0,1.0,1,1.0
7565,Leucaena leucocephala,Leucaena leucocephala,white leadtree,species,1,NA_NOT_AVAILABLE_IN_FROZEN_REF_SPECIES,0,25,115725,1,1,10051,1,57920,57805,1,0,9235,9171,1,0,0,1,0,0.0,0.0,,0.0,,1.0,1,1.0,0.0,1,1.0,0.0,0,,,CONTINUOUS_METRICS_ONLY_NO_FINAL_RULE,1.0,AVAILABLE_IN_FIADB_NOT_APPLIED; EVALID_LINKAGE_REQUIRED_FOR_FORMAL_ESTIMATION,1,1,1,1.0,1.0,1.0,1.0,1.0,1,1.0,1,1.0,1.0,1.0,1.0,1.0,1,1.0
7565,Leucaena leucocephala,Leucaena leucocephala,white leadtree,species,1,NA_NOT_AVAILABLE_IN_FROZEN_REF_SPECIES,0,50,115725,1,1,2970,1,57920,57805,1,0,2846,2830,1,0,0,1,0,0.0,0.0,,0.0,,1.0,1,1.0,0.0,1,1.0,0.0,0,,,CONTINUOUS_METRICS_ONLY_NO_FINAL_RULE,1.0,AVAILABLE_IN_FIADB_NOT_APPLIED; EVALID_LINKAGE_REQUIRED_FOR_FORMAL_ESTIMATION,1,1,1,1.0,1.0,1.0,1.0,1.0,1,1.0,1,1.0,1.0,1.0,1.0,1.0,1,1.0
7565,Leucaena leucocephala,Leucaena leucocephala,white leadtree,species,1,NA_NOT_AVAILABLE_IN_FROZEN_REF_SPECIES,0,75,115725,1,1,1441,1,57920,57805,1,0,1411,1397,1,0,0,1,0,0.0,0.0,,0.0,,1.0,1,1.0,0.0,1,1.0,0.0,0,,,CONTINUOUS_METRICS_ONLY_NO_FINAL_RULE,1.0,AVAILABLE_IN_FIADB_NOT_APPLIED; EVALID_LINKAGE_REQUIRED_FOR_FORMAL_ESTIMATION,1,1,1,1.0,1.0,1.0,1.0,1.0,1,1.0,1,1.0,1.0,1.0,1.0,1.0,1,1.0
7577,Ligustrum japonicum,Ligustrum japonicum,Japanese privet,species,1,NA_NOT_AVAILABLE_IN_FROZEN_REF_SPECIES,1,25,115725,1,2,10051,1,57920,57805,0,1,9235,9171,0,1,0,0,1,0.0,0.0,0.0,0.0,0.0,1.0,1,1.0,0.0,0,,,1,1.0,0.0,CONTINUOUS_METRICS_ONLY_NO_FINAL_RULE,1.0,AVAILABLE_IN_FIADB_NOT_APPLIED; EVALID_LINKAGE_REQUIRED_FOR_FORMAL_ESTIMATION,1,1,1,1.0,1.0,1.0,1.0,1.0,1,1.0,2,2.0,2.0,2.0,2.0,2.0,2,2.0
7577,Ligustrum japonicum,Ligustrum japonicum,Japanese privet,species,1,NA_NOT_AVAILABLE_IN_FROZEN_REF_SPECIES,1,50,115725,1,2,2970,1,57920,57805,0,1,2846,2830,0,1,0,0,1,0.0,0.0,0.0,0.0,0.0,1.0,1,1.0,0.0,0,,,1,1.0,0.0,CONTINUOUS_METRICS_ONLY_NO_FINAL_RULE,1.0,AVAILABLE_IN_FIADB_NOT_APPLIED; EVALID_LINKAGE_REQUIRED_FOR_FORMAL_ESTIMATION,1,1,1,1.0,1.0,1.0,1.0,1.0,1,1.0,2,2.0,2.0,2.0,2.0,2.0,2,2.0
7577,Ligustrum japonicum,Ligustrum japonicum,Japanese privet,species,1,NA_NOT_AVAILABLE_IN_FROZEN_REF_SPECIES,1,75,115725,1,2,1441,1,57920,57805,0,1,1411,1397,0,1,0,0,1,0.0,0.0,0.0,0.0,0.0,1.0,1,1.0,0.0,0,,,1,1.0,0.0,CONTINUOUS_METRICS_ONLY_NO_FINAL_RULE,1.0,AVAILABLE_IN_FIADB_NOT_APPLIED; EVALID_LINKAGE_REQUIRED_FOR_FORMAL_ESTIMATION,1,1,1,1.0,1.0,1.0,1.0,1.0,1,1.0,2,2.0,2.0,2.0,2.0,2.0,2,2.0
7578,Ligustrum lucidum,Ligustrum lucidum,glossy privet,species,1,NA_NOT_AVAILABLE_IN_FROZEN_REF_SPECIES,1,25,115725,4,12,10051,4,57920,57805,1,3,9235,9171,1,3,0,1,3,0.0,0.3333333333333333,0.3333333333333333,0.3333333333333333,0.3333333333333333,1.0,4,0.25,1285.739087062379,1,1.0,0.0,3,0.3333333333333333,1285.739087062379,CONTINUOUS_METRICS_ONLY_NO_FINAL_RULE,1.0,AVAILABLE_IN_FIADB_NOT_APPLIED; EVALID_LINKAGE_REQUIRED_FOR_FORMAL_ESTIMATION,1,1,1,1.0,1.0,1.0,1.0,1.0,1,1.0,2,2.0,2.0,2.5,3.5,4.4,5,3.0
7578,Ligustrum lucidum,Ligustrum lucidum,glossy privet,species,1,NA_NOT_AVAILABLE_IN_FROZEN_REF_SPECIES,1,50,115725,4,12,2970,4,57920,57805,1,3,2846,2830,1,3,0,1,3,0.0,0.3333333333333333,0.3333333333333333,0.3333333333333333,0.3333333333333333,1.0,4,0.25,1274.7548783981963,1,1.0,0.0,3,0.3333333333333333,1274.7548783981963,CONTINUOUS_METRICS_ONLY_NO_FINAL_RULE,1.0,AVAILABLE_IN_FIADB_NOT_APPLIED; EVALID_LINKAGE_REQUIRED_FOR_FORMAL_ESTIMATION,1,1,1,1.0,1.0,1.0,1.0,1.0,1,1.0,2,2.0,2.0,2.5,3.5,4.4,5,3.0
7578,Ligustrum lucidum,Ligustrum lucidum,glossy privet,species,1,NA_NOT_AVAILABLE_IN_FROZEN_REF_SPECIES,1,75,115725,4,12,1441,4,57920,57805,1,3,1411,1397,1,3,0,1,3,0.0,0.3333333333333333,0.3333333333333333,0.3333333333333333,0.3333333333333333,1.0,4,0.25,1309.8186897429734,1,1.0,0.0,3,0.3333333333333333,1309.8186897429734,CONTINUOUS_METRICS_ONLY_NO_FINAL_RULE,1.0,AVAILABLE_IN_FIADB_NOT_APPLIED; EVALID_LINKAGE_REQUIRED_FOR_FORMAL_ESTIMATION,1,1,1,1.0,1.0,1.0,1.0,1.0,1,1.0,2,2.0,2.0,2.5,3.5,4.4,5,3.0
7651,Malus pumila,Malus pumila,paradise apple,species,1,NA_NOT_AVAILABLE_IN_FROZEN_REF_SPECIES,0,25,115725,1,2,10051,1,57920,57805,1,0,9235,9171,1,0,0,1,0,0.0,0.0,,0.0,,1.0,1,1.0,0.0,1,1.0,0.0,0,,,CONTINUOUS_METRICS_ONLY_NO_FINAL_RULE,1.0,AVAILABLE_IN_FIADB_NOT_APPLIED; EVALID_LINKAGE_REQUIRED_FOR_FORMAL_ESTIMATION,1,1,1,1.0,1.0,1.0,1.0,1.0,1,1.0,2,2.0,2.0,2.0,2.0,2.0,2,2.0
7651,Malus pumila,Malus pumila,paradise apple,species,1,NA_NOT_AVAILABLE_IN_FROZEN_REF_SPECIES,0,50,115725,1,2,2970,1,57920,57805,1,0,2846,2830,1,0,0,1,0,0.0,0.0,,0.0,,1.0,1,1.0,0.0,1,1.0,0.0,0,,,CONTINUOUS_METRICS_ONLY_NO_FINAL_RULE,1.0,AVAILABLE_IN_FIADB_NOT_APPLIED; EVALID_LINKAGE_REQUIRED_FOR_FORMAL_ESTIMATION,1,1,1,1.0,1.0,1.0,1.0,1.0,1,1.0,2,2.0,2.0,2.0,2.0,2.0,2,2.0
7651,Malus pumila,Malus pumila,paradise apple,species,1,NA_NOT_AVAILABLE_IN_FROZEN_REF_SPECIES,0,75,115725,1,2,1441,1,57920,57805,1,0,1411,1397,1,0,0,1,0,0.0,0.0,,0.0,,1.0,1,1.0,0.0,1,1.0,0.0,0,,,CONTINUOUS_METRICS_ONLY_NO_FINAL_RULE,1.0,AVAILABLE_IN_FIADB_NOT_APPLIED; EVALID_LINKAGE_REQUIRED_FOR_FORMAL_ESTIMATION,1,1,1,1.0,1.0,1.0,1.0,1.0,1,1.0,2,2.0,2.0,2.0,2.0,2.0,2,2.0
7845,Morella cerifera,Morella cerifera,Morella cerifera,species,1,NA_NOT_AVAILABLE_IN_FROZEN_REF_SPECIES,0,25,115725,4,4,10051,4,57920,57805,1,3,9235,9171,1,3,0,1,3,0.0,0.3333333333333333,0.3333333333333333,0.3333333333333333,0.3333333333333333,1.0,4,0.25,371.65171868296267,1,1.0,0.0,3,0.3333333333333333,371.65171868296267,CONTINUOUS_METRICS_ONLY_NO_FINAL_RULE,1.0,AVAILABLE_IN_FIADB_NOT_APPLIED; EVALID_LINKAGE_REQUIRED_FOR_FORMAL_ESTIMATION,1,1,1,1.0,1.0,1.0,1.0,1.0,1,1.0,1,1.0,1.0,1.0,1.0,1.0,1,1.0
7845,Morella cerifera,Morella cerifera,Morella cerifera,species,1,NA_NOT_AVAILABLE_IN_FROZEN_REF_SPECIES,0,50,115725,4,4,2970,4,57920,57805,1,3,2846,2830,1,3,0,1,3,0.0,0.3333333333333333,0.3333333333333333,0.3333333333333333,0.3333333333333333,1.0,4,0.25,380.78865529319546,1,1.0,0.0,3,0.3333333333333333,380.78865529319546,CONTINUOUS_METRICS_ONLY_NO_FINAL_RULE,1.0,AVAILABLE_IN_FIADB_NOT_APPLIED; EVALID_LINKAGE_REQUIRED_FOR_FORMAL_ESTIMATION,1,1,1,1.0,1.0,1.0,1.0,1.0,1,1.0,1,1.0,1.0,1.0,1.0,1.0,1,1.0
7845,Morella cerifera,Morella cerifera,Morella cerifera,species,1,NA_NOT_AVAILABLE_IN_FROZEN_REF_SPECIES,0,75,115725,4,4,1441,4,57920,57805,1,3,1411,1397,1,3,0,1,3,0.0,0.3333333333333333,0.3333333333333333,0.3333333333333333,0.3333333333333333,1.0,2,0.75,335.4101966249685,1,1.0,0.0,2,0.6666666666666666,335.4101966249685,CONTINUOUS_METRICS_ONLY_NO_FINAL_RULE,1.0,AVAILABLE_IN_FIADB_NOT_APPLIED; EVALID_LINKAGE_REQUIRED_FOR_FORMAL_ESTIMATION,1,1,1,1.0,1.0,1.0,1.0,1.0,1,1.0,1,1.0,1.0,1.0,1.0,1.0,1,1.0
8313,Populus x canadensis,Populus x canadensis,Carolina poplar,species,1,NA_NOT_AVAILABLE_IN_FROZEN_REF_SPECIES,0,25,115725,1,9,10051,1,57920,57805,1,0,9235,9171,1,0,0,1,0,0.0,0.0,,0.0,,1.0,1,1.0,0.0,1,1.0,0.0,0,,,CONTINUOUS_METRICS_ONLY_NO_FINAL_RULE,1.0,AVAILABLE_IN_FIADB_NOT_APPLIED; EVALID_LINKAGE_REQUIRED_FOR_FORMAL_ESTIMATION,1,1,1,1.0,1.0,1.0,1.0,1.0,1,1.0,9,9.0,9.0,9.0,9.0,9.0,9,9.0
8313,Populus x canadensis,Populus x canadensis,Carolina poplar,species,1,NA_NOT_AVAILABLE_IN_FROZEN_REF_SPECIES,0,50,115725,1,9,2970,1,57920,57805,1,0,2846,2830,1,0,0,1,0,0.0,0.0,,0.0,,1.0,1,1.0,0.0,1,1.0,0.0,0,,,CONTINUOUS_METRICS_ONLY_NO_FINAL_RULE,1.0,AVAILABLE_IN_FIADB_NOT_APPLIED; EVALID_LINKAGE_REQUIRED_FOR_FORMAL_ESTIMATION,1,1,1,1.0,1.0,1.0,1.0,1.0,1,1.0,9,9.0,9.0,9.0,9.0,9.0,9,9.0
8313,Populus x canadensis,Populus x canadensis,Carolina poplar,species,1,NA_NOT_AVAILABLE_IN_FROZEN_REF_SPECIES,0,75,115725,1,9,1441,1,57920,57805,1,0,1411,1397,1,0,0,1,0,0.0,0.0,,0.0,,1.0,1,1.0,0.0,1,1.0,0.0,0,,,CONTINUOUS_METRICS_ONLY_NO_FINAL_RULE,1.0,AVAILABLE_IN_FIADB_NOT_APPLIED; EVALID_LINKAGE_REQUIRED_FOR_FORMAL_ESTIMATION,1,1,1,1.0,1.0,1.0,1.0,1.0,1,1.0,9,9.0,9.0,9.0,9.0,9.0,9,9.0
8345,Prunus caroliniana,Prunus caroliniana,Carolina laurelcherry,species,1,NA_NOT_AVAILABLE_IN_FROZEN_REF_SPECIES,0,25,115725,3,6,10051,3,57920,57805,0,3,9235,9171,0,3,0,0,3,0.0,0.0,0.0,0.0,0.0,1.0,2,0.6666666666666666,525.594901040716,0,,,2,0.6666666666666666,525.594901040716,CONTINUOUS_METRICS_ONLY_NO_FINAL_RULE,1.0,AVAILABLE_IN_FIADB_NOT_APPLIED; EVALID_LINKAGE_REQUIRED_FOR_FORMAL_ESTIMATION,1,1,1,1.0,1.0,1.0,1.0,1.0,1,1.0,1,1.2000000000000002,1.5,2.0,2.5,2.8000000000000003,3,2.0
8345,Prunus caroliniana,Prunus caroliniana,Carolina laurelcherry,species,1,NA_NOT_AVAILABLE_IN_FROZEN_REF_SPECIES,0,50,115725,3,6,2970,3,57920,57805,0,3,2846,2830,0,3,0,0,3,0.0,0.0,0.0,0.0,0.0,1.0,2,0.6666666666666666,552.268050859363,0,,,2,0.6666666666666666,552.268050859363,CONTINUOUS_METRICS_ONLY_NO_FINAL_RULE,1.0,AVAILABLE_IN_FIADB_NOT_APPLIED; EVALID_LINKAGE_REQUIRED_FOR_FORMAL_ESTIMATION,1,1,1,1.0,1.0,1.0,1.0,1.0,1,1.0,1,1.2000000000000002,1.5,2.0,2.5,2.8000000000000003,3,2.0
8345,Prunus caroliniana,Prunus caroliniana,Carolina laurelcherry,species,1,NA_NOT_AVAILABLE_IN_FROZEN_REF_SPECIES,0,75,115725,3,6,1441,2,57920,57805,0,3,1411,1397,0,2,0,0,2,0.0,0.0,0.0,0.0,0.0,0.5,2,0.5,525.0,0,,,2,0.5,525.0,CONTINUOUS_METRICS_ONLY_NO_FINAL_RULE,1.0,AVAILABLE_IN_FIADB_NOT_APPLIED; EVALID_LINKAGE_REQUIRED_FOR_FORMAL_ESTIMATION,1,1,1,1.1,1.25,1.5,1.75,1.9,2,1.5,1,1.4,2.0,3.0,4.0,4.6,5,3.0
8355,Psidium cattleianum,Psidium cattleianum,strawberry guava,species,1,NA_NOT_AVAILABLE_IN_FROZEN_REF_SPECIES,0,25,115725,1,1,10051,1,57920,57805,0,1,9235,9171,0,1,0,0,1,0.0,0.0,0.0,0.0,0.0,1.0,1,1.0,0.0,0,,,1,1.0,0.0,CONTINUOUS_METRICS_ONLY_NO_FINAL_RULE,1.0,AVAILABLE_IN_FIADB_NOT_APPLIED; EVALID_LINKAGE_REQUIRED_FOR_FORMAL_ESTIMATION,1,1,1,1.0,1.0,1.0,1.0,1.0,1,1.0,1,1.0,1.0,1.0,1.0,1.0,1,1.0
8355,Psidium cattleianum,Psidium cattleianum,strawberry guava,species,1,NA_NOT_AVAILABLE_IN_FROZEN_REF_SPECIES,0,50,115725,1,1,2970,1,57920,57805,0,1,2846,2830,0,1,0,0,1,0.0,0.0,0.0,0.0,0.0,1.0,1,1.0,0.0,0,,,1,1.0,0.0,CONTINUOUS_METRICS_ONLY_NO_FINAL_RULE,1.0,AVAILABLE_IN_FIADB_NOT_APPLIED; EVALID_LINKAGE_REQUIRED_FOR_FORMAL_ESTIMATION,1,1,1,1.0,1.0,1.0,1.0,1.0,1,1.0,1,1.0,1.0,1.0,1.0,1.0,1,1.0
8355,Psidium cattleianum,Psidium cattleianum,strawberry guava,species,1,NA_NOT_AVAILABLE_IN_FROZEN_REF_SPECIES,0,75,115725,1,1,1441,1,57920,57805,0,1,1411,1397,0,1,0,0,1,0.0,0.0,0.0,0.0,0.0,1.0,1,1.0,0.0,0,,,1,1.0,0.0,CONTINUOUS_METRICS_ONLY_NO_FINAL_RULE,1.0,AVAILABLE_IN_FIADB_NOT_APPLIED; EVALID_LINKAGE_REQUIRED_FOR_FORMAL_ESTIMATION,1,1,1,1.0,1.0,1.0,1.0,1.0,1,1.0,1,1.0,1.0,1.0,1.0,1.0,1,1.0
8420,Pyrus spp.,Pyrus spp.,pear spp.,species,1,NA_NOT_AVAILABLE_IN_FROZEN_REF_SPECIES,0,25,115725,11,17,10051,11,57920,57805,5,6,9235,9171,5,6,0,5,6,0.0,0.8333333333333334,0.8333333333333334,0.8333333333333334,0.8333333333333334,1.0,9,0.18181818181818182,1885.802216564611,3,0.4,1870.3275114268088,6,0.16666666666666666,1445.0346016618425,CONTINUOUS_METRICS_ONLY_NO_FINAL_RULE,1.0,AVAILABLE_IN_FIADB_NOT_APPLIED; EVALID_LINKAGE_REQUIRED_FOR_FORMAL_ESTIMATION,0,1,1,1.0,1.0,1.0,1.0,1.0,1,1.0,1,1.0,1.0,1.0,2.0,3.0,3,1.5454545454545454
8420,Pyrus spp.,Pyrus spp.,pear spp.,species,1,NA_NOT_AVAILABLE_IN_FROZEN_REF_SPECIES,0,50,115725,11,17,2970,11,57920,57805,5,6,2846,2830,5,6,0,5,6,0.0,0.8333333333333334,0.8333333333333334,0.8333333333333334,0.8333333333333334,1.0,7,0.36363636363636365,1920.9372712298546,2,0.8,1890.10581714358,5,0.3333333333333333,1457.7379737113251,CONTINUOUS_METRICS_ONLY_NO_FINAL_RULE,1.0,AVAILABLE_IN_FIADB_NOT_APPLIED; EVALID_LINKAGE_REQUIRED_FOR_FORMAL_ESTIMATION,0,1,1,1.0,1.0,1.0,1.0,1.0,1,1.0,1,1.0,1.0,1.0,2.0,3.0,3,1.5454545454545454
8420,Pyrus spp.,Pyrus spp.,pear spp.,species,1,NA_NOT_AVAILABLE_IN_FROZEN_REF_SPECIES,0,75,115725,11,17,1441,9,57920,57805,5,6,1411,1397,3,6,0,3,6,0.0,0.5,0.5,0.8333333333333334,0.8333333333333334,0.7777777777777778,7,0.2222222222222222,1920.9372712298546,2,0.6666666666666666,1875.0,5,0.3333333333333333,1479.2312192487016,CONTINUOUS_METRICS_ONLY_NO_FINAL_RULE,1.0,AVAILABLE_IN_FIADB_NOT_APPLIED; EVALID_LINKAGE_REQUIRED_FOR_FORMAL_ESTIMATION,0,1,1,1.0,1.0,1.0,1.0,2.0,2,1.2222222222222223,1,1.0,1.0,2.0,2.0,3.2,4,1.8888888888888888
8421,Pyrus calleryana,Pyrus calleryana,Callery pear,species,1,NA_NOT_AVAILABLE_IN_FROZEN_REF_SPECIES,0,25,115725,82,176,10051,79,57920,57805,43,39,9235,9171,42,38,1,41,37,0.012658227848101266,0.9047619047619048,1.105263157894737,0.9069767441860465,1.1025641025641026,0.9620253164556962,73,0.0379746835443038,4239.840798897996,40,0.047619047619047616,2351.1965039102965,37,0.05263157894736842,4190.763653560052,CONTINUOUS_METRICS_ONLY_NO_FINAL_RULE,1.0,AVAILABLE_IN_FIADB_NOT_APPLIED; EVALID_LINKAGE_REQUIRED_FOR_FORMAL_ESTIMATION,0,1,1,1.0,1.0,1.0,1.0,1.0,2,1.0379746835443038,1,1.0,1.0,1.0,3.0,5.0,10,2.2278481012658227
8421,Pyrus calleryana,Pyrus calleryana,Callery pear,species,1,NA_NOT_AVAILABLE_IN_FROZEN_REF_SPECIES,0,50,115725,82,176,2970,74,57920,57805,43,39,2846,2830,40,38,4,36,34,0.05405405405405406,0.95,1.0526315789473684,0.9069767441860465,1.1025641025641026,0.8918918918918919,49,0.0945945945945946,4207.730979993849,33,0.075,2330.772404161333,32,0.07894736842105263,4190.763653560052,CONTINUOUS_METRICS_ONLY_NO_FINAL_RULE,1.0,AVAILABLE_IN_FIADB_NOT_APPLIED; EVALID_LINKAGE_REQUIRED_FOR_FORMAL_ESTIMATION,0,1,1,1.0,1.0,1.0,1.0,1.7000000000000028,2,1.1081081081081081,1,1.0,1.0,1.0,3.0,5.0,10,2.3783783783783785
8421,Pyrus calleryana,Pyrus calleryana,Callery pear,species,1,NA_NOT_AVAILABLE_IN_FROZEN_REF_SPECIES,0,75,115725,82,176,1441,62,57920,57805,43,39,1411,1397,35,34,7,28,27,0.11290322580645161,0.9714285714285714,1.0294117647058822,0.9069767441860465,1.1025641025641026,0.8225806451612904,32,0.08064516129032258,4248.602711480564,25,0.11428571428571428,2310.4382701124046,24,0.11764705882352941,4222.706478077774,CONTINUOUS_METRICS_ONLY_NO_FINAL_RULE,1.0,AVAILABLE_IN_FIADB_NOT_APPLIED; EVALID_LINKAGE_REQUIRED_FOR_FORMAL_ESTIMATION,0,1,1,1.0,1.0,1.0,1.0,2.0,5,1.3225806451612903,1,1.0,1.0,2.0,4.75,5.899999999999999,11,2.838709677419355
8423,Pyrus communis,Pyrus communis,common pear,species,1,NA_NOT_AVAILABLE_IN_FROZEN_REF_SPECIES,0,25,115725,9,17,10051,9,57920,57805,7,2,9235,9171,7,2,0,7,2,0.0,0.2857142857142857,3.5,0.2857142857142857,3.5,1.0,9,0.1111111111111111,3578.145469373765,7,0.14285714285714285,3578.145469373765,2,0.5,176.7766952966369,CONTINUOUS_METRICS_ONLY_NO_FINAL_RULE,1.0,AVAILABLE_IN_FIADB_NOT_APPLIED; EVALID_LINKAGE_REQUIRED_FOR_FORMAL_ESTIMATION,0,1,1,1.0,1.0,1.0,1.0,1.0,1,1.0,1,1.0,1.0,1.0,2.0,3.000000000000001,7,1.8888888888888888
8423,Pyrus communis,Pyrus communis,common pear,species,1,NA_NOT_AVAILABLE_IN_FROZEN_REF_SPECIES,0,50,115725,9,17,2970,9,57920,57805,7,2,2846,2830,7,2,0,7,2,0.0,0.2857142857142857,3.5,0.2857142857142857,3.5,1.0,9,0.1111111111111111,3555.6293395122057,7,0.14285714285714285,3555.6293395122057,2,0.5,158.11388300841898,CONTINUOUS_METRICS_ONLY_NO_FINAL_RULE,1.0,AVAILABLE_IN_FIADB_NOT_APPLIED; EVALID_LINKAGE_REQUIRED_FOR_FORMAL_ESTIMATION,0,1,1,1.0,1.0,1.0,1.0,1.0,1,1.0,1,1.0,1.0,1.0,2.0,3.000000000000001,7,1.8888888888888888
8423,Pyrus communis,Pyrus communis,common pear,species,1,NA_NOT_AVAILABLE_IN_FROZEN_REF_SPECIES,0,75,115725,9,17,1441,9,57920,57805,7,2,1411,1397,7,2,0,7,2,0.0,0.2857142857142857,3.5,0.2857142857142857,3.5,1.0,9,0.1111111111111111,3556.771710413813,7,0.14285714285714285,3556.771710413813,2,0.5,167.70509831248424,CONTINUOUS_METRICS_ONLY_NO_FINAL_RULE,1.0,AVAILABLE_IN_FIADB_NOT_APPLIED; EVALID_LINKAGE_REQUIRED_FOR_FORMAL_ESTIMATION,0,1,1,1.0,1.0,1.0,1.0,1.0,1,1.0,1,1.0,1.0,1.0,2.0,3.000000000000001,7,1.8888888888888888
8427,Quercus acutissima,Quercus acutissima,sawtooth oak,species,1,NA_NOT_AVAILABLE_IN_FROZEN_REF_SPECIES,0,25,115725,21,91,10051,21,57920,57805,11,10,9235,9171,11,10,0,11,10,0.0,0.9090909090909091,1.1,0.9090909090909091,1.1,1.0,20,0.09523809523809523,1900.6577808748211,11,0.09090909090909091,1900.6577808748211,10,0.1,1775.5280904564704,CONTINUOUS_METRICS_ONLY_NO_FINAL_RULE,1.0,AVAILABLE_IN_FIADB_NOT_APPLIED; EVALID_LINKAGE_REQUIRED_FOR_FORMAL_ESTIMATION,0,1,1,1.0,1.0,1.0,1.0,1.0,1,1.0,1,1.0,1.0,3.0,5.0,12.0,15,4.333333333333333
8427,Quercus acutissima,Quercus acutissima,sawtooth oak,species,1,NA_NOT_AVAILABLE_IN_FROZEN_REF_SPECIES,0,50,115725,21,91,2970,20,57920,57805,11,10,2846,2830,11,10,1,10,9,0.05,0.9090909090909091,1.1,0.9090909090909091,1.1,0.95,19,0.1,1900.6577808748211,10,0.18181818181818182,1900.6577808748211,10,0.1,1775.5280904564704,CONTINUOUS_METRICS_ONLY_NO_FINAL_RULE,1.0,AVAILABLE_IN_FIADB_NOT_APPLIED; EVALID_LINKAGE_REQUIRED_FOR_FORMAL_ESTIMATION,0,1,1,1.0,1.0,1.0,1.0,1.0,2,1.05,1,1.0,1.0,3.5,5.25,12.100000000000001,15,4.55
8427,Quercus acutissima,Quercus acutissima,sawtooth oak,species,1,NA_NOT_AVAILABLE_IN_FROZEN_REF_SPECIES,0,75,115725,21,91,1441,18,57920,57805,11,10,1411,1397,10,9,1,9,8,0.05555555555555555,0.9,1.1111111111111112,0.9090909090909091,1.1,0.8333333333333334,16,0.1111111111111111,1830.9833423600553,10,0.1,1830.9833423600553,9,0.1111111111111111,1789.0290662814846,CONTINUOUS_METRICS_ONLY_NO_FINAL_RULE,1.0,AVAILABLE_IN_FIADB_NOT_APPLIED; EVALID_LINKAGE_REQUIRED_FOR_FORMAL_ESTIMATION,0,1,1,1.0,1.0,1.0,1.0,2.0,2,1.1666666666666667,1,1.0,1.25,4.0,6.0,12.3,16,5.055555555555555
8441,Quercus geminata,Quercus geminata,sand live oak,species,1,NA_NOT_AVAILABLE_IN_FROZEN_REF_SPECIES,0,25,115725,31,159,10051,26,57920,57805,11,20,9235,9171,10,19,3,7,16,0.11538461538461539,0.5263157894736842,0.5263157894736842,0.55,0.55,0.8076923076923077,16,0.19230769230769232,726.7220926874317,9,0.2,604.1522986797286,15,0.10526315789473684,660.4922406811453,CONTINUOUS_METRICS_ONLY_NO_FINAL_RULE,1.0,AVAILABLE_IN_FIADB_NOT_APPLIED; EVALID_LINKAGE_REQUIRED_FOR_FORMAL_ESTIMATION,0,1,1,1.0,1.0,1.0,1.0,2.0,2,1.1923076923076923,1,1.0,2.0,3.0,5.75,16.5,33,6.115384615384615
8441,Quercus geminata,Quercus geminata,sand live oak,species,1,NA_NOT_AVAILABLE_IN_FROZEN_REF_SPECIES,0,50,115725,31,159,2970,22,57920,57805,11,20,2846,2830,10,17,5,5,12,0.22727272727272727,0.5882352941176471,0.5882352941176471,0.55,0.55,0.7727272727272727,6,0.6818181818181818,715.8910531638177,8,0.3,604.1522986797286,7,0.4117647058823529,670.820393249937,CONTINUOUS_METRICS_ONLY_NO_FINAL_RULE,1.0,AVAILABLE_IN_FIADB_NOT_APPLIED; EVALID_LINKAGE_REQUIRED_FOR_FORMAL_ESTIMATION,0,1,1,1.0,1.0,1.0,1.0,2.900000000000002,4,1.4090909090909092,1,1.0,3.0,3.5,6.0,24.20000000000004,36,7.2272727272727275
8441,Quercus geminata,Quercus geminata,sand live oak,species,1,NA_NOT_AVAILABLE_IN_FROZEN_REF_SPECIES,0,75,115725,31,159,1441,17,57920,57805,11,20,1411,1397,9,14,6,3,8,0.35294117647058826,0.6428571428571429,0.6428571428571429,0.55,0.55,0.5294117647058824,2,0.8823529411764706,738.6643351347078,4,0.4444444444444444,571.1829829397932,5,0.42857142857142855,670.820393249937,CONTINUOUS_METRICS_ONLY_NO_FINAL_RULE,1.0,AVAILABLE_IN_FIADB_NOT_APPLIED; EVALID_LINKAGE_REQUIRED_FOR_FORMAL_ESTIMATION,0,1,1,1.0,1.0,1.0,2.0,3.4000000000000004,4,1.8235294117647058,1,1.6,3.0,4.0,9.0,26.8,42,9.352941176470589
8449,Quercus hemisphaerica,Quercus hemisphaerica,Darlington oak,species,1,NA_NOT_AVAILABLE_IN_FROZEN_REF_SPECIES,0,25,115725,84,362,10051,68,57920,57805,28,56,9235,9171,23,52,7,16,45,0.10294117647058823,0.4423076923076923,0.4423076923076923,0.5,0.5,0.8382352941176471,37,0.1323529411764706,1117.1951485752165,19,0.13043478260869565,707.9901129253149,30,0.1346153846153846,1117.1951485752165,CONTINUOUS_METRICS_ONLY_NO_FINAL_RULE,1.0,AVAILABLE_IN_FIADB_NOT_APPLIED; EVALID_LINKAGE_REQUIRED_FOR_FORMAL_ESTIMATION,0,1,1,1.0,1.0,1.0,1.0,2.0,4,1.2352941176470589,1,1.0,1.0,3.0,7.0,12.300000000000004,28,5.323529411764706
8449,Quercus hemisphaerica,Quercus hemisphaerica,Darlington oak,species,1,NA_NOT_AVAILABLE_IN_FROZEN_REF_SPECIES,0,50,115725,84,362,2970,44,57920,57805,28,56,2846,2830,20,35,11,9,24,0.25,0.5714285714285714,0.5714285714285714,0.5,0.5,0.5,9,0.29545454545454547,1133.5784048754635,13,0.15,672.6812023536855,12,0.2857142857142857,1133.5784048754635,CONTINUOUS_METRICS_ONLY_NO_FINAL_RULE,1.0,AVAILABLE_IN_FIADB_NOT_APPLIED; EVALID_LINKAGE_REQUIRED_FOR_FORMAL_ESTIMATION,0,1,1,1.0,1.0,1.5,2.0,3.700000000000003,6,1.9090909090909092,1,1.0,3.0,4.5,11.25,19.10000000000001,39,8.227272727272727
8449,Quercus hemisphaerica,Quercus hemisphaerica,Darlington oak,species,1,NA_NOT_AVAILABLE_IN_FROZEN_REF_SPECIES,0,75,115725,84,362,1441,36,57920,57805,28,56,1411,1397,17,31,12,5,19,0.3333333333333333,0.5483870967741935,0.5483870967741935,0.5,0.5,0.3333333333333333,3,0.9444444444444444,1114.955156048888,9,0.23529411764705882,691.4658342969665,5,0.3548387096774194,1114.955156048888,CONTINUOUS_METRICS_ONLY_NO_FINAL_RULE,1.0,AVAILABLE_IN_FIADB_NOT_APPLIED; EVALID_LINKAGE_REQUIRED_FOR_FORMAL_ESTIMATION,0,1,1,1.0,1.0,2.0,3.0,4.0,7,2.3333333333333335,1,2.0,3.0,6.0,14.5,24.0,34,10.055555555555555
8487,Quercus sinuata var. breviloba,Quercus sinuata var. breviloba,bastard oak,infraspecies,1,NA_NOT_AVAILABLE_IN_FROZEN_REF_SPECIES,0,25,115725,56,166,10051,42,57920,57805,29,27,9235,9171,24,21,3,21,18,0.07142857142857142,0.875,1.1428571428571428,0.9310344827586207,1.0740740740740742,0.7857142857142857,16,0.5,654.31261641512,16,0.16666666666666666,654.31261641512,11,0.42857142857142855,465.0268809434569,CONTINUOUS_METRICS_ONLY_NO_FINAL_RULE,1.0,AVAILABLE_IN_FIADB_NOT_APPLIED; EVALID_LINKAGE_REQUIRED_FOR_FORMAL_ESTIMATION,0,1,1,1.0,1.0,1.0,1.0,2.8999999999999986,3,1.3333333333333333,1,1.0,1.0,2.5,5.0,9.0,16,3.9523809523809526
8487,Quercus sinuata var. breviloba,Quercus sinuata var. breviloba,bastard oak,infraspecies,1,NA_NOT_AVAILABLE_IN_FROZEN_REF_SPECIES,0,50,115725,56,166,2970,27,57920,57805,29,27,2846,2830,19,17,9,10,8,0.3333333333333333,0.8947368421052632,1.1176470588235294,0.9310344827586207,1.0740740740740742,0.6296296296296297,8,0.7407407407407407,636.3961030678928,5,0.7894736842105263,636.3961030678928,4,0.8235294117647058,471.6990566028302,CONTINUOUS_METRICS_ONLY_NO_FINAL_RULE,1.0,AVAILABLE_IN_FIADB_NOT_APPLIED; EVALID_LINKAGE_REQUIRED_FOR_FORMAL_ESTIMATION,0,1,1,1.0,1.0,1.0,2.0,4.0,9,2.074074074074074,1,1.0,1.5,3.0,8.5,14.800000000000004,26,6.148148148148148
8487,Quercus sinuata var. breviloba,Quercus sinuata var. breviloba,bastard oak,infraspecies,1,NA_NOT_AVAILABLE_IN_FROZEN_REF_SPECIES,0,75,115725,56,166,1441,19,57920,57805,29,27,1411,1397,13,12,6,7,6,0.3157894736842105,0.9230769230769231,1.0833333333333333,0.9310344827586207,1.0740740740740742,0.5789473684210527,8,0.631578947368421,691.4658342969665,5,0.6923076923076923,691.4658342969665,4,0.75,480.23431780746364,CONTINUOUS_METRICS_ONLY_NO_FINAL_RULE,1.0,AVAILABLE_IN_FIADB_NOT_APPLIED; EVALID_LINKAGE_REQUIRED_FOR_FORMAL_ESTIMATION,0,1,1,1.0,1.0,1.0,3.5,5.199999999999999,19,2.9473684210526314,1,1.0,2.0,4.0,7.0,17.59999999999999,60,8.736842105263158
8511,Quercus gravesii,Quercus gravesii,Graves oak,species,1,NA_NOT_AVAILABLE_IN_FROZEN_REF_SPECIES,0,25,115725,1,2,10051,1,57920,57805,1,0,9235,9171,1,0,0,1,0,0.0,0.0,,0.0,,1.0,1,1.0,0.0,1,1.0,0.0,0,,,CONTINUOUS_METRICS_ONLY_NO_FINAL_RULE,1.0,AVAILABLE_IN_FIADB_NOT_APPLIED; EVALID_LINKAGE_REQUIRED_FOR_FORMAL_ESTIMATION,1,1,1,1.0,1.0,1.0,1.0,1.0,1,1.0,2,2.0,2.0,2.0,2.0,2.0,2,2.0
8511,Quercus gravesii,Quercus gravesii,Graves oak,species,1,NA_NOT_AVAILABLE_IN_FROZEN_REF_SPECIES,0,50,115725,1,2,2970,1,57920,57805,1,0,2846,2830,1,0,0,1,0,0.0,0.0,,0.0,,1.0,1,1.0,0.0,1,1.0,0.0,0,,,CONTINUOUS_METRICS_ONLY_NO_FINAL_RULE,1.0,AVAILABLE_IN_FIADB_NOT_APPLIED; EVALID_LINKAGE_REQUIRED_FOR_FORMAL_ESTIMATION,1,1,1,1.0,1.0,1.0,1.0,1.0,1,1.0,2,2.0,2.0,2.0,2.0,2.0,2,2.0
8511,Quercus gravesii,Quercus gravesii,Graves oak,species,1,NA_NOT_AVAILABLE_IN_FROZEN_REF_SPECIES,0,75,115725,1,2,1441,1,57920,57805,1,0,1411,1397,1,0,0,1,0,0.0,0.0,,0.0,,1.0,1,1.0,0.0,1,1.0,0.0,0,,,CONTINUOUS_METRICS_ONLY_NO_FINAL_RULE,1.0,AVAILABLE_IN_FIADB_NOT_APPLIED; EVALID_LINKAGE_REQUIRED_FOR_FORMAL_ESTIMATION,1,1,1,1.0,1.0,1.0,1.0,1.0,1,1.0,2,2.0,2.0,2.0,2.0,2.0,2,2.0
8513,Quercus buckleyi,Quercus buckleyi,Buckley oak,species,1,NA_NOT_AVAILABLE_IN_FROZEN_REF_SPECIES,0,25,115725,98,280,10051,58,57920,57805,52,46,9235,9171,34,37,13,21,24,0.22413793103448276,0.918918918918919,0.918918918918919,0.8846153846153846,1.1304347826086956,0.5517241379310345,11,0.6551724137931034,555.090082779363,17,0.23529411764705882,555.090082779363,17,0.24324324324324326,540.8326913195984,CONTINUOUS_METRICS_ONLY_NO_FINAL_RULE,1.0,AVAILABLE_IN_FIADB_NOT_APPLIED; EVALID_LINKAGE_REQUIRED_FOR_FORMAL_ESTIMATION,0,1,1,1.0,1.0,1.0,2.0,3.0,4,1.6896551724137931,1,1.0,2.0,3.0,6.0,8.0,22,4.827586206896552
8513,Quercus buckleyi,Quercus buckleyi,Buckley oak,species,1,NA_NOT_AVAILABLE_IN_FROZEN_REF_SPECIES,0,50,115725,98,280,2970,31,57920,57805,52,46,2846,2830,24,25,18,6,7,0.5806451612903226,0.96,0.96,0.8846153846153846,1.1304347826086956,0.3870967741935484,3,0.8709677419354839,540.8326913195984,5,0.4583333333333333,540.8326913195984,2,0.88,540.8326913195984,CONTINUOUS_METRICS_ONLY_NO_FINAL_RULE,1.0,AVAILABLE_IN_FIADB_NOT_APPLIED; EVALID_LINKAGE_REQUIRED_FOR_FORMAL_ESTIMATION,0,1,1,1.0,1.0,3.0,5.0,6.0,9,3.161290322580645,1,1.0,3.0,7.0,13.0,21.0,43,9.03225806451613
8513,Quercus buckleyi,Quercus buckleyi,Buckley oak,species,1,NA_NOT_AVAILABLE_IN_FROZEN_REF_SPECIES,0,75,115725,98,280,1441,20,57920,57805,52,46,1411,1397,16,16,12,4,4,0.6,1.0,1.0,0.8846153846153846,1.1304347826086956,0.15,1,1.0,585.768725692999,2,0.875,585.768725692999,2,0.8125,540.8326913195983,CONTINUOUS_METRICS_ONLY_NO_FINAL_RULE,1.0,AVAILABLE_IN_FIADB_NOT_APPLIED; EVALID_LINKAGE_REQUIRED_FOR_FORMAL_ESTIMATION,0,1,1,1.0,2.0,4.0,8.25,9.100000000000001,12,4.9,1,3.0,5.75,11.0,20.25,27.80000000000001,41,14.0
8514,Quercus laceyi,Quercus laceyi,Lacey oak,species,1,NA_NOT_AVAILABLE_IN_FROZEN_REF_SPECIES,0,25,115725,28,186,10051,18,57920,57805,15,13,9235,9171,11,12,5,6,7,0.2777777777777778,0.9166666666666666,0.9166666666666666,0.8666666666666667,1.1538461538461537,0.6666666666666666,6,0.6666666666666666,410.03048667141815,5,0.5454545454545454,145.77379737113253,7,0.4166666666666667,395.2847075210474,CONTINUOUS_METRICS_ONLY_NO_FINAL_RULE,1.0,AVAILABLE_IN_FIADB_NOT_APPLIED; EVALID_LINKAGE_REQUIRED_FOR_FORMAL_ESTIMATION,0,1,1,1.0,1.0,1.0,2.0,2.6000000000000014,4,1.5555555555555556,1,1.7000000000000002,3.0,6.0,9.0,31.000000000000007,43,10.333333333333334
8514,Quercus laceyi,Quercus laceyi,Lacey oak,species,1,NA_NOT_AVAILABLE_IN_FROZEN_REF_SPECIES,0,50,115725,28,186,2970,12,57920,57805,15,13,2846,2830,8,9,5,3,4,0.4166666666666667,0.8888888888888888,0.8888888888888888,0.8666666666666667,1.1538461538461537,0.5833333333333334,4,0.6666666666666666,430.11626335213134,1,1.0,158.11388300841898,4,0.5555555555555556,430.11626335213134,CONTINUOUS_METRICS_ONLY_NO_FINAL_RULE,1.0,AVAILABLE_IN_FIADB_NOT_APPLIED; EVALID_LINKAGE_REQUIRED_FOR_FORMAL_ESTIMATION,0,1,1,1.0,1.0,1.0,2.25,6.600000000000001,7,2.3333333333333335,1,2.1,3.75,6.0,9.25,52.30000000000001,74,15.5
8514,Quercus laceyi,Quercus laceyi,Lacey oak,species,1,NA_NOT_AVAILABLE_IN_FROZEN_REF_SPECIES,0,75,115725,28,186,1441,9,57920,57805,15,13,1411,1397,6,7,4,2,3,0.4444444444444444,0.8571428571428571,0.8571428571428571,0.8666666666666667,1.1538461538461537,0.4444444444444444,3,0.7777777777777778,375.0,1,1.0,167.70509831248424,4,0.5714285714285714,375.0,CONTINUOUS_METRICS_ONLY_NO_FINAL_RULE,1.0,AVAILABLE_IN_FIADB_NOT_APPLIED; EVALID_LINKAGE_REQUIRED_FOR_FORMAL_ESTIMATION,0,1,1,1.0,1.0,2.0,4.0,6.200000000000001,11,3.111111111111111,1,3.4000000000000004,5.0,7.0,14.0,52.000000000000014,100,20.666666666666668
8563,Schinus terebinthifolius,Schinus terebinthifolius,Brazilian peppertree,species,1,NA_NOT_AVAILABLE_IN_FROZEN_REF_SPECIES,0,25,115725,10,26,10051,9,57920,57805,4,6,9235,9171,3,6,0,3,6,0.0,0.5,0.5,0.6666666666666666,0.6666666666666666,0.8888888888888888,7,0.3333333333333333,413.82363393117123,3,0.3333333333333333,180.27756377319946,6,0.16666666666666666,388.1043674065006,CONTINUOUS_METRICS_ONLY_NO_FINAL_RULE,1.0,AVAILABLE_IN_FIADB_NOT_APPLIED; EVALID_LINKAGE_REQUIRED_FOR_FORMAL_ESTIMATION,0,1,1,1.0,1.0,1.0,1.0,1.2000000000000002,2,1.1111111111111112,1,1.0,1.0,3.0,3.0,5.4,7,2.888888888888889
8563,Schinus terebinthifolius,Schinus terebinthifolius,Brazilian peppertree,species,1,NA_NOT_AVAILABLE_IN_FROZEN_REF_SPECIES,0,50,115725,10,26,2970,8,57920,57805,4,6,2846,2830,3,6,1,2,5,0.125,0.5,0.5,0.6666666666666666,0.6666666666666666,0.875,6,0.375,427.20018726587654,3,0.3333333333333333,180.27756377319946,4,0.5,412.31056256176606,CONTINUOUS_METRICS_ONLY_NO_FINAL_RULE,1.0,AVAILABLE_IN_FIADB_NOT_APPLIED; EVALID_LINKAGE_REQUIRED_FOR_FORMAL_ESTIMATION,0,1,1,1.0,1.0,1.0,1.0,1.5999999999999996,3,1.25,1,1.0,1.0,3.0,3.5,6.199999999999999,9,3.25
8563,Schinus terebinthifolius,Schinus terebinthifolius,Brazilian peppertree,species,1,NA_NOT_AVAILABLE_IN_FROZEN_REF_SPECIES,0,75,115725,10,26,1441,6,57920,57805,4,6,1411,1397,3,4,1,2,3,0.16666666666666666,0.75,0.75,0.6666666666666666,0.6666666666666666,0.6666666666666666,4,0.5,403.8873605350878,2,0.6666666666666666,167.70509831248424,3,0.5,382.4264635194588,CONTINUOUS_METRICS_ONLY_NO_FINAL_RULE,1.0,AVAILABLE_IN_FIADB_NOT_APPLIED; EVALID_LINKAGE_REQUIRED_FOR_FORMAL_ESTIMATION,0,1,1,1.0,1.0,1.0,1.75,3.0,4,1.6666666666666667,1,2.0,3.0,3.5,4.75,7.5,10,4.333333333333333
8612,Sideroxylon celastrinum,Sideroxylon celastrinum,saffron plum,species,1,NA_NOT_AVAILABLE_IN_FROZEN_REF_SPECIES,0,25,115725,1,1,10051,1,57920,57805,0,1,9235,9171,0,1,0,0,1,0.0,0.0,0.0,0.0,0.0,1.0,1,1.0,0.0,0,,,1,1.0,0.0,CONTINUOUS_METRICS_ONLY_NO_FINAL_RULE,1.0,AVAILABLE_IN_FIADB_NOT_APPLIED; EVALID_LINKAGE_REQUIRED_FOR_FORMAL_ESTIMATION,1,1,1,1.0,1.0,1.0,1.0,1.0,1,1.0,1,1.0,1.0,1.0,1.0,1.0,1,1.0
8612,Sideroxylon celastrinum,Sideroxylon celastrinum,saffron plum,species,1,NA_NOT_AVAILABLE_IN_FROZEN_REF_SPECIES,0,50,115725,1,1,2970,1,57920,57805,0,1,2846,2830,0,1,0,0,1,0.0,0.0,0.0,0.0,0.0,1.0,1,1.0,0.0,0,,,1,1.0,0.0,CONTINUOUS_METRICS_ONLY_NO_FINAL_RULE,1.0,AVAILABLE_IN_FIADB_NOT_APPLIED; EVALID_LINKAGE_REQUIRED_FOR_FORMAL_ESTIMATION,1,1,1,1.0,1.0,1.0,1.0,1.0,1,1.0,1,1.0,1.0,1.0,1.0,1.0,1,1.0
8612,Sideroxylon celastrinum,Sideroxylon celastrinum,saffron plum,species,1,NA_NOT_AVAILABLE_IN_FROZEN_REF_SPECIES,0,75,115725,1,1,1441,1,57920,57805,0,1,1411,1397,0,1,0,0,1,0.0,0.0,0.0,0.0,0.0,1.0,1,1.0,0.0,0,,,1,1.0,0.0,CONTINUOUS_METRICS_ONLY_NO_FINAL_RULE,1.0,AVAILABLE_IN_FIADB_NOT_APPLIED; EVALID_LINKAGE_REQUIRED_FOR_FORMAL_ESTIMATION,1,1,1,1.0,1.0,1.0,1.0,1.0,1,1.0,1,1.0,1.0,1.0,1.0,1.0,1,1.0
8651,Cordia boissieri,Cordia boissieri,Anacahuita Texas Olive,species,1,NA_NOT_AVAILABLE_IN_FROZEN_REF_SPECIES,0,25,115725,1,1,10051,1,57920,57805,0,1,9235,9171,0,1,0,0,1,0.0,0.0,0.0,0.0,0.0,1.0,1,1.0,0.0,0,,,1,1.0,0.0,CONTINUOUS_METRICS_ONLY_NO_FINAL_RULE,1.0,AVAILABLE_IN_FIADB_NOT_APPLIED; EVALID_LINKAGE_REQUIRED_FOR_FORMAL_ESTIMATION,1,1,1,1.0,1.0,1.0,1.0,1.0,1,1.0,1,1.0,1.0,1.0,1.0,1.0,1,1.0
8651,Cordia boissieri,Cordia boissieri,Anacahuita Texas Olive,species,1,NA_NOT_AVAILABLE_IN_FROZEN_REF_SPECIES,0,50,115725,1,1,2970,1,57920,57805,0,1,2846,2830,0,1,0,0,1,0.0,0.0,0.0,0.0,0.0,1.0,1,1.0,0.0,0,,,1,1.0,0.0,CONTINUOUS_METRICS_ONLY_NO_FINAL_RULE,1.0,AVAILABLE_IN_FIADB_NOT_APPLIED; EVALID_LINKAGE_REQUIRED_FOR_FORMAL_ESTIMATION,1,1,1,1.0,1.0,1.0,1.0,1.0,1,1.0,1,1.0,1.0,1.0,1.0,1.0,1,1.0
8651,Cordia boissieri,Cordia boissieri,Anacahuita Texas Olive,species,1,NA_NOT_AVAILABLE_IN_FROZEN_REF_SPECIES,0,75,115725,1,1,1441,1,57920,57805,0,1,1411,1397,0,1,0,0,1,0.0,0.0,0.0,0.0,0.0,1.0,1,1.0,0.0,0,,,1,1.0,0.0,CONTINUOUS_METRICS_ONLY_NO_FINAL_RULE,1.0,AVAILABLE_IN_FIADB_NOT_APPLIED; EVALID_LINKAGE_REQUIRED_FOR_FORMAL_ESTIMATION,1,1,1,1.0,1.0,1.0,1.0,1.0,1,1.0,1,1.0,1.0,1.0,1.0,1.0,1,1.0
8813,Tilia cordata,Tilia cordata,littleleaf linden,species,1,NA_NOT_AVAILABLE_IN_FROZEN_REF_SPECIES,0,25,115725,1,1,10051,1,57920,57805,1,0,9235,9171,1,0,0,1,0,0.0,0.0,,0.0,,1.0,1,1.0,0.0,1,1.0,0.0,0,,,CONTINUOUS_METRICS_ONLY_NO_FINAL_RULE,1.0,AVAILABLE_IN_FIADB_NOT_APPLIED; EVALID_LINKAGE_REQUIRED_FOR_FORMAL_ESTIMATION,1,1,1,1.0,1.0,1.0,1.0,1.0,1,1.0,1,1.0,1.0,1.0,1.0,1.0,1,1.0
8813,Tilia cordata,Tilia cordata,littleleaf linden,species,1,NA_NOT_AVAILABLE_IN_FROZEN_REF_SPECIES,0,50,115725,1,1,2970,1,57920,57805,1,0,2846,2830,1,0,0,1,0,0.0,0.0,,0.0,,1.0,1,1.0,0.0,1,1.0,0.0,0,,,CONTINUOUS_METRICS_ONLY_NO_FINAL_RULE,1.0,AVAILABLE_IN_FIADB_NOT_APPLIED; EVALID_LINKAGE_REQUIRED_FOR_FORMAL_ESTIMATION,1,1,1,1.0,1.0,1.0,1.0,1.0,1,1.0,1,1.0,1.0,1.0,1.0,1.0,1,1.0
8813,Tilia cordata,Tilia cordata,littleleaf linden,species,1,NA_NOT_AVAILABLE_IN_FROZEN_REF_SPECIES,0,75,115725,1,1,1441,1,57920,57805,1,0,1411,1397,1,0,0,1,0,0.0,0.0,,0.0,,1.0,1,1.0,0.0,1,1.0,0.0,0,,,CONTINUOUS_METRICS_ONLY_NO_FINAL_RULE,1.0,AVAILABLE_IN_FIADB_NOT_APPLIED; EVALID_LINKAGE_REQUIRED_FOR_FORMAL_ESTIMATION,1,1,1,1.0,1.0,1.0,1.0,1.0,1,1.0,1,1.0,1.0,1.0,1.0,1.0,1,1.0
8851,Ulmus parvifolia,Ulmus parvifolia,Chinese elm,species,1,NA_NOT_AVAILABLE_IN_FROZEN_REF_SPECIES,0,25,115725,2,9,10051,2,57920,57805,0,2,9235,9171,0,2,0,0,2,0.0,0.0,0.0,0.0,0.0,1.0,2,0.5,2638.6549603917524,0,,,2,0.5,2638.6549603917524,CONTINUOUS_METRICS_ONLY_NO_FINAL_RULE,1.0,AVAILABLE_IN_FIADB_NOT_APPLIED; EVALID_LINKAGE_REQUIRED_FOR_FORMAL_ESTIMATION,1,1,1,1.0,1.0,1.0,1.0,1.0,1,1.0,4,4.1,4.25,4.5,4.75,4.9,5,4.5
8851,Ulmus parvifolia,Ulmus parvifolia,Chinese elm,species,1,NA_NOT_AVAILABLE_IN_FROZEN_REF_SPECIES,0,50,115725,2,9,2970,2,57920,57805,0,2,2846,2830,0,2,0,0,2,0.0,0.0,0.0,0.0,0.0,1.0,2,0.5,2638.6549603917524,0,,,2,0.5,2638.6549603917524,CONTINUOUS_METRICS_ONLY_NO_FINAL_RULE,1.0,AVAILABLE_IN_FIADB_NOT_APPLIED; EVALID_LINKAGE_REQUIRED_FOR_FORMAL_ESTIMATION,1,1,1,1.0,1.0,1.0,1.0,1.0,1,1.0,4,4.1,4.25,4.5,4.75,4.9,5,4.5
8851,Ulmus parvifolia,Ulmus parvifolia,Chinese elm,species,1,NA_NOT_AVAILABLE_IN_FROZEN_REF_SPECIES,0,75,115725,2,9,1441,2,57920,57805,0,2,1411,1397,0,2,0,0,2,0.0,0.0,0.0,0.0,0.0,1.0,2,0.5,2683.281572999748,0,,,2,0.5,2683.281572999748,CONTINUOUS_METRICS_ONLY_NO_FINAL_RULE,1.0,AVAILABLE_IN_FIADB_NOT_APPLIED; EVALID_LINKAGE_REQUIRED_FOR_FORMAL_ESTIMATION,1,1,1,1.0,1.0,1.0,1.0,1.0,1,1.0,4,4.1,4.25,4.5,4.75,4.9,5,4.5
8860,Vaccinium arboreum,Vaccinium arboreum,farkleberry,species,1,NA_NOT_AVAILABLE_IN_FROZEN_REF_SPECIES,0,25,115725,2,2,10051,2,57920,57805,1,1,9235,9171,1,1,0,1,1,0.0,1.0,1.0,1.0,1.0,1.0,2,0.5,494.9747468305833,1,1.0,0.0,1,1.0,0.0,CONTINUOUS_METRICS_ONLY_NO_FINAL_RULE,1.0,AVAILABLE_IN_FIADB_NOT_APPLIED; EVALID_LINKAGE_REQUIRED_FOR_FORMAL_ESTIMATION,1,1,1,1.0,1.0,1.0,1.0,1.0,1,1.0,1,1.0,1.0,1.0,1.0,1.0,1,1.0
8860,Vaccinium arboreum,Vaccinium arboreum,farkleberry,species,1,NA_NOT_AVAILABLE_IN_FROZEN_REF_SPECIES,0,50,115725,2,2,2970,2,57920,57805,1,1,2846,2830,1,1,0,1,1,0.0,1.0,1.0,1.0,1.0,1.0,2,0.5,494.9747468305833,1,1.0,0.0,1,1.0,0.0,CONTINUOUS_METRICS_ONLY_NO_FINAL_RULE,1.0,AVAILABLE_IN_FIADB_NOT_APPLIED; EVALID_LINKAGE_REQUIRED_FOR_FORMAL_ESTIMATION,1,1,1,1.0,1.0,1.0,1.0,1.0,1,1.0,1,1.0,1.0,1.0,1.0,1.0,1,1.0
8860,Vaccinium arboreum,Vaccinium arboreum,farkleberry,species,1,NA_NOT_AVAILABLE_IN_FROZEN_REF_SPECIES,0,75,115725,2,2,1441,2,57920,57805,1,1,1411,1397,1,1,0,1,1,0.0,1.0,1.0,1.0,1.0,1.0,2,0.5,530.3300858899106,1,1.0,0.0,1,1.0,0.0,CONTINUOUS_METRICS_ONLY_NO_FINAL_RULE,1.0,AVAILABLE_IN_FIADB_NOT_APPLIED; EVALID_LINKAGE_REQUIRED_FOR_FORMAL_ESTIMATION,1,1,1,1.0,1.0,1.0,1.0,1.0,1,1.0,1,1.0,1.0,1.0,1.0,1.0,1,1.0
8944,Zanthoxylum clava-herculis,Zanthoxylum clava-herculis,Hercules' club,species,1,NA_NOT_AVAILABLE_IN_FROZEN_REF_SPECIES,0,25,115725,8,14,10051,8,57920,57805,5,3,9235,9171,5,3,0,5,3,0.0,0.6,1.6666666666666667,0.6,1.6666666666666667,1.0,7,0.25,1166.1903789690602,5,0.2,797.6528066771908,3,0.3333333333333333,1141.2712210513328,CONTINUOUS_METRICS_ONLY_NO_FINAL_RULE,1.0,AVAILABLE_IN_FIADB_NOT_APPLIED; EVALID_LINKAGE_REQUIRED_FOR_FORMAL_ESTIMATION,0,1,1,1.0,1.0,1.0,1.0,1.0,1,1.0,1,1.0,1.0,1.0,1.25,3.1999999999999993,6,1.75
8944,Zanthoxylum clava-herculis,Zanthoxylum clava-herculis,Hercules' club,species,1,NA_NOT_AVAILABLE_IN_FROZEN_REF_SPECIES,0,50,115725,8,14,2970,8,57920,57805,5,3,2846,2830,5,3,0,5,3,0.0,0.6,1.6666666666666667,0.6,1.6666666666666667,1.0,7,0.25,1166.1903789690602,5,0.2,832.1658488546619,3,0.3333333333333333,1141.2712210513328,CONTINUOUS_METRICS_ONLY_NO_FINAL_RULE,1.0,AVAILABLE_IN_FIADB_NOT_APPLIED; EVALID_LINKAGE_REQUIRED_FOR_FORMAL_ESTIMATION,0,1,1,1.0,1.0,1.0,1.0,1.0,1,1.0,1,1.0,1.0,1.0,1.25,3.1999999999999993,6,1.75
8944,Zanthoxylum clava-herculis,Zanthoxylum clava-herculis,Hercules' club,species,1,NA_NOT_AVAILABLE_IN_FROZEN_REF_SPECIES,0,75,115725,8,14,1441,7,57920,57805,5,3,1411,1397,5,3,1,4,2,0.14285714285714285,0.6,1.6666666666666667,0.6,1.6666666666666667,0.8571428571428571,7,0.14285714285714285,1144.825314185531,5,0.2,772.172260574025,3,0.3333333333333333,1144.825314185531,CONTINUOUS_METRICS_ONLY_NO_FINAL_RULE,1.0,AVAILABLE_IN_FIADB_NOT_APPLIED; EVALID_LINKAGE_REQUIRED_FOR_FORMAL_ESTIMATION,0,1,1,1.0,1.0,1.0,1.0,1.4000000000000004,2,1.1428571428571428,1,1.0,1.0,1.0,2.0,4.200000000000001,6,2.0
