fia_species_code,FIA_name,USGS_original_map_name,USGS_accepted_name,mapping_type,n_US_cells,n_CONUS_cells,n_Canada_cells,n_US_plus_Canada_cells,US_share_USCA,CONUS_share_USCA,Canada_extension_flag,USGS_full_support_components,US_only_support_components,CONUS_only_support_components,full_vs_US_component_change,full_vs_CONUS_component_change,full_largest_component_fraction,US_largest_component_fraction,CONUS_largest_component_fraction,full_vs_US_largest_component_fraction_change,full_vs_US_cell_loss,full_vs_US_cell_loss_fraction,full_span_km,US_span_km,CONUS_span_km,full_vs_US_span_change_km,US_span_fraction_retained,Mexico_or_global_extension_status,notes
11,Abies amabilis,Abies amabilis,Abies amabilis,exact,83,78,179,262,0.31679389312977096,0.29770992366412213,1,12,5,3,-7,-9,0.6450381679389313,0.5421686746987951,0.5769230769230769,-0.10286949324013617,179,0.683206106870229,1559.0461827668864,1552.4174696260025,670.820393249937,-6.628713140883974,0.9957482252840517,NOT_ASSESSED,Official CSV is primary. Components use frozen 4-neighbor grid adjacency; span is bounding-box diagonal. US includes Alaska; CONUS is also reported separately.
12,Abies balsamea,Abies balsamea,Abies balsamea,exact,688,688,4256,4944,0.13915857605177995,0.13915857605177995,1,35,24,24,-11,-11,0.9336569579288025,0.4883720930232558,0.4883720930232558,-0.44528486490554675,4256,0.86084142394822,4682.413907377262,2384.585917932084,2384.585917932084,-2297.827989445178,0.509264231035857,NOT_ASSESSED,Official CSV is primary. Components use frozen 4-neighbor grid adjacency; span is bounding-box diagonal. US includes Alaska; CONUS is also reported separately.
15,Abies concolor,Abies concolor,Abies concolor,exact,261,261,0,261,1.0,1.0,0,62,62,62,0,0,0.31800766283524906,0.31800766283524906,0.31800766283524906,0.0,0,0.0,2086.2646045025067,2086.2646045025067,2086.2646045025067,0.0,1.0,NOT_ASSESSED,Official CSV is primary. Components use frozen 4-neighbor grid adjacency; span is bounding-box diagonal. US includes Alaska; CONUS is also reported separately.
16,Abies fraseri,Abies fraseri,Abies fraseri,exact,3,3,0,3,1.0,1.0,0,3,3,3,0,0,0.3333333333333333,0.3333333333333333,0.3333333333333333,0.0,0,0.0,141.4213562373095,141.4213562373095,141.4213562373095,0.0,1.0,NOT_ASSESSED,Official CSV is primary. Components use frozen 4-neighbor grid adjacency; span is bounding-box diagonal. US includes Alaska; CONUS is also reported separately.
17,Abies grandis,Abies grandis,Abies grandis,exact,305,305,40,345,0.8840579710144928,0.8840579710144928,1,36,29,29,-7,-7,0.5391304347826087,0.5836065573770491,0.5836065573770491,0.04447612259444045,40,0.11594202898550725,1600.7810593582121,1450.0,1450.0,-150.78105935821213,0.9058078189539152,NOT_ASSESSED,Official CSV is primary. Components use frozen 4-neighbor grid adjacency; span is bounding-box diagonal. US includes Alaska; CONUS is also reported separately.
19,Abies lasiocarpa,Abies lasiocarpa,Abies lasiocarpa,exact,517,513,1334,1851,0.2793084819016748,0.2771474878444084,1,79,75,71,-4,-8,0.833063209076175,0.4119922630560928,0.4152046783625731,-0.4210709460200822,1334,0.7206915180983252,4108.603777440701,3534.1194094144585,2343.608329051593,-574.4843680262429,0.8601752811549777,NOT_ASSESSED,Official CSV is primary. Components use frozen 4-neighbor grid adjacency; span is bounding-box diagonal. US includes Alaska; CONUS is also reported separately.
20,Abies magnifica,Abies magnifica,Abies magnifica,exact,45,45,0,45,1.0,1.0,0,13,13,13,0,0,0.5111111111111111,0.5111111111111111,0.5111111111111111,0.0,0,0.0,869.6263565463044,869.6263565463044,869.6263565463044,0.0,1.0,NOT_ASSESSED,Official CSV is primary. Components use frozen 4-neighbor grid adjacency; span is bounding-box diagonal. US includes Alaska; CONUS is also reported separately.
22,Abies procera,Abies procera,Abies procera,exact,48,48,0,48,1.0,1.0,0,12,12,12,0,0,0.25,0.25,0.25,0.0,0,0.0,651.9202405202649,651.9202405202649,651.9202405202649,0.0,1.0,NOT_ASSESSED,Official CSV is primary. Components use frozen 4-neighbor grid adjacency; span is bounding-box diagonal. US includes Alaska; CONUS is also reported separately.
41,Chamaecyparis lawsoniana,Chamaecyparis lawsoniana,Chamaecyparis lawsoniana,exact,21,21,0,21,1.0,1.0,0,2,2,2,0,0,0.7142857142857143,0.7142857142857143,0.7142857142857143,0.0,0,0.0,292.61749776799064,292.61749776799064,292.61749776799064,0.0,1.0,NOT_ASSESSED,Official CSV is primary. Components use frozen 4-neighbor grid adjacency; span is bounding-box diagonal. US includes Alaska; CONUS is also reported separately.
42,Chamaecyparis nootkatensis,Chamaecyparis nootkatensis,Chamaecyparis nootkatensis,exact,130,66,180,310,0.41935483870967744,0.2129032258064516,1,34,31,9,-3,-25,0.6612903225806451,0.16923076923076924,0.3333333333333333,-0.4920595533498759,180,0.5806451612903226,2832.9534058999275,2751.363298439521,850.0,-81.59010746040667,0.9711996295842753,NOT_ASSESSED,Official CSV is primary. Components use frozen 4-neighbor grid adjacency; span is bounding-box diagonal. US includes Alaska; CONUS is also reported separately.
43,Chamaecyparis thyoides,Chamaecyparis thyoides,Chamaecyparis thyoides,exact,208,208,0,208,1.0,1.0,0,16,16,16,0,0,0.41346153846153844,0.41346153846153844,0.41346153846153844,0.0,0,0.0,2316.3818769797003,2316.3818769797003,2316.3818769797003,0.0,1.0,NOT_ASSESSED,Official CSV is primary. Components use frozen 4-neighbor grid adjacency; span is bounding-box diagonal. US includes Alaska; CONUS is also reported separately.
51,Cupressus arizonica,Cupressus arizonica,Cupressus arizonica,exact,5,5,0,5,1.0,1.0,0,3,3,3,0,0,0.4,0.4,0.4,0.0,0,0.0,930.0537618869138,930.0537618869138,930.0537618869138,0.0,1.0,NOT_ASSESSED,Official CSV is primary. Components use frozen 4-neighbor grid adjacency; span is bounding-box diagonal. US includes Alaska; CONUS is also reported separately.
55,Cupressus sargentii,Cupressus sargentii,Cupressus sargentii,exact,5,5,0,5,1.0,1.0,0,2,2,2,0,0,0.8,0.8,0.8,0.0,0,0.0,158.11388300841898,158.11388300841898,158.11388300841898,0.0,1.0,NOT_ASSESSED,Official CSV is primary. Components use frozen 4-neighbor grid adjacency; span is bounding-box diagonal. US includes Alaska; CONUS is also reported separately.
58,Juniperus pinchotii,Juniperus pinchotii,Juniperus pinchotii,exact,144,144,0,144,1.0,1.0,0,17,17,17,0,0,0.8125,0.8125,0.8125,0.0,0,0.0,955.24865872714,955.24865872714,955.24865872714,0.0,1.0,NOT_ASSESSED,Official CSV is primary. Components use frozen 4-neighbor grid adjacency; span is bounding-box diagonal. US includes Alaska; CONUS is also reported separately.
61,Juniperus ashei,Juniperus ashei,Juniperus ashei,exact,66,66,0,66,1.0,1.0,0,20,20,20,0,0,0.45454545454545453,0.45454545454545453,0.45454545454545453,0.0,0,0.0,1131.9231422671771,1131.9231422671771,1131.9231422671771,0.0,1.0,NOT_ASSESSED,Official CSV is primary. Components use frozen 4-neighbor grid adjacency; span is bounding-box diagonal. US includes Alaska; CONUS is also reported separately.
62,Juniperus californica,Juniperus californica,Juniperus californica,exact,125,125,0,125,1.0,1.0,0,12,12,12,0,0,0.68,0.68,0.68,0.0,0,0.0,1269.3502274786103,1269.3502274786103,1269.3502274786103,0.0,1.0,NOT_ASSESSED,Official CSV is primary. Components use frozen 4-neighbor grid adjacency; span is bounding-box diagonal. US includes Alaska; CONUS is also reported separately.
63,Juniperus deppeana,Juniperus deppeana,Juniperus deppeana,exact,80,80,0,80,1.0,1.0,0,20,20,20,0,0,0.3875,0.3875,0.3875,0.0,0,0.0,1063.014581273465,1063.014581273465,1063.014581273465,0.0,1.0,NOT_ASSESSED,Official CSV is primary. Components use frozen 4-neighbor grid adjacency; span is bounding-box diagonal. US includes Alaska; CONUS is also reported separately.
64,Juniperus occidentalis,Juniperus occidentalis,Juniperus occidentalis,exact,165,165,0,165,1.0,1.0,0,27,27,27,0,0,0.6363636363636364,0.6363636363636364,0.6363636363636364,0.0,0,0.0,1592.3645939294179,1592.3645939294179,1592.3645939294179,0.0,1.0,NOT_ASSESSED,Official CSV is primary. Components use frozen 4-neighbor grid adjacency; span is bounding-box diagonal. US includes Alaska; CONUS is also reported separately.
65,Juniperus osteosperma,Juniperus osteosperma,Juniperus osteosperma,exact,415,415,0,415,1.0,1.0,0,77,77,77,0,0,0.3228915662650602,0.3228915662650602,0.3228915662650602,0.0,0,0.0,1803.4688796871433,1803.4688796871433,1803.4688796871433,0.0,1.0,NOT_ASSESSED,Official CSV is primary. Components use frozen 4-neighbor grid adjacency; span is bounding-box diagonal. US includes Alaska; CONUS is also reported separately.
66,Juniperus scopulorum,Juniperus scopulorum,Juniperus scopulorum,exact,546,546,298,844,0.6469194312796208,0.6469194312796208,1,102,95,95,-7,-7,0.34360189573459715,0.3058608058608059,0.3058608058608059,-0.03774108987379127,298,0.35308056872037913,3234.3855676155868,2530.3161857759987,2530.3161857759987,-704.069381839588,0.7823174240915769,NOT_ASSESSED,Official CSV is primary. Components use frozen 4-neighbor grid adjacency; span is bounding-box diagonal. US includes Alaska; CONUS is also reported separately.
68,Juniperus virginiana,Juniperus virginiana,Juniperus virginiana,exact,4077,4077,120,4197,0.9714081486776269,0.9714081486776269,1,24,18,18,-6,-6,0.9802239695020253,0.9862644101054697,0.9862644101054697,0.006040440603444441,120,0.028591851322373123,3236.7035699921607,3236.7035699921607,3236.7035699921607,0.0,1.0,NOT_ASSESSED,Official CSV is primary. Components use frozen 4-neighbor grid adjacency; span is bounding-box diagonal. US includes Alaska; CONUS is also reported separately.
69,Juniperus monosperma,Juniperus monosperma,Juniperus monosperma,exact,212,212,0,212,1.0,1.0,0,47,47,47,0,0,0.24528301886792453,0.24528301886792453,0.24528301886792453,0.0,0,0.0,1467.353059082919,1467.353059082919,1467.353059082919,0.0,1.0,NOT_ASSESSED,Official CSV is primary. Components use frozen 4-neighbor grid adjacency; span is bounding-box diagonal. US includes Alaska; CONUS is also reported separately.
71,Larix laricina,Larix laricina,Larix laricina,exact,1409,1074,7353,8762,0.16080803469527505,0.12257475462223237,1,34,27,22,-7,-12,0.934489842501712,0.31511710432931156,0.4134078212290503,-0.6193727381724004,7353,0.839191965304725,6860.849072818903,6216.359465153218,2404.4230077089182,-644.4896076656851,0.906062704364245,NOT_ASSESSED,Official CSV is primary. Components use frozen 4-neighbor grid adjacency; span is bounding-box diagonal. US includes Alaska; CONUS is also reported separately.
72,Larix lyallii,Larix lyallii,Larix lyallii,exact,26,26,24,50,0.52,0.52,1,20,12,12,-8,-8,0.22,0.3076923076923077,0.3076923076923077,0.08769230769230771,24,0.48,855.1315688243536,707.9901129253149,707.9901129253149,-147.14145589903876,0.827931208174982,NOT_ASSESSED,Official CSV is primary. Components use frozen 4-neighbor grid adjacency; span is bounding-box diagonal. US includes Alaska; CONUS is also reported separately.
73,Larix occidentalis,Larix occidentalis,Larix occidentalis,exact,185,185,60,245,0.7551020408163265,0.7551020408163265,1,19,18,18,-1,-1,0.6938775510204082,0.6054054054054054,0.6054054054054054,-0.08847214561500272,60,0.24489795918367346,992.4716620639604,851.4693182963201,851.4693182963201,-141.00234376764024,0.8579280908893565,NOT_ASSESSED,Official CSV is primary. Components use frozen 4-neighbor grid adjacency; span is bounding-box diagonal. US includes Alaska; CONUS is also reported separately.
92,Picea breweriana,Picea breweriana,Picea breweriana,exact,2,2,0,2,1.0,1.0,0,2,2,2,0,0,0.5,0.5,0.5,0.0,0,0.0,50.0,50.0,50.0,0.0,1.0,NOT_ASSESSED,Official CSV is primary. Components use frozen 4-neighbor grid adjacency; span is bounding-box diagonal. US includes Alaska; CONUS is also reported separately.
93,Picea engelmannii,Picea engelmannii,Picea engelmannii,exact,530,530,537,1067,0.4967197750702905,0.4967197750702905,1,65,66,66,1,1,0.7460168697282099,0.44528301886792454,0.44528301886792454,-0.30073385086028537,537,0.5032802249297095,2974.0544715926103,2351.1965039102965,2351.1965039102965,-622.8579676823138,0.7905694150420949,NOT_ASSESSED,Official CSV is primary. Components use frozen 4-neighbor grid adjacency; span is bounding-box diagonal. US includes Alaska; CONUS is also reported separately.
94,Picea glauca,Picea glauca,Picea glauca,exact,1456,482,8489,9945,0.14640522875816994,0.04846656611362494,1,60,46,14,-14,-46,0.9613876319758673,0.6188186813186813,0.5622406639004149,-0.34256895065718596,8489,0.85359477124183,7022.997935354958,6373.627303192429,3480.3915009665216,-649.3706321625286,0.9075365480468837,NOT_ASSESSED,Official CSV is primary. Components use frozen 4-neighbor grid adjacency; span is bounding-box diagonal. US includes Alaska; CONUS is also reported separately.
95,Picea mariana,Picea mariana,Picea mariana,exact,1405,711,8631,10036,0.13999601434834597,0.07084495815065764,1,49,33,25,-16,-24,0.9612395376644082,0.47473309608540926,0.43741209563994377,-0.4865064415789989,8631,0.860003985651654,6757.588327206682,6111.7202979194,2294.6949688357277,-645.8680292872823,0.9044232945225507,NOT_ASSESSED,Official CSV is primary. Components use frozen 4-neighbor grid adjacency; span is bounding-box diagonal. US includes Alaska; CONUS is also reported separately.
96,Picea pungens,Picea pungens,Picea pungens,exact,127,127,0,127,1.0,1.0,0,31,31,31,0,0,0.3937007874015748,0.3937007874015748,0.3937007874015748,0.0,0,0.0,1243.4830115445886,1243.4830115445886,1243.4830115445886,0.0,1.0,NOT_ASSESSED,Official CSV is primary. Components use frozen 4-neighbor grid adjacency; span is bounding-box diagonal. US includes Alaska; CONUS is also reported separately.
97,Picea rubens,Picea rubens,Picea rubens,exact,280,280,319,599,0.4674457429048414,0.4674457429048414,1,30,22,22,-8,-8,0.8414023372287145,0.8214285714285714,0.8214285714285714,-0.019973765800143095,319,0.5325542570951586,2235.0894836672646,1848.140957827622,1848.140957827622,-386.94852583964257,0.8268755999850397,NOT_ASSESSED,Official CSV is primary. Components use frozen 4-neighbor grid adjacency; span is bounding-box diagonal. US includes Alaska; CONUS is also reported separately.
98,Picea sitchensis,Picea sitchensis,Picea sitchensis,exact,239,107,179,418,0.5717703349282297,0.25598086124401914,1,57,48,6,-9,-51,0.2511961722488038,0.3723849372384937,0.8317757009345794,0.12118876498968989,179,0.42822966507177035,5493.462023168996,3200.878785583734,1063.6023693091324,-2292.583237585262,0.5826705949879769,NOT_ASSESSED,Official CSV is primary. Components use frozen 4-neighbor grid adjacency; span is bounding-box diagonal. US includes Alaska; CONUS is also reported separately.
101,Pinus albicaulis,Pinus albicaulis,Pinus albicaulis,exact,224,224,358,582,0.3848797250859107,0.3848797250859107,1,57,55,55,-2,-2,0.4209621993127148,0.24107142857142858,0.24107142857142858,-0.1798907707412862,358,0.6151202749140894,2326.4780248263683,1760.8591652940333,1760.8591652940333,-565.6188595323349,0.7568776263964287,NOT_ASSESSED,Official CSV is primary. Components use frozen 4-neighbor grid adjacency; span is bounding-box diagonal. US includes Alaska; CONUS is also reported separately.
102,Pinus aristata,Pinus aristata,Pinus aristata,exact,17,17,0,17,1.0,1.0,0,9,9,9,0,0,0.35294117647058826,0.35294117647058826,0.35294117647058826,0.0,0,0.0,436.60622991432444,436.60622991432444,436.60622991432444,0.0,1.0,NOT_ASSESSED,Official CSV is primary. Components use frozen 4-neighbor grid adjacency; span is bounding-box diagonal. US includes Alaska; CONUS is also reported separately.
103,Pinus attenuata,Pinus attenuata,Pinus attenuata,exact,26,26,0,26,1.0,1.0,0,16,16,16,0,0,0.34615384615384615,0.34615384615384615,0.34615384615384615,0.0,0,0.0,824.6211251235321,824.6211251235321,824.6211251235321,0.0,1.0,NOT_ASSESSED,Official CSV is primary. Components use frozen 4-neighbor grid adjacency; span is bounding-box diagonal. US includes Alaska; CONUS is also reported separately.
104,Pinus balfouriana,Pinus balfouriana,Pinus balfouriana,exact,5,5,0,5,1.0,1.0,0,2,2,2,0,0,0.6,0.6,0.6,0.0,0,0.0,640.8002808988148,640.8002808988148,640.8002808988148,0.0,1.0,NOT_ASSESSED,Official CSV is primary. Components use frozen 4-neighbor grid adjacency; span is bounding-box diagonal. US includes Alaska; CONUS is also reported separately.
105,Pinus banksiana,Pinus banksiana,Pinus banksiana,exact,374,374,4296,4670,0.08008565310492505,0.08008565310492505,1,39,23,23,-16,-16,0.9402569593147752,0.7058823529411765,0.7058823529411765,-0.23437460637359864,4296,0.9199143468950749,4772.054065075123,2275.0,2275.0,-2497.0540650751227,0.4767339114302735,NOT_ASSESSED,Official CSV is primary. Components use frozen 4-neighbor grid adjacency; span is bounding-box diagonal. US includes Alaska; CONUS is also reported separately.
106,Pinus edulis,Pinus edulis,Pinus edulis,exact,364,364,0,364,1.0,1.0,0,66,66,66,0,0,0.13736263736263737,0.13736263736263737,0.13736263736263737,0.0,0,0.0,1468.2046860026023,1468.2046860026023,1468.2046860026023,0.0,1.0,NOT_ASSESSED,Official CSV is primary. Components use frozen 4-neighbor grid adjacency; span is bounding-box diagonal. US includes Alaska; CONUS is also reported separately.
107,Pinus clausa,Pinus clausa,Pinus clausa,exact,87,87,0,87,1.0,1.0,0,7,7,7,0,0,0.8620689655172413,0.8620689655172413,0.8620689655172413,0.0,0,0.0,838.525491562421,838.525491562421,838.525491562421,0.0,1.0,NOT_ASSESSED,Official CSV is primary. Components use frozen 4-neighbor grid adjacency; span is bounding-box diagonal. US includes Alaska; CONUS is also reported separately.
108,Pinus contorta,Pinus contorta,Pinus contorta,exact,699,641,1620,2319,0.3014230271668823,0.27641224665804226,1,93,76,59,-17,-34,0.7869771453212592,0.37339055793991416,0.40717628705148207,-0.413586587381345,1620,0.6985769728331177,3772.0186903036415,3376.481156470446,2194.5956347354745,-395.53753383319554,0.8951390312964341,NOT_ASSESSED,Official CSV is primary. Components use frozen 4-neighbor grid adjacency; span is bounding-box diagonal. US includes Alaska; CONUS is also reported separately.
109,Pinus coulteri,Pinus coulteri,Pinus coulteri,exact,6,6,0,6,1.0,1.0,0,5,5,5,0,0,0.3333333333333333,0.3333333333333333,0.3333333333333333,0.0,0,0.0,590.0211860602974,590.0211860602974,590.0211860602974,0.0,1.0,NOT_ASSESSED,Official CSV is primary. Components use frozen 4-neighbor grid adjacency; span is bounding-box diagonal. US includes Alaska; CONUS is also reported separately.
110,Pinus echinata,Pinus echinata,Pinus echinata,exact,1645,1645,0,1645,1.0,1.0,0,22,22,22,0,0,0.7410334346504559,0.7410334346504559,0.7410334346504559,0.0,0,0.0,2375.3947040439407,2375.3947040439407,2375.3947040439407,0.0,1.0,NOT_ASSESSED,Official CSV is primary. Components use frozen 4-neighbor grid adjacency; span is bounding-box diagonal. US includes Alaska; CONUS is also reported separately.
111,Pinus elliottii,Pinus elliottii,Pinus elliottii,exact,379,379,0,379,1.0,1.0,0,8,8,8,0,0,0.9604221635883905,0.9604221635883905,0.9604221635883905,0.0,0,0.0,1355.0830232867652,1355.0830232867652,1355.0830232867652,0.0,1.0,NOT_ASSESSED,Official CSV is primary. Components use frozen 4-neighbor grid adjacency; span is bounding-box diagonal. US includes Alaska; CONUS is also reported separately.
112,Pinus engelmannii,Pinus engelmannii,Pinus engelmannii,exact,7,7,0,7,1.0,1.0,0,6,6,6,0,0,0.2857142857142857,0.2857142857142857,0.2857142857142857,0.0,0,0.0,235.8495283014151,235.8495283014151,235.8495283014151,0.0,1.0,NOT_ASSESSED,Official CSV is primary. Components use frozen 4-neighbor grid adjacency; span is bounding-box diagonal. US includes Alaska; CONUS is also reported separately.
113,Pinus flexilis,Pinus flexilis,Pinus flexilis,exact,327,327,24,351,0.9316239316239316,0.9316239316239316,1,83,78,78,-5,-5,0.2535612535612536,0.27217125382262997,0.27217125382262997,0.01861000026137638,24,0.06837606837606838,2419.969008066012,2096.7236346261757,2096.7236346261757,-323.2453734398364,0.8664258210074487,NOT_ASSESSED,Official CSV is primary. Components use frozen 4-neighbor grid adjacency; span is bounding-box diagonal. US includes Alaska; CONUS is also reported separately.
114,Pinus strobiformis,Pinus strobiformis,Pinus strobiformis,exact,23,23,0,23,1.0,1.0,0,11,11,11,0,0,0.34782608695652173,0.34782608695652173,0.34782608695652173,0.0,0,0.0,765.2613932506983,765.2613932506983,765.2613932506983,0.0,1.0,NOT_ASSESSED,Official CSV is primary. Components use frozen 4-neighbor grid adjacency; span is bounding-box diagonal. US includes Alaska; CONUS is also reported separately.
115,Pinus glabra,Pinus glabra,Pinus glabra,exact,337,337,0,337,1.0,1.0,0,4,4,4,0,0,0.9910979228486647,0.9910979228486647,0.9910979228486647,0.0,0,0.0,1129.4356998076519,1129.4356998076519,1129.4356998076519,0.0,1.0,NOT_ASSESSED,Official CSV is primary. Components use frozen 4-neighbor grid adjacency; span is bounding-box diagonal. US includes Alaska; CONUS is also reported separately.
116,Pinus jeffreyi,Pinus jeffreyi,Pinus jeffreyi,exact,115,115,0,115,1.0,1.0,0,19,19,19,0,0,0.7043478260869566,0.7043478260869566,0.7043478260869566,0.0,0,0.0,1258.2229532161618,1258.2229532161618,1258.2229532161618,0.0,1.0,NOT_ASSESSED,Official CSV is primary. Components use frozen 4-neighbor grid adjacency; span is bounding-box diagonal. US includes Alaska; CONUS is also reported separately.
117,Pinus lambertiana,Pinus lambertiana,Pinus lambertiana,exact,157,157,0,157,1.0,1.0,0,16,16,16,0,0,0.89171974522293,0.89171974522293,0.89171974522293,0.0,0,0.0,1377.043935392041,1377.043935392041,1377.043935392041,0.0,1.0,NOT_ASSESSED,Official CSV is primary. Components use frozen 4-neighbor grid adjacency; span is bounding-box diagonal. US includes Alaska; CONUS is also reported separately.
118,Pinus leiophylla,Pinus leiophylla,Pinus leiophylla,exact,13,13,0,13,1.0,1.0,0,12,12,12,0,0,0.15384615384615385,0.15384615384615385,0.15384615384615385,0.0,0,0.0,425.73465914816006,425.73465914816006,425.73465914816006,0.0,1.0,NOT_ASSESSED,Official CSV is primary. Components use frozen 4-neighbor grid adjacency; span is bounding-box diagonal. US includes Alaska; CONUS is also reported separately.
119,Pinus monticola,Pinus monticola,Pinus monticola,exact,278,278,184,462,0.6017316017316018,0.6017316017316018,1,36,25,25,-11,-11,0.3463203463203463,0.4856115107913669,0.4856115107913669,0.13929116447102058,184,0.39826839826839827,2012.4611797498108,1685.4153790683174,1685.4153790683174,-327.04580068149335,0.8374896350934076,NOT_ASSESSED,Official CSV is primary. Components use frozen 4-neighbor grid adjacency; span is bounding-box diagonal. US includes Alaska; CONUS is also reported separately.
120,Pinus muricata,Pinus muricata,Pinus muricata,exact,3,3,0,3,1.0,1.0,0,3,3,3,0,0,0.3333333333333333,0.3333333333333333,0.3333333333333333,0.0,0,0.0,152.0690632574555,152.0690632574555,152.0690632574555,0.0,1.0,NOT_ASSESSED,Official CSV is primary. Components use frozen 4-neighbor grid adjacency; span is bounding-box diagonal. US includes Alaska; CONUS is also reported separately.
121,Pinus palustris,Pinus palustris,Pinus palustris,exact,773,773,0,773,1.0,1.0,0,6,6,6,0,0,0.9133247089262613,0.9133247089262613,0.9133247089262613,0.0,0,0.0,1955.920499406865,1955.920499406865,1955.920499406865,0.0,1.0,NOT_ASSESSED,Official CSV is primary. Components use frozen 4-neighbor grid adjacency; span is bounding-box diagonal. US includes Alaska; CONUS is also reported separately.
122,Pinus ponderosa,Pinus ponderosa,Pinus ponderosa,exact,826,826,86,912,0.9057017543859649,0.9057017543859649,1,141,134,134,-7,-7,0.22478070175438597,0.24818401937046006,0.24818401937046006,0.023403317616074087,86,0.09429824561403509,3190.317382330479,2939.81291921782,2939.81291921782,-250.50446311265932,0.9214797673422481,NOT_ASSESSED,Official CSV is primary. Components use frozen 4-neighbor grid adjacency; span is bounding-box diagonal. US includes Alaska; CONUS is also reported separately.
123,Pinus pungens,Pinus pungens,Pinus pungens,exact,132,132,0,132,1.0,1.0,0,8,8,8,0,0,0.946969696969697,0.946969696969697,0.946969696969697,0.0,0,0.0,1000.0,1000.0,1000.0,0.0,1.0,NOT_ASSESSED,Official CSV is primary. Components use frozen 4-neighbor grid adjacency; span is bounding-box diagonal. US includes Alaska; CONUS is also reported separately.
125,Pinus resinosa,Pinus resinosa,Pinus resinosa,exact,750,750,1007,1757,0.42686397268070575,0.42686397268070575,1,32,16,16,-16,-16,0.614114968696642,0.45066666666666666,0.45066666666666666,-0.1634483020299753,1007,0.5731360273192943,3231.1955991552104,2362.863728614073,2362.863728614073,-868.3318705411375,0.7312660766286754,NOT_ASSESSED,Official CSV is primary. Components use frozen 4-neighbor grid adjacency; span is bounding-box diagonal. US includes Alaska; CONUS is also reported separately.
126,Pinus rigida,Pinus rigida,Pinus rigida,exact,712,712,2,714,0.9971988795518207,0.9971988795518207,1,16,16,16,0,0,0.9635854341736695,0.9662921348314607,0.9662921348314607,0.0027067006577912167,2,0.0028011204481792717,1893.57466184991,1893.57466184991,1893.57466184991,0.0,1.0,NOT_ASSESSED,Official CSV is primary. Components use frozen 4-neighbor grid adjacency; span is bounding-box diagonal. US includes Alaska; CONUS is also reported separately.
127,Pinus sabiniana,Pinus sabiniana,Pinus sabiniana,exact,60,60,0,60,1.0,1.0,0,21,21,21,0,0,0.2,0.2,0.2,0.0,0,0.0,817.3891362135909,817.3891362135909,817.3891362135909,0.0,1.0,NOT_ASSESSED,Official CSV is primary. Components use frozen 4-neighbor grid adjacency; span is bounding-box diagonal. US includes Alaska; CONUS is also reported separately.
128,Pinus serotina,Pinus serotina,Pinus serotina,exact,465,465,0,465,1.0,1.0,0,5,5,5,0,0,0.967741935483871,0.967741935483871,0.967741935483871,0.0,0,0.0,1532.3592920721956,1532.3592920721956,1532.3592920721956,0.0,1.0,NOT_ASSESSED,Official CSV is primary. Components use frozen 4-neighbor grid adjacency; span is bounding-box diagonal. US includes Alaska; CONUS is also reported separately.
129,Pinus strobus,Pinus strobus,Pinus strobus,exact,1531,1531,1232,2763,0.5541078537821209,0.5541078537821209,1,39,24,24,-15,-15,0.7093738689829895,0.6061397779229262,0.6061397779229262,-0.10323409106006332,1232,0.4458921462178791,3706.8349032564156,2679.2023066577112,2679.2023066577112,-1027.6325965987044,0.7227735727598928,NOT_ASSESSED,Official CSV is primary. Components use frozen 4-neighbor grid adjacency; span is bounding-box diagonal. US includes Alaska; CONUS is also reported separately.
131,Pinus taeda,Pinus taeda,Pinus taeda,exact,1287,1287,0,1287,1.0,1.0,0,8,8,8,0,0,0.7948717948717948,0.7948717948717948,0.7948717948717948,0.0,0,0.0,2235.0894836672646,2235.0894836672646,2235.0894836672646,0.0,1.0,NOT_ASSESSED,Official CSV is primary. Components use frozen 4-neighbor grid adjacency; span is bounding-box diagonal. US includes Alaska; CONUS is also reported separately.
132,Pinus virginiana,Pinus virginiana,Pinus virginiana,exact,796,796,0,796,1.0,1.0,0,19,19,19,0,0,0.949748743718593,0.949748743718593,0.949748743718593,0.0,0,0.0,1697.056274847714,1697.056274847714,1697.056274847714,0.0,1.0,NOT_ASSESSED,Official CSV is primary. Components use frozen 4-neighbor grid adjacency; span is bounding-box diagonal. US includes Alaska; CONUS is also reported separately.
133,Pinus monophylla,Pinus monophylla,Pinus monophylla,exact,120,120,0,120,1.0,1.0,0,44,44,44,0,0,0.16666666666666666,0.16666666666666666,0.16666666666666666,0.0,0,0.0,1152.443057161611,1152.443057161611,1152.443057161611,0.0,1.0,NOT_ASSESSED,Official CSV is primary. Components use frozen 4-neighbor grid adjacency; span is bounding-box diagonal. US includes Alaska; CONUS is also reported separately.
140,Pinus cembroides,Pinus cembroides,Pinus cembroides,exact,41,41,0,41,1.0,1.0,0,18,18,18,0,0,0.1951219512195122,0.1951219512195122,0.1951219512195122,0.0,0,0.0,1119.4306588619054,1119.4306588619054,1119.4306588619054,0.0,1.0,NOT_ASSESSED,Official CSV is primary. Components use frozen 4-neighbor grid adjacency; span is bounding-box diagonal. US includes Alaska; CONUS is also reported separately.
142,Pinus longaeva,Pinus longaeva,Pinus longaeva,exact,33,33,0,33,1.0,1.0,0,20,20,20,0,0,0.21212121212121213,0.21212121212121213,0.21212121212121213,0.0,0,0.0,716.3274390947201,716.3274390947201,716.3274390947201,0.0,1.0,NOT_ASSESSED,Official CSV is primary. Components use frozen 4-neighbor grid adjacency; span is bounding-box diagonal. US includes Alaska; CONUS is also reported separately.
201,Pseudotsuga macrocarpa,Pseudotsuga macrocarpa,Pseudotsuga macrocarpa,exact,11,11,0,11,1.0,1.0,0,6,6,6,0,0,0.36363636363636365,0.36363636363636365,0.36363636363636365,0.0,0,0.0,320.1562118716424,320.1562118716424,320.1562118716424,0.0,1.0,NOT_ASSESSED,Official CSV is primary. Components use frozen 4-neighbor grid adjacency; span is bounding-box diagonal. US includes Alaska; CONUS is also reported separately.
202,Pseudotsuga menziesii,Pseudotsuga menziesii,Pseudotsuga menziesii,exact,1024,1024,519,1543,0.6636422553467272,0.6636422553467272,1,93,84,84,-9,-9,0.6908619572261827,0.322265625,0.322265625,-0.3685963322261827,519,0.33635774465327284,3477.1576035607013,2828.97949798156,2828.97949798156,-648.1781055791412,0.8135896673434101,NOT_ASSESSED,Official CSV is primary. Components use frozen 4-neighbor grid adjacency; span is bounding-box diagonal. US includes Alaska; CONUS is also reported separately.
211,Sequoia sempervirens,Sequoia sempervirens,Sequoia sempervirens,exact,18,18,0,18,1.0,1.0,0,8,8,8,0,0,0.3333333333333333,0.3333333333333333,0.3333333333333333,0.0,0,0.0,679.1538853603062,679.1538853603062,679.1538853603062,0.0,1.0,NOT_ASSESSED,Official CSV is primary. Components use frozen 4-neighbor grid adjacency; span is bounding-box diagonal. US includes Alaska; CONUS is also reported separately.
212,Sequoiadendron giganteum,Sequoiadendron giganteum,Sequoiadendron giganteum,exact,14,14,0,14,1.0,1.0,0,7,7,7,0,0,0.2857142857142857,0.2857142857142857,0.2857142857142857,0.0,0,0.0,704.0063920164362,704.0063920164362,704.0063920164362,0.0,1.0,NOT_ASSESSED,Official CSV is primary. Components use frozen 4-neighbor grid adjacency; span is bounding-box diagonal. US includes Alaska; CONUS is also reported separately.
221,Taxodium distichum,Taxodium distichum,Taxodium distichum,exact,1311,1311,0,1311,1.0,1.0,0,13,13,13,0,0,0.988558352402746,0.988558352402746,0.988558352402746,0.0,0,0.0,2520.044642461716,2520.044642461716,2520.044642461716,0.0,1.0,NOT_ASSESSED,Official CSV is primary. Components use frozen 4-neighbor grid adjacency; span is bounding-box diagonal. US includes Alaska; CONUS is also reported separately.
231,Taxus brevifolia,Taxus brevifolia,Taxus brevifolia,exact,355,351,211,566,0.627208480565371,0.6201413427561837,1,16,13,10,-3,-6,0.696113074204947,0.7718309859154929,0.7806267806267806,0.07571791171054598,211,0.37279151943462896,2291.9696769372845,2259.4247055390006,1491.64338901763,-32.544971398283906,0.9858004354395417,NOT_ASSESSED,Official CSV is primary. Components use frozen 4-neighbor grid adjacency; span is bounding-box diagonal. US includes Alaska; CONUS is also reported separately.
241,Thuja occidentalis,Thuja occidentalis,Thuja occidentalis,exact,738,738,1682,2420,0.3049586776859504,0.3049586776859504,1,48,39,39,-9,-9,0.9632231404958678,0.3902439024390244,0.3902439024390244,-0.5729792380568434,1682,0.6950413223140496,3365.728004459065,2600.4807247891686,2600.4807247891686,-765.2472796698962,0.7726354361802074,NOT_ASSESSED,Official CSV is primary. Components use frozen 4-neighbor grid adjacency; span is bounding-box diagonal. US includes Alaska; CONUS is also reported separately.
242,Thuja plicata,Thuja plicata,Thuja plicata,exact,284,259,323,607,0.46787479406919275,0.42668863261943984,1,47,26,19,-21,-28,0.4645799011532125,0.6443661971830986,0.7065637065637066,0.1797862960298861,323,0.5321252059308073,2147.091055358389,2124.2645786248,1308.62523283024,-22.82647673358906,0.9893686498871941,NOT_ASSESSED,Official CSV is primary. Components use frozen 4-neighbor grid adjacency; span is bounding-box diagonal. US includes Alaska; CONUS is also reported separately.
251,Torreya californica,Torreya californica,Torreya californica,exact,3,3,1,4,0.75,0.75,1,3,2,2,-1,-1,0.5,0.6666666666666666,0.6666666666666666,0.16666666666666663,1,0.25,4536.5873737865995,254.9509756796392,254.9509756796392,-4281.636398106961,0.056198846109038275,NOT_ASSESSED,Official CSV is primary. Components use frozen 4-neighbor grid adjacency; span is bounding-box diagonal. US includes Alaska; CONUS is also reported separately.
261,Tsuga canadensis,Tsuga canadensis,Tsuga canadensis,exact,1288,1288,502,1790,0.7195530726256983,0.7195530726256983,1,39,30,30,-9,-9,0.8251396648044693,0.7849378881987578,0.7849378881987578,-0.04020177660571156,502,0.28044692737430166,2936.4093720052047,2510.4780421266382,2510.4780421266382,-425.93132987856643,0.8549482459975573,NOT_ASSESSED,Official CSV is primary. Components use frozen 4-neighbor grid adjacency; span is bounding-box diagonal. US includes Alaska; CONUS is also reported separately.
262,Tsuga caroliniana,Tsuga caroliniana,Tsuga caroliniana,exact,27,27,0,27,1.0,1.0,0,5,5,5,0,0,0.8148148148148148,0.8148148148148148,0.8148148148148148,0.0,0,0.0,442.2951503238533,442.2951503238533,442.2951503238533,0.0,1.0,NOT_ASSESSED,Official CSV is primary. Components use frozen 4-neighbor grid adjacency; span is bounding-box diagonal. US includes Alaska; CONUS is also reported separately.
263,Tsuga heterophylla,Tsuga heterophylla,Tsuga heterophylla,exact,328,225,319,647,0.5069551777434312,0.34775888717156106,1,53,45,11,-8,-42,0.31530139103554866,0.551829268292683,0.8044444444444444,0.2365278772571343,319,0.49304482225656876,3290.2317547552784,3290.2317547552784,1361.2953390061982,0.0,1.0,NOT_ASSESSED,Official CSV is primary. Components use frozen 4-neighbor grid adjacency; span is bounding-box diagonal. US includes Alaska; CONUS is also reported separately.
264,Tsuga mertensiana,Tsuga mertensiana,Tsuga mertensiana,exact,193,91,178,371,0.5202156334231806,0.24528301886792453,1,84,59,25,-25,-59,0.2371967654986523,0.10880829015544041,0.23076923076923078,-0.12838847534321188,178,0.4797843665768194,3700.7600570693585,3700.7600570693585,1553.2224567009066,0.0,1.0,NOT_ASSESSED,Official CSV is primary. Components use frozen 4-neighbor grid adjacency; span is bounding-box diagonal. US includes Alaska; CONUS is also reported separately.
303,Acacia farnesiana,Acacia farnesiana,Acacia farnesiana,exact,106,106,0,106,1.0,1.0,0,7,7,7,0,0,0.8490566037735849,0.8490566037735849,0.8490566037735849,0.0,0,0.0,1509.345884812358,1509.345884812358,1509.345884812358,0.0,1.0,NOT_ASSESSED,Official CSV is primary. Components use frozen 4-neighbor grid adjacency; span is bounding-box diagonal. US includes Alaska; CONUS is also reported separately.
311,Acer barbatum,Acer barbatum,Acer barbatum,exact,633,633,0,633,1.0,1.0,0,15,15,15,0,0,0.5402843601895735,0.5402843601895735,0.5402843601895735,0.0,0,0.0,2093.143568893448,2093.143568893448,2093.143568893448,0.0,1.0,NOT_ASSESSED,Official CSV is primary. Components use frozen 4-neighbor grid adjacency; span is bounding-box diagonal. US includes Alaska; CONUS is also reported separately.
312,Acer macrophyllum,Acer macrophyllum,Acer macrophyllum,exact,310,310,122,432,0.7175925925925926,0.7175925925925926,1,22,14,14,-8,-8,0.6574074074074074,0.7870967741935484,0.7870967741935484,0.12968936678614096,122,0.2824074074074074,2549.5097567963926,1796.0025055661808,1796.0025055661808,-753.5072512302118,0.7044501401802684,NOT_ASSESSED,Official CSV is primary. Components use frozen 4-neighbor grid adjacency; span is bounding-box diagonal. US includes Alaska; CONUS is also reported separately.
313,Acer negundo,Acer negundo,Acer negundo,exact,5506,5505,893,6399,0.8604469448351305,0.8602906704172527,1,77,71,70,-6,-7,0.9512423816221285,0.9455139847439157,0.9456857402361489,-0.005728396878212805,893,0.13955305516486952,6318.079217610365,6207.908262853117,4549.244442761897,-110.17095475724818,0.9825625873049884,NOT_ASSESSED,Official CSV is primary. Components use frozen 4-neighbor grid adjacency; span is bounding-box diagonal. US includes Alaska; CONUS is also reported separately.
314,Acer nigrum,Acer nigrum,Acer nigrum,exact,1372,1371,102,1474,0.9308005427408412,0.9301221166892809,1,25,26,25,1,0,0.9701492537313433,0.9664723032069971,0.9671772428884027,-0.0036769505243462453,102,0.06919945725915876,5695.008779624488,5695.008779624488,2226.2636860893185,0.0,1.0,NOT_ASSESSED,Official CSV is primary. Components use frozen 4-neighbor grid adjacency; span is bounding-box diagonal. US includes Alaska; CONUS is also reported separately.
315,Acer pensylvanicum,Acer pensylvanicum,Acer pensylvanicum,exact,625,625,492,1117,0.5595344673231871,0.5595344673231871,1,30,18,18,-12,-12,0.9301700984780662,0.9392,0.9392,0.009029901521933836,492,0.4404655326768129,2811.2497220986966,2333.720206022993,2333.720206022993,-477.52951607570367,0.8301362158182052,NOT_ASSESSED,Official CSV is primary. Components use frozen 4-neighbor grid adjacency; span is bounding-box diagonal. US includes Alaska; CONUS is also reported separately.
316,Acer rubrum,Acer rubrum,Acer rubrum,exact,3939,3939,889,4828,0.8158657829328915,0.8158657829328915,1,24,16,16,-8,-8,0.8881524440762221,0.8811881188118812,0.8811881188118812,-0.006964325264340876,889,0.18413421706710853,4246.321937865757,3303.407331831786,3303.407331831786,-942.9146060339708,0.7779455679924521,NOT_ASSESSED,Official CSV is primary. Components use frozen 4-neighbor grid adjacency; span is bounding-box diagonal. US includes Alaska; CONUS is also reported separately.
317,Acer saccharinum,Acer saccharinum,Acer saccharinum,exact,3500,3500,228,3728,0.9388412017167382,0.9388412017167382,1,16,15,15,-1,-1,0.9957081545064378,0.9957142857142857,0.9957142857142857,6.131207847870357e-06,228,0.0611587982832618,3040.7647064513226,3005.203820042827,3005.203820042827,-35.56088640849566,0.9883052817822275,NOT_ASSESSED,Official CSV is primary. Components use frozen 4-neighbor grid adjacency; span is bounding-box diagonal. US includes Alaska; CONUS is also reported separately.
318,Acer saccharum,Acer saccharum,Acer saccharum,exact,2506,2506,898,3404,0.736192714453584,0.736192714453584,1,23,16,16,-7,-7,0.9850176263219741,0.9928172386272945,0.9928172386272945,0.007799612305320447,898,0.26380728554641597,3275.8586660599385,2791.6169149795605,2791.6169149795605,-484.241751080378,0.8521786803266446,NOT_ASSESSED,Official CSV is primary. Components use frozen 4-neighbor grid adjacency; span is bounding-box diagonal. US includes Alaska; CONUS is also reported separately.
319,Acer spicatum,Acer spicatum,Acer spicatum,exact,1057,1057,2043,3100,0.34096774193548385,0.34096774193548385,1,30,18,18,-12,-12,0.8567741935483871,0.532639545884579,0.532639545884579,-0.3241346476638082,2043,0.6590322580645162,4250.0,2612.1112150901995,2612.1112150901995,-1637.8887849098005,0.6146144035506351,NOT_ASSESSED,Official CSV is primary. Components use frozen 4-neighbor grid adjacency; span is bounding-box diagonal. US includes Alaska; CONUS is also reported separately.
322,Acer grandidentatum,Acer grandidentatum,Acer grandidentatum,exact,116,116,0,116,1.0,1.0,0,39,39,39,0,0,0.3103448275862069,0.3103448275862069,0.3103448275862069,0.0,0,0.0,2007.01893364263,2007.01893364263,2007.01893364263,0.0,1.0,NOT_ASSESSED,Official CSV is primary. Components use frozen 4-neighbor grid adjacency; span is bounding-box diagonal. US includes Alaska; CONUS is also reported separately.
323,Acer leucoderme,Acer leucoderme,Acer leucoderme,exact,189,189,0,189,1.0,1.0,0,18,18,18,0,0,0.4126984126984127,0.4126984126984127,0.4126984126984127,0.0,0,0.0,1569.2354826475216,1569.2354826475216,1569.2354826475216,0.0,1.0,NOT_ASSESSED,Official CSV is primary. Components use frozen 4-neighbor grid adjacency; span is bounding-box diagonal. US includes Alaska; CONUS is also reported separately.
331,Aesculus glabra,Aesculus glabra,Aesculus glabra,exact,1400,1400,0,1400,1.0,1.0,0,22,22,22,0,0,0.9828571428571429,0.9828571428571429,0.9828571428571429,0.0,0,0.0,2227.3863607376247,2227.3863607376247,2227.3863607376247,0.0,1.0,NOT_ASSESSED,Official CSV is primary. Components use frozen 4-neighbor grid adjacency; span is bounding-box diagonal. US includes Alaska; CONUS is also reported separately.
333,Aesculus californica,Aesculus californica,Aesculus californica,exact,101,101,0,101,1.0,1.0,0,9,9,9,0,0,0.7128712871287128,0.7128712871287128,0.7128712871287128,0.0,0,0.0,761.5773105863909,761.5773105863909,761.5773105863909,0.0,1.0,NOT_ASSESSED,Official CSV is primary. Components use frozen 4-neighbor grid adjacency; span is bounding-box diagonal. US includes Alaska; CONUS is also reported separately.
351,Alnus rubra,Alnus rubra,Alnus rubra,exact,264,202,177,441,0.5986394557823129,0.4580498866213152,1,57,34,10,-23,-47,0.6349206349206349,0.7196969696969697,0.9405940594059405,0.08477633477633484,177,0.4013605442176871,6427.771775662232,5618.384999268028,4252.4257783058365,-809.3867763942044,0.874079727058944,NOT_ASSESSED,Official CSV is primary. Components use frozen 4-neighbor grid adjacency; span is bounding-box diagonal. US includes Alaska; CONUS is also reported separately.
352,Alnus rhombifolia,Alnus rhombifolia,Alnus rhombifolia,exact,210,210,0,210,1.0,1.0,0,22,22,22,0,0,0.719047619047619,0.719047619047619,0.719047619047619,0.0,0,0.0,1756.5947170591173,1756.5947170591173,1756.5947170591173,0.0,1.0,NOT_ASSESSED,Official CSV is primary. Components use frozen 4-neighbor grid adjacency; span is bounding-box diagonal. US includes Alaska; CONUS is also reported separately.
353,Alnus oblongifolia,Alnus oblongifolia,Alnus oblongifolia,exact,42,42,0,42,1.0,1.0,0,6,6,6,0,0,0.8809523809523809,0.8809523809523809,0.8809523809523809,0.0,0,0.0,515.3882032022076,515.3882032022076,515.3882032022076,0.0,1.0,NOT_ASSESSED,Official CSV is primary. Components use frozen 4-neighbor grid adjacency; span is bounding-box diagonal. US includes Alaska; CONUS is also reported separately.
357,Amelanchier arborea,Amelanchier arborea,Amelanchier arborea,exact,3436,3436,704,4140,0.8299516908212561,0.8299516908212561,1,31,20,20,-11,-11,0.9816425120772947,0.9892316647264261,0.9892316647264261,0.007589152649131403,704,0.17004830917874397,3783.021279348029,3043.846251044885,3043.846251044885,-739.1750283031442,0.80460722430022,NOT_ASSESSED,Official CSV is primary. Components use frozen 4-neighbor grid adjacency; span is bounding-box diagonal. US includes Alaska; CONUS is also reported separately.
361,Arbutus menziesii,Arbutus menziesii,Arbutus menziesii,exact,209,209,18,227,0.920704845814978,0.920704845814978,1,27,17,17,-10,-10,0.7797356828193832,0.84688995215311,0.84688995215311,0.06715426933372681,18,0.07929515418502203,1892.74932307477,1697.7926846349646,1697.7926846349646,-194.95663843980537,0.8969981729418355,NOT_ASSESSED,Official CSV is primary. Components use frozen 4-neighbor grid adjacency; span is bounding-box diagonal. US includes Alaska; CONUS is also reported separately.
362,Arbutus arizonica,Arbutus arizonica,Arbutus arizonica,exact,6,6,0,6,1.0,1.0,0,3,3,3,0,0,0.6666666666666666,0.6666666666666666,0.6666666666666666,0.0,0,0.0,215.05813167606567,215.05813167606567,215.05813167606567,0.0,1.0,NOT_ASSESSED,Official CSV is primary. Components use frozen 4-neighbor grid adjacency; span is bounding-box diagonal. US includes Alaska; CONUS is also reported separately.
367,Asimina triloba,Asimina triloba,Asimina triloba,exact,2355,2355,16,2371,0.9932517924926192,0.9932517924926192,1,30,29,29,-1,-1,0.9776465626318009,0.9834394904458599,0.9834394904458599,0.005792927814058935,16,0.006748207507380852,2440.5429723731563,2440.5429723731563,2440.5429723731563,0.0,1.0,NOT_ASSESSED,Official CSV is primary. Components use frozen 4-neighbor grid adjacency; span is bounding-box diagonal. US includes Alaska; CONUS is also reported separately.
371,Betula alleghaniensis,Betula alleghaniensis,Betula alleghaniensis,exact,1352,1352,918,2270,0.5955947136563877,0.5955947136563877,1,36,25,25,-11,-11,0.7770925110132159,0.5621301775147929,0.5621301775147929,-0.21496233349842297,918,0.40440528634361234,3631.115531073061,2666.692708206178,2666.692708206178,-964.422822866883,0.7344004026823464,NOT_ASSESSED,Official CSV is primary. Components use frozen 4-neighbor grid adjacency; span is bounding-box diagonal. US includes Alaska; CONUS is also reported separately.
372,Betula lenta,Betula lenta,Betula lenta,exact,749,749,8,757,0.9894319682959049,0.9894319682959049,1,23,18,18,-5,-5,0.9590488771466315,0.9692923898531375,0.9692923898531375,0.01024351270650603,8,0.010568031704095112,2605.8827678926773,1940.521837032503,1940.521837032503,-665.3609308601742,0.7446696608695725,NOT_ASSESSED,Official CSV is primary. Components use frozen 4-neighbor grid adjacency; span is bounding-box diagonal. US includes Alaska; CONUS is also reported separately.
373,Betula nigra,Betula nigra,Betula nigra,exact,2132,2132,0,2132,1.0,1.0,0,26,26,26,0,0,0.973264540337711,0.973264540337711,0.973264540337711,0.0,0,0.0,2563.8106404334935,2563.8106404334935,2563.8106404334935,0.0,1.0,NOT_ASSESSED,Official CSV is primary. Components use frozen 4-neighbor grid adjacency; span is bounding-box diagonal. US includes Alaska; CONUS is also reported separately.
374,Betula occidentalis,Betula occidentalis,Betula occidentalis,exact,309,309,782,1091,0.2832263978001833,0.2832263978001833,1,82,76,76,-6,-6,0.615032080659945,0.18770226537216828,0.18770226537216828,-0.4273298152877767,782,0.7167736021998167,3217.238722880228,2573.5432772735726,2573.5432772735726,-643.6954456066555,0.7999230081905803,NOT_ASSESSED,Official CSV is primary. Components use frozen 4-neighbor grid adjacency; span is bounding-box diagonal. US includes Alaska; CONUS is also reported separately.
375,Betula papyrifera,Betula papyrifera,Betula papyrifera,exact,2130,1166,7960,10090,0.21110009910802774,0.1155599603567889,1,88,71,54,-17,-34,0.9515361744301288,0.4328638497652582,0.4099485420240137,-0.5186723246648706,7960,0.7888999008919723,7376.059245965965,6763.55121219615,4192.329304813733,-612.5080337698146,0.9169599899696033,NOT_ASSESSED,Official CSV is primary. Components use frozen 4-neighbor grid adjacency; span is bounding-box diagonal. US includes Alaska; CONUS is also reported separately.
379,Betula populifolia,Betula populifolia,Betula populifolia,exact,374,374,265,639,0.5852895148669797,0.5852895148669797,1,19,13,13,-6,-6,0.9233176838810642,0.9545454545454546,0.9545454545454546,0.03122777066439042,265,0.41471048513302033,2267.156809750927,1760.8591652940333,1760.8591652940333,-506.29764445689375,0.7766816824141439,NOT_ASSESSED,Official CSV is primary. Components use frozen 4-neighbor grid adjacency; span is bounding-box diagonal. US includes Alaska; CONUS is also reported separately.
391,Carpinus caroliniana,Carpinus caroliniana,Carpinus caroliniana,exact,3541,3541,217,3758,0.9422565194252261,0.9422565194252261,1,15,14,14,-1,-1,0.9946780202235231,0.9951990963004801,0.9951990963004801,0.00052107607695695,217,0.05774348057477382,2865.74597618142,2847.4769533746885,2847.4769533746885,-18.2690228067313,0.9936250376137404,NOT_ASSESSED,Official CSV is primary. Components use frozen 4-neighbor grid adjacency; span is bounding-box diagonal. US includes Alaska; CONUS is also reported separately.
401,Carya aquatica,Carya aquatica,Carya aquatica,exact,987,987,0,987,1.0,1.0,0,15,15,15,0,0,0.9817629179331308,0.9817629179331308,0.9817629179331308,0.0,0,0.0,2198.0104640333266,2198.0104640333266,2198.0104640333266,0.0,1.0,NOT_ASSESSED,Official CSV is primary. Components use frozen 4-neighbor grid adjacency; span is bounding-box diagonal. US includes Alaska; CONUS is also reported separately.
402,Carya cordiformis,Carya cordiformis,Carya cordiformis,exact,3657,3657,94,3751,0.9749400159957344,0.9749400159957344,1,20,21,21,1,1,0.9760063982937883,0.9909762100082035,0.9909762100082035,0.014969811714415138,94,0.02505998400426553,2952.22373813368,2847.4769533746885,2847.4769533746885,-104.74678475899145,0.9645193609800016,NOT_ASSESSED,Official CSV is primary. Components use frozen 4-neighbor grid adjacency; span is bounding-box diagonal. US includes Alaska; CONUS is also reported separately.
403,Carya glabra,Carya glabra,Carya glabra,exact,2890,2890,15,2905,0.9948364888123924,0.9948364888123924,1,17,15,15,-2,-2,0.9845094664371773,0.9885813148788928,0.9885813148788928,0.0040718484417154865,15,0.0051635111876075735,2689.098361904971,2689.098361904971,2689.098361904971,0.0,1.0,NOT_ASSESSED,Official CSV is primary. Components use frozen 4-neighbor grid adjacency; span is bounding-box diagonal. US includes Alaska; CONUS is also reported separately.
405,Carya laciniosa,Carya laciniosa,Carya laciniosa,exact,882,882,4,886,0.9954853273137697,0.9954853273137697,1,34,32,32,-2,-2,0.9446952595936795,0.9478458049886621,0.9478458049886621,0.0031505453949826068,4,0.004514672686230248,2265.0882984996415,2265.0882984996415,2265.0882984996415,0.0,1.0,NOT_ASSESSED,Official CSV is primary. Components use frozen 4-neighbor grid adjacency; span is bounding-box diagonal. US includes Alaska; CONUS is also reported separately.
407,Carya ovata,Carya ovata,Carya ovata,exact,2942,2942,81,3023,0.9732054250744294,0.9732054250744294,1,13,14,14,1,1,0.9943764472378432,0.9945615227736234,0.9945615227736234,0.000185075535780177,81,0.026794574925570625,2900.0,2810.805044822568,2810.805044822568,-89.1949551774319,0.9692431189043338,NOT_ASSESSED,Official CSV is primary. Components use frozen 4-neighbor grid adjacency; span is bounding-box diagonal. US includes Alaska; CONUS is also reported separately.
408,Carya texana,Carya texana,Carya texana,exact,649,649,0,649,1.0,1.0,0,16,16,16,0,0,0.9645608628659477,0.9645608628659477,0.9645608628659477,0.0,0,0.0,1595.501488560885,1595.501488560885,1595.501488560885,0.0,1.0,NOT_ASSESSED,Official CSV is primary. Components use frozen 4-neighbor grid adjacency; span is bounding-box diagonal. US includes Alaska; CONUS is also reported separately.
410,Carya pallida,Carya pallida,Carya pallida,exact,646,646,0,646,1.0,1.0,0,16,16,16,0,0,0.9705882352941176,0.9705882352941176,0.9705882352941176,0.0,0,0.0,1698.528775146303,1698.528775146303,1698.528775146303,0.0,1.0,NOT_ASSESSED,Official CSV is primary. Components use frozen 4-neighbor grid adjacency; span is bounding-box diagonal. US includes Alaska; CONUS is also reported separately.
411,Carya floridana,Carya floridana,Carya floridana,exact,43,43,0,43,1.0,1.0,0,2,2,2,0,0,0.9767441860465116,0.9767441860465116,0.9767441860465116,0.0,0,0.0,282.842712474619,282.842712474619,282.842712474619,0.0,1.0,NOT_ASSESSED,Official CSV is primary. Components use frozen 4-neighbor grid adjacency; span is bounding-box diagonal. US includes Alaska; CONUS is also reported separately.
421,Castanea dentata,Castanea dentata,Castanea dentata,exact,1131,1131,27,1158,0.9766839378238342,0.9766839378238342,1,42,42,42,0,0,0.9119170984455959,0.9336870026525199,0.9336870026525199,0.02176990420692404,27,0.023316062176165803,2285.0054704529703,2285.0054704529703,2285.0054704529703,0.0,1.0,NOT_ASSESSED,Official CSV is primary. Components use frozen 4-neighbor grid adjacency; span is bounding-box diagonal. US includes Alaska; CONUS is also reported separately.
422,Castanea pumila,Castanea pumila,Castanea pumila,exact,1340,1340,0,1340,1.0,1.0,0,17,17,17,0,0,0.8619402985074627,0.8619402985074627,0.8619402985074627,0.0,0,0.0,2131.9005605327843,2131.9005605327843,2131.9005605327843,0.0,1.0,NOT_ASSESSED,Official CSV is primary. Components use frozen 4-neighbor grid adjacency; span is bounding-box diagonal. US includes Alaska; CONUS is also reported separately.
461,Celtis laevigata,Celtis laevigata,Celtis laevigata,exact,2421,2421,0,2421,1.0,1.0,0,19,19,19,0,0,0.9909128459314333,0.9909128459314333,0.9909128459314333,0.0,0,0.0,2933.108419407643,2933.108419407643,2933.108419407643,0.0,1.0,NOT_ASSESSED,Official CSV is primary. Components use frozen 4-neighbor grid adjacency; span is bounding-box diagonal. US includes Alaska; CONUS is also reported separately.
462,Celtis occidentalis,Celtis occidentalis,Celtis occidentalis,exact,3073,3073,37,3110,0.9881028938906753,0.9881028938906753,1,40,32,32,-8,-8,0.8919614147909968,0.8932639114871461,0.8932639114871461,0.0013024966961493467,37,0.011897106109324759,3086.462376248899,3002.707111924172,3002.707111924172,-83.75526432472725,0.9728636691089303,NOT_ASSESSED,Official CSV is primary. Components use frozen 4-neighbor grid adjacency; span is bounding-box diagonal. US includes Alaska; CONUS is also reported separately.
471,Cercis canadensis,Cercis canadensis,Cercis canadensis,exact,3029,3029,0,3029,1.0,1.0,0,20,20,20,0,0,0.9805216242984484,0.9805216242984484,0.9805216242984484,0.0,0,0.0,2986.8461627609813,2986.8461627609813,2986.8461627609813,0.0,1.0,NOT_ASSESSED,Official CSV is primary. Components use frozen 4-neighbor grid adjacency; span is bounding-box diagonal. US includes Alaska; CONUS is also reported separately.
475,Cercocarpus ledifolius,Cercocarpus ledifolius,Cercocarpus ledifolius,exact,303,303,0,303,1.0,1.0,0,72,72,72,0,0,0.132013201320132,0.132013201320132,0.132013201320132,0.0,0,0.0,1750.8926294893129,1750.8926294893129,1750.8926294893129,0.0,1.0,NOT_ASSESSED,Official CSV is primary. Components use frozen 4-neighbor grid adjacency; span is bounding-box diagonal. US includes Alaska; CONUS is also reported separately.
481,Cladrastis kentukea,Cladrastis kentukea,Cladrastis kentukea,exact,74,74,0,74,1.0,1.0,0,26,26,26,0,0,0.3783783783783784,0.3783783783783784,0.3783783783783784,0.0,0,0.0,1315.7697366940765,1315.7697366940765,1315.7697366940765,0.0,1.0,NOT_ASSESSED,Official CSV is primary. Components use frozen 4-neighbor grid adjacency; span is bounding-box diagonal. US includes Alaska; CONUS is also reported separately.
491,Cornus florida,Cornus florida,Cornus florida,exact,2884,2884,26,2910,0.99106529209622,0.99106529209622,1,27,26,26,-1,-1,0.9821305841924398,0.984743411927878,0.984743411927878,0.002612827735438139,26,0.008934707903780068,2793.9667141897016,2793.9667141897016,2793.9667141897016,0.0,1.0,NOT_ASSESSED,Official CSV is primary. Components use frozen 4-neighbor grid adjacency; span is bounding-box diagonal. US includes Alaska; CONUS is also reported separately.
492,Cornus nuttallii,Cornus nuttallii,Cornus nuttallii,exact,291,291,84,375,0.776,0.776,1,6,7,7,1,1,0.904,0.872852233676976,0.872852233676976,-0.031147766323024073,84,0.224,2110.094784600919,1796.0025055661808,1796.0025055661808,-314.0922790347381,0.8511477866648809,NOT_ASSESSED,Official CSV is primary. Components use frozen 4-neighbor grid adjacency; span is bounding-box diagonal. US includes Alaska; CONUS is also reported separately.
521,Diospyros virginiana,Diospyros virginiana,Diospyros virginiana,exact,2870,2870,0,2870,1.0,1.0,0,12,12,12,0,0,0.9954703832752613,0.9954703832752613,0.9954703832752613,0.0,0,0.0,2744.6538943917867,2744.6538943917867,2744.6538943917867,0.0,1.0,NOT_ASSESSED,Official CSV is primary. Components use frozen 4-neighbor grid adjacency; span is bounding-box diagonal. US includes Alaska; CONUS is also reported separately.
522,Diospyros texana,Diospyros texana,Diospyros texana,exact,301,301,0,301,1.0,1.0,0,1,1,1,0,0,1.0,1.0,1.0,0.0,0,0.0,903.1195934094221,903.1195934094221,903.1195934094221,0.0,1.0,NOT_ASSESSED,Official CSV is primary. Components use frozen 4-neighbor grid adjacency; span is bounding-box diagonal. US includes Alaska; CONUS is also reported separately.
523,Ehretia anacua,Ehretia anacua,Ehretia anacua,exact,49,49,0,49,1.0,1.0,0,7,7,7,0,0,0.5918367346938775,0.5918367346938775,0.5918367346938775,0.0,0,0.0,695.0719387228922,695.0719387228922,695.0719387228922,0.0,1.0,NOT_ASSESSED,Official CSV is primary. Components use frozen 4-neighbor grid adjacency; span is bounding-box diagonal. US includes Alaska; CONUS is also reported separately.
531,Fagus grandifolia,Fagus grandifolia,Fagus grandifolia,exact,2851,2851,513,3364,0.8475029726516052,0.8475029726516052,1,25,17,17,-8,-8,0.917360285374554,0.9144159943879341,0.9144159943879341,-0.0029442909866199685,513,0.15249702734839476,3397.057550292606,2983.28677803526,2983.28677803526,-413.7707722573459,0.8781973027740712,NOT_ASSESSED,Official CSV is primary. Components use frozen 4-neighbor grid adjacency; span is bounding-box diagonal. US includes Alaska; CONUS is also reported separately.
541,Fraxinus americana,Fraxinus americana,Fraxinus americana,exact,3714,3714,550,4264,0.8710131332082551,0.8710131332082551,1,33,24,24,-9,-9,0.976782363977486,0.9833064081852451,0.9833064081852451,0.006524044207759094,550,0.12898686679174484,3606.9377593742865,3189.043743820395,3189.043743820395,-417.8940155538917,0.8841416061400555,NOT_ASSESSED,Official CSV is primary. Components use frozen 4-neighbor grid adjacency; span is bounding-box diagonal. US includes Alaska; CONUS is also reported separately.
542,Fraxinus latifolia,Fraxinus latifolia,Fraxinus latifolia,exact,227,227,0,227,1.0,1.0,0,7,7,7,0,0,0.933920704845815,0.933920704845815,0.933920704845815,0.0,0,0.0,1600.7810593582121,1600.7810593582121,1600.7810593582121,0.0,1.0,NOT_ASSESSED,Official CSV is primary. Components use frozen 4-neighbor grid adjacency; span is bounding-box diagonal. US includes Alaska; CONUS is also reported separately.
543,Fraxinus nigra,Fraxinus nigra,Fraxinus nigra,exact,1486,1486,1437,2923,0.50838179952104,0.50838179952104,1,24,15,15,-9,-9,0.9750256585699624,0.9851951547779273,0.9851951547779273,0.010169496207964923,1437,0.49161820047896,3205.5615732660635,2594.344811315566,2594.344811315566,-611.2167619504976,0.8093261514462988,NOT_ASSESSED,Official CSV is primary. Components use frozen 4-neighbor grid adjacency; span is bounding-box diagonal. US includes Alaska; CONUS is also reported separately.
544,Fraxinus pennsylvanica,Fraxinus pennsylvanica,Fraxinus pennsylvanica,exact,5946,5946,1364,7310,0.813406292749658,0.813406292749658,1,34,31,31,-3,-3,0.9919288645690835,0.9867137571476623,0.9867137571476623,-0.005215107421421172,1364,0.186593707250342,4478.420480481929,3963.0322986319457,3963.0322986319457,-515.3881818499835,0.8849174203056248,NOT_ASSESSED,Official CSV is primary. Components use frozen 4-neighbor grid adjacency; span is bounding-box diagonal. US includes Alaska; CONUS is also reported separately.
545,Fraxinus profunda,Fraxinus profunda,Fraxinus profunda,exact,246,246,0,246,1.0,1.0,0,26,26,26,0,0,0.4065040650406504,0.4065040650406504,0.4065040650406504,0.0,0,0.0,1930.8353114649626,1930.8353114649626,1930.8353114649626,0.0,1.0,NOT_ASSESSED,Official CSV is primary. Components use frozen 4-neighbor grid adjacency; span is bounding-box diagonal. US includes Alaska; CONUS is also reported separately.
546,Fraxinus quadrangulata,Fraxinus quadrangulata,Fraxinus quadrangulata,exact,516,516,0,516,1.0,1.0,0,14,14,14,0,0,0.9670542635658915,0.9670542635658915,0.9670542635658915,0.0,0,0.0,1437.2282351804809,1437.2282351804809,1437.2282351804809,0.0,1.0,NOT_ASSESSED,Official CSV is primary. Components use frozen 4-neighbor grid adjacency; span is bounding-box diagonal. US includes Alaska; CONUS is also reported separately.
547,Fraxinus velutina,Fraxinus velutina,Fraxinus velutina,exact,119,119,0,119,1.0,1.0,0,25,25,25,0,0,0.6974789915966386,0.6974789915966386,0.6974789915966386,0.0,0,0.0,1480.0760115615685,1480.0760115615685,1480.0760115615685,0.0,1.0,NOT_ASSESSED,Official CSV is primary. Components use frozen 4-neighbor grid adjacency; span is bounding-box diagonal. US includes Alaska; CONUS is also reported separately.
548,Fraxinus caroliniana,Fraxinus caroliniana,Fraxinus caroliniana,exact,661,661,0,661,1.0,1.0,0,17,17,17,0,0,0.8729198184568835,0.8729198184568835,0.8729198184568835,0.0,0,0.0,2112.6109438322997,2112.6109438322997,2112.6109438322997,0.0,1.0,NOT_ASSESSED,Official CSV is primary. Components use frozen 4-neighbor grid adjacency; span is bounding-box diagonal. US includes Alaska; CONUS is also reported separately.
549,Fraxinus texensis,Fraxinus texensis,Fraxinus texensis,exact,38,38,0,38,1.0,1.0,0,4,4,4,0,0,0.9210526315789473,0.9210526315789473,0.9210526315789473,0.0,0,0.0,596.3430220938282,596.3430220938282,596.3430220938282,0.0,1.0,NOT_ASSESSED,Official CSV is primary. Components use frozen 4-neighbor grid adjacency; span is bounding-box diagonal. US includes Alaska; CONUS is also reported separately.
551,Gleditsia aquatica,Gleditsia aquatica,Gleditsia aquatica,exact,431,431,0,431,1.0,1.0,0,14,14,14,0,0,0.7447795823665894,0.7447795823665894,0.7447795823665894,0.0,0,0.0,1805.0277006184697,1805.0277006184697,1805.0277006184697,0.0,1.0,NOT_ASSESSED,Official CSV is primary. Components use frozen 4-neighbor grid adjacency; span is bounding-box diagonal. US includes Alaska; CONUS is also reported separately.
552,Gleditsia triacanthos,Gleditsia triacanthos,Gleditsia triacanthos,exact,2594,2594,0,2594,1.0,1.0,0,11,11,11,0,0,0.9946029298380878,0.9946029298380878,0.9946029298380878,0.0,0,0.0,2538.3311446696625,2538.3311446696625,2538.3311446696625,0.0,1.0,NOT_ASSESSED,Official CSV is primary. Components use frozen 4-neighbor grid adjacency; span is bounding-box diagonal. US includes Alaska; CONUS is also reported separately.
555,Gordonia lasianthus,Gordonia lasianthus,Gordonia lasianthus,exact,337,337,0,337,1.0,1.0,0,3,3,3,0,0,0.9495548961424333,0.9495548961424333,0.9495548961424333,0.0,0,0.0,1502.7058927148719,1502.7058927148719,1502.7058927148719,0.0,1.0,NOT_ASSESSED,Official CSV is primary. Components use frozen 4-neighbor grid adjacency; span is bounding-box diagonal. US includes Alaska; CONUS is also reported separately.
571,Gymnocladus dioicus,Gymnocladus dioicus,Gymnocladus dioicus,exact,1070,1070,1,1071,0.9990662931839402,0.9990662931839402,1,37,36,36,-1,-1,0.9253034547152195,0.9261682242990654,0.9261682242990654,0.000864769583845959,1,0.0009337068160597573,2136.147232753398,2136.147232753398,2136.147232753398,0.0,1.0,NOT_ASSESSED,Official CSV is primary. Components use frozen 4-neighbor grid adjacency; span is bounding-box diagonal. US includes Alaska; CONUS is also reported separately.
581,Halesia carolina,Halesia carolina,Halesia carolina,exact,309,309,0,309,1.0,1.0,0,26,26,26,0,0,0.7281553398058253,0.7281553398058253,0.7281553398058253,0.0,0,0.0,1698.8967008032005,1698.8967008032005,1698.8967008032005,0.0,1.0,NOT_ASSESSED,Official CSV is primary. Components use frozen 4-neighbor grid adjacency; span is bounding-box diagonal. US includes Alaska; CONUS is also reported separately.
582,Halesia diptera,Halesia diptera,Halesia diptera,exact,322,322,0,322,1.0,1.0,0,9,9,9,0,0,0.7111801242236024,0.7111801242236024,0.7111801242236024,0.0,0,0.0,1392.838827718412,1392.838827718412,1392.838827718412,0.0,1.0,NOT_ASSESSED,Official CSV is primary. Components use frozen 4-neighbor grid adjacency; span is bounding-box diagonal. US includes Alaska; CONUS is also reported separately.
591,Ilex opaca,Ilex opaca,Ilex opaca,exact,1839,1839,0,1839,1.0,1.0,0,13,13,13,0,0,0.9918433931484503,0.9918433931484503,0.9918433931484503,0.0,0,0.0,2707.5126961844517,2707.5126961844517,2707.5126961844517,0.0,1.0,NOT_ASSESSED,Official CSV is primary. Components use frozen 4-neighbor grid adjacency; span is bounding-box diagonal. US includes Alaska; CONUS is also reported separately.
601,Juglans cinerea,Juglans cinerea,Juglans cinerea,exact,1978,1978,188,2166,0.9132040627885504,0.9132040627885504,1,30,27,27,-3,-3,0.9732225300092336,0.9792719919110212,0.9792719919110212,0.006049461901787567,188,0.08679593721144968,2707.5126961844517,2408.3189157584593,2408.3189157584593,-299.1937804259924,0.8894949667834874,NOT_ASSESSED,Official CSV is primary. Components use frozen 4-neighbor grid adjacency; span is bounding-box diagonal. US includes Alaska; CONUS is also reported separately.
602,Juglans nigra,Juglans nigra,Juglans nigra,exact,3420,3420,35,3455,0.9898697539797395,0.9898697539797395,1,29,28,28,-1,-1,0.9898697539797395,0.9900584795321637,0.9900584795321637,0.00018872555242421818,35,0.010130246020260492,2953.493693915733,2953.493693915733,2953.493693915733,0.0,1.0,NOT_ASSESSED,Official CSV is primary. Components use frozen 4-neighbor grid adjacency; span is bounding-box diagonal. US includes Alaska; CONUS is also reported separately.
604,Juglans californica,Juglans californica,Juglans californica,exact,10,10,0,10,1.0,1.0,0,4,4,4,0,0,0.6,0.6,0.6,0.0,0,0.0,301.0398644698074,301.0398644698074,301.0398644698074,0.0,1.0,NOT_ASSESSED,Official CSV is primary. Components use frozen 4-neighbor grid adjacency; span is bounding-box diagonal. US includes Alaska; CONUS is also reported separately.
605,Juglans microcarpa,Juglans microcarpa,Juglans microcarpa,exact,50,50,0,50,1.0,1.0,0,16,16,16,0,0,0.34,0.34,0.34,0.0,0,0.0,1081.9542504191202,1081.9542504191202,1081.9542504191202,0.0,1.0,NOT_ASSESSED,Official CSV is primary. Components use frozen 4-neighbor grid adjacency; span is bounding-box diagonal. US includes Alaska; CONUS is also reported separately.
606,Juglans major,Juglans major,Juglans major,exact,83,83,0,83,1.0,1.0,0,12,12,12,0,0,0.7108433734939759,0.7108433734939759,0.7108433734939759,0.0,0,0.0,1442.6538046253509,1442.6538046253509,1442.6538046253509,0.0,1.0,NOT_ASSESSED,Official CSV is primary. Components use frozen 4-neighbor grid adjacency; span is bounding-box diagonal. US includes Alaska; CONUS is also reported separately.
611,Liquidambar styraciflua,Liquidambar styraciflua,Liquidambar styraciflua,exact,2098,2098,0,2098,1.0,1.0,0,10,10,10,0,0,0.9947569113441372,0.9947569113441372,0.9947569113441372,0.0,0,0.0,2425.0,2425.0,2425.0,0.0,1.0,NOT_ASSESSED,Official CSV is primary. Components use frozen 4-neighbor grid adjacency; span is bounding-box diagonal. US includes Alaska; CONUS is also reported separately.
621,Liriodendron tulipifera,Liriodendron tulipifera,Liriodendron tulipifera,exact,2304,2304,25,2329,0.9892657793044225,0.9892657793044225,1,24,23,23,-1,-1,0.9609274366680979,0.9609375,0.9609375,1.0063331902121497e-05,25,0.010734220695577501,2397.524765252697,2397.524765252697,2397.524765252697,0.0,1.0,NOT_ASSESSED,Official CSV is primary. Components use frozen 4-neighbor grid adjacency; span is bounding-box diagonal. US includes Alaska; CONUS is also reported separately.
631,Lithocarpus densiflorus,Lithocarpus densiflorus,Lithocarpus densiflorus,exact,47,47,0,47,1.0,1.0,0,10,10,10,0,0,0.7446808510638298,0.7446808510638298,0.7446808510638298,0.0,0,0.0,976.2812094883318,976.2812094883318,976.2812094883318,0.0,1.0,NOT_ASSESSED,Official CSV is primary. Components use frozen 4-neighbor grid adjacency; span is bounding-box diagonal. US includes Alaska; CONUS is also reported separately.
641,Maclura pomifera,Maclura pomifera,Maclura pomifera,exact,175,175,0,175,1.0,1.0,0,2,2,2,0,0,0.9942857142857143,0.9942857142857143,0.9942857142857143,0.0,0,0.0,1026.2187875886896,1026.2187875886896,1026.2187875886896,0.0,1.0,NOT_ASSESSED,Official CSV is primary. Components use frozen 4-neighbor grid adjacency; span is bounding-box diagonal. US includes Alaska; CONUS is also reported separately.
651,Magnolia acuminata,Magnolia acuminata,Magnolia acuminata,exact,739,739,1,740,0.9986486486486487,0.9986486486486487,1,48,47,47,-1,-1,0.7797297297297298,0.7807848443843031,0.7807848443843031,0.001055114654573308,1,0.0013513513513513514,2090.7534527055072,2090.7534527055072,2090.7534527055072,0.0,1.0,NOT_ASSESSED,Official CSV is primary. Components use frozen 4-neighbor grid adjacency; span is bounding-box diagonal. US includes Alaska; CONUS is also reported separately.
652,Magnolia grandiflora,Magnolia grandiflora,Magnolia grandiflora,exact,582,582,0,582,1.0,1.0,0,9,9,9,0,0,0.8195876288659794,0.8195876288659794,0.8195876288659794,0.0,0,0.0,1860.7794065928395,1860.7794065928395,1860.7794065928395,0.0,1.0,NOT_ASSESSED,Official CSV is primary. Components use frozen 4-neighbor grid adjacency; span is bounding-box diagonal. US includes Alaska; CONUS is also reported separately.
653,Magnolia virginiana,Magnolia virginiana,Magnolia virginiana,exact,1036,1036,0,1036,1.0,1.0,0,18,18,18,0,0,0.8851351351351351,0.8851351351351351,0.8851351351351351,0.0,0,0.0,2655.4189876552437,2655.4189876552437,2655.4189876552437,0.0,1.0,NOT_ASSESSED,Official CSV is primary. Components use frozen 4-neighbor grid adjacency; span is bounding-box diagonal. US includes Alaska; CONUS is also reported separately.
654,Magnolia macrophylla,Magnolia macrophylla,Magnolia macrophylla,exact,231,231,0,231,1.0,1.0,0,21,21,21,0,0,0.7662337662337663,0.7662337662337663,0.7662337662337663,0.0,0,0.0,1430.0349646075092,1430.0349646075092,1430.0349646075092,0.0,1.0,NOT_ASSESSED,Official CSV is primary. Components use frozen 4-neighbor grid adjacency; span is bounding-box diagonal. US includes Alaska; CONUS is also reported separately.
655,Magnolia fraseri,Magnolia fraseri,Magnolia fraseri,exact,117,117,0,117,1.0,1.0,0,4,4,4,0,0,0.9658119658119658,0.9658119658119658,0.9658119658119658,0.0,0,0.0,755.8108228915487,755.8108228915487,755.8108228915487,0.0,1.0,NOT_ASSESSED,Official CSV is primary. Components use frozen 4-neighbor grid adjacency; span is bounding-box diagonal. US includes Alaska; CONUS is also reported separately.
658,Magnolia tripetala,Magnolia tripetala,Magnolia tripetala,exact,277,277,0,277,1.0,1.0,0,41,41,41,0,0,0.4151624548736462,0.4151624548736462,0.4151624548736462,0.0,0,0.0,1971.8329036710998,1971.8329036710998,1971.8329036710998,0.0,1.0,NOT_ASSESSED,Official CSV is primary. Components use frozen 4-neighbor grid adjacency; span is bounding-box diagonal. US includes Alaska; CONUS is also reported separately.
662,Malus angustifolia,Malus angustifolia,Malus angustifolia,exact,630,630,0,630,1.0,1.0,0,25,25,25,0,0,0.9158730158730158,0.9158730158730158,0.9158730158730158,0.0,0,0.0,2030.3940504246953,2030.3940504246953,2030.3940504246953,0.0,1.0,NOT_ASSESSED,Official CSV is primary. Components use frozen 4-neighbor grid adjacency; span is bounding-box diagonal. US includes Alaska; CONUS is also reported separately.
663,Malus coronaria,Malus coronaria,Malus coronaria,exact,613,613,33,646,0.9489164086687306,0.9489164086687306,1,42,42,42,0,0,0.8900928792569659,0.8841761827079935,0.8841761827079935,-0.005916696548972422,33,0.05108359133126935,1880.3257696473768,1880.3257696473768,1880.3257696473768,0.0,1.0,NOT_ASSESSED,Official CSV is primary. Components use frozen 4-neighbor grid adjacency; span is bounding-box diagonal. US includes Alaska; CONUS is also reported separately.
682,Morus rubra,Morus rubra,Morus rubra,exact,4163,4163,8,4171,0.9980819947254855,0.9980819947254855,1,24,21,21,-3,-3,0.9908894749460561,0.9923132356473697,0.9923132356473697,0.00142376070131367,8,0.0019180052745145048,3029.1294128841705,3029.1294128841705,3029.1294128841705,0.0,1.0,NOT_ASSESSED,Official CSV is primary. Components use frozen 4-neighbor grid adjacency; span is bounding-box diagonal. US includes Alaska; CONUS is also reported separately.
683,Morus microphylla,Morus microphylla,Morus microphylla,exact,110,110,0,110,1.0,1.0,0,30,30,30,0,0,0.4,0.4,0.4,0.0,0,0.0,1543.5349040433132,1543.5349040433132,1543.5349040433132,0.0,1.0,NOT_ASSESSED,Official CSV is primary. Components use frozen 4-neighbor grid adjacency; span is bounding-box diagonal. US includes Alaska; CONUS is also reported separately.
691,Nyssa aquatica,Nyssa aquatica,Nyssa aquatica,exact,689,689,0,689,1.0,1.0,0,21,21,21,0,0,0.9317851959361393,0.9317851959361393,0.9317851959361393,0.0,0,0.0,1892.9144196185944,1892.9144196185944,1892.9144196185944,0.0,1.0,NOT_ASSESSED,Official CSV is primary. Components use frozen 4-neighbor grid adjacency; span is bounding-box diagonal. US includes Alaska; CONUS is also reported separately.
692,Nyssa ogeche,Nyssa ogeche,Nyssa ogeche,exact,120,120,0,120,1.0,1.0,0,1,1,1,0,0,1.0,1.0,1.0,0.0,0,0.0,605.1859218455103,605.1859218455103,605.1859218455103,0.0,1.0,NOT_ASSESSED,Official CSV is primary. Components use frozen 4-neighbor grid adjacency; span is bounding-box diagonal. US includes Alaska; CONUS is also reported separately.
693,Nyssa sylvatica,Nyssa sylvatica,Nyssa sylvatica,exact,2920,2920,20,2940,0.9931972789115646,0.9931972789115646,1,21,20,20,-1,-1,0.9857142857142858,0.9866438356164383,0.9866438356164383,0.0009295499021525488,20,0.006802721088435374,2939.81291921782,2939.81291921782,2939.81291921782,0.0,1.0,NOT_ASSESSED,Official CSV is primary. Components use frozen 4-neighbor grid adjacency; span is bounding-box diagonal. US includes Alaska; CONUS is also reported separately.
701,Ostrya virginiana,Ostrya virginiana,Ostrya virginiana,exact,3912,3912,579,4491,0.8710754843019372,0.8710754843019372,1,30,21,21,-9,-9,0.9821865954130483,0.9902862985685071,0.9902862985685071,0.008099703155458826,579,0.1289245156980628,3959.561213063892,3525.354592094248,3525.354592094248,-434.20662096964406,0.8903397125072713,NOT_ASSESSED,Official CSV is primary. Components use frozen 4-neighbor grid adjacency; span is bounding-box diagonal. US includes Alaska; CONUS is also reported separately.
711,Oxydendrum arboreum,Oxydendrum arboreum,Oxydendrum arboreum,exact,1090,1090,0,1090,1.0,1.0,0,16,16,16,0,0,0.9798165137614679,0.9798165137614679,0.9798165137614679,0.0,0,0.0,2042.2108118409324,2042.2108118409324,2042.2108118409324,0.0,1.0,NOT_ASSESSED,Official CSV is primary. Components use frozen 4-neighbor grid adjacency; span is bounding-box diagonal. US includes Alaska; CONUS is also reported separately.
721,Persea borbonia,Persea borbonia,Persea borbonia,exact,720,720,0,720,1.0,1.0,0,15,15,15,0,0,0.8791666666666667,0.8791666666666667,0.8791666666666667,0.0,0,0.0,2397.524765252697,2397.524765252697,2397.524765252697,0.0,1.0,NOT_ASSESSED,Official CSV is primary. Components use frozen 4-neighbor grid adjacency; span is bounding-box diagonal. US includes Alaska; CONUS is also reported separately.
722,Planera aquatica,Planera aquatica,Planera aquatica,exact,635,635,0,635,1.0,1.0,0,15,15,15,0,0,0.9496062992125984,0.9496062992125984,0.9496062992125984,0.0,0,0.0,1823.6296224836885,1823.6296224836885,1823.6296224836885,0.0,1.0,NOT_ASSESSED,Official CSV is primary. Components use frozen 4-neighbor grid adjacency; span is bounding-box diagonal. US includes Alaska; CONUS is also reported separately.
730,Platanus racemosa,Platanus racemosa,Platanus racemosa,exact,86,86,0,86,1.0,1.0,0,10,10,10,0,0,0.47674418604651164,0.47674418604651164,0.47674418604651164,0.0,0,0.0,989.0020222426241,989.0020222426241,989.0020222426241,0.0,1.0,NOT_ASSESSED,Official CSV is primary. Components use frozen 4-neighbor grid adjacency; span is bounding-box diagonal. US includes Alaska; CONUS is also reported separately.
731,Platanus occidentalis,Platanus occidentalis,Platanus occidentalis,exact,3717,3717,40,3757,0.989353207346287,0.989353207346287,1,17,16,16,-1,-1,0.9944104338568006,0.994619316653215,0.994619316653215,0.00020888279641440022,40,0.010646792653713068,3042.4085853152596,3042.4085853152596,3042.4085853152596,0.0,1.0,NOT_ASSESSED,Official CSV is primary. Components use frozen 4-neighbor grid adjacency; span is bounding-box diagonal. US includes Alaska; CONUS is also reported separately.
732,Platanus wrightii,Platanus wrightii,Platanus wrightii,exact,106,106,0,106,1.0,1.0,0,3,3,3,0,0,0.9150943396226415,0.9150943396226415,0.9150943396226415,0.0,0,0.0,602.0797289396148,602.0797289396148,602.0797289396148,0.0,1.0,NOT_ASSESSED,Official CSV is primary. Components use frozen 4-neighbor grid adjacency; span is bounding-box diagonal. US includes Alaska; CONUS is also reported separately.
741,Populus balsamifera,Populus balsamifera,Populus balsamifera,exact,1881,766,6974,8855,0.2124223602484472,0.0865047995482778,1,102,88,55,-14,-47,0.9568605307735742,0.5608718766613503,0.4255874673629243,-0.39598865411222395,6974,0.7875776397515528,7309.625503403031,6688.142492501187,3783.6820690961863,-621.483010901844,0.9149774484872707,NOT_ASSESSED,Official CSV is primary. Components use frozen 4-neighbor grid adjacency; span is bounding-box diagonal. US includes Alaska; CONUS is also reported separately.
742,Populus deltoides,Populus deltoides,Populus deltoides,exact,5366,5366,383,5749,0.9333797182118629,0.9333797182118629,1,39,33,33,-6,-6,0.9756479387719603,0.9767051807677972,0.9767051807677972,0.0010572419958368995,383,0.06662028178813707,4026.8629229215144,3840.0032552069533,3840.0032552069533,-186.85966771456106,0.9535967150381685,NOT_ASSESSED,Official CSV is primary. Components use frozen 4-neighbor grid adjacency; span is bounding-box diagonal. US includes Alaska; CONUS is also reported separately.
743,Populus grandidentata,Populus grandidentata,Populus grandidentata,exact,1844,1844,1184,3028,0.6089828269484808,0.6089828269484808,1,27,23,23,-4,-4,0.9682959048877147,0.5997830802603037,0.5997830802603037,-0.368512824627411,1184,0.3910171730515192,3066.0438679183962,2580.697580112788,2580.697580112788,-485.3462878056084,0.8417027581098765,NOT_ASSESSED,Official CSV is primary. Components use frozen 4-neighbor grid adjacency; span is bounding-box diagonal. US includes Alaska; CONUS is also reported separately.
744,Populus heterophylla,Populus heterophylla,Populus heterophylla,exact,314,314,0,314,1.0,1.0,0,45,45,45,0,0,0.40764331210191085,0.40764331210191085,0.40764331210191085,0.0,0,0.0,2036.694626103776,2036.694626103776,2036.694626103776,0.0,1.0,NOT_ASSESSED,Official CSV is primary. Components use frozen 4-neighbor grid adjacency; span is bounding-box diagonal. US includes Alaska; CONUS is also reported separately.
746,Populus tremuloides,Populus tremuloides,Populus tremuloides,exact,3148,2474,7708,10856,0.2899778924097273,0.2278924097273397,1,149,137,128,-12,-21,0.9334008843036109,0.5457433290978398,0.6944219886822959,-0.38765755520577105,7708,0.7100221075902726,7660.491172242157,7075.397515334386,4573.633675754979,-585.0936569077703,0.9236219135624278,NOT_ASSESSED,Official CSV is primary. Components use frozen 4-neighbor grid adjacency; span is bounding-box diagonal. US includes Alaska; CONUS is also reported separately.
748,Populus fremontii,Populus fremontii,Populus fremontii,exact,329,329,0,329,1.0,1.0,0,78,78,78,0,0,0.22492401215805471,0.22492401215805471,0.22492401215805471,0.0,0,0.0,2174.4252114064534,2174.4252114064534,2174.4252114064534,0.0,1.0,NOT_ASSESSED,Official CSV is primary. Components use frozen 4-neighbor grid adjacency; span is bounding-box diagonal. US includes Alaska; CONUS is also reported separately.
749,Populus angustifolia,Populus angustifolia,Populus angustifolia,exact,456,456,8,464,0.9827586206896551,0.9827586206896551,1,51,46,46,-5,-5,0.35560344827586204,0.3618421052631579,0.3618421052631579,0.006238656987295865,8,0.017241379310344827,2358.495283014151,2130.2875392772685,2130.2875392772685,-228.20774373688255,0.9032401101751479,NOT_ASSESSED,Official CSV is primary. Components use frozen 4-neighbor grid adjacency; span is bounding-box diagonal. US includes Alaska; CONUS is also reported separately.
756,Prosopis glandulosa,Prosopis glandulosa,Prosopis glandulosa,exact,1889,1889,0,1889,1.0,1.0,0,10,10,10,0,0,0.9920592906299629,0.9920592906299629,0.9920592906299629,0.0,0,0.0,3092.834460490894,3092.834460490894,3092.834460490894,0.0,1.0,NOT_ASSESSED,Official CSV is primary. Components use frozen 4-neighbor grid adjacency; span is bounding-box diagonal. US includes Alaska; CONUS is also reported separately.
757,Prosopis velutina,Prosopis velutina,Prosopis velutina,exact,182,182,0,182,1.0,1.0,0,2,2,2,0,0,0.9945054945054945,0.9945054945054945,0.9945054945054945,0.0,0,0.0,1012.4228365658294,1012.4228365658294,1012.4228365658294,0.0,1.0,NOT_ASSESSED,Official CSV is primary. Components use frozen 4-neighbor grid adjacency; span is bounding-box diagonal. US includes Alaska; CONUS is also reported separately.
758,Prosopis pubescens,Prosopis pubescens,Prosopis pubescens,exact,203,203,0,203,1.0,1.0,0,21,21,21,0,0,0.7389162561576355,0.7389162561576355,0.7389162561576355,0.0,0,0.0,1585.283886248769,1585.283886248769,1585.283886248769,0.0,1.0,NOT_ASSESSED,Official CSV is primary. Components use frozen 4-neighbor grid adjacency; span is bounding-box diagonal. US includes Alaska; CONUS is also reported separately.
761,Prunus pensylvanica,Prunus pensylvanica,Prunus pensylvanica,exact,1435,1435,5311,6746,0.2127186480877557,0.2127186480877557,1,58,45,45,-13,-13,0.9506374147643047,0.43414634146341463,0.43414634146341463,-0.5164910733008901,5311,0.7872813519122442,5610.3698630304225,3689.512162874653,3689.512162874653,-1920.8577001557696,0.6576236955760658,NOT_ASSESSED,Official CSV is primary. Components use frozen 4-neighbor grid adjacency; span is bounding-box diagonal. US includes Alaska; CONUS is also reported separately.
762,Prunus serotina,Prunus serotina,Prunus serotina,exact,4380,4380,291,4671,0.9377007064868337,0.9377007064868337,1,37,34,34,-3,-3,0.968529222864483,0.967351598173516,0.967351598173516,-0.0011776246909669386,291,0.06229929351316635,4493.119740225047,4209.0675927098155,4209.0675927098155,-284.0521475152318,0.9367806415279276,NOT_ASSESSED,Official CSV is primary. Components use frozen 4-neighbor grid adjacency; span is bounding-box diagonal. US includes Alaska; CONUS is also reported separately.
763,Prunus virginiana,Prunus virginiana,Prunus virginiana,exact,4583,4583,4282,8865,0.5169768753525099,0.5169768753525099,1,110,87,87,-23,-23,0.9107727016356458,0.8577351080078551,0.8577351080078551,-0.0530375936277907,4282,0.48302312464749014,6126.275377421423,4798.567494575856,4798.567494575856,-1327.7078828455678,0.7832764932933188,NOT_ASSESSED,Official CSV is primary. Components use frozen 4-neighbor grid adjacency; span is bounding-box diagonal. US includes Alaska; CONUS is also reported separately.
766,Prunus americana,Prunus americana,Prunus americana,exact,3586,3586,70,3656,0.9808533916849015,0.9808533916849015,1,41,40,40,-1,-1,0.9846827133479212,0.984941438929169,0.984941438929169,0.0002587255812477318,70,0.019146608315098467,3841.30511675394,3786.901767936422,3786.901767936422,-54.403348817518236,0.9858372747896966,NOT_ASSESSED,Official CSV is primary. Components use frozen 4-neighbor grid adjacency; span is bounding-box diagonal. US includes Alaska; CONUS is also reported separately.
768,Prunus emarginata,Prunus emarginata,Prunus emarginata,exact,605,605,141,746,0.8109919571045576,0.8109919571045576,1,28,22,22,-6,-6,0.5227882037533512,0.5421487603305785,0.5421487603305785,0.01936055657722724,141,0.18900804289544235,3008.5295411546153,2324.05894933842,2324.05894933842,-684.4705918161953,0.772489988064565,NOT_ASSESSED,Official CSV is primary. Components use frozen 4-neighbor grid adjacency; span is bounding-box diagonal. US includes Alaska; CONUS is also reported separately.
801,Quercus agrifolia,Quercus agrifolia,Quercus agrifolia,exact,81,81,0,81,1.0,1.0,0,6,6,6,0,0,0.48148148148148145,0.48148148148148145,0.48148148148148145,0.0,0,0.0,860.9587678861282,860.9587678861282,860.9587678861282,0.0,1.0,NOT_ASSESSED,Official CSV is primary. Components use frozen 4-neighbor grid adjacency; span is bounding-box diagonal. US includes Alaska; CONUS is also reported separately.
802,Quercus alba,Quercus alba,Quercus alba,exact,3656,3656,91,3747,0.9757139044568989,0.9757139044568989,1,15,14,14,-1,-1,0.9917267147050974,0.9953501094091903,0.9953501094091903,0.003623394704092897,91,0.024286095543101148,2811.2497220986966,2793.2955446926844,2793.2955446926844,-17.95417740601215,0.9936134533816481,NOT_ASSESSED,Official CSV is primary. Components use frozen 4-neighbor grid adjacency; span is bounding-box diagonal. US includes Alaska; CONUS is also reported separately.
803,Quercus arizonica,Quercus arizonica,Quercus arizonica,exact,64,64,0,64,1.0,1.0,0,14,14,14,0,0,0.6875,0.6875,0.6875,0.0,0,0.0,742.0411039827915,742.0411039827915,742.0411039827915,0.0,1.0,NOT_ASSESSED,Official CSV is primary. Components use frozen 4-neighbor grid adjacency; span is bounding-box diagonal. US includes Alaska; CONUS is also reported separately.
804,Quercus bicolor,Quercus bicolor,Quercus bicolor,exact,1270,1270,36,1306,0.9724349157733537,0.9724349157733537,1,35,34,34,-1,-1,0.8989280245022971,0.9047244094488189,0.9047244094488189,0.005796384946521793,36,0.027565084226646247,2330.772404161333,2274.313083108832,2274.313083108832,-56.459321052500854,0.9757765619020977,NOT_ASSESSED,Official CSV is primary. Components use frozen 4-neighbor grid adjacency; span is bounding-box diagonal. US includes Alaska; CONUS is also reported separately.
805,Quercus chrysolepis,Quercus chrysolepis,Quercus chrysolepis,exact,170,170,0,170,1.0,1.0,0,18,18,18,0,0,0.8176470588235294,0.8176470588235294,0.8176470588235294,0.0,0,0.0,1837.457482501296,1837.457482501296,1837.457482501296,0.0,1.0,NOT_ASSESSED,Official CSV is primary. Components use frozen 4-neighbor grid adjacency; span is bounding-box diagonal. US includes Alaska; CONUS is also reported separately.
806,Quercus coccinea,Quercus coccinea,Quercus coccinea,exact,1399,1399,0,1399,1.0,1.0,0,36,36,36,0,0,0.9235167977126519,0.9235167977126519,0.9235167977126519,0.0,0,0.0,2352.7908959361434,2352.7908959361434,2352.7908959361434,0.0,1.0,NOT_ASSESSED,Official CSV is primary. Components use frozen 4-neighbor grid adjacency; span is bounding-box diagonal. US includes Alaska; CONUS is also reported separately.
807,Quercus douglasii,Quercus douglasii,Quercus douglasii,exact,92,92,0,92,1.0,1.0,0,8,8,8,0,0,0.391304347826087,0.391304347826087,0.391304347826087,0.0,0,0.0,775.4031209635411,775.4031209635411,775.4031209635411,0.0,1.0,NOT_ASSESSED,Official CSV is primary. Components use frozen 4-neighbor grid adjacency; span is bounding-box diagonal. US includes Alaska; CONUS is also reported separately.
809,Quercus ellipsoidalis,Quercus ellipsoidalis,Quercus ellipsoidalis,exact,430,430,3,433,0.9930715935334873,0.9930715935334873,1,19,20,20,1,1,0.8937644341801386,0.9,0.9,0.0062355658198613995,3,0.006928406466512702,1399.330196915653,1382.931668593933,1382.931668593933,-16.39852832172005,0.9882811588302282,NOT_ASSESSED,Official CSV is primary. Components use frozen 4-neighbor grid adjacency; span is bounding-box diagonal. US includes Alaska; CONUS is also reported separately.
810,Quercus emoryi,Quercus emoryi,Quercus emoryi,exact,45,45,0,45,1.0,1.0,0,21,21,21,0,0,0.2,0.2,0.2,0.0,0,0.0,945.05290857179,945.05290857179,945.05290857179,0.0,1.0,NOT_ASSESSED,Official CSV is primary. Components use frozen 4-neighbor grid adjacency; span is bounding-box diagonal. US includes Alaska; CONUS is also reported separately.
811,Quercus engelmannii,Quercus engelmannii,Quercus engelmannii,exact,7,7,0,7,1.0,1.0,0,2,2,2,0,0,0.7142857142857143,0.7142857142857143,0.7142857142857143,0.0,0,0.0,90.13878188659973,90.13878188659973,90.13878188659973,0.0,1.0,NOT_ASSESSED,Official CSV is primary. Components use frozen 4-neighbor grid adjacency; span is bounding-box diagonal. US includes Alaska; CONUS is also reported separately.
812,Quercus falcata,Quercus falcata,Quercus falcata,exact,2003,2003,0,2003,1.0,1.0,0,8,8,8,0,0,0.9965052421367948,0.9965052421367948,0.9965052421367948,0.0,0,0.0,2423.4531148755486,2423.4531148755486,2423.4531148755486,0.0,1.0,NOT_ASSESSED,Official CSV is primary. Components use frozen 4-neighbor grid adjacency; span is bounding-box diagonal. US includes Alaska; CONUS is also reported separately.
814,Quercus gambelii,Quercus gambelii,Quercus gambelii,exact,578,578,0,578,1.0,1.0,0,32,32,32,0,0,0.8667820069204152,0.8667820069204152,0.8667820069204152,0.0,0,0.0,1646.3975826026956,1646.3975826026956,1646.3975826026956,0.0,1.0,NOT_ASSESSED,Official CSV is primary. Components use frozen 4-neighbor grid adjacency; span is bounding-box diagonal. US includes Alaska; CONUS is also reported separately.
815,Quercus garryana,Quercus garryana,Quercus garryana,exact,186,186,2,188,0.9893617021276596,0.9893617021276596,1,11,9,9,-2,-2,0.925531914893617,0.9354838709677419,0.9354838709677419,0.009951956074124912,2,0.010638297872340425,1463.0874888399533,1415.317985471816,1415.317985471816,-47.76950336813729,0.9673502071936843,NOT_ASSESSED,Official CSV is primary. Components use frozen 4-neighbor grid adjacency; span is bounding-box diagonal. US includes Alaska; CONUS is also reported separately.
816,Quercus ilicifolia,Quercus ilicifolia,Quercus ilicifolia,exact,309,309,0,309,1.0,1.0,0,11,11,11,0,0,0.9546925566343042,0.9546925566343042,0.9546925566343042,0.0,0,0.0,1488.4975646604196,1488.4975646604196,1488.4975646604196,0.0,1.0,NOT_ASSESSED,Official CSV is primary. Components use frozen 4-neighbor grid adjacency; span is bounding-box diagonal. US includes Alaska; CONUS is also reported separately.
817,Quercus imbricaria,Quercus imbricaria,Quercus imbricaria,exact,987,987,0,987,1.0,1.0,0,31,31,31,0,0,0.9412360688956434,0.9412360688956434,0.9412360688956434,0.0,0,0.0,2045.8800062564767,2045.8800062564767,2045.8800062564767,0.0,1.0,NOT_ASSESSED,Official CSV is primary. Components use frozen 4-neighbor grid adjacency; span is bounding-box diagonal. US includes Alaska; CONUS is also reported separately.
818,Quercus kelloggii,Quercus kelloggii,Quercus kelloggii,exact,125,125,0,125,1.0,1.0,0,20,20,20,0,0,0.504,0.504,0.504,0.0,0,0.0,1367.707936658993,1367.707936658993,1367.707936658993,0.0,1.0,NOT_ASSESSED,Official CSV is primary. Components use frozen 4-neighbor grid adjacency; span is bounding-box diagonal. US includes Alaska; CONUS is also reported separately.
819,Quercus laevis,Quercus laevis,Quercus laevis,exact,560,560,0,560,1.0,1.0,0,9,9,9,0,0,0.9696428571428571,0.9696428571428571,0.9696428571428571,0.0,0,0.0,1590.990257669732,1590.990257669732,1590.990257669732,0.0,1.0,NOT_ASSESSED,Official CSV is primary. Components use frozen 4-neighbor grid adjacency; span is bounding-box diagonal. US includes Alaska; CONUS is also reported separately.
820,Quercus laurifolia,Quercus laurifolia,Quercus laurifolia,exact,768,768,0,768,1.0,1.0,0,14,14,14,0,0,0.9765625,0.9765625,0.9765625,0.0,0,0.0,2220.360331117452,2220.360331117452,2220.360331117452,0.0,1.0,NOT_ASSESSED,Official CSV is primary. Components use frozen 4-neighbor grid adjacency; span is bounding-box diagonal. US includes Alaska; CONUS is also reported separately.
821,Quercus lobata,Quercus lobata,Quercus lobata,exact,142,142,0,142,1.0,1.0,0,8,8,8,0,0,0.9436619718309859,0.9436619718309859,0.9436619718309859,0.0,0,0.0,798.8272654335229,798.8272654335229,798.8272654335229,0.0,1.0,NOT_ASSESSED,Official CSV is primary. Components use frozen 4-neighbor grid adjacency; span is bounding-box diagonal. US includes Alaska; CONUS is also reported separately.
822,Quercus lyrata,Quercus lyrata,Quercus lyrata,exact,1358,1358,0,1358,1.0,1.0,0,15,15,15,0,0,0.9808541973490427,0.9808541973490427,0.9808541973490427,0.0,0,0.0,2311.384866265244,2311.384866265244,2311.384866265244,0.0,1.0,NOT_ASSESSED,Official CSV is primary. Components use frozen 4-neighbor grid adjacency; span is bounding-box diagonal. US includes Alaska; CONUS is also reported separately.
823,Quercus macrocarpa,Quercus macrocarpa,Quercus macrocarpa,exact,3088,3088,597,3685,0.8379918588873813,0.8379918588873813,1,35,33,33,-2,-2,0.9715061058344641,0.9585492227979274,0.9585492227979274,-0.012956883036536637,597,0.16200814111261871,3800.740059514725,3452.625812334722,3452.625812334722,-348.1142471800031,0.9084088251948359,NOT_ASSESSED,Official CSV is primary. Components use frozen 4-neighbor grid adjacency; span is bounding-box diagonal. US includes Alaska; CONUS is also reported separately.
824,Quercus marilandica,Quercus marilandica,Quercus marilandica,exact,2757,2757,0,2757,1.0,1.0,0,7,7,7,0,0,0.9978237214363439,0.9978237214363439,0.9978237214363439,0.0,0,0.0,2717.650639799016,2717.650639799016,2717.650639799016,0.0,1.0,NOT_ASSESSED,Official CSV is primary. Components use frozen 4-neighbor grid adjacency; span is bounding-box diagonal. US includes Alaska; CONUS is also reported separately.
825,Quercus michauxii,Quercus michauxii,Quercus michauxii,exact,1427,1427,0,1427,1.0,1.0,0,19,19,19,0,0,0.9838822704975473,0.9838822704975473,0.9838822704975473,0.0,0,0.0,2227.666940994546,2227.666940994546,2227.666940994546,0.0,1.0,NOT_ASSESSED,Official CSV is primary. Components use frozen 4-neighbor grid adjacency; span is bounding-box diagonal. US includes Alaska; CONUS is also reported separately.
826,Quercus muehlenbergii,Quercus muehlenbergii,Quercus muehlenbergii,exact,2552,2552,36,2588,0.9860896445131375,0.9860896445131375,1,28,26,26,-2,-2,0.9760432766615147,0.9788401253918495,0.9788401253918495,0.002796848730334811,36,0.013910355486862442,3186.00455115808,3186.00455115808,3186.00455115808,0.0,1.0,NOT_ASSESSED,Official CSV is primary. Components use frozen 4-neighbor grid adjacency; span is bounding-box diagonal. US includes Alaska; CONUS is also reported separately.
827,Quercus nigra,Quercus nigra,Quercus nigra,exact,1575,1575,0,1575,1.0,1.0,0,7,7,7,0,0,0.9885714285714285,0.9885714285714285,0.9885714285714285,0.0,0,0.0,2362.3346502983018,2362.3346502983018,2362.3346502983018,0.0,1.0,NOT_ASSESSED,Official CSV is primary. Components use frozen 4-neighbor grid adjacency; span is bounding-box diagonal. US includes Alaska; CONUS is also reported separately.
829,Quercus oblongifolia,Quercus oblongifolia,Quercus oblongifolia,exact,8,8,0,8,1.0,1.0,0,3,3,3,0,0,0.625,0.625,0.625,0.0,0,0.0,180.27756377319946,180.27756377319946,180.27756377319946,0.0,1.0,NOT_ASSESSED,Official CSV is primary. Components use frozen 4-neighbor grid adjacency; span is bounding-box diagonal. US includes Alaska; CONUS is also reported separately.
830,Quercus palustris,Quercus palustris,Quercus palustris,exact,1352,1352,8,1360,0.9941176470588236,0.9941176470588236,1,19,18,18,-1,-1,0.975,0.9763313609467456,0.9763313609467456,0.0013313609467455745,8,0.0058823529411764705,2212.747161335881,2212.747161335881,2212.747161335881,0.0,1.0,NOT_ASSESSED,Official CSV is primary. Components use frozen 4-neighbor grid adjacency; span is bounding-box diagonal. US includes Alaska; CONUS is also reported separately.
831,Quercus phellos,Quercus phellos,Quercus phellos,exact,1500,1500,0,1500,1.0,1.0,0,10,10,10,0,0,0.9926666666666667,0.9926666666666667,0.9926666666666667,0.0,0,0.0,2423.4531148755486,2423.4531148755486,2423.4531148755486,0.0,1.0,NOT_ASSESSED,Official CSV is primary. Components use frozen 4-neighbor grid adjacency; span is bounding-box diagonal. US includes Alaska; CONUS is also reported separately.
832,Quercus prinus,Quercus prinus,Quercus prinus,exact,1172,1172,24,1196,0.979933110367893,0.979933110367893,1,19,19,19,0,0,0.9306020066889632,0.9496587030716723,0.9496587030716723,0.019056696382709126,24,0.020066889632107024,2112.6109438322997,2112.6109438322997,2112.6109438322997,0.0,1.0,NOT_ASSESSED,Official CSV is primary. Components use frozen 4-neighbor grid adjacency; span is bounding-box diagonal. US includes Alaska; CONUS is also reported separately.
833,Quercus rubra,Quercus rubra,Quercus rubra,exact,3554,3554,771,4325,0.8217341040462428,0.8217341040462428,1,20,13,13,-7,-7,0.9879768786127168,0.9957794034890265,0.9957794034890265,0.007802524876309724,771,0.17826589595375722,3501.7852589786257,3076.117683054405,3076.117683054405,-425.6675759242207,0.8784426958127135,NOT_ASSESSED,Official CSV is primary. Components use frozen 4-neighbor grid adjacency; span is bounding-box diagonal. US includes Alaska; CONUS is also reported separately.
834,Quercus shumardii,Quercus shumardii,Quercus shumardii,exact,2206,2206,0,2206,1.0,1.0,0,20,20,20,0,0,0.9891205802357208,0.9891205802357208,0.9891205802357208,0.0,0,0.0,2495.245478905833,2495.245478905833,2495.245478905833,0.0,1.0,NOT_ASSESSED,Official CSV is primary. Components use frozen 4-neighbor grid adjacency; span is bounding-box diagonal. US includes Alaska; CONUS is also reported separately.
835,Quercus stellata,Quercus stellata,Quercus stellata,exact,3195,3195,0,3195,1.0,1.0,0,13,13,13,0,0,0.9956181533646322,0.9956181533646322,0.9956181533646322,0.0,0,0.0,3030.264014900352,3030.264014900352,3030.264014900352,0.0,1.0,NOT_ASSESSED,Official CSV is primary. Components use frozen 4-neighbor grid adjacency; span is bounding-box diagonal. US includes Alaska; CONUS is also reported separately.
837,Quercus velutina,Quercus velutina,Quercus velutina,exact,3391,3391,38,3429,0.9889180519101779,0.9889180519101779,1,20,18,18,-2,-2,0.9883347914843977,0.9893836626363904,0.9893836626363904,0.001048871151992703,38,0.011081948089822106,2811.2497220986966,2811.2497220986966,2811.2497220986966,0.0,1.0,NOT_ASSESSED,Official CSV is primary. Components use frozen 4-neighbor grid adjacency; span is bounding-box diagonal. US includes Alaska; CONUS is also reported separately.
838,Quercus virginiana,Quercus virginiana,Quercus virginiana,exact,757,757,0,757,1.0,1.0,0,16,16,16,0,0,0.4966974900924703,0.4966974900924703,0.4966974900924703,0.0,0,0.0,2628.8067635335997,2628.8067635335997,2628.8067635335997,0.0,1.0,NOT_ASSESSED,Official CSV is primary. Components use frozen 4-neighbor grid adjacency; span is bounding-box diagonal. US includes Alaska; CONUS is also reported separately.
839,Quercus wislizeni,Quercus wislizeni,Quercus wislizeni,exact,117,117,0,117,1.0,1.0,0,12,12,12,0,0,0.8547008547008547,0.8547008547008547,0.8547008547008547,0.0,0,0.0,984.8857801796104,984.8857801796104,984.8857801796104,0.0,1.0,NOT_ASSESSED,Official CSV is primary. Components use frozen 4-neighbor grid adjacency; span is bounding-box diagonal. US includes Alaska; CONUS is also reported separately.
842,Quercus incana,Quercus incana,Quercus incana,exact,587,587,0,587,1.0,1.0,0,20,20,20,0,0,0.8807495741056218,0.8807495741056218,0.8807495741056218,0.0,0,0.0,2170.541407114824,2170.541407114824,2170.541407114824,0.0,1.0,NOT_ASSESSED,Official CSV is primary. Components use frozen 4-neighbor grid adjacency; span is bounding-box diagonal. US includes Alaska; CONUS is also reported separately.
843,Quercus hypoleucoides,Quercus hypoleucoides,Quercus hypoleucoides,exact,18,18,0,18,1.0,1.0,0,13,13,13,0,0,0.1111111111111111,0.1111111111111111,0.1111111111111111,0.0,0,0.0,715.8910531638177,715.8910531638177,715.8910531638177,0.0,1.0,NOT_ASSESSED,Official CSV is primary. Components use frozen 4-neighbor grid adjacency; span is bounding-box diagonal. US includes Alaska; CONUS is also reported separately.
844,Quercus oglethorpensis,Quercus oglethorpensis,Quercus oglethorpensis,exact,8,8,0,8,1.0,1.0,0,3,3,3,0,0,0.5,0.5,0.5,0.0,0,0.0,195.25624189766634,195.25624189766634,195.25624189766634,0.0,1.0,NOT_ASSESSED,Official CSV is primary. Components use frozen 4-neighbor grid adjacency; span is bounding-box diagonal. US includes Alaska; CONUS is also reported separately.
846,Quercus grisea,Quercus grisea,Quercus grisea,exact,41,41,0,41,1.0,1.0,0,20,20,20,0,0,0.3902439024390244,0.3902439024390244,0.3902439024390244,0.0,0,0.0,1095.7303500405565,1095.7303500405565,1095.7303500405565,0.0,1.0,NOT_ASSESSED,Official CSV is primary. Components use frozen 4-neighbor grid adjacency; span is bounding-box diagonal. US includes Alaska; CONUS is also reported separately.
847,Quercus rugosa,Quercus rugosa,Quercus rugosa,exact,12,12,0,12,1.0,1.0,0,8,8,8,0,0,0.3333333333333333,0.3333333333333333,0.3333333333333333,0.0,0,0.0,806.2257748298549,806.2257748298549,806.2257748298549,0.0,1.0,NOT_ASSESSED,Official CSV is primary. Components use frozen 4-neighbor grid adjacency; span is bounding-box diagonal. US includes Alaska; CONUS is also reported separately.
853,Annona glabra,Annona glabra,Annona glabra,exact,51,51,0,51,1.0,1.0,0,1,1,1,0,0,1.0,1.0,1.0,0.0,0,0.0,305.16389039334257,305.16389039334257,305.16389039334257,0.0,1.0,NOT_ASSESSED,Official CSV is primary. Components use frozen 4-neighbor grid adjacency; span is bounding-box diagonal. US includes Alaska; CONUS is also reported separately.
854,Bursera simaruba,Bursera simaruba,Bursera simaruba,exact,24,24,0,24,1.0,1.0,0,2,2,2,0,0,0.9583333333333334,0.9583333333333334,0.9583333333333334,0.0,0,0.0,215.05813167606567,215.05813167606567,215.05813167606567,0.0,1.0,NOT_ASSESSED,Official CSV is primary. Components use frozen 4-neighbor grid adjacency; span is bounding-box diagonal. US includes Alaska; CONUS is also reported separately.
863,Coccoloba diversifolia,Coccoloba diversifolia,Coccoloba diversifolia,exact,9,9,0,9,1.0,1.0,0,2,2,2,0,0,0.7777777777777778,0.7777777777777778,0.7777777777777778,0.0,0,0.0,160.0781059358212,160.0781059358212,160.0781059358212,0.0,1.0,NOT_ASSESSED,Official CSV is primary. Components use frozen 4-neighbor grid adjacency; span is bounding-box diagonal. US includes Alaska; CONUS is also reported separately.
867,Condalia hookeri,Condalia hookeri,Condalia hookeri,exact,183,183,0,183,1.0,1.0,0,3,3,3,0,0,0.9890710382513661,0.9890710382513661,0.9890710382513661,0.0,0,0.0,654.31261641512,654.31261641512,654.31261641512,0.0,1.0,NOT_ASSESSED,Official CSV is primary. Components use frozen 4-neighbor grid adjacency; span is bounding-box diagonal. US includes Alaska; CONUS is also reported separately.
869,Leucaena pulverulenta,Leucaena pulverulenta,Leucaena pulverulenta,exact,12,12,0,12,1.0,1.0,0,2,2,2,0,0,0.9166666666666666,0.9166666666666666,0.9166666666666666,0.0,0,0.0,176.7766952966369,176.7766952966369,176.7766952966369,0.0,1.0,NOT_ASSESSED,Official CSV is primary. Components use frozen 4-neighbor grid adjacency; span is bounding-box diagonal. US includes Alaska; CONUS is also reported separately.
870,Sophora affinis,Sophora affinis,Sophora affinis,exact,117,117,0,117,1.0,1.0,0,4,4,4,0,0,0.9145299145299145,0.9145299145299145,0.9145299145299145,0.0,0,0.0,867.8277478854891,867.8277478854891,867.8277478854891,0.0,1.0,NOT_ASSESSED,Official CSV is primary. Components use frozen 4-neighbor grid adjacency; span is bounding-box diagonal. US includes Alaska; CONUS is also reported separately.
876,Ficus aurea,Ficus aurea,Ficus aurea,exact,60,60,0,60,1.0,1.0,0,2,2,2,0,0,0.9833333333333333,0.9833333333333333,0.9833333333333333,0.0,0,0.0,371.65171868296267,371.65171868296267,371.65171868296267,0.0,1.0,NOT_ASSESSED,Official CSV is primary. Components use frozen 4-neighbor grid adjacency; span is bounding-box diagonal. US includes Alaska; CONUS is also reported separately.
886,Metopium toxiferum,Metopium toxiferum,Metopium toxiferum,exact,2,2,0,2,1.0,1.0,0,2,2,2,0,0,0.5,0.5,0.5,0.0,0,0.0,100.0,100.0,100.0,0.0,1.0,NOT_ASSESSED,Official CSV is primary. Components use frozen 4-neighbor grid adjacency; span is bounding-box diagonal. US includes Alaska; CONUS is also reported separately.
901,Robinia pseudoacacia,Robinia pseudoacacia,Robinia pseudoacacia,exact,653,653,0,653,1.0,1.0,0,9,9,9,0,0,0.7335375191424196,0.7335375191424196,0.7335375191424196,0.0,0,0.0,1735.1152699460633,1735.1152699460633,1735.1152699460633,0.0,1.0,NOT_ASSESSED,Official CSV is primary. Components use frozen 4-neighbor grid adjacency; span is bounding-box diagonal. US includes Alaska; CONUS is also reported separately.
912,Sabal palmetto,Sabal palmetto,Sabal palmetto,exact,170,170,0,170,1.0,1.0,0,9,9,9,0,0,0.9352941176470588,0.9352941176470588,0.9352941176470588,0.0,0,0.0,1026.2187875886896,1026.2187875886896,1026.2187875886896,0.0,1.0,NOT_ASSESSED,Official CSV is primary. Components use frozen 4-neighbor grid adjacency; span is bounding-box diagonal. US includes Alaska; CONUS is also reported separately.
921,Salix amygdaloides,Salix amygdaloides,Salix amygdaloides,exact,3840,3840,1178,5018,0.7652451175767238,0.7652451175767238,1,38,35,35,-3,-3,0.986050219210841,0.9817708333333334,0.9817708333333334,-0.0042793858775076465,1178,0.23475488242327622,4325.072253731722,3869.431482789171,3869.431482789171,-455.6407709425516,0.8946512926924124,NOT_ASSESSED,Official CSV is primary. Components use frozen 4-neighbor grid adjacency; span is bounding-box diagonal. US includes Alaska; CONUS is also reported separately.
922,Salix nigra,Salix nigra,Salix nigra,exact,4963,4963,48,5011,0.9904210736379964,0.9904210736379964,1,47,42,42,-5,-5,0.9193773697864698,0.920411041708644,0.920411041708644,0.0010336719221741841,48,0.009578926362003592,5008.492787256461,4789.115262759919,4789.115262759919,-219.37752449654272,0.9561988937960091,NOT_ASSESSED,Official CSV is primary. Components use frozen 4-neighbor grid adjacency; span is bounding-box diagonal. US includes Alaska; CONUS is also reported separately.
925,Salix caroliniana,Salix caroliniana,Salix caroliniana,exact,893,893,0,893,1.0,1.0,0,40,40,40,0,0,0.5195968645016797,0.5195968645016797,0.5195968645016797,0.0,0,0.0,2651.0611083111608,2651.0611083111608,2651.0611083111608,0.0,1.0,NOT_ASSESSED,Official CSV is primary. Components use frozen 4-neighbor grid adjacency; span is bounding-box diagonal. US includes Alaska; CONUS is also reported separately.
931,Sassafras albidum,Sassafras albidum,Sassafras albidum,exact,3205,3205,27,3232,0.9916460396039604,0.9916460396039604,1,16,15,15,-1,-1,0.9851485148514851,0.9853354134165366,0.9853354134165366,0.0001868985650514965,27,0.008353960396039604,2757.7164466275353,2757.7164466275353,2757.7164466275353,0.0,1.0,NOT_ASSESSED,Official CSV is primary. Components use frozen 4-neighbor grid adjacency; span is bounding-box diagonal. US includes Alaska; CONUS is also reported separately.
935,Sorbus americana,Sorbus americana,Sorbus americana,exact,582,582,2230,2812,0.2069701280227596,0.2069701280227596,1,31,25,25,-6,-6,0.8872688477951636,0.4948453608247423,0.4948453608247423,-0.3924234869704213,2230,0.7930298719772404,3679.6738985948195,2551.7151094900855,2551.7151094900855,-1127.958789104734,0.6934622957932564,NOT_ASSESSED,Official CSV is primary. Components use frozen 4-neighbor grid adjacency; span is bounding-box diagonal. US includes Alaska; CONUS is also reported separately.
937,Sorbus decora,Sorbus decora,Sorbus decora,exact,228,228,3289,3517,0.06482797839067388,0.06482797839067388,1,38,31,31,-7,-7,0.9218083593972135,0.543859649122807,0.543859649122807,-0.37794871027440646,3289,0.9351720216093261,3565.2839999080015,2280.898945591409,2280.898945591409,-1284.3850543165927,0.6397523859670828,NOT_ASSESSED,Official CSV is primary. Components use frozen 4-neighbor grid adjacency; span is bounding-box diagonal. US includes Alaska; CONUS is also reported separately.
951,Tilia americana,Tilia americana,Tilia americana,exact,2815,2815,499,3314,0.8494266747133373,0.8494266747133373,1,24,22,22,-2,-2,0.9885334942667471,0.9879218472468917,0.9879218472468917,-0.000611647019855388,499,0.15057332528666265,2941.0882339705486,2900.4310024546353,2900.4310024546353,-40.65723151591328,0.9861761265621655,NOT_ASSESSED,Official CSV is primary. Components use frozen 4-neighbor grid adjacency; span is bounding-box diagonal. US includes Alaska; CONUS is also reported separately.
971,Ulmus alata,Ulmus alata,Ulmus alata,exact,1810,1810,0,1810,1.0,1.0,0,13,13,13,0,0,0.992817679558011,0.992817679558011,0.992817679558011,0.0,0,0.0,2186.6069605669877,2186.6069605669877,2186.6069605669877,0.0,1.0,NOT_ASSESSED,Official CSV is primary. Components use frozen 4-neighbor grid adjacency; span is bounding-box diagonal. US includes Alaska; CONUS is also reported separately.
972,Ulmus americana,Ulmus americana,Ulmus americana,exact,6078,6078,1702,7780,0.7812339331619538,0.7812339331619538,1,23,18,18,-5,-5,0.9934447300771209,0.9967094438960185,0.9967094438960185,0.003264713818897591,1702,0.21876606683804628,4167.808176967841,3629.135572006094,3629.135572006094,-538.6726049617469,0.87075398336743,NOT_ASSESSED,Official CSV is primary. Components use frozen 4-neighbor grid adjacency; span is bounding-box diagonal. US includes Alaska; CONUS is also reported separately.
973,Ulmus crassifolia,Ulmus crassifolia,Ulmus crassifolia,exact,643,643,0,643,1.0,1.0,0,13,13,13,0,0,0.9673405909797823,0.9673405909797823,0.9673405909797823,0.0,0,0.0,1970.4060495238032,1970.4060495238032,1970.4060495238032,0.0,1.0,NOT_ASSESSED,Official CSV is primary. Components use frozen 4-neighbor grid adjacency; span is bounding-box diagonal. US includes Alaska; CONUS is also reported separately.
975,Ulmus rubra,Ulmus rubra,Ulmus rubra,exact,3918,3918,280,4198,0.9333015721772272,0.9333015721772272,1,23,22,22,-1,-1,0.9866603144354454,0.9864726901480347,0.9864726901480347,-0.0001876242874107037,280,0.06669842782277274,3079.1638475404325,3045.693681248986,3045.693681248986,-33.470166291446276,0.9891301119561463,NOT_ASSESSED,Official CSV is primary. Components use frozen 4-neighbor grid adjacency; span is bounding-box diagonal. US includes Alaska; CONUS is also reported separately.
976,Ulmus serotina,Ulmus serotina,Ulmus serotina,exact,63,63,0,63,1.0,1.0,0,17,17,17,0,0,0.31746031746031744,0.31746031746031744,0.31746031746031744,0.0,0,0.0,1060.9547586961473,1060.9547586961473,1060.9547586961473,0.0,1.0,NOT_ASSESSED,Official CSV is primary. Components use frozen 4-neighbor grid adjacency; span is bounding-box diagonal. US includes Alaska; CONUS is also reported separately.
977,Ulmus thomasii,Ulmus thomasii,Ulmus thomasii,exact,1047,1047,140,1187,0.8820556023588879,0.8820556023588879,1,33,33,33,0,0,0.8770008424599831,0.8557784145176696,0.8557784145176696,-0.02122242794231355,140,0.11794439764111204,2406.501610221776,2364.4502532301244,2364.4502532301244,-42.05135699165157,0.9825259385603419,NOT_ASSESSED,Official CSV is primary. Components use frozen 4-neighbor grid adjacency; span is bounding-box diagonal. US includes Alaska; CONUS is also reported separately.
981,Umbellularia californica,Umbellularia californica,Umbellularia californica,exact,122,122,0,122,1.0,1.0,0,25,25,25,0,0,0.5983606557377049,0.5983606557377049,0.5983606557377049,0.0,0,0.0,1343.9680055715612,1343.9680055715612,1343.9680055715612,0.0,1.0,NOT_ASSESSED,Official CSV is primary. Components use frozen 4-neighbor grid adjacency; span is bounding-box diagonal. US includes Alaska; CONUS is also reported separately.
986,Avicennia germinans,Avicennia germinans,Avicennia germinans,exact,16,16,0,16,1.0,1.0,0,14,14,14,0,0,0.125,0.125,0.125,0.0,0,0.0,1787.8059178781125,1787.8059178781125,1787.8059178781125,0.0,1.0,NOT_ASSESSED,Official CSV is primary. Components use frozen 4-neighbor grid adjacency; span is bounding-box diagonal. US includes Alaska; CONUS is also reported separately.
987,Conocarpus erectus,Conocarpus erectus,Conocarpus erectus,exact,7,7,0,7,1.0,1.0,0,6,6,6,0,0,0.2857142857142857,0.2857142857142857,0.2857142857142857,0.0,0,0.0,250.0,250.0,250.0,0.0,1.0,NOT_ASSESSED,Official CSV is primary. Components use frozen 4-neighbor grid adjacency; span is bounding-box diagonal. US includes Alaska; CONUS is also reported separately.
988,Laguncularia racemosa,Laguncularia racemosa,Laguncularia racemosa,exact,5,5,0,5,1.0,1.0,0,5,5,5,0,0,0.2,0.2,0.2,0.0,0,0.0,336.34060117684277,336.34060117684277,336.34060117684277,0.0,1.0,NOT_ASSESSED,Official CSV is primary. Components use frozen 4-neighbor grid adjacency; span is bounding-box diagonal. US includes Alaska; CONUS is also reported separately.
989,Rhizophora mangle,Rhizophora mangle,Rhizophora mangle,exact,10,10,0,10,1.0,1.0,0,9,9,9,0,0,0.2,0.2,0.2,0.0,0,0.0,506.2114182829147,506.2114182829147,506.2114182829147,0.0,1.0,NOT_ASSESSED,Official CSV is primary. Components use frozen 4-neighbor grid adjacency; span is bounding-box diagonal. US includes Alaska; CONUS is also reported separately.
990,Olneya tesota,Olneya tesota,Olneya tesota,exact,156,156,0,156,1.0,1.0,0,2,2,2,0,0,0.9935897435897436,0.9935897435897436,0.9935897435897436,0.0,0,0.0,590.0211860602974,590.0211860602974,590.0211860602974,0.0,1.0,NOT_ASSESSED,Official CSV is primary. Components use frozen 4-neighbor grid adjacency; span is bounding-box diagonal. US includes Alaska; CONUS is also reported separately.
996,Cotinus obovatus,Cotinus obovatus,Cotinus obovatus,exact,43,43,0,43,1.0,1.0,0,7,7,7,0,0,0.5581395348837209,0.5581395348837209,0.5581395348837209,0.0,0,0.0,1442.2205101855957,1442.2205101855957,1442.2205101855957,0.0,1.0,NOT_ASSESSED,Official CSV is primary. Components use frozen 4-neighbor grid adjacency; span is bounding-box diagonal. US includes Alaska; CONUS is also reported separately.
5491,Fraxinus berlandieriana,Fraxinus berlandieriana,Fraxinus berlandieriana,exact,104,104,0,104,1.0,1.0,0,1,1,1,0,0,1.0,1.0,1.0,0.0,0,0.0,460.9772228646444,460.9772228646444,460.9772228646444,0.0,1.0,NOT_ASSESSED,Official CSV is primary. Components use frozen 4-neighbor grid adjacency; span is bounding-box diagonal. US includes Alaska; CONUS is also reported separately.
6708,Prunus mexicana,Prunus mexicana,Prunus mexicana,exact,1043,1043,0,1043,1.0,1.0,0,30,30,30,0,0,0.7449664429530202,0.7449664429530202,0.7449664429530202,0.0,0,0.0,2001.4057559625435,2001.4057559625435,2001.4057559625435,0.0,1.0,NOT_ASSESSED,Official CSV is primary. Components use frozen 4-neighbor grid adjacency; span is bounding-box diagonal. US includes Alaska; CONUS is also reported separately.
6768,Quercus arkansana,Quercus arkansana,Quercus arkansana,exact,20,20,0,20,1.0,1.0,0,8,8,8,0,0,0.45,0.45,0.45,0.0,0,0.0,794.5124291035352,794.5124291035352,794.5124291035352,0.0,1.0,NOT_ASSESSED,Official CSV is primary. Components use frozen 4-neighbor grid adjacency; span is bounding-box diagonal. US includes Alaska; CONUS is also reported separately.
6782,Quercus georgiana,Quercus georgiana,Quercus georgiana,exact,5,5,0,5,1.0,1.0,0,4,4,4,0,0,0.4,0.4,0.4,0.0,0,0.0,410.03048667141815,410.03048667141815,410.03048667141815,0.0,1.0,NOT_ASSESSED,Official CSV is primary. Components use frozen 4-neighbor grid adjacency; span is bounding-box diagonal. US includes Alaska; CONUS is also reported separately.
6791,Quercus myrtifolia,Quercus myrtifolia,Quercus myrtifolia,exact,145,145,0,145,1.0,1.0,0,11,11,11,0,0,0.8551724137931035,0.8551724137931035,0.8551724137931035,0.0,0,0.0,1160.0107758120182,1160.0107758120182,1160.0107758120182,0.0,1.0,NOT_ASSESSED,Official CSV is primary. Components use frozen 4-neighbor grid adjacency; span is bounding-box diagonal. US includes Alaska; CONUS is also reported separately.
7455,Ilex cassine,Ilex cassine,Ilex cassine,exact,244,244,0,244,1.0,1.0,0,12,12,12,0,0,0.7622950819672131,0.7622950819672131,0.7622950819672131,0.0,0,0.0,1546.1646096066227,1546.1646096066227,1546.1646096066227,0.0,1.0,NOT_ASSESSED,Official CSV is primary. Components use frozen 4-neighbor grid adjacency; span is bounding-box diagonal. US includes Alaska; CONUS is also reported separately.
7469,Ilex vomitoria,Ilex vomitoria,Ilex vomitoria,exact,629,629,0,629,1.0,1.0,0,16,16,16,0,0,0.9411764705882353,0.9411764705882353,0.9411764705882353,0.0,0,0.0,2310.4382701124046,2310.4382701124046,2310.4382701124046,0.0,1.0,NOT_ASSESSED,Official CSV is primary. Components use frozen 4-neighbor grid adjacency; span is bounding-box diagonal. US includes Alaska; CONUS is also reported separately.
8345,Prunus caroliniana,Prunus caroliniana,Prunus caroliniana,exact,598,598,0,598,1.0,1.0,0,10,10,10,0,0,0.8963210702341137,0.8963210702341137,0.8963210702341137,0.0,0,0.0,1979.4254216817567,1979.4254216817567,1979.4254216817567,0.0,1.0,NOT_ASSESSED,Official CSV is primary. Components use frozen 4-neighbor grid adjacency; span is bounding-box diagonal. US includes Alaska; CONUS is also reported separately.
8511,Quercus gravesii,Quercus gravesii,Quercus gravesii,exact,7,7,0,7,1.0,1.0,0,3,3,3,0,0,0.5714285714285714,0.5714285714285714,0.5714285714285714,0.0,0,0.0,201.55644370746373,201.55644370746373,201.55644370746373,0.0,1.0,NOT_ASSESSED,Official CSV is primary. Components use frozen 4-neighbor grid adjacency; span is bounding-box diagonal. US includes Alaska; CONUS is also reported separately.
8651,Cordia boissieri,Cordia boissieri,Cordia boissieri,exact,13,13,0,13,1.0,1.0,0,2,2,2,0,0,0.8461538461538461,0.8461538461538461,0.8461538461538461,0.0,0,0.0,223.60679774997897,223.60679774997897,223.60679774997897,0.0,1.0,NOT_ASSESSED,Official CSV is primary. Components use frozen 4-neighbor grid adjacency; span is bounding-box diagonal. US includes Alaska; CONUS is also reported separately.
8860,Vaccinium arboreum,Vaccinium arboreum,Vaccinium arboreum,exact,1638,1638,0,1638,1.0,1.0,0,12,12,12,0,0,0.6813186813186813,0.6813186813186813,0.6813186813186813,0.0,0,0.0,2276.2359280180076,2276.2359280180076,2276.2359280180076,0.0,1.0,NOT_ASSESSED,Official CSV is primary. Components use frozen 4-neighbor grid adjacency; span is bounding-box diagonal. US includes Alaska; CONUS is also reported separately.
8944,Zanthoxylum clava-herculis,Zanthoxylum clava-herculis,Zanthoxylum clava-herculis,exact,545,545,0,545,1.0,1.0,0,25,25,25,0,0,0.45871559633027525,0.45871559633027525,0.45871559633027525,0.0,0,0.0,2270.049558930377,2270.049558930377,2270.049558930377,0.0,1.0,NOT_ASSESSED,Official CSV is primary. Components use frozen 4-neighbor grid adjacency; span is bounding-box diagonal. US includes Alaska; CONUS is also reported separately.
