case_id,state,source_evalid,fold,applied_level,field,hard_filter_in_b9,target_value,candidate_values_seen,candidate_plot_rows_before_filter,exclusion_count_for_field,why_included_or_descriptive,evidence_basis,final_authority_remains_open,compatibility_followup_candidate,notes
S01,CA,62301,A,LEVEL1,DESIGNCD,YES,xwalk=501|plot=501,xwalk=501|plot=501,1029,0,"Exact target match prevents mixing national/special design codes, including WA 501 versus 502.",PROJECT_SPECIFIC_CANDIDATE_USING_ACCEPTED_B7_B8_LOCAL_IDENTITIES,YES,NO,B9 filter is not represented as an official FIA exact grouping rule.
S01,CA,62301,A,LEVEL1,INTENSITY,YES,1,1;201;202,1029,14,"Exact target intensity removes non-base material when the target is base, and symmetrically matches other target intensity values.",PROJECT_SPECIFIC_CANDIDATE_USING_ACCEPTED_B7_B8_LOCAL_IDENTITIES,YES,NO,B9 filter is not represented as an official FIA exact grouping rule.
S01,CA,62301,A,LEVEL1,QA_production_class,YES,QA_STATUS=7|class=PRODUCTION,QA_STATUS=1|class=PRODUCTION;QA_STATUS=7|class=PRODUCTION,1029,0,Production versus non-production class is matched; QA codes 1 and 7 are both production.,PROJECT_SPECIFIC_CANDIDATE_USING_ACCEPTED_B7_B8_LOCAL_IDENTITIES,YES,NO,B9 filter is not represented as an official FIA exact grouping rule.
S01,CA,62301,A,LEVEL1,raw_DESIGNCD,YES,501,501,1029,0,Exact raw code is checked when both sides are recoverable so normalization cannot hide a design difference.,PROJECT_SPECIFIC_CANDIDATE_USING_ACCEPTED_B7_B8_LOCAL_IDENTITIES,YES,NO,B9 filter is not represented as an official FIA exact grouping rule.
S01,CA,62301,A,LEVEL1,repair_class,YES,R0,R0,1029,0,Exact repair identity preserves the frozen design-resolution path.,PROJECT_SPECIFIC_CANDIDATE_USING_ACCEPTED_B7_B8_LOCAL_IDENTITIES,YES,NO,B9 filter is not represented as an official FIA exact grouping rule.
S01,CA,62301,A,LEVEL1,special_nonfederal_augmentation_identity,YES,NO_SEPARATE_EXPLICIT_EXCEPTION_FLAG_RECOVERED,NO_SEPARATE_EXPLICIT_EXCEPTION_FLAG_RECOVERED,1029,0,Any separately explicit local exception would require the same target identity; none was separately recovered beyond design/intensity fields.,PROJECT_SPECIFIC_CANDIDATE_USING_ACCEPTED_B7_B8_LOCAL_IDENTITIES,YES,NO,B9 filter is not represented as an official FIA exact grouping rule.
S01,CA,62301,A,LEVEL1,KINDCD,NO,2,1;2,1029,0,Descriptive inventory only under the frozen B9 task; not used to exclude material.,B9_TASK_EXPLICITLY_DESCRIPTIVE_OR_NOT_ENUMERATED_AS_HARD_FILTER,YES,YES,Variation is recorded for mainline review and is not silently promoted into a filter.
S01,CA,62301,A,LEVEL1,MANUAL,NO,9,6.1;7;7.1;9,1029,0,Descriptive inventory only under the frozen B9 task; not used to exclude material.,B9_TASK_EXPLICITLY_DESCRIPTIVE_OR_NOT_ENUMERATED_AS_HARD_FILTER,YES,YES,Variation is recorded for mainline review and is not silently promoted into a filter.
S01,CA,62301,A,LEVEL1,MEASYEAR,NO,2021,2015;2016;2017;2020;2021;2022,1029,0,Descriptive inventory only under the frozen B9 task; not used to exclude material.,B9_TASK_EXPLICITLY_DESCRIPTIVE_OR_NOT_ENUMERATED_AS_HARD_FILTER,YES,YES,Variation is recorded for mainline review and is not silently promoted into a filter.
S01,CA,62301,A,LEVEL1,NF_regional_flags,NO,NF_SAMPLE=0|NF_PLOT=MISSING|RSCD=26,NF_SAMPLE=0|NF_PLOT=MISSING|RSCD=26;NF_SAMPLE=1|NF_PLOT=1|RSCD=26;NF_SAMPLE=1|NF_PLOT=3|RSCD=26;NF_SAMPLE=1|NF_PLOT=MISSING|RSCD=26;NF_SAMPLE=MISSING|NF_PLOT=MISSING|RSCD=26,1029,0,Descriptive inventory only under the frozen B9 task; not used to exclude material.,B9_TASK_EXPLICITLY_DESCRIPTIVE_OR_NOT_ENUMERATED_AS_HARD_FILTER,YES,YES,Variation is recorded for mainline review and is not silently promoted into a filter.
S01,CA,62301,A,LEVEL1,PLOT_STATUS_CD,NO,1,1;2,1029,0,Descriptive inventory only under the frozen B9 task; not used to exclude material.,B9_TASK_EXPLICITLY_DESCRIPTIVE_OR_NOT_ENUMERATED_AS_HARD_FILTER,YES,YES,Variation is recorded for mainline review and is not silently promoted into a filter.
S01,CA,62301,A,LEVEL1,SAMP_METHOD_CD,NO,1,1;2,1029,0,Descriptive inventory only under the frozen B9 task; not used to exclude material.,B9_TASK_EXPLICITLY_DESCRIPTIVE_OR_NOT_ENUMERATED_AS_HARD_FILTER,YES,YES,Variation is recorded for mainline review and is not silently promoted into a filter.
S01,CA,62301,A,LEVEL1,SUBPANEL,NO,1,1;2,1029,0,Descriptive inventory only under the frozen B9 task; not used to exclude material.,B9_TASK_EXPLICITLY_DESCRIPTIVE_OR_NOT_ENUMERATED_AS_HARD_FILTER,YES,YES,Variation is recorded for mainline review and is not silently promoted into a filter.
S01,CA,62301,A,LEVEL1,regional_manual,NO,NCRS=MISSING|NERS=MISSING|RMRS=MISSING,NCRS=MISSING|NERS=MISSING|RMRS=MISSING,1029,0,Descriptive inventory only under the frozen B9 task; not used to exclude material.,B9_TASK_EXPLICITLY_DESCRIPTIVE_OR_NOT_ENUMERATED_AS_HARD_FILTER,YES,NO,Variation is recorded for mainline review and is not silently promoted into a filter.
S02,CA,62301,A,LEVEL1,DESIGNCD,YES,xwalk=501|plot=501,xwalk=501|plot=501,1029,0,"Exact target match prevents mixing national/special design codes, including WA 501 versus 502.",PROJECT_SPECIFIC_CANDIDATE_USING_ACCEPTED_B7_B8_LOCAL_IDENTITIES,YES,NO,B9 filter is not represented as an official FIA exact grouping rule.
S02,CA,62301,A,LEVEL1,INTENSITY,YES,1,1;201;202,1029,14,"Exact target intensity removes non-base material when the target is base, and symmetrically matches other target intensity values.",PROJECT_SPECIFIC_CANDIDATE_USING_ACCEPTED_B7_B8_LOCAL_IDENTITIES,YES,NO,B9 filter is not represented as an official FIA exact grouping rule.
S02,CA,62301,A,LEVEL1,QA_production_class,YES,QA_STATUS=1|class=PRODUCTION,QA_STATUS=1|class=PRODUCTION;QA_STATUS=7|class=PRODUCTION,1029,0,Production versus non-production class is matched; QA codes 1 and 7 are both production.,PROJECT_SPECIFIC_CANDIDATE_USING_ACCEPTED_B7_B8_LOCAL_IDENTITIES,YES,NO,B9 filter is not represented as an official FIA exact grouping rule.
S02,CA,62301,A,LEVEL1,raw_DESIGNCD,YES,501,501,1029,0,Exact raw code is checked when both sides are recoverable so normalization cannot hide a design difference.,PROJECT_SPECIFIC_CANDIDATE_USING_ACCEPTED_B7_B8_LOCAL_IDENTITIES,YES,NO,B9 filter is not represented as an official FIA exact grouping rule.
S02,CA,62301,A,LEVEL1,repair_class,YES,R0,R0,1029,0,Exact repair identity preserves the frozen design-resolution path.,PROJECT_SPECIFIC_CANDIDATE_USING_ACCEPTED_B7_B8_LOCAL_IDENTITIES,YES,NO,B9 filter is not represented as an official FIA exact grouping rule.
S02,CA,62301,A,LEVEL1,special_nonfederal_augmentation_identity,YES,NO_SEPARATE_EXPLICIT_EXCEPTION_FLAG_RECOVERED,NO_SEPARATE_EXPLICIT_EXCEPTION_FLAG_RECOVERED,1029,0,Any separately explicit local exception would require the same target identity; none was separately recovered beyond design/intensity fields.,PROJECT_SPECIFIC_CANDIDATE_USING_ACCEPTED_B7_B8_LOCAL_IDENTITIES,YES,NO,B9 filter is not represented as an official FIA exact grouping rule.
S02,CA,62301,A,LEVEL1,KINDCD,NO,2,1;2,1029,0,Descriptive inventory only under the frozen B9 task; not used to exclude material.,B9_TASK_EXPLICITLY_DESCRIPTIVE_OR_NOT_ENUMERATED_AS_HARD_FILTER,YES,YES,Variation is recorded for mainline review and is not silently promoted into a filter.
S02,CA,62301,A,LEVEL1,MANUAL,NO,9,6.1;7;7.1;9,1029,0,Descriptive inventory only under the frozen B9 task; not used to exclude material.,B9_TASK_EXPLICITLY_DESCRIPTIVE_OR_NOT_ENUMERATED_AS_HARD_FILTER,YES,YES,Variation is recorded for mainline review and is not silently promoted into a filter.
S02,CA,62301,A,LEVEL1,MEASYEAR,NO,2020,2015;2016;2017;2020;2021;2022,1029,0,Descriptive inventory only under the frozen B9 task; not used to exclude material.,B9_TASK_EXPLICITLY_DESCRIPTIVE_OR_NOT_ENUMERATED_AS_HARD_FILTER,YES,YES,Variation is recorded for mainline review and is not silently promoted into a filter.
S02,CA,62301,A,LEVEL1,NF_regional_flags,NO,NF_SAMPLE=0|NF_PLOT=MISSING|RSCD=26,NF_SAMPLE=0|NF_PLOT=MISSING|RSCD=26;NF_SAMPLE=1|NF_PLOT=1|RSCD=26;NF_SAMPLE=1|NF_PLOT=3|RSCD=26;NF_SAMPLE=1|NF_PLOT=MISSING|RSCD=26;NF_SAMPLE=MISSING|NF_PLOT=MISSING|RSCD=26,1029,0,Descriptive inventory only under the frozen B9 task; not used to exclude material.,B9_TASK_EXPLICITLY_DESCRIPTIVE_OR_NOT_ENUMERATED_AS_HARD_FILTER,YES,YES,Variation is recorded for mainline review and is not silently promoted into a filter.
S02,CA,62301,A,LEVEL1,PLOT_STATUS_CD,NO,1,1;2,1029,0,Descriptive inventory only under the frozen B9 task; not used to exclude material.,B9_TASK_EXPLICITLY_DESCRIPTIVE_OR_NOT_ENUMERATED_AS_HARD_FILTER,YES,YES,Variation is recorded for mainline review and is not silently promoted into a filter.
S02,CA,62301,A,LEVEL1,SAMP_METHOD_CD,NO,1,1;2,1029,0,Descriptive inventory only under the frozen B9 task; not used to exclude material.,B9_TASK_EXPLICITLY_DESCRIPTIVE_OR_NOT_ENUMERATED_AS_HARD_FILTER,YES,YES,Variation is recorded for mainline review and is not silently promoted into a filter.
S02,CA,62301,A,LEVEL1,SUBPANEL,NO,1,1;2,1029,0,Descriptive inventory only under the frozen B9 task; not used to exclude material.,B9_TASK_EXPLICITLY_DESCRIPTIVE_OR_NOT_ENUMERATED_AS_HARD_FILTER,YES,YES,Variation is recorded for mainline review and is not silently promoted into a filter.
S02,CA,62301,A,LEVEL1,regional_manual,NO,NCRS=MISSING|NERS=MISSING|RMRS=MISSING,NCRS=MISSING|NERS=MISSING|RMRS=MISSING,1029,0,Descriptive inventory only under the frozen B9 task; not used to exclude material.,B9_TASK_EXPLICITLY_DESCRIPTIVE_OR_NOT_ENUMERATED_AS_HARD_FILTER,YES,NO,Variation is recorded for mainline review and is not silently promoted into a filter.
S03,CA,62301,A,LEVEL1,DESIGNCD,YES,xwalk=501|plot=501,xwalk=501|plot=501,310,0,"Exact target match prevents mixing national/special design codes, including WA 501 versus 502.",PROJECT_SPECIFIC_CANDIDATE_USING_ACCEPTED_B7_B8_LOCAL_IDENTITIES,YES,NO,B9 filter is not represented as an official FIA exact grouping rule.
S03,CA,62301,A,LEVEL1,INTENSITY,YES,1,1,310,0,"Exact target intensity removes non-base material when the target is base, and symmetrically matches other target intensity values.",PROJECT_SPECIFIC_CANDIDATE_USING_ACCEPTED_B7_B8_LOCAL_IDENTITIES,YES,NO,B9 filter is not represented as an official FIA exact grouping rule.
S03,CA,62301,A,LEVEL1,QA_production_class,YES,QA_STATUS=1|class=PRODUCTION,QA_STATUS=1|class=PRODUCTION;QA_STATUS=7|class=PRODUCTION,310,0,Production versus non-production class is matched; QA codes 1 and 7 are both production.,PROJECT_SPECIFIC_CANDIDATE_USING_ACCEPTED_B7_B8_LOCAL_IDENTITIES,YES,NO,B9 filter is not represented as an official FIA exact grouping rule.
S03,CA,62301,A,LEVEL1,raw_DESIGNCD,YES,501,501,310,0,Exact raw code is checked when both sides are recoverable so normalization cannot hide a design difference.,PROJECT_SPECIFIC_CANDIDATE_USING_ACCEPTED_B7_B8_LOCAL_IDENTITIES,YES,NO,B9 filter is not represented as an official FIA exact grouping rule.
S03,CA,62301,A,LEVEL1,repair_class,YES,R0,R0,310,0,Exact repair identity preserves the frozen design-resolution path.,PROJECT_SPECIFIC_CANDIDATE_USING_ACCEPTED_B7_B8_LOCAL_IDENTITIES,YES,NO,B9 filter is not represented as an official FIA exact grouping rule.
S03,CA,62301,A,LEVEL1,special_nonfederal_augmentation_identity,YES,NO_SEPARATE_EXPLICIT_EXCEPTION_FLAG_RECOVERED,NO_SEPARATE_EXPLICIT_EXCEPTION_FLAG_RECOVERED,310,0,Any separately explicit local exception would require the same target identity; none was separately recovered beyond design/intensity fields.,PROJECT_SPECIFIC_CANDIDATE_USING_ACCEPTED_B7_B8_LOCAL_IDENTITIES,YES,NO,B9 filter is not represented as an official FIA exact grouping rule.
S03,CA,62301,A,LEVEL1,KINDCD,NO,2,1;2,310,0,Descriptive inventory only under the frozen B9 task; not used to exclude material.,B9_TASK_EXPLICITLY_DESCRIPTIVE_OR_NOT_ENUMERATED_AS_HARD_FILTER,YES,YES,Variation is recorded for mainline review and is not silently promoted into a filter.
S03,CA,62301,A,LEVEL1,MANUAL,NO,9,6.1;7;7.1;7.2;9,310,0,Descriptive inventory only under the frozen B9 task; not used to exclude material.,B9_TASK_EXPLICITLY_DESCRIPTIVE_OR_NOT_ENUMERATED_AS_HARD_FILTER,YES,YES,Variation is recorded for mainline review and is not silently promoted into a filter.
S03,CA,62301,A,LEVEL1,MEASYEAR,NO,2020,2015;2016;2017;2018;2020;2021;2022,310,0,Descriptive inventory only under the frozen B9 task; not used to exclude material.,B9_TASK_EXPLICITLY_DESCRIPTIVE_OR_NOT_ENUMERATED_AS_HARD_FILTER,YES,YES,Variation is recorded for mainline review and is not silently promoted into a filter.
S03,CA,62301,A,LEVEL1,NF_regional_flags,NO,NF_SAMPLE=MISSING|NF_PLOT=MISSING|RSCD=26,NF_SAMPLE=0|NF_PLOT=MISSING|RSCD=26;NF_SAMPLE=1|NF_PLOT=1|RSCD=26;NF_SAMPLE=1|NF_PLOT=3|RSCD=26;NF_SAMPLE=1|NF_PLOT=MISSING|RSCD=26;NF_SAMPLE=MISSING|NF_PLOT=MISSING|RSCD=26,310,0,Descriptive inventory only under the frozen B9 task; not used to exclude material.,B9_TASK_EXPLICITLY_DESCRIPTIVE_OR_NOT_ENUMERATED_AS_HARD_FILTER,YES,YES,Variation is recorded for mainline review and is not silently promoted into a filter.
S03,CA,62301,A,LEVEL1,PLOT_STATUS_CD,NO,2,1;2,310,0,Descriptive inventory only under the frozen B9 task; not used to exclude material.,B9_TASK_EXPLICITLY_DESCRIPTIVE_OR_NOT_ENUMERATED_AS_HARD_FILTER,YES,YES,Variation is recorded for mainline review and is not silently promoted into a filter.
S03,CA,62301,A,LEVEL1,SAMP_METHOD_CD,NO,2,1;2,310,0,Descriptive inventory only under the frozen B9 task; not used to exclude material.,B9_TASK_EXPLICITLY_DESCRIPTIVE_OR_NOT_ENUMERATED_AS_HARD_FILTER,YES,YES,Variation is recorded for mainline review and is not silently promoted into a filter.
S03,CA,62301,A,LEVEL1,SUBPANEL,NO,1,1;2,310,0,Descriptive inventory only under the frozen B9 task; not used to exclude material.,B9_TASK_EXPLICITLY_DESCRIPTIVE_OR_NOT_ENUMERATED_AS_HARD_FILTER,YES,YES,Variation is recorded for mainline review and is not silently promoted into a filter.
S03,CA,62301,A,LEVEL1,regional_manual,NO,NCRS=MISSING|NERS=MISSING|RMRS=MISSING,NCRS=MISSING|NERS=MISSING|RMRS=MISSING,310,0,Descriptive inventory only under the frozen B9 task; not used to exclude material.,B9_TASK_EXPLICITLY_DESCRIPTIVE_OR_NOT_ENUMERATED_AS_HARD_FILTER,YES,NO,Variation is recorded for mainline review and is not silently promoted into a filter.
S04,CA,62301,A,LEVEL1,DESIGNCD,YES,xwalk=501|plot=501,xwalk=501|plot=501,5350,0,"Exact target match prevents mixing national/special design codes, including WA 501 versus 502.",PROJECT_SPECIFIC_CANDIDATE_USING_ACCEPTED_B7_B8_LOCAL_IDENTITIES,YES,NO,B9 filter is not represented as an official FIA exact grouping rule.
S04,CA,62301,A,LEVEL1,INTENSITY,YES,1,1,5350,0,"Exact target intensity removes non-base material when the target is base, and symmetrically matches other target intensity values.",PROJECT_SPECIFIC_CANDIDATE_USING_ACCEPTED_B7_B8_LOCAL_IDENTITIES,YES,NO,B9 filter is not represented as an official FIA exact grouping rule.
S04,CA,62301,A,LEVEL1,QA_production_class,YES,QA_STATUS=1|class=PRODUCTION,QA_STATUS=1|class=PRODUCTION;QA_STATUS=7|class=PRODUCTION,5350,0,Production versus non-production class is matched; QA codes 1 and 7 are both production.,PROJECT_SPECIFIC_CANDIDATE_USING_ACCEPTED_B7_B8_LOCAL_IDENTITIES,YES,NO,B9 filter is not represented as an official FIA exact grouping rule.
S04,CA,62301,A,LEVEL1,raw_DESIGNCD,YES,501,501,5350,0,Exact raw code is checked when both sides are recoverable so normalization cannot hide a design difference.,PROJECT_SPECIFIC_CANDIDATE_USING_ACCEPTED_B7_B8_LOCAL_IDENTITIES,YES,NO,B9 filter is not represented as an official FIA exact grouping rule.
S04,CA,62301,A,LEVEL1,repair_class,YES,R0,R0,5350,0,Exact repair identity preserves the frozen design-resolution path.,PROJECT_SPECIFIC_CANDIDATE_USING_ACCEPTED_B7_B8_LOCAL_IDENTITIES,YES,NO,B9 filter is not represented as an official FIA exact grouping rule.
S04,CA,62301,A,LEVEL1,special_nonfederal_augmentation_identity,YES,NO_SEPARATE_EXPLICIT_EXCEPTION_FLAG_RECOVERED,NO_SEPARATE_EXPLICIT_EXCEPTION_FLAG_RECOVERED,5350,0,Any separately explicit local exception would require the same target identity; none was separately recovered beyond design/intensity fields.,PROJECT_SPECIFIC_CANDIDATE_USING_ACCEPTED_B7_B8_LOCAL_IDENTITIES,YES,NO,B9 filter is not represented as an official FIA exact grouping rule.
S04,CA,62301,A,LEVEL1,KINDCD,NO,2,1;2,5350,0,Descriptive inventory only under the frozen B9 task; not used to exclude material.,B9_TASK_EXPLICITLY_DESCRIPTIVE_OR_NOT_ENUMERATED_AS_HARD_FILTER,YES,YES,Variation is recorded for mainline review and is not silently promoted into a filter.
S04,CA,62301,A,LEVEL1,MANUAL,NO,9,6.1;7;7.1;7.2;9;9.2,5350,0,Descriptive inventory only under the frozen B9 task; not used to exclude material.,B9_TASK_EXPLICITLY_DESCRIPTIVE_OR_NOT_ENUMERATED_AS_HARD_FILTER,YES,YES,Variation is recorded for mainline review and is not silently promoted into a filter.
S04,CA,62301,A,LEVEL1,MEASYEAR,NO,2021,2015;2016;2017;2018;2020;2021;2022;2023,5350,0,Descriptive inventory only under the frozen B9 task; not used to exclude material.,B9_TASK_EXPLICITLY_DESCRIPTIVE_OR_NOT_ENUMERATED_AS_HARD_FILTER,YES,YES,Variation is recorded for mainline review and is not silently promoted into a filter.
S04,CA,62301,A,LEVEL1,NF_regional_flags,NO,NF_SAMPLE=0|NF_PLOT=MISSING|RSCD=26,NF_SAMPLE=0|NF_PLOT=MISSING|RSCD=26;NF_SAMPLE=1|NF_PLOT=1|RSCD=26;NF_SAMPLE=1|NF_PLOT=MISSING|RSCD=26;NF_SAMPLE=MISSING|NF_PLOT=MISSING|RSCD=26,5350,0,Descriptive inventory only under the frozen B9 task; not used to exclude material.,B9_TASK_EXPLICITLY_DESCRIPTIVE_OR_NOT_ENUMERATED_AS_HARD_FILTER,YES,YES,Variation is recorded for mainline review and is not silently promoted into a filter.
S04,CA,62301,A,LEVEL1,PLOT_STATUS_CD,NO,1,1;2,5350,0,Descriptive inventory only under the frozen B9 task; not used to exclude material.,B9_TASK_EXPLICITLY_DESCRIPTIVE_OR_NOT_ENUMERATED_AS_HARD_FILTER,YES,YES,Variation is recorded for mainline review and is not silently promoted into a filter.
S04,CA,62301,A,LEVEL1,SAMP_METHOD_CD,NO,1,1;2,5350,0,Descriptive inventory only under the frozen B9 task; not used to exclude material.,B9_TASK_EXPLICITLY_DESCRIPTIVE_OR_NOT_ENUMERATED_AS_HARD_FILTER,YES,YES,Variation is recorded for mainline review and is not silently promoted into a filter.
S04,CA,62301,A,LEVEL1,SUBPANEL,NO,1,1;2,5350,0,Descriptive inventory only under the frozen B9 task; not used to exclude material.,B9_TASK_EXPLICITLY_DESCRIPTIVE_OR_NOT_ENUMERATED_AS_HARD_FILTER,YES,YES,Variation is recorded for mainline review and is not silently promoted into a filter.
S04,CA,62301,A,LEVEL1,regional_manual,NO,NCRS=MISSING|NERS=MISSING|RMRS=MISSING,NCRS=MISSING|NERS=MISSING|RMRS=MISSING,5350,0,Descriptive inventory only under the frozen B9 task; not used to exclude material.,B9_TASK_EXPLICITLY_DESCRIPTIVE_OR_NOT_ENUMERATED_AS_HARD_FILTER,YES,NO,Variation is recorded for mainline review and is not silently promoted into a filter.
S05,CO,82301,A,LEVEL1,DESIGNCD,YES,xwalk=1|plot=1,xwalk=1|plot=1,74,0,"Exact target match prevents mixing national/special design codes, including WA 501 versus 502.",PROJECT_SPECIFIC_CANDIDATE_USING_ACCEPTED_B7_B8_LOCAL_IDENTITIES,YES,NO,B9 filter is not represented as an official FIA exact grouping rule.
S05,CO,82301,A,LEVEL1,INTENSITY,YES,1,1,74,0,"Exact target intensity removes non-base material when the target is base, and symmetrically matches other target intensity values.",PROJECT_SPECIFIC_CANDIDATE_USING_ACCEPTED_B7_B8_LOCAL_IDENTITIES,YES,NO,B9 filter is not represented as an official FIA exact grouping rule.
S05,CO,82301,A,LEVEL1,QA_production_class,YES,QA_STATUS=1|class=PRODUCTION,QA_STATUS=1|class=PRODUCTION;QA_STATUS=7|class=PRODUCTION,74,0,Production versus non-production class is matched; QA codes 1 and 7 are both production.,PROJECT_SPECIFIC_CANDIDATE_USING_ACCEPTED_B7_B8_LOCAL_IDENTITIES,YES,NO,B9 filter is not represented as an official FIA exact grouping rule.
S05,CO,82301,A,LEVEL1,raw_DESIGNCD,YES,1,1,74,0,Exact raw code is checked when both sides are recoverable so normalization cannot hide a design difference.,PROJECT_SPECIFIC_CANDIDATE_USING_ACCEPTED_B7_B8_LOCAL_IDENTITIES,YES,NO,B9 filter is not represented as an official FIA exact grouping rule.
S05,CO,82301,A,LEVEL1,repair_class,YES,R0,R0,74,0,Exact repair identity preserves the frozen design-resolution path.,PROJECT_SPECIFIC_CANDIDATE_USING_ACCEPTED_B7_B8_LOCAL_IDENTITIES,YES,NO,B9 filter is not represented as an official FIA exact grouping rule.
S05,CO,82301,A,LEVEL1,special_nonfederal_augmentation_identity,YES,NO_SEPARATE_EXPLICIT_EXCEPTION_FLAG_RECOVERED,NO_SEPARATE_EXPLICIT_EXCEPTION_FLAG_RECOVERED,74,0,Any separately explicit local exception would require the same target identity; none was separately recovered beyond design/intensity fields.,PROJECT_SPECIFIC_CANDIDATE_USING_ACCEPTED_B7_B8_LOCAL_IDENTITIES,YES,NO,B9 filter is not represented as an official FIA exact grouping rule.
S05,CO,82301,A,LEVEL1,KINDCD,NO,1,1;2,74,0,Descriptive inventory only under the frozen B9 task; not used to exclude material.,B9_TASK_EXPLICITLY_DESCRIPTIVE_OR_NOT_ENUMERATED_AS_HARD_FILTER,YES,YES,Variation is recorded for mainline review and is not silently promoted into a filter.
S05,CO,82301,A,LEVEL1,MANUAL,NO,9.1,6;7;9;9.1;9.2;9.3,74,0,Descriptive inventory only under the frozen B9 task; not used to exclude material.,B9_TASK_EXPLICITLY_DESCRIPTIVE_OR_NOT_ENUMERATED_AS_HARD_FILTER,YES,YES,Variation is recorded for mainline review and is not silently promoted into a filter.
S05,CO,82301,A,LEVEL1,MEASYEAR,NO,2022,2015;2016;2017;2020;2021;2022;2023;2024,74,0,Descriptive inventory only under the frozen B9 task; not used to exclude material.,B9_TASK_EXPLICITLY_DESCRIPTIVE_OR_NOT_ENUMERATED_AS_HARD_FILTER,YES,YES,Variation is recorded for mainline review and is not silently promoted into a filter.
S05,CO,82301,A,LEVEL1,NF_regional_flags,NO,NF_SAMPLE=0|NF_PLOT=MISSING|RSCD=22,NF_SAMPLE=0|NF_PLOT=MISSING|RSCD=22,74,0,Descriptive inventory only under the frozen B9 task; not used to exclude material.,B9_TASK_EXPLICITLY_DESCRIPTIVE_OR_NOT_ENUMERATED_AS_HARD_FILTER,YES,NO,Variation is recorded for mainline review and is not silently promoted into a filter.
S05,CO,82301,A,LEVEL1,PLOT_STATUS_CD,NO,2,1;2,74,0,Descriptive inventory only under the frozen B9 task; not used to exclude material.,B9_TASK_EXPLICITLY_DESCRIPTIVE_OR_NOT_ENUMERATED_AS_HARD_FILTER,YES,YES,Variation is recorded for mainline review and is not silently promoted into a filter.
S05,CO,82301,A,LEVEL1,SAMP_METHOD_CD,NO,2,1;2,74,0,Descriptive inventory only under the frozen B9 task; not used to exclude material.,B9_TASK_EXPLICITLY_DESCRIPTIVE_OR_NOT_ENUMERATED_AS_HARD_FILTER,YES,YES,Variation is recorded for mainline review and is not silently promoted into a filter.
S05,CO,82301,A,LEVEL1,SUBPANEL,NO,1,1;2,74,0,Descriptive inventory only under the frozen B9 task; not used to exclude material.,B9_TASK_EXPLICITLY_DESCRIPTIVE_OR_NOT_ENUMERATED_AS_HARD_FILTER,YES,YES,Variation is recorded for mainline review and is not silently promoted into a filter.
S05,CO,82301,A,LEVEL1,regional_manual,NO,NCRS=MISSING|NERS=MISSING|RMRS=9.1,NCRS=MISSING|NERS=MISSING|RMRS=6;NCRS=MISSING|NERS=MISSING|RMRS=7;NCRS=MISSING|NERS=MISSING|RMRS=9;NCRS=MISSING|NERS=MISSING|RMRS=9.1;NCRS=MISSING|NERS=MISSING|RMRS=9.2;NCRS=MISSING|NERS=MISSING|RMRS=9.3,74,0,Descriptive inventory only under the frozen B9 task; not used to exclude material.,B9_TASK_EXPLICITLY_DESCRIPTIVE_OR_NOT_ENUMERATED_AS_HARD_FILTER,YES,YES,Variation is recorded for mainline review and is not silently promoted into a filter.
S06,IN,182301,A,LEVEL1,DESIGNCD,YES,xwalk=1|plot=1,NONE,0,0,"Exact target match prevents mixing national/special design codes, including WA 501 versus 502.",PROJECT_SPECIFIC_CANDIDATE_USING_ACCEPTED_B7_B8_LOCAL_IDENTITIES,YES,NO,B9 filter is not represented as an official FIA exact grouping rule.
S06,IN,182301,A,LEVEL1,INTENSITY,YES,1,NONE,0,0,"Exact target intensity removes non-base material when the target is base, and symmetrically matches other target intensity values.",PROJECT_SPECIFIC_CANDIDATE_USING_ACCEPTED_B7_B8_LOCAL_IDENTITIES,YES,NO,B9 filter is not represented as an official FIA exact grouping rule.
S06,IN,182301,A,LEVEL1,QA_production_class,YES,QA_STATUS=1|class=PRODUCTION,NONE,0,0,Production versus non-production class is matched; QA codes 1 and 7 are both production.,PROJECT_SPECIFIC_CANDIDATE_USING_ACCEPTED_B7_B8_LOCAL_IDENTITIES,YES,NO,B9 filter is not represented as an official FIA exact grouping rule.
S06,IN,182301,A,LEVEL1,raw_DESIGNCD,YES,1,NONE,0,0,Exact raw code is checked when both sides are recoverable so normalization cannot hide a design difference.,PROJECT_SPECIFIC_CANDIDATE_USING_ACCEPTED_B7_B8_LOCAL_IDENTITIES,YES,NO,B9 filter is not represented as an official FIA exact grouping rule.
S06,IN,182301,A,LEVEL1,repair_class,YES,R0,NONE,0,0,Exact repair identity preserves the frozen design-resolution path.,PROJECT_SPECIFIC_CANDIDATE_USING_ACCEPTED_B7_B8_LOCAL_IDENTITIES,YES,NO,B9 filter is not represented as an official FIA exact grouping rule.
S06,IN,182301,A,LEVEL1,special_nonfederal_augmentation_identity,YES,NO_SEPARATE_EXPLICIT_EXCEPTION_FLAG_RECOVERED,NONE,0,0,Any separately explicit local exception would require the same target identity; none was separately recovered beyond design/intensity fields.,PROJECT_SPECIFIC_CANDIDATE_USING_ACCEPTED_B7_B8_LOCAL_IDENTITIES,YES,NO,B9 filter is not represented as an official FIA exact grouping rule.
S06,IN,182301,A,LEVEL1,KINDCD,NO,2,NONE,0,0,Descriptive inventory only under the frozen B9 task; not used to exclude material.,B9_TASK_EXPLICITLY_DESCRIPTIVE_OR_NOT_ENUMERATED_AS_HARD_FILTER,YES,NO,Variation is recorded for mainline review and is not silently promoted into a filter.
S06,IN,182301,A,LEVEL1,MANUAL,NO,9.2,NONE,0,0,Descriptive inventory only under the frozen B9 task; not used to exclude material.,B9_TASK_EXPLICITLY_DESCRIPTIVE_OR_NOT_ENUMERATED_AS_HARD_FILTER,YES,NO,Variation is recorded for mainline review and is not silently promoted into a filter.
S06,IN,182301,A,LEVEL1,MEASYEAR,NO,2023,NONE,0,0,Descriptive inventory only under the frozen B9 task; not used to exclude material.,B9_TASK_EXPLICITLY_DESCRIPTIVE_OR_NOT_ENUMERATED_AS_HARD_FILTER,YES,NO,Variation is recorded for mainline review and is not silently promoted into a filter.
S06,IN,182301,A,LEVEL1,NF_regional_flags,NO,NF_SAMPLE=MISSING|NF_PLOT=MISSING|RSCD=23,NONE,0,0,Descriptive inventory only under the frozen B9 task; not used to exclude material.,B9_TASK_EXPLICITLY_DESCRIPTIVE_OR_NOT_ENUMERATED_AS_HARD_FILTER,YES,NO,Variation is recorded for mainline review and is not silently promoted into a filter.
S06,IN,182301,A,LEVEL1,PLOT_STATUS_CD,NO,2,NONE,0,0,Descriptive inventory only under the frozen B9 task; not used to exclude material.,B9_TASK_EXPLICITLY_DESCRIPTIVE_OR_NOT_ENUMERATED_AS_HARD_FILTER,YES,NO,Variation is recorded for mainline review and is not silently promoted into a filter.
S06,IN,182301,A,LEVEL1,SAMP_METHOD_CD,NO,2,NONE,0,0,Descriptive inventory only under the frozen B9 task; not used to exclude material.,B9_TASK_EXPLICITLY_DESCRIPTIVE_OR_NOT_ENUMERATED_AS_HARD_FILTER,YES,NO,Variation is recorded for mainline review and is not silently promoted into a filter.
S06,IN,182301,A,LEVEL1,SUBPANEL,NO,0,NONE,0,0,Descriptive inventory only under the frozen B9 task; not used to exclude material.,B9_TASK_EXPLICITLY_DESCRIPTIVE_OR_NOT_ENUMERATED_AS_HARD_FILTER,YES,NO,Variation is recorded for mainline review and is not silently promoted into a filter.
S06,IN,182301,A,LEVEL1,regional_manual,NO,NCRS=9.2|NERS=MISSING|RMRS=MISSING,NONE,0,0,Descriptive inventory only under the frozen B9 task; not used to exclude material.,B9_TASK_EXPLICITLY_DESCRIPTIVE_OR_NOT_ENUMERATED_AS_HARD_FILTER,YES,NO,Variation is recorded for mainline review and is not silently promoted into a filter.
S06,IN,182301,A,LEVEL2,DESIGNCD,YES,xwalk=1|plot=1,xwalk=1|plot=1,1490,0,"Exact target match prevents mixing national/special design codes, including WA 501 versus 502.",PROJECT_SPECIFIC_CANDIDATE_USING_ACCEPTED_B7_B8_LOCAL_IDENTITIES,YES,NO,B9 filter is not represented as an official FIA exact grouping rule.
S06,IN,182301,A,LEVEL2,INTENSITY,YES,1,1;2,1490,23,"Exact target intensity removes non-base material when the target is base, and symmetrically matches other target intensity values.",PROJECT_SPECIFIC_CANDIDATE_USING_ACCEPTED_B7_B8_LOCAL_IDENTITIES,YES,NO,B9 filter is not represented as an official FIA exact grouping rule.
S06,IN,182301,A,LEVEL2,QA_production_class,YES,QA_STATUS=1|class=PRODUCTION,QA_STATUS=1|class=PRODUCTION;QA_STATUS=7|class=PRODUCTION,1490,0,Production versus non-production class is matched; QA codes 1 and 7 are both production.,PROJECT_SPECIFIC_CANDIDATE_USING_ACCEPTED_B7_B8_LOCAL_IDENTITIES,YES,NO,B9 filter is not represented as an official FIA exact grouping rule.
S06,IN,182301,A,LEVEL2,raw_DESIGNCD,YES,1,1,1490,0,Exact raw code is checked when both sides are recoverable so normalization cannot hide a design difference.,PROJECT_SPECIFIC_CANDIDATE_USING_ACCEPTED_B7_B8_LOCAL_IDENTITIES,YES,NO,B9 filter is not represented as an official FIA exact grouping rule.
S06,IN,182301,A,LEVEL2,repair_class,YES,R0,R0,1490,0,Exact repair identity preserves the frozen design-resolution path.,PROJECT_SPECIFIC_CANDIDATE_USING_ACCEPTED_B7_B8_LOCAL_IDENTITIES,YES,NO,B9 filter is not represented as an official FIA exact grouping rule.
S06,IN,182301,A,LEVEL2,special_nonfederal_augmentation_identity,YES,NO_SEPARATE_EXPLICIT_EXCEPTION_FLAG_RECOVERED,NO_SEPARATE_EXPLICIT_EXCEPTION_FLAG_RECOVERED,1490,0,Any separately explicit local exception would require the same target identity; none was separately recovered beyond design/intensity fields.,PROJECT_SPECIFIC_CANDIDATE_USING_ACCEPTED_B7_B8_LOCAL_IDENTITIES,YES,NO,B9 filter is not represented as an official FIA exact grouping rule.
S06,IN,182301,A,LEVEL2,KINDCD,NO,2,1;2,1490,0,Descriptive inventory only under the frozen B9 task; not used to exclude material.,B9_TASK_EXPLICITLY_DESCRIPTIVE_OR_NOT_ENUMERATED_AS_HARD_FILTER,YES,YES,Variation is recorded for mainline review and is not silently promoted into a filter.
S06,IN,182301,A,LEVEL2,MANUAL,NO,9.2,7;8;9;9.2,1490,0,Descriptive inventory only under the frozen B9 task; not used to exclude material.,B9_TASK_EXPLICITLY_DESCRIPTIVE_OR_NOT_ENUMERATED_AS_HARD_FILTER,YES,YES,Variation is recorded for mainline review and is not silently promoted into a filter.
S06,IN,182301,A,LEVEL2,MEASYEAR,NO,2023,2016;2017;2018;2019;2020;2021;2023,1490,0,Descriptive inventory only under the frozen B9 task; not used to exclude material.,B9_TASK_EXPLICITLY_DESCRIPTIVE_OR_NOT_ENUMERATED_AS_HARD_FILTER,YES,YES,Variation is recorded for mainline review and is not silently promoted into a filter.
S06,IN,182301,A,LEVEL2,NF_regional_flags,NO,NF_SAMPLE=MISSING|NF_PLOT=MISSING|RSCD=23,NF_SAMPLE=0|NF_PLOT=MISSING|RSCD=23;NF_SAMPLE=MISSING|NF_PLOT=MISSING|RSCD=23,1490,0,Descriptive inventory only under the frozen B9 task; not used to exclude material.,B9_TASK_EXPLICITLY_DESCRIPTIVE_OR_NOT_ENUMERATED_AS_HARD_FILTER,YES,YES,Variation is recorded for mainline review and is not silently promoted into a filter.
S06,IN,182301,A,LEVEL2,PLOT_STATUS_CD,NO,2,1;2,1490,0,Descriptive inventory only under the frozen B9 task; not used to exclude material.,B9_TASK_EXPLICITLY_DESCRIPTIVE_OR_NOT_ENUMERATED_AS_HARD_FILTER,YES,YES,Variation is recorded for mainline review and is not silently promoted into a filter.
S06,IN,182301,A,LEVEL2,SAMP_METHOD_CD,NO,2,1;2,1490,0,Descriptive inventory only under the frozen B9 task; not used to exclude material.,B9_TASK_EXPLICITLY_DESCRIPTIVE_OR_NOT_ENUMERATED_AS_HARD_FILTER,YES,YES,Variation is recorded for mainline review and is not silently promoted into a filter.
S06,IN,182301,A,LEVEL2,SUBPANEL,NO,0,0,1490,0,Descriptive inventory only under the frozen B9 task; not used to exclude material.,B9_TASK_EXPLICITLY_DESCRIPTIVE_OR_NOT_ENUMERATED_AS_HARD_FILTER,YES,NO,Variation is recorded for mainline review and is not silently promoted into a filter.
S06,IN,182301,A,LEVEL2,regional_manual,NO,NCRS=9.2|NERS=MISSING|RMRS=MISSING,NCRS=7|NERS=MISSING|RMRS=MISSING;NCRS=8|NERS=MISSING|RMRS=MISSING;NCRS=9.2|NERS=MISSING|RMRS=MISSING;NCRS=9|NERS=MISSING|RMRS=MISSING,1490,0,Descriptive inventory only under the frozen B9 task; not used to exclude material.,B9_TASK_EXPLICITLY_DESCRIPTIVE_OR_NOT_ENUMERATED_AS_HARD_FILTER,YES,YES,Variation is recorded for mainline review and is not silently promoted into a filter.
S07,IN,182301,A,LEVEL1,DESIGNCD,YES,xwalk=1|plot=1,NONE,0,0,"Exact target match prevents mixing national/special design codes, including WA 501 versus 502.",PROJECT_SPECIFIC_CANDIDATE_USING_ACCEPTED_B7_B8_LOCAL_IDENTITIES,YES,NO,B9 filter is not represented as an official FIA exact grouping rule.
S07,IN,182301,A,LEVEL1,INTENSITY,YES,1,NONE,0,0,"Exact target intensity removes non-base material when the target is base, and symmetrically matches other target intensity values.",PROJECT_SPECIFIC_CANDIDATE_USING_ACCEPTED_B7_B8_LOCAL_IDENTITIES,YES,NO,B9 filter is not represented as an official FIA exact grouping rule.
S07,IN,182301,A,LEVEL1,QA_production_class,YES,QA_STATUS=1|class=PRODUCTION,NONE,0,0,Production versus non-production class is matched; QA codes 1 and 7 are both production.,PROJECT_SPECIFIC_CANDIDATE_USING_ACCEPTED_B7_B8_LOCAL_IDENTITIES,YES,NO,B9 filter is not represented as an official FIA exact grouping rule.
S07,IN,182301,A,LEVEL1,raw_DESIGNCD,YES,1,NONE,0,0,Exact raw code is checked when both sides are recoverable so normalization cannot hide a design difference.,PROJECT_SPECIFIC_CANDIDATE_USING_ACCEPTED_B7_B8_LOCAL_IDENTITIES,YES,NO,B9 filter is not represented as an official FIA exact grouping rule.
S07,IN,182301,A,LEVEL1,repair_class,YES,R0,NONE,0,0,Exact repair identity preserves the frozen design-resolution path.,PROJECT_SPECIFIC_CANDIDATE_USING_ACCEPTED_B7_B8_LOCAL_IDENTITIES,YES,NO,B9 filter is not represented as an official FIA exact grouping rule.
S07,IN,182301,A,LEVEL1,special_nonfederal_augmentation_identity,YES,NO_SEPARATE_EXPLICIT_EXCEPTION_FLAG_RECOVERED,NONE,0,0,Any separately explicit local exception would require the same target identity; none was separately recovered beyond design/intensity fields.,PROJECT_SPECIFIC_CANDIDATE_USING_ACCEPTED_B7_B8_LOCAL_IDENTITIES,YES,NO,B9 filter is not represented as an official FIA exact grouping rule.
S07,IN,182301,A,LEVEL1,KINDCD,NO,2,NONE,0,0,Descriptive inventory only under the frozen B9 task; not used to exclude material.,B9_TASK_EXPLICITLY_DESCRIPTIVE_OR_NOT_ENUMERATED_AS_HARD_FILTER,YES,NO,Variation is recorded for mainline review and is not silently promoted into a filter.
S07,IN,182301,A,LEVEL1,MANUAL,NO,8,NONE,0,0,Descriptive inventory only under the frozen B9 task; not used to exclude material.,B9_TASK_EXPLICITLY_DESCRIPTIVE_OR_NOT_ENUMERATED_AS_HARD_FILTER,YES,NO,Variation is recorded for mainline review and is not silently promoted into a filter.
S07,IN,182301,A,LEVEL1,MEASYEAR,NO,2019,NONE,0,0,Descriptive inventory only under the frozen B9 task; not used to exclude material.,B9_TASK_EXPLICITLY_DESCRIPTIVE_OR_NOT_ENUMERATED_AS_HARD_FILTER,YES,NO,Variation is recorded for mainline review and is not silently promoted into a filter.
S07,IN,182301,A,LEVEL1,NF_regional_flags,NO,NF_SAMPLE=MISSING|NF_PLOT=MISSING|RSCD=23,NONE,0,0,Descriptive inventory only under the frozen B9 task; not used to exclude material.,B9_TASK_EXPLICITLY_DESCRIPTIVE_OR_NOT_ENUMERATED_AS_HARD_FILTER,YES,NO,Variation is recorded for mainline review and is not silently promoted into a filter.
S07,IN,182301,A,LEVEL1,PLOT_STATUS_CD,NO,2,NONE,0,0,Descriptive inventory only under the frozen B9 task; not used to exclude material.,B9_TASK_EXPLICITLY_DESCRIPTIVE_OR_NOT_ENUMERATED_AS_HARD_FILTER,YES,NO,Variation is recorded for mainline review and is not silently promoted into a filter.
S07,IN,182301,A,LEVEL1,SAMP_METHOD_CD,NO,2,NONE,0,0,Descriptive inventory only under the frozen B9 task; not used to exclude material.,B9_TASK_EXPLICITLY_DESCRIPTIVE_OR_NOT_ENUMERATED_AS_HARD_FILTER,YES,NO,Variation is recorded for mainline review and is not silently promoted into a filter.
S07,IN,182301,A,LEVEL1,SUBPANEL,NO,0,NONE,0,0,Descriptive inventory only under the frozen B9 task; not used to exclude material.,B9_TASK_EXPLICITLY_DESCRIPTIVE_OR_NOT_ENUMERATED_AS_HARD_FILTER,YES,NO,Variation is recorded for mainline review and is not silently promoted into a filter.
S07,IN,182301,A,LEVEL1,regional_manual,NO,NCRS=8|NERS=MISSING|RMRS=MISSING,NONE,0,0,Descriptive inventory only under the frozen B9 task; not used to exclude material.,B9_TASK_EXPLICITLY_DESCRIPTIVE_OR_NOT_ENUMERATED_AS_HARD_FILTER,YES,NO,Variation is recorded for mainline review and is not silently promoted into a filter.
S07,IN,182301,A,LEVEL2,DESIGNCD,YES,xwalk=1|plot=1,xwalk=1|plot=1,1490,0,"Exact target match prevents mixing national/special design codes, including WA 501 versus 502.",PROJECT_SPECIFIC_CANDIDATE_USING_ACCEPTED_B7_B8_LOCAL_IDENTITIES,YES,NO,B9 filter is not represented as an official FIA exact grouping rule.
S07,IN,182301,A,LEVEL2,INTENSITY,YES,1,1;2,1490,23,"Exact target intensity removes non-base material when the target is base, and symmetrically matches other target intensity values.",PROJECT_SPECIFIC_CANDIDATE_USING_ACCEPTED_B7_B8_LOCAL_IDENTITIES,YES,NO,B9 filter is not represented as an official FIA exact grouping rule.
S07,IN,182301,A,LEVEL2,QA_production_class,YES,QA_STATUS=1|class=PRODUCTION,QA_STATUS=1|class=PRODUCTION;QA_STATUS=7|class=PRODUCTION,1490,0,Production versus non-production class is matched; QA codes 1 and 7 are both production.,PROJECT_SPECIFIC_CANDIDATE_USING_ACCEPTED_B7_B8_LOCAL_IDENTITIES,YES,NO,B9 filter is not represented as an official FIA exact grouping rule.
S07,IN,182301,A,LEVEL2,raw_DESIGNCD,YES,1,1,1490,0,Exact raw code is checked when both sides are recoverable so normalization cannot hide a design difference.,PROJECT_SPECIFIC_CANDIDATE_USING_ACCEPTED_B7_B8_LOCAL_IDENTITIES,YES,NO,B9 filter is not represented as an official FIA exact grouping rule.
S07,IN,182301,A,LEVEL2,repair_class,YES,R0,R0,1490,0,Exact repair identity preserves the frozen design-resolution path.,PROJECT_SPECIFIC_CANDIDATE_USING_ACCEPTED_B7_B8_LOCAL_IDENTITIES,YES,NO,B9 filter is not represented as an official FIA exact grouping rule.
S07,IN,182301,A,LEVEL2,special_nonfederal_augmentation_identity,YES,NO_SEPARATE_EXPLICIT_EXCEPTION_FLAG_RECOVERED,NO_SEPARATE_EXPLICIT_EXCEPTION_FLAG_RECOVERED,1490,0,Any separately explicit local exception would require the same target identity; none was separately recovered beyond design/intensity fields.,PROJECT_SPECIFIC_CANDIDATE_USING_ACCEPTED_B7_B8_LOCAL_IDENTITIES,YES,NO,B9 filter is not represented as an official FIA exact grouping rule.
S07,IN,182301,A,LEVEL2,KINDCD,NO,2,1;2,1490,0,Descriptive inventory only under the frozen B9 task; not used to exclude material.,B9_TASK_EXPLICITLY_DESCRIPTIVE_OR_NOT_ENUMERATED_AS_HARD_FILTER,YES,YES,Variation is recorded for mainline review and is not silently promoted into a filter.
S07,IN,182301,A,LEVEL2,MANUAL,NO,8,7;8;9;9.2,1490,0,Descriptive inventory only under the frozen B9 task; not used to exclude material.,B9_TASK_EXPLICITLY_DESCRIPTIVE_OR_NOT_ENUMERATED_AS_HARD_FILTER,YES,YES,Variation is recorded for mainline review and is not silently promoted into a filter.
S07,IN,182301,A,LEVEL2,MEASYEAR,NO,2019,2016;2017;2018;2019;2020;2021;2023,1490,0,Descriptive inventory only under the frozen B9 task; not used to exclude material.,B9_TASK_EXPLICITLY_DESCRIPTIVE_OR_NOT_ENUMERATED_AS_HARD_FILTER,YES,YES,Variation is recorded for mainline review and is not silently promoted into a filter.
S07,IN,182301,A,LEVEL2,NF_regional_flags,NO,NF_SAMPLE=MISSING|NF_PLOT=MISSING|RSCD=23,NF_SAMPLE=0|NF_PLOT=MISSING|RSCD=23;NF_SAMPLE=MISSING|NF_PLOT=MISSING|RSCD=23,1490,0,Descriptive inventory only under the frozen B9 task; not used to exclude material.,B9_TASK_EXPLICITLY_DESCRIPTIVE_OR_NOT_ENUMERATED_AS_HARD_FILTER,YES,YES,Variation is recorded for mainline review and is not silently promoted into a filter.
S07,IN,182301,A,LEVEL2,PLOT_STATUS_CD,NO,2,1;2,1490,0,Descriptive inventory only under the frozen B9 task; not used to exclude material.,B9_TASK_EXPLICITLY_DESCRIPTIVE_OR_NOT_ENUMERATED_AS_HARD_FILTER,YES,YES,Variation is recorded for mainline review and is not silently promoted into a filter.
S07,IN,182301,A,LEVEL2,SAMP_METHOD_CD,NO,2,1;2,1490,0,Descriptive inventory only under the frozen B9 task; not used to exclude material.,B9_TASK_EXPLICITLY_DESCRIPTIVE_OR_NOT_ENUMERATED_AS_HARD_FILTER,YES,YES,Variation is recorded for mainline review and is not silently promoted into a filter.
S07,IN,182301,A,LEVEL2,SUBPANEL,NO,0,0,1490,0,Descriptive inventory only under the frozen B9 task; not used to exclude material.,B9_TASK_EXPLICITLY_DESCRIPTIVE_OR_NOT_ENUMERATED_AS_HARD_FILTER,YES,NO,Variation is recorded for mainline review and is not silently promoted into a filter.
S07,IN,182301,A,LEVEL2,regional_manual,NO,NCRS=8|NERS=MISSING|RMRS=MISSING,NCRS=7|NERS=MISSING|RMRS=MISSING;NCRS=8|NERS=MISSING|RMRS=MISSING;NCRS=9.2|NERS=MISSING|RMRS=MISSING;NCRS=9|NERS=MISSING|RMRS=MISSING,1490,0,Descriptive inventory only under the frozen B9 task; not used to exclude material.,B9_TASK_EXPLICITLY_DESCRIPTIVE_OR_NOT_ENUMERATED_AS_HARD_FILTER,YES,YES,Variation is recorded for mainline review and is not silently promoted into a filter.
S08,IN,182301,A,LEVEL1,DESIGNCD,YES,xwalk=1|plot=1,NONE,0,0,"Exact target match prevents mixing national/special design codes, including WA 501 versus 502.",PROJECT_SPECIFIC_CANDIDATE_USING_ACCEPTED_B7_B8_LOCAL_IDENTITIES,YES,NO,B9 filter is not represented as an official FIA exact grouping rule.
S08,IN,182301,A,LEVEL1,INTENSITY,YES,1,NONE,0,0,"Exact target intensity removes non-base material when the target is base, and symmetrically matches other target intensity values.",PROJECT_SPECIFIC_CANDIDATE_USING_ACCEPTED_B7_B8_LOCAL_IDENTITIES,YES,NO,B9 filter is not represented as an official FIA exact grouping rule.
S08,IN,182301,A,LEVEL1,QA_production_class,YES,QA_STATUS=1|class=PRODUCTION,NONE,0,0,Production versus non-production class is matched; QA codes 1 and 7 are both production.,PROJECT_SPECIFIC_CANDIDATE_USING_ACCEPTED_B7_B8_LOCAL_IDENTITIES,YES,NO,B9 filter is not represented as an official FIA exact grouping rule.
S08,IN,182301,A,LEVEL1,raw_DESIGNCD,YES,1,NONE,0,0,Exact raw code is checked when both sides are recoverable so normalization cannot hide a design difference.,PROJECT_SPECIFIC_CANDIDATE_USING_ACCEPTED_B7_B8_LOCAL_IDENTITIES,YES,NO,B9 filter is not represented as an official FIA exact grouping rule.
S08,IN,182301,A,LEVEL1,repair_class,YES,R0,NONE,0,0,Exact repair identity preserves the frozen design-resolution path.,PROJECT_SPECIFIC_CANDIDATE_USING_ACCEPTED_B7_B8_LOCAL_IDENTITIES,YES,NO,B9 filter is not represented as an official FIA exact grouping rule.
S08,IN,182301,A,LEVEL1,special_nonfederal_augmentation_identity,YES,NO_SEPARATE_EXPLICIT_EXCEPTION_FLAG_RECOVERED,NONE,0,0,Any separately explicit local exception would require the same target identity; none was separately recovered beyond design/intensity fields.,PROJECT_SPECIFIC_CANDIDATE_USING_ACCEPTED_B7_B8_LOCAL_IDENTITIES,YES,NO,B9 filter is not represented as an official FIA exact grouping rule.
S08,IN,182301,A,LEVEL1,KINDCD,NO,2,NONE,0,0,Descriptive inventory only under the frozen B9 task; not used to exclude material.,B9_TASK_EXPLICITLY_DESCRIPTIVE_OR_NOT_ENUMERATED_AS_HARD_FILTER,YES,NO,Variation is recorded for mainline review and is not silently promoted into a filter.
S08,IN,182301,A,LEVEL1,MANUAL,NO,7,NONE,0,0,Descriptive inventory only under the frozen B9 task; not used to exclude material.,B9_TASK_EXPLICITLY_DESCRIPTIVE_OR_NOT_ENUMERATED_AS_HARD_FILTER,YES,NO,Variation is recorded for mainline review and is not silently promoted into a filter.
S08,IN,182301,A,LEVEL1,MEASYEAR,NO,2017,NONE,0,0,Descriptive inventory only under the frozen B9 task; not used to exclude material.,B9_TASK_EXPLICITLY_DESCRIPTIVE_OR_NOT_ENUMERATED_AS_HARD_FILTER,YES,NO,Variation is recorded for mainline review and is not silently promoted into a filter.
S08,IN,182301,A,LEVEL1,NF_regional_flags,NO,NF_SAMPLE=MISSING|NF_PLOT=MISSING|RSCD=23,NONE,0,0,Descriptive inventory only under the frozen B9 task; not used to exclude material.,B9_TASK_EXPLICITLY_DESCRIPTIVE_OR_NOT_ENUMERATED_AS_HARD_FILTER,YES,NO,Variation is recorded for mainline review and is not silently promoted into a filter.
S08,IN,182301,A,LEVEL1,PLOT_STATUS_CD,NO,2,NONE,0,0,Descriptive inventory only under the frozen B9 task; not used to exclude material.,B9_TASK_EXPLICITLY_DESCRIPTIVE_OR_NOT_ENUMERATED_AS_HARD_FILTER,YES,NO,Variation is recorded for mainline review and is not silently promoted into a filter.
S08,IN,182301,A,LEVEL1,SAMP_METHOD_CD,NO,2,NONE,0,0,Descriptive inventory only under the frozen B9 task; not used to exclude material.,B9_TASK_EXPLICITLY_DESCRIPTIVE_OR_NOT_ENUMERATED_AS_HARD_FILTER,YES,NO,Variation is recorded for mainline review and is not silently promoted into a filter.
S08,IN,182301,A,LEVEL1,SUBPANEL,NO,0,NONE,0,0,Descriptive inventory only under the frozen B9 task; not used to exclude material.,B9_TASK_EXPLICITLY_DESCRIPTIVE_OR_NOT_ENUMERATED_AS_HARD_FILTER,YES,NO,Variation is recorded for mainline review and is not silently promoted into a filter.
S08,IN,182301,A,LEVEL1,regional_manual,NO,NCRS=7|NERS=MISSING|RMRS=MISSING,NONE,0,0,Descriptive inventory only under the frozen B9 task; not used to exclude material.,B9_TASK_EXPLICITLY_DESCRIPTIVE_OR_NOT_ENUMERATED_AS_HARD_FILTER,YES,NO,Variation is recorded for mainline review and is not silently promoted into a filter.
S08,IN,182301,A,LEVEL2,DESIGNCD,YES,xwalk=1|plot=1,xwalk=1|plot=1,1490,0,"Exact target match prevents mixing national/special design codes, including WA 501 versus 502.",PROJECT_SPECIFIC_CANDIDATE_USING_ACCEPTED_B7_B8_LOCAL_IDENTITIES,YES,NO,B9 filter is not represented as an official FIA exact grouping rule.
S08,IN,182301,A,LEVEL2,INTENSITY,YES,1,1;2,1490,23,"Exact target intensity removes non-base material when the target is base, and symmetrically matches other target intensity values.",PROJECT_SPECIFIC_CANDIDATE_USING_ACCEPTED_B7_B8_LOCAL_IDENTITIES,YES,NO,B9 filter is not represented as an official FIA exact grouping rule.
S08,IN,182301,A,LEVEL2,QA_production_class,YES,QA_STATUS=1|class=PRODUCTION,QA_STATUS=1|class=PRODUCTION;QA_STATUS=7|class=PRODUCTION,1490,0,Production versus non-production class is matched; QA codes 1 and 7 are both production.,PROJECT_SPECIFIC_CANDIDATE_USING_ACCEPTED_B7_B8_LOCAL_IDENTITIES,YES,NO,B9 filter is not represented as an official FIA exact grouping rule.
S08,IN,182301,A,LEVEL2,raw_DESIGNCD,YES,1,1,1490,0,Exact raw code is checked when both sides are recoverable so normalization cannot hide a design difference.,PROJECT_SPECIFIC_CANDIDATE_USING_ACCEPTED_B7_B8_LOCAL_IDENTITIES,YES,NO,B9 filter is not represented as an official FIA exact grouping rule.
S08,IN,182301,A,LEVEL2,repair_class,YES,R0,R0,1490,0,Exact repair identity preserves the frozen design-resolution path.,PROJECT_SPECIFIC_CANDIDATE_USING_ACCEPTED_B7_B8_LOCAL_IDENTITIES,YES,NO,B9 filter is not represented as an official FIA exact grouping rule.
S08,IN,182301,A,LEVEL2,special_nonfederal_augmentation_identity,YES,NO_SEPARATE_EXPLICIT_EXCEPTION_FLAG_RECOVERED,NO_SEPARATE_EXPLICIT_EXCEPTION_FLAG_RECOVERED,1490,0,Any separately explicit local exception would require the same target identity; none was separately recovered beyond design/intensity fields.,PROJECT_SPECIFIC_CANDIDATE_USING_ACCEPTED_B7_B8_LOCAL_IDENTITIES,YES,NO,B9 filter is not represented as an official FIA exact grouping rule.
S08,IN,182301,A,LEVEL2,KINDCD,NO,2,1;2,1490,0,Descriptive inventory only under the frozen B9 task; not used to exclude material.,B9_TASK_EXPLICITLY_DESCRIPTIVE_OR_NOT_ENUMERATED_AS_HARD_FILTER,YES,YES,Variation is recorded for mainline review and is not silently promoted into a filter.
S08,IN,182301,A,LEVEL2,MANUAL,NO,7,7;8;9;9.2,1490,0,Descriptive inventory only under the frozen B9 task; not used to exclude material.,B9_TASK_EXPLICITLY_DESCRIPTIVE_OR_NOT_ENUMERATED_AS_HARD_FILTER,YES,YES,Variation is recorded for mainline review and is not silently promoted into a filter.
S08,IN,182301,A,LEVEL2,MEASYEAR,NO,2017,2016;2017;2018;2019;2020;2021;2023,1490,0,Descriptive inventory only under the frozen B9 task; not used to exclude material.,B9_TASK_EXPLICITLY_DESCRIPTIVE_OR_NOT_ENUMERATED_AS_HARD_FILTER,YES,YES,Variation is recorded for mainline review and is not silently promoted into a filter.
S08,IN,182301,A,LEVEL2,NF_regional_flags,NO,NF_SAMPLE=MISSING|NF_PLOT=MISSING|RSCD=23,NF_SAMPLE=0|NF_PLOT=MISSING|RSCD=23;NF_SAMPLE=MISSING|NF_PLOT=MISSING|RSCD=23,1490,0,Descriptive inventory only under the frozen B9 task; not used to exclude material.,B9_TASK_EXPLICITLY_DESCRIPTIVE_OR_NOT_ENUMERATED_AS_HARD_FILTER,YES,YES,Variation is recorded for mainline review and is not silently promoted into a filter.
S08,IN,182301,A,LEVEL2,PLOT_STATUS_CD,NO,2,1;2,1490,0,Descriptive inventory only under the frozen B9 task; not used to exclude material.,B9_TASK_EXPLICITLY_DESCRIPTIVE_OR_NOT_ENUMERATED_AS_HARD_FILTER,YES,YES,Variation is recorded for mainline review and is not silently promoted into a filter.
S08,IN,182301,A,LEVEL2,SAMP_METHOD_CD,NO,2,1;2,1490,0,Descriptive inventory only under the frozen B9 task; not used to exclude material.,B9_TASK_EXPLICITLY_DESCRIPTIVE_OR_NOT_ENUMERATED_AS_HARD_FILTER,YES,YES,Variation is recorded for mainline review and is not silently promoted into a filter.
S08,IN,182301,A,LEVEL2,SUBPANEL,NO,0,0,1490,0,Descriptive inventory only under the frozen B9 task; not used to exclude material.,B9_TASK_EXPLICITLY_DESCRIPTIVE_OR_NOT_ENUMERATED_AS_HARD_FILTER,YES,NO,Variation is recorded for mainline review and is not silently promoted into a filter.
S08,IN,182301,A,LEVEL2,regional_manual,NO,NCRS=7|NERS=MISSING|RMRS=MISSING,NCRS=7|NERS=MISSING|RMRS=MISSING;NCRS=8|NERS=MISSING|RMRS=MISSING;NCRS=9.2|NERS=MISSING|RMRS=MISSING;NCRS=9|NERS=MISSING|RMRS=MISSING,1490,0,Descriptive inventory only under the frozen B9 task; not used to exclude material.,B9_TASK_EXPLICITLY_DESCRIPTIVE_OR_NOT_ENUMERATED_AS_HARD_FILTER,YES,YES,Variation is recorded for mainline review and is not silently promoted into a filter.
S09,IA,192301,A,LEVEL1,DESIGNCD,YES,xwalk=1|plot=1,NONE,0,0,"Exact target match prevents mixing national/special design codes, including WA 501 versus 502.",PROJECT_SPECIFIC_CANDIDATE_USING_ACCEPTED_B7_B8_LOCAL_IDENTITIES,YES,NO,B9 filter is not represented as an official FIA exact grouping rule.
S09,IA,192301,A,LEVEL1,INTENSITY,YES,1,NONE,0,0,"Exact target intensity removes non-base material when the target is base, and symmetrically matches other target intensity values.",PROJECT_SPECIFIC_CANDIDATE_USING_ACCEPTED_B7_B8_LOCAL_IDENTITIES,YES,NO,B9 filter is not represented as an official FIA exact grouping rule.
S09,IA,192301,A,LEVEL1,QA_production_class,YES,QA_STATUS=1|class=PRODUCTION,NONE,0,0,Production versus non-production class is matched; QA codes 1 and 7 are both production.,PROJECT_SPECIFIC_CANDIDATE_USING_ACCEPTED_B7_B8_LOCAL_IDENTITIES,YES,NO,B9 filter is not represented as an official FIA exact grouping rule.
S09,IA,192301,A,LEVEL1,raw_DESIGNCD,YES,1,NONE,0,0,Exact raw code is checked when both sides are recoverable so normalization cannot hide a design difference.,PROJECT_SPECIFIC_CANDIDATE_USING_ACCEPTED_B7_B8_LOCAL_IDENTITIES,YES,NO,B9 filter is not represented as an official FIA exact grouping rule.
S09,IA,192301,A,LEVEL1,repair_class,YES,R0,NONE,0,0,Exact repair identity preserves the frozen design-resolution path.,PROJECT_SPECIFIC_CANDIDATE_USING_ACCEPTED_B7_B8_LOCAL_IDENTITIES,YES,NO,B9 filter is not represented as an official FIA exact grouping rule.
S09,IA,192301,A,LEVEL1,special_nonfederal_augmentation_identity,YES,NO_SEPARATE_EXPLICIT_EXCEPTION_FLAG_RECOVERED,NONE,0,0,Any separately explicit local exception would require the same target identity; none was separately recovered beyond design/intensity fields.,PROJECT_SPECIFIC_CANDIDATE_USING_ACCEPTED_B7_B8_LOCAL_IDENTITIES,YES,NO,B9 filter is not represented as an official FIA exact grouping rule.
S09,IA,192301,A,LEVEL1,KINDCD,NO,2,NONE,0,0,Descriptive inventory only under the frozen B9 task; not used to exclude material.,B9_TASK_EXPLICITLY_DESCRIPTIVE_OR_NOT_ENUMERATED_AS_HARD_FILTER,YES,NO,Variation is recorded for mainline review and is not silently promoted into a filter.
S09,IA,192301,A,LEVEL1,MANUAL,NO,9,NONE,0,0,Descriptive inventory only under the frozen B9 task; not used to exclude material.,B9_TASK_EXPLICITLY_DESCRIPTIVE_OR_NOT_ENUMERATED_AS_HARD_FILTER,YES,NO,Variation is recorded for mainline review and is not silently promoted into a filter.
S09,IA,192301,A,LEVEL1,MEASYEAR,NO,2021,NONE,0,0,Descriptive inventory only under the frozen B9 task; not used to exclude material.,B9_TASK_EXPLICITLY_DESCRIPTIVE_OR_NOT_ENUMERATED_AS_HARD_FILTER,YES,NO,Variation is recorded for mainline review and is not silently promoted into a filter.
S09,IA,192301,A,LEVEL1,NF_regional_flags,NO,NF_SAMPLE=MISSING|NF_PLOT=MISSING|RSCD=23,NONE,0,0,Descriptive inventory only under the frozen B9 task; not used to exclude material.,B9_TASK_EXPLICITLY_DESCRIPTIVE_OR_NOT_ENUMERATED_AS_HARD_FILTER,YES,NO,Variation is recorded for mainline review and is not silently promoted into a filter.
S09,IA,192301,A,LEVEL1,PLOT_STATUS_CD,NO,2,NONE,0,0,Descriptive inventory only under the frozen B9 task; not used to exclude material.,B9_TASK_EXPLICITLY_DESCRIPTIVE_OR_NOT_ENUMERATED_AS_HARD_FILTER,YES,NO,Variation is recorded for mainline review and is not silently promoted into a filter.
S09,IA,192301,A,LEVEL1,SAMP_METHOD_CD,NO,2,NONE,0,0,Descriptive inventory only under the frozen B9 task; not used to exclude material.,B9_TASK_EXPLICITLY_DESCRIPTIVE_OR_NOT_ENUMERATED_AS_HARD_FILTER,YES,NO,Variation is recorded for mainline review and is not silently promoted into a filter.
S09,IA,192301,A,LEVEL1,SUBPANEL,NO,0,NONE,0,0,Descriptive inventory only under the frozen B9 task; not used to exclude material.,B9_TASK_EXPLICITLY_DESCRIPTIVE_OR_NOT_ENUMERATED_AS_HARD_FILTER,YES,NO,Variation is recorded for mainline review and is not silently promoted into a filter.
S09,IA,192301,A,LEVEL1,regional_manual,NO,NCRS=9|NERS=MISSING|RMRS=MISSING,NONE,0,0,Descriptive inventory only under the frozen B9 task; not used to exclude material.,B9_TASK_EXPLICITLY_DESCRIPTIVE_OR_NOT_ENUMERATED_AS_HARD_FILTER,YES,NO,Variation is recorded for mainline review and is not silently promoted into a filter.
S09,IA,192301,A,LEVEL2,DESIGNCD,YES,xwalk=1|plot=1,xwalk=1|plot=1,2379,0,"Exact target match prevents mixing national/special design codes, including WA 501 versus 502.",PROJECT_SPECIFIC_CANDIDATE_USING_ACCEPTED_B7_B8_LOCAL_IDENTITIES,YES,NO,B9 filter is not represented as an official FIA exact grouping rule.
S09,IA,192301,A,LEVEL2,INTENSITY,YES,1,1,2379,0,"Exact target intensity removes non-base material when the target is base, and symmetrically matches other target intensity values.",PROJECT_SPECIFIC_CANDIDATE_USING_ACCEPTED_B7_B8_LOCAL_IDENTITIES,YES,NO,B9 filter is not represented as an official FIA exact grouping rule.
S09,IA,192301,A,LEVEL2,QA_production_class,YES,QA_STATUS=1|class=PRODUCTION,QA_STATUS=1|class=PRODUCTION,2379,0,Production versus non-production class is matched; QA codes 1 and 7 are both production.,PROJECT_SPECIFIC_CANDIDATE_USING_ACCEPTED_B7_B8_LOCAL_IDENTITIES,YES,NO,B9 filter is not represented as an official FIA exact grouping rule.
S09,IA,192301,A,LEVEL2,raw_DESIGNCD,YES,1,1,2379,0,Exact raw code is checked when both sides are recoverable so normalization cannot hide a design difference.,PROJECT_SPECIFIC_CANDIDATE_USING_ACCEPTED_B7_B8_LOCAL_IDENTITIES,YES,NO,B9 filter is not represented as an official FIA exact grouping rule.
S09,IA,192301,A,LEVEL2,repair_class,YES,R0,R0,2379,0,Exact repair identity preserves the frozen design-resolution path.,PROJECT_SPECIFIC_CANDIDATE_USING_ACCEPTED_B7_B8_LOCAL_IDENTITIES,YES,NO,B9 filter is not represented as an official FIA exact grouping rule.
S09,IA,192301,A,LEVEL2,special_nonfederal_augmentation_identity,YES,NO_SEPARATE_EXPLICIT_EXCEPTION_FLAG_RECOVERED,NO_SEPARATE_EXPLICIT_EXCEPTION_FLAG_RECOVERED,2379,0,Any separately explicit local exception would require the same target identity; none was separately recovered beyond design/intensity fields.,PROJECT_SPECIFIC_CANDIDATE_USING_ACCEPTED_B7_B8_LOCAL_IDENTITIES,YES,NO,B9 filter is not represented as an official FIA exact grouping rule.
S09,IA,192301,A,LEVEL2,KINDCD,NO,2,1;2,2379,0,Descriptive inventory only under the frozen B9 task; not used to exclude material.,B9_TASK_EXPLICITLY_DESCRIPTIVE_OR_NOT_ENUMERATED_AS_HARD_FILTER,YES,YES,Variation is recorded for mainline review and is not silently promoted into a filter.
S09,IA,192301,A,LEVEL2,MANUAL,NO,9,7;8;9;9.1,2379,0,Descriptive inventory only under the frozen B9 task; not used to exclude material.,B9_TASK_EXPLICITLY_DESCRIPTIVE_OR_NOT_ENUMERATED_AS_HARD_FILTER,YES,YES,Variation is recorded for mainline review and is not silently promoted into a filter.
S09,IA,192301,A,LEVEL2,MEASYEAR,NO,2021,2017;2018;2019;2020;2021;2022,2379,0,Descriptive inventory only under the frozen B9 task; not used to exclude material.,B9_TASK_EXPLICITLY_DESCRIPTIVE_OR_NOT_ENUMERATED_AS_HARD_FILTER,YES,YES,Variation is recorded for mainline review and is not silently promoted into a filter.
S09,IA,192301,A,LEVEL2,NF_regional_flags,NO,NF_SAMPLE=MISSING|NF_PLOT=MISSING|RSCD=23,NF_SAMPLE=0|NF_PLOT=MISSING|RSCD=23;NF_SAMPLE=MISSING|NF_PLOT=MISSING|RSCD=23,2379,0,Descriptive inventory only under the frozen B9 task; not used to exclude material.,B9_TASK_EXPLICITLY_DESCRIPTIVE_OR_NOT_ENUMERATED_AS_HARD_FILTER,YES,YES,Variation is recorded for mainline review and is not silently promoted into a filter.
S09,IA,192301,A,LEVEL2,PLOT_STATUS_CD,NO,2,1;2,2379,0,Descriptive inventory only under the frozen B9 task; not used to exclude material.,B9_TASK_EXPLICITLY_DESCRIPTIVE_OR_NOT_ENUMERATED_AS_HARD_FILTER,YES,YES,Variation is recorded for mainline review and is not silently promoted into a filter.
S09,IA,192301,A,LEVEL2,SAMP_METHOD_CD,NO,2,1;2,2379,0,Descriptive inventory only under the frozen B9 task; not used to exclude material.,B9_TASK_EXPLICITLY_DESCRIPTIVE_OR_NOT_ENUMERATED_AS_HARD_FILTER,YES,YES,Variation is recorded for mainline review and is not silently promoted into a filter.
S09,IA,192301,A,LEVEL2,SUBPANEL,NO,0,0,2379,0,Descriptive inventory only under the frozen B9 task; not used to exclude material.,B9_TASK_EXPLICITLY_DESCRIPTIVE_OR_NOT_ENUMERATED_AS_HARD_FILTER,YES,NO,Variation is recorded for mainline review and is not silently promoted into a filter.
S09,IA,192301,A,LEVEL2,regional_manual,NO,NCRS=9|NERS=MISSING|RMRS=MISSING,NCRS=7|NERS=MISSING|RMRS=MISSING;NCRS=8|NERS=MISSING|RMRS=MISSING;NCRS=9.1|NERS=MISSING|RMRS=MISSING;NCRS=9|NERS=MISSING|RMRS=MISSING,2379,0,Descriptive inventory only under the frozen B9 task; not used to exclude material.,B9_TASK_EXPLICITLY_DESCRIPTIVE_OR_NOT_ENUMERATED_AS_HARD_FILTER,YES,YES,Variation is recorded for mainline review and is not silently promoted into a filter.
S10,MO,292301,A,LEVEL1,DESIGNCD,YES,xwalk=1|plot=1,NONE,0,0,"Exact target match prevents mixing national/special design codes, including WA 501 versus 502.",PROJECT_SPECIFIC_CANDIDATE_USING_ACCEPTED_B7_B8_LOCAL_IDENTITIES,YES,NO,B9 filter is not represented as an official FIA exact grouping rule.
S10,MO,292301,A,LEVEL1,INTENSITY,YES,1,NONE,0,0,"Exact target intensity removes non-base material when the target is base, and symmetrically matches other target intensity values.",PROJECT_SPECIFIC_CANDIDATE_USING_ACCEPTED_B7_B8_LOCAL_IDENTITIES,YES,NO,B9 filter is not represented as an official FIA exact grouping rule.
S10,MO,292301,A,LEVEL1,QA_production_class,YES,QA_STATUS=1|class=PRODUCTION,NONE,0,0,Production versus non-production class is matched; QA codes 1 and 7 are both production.,PROJECT_SPECIFIC_CANDIDATE_USING_ACCEPTED_B7_B8_LOCAL_IDENTITIES,YES,NO,B9 filter is not represented as an official FIA exact grouping rule.
S10,MO,292301,A,LEVEL1,raw_DESIGNCD,YES,1,NONE,0,0,Exact raw code is checked when both sides are recoverable so normalization cannot hide a design difference.,PROJECT_SPECIFIC_CANDIDATE_USING_ACCEPTED_B7_B8_LOCAL_IDENTITIES,YES,NO,B9 filter is not represented as an official FIA exact grouping rule.
S10,MO,292301,A,LEVEL1,repair_class,YES,R0,NONE,0,0,Exact repair identity preserves the frozen design-resolution path.,PROJECT_SPECIFIC_CANDIDATE_USING_ACCEPTED_B7_B8_LOCAL_IDENTITIES,YES,NO,B9 filter is not represented as an official FIA exact grouping rule.
S10,MO,292301,A,LEVEL1,special_nonfederal_augmentation_identity,YES,NO_SEPARATE_EXPLICIT_EXCEPTION_FLAG_RECOVERED,NONE,0,0,Any separately explicit local exception would require the same target identity; none was separately recovered beyond design/intensity fields.,PROJECT_SPECIFIC_CANDIDATE_USING_ACCEPTED_B7_B8_LOCAL_IDENTITIES,YES,NO,B9 filter is not represented as an official FIA exact grouping rule.
S10,MO,292301,A,LEVEL1,KINDCD,NO,2,NONE,0,0,Descriptive inventory only under the frozen B9 task; not used to exclude material.,B9_TASK_EXPLICITLY_DESCRIPTIVE_OR_NOT_ENUMERATED_AS_HARD_FILTER,YES,NO,Variation is recorded for mainline review and is not silently promoted into a filter.
S10,MO,292301,A,LEVEL1,MANUAL,NO,9,NONE,0,0,Descriptive inventory only under the frozen B9 task; not used to exclude material.,B9_TASK_EXPLICITLY_DESCRIPTIVE_OR_NOT_ENUMERATED_AS_HARD_FILTER,YES,NO,Variation is recorded for mainline review and is not silently promoted into a filter.
S10,MO,292301,A,LEVEL1,MEASYEAR,NO,2020,NONE,0,0,Descriptive inventory only under the frozen B9 task; not used to exclude material.,B9_TASK_EXPLICITLY_DESCRIPTIVE_OR_NOT_ENUMERATED_AS_HARD_FILTER,YES,NO,Variation is recorded for mainline review and is not silently promoted into a filter.
S10,MO,292301,A,LEVEL1,NF_regional_flags,NO,NF_SAMPLE=MISSING|NF_PLOT=MISSING|RSCD=23,NONE,0,0,Descriptive inventory only under the frozen B9 task; not used to exclude material.,B9_TASK_EXPLICITLY_DESCRIPTIVE_OR_NOT_ENUMERATED_AS_HARD_FILTER,YES,NO,Variation is recorded for mainline review and is not silently promoted into a filter.
S10,MO,292301,A,LEVEL1,PLOT_STATUS_CD,NO,2,NONE,0,0,Descriptive inventory only under the frozen B9 task; not used to exclude material.,B9_TASK_EXPLICITLY_DESCRIPTIVE_OR_NOT_ENUMERATED_AS_HARD_FILTER,YES,NO,Variation is recorded for mainline review and is not silently promoted into a filter.
S10,MO,292301,A,LEVEL1,SAMP_METHOD_CD,NO,2,NONE,0,0,Descriptive inventory only under the frozen B9 task; not used to exclude material.,B9_TASK_EXPLICITLY_DESCRIPTIVE_OR_NOT_ENUMERATED_AS_HARD_FILTER,YES,NO,Variation is recorded for mainline review and is not silently promoted into a filter.
S10,MO,292301,A,LEVEL1,SUBPANEL,NO,0,NONE,0,0,Descriptive inventory only under the frozen B9 task; not used to exclude material.,B9_TASK_EXPLICITLY_DESCRIPTIVE_OR_NOT_ENUMERATED_AS_HARD_FILTER,YES,NO,Variation is recorded for mainline review and is not silently promoted into a filter.
S10,MO,292301,A,LEVEL1,regional_manual,NO,NCRS=9|NERS=MISSING|RMRS=MISSING,NONE,0,0,Descriptive inventory only under the frozen B9 task; not used to exclude material.,B9_TASK_EXPLICITLY_DESCRIPTIVE_OR_NOT_ENUMERATED_AS_HARD_FILTER,YES,NO,Variation is recorded for mainline review and is not silently promoted into a filter.
S10,MO,292301,A,LEVEL2,DESIGNCD,YES,xwalk=1|plot=1,xwalk=1|plot=1,2888,0,"Exact target match prevents mixing national/special design codes, including WA 501 versus 502.",PROJECT_SPECIFIC_CANDIDATE_USING_ACCEPTED_B7_B8_LOCAL_IDENTITIES,YES,NO,B9 filter is not represented as an official FIA exact grouping rule.
S10,MO,292301,A,LEVEL2,INTENSITY,YES,1,1;2,2888,111,"Exact target intensity removes non-base material when the target is base, and symmetrically matches other target intensity values.",PROJECT_SPECIFIC_CANDIDATE_USING_ACCEPTED_B7_B8_LOCAL_IDENTITIES,YES,NO,B9 filter is not represented as an official FIA exact grouping rule.
S10,MO,292301,A,LEVEL2,QA_production_class,YES,QA_STATUS=1|class=PRODUCTION,QA_STATUS=1|class=PRODUCTION;QA_STATUS=7|class=PRODUCTION,2888,0,Production versus non-production class is matched; QA codes 1 and 7 are both production.,PROJECT_SPECIFIC_CANDIDATE_USING_ACCEPTED_B7_B8_LOCAL_IDENTITIES,YES,NO,B9 filter is not represented as an official FIA exact grouping rule.
S10,MO,292301,A,LEVEL2,raw_DESIGNCD,YES,1,1,2888,0,Exact raw code is checked when both sides are recoverable so normalization cannot hide a design difference.,PROJECT_SPECIFIC_CANDIDATE_USING_ACCEPTED_B7_B8_LOCAL_IDENTITIES,YES,NO,B9 filter is not represented as an official FIA exact grouping rule.
S10,MO,292301,A,LEVEL2,repair_class,YES,R0,R0,2888,0,Exact repair identity preserves the frozen design-resolution path.,PROJECT_SPECIFIC_CANDIDATE_USING_ACCEPTED_B7_B8_LOCAL_IDENTITIES,YES,NO,B9 filter is not represented as an official FIA exact grouping rule.
S10,MO,292301,A,LEVEL2,special_nonfederal_augmentation_identity,YES,NO_SEPARATE_EXPLICIT_EXCEPTION_FLAG_RECOVERED,NO_SEPARATE_EXPLICIT_EXCEPTION_FLAG_RECOVERED,2888,0,Any separately explicit local exception would require the same target identity; none was separately recovered beyond design/intensity fields.,PROJECT_SPECIFIC_CANDIDATE_USING_ACCEPTED_B7_B8_LOCAL_IDENTITIES,YES,NO,B9 filter is not represented as an official FIA exact grouping rule.
S10,MO,292301,A,LEVEL2,KINDCD,NO,2,1;2,2888,0,Descriptive inventory only under the frozen B9 task; not used to exclude material.,B9_TASK_EXPLICITLY_DESCRIPTIVE_OR_NOT_ENUMERATED_AS_HARD_FILTER,YES,YES,Variation is recorded for mainline review and is not silently promoted into a filter.
S10,MO,292301,A,LEVEL2,MANUAL,NO,9,7;8;9,2888,0,Descriptive inventory only under the frozen B9 task; not used to exclude material.,B9_TASK_EXPLICITLY_DESCRIPTIVE_OR_NOT_ENUMERATED_AS_HARD_FILTER,YES,YES,Variation is recorded for mainline review and is not silently promoted into a filter.
S10,MO,292301,A,LEVEL2,MEASYEAR,NO,2020,2017;2018;2019;2020;2021,2888,0,Descriptive inventory only under the frozen B9 task; not used to exclude material.,B9_TASK_EXPLICITLY_DESCRIPTIVE_OR_NOT_ENUMERATED_AS_HARD_FILTER,YES,YES,Variation is recorded for mainline review and is not silently promoted into a filter.
S10,MO,292301,A,LEVEL2,NF_regional_flags,NO,NF_SAMPLE=MISSING|NF_PLOT=MISSING|RSCD=23,NF_SAMPLE=0|NF_PLOT=MISSING|RSCD=23;NF_SAMPLE=MISSING|NF_PLOT=MISSING|RSCD=23,2888,0,Descriptive inventory only under the frozen B9 task; not used to exclude material.,B9_TASK_EXPLICITLY_DESCRIPTIVE_OR_NOT_ENUMERATED_AS_HARD_FILTER,YES,YES,Variation is recorded for mainline review and is not silently promoted into a filter.
S10,MO,292301,A,LEVEL2,PLOT_STATUS_CD,NO,2,1;2,2888,0,Descriptive inventory only under the frozen B9 task; not used to exclude material.,B9_TASK_EXPLICITLY_DESCRIPTIVE_OR_NOT_ENUMERATED_AS_HARD_FILTER,YES,YES,Variation is recorded for mainline review and is not silently promoted into a filter.
S10,MO,292301,A,LEVEL2,SAMP_METHOD_CD,NO,2,1;2,2888,0,Descriptive inventory only under the frozen B9 task; not used to exclude material.,B9_TASK_EXPLICITLY_DESCRIPTIVE_OR_NOT_ENUMERATED_AS_HARD_FILTER,YES,YES,Variation is recorded for mainline review and is not silently promoted into a filter.
S10,MO,292301,A,LEVEL2,SUBPANEL,NO,0,0,2888,0,Descriptive inventory only under the frozen B9 task; not used to exclude material.,B9_TASK_EXPLICITLY_DESCRIPTIVE_OR_NOT_ENUMERATED_AS_HARD_FILTER,YES,NO,Variation is recorded for mainline review and is not silently promoted into a filter.
S10,MO,292301,A,LEVEL2,regional_manual,NO,NCRS=9|NERS=MISSING|RMRS=MISSING,NCRS=7|NERS=MISSING|RMRS=MISSING;NCRS=8|NERS=MISSING|RMRS=MISSING;NCRS=9|NERS=MISSING|RMRS=MISSING,2888,0,Descriptive inventory only under the frozen B9 task; not used to exclude material.,B9_TASK_EXPLICITLY_DESCRIPTIVE_OR_NOT_ENUMERATED_AS_HARD_FILTER,YES,YES,Variation is recorded for mainline review and is not silently promoted into a filter.
S11,MO,292301,B,LEVEL1,DESIGNCD,YES,xwalk=1|plot=1,NONE,0,0,"Exact target match prevents mixing national/special design codes, including WA 501 versus 502.",PROJECT_SPECIFIC_CANDIDATE_USING_ACCEPTED_B7_B8_LOCAL_IDENTITIES,YES,NO,B9 filter is not represented as an official FIA exact grouping rule.
S11,MO,292301,B,LEVEL1,INTENSITY,YES,1,NONE,0,0,"Exact target intensity removes non-base material when the target is base, and symmetrically matches other target intensity values.",PROJECT_SPECIFIC_CANDIDATE_USING_ACCEPTED_B7_B8_LOCAL_IDENTITIES,YES,NO,B9 filter is not represented as an official FIA exact grouping rule.
S11,MO,292301,B,LEVEL1,QA_production_class,YES,QA_STATUS=1|class=PRODUCTION,NONE,0,0,Production versus non-production class is matched; QA codes 1 and 7 are both production.,PROJECT_SPECIFIC_CANDIDATE_USING_ACCEPTED_B7_B8_LOCAL_IDENTITIES,YES,NO,B9 filter is not represented as an official FIA exact grouping rule.
S11,MO,292301,B,LEVEL1,raw_DESIGNCD,YES,1,NONE,0,0,Exact raw code is checked when both sides are recoverable so normalization cannot hide a design difference.,PROJECT_SPECIFIC_CANDIDATE_USING_ACCEPTED_B7_B8_LOCAL_IDENTITIES,YES,NO,B9 filter is not represented as an official FIA exact grouping rule.
S11,MO,292301,B,LEVEL1,repair_class,YES,R0,NONE,0,0,Exact repair identity preserves the frozen design-resolution path.,PROJECT_SPECIFIC_CANDIDATE_USING_ACCEPTED_B7_B8_LOCAL_IDENTITIES,YES,NO,B9 filter is not represented as an official FIA exact grouping rule.
S11,MO,292301,B,LEVEL1,special_nonfederal_augmentation_identity,YES,NO_SEPARATE_EXPLICIT_EXCEPTION_FLAG_RECOVERED,NONE,0,0,Any separately explicit local exception would require the same target identity; none was separately recovered beyond design/intensity fields.,PROJECT_SPECIFIC_CANDIDATE_USING_ACCEPTED_B7_B8_LOCAL_IDENTITIES,YES,NO,B9 filter is not represented as an official FIA exact grouping rule.
S11,MO,292301,B,LEVEL1,KINDCD,NO,2,NONE,0,0,Descriptive inventory only under the frozen B9 task; not used to exclude material.,B9_TASK_EXPLICITLY_DESCRIPTIVE_OR_NOT_ENUMERATED_AS_HARD_FILTER,YES,NO,Variation is recorded for mainline review and is not silently promoted into a filter.
S11,MO,292301,B,LEVEL1,MANUAL,NO,9.2,NONE,0,0,Descriptive inventory only under the frozen B9 task; not used to exclude material.,B9_TASK_EXPLICITLY_DESCRIPTIVE_OR_NOT_ENUMERATED_AS_HARD_FILTER,YES,NO,Variation is recorded for mainline review and is not silently promoted into a filter.
S11,MO,292301,B,LEVEL1,MEASYEAR,NO,2023,NONE,0,0,Descriptive inventory only under the frozen B9 task; not used to exclude material.,B9_TASK_EXPLICITLY_DESCRIPTIVE_OR_NOT_ENUMERATED_AS_HARD_FILTER,YES,NO,Variation is recorded for mainline review and is not silently promoted into a filter.
S11,MO,292301,B,LEVEL1,NF_regional_flags,NO,NF_SAMPLE=MISSING|NF_PLOT=MISSING|RSCD=23,NONE,0,0,Descriptive inventory only under the frozen B9 task; not used to exclude material.,B9_TASK_EXPLICITLY_DESCRIPTIVE_OR_NOT_ENUMERATED_AS_HARD_FILTER,YES,NO,Variation is recorded for mainline review and is not silently promoted into a filter.
S11,MO,292301,B,LEVEL1,PLOT_STATUS_CD,NO,2,NONE,0,0,Descriptive inventory only under the frozen B9 task; not used to exclude material.,B9_TASK_EXPLICITLY_DESCRIPTIVE_OR_NOT_ENUMERATED_AS_HARD_FILTER,YES,NO,Variation is recorded for mainline review and is not silently promoted into a filter.
S11,MO,292301,B,LEVEL1,SAMP_METHOD_CD,NO,2,NONE,0,0,Descriptive inventory only under the frozen B9 task; not used to exclude material.,B9_TASK_EXPLICITLY_DESCRIPTIVE_OR_NOT_ENUMERATED_AS_HARD_FILTER,YES,NO,Variation is recorded for mainline review and is not silently promoted into a filter.
S11,MO,292301,B,LEVEL1,SUBPANEL,NO,0,NONE,0,0,Descriptive inventory only under the frozen B9 task; not used to exclude material.,B9_TASK_EXPLICITLY_DESCRIPTIVE_OR_NOT_ENUMERATED_AS_HARD_FILTER,YES,NO,Variation is recorded for mainline review and is not silently promoted into a filter.
S11,MO,292301,B,LEVEL1,regional_manual,NO,NCRS=9.2|NERS=MISSING|RMRS=MISSING,NONE,0,0,Descriptive inventory only under the frozen B9 task; not used to exclude material.,B9_TASK_EXPLICITLY_DESCRIPTIVE_OR_NOT_ENUMERATED_AS_HARD_FILTER,YES,NO,Variation is recorded for mainline review and is not silently promoted into a filter.
S11,MO,292301,B,LEVEL2,DESIGNCD,YES,xwalk=1|plot=1,xwalk=1|plot=1,4393,0,"Exact target match prevents mixing national/special design codes, including WA 501 versus 502.",PROJECT_SPECIFIC_CANDIDATE_USING_ACCEPTED_B7_B8_LOCAL_IDENTITIES,YES,NO,B9 filter is not represented as an official FIA exact grouping rule.
S11,MO,292301,B,LEVEL2,INTENSITY,YES,1,1;2,4393,199,"Exact target intensity removes non-base material when the target is base, and symmetrically matches other target intensity values.",PROJECT_SPECIFIC_CANDIDATE_USING_ACCEPTED_B7_B8_LOCAL_IDENTITIES,YES,NO,B9 filter is not represented as an official FIA exact grouping rule.
S11,MO,292301,B,LEVEL2,QA_production_class,YES,QA_STATUS=1|class=PRODUCTION,QA_STATUS=1|class=PRODUCTION,4393,0,Production versus non-production class is matched; QA codes 1 and 7 are both production.,PROJECT_SPECIFIC_CANDIDATE_USING_ACCEPTED_B7_B8_LOCAL_IDENTITIES,YES,NO,B9 filter is not represented as an official FIA exact grouping rule.
S11,MO,292301,B,LEVEL2,raw_DESIGNCD,YES,1,1,4393,0,Exact raw code is checked when both sides are recoverable so normalization cannot hide a design difference.,PROJECT_SPECIFIC_CANDIDATE_USING_ACCEPTED_B7_B8_LOCAL_IDENTITIES,YES,NO,B9 filter is not represented as an official FIA exact grouping rule.
S11,MO,292301,B,LEVEL2,repair_class,YES,R0,R0,4393,0,Exact repair identity preserves the frozen design-resolution path.,PROJECT_SPECIFIC_CANDIDATE_USING_ACCEPTED_B7_B8_LOCAL_IDENTITIES,YES,NO,B9 filter is not represented as an official FIA exact grouping rule.
S11,MO,292301,B,LEVEL2,special_nonfederal_augmentation_identity,YES,NO_SEPARATE_EXPLICIT_EXCEPTION_FLAG_RECOVERED,NO_SEPARATE_EXPLICIT_EXCEPTION_FLAG_RECOVERED,4393,0,Any separately explicit local exception would require the same target identity; none was separately recovered beyond design/intensity fields.,PROJECT_SPECIFIC_CANDIDATE_USING_ACCEPTED_B7_B8_LOCAL_IDENTITIES,YES,NO,B9 filter is not represented as an official FIA exact grouping rule.
S11,MO,292301,B,LEVEL2,KINDCD,NO,2,1;2,4393,0,Descriptive inventory only under the frozen B9 task; not used to exclude material.,B9_TASK_EXPLICITLY_DESCRIPTIVE_OR_NOT_ENUMERATED_AS_HARD_FILTER,YES,YES,Variation is recorded for mainline review and is not silently promoted into a filter.
S11,MO,292301,B,LEVEL2,MANUAL,NO,9.2,7;9;9.1;9.2,4393,0,Descriptive inventory only under the frozen B9 task; not used to exclude material.,B9_TASK_EXPLICITLY_DESCRIPTIVE_OR_NOT_ENUMERATED_AS_HARD_FILTER,YES,YES,Variation is recorded for mainline review and is not silently promoted into a filter.
S11,MO,292301,B,LEVEL2,MEASYEAR,NO,2023,2016;2017;2018;2020;2021;2022;2023,4393,0,Descriptive inventory only under the frozen B9 task; not used to exclude material.,B9_TASK_EXPLICITLY_DESCRIPTIVE_OR_NOT_ENUMERATED_AS_HARD_FILTER,YES,YES,Variation is recorded for mainline review and is not silently promoted into a filter.
S11,MO,292301,B,LEVEL2,NF_regional_flags,NO,NF_SAMPLE=MISSING|NF_PLOT=MISSING|RSCD=23,NF_SAMPLE=0|NF_PLOT=MISSING|RSCD=23;NF_SAMPLE=MISSING|NF_PLOT=MISSING|RSCD=23,4393,0,Descriptive inventory only under the frozen B9 task; not used to exclude material.,B9_TASK_EXPLICITLY_DESCRIPTIVE_OR_NOT_ENUMERATED_AS_HARD_FILTER,YES,YES,Variation is recorded for mainline review and is not silently promoted into a filter.
S11,MO,292301,B,LEVEL2,PLOT_STATUS_CD,NO,2,1;2,4393,0,Descriptive inventory only under the frozen B9 task; not used to exclude material.,B9_TASK_EXPLICITLY_DESCRIPTIVE_OR_NOT_ENUMERATED_AS_HARD_FILTER,YES,YES,Variation is recorded for mainline review and is not silently promoted into a filter.
S11,MO,292301,B,LEVEL2,SAMP_METHOD_CD,NO,2,1;2,4393,0,Descriptive inventory only under the frozen B9 task; not used to exclude material.,B9_TASK_EXPLICITLY_DESCRIPTIVE_OR_NOT_ENUMERATED_AS_HARD_FILTER,YES,YES,Variation is recorded for mainline review and is not silently promoted into a filter.
S11,MO,292301,B,LEVEL2,SUBPANEL,NO,0,0,4393,0,Descriptive inventory only under the frozen B9 task; not used to exclude material.,B9_TASK_EXPLICITLY_DESCRIPTIVE_OR_NOT_ENUMERATED_AS_HARD_FILTER,YES,NO,Variation is recorded for mainline review and is not silently promoted into a filter.
S11,MO,292301,B,LEVEL2,regional_manual,NO,NCRS=9.2|NERS=MISSING|RMRS=MISSING,NCRS=7|NERS=MISSING|RMRS=MISSING;NCRS=9.01|NERS=MISSING|RMRS=MISSING;NCRS=9.1|NERS=MISSING|RMRS=MISSING;NCRS=9.2|NERS=MISSING|RMRS=MISSING,4393,0,Descriptive inventory only under the frozen B9 task; not used to exclude material.,B9_TASK_EXPLICITLY_DESCRIPTIVE_OR_NOT_ENUMERATED_AS_HARD_FILTER,YES,YES,Variation is recorded for mainline review and is not silently promoted into a filter.
S12,MT,302201,A,LEVEL1,DESIGNCD,YES,xwalk=1|plot=1,xwalk=1|plot=1,71,0,"Exact target match prevents mixing national/special design codes, including WA 501 versus 502.",PROJECT_SPECIFIC_CANDIDATE_USING_ACCEPTED_B7_B8_LOCAL_IDENTITIES,YES,NO,B9 filter is not represented as an official FIA exact grouping rule.
S12,MT,302201,A,LEVEL1,INTENSITY,YES,1,1,71,0,"Exact target intensity removes non-base material when the target is base, and symmetrically matches other target intensity values.",PROJECT_SPECIFIC_CANDIDATE_USING_ACCEPTED_B7_B8_LOCAL_IDENTITIES,YES,NO,B9 filter is not represented as an official FIA exact grouping rule.
S12,MT,302201,A,LEVEL1,QA_production_class,YES,QA_STATUS=1|class=PRODUCTION,QA_STATUS=1|class=PRODUCTION,71,0,Production versus non-production class is matched; QA codes 1 and 7 are both production.,PROJECT_SPECIFIC_CANDIDATE_USING_ACCEPTED_B7_B8_LOCAL_IDENTITIES,YES,NO,B9 filter is not represented as an official FIA exact grouping rule.
S12,MT,302201,A,LEVEL1,raw_DESIGNCD,YES,1,1,71,0,Exact raw code is checked when both sides are recoverable so normalization cannot hide a design difference.,PROJECT_SPECIFIC_CANDIDATE_USING_ACCEPTED_B7_B8_LOCAL_IDENTITIES,YES,NO,B9 filter is not represented as an official FIA exact grouping rule.
S12,MT,302201,A,LEVEL1,repair_class,YES,R0,R0,71,0,Exact repair identity preserves the frozen design-resolution path.,PROJECT_SPECIFIC_CANDIDATE_USING_ACCEPTED_B7_B8_LOCAL_IDENTITIES,YES,NO,B9 filter is not represented as an official FIA exact grouping rule.
S12,MT,302201,A,LEVEL1,special_nonfederal_augmentation_identity,YES,NO_SEPARATE_EXPLICIT_EXCEPTION_FLAG_RECOVERED,NO_SEPARATE_EXPLICIT_EXCEPTION_FLAG_RECOVERED,71,0,Any separately explicit local exception would require the same target identity; none was separately recovered beyond design/intensity fields.,PROJECT_SPECIFIC_CANDIDATE_USING_ACCEPTED_B7_B8_LOCAL_IDENTITIES,YES,NO,B9 filter is not represented as an official FIA exact grouping rule.
S12,MT,302201,A,LEVEL1,KINDCD,NO,2,2,71,0,Descriptive inventory only under the frozen B9 task; not used to exclude material.,B9_TASK_EXPLICITLY_DESCRIPTIVE_OR_NOT_ENUMERATED_AS_HARD_FILTER,YES,NO,Variation is recorded for mainline review and is not silently promoted into a filter.
S12,MT,302201,A,LEVEL1,MANUAL,NO,9,6;7;8;9;9.1;9.3,71,0,Descriptive inventory only under the frozen B9 task; not used to exclude material.,B9_TASK_EXPLICITLY_DESCRIPTIVE_OR_NOT_ENUMERATED_AS_HARD_FILTER,YES,YES,Variation is recorded for mainline review and is not silently promoted into a filter.
S12,MT,302201,A,LEVEL1,MEASYEAR,NO,2020,2015;2016;2017;2019;2020;2022;2024,71,0,Descriptive inventory only under the frozen B9 task; not used to exclude material.,B9_TASK_EXPLICITLY_DESCRIPTIVE_OR_NOT_ENUMERATED_AS_HARD_FILTER,YES,YES,Variation is recorded for mainline review and is not silently promoted into a filter.
S12,MT,302201,A,LEVEL1,NF_regional_flags,NO,NF_SAMPLE=1|NF_PLOT=MISSING|RSCD=22,NF_SAMPLE=0|NF_PLOT=MISSING|RSCD=22;NF_SAMPLE=1|NF_PLOT=MISSING|RSCD=22,71,0,Descriptive inventory only under the frozen B9 task; not used to exclude material.,B9_TASK_EXPLICITLY_DESCRIPTIVE_OR_NOT_ENUMERATED_AS_HARD_FILTER,YES,YES,Variation is recorded for mainline review and is not silently promoted into a filter.
S12,MT,302201,A,LEVEL1,PLOT_STATUS_CD,NO,1,1;2,71,0,Descriptive inventory only under the frozen B9 task; not used to exclude material.,B9_TASK_EXPLICITLY_DESCRIPTIVE_OR_NOT_ENUMERATED_AS_HARD_FILTER,YES,YES,Variation is recorded for mainline review and is not silently promoted into a filter.
S12,MT,302201,A,LEVEL1,SAMP_METHOD_CD,NO,1,1;2,71,0,Descriptive inventory only under the frozen B9 task; not used to exclude material.,B9_TASK_EXPLICITLY_DESCRIPTIVE_OR_NOT_ENUMERATED_AS_HARD_FILTER,YES,YES,Variation is recorded for mainline review and is not silently promoted into a filter.
S12,MT,302201,A,LEVEL1,SUBPANEL,NO,1,1;2,71,0,Descriptive inventory only under the frozen B9 task; not used to exclude material.,B9_TASK_EXPLICITLY_DESCRIPTIVE_OR_NOT_ENUMERATED_AS_HARD_FILTER,YES,YES,Variation is recorded for mainline review and is not silently promoted into a filter.
S12,MT,302201,A,LEVEL1,regional_manual,NO,NCRS=MISSING|NERS=MISSING|RMRS=9,NCRS=MISSING|NERS=MISSING|RMRS=6;NCRS=MISSING|NERS=MISSING|RMRS=7;NCRS=MISSING|NERS=MISSING|RMRS=8;NCRS=MISSING|NERS=MISSING|RMRS=9;NCRS=MISSING|NERS=MISSING|RMRS=9.1;NCRS=MISSING|NERS=MISSING|RMRS=9.3,71,0,Descriptive inventory only under the frozen B9 task; not used to exclude material.,B9_TASK_EXPLICITLY_DESCRIPTIVE_OR_NOT_ENUMERATED_AS_HARD_FILTER,YES,YES,Variation is recorded for mainline review and is not silently promoted into a filter.
S13,NY,362301,A,LEVEL1,DESIGNCD,YES,xwalk=1|plot=1,NONE,0,0,"Exact target match prevents mixing national/special design codes, including WA 501 versus 502.",PROJECT_SPECIFIC_CANDIDATE_USING_ACCEPTED_B7_B8_LOCAL_IDENTITIES,YES,NO,B9 filter is not represented as an official FIA exact grouping rule.
S13,NY,362301,A,LEVEL1,INTENSITY,YES,1,NONE,0,0,"Exact target intensity removes non-base material when the target is base, and symmetrically matches other target intensity values.",PROJECT_SPECIFIC_CANDIDATE_USING_ACCEPTED_B7_B8_LOCAL_IDENTITIES,YES,NO,B9 filter is not represented as an official FIA exact grouping rule.
S13,NY,362301,A,LEVEL1,QA_production_class,YES,QA_STATUS=1|class=PRODUCTION,NONE,0,0,Production versus non-production class is matched; QA codes 1 and 7 are both production.,PROJECT_SPECIFIC_CANDIDATE_USING_ACCEPTED_B7_B8_LOCAL_IDENTITIES,YES,NO,B9 filter is not represented as an official FIA exact grouping rule.
S13,NY,362301,A,LEVEL1,raw_DESIGNCD,YES,1,NONE,0,0,Exact raw code is checked when both sides are recoverable so normalization cannot hide a design difference.,PROJECT_SPECIFIC_CANDIDATE_USING_ACCEPTED_B7_B8_LOCAL_IDENTITIES,YES,NO,B9 filter is not represented as an official FIA exact grouping rule.
S13,NY,362301,A,LEVEL1,repair_class,YES,R0,NONE,0,0,Exact repair identity preserves the frozen design-resolution path.,PROJECT_SPECIFIC_CANDIDATE_USING_ACCEPTED_B7_B8_LOCAL_IDENTITIES,YES,NO,B9 filter is not represented as an official FIA exact grouping rule.
S13,NY,362301,A,LEVEL1,special_nonfederal_augmentation_identity,YES,NO_SEPARATE_EXPLICIT_EXCEPTION_FLAG_RECOVERED,NONE,0,0,Any separately explicit local exception would require the same target identity; none was separately recovered beyond design/intensity fields.,PROJECT_SPECIFIC_CANDIDATE_USING_ACCEPTED_B7_B8_LOCAL_IDENTITIES,YES,NO,B9 filter is not represented as an official FIA exact grouping rule.
S13,NY,362301,A,LEVEL1,KINDCD,NO,2,NONE,0,0,Descriptive inventory only under the frozen B9 task; not used to exclude material.,B9_TASK_EXPLICITLY_DESCRIPTIVE_OR_NOT_ENUMERATED_AS_HARD_FILTER,YES,NO,Variation is recorded for mainline review and is not silently promoted into a filter.
S13,NY,362301,A,LEVEL1,MANUAL,NO,9.2,NONE,0,0,Descriptive inventory only under the frozen B9 task; not used to exclude material.,B9_TASK_EXPLICITLY_DESCRIPTIVE_OR_NOT_ENUMERATED_AS_HARD_FILTER,YES,NO,Variation is recorded for mainline review and is not silently promoted into a filter.
S13,NY,362301,A,LEVEL1,MEASYEAR,NO,2023,NONE,0,0,Descriptive inventory only under the frozen B9 task; not used to exclude material.,B9_TASK_EXPLICITLY_DESCRIPTIVE_OR_NOT_ENUMERATED_AS_HARD_FILTER,YES,NO,Variation is recorded for mainline review and is not silently promoted into a filter.
S13,NY,362301,A,LEVEL1,NF_regional_flags,NO,NF_SAMPLE=MISSING|NF_PLOT=MISSING|RSCD=24,NONE,0,0,Descriptive inventory only under the frozen B9 task; not used to exclude material.,B9_TASK_EXPLICITLY_DESCRIPTIVE_OR_NOT_ENUMERATED_AS_HARD_FILTER,YES,NO,Variation is recorded for mainline review and is not silently promoted into a filter.
S13,NY,362301,A,LEVEL1,PLOT_STATUS_CD,NO,2,NONE,0,0,Descriptive inventory only under the frozen B9 task; not used to exclude material.,B9_TASK_EXPLICITLY_DESCRIPTIVE_OR_NOT_ENUMERATED_AS_HARD_FILTER,YES,NO,Variation is recorded for mainline review and is not silently promoted into a filter.
S13,NY,362301,A,LEVEL1,SAMP_METHOD_CD,NO,2,NONE,0,0,Descriptive inventory only under the frozen B9 task; not used to exclude material.,B9_TASK_EXPLICITLY_DESCRIPTIVE_OR_NOT_ENUMERATED_AS_HARD_FILTER,YES,NO,Variation is recorded for mainline review and is not silently promoted into a filter.
S13,NY,362301,A,LEVEL1,SUBPANEL,NO,0,NONE,0,0,Descriptive inventory only under the frozen B9 task; not used to exclude material.,B9_TASK_EXPLICITLY_DESCRIPTIVE_OR_NOT_ENUMERATED_AS_HARD_FILTER,YES,NO,Variation is recorded for mainline review and is not silently promoted into a filter.
S13,NY,362301,A,LEVEL1,regional_manual,NO,NCRS=MISSING|NERS=9.2|RMRS=MISSING,NONE,0,0,Descriptive inventory only under the frozen B9 task; not used to exclude material.,B9_TASK_EXPLICITLY_DESCRIPTIVE_OR_NOT_ENUMERATED_AS_HARD_FILTER,YES,NO,Variation is recorded for mainline review and is not silently promoted into a filter.
S13,NY,362301,A,LEVEL2,DESIGNCD,YES,xwalk=1|plot=1,xwalk=1|plot=1,1785,0,"Exact target match prevents mixing national/special design codes, including WA 501 versus 502.",PROJECT_SPECIFIC_CANDIDATE_USING_ACCEPTED_B7_B8_LOCAL_IDENTITIES,YES,NO,B9 filter is not represented as an official FIA exact grouping rule.
S13,NY,362301,A,LEVEL2,INTENSITY,YES,1,1;2;3,1785,3,"Exact target intensity removes non-base material when the target is base, and symmetrically matches other target intensity values.",PROJECT_SPECIFIC_CANDIDATE_USING_ACCEPTED_B7_B8_LOCAL_IDENTITIES,YES,NO,B9 filter is not represented as an official FIA exact grouping rule.
S13,NY,362301,A,LEVEL2,QA_production_class,YES,QA_STATUS=1|class=PRODUCTION,QA_STATUS=1|class=PRODUCTION;QA_STATUS=7|class=PRODUCTION,1785,0,Production versus non-production class is matched; QA codes 1 and 7 are both production.,PROJECT_SPECIFIC_CANDIDATE_USING_ACCEPTED_B7_B8_LOCAL_IDENTITIES,YES,NO,B9 filter is not represented as an official FIA exact grouping rule.
S13,NY,362301,A,LEVEL2,raw_DESIGNCD,YES,1,1,1785,0,Exact raw code is checked when both sides are recoverable so normalization cannot hide a design difference.,PROJECT_SPECIFIC_CANDIDATE_USING_ACCEPTED_B7_B8_LOCAL_IDENTITIES,YES,NO,B9 filter is not represented as an official FIA exact grouping rule.
S13,NY,362301,A,LEVEL2,repair_class,YES,R0,R0,1785,0,Exact repair identity preserves the frozen design-resolution path.,PROJECT_SPECIFIC_CANDIDATE_USING_ACCEPTED_B7_B8_LOCAL_IDENTITIES,YES,NO,B9 filter is not represented as an official FIA exact grouping rule.
S13,NY,362301,A,LEVEL2,special_nonfederal_augmentation_identity,YES,NO_SEPARATE_EXPLICIT_EXCEPTION_FLAG_RECOVERED,NO_SEPARATE_EXPLICIT_EXCEPTION_FLAG_RECOVERED,1785,0,Any separately explicit local exception would require the same target identity; none was separately recovered beyond design/intensity fields.,PROJECT_SPECIFIC_CANDIDATE_USING_ACCEPTED_B7_B8_LOCAL_IDENTITIES,YES,NO,B9 filter is not represented as an official FIA exact grouping rule.
S13,NY,362301,A,LEVEL2,KINDCD,NO,2,1;2,1785,0,Descriptive inventory only under the frozen B9 task; not used to exclude material.,B9_TASK_EXPLICITLY_DESCRIPTIVE_OR_NOT_ENUMERATED_AS_HARD_FILTER,YES,YES,Variation is recorded for mainline review and is not silently promoted into a filter.
S13,NY,362301,A,LEVEL2,MANUAL,NO,9.2,7;8;9;9.1;9.2,1785,0,Descriptive inventory only under the frozen B9 task; not used to exclude material.,B9_TASK_EXPLICITLY_DESCRIPTIVE_OR_NOT_ENUMERATED_AS_HARD_FILTER,YES,YES,Variation is recorded for mainline review and is not silently promoted into a filter.
S13,NY,362301,A,LEVEL2,MEASYEAR,NO,2023,2018;2019;2020;2022;2023;2024,1785,0,Descriptive inventory only under the frozen B9 task; not used to exclude material.,B9_TASK_EXPLICITLY_DESCRIPTIVE_OR_NOT_ENUMERATED_AS_HARD_FILTER,YES,YES,Variation is recorded for mainline review and is not silently promoted into a filter.
S13,NY,362301,A,LEVEL2,NF_regional_flags,NO,NF_SAMPLE=MISSING|NF_PLOT=MISSING|RSCD=24,NF_SAMPLE=0|NF_PLOT=MISSING|RSCD=24;NF_SAMPLE=MISSING|NF_PLOT=MISSING|RSCD=24,1785,0,Descriptive inventory only under the frozen B9 task; not used to exclude material.,B9_TASK_EXPLICITLY_DESCRIPTIVE_OR_NOT_ENUMERATED_AS_HARD_FILTER,YES,YES,Variation is recorded for mainline review and is not silently promoted into a filter.
S13,NY,362301,A,LEVEL2,PLOT_STATUS_CD,NO,2,1;2,1785,0,Descriptive inventory only under the frozen B9 task; not used to exclude material.,B9_TASK_EXPLICITLY_DESCRIPTIVE_OR_NOT_ENUMERATED_AS_HARD_FILTER,YES,YES,Variation is recorded for mainline review and is not silently promoted into a filter.
S13,NY,362301,A,LEVEL2,SAMP_METHOD_CD,NO,2,1;2,1785,0,Descriptive inventory only under the frozen B9 task; not used to exclude material.,B9_TASK_EXPLICITLY_DESCRIPTIVE_OR_NOT_ENUMERATED_AS_HARD_FILTER,YES,YES,Variation is recorded for mainline review and is not silently promoted into a filter.
S13,NY,362301,A,LEVEL2,SUBPANEL,NO,0,0,1785,0,Descriptive inventory only under the frozen B9 task; not used to exclude material.,B9_TASK_EXPLICITLY_DESCRIPTIVE_OR_NOT_ENUMERATED_AS_HARD_FILTER,YES,NO,Variation is recorded for mainline review and is not silently promoted into a filter.
S13,NY,362301,A,LEVEL2,regional_manual,NO,NCRS=MISSING|NERS=9.2|RMRS=MISSING,NCRS=MISSING|NERS=7|RMRS=MISSING;NCRS=MISSING|NERS=8|RMRS=MISSING;NCRS=MISSING|NERS=9.1|RMRS=MISSING;NCRS=MISSING|NERS=9.2|RMRS=MISSING,1785,0,Descriptive inventory only under the frozen B9 task; not used to exclude material.,B9_TASK_EXPLICITLY_DESCRIPTIVE_OR_NOT_ENUMERATED_AS_HARD_FILTER,YES,YES,Variation is recorded for mainline review and is not silently promoted into a filter.
S14,NY,362301,A,LEVEL1,DESIGNCD,YES,xwalk=1|plot=1,NONE,0,0,"Exact target match prevents mixing national/special design codes, including WA 501 versus 502.",PROJECT_SPECIFIC_CANDIDATE_USING_ACCEPTED_B7_B8_LOCAL_IDENTITIES,YES,NO,B9 filter is not represented as an official FIA exact grouping rule.
S14,NY,362301,A,LEVEL1,INTENSITY,YES,1,NONE,0,0,"Exact target intensity removes non-base material when the target is base, and symmetrically matches other target intensity values.",PROJECT_SPECIFIC_CANDIDATE_USING_ACCEPTED_B7_B8_LOCAL_IDENTITIES,YES,NO,B9 filter is not represented as an official FIA exact grouping rule.
S14,NY,362301,A,LEVEL1,QA_production_class,YES,QA_STATUS=1|class=PRODUCTION,NONE,0,0,Production versus non-production class is matched; QA codes 1 and 7 are both production.,PROJECT_SPECIFIC_CANDIDATE_USING_ACCEPTED_B7_B8_LOCAL_IDENTITIES,YES,NO,B9 filter is not represented as an official FIA exact grouping rule.
S14,NY,362301,A,LEVEL1,raw_DESIGNCD,YES,1,NONE,0,0,Exact raw code is checked when both sides are recoverable so normalization cannot hide a design difference.,PROJECT_SPECIFIC_CANDIDATE_USING_ACCEPTED_B7_B8_LOCAL_IDENTITIES,YES,NO,B9 filter is not represented as an official FIA exact grouping rule.
S14,NY,362301,A,LEVEL1,repair_class,YES,R0,NONE,0,0,Exact repair identity preserves the frozen design-resolution path.,PROJECT_SPECIFIC_CANDIDATE_USING_ACCEPTED_B7_B8_LOCAL_IDENTITIES,YES,NO,B9 filter is not represented as an official FIA exact grouping rule.
S14,NY,362301,A,LEVEL1,special_nonfederal_augmentation_identity,YES,NO_SEPARATE_EXPLICIT_EXCEPTION_FLAG_RECOVERED,NONE,0,0,Any separately explicit local exception would require the same target identity; none was separately recovered beyond design/intensity fields.,PROJECT_SPECIFIC_CANDIDATE_USING_ACCEPTED_B7_B8_LOCAL_IDENTITIES,YES,NO,B9 filter is not represented as an official FIA exact grouping rule.
S14,NY,362301,A,LEVEL1,KINDCD,NO,2,NONE,0,0,Descriptive inventory only under the frozen B9 task; not used to exclude material.,B9_TASK_EXPLICITLY_DESCRIPTIVE_OR_NOT_ENUMERATED_AS_HARD_FILTER,YES,NO,Variation is recorded for mainline review and is not silently promoted into a filter.
S14,NY,362301,A,LEVEL1,MANUAL,NO,7,NONE,0,0,Descriptive inventory only under the frozen B9 task; not used to exclude material.,B9_TASK_EXPLICITLY_DESCRIPTIVE_OR_NOT_ENUMERATED_AS_HARD_FILTER,YES,NO,Variation is recorded for mainline review and is not silently promoted into a filter.
S14,NY,362301,A,LEVEL1,MEASYEAR,NO,2018,NONE,0,0,Descriptive inventory only under the frozen B9 task; not used to exclude material.,B9_TASK_EXPLICITLY_DESCRIPTIVE_OR_NOT_ENUMERATED_AS_HARD_FILTER,YES,NO,Variation is recorded for mainline review and is not silently promoted into a filter.
S14,NY,362301,A,LEVEL1,NF_regional_flags,NO,NF_SAMPLE=MISSING|NF_PLOT=MISSING|RSCD=24,NONE,0,0,Descriptive inventory only under the frozen B9 task; not used to exclude material.,B9_TASK_EXPLICITLY_DESCRIPTIVE_OR_NOT_ENUMERATED_AS_HARD_FILTER,YES,NO,Variation is recorded for mainline review and is not silently promoted into a filter.
S14,NY,362301,A,LEVEL1,PLOT_STATUS_CD,NO,2,NONE,0,0,Descriptive inventory only under the frozen B9 task; not used to exclude material.,B9_TASK_EXPLICITLY_DESCRIPTIVE_OR_NOT_ENUMERATED_AS_HARD_FILTER,YES,NO,Variation is recorded for mainline review and is not silently promoted into a filter.
S14,NY,362301,A,LEVEL1,SAMP_METHOD_CD,NO,2,NONE,0,0,Descriptive inventory only under the frozen B9 task; not used to exclude material.,B9_TASK_EXPLICITLY_DESCRIPTIVE_OR_NOT_ENUMERATED_AS_HARD_FILTER,YES,NO,Variation is recorded for mainline review and is not silently promoted into a filter.
S14,NY,362301,A,LEVEL1,SUBPANEL,NO,0,NONE,0,0,Descriptive inventory only under the frozen B9 task; not used to exclude material.,B9_TASK_EXPLICITLY_DESCRIPTIVE_OR_NOT_ENUMERATED_AS_HARD_FILTER,YES,NO,Variation is recorded for mainline review and is not silently promoted into a filter.
S14,NY,362301,A,LEVEL1,regional_manual,NO,NCRS=MISSING|NERS=7|RMRS=MISSING,NONE,0,0,Descriptive inventory only under the frozen B9 task; not used to exclude material.,B9_TASK_EXPLICITLY_DESCRIPTIVE_OR_NOT_ENUMERATED_AS_HARD_FILTER,YES,NO,Variation is recorded for mainline review and is not silently promoted into a filter.
S14,NY,362301,A,LEVEL2,DESIGNCD,YES,xwalk=1|plot=1,xwalk=1|plot=1,1785,0,"Exact target match prevents mixing national/special design codes, including WA 501 versus 502.",PROJECT_SPECIFIC_CANDIDATE_USING_ACCEPTED_B7_B8_LOCAL_IDENTITIES,YES,NO,B9 filter is not represented as an official FIA exact grouping rule.
S14,NY,362301,A,LEVEL2,INTENSITY,YES,1,1;2;3,1785,3,"Exact target intensity removes non-base material when the target is base, and symmetrically matches other target intensity values.",PROJECT_SPECIFIC_CANDIDATE_USING_ACCEPTED_B7_B8_LOCAL_IDENTITIES,YES,NO,B9 filter is not represented as an official FIA exact grouping rule.
S14,NY,362301,A,LEVEL2,QA_production_class,YES,QA_STATUS=1|class=PRODUCTION,QA_STATUS=1|class=PRODUCTION;QA_STATUS=7|class=PRODUCTION,1785,0,Production versus non-production class is matched; QA codes 1 and 7 are both production.,PROJECT_SPECIFIC_CANDIDATE_USING_ACCEPTED_B7_B8_LOCAL_IDENTITIES,YES,NO,B9 filter is not represented as an official FIA exact grouping rule.
S14,NY,362301,A,LEVEL2,raw_DESIGNCD,YES,1,1,1785,0,Exact raw code is checked when both sides are recoverable so normalization cannot hide a design difference.,PROJECT_SPECIFIC_CANDIDATE_USING_ACCEPTED_B7_B8_LOCAL_IDENTITIES,YES,NO,B9 filter is not represented as an official FIA exact grouping rule.
S14,NY,362301,A,LEVEL2,repair_class,YES,R0,R0,1785,0,Exact repair identity preserves the frozen design-resolution path.,PROJECT_SPECIFIC_CANDIDATE_USING_ACCEPTED_B7_B8_LOCAL_IDENTITIES,YES,NO,B9 filter is not represented as an official FIA exact grouping rule.
S14,NY,362301,A,LEVEL2,special_nonfederal_augmentation_identity,YES,NO_SEPARATE_EXPLICIT_EXCEPTION_FLAG_RECOVERED,NO_SEPARATE_EXPLICIT_EXCEPTION_FLAG_RECOVERED,1785,0,Any separately explicit local exception would require the same target identity; none was separately recovered beyond design/intensity fields.,PROJECT_SPECIFIC_CANDIDATE_USING_ACCEPTED_B7_B8_LOCAL_IDENTITIES,YES,NO,B9 filter is not represented as an official FIA exact grouping rule.
S14,NY,362301,A,LEVEL2,KINDCD,NO,2,1;2,1785,0,Descriptive inventory only under the frozen B9 task; not used to exclude material.,B9_TASK_EXPLICITLY_DESCRIPTIVE_OR_NOT_ENUMERATED_AS_HARD_FILTER,YES,YES,Variation is recorded for mainline review and is not silently promoted into a filter.
S14,NY,362301,A,LEVEL2,MANUAL,NO,7,7;8;9;9.1;9.2,1785,0,Descriptive inventory only under the frozen B9 task; not used to exclude material.,B9_TASK_EXPLICITLY_DESCRIPTIVE_OR_NOT_ENUMERATED_AS_HARD_FILTER,YES,YES,Variation is recorded for mainline review and is not silently promoted into a filter.
S14,NY,362301,A,LEVEL2,MEASYEAR,NO,2018,2018;2019;2020;2022;2023;2024,1785,0,Descriptive inventory only under the frozen B9 task; not used to exclude material.,B9_TASK_EXPLICITLY_DESCRIPTIVE_OR_NOT_ENUMERATED_AS_HARD_FILTER,YES,YES,Variation is recorded for mainline review and is not silently promoted into a filter.
S14,NY,362301,A,LEVEL2,NF_regional_flags,NO,NF_SAMPLE=MISSING|NF_PLOT=MISSING|RSCD=24,NF_SAMPLE=0|NF_PLOT=MISSING|RSCD=24;NF_SAMPLE=MISSING|NF_PLOT=MISSING|RSCD=24,1785,0,Descriptive inventory only under the frozen B9 task; not used to exclude material.,B9_TASK_EXPLICITLY_DESCRIPTIVE_OR_NOT_ENUMERATED_AS_HARD_FILTER,YES,YES,Variation is recorded for mainline review and is not silently promoted into a filter.
S14,NY,362301,A,LEVEL2,PLOT_STATUS_CD,NO,2,1;2,1785,0,Descriptive inventory only under the frozen B9 task; not used to exclude material.,B9_TASK_EXPLICITLY_DESCRIPTIVE_OR_NOT_ENUMERATED_AS_HARD_FILTER,YES,YES,Variation is recorded for mainline review and is not silently promoted into a filter.
S14,NY,362301,A,LEVEL2,SAMP_METHOD_CD,NO,2,1;2,1785,0,Descriptive inventory only under the frozen B9 task; not used to exclude material.,B9_TASK_EXPLICITLY_DESCRIPTIVE_OR_NOT_ENUMERATED_AS_HARD_FILTER,YES,YES,Variation is recorded for mainline review and is not silently promoted into a filter.
S14,NY,362301,A,LEVEL2,SUBPANEL,NO,0,0,1785,0,Descriptive inventory only under the frozen B9 task; not used to exclude material.,B9_TASK_EXPLICITLY_DESCRIPTIVE_OR_NOT_ENUMERATED_AS_HARD_FILTER,YES,NO,Variation is recorded for mainline review and is not silently promoted into a filter.
S14,NY,362301,A,LEVEL2,regional_manual,NO,NCRS=MISSING|NERS=7|RMRS=MISSING,NCRS=MISSING|NERS=7|RMRS=MISSING;NCRS=MISSING|NERS=8|RMRS=MISSING;NCRS=MISSING|NERS=9.1|RMRS=MISSING;NCRS=MISSING|NERS=9.2|RMRS=MISSING,1785,0,Descriptive inventory only under the frozen B9 task; not used to exclude material.,B9_TASK_EXPLICITLY_DESCRIPTIVE_OR_NOT_ENUMERATED_AS_HARD_FILTER,YES,YES,Variation is recorded for mainline review and is not silently promoted into a filter.
S15,NY,362301,B,LEVEL1,DESIGNCD,YES,xwalk=1|plot=1,NONE,0,0,"Exact target match prevents mixing national/special design codes, including WA 501 versus 502.",PROJECT_SPECIFIC_CANDIDATE_USING_ACCEPTED_B7_B8_LOCAL_IDENTITIES,YES,NO,B9 filter is not represented as an official FIA exact grouping rule.
S15,NY,362301,B,LEVEL1,INTENSITY,YES,1,NONE,0,0,"Exact target intensity removes non-base material when the target is base, and symmetrically matches other target intensity values.",PROJECT_SPECIFIC_CANDIDATE_USING_ACCEPTED_B7_B8_LOCAL_IDENTITIES,YES,NO,B9 filter is not represented as an official FIA exact grouping rule.
S15,NY,362301,B,LEVEL1,QA_production_class,YES,QA_STATUS=1|class=PRODUCTION,NONE,0,0,Production versus non-production class is matched; QA codes 1 and 7 are both production.,PROJECT_SPECIFIC_CANDIDATE_USING_ACCEPTED_B7_B8_LOCAL_IDENTITIES,YES,NO,B9 filter is not represented as an official FIA exact grouping rule.
S15,NY,362301,B,LEVEL1,raw_DESIGNCD,YES,1,NONE,0,0,Exact raw code is checked when both sides are recoverable so normalization cannot hide a design difference.,PROJECT_SPECIFIC_CANDIDATE_USING_ACCEPTED_B7_B8_LOCAL_IDENTITIES,YES,NO,B9 filter is not represented as an official FIA exact grouping rule.
S15,NY,362301,B,LEVEL1,repair_class,YES,R0,NONE,0,0,Exact repair identity preserves the frozen design-resolution path.,PROJECT_SPECIFIC_CANDIDATE_USING_ACCEPTED_B7_B8_LOCAL_IDENTITIES,YES,NO,B9 filter is not represented as an official FIA exact grouping rule.
S15,NY,362301,B,LEVEL1,special_nonfederal_augmentation_identity,YES,NO_SEPARATE_EXPLICIT_EXCEPTION_FLAG_RECOVERED,NONE,0,0,Any separately explicit local exception would require the same target identity; none was separately recovered beyond design/intensity fields.,PROJECT_SPECIFIC_CANDIDATE_USING_ACCEPTED_B7_B8_LOCAL_IDENTITIES,YES,NO,B9 filter is not represented as an official FIA exact grouping rule.
S15,NY,362301,B,LEVEL1,KINDCD,NO,2,NONE,0,0,Descriptive inventory only under the frozen B9 task; not used to exclude material.,B9_TASK_EXPLICITLY_DESCRIPTIVE_OR_NOT_ENUMERATED_AS_HARD_FILTER,YES,NO,Variation is recorded for mainline review and is not silently promoted into a filter.
S15,NY,362301,B,LEVEL1,MANUAL,NO,7,NONE,0,0,Descriptive inventory only under the frozen B9 task; not used to exclude material.,B9_TASK_EXPLICITLY_DESCRIPTIVE_OR_NOT_ENUMERATED_AS_HARD_FILTER,YES,NO,Variation is recorded for mainline review and is not silently promoted into a filter.
S15,NY,362301,B,LEVEL1,MEASYEAR,NO,2017,NONE,0,0,Descriptive inventory only under the frozen B9 task; not used to exclude material.,B9_TASK_EXPLICITLY_DESCRIPTIVE_OR_NOT_ENUMERATED_AS_HARD_FILTER,YES,NO,Variation is recorded for mainline review and is not silently promoted into a filter.
S15,NY,362301,B,LEVEL1,NF_regional_flags,NO,NF_SAMPLE=MISSING|NF_PLOT=MISSING|RSCD=24,NONE,0,0,Descriptive inventory only under the frozen B9 task; not used to exclude material.,B9_TASK_EXPLICITLY_DESCRIPTIVE_OR_NOT_ENUMERATED_AS_HARD_FILTER,YES,NO,Variation is recorded for mainline review and is not silently promoted into a filter.
S15,NY,362301,B,LEVEL1,PLOT_STATUS_CD,NO,2,NONE,0,0,Descriptive inventory only under the frozen B9 task; not used to exclude material.,B9_TASK_EXPLICITLY_DESCRIPTIVE_OR_NOT_ENUMERATED_AS_HARD_FILTER,YES,NO,Variation is recorded for mainline review and is not silently promoted into a filter.
S15,NY,362301,B,LEVEL1,SAMP_METHOD_CD,NO,2,NONE,0,0,Descriptive inventory only under the frozen B9 task; not used to exclude material.,B9_TASK_EXPLICITLY_DESCRIPTIVE_OR_NOT_ENUMERATED_AS_HARD_FILTER,YES,NO,Variation is recorded for mainline review and is not silently promoted into a filter.
S15,NY,362301,B,LEVEL1,SUBPANEL,NO,0,NONE,0,0,Descriptive inventory only under the frozen B9 task; not used to exclude material.,B9_TASK_EXPLICITLY_DESCRIPTIVE_OR_NOT_ENUMERATED_AS_HARD_FILTER,YES,NO,Variation is recorded for mainline review and is not silently promoted into a filter.
S15,NY,362301,B,LEVEL1,regional_manual,NO,NCRS=MISSING|NERS=7|RMRS=MISSING,NONE,0,0,Descriptive inventory only under the frozen B9 task; not used to exclude material.,B9_TASK_EXPLICITLY_DESCRIPTIVE_OR_NOT_ENUMERATED_AS_HARD_FILTER,YES,NO,Variation is recorded for mainline review and is not silently promoted into a filter.
S15,NY,362301,B,LEVEL2,DESIGNCD,YES,xwalk=1|plot=1,xwalk=1|plot=1,2697,0,"Exact target match prevents mixing national/special design codes, including WA 501 versus 502.",PROJECT_SPECIFIC_CANDIDATE_USING_ACCEPTED_B7_B8_LOCAL_IDENTITIES,YES,NO,B9 filter is not represented as an official FIA exact grouping rule.
S15,NY,362301,B,LEVEL2,INTENSITY,YES,1,1;2;3,2697,3,"Exact target intensity removes non-base material when the target is base, and symmetrically matches other target intensity values.",PROJECT_SPECIFIC_CANDIDATE_USING_ACCEPTED_B7_B8_LOCAL_IDENTITIES,YES,NO,B9 filter is not represented as an official FIA exact grouping rule.
S15,NY,362301,B,LEVEL2,QA_production_class,YES,QA_STATUS=1|class=PRODUCTION,QA_STATUS=1|class=PRODUCTION;QA_STATUS=7|class=PRODUCTION,2697,0,Production versus non-production class is matched; QA codes 1 and 7 are both production.,PROJECT_SPECIFIC_CANDIDATE_USING_ACCEPTED_B7_B8_LOCAL_IDENTITIES,YES,NO,B9 filter is not represented as an official FIA exact grouping rule.
S15,NY,362301,B,LEVEL2,raw_DESIGNCD,YES,1,1,2697,0,Exact raw code is checked when both sides are recoverable so normalization cannot hide a design difference.,PROJECT_SPECIFIC_CANDIDATE_USING_ACCEPTED_B7_B8_LOCAL_IDENTITIES,YES,NO,B9 filter is not represented as an official FIA exact grouping rule.
S15,NY,362301,B,LEVEL2,repair_class,YES,R0,R0,2697,0,Exact repair identity preserves the frozen design-resolution path.,PROJECT_SPECIFIC_CANDIDATE_USING_ACCEPTED_B7_B8_LOCAL_IDENTITIES,YES,NO,B9 filter is not represented as an official FIA exact grouping rule.
S15,NY,362301,B,LEVEL2,special_nonfederal_augmentation_identity,YES,NO_SEPARATE_EXPLICIT_EXCEPTION_FLAG_RECOVERED,NO_SEPARATE_EXPLICIT_EXCEPTION_FLAG_RECOVERED,2697,0,Any separately explicit local exception would require the same target identity; none was separately recovered beyond design/intensity fields.,PROJECT_SPECIFIC_CANDIDATE_USING_ACCEPTED_B7_B8_LOCAL_IDENTITIES,YES,NO,B9 filter is not represented as an official FIA exact grouping rule.
S15,NY,362301,B,LEVEL2,KINDCD,NO,2,1;2,2697,0,Descriptive inventory only under the frozen B9 task; not used to exclude material.,B9_TASK_EXPLICITLY_DESCRIPTIVE_OR_NOT_ENUMERATED_AS_HARD_FILTER,YES,YES,Variation is recorded for mainline review and is not silently promoted into a filter.
S15,NY,362301,B,LEVEL2,MANUAL,NO,7,7;8;9;9.1;9.2,2697,0,Descriptive inventory only under the frozen B9 task; not used to exclude material.,B9_TASK_EXPLICITLY_DESCRIPTIVE_OR_NOT_ENUMERATED_AS_HARD_FILTER,YES,YES,Variation is recorded for mainline review and is not silently promoted into a filter.
S15,NY,362301,B,LEVEL2,MEASYEAR,NO,2017,2017;2018;2019;2020;2021;2022;2023;2024,2697,0,Descriptive inventory only under the frozen B9 task; not used to exclude material.,B9_TASK_EXPLICITLY_DESCRIPTIVE_OR_NOT_ENUMERATED_AS_HARD_FILTER,YES,YES,Variation is recorded for mainline review and is not silently promoted into a filter.
S15,NY,362301,B,LEVEL2,NF_regional_flags,NO,NF_SAMPLE=MISSING|NF_PLOT=MISSING|RSCD=24,NF_SAMPLE=0|NF_PLOT=MISSING|RSCD=24;NF_SAMPLE=MISSING|NF_PLOT=MISSING|RSCD=24,2697,0,Descriptive inventory only under the frozen B9 task; not used to exclude material.,B9_TASK_EXPLICITLY_DESCRIPTIVE_OR_NOT_ENUMERATED_AS_HARD_FILTER,YES,YES,Variation is recorded for mainline review and is not silently promoted into a filter.
S15,NY,362301,B,LEVEL2,PLOT_STATUS_CD,NO,2,1;2,2697,0,Descriptive inventory only under the frozen B9 task; not used to exclude material.,B9_TASK_EXPLICITLY_DESCRIPTIVE_OR_NOT_ENUMERATED_AS_HARD_FILTER,YES,YES,Variation is recorded for mainline review and is not silently promoted into a filter.
S15,NY,362301,B,LEVEL2,SAMP_METHOD_CD,NO,2,1;2,2697,0,Descriptive inventory only under the frozen B9 task; not used to exclude material.,B9_TASK_EXPLICITLY_DESCRIPTIVE_OR_NOT_ENUMERATED_AS_HARD_FILTER,YES,YES,Variation is recorded for mainline review and is not silently promoted into a filter.
S15,NY,362301,B,LEVEL2,SUBPANEL,NO,0,0,2697,0,Descriptive inventory only under the frozen B9 task; not used to exclude material.,B9_TASK_EXPLICITLY_DESCRIPTIVE_OR_NOT_ENUMERATED_AS_HARD_FILTER,YES,NO,Variation is recorded for mainline review and is not silently promoted into a filter.
S15,NY,362301,B,LEVEL2,regional_manual,NO,NCRS=MISSING|NERS=7|RMRS=MISSING,NCRS=MISSING|NERS=7|RMRS=MISSING;NCRS=MISSING|NERS=8|RMRS=MISSING;NCRS=MISSING|NERS=9.1|RMRS=MISSING;NCRS=MISSING|NERS=9.2|RMRS=MISSING;NCRS=MISSING|NERS=9|RMRS=MISSING,2697,0,Descriptive inventory only under the frozen B9 task; not used to exclude material.,B9_TASK_EXPLICITLY_DESCRIPTIVE_OR_NOT_ENUMERATED_AS_HARD_FILTER,YES,YES,Variation is recorded for mainline review and is not silently promoted into a filter.
S16,NY,362301,A,LEVEL1,DESIGNCD,YES,xwalk=1|plot=1,xwalk=1|plot=1,72,0,"Exact target match prevents mixing national/special design codes, including WA 501 versus 502.",PROJECT_SPECIFIC_CANDIDATE_USING_ACCEPTED_B7_B8_LOCAL_IDENTITIES,YES,NO,B9 filter is not represented as an official FIA exact grouping rule.
S16,NY,362301,A,LEVEL1,INTENSITY,YES,1,1,72,0,"Exact target intensity removes non-base material when the target is base, and symmetrically matches other target intensity values.",PROJECT_SPECIFIC_CANDIDATE_USING_ACCEPTED_B7_B8_LOCAL_IDENTITIES,YES,NO,B9 filter is not represented as an official FIA exact grouping rule.
S16,NY,362301,A,LEVEL1,QA_production_class,YES,QA_STATUS=1|class=PRODUCTION,QA_STATUS=1|class=PRODUCTION,72,0,Production versus non-production class is matched; QA codes 1 and 7 are both production.,PROJECT_SPECIFIC_CANDIDATE_USING_ACCEPTED_B7_B8_LOCAL_IDENTITIES,YES,NO,B9 filter is not represented as an official FIA exact grouping rule.
S16,NY,362301,A,LEVEL1,raw_DESIGNCD,YES,1,1,72,0,Exact raw code is checked when both sides are recoverable so normalization cannot hide a design difference.,PROJECT_SPECIFIC_CANDIDATE_USING_ACCEPTED_B7_B8_LOCAL_IDENTITIES,YES,NO,B9 filter is not represented as an official FIA exact grouping rule.
S16,NY,362301,A,LEVEL1,repair_class,YES,R0,R0,72,0,Exact repair identity preserves the frozen design-resolution path.,PROJECT_SPECIFIC_CANDIDATE_USING_ACCEPTED_B7_B8_LOCAL_IDENTITIES,YES,NO,B9 filter is not represented as an official FIA exact grouping rule.
S16,NY,362301,A,LEVEL1,special_nonfederal_augmentation_identity,YES,NO_SEPARATE_EXPLICIT_EXCEPTION_FLAG_RECOVERED,NO_SEPARATE_EXPLICIT_EXCEPTION_FLAG_RECOVERED,72,0,Any separately explicit local exception would require the same target identity; none was separately recovered beyond design/intensity fields.,PROJECT_SPECIFIC_CANDIDATE_USING_ACCEPTED_B7_B8_LOCAL_IDENTITIES,YES,NO,B9 filter is not represented as an official FIA exact grouping rule.
S16,NY,362301,A,LEVEL1,KINDCD,NO,2,1;2,72,0,Descriptive inventory only under the frozen B9 task; not used to exclude material.,B9_TASK_EXPLICITLY_DESCRIPTIVE_OR_NOT_ENUMERATED_AS_HARD_FILTER,YES,YES,Variation is recorded for mainline review and is not silently promoted into a filter.
S16,NY,362301,A,LEVEL1,MANUAL,NO,7,7;8;9;9.2,72,0,Descriptive inventory only under the frozen B9 task; not used to exclude material.,B9_TASK_EXPLICITLY_DESCRIPTIVE_OR_NOT_ENUMERATED_AS_HARD_FILTER,YES,YES,Variation is recorded for mainline review and is not silently promoted into a filter.
S16,NY,362301,A,LEVEL1,MEASYEAR,NO,2018,2018;2019;2020;2022;2023;2024,72,0,Descriptive inventory only under the frozen B9 task; not used to exclude material.,B9_TASK_EXPLICITLY_DESCRIPTIVE_OR_NOT_ENUMERATED_AS_HARD_FILTER,YES,YES,Variation is recorded for mainline review and is not silently promoted into a filter.
S16,NY,362301,A,LEVEL1,NF_regional_flags,NO,NF_SAMPLE=0|NF_PLOT=MISSING|RSCD=24,NF_SAMPLE=0|NF_PLOT=MISSING|RSCD=24;NF_SAMPLE=MISSING|NF_PLOT=MISSING|RSCD=24,72,0,Descriptive inventory only under the frozen B9 task; not used to exclude material.,B9_TASK_EXPLICITLY_DESCRIPTIVE_OR_NOT_ENUMERATED_AS_HARD_FILTER,YES,YES,Variation is recorded for mainline review and is not silently promoted into a filter.
S16,NY,362301,A,LEVEL1,PLOT_STATUS_CD,NO,1,1;2,72,0,Descriptive inventory only under the frozen B9 task; not used to exclude material.,B9_TASK_EXPLICITLY_DESCRIPTIVE_OR_NOT_ENUMERATED_AS_HARD_FILTER,YES,YES,Variation is recorded for mainline review and is not silently promoted into a filter.
S16,NY,362301,A,LEVEL1,SAMP_METHOD_CD,NO,1,1;2,72,0,Descriptive inventory only under the frozen B9 task; not used to exclude material.,B9_TASK_EXPLICITLY_DESCRIPTIVE_OR_NOT_ENUMERATED_AS_HARD_FILTER,YES,YES,Variation is recorded for mainline review and is not silently promoted into a filter.
S16,NY,362301,A,LEVEL1,SUBPANEL,NO,0,0,72,0,Descriptive inventory only under the frozen B9 task; not used to exclude material.,B9_TASK_EXPLICITLY_DESCRIPTIVE_OR_NOT_ENUMERATED_AS_HARD_FILTER,YES,NO,Variation is recorded for mainline review and is not silently promoted into a filter.
S16,NY,362301,A,LEVEL1,regional_manual,NO,NCRS=MISSING|NERS=7|RMRS=MISSING,NCRS=MISSING|NERS=7|RMRS=MISSING;NCRS=MISSING|NERS=8|RMRS=MISSING;NCRS=MISSING|NERS=9.1|RMRS=MISSING;NCRS=MISSING|NERS=9.2|RMRS=MISSING,72,0,Descriptive inventory only under the frozen B9 task; not used to exclude material.,B9_TASK_EXPLICITLY_DESCRIPTIVE_OR_NOT_ENUMERATED_AS_HARD_FILTER,YES,YES,Variation is recorded for mainline review and is not silently promoted into a filter.
S17,OH,392301,A,LEVEL1,DESIGNCD,YES,xwalk=1|plot=1,NONE,0,0,"Exact target match prevents mixing national/special design codes, including WA 501 versus 502.",PROJECT_SPECIFIC_CANDIDATE_USING_ACCEPTED_B7_B8_LOCAL_IDENTITIES,YES,NO,B9 filter is not represented as an official FIA exact grouping rule.
S17,OH,392301,A,LEVEL1,INTENSITY,YES,1,NONE,0,0,"Exact target intensity removes non-base material when the target is base, and symmetrically matches other target intensity values.",PROJECT_SPECIFIC_CANDIDATE_USING_ACCEPTED_B7_B8_LOCAL_IDENTITIES,YES,NO,B9 filter is not represented as an official FIA exact grouping rule.
S17,OH,392301,A,LEVEL1,QA_production_class,YES,QA_STATUS=1|class=PRODUCTION,NONE,0,0,Production versus non-production class is matched; QA codes 1 and 7 are both production.,PROJECT_SPECIFIC_CANDIDATE_USING_ACCEPTED_B7_B8_LOCAL_IDENTITIES,YES,NO,B9 filter is not represented as an official FIA exact grouping rule.
S17,OH,392301,A,LEVEL1,raw_DESIGNCD,YES,1,NONE,0,0,Exact raw code is checked when both sides are recoverable so normalization cannot hide a design difference.,PROJECT_SPECIFIC_CANDIDATE_USING_ACCEPTED_B7_B8_LOCAL_IDENTITIES,YES,NO,B9 filter is not represented as an official FIA exact grouping rule.
S17,OH,392301,A,LEVEL1,repair_class,YES,R0,NONE,0,0,Exact repair identity preserves the frozen design-resolution path.,PROJECT_SPECIFIC_CANDIDATE_USING_ACCEPTED_B7_B8_LOCAL_IDENTITIES,YES,NO,B9 filter is not represented as an official FIA exact grouping rule.
S17,OH,392301,A,LEVEL1,special_nonfederal_augmentation_identity,YES,NO_SEPARATE_EXPLICIT_EXCEPTION_FLAG_RECOVERED,NONE,0,0,Any separately explicit local exception would require the same target identity; none was separately recovered beyond design/intensity fields.,PROJECT_SPECIFIC_CANDIDATE_USING_ACCEPTED_B7_B8_LOCAL_IDENTITIES,YES,NO,B9 filter is not represented as an official FIA exact grouping rule.
S17,OH,392301,A,LEVEL1,KINDCD,NO,2,NONE,0,0,Descriptive inventory only under the frozen B9 task; not used to exclude material.,B9_TASK_EXPLICITLY_DESCRIPTIVE_OR_NOT_ENUMERATED_AS_HARD_FILTER,YES,NO,Variation is recorded for mainline review and is not silently promoted into a filter.
S17,OH,392301,A,LEVEL1,MANUAL,NO,9.2,NONE,0,0,Descriptive inventory only under the frozen B9 task; not used to exclude material.,B9_TASK_EXPLICITLY_DESCRIPTIVE_OR_NOT_ENUMERATED_AS_HARD_FILTER,YES,NO,Variation is recorded for mainline review and is not silently promoted into a filter.
S17,OH,392301,A,LEVEL1,MEASYEAR,NO,2023,NONE,0,0,Descriptive inventory only under the frozen B9 task; not used to exclude material.,B9_TASK_EXPLICITLY_DESCRIPTIVE_OR_NOT_ENUMERATED_AS_HARD_FILTER,YES,NO,Variation is recorded for mainline review and is not silently promoted into a filter.
S17,OH,392301,A,LEVEL1,NF_regional_flags,NO,NF_SAMPLE=MISSING|NF_PLOT=MISSING|RSCD=24,NONE,0,0,Descriptive inventory only under the frozen B9 task; not used to exclude material.,B9_TASK_EXPLICITLY_DESCRIPTIVE_OR_NOT_ENUMERATED_AS_HARD_FILTER,YES,NO,Variation is recorded for mainline review and is not silently promoted into a filter.
S17,OH,392301,A,LEVEL1,PLOT_STATUS_CD,NO,2,NONE,0,0,Descriptive inventory only under the frozen B9 task; not used to exclude material.,B9_TASK_EXPLICITLY_DESCRIPTIVE_OR_NOT_ENUMERATED_AS_HARD_FILTER,YES,NO,Variation is recorded for mainline review and is not silently promoted into a filter.
S17,OH,392301,A,LEVEL1,SAMP_METHOD_CD,NO,2,NONE,0,0,Descriptive inventory only under the frozen B9 task; not used to exclude material.,B9_TASK_EXPLICITLY_DESCRIPTIVE_OR_NOT_ENUMERATED_AS_HARD_FILTER,YES,NO,Variation is recorded for mainline review and is not silently promoted into a filter.
S17,OH,392301,A,LEVEL1,SUBPANEL,NO,0,NONE,0,0,Descriptive inventory only under the frozen B9 task; not used to exclude material.,B9_TASK_EXPLICITLY_DESCRIPTIVE_OR_NOT_ENUMERATED_AS_HARD_FILTER,YES,NO,Variation is recorded for mainline review and is not silently promoted into a filter.
S17,OH,392301,A,LEVEL1,regional_manual,NO,NCRS=MISSING|NERS=9.2|RMRS=MISSING,NONE,0,0,Descriptive inventory only under the frozen B9 task; not used to exclude material.,B9_TASK_EXPLICITLY_DESCRIPTIVE_OR_NOT_ENUMERATED_AS_HARD_FILTER,YES,NO,Variation is recorded for mainline review and is not silently promoted into a filter.
S17,OH,392301,A,LEVEL2,DESIGNCD,YES,xwalk=1|plot=1,xwalk=1|plot=1,1627,0,"Exact target match prevents mixing national/special design codes, including WA 501 versus 502.",PROJECT_SPECIFIC_CANDIDATE_USING_ACCEPTED_B7_B8_LOCAL_IDENTITIES,YES,NO,B9 filter is not represented as an official FIA exact grouping rule.
S17,OH,392301,A,LEVEL2,INTENSITY,YES,1,1;2;3,1627,41,"Exact target intensity removes non-base material when the target is base, and symmetrically matches other target intensity values.",PROJECT_SPECIFIC_CANDIDATE_USING_ACCEPTED_B7_B8_LOCAL_IDENTITIES,YES,NO,B9 filter is not represented as an official FIA exact grouping rule.
S17,OH,392301,A,LEVEL2,QA_production_class,YES,QA_STATUS=1|class=PRODUCTION,QA_STATUS=1|class=PRODUCTION,1627,0,Production versus non-production class is matched; QA codes 1 and 7 are both production.,PROJECT_SPECIFIC_CANDIDATE_USING_ACCEPTED_B7_B8_LOCAL_IDENTITIES,YES,NO,B9 filter is not represented as an official FIA exact grouping rule.
S17,OH,392301,A,LEVEL2,raw_DESIGNCD,YES,1,1,1627,0,Exact raw code is checked when both sides are recoverable so normalization cannot hide a design difference.,PROJECT_SPECIFIC_CANDIDATE_USING_ACCEPTED_B7_B8_LOCAL_IDENTITIES,YES,NO,B9 filter is not represented as an official FIA exact grouping rule.
S17,OH,392301,A,LEVEL2,repair_class,YES,R0,R0,1627,0,Exact repair identity preserves the frozen design-resolution path.,PROJECT_SPECIFIC_CANDIDATE_USING_ACCEPTED_B7_B8_LOCAL_IDENTITIES,YES,NO,B9 filter is not represented as an official FIA exact grouping rule.
S17,OH,392301,A,LEVEL2,special_nonfederal_augmentation_identity,YES,NO_SEPARATE_EXPLICIT_EXCEPTION_FLAG_RECOVERED,NO_SEPARATE_EXPLICIT_EXCEPTION_FLAG_RECOVERED,1627,0,Any separately explicit local exception would require the same target identity; none was separately recovered beyond design/intensity fields.,PROJECT_SPECIFIC_CANDIDATE_USING_ACCEPTED_B7_B8_LOCAL_IDENTITIES,YES,NO,B9 filter is not represented as an official FIA exact grouping rule.
S17,OH,392301,A,LEVEL2,KINDCD,NO,2,1;2,1627,0,Descriptive inventory only under the frozen B9 task; not used to exclude material.,B9_TASK_EXPLICITLY_DESCRIPTIVE_OR_NOT_ENUMERATED_AS_HARD_FILTER,YES,YES,Variation is recorded for mainline review and is not silently promoted into a filter.
S17,OH,392301,A,LEVEL2,MANUAL,NO,9.2,8;9;9.1;9.2,1627,0,Descriptive inventory only under the frozen B9 task; not used to exclude material.,B9_TASK_EXPLICITLY_DESCRIPTIVE_OR_NOT_ENUMERATED_AS_HARD_FILTER,YES,YES,Variation is recorded for mainline review and is not silently promoted into a filter.
S17,OH,392301,A,LEVEL2,MEASYEAR,NO,2023,2019;2020;2021;2022;2023;2024,1627,0,Descriptive inventory only under the frozen B9 task; not used to exclude material.,B9_TASK_EXPLICITLY_DESCRIPTIVE_OR_NOT_ENUMERATED_AS_HARD_FILTER,YES,YES,Variation is recorded for mainline review and is not silently promoted into a filter.
S17,OH,392301,A,LEVEL2,NF_regional_flags,NO,NF_SAMPLE=MISSING|NF_PLOT=MISSING|RSCD=24,NF_SAMPLE=0|NF_PLOT=MISSING|RSCD=24;NF_SAMPLE=MISSING|NF_PLOT=MISSING|RSCD=24,1627,0,Descriptive inventory only under the frozen B9 task; not used to exclude material.,B9_TASK_EXPLICITLY_DESCRIPTIVE_OR_NOT_ENUMERATED_AS_HARD_FILTER,YES,YES,Variation is recorded for mainline review and is not silently promoted into a filter.
S17,OH,392301,A,LEVEL2,PLOT_STATUS_CD,NO,2,1;2,1627,0,Descriptive inventory only under the frozen B9 task; not used to exclude material.,B9_TASK_EXPLICITLY_DESCRIPTIVE_OR_NOT_ENUMERATED_AS_HARD_FILTER,YES,YES,Variation is recorded for mainline review and is not silently promoted into a filter.
S17,OH,392301,A,LEVEL2,SAMP_METHOD_CD,NO,2,1;2,1627,0,Descriptive inventory only under the frozen B9 task; not used to exclude material.,B9_TASK_EXPLICITLY_DESCRIPTIVE_OR_NOT_ENUMERATED_AS_HARD_FILTER,YES,YES,Variation is recorded for mainline review and is not silently promoted into a filter.
S17,OH,392301,A,LEVEL2,SUBPANEL,NO,0,0,1627,0,Descriptive inventory only under the frozen B9 task; not used to exclude material.,B9_TASK_EXPLICITLY_DESCRIPTIVE_OR_NOT_ENUMERATED_AS_HARD_FILTER,YES,NO,Variation is recorded for mainline review and is not silently promoted into a filter.
S17,OH,392301,A,LEVEL2,regional_manual,NO,NCRS=MISSING|NERS=9.2|RMRS=MISSING,NCRS=MISSING|NERS=8|RMRS=MISSING;NCRS=MISSING|NERS=9.1|RMRS=MISSING;NCRS=MISSING|NERS=9.2|RMRS=MISSING;NCRS=MISSING|NERS=9|RMRS=MISSING,1627,0,Descriptive inventory only under the frozen B9 task; not used to exclude material.,B9_TASK_EXPLICITLY_DESCRIPTIVE_OR_NOT_ENUMERATED_AS_HARD_FILTER,YES,YES,Variation is recorded for mainline review and is not silently promoted into a filter.
S18,OH,392301,A,LEVEL1,DESIGNCD,YES,xwalk=1|plot=1,NONE,0,0,"Exact target match prevents mixing national/special design codes, including WA 501 versus 502.",PROJECT_SPECIFIC_CANDIDATE_USING_ACCEPTED_B7_B8_LOCAL_IDENTITIES,YES,NO,B9 filter is not represented as an official FIA exact grouping rule.
S18,OH,392301,A,LEVEL1,INTENSITY,YES,1,NONE,0,0,"Exact target intensity removes non-base material when the target is base, and symmetrically matches other target intensity values.",PROJECT_SPECIFIC_CANDIDATE_USING_ACCEPTED_B7_B8_LOCAL_IDENTITIES,YES,NO,B9 filter is not represented as an official FIA exact grouping rule.
S18,OH,392301,A,LEVEL1,QA_production_class,YES,QA_STATUS=1|class=PRODUCTION,NONE,0,0,Production versus non-production class is matched; QA codes 1 and 7 are both production.,PROJECT_SPECIFIC_CANDIDATE_USING_ACCEPTED_B7_B8_LOCAL_IDENTITIES,YES,NO,B9 filter is not represented as an official FIA exact grouping rule.
S18,OH,392301,A,LEVEL1,raw_DESIGNCD,YES,1,NONE,0,0,Exact raw code is checked when both sides are recoverable so normalization cannot hide a design difference.,PROJECT_SPECIFIC_CANDIDATE_USING_ACCEPTED_B7_B8_LOCAL_IDENTITIES,YES,NO,B9 filter is not represented as an official FIA exact grouping rule.
S18,OH,392301,A,LEVEL1,repair_class,YES,R0,NONE,0,0,Exact repair identity preserves the frozen design-resolution path.,PROJECT_SPECIFIC_CANDIDATE_USING_ACCEPTED_B7_B8_LOCAL_IDENTITIES,YES,NO,B9 filter is not represented as an official FIA exact grouping rule.
S18,OH,392301,A,LEVEL1,special_nonfederal_augmentation_identity,YES,NO_SEPARATE_EXPLICIT_EXCEPTION_FLAG_RECOVERED,NONE,0,0,Any separately explicit local exception would require the same target identity; none was separately recovered beyond design/intensity fields.,PROJECT_SPECIFIC_CANDIDATE_USING_ACCEPTED_B7_B8_LOCAL_IDENTITIES,YES,NO,B9 filter is not represented as an official FIA exact grouping rule.
S18,OH,392301,A,LEVEL1,KINDCD,NO,1,NONE,0,0,Descriptive inventory only under the frozen B9 task; not used to exclude material.,B9_TASK_EXPLICITLY_DESCRIPTIVE_OR_NOT_ENUMERATED_AS_HARD_FILTER,YES,NO,Variation is recorded for mainline review and is not silently promoted into a filter.
S18,OH,392301,A,LEVEL1,MANUAL,NO,9,NONE,0,0,Descriptive inventory only under the frozen B9 task; not used to exclude material.,B9_TASK_EXPLICITLY_DESCRIPTIVE_OR_NOT_ENUMERATED_AS_HARD_FILTER,YES,NO,Variation is recorded for mainline review and is not silently promoted into a filter.
S18,OH,392301,A,LEVEL1,MEASYEAR,NO,2023,NONE,0,0,Descriptive inventory only under the frozen B9 task; not used to exclude material.,B9_TASK_EXPLICITLY_DESCRIPTIVE_OR_NOT_ENUMERATED_AS_HARD_FILTER,YES,NO,Variation is recorded for mainline review and is not silently promoted into a filter.
S18,OH,392301,A,LEVEL1,NF_regional_flags,NO,NF_SAMPLE=0|NF_PLOT=MISSING|RSCD=24,NONE,0,0,Descriptive inventory only under the frozen B9 task; not used to exclude material.,B9_TASK_EXPLICITLY_DESCRIPTIVE_OR_NOT_ENUMERATED_AS_HARD_FILTER,YES,NO,Variation is recorded for mainline review and is not silently promoted into a filter.
S18,OH,392301,A,LEVEL1,PLOT_STATUS_CD,NO,1,NONE,0,0,Descriptive inventory only under the frozen B9 task; not used to exclude material.,B9_TASK_EXPLICITLY_DESCRIPTIVE_OR_NOT_ENUMERATED_AS_HARD_FILTER,YES,NO,Variation is recorded for mainline review and is not silently promoted into a filter.
S18,OH,392301,A,LEVEL1,SAMP_METHOD_CD,NO,1,NONE,0,0,Descriptive inventory only under the frozen B9 task; not used to exclude material.,B9_TASK_EXPLICITLY_DESCRIPTIVE_OR_NOT_ENUMERATED_AS_HARD_FILTER,YES,NO,Variation is recorded for mainline review and is not silently promoted into a filter.
S18,OH,392301,A,LEVEL1,SUBPANEL,NO,0,NONE,0,0,Descriptive inventory only under the frozen B9 task; not used to exclude material.,B9_TASK_EXPLICITLY_DESCRIPTIVE_OR_NOT_ENUMERATED_AS_HARD_FILTER,YES,NO,Variation is recorded for mainline review and is not silently promoted into a filter.
S18,OH,392301,A,LEVEL1,regional_manual,NO,NCRS=MISSING|NERS=9.2|RMRS=MISSING,NONE,0,0,Descriptive inventory only under the frozen B9 task; not used to exclude material.,B9_TASK_EXPLICITLY_DESCRIPTIVE_OR_NOT_ENUMERATED_AS_HARD_FILTER,YES,NO,Variation is recorded for mainline review and is not silently promoted into a filter.
S18,OH,392301,A,LEVEL2,DESIGNCD,YES,xwalk=1|plot=1,xwalk=1|plot=1,1627,0,"Exact target match prevents mixing national/special design codes, including WA 501 versus 502.",PROJECT_SPECIFIC_CANDIDATE_USING_ACCEPTED_B7_B8_LOCAL_IDENTITIES,YES,NO,B9 filter is not represented as an official FIA exact grouping rule.
S18,OH,392301,A,LEVEL2,INTENSITY,YES,1,1;2;3,1627,41,"Exact target intensity removes non-base material when the target is base, and symmetrically matches other target intensity values.",PROJECT_SPECIFIC_CANDIDATE_USING_ACCEPTED_B7_B8_LOCAL_IDENTITIES,YES,NO,B9 filter is not represented as an official FIA exact grouping rule.
S18,OH,392301,A,LEVEL2,QA_production_class,YES,QA_STATUS=1|class=PRODUCTION,QA_STATUS=1|class=PRODUCTION,1627,0,Production versus non-production class is matched; QA codes 1 and 7 are both production.,PROJECT_SPECIFIC_CANDIDATE_USING_ACCEPTED_B7_B8_LOCAL_IDENTITIES,YES,NO,B9 filter is not represented as an official FIA exact grouping rule.
S18,OH,392301,A,LEVEL2,raw_DESIGNCD,YES,1,1,1627,0,Exact raw code is checked when both sides are recoverable so normalization cannot hide a design difference.,PROJECT_SPECIFIC_CANDIDATE_USING_ACCEPTED_B7_B8_LOCAL_IDENTITIES,YES,NO,B9 filter is not represented as an official FIA exact grouping rule.
S18,OH,392301,A,LEVEL2,repair_class,YES,R0,R0,1627,0,Exact repair identity preserves the frozen design-resolution path.,PROJECT_SPECIFIC_CANDIDATE_USING_ACCEPTED_B7_B8_LOCAL_IDENTITIES,YES,NO,B9 filter is not represented as an official FIA exact grouping rule.
S18,OH,392301,A,LEVEL2,special_nonfederal_augmentation_identity,YES,NO_SEPARATE_EXPLICIT_EXCEPTION_FLAG_RECOVERED,NO_SEPARATE_EXPLICIT_EXCEPTION_FLAG_RECOVERED,1627,0,Any separately explicit local exception would require the same target identity; none was separately recovered beyond design/intensity fields.,PROJECT_SPECIFIC_CANDIDATE_USING_ACCEPTED_B7_B8_LOCAL_IDENTITIES,YES,NO,B9 filter is not represented as an official FIA exact grouping rule.
S18,OH,392301,A,LEVEL2,KINDCD,NO,1,1;2,1627,0,Descriptive inventory only under the frozen B9 task; not used to exclude material.,B9_TASK_EXPLICITLY_DESCRIPTIVE_OR_NOT_ENUMERATED_AS_HARD_FILTER,YES,YES,Variation is recorded for mainline review and is not silently promoted into a filter.
S18,OH,392301,A,LEVEL2,MANUAL,NO,9,8;9;9.1;9.2,1627,0,Descriptive inventory only under the frozen B9 task; not used to exclude material.,B9_TASK_EXPLICITLY_DESCRIPTIVE_OR_NOT_ENUMERATED_AS_HARD_FILTER,YES,YES,Variation is recorded for mainline review and is not silently promoted into a filter.
S18,OH,392301,A,LEVEL2,MEASYEAR,NO,2023,2019;2020;2021;2022;2023;2024,1627,0,Descriptive inventory only under the frozen B9 task; not used to exclude material.,B9_TASK_EXPLICITLY_DESCRIPTIVE_OR_NOT_ENUMERATED_AS_HARD_FILTER,YES,YES,Variation is recorded for mainline review and is not silently promoted into a filter.
S18,OH,392301,A,LEVEL2,NF_regional_flags,NO,NF_SAMPLE=0|NF_PLOT=MISSING|RSCD=24,NF_SAMPLE=0|NF_PLOT=MISSING|RSCD=24;NF_SAMPLE=MISSING|NF_PLOT=MISSING|RSCD=24,1627,0,Descriptive inventory only under the frozen B9 task; not used to exclude material.,B9_TASK_EXPLICITLY_DESCRIPTIVE_OR_NOT_ENUMERATED_AS_HARD_FILTER,YES,YES,Variation is recorded for mainline review and is not silently promoted into a filter.
S18,OH,392301,A,LEVEL2,PLOT_STATUS_CD,NO,1,1;2,1627,0,Descriptive inventory only under the frozen B9 task; not used to exclude material.,B9_TASK_EXPLICITLY_DESCRIPTIVE_OR_NOT_ENUMERATED_AS_HARD_FILTER,YES,YES,Variation is recorded for mainline review and is not silently promoted into a filter.
S18,OH,392301,A,LEVEL2,SAMP_METHOD_CD,NO,1,1;2,1627,0,Descriptive inventory only under the frozen B9 task; not used to exclude material.,B9_TASK_EXPLICITLY_DESCRIPTIVE_OR_NOT_ENUMERATED_AS_HARD_FILTER,YES,YES,Variation is recorded for mainline review and is not silently promoted into a filter.
S18,OH,392301,A,LEVEL2,SUBPANEL,NO,0,0,1627,0,Descriptive inventory only under the frozen B9 task; not used to exclude material.,B9_TASK_EXPLICITLY_DESCRIPTIVE_OR_NOT_ENUMERATED_AS_HARD_FILTER,YES,NO,Variation is recorded for mainline review and is not silently promoted into a filter.
S18,OH,392301,A,LEVEL2,regional_manual,NO,NCRS=MISSING|NERS=9.2|RMRS=MISSING,NCRS=MISSING|NERS=8|RMRS=MISSING;NCRS=MISSING|NERS=9.1|RMRS=MISSING;NCRS=MISSING|NERS=9.2|RMRS=MISSING;NCRS=MISSING|NERS=9|RMRS=MISSING,1627,0,Descriptive inventory only under the frozen B9 task; not used to exclude material.,B9_TASK_EXPLICITLY_DESCRIPTIVE_OR_NOT_ENUMERATED_AS_HARD_FILTER,YES,YES,Variation is recorded for mainline review and is not silently promoted into a filter.
S19,PA,422301,A,LEVEL1,DESIGNCD,YES,xwalk=1|plot=1,NONE,0,0,"Exact target match prevents mixing national/special design codes, including WA 501 versus 502.",PROJECT_SPECIFIC_CANDIDATE_USING_ACCEPTED_B7_B8_LOCAL_IDENTITIES,YES,NO,B9 filter is not represented as an official FIA exact grouping rule.
S19,PA,422301,A,LEVEL1,INTENSITY,YES,1,NONE,0,0,"Exact target intensity removes non-base material when the target is base, and symmetrically matches other target intensity values.",PROJECT_SPECIFIC_CANDIDATE_USING_ACCEPTED_B7_B8_LOCAL_IDENTITIES,YES,NO,B9 filter is not represented as an official FIA exact grouping rule.
S19,PA,422301,A,LEVEL1,QA_production_class,YES,QA_STATUS=1|class=PRODUCTION,NONE,0,0,Production versus non-production class is matched; QA codes 1 and 7 are both production.,PROJECT_SPECIFIC_CANDIDATE_USING_ACCEPTED_B7_B8_LOCAL_IDENTITIES,YES,NO,B9 filter is not represented as an official FIA exact grouping rule.
S19,PA,422301,A,LEVEL1,raw_DESIGNCD,YES,1,NONE,0,0,Exact raw code is checked when both sides are recoverable so normalization cannot hide a design difference.,PROJECT_SPECIFIC_CANDIDATE_USING_ACCEPTED_B7_B8_LOCAL_IDENTITIES,YES,NO,B9 filter is not represented as an official FIA exact grouping rule.
S19,PA,422301,A,LEVEL1,repair_class,YES,R0,NONE,0,0,Exact repair identity preserves the frozen design-resolution path.,PROJECT_SPECIFIC_CANDIDATE_USING_ACCEPTED_B7_B8_LOCAL_IDENTITIES,YES,NO,B9 filter is not represented as an official FIA exact grouping rule.
S19,PA,422301,A,LEVEL1,special_nonfederal_augmentation_identity,YES,NO_SEPARATE_EXPLICIT_EXCEPTION_FLAG_RECOVERED,NONE,0,0,Any separately explicit local exception would require the same target identity; none was separately recovered beyond design/intensity fields.,PROJECT_SPECIFIC_CANDIDATE_USING_ACCEPTED_B7_B8_LOCAL_IDENTITIES,YES,NO,B9 filter is not represented as an official FIA exact grouping rule.
S19,PA,422301,A,LEVEL1,KINDCD,NO,2,NONE,0,0,Descriptive inventory only under the frozen B9 task; not used to exclude material.,B9_TASK_EXPLICITLY_DESCRIPTIVE_OR_NOT_ENUMERATED_AS_HARD_FILTER,YES,NO,Variation is recorded for mainline review and is not silently promoted into a filter.
S19,PA,422301,A,LEVEL1,MANUAL,NO,8,NONE,0,0,Descriptive inventory only under the frozen B9 task; not used to exclude material.,B9_TASK_EXPLICITLY_DESCRIPTIVE_OR_NOT_ENUMERATED_AS_HARD_FILTER,YES,NO,Variation is recorded for mainline review and is not silently promoted into a filter.
S19,PA,422301,A,LEVEL1,MEASYEAR,NO,2019,NONE,0,0,Descriptive inventory only under the frozen B9 task; not used to exclude material.,B9_TASK_EXPLICITLY_DESCRIPTIVE_OR_NOT_ENUMERATED_AS_HARD_FILTER,YES,NO,Variation is recorded for mainline review and is not silently promoted into a filter.
S19,PA,422301,A,LEVEL1,NF_regional_flags,NO,NF_SAMPLE=0|NF_PLOT=MISSING|RSCD=24,NONE,0,0,Descriptive inventory only under the frozen B9 task; not used to exclude material.,B9_TASK_EXPLICITLY_DESCRIPTIVE_OR_NOT_ENUMERATED_AS_HARD_FILTER,YES,NO,Variation is recorded for mainline review and is not silently promoted into a filter.
S19,PA,422301,A,LEVEL1,PLOT_STATUS_CD,NO,1,NONE,0,0,Descriptive inventory only under the frozen B9 task; not used to exclude material.,B9_TASK_EXPLICITLY_DESCRIPTIVE_OR_NOT_ENUMERATED_AS_HARD_FILTER,YES,NO,Variation is recorded for mainline review and is not silently promoted into a filter.
S19,PA,422301,A,LEVEL1,SAMP_METHOD_CD,NO,1,NONE,0,0,Descriptive inventory only under the frozen B9 task; not used to exclude material.,B9_TASK_EXPLICITLY_DESCRIPTIVE_OR_NOT_ENUMERATED_AS_HARD_FILTER,YES,NO,Variation is recorded for mainline review and is not silently promoted into a filter.
S19,PA,422301,A,LEVEL1,SUBPANEL,NO,0,NONE,0,0,Descriptive inventory only under the frozen B9 task; not used to exclude material.,B9_TASK_EXPLICITLY_DESCRIPTIVE_OR_NOT_ENUMERATED_AS_HARD_FILTER,YES,NO,Variation is recorded for mainline review and is not silently promoted into a filter.
S19,PA,422301,A,LEVEL1,regional_manual,NO,NCRS=MISSING|NERS=8|RMRS=MISSING,NONE,0,0,Descriptive inventory only under the frozen B9 task; not used to exclude material.,B9_TASK_EXPLICITLY_DESCRIPTIVE_OR_NOT_ENUMERATED_AS_HARD_FILTER,YES,NO,Variation is recorded for mainline review and is not silently promoted into a filter.
S19,PA,422301,A,LEVEL2,DESIGNCD,YES,xwalk=1|plot=1,xwalk=1|plot=1,1774,0,"Exact target match prevents mixing national/special design codes, including WA 501 versus 502.",PROJECT_SPECIFIC_CANDIDATE_USING_ACCEPTED_B7_B8_LOCAL_IDENTITIES,YES,NO,B9 filter is not represented as an official FIA exact grouping rule.
S19,PA,422301,A,LEVEL2,INTENSITY,YES,1,1;2;3,1774,80,"Exact target intensity removes non-base material when the target is base, and symmetrically matches other target intensity values.",PROJECT_SPECIFIC_CANDIDATE_USING_ACCEPTED_B7_B8_LOCAL_IDENTITIES,YES,NO,B9 filter is not represented as an official FIA exact grouping rule.
S19,PA,422301,A,LEVEL2,QA_production_class,YES,QA_STATUS=1|class=PRODUCTION,QA_STATUS=1|class=PRODUCTION;QA_STATUS=7|class=PRODUCTION,1774,0,Production versus non-production class is matched; QA codes 1 and 7 are both production.,PROJECT_SPECIFIC_CANDIDATE_USING_ACCEPTED_B7_B8_LOCAL_IDENTITIES,YES,NO,B9 filter is not represented as an official FIA exact grouping rule.
S19,PA,422301,A,LEVEL2,raw_DESIGNCD,YES,1,1,1774,0,Exact raw code is checked when both sides are recoverable so normalization cannot hide a design difference.,PROJECT_SPECIFIC_CANDIDATE_USING_ACCEPTED_B7_B8_LOCAL_IDENTITIES,YES,NO,B9 filter is not represented as an official FIA exact grouping rule.
S19,PA,422301,A,LEVEL2,repair_class,YES,R0,R0,1774,0,Exact repair identity preserves the frozen design-resolution path.,PROJECT_SPECIFIC_CANDIDATE_USING_ACCEPTED_B7_B8_LOCAL_IDENTITIES,YES,NO,B9 filter is not represented as an official FIA exact grouping rule.
S19,PA,422301,A,LEVEL2,special_nonfederal_augmentation_identity,YES,NO_SEPARATE_EXPLICIT_EXCEPTION_FLAG_RECOVERED,NO_SEPARATE_EXPLICIT_EXCEPTION_FLAG_RECOVERED,1774,0,Any separately explicit local exception would require the same target identity; none was separately recovered beyond design/intensity fields.,PROJECT_SPECIFIC_CANDIDATE_USING_ACCEPTED_B7_B8_LOCAL_IDENTITIES,YES,NO,B9 filter is not represented as an official FIA exact grouping rule.
S19,PA,422301,A,LEVEL2,KINDCD,NO,2,1;2,1774,0,Descriptive inventory only under the frozen B9 task; not used to exclude material.,B9_TASK_EXPLICITLY_DESCRIPTIVE_OR_NOT_ENUMERATED_AS_HARD_FILTER,YES,YES,Variation is recorded for mainline review and is not silently promoted into a filter.
S19,PA,422301,A,LEVEL2,MANUAL,NO,8,7;8;9;9.1,1774,0,Descriptive inventory only under the frozen B9 task; not used to exclude material.,B9_TASK_EXPLICITLY_DESCRIPTIVE_OR_NOT_ENUMERATED_AS_HARD_FILTER,YES,YES,Variation is recorded for mainline review and is not silently promoted into a filter.
S19,PA,422301,A,LEVEL2,MEASYEAR,NO,2019,2018;2019;2020;2021;2022;2023,1774,0,Descriptive inventory only under the frozen B9 task; not used to exclude material.,B9_TASK_EXPLICITLY_DESCRIPTIVE_OR_NOT_ENUMERATED_AS_HARD_FILTER,YES,YES,Variation is recorded for mainline review and is not silently promoted into a filter.
S19,PA,422301,A,LEVEL2,NF_regional_flags,NO,NF_SAMPLE=0|NF_PLOT=MISSING|RSCD=24,NF_SAMPLE=0|NF_PLOT=MISSING|RSCD=24;NF_SAMPLE=MISSING|NF_PLOT=MISSING|RSCD=24,1774,0,Descriptive inventory only under the frozen B9 task; not used to exclude material.,B9_TASK_EXPLICITLY_DESCRIPTIVE_OR_NOT_ENUMERATED_AS_HARD_FILTER,YES,YES,Variation is recorded for mainline review and is not silently promoted into a filter.
S19,PA,422301,A,LEVEL2,PLOT_STATUS_CD,NO,1,1;2,1774,0,Descriptive inventory only under the frozen B9 task; not used to exclude material.,B9_TASK_EXPLICITLY_DESCRIPTIVE_OR_NOT_ENUMERATED_AS_HARD_FILTER,YES,YES,Variation is recorded for mainline review and is not silently promoted into a filter.
S19,PA,422301,A,LEVEL2,SAMP_METHOD_CD,NO,1,1;2,1774,0,Descriptive inventory only under the frozen B9 task; not used to exclude material.,B9_TASK_EXPLICITLY_DESCRIPTIVE_OR_NOT_ENUMERATED_AS_HARD_FILTER,YES,YES,Variation is recorded for mainline review and is not silently promoted into a filter.
S19,PA,422301,A,LEVEL2,SUBPANEL,NO,0,0,1774,0,Descriptive inventory only under the frozen B9 task; not used to exclude material.,B9_TASK_EXPLICITLY_DESCRIPTIVE_OR_NOT_ENUMERATED_AS_HARD_FILTER,YES,NO,Variation is recorded for mainline review and is not silently promoted into a filter.
S19,PA,422301,A,LEVEL2,regional_manual,NO,NCRS=MISSING|NERS=8|RMRS=MISSING,NCRS=MISSING|NERS=7|RMRS=MISSING;NCRS=MISSING|NERS=8|RMRS=MISSING;NCRS=MISSING|NERS=9.01|RMRS=MISSING;NCRS=MISSING|NERS=9.1|RMRS=MISSING,1774,0,Descriptive inventory only under the frozen B9 task; not used to exclude material.,B9_TASK_EXPLICITLY_DESCRIPTIVE_OR_NOT_ENUMERATED_AS_HARD_FILTER,YES,YES,Variation is recorded for mainline review and is not silently promoted into a filter.
S20,PA,422301,A,LEVEL1,DESIGNCD,YES,xwalk=1|plot=1,NONE,0,0,"Exact target match prevents mixing national/special design codes, including WA 501 versus 502.",PROJECT_SPECIFIC_CANDIDATE_USING_ACCEPTED_B7_B8_LOCAL_IDENTITIES,YES,NO,B9 filter is not represented as an official FIA exact grouping rule.
S20,PA,422301,A,LEVEL1,INTENSITY,YES,1,NONE,0,0,"Exact target intensity removes non-base material when the target is base, and symmetrically matches other target intensity values.",PROJECT_SPECIFIC_CANDIDATE_USING_ACCEPTED_B7_B8_LOCAL_IDENTITIES,YES,NO,B9 filter is not represented as an official FIA exact grouping rule.
S20,PA,422301,A,LEVEL1,QA_production_class,YES,QA_STATUS=1|class=PRODUCTION,NONE,0,0,Production versus non-production class is matched; QA codes 1 and 7 are both production.,PROJECT_SPECIFIC_CANDIDATE_USING_ACCEPTED_B7_B8_LOCAL_IDENTITIES,YES,NO,B9 filter is not represented as an official FIA exact grouping rule.
S20,PA,422301,A,LEVEL1,raw_DESIGNCD,YES,1,NONE,0,0,Exact raw code is checked when both sides are recoverable so normalization cannot hide a design difference.,PROJECT_SPECIFIC_CANDIDATE_USING_ACCEPTED_B7_B8_LOCAL_IDENTITIES,YES,NO,B9 filter is not represented as an official FIA exact grouping rule.
S20,PA,422301,A,LEVEL1,repair_class,YES,R0,NONE,0,0,Exact repair identity preserves the frozen design-resolution path.,PROJECT_SPECIFIC_CANDIDATE_USING_ACCEPTED_B7_B8_LOCAL_IDENTITIES,YES,NO,B9 filter is not represented as an official FIA exact grouping rule.
S20,PA,422301,A,LEVEL1,special_nonfederal_augmentation_identity,YES,NO_SEPARATE_EXPLICIT_EXCEPTION_FLAG_RECOVERED,NONE,0,0,Any separately explicit local exception would require the same target identity; none was separately recovered beyond design/intensity fields.,PROJECT_SPECIFIC_CANDIDATE_USING_ACCEPTED_B7_B8_LOCAL_IDENTITIES,YES,NO,B9 filter is not represented as an official FIA exact grouping rule.
S20,PA,422301,A,LEVEL1,KINDCD,NO,2,NONE,0,0,Descriptive inventory only under the frozen B9 task; not used to exclude material.,B9_TASK_EXPLICITLY_DESCRIPTIVE_OR_NOT_ENUMERATED_AS_HARD_FILTER,YES,NO,Variation is recorded for mainline review and is not silently promoted into a filter.
S20,PA,422301,A,LEVEL1,MANUAL,NO,7,NONE,0,0,Descriptive inventory only under the frozen B9 task; not used to exclude material.,B9_TASK_EXPLICITLY_DESCRIPTIVE_OR_NOT_ENUMERATED_AS_HARD_FILTER,YES,NO,Variation is recorded for mainline review and is not silently promoted into a filter.
S20,PA,422301,A,LEVEL1,MEASYEAR,NO,2018,NONE,0,0,Descriptive inventory only under the frozen B9 task; not used to exclude material.,B9_TASK_EXPLICITLY_DESCRIPTIVE_OR_NOT_ENUMERATED_AS_HARD_FILTER,YES,NO,Variation is recorded for mainline review and is not silently promoted into a filter.
S20,PA,422301,A,LEVEL1,NF_regional_flags,NO,NF_SAMPLE=0|NF_PLOT=MISSING|RSCD=24,NONE,0,0,Descriptive inventory only under the frozen B9 task; not used to exclude material.,B9_TASK_EXPLICITLY_DESCRIPTIVE_OR_NOT_ENUMERATED_AS_HARD_FILTER,YES,NO,Variation is recorded for mainline review and is not silently promoted into a filter.
S20,PA,422301,A,LEVEL1,PLOT_STATUS_CD,NO,1,NONE,0,0,Descriptive inventory only under the frozen B9 task; not used to exclude material.,B9_TASK_EXPLICITLY_DESCRIPTIVE_OR_NOT_ENUMERATED_AS_HARD_FILTER,YES,NO,Variation is recorded for mainline review and is not silently promoted into a filter.
S20,PA,422301,A,LEVEL1,SAMP_METHOD_CD,NO,1,NONE,0,0,Descriptive inventory only under the frozen B9 task; not used to exclude material.,B9_TASK_EXPLICITLY_DESCRIPTIVE_OR_NOT_ENUMERATED_AS_HARD_FILTER,YES,NO,Variation is recorded for mainline review and is not silently promoted into a filter.
S20,PA,422301,A,LEVEL1,SUBPANEL,NO,0,NONE,0,0,Descriptive inventory only under the frozen B9 task; not used to exclude material.,B9_TASK_EXPLICITLY_DESCRIPTIVE_OR_NOT_ENUMERATED_AS_HARD_FILTER,YES,NO,Variation is recorded for mainline review and is not silently promoted into a filter.
S20,PA,422301,A,LEVEL1,regional_manual,NO,NCRS=MISSING|NERS=7|RMRS=MISSING,NONE,0,0,Descriptive inventory only under the frozen B9 task; not used to exclude material.,B9_TASK_EXPLICITLY_DESCRIPTIVE_OR_NOT_ENUMERATED_AS_HARD_FILTER,YES,NO,Variation is recorded for mainline review and is not silently promoted into a filter.
S20,PA,422301,A,LEVEL2,DESIGNCD,YES,xwalk=1|plot=1,xwalk=1|plot=1,1774,0,"Exact target match prevents mixing national/special design codes, including WA 501 versus 502.",PROJECT_SPECIFIC_CANDIDATE_USING_ACCEPTED_B7_B8_LOCAL_IDENTITIES,YES,NO,B9 filter is not represented as an official FIA exact grouping rule.
S20,PA,422301,A,LEVEL2,INTENSITY,YES,1,1;2;3,1774,80,"Exact target intensity removes non-base material when the target is base, and symmetrically matches other target intensity values.",PROJECT_SPECIFIC_CANDIDATE_USING_ACCEPTED_B7_B8_LOCAL_IDENTITIES,YES,NO,B9 filter is not represented as an official FIA exact grouping rule.
S20,PA,422301,A,LEVEL2,QA_production_class,YES,QA_STATUS=1|class=PRODUCTION,QA_STATUS=1|class=PRODUCTION;QA_STATUS=7|class=PRODUCTION,1774,0,Production versus non-production class is matched; QA codes 1 and 7 are both production.,PROJECT_SPECIFIC_CANDIDATE_USING_ACCEPTED_B7_B8_LOCAL_IDENTITIES,YES,NO,B9 filter is not represented as an official FIA exact grouping rule.
S20,PA,422301,A,LEVEL2,raw_DESIGNCD,YES,1,1,1774,0,Exact raw code is checked when both sides are recoverable so normalization cannot hide a design difference.,PROJECT_SPECIFIC_CANDIDATE_USING_ACCEPTED_B7_B8_LOCAL_IDENTITIES,YES,NO,B9 filter is not represented as an official FIA exact grouping rule.
S20,PA,422301,A,LEVEL2,repair_class,YES,R0,R0,1774,0,Exact repair identity preserves the frozen design-resolution path.,PROJECT_SPECIFIC_CANDIDATE_USING_ACCEPTED_B7_B8_LOCAL_IDENTITIES,YES,NO,B9 filter is not represented as an official FIA exact grouping rule.
S20,PA,422301,A,LEVEL2,special_nonfederal_augmentation_identity,YES,NO_SEPARATE_EXPLICIT_EXCEPTION_FLAG_RECOVERED,NO_SEPARATE_EXPLICIT_EXCEPTION_FLAG_RECOVERED,1774,0,Any separately explicit local exception would require the same target identity; none was separately recovered beyond design/intensity fields.,PROJECT_SPECIFIC_CANDIDATE_USING_ACCEPTED_B7_B8_LOCAL_IDENTITIES,YES,NO,B9 filter is not represented as an official FIA exact grouping rule.
S20,PA,422301,A,LEVEL2,KINDCD,NO,2,1;2,1774,0,Descriptive inventory only under the frozen B9 task; not used to exclude material.,B9_TASK_EXPLICITLY_DESCRIPTIVE_OR_NOT_ENUMERATED_AS_HARD_FILTER,YES,YES,Variation is recorded for mainline review and is not silently promoted into a filter.
S20,PA,422301,A,LEVEL2,MANUAL,NO,7,7;8;9;9.1,1774,0,Descriptive inventory only under the frozen B9 task; not used to exclude material.,B9_TASK_EXPLICITLY_DESCRIPTIVE_OR_NOT_ENUMERATED_AS_HARD_FILTER,YES,YES,Variation is recorded for mainline review and is not silently promoted into a filter.
S20,PA,422301,A,LEVEL2,MEASYEAR,NO,2018,2018;2019;2020;2021;2022;2023,1774,0,Descriptive inventory only under the frozen B9 task; not used to exclude material.,B9_TASK_EXPLICITLY_DESCRIPTIVE_OR_NOT_ENUMERATED_AS_HARD_FILTER,YES,YES,Variation is recorded for mainline review and is not silently promoted into a filter.
S20,PA,422301,A,LEVEL2,NF_regional_flags,NO,NF_SAMPLE=0|NF_PLOT=MISSING|RSCD=24,NF_SAMPLE=0|NF_PLOT=MISSING|RSCD=24;NF_SAMPLE=MISSING|NF_PLOT=MISSING|RSCD=24,1774,0,Descriptive inventory only under the frozen B9 task; not used to exclude material.,B9_TASK_EXPLICITLY_DESCRIPTIVE_OR_NOT_ENUMERATED_AS_HARD_FILTER,YES,YES,Variation is recorded for mainline review and is not silently promoted into a filter.
S20,PA,422301,A,LEVEL2,PLOT_STATUS_CD,NO,1,1;2,1774,0,Descriptive inventory only under the frozen B9 task; not used to exclude material.,B9_TASK_EXPLICITLY_DESCRIPTIVE_OR_NOT_ENUMERATED_AS_HARD_FILTER,YES,YES,Variation is recorded for mainline review and is not silently promoted into a filter.
S20,PA,422301,A,LEVEL2,SAMP_METHOD_CD,NO,1,1;2,1774,0,Descriptive inventory only under the frozen B9 task; not used to exclude material.,B9_TASK_EXPLICITLY_DESCRIPTIVE_OR_NOT_ENUMERATED_AS_HARD_FILTER,YES,YES,Variation is recorded for mainline review and is not silently promoted into a filter.
S20,PA,422301,A,LEVEL2,SUBPANEL,NO,0,0,1774,0,Descriptive inventory only under the frozen B9 task; not used to exclude material.,B9_TASK_EXPLICITLY_DESCRIPTIVE_OR_NOT_ENUMERATED_AS_HARD_FILTER,YES,NO,Variation is recorded for mainline review and is not silently promoted into a filter.
S20,PA,422301,A,LEVEL2,regional_manual,NO,NCRS=MISSING|NERS=7|RMRS=MISSING,NCRS=MISSING|NERS=7|RMRS=MISSING;NCRS=MISSING|NERS=8|RMRS=MISSING;NCRS=MISSING|NERS=9.01|RMRS=MISSING;NCRS=MISSING|NERS=9.1|RMRS=MISSING,1774,0,Descriptive inventory only under the frozen B9 task; not used to exclude material.,B9_TASK_EXPLICITLY_DESCRIPTIVE_OR_NOT_ENUMERATED_AS_HARD_FILTER,YES,YES,Variation is recorded for mainline review and is not silently promoted into a filter.
S21,VA,512301,A,LEVEL1,DESIGNCD,YES,xwalk=1|plot=1,xwalk=1|plot=1,287,0,"Exact target match prevents mixing national/special design codes, including WA 501 versus 502.",PROJECT_SPECIFIC_CANDIDATE_USING_ACCEPTED_B7_B8_LOCAL_IDENTITIES,YES,NO,B9 filter is not represented as an official FIA exact grouping rule.
S21,VA,512301,A,LEVEL1,INTENSITY,YES,1,1,287,0,"Exact target intensity removes non-base material when the target is base, and symmetrically matches other target intensity values.",PROJECT_SPECIFIC_CANDIDATE_USING_ACCEPTED_B7_B8_LOCAL_IDENTITIES,YES,NO,B9 filter is not represented as an official FIA exact grouping rule.
S21,VA,512301,A,LEVEL1,QA_production_class,YES,QA_STATUS=1|class=PRODUCTION,QA_STATUS=1|class=PRODUCTION;QA_STATUS=7|class=PRODUCTION,287,0,Production versus non-production class is matched; QA codes 1 and 7 are both production.,PROJECT_SPECIFIC_CANDIDATE_USING_ACCEPTED_B7_B8_LOCAL_IDENTITIES,YES,NO,B9 filter is not represented as an official FIA exact grouping rule.
S21,VA,512301,A,LEVEL1,raw_DESIGNCD,YES,1,1,287,0,Exact raw code is checked when both sides are recoverable so normalization cannot hide a design difference.,PROJECT_SPECIFIC_CANDIDATE_USING_ACCEPTED_B7_B8_LOCAL_IDENTITIES,YES,NO,B9 filter is not represented as an official FIA exact grouping rule.
S21,VA,512301,A,LEVEL1,repair_class,YES,R0,R0,287,0,Exact repair identity preserves the frozen design-resolution path.,PROJECT_SPECIFIC_CANDIDATE_USING_ACCEPTED_B7_B8_LOCAL_IDENTITIES,YES,NO,B9 filter is not represented as an official FIA exact grouping rule.
S21,VA,512301,A,LEVEL1,special_nonfederal_augmentation_identity,YES,NO_SEPARATE_EXPLICIT_EXCEPTION_FLAG_RECOVERED,NO_SEPARATE_EXPLICIT_EXCEPTION_FLAG_RECOVERED,287,0,Any separately explicit local exception would require the same target identity; none was separately recovered beyond design/intensity fields.,PROJECT_SPECIFIC_CANDIDATE_USING_ACCEPTED_B7_B8_LOCAL_IDENTITIES,YES,NO,B9 filter is not represented as an official FIA exact grouping rule.
S21,VA,512301,A,LEVEL1,KINDCD,NO,2,1;2,287,0,Descriptive inventory only under the frozen B9 task; not used to exclude material.,B9_TASK_EXPLICITLY_DESCRIPTIVE_OR_NOT_ENUMERATED_AS_HARD_FILTER,YES,YES,Variation is recorded for mainline review and is not silently promoted into a filter.
S21,VA,512301,A,LEVEL1,MANUAL,NO,9,9;9.2,287,0,Descriptive inventory only under the frozen B9 task; not used to exclude material.,B9_TASK_EXPLICITLY_DESCRIPTIVE_OR_NOT_ENUMERATED_AS_HARD_FILTER,YES,YES,Variation is recorded for mainline review and is not silently promoted into a filter.
S21,VA,512301,A,LEVEL1,MEASYEAR,NO,2020,2020;2021;2022;2023;2024,287,0,Descriptive inventory only under the frozen B9 task; not used to exclude material.,B9_TASK_EXPLICITLY_DESCRIPTIVE_OR_NOT_ENUMERATED_AS_HARD_FILTER,YES,YES,Variation is recorded for mainline review and is not silently promoted into a filter.
S21,VA,512301,A,LEVEL1,NF_regional_flags,NO,NF_SAMPLE=MISSING|NF_PLOT=MISSING|RSCD=33,NF_SAMPLE=0|NF_PLOT=MISSING|RSCD=33;NF_SAMPLE=MISSING|NF_PLOT=MISSING|RSCD=33,287,0,Descriptive inventory only under the frozen B9 task; not used to exclude material.,B9_TASK_EXPLICITLY_DESCRIPTIVE_OR_NOT_ENUMERATED_AS_HARD_FILTER,YES,YES,Variation is recorded for mainline review and is not silently promoted into a filter.
S21,VA,512301,A,LEVEL1,PLOT_STATUS_CD,NO,2,1;2,287,0,Descriptive inventory only under the frozen B9 task; not used to exclude material.,B9_TASK_EXPLICITLY_DESCRIPTIVE_OR_NOT_ENUMERATED_AS_HARD_FILTER,YES,YES,Variation is recorded for mainline review and is not silently promoted into a filter.
S21,VA,512301,A,LEVEL1,SAMP_METHOD_CD,NO,2,1;2,287,0,Descriptive inventory only under the frozen B9 task; not used to exclude material.,B9_TASK_EXPLICITLY_DESCRIPTIVE_OR_NOT_ENUMERATED_AS_HARD_FILTER,YES,YES,Variation is recorded for mainline review and is not silently promoted into a filter.
S21,VA,512301,A,LEVEL1,SUBPANEL,NO,2,1;2,287,0,Descriptive inventory only under the frozen B9 task; not used to exclude material.,B9_TASK_EXPLICITLY_DESCRIPTIVE_OR_NOT_ENUMERATED_AS_HARD_FILTER,YES,YES,Variation is recorded for mainline review and is not silently promoted into a filter.
S21,VA,512301,A,LEVEL1,regional_manual,NO,NCRS=MISSING|NERS=MISSING|RMRS=MISSING,NCRS=MISSING|NERS=MISSING|RMRS=MISSING,287,0,Descriptive inventory only under the frozen B9 task; not used to exclude material.,B9_TASK_EXPLICITLY_DESCRIPTIVE_OR_NOT_ENUMERATED_AS_HARD_FILTER,YES,NO,Variation is recorded for mainline review and is not silently promoted into a filter.
S22,WA,532301,A,LEVEL1,DESIGNCD,YES,xwalk=501|plot=501,xwalk=501|plot=501;xwalk=502|plot=502,1330,551,"Exact target match prevents mixing national/special design codes, including WA 501 versus 502.",PROJECT_SPECIFIC_CANDIDATE_USING_ACCEPTED_B7_B8_LOCAL_IDENTITIES,YES,NO,B9 filter is not represented as an official FIA exact grouping rule.
S22,WA,532301,A,LEVEL1,INTENSITY,YES,201,1;201;202;203;204,1330,820,"Exact target intensity removes non-base material when the target is base, and symmetrically matches other target intensity values.",PROJECT_SPECIFIC_CANDIDATE_USING_ACCEPTED_B7_B8_LOCAL_IDENTITIES,YES,NO,B9 filter is not represented as an official FIA exact grouping rule.
S22,WA,532301,A,LEVEL1,QA_production_class,YES,QA_STATUS=1|class=PRODUCTION,QA_STATUS=1|class=PRODUCTION;QA_STATUS=7|class=PRODUCTION,1330,0,Production versus non-production class is matched; QA codes 1 and 7 are both production.,PROJECT_SPECIFIC_CANDIDATE_USING_ACCEPTED_B7_B8_LOCAL_IDENTITIES,YES,NO,B9 filter is not represented as an official FIA exact grouping rule.
S22,WA,532301,A,LEVEL1,raw_DESIGNCD,YES,501,501;502,1330,551,Exact raw code is checked when both sides are recoverable so normalization cannot hide a design difference.,PROJECT_SPECIFIC_CANDIDATE_USING_ACCEPTED_B7_B8_LOCAL_IDENTITIES,YES,NO,B9 filter is not represented as an official FIA exact grouping rule.
S22,WA,532301,A,LEVEL1,repair_class,YES,R0,R0,1330,0,Exact repair identity preserves the frozen design-resolution path.,PROJECT_SPECIFIC_CANDIDATE_USING_ACCEPTED_B7_B8_LOCAL_IDENTITIES,YES,NO,B9 filter is not represented as an official FIA exact grouping rule.
S22,WA,532301,A,LEVEL1,special_nonfederal_augmentation_identity,YES,NO_SEPARATE_EXPLICIT_EXCEPTION_FLAG_RECOVERED,NO_SEPARATE_EXPLICIT_EXCEPTION_FLAG_RECOVERED,1330,0,Any separately explicit local exception would require the same target identity; none was separately recovered beyond design/intensity fields.,PROJECT_SPECIFIC_CANDIDATE_USING_ACCEPTED_B7_B8_LOCAL_IDENTITIES,YES,NO,B9 filter is not represented as an official FIA exact grouping rule.
S22,WA,532301,A,LEVEL1,KINDCD,NO,2,1;2,1330,0,Descriptive inventory only under the frozen B9 task; not used to exclude material.,B9_TASK_EXPLICITLY_DESCRIPTIVE_OR_NOT_ENUMERATED_AS_HARD_FILTER,YES,YES,Variation is recorded for mainline review and is not silently promoted into a filter.
S22,WA,532301,A,LEVEL1,MANUAL,NO,7.2,6;7.1;7.2;8;9;9.1;9.2;9.3;9.4,1330,0,Descriptive inventory only under the frozen B9 task; not used to exclude material.,B9_TASK_EXPLICITLY_DESCRIPTIVE_OR_NOT_ENUMERATED_AS_HARD_FILTER,YES,YES,Variation is recorded for mainline review and is not silently promoted into a filter.
S22,WA,532301,A,LEVEL1,MEASYEAR,NO,2018,2013;2017;2018;2019;2020;2022;2023;2024;2025,1330,0,Descriptive inventory only under the frozen B9 task; not used to exclude material.,B9_TASK_EXPLICITLY_DESCRIPTIVE_OR_NOT_ENUMERATED_AS_HARD_FILTER,YES,YES,Variation is recorded for mainline review and is not silently promoted into a filter.
S22,WA,532301,A,LEVEL1,NF_regional_flags,NO,NF_SAMPLE=1|NF_PLOT=MISSING|RSCD=26,NF_SAMPLE=0|NF_PLOT=MISSING|RSCD=26;NF_SAMPLE=1|NF_PLOT=1|RSCD=26;NF_SAMPLE=1|NF_PLOT=3|RSCD=26;NF_SAMPLE=1|NF_PLOT=MISSING|RSCD=26;NF_SAMPLE=MISSING|NF_PLOT=MISSING|RSCD=26,1330,0,Descriptive inventory only under the frozen B9 task; not used to exclude material.,B9_TASK_EXPLICITLY_DESCRIPTIVE_OR_NOT_ENUMERATED_AS_HARD_FILTER,YES,YES,Variation is recorded for mainline review and is not silently promoted into a filter.
S22,WA,532301,A,LEVEL1,PLOT_STATUS_CD,NO,1,1;2;3,1330,0,Descriptive inventory only under the frozen B9 task; not used to exclude material.,B9_TASK_EXPLICITLY_DESCRIPTIVE_OR_NOT_ENUMERATED_AS_HARD_FILTER,YES,YES,Variation is recorded for mainline review and is not silently promoted into a filter.
S22,WA,532301,A,LEVEL1,SAMP_METHOD_CD,NO,1,1;2,1330,0,Descriptive inventory only under the frozen B9 task; not used to exclude material.,B9_TASK_EXPLICITLY_DESCRIPTIVE_OR_NOT_ENUMERATED_AS_HARD_FILTER,YES,YES,Variation is recorded for mainline review and is not silently promoted into a filter.
S22,WA,532301,A,LEVEL1,SUBPANEL,NO,2,1;2,1330,0,Descriptive inventory only under the frozen B9 task; not used to exclude material.,B9_TASK_EXPLICITLY_DESCRIPTIVE_OR_NOT_ENUMERATED_AS_HARD_FILTER,YES,YES,Variation is recorded for mainline review and is not silently promoted into a filter.
S22,WA,532301,A,LEVEL1,regional_manual,NO,NCRS=MISSING|NERS=MISSING|RMRS=MISSING,NCRS=MISSING|NERS=MISSING|RMRS=MISSING,1330,0,Descriptive inventory only under the frozen B9 task; not used to exclude material.,B9_TASK_EXPLICITLY_DESCRIPTIVE_OR_NOT_ENUMERATED_AS_HARD_FILTER,YES,NO,Variation is recorded for mainline review and is not silently promoted into a filter.
S23,WA,532301,A,LEVEL1,DESIGNCD,YES,xwalk=502|plot=502,xwalk=501|plot=501;xwalk=502|plot=502,1330,779,"Exact target match prevents mixing national/special design codes, including WA 501 versus 502.",PROJECT_SPECIFIC_CANDIDATE_USING_ACCEPTED_B7_B8_LOCAL_IDENTITIES,YES,NO,B9 filter is not represented as an official FIA exact grouping rule.
S23,WA,532301,A,LEVEL1,INTENSITY,YES,201,1;201;202;203;204,1330,820,"Exact target intensity removes non-base material when the target is base, and symmetrically matches other target intensity values.",PROJECT_SPECIFIC_CANDIDATE_USING_ACCEPTED_B7_B8_LOCAL_IDENTITIES,YES,NO,B9 filter is not represented as an official FIA exact grouping rule.
S23,WA,532301,A,LEVEL1,QA_production_class,YES,QA_STATUS=1|class=PRODUCTION,QA_STATUS=1|class=PRODUCTION;QA_STATUS=7|class=PRODUCTION,1330,0,Production versus non-production class is matched; QA codes 1 and 7 are both production.,PROJECT_SPECIFIC_CANDIDATE_USING_ACCEPTED_B7_B8_LOCAL_IDENTITIES,YES,NO,B9 filter is not represented as an official FIA exact grouping rule.
S23,WA,532301,A,LEVEL1,raw_DESIGNCD,YES,502,501;502,1330,779,Exact raw code is checked when both sides are recoverable so normalization cannot hide a design difference.,PROJECT_SPECIFIC_CANDIDATE_USING_ACCEPTED_B7_B8_LOCAL_IDENTITIES,YES,NO,B9 filter is not represented as an official FIA exact grouping rule.
S23,WA,532301,A,LEVEL1,repair_class,YES,R0,R0,1330,0,Exact repair identity preserves the frozen design-resolution path.,PROJECT_SPECIFIC_CANDIDATE_USING_ACCEPTED_B7_B8_LOCAL_IDENTITIES,YES,NO,B9 filter is not represented as an official FIA exact grouping rule.
S23,WA,532301,A,LEVEL1,special_nonfederal_augmentation_identity,YES,NO_SEPARATE_EXPLICIT_EXCEPTION_FLAG_RECOVERED,NO_SEPARATE_EXPLICIT_EXCEPTION_FLAG_RECOVERED,1330,0,Any separately explicit local exception would require the same target identity; none was separately recovered beyond design/intensity fields.,PROJECT_SPECIFIC_CANDIDATE_USING_ACCEPTED_B7_B8_LOCAL_IDENTITIES,YES,NO,B9 filter is not represented as an official FIA exact grouping rule.
S23,WA,532301,A,LEVEL1,KINDCD,NO,2,1;2,1330,0,Descriptive inventory only under the frozen B9 task; not used to exclude material.,B9_TASK_EXPLICITLY_DESCRIPTIVE_OR_NOT_ENUMERATED_AS_HARD_FILTER,YES,YES,Variation is recorded for mainline review and is not silently promoted into a filter.
S23,WA,532301,A,LEVEL1,MANUAL,NO,9.2,6;7.1;7.2;8;9;9.1;9.2;9.3;9.4,1330,0,Descriptive inventory only under the frozen B9 task; not used to exclude material.,B9_TASK_EXPLICITLY_DESCRIPTIVE_OR_NOT_ENUMERATED_AS_HARD_FILTER,YES,YES,Variation is recorded for mainline review and is not silently promoted into a filter.
S23,WA,532301,A,LEVEL1,MEASYEAR,NO,2023,2013;2017;2018;2019;2020;2022;2023;2024;2025,1330,0,Descriptive inventory only under the frozen B9 task; not used to exclude material.,B9_TASK_EXPLICITLY_DESCRIPTIVE_OR_NOT_ENUMERATED_AS_HARD_FILTER,YES,YES,Variation is recorded for mainline review and is not silently promoted into a filter.
S23,WA,532301,A,LEVEL1,NF_regional_flags,NO,NF_SAMPLE=0|NF_PLOT=MISSING|RSCD=26,NF_SAMPLE=0|NF_PLOT=MISSING|RSCD=26;NF_SAMPLE=1|NF_PLOT=1|RSCD=26;NF_SAMPLE=1|NF_PLOT=3|RSCD=26;NF_SAMPLE=1|NF_PLOT=MISSING|RSCD=26;NF_SAMPLE=MISSING|NF_PLOT=MISSING|RSCD=26,1330,0,Descriptive inventory only under the frozen B9 task; not used to exclude material.,B9_TASK_EXPLICITLY_DESCRIPTIVE_OR_NOT_ENUMERATED_AS_HARD_FILTER,YES,YES,Variation is recorded for mainline review and is not silently promoted into a filter.
S23,WA,532301,A,LEVEL1,PLOT_STATUS_CD,NO,1,1;2;3,1330,0,Descriptive inventory only under the frozen B9 task; not used to exclude material.,B9_TASK_EXPLICITLY_DESCRIPTIVE_OR_NOT_ENUMERATED_AS_HARD_FILTER,YES,YES,Variation is recorded for mainline review and is not silently promoted into a filter.
S23,WA,532301,A,LEVEL1,SAMP_METHOD_CD,NO,1,1;2,1330,0,Descriptive inventory only under the frozen B9 task; not used to exclude material.,B9_TASK_EXPLICITLY_DESCRIPTIVE_OR_NOT_ENUMERATED_AS_HARD_FILTER,YES,YES,Variation is recorded for mainline review and is not silently promoted into a filter.
S23,WA,532301,A,LEVEL1,SUBPANEL,NO,1,1;2,1330,0,Descriptive inventory only under the frozen B9 task; not used to exclude material.,B9_TASK_EXPLICITLY_DESCRIPTIVE_OR_NOT_ENUMERATED_AS_HARD_FILTER,YES,YES,Variation is recorded for mainline review and is not silently promoted into a filter.
S23,WA,532301,A,LEVEL1,regional_manual,NO,NCRS=MISSING|NERS=MISSING|RMRS=MISSING,NCRS=MISSING|NERS=MISSING|RMRS=MISSING,1330,0,Descriptive inventory only under the frozen B9 task; not used to exclude material.,B9_TASK_EXPLICITLY_DESCRIPTIVE_OR_NOT_ENUMERATED_AS_HARD_FILTER,YES,NO,Variation is recorded for mainline review and is not silently promoted into a filter.
S24,WA,532301,A,LEVEL1,DESIGNCD,YES,xwalk=502|plot=502,xwalk=501|plot=501;xwalk=502|plot=502,138,73,"Exact target match prevents mixing national/special design codes, including WA 501 versus 502.",PROJECT_SPECIFIC_CANDIDATE_USING_ACCEPTED_B7_B8_LOCAL_IDENTITIES,YES,NO,B9 filter is not represented as an official FIA exact grouping rule.
S24,WA,532301,A,LEVEL1,INTENSITY,YES,1,1,138,0,"Exact target intensity removes non-base material when the target is base, and symmetrically matches other target intensity values.",PROJECT_SPECIFIC_CANDIDATE_USING_ACCEPTED_B7_B8_LOCAL_IDENTITIES,YES,NO,B9 filter is not represented as an official FIA exact grouping rule.
S24,WA,532301,A,LEVEL1,QA_production_class,YES,QA_STATUS=1|class=PRODUCTION,QA_STATUS=1|class=PRODUCTION;QA_STATUS=7|class=PRODUCTION,138,0,Production versus non-production class is matched; QA codes 1 and 7 are both production.,PROJECT_SPECIFIC_CANDIDATE_USING_ACCEPTED_B7_B8_LOCAL_IDENTITIES,YES,NO,B9 filter is not represented as an official FIA exact grouping rule.
S24,WA,532301,A,LEVEL1,raw_DESIGNCD,YES,502,501;502,138,73,Exact raw code is checked when both sides are recoverable so normalization cannot hide a design difference.,PROJECT_SPECIFIC_CANDIDATE_USING_ACCEPTED_B7_B8_LOCAL_IDENTITIES,YES,NO,B9 filter is not represented as an official FIA exact grouping rule.
S24,WA,532301,A,LEVEL1,repair_class,YES,R0,R0,138,0,Exact repair identity preserves the frozen design-resolution path.,PROJECT_SPECIFIC_CANDIDATE_USING_ACCEPTED_B7_B8_LOCAL_IDENTITIES,YES,NO,B9 filter is not represented as an official FIA exact grouping rule.
S24,WA,532301,A,LEVEL1,special_nonfederal_augmentation_identity,YES,NO_SEPARATE_EXPLICIT_EXCEPTION_FLAG_RECOVERED,NO_SEPARATE_EXPLICIT_EXCEPTION_FLAG_RECOVERED,138,0,Any separately explicit local exception would require the same target identity; none was separately recovered beyond design/intensity fields.,PROJECT_SPECIFIC_CANDIDATE_USING_ACCEPTED_B7_B8_LOCAL_IDENTITIES,YES,NO,B9 filter is not represented as an official FIA exact grouping rule.
S24,WA,532301,A,LEVEL1,KINDCD,NO,2,1;2,138,0,Descriptive inventory only under the frozen B9 task; not used to exclude material.,B9_TASK_EXPLICITLY_DESCRIPTIVE_OR_NOT_ENUMERATED_AS_HARD_FILTER,YES,YES,Variation is recorded for mainline review and is not silently promoted into a filter.
S24,WA,532301,A,LEVEL1,MANUAL,NO,7.1,7.1;7.2;8;9;9.1;9.2;9.3;9.4,138,0,Descriptive inventory only under the frozen B9 task; not used to exclude material.,B9_TASK_EXPLICITLY_DESCRIPTIVE_OR_NOT_ENUMERATED_AS_HARD_FILTER,YES,YES,Variation is recorded for mainline review and is not silently promoted into a filter.
S24,WA,532301,A,LEVEL1,MEASYEAR,NO,2017,2017;2018;2019;2020;2022;2023;2024;2025,138,0,Descriptive inventory only under the frozen B9 task; not used to exclude material.,B9_TASK_EXPLICITLY_DESCRIPTIVE_OR_NOT_ENUMERATED_AS_HARD_FILTER,YES,YES,Variation is recorded for mainline review and is not silently promoted into a filter.
S24,WA,532301,A,LEVEL1,NF_regional_flags,NO,NF_SAMPLE=1|NF_PLOT=MISSING|RSCD=26,NF_SAMPLE=0|NF_PLOT=MISSING|RSCD=26;NF_SAMPLE=1|NF_PLOT=1|RSCD=26;NF_SAMPLE=1|NF_PLOT=3|RSCD=26;NF_SAMPLE=1|NF_PLOT=MISSING|RSCD=26,138,0,Descriptive inventory only under the frozen B9 task; not used to exclude material.,B9_TASK_EXPLICITLY_DESCRIPTIVE_OR_NOT_ENUMERATED_AS_HARD_FILTER,YES,YES,Variation is recorded for mainline review and is not silently promoted into a filter.
S24,WA,532301,A,LEVEL1,PLOT_STATUS_CD,NO,1,1;2,138,0,Descriptive inventory only under the frozen B9 task; not used to exclude material.,B9_TASK_EXPLICITLY_DESCRIPTIVE_OR_NOT_ENUMERATED_AS_HARD_FILTER,YES,YES,Variation is recorded for mainline review and is not silently promoted into a filter.
S24,WA,532301,A,LEVEL1,SAMP_METHOD_CD,NO,1,1;2,138,0,Descriptive inventory only under the frozen B9 task; not used to exclude material.,B9_TASK_EXPLICITLY_DESCRIPTIVE_OR_NOT_ENUMERATED_AS_HARD_FILTER,YES,YES,Variation is recorded for mainline review and is not silently promoted into a filter.
S24,WA,532301,A,LEVEL1,SUBPANEL,NO,2,1;2,138,0,Descriptive inventory only under the frozen B9 task; not used to exclude material.,B9_TASK_EXPLICITLY_DESCRIPTIVE_OR_NOT_ENUMERATED_AS_HARD_FILTER,YES,YES,Variation is recorded for mainline review and is not silently promoted into a filter.
S24,WA,532301,A,LEVEL1,regional_manual,NO,NCRS=MISSING|NERS=MISSING|RMRS=MISSING,NCRS=MISSING|NERS=MISSING|RMRS=MISSING,138,0,Descriptive inventory only under the frozen B9 task; not used to exclude material.,B9_TASK_EXPLICITLY_DESCRIPTIVE_OR_NOT_ENUMERATED_AS_HARD_FILTER,YES,NO,Variation is recorded for mainline review and is not silently promoted into a filter.
