K,block,start_realization,end_realization,orientation,strong_gain_pp,paired_null_gain_pp,separation_pp,strong_geometry_coverage,paired_null_geometry_coverage,STRONG_hellinger_median,PAIRED_NULL_hellinger_median,STRONG_sliced_wasserstein_km_median,PAIRED_NULL_sliced_wasserstein_km_median,STRONG_geometry_coverage_crosscheck,PAIRED_NULL_geometry_coverage_crosscheck,BA_minus_AB_separation_pp
1,1,1,1,AB,-8.9207201569741,3.427374718787842,-13.361913199412184,1.0,0.875,0.10692655860855985,0.11110834612525355,3.0005609425345607,3.841073861766339,1.0,0.875,-11.04844457863266
1,1,1,1,BA,-17.963735860511786,3.9347760310192315,-24.410357778044844,1.0,0.875,0.13767263971783794,0.13440843432905092,3.9385790982801208,4.471580760811036,1.0,0.875,-11.04844457863266
1,2,2,2,AB,-4.4033706686929435,4.451792352913963,-8.888197149027349,1.0,0.8125,0.11034153395638385,0.11095628358275275,3.020858965626541,3.6973233602621116,1.0,0.8125,-19.731200369947945
1,2,2,2,BA,-25.229146544049467,3.3902509749258267,-28.619397518975294,0.9375,0.875,0.1357767831368521,0.13341309532916346,3.4891382994004996,4.169906238851997,0.9375,0.875,-19.731200369947945
1,3,3,3,AB,-12.255502769745316,3.1084959564301533,-15.82700588536693,1.0,0.875,0.10962932240610283,0.11300710953575002,3.219196185962023,3.771625603205551,1.0,0.875,-12.276712028067575
1,3,3,3,BA,-29.010794938747974,3.6141398296716014,-28.103717913434505,0.9375,0.875,0.13398273412460893,0.13361812213176077,3.8126005876433045,4.532478643479134,0.9375,0.875,-12.276712028067575
1,4,4,4,AB,-7.400178758862342,4.48437178761783,-11.884550546480172,1.0,0.875,0.11141191732268027,0.1102618835507935,3.0719295581857806,3.7490593247767867,1.0,0.875,-14.770768504122499
1,4,4,4,BA,-22.279272649925108,4.142159983217097,-26.65531905060267,0.9375,0.875,0.13303019513374686,0.1357367056328657,3.44897573116505,4.449503032808742,0.9375,0.875,-14.770768504122499
1,5,5,5,AB,-12.01502865105128,3.9936554797896124,-15.067003266150335,1.0,0.875,0.10773933037639111,0.11003562005200904,3.0111192030457437,3.7527038462326745,1.0,0.875,-10.499401447157355
1,5,5,5,BA,-20.383062677865592,3.8533963625849372,-25.56640471330769,0.9375,0.875,0.13394431439426382,0.13510420973292667,3.6998984350615247,4.680723929332912,0.9375,0.875,-10.499401447157355
1,6,6,6,AB,-8.596187311579712,4.137471602862964,-12.733658914442675,1.0,0.8125,0.1098534096072275,0.10894137575766555,2.8585429047999877,3.284363353548037,1.0,0.8125,-16.70496284442269
1,6,6,6,BA,-25.303323030403728,3.117867853307992,-29.438621758865363,0.9375,0.875,0.1329763839886885,0.13681988827911473,3.7542780674189338,4.2921380483879465,0.9375,0.875,-16.70496284442269
1,7,7,7,AB,-7.657686962809541,4.163024042539793,-13.227497679711163,1.0,0.875,0.10866664562207884,0.10850800047784925,2.87198009146179,3.6722158849123065,1.0,0.875,-10.113222943069488
1,7,7,7,BA,-20.096463865230827,3.244256757549823,-23.34072062278065,1.0,0.875,0.13246376458301806,0.1361100445117382,3.8380680337278177,4.557900658173109,1.0,0.875,-10.113222943069488
1,8,8,8,AB,-3.284469918396327,2.901970613098281,-6.259469897856857,1.0,0.875,0.11125593339491296,0.11126018406536317,3.253583310695473,3.8150156052720385,1.0,0.875,-20.9349710096312
1,8,8,8,BA,-25.96506333690767,4.567409993312294,-27.194440907488058,0.9375,0.875,0.1332289973360816,0.14056388869267655,3.9989141020735177,4.604674091000898,0.9375,0.875,-20.9349710096312
1,9,9,9,AB,-9.63905473625119,2.8813661192989803,-14.424021340251759,1.0,0.875,0.11248950870568752,0.11451974120080612,2.923085740469344,3.4069444949108583,1.0,0.875,-11.956911988468239
1,9,9,9,BA,-22.20669784928917,4.174235479430826,-26.380933328719998,0.9375,0.875,0.13458263090796893,0.13474371079387248,3.335477584224618,4.273477617818198,0.9375,0.875,-11.956911988468239
1,10,10,10,AB,-8.97616849292197,3.945874366687227,-12.922042859609196,1.0,0.875,0.10964845884782103,0.11001138014573428,2.9617896414918725,3.280233435112918,1.0,0.875,-13.017604599714591
1,10,10,10,BA,-23.157742630597653,4.278379012578361,-25.939647459323787,0.9375,0.875,0.1322096845982902,0.13605302149178,3.9128384200548236,4.202252177226976,0.9375,0.875,-13.017604599714591
1,11,11,11,AB,-9.27768299533389,3.864881206642532,-13.349219608466296,1.0,0.875,0.11126561600117954,0.11014155065492462,2.7013077052066006,3.999584830803596,1.0,0.875,-17.697090781290783
1,11,11,11,BA,-27.842693373548318,3.476684429922038,-31.04631038975708,0.9375,0.875,0.13452264742733283,0.1356600282432982,3.8309366778401355,4.308445042115697,0.9375,0.875,-17.697090781290783
1,12,12,12,AB,-10.75832218078225,3.054020968099432,-11.425173048688524,1.0,0.875,0.10826223617676844,0.11571216372382764,3.131221474279618,3.2593025272272538,1.0,0.875,-13.708778516790868
1,12,12,12,BA,-22.069566913673835,2.9799299123320213,-25.133951565479393,0.9375,0.875,0.13245352782192368,0.1348701879911352,3.696816114949992,4.754108961036215,0.9375,0.875,-13.708778516790868
1,13,13,13,AB,-3.2759929524374822,4.001299395086556,-7.951062497942245,1.0,0.875,0.10593348471062297,0.11068061250525796,2.957763330334256,3.628519291416855,1.0,0.875,-20.106229668068988
1,13,13,13,BA,-25.64167753730735,3.7028049897124133,-28.057292166011234,0.9375,0.875,0.13523183031173003,0.13472821135900934,3.9268585947055348,4.390149360819855,0.9375,0.875,-20.106229668068988
1,14,14,14,AB,-12.748518931062167,3.805481184700668,-16.554000115762836,1.0,0.875,0.10953927480399289,0.11023698748287733,2.9079172395443327,3.626137535015781,1.0,0.875,-11.525060735718814
1,14,14,14,BA,-24.408785772826878,3.670275078654773,-28.07906085148165,0.9375,0.875,0.13464360223378347,0.13277700176443774,3.8094742310025156,4.49311067211743,0.9375,0.875,-11.525060735718814
1,15,15,15,AB,-9.385640548989228,2.3036426467179334,-11.637530918418966,1.0,0.875,0.109438454748063,0.11173511524437527,2.950842428984238,3.4345563786496998,1.0,0.875,-9.836232960081562
1,15,15,15,BA,-21.642716210051923,4.119900668535512,-21.473763878500527,0.9375,0.875,0.13651131786029247,0.1371052263187359,3.6464599726955687,4.721127633922421,0.9375,0.875,-9.836232960081562
1,16,16,16,AB,-7.62549627089146,3.9430956714438294,-12.250129971672571,1.0,0.875,0.10900239296895928,0.11027798880574363,2.7381894357002428,3.757477849089153,1.0,0.875,-12.942947386710056
1,16,16,16,BA,-21.29442045042903,3.898656907953596,-25.193077358382627,0.9375,0.8125,0.1333605588286568,0.13729788712223023,3.432825661376002,4.535463087793264,0.9375,0.8125,-12.942947386710056
1,17,17,17,AB,-12.879637324702545,4.45812180726485,-17.337759131967395,1.0,0.8125,0.10904126177072485,0.11124080165016763,2.945964759832879,3.720325941901619,1.0,0.8125,-16.59886173397056
1,17,17,17,BA,-30.15485745680453,3.781763409133427,-33.936620865937954,0.9375,0.875,0.13063481775106345,0.13959957023604308,3.523909532229961,4.66221794275834,0.9375,0.875,-16.59886173397056
1,18,18,18,AB,-7.359397263047775,4.42860191052392,-11.787999173571695,1.0,0.8125,0.10758733327399794,0.11242104539557868,2.886089098120454,3.586260028358142,1.0,0.8125,-9.03479239502898
1,18,18,18,BA,-17.202193860039213,3.2017814471927823,-20.822791568600675,0.9375,0.875,0.1351253611175786,0.13635714624015471,3.9886593002059567,4.419539809762123,0.9375,0.875,-9.03479239502898
1,19,19,19,AB,-3.0339125783728935,3.94132588543033,-7.154497921797058,1.0,0.875,0.10863532119664682,0.11211614791932008,2.690322821918925,3.6091078998735364,1.0,0.875,-13.069351103620832
1,19,19,19,BA,-16.11294519928086,3.0980386022272994,-20.22384902541789,0.9375,0.9375,0.13565670423742626,0.13478669173943808,3.834650253457105,4.849739399429103,0.9375,0.9375,-13.069351103620832
1,20,20,20,AB,-10.023487937334519,4.180838701567868,-11.922941382002916,1.0,0.875,0.11111738163599431,0.11026982681282928,2.8844070627885463,3.631455327342038,1.0,0.875,-9.623926221921034
1,20,20,20,BA,-17.057647941393377,4.320621342501723,-21.54686760392395,1.0,0.8125,0.13415017838178145,0.13703733635263204,3.534527408707647,4.125714192502908,1.0,0.8125,-9.623926221921034
1,21,21,21,AB,-10.954217614891663,4.16285662416213,-15.92208253474848,1.0,0.875,0.10916151231159346,0.11248187114392118,2.9579564397208564,3.5272294383653167,1.0,0.875,-6.561451426983751
1,21,21,21,BA,-18.198678928276003,4.270074985685788,-22.48353396173223,0.9375,0.875,0.13314630231398966,0.13763120489897826,3.908319215455002,4.446861513574628,0.9375,0.875,-6.561451426983751
1,22,22,22,AB,-6.705322268660748,4.304747688203188,-11.426175383212657,1.0,0.875,0.10798479364780525,0.11046771285357672,2.9430408717413643,3.675792974934568,1.0,0.875,-18.94466573934662
1,22,22,22,BA,-24.42109631490674,3.2564962748212105,-30.370841122559277,0.9375,0.875,0.13793883297331447,0.1374207906819314,3.648989067282582,4.775156813885308,0.9375,0.875,-18.94466573934662
1,23,23,23,AB,-13.977939538976157,3.7996730472218703,-17.77761258619803,1.0,0.875,0.10981115517022909,0.11452573270863273,3.2487394349155334,3.6665799738953355,1.0,0.875,-3.7136160461489425
1,23,23,23,BA,-19.42095460879945,2.9337104124797166,-21.49122863234697,0.9375,0.875,0.1339268323851983,0.1387563724804149,3.727304494646335,4.860430424372121,0.9375,0.875,-3.7136160461489425
1,24,24,24,AB,-8.15307804523599,4.153517520326455,-12.306595565562445,1.0,0.8125,0.10881020640743816,0.11053507991766603,3.183334631529897,3.533220388437802,1.0,0.8125,-19.531396374313225
1,24,24,24,BA,-27.029998065219445,3.359900223125358,-31.83799193987567,0.9375,0.875,0.1334437828102168,0.13522594496612628,3.8786469763436284,4.441879680033739,0.9375,0.875,-19.531396374313225
1,25,25,25,AB,-13.998715414633063,4.73259047055341,-18.620448914278498,1.0,0.875,0.10915862602479419,0.11143200302482839,3.0164363476035847,3.5381715584630475,1.0,0.875,-13.329783543869564
1,25,25,25,BA,-30.609535555566094,4.0332783051505166,-31.95023245814806,1.0,0.875,0.1389902432763448,0.13954104616461588,3.7875366499256824,4.235442237794256,1.0,0.875,-13.329783543869564
1,26,26,26,AB,-11.306206609133294,3.754260905999637,-13.928303803757906,1.0,0.875,0.1061290842047791,0.10883794682832151,3.209580918358246,3.6871038627095927,1.0,0.875,-9.171627088005266
1,26,26,26,BA,-22.624351191293368,4.228904226035295,-23.099930891763172,0.9375,0.875,0.13622924193365327,0.13473405592082088,3.845214425267732,4.119542404181777,0.9375,0.875,-9.171627088005266
1,27,27,27,AB,-9.730812445099499,3.6248599751644077,-13.440170222815985,1.0,0.875,0.110857538058956,0.1123014055052016,2.8480525932942324,3.6645985669151826,1.0,0.875,-3.818741238253251
1,27,27,27,BA,-13.012457029134579,3.8843222180097094,-17.258911461069236,1.0,0.875,0.1329412793759371,0.1359289614783068,3.9697320468477866,4.539920304524365,1.0,0.875,-3.818741238253251
1,28,28,28,AB,-7.611615650501403,3.46002039292693,-11.071636043428335,1.0,0.875,0.10879684120482508,0.11121843260369858,3.203541993523633,3.6392078230356475,1.0,0.875,-19.104253718629415
1,28,28,28,BA,-26.339823638362066,3.836066123695684,-30.17588976205775,0.9375,0.875,0.13476446534998088,0.13700949008532845,3.7625059407380927,4.581785664736067,0.9375,0.875,-19.104253718629415
1,29,29,29,AB,-12.589679104163407,4.28052391783724,-19.29652289263987,1.0,0.875,0.11001223288522337,0.11343470782600798,3.017093354740414,3.4784152934540895,1.0,0.875,-0.9134236574771677
1,29,29,29,BA,-17.088834760528925,3.1211117895881118,-20.20994655011704,0.9375,0.875,0.13402136758859318,0.13974435399615492,4.173392783567989,4.115031674511013,0.9375,0.875,-0.9134236574771677
1,30,30,30,AB,-6.215948741130284,4.543616827801616,-11.781027520825832,1.0,0.8125,0.10942884157236646,0.10915885986097806,2.977315350614931,3.765095345900903,1.0,0.8125,-13.607616671757198
1,30,30,30,BA,-20.97478725309047,3.9935911569756666,-25.38864419258303,0.9375,0.875,0.1363685470069951,0.13734581691277986,3.963042864962212,4.6515514838778405,0.9375,0.875,-13.607616671757198
1,31,31,31,AB,-7.340884516496391,3.938375915975623,-11.279260432472014,1.0,0.875,0.10901275436907594,0.11050409913201312,2.925465219411881,3.9217808829733047,1.0,0.875,-13.106233908499838
1,31,31,31,BA,-20.312500048441915,3.6009783887178295,-24.385494340971853,0.9375,0.875,0.13376395091634427,0.1364110433569104,3.7808048756746864,4.488515396427173,0.9375,0.875,-13.106233908499838
1,32,32,32,AB,-12.337084055693822,3.6338435230054627,-14.988278766671229,1.0,0.875,0.11129552789241579,0.11190149799387242,2.9672225425835164,3.7269186311199203,1.0,0.875,-12.092782685644025
1,32,32,32,BA,-24.57307954283948,2.5079819094757725,-27.081061452315254,1.0,0.875,0.13547298617800874,0.135778773321099,3.5872941844800144,4.522125366840241,1.0,0.875,-12.092782685644025
1,33,33,33,AB,-11.94340876463407,3.0702632276037707,-14.398547144837742,1.0,0.875,0.11029807104022331,0.11301651229661164,3.024735178680209,3.578185181025445,1.0,0.875,-13.318599138005055
1,33,33,33,BA,-24.69891866877758,4.301972977370539,-27.717146282842798,1.0,0.875,0.13381558643671024,0.13301785053384665,3.51545861194258,4.421113058539902,1.0,0.875,-13.318599138005055
1,34,34,34,AB,-1.9222533646134385,4.056639240614976,-6.637799293341918,1.0,0.8125,0.10748620081664344,0.1126574180261363,3.0359993011019086,3.7803003778335453,1.0,0.8125,-19.556538065906345
1,34,34,34,BA,-24.183398524633127,3.8923340580929433,-26.194337359248262,1.0,0.875,0.13221378657203234,0.13322507237607048,3.669519622550477,4.0174036387570204,1.0,0.875,-19.556538065906345
1,35,35,35,AB,-10.499603873431765,4.06554840338299,-14.65713500988223,1.0,0.8125,0.10654768859149681,0.11055535255644544,3.0402494291268525,3.222045172331427,1.0,0.8125,-6.7951781937401545
1,35,35,35,BA,-18.14467596800239,3.307637235619996,-21.452313203622385,0.9375,0.8125,0.13208414736634266,0.1385047091172396,3.8868011495160415,4.244920230267626,0.9375,0.8125,-6.7951781937401545
1,36,36,36,AB,-5.939941943081676,4.3158669913678995,-10.255808934449576,1.0,0.875,0.10775757082935425,0.11487254115926461,2.6550837795216213,3.6010713741125797,1.0,0.875,-16.80050624604248
1,36,36,36,BA,-22.25202373341501,4.623309954708333,-27.056315180492057,0.9375,0.875,0.1321405381892521,0.13966307613299217,3.865466225419683,4.486735462034453,0.9375,0.875,-16.80050624604248
1,37,37,37,AB,-12.372762183418905,4.115882684404806,-14.99571249738774,1.0,0.875,0.1051351222262168,0.11255049791252947,3.0974275320970817,3.6617434168470147,1.0,0.875,-8.410528947882682
1,37,37,37,BA,-18.628698558794234,3.5066104712161987,-23.40624144527042,0.9375,0.875,0.12934536193497054,0.13756221541899188,3.5835200876702342,4.577319190810103,0.9375,0.875,-8.410528947882682
1,38,38,38,AB,-4.978171155078248,3.0608502791669054,-8.039021434245154,1.0,0.875,0.10761096690308189,0.11624984468995503,3.1646307353429037,3.6343318302404315,1.0,0.875,-16.405096055838833
1,38,38,38,BA,-24.50992586720715,2.6530464854858717,-24.444117490083986,0.9375,0.875,0.13647523285616847,0.1386537717401422,3.647939349339117,4.611898268911765,0.9375,0.875,-16.405096055838833
1,39,39,39,AB,-9.90626594165682,4.465919108140454,-14.531731009382698,1.0,0.875,0.10922815387641083,0.10919408936895911,3.189447739333735,3.9210449324749828,1.0,0.875,-14.178195062122205
1,39,39,39,BA,-24.537088257099096,3.8880809030212564,-28.709926071504903,0.9375,0.875,0.1337194044710255,0.14011850991603214,3.7467889499249707,4.428319073936988,0.9375,0.875,-14.178195062122205
1,40,40,40,AB,-15.31257221683742,4.098259276525147,-19.41083149336257,1.0,0.875,0.11216768777203892,0.11397089137229413,3.193360167442636,4.151438052511308,1.0,0.875,-11.83081541438548
1,40,40,40,BA,-32.5353339536766,3.7272848325168266,-31.24164690774805,0.9375,0.875,0.13740964282055834,0.13697960236685155,3.6462014657955115,4.511744979814329,0.9375,0.875,-11.83081541438548
1,41,41,41,AB,-4.36963981622587,5.012324947781226,-9.381964764007098,1.0,0.875,0.10750249127415495,0.1090810322787962,3.0115580826324475,3.4283781478528175,1.0,0.875,-14.447953255296042
1,41,41,41,BA,-21.085942464934572,2.7439755543685664,-23.82991801930314,0.9375,0.875,0.13627285276041556,0.13586018604162547,3.739722312852754,4.454706944857486,0.9375,0.875,-14.447953255296042
1,42,42,42,AB,-12.830642732100177,4.735761008809366,-18.832864508905296,1.0,0.875,0.10755850807137166,0.11187109050529637,2.8980285418909664,3.5559111985268714,1.0,0.875,-2.338751804899619
1,42,42,42,BA,-18.196042290461826,2.9755740233430887,-21.171616313804915,0.9375,0.875,0.13280694388377068,0.13924591587901114,3.360487624348559,4.47549211898248,0.9375,0.875,-2.338751804899619
1,43,43,43,AB,-12.056175465753244,3.966366933708301,-14.25952555188163,1.0,0.875,0.11169283860941889,0.11184033673524904,2.8714510790643537,3.9365723902196956,1.0,0.875,-4.59420373302687
1,43,43,43,BA,-15.135007584692344,3.545013736512535,-18.8537292849085,0.9375,0.875,0.13833614613603323,0.13572237910666593,3.7881271746105005,4.430220347147386,0.9375,0.875,-4.59420373302687
1,44,44,44,AB,-12.955267832751435,3.572560990388455,-16.52782882313989,1.0,0.875,0.1083370514349189,0.11215189907048731,2.8972534743926874,3.6844810127012866,1.0,0.875,-4.6511410284196835
1,44,44,44,BA,-17.14308582792955,4.035884023630024,-21.178969851559575,0.9375,0.8125,0.13475292227614982,0.13669318364238126,3.785235215721412,4.996202588478465,0.9375,0.8125,-4.6511410284196835
1,45,45,45,AB,-7.9437716703219525,4.128481318375345,-12.072252988697297,1.0,0.875,0.10850863211413257,0.11130120564293573,2.8704349124177035,3.7623182287354755,1.0,0.875,-22.794906086476335
1,45,45,45,BA,-30.989782585967916,3.7596169221630964,-34.86715907517363,0.9375,0.875,0.1304523578370831,0.13221389385436327,3.259846118896429,4.847488889972617,0.9375,0.875,-22.794906086476335
1,46,46,46,AB,-8.526258771098314,4.169106732190842,-13.28472420500116,1.0,0.875,0.10746521758569644,0.11090989261198453,3.0817991059635848,3.7211122740782185,1.0,0.875,-8.468473436170113
1,46,46,46,BA,-17.776993636616947,2.9128668762583607,-21.753197641171273,1.0,0.9375,0.13192321718883324,0.13810209931292933,3.566608531093327,4.552491904807658,1.0,0.9375,-8.468473436170113
1,47,47,47,AB,-12.0507201798854,4.427900558997461,-16.58220013685142,1.0,0.8125,0.10678640707225345,0.11213816863122333,3.116338014957929,3.289800291405526,1.0,0.8125,-12.008976855747932
1,47,47,47,BA,-25.513489061811367,3.0776879307879828,-28.59117699259935,0.9375,0.875,0.13227474625638241,0.13734393013095675,4.080799458418558,4.177430544396123,0.9375,0.875,-12.008976855747932
1,48,48,48,AB,-10.607953500890327,3.8870940527714564,-14.780342740023794,1.0,0.875,0.10798912997320914,0.11296487794642933,3.1705098778376115,3.672192131583964,1.0,0.875,-14.349940660245373
1,48,48,48,BA,-25.944131821338484,3.9024366231529575,-29.130283400269168,0.9375,0.875,0.1332493026356324,0.14128319827937386,3.7698858833407147,4.440866207062141,0.9375,0.875,-14.349940660245373
1,49,49,49,AB,-6.807763145125911,3.595531929770333,-10.403295074896244,1.0,0.875,0.10967697036982212,0.11175459370281382,3.3278127456965056,3.657839849078107,1.0,0.875,-20.40163666248447
1,49,49,49,BA,-25.870654921198764,3.285957534172105,-30.804931737380716,0.9375,0.875,0.13265294719028578,0.1386535664478884,3.546010478452711,4.487816196228217,0.9375,0.875,-20.40163666248447
1,50,50,50,AB,-11.913662446295385,3.681994729166824,-13.777387764793444,1.0,0.875,0.10837894388226323,0.11151510594187011,3.1365565082889053,3.2423352226255275,1.0,0.875,-8.672869128291625
1,50,50,50,BA,-18.10448772862601,4.003592136088257,-22.45025689308507,0.9375,0.875,0.13702036593269928,0.13682853372949666,3.91199301859053,4.021825698544454,0.9375,0.875,-8.672869128291625
1,51,51,51,AB,-11.54153296084981,4.7139331395257535,-16.482013096137653,1.0,0.8125,0.10947815046355132,0.11189872591559183,2.9342564322599785,3.641835893167177,1.0,0.8125,0.9757180822337723
1,51,51,51,BA,-12.114671547122356,3.3916234667815255,-15.50629501390388,1.0,0.875,0.1333156619387749,0.13734279015318215,3.4620458275093817,4.319031522382732,1.0,0.875,0.9757180822337723
1,52,52,52,AB,-13.836470083234847,3.1643892688266977,-14.284819624657304,1.0,0.8125,0.11106321227570506,0.11030265512275919,3.1186314335945333,3.6083158191398628,1.0,0.8125,-13.30448993291749
1,52,52,52,BA,-26.38308543157791,3.150587642032069,-27.589309557574794,0.9375,0.8125,0.13454699782190205,0.13348983389196883,3.7012791617537455,4.852034454318742,0.9375,0.8125,-13.30448993291749
1,53,53,53,AB,-9.32639560750157,2.5188177994500123,-9.939429087647971,1.0,0.875,0.10941102038828605,0.11344667631432492,2.9608685125531897,3.5808215993567414,1.0,0.875,-23.713594177459548
1,53,53,53,BA,-31.512244280479802,4.07785456348002,-33.65302326510752,0.9375,0.875,0.1358546028668984,0.13611521532396642,3.314359097164675,4.186086474485011,0.9375,0.875,-23.713594177459548
1,54,54,54,AB,-9.616627064363945,3.5406209135742572,-10.995264311525862,1.0,0.8125,0.10799577708823904,0.11257193026163334,3.2803381146628556,3.6442555230833893,1.0,0.8125,-11.99966666005734
1,54,54,54,BA,-20.086940423837895,2.9079905477453085,-22.9949309715832,0.9375,0.875,0.13268017804601845,0.1358368430764662,3.9174224892982337,4.069936189013147,0.9375,0.875,-11.99966666005734
1,55,55,55,AB,-4.743936151570986,3.4975979307812475,-8.241534082352233,1.0,0.8125,0.11246038611750299,0.1084775581486495,2.92802159037309,3.4348054528797283,1.0,0.8125,-21.61246172265117
1,55,55,55,BA,-23.688522986164653,4.222643674536804,-29.8539958050034,1.0,0.875,0.1326399552803258,0.13760171539917632,3.5016297837749164,4.257490564482099,1.0,0.875,-21.61246172265117
1,56,56,56,AB,-7.439641158294295,4.292096162347121,-11.802917355341439,1.0,0.8125,0.10957918998882185,0.11017440404334847,2.754236658746985,3.7215231925981724,1.0,0.8125,-12.545436554424622
1,56,56,56,BA,-19.25253295371771,3.7029673337902103,-24.34835390976606,0.9375,0.875,0.1347036484165539,0.13493722416124343,3.6409386068718037,4.1219428130956075,0.9375,0.875,-12.545436554424622
1,57,57,57,AB,-11.062754943698376,4.667147679631508,-18.617131989330254,1.0,0.875,0.1118007935824844,0.11042977331297871,2.8102240569869847,3.6192448267071198,1.0,0.875,-2.9722005826214826
1,57,57,57,BA,-16.55550387157564,3.625525691696348,-21.589332571951736,0.9375,0.875,0.13300161618837686,0.13698889253751179,3.6052778070862495,4.882383765702749,0.9375,0.875,-2.9722005826214826
1,58,58,58,AB,-12.449955493082593,4.56857342184464,-14.816377320551899,1.0,0.8125,0.11008667516704819,0.11418924632647257,3.1307985788097388,3.55643413764965,1.0,0.8125,-11.435277151254644
1,58,58,58,BA,-23.99192938232123,4.8529293329081495,-26.251654471806543,0.9375,0.875,0.13131096034322912,0.13333561957715973,3.684079254747455,4.477900543085893,0.9375,0.875,-11.435277151254644
1,59,59,59,AB,-11.260051557726607,3.711346431708514,-12.256722888256169,1.0,0.875,0.10892263900599292,0.11181784854327889,3.11696686223128,3.558873224585498,1.0,0.875,-8.36440817522613
1,59,59,59,BA,-16.918993064057283,2.9162443766708877,-20.6211310634823,0.9375,0.9375,0.13345690536028815,0.13869249297742897,3.4284975793962262,4.208467295281232,0.9375,0.9375,-8.36440817522613
1,60,60,60,AB,-15.459589610608328,4.141016549518571,-17.45489805425372,1.0,0.8125,0.1076493553325639,0.11182179447254223,2.809978887487923,3.461714794176023,1.0,0.8125,-7.638490661387348
1,60,60,60,BA,-24.42782307606661,3.135729919751944,-25.09338871564107,0.9375,0.8125,0.13589092287773716,0.13205245600411064,3.5283905260410062,4.200293143649835,0.9375,0.8125,-7.638490661387348
1,61,61,61,AB,-11.613804345595973,3.4234357312660753,-13.739702915145118,1.0,0.875,0.10767878793114596,0.11003496740327974,3.3084991387619773,3.6401362518270886,1.0,0.875,-14.818100010734655
1,61,61,61,BA,-26.977046652107973,3.4575714179966464,-28.557802925879773,1.0,0.875,0.1352617680521193,0.14000102787386456,3.630468791695275,4.3810841479555975,1.0,0.875,-14.818100010734655
1,62,62,62,AB,-12.588176888776433,4.192526887401509,-16.78070377617794,0.9375,0.875,0.11101249141763786,0.10895808609184363,2.8046641328942856,3.3873290461929715,0.9375,0.875,-5.610526296258595
1,62,62,62,BA,-19.202994228117465,3.18823584431907,-22.391230072436535,1.0,0.875,0.13146212986802253,0.1382591159090178,3.4421667960313083,4.208378659341184,1.0,0.875,-5.610526296258595
1,63,63,63,AB,-5.629268439983019,3.3214183166210165,-9.434450314094157,1.0,0.9375,0.1095698245778062,0.10669707979793483,3.0852642884712105,3.7865735588368503,1.0,0.9375,-16.013385851299308
1,63,63,63,BA,-24.81232378179852,1.8011991881634795,-25.447836165393465,0.9375,0.875,0.13522895557171957,0.13689581387848898,3.723213362762558,4.310832698083589,0.9375,0.875,-16.013385851299308
1,64,64,64,AB,-11.88333080070682,3.67319141929646,-15.55652222000328,1.0,0.875,0.10732719906253538,0.11140681663150792,3.002997771288195,3.4519733514512736,1.0,0.875,-10.098921529549393
1,64,64,64,BA,-21.33938064801112,4.3160631015415545,-25.655443749552674,1.0,0.875,0.13250783176378583,0.13482719287728673,3.4575650638249864,4.524780428393443,1.0,0.875,-10.098921529549393
1,65,65,65,AB,-8.42643472131816,4.4590351080914195,-13.646629262199585,0.9375,0.8125,0.10791946509212713,0.113785054068469,2.939979948911513,3.6812453746656804,0.9375,0.8125,-11.118169294911578
1,65,65,65,BA,-23.070564442897403,3.8101791770534716,-24.764798557111163,0.9375,0.875,0.13504176200048768,0.13878364965777162,3.544447928486276,4.826112580858208,0.9375,0.875,-11.118169294911578
1,66,66,66,AB,-11.21601016911964,3.288220694050776,-14.259991056367566,1.0,0.9375,0.10926032282927578,0.11250154773140193,2.8438736135609672,3.651809199359187,1.0,0.9375,-2.3155248588443573
1,66,66,66,BA,-12.394593689661823,3.95332930814812,-16.575515915211923,0.9375,0.875,0.13309470215494126,0.13893904106241695,3.9636463421015717,4.926112578525705,0.9375,0.875,-2.3155248588443573
1,67,67,67,AB,-14.221715004658495,3.148531229034525,-15.259625999761028,1.0,0.875,0.1080561904913184,0.11124966393761418,2.8001956186927215,3.6939406478459356,1.0,0.875,-13.80082570216372
1,67,67,67,BA,-24.04573625230683,3.3367118263769897,-29.060451701924748,0.9375,0.875,0.13610619044827044,0.14063547506604346,3.5805785140401696,4.67093309912715,0.9375,0.875,-13.80082570216372
1,68,68,68,AB,-8.150737446563602,3.5264257926924985,-12.7068905942857,1.0,0.875,0.11120399323258351,0.1131354043954195,2.8787382976009614,3.41697458186004,1.0,0.875,-6.340463443933341
1,68,68,68,BA,-16.98874464188677,4.412324563954423,-19.04735403821904,1.0,0.875,0.13197652443199132,0.1333076802818423,3.5851129816868523,4.191780430655938,1.0,0.875,-6.340463443933341
1,69,69,69,AB,-5.924374323058688,3.93705056882786,-10.801368845642246,1.0,0.875,0.11085621632515032,0.11354177988398852,2.959390433990026,3.72125213603365,1.0,0.875,-13.577393996700222
1,69,69,69,BA,-19.872862737262817,3.5351283522831807,-24.378762842342468,1.0,0.875,0.1342331620728967,0.13784138110913308,3.5630067269424326,4.556618032234254,1.0,0.875,-13.577393996700222
1,70,70,70,AB,-13.250273714293515,4.259473695928434,-17.13984376253883,1.0,0.875,0.10513648293583434,0.11086315164083271,2.849880816009176,3.6936244275371672,1.0,0.875,-8.274492802042818
1,70,70,70,BA,-21.332753438622888,2.5809645626058235,-25.41433656458165,0.9375,0.9375,0.13436510127673346,0.13571816505376716,3.669804462234228,4.309126444525041,0.9375,0.9375,-8.274492802042818
1,71,71,71,AB,-8.285277688117297,3.2459799262699587,-11.531257614387256,1.0,0.875,0.11147749513950331,0.11387364800069288,3.101865155543492,3.5403574660412502,1.0,0.875,-10.65502827771043
1,71,71,71,BA,-18.174490840598143,3.1970006128721993,-22.186285892097686,0.9375,0.875,0.13672299742809574,0.13921808339207387,3.4549815403070605,4.63756599870501,0.9375,0.875,-10.65502827771043
1,72,72,72,AB,-8.919027494092564,3.3033210338949046,-12.222348527987469,1.0,0.8125,0.11181822676092415,0.11279803800306985,2.955456292884103,3.9016497716305683,1.0,0.8125,-9.06672654244971
1,72,72,72,BA,-17.36758515312978,3.409889036261467,-21.28907507043718,0.9375,0.875,0.13948316836025076,0.13433993264449431,3.807029674374489,4.572160527826677,0.9375,0.875,-9.06672654244971
1,73,73,73,AB,-3.0988785415218345,4.057687306327318,-7.350035479973466,1.0,0.8125,0.11025984901081405,0.10999056606054164,2.8889771395737434,3.550417845900608,1.0,0.8125,-24.193430169730078
1,73,73,73,BA,-27.337674777846733,3.6579143423339793,-31.543465649703545,1.0,0.875,0.13661192866617886,0.1387288083153656,3.8988595205660737,4.21018045288865,1.0,0.875,-24.193430169730078
1,74,74,74,AB,-4.379574201682542,4.143351367678799,-8.522925569361341,1.0,0.875,0.11053295247566708,0.1131844471957423,2.932598103236062,3.5314868269676962,1.0,0.875,-24.135327837146306
1,74,74,74,BA,-28.471950446369313,3.596653943737351,-32.65825340650765,0.9375,0.875,0.12885192146015018,0.13482906914736958,3.530701083210305,4.611520971574587,0.9375,0.875,-24.135327837146306
1,75,75,75,AB,-14.066373093112194,4.957729988709105,-17.800962507137427,1.0,0.875,0.10956718078245453,0.11137940840411402,3.2061480378894567,3.5334152348719483,1.0,0.875,-13.030618151251666
1,75,75,75,BA,-28.452811696570254,2.736631606620521,-30.831580658389093,0.9375,0.875,0.13645292869746328,0.14152472202018881,3.992980445389147,4.671875634545065,0.9375,0.875,-13.030618151251666
1,76,76,76,AB,-7.655688186947135,4.88879296621218,-12.544481153159314,1.0,0.875,0.10830075131097201,0.10960900041869373,2.696637622876303,3.2943244426869125,1.0,0.875,-13.554765224085433
1,76,76,76,BA,-21.78912894014548,3.3992839643410657,-26.099246377244746,0.9375,0.875,0.13623153844243957,0.13618634375740557,3.7691585696422516,4.712709912043239,0.9375,0.875,-13.554765224085433
1,77,77,77,AB,-9.371356959690816,4.3648538517276405,-13.736210811418456,1.0,0.875,0.1085058944796172,0.11072975048674417,3.2592599663322024,3.794169291303315,1.0,0.875,-3.7169016845927096
1,77,77,77,BA,-12.910082372461176,2.513260047819604,-17.453112496011165,0.9375,0.9375,0.13311176742769293,0.13645275932365097,3.4981810338776747,4.4330139024320445,0.9375,0.9375,-3.7169016845927096
1,78,78,78,AB,-12.150081036826398,3.6958576994296255,-16.660214350581967,1.0,0.875,0.10760009072915393,0.10916123426514551,2.9760567688036863,3.3794950899381955,1.0,0.875,-12.754197983401838
1,78,78,78,BA,-24.65823827720859,3.1052386389787143,-29.414412333983805,0.9375,0.875,0.13282913773201271,0.13409353862323198,3.4360582387053684,4.413656059703447,0.9375,0.875,-12.754197983401838
1,79,79,79,AB,-10.47310958702805,1.8759194407774173,-12.349029027805468,1.0,0.8125,0.10704238848242292,0.11094940524921375,3.077368033791105,3.459490593566527,1.0,0.8125,-14.232054235158255
1,79,79,79,BA,-24.043778540820746,2.5373047221429785,-26.581083262963723,0.9375,0.875,0.13546876900200439,0.13495592087242902,3.6939727046836914,4.180852699641793,0.9375,0.875,-14.232054235158255
1,80,80,80,AB,-5.721159409023774,4.568779829107479,-10.915161755002256,1.0,0.875,0.11109976976621883,0.10945240092556419,3.1192118217876104,3.5603074271310406,1.0,0.875,-16.660998854330145
1,80,80,80,BA,-22.444445983757863,4.339379953614546,-27.5761606093324,0.9375,0.875,0.1300084052448482,0.1382220143493518,3.43221411454217,4.489349057123623,0.9375,0.875,-16.660998854330145
1,81,81,81,AB,-8.94344924463802,2.786284625091429,-11.729733869729449,1.0,0.875,0.11406760318633133,0.11096336752890873,3.1747644906901327,3.341094281404283,1.0,0.875,-11.864796178053458
1,81,81,81,BA,-22.784320228546054,3.065101644821681,-23.594530047782907,0.9375,0.875,0.1305491037070038,0.13618044578112767,3.6335005698569813,4.598262281984766,0.9375,0.875,-11.864796178053458
1,82,82,82,AB,-11.221505452081923,3.6139890622524233,-14.835494514334346,1.0,0.8125,0.10973971555247611,0.11648509558831216,3.026049345879467,3.4843693342818347,1.0,0.8125,-16.80958585011359
1,82,82,82,BA,-28.199427273449864,3.4456530909980705,-31.645080364447935,0.9375,0.875,0.13553754805727547,0.137819839189254,3.8687801598657736,4.517296328198166,0.9375,0.875,-16.80958585011359
1,83,83,83,AB,-9.655909929286507,3.099421255977339,-12.17617954460081,1.0,0.9375,0.10923731705016755,0.11031429742211554,3.256681549358107,3.991844326899473,1.0,0.9375,-12.229046269969594
1,83,83,83,BA,-24.121389331270496,3.614436719554287,-24.405225814570404,1.0,0.875,0.13282744712667177,0.13868901571484638,3.521396849238682,4.4022728580788115,1.0,0.875,-12.229046269969594
1,84,84,84,AB,-16.011758003087785,3.285708272374311,-19.614969301504317,1.0,0.8125,0.10991761975001954,0.11135011327266842,2.914088507314054,3.9353060772752957,1.0,0.8125,-5.3806187545689745
1,84,84,84,BA,-21.578653926324158,2.9294675864952615,-24.99558805607329,1.0,0.9375,0.1394792561767366,0.13621574836593112,3.5113481853448656,4.307254150751117,1.0,0.9375,-5.3806187545689745
1,85,85,85,AB,-8.624028938243624,3.8812500769918428,-12.620140589132397,1.0,0.875,0.10806108559429134,0.10822782391105856,3.1060881745284337,3.469515839591292,1.0,0.875,-11.42803943679656
1,85,85,85,BA,-19.639961373726962,3.0215276195246634,-24.048180025928957,1.0,0.9375,0.13312381385893904,0.13808207357340074,3.3873422964783,4.5662459150215415,1.0,0.9375,-11.42803943679656
1,86,86,86,AB,-14.034752930569178,3.2358013751124015,-17.27055430568158,1.0,0.875,0.1094774715114567,0.11198149664367393,3.1383703122258453,3.1282168786867395,1.0,0.875,-12.473032260607546
1,86,86,86,BA,-29.091240464964244,3.1026806800303635,-29.743586566289125,0.9375,0.875,0.13410933192121383,0.13738563836467124,3.6802240658310095,4.571364261416454,0.9375,0.875,-12.473032260607546
1,87,87,87,AB,-16.425681205076515,3.540797134029669,-20.432419243614284,1.0,0.875,0.11008355999330818,0.11232686451840346,3.2177144100416375,3.217027710158747,1.0,0.875,0.30963191374025456
1,87,87,87,BA,-15.808032124661505,3.4576869490112436,-20.12278732987403,1.0,0.875,0.13368095226886703,0.135652660867218,3.771760774750291,4.622773486064171,1.0,0.875,0.30963191374025456
1,88,88,88,AB,-6.866908661086494,3.2949139748293463,-11.360906439931135,1.0,0.875,0.10675491052872742,0.11466426589714826,3.0355724463896294,3.8873912381816105,1.0,0.875,-13.067006692503117
1,88,88,88,BA,-23.456988624696464,2.70074009081683,-24.427913132434252,1.0,0.875,0.1340974347360092,0.132081499424339,3.7171840800446354,4.57438924657489,1.0,0.875,-13.067006692503117
1,89,89,89,AB,-7.846590319925931,4.207354318256772,-11.996448970705305,1.0,0.875,0.10960716543076085,0.11026043790500593,3.179986517095179,3.8803573647674447,1.0,0.875,-15.704815141658631
1,89,89,89,BA,-25.244750235152935,2.758582893166721,-27.701264112363937,1.0,0.875,0.13181029995299903,0.1366829796986165,3.646996460511076,4.518054403426865,1.0,0.875,-15.704815141658631
1,90,90,90,AB,-11.764810612841332,3.978627007396321,-13.902153025583644,1.0,0.875,0.10836235213607813,0.11117272123265291,2.8903084914771764,3.9345852832117276,1.0,0.875,-6.205089391179634
1,90,90,90,BA,-14.89294580529721,4.136939890285673,-20.107242416763278,0.9375,0.875,0.13206541718267983,0.14006258177424896,3.7931226145308456,4.972874458360238,0.9375,0.875,-6.205089391179634
1,91,91,91,AB,-12.905182541301963,4.2471024850509576,-16.503464330324096,1.0,0.875,0.11110705265288212,0.11024162565220813,2.745199161551589,3.7594877217973055,1.0,0.875,-4.932102269277998
1,91,91,91,BA,-18.877544793154716,2.558021806447377,-21.435566599602094,1.0,0.875,0.1322441048258307,0.14210325388971715,3.4819261883696613,4.6555561978125155,1.0,0.875,-4.932102269277998
1,92,92,92,AB,-13.692743513538293,3.0353901652001465,-16.728133678738438,1.0,0.875,0.10888572046307651,0.11131983979408502,3.107519959982816,3.6139908780437904,1.0,0.875,-7.269710732967884
1,92,92,92,BA,-20.197351320606103,3.8004930911002197,-23.99784441170632,0.9375,0.875,0.13257410869652514,0.135005088974195,3.8129056478528804,4.449294773374161,0.9375,0.875,-7.269710732967884
1,93,93,93,AB,-13.086024431085999,3.8384748130904014,-14.84457907850139,1.0,0.8125,0.11083191219578428,0.11316429237985218,3.0344735779644822,4.012963580620935,1.0,0.8125,-15.996221021501587
1,93,93,93,BA,-25.610951286590236,3.15986991682255,-30.840800100002976,0.9375,0.875,0.13269236274272006,0.13638019991557254,3.788824329999496,4.574514644356228,0.9375,0.875,-15.996221021501587
1,94,94,94,AB,-11.826254736023765,3.8337877801442413,-17.06888343434411,1.0,0.875,0.10990408330625451,0.10999720877016797,2.9930647301839404,3.643667724848923,1.0,0.875,-6.037341940450752
1,94,94,94,BA,-19.310146251353274,3.7960791234415883,-23.10622537479486,1.0,0.875,0.13276903159919018,0.13579550066521553,3.6777956473098863,4.479104387730586,1.0,0.875,-6.037341940450752
1,95,95,95,AB,-8.952530100896956,4.8204951655707315,-14.488170438598967,1.0,0.875,0.11008227624060904,0.11205723774955453,2.987017498573067,3.8437944899002723,1.0,0.875,-9.15801460211377
1,95,95,95,BA,-18.750077590775188,3.782596956798505,-23.646185040712737,0.9375,0.875,0.13266282684654385,0.13861806939271282,3.659058198528126,4.555139977511117,0.9375,0.875,-9.15801460211377
1,96,96,96,AB,-13.915648843084355,3.3494969222897057,-17.278206766971138,1.0,0.875,0.10635848935595899,0.10868357234741521,3.179645886866802,3.4851006177791812,1.0,0.875,-10.026860216665309
1,96,96,96,BA,-26.017223427123678,3.2685328931168716,-27.305066983636447,0.9375,0.875,0.13361800756657832,0.13718747504098816,3.6979211846499225,4.8608166137509645,0.9375,0.875,-10.026860216665309
1,97,97,97,AB,-9.293774248669115,4.283096237085401,-13.576870485754515,1.0,0.875,0.11074273678893556,0.11122442291827189,2.9538560949596597,3.762718534202994,1.0,0.875,-14.236248817763254
1,97,97,97,BA,-24.12517347394276,3.687945829575009,-27.81311930351777,0.9375,0.875,0.1296711766929844,0.13476533376314587,3.6754036962846395,4.532677823540666,0.9375,0.875,-14.236248817763254
1,98,98,98,AB,-9.612624079362813,4.376848954764427,-13.98947303412724,1.0,0.8125,0.10910858074679977,0.1086545287231857,3.025382793740955,3.612348057670225,1.0,0.8125,-17.152971267823244
1,98,98,98,BA,-26.660523227980697,3.2947757398452993,-31.142444301950484,0.9375,0.875,0.13549272874788934,0.13813677150434084,3.977401303190452,4.9391812744470185,0.9375,0.875,-17.152971267823244
1,99,99,99,AB,-4.361264464248432,3.8530410114906184,-8.21430547573905,1.0,0.875,0.1104139660133396,0.11226302028086302,2.910656298503304,3.5211699266047085,1.0,0.875,-20.307761200056685
1,99,99,99,BA,-28.867104462678583,3.09843754684773,-28.522066675795735,0.9375,0.9375,0.1346049429986214,0.13297895429115755,3.7341326868623126,4.937594054309096,0.9375,0.9375,-20.307761200056685
1,100,100,100,AB,-5.145860466634369,4.368582321812703,-9.691259073076285,1.0,0.875,0.11074174807221457,0.11189739054695369,2.959158238783564,3.5402339141557624,1.0,0.875,-14.272405524974825
1,100,100,100,BA,-19.858153572436326,3.733885133407482,-23.96366459805111,0.9375,0.875,0.13150312997761215,0.13610687463383933,3.7992045774829224,4.748204041530897,0.9375,0.875,-14.272405524974825
1,101,101,101,AB,-13.779002662217737,3.3602334020923736,-17.04911547730836,1.0,0.9375,0.10855519046476307,0.1129606156204978,3.022462131823735,3.8201577069213832,1.0,0.9375,-4.769690245912006
1,101,101,101,BA,-17.944877742745525,3.8739279804748374,-21.818805723220365,0.9375,0.8125,0.1321133729356344,0.13030786281922924,3.657038253376152,4.6158392744594146,0.9375,0.8125,-4.769690245912006
1,102,102,102,AB,-11.542306269596207,4.167098448148434,-18.345074944418716,1.0,0.8125,0.1116434556779127,0.11015586765884577,2.9941253920542854,3.536870038922955,1.0,0.8125,-7.44901032321577
1,102,102,102,BA,-24.937802022296676,4.029243638204418,-25.794085267634486,1.0,0.875,0.13573375216373312,0.1361639801679993,3.4980761719528557,4.610593082463231,1.0,0.875,-7.44901032321577
1,103,103,103,AB,-7.290606160426955,3.395503314981253,-12.14491148436831,1.0,0.8125,0.10991055277244564,0.11353136405712833,2.995726541393581,3.726497837025242,1.0,0.8125,-15.45719216579442
1,103,103,103,BA,-28.569433768265387,3.0510534037068457,-27.60210365016273,0.9375,0.9375,0.13619253682197335,0.13536530681004344,3.4453137415964203,4.598812953748084,0.9375,0.9375,-15.45719216579442
1,104,104,104,AB,-6.576352520472094,4.315755631636956,-10.89210815210905,1.0,0.875,0.10801372278757715,0.10850752118681228,3.045291174824209,3.5741456959695466,1.0,0.875,-18.68394057133185
1,104,104,104,BA,-25.246312891547362,3.540249881998497,-29.5760487234409,0.9375,0.8125,0.12905110359285638,0.1333304190423211,3.686164736853943,4.8423754299833615,0.9375,0.8125,-18.68394057133185
1,105,105,105,AB,-11.425912062222782,3.891993007418796,-15.317905069641577,1.0,0.8125,0.11345609888802699,0.11006619415077658,2.842013292085019,3.4589348142225353,1.0,0.8125,-12.631792257982328
1,105,105,105,BA,-23.677063376407336,4.128840163448871,-27.949697327623905,0.9375,0.875,0.13289214570451446,0.13488172664034132,3.5506197197575116,4.498835822827052,0.9375,0.875,-12.631792257982328
1,106,106,106,AB,-12.565936141236616,4.512210710318259,-17.208249356269746,1.0,0.875,0.11513429920616683,0.11200528624041556,2.8730209248380763,3.6769402474387185,1.0,0.875,-7.385526931322769
1,106,106,106,BA,-20.911966055385676,3.4960051151418967,-24.593776287592515,0.9375,0.875,0.13365761358099493,0.13624124428310308,4.021056390414891,4.782989190765098,0.9375,0.875,-7.385526931322769
1,107,107,107,AB,-3.9029255613374465,3.4158322061589996,-7.318757767496447,1.0,0.875,0.11232465788893486,0.10815265476575643,3.1623192286743387,3.207344573187765,1.0,0.875,-12.448987195458692
1,107,107,107,BA,-16.042910720347894,2.465695153612269,-19.76774496295514,0.9375,0.9375,0.1354293156261422,0.13644254852785995,3.5627048571161373,4.696305404603454,0.9375,0.9375,-12.448987195458692
1,108,108,108,AB,-9.038200203949305,3.5361644907794196,-11.03152981626616,1.0,0.875,0.10947304959541249,0.10875865262007957,2.881443710789561,3.7232537787190307,1.0,0.875,-15.499534712638619
1,108,108,108,BA,-24.92881879609469,3.6851028309215237,-26.53106452890478,0.9375,0.875,0.1348439476343848,0.13834866586095795,3.608323893112854,4.4483094208966625,0.9375,0.875,-15.499534712638619
1,109,109,109,AB,-7.669130032927056,3.721781627174284,-11.88330070639724,1.0,0.875,0.10999186721957763,0.11485166686798712,3.0862313729993334,3.890549844855351,1.0,0.875,-13.871485344078032
1,109,109,109,BA,-20.94659308828345,3.569666997649997,-25.75478605047527,0.9375,0.875,0.1302107666229232,0.13548719102327783,3.6609272869503773,4.102784848255613,0.9375,0.875,-13.871485344078032
1,110,110,110,AB,-6.122661555365064,4.469649894087488,-10.592311449452552,1.0,0.875,0.11036010322331401,0.1098580450614117,2.959902695054149,3.489783181985909,1.0,0.875,-11.769857073806879
1,110,110,110,BA,-16.859424554299668,3.626642921267117,-22.36216852325943,0.9375,0.9375,0.13425152457159895,0.13476915422521368,3.740688709112961,4.7161413002372665,0.9375,0.9375,-11.769857073806879
1,111,111,111,AB,-8.871479215111444,4.444422346428788,-10.130792601530276,1.0,0.875,0.10836460094824453,0.1083855731145068,3.2199456293174844,3.593344897546163,1.0,0.875,-22.042207697111905
1,111,111,111,BA,-27.563165609140217,3.9920908755031017,-32.17300029864218,0.9375,0.8125,0.13368659602850674,0.13531775964842357,3.807367257873387,4.13522750228465,0.9375,0.8125,-22.042207697111905
1,112,112,112,AB,-3.9472626506678554,4.155995182182733,-8.15897326287756,1.0,0.875,0.10690622537044527,0.11330644600197248,3.0855084467175384,3.6329161910010397,1.0,0.875,-15.027569689082426
1,112,112,112,BA,-21.771624503488336,3.5788757493044203,-23.186542951959986,1.0,0.875,0.13545712984805675,0.13549799215792474,3.5053936580803553,4.507095373137153,1.0,0.875,-15.027569689082426
1,113,113,113,AB,-10.152146941233545,2.875034107795701,-13.027181049029245,0.9375,0.8125,0.10830249225074534,0.1128621559041329,2.9554041917846776,3.775571821570925,0.9375,0.8125,-16.06572190699393
1,113,113,113,BA,-27.68450050527246,3.1331489573196993,-29.092902956023174,0.9375,0.875,0.13495786690782874,0.13493551600931986,3.643781349414702,4.562055939974789,0.9375,0.875,-16.06572190699393
1,114,114,114,AB,-14.130366287624081,2.8605067107229045,-15.923833750963535,1.0,0.875,0.11001696267147007,0.11106019404525336,2.873598518794726,3.540921706207769,1.0,0.875,-2.098775680246849
1,114,114,114,BA,-14.581479612471169,3.441129818739216,-18.022609431210384,0.9375,0.875,0.1343023949622506,0.13345438591205017,3.3313798984925924,4.5421664080126405,0.9375,0.875,-2.098775680246849
1,115,115,115,AB,-13.509792691081548,3.105172651986528,-16.582617713405117,0.9375,0.9375,0.10914153234857292,0.10813153967396212,3.106200978244234,3.6261955895206874,0.9375,0.9375,-4.7599008506109755
1,115,115,115,BA,-16.7952728122563,4.297082301844395,-21.342518564016093,0.9375,0.875,0.13153790708566182,0.13749793638433022,3.436476221200489,4.785212775729601,0.9375,0.875,-4.7599008506109755
1,116,116,116,AB,-13.675394318017183,4.709478069798479,-15.298500556414199,1.0,0.875,0.10806774789908233,0.10982505350839797,3.2406938008296144,3.598081029351893,1.0,0.875,-16.31290343533599
1,116,116,116,BA,-27.527718108560972,3.4391016454101204,-31.611403991750187,1.0,0.875,0.13542233716461116,0.13488913152199916,3.570963015737182,4.441302835019171,1.0,0.875,-16.31290343533599
1,117,117,117,AB,-8.311441994215304,2.938779256989177,-11.250221251204481,1.0,0.8125,0.10682878111302689,0.11296962050168519,2.8086494326016345,3.77580766226881,1.0,0.8125,-14.034156199086967
1,117,117,117,BA,-21.7364419379021,3.6553162424686594,-25.284377450291448,0.9375,0.875,0.13470708051173552,0.1382328484346355,3.887121515415097,4.365447641304599,0.9375,0.875,-14.034156199086967
1,118,118,118,AB,-7.032436622317706,4.298249415382054,-12.559907809910936,1.0,0.8125,0.10794906049824411,0.11331122206042676,3.046423585483648,3.938530808622365,1.0,0.8125,-14.672121038869022
1,118,118,118,BA,-24.108140946008444,3.945458133140678,-27.232028848779958,0.9375,0.875,0.13286935148422674,0.1354149643950528,3.575123010809355,4.612054739581294,0.9375,0.875,-14.672121038869022
1,119,119,119,AB,-4.756063743275163,4.971503339703375,-9.727567082978538,1.0,0.875,0.10862573865046699,0.10932948080574946,2.8950506291257136,3.7416019734114165,1.0,0.875,-13.028373177795086
1,119,119,119,BA,-23.69891085476197,3.298441249365968,-22.755940260773624,0.9375,0.875,0.1329603604592599,0.13394171871523544,3.7608381095839842,4.625145241856275,0.9375,0.875,-13.028373177795086
1,120,120,120,AB,-4.586390931458399,4.5942725317552835,-9.180663463213683,1.0,0.875,0.11039310627259127,0.10961931754079292,2.845207947573492,3.3904487914942107,1.0,0.875,-18.631480850252792
1,120,120,120,BA,-22.697438502655718,4.232379391117736,-27.812144313466476,1.0,0.875,0.13573445197123496,0.1398510988162634,3.5851366280322785,4.793422522958794,1.0,0.875,-18.631480850252792
1,121,121,121,AB,-3.0093531858120794,4.273078246613391,-7.751702994514661,1.0,0.875,0.11016506681818246,0.11000105290096718,3.125562162591427,3.44190018608455,1.0,0.875,-18.47164872810073
1,121,121,121,BA,-22.355551602346768,2.757789968141958,-26.223351722615394,0.9375,0.875,0.13032493777757004,0.13461975139592114,3.443528424299305,4.60033646163288,0.9375,0.875,-18.47164872810073
1,122,122,122,AB,-8.821146757091748,2.758548446698738,-10.987720077854027,1.0,0.875,0.10808210280276685,0.11024262815732504,2.9991685915570647,3.731783773629144,1.0,0.875,-18.80819563369095
1,122,122,122,BA,-25.92020929224676,3.7644722184000248,-29.795915711544975,0.9375,0.875,0.13620963297735167,0.13896271449666825,3.4447596187007807,4.574628112050254,0.9375,0.875,-18.80819563369095
1,123,123,123,AB,-12.441660139691235,3.4639788907299733,-16.730966457538297,1.0,0.875,0.11031602385416153,0.11342946959896222,2.9316207263038025,3.7055005149902014,1.0,0.875,-3.4882704396444524
1,123,123,123,BA,-15.883579449729467,4.335657447453283,-20.21923689718275,1.0,0.8125,0.13610211584735557,0.13392179251308756,3.784965725072581,4.230650973106987,1.0,0.8125,-3.4882704396444524
1,124,124,124,AB,-5.95162473111973,4.589180852426329,-10.72310464256335,1.0,0.875,0.10970799172844455,0.10819291729859605,3.201330171738548,3.687049333605734,1.0,0.875,-18.06316163282948
1,124,124,124,BA,-27.882121529798866,4.304236112679584,-28.78626627539283,0.9375,0.875,0.13145945871506215,0.13587044941976065,3.5209124655618895,4.477249133575133,0.9375,0.875,-18.06316163282948
1,125,125,125,AB,-14.65237376947888,3.6535775623357782,-15.632394934587806,1.0,0.8125,0.10836727017599566,0.11334722534753999,2.9763920047920944,3.790014725656822,1.0,0.8125,-12.61566557332675
1,125,125,125,BA,-27.69481064802668,3.927452054864371,-28.248060507914555,1.0,0.875,0.13074503917091712,0.13564206176995153,3.9137038569523974,4.37647832973069,1.0,0.875,-12.61566557332675
1,126,126,126,AB,-2.62229151168116,3.1713416933965126,-7.534666077100406,1.0,0.875,0.10817707276758917,0.11092140853389124,2.870671264572415,3.173150463880505,1.0,0.875,-19.056097467625385
1,126,126,126,BA,-22.497901789158963,4.091774506470127,-26.59076354472579,0.9375,0.875,0.1319674859284033,0.13231028349884283,3.6616606582485227,4.367625373847235,0.9375,0.875,-19.056097467625385
1,127,127,127,AB,-4.972234600603947,4.216794928407938,-9.945371462558278,1.0,0.875,0.11053123676673093,0.10816157709318844,3.0762728085546485,3.664625370747553,1.0,0.875,-15.232341838546656
1,127,127,127,BA,-20.49988402939222,4.58018867218533,-25.177713301104934,1.0,0.875,0.13306566964542374,0.13625599728247242,3.9298565381494344,4.073973543401712,1.0,0.875,-15.232341838546656
1,128,128,128,AB,-12.248477466752146,4.065877005039904,-16.31435447179205,1.0,0.875,0.11043961563114606,0.10856288816382084,3.3350548604811046,3.7416901024586817,1.0,0.875,-14.333955916739292
1,128,128,128,BA,-26.70714166482256,2.802516442774563,-30.648310388531343,0.9375,0.875,0.1356562320677611,0.1386742144972824,3.4146124777273705,4.159732896093894,0.9375,0.875,-14.333955916739292
1,129,129,129,AB,-12.321628257066909,3.184593306969348,-15.506221564036256,1.0,0.875,0.11095886540641625,0.11368645230662536,2.7759806291169102,3.7551289062417137,1.0,0.875,-6.693091670616589
1,129,129,129,BA,-21.24590438313601,3.6604656451480446,-22.199313234652845,0.9375,0.875,0.13210321130520458,0.13700053179140137,3.4990771380161885,3.9320891413795427,0.9375,0.875,-6.693091670616589
1,130,130,130,AB,-8.20901802778742,5.1521808712316535,-13.603135382329206,1.0,0.875,0.10924886880231191,0.11211083840091655,2.9346952838538627,3.51179615852774,1.0,0.875,-11.04061964784156
1,130,130,130,BA,-24.041477292721794,3.4709787219058637,-24.643755030170766,0.9375,0.9375,0.13358324559812929,0.13585584705939505,3.894612265779979,4.676942907287642,0.9375,0.9375,-11.04061964784156
1,131,131,131,AB,-6.4799916507147275,3.726141601284593,-10.20613325199932,1.0,0.8125,0.10712400112468326,0.11138124854183015,3.0415563394641785,3.610619047812281,1.0,0.8125,-18.941258172507624
1,131,131,131,BA,-26.639209222426455,4.130421530697774,-29.147391424506942,0.9375,0.875,0.13531004741541375,0.13666243824985064,3.765463777881246,4.056060465298209,0.9375,0.875,-18.941258172507624
1,132,132,132,AB,-5.28255302431272,4.417136593578547,-9.699689617891266,1.0,0.875,0.11151950559183771,0.11181438999596954,2.833732043468994,3.5046242375763046,1.0,0.875,-10.570389521345675
1,132,132,132,BA,-15.803156890671433,4.2207604166679085,-20.27007913923694,0.9375,0.875,0.13440166137921675,0.13507151448927468,3.5533935454316317,4.632356673340535,0.9375,0.875,-10.570389521345675
1,133,133,133,AB,-15.07688719318166,3.5323099869287633,-18.609197180110424,1.0,0.8125,0.11221911252024347,0.1105101198238481,3.027927394216115,3.573980646846836,1.0,0.8125,-2.2333197398883264
1,133,133,133,BA,-19.77790297133421,3.0705467730113045,-20.84251691999875,0.9375,0.875,0.1306073694556883,0.13684065777022503,3.8079396578763127,4.418247792861667,0.9375,0.875,-2.2333197398883264
1,134,134,134,AB,-7.495863423163983,4.511589804216512,-12.007453227380495,1.0,0.8125,0.10799040896067794,0.10733268968768708,2.858104952037304,3.610537343129409,1.0,0.8125,-13.157152672276915
1,134,134,134,BA,-24.35588263693005,3.879068549168003,-25.16460589965741,0.9375,0.875,0.13529459336753857,0.1360527994792485,4.2720473354971835,4.247541275185766,0.9375,0.875,-13.157152672276915
1,135,135,135,AB,-14.779591035848961,3.3685524332786536,-17.907071766850798,1.0,0.875,0.10836601886924285,0.1100050955048969,2.9586273969557606,3.900632166049719,1.0,0.875,-3.627709714898799
1,135,135,135,BA,-17.310150557187477,3.214927446728464,-21.534781481749597,0.9375,0.8125,0.12957424071707613,0.13766079723916602,3.680850075552479,4.838124705325901,0.9375,0.8125,-3.627709714898799
1,136,136,136,AB,-3.9434708279231527,3.4982774540360695,-8.109938427224218,1.0,0.875,0.11139383606564661,0.11204745933520716,3.16309568442111,3.3981798589473655,1.0,0.875,-28.589648326729066
1,136,136,136,BA,-32.21853325681442,4.203399483715903,-36.699586753953284,0.9375,0.875,0.1360609072785442,0.13592090225858391,3.8274246751203327,4.559377415596323,0.9375,0.875,-28.589648326729066
1,137,137,137,AB,-10.558056194036865,3.8921971043851578,-14.450253298422023,1.0,0.8125,0.11055472700519707,0.11060004088978656,3.248824429981389,3.1931085979679716,1.0,0.8125,-6.642265813169804
1,137,137,137,BA,-21.325891861245616,3.9549964916721287,-21.092519111591827,1.0,0.875,0.13412645626621655,0.13792193803820982,3.7733014915383976,4.767926159052628,1.0,0.875,-6.642265813169804
1,138,138,138,AB,-3.4039177397714844,3.6656715510977973,-8.408983279339445,1.0,0.8125,0.10668152107330042,0.11234469198955892,3.226239873542487,3.7815712259546848,1.0,0.8125,-11.51587954869077
1,138,138,138,BA,-15.44779246983278,3.841914374682955,-19.924862828030214,1.0,0.875,0.132509269581765,0.13506201521867292,3.702254486132315,4.2828924175752014,1.0,0.875,-11.51587954869077
1,139,139,139,AB,-4.744567823008939,3.932838558444026,-8.677406381452965,1.0,0.875,0.10861786064786344,0.10930807009629188,2.9865436798432032,3.6531739474089413,1.0,0.875,-19.41566667085715
1,139,139,139,BA,-27.362001801380835,3.2299150453208063,-28.093073052310114,0.9375,0.875,0.13140792062017,0.13431534205153595,4.128463083117185,4.526964051869692,0.9375,0.875,-19.41566667085715
1,140,140,140,AB,-7.856590113765673,4.137821224276666,-11.99441133804234,1.0,0.875,0.10668843473439017,0.10903217890313098,3.205986834189283,3.568425105606713,1.0,0.875,-7.408862109633699
1,140,140,140,BA,-16.681410185889277,4.373202007498704,-19.40327344767604,0.9375,0.875,0.12767948038556282,0.1362897239968876,3.7387954224844213,4.267737379276621,0.9375,0.875,-7.408862109633699
1,141,141,141,AB,-11.801627502242274,2.594669628919175,-14.402706141656541,1.0,0.8125,0.11110336287760875,0.11181432302349095,3.086623824990136,3.5069944573772927,1.0,0.8125,-14.318592349869622
1,141,141,141,BA,-27.957475647779344,3.0389688737803056,-28.721298491526163,1.0,0.875,0.13606913088673028,0.1329218854810968,3.9416092885100045,4.566050595689412,1.0,0.875,-14.318592349869622
1,142,142,142,AB,-7.260817241334416,3.083624979367145,-9.960382010730415,1.0,0.8125,0.10737525466840533,0.11198364489930682,2.755346455710135,4.01948418968226,1.0,0.8125,-19.06874041805181
1,142,142,142,BA,-24.718072259165137,3.1198984667437917,-29.029122428782223,0.9375,0.875,0.13141394784757934,0.13346451760846595,3.5222745099985318,4.369650650675824,0.9375,0.875,-19.06874041805181
1,143,143,143,AB,-3.6889951322706875,4.028120229456576,-7.8227806907396396,1.0,0.8125,0.11089681780937537,0.1110976946044077,2.9489308940443166,3.883794436859512,1.0,0.8125,-11.972080971373261
1,143,143,143,BA,-16.074892337900533,3.7199693242123693,-19.7948616621129,0.9375,0.875,0.13627051143461472,0.1381612616681295,3.596924749415586,4.297356363790035,0.9375,0.875,-11.972080971373261
1,144,144,144,AB,-9.284741660662212,4.308864107170016,-11.022311139223525,1.0,0.875,0.1093903733593243,0.1106167974776753,2.865244263994525,3.292456146230485,1.0,0.875,-14.763318339691875
1,144,144,144,BA,-23.860829168644063,3.5076738758080976,-25.7856294789154,0.9375,0.875,0.13264652899495505,0.13572535592336848,3.7089838289483295,4.431649979699667,0.9375,0.875,-14.763318339691875
1,145,145,145,AB,-5.694782955465541,2.6724150529243693,-8.361984314242768,1.0,0.875,0.10835230965769113,0.11071343872298592,3.005109508244456,3.531958225232931,1.0,0.875,-21.940260865377777
1,145,145,145,BA,-28.902195729676183,3.8175161079206426,-30.302245179620545,0.9375,0.875,0.13287047772613955,0.13589998639345946,3.5128106075704144,4.414318075878157,0.9375,0.875,-21.940260865377777
1,146,146,146,AB,-12.399172611011837,4.054000972104337,-16.453173583116175,0.9375,0.8125,0.110651634505433,0.11302153131517806,2.9219959523693158,3.831694665965766,0.9375,0.8125,-16.52565327079241
1,146,146,146,BA,-30.68484394121435,3.7508016479125272,-32.978826853908586,0.9375,0.875,0.1343228275791593,0.1385852576170583,3.305776627024282,4.3678020532333175,0.9375,0.875,-16.52565327079241
1,147,147,147,AB,-10.17131979431578,3.313038004964336,-13.484357799280115,1.0,0.875,0.11010592290449654,0.10947521205347233,2.784262233172223,3.266804820668882,1.0,0.875,-6.256397017149318
1,147,147,147,BA,-14.826335357075445,4.189624855815502,-19.740754816429433,0.9375,0.875,0.1317432937593628,0.13628472361230293,4.169527140959383,4.534988840241958,0.9375,0.875,-6.256397017149318
1,148,148,148,AB,-15.513532308186228,4.893565178333127,-18.64198422838239,1.0,0.875,0.10817404812610332,0.11094986466712772,3.0699242440942958,3.6620687325739585,1.0,0.875,-9.98702544631459
1,148,148,148,BA,-23.78178454485236,3.8017377992972694,-28.62900967469698,0.9375,0.8125,0.1358261086035019,0.13293355556713848,3.59589467923749,4.481498699905743,0.9375,0.8125,-9.98702544631459
1,149,149,149,AB,-6.763454464957719,4.596172611922943,-11.359627076880662,1.0,0.8125,0.10862624271468804,0.11163825708435535,3.2112873813530642,3.6546925521005784,1.0,0.8125,-14.45475539067583
1,149,149,149,BA,-21.723951547626143,3.2695969337584967,-25.81438246755649,0.9375,0.9375,0.1344013427523137,0.13355498528358922,3.683252929058995,4.391361835492337,0.9375,0.9375,-14.45475539067583
1,150,150,150,AB,-7.063119391501623,4.092584365745471,-12.412487253399718,1.0,0.875,0.11259005514763903,0.10736973176352135,2.953185145499461,3.4025215746682282,1.0,0.875,-14.932664529856854
1,150,150,150,BA,-22.204512424578677,4.9146610501555195,-27.345151783256572,0.9375,0.875,0.13526860280510505,0.13397544583428167,3.9858294043063633,4.684188283024025,0.9375,0.875,-14.932664529856854
1,151,151,151,AB,-11.985306193157777,3.3159989526953906,-14.475605040364947,1.0,0.8125,0.11029066261380605,0.10795946009470798,3.05224469138252,3.7888889457511628,1.0,0.8125,-10.461663298547084
1,151,151,151,BA,-24.57006826345742,3.403761646552454,-24.93726833891203,0.9375,0.875,0.13216774952837024,0.1356257156547745,4.093863363378283,4.53734284862059,0.9375,0.875,-10.461663298547084
1,152,152,152,AB,-15.238144178230113,4.915284159586859,-20.15396042192777,1.0,0.8125,0.11076375190919616,0.11088985268627305,2.8549337238913406,3.791848219328799,1.0,0.8125,-4.2903344160678145
1,152,152,152,BA,-24.468588674280763,0.23762728352196852,-24.444294837995585,0.9375,0.875,0.13397437576821253,0.13459866177063828,3.606032345273062,4.539811705329994,0.9375,0.875,-4.2903344160678145
1,153,153,153,AB,-11.820563291222912,4.625908483430933,-15.332799149181907,1.0,0.875,0.10875440506961837,0.10919499298217973,2.9105642877606073,3.3749974266918583,1.0,0.875,-5.187528636024355
1,153,153,153,BA,-17.250721025488886,3.2696067597173784,-20.520327785206263,1.0,0.875,0.13610986007709971,0.1344796966757617,3.6321467533861376,4.370527008177543,1.0,0.875,-5.187528636024355
1,154,154,154,AB,-14.755547901767505,3.5464535043061076,-18.302001406073614,1.0,0.875,0.10647111726901842,0.11120679956798821,2.8274372857635672,3.690854550898062,1.0,0.875,-12.276416851227395
1,154,154,154,BA,-26.086076589060255,4.09822973920947,-30.57841825730101,0.9375,0.875,0.13356160444848436,0.13588268495293393,3.6226156833755434,4.316861757509992,0.9375,0.875,-12.276416851227395
1,155,155,155,AB,-14.668797222880976,3.476602057359151,-18.145399280240127,1.0,0.875,0.10730899459714083,0.11091379822123631,2.8213937657177963,3.9819038271458553,1.0,0.875,-6.48341253448697
1,155,155,155,BA,-24.35866210667457,2.782662749655869,-24.628811814727097,0.9375,0.875,0.13369530225928178,0.13562840361757061,3.78176471774944,4.627859813126577,0.9375,0.875,-6.48341253448697
1,156,156,156,AB,-9.57614737923008,2.8813613822007755,-14.729170750914918,1.0,0.875,0.10764594922575035,0.11378806416212622,3.210846542001559,3.9007666520920408,1.0,0.875,-11.766150862940151
1,156,156,156,BA,-22.227686944190683,3.949601641568247,-26.49532161385507,1.0,0.875,0.13153130833178972,0.13456828484973454,3.9165843450566324,4.218535906297465,1.0,0.875,-11.766150862940151
1,157,157,157,AB,-7.298442963859967,3.3198798193062675,-11.767875968742686,1.0,0.875,0.11031134701974049,0.11163723027979869,3.202919941841354,3.7912389120667234,1.0,0.875,-14.88913004697837
1,157,157,157,BA,-23.51509692721368,1.7769508109560117,-26.657006015721056,0.9375,0.9375,0.1352151966086509,0.13460159922088255,3.672475560733937,4.353911166391291,0.9375,0.9375,-14.88913004697837
1,158,158,158,AB,-7.765412494794949,3.4743060067764797,-11.23971850157143,0.9375,0.8125,0.10366741693964637,0.11399474405726572,2.733406879841212,3.515964407843236,0.9375,0.8125,-12.072703700124409
1,158,158,158,BA,-24.090963362105885,2.619706569256298,-23.31242220169584,0.9375,0.875,0.13438317679114076,0.13379559961575463,3.766117964769182,4.425083857016235,0.9375,0.875,-12.072703700124409
1,159,159,159,AB,-6.130255281321989,4.252233500862039,-10.382488782184028,1.0,0.875,0.11043069149585366,0.11272139261654561,2.985175147896557,3.597136077038135,1.0,0.875,-15.559510300039198
1,159,159,159,BA,-21.976890115699124,3.0660559613669927,-25.941999082223226,0.9375,0.9375,0.13796393438796967,0.13868755518954987,3.6479801777104037,4.887706864656984,0.9375,0.9375,-15.559510300039198
1,160,160,160,AB,-3.60801733286434,4.471073208320644,-8.44438582433872,1.0,0.8125,0.10741064755767696,0.10905746223365068,3.0183728880420597,3.559505063427353,1.0,0.8125,-17.853784783084357
1,160,160,160,BA,-22.12098996476236,3.9208173847724677,-26.298170607423078,1.0,0.875,0.13209278000860908,0.13708155070084804,3.573741974596568,4.487866646435814,1.0,0.875,-17.853784783084357
1,161,161,161,AB,-8.76046823137096,4.6144789324364766,-13.533226442990767,1.0,0.8125,0.10854846248913773,0.11186783972101194,2.9571711799616778,3.64152947759822,1.0,0.8125,-13.586560503928546
1,161,161,161,BA,-23.2394402504194,3.8803466964999136,-27.119786946919312,0.9375,0.8125,0.1359212963066848,0.1349140752187631,3.57037812727866,4.391831222903491,0.9375,0.8125,-13.586560503928546
1,162,162,162,AB,-10.800098138892952,4.113088470388674,-14.12148731307198,1.0,0.875,0.10958946895807012,0.11370016330115079,2.844824784033687,3.5656499366482803,1.0,0.875,-4.925678176035644
1,162,162,162,BA,-16.8477250560447,1.9898012624326566,-19.047165489107623,0.9375,0.8125,0.13256691192456072,0.13991279219127212,4.111017668985134,4.559541211288738,0.9375,0.8125,-4.925678176035644
1,163,163,163,AB,-7.144579638630698,4.0133821597872315,-11.874120293770027,1.0,0.875,0.10871380927619155,0.11013951223499191,2.921708455439054,3.6828887362234086,1.0,0.875,-11.498566968887637
1,163,163,163,BA,-19.104646547853253,3.3428657605214576,-23.372687262657664,0.9375,0.875,0.13512342093123292,0.1380657039956696,3.7050575231235854,4.759481017238739,0.9375,0.875,-11.498566968887637
1,164,164,164,AB,-6.276671829212968,4.167510048597461,-10.44418187781043,1.0,0.875,0.10979421169780575,0.10919027311914292,3.049737868013243,3.5288521793496934,1.0,0.875,-18.147753982058944
1,164,164,164,BA,-26.57544292161696,3.708872393913617,-28.591935859869373,1.0,0.875,0.1316820251324124,0.13345014380308196,3.684078435866205,4.402966003246726,1.0,0.875,-18.147753982058944
1,165,165,165,AB,-12.54150416410537,3.4750981973990647,-14.732600725435082,1.0,0.875,0.1091951058754326,0.11360163245112664,2.721306095783289,3.878126357371475,1.0,0.875,-15.304962754565716
1,165,165,165,BA,-26.948203064271183,4.0743429725915705,-30.0375634800008,0.9375,0.875,0.1337339212813055,0.134465474193062,4.000166347854231,4.659177756056677,0.9375,0.875,-15.304962754565716
1,166,166,166,AB,-14.441110768741964,4.691351035478546,-17.728797365071312,1.0,0.875,0.10778494203531779,0.11344783717164889,2.937585158921382,4.274307555446895,1.0,0.875,-9.431393951428621
1,166,166,166,BA,-23.007250238540028,4.144469941585393,-27.160191316499933,0.9375,0.875,0.13505224698005347,0.13727596137425144,3.604082402124747,4.387080051683061,0.9375,0.875,-9.431393951428621
1,167,167,167,AB,-3.2421056311496965,4.723074400134583,-8.141365100583288,1.0,0.875,0.10840635697754639,0.11113613575637593,2.788884611033029,3.640402242667215,1.0,0.875,-19.337148959653334
1,167,167,167,BA,-26.14954380778395,2.903242166223127,-27.478514060236623,0.9375,0.875,0.13564047823331932,0.13368721364746303,3.5369127201771375,4.273836187544846,0.9375,0.875,-19.337148959653334
1,168,168,168,AB,-15.469480672959028,3.0465915542937627,-18.202075484815616,1.0,0.875,0.11103279415830722,0.11128006635079524,2.8822386844451855,3.449976025254414,1.0,0.875,-5.2398435308151505
1,168,168,168,BA,-21.181422415379906,2.260496600250861,-23.441919015630766,0.9375,0.875,0.13341560120140566,0.13780150260819185,4.140435442903423,4.7231971332686005,0.9375,0.875,-5.2398435308151505
1,169,169,169,AB,-5.1688330296304095,3.9486992759616997,-9.598060298224718,1.0,0.875,0.10679696229043475,0.11122359990410433,3.098114371201496,3.2421684731753824,1.0,0.875,-15.016535064769533
1,169,169,169,BA,-20.116064625026876,4.175548829807951,-24.61459536299425,1.0,0.8125,0.1342513083242069,0.13597578273154007,4.032026781245445,4.585869194898088,1.0,0.8125,-15.016535064769533
1,170,170,170,AB,-15.54861607287102,3.693536240340587,-18.389926113367977,1.0,0.8125,0.10622566368884448,0.10872751261075031,2.7591350478670416,3.4668570700526224,1.0,0.8125,-0.08783605626350521
1,170,170,170,BA,-14.926053938461894,3.1313692797657873,-18.477762169631482,0.9375,0.875,0.13882085329991947,0.13362988005830936,3.4119440971213733,4.27348384588153,0.9375,0.875,-0.08783605626350521
1,171,171,171,AB,-5.504560492450615,2.012731014541629,-6.339039213814518,1.0,0.875,0.11195716663809999,0.11155063541772406,2.909577817226085,3.4719872389476567,1.0,0.875,-24.35100479123809
1,171,171,171,BA,-26.141076736283235,4.4923072078512485,-30.69004400505261,0.9375,0.875,0.13471263719293777,0.13530306032058803,3.6953247382419363,4.586029378766522,0.9375,0.875,-24.35100479123809
1,172,172,172,AB,-12.758295168262649,4.057496803553523,-17.9732158484476,1.0,0.875,0.10852946282900235,0.11189594046313697,3.0505505078197297,3.593504299085933,1.0,0.875,-11.53880871177051
1,172,172,172,BA,-24.588516830747764,4.422797290672519,-29.512024560218112,0.9375,0.875,0.13446236281701196,0.13522618241706913,3.527854397937795,4.2191412637583365,0.9375,0.875,-11.53880871177051
1,173,173,173,AB,-12.325601922028781,3.867672993215914,-18.36377982978154,1.0,0.875,0.1099877249211833,0.10821565901722537,3.2716691232049637,3.5498296386004586,1.0,0.875,-9.813024698401101
1,173,173,173,BA,-23.956975571985126,4.033139869727346,-28.17680452818264,0.9375,0.8125,0.13125461273488243,0.13505511549977522,3.5776192716739734,4.650473154679576,0.9375,0.8125,-9.813024698401101
1,174,174,174,AB,-10.25266080703107,2.1622347457282216,-12.414895552759292,1.0,0.875,0.10770362145475369,0.1144765228075946,2.9652713501762995,3.6426080112743473,1.0,0.875,-17.39979984042884
1,174,174,174,BA,-27.986042655526056,4.040142736341429,-29.814695393188135,0.9375,0.875,0.13722456786872872,0.13498127735652882,3.7518674384373742,4.644446278958845,0.9375,0.875,-17.39979984042884
1,175,175,175,AB,-10.085767665032053,3.2727290961633466,-13.019333747225044,1.0,0.875,0.10678069462867978,0.11157765283433987,2.9310711153668603,3.6146598963128493,1.0,0.875,-7.889671431730974
1,175,175,175,BA,-15.831848639779931,3.1013282879482382,-20.90900517895602,0.9375,0.875,0.13538582030892782,0.13459545816173107,3.7231953108506,4.344676360214811,0.9375,0.875,-7.889671431730974
1,176,176,176,AB,-13.902441140371197,2.6064929804215606,-15.851670414415903,1.0,0.875,0.10949921769136106,0.11273454950105713,3.079816312376795,3.2563991543949706,1.0,0.875,-14.18965161969562
1,176,176,176,BA,-26.828102923438404,3.885351911538836,-30.041322034111523,0.9375,0.9375,0.1308673066922735,0.13632725827115766,3.613634391001442,4.503987598777135,0.9375,0.9375,-14.18965161969562
1,177,177,177,AB,-7.868864376229193,3.9521010920439843,-12.56443390142205,1.0,0.875,0.10741048583253365,0.1117808276824694,2.95871282775363,3.726941982202586,1.0,0.875,-11.712240914375833
1,177,177,177,BA,-21.56719318968161,2.70948162611627,-24.276674815797882,0.9375,0.875,0.13135730369757925,0.135719032161851,3.5254612786005852,4.142085494710141,0.9375,0.875,-11.712240914375833
1,178,178,178,AB,-15.065135592228543,4.716749795280661,-16.95075916083549,1.0,0.8125,0.1081104368776366,0.1127791129195413,2.8998585698918986,3.6678866997823087,1.0,0.8125,-8.70369896527161
1,178,178,178,BA,-21.000162884569495,4.381074182674449,-25.654458126107098,0.9375,0.8125,0.1347945970732434,0.13270507318966213,3.7884606818861943,4.651815038480099,0.9375,0.8125,-8.70369896527161
1,179,179,179,AB,-9.30359306986573,3.72924546385219,-14.092401425810838,1.0,0.875,0.10877480980188972,0.11272551998965291,2.9531872094107916,3.3555647208992037,1.0,0.875,-10.926566040476228
1,179,179,179,BA,-23.29556107589583,4.726239119512833,-25.018967466287066,1.0,0.875,0.1375887884162469,0.1337312135405691,3.484421438251779,4.753849002789718,1.0,0.875,-10.926566040476228
1,180,180,180,AB,-9.807345456034973,2.64750643592884,-13.250566995776238,1.0,0.875,0.11146502279997042,0.11252342375440044,2.921222380703611,3.6091255366310078,1.0,0.875,-12.157909640782451
1,180,180,180,BA,-20.50441362390772,4.0003902695879,-25.40847663655869,0.9375,0.875,0.1314350471262735,0.13850130220939297,3.3985776456475225,4.616530233654341,0.9375,0.875,-12.157909640782451
1,181,181,181,AB,-9.633363941066088,4.102209486970634,-15.494906408421524,1.0,0.875,0.10865468190724799,0.11138595939334753,3.106614055596467,3.3434268614930254,1.0,0.875,-9.342652026231423
1,181,181,181,BA,-23.11411794955356,3.78179784708546,-24.837558434652948,1.0,0.875,0.1337493020526765,0.1360174819841601,3.5917478441097455,4.111937771839514,1.0,0.875,-9.342652026231423
1,182,182,182,AB,-5.820809477967726,3.8427446434618084,-9.663554121429534,1.0,0.8125,0.10865877401117202,0.10990105988510238,2.996548855558447,3.4657729211804744,1.0,0.8125,-19.037516587237317
1,182,182,182,BA,-25.536576480463253,3.251926464727101,-28.70107070866685,0.9375,0.875,0.1341012153982401,0.13721217719468082,3.6889689029929937,4.426300484791247,0.9375,0.875,-19.037516587237317
1,183,183,183,AB,-11.741186884099077,3.334236851521909,-15.075423735620987,1.0,0.8125,0.11159745831257664,0.11093421063057513,3.167612024777554,3.6074458787480586,1.0,0.8125,-14.963546201876142
1,183,183,183,BA,-23.398658527599398,3.6796771922380525,-30.03896993749713,1.0,0.875,0.13208481840992514,0.13412014885884443,3.8781792655402993,4.533665071145769,1.0,0.875,-14.963546201876142
1,184,184,184,AB,-4.629669613355123,4.76790424604792,-10.376074897326864,1.0,0.875,0.1084967099558257,0.10973586934140914,2.9058550350328685,3.9017010955840075,1.0,0.875,-9.605262694972991
1,184,184,184,BA,-15.710626536283463,3.964947320474579,-19.981337592299855,0.9375,0.875,0.135236768170409,0.13604895948173623,4.022296411301902,3.8836527802142893,0.9375,0.875,-9.605262694972991
1,185,185,185,AB,-12.332198629824186,3.3601141904955063,-16.810573808317503,1.0,0.875,0.10708409346646994,0.11190714809407706,3.1953737242612448,3.2592927933370377,1.0,0.875,-7.825515242583663
1,185,185,185,BA,-23.39293764579124,2.5844123207104497,-24.636089050901166,0.9375,0.875,0.1348945816760967,0.13556510968993712,3.9504535184982803,4.210164824027585,0.9375,0.875,-7.825515242583663
1,186,186,186,AB,-3.8554240276550664,3.233553438005816,-7.298083759611242,1.0,0.8125,0.10974987267566431,0.11198682918937808,2.838291089309214,3.7953585129285456,1.0,0.8125,-22.900950199086815
1,186,186,186,BA,-28.31702311042704,1.8820108482710156,-30.199033958698056,0.9375,0.875,0.13330026579324714,0.13342165519472005,3.760538226955501,5.116576898172714,0.9375,0.875,-22.900950199086815
1,187,187,187,AB,-13.969791124986177,4.692461440658931,-18.589276675025957,1.0,0.875,0.10850648065724638,0.10954880370131126,2.8800315603951367,3.5348662772876307,1.0,0.875,-4.392088882113523
1,187,187,187,BA,-18.932975817284987,4.0483897398544935,-22.98136555713948,1.0,0.875,0.13725371653841245,0.13531525210010856,3.707504106716164,4.1919322766558835,1.0,0.875,-4.392088882113523
1,188,188,188,AB,-7.978937862209057,2.6484832422473876,-10.627421104456445,1.0,0.875,0.10780011624676378,0.10980655386271146,2.81452192410296,3.8558171522526408,1.0,0.875,-21.316879924735247
1,188,188,188,BA,-26.91848645263252,4.0070902213592605,-31.944301029191692,0.9375,0.875,0.1296535663147102,0.13740356585092836,3.651213390123025,4.70809673357228,0.9375,0.875,-21.316879924735247
1,189,189,189,AB,-6.3291976841461555,3.29469964701472,-9.623897331160876,1.0,0.8125,0.10841342590703874,0.10972852235741481,3.04941006274243,3.494276563379033,1.0,0.8125,-17.954173077756376
1,189,189,189,BA,-24.201851313752847,4.04405699411754,-27.578070408917252,0.9375,0.875,0.1341619934103735,0.13969009309203737,3.8414705516071144,4.562395496788622,0.9375,0.875,-17.954173077756376
1,190,190,190,AB,-8.055088030262757,4.6273582876156265,-12.682446317878384,1.0,0.8125,0.1078965423250517,0.10823931045755672,2.9279685621317246,3.349625758136292,1.0,0.8125,-11.959625706402687
1,190,190,190,BA,-21.72531149859564,4.210225202032546,-24.64207202428107,0.9375,0.8125,0.13044518870080363,0.1347102747883251,3.6081634002145018,4.701621312140464,0.9375,0.8125,-11.959625706402687
1,191,191,191,AB,-15.103486365363269,4.084288497088164,-18.19135709490365,0.9375,0.875,0.10903771430878126,0.11258431822700013,3.0667869103922234,3.7489824249778376,0.9375,0.875,-5.556169486369807
1,191,191,191,BA,-23.77120119753707,4.1190459295411745,-23.74752658127346,0.9375,0.875,0.13534343854947017,0.13404990124176,3.6275564103078377,4.857385583654422,0.9375,0.875,-5.556169486369807
1,192,192,192,AB,-12.525723584553388,3.6191842010911226,-14.431951032099155,1.0,0.8125,0.10823759982564624,0.11373279673644972,3.020368805951419,3.745154709714518,1.0,0.8125,-19.526521830677524
1,192,192,192,BA,-29.39137651738965,3.4499513505072814,-33.95847286277668,0.9375,0.875,0.1317837311803461,0.13406479078323563,3.7074037156878323,4.349167937671499,0.9375,0.875,-19.526521830677524
1,193,193,193,AB,-6.855192591323699,3.357519169244191,-11.009270761554681,1.0,0.875,0.11036571274311024,0.11218016436733348,3.053672119892912,3.583852468162544,1.0,0.875,-16.203428487263224
1,193,193,193,BA,-22.920850079728144,4.291849169089763,-27.212699248817906,1.0,0.875,0.13650479265165333,0.1391818459077606,3.4305423610439867,4.41096971311902,1.0,0.875,-16.203428487263224
1,194,194,194,AB,-9.4554408762233,4.458602055656705,-13.914042931880005,1.0,0.8125,0.10970122733492423,0.11105662988985393,2.883227420150684,3.6492497754285402,1.0,0.8125,-14.150087247529125
1,194,194,194,BA,-24.64073500673014,3.4233951726789913,-28.06413017940913,0.9375,0.875,0.13011701201296,0.1356394797952976,3.550069469285151,4.2356837212540235,0.9375,0.875,-14.150087247529125
1,195,195,195,AB,-3.92241487281148,4.4208799750160255,-8.45526118613829,1.0,0.875,0.10721108261153348,0.11257448038154755,2.876340527784997,4.001733883803563,1.0,0.875,-20.238948709727058
1,195,195,195,BA,-27.1725025819373,2.4913370221325257,-28.69420989586535,0.9375,0.875,0.13081695271636007,0.1394223657289486,3.8158186944426564,4.714149183296218,0.9375,0.875,-20.238948709727058
1,196,196,196,AB,-8.495063278248779,3.893958945991456,-12.995209327925098,1.0,0.875,0.11132823491963,0.11207797672832534,3.0237573982900314,3.6670154992237673,1.0,0.875,-16.833560927283223
1,196,196,196,BA,-25.656687502650893,4.115933359093898,-29.82877025520832,0.9375,0.875,0.1345666983212237,0.13294082477446512,3.48259428978026,4.457187966260879,0.9375,0.875,-16.833560927283223
1,197,197,197,AB,-16.025587896895015,2.649737358347669,-20.80257804682085,0.9375,0.8125,0.10825062903322212,0.11088645456734993,2.8571775345697334,3.494058470620911,0.9375,0.8125,-2.030973591521633
1,197,197,197,BA,-19.32885471216103,3.5046969261814547,-22.833551638342485,0.9375,0.875,0.13276487842746826,0.1362737382132882,3.6901927239843655,4.828990467737808,0.9375,0.875,-2.030973591521633
1,198,198,198,AB,-11.91232238025769,4.44841977342307,-17.162252529838796,1.0,0.875,0.10769566797051977,0.11112514330346666,3.0861647692640917,3.6896308216505314,1.0,0.875,-4.433044397691049
1,198,198,198,BA,-20.15601148245111,2.9024465071265215,-21.595296927529844,1.0,0.9375,0.1352309065033155,0.1367220183125804,3.6664532597854183,4.4903375398153855,1.0,0.9375,-4.433044397691049
1,199,199,199,AB,-13.503507241514457,4.303864367927679,-15.531285802387462,1.0,0.8125,0.10554584445487328,0.10993024256535966,3.1111036404010988,3.661370377984863,1.0,0.8125,-10.72850695074229
1,199,199,199,BA,-20.735931642766666,3.4701829829985202,-26.25979275312975,0.9375,0.8125,0.1365842597114536,0.14098344874872157,3.5299722081241924,5.032179997934578,0.9375,0.8125,-10.72850695074229
1,200,200,200,AB,-8.272074534790907,3.1189877162332653,-11.391062251024172,1.0,0.8125,0.11041211034143014,0.10968727030231164,3.0160691788999108,3.6262314712391492,1.0,0.8125,-12.283959039425712
1,200,200,200,BA,-19.98624648599462,3.6887748044552633,-23.675021290449884,0.9375,0.875,0.13252706014905846,0.13628105762613882,3.6865915602635035,4.4162009561345235,0.9375,0.875,-12.283959039425712
2,1,1,2,AB,0.6281737610176298,4.411617922823653,-3.957920325174407,1.0,0.875,0.07543889179784227,0.07901631155286923,2.1428268853641375,2.8377266565726447,1.0,0.875,-2.2855200031550647
2,1,1,2,BA,-1.9681208850606642,2.6891528492207675,-6.243440328329472,1.0,0.875,0.09807229003867732,0.0989222820634254,2.763208248794598,3.022908036380584,1.0,0.875,-2.2855200031550647
2,2,3,4,AB,-1.9180193965311203,3.9034129874122865,-5.821432383943407,0.9375,0.8125,0.07713967892101435,0.07815125014105233,2.197637589372338,2.7221604424267287,0.9375,0.8125,-4.056483357788251
2,2,3,4,BA,-5.921954901283771,3.955960840447887,-9.877915741731657,1.0,0.875,0.09511766752149566,0.10008588559165703,2.5497850063080576,3.2004752346580236,1.0,0.875,-4.056483357788251
2,3,5,6,AB,-2.2774487127624807,4.142668204842335,-5.826523911235505,0.9375,0.875,0.07656955424618818,0.07750560823026764,2.154330532285279,2.4349289296815186,0.9375,0.875,-1.7193771208441806
2,3,5,6,BA,-3.517785963456062,4.028115068623623,-7.545901032079685,1.0,0.875,0.09410931885930471,0.09904297693606451,2.629417819768509,3.087532476624833,1.0,0.875,-1.7193771208441806
2,4,7,8,AB,-0.2741969215501982,4.668156104030031,-4.942353025580228,1.0,0.875,0.07841574742337898,0.07805479727517507,2.0183544643211087,2.5183450056304957,1.0,0.875,-2.681361660486253
2,4,7,8,BA,-4.612878528418166,3.040833063126915,-7.6237146860664815,1.0,0.875,0.09516131954638796,0.09609709731547811,2.631856400071578,3.3463727430081,1.0,0.875,-2.681361660486253
2,5,9,10,AB,0.22010515493214017,3.582085893002405,-3.361980738070265,0.9375,0.875,0.07671687847767729,0.07980562225410902,2.0952610001031777,2.481940773348239,0.9375,0.875,-6.922594400893939
2,5,9,10,BA,-5.906837103010341,4.377738035953863,-10.284575138964204,1.0,0.875,0.09674839119072212,0.09621654662074344,2.5739489382134573,2.8965181610531454,1.0,0.875,-6.922594400893939
2,6,11,12,AB,-0.33095015744469997,3.9964135394114764,-4.327363696856176,1.0,0.875,0.07812690285808138,0.08032148969169284,2.0972040443911384,2.427596781762769,1.0,0.875,-4.683667332794977
2,6,11,12,BA,-4.7775231959446165,3.9856704690684235,-9.011031029651154,1.0,0.8125,0.09656532592146361,0.09702793589235545,2.596337276881421,3.0957893388845745,1.0,0.8125,-4.683667332794977
2,7,13,14,AB,0.3536172589081611,3.887418625129068,-3.533801366220907,0.9375,0.875,0.07648712322268675,0.076312527737227,2.131162411956862,2.4931364318732228,0.9375,0.875,-7.400044157127134
2,7,13,14,BA,-6.966739338937123,3.9671061844109166,-10.93384552334804,1.0,0.875,0.09535479463466875,0.0952366557922753,2.591841958610896,3.076140998483696,1.0,0.875,-7.400044157127134
2,8,15,16,AB,-1.3701479155602654,4.339354044927149,-4.72953544225326,1.0,0.875,0.07617207165381784,0.07751410446872455,1.9758831121929412,2.622760284998167,1.0,0.875,-3.652138047317086
2,8,15,16,BA,-4.641796335276827,3.739877154293519,-8.381673489570346,1.0,0.8125,0.09643779808627903,0.09665035871456404,2.480150078807392,3.3411921273633673,1.0,0.8125,-3.652138047317086
2,9,17,18,AB,-2.546959638085945,4.004982345245951,-6.551941983331896,0.9375,0.8125,0.07545512879950825,0.07971499750369823,2.110261567656356,2.5454955045967864,0.9375,0.8125,-1.5595078190903005
2,9,17,18,BA,-4.011900961551667,4.099548840870528,-8.111449802422197,1.0,0.8125,0.09542290864952833,0.09927621559684449,2.5056900397485893,2.980530705536091,1.0,0.8125,-1.5595078190903005
2,10,19,20,AB,-0.06608216366024913,4.036214602674853,-4.3777035473295705,0.9375,0.875,0.0772030003567386,0.07797400329728615,2.261221242667573,2.544168925821977,0.9375,0.875,-1.9222617804802002
2,10,19,20,BA,-1.3799813339465223,4.919983993863249,-6.299965327809771,0.9375,0.875,0.09609853962146499,0.09648514983610731,2.558401582355738,3.283026165308005,0.9375,0.875,-1.9222617804802002
2,11,21,22,AB,-0.19365271741506893,4.559272788127144,-5.170927467270862,0.9375,0.875,0.07545413564308184,0.0793882955521435,2.1350381728041548,2.5386088712303705,0.9375,0.875,-3.090817766720529
2,11,21,22,BA,-2.8471664724445542,4.737478549492318,-8.261745233991391,1.0,0.8125,0.0960537859175615,0.0987362660896367,2.794790847614512,3.1877886962847892,1.0,0.8125,-3.090817766720529
2,12,23,24,AB,-1.0904613841062007,4.228761394081052,-5.319222778187252,1.0,0.875,0.07531910172933128,0.07732794464373083,2.1549209709880417,2.4766137476758865,1.0,0.875,-3.993306639728842
2,12,23,24,BA,-6.596986154798821,3.730841174513894,-9.312529417916094,1.0,0.875,0.09549892306809407,0.09671770943653761,2.6252057404977727,3.357798798338258,1.0,0.875,-3.993306639728842
2,13,25,26,AB,-2.923678923892346,4.54939465900367,-5.777724010534237,0.9375,0.875,0.0756518981108921,0.078108861631175,2.186687063157277,2.585743173705982,0.9375,0.875,-5.574574344453057
2,13,25,26,BA,-7.272245055182196,5.022452964700147,-11.352298354987294,1.0,0.875,0.09895476267569721,0.09635797871416293,2.5597077734482516,2.995969868349553,1.0,0.875,-5.574574344453057
2,14,27,28,AB,-1.6402690290953694,3.271397120927581,-4.911666150022951,0.9375,0.875,0.07794751232771599,0.07863712983808835,2.2491999164045158,2.398328873425948,0.9375,0.875,-1.2205074739292732
2,14,27,28,BA,-1.7259703964440576,4.406203227508167,-6.132173623952224,1.0,0.8125,0.09483428578616071,0.0999480071313711,2.4704719781627045,3.2385355016084905,1.0,0.8125,-1.2205074739292732
2,15,29,30,AB,-0.6949543798915271,5.20215953500791,-5.90543734075823,1.0,0.875,0.0759531179592949,0.07727477844444791,2.032646340151077,2.8634048236910377,1.0,0.875,1.2874280922371097
2,15,29,30,BA,-1.2790566162630865,3.3389526322580334,-4.61800924852112,1.0,0.875,0.09669025196122204,0.10134771653376826,2.791050979513491,3.2103358429404545,1.0,0.875,1.2874280922371097
2,16,31,32,AB,-0.8880765900038662,3.481581854101735,-4.3696584441056014,1.0,0.875,0.07687764559771645,0.0802818843107386,2.0550689613847704,2.845760794759215,1.0,0.875,-3.4928480044819654
2,16,31,32,BA,-3.317021680747382,4.125914054039181,-7.862506448587567,1.0,0.875,0.0969056793413042,0.09756273706246386,2.598432638340505,3.3487208892471125,1.0,0.875,-3.4928480044819654
2,17,33,34,AB,-1.1929790395495934,3.637879124724352,-4.830858164273946,1.0,0.875,0.07573511276612618,0.07885031325507533,2.059141124214052,2.5473586637956465,1.0,0.875,-4.354576212917821
2,17,33,34,BA,-6.847432474417341,3.55609784289019,-9.185434377191767,0.9375,0.8125,0.09323208477974718,0.0964917208044523,2.6865373113946633,3.2395851894263044,0.9375,0.8125,-4.354576212917821
2,18,35,36,AB,-1.3480621562205866,4.100857259777799,-5.448919415998385,1.0,0.875,0.07612620013553419,0.07872998126557336,2.0425906665142692,2.500011638712705,1.0,0.875,-2.7987370742635216
2,18,35,36,BA,-5.032746668457765,3.2149098218041425,-8.247656490261907,1.0,0.8125,0.09671875319892208,0.10101670355058098,2.679891808933737,3.0667596386332807,1.0,0.8125,-2.7987370742635216
2,19,37,38,AB,0.031042911118519586,3.670219428658,-3.8014512538337146,0.9375,0.875,0.07708398953930254,0.08078115183734369,2.0800553805781115,2.584717095720674,0.9375,0.875,-3.33390329046073
2,19,37,38,BA,-3.4756326888233615,3.659721855471083,-7.135354544294445,1.0,0.875,0.09642064227499227,0.09783762214578276,2.885684373585022,3.2735921526724883,1.0,0.875,-3.33390329046073
2,20,39,40,AB,0.18306016890142546,4.568699494198494,-4.720956337714628,1.0,0.875,0.074889460293949,0.07741209249156356,2.284797225712827,3.0308459251553415,1.0,0.875,-8.701481022760706
2,20,39,40,BA,-8.460893105715556,4.96154425475978,-13.422437360475335,1.0,0.8125,0.09524951465954404,0.09742783973252261,2.504348744665939,3.061223725365348,1.0,0.8125,-8.701481022760706
2,21,41,42,AB,-0.14098051218359342,4.734237674896522,-4.875218187080115,1.0,0.875,0.0765911382258346,0.07864098841521475,2.0095906805393167,2.654567385845538,1.0,0.875,-3.1702525491583256
2,21,41,42,BA,-3.515778745080863,3.824952171066124,-8.04547073623844,0.9375,0.875,0.09540767527371077,0.09894290782546017,2.532521824174143,3.305673973992036,0.9375,0.875,-3.1702525491583256
2,22,43,44,AB,-2.6976962563619336,3.8874685985398676,-5.663102797180207,1.0,0.875,0.07747438086743111,0.0791790730792456,2.1577194939444855,2.54589854658978,1.0,0.875,-0.7946888706740101
2,22,43,44,BA,-2.437929610612915,3.7928204729470765,-6.457791667854217,1.0,0.8125,0.09615671393775407,0.09790432107729216,2.6226341303963943,3.383663384894664,1.0,0.8125,-0.7946888706740101
2,23,45,46,AB,-1.0906724512486456,4.367905553739674,-5.45857800498832,1.0,0.875,0.07489692170529798,0.07679297403184394,1.956210370645831,2.7229070246351625,1.0,0.875,-4.032175154790366
2,23,45,46,BA,-6.5614630285768705,4.375687530117926,-9.490753159778686,1.0,0.875,0.0923495105198441,0.09662620397698093,2.4691615671842664,2.8968899484381323,1.0,0.875,-4.032175154790366
2,24,47,48,AB,-1.0218618932170191,4.376653701342268,-5.398515594559287,1.0,0.8125,0.07618699142279603,0.07956717010013145,2.1169907712770772,2.5415172099235868,1.0,0.8125,-3.2364514592769424
2,24,47,48,BA,-5.628505501065293,3.006461552770937,-8.63496705383623,1.0,0.8125,0.0927343784722155,0.09683547113336094,2.845693869337874,3.1703164001889386,1.0,0.8125,-3.2364514592769424
2,25,49,50,AB,0.40519772055356573,3.4292057387739896,-3.0240080182204236,1.0,0.875,0.07852003967208424,0.07828111906520582,2.229628025892852,2.379850315513851,1.0,0.875,-11.090756416405707
2,25,49,50,BA,-9.938015149019975,4.176749285606156,-14.114764434626132,1.0,0.875,0.09381977827880628,0.09727083278731835,2.68489159800374,3.2064604017157947,1.0,0.875,-11.090756416405707
2,26,51,52,AB,-0.6749759309148148,4.797169856700937,-3.533071419625614,0.9375,0.8125,0.0777888872898311,0.07732589482483575,2.0077573561954623,2.6777606045428373,0.9375,0.8125,-1.8955933124934727
2,26,51,52,BA,-2.618851492259635,2.88329154610971,-5.428664732119087,1.0,0.875,0.09584451594730342,0.09892323048155982,2.3981193348888343,2.917268787514454,1.0,0.875,-1.8955933124934727
2,27,53,54,AB,-3.4504746443606544,2.9990092087289977,-6.449483853089652,1.0,0.875,0.0781046122846066,0.08013760818136598,2.129912893003863,2.7145722288302268,1.0,0.875,-3.2836575546920814
2,27,53,54,BA,-7.697506995215466,4.376468602156167,-9.733141407781734,0.9375,0.8125,0.0966472758711117,0.0981409421617918,2.5580095531861855,3.242131974347658,0.9375,0.8125,-3.2836575546920814
2,28,55,56,AB,-0.08727483355941594,4.433533472864387,-3.94668704856236,0.9375,0.8125,0.07667432086664436,0.07719478805988354,1.9072399625613903,2.7225768797135066,0.9375,0.8125,-4.541913083792965
2,28,55,56,BA,-4.478463613222856,4.010136519132469,-8.488600132355325,1.0,0.8125,0.09443912288668696,0.09712260566148254,2.3681508147029207,3.129417934608198,1.0,0.8125,-4.541913083792965
2,29,57,58,AB,-2.8693296348934267,4.0443086979003375,-6.695482947120128,0.9375,0.875,0.07714840918426305,0.0792907775071285,2.228571353423547,2.6888046796240888,0.9375,0.875,-3.5493379103077825
2,29,57,58,BA,-4.397941540784229,5.0794526944133445,-10.24482085742791,1.0,0.875,0.09584733927361319,0.09758713850390505,2.46187443376002,3.2458479211836746,1.0,0.875,-3.5493379103077825
2,30,59,60,AB,-2.335937544261709,4.552446905824166,-4.258086705949445,0.9375,0.875,0.07794946524934158,0.07832644012347516,1.8725926358103635,2.588927899956848,0.9375,0.875,-4.118904850722437
2,30,59,60,BA,-4.093500838145862,3.924499755553923,-8.376991556671882,0.9375,0.875,0.09728022883708402,0.0977437371011923,2.414776047895729,3.045535972384902,0.9375,0.875,-4.118904850722437
2,31,61,62,AB,-2.4101182189376353,3.661176753012653,-6.071294971950288,1.0,0.875,0.07713579866343637,0.07879581503858854,2.174453216801136,2.248154696640337,1.0,0.875,-3.712609155426569
2,31,61,62,BA,-5.5066317356676775,4.277272391709181,-9.783904127376857,0.9375,0.875,0.09762194906753549,0.0979250239449934,2.5076445572523482,3.2167040298829566,0.9375,0.875,-3.712609155426569
2,32,63,64,AB,-1.3162208143009864,3.437670893392643,-4.753891707693629,0.9375,0.875,0.07595873479140447,0.07835708965951876,2.036574790009041,2.509824752249715,0.9375,0.875,0.5839443946709295
2,32,63,64,BA,-4.630688527499559,3.47243180719857,-4.1699473130227,0.9375,0.9375,0.09656378010285713,0.09969058109514148,2.565509846880448,3.0672198413308616,0.9375,0.9375,0.5839443946709295
2,33,65,66,AB,-2.075975613612695,3.5787064227612793,-5.654682036373974,0.9375,0.875,0.0755109149049318,0.07688544337423203,1.876799595628526,2.4735619517383363,0.9375,0.875,-0.5811346266187725
2,33,65,66,BA,-2.4909979331832908,3.7448187298094555,-6.235816662992747,0.9375,0.875,0.09308043868921312,0.09861927508380072,2.671862352165694,4.010859866131224,0.9375,0.875,-0.5811346266187725
2,34,67,68,AB,-1.0944529000509788,4.060997095751485,-5.155449995802464,0.9375,0.875,0.07753686971902393,0.07979388757226916,1.975855649771098,2.6234994273170975,0.9375,0.875,-2.3997688103261323
2,34,67,68,BA,-3.0952087987879433,4.460010007340653,-7.555218806128597,1.0,0.875,0.0955781636948295,0.0995173020948548,2.5246016614875524,3.142785702191344,1.0,0.875,-2.3997688103261323
2,35,69,70,AB,-0.019289707234900002,3.6468676603955625,-3.6661573676304626,1.0,0.875,0.07622779921554623,0.07853055279943535,2.077367495772039,2.551089621330438,1.0,0.875,-4.709418340403953
2,35,69,70,BA,-4.6150397898963815,3.986677763587025,-8.375575708034416,1.0,0.875,0.09489808590067261,0.09730710881521194,2.655500958558676,3.3661684503000977,1.0,0.875,-4.709418340403953
2,36,71,72,AB,0.3218889760059163,2.911734021251266,-2.5898450452453496,0.9375,0.8125,0.07797774056929926,0.08141888989585622,2.0561833339074944,2.562817599348208,0.9375,0.8125,-1.2509196257167798
2,36,71,72,BA,0.09893245404432989,2.9371961554545045,-3.8407646709621295,1.0,0.875,0.09569300708050496,0.09663119087056274,2.496427422976466,3.245128851824324,1.0,0.875,-1.2509196257167798
2,37,73,74,AB,-1.6817462486160597,4.0929857556994005,-4.8506915600755836,1.0,0.8125,0.0789705402129267,0.07901608662367902,2.1254523987218317,2.4187869517509646,1.0,0.8125,-6.660792522617472
2,37,73,74,BA,-6.382649730221494,4.250934008902487,-11.511484082693055,1.0,0.8125,0.09352243691687648,0.09602235819938626,2.5895656473196014,3.1028954554660313,1.0,0.8125,-6.660792522617472
2,38,75,76,AB,1.5682285365985664,5.351816656286087,-3.9677290315385236,0.9375,0.8125,0.07865521916269896,0.07801590128539954,2.079023599469273,2.2519067217298305,0.9375,0.8125,-7.928924820229382
2,38,75,76,BA,-7.5399117203741834,4.0525267607319115,-11.896653851767905,1.0,0.875,0.09695852034152883,0.09912843101498331,2.782530596295943,2.737367074387302,1.0,0.875,-7.928924820229382
2,39,77,78,AB,0.36731946382774133,4.104970693514926,-3.875050837264815,0.9375,0.875,0.07901623643737779,0.0781625281181837,2.467962991641775,2.5477813396749407,0.9375,0.875,-4.384952537169234
2,39,77,78,BA,-4.718642942176957,3.379640048539708,-8.26000337443405,1.0,0.875,0.09513330968839974,0.09935840268312382,2.343623676080199,2.9257372627430835,1.0,0.875,-4.384952537169234
2,40,79,80,AB,-0.30639676502783286,4.161422891757457,-4.675455649261073,0.9375,0.8125,0.07776448991298492,0.07802439679874908,2.2168687901088955,2.6639262684539426,0.9375,0.8125,-1.9010693241725694
2,40,79,80,BA,-3.2361835115174733,3.340341461916169,-6.576524973433642,1.0,0.875,0.09603758154548028,0.09965522239594941,2.3967946589968663,3.123485931370632,1.0,0.875,-1.9010693241725694
2,41,81,82,AB,-0.9227526531288183,2.7677540809403873,-3.6679667431594276,0.9375,0.875,0.07914129680398899,0.0793648699566204,2.2821703966293754,2.6154264227809803,0.9375,0.875,-4.414331787283809
2,41,81,82,BA,-4.414305804831438,3.6679927256117972,-8.082298530443236,1.0,0.8125,0.09310751455732592,0.09560048124965176,2.642351767345068,3.2809941156841855,1.0,0.8125,-4.414331787283809
2,42,83,84,AB,-0.5663512591907179,3.4891599230546104,-4.055511182245328,0.9375,0.875,0.07687338236961233,0.07983565831251427,2.2212660667832536,2.6576370180333933,0.9375,0.875,-2.0708085207376126
2,42,83,84,BA,-4.163827631780843,4.373875768710241,-6.126319702982941,0.9375,0.875,0.09793405263945393,0.09789263892437788,2.5033276107731197,3.1337670922407264,0.9375,0.875,-2.0708085207376126
2,43,85,86,AB,-0.7562028525322994,4.237929964131954,-4.994132816664253,1.0,0.875,0.07734786138892644,0.07679636925942462,2.12669217595358,2.497129083626273,1.0,0.875,-3.1695359095124065
2,43,85,86,BA,-4.683600122868383,3.480068603308276,-8.16366872617666,1.0,0.875,0.09684647460118245,0.09837973965066513,2.564297960344594,3.2474277080313154,1.0,0.875,-3.1695359095124065
2,44,87,88,AB,-1.8237503602833642,4.599834004263315,-6.421132557991186,0.9375,0.875,0.07614657419965418,0.07924884607568271,2.1076596066457016,2.4674034982696282,0.9375,0.875,-0.0956081658461887
2,44,87,88,BA,-1.8723823042880994,4.4351335937904715,-6.5167407238373745,1.0,0.8125,0.09806334895388757,0.09521171854446633,2.8136934499326833,2.9670941101508683,1.0,0.8125,-0.0956081658461887
2,45,89,90,AB,-0.24811109162122905,3.9272987053232096,-4.175409796944439,0.9375,0.875,0.07704709148940644,0.07773414901169676,2.2401960154984453,2.44588636602655,0.9375,0.875,-4.281252537458626
2,45,89,90,BA,-4.025381044611347,4.431281289791718,-8.456662334403065,1.0,0.875,0.09571177861767452,0.09949594328837959,2.47084211660873,3.200154066539951,1.0,0.875,-4.281252537458626
2,46,91,92,AB,-0.8370812796506392,3.6710634354751956,-4.508144715125835,0.9375,0.875,0.07900623231719803,0.0781959499676437,2.1238059908208373,2.6421681490674045,0.9375,0.875,-2.215139536013102
2,46,91,92,BA,-3.225570062740704,3.4977141883982323,-6.723284251138937,0.9375,0.875,0.09340575430668457,0.10130821115473815,2.3783914545069074,3.2585748250516238,0.9375,0.875,-2.215139536013102
2,47,93,94,AB,0.5308744692197992,4.33547063171472,-4.89629406276044,0.9375,0.875,0.0779107874448122,0.07803561743467598,2.20409763467978,2.6321070024505646,0.9375,0.875,-5.44865977679153
2,47,93,94,BA,-6.339222851339422,4.215970931394576,-10.34495383955197,1.0,0.8125,0.09405190775252077,0.09759004967263221,2.623958280033557,3.146229601245845,1.0,0.8125,-5.44865977679153
2,48,95,96,AB,-2.1278052760771873,4.609404628240929,-6.737209904318116,0.9375,0.875,0.0784757715041686,0.07743467577048171,2.19614663461104,2.5146767016048157,0.9375,0.875,-0.5559245466099565
2,48,95,96,BA,-3.4116289047244774,3.8815055462035954,-7.293134450928073,0.9375,0.875,0.09584568809175173,0.0970599705907143,2.5023083702538713,3.2029975082102116,0.9375,0.875,-0.5559245466099565
2,49,97,98,AB,0.29466808960688406,4.767603497041548,-4.484641911498464,0.9375,0.875,0.07903302722767114,0.07818838937455809,2.2160892970216945,2.4480348668195475,0.9375,0.875,-3.4783642140826663
2,49,97,98,BA,-3.7757969861151377,3.9204441866696778,-7.96300612558113,1.0,0.875,0.09663680887364379,0.09872420842886662,2.7487047308228014,3.3491509669950696,1.0,0.875,-3.4783642140826663
2,50,99,100,AB,-1.282675919038939,4.338246248005633,-5.030823432724253,0.9375,0.875,0.0766802555082401,0.07968580122230386,2.0930001163544105,2.6042057577056137,0.9375,0.875,-4.806833199107642
2,50,99,100,BA,-5.499274794468716,4.338381837363179,-9.837656631831894,1.0,0.875,0.09600007824861509,0.09940264257679982,2.625678742627092,3.2068158553900226,1.0,0.875,-4.806833199107642
2,51,101,102,AB,-1.243189199575934,3.800986227859947,-5.044175427435881,0.9375,0.8125,0.07531058411172385,0.07844293567071554,2.1114595660572655,2.5889779892193463,0.9375,0.8125,-1.6543911021756674
2,51,101,102,BA,-2.336663323310956,4.361903206300593,-6.698566529611549,1.0,0.8125,0.09425896234390804,0.09574069992337295,2.568464640160709,3.33394472366654,1.0,0.8125,-1.6543911021756674
2,52,103,104,AB,-0.03420837194223914,4.297053765821864,-5.512087030878653,1.0,0.875,0.07774667541557648,0.07691886301883054,2.2698878589411846,2.5701952863237745,1.0,0.875,-4.652523208181482
2,52,103,104,BA,-9.237467531629195,4.336580982526853,-10.164610239060135,0.9375,0.875,0.09328974387957309,0.09601204214740054,2.699677628318641,2.979343930139976,0.9375,0.875,-4.652523208181482
2,53,105,106,AB,-1.7364453595726923,4.256955358229707,-5.993400717802399,0.9375,0.875,0.07830630276450995,0.07640225832602823,2.130073200362479,2.449290291892493,0.9375,0.875,-1.1072018923467608
2,53,105,106,BA,-2.724158887852133,4.376443722297028,-7.10060261014916,1.0,0.8125,0.0940176029818523,0.09856315965561693,2.716954553036524,2.8480520356288634,1.0,0.8125,-1.1072018923467608
2,54,107,108,AB,-0.3713475447873417,3.0669782087509554,-2.049276278527598,0.9375,0.875,0.07719491600746059,0.07913210725432389,2.1294538590087884,2.490070799158655,0.9375,0.875,-3.777788367417455
2,54,107,108,BA,-2.053510683817085,3.773553962127968,-5.827064645945053,1.0,0.8125,0.09642160266736811,0.09619207698717555,2.4952215760876344,3.347081196384643,1.0,0.8125,-3.777788367417455
2,55,109,110,AB,-0.22160162880049006,4.52320055123262,-4.74480218003311,0.9375,0.875,0.07867917781186198,0.08066198219877607,2.1954480416958155,2.547700801126968,0.9375,0.875,-3.5088214325525673
2,55,109,110,BA,-3.202784755681247,4.278902632542811,-8.253623612585677,1.0,0.875,0.09450545990935891,0.09742469403875637,2.4953307963832927,3.183876962534608,1.0,0.875,-3.5088214325525673
2,56,111,112,AB,0.5447644399919385,4.194402127726846,-3.913228327790378,0.9375,0.875,0.07714918223925177,0.07935154635014131,2.173434943194821,2.607838027661048,0.9375,0.875,-6.890028805531909
2,56,111,112,BA,-5.954720199223074,4.848536934099212,-10.803257133322287,0.9375,0.875,0.09495347591641332,0.09650120057302945,2.673736329129956,3.09662025645108,0.9375,0.875,-6.890028805531909
2,57,113,114,AB,-3.0673334156455363,3.8151168792530687,-5.861859734719412,0.9375,0.875,0.07813281661194553,0.07588160423936627,2.103721762004628,2.5803763248264806,0.9375,0.875,-3.2807948664449915
2,57,113,114,BA,-5.322078796735562,3.820575804428842,-9.142654601164404,1.0,0.8125,0.09402090198726257,0.09404258134191001,2.4397731181798124,2.9124775775774556,1.0,0.8125,-3.2807948664449915
2,58,115,116,AB,-3.474879302060276,4.038949054720741,-6.945113733006554,0.9375,0.9375,0.07791402678204538,0.0792672789922477,2.3194999786438943,2.588825261463664,0.9375,0.9375,-3.28554741073048
2,58,115,116,BA,-5.9243125449058125,4.306348598831223,-10.230661143737034,0.9375,0.875,0.09637071734326985,0.09829383252572726,2.513947454672847,3.091277822713229,0.9375,0.875,-3.28554741073048
2,59,117,118,AB,0.5526781522170079,3.1077086361741166,-2.5550304839571085,0.9375,0.875,0.07587742411558322,0.08060421295675535,1.997434354531923,2.7689606604565085,0.9375,0.875,-7.672508599513331
2,59,117,118,BA,-6.100338807409319,3.897461501025378,-10.22753908347044,1.0,0.875,0.09548808851883807,0.09969809610492657,2.5671516121006377,3.534106952986889,1.0,0.875,-7.672508599513331
2,60,119,120,AB,0.442007458452337,4.515327372351016,-4.073319913898679,0.9375,0.8125,0.07956617886275069,0.07911024296828399,2.1622585893108957,2.3095210365385004,0.9375,0.8125,-6.956651068199058
2,60,119,120,BA,-6.423287734429601,4.467667911384034,-11.029970982097737,1.0,0.875,0.09599511623290287,0.09823735731913333,2.3764347899449128,3.220807592498628,1.0,0.875,-6.956651068199058
2,61,121,122,AB,-0.15913712454298504,3.4546351742280863,-3.6137722987710714,0.9375,0.8125,0.07671979496852031,0.07866151166043645,2.1913460668208025,2.536120073564577,0.9375,0.8125,-9.681276709402983
2,61,121,122,BA,-8.81956413056299,3.576689418728326,-13.295049008174054,1.0,0.875,0.09479063510010072,0.09938095771615676,2.501630515358214,3.3590877433586055,1.0,0.875,-9.681276709402983
2,62,123,124,AB,0.5170696785540912,4.715746963302669,-4.198677284748578,0.9375,0.875,0.07826559680588582,0.08003685036864652,2.3048724470998208,2.6368195091779025,0.9375,0.875,-0.6361973430210854
2,62,123,124,BA,-0.6694087181329618,4.165465909636701,-4.834874627769663,0.9375,0.8125,0.09619082372817883,0.0985277013844919,2.5944991336801593,3.204945915314623,0.9375,0.8125,-0.6361973430210854
2,63,125,126,AB,-0.8986504661473078,3.7898997933345155,-4.482328426847496,1.0,0.875,0.07780746149920577,0.07962952672716264,1.966578218483482,2.536318374307586,1.0,0.875,-2.661346239477843
2,63,125,126,BA,-3.791422610801181,3.352252055524158,-7.143674666325339,0.9375,0.8125,0.09076373617068154,0.09792981224986042,2.700726376052952,2.9877002199943643,0.9375,0.8125,-2.661346239477843
2,64,127,128,AB,-0.5187116555707972,4.326694109832541,-4.849328871545899,0.9375,0.9375,0.07648804159313734,0.07616280430089024,2.3284710141960945,2.603124971505112,0.9375,0.9375,-4.281571127300659
2,64,127,128,BA,-4.620964522646312,4.509935476200247,-9.130899998846559,1.0,0.875,0.0955276904535066,0.09558830912720287,2.5623270218990486,3.0058848252744403,1.0,0.875,-4.281571127300659
2,65,129,130,AB,-1.1689111928097287,5.0280290982234845,-5.604088572866154,0.9375,0.875,0.07758413699058714,0.07687942188575048,2.046171142123278,2.750225130920344,0.9375,0.875,-0.6164517667890106
2,65,129,130,BA,-2.136310704325026,4.084229635330138,-6.220540339655164,1.0,0.875,0.0963389973483387,0.09701113146532832,2.6713068065765007,2.9894749350361938,1.0,0.875,-0.6164517667890106
2,66,131,132,AB,-0.2529594703851572,4.779805318837783,-5.032764789222941,1.0,0.8125,0.07726604062024961,0.07851448127595873,2.0108505178473584,2.597030519316295,1.0,0.8125,-0.7328577351833907
2,66,131,132,BA,-2.882981681081907,3.45312196994097,-5.765622524406331,1.0,0.9375,0.09597744645453435,0.09877646691407721,2.5912403873932073,2.816641912486669,1.0,0.9375,-0.7328577351833907
2,67,133,134,AB,1.1989792268852726,4.4708000485809665,-3.131439949992891,0.9375,0.875,0.07715391472861549,0.0791443038051555,1.993287201091949,2.523495976594675,0.9375,0.875,-6.080620956981925
2,67,133,134,BA,-6.678505757041208,3.667579256005961,-9.212060906974816,1.0,0.875,0.09391021231004455,0.09752000891631307,2.688959965499885,2.973696005470801,1.0,0.875,-6.080620956981925
2,68,135,136,AB,-0.2518172800511428,3.6957063238502905,-3.947523603901433,0.9375,0.875,0.07633059235711762,0.0778401227243481,2.0834211069966946,2.613988934875886,0.9375,0.875,-4.0611558492379745
2,68,135,136,BA,-4.598722344317376,3.4099571088220317,-8.008679453139408,1.0,0.8125,0.0937894874918985,0.09773218244580417,2.760927966327852,3.2545439408289436,1.0,0.8125,-4.0611558492379745
2,69,137,138,AB,0.2651428344946936,4.258938901979478,-3.9937960674847846,1.0,0.875,0.07670556659887268,0.0790725297814025,2.2231165523141874,2.741477683762249,1.0,0.875,-2.258016246570689
2,69,137,138,BA,-2.0446377926617094,4.207174521393764,-6.251812314055473,0.9375,0.875,0.09644787212489858,0.09707377701294859,2.5818878226634334,3.2246123616251188,0.9375,0.875,-2.258016246570689
2,70,139,140,AB,-0.13632051193887162,4.350850086987358,-3.814563911741043,1.0,0.875,0.07754905622205459,0.07710217500080094,2.346555909441239,2.5494518932919417,1.0,0.875,-2.44996138443619
2,70,139,140,BA,-2.5104425202931546,3.7540827758840782,-6.264525296177233,1.0,0.875,0.09231399857462162,0.0981563771179523,2.9683628337192838,3.319457838058799,1.0,0.875,-2.44996138443619
2,71,141,142,AB,-2.179520260372197,3.141744696671155,-5.14019019873907,1.0,0.8125,0.0772617490024469,0.07725843264602507,2.152678870855583,2.704343735213496,1.0,0.8125,-5.3869523094973655
2,71,141,142,BA,-7.1546925003690545,4.1353473408473995,-10.527142508236436,0.9375,0.875,0.09199497870924261,0.09627571710920307,2.355067913596427,3.146115745472686,0.9375,0.875,-5.3869523094973655
2,72,143,144,AB,-0.5080176701881025,4.136040820138046,-3.519500151674363,0.9375,0.875,0.07772916058350506,0.07994131697811949,2.111195036082369,2.5266431206198217,0.9375,0.875,-6.692456426052768
2,72,143,144,BA,-6.628849409549344,4.224663921541295,-10.21195657772713,1.0,0.875,0.09594552106336258,0.09705693858066394,2.7728651169800678,3.105775047892137,1.0,0.875,-6.692456426052768
2,73,145,146,AB,-1.015597748610191,3.1662956519166636,-3.907715446150048,1.0,0.9375,0.07942799508339021,0.07896274402383406,2.223089648702077,2.6591595015743352,1.0,0.9375,-6.619865039811399
2,73,145,146,BA,-7.61788244619331,3.628838455303056,-10.527580485961447,1.0,0.9375,0.0940974688805945,0.09724065970430207,2.503895026765241,2.9940309814359733,1.0,0.9375,-6.619865039811399
2,74,147,148,AB,-3.2025145317747903,3.5658718976646058,-6.7636068945160375,0.9375,0.875,0.07642622568347028,0.07875395067601626,2.146963798948195,2.5706030983162584,0.9375,0.875,-3.1200556045929986
2,74,147,148,BA,-6.545068337381174,3.338594161727861,-9.883662499109036,1.0,0.9375,0.0981356503283035,0.09622004549455476,2.805530282019347,3.3441929689988514,1.0,0.9375,-3.1200556045929986
2,75,149,150,AB,0.3503752857686119,5.227834447842717,-5.140308269887244,0.9375,0.875,0.0762095971319845,0.07725369611882871,2.010124027558229,2.4691415675516475,0.9375,0.875,-2.1780279379274443
2,75,149,150,BA,-3.608979096728755,3.7093571110859336,-7.3183362078146885,1.0,0.875,0.09553697385822471,0.09707210172620928,2.6770523308790537,3.3999369155188823,1.0,0.875,-2.1780279379274443
2,76,151,152,AB,-1.066960481114676,4.647751722879696,-5.022471573056205,0.9375,0.8125,0.07727894729183662,0.07823750876815658,2.2383991064416717,2.5399095598959245,0.9375,0.8125,-4.565943821276699
2,76,151,152,BA,-8.26880335985876,2.1770125805428266,-9.588415394332904,1.0,0.875,0.0977694353035001,0.09956628891324773,2.8956279315499747,3.4631387181300104,1.0,0.875,-4.565943821276699
2,77,153,154,AB,-1.0318541702814845,4.320393568208038,-5.352247738489522,1.0,0.875,0.07675988885082866,0.07801890662719942,2.0602064850871757,2.6402316623191133,1.0,0.875,-5.369351141953761
2,77,153,154,BA,-6.91004126363119,3.811557616812092,-10.721598880443283,1.0,0.875,0.09460353491092859,0.09479539041290816,2.528002836805521,3.305338596988176,1.0,0.875,-5.369351141953761
2,78,155,156,AB,-1.2182421852278618,4.531769114383369,-6.1725856347888755,1.0,0.875,0.07734926175145931,0.07917010646834385,2.048676818136963,2.687960559752589,1.0,0.875,-5.623019698229138
2,78,155,156,BA,-7.402506983522702,3.954073950730441,-11.795605333018013,1.0,0.875,0.09730187244047553,0.0951548109053138,2.7789323128726284,3.354531364718703,1.0,0.875,-5.623019698229138
2,79,157,158,AB,0.6986402661126271,3.806815319813892,-3.108175053701265,0.9375,0.875,0.0754397185880091,0.07840114766121492,2.1968365547645714,2.855687932265022,0.9375,0.875,-6.017222192404596
2,79,157,158,BA,-4.882902633259545,3.5318622711556724,-9.12539724610586,1.0,0.8125,0.09732813301912215,0.09954485359704997,2.604863825325979,3.1647552348513353,1.0,0.8125,-6.017222192404596
2,80,159,160,AB,0.36736235914007465,4.60414898269654,-4.236786623556465,0.9375,0.875,0.07719281141619119,0.07869061736168095,2.173762176953947,2.5977118098434753,0.9375,0.875,-3.8038629180516628
2,80,159,160,BA,-2.5743788909142507,4.445621874061255,-8.040649541608127,0.9375,0.875,0.09670509853793796,0.09641211373682772,2.7337586601153108,3.1915875540175795,0.9375,0.875,-3.8038629180516628
2,81,161,162,AB,-0.4074421614082505,4.619442312635276,-5.157197235659435,0.9375,0.875,0.07914997259740969,0.07977204784488351,2.2712925352587794,2.3231893113342146,0.9375,0.875,0.4038956057832923
2,81,161,162,BA,-1.040998970200664,3.095945835363608,-4.753301629876143,1.0,0.875,0.09752830096340959,0.0968066289228886,2.8623651916822075,3.3150155071118173,1.0,0.875,0.4038956057832923
2,82,163,164,AB,0.376700588782643,4.565592580853245,-4.1888919920706025,1.0,0.875,0.0772221319630537,0.07838457488646056,2.1315664430830426,2.7287281583219505,1.0,0.875,-3.4739033370385313
2,82,163,164,BA,-2.902317410209096,4.760477918900038,-7.662795329109134,1.0,0.875,0.09766334564015794,0.09832937378404716,2.6994056444529346,3.3896398503707625,1.0,0.875,-3.4739033370385313
2,83,165,166,AB,-1.2096012896360373,4.842294235720073,-5.004964547604855,0.9375,0.875,0.07473602802347924,0.07874914407661243,2.0971754935534186,2.51221924423953,0.9375,0.875,-6.0220096692422
2,83,165,166,BA,-6.399064085219918,4.627910131627137,-11.026974216847055,0.9375,0.8125,0.09604589739943661,0.09900885090691139,2.5804136413070338,2.747144517048196,0.9375,0.8125,-6.0220096692422
2,84,167,168,AB,1.3108036874764968,3.61202536044315,-2.301221672966653,0.9375,0.875,0.07910488540131888,0.07917861180750094,2.0760354993791426,2.514337190982003,0.9375,0.875,-5.678395552892814
2,84,167,168,BA,-5.507048576001531,2.2096003732575795,-7.979617225859467,1.0,0.8125,0.09637454041553421,0.09664933218280368,2.7150306428198325,3.252023553520501,1.0,0.8125,-5.678395552892814
2,85,169,170,AB,-2.069383976268679,4.478794428024882,-6.922374324469255,0.9375,0.875,0.0765118230165133,0.07910146688067718,1.9442008918538258,2.2596547635105813,0.9375,0.875,0.18350066382982444
2,85,169,170,BA,-1.8597590876423922,3.5694740266726157,-6.73887366063943,1.0,0.875,0.09584409948073677,0.09602039238514791,2.4861240848260344,2.797048187067289,1.0,0.875,0.18350066382982444
2,86,171,172,AB,0.8496383758201176,3.899403117044558,-3.0497647412244406,1.0,0.875,0.0776788564811492,0.07957963815159243,2.054179780291057,2.588259025684605,1.0,0.875,-5.4889676715515305
2,86,171,172,BA,-3.943557490177128,4.595174922598844,-8.538732412775971,0.9375,0.8125,0.09547677575182434,0.09641765978894512,2.722949410645932,3.0549272267252245,0.9375,0.8125,-5.4889676715515305
2,87,173,174,AB,-3.391995569099037,3.5897423281738754,-6.981737897272913,0.9375,0.875,0.07750950509504528,0.07741663389738215,2.0676147429154064,2.463964441201038,0.9375,0.875,0.9068049022267957
2,87,173,174,BA,-3.1463229598917595,3.208634004342039,-6.074932995046117,1.0,0.875,0.09602206481268968,0.09634793178619636,2.559297552525753,3.1353002220530386,1.0,0.875,0.9068049022267957
2,88,175,176,AB,-0.22985747071559418,3.440840715342138,-2.878936265477763,1.0,0.875,0.07564862436995011,0.07934634968102083,2.1902619284109477,2.4557024557169997,1.0,0.875,-5.563923501858848
2,88,175,176,BA,-4.138911318364053,4.190204104458421,-8.44285976733661,0.9375,0.875,0.09630420824596747,0.09829996948752923,2.5504258442856242,3.1257314048839495,0.9375,0.875,-5.563923501858848
2,89,177,178,AB,-0.20788447081421998,4.429585557435499,-4.538793060401478,0.9375,0.875,0.07758469590207046,0.07872268812423533,2.124596606063283,2.444386335925242,0.9375,0.875,-1.4113229081101046
2,89,177,178,BA,-2.1369565100956485,3.8131594584159334,-5.950115968511582,1.0,0.8125,0.09622158724083432,0.09642908745402726,2.4705509505779366,3.3681444030021295,1.0,0.8125,-1.4113229081101046
2,90,179,180,AB,-0.051199152241037015,3.5621629274936644,-4.389676099660646,1.0,0.875,0.07746766133843347,0.07752030487354825,1.890617672798254,2.458165256946134,1.0,0.875,-3.219219172764676
2,90,179,180,BA,-4.390435672196501,3.218459600228821,-7.608895272425322,0.9375,0.8125,0.09306670127009084,0.10031068134783512,2.480837542232109,3.5781573445185035,0.9375,0.8125,-3.219219172764676
2,91,181,182,AB,-0.9868538422875336,4.532732396994866,-4.770116102855906,0.9375,0.875,0.07811168031236435,0.07854234999036261,2.1716049601041707,2.6274522115071957,0.9375,0.875,-5.1859272815153
2,91,181,182,BA,-6.674533107413754,3.3593080852095687,-9.956043384371206,1.0,0.8125,0.09503439038206896,0.09773396981822836,2.7051481813777576,3.18825526577404,1.0,0.8125,-5.1859272815153
2,92,183,184,AB,-0.7932056318418147,5.13945452945457,-5.34843031548249,1.0,0.8125,0.07686237009602154,0.07798082515425642,2.1800878092775813,2.6085153222561965,1.0,0.8125,-2.402115575601714
2,92,183,184,BA,-4.044214302554119,3.706331588530085,-7.750545891084204,1.0,0.875,0.09372165703711136,0.09670652959302165,2.699037363053999,3.0797060736487225,1.0,0.875,-2.402115575601714
2,93,185,186,AB,-1.9881234894215987,3.292145426986933,-5.280268916408532,0.9375,0.875,0.07735616963040053,0.08028347585214815,2.0617280456309315,2.5342780502265256,0.9375,0.875,-3.5913151033914437
2,93,185,186,BA,-6.219323797454708,2.6522602223452685,-8.871584019799975,0.9375,0.875,0.09637205062190038,0.09614849713490756,2.5692793851594056,3.372732701287412,0.9375,0.875,-3.5913151033914437
2,94,187,188,AB,-0.44032136108482006,3.949551689313431,-4.389873050398251,1.0,0.875,0.07821962955454263,0.07755126532327518,2.1430597169843892,2.501589109110191,1.0,0.875,-5.023959193846094
2,94,187,188,BA,-5.121653291397738,4.292178952846607,-9.413832244244345,1.0,0.8125,0.09631068241621653,0.10001373378773656,2.7244557522759623,3.2481636663155706,1.0,0.8125,-5.023959193846094
2,95,189,190,AB,-1.1340032104657605,4.3230342775496355,-5.457037488015396,0.9375,0.875,0.07741745090643098,0.07849868135192581,2.3158545796864796,2.4040910546763743,0.9375,0.875,-2.726848142044063
2,95,189,190,BA,-3.428647484177831,4.755238145881628,-8.183885630059459,1.0,0.875,0.09500332154609618,0.09733140513382138,2.4010987335728182,3.2172641306667,1.0,0.875,-2.726848142044063
2,96,191,192,AB,-1.6867601244087391,4.284469448392407,-5.971229572801146,0.9375,0.875,0.07676438927045293,0.08086170934641693,1.9951870267185237,2.5353539426710796,0.9375,0.875,-6.598546414856369
2,96,191,192,BA,-8.255287469850161,4.562905923249868,-12.569775987657515,1.0,0.875,0.09699684851005737,0.0959349909311143,2.810331426324865,3.2969819180392186,1.0,0.875,-6.598546414856369
2,97,193,194,AB,0.30505614790635743,3.354106643054676,-2.8178190980402493,0.9375,0.8125,0.07647305454940262,0.07836916191638499,2.0221571130764655,2.738604509171826,0.9375,0.8125,-4.696182624536423
2,97,193,194,BA,-4.065907096154814,3.4480946264218577,-7.514001722576672,1.0,0.875,0.09631228631450768,0.09934662214076677,2.5410560044520922,3.26268096894088,1.0,0.875,-4.696182624536423
2,98,195,196,AB,0.2536186605460523,4.460656919165131,-4.831757550225082,1.0,0.875,0.07892703776063398,0.07876861920448977,2.0854773871547687,2.8434924045892442,1.0,0.875,-6.8893104931708065
2,98,195,196,BA,-7.082772368052557,4.638295675343331,-11.721068043395888,1.0,0.875,0.09618844910678348,0.0957544266529653,2.591100698202095,3.2337567238107168,1.0,0.875,-6.8893104931708065
2,99,197,198,AB,-2.661041524114771,4.639151489404202,-7.300193013518973,0.9375,0.875,0.07764110282273787,0.08031313958753741,2.170433536676593,2.39712379083654,0.9375,0.875,2.4693635274992527
2,99,197,198,BA,-0.7703746875350322,4.060454798484688,-4.83082948601972,1.0,0.8125,0.09549958715145722,0.09799229359537548,2.7266781798125432,3.4368394693758497,1.0,0.8125,2.4693635274992527
2,100,199,200,AB,-1.0903672288435897,3.900263884542878,-4.990631113386468,0.9375,0.8125,0.07487593301070158,0.08044342351483572,2.0325064369294537,2.4270474557302553,0.9375,0.8125,-2.591456322622842
2,100,199,200,BA,-3.141237576647671,4.44084985936164,-7.58208743600931,1.0,0.8125,0.09480171146942147,0.09699321781007711,2.4815258599552856,3.3695016789687804,1.0,0.8125,-2.591456322622842
4,1,1,4,AB,4.782913766668135,4.613489229124868,0.09178789666143672,0.9375,0.875,0.05378391088363692,0.055028170290670156,1.3951669507108613,1.9648121980542068,0.9375,0.875,-1.706528952412219
4,1,1,4,BA,2.309752746171561,3.924493801922343,-1.6147410557507822,1.0,0.875,0.06746030201105202,0.07028369617515023,1.6649303619994942,2.262847128235366,1.0,0.875,-1.706528952412219
4,2,5,8,AB,1.1707651156212502,4.5155045271151915,-1.77286567489791,1.0,0.875,0.05259686138662717,0.05458028516233088,1.5450472034607934,1.7641647814997659,1.0,0.875,-1.0596819024606288
4,2,5,8,BA,0.2501081178059282,3.082655695164467,-2.8325475773585387,1.0,0.875,0.06580134894285943,0.068574717752492,1.8152417824368645,2.185304891837763,1.0,0.875,-1.0596819024606288
4,3,9,12,AB,1.906893893733052,3.0498334243066028,-1.09901677477216,0.9375,0.875,0.054084520713759895,0.0539956408026564,1.4994883307042173,1.7460215367636787,0.9375,0.875,-2.8248945648694916
4,3,9,12,BA,0.8373313228861402,4.761242662527792,-3.9239113396416516,1.0,0.875,0.06838187966694498,0.06902650985552863,1.8707277590529914,2.1692637160259274,1.0,0.875,-2.8248945648694916
4,4,13,16,AB,2.9658027578883632,4.094824276545476,-0.8816723617485691,0.9375,0.875,0.05111604955882336,0.05357189306284889,1.3346469595536958,1.7641071936028232,0.9375,0.875,-2.381416273835401
4,4,13,16,BA,0.19151397961186842,3.4546026151958387,-3.26308863558397,1.0,0.875,0.06615235464691221,0.0678177708037393,1.7553934750163562,2.388322466480539,1.0,0.875,-2.381416273835401
4,5,17,20,AB,-0.12906871149705595,4.058408659883339,-2.5166919718278726,0.9375,0.875,0.05298002816176939,0.0538519555423139,1.4767133845335145,1.9046757249222706,0.9375,0.875,-0.7404453927772021
4,5,17,20,BA,-0.25745325491704985,4.5454295883691564,-3.2571373646050747,0.9375,0.875,0.06588131727491943,0.07057842142864489,1.9393469346018501,2.2656073557856393,0.9375,0.875,-0.7404453927772021
4,6,21,24,AB,2.952646522540333,3.653662083845697,-0.17616405028883353,0.9375,0.875,0.05190737071275586,0.053645098180246854,1.4600684200097453,1.850002203693538,0.9375,0.875,-2.633999949123459
4,6,21,24,BA,1.3644073698525618,4.1745713692648545,-2.8101639994122927,1.0,0.875,0.06786325705688047,0.06903677974581326,1.8538744860066707,2.3264746301228474,1.0,0.875,-2.633999949123459
4,7,25,28,AB,4.225915005585687,3.1897478027224553,1.0361672028632318,0.9375,0.875,0.054502204452059444,0.054600743725731725,1.5391030928345286,1.718949530028067,0.9375,0.875,-4.605874547981328
4,7,25,28,BA,1.3513555107341682,4.771876266331181,-3.5697073451180965,0.9375,0.875,0.06729367277817111,0.06768011099924973,1.700967047576799,2.1512834975470243,0.9375,0.875,-4.605874547981328
4,8,29,32,AB,3.647163735399749,4.1315468307758385,-0.35035832606209416,1.0,0.875,0.05346094128604405,0.05488275524025106,1.421263301894724,1.8047812150812084,1.0,0.875,-1.8723734009525566
4,8,29,32,BA,1.5397239955219553,3.762455722536606,-2.2227317270146507,1.0,0.875,0.06714526395861262,0.06848377317476333,1.9100766008427752,2.1737084274434118,1.0,0.875,-1.8723734009525566
4,9,33,36,AB,1.944387433763885,3.470539495152147,-0.4069278366774187,1.0,0.875,0.05151716876299565,0.05375480248653983,1.4814372987523825,1.7686891563842557,1.0,0.875,-2.123817121848866
4,9,33,36,BA,1.7297222515908777,4.263504388410025,-2.5307449585262844,0.9375,0.875,0.0678933593155773,0.06765728055994907,2.095654087446338,2.260202697899005,0.9375,0.875,-2.123817121848866
4,10,37,40,AB,4.587910489717121,4.045887165076061,0.35677681280059925,1.0,0.875,0.05239768235520795,0.05540107233588562,1.4545421340034856,1.7451532038302406,1.0,0.875,-3.0564206931677713
4,10,37,40,BA,1.646665793343133,4.346309673710305,-2.699643880367172,1.0,0.875,0.06654494668589814,0.06693556845341932,2.039576480118318,2.165500100240581,1.0,0.875,-3.0564206931677713
4,11,41,44,AB,4.891599363111746,4.7394256095202945,-0.2159682581440574,1.0,0.875,0.05312834858303811,0.05387671599853104,1.5492816363953956,1.9071929641407745,1.0,0.875,-3.060878336943934
4,11,41,44,BA,0.8533212425171353,4.130167837605127,-3.2768465950879913,0.9375,0.8125,0.06745755476108439,0.06817116352997768,1.910285656417563,2.242836270132633,0.9375,0.8125,-3.060878336943934
4,12,45,48,AB,4.797471692881653,3.1538023794682917,1.6436693134133615,1.0,0.875,0.05304789338373449,0.05561608311631179,1.598245314092242,1.7455175398185299,1.0,0.875,-4.648115679985814
4,12,45,48,BA,0.4914880994587667,3.495934466031219,-3.004446366572452,0.9375,0.875,0.06645308204850528,0.06807978973634266,1.747962153920513,2.198725189318126,0.9375,0.875,-4.648115679985814
4,13,49,52,AB,4.249182988388659,4.290230750713522,-0.041047762324862624,1.0,0.875,0.05396883711330046,0.05288278591440296,1.5455982534986348,1.5923140069725883,1.0,0.875,-2.849620479859186
4,13,49,52,BA,0.7319406824088427,3.622608924592891,-2.8906682421840486,0.9375,0.875,0.06793200537979241,0.06769668115964786,1.7885329418699643,2.1822392614399613,0.9375,0.875,-2.849620479859186
4,14,53,56,AB,4.866695426810255,4.103738150972916,0.5128760773709322,1.0,0.875,0.053429471747486815,0.053347836622452065,1.360812048081512,1.8433357115260995,1.0,0.875,-4.100907299394237
4,14,53,56,BA,0.6460203210312568,4.234051543054561,-3.5880312220233046,0.9375,0.875,0.06794726095330342,0.06850791036922728,1.7240721734462383,2.255121963540187,0.9375,0.875,-4.100907299394237
4,15,57,60,AB,3.556098545475151,4.112123624003528,-0.5560250785283776,1.0,0.875,0.053737359277223506,0.054225577281529,1.5129121235741756,1.6899257456000711,1.0,0.875,-2.6713244362841317
4,15,57,60,BA,1.3767062494179685,4.604055764230478,-3.2273495148125093,1.0,0.875,0.06601177440562733,0.06836320426357254,1.6221833013787932,2.249059623713852,1.0,0.875,-2.6713244362841317
4,16,61,64,AB,4.375513690290068,3.861631281803048,0.5138824084870204,1.0,0.875,0.05223429865001089,0.05393700352972868,1.5696851116504775,1.683266865731528,1.0,0.875,-4.5524243907986985
4,16,61,64,BA,0.5763026244569931,4.6148446067686715,-4.038541982311679,1.0,0.875,0.06755824293097826,0.0691021988363004,1.7782723268054674,2.349076387638878,1.0,0.875,-4.5524243907986985
4,17,65,68,AB,4.395192519090757,3.646027547691173,0.6749587178894494,0.9375,0.875,0.05414307596072987,0.05632668512113354,1.2631492749158668,1.7097861220542443,0.9375,0.875,-3.5805718011721566
4,17,65,68,BA,1.638301054459229,4.543914137741936,-2.905613083282707,0.9375,0.875,0.0658681163896847,0.06958657615050973,1.8199682066404255,2.4505942584350793,0.9375,0.875,-3.5805718011721566
4,18,69,72,AB,5.097486297063504,3.774379159609091,1.3231071374544134,1.0,0.875,0.05424399322565439,0.054883886479861504,1.459989512250023,1.577388418926603,1.0,0.875,-3.1759009274185077
4,18,69,72,BA,1.3921607186492686,3.244954508613363,-1.8527937899640943,0.9375,0.875,0.06738816386595539,0.0690265372770423,1.8429625279005748,2.2711792725434474,0.9375,0.875,-3.1759009274185077
4,19,73,76,AB,1.2246420975782542,4.44004434761951,-2.442649184079868,0.9375,0.875,0.05343211979642631,0.0549697659395198,1.4763410864139153,1.6404062210836583,0.9375,0.875,-2.3678928146045326
4,19,73,76,BA,0.04132909696090461,4.387535968067059,-4.810541998684401,0.9375,0.875,0.06581526319970754,0.0680884312911168,2.0016444001489515,2.110444353051056,0.9375,0.875,-2.3678928146045326
4,20,77,80,AB,4.15121299876511,3.6495317499787023,-0.14089767406531628,1.0,0.875,0.05418563666701742,0.054309243364537796,1.5886775063250695,1.6873423812528425,1.0,0.875,-3.1422969632382087
4,20,77,80,BA,0.4991682006180732,3.7823628379215983,-3.283194637303525,0.9375,0.875,0.06671989850357744,0.06937404923915219,1.8199662743015825,2.395377933103387,0.9375,0.875,-3.1422969632382087
4,21,81,84,AB,4.682804878218262,3.018389228265546,1.6644156499527156,0.9375,0.875,0.05393980808326747,0.0566770640637874,1.6141869460545375,1.7901501756020886,0.9375,0.875,-4.766999925694729
4,21,81,84,BA,1.146312241776991,4.112749193559604,-3.1025842757420135,1.0,0.875,0.06641438452302702,0.0700302355713015,1.7918360368662363,2.22440404890572,1.0,0.875,-4.766999925694729
4,22,85,88,AB,3.515382240923902,4.018307610693065,-0.5029253697691631,0.9375,0.875,0.053388587874663204,0.05400359252642864,1.5048760986691065,1.781011097543884,0.9375,0.875,-4.064543212686025
4,22,85,88,BA,-0.49654143517382227,4.214151704456678,-4.567468582455188,1.0,0.875,0.06687894985877238,0.06889944489563035,1.8891060044308705,2.140548348771267,1.0,0.875,-4.064543212686025
4,23,89,92,AB,3.2393359833698248,3.628072465484273,-0.8865217567466845,0.9375,0.875,0.0540166239048576,0.05459053451115854,1.5762318059674745,1.7345804966598,0.9375,0.875,-2.106955853778758
4,23,89,92,BA,0.6632331452646316,4.053225382772725,-2.9934776105254426,1.0,0.875,0.06644130223304448,0.06991918924775364,1.7175541678899449,2.2237287959365704,1.0,0.875,-2.106955853778758
4,24,93,96,AB,4.502213082244994,3.0331940443358767,-0.14784247897399538,0.9375,0.875,0.0538679147451465,0.05472101348484948,1.5958297524014786,1.8578736672646263,0.9375,0.875,-2.0269246711992768
4,24,93,96,BA,1.6089763785697213,3.7837435287429937,-2.174767150173272,1.0,0.875,0.0660783272144188,0.06768058355570623,1.76363277409118,2.2280531430989097,1.0,0.875,-2.0269246711992768
4,25,97,100,AB,2.0085946203900136,4.310763701728377,-2.1324135640513133,0.9375,0.875,0.05388515358487477,0.05385424544736728,1.5976464858657438,1.9453909155808224,0.9375,0.875,-0.9461389037617982
4,25,97,100,BA,1.5226438260769082,3.9120270360103637,-3.0785524678131115,0.9375,0.875,0.06640917265398277,0.07062743969924234,1.9083744757111911,2.304055522017236,0.9375,0.875,-0.9461389037617982
4,26,101,104,AB,3.5167001999846095,3.9768657139520855,-0.46016551396747607,1.0,0.875,0.05310065351693119,0.05447019960629902,1.663504946109236,2.0562230971000566,1.0,0.875,-1.9700898228112251
4,26,101,104,BA,2.2744912180542625,4.704746554832964,-2.430255336778701,0.9375,0.875,0.0662906904183435,0.0677155430319488,1.8950612519971897,2.3784826189715895,0.9375,0.875,-1.9700898228112251
4,27,105,108,AB,2.5544301244281926,3.1278644095443773,-0.5734342851161847,0.9375,0.875,0.05403213485591388,0.05433625922193572,1.6186265020449409,1.762125431156537,0.9375,0.875,-1.553576141040343
4,27,105,108,BA,2.2388060038151107,4.365816429971638,-2.1270104261565277,1.0,0.875,0.0665384072267301,0.06970430490840432,1.8148385322599996,2.2054449419843074,1.0,0.875,-1.553576141040343
4,28,109,112,AB,4.019700772904826,3.1483694383418372,0.07243289031700995,1.0,0.875,0.05488940660715264,0.05414381524613624,1.5013513098235192,1.7669302729962877,1.0,0.875,-3.6226239115822017
4,28,109,112,BA,0.6833117614545955,4.233502782719787,-3.5501910212651917,0.9375,0.875,0.06713048766364046,0.06925237504152842,2.001238099063222,2.4711478290002,0.9375,0.875,-3.6226239115822017
4,29,113,116,AB,3.0191811078729214,4.2048730603000894,-1.8776189723419852,1.0,0.875,0.054859563614201565,0.05449922015923456,1.6099154869208272,1.7934906564139093,1.0,0.875,-0.31734225734682786
4,29,113,116,BA,2.0033275344561625,4.1982887641449755,-2.194961229688813,0.9375,0.875,0.06617713836745909,0.06759423912914042,1.8327617744535103,2.2640054622610792,0.9375,0.875,-0.31734225734682786
4,30,117,120,AB,4.338388059618825,4.637726937236354,-0.2993388776175294,1.0,0.875,0.05376098610120693,0.0554174700883395,1.5341333777503299,1.7905563743874406,1.0,0.875,-3.1001382903132093
4,30,117,120,BA,1.246325144319389,4.645802312250128,-3.3994771679307387,1.0,0.875,0.06510887116361026,0.06836151684527816,1.755577862821918,2.1972308600529376,1.0,0.875,-3.1001382903132093
4,31,121,124,AB,3.644150876233778,4.0304530394397835,-0.8071904446961118,1.0,0.875,0.052844909442046215,0.05476396269982148,1.4459895170350605,1.9469617457790118,1.0,0.875,-1.8159843397575286
4,31,121,124,BA,1.7828506940558901,4.40602547850953,-2.6231747844536404,0.9375,0.8125,0.06621754788137077,0.07088623979821546,1.8833921465350736,2.001633086030783,0.9375,0.8125,-1.8159843397575286
4,32,125,128,AB,3.9820682842349795,3.9380197853131604,0.19496421566318256,1.0,0.875,0.05287649469967502,0.053168974619258,1.5441709766974925,1.8417018218828396,1.0,0.875,-3.3356128957705784
4,32,125,128,BA,0.8837543464930447,4.0244030266004405,-3.140648680107396,1.0,0.875,0.06731132238746615,0.06754188885094345,1.8837729353188923,2.369310926099019,1.0,0.875,-3.3356128957705784
4,33,129,132,AB,3.8741269913524685,4.196323711061908,-0.3221967197094391,1.0,0.875,0.05409226386720624,0.05359214395041728,1.4002825979581477,1.9782371051158627,1.0,0.875,-2.8537914281911783
4,33,129,132,BA,1.046261578994958,4.222249726895575,-3.1759881479006173,0.9375,0.875,0.068376992190982,0.06914776136461277,1.860421168710312,2.15041477265376,0.9375,0.875,-2.8537914281911783
4,34,133,136,AB,4.614522923506895,3.511287107248672,1.2661896848969945,0.9375,0.875,0.054245094170852784,0.05455031932188119,1.447191853290125,1.7796857158432702,0.9375,0.875,-3.234965650116063
4,34,133,136,BA,1.3092417432768337,3.2780177084959026,-1.9687759652190688,1.0,0.875,0.06678341684511191,0.06693200391823932,1.9158031320900273,2.3015647787578084,1.0,0.875,-3.234965650116063
4,35,137,140,AB,3.939751311646215,4.1251478109548225,-0.8820204150753286,1.0,0.875,0.0533629821395353,0.05248836037248396,1.4841604243709734,1.8514556009524652,1.0,0.875,-0.9364503906899224
4,35,137,140,BA,2.3194017854751166,4.1378725912403675,-1.818470805765251,1.0,0.875,0.0647142013745252,0.06657477047515765,2.0459120326983795,2.234369442303451,1.0,0.875,-0.9364503906899224
4,36,141,144,AB,2.992220483002156,3.1600092036424634,0.13970541804469683,1.0,0.875,0.05392491986256799,0.05388980157369709,1.445677215756397,1.7647063469363258,1.0,0.875,-4.599430173472106
4,36,141,144,BA,-0.6382514365549239,4.543172408949518,-4.459724755427409,1.0,0.875,0.06764160843611905,0.0673852156821482,1.8278864252647455,2.2090967828911157,1.0,0.875,-4.599430173472106
4,37,145,148,AB,3.8529282398627176,4.166662451593376,-0.3137342117306581,1.0,0.875,0.05262651235432197,0.05590503806628208,1.6717206275567027,1.8237564970801219,1.0,0.875,-2.7309011328648296
4,37,145,148,BA,0.7434996946943546,3.788135039289842,-3.0446353445954877,0.9375,0.875,0.06859001670699015,0.06646187292555197,1.9065278282916063,2.167357311283106,0.9375,0.875,-2.7309011328648296
4,38,149,152,AB,2.9201323448520586,4.5045775113692,-1.5236869693250115,0.9375,0.875,0.053025824404935876,0.05286573730727063,1.5734338258002514,1.7068006371207556,0.9375,0.875,0.19682591873267619
4,38,149,152,BA,2.3242402245850493,3.6511012751773846,-1.3268610505923353,0.9375,0.875,0.06649743525908097,0.06906057947068116,1.7976597378225598,2.366546156746983,0.9375,0.875,0.19682591873267619
4,39,153,156,AB,4.709550932688553,4.208943076719287,0.15805195788533588,1.0,0.875,0.05348416756964858,0.054086247325683935,1.476032809295408,1.872885279870434,1.0,0.875,-5.835525691250194
4,39,153,156,BA,-1.4986123528741913,4.178861380490666,-5.677473733364858,1.0,0.875,0.06494734380640238,0.06658566050102169,1.8654758095879507,2.0672155385767015,1.0,0.875,-5.835525691250194
4,40,157,160,AB,2.4992903548340633,4.1478447651045895,-1.6485544102705263,1.0,0.875,0.053734459881871734,0.05452854860922638,1.6231212940455024,1.7986176354049617,1.0,0.875,-1.4585590301629119
4,40,157,160,BA,0.2958439384141786,4.338226394533257,-3.107113440433438,0.9375,0.875,0.06877264591138402,0.07025814854073101,1.8925303091127308,2.320107020829082,0.9375,0.875,-1.4585590301629119
4,41,161,164,AB,5.337626761228681,4.595766267330454,0.37754338311970237,0.9375,0.875,0.05350763295442939,0.05403755899533082,1.5874627437565927,1.699461276861327,0.9375,0.875,-3.485960518553842
4,41,161,164,BA,1.0273220160310066,4.135739151465146,-3.1084171354341397,0.9375,0.875,0.06742327340453177,0.06966615092441503,2.0370979717759523,2.2970060044150276,0.9375,0.875,-3.485960518553842
4,42,165,168,AB,4.610315160402174,4.160632020981449,1.0632073636827997,0.9375,0.875,0.053120636841876887,0.053554962634295405,1.4221955031455793,1.7528134689572132,0.9375,0.875,-4.828543790878103
4,42,165,168,BA,0.35379770519203185,4.119134132387336,-3.7653364271953036,0.9375,0.8125,0.06822292341686262,0.06992400842159094,1.81152417777429,2.149002671105353,0.9375,0.8125,-4.828543790878103
4,43,169,172,AB,3.7666631280410363,3.828456019108364,-0.20708986686647846,1.0,0.875,0.05287346834857376,0.054843464244007864,1.5905741691610573,1.5967968155080214,1.0,0.875,-3.2792524711006488
4,43,169,172,BA,0.3550061426814973,3.8413484806486244,-3.4863423379671272,0.9375,0.8125,0.0679071649237486,0.06806963677955355,1.8116925005093263,2.075630725409553,0.9375,0.8125,-3.2792524711006488
4,44,173,176,AB,3.8132610597242587,2.8098158228159704,1.0034452369082882,1.0,0.875,0.05261574089569947,0.05476574669332786,1.502628945694192,1.7394303870953776,1.0,0.875,-2.9432700285145037
4,44,173,176,BA,1.8256667311965848,3.7654915228028,-1.9398247916062152,1.0,0.875,0.06545242182369965,0.06776413420578499,1.8997378935597604,2.2587285245441557,1.0,0.875,-2.9432700285145037
4,45,177,180,AB,5.314062664392428,2.9144586102674226,1.384783385931172,0.9375,0.875,0.05238244407870371,0.054169520702217366,1.4470578049122484,1.793315421908257,0.9375,0.875,-4.434291167877936
4,45,177,180,BA,-0.625732318163565,4.206288033809276,-3.0495077819467644,1.0,0.875,0.06804084746053987,0.06882973494776876,1.7194224901972783,2.479399433447675,1.0,0.875,-4.434291167877936
4,46,181,184,AB,2.2120582265980726,4.328700523814185,-1.4129422358682577,0.9375,0.875,0.05472062811701249,0.05357261841944733,1.553569977665821,1.6097339211125,0.9375,0.875,-1.8396119915586817
4,46,181,184,BA,0.6399648327293395,3.892519060156279,-3.2525542274269394,1.0,0.875,0.06341158031981503,0.06840913453082698,1.8254386137284864,2.2744261564306623,1.0,0.875,-1.8396119915586817
4,47,185,188,AB,2.9442501032531,3.727719094168152,-0.7834689909150518,1.0,0.875,0.052821082012540814,0.054836524996483324,1.5153265594188055,1.8532273375718993,1.0,0.875,-1.2581770271554067
4,47,185,188,BA,1.5994127667852576,3.641058784855716,-2.0416460180704585,0.9375,0.875,0.06775994159625688,0.06874240604824397,1.839274020854721,2.446993598263308,0.9375,0.875,-1.2581770271554067
4,48,189,192,AB,3.330505483278645,4.681649530658454,-0.33648041469871703,0.9375,0.8125,0.053295023317542656,0.05471897469638071,1.6566833573688688,1.7020592776316485,0.9375,0.8125,-5.353579701426597
4,48,189,192,BA,-0.8701302252065501,4.857719762646859,-5.690060116125314,0.9375,0.875,0.06669793002106147,0.06899350211445396,1.9600211326908834,2.143992275544848,0.9375,0.875,-5.353579701426597
4,49,193,196,AB,2.222513747270881,4.052808613246255,-2.035296069463847,0.9375,0.875,0.0534579282624795,0.053629651148253805,1.4817871009530443,1.9857613689800762,0.9375,0.875,-0.9383149576835699
4,49,193,196,BA,1.080891554076142,4.054502581223558,-2.9736110271474168,1.0,0.875,0.06728513847893455,0.06756562549486003,1.7672667250387954,2.2723367396112346,1.0,0.875,-0.9383149576835699
4,50,197,200,AB,3.3043737221728344,3.8367698492903215,-0.25259597235464515,1.0,0.875,0.05344566726704553,0.05381236296112797,1.499404824660908,1.718415829833773,1.0,0.875,-2.556506230240291
4,50,197,200,BA,2.0313452357768447,4.689655192432004,-2.809102202594936,0.9375,0.8125,0.06544439186302828,0.06856553266318664,1.7961908096498052,2.122632790747505,0.9375,0.8125,-2.556506230240291
8,1,1,8,AB,7.935184244446277,3.250588274916622,4.684595969529655,1.0,0.875,0.036609684483065424,0.038400382247194303,1.0526644902177842,1.3703220516237884,1.0,0.875,-1.6348457064502262
8,1,1,8,BA,6.5284427784105405,3.478692515331112,3.0497502630794284,1.0,0.875,0.045665761426335084,0.04961305428762733,1.2016230508300962,1.5802108578478635,1.0,0.875,-1.6348457064502262
8,2,9,16,AB,6.551741436016124,2.681338585006413,3.2909371246183388,1.0,0.875,0.035537844693196846,0.03703087040536924,1.0163365787515424,1.1777470505699497,1.0,0.875,-1.2056652602296674
8,2,9,16,BA,6.116045976263784,4.030774111875113,2.0852718643886714,1.0,0.875,0.04604977795088231,0.04699915085768451,1.3257540758426782,1.489250468552278,1.0,0.875,-1.2056652602296674
8,3,17,24,AB,7.986009114987219,2.291154175100368,5.54976745825109,1.0,0.875,0.035776012847055866,0.037339410681402466,1.0941598129959105,1.3096919318902653,1.0,0.875,-4.171530686618796
8,3,17,24,BA,5.693729885845099,3.450354721558785,1.3782367716322934,1.0,0.875,0.045918926873136395,0.04749249249030863,1.38556525704159,1.660510205649648,1.0,0.875,-4.171530686618796
8,4,25,32,AB,7.677440796564136,3.0534103917458952,4.388190800760649,1.0,0.875,0.037489745591796714,0.037203785847935114,0.9851032724940365,1.3399999287237938,1.0,0.875,-4.1381806614438315
8,4,25,32,BA,3.905044238553652,3.6550340992368344,0.2500101393168177,1.0,0.875,0.04535337017566207,0.04738488619577707,1.3404272439120373,1.6338887864805867,1.0,0.875,-4.1381806614438315
8,5,33,40,AB,7.669136398790443,1.9324665946269017,5.987900734181395,1.0,0.875,0.035692885589475476,0.03629391393039855,1.0595361440462654,1.1846658871201208,1.0,0.875,-3.5881800247912157
8,5,33,40,BA,6.518028392686183,3.6441648270770353,2.399720709390179,1.0,0.875,0.04623041216097823,0.04622390171615606,1.1788643959495324,1.564165076144996,1.0,0.875,-3.5881800247912157
8,6,41,48,AB,7.926507586880635,2.6133472283334758,5.21852580492617,1.0,0.875,0.03689317868595769,0.037436415565841985,1.0493328300476825,1.2836139549045917,1.0,0.875,-2.0424093339721043
8,6,41,48,BA,6.410546592571981,3.2344301216179154,3.1761164709540655,0.9375,0.875,0.04595419732396015,0.04740116008257536,1.3442687656471288,1.5471060073954386,0.9375,0.875,-2.0424093339721043
8,7,49,56,AB,7.535792743827417,2.2345132371806535,5.301279506646764,1.0,0.875,0.036669334465532666,0.03596042288081634,1.0118098407798592,1.2044502794127467,1.0,0.875,-1.7609097069391848
8,7,49,56,BA,6.7402243417448595,3.1998545420372806,3.540369799707579,1.0,0.875,0.04646241223889337,0.046055945823875954,1.1342442509440558,1.4208509498619255,1.0,0.875,-1.7609097069391848
8,8,57,64,AB,7.881384279609959,2.924175223027778,4.487652716270514,1.0,0.875,0.037042073882929946,0.037143887409062104,1.0092629813975589,1.1755752313595267,1.0,0.875,-1.7540510785443102
8,8,57,64,BA,7.318453896028056,4.123045533139742,2.7336016377262036,1.0,0.875,0.045950605482896215,0.047498470476022236,1.2631406772087117,1.6964906107527178,1.0,0.875,-1.7540510785443102
8,9,65,72,AB,8.107518829758945,1.9621282728236027,5.922860804140389,1.0,0.875,0.03663251479246125,0.03744753721435939,0.9918432058972497,1.3881629597885445,1.0,0.875,-4.156888415640463
8,9,65,72,BA,5.078476724979351,3.3125043364794258,1.7659723884999257,1.0,0.875,0.045960159538748616,0.04921654235912781,1.252898162089794,1.7951863721946926,1.0,0.875,-4.156888415640463
8,10,73,80,AB,7.65310277419796,2.4549568959606423,5.198145878237318,1.0,0.875,0.0370207703119317,0.03745365812306038,1.035088112128578,1.2799826490759534,1.0,0.875,-2.622313427495332
8,10,73,80,BA,6.163714981436173,3.153306211422871,2.5758324507419856,1.0,0.875,0.04502060793643348,0.04788937751332037,1.3164277095206243,1.508307949785213,1.0,0.875,-2.622313427495332
8,11,81,88,AB,7.988435962652821,1.9708135150592252,5.833468459131786,1.0,0.875,0.03635818239518481,0.03755104566021506,1.183975872160238,1.2675990183512504,1.0,0.875,-2.5947894420825923
8,11,81,88,BA,6.53007790087444,3.1301028319643507,3.2386790170491935,1.0,0.875,0.0468205821195584,0.0471382831270366,1.289922839268789,1.6080635591673458,1.0,0.875,-2.5947894420825923
8,12,89,96,AB,7.871019487750155,1.729912845671052,6.141106642079103,1.0,0.875,0.036779049234801284,0.03743071556794586,1.0702670100361087,1.3022564644530144,1.0,0.875,-4.466245928858118
8,12,89,96,BA,5.855450776704226,4.118036532527938,1.6748607132209852,1.0,0.875,0.04542665443045109,0.046000260721671835,1.2870406686529194,1.5216961916790752,1.0,0.875,-4.466245928858118
8,13,97,104,AB,7.9131316474535005,2.9355900567896844,4.576774651082855,1.0,0.875,0.03528555871358704,0.03784501858597182,1.125546783641386,1.4012639117027723,1.0,0.875,-1.964252645427642
8,13,97,104,BA,6.958956858422157,3.623164405512564,2.6125220056552125,1.0,0.875,0.04470671359421349,0.04772740737745937,1.2689951346672605,1.5934496520602925,1.0,0.875,-1.964252645427642
8,14,105,112,AB,7.771125543817078,1.993379969263836,5.7537932333461494,1.0,0.875,0.037659184452360966,0.037522175105612024,0.9647108628843315,1.2691984634526554,1.0,0.875,-3.2116408380252204
8,14,105,112,BA,6.237406100681856,3.6952537053609267,2.542152395320929,1.0,0.875,0.04634872556508768,0.04814057232524188,1.3453847950237203,1.6144151554025958,1.0,0.875,-3.2116408380252204
8,15,113,120,AB,7.964694874586372,2.8855187265383595,4.90845142963312,1.0,0.875,0.036332660405320974,0.03688105061259993,1.1227369391127322,1.3339908441961383,1.0,0.875,-3.4425887029760176
8,15,113,120,BA,5.83474398168089,4.368881255023788,1.465862726657102,1.0,0.875,0.04547908617539349,0.047510874438779195,1.2424544729329439,1.52629921164114,1.0,0.875,-3.4425887029760176
8,16,121,128,AB,7.825365793242635,2.017838638994942,5.807527154247692,1.0,0.875,0.03640522430617884,0.03699923165821829,1.0508654388738814,1.2255807793187707,1.0,0.875,-4.968281653008534
8,16,121,128,BA,4.371963990282702,3.2418543489769043,0.8392455012391582,0.9375,0.875,0.045142284383064245,0.048377471778029354,1.3459729376412697,1.5794746444058787,0.9375,0.875,-4.968281653008534
8,17,129,136,AB,7.839910076495956,2.620689632015447,5.219220444480509,1.0,0.875,0.037067752990216904,0.03578640333107484,1.0845556629241466,1.1880408939023213,1.0,0.875,-3.9777461184922727
8,17,129,136,BA,4.9523902129334925,3.710915886945256,1.2414743259882366,1.0,0.875,0.046002026940383856,0.047114993709389624,1.5239499410640784,1.5921932227030586,1.0,0.875,-3.9777461184922727
8,18,137,144,AB,7.880219795514441,2.1989450498393968,4.490458164129986,1.0,0.875,0.035993493888951886,0.03661521662404793,1.0037910252800428,1.1947691631899686,1.0,0.875,-3.424484271501509
8,18,137,144,BA,5.225608824135431,3.619722726731421,1.0659738926284774,1.0,0.875,0.04441161942214167,0.04735735267277248,1.3704716918053785,1.7588146869476078,1.0,0.875,-3.424484271501509
8,19,145,152,AB,7.980680326567711,2.435093783788891,5.217741534512069,1.0,0.875,0.03548527773516636,0.03730456206042414,1.0816680262341634,1.2656540967434662,1.0,0.875,-2.5205468675828606
8,19,145,152,BA,6.605110790588928,3.9079161236597204,2.697194666929208,0.9375,0.875,0.04709471727827264,0.04677539057501938,1.3772634542236801,1.502141732484412,0.9375,0.875,-2.5205468675828606
8,20,153,160,AB,7.636704168898255,2.800013917495344,4.711924079720904,1.0,0.875,0.03655058585988379,0.03684339376795388,1.044451425501883,1.305619982765704,1.0,0.875,-2.9810002485040905
8,20,153,160,BA,5.658919813250934,3.8642060554013966,1.7309238312168138,1.0,0.875,0.04553368044783847,0.046500707659574696,1.2628572717461268,1.5416950786398458,1.0,0.875,-2.9810002485040905
8,21,161,168,AB,7.691822637586028,2.596793785591769,4.53949966624908,1.0,0.875,0.03736666586560454,0.0367034436948243,1.1456298725961986,1.1885771119496678,1.0,0.875,-2.573946845805606
8,21,161,168,BA,5.722576196023944,3.7570233755804696,1.9655528204434742,0.9375,0.875,0.046157736915620834,0.046808962667073156,1.3610386123129223,1.653334084876347,0.9375,0.875,-2.573946845805606
8,22,169,176,AB,8.011056939413146,2.1593171990694455,5.8323787380809495,1.0,0.875,0.036894528377509096,0.03730036812033598,1.0041731329817223,1.2017515542246837,1.0,0.875,-3.6202387501578697
8,22,169,176,BA,5.070387441950405,2.8582474540273255,2.21213998792308,1.0,0.875,0.046402225783951145,0.046139347042744625,1.4023060969908612,1.5988612080706486,1.0,0.875,-3.6202387501578697
8,23,177,184,AB,6.655330155635315,2.196479512031611,3.4431372448828337,1.0,0.875,0.03729883917485331,0.03634059090301196,1.065148694279577,1.1505177401916076,1.0,0.875,-5.267478925934597
8,23,177,184,BA,2.330479816693236,4.154821497745,-1.8243416810517639,0.9375,0.875,0.044878691656100006,0.048159394239024676,1.327330292948071,1.5503919996799773,0.9375,0.875,-5.267478925934597
8,24,185,192,AB,7.751434413462585,2.8487794972443443,4.902654916218241,1.0,0.875,0.03612623189453462,0.037498289799253515,0.9930972959166188,1.2309426111622175,1.0,0.875,-2.6973449662178
8,24,185,192,BA,5.513484262356294,3.3081743123558534,2.2053099500004407,1.0,0.875,0.0469965162335019,0.04733944493589559,1.349288792118454,1.6141751012575056,1.0,0.875,-2.6973449662178
8,25,193,200,AB,7.837265723600524,2.2264186225229827,5.610847101077541,1.0,0.875,0.03659867729459994,0.03825302689627597,1.006798447510963,1.1521951591211206,1.0,0.875,-3.504527277913665
8,25,193,200,BA,6.473901203537181,4.011097210798889,2.106319823163876,1.0,0.875,0.046052335942116815,0.04769551896450451,1.2384574831102815,1.624288815748501,1.0,0.875,-3.504527277913665
16,1,1,16,AB,8.432645533169975,1.3562432402559483,6.911311773942388,1.0,0.9375,0.025501300490652183,0.025276583168339,0.6991418740722564,0.9244512007138008,1.0,0.9375,-1.5013807652854796
16,1,1,16,BA,7.9497239567958475,2.4106366841164384,5.409931008656908,1.0,0.875,0.031467120010247464,0.032308970454526076,0.8435193812727211,1.0952809823542156,1.0,0.875,-1.5013807652854796
16,2,17,32,AB,8.476958041437477,1.4345854523635457,6.63492675245881,1.0,0.9375,0.024351548082320783,0.025276156357669964,0.7228533610643146,0.9287830303356062,1.0,0.9375,-0.8367952607765208
16,2,17,32,BA,8.183453622392447,2.3853221307101573,5.798131491682289,1.0,0.875,0.031391201874603945,0.0325667949752934,0.9298029641379537,1.133459671695139,1.0,0.875,-0.8367952607765208
16,3,33,48,AB,8.434207593811452,0.980296767135737,7.058369478883774,1.0,0.9375,0.02487135946630019,0.0257366678309599,0.802575368367632,0.8625045310705778,1.0,0.9375,-1.2656547783125767
16,3,33,48,BA,7.813237943473416,2.0205232429022177,5.792714700571198,1.0,0.9375,0.03226613145449447,0.031536364185026755,1.0251281589874714,1.086492467564363,1.0,0.9375,-1.2656547783125767
16,4,49,64,AB,9.428016100862141,1.0884750033098571,6.8468208692139125,1.0,0.9375,0.0251073053590726,0.025203916283726074,0.7434349116941625,0.8326023005391662,1.0,0.9375,-0.8807073665543346
16,4,49,64,BA,7.756301647108831,1.7901881444492536,5.966113502659578,1.0,0.9375,0.0325785639435788,0.03109235331483485,0.8197953212786167,1.0874641365182298,1.0,0.9375,-0.8807073665543346
16,5,65,80,AB,8.005122762011617,0.7906373951645657,7.214485366847051,1.0,0.9375,0.02449832939524308,0.025463876984084293,0.7641841877863088,0.7871079180255823,1.0,0.9375,-1.8858149216403834
16,5,65,80,BA,7.470566503031606,2.1418960578249386,5.328670445206668,1.0,0.875,0.03041073972444157,0.032062676658152864,0.8961997403879763,1.151937725294281,1.0,0.875,-1.8858149216403834
16,6,81,96,AB,8.11072760089534,0.8209669190340013,7.289760681861338,1.0,0.9375,0.025245581523302953,0.025025416315406945,0.844273049411131,0.8815537580392707,1.0,0.9375,-1.5362048871128238
16,6,81,96,BA,7.804200371675987,2.0506445769274717,5.7535557947485145,1.0,0.875,0.03222065134341312,0.03242531335704958,0.8786157780142684,1.06945295920736,1.0,0.875,-1.5362048871128238
16,7,97,112,AB,8.174774860764652,0.9611775958063931,7.213597264958259,1.0,0.9375,0.025286156885641845,0.02525966189276028,0.7963968603521437,0.9240696309611846,1.0,0.9375,-1.9613671454402315
16,7,97,112,BA,8.080941404240955,2.544882374344503,5.252230119518027,1.0,0.875,0.0312198178079761,0.03210182937266961,0.8771980721637423,1.0839153554879917,1.0,0.875,-1.9613671454402315
16,8,113,128,AB,8.407090930256995,1.0496686259472583,7.201805037909415,1.0,0.9375,0.02513071947213178,0.0254030032650622,0.7796191072394532,0.9604548414699774,1.0,0.9375,-1.149066546728485
16,8,113,128,BA,8.190550030579553,2.1378115393986232,6.05273849118093,1.0,0.875,0.030472267463821305,0.03224747552302512,0.8252674354909681,1.104653092491974,1.0,0.875,-1.149066546728485
16,9,129,144,AB,8.247848818000548,0.3236575729221577,7.68632305903052,1.0,0.9375,0.02491496838287221,0.02491080256832348,0.7441379245827661,0.9143657826395278,1.0,0.9375,-1.5990802898580077
16,9,129,144,BA,7.756980882154957,1.8190160769315618,6.087242769172512,1.0,0.875,0.030448595143702146,0.03246379142678989,0.9987428599515823,1.048371804982076,1.0,0.875,-1.5990802898580077
16,10,145,160,AB,8.195437224003413,1.2313748514503673,6.914375465149346,1.0,0.9375,0.0244977349442243,0.025213051586007496,0.7361137448500403,0.9209675885567101,1.0,0.9375,-1.433011181694967
16,10,145,160,BA,8.073127235690283,2.508027293500531,5.481364283454379,1.0,0.875,0.030887246065640944,0.03175988337441994,0.9493789305950482,1.0604282842421509,1.0,0.875,-1.433011181694967
16,11,161,176,AB,8.543641938954039,0.4050578756447333,6.943160998323791,1.0,0.9375,0.025016294299944095,0.02602662754338502,0.7222457673635767,0.9709134647159448,1.0,0.9375,0.01947975651516476
16,11,161,176,BA,8.250463385305146,1.5524739318726928,6.962640754838956,1.0,0.9375,0.030908559119697893,0.031105550894933512,0.861560720866936,1.1449094431935383,1.0,0.9375,0.01947975651516476
16,12,177,192,AB,9.389582526019973,1.2518781814964992,6.955514515922152,1.0,0.9375,0.0240856059395014,0.025153957841392502,0.764269201168255,0.90526750076044,1.0,0.9375,-1.208900181214693
16,12,177,192,BA,8.02647417131766,1.9072301776132734,5.746614334707459,1.0,0.875,0.030317396616452164,0.03278619209302755,0.9434995803752431,1.2751509652526858,1.0,0.875,-1.208900181214693
32,1,1,32,AB,11.06999563592538,0.549702259206142,10.343428786577494,1.0,0.9375,0.01719393900932409,0.017971621049802555,0.5812978270087897,0.6197811946576386,1.0,0.9375,-1.476678472471317
32,1,1,32,BA,10.151603648837305,0.6938454004944424,8.866750314106177,1.0,0.9375,0.02214156390080471,0.022401304391755018,0.647924484948095,0.8340070065980174,1.0,0.9375,-1.476678472471317
32,2,33,64,AB,10.52292130625064,0.3363342714460314,9.707585110781878,1.0,0.9375,0.017859639653241145,0.017863819376358135,0.6210732265175618,0.6312722601472929,1.0,0.9375,-1.2198108445461884
32,2,33,64,BA,9.770109743012918,0.4635747991038431,8.48777426623569,1.0,0.9375,0.022075696260465127,0.021834712699968957,0.6605905906558612,0.7967818878549914,1.0,0.9375,-1.2198108445461884
32,3,65,96,AB,10.74050761959219,-0.25247369311894785,10.867529643474263,1.0,0.875,0.018062998351214464,0.017596132222609365,0.5216395464275569,0.5830075718966119,1.0,0.875,-3.103507616202406
32,3,65,96,BA,9.673931696336993,1.1445963512619752,7.764022027271857,1.0,0.9375,0.022219548180670325,0.02214404759521149,0.6042179982413799,0.7199393218788781,1.0,0.9375,-3.103507616202406
32,4,97,128,AB,11.023945195197943,0.22565227969752197,10.79829291550042,1.0,0.9375,0.017252463377191146,0.01766657948465942,0.5584857781042998,0.6314222274293226,1.0,0.9375,-3.763551604134026
32,4,97,128,BA,8.959537330986262,1.3447752612915822,7.034741311366394,1.0,0.9375,0.02127461891993654,0.022119052550576383,0.6433608032023375,0.8186807548338779,1.0,0.9375,-3.763551604134026
32,5,129,160,AB,10.95188062335292,-0.05942815151989309,10.876147103493782,1.0,0.9375,0.01763227874389019,0.017485789254515736,0.5212020419733467,0.7296186315320361,1.0,0.9375,-2.7177485742895087
32,5,129,160,BA,9.921242062305112,0.653766844101682,8.158398529204273,1.0,0.9375,0.021584999449687857,0.022375941843723362,0.709975391687327,0.7229294343662862,1.0,0.9375,-2.7177485742895087
32,6,161,192,AB,10.866916131489472,0.32746899837697296,10.283077358261126,1.0,0.9375,0.017183481320613446,0.01795518261563497,0.5333100098355735,0.6001773306014548,1.0,0.9375,-2.290012079134925
32,6,161,192,BA,9.00357940401372,0.5951797674531547,7.993065279126201,1.0,0.9375,0.021467925765055847,0.022225213977872582,0.6147778540397892,0.8767629415565525,1.0,0.9375,-2.290012079134925
