state,synthetic_species_id,world,orientation,support_cells_D3,cell_mass_correlation,allocation_bias,relative_bias,allocation_rmse,relative_rmse,entropy_bias,concentration_bias,hellinger_distance,sliced_wasserstein_km,centroid_displacement_km,true_entropy,estimated_entropy,true_concentration,estimated_concentration
E0,SYN001,STRONG,AB,137,1.0,0.0,0.0,0.0,0.0,0.0,0.0,0.0,0.0,0.0,4.049100290685988,4.049100290685988,0.025340973596092616,0.025340973596092616
E0,SYN001,STRONG,BA,137,1.0,0.0,0.0,0.0,0.0,0.0,0.0,0.0,0.0,0.0,4.049100290685988,4.049100290685988,0.025340973596092616,0.025340973596092616
E0,SYN001,PAIRED_NULL,AB,137,0.9999999999999999,0.0,0.0,0.0,0.0,0.0,0.0,0.0,0.0,0.0,4.0404425072039825,4.0404425072039825,0.025532958944756753,0.025532958944756753
E0,SYN001,PAIRED_NULL,BA,137,0.9999999999999999,0.0,0.0,0.0,0.0,0.0,0.0,0.0,0.0,0.0,4.0404425072039825,4.0404425072039825,0.025532958944756753,0.025532958944756753
E0,SYN002,STRONG,AB,65,1.0,0.0,0.0,0.0,0.0,0.0,0.0,0.0,0.0,0.0,3.334547922349198,3.334547922349198,0.054854186684438755,0.054854186684438755
E0,SYN002,STRONG,BA,65,1.0,0.0,0.0,0.0,0.0,0.0,0.0,0.0,0.0,0.0,3.334547922349198,3.334547922349198,0.054854186684438755,0.054854186684438755
E0,SYN002,PAIRED_NULL,AB,65,1.0,0.0,0.0,0.0,0.0,0.0,0.0,0.0,0.0,0.0,3.3345479223491976,3.3345479223491976,0.054854186684438755,0.054854186684438755
E0,SYN002,PAIRED_NULL,BA,65,1.0,0.0,0.0,0.0,0.0,0.0,0.0,0.0,0.0,0.0,3.3345479223491976,3.3345479223491976,0.054854186684438755,0.054854186684438755
E0,SYN003,STRONG,AB,170,1.0,0.0,0.0,0.0,0.0,0.0,0.0,0.0,0.0,0.0,3.9830964316522643,3.9830964316522643,0.03234618528692708,0.03234618528692708
E0,SYN003,STRONG,BA,170,1.0,0.0,0.0,0.0,0.0,0.0,0.0,0.0,0.0,0.0,3.9830964316522643,3.9830964316522643,0.03234618528692708,0.03234618528692708
E0,SYN003,PAIRED_NULL,AB,170,0.9999999999999999,0.0,0.0,0.0,0.0,0.0,0.0,0.0,0.0,0.0,3.954503152710883,3.954503152710883,0.03368533066816692,0.03368533066816692
E0,SYN003,PAIRED_NULL,BA,170,0.9999999999999999,0.0,0.0,0.0,0.0,0.0,0.0,0.0,0.0,0.0,3.954503152710883,3.954503152710883,0.03368533066816692,0.03368533066816692
E0,SYN004,STRONG,AB,148,0.9999999999999999,0.0,0.0,0.0,0.0,0.0,0.0,0.0,0.0,0.0,4.101888730650877,4.101888730650877,0.024482113127460427,0.024482113127460427
E0,SYN004,STRONG,BA,148,0.9999999999999999,0.0,0.0,0.0,0.0,0.0,0.0,0.0,0.0,0.0,4.101888730650877,4.101888730650877,0.024482113127460427,0.024482113127460427
E0,SYN004,PAIRED_NULL,AB,148,1.0,0.0,0.0,0.0,0.0,0.0,0.0,0.0,0.0,0.0,4.101888730650877,4.101888730650877,0.024482113127460424,0.024482113127460424
E0,SYN004,PAIRED_NULL,BA,148,1.0,0.0,0.0,0.0,0.0,0.0,0.0,0.0,0.0,0.0,4.101888730650877,4.101888730650877,0.024482113127460424,0.024482113127460424
E0,SYN005,STRONG,AB,134,1.0,0.0,0.0,0.0,0.0,0.0,0.0,0.0,0.0,0.0,4.033567678067273,4.033567678067273,0.026871860898672873,0.026871860898672873
E0,SYN005,STRONG,BA,134,1.0,0.0,0.0,0.0,0.0,0.0,0.0,0.0,0.0,0.0,4.033567678067273,4.033567678067273,0.026871860898672873,0.026871860898672873
E0,SYN005,PAIRED_NULL,AB,134,1.0,0.0,0.0,0.0,0.0,0.0,0.0,0.0,0.0,0.0,4.018837372557395,4.018837372557395,0.02742944203978379,0.02742944203978379
E0,SYN005,PAIRED_NULL,BA,134,1.0,0.0,0.0,0.0,0.0,0.0,0.0,0.0,0.0,0.0,4.018837372557395,4.018837372557395,0.02742944203978379,0.02742944203978379
E0,SYN006,STRONG,AB,65,1.0,0.0,0.0,0.0,0.0,0.0,0.0,0.0,0.0,0.0,3.1904258390115743,3.1904258390115743,0.060141523860409274,0.060141523860409274
E0,SYN006,STRONG,BA,65,1.0,0.0,0.0,0.0,0.0,0.0,0.0,0.0,0.0,0.0,3.1904258390115743,3.1904258390115743,0.060141523860409274,0.060141523860409274
E0,SYN006,PAIRED_NULL,AB,65,0.9999999999999999,0.0,0.0,0.0,0.0,0.0,0.0,0.0,0.0,0.0,3.186872599570313,3.186872599570313,0.06024361986627654,0.06024361986627654
E0,SYN006,PAIRED_NULL,BA,65,0.9999999999999999,0.0,0.0,0.0,0.0,0.0,0.0,0.0,0.0,0.0,3.186872599570313,3.186872599570313,0.06024361986627654,0.06024361986627654
E0,SYN007,STRONG,AB,122,1.0,0.0,0.0,0.0,0.0,0.0,0.0,0.0,0.0,0.0,3.1348409935411357,3.1348409935411357,0.08616003849379084,0.08616003849379084
E0,SYN007,STRONG,BA,122,1.0,0.0,0.0,0.0,0.0,0.0,0.0,0.0,0.0,0.0,3.1348409935411357,3.1348409935411357,0.08616003849379084,0.08616003849379084
E0,SYN007,PAIRED_NULL,AB,122,0.9999999999999999,0.0,0.0,0.0,0.0,0.0,0.0,0.0,0.0,0.0,3.154061518239624,3.154061518239624,0.0931981300193403,0.0931981300193403
E0,SYN007,PAIRED_NULL,BA,122,0.9999999999999999,0.0,0.0,0.0,0.0,0.0,0.0,0.0,0.0,0.0,3.154061518239624,3.154061518239624,0.0931981300193403,0.0931981300193403
E0,SYN008,STRONG,AB,121,1.0,0.0,0.0,0.0,0.0,0.0,0.0,0.0,0.0,0.0,4.098411438541839,4.098411438541839,0.021982475261952128,0.021982475261952128
E0,SYN008,STRONG,BA,121,1.0,0.0,0.0,0.0,0.0,0.0,0.0,0.0,0.0,0.0,4.098411438541839,4.098411438541839,0.021982475261952128,0.021982475261952128
E0,SYN008,PAIRED_NULL,AB,121,0.9999999999999999,0.0,0.0,0.0,0.0,0.0,0.0,0.0,0.0,0.0,4.0906060560072275,4.0906060560072275,0.022123805927243095,0.022123805927243095
E0,SYN008,PAIRED_NULL,BA,121,0.9999999999999999,0.0,0.0,0.0,0.0,0.0,0.0,0.0,0.0,0.0,4.0906060560072275,4.0906060560072275,0.022123805927243095,0.022123805927243095
E0,SYN009,STRONG,AB,70,0.9999999999999998,0.0,0.0,0.0,0.0,0.0,0.0,0.0,0.0,0.0,2.816419622920267,2.816419622920267,0.12560379895280338,0.12560379895280338
E0,SYN009,STRONG,BA,70,0.9999999999999998,0.0,0.0,0.0,0.0,0.0,0.0,0.0,0.0,0.0,2.816419622920267,2.816419622920267,0.12560379895280338,0.12560379895280338
E0,SYN009,PAIRED_NULL,AB,70,0.9999999999999998,0.0,0.0,0.0,0.0,0.0,0.0,0.0,0.0,0.0,2.951032076945521,2.951032076945521,0.12081928188371911,0.12081928188371911
E0,SYN009,PAIRED_NULL,BA,70,0.9999999999999998,0.0,0.0,0.0,0.0,0.0,0.0,0.0,0.0,0.0,2.951032076945521,2.951032076945521,0.12081928188371911,0.12081928188371911
E0,SYN010,STRONG,AB,100,1.0,0.0,0.0,0.0,0.0,0.0,0.0,0.0,0.0,0.0,3.551422548444998,3.551422548444998,0.04423338298871243,0.04423338298871243
E0,SYN010,STRONG,BA,100,1.0,0.0,0.0,0.0,0.0,0.0,0.0,0.0,0.0,0.0,3.551422548444998,3.551422548444998,0.04423338298871243,0.04423338298871243
E0,SYN010,PAIRED_NULL,AB,100,1.0,0.0,0.0,0.0,0.0,0.0,0.0,0.0,0.0,0.0,3.5485631205053325,3.5485631205053325,0.04428555586893981,0.04428555586893981
E0,SYN010,PAIRED_NULL,BA,100,1.0,0.0,0.0,0.0,0.0,0.0,0.0,0.0,0.0,0.0,3.5485631205053325,3.5485631205053325,0.04428555586893981,0.04428555586893981
E0,SYN011,STRONG,AB,122,1.0,0.0,0.0,0.0,0.0,0.0,0.0,0.0,0.0,0.0,3.9676543532673887,3.9676543532673887,0.02724926694009569,0.02724926694009569
E0,SYN011,STRONG,BA,122,1.0,0.0,0.0,0.0,0.0,0.0,0.0,0.0,0.0,0.0,3.9676543532673887,3.9676543532673887,0.02724926694009569,0.02724926694009569
E0,SYN011,PAIRED_NULL,AB,122,0.9999999999999999,0.0,0.0,0.0,0.0,0.0,0.0,0.0,0.0,0.0,3.9672722883362104,3.9672722883362104,0.027253464881815914,0.027253464881815914
E0,SYN011,PAIRED_NULL,BA,122,0.9999999999999999,0.0,0.0,0.0,0.0,0.0,0.0,0.0,0.0,0.0,3.9672722883362104,3.9672722883362104,0.027253464881815914,0.027253464881815914
E0,SYN012,STRONG,AB,150,1.0,0.0,0.0,0.0,0.0,0.0,0.0,0.0,0.0,0.0,4.08014707553828,4.08014707553828,0.028247974159854985,0.028247974159854985
E0,SYN012,STRONG,BA,150,1.0,0.0,0.0,0.0,0.0,0.0,0.0,0.0,0.0,0.0,4.08014707553828,4.08014707553828,0.028247974159854985,0.028247974159854985
E0,SYN012,PAIRED_NULL,AB,150,1.0,0.0,0.0,0.0,0.0,0.0,0.0,0.0,0.0,0.0,4.117763252119639,4.117763252119639,0.02691409150738436,0.02691409150738436
E0,SYN012,PAIRED_NULL,BA,150,1.0,0.0,0.0,0.0,0.0,0.0,0.0,0.0,0.0,0.0,4.117763252119639,4.117763252119639,0.02691409150738436,0.02691409150738436
E0,SYN013,STRONG,AB,118,1.0,0.0,0.0,0.0,0.0,0.0,0.0,0.0,0.0,0.0,3.728831370767703,3.728831370767703,0.03937665801301013,0.03937665801301013
E0,SYN013,STRONG,BA,118,1.0,0.0,0.0,0.0,0.0,0.0,0.0,0.0,0.0,0.0,3.728831370767703,3.728831370767703,0.03937665801301013,0.03937665801301013
E0,SYN013,PAIRED_NULL,AB,118,0.9999999999999998,0.0,0.0,0.0,0.0,0.0,0.0,0.0,0.0,0.0,3.6418557266826554,3.6418557266826554,0.043061702862803905,0.043061702862803905
E0,SYN013,PAIRED_NULL,BA,118,0.9999999999999998,0.0,0.0,0.0,0.0,0.0,0.0,0.0,0.0,0.0,3.6418557266826554,3.6418557266826554,0.043061702862803905,0.043061702862803905
E0,SYN014,STRONG,AB,125,0.9999999999999999,0.0,0.0,0.0,0.0,0.0,0.0,0.0,0.0,0.0,3.7842007847202326,3.7842007847202326,0.033066524317219535,0.033066524317219535
E0,SYN014,STRONG,BA,125,0.9999999999999999,0.0,0.0,0.0,0.0,0.0,0.0,0.0,0.0,0.0,3.7842007847202326,3.7842007847202326,0.033066524317219535,0.033066524317219535
E0,SYN014,PAIRED_NULL,AB,125,1.0,0.0,0.0,0.0,0.0,0.0,0.0,0.0,0.0,0.0,3.7842007847202312,3.7842007847202312,0.03306652431721952,0.03306652431721952
E0,SYN014,PAIRED_NULL,BA,125,1.0,0.0,0.0,0.0,0.0,0.0,0.0,0.0,0.0,0.0,3.7842007847202312,3.7842007847202312,0.03306652431721952,0.03306652431721952
E0,SYN015,STRONG,AB,151,1.0,0.0,0.0,0.0,0.0,0.0,0.0,0.0,0.0,0.0,4.036819074546298,4.036819074546298,0.027221380283798186,0.027221380283798186
E0,SYN015,STRONG,BA,151,1.0,0.0,0.0,0.0,0.0,0.0,0.0,0.0,0.0,0.0,4.036819074546298,4.036819074546298,0.027221380283798186,0.027221380283798186
E0,SYN015,PAIRED_NULL,AB,151,0.9999999999999999,0.0,0.0,0.0,0.0,0.0,0.0,0.0,0.0,0.0,4.047375906610172,4.047375906610172,0.027090863507762557,0.027090863507762557
E0,SYN015,PAIRED_NULL,BA,151,0.9999999999999999,0.0,0.0,0.0,0.0,0.0,0.0,0.0,0.0,0.0,4.047375906610172,4.047375906610172,0.027090863507762557,0.027090863507762557
E0,SYN016,STRONG,AB,89,1.0,0.0,0.0,0.0,0.0,0.0,0.0,0.0,0.0,0.0,3.2733440541817993,3.2733440541817993,0.07435999952375472,0.07435999952375472
E0,SYN016,STRONG,BA,89,1.0,0.0,0.0,0.0,0.0,0.0,0.0,0.0,0.0,0.0,3.2733440541817993,3.2733440541817993,0.07435999952375472,0.07435999952375472
E0,SYN016,PAIRED_NULL,AB,89,1.0,0.0,0.0,0.0,0.0,0.0,0.0,0.0,0.0,0.0,3.205483609831353,3.205483609831353,0.08092107626128264,0.08092107626128264
E0,SYN016,PAIRED_NULL,BA,89,1.0,0.0,0.0,0.0,0.0,0.0,0.0,0.0,0.0,0.0,3.205483609831353,3.205483609831353,0.08092107626128264,0.08092107626128264
E0,SYN017,STRONG,AB,168,0.9999999999999999,0.0,0.0,0.0,0.0,0.0,0.0,0.0,0.0,0.0,4.1434314670173915,4.1434314670173915,0.024780601207551083,0.024780601207551083
E0,SYN017,STRONG,BA,168,0.9999999999999999,0.0,0.0,0.0,0.0,0.0,0.0,0.0,0.0,0.0,4.1434314670173915,4.1434314670173915,0.024780601207551083,0.024780601207551083
E0,SYN017,PAIRED_NULL,AB,168,0.9999999999999999,0.0,0.0,0.0,0.0,0.0,0.0,0.0,0.0,0.0,4.143431467017391,4.143431467017391,0.024780601207551076,0.024780601207551076
E0,SYN017,PAIRED_NULL,BA,168,0.9999999999999999,0.0,0.0,0.0,0.0,0.0,0.0,0.0,0.0,0.0,4.143431467017391,4.143431467017391,0.024780601207551076,0.024780601207551076
E0,SYN018,STRONG,AB,64,1.0,0.0,0.0,0.0,0.0,0.0,0.0,0.0,0.0,0.0,3.024935853369241,3.024935853369241,0.07733633426785841,0.07733633426785841
E0,SYN018,STRONG,BA,64,1.0,0.0,0.0,0.0,0.0,0.0,0.0,0.0,0.0,0.0,3.024935853369241,3.024935853369241,0.07733633426785841,0.07733633426785841
E0,SYN018,PAIRED_NULL,AB,64,1.0,0.0,0.0,0.0,0.0,0.0,0.0,0.0,0.0,0.0,3.0060431525768028,3.0060431525768028,0.07828197459900867,0.07828197459900867
E0,SYN018,PAIRED_NULL,BA,64,1.0,0.0,0.0,0.0,0.0,0.0,0.0,0.0,0.0,0.0,3.0060431525768028,3.0060431525768028,0.07828197459900867,0.07828197459900867
E0,SYN019,STRONG,AB,69,0.9999999999999999,0.0,0.0,0.0,0.0,0.0,0.0,0.0,0.0,0.0,3.3861228874634746,3.3861228874634746,0.04705618467749615,0.04705618467749615
E0,SYN019,STRONG,BA,69,0.9999999999999999,0.0,0.0,0.0,0.0,0.0,0.0,0.0,0.0,0.0,3.3861228874634746,3.3861228874634746,0.04705618467749615,0.04705618467749615
E0,SYN019,PAIRED_NULL,AB,69,1.0,0.0,0.0,0.0,0.0,0.0,0.0,0.0,0.0,0.0,3.350836283685155,3.350836283685155,0.04954241363861887,0.04954241363861887
E0,SYN019,PAIRED_NULL,BA,69,1.0,0.0,0.0,0.0,0.0,0.0,0.0,0.0,0.0,0.0,3.350836283685155,3.350836283685155,0.04954241363861887,0.04954241363861887
E0,SYN020,STRONG,AB,75,0.9999999999999998,0.0,0.0,0.0,0.0,0.0,0.0,0.0,0.0,0.0,2.9183381687630843,2.9183381687630843,0.09570927779177277,0.09570927779177277
E0,SYN020,STRONG,BA,75,0.9999999999999998,0.0,0.0,0.0,0.0,0.0,0.0,0.0,0.0,0.0,2.9183381687630843,2.9183381687630843,0.09570927779177277,0.09570927779177277
E0,SYN020,PAIRED_NULL,AB,75,1.0,0.0,0.0,0.0,0.0,0.0,0.0,0.0,0.0,0.0,2.672481231784033,2.672481231784033,0.1339337815344069,0.1339337815344069
E0,SYN020,PAIRED_NULL,BA,75,1.0,0.0,0.0,0.0,0.0,0.0,0.0,0.0,0.0,0.0,2.672481231784033,2.672481231784033,0.1339337815344069,0.1339337815344069
E0,SYN021,STRONG,AB,160,0.9999999999999998,0.0,0.0,0.0,0.0,0.0,0.0,0.0,0.0,0.0,4.369059738086958,4.369059738086958,0.017477241120052927,0.017477241120052927
E0,SYN021,STRONG,BA,160,0.9999999999999998,0.0,0.0,0.0,0.0,0.0,0.0,0.0,0.0,0.0,4.369059738086958,4.369059738086958,0.017477241120052927,0.017477241120052927
E0,SYN021,PAIRED_NULL,AB,160,0.9999999999999998,0.0,0.0,0.0,0.0,0.0,0.0,0.0,0.0,0.0,4.357986805636484,4.357986805636484,0.017778674887445316,0.017778674887445316
E0,SYN021,PAIRED_NULL,BA,160,0.9999999999999998,0.0,0.0,0.0,0.0,0.0,0.0,0.0,0.0,0.0,4.357986805636484,4.357986805636484,0.017778674887445316,0.017778674887445316
E0,SYN022,STRONG,AB,164,1.0,0.0,0.0,0.0,0.0,0.0,0.0,0.0,0.0,0.0,4.416295486572632,4.416295486572632,0.01677316040580901,0.01677316040580901
E0,SYN022,STRONG,BA,164,1.0,0.0,0.0,0.0,0.0,0.0,0.0,0.0,0.0,0.0,4.416295486572632,4.416295486572632,0.01677316040580901,0.01677316040580901
E0,SYN022,PAIRED_NULL,AB,164,0.9999999999999998,0.0,0.0,0.0,0.0,0.0,0.0,0.0,0.0,0.0,4.387751801309843,4.387751801309843,0.01769612605810343,0.01769612605810343
E0,SYN022,PAIRED_NULL,BA,164,0.9999999999999998,0.0,0.0,0.0,0.0,0.0,0.0,0.0,0.0,0.0,4.387751801309843,4.387751801309843,0.01769612605810343,0.01769612605810343
E0,SYN023,STRONG,AB,166,1.0,0.0,0.0,0.0,0.0,0.0,0.0,0.0,0.0,0.0,4.035295165157083,4.035295165157083,0.029351463525049887,0.029351463525049887
E0,SYN023,STRONG,BA,166,1.0,0.0,0.0,0.0,0.0,0.0,0.0,0.0,0.0,0.0,4.035295165157083,4.035295165157083,0.029351463525049887,0.029351463525049887
E0,SYN023,PAIRED_NULL,AB,166,1.0,0.0,0.0,0.0,0.0,0.0,0.0,0.0,0.0,0.0,4.019563767507341,4.019563767507341,0.029848882227861098,0.029848882227861098
E0,SYN023,PAIRED_NULL,BA,166,1.0,0.0,0.0,0.0,0.0,0.0,0.0,0.0,0.0,0.0,4.019563767507341,4.019563767507341,0.029848882227861098,0.029848882227861098
E0,SYN024,STRONG,AB,74,1.0,0.0,0.0,0.0,0.0,0.0,0.0,0.0,0.0,0.0,3.1246343203391613,3.1246343203391613,0.06478753142599002,0.06478753142599002
E0,SYN024,STRONG,BA,74,1.0,0.0,0.0,0.0,0.0,0.0,0.0,0.0,0.0,0.0,3.1246343203391613,3.1246343203391613,0.06478753142599002,0.06478753142599002
E0,SYN024,PAIRED_NULL,AB,74,0.9999999999999999,0.0,0.0,0.0,0.0,0.0,0.0,0.0,0.0,0.0,3.085983343073449,3.085983343073449,0.0677014263704579,0.0677014263704579
E0,SYN024,PAIRED_NULL,BA,74,0.9999999999999999,0.0,0.0,0.0,0.0,0.0,0.0,0.0,0.0,0.0,3.085983343073449,3.085983343073449,0.0677014263704579,0.0677014263704579
E0,SYN025,STRONG,AB,121,1.0,0.0,0.0,0.0,0.0,0.0,0.0,0.0,0.0,0.0,3.788447155164508,3.788447155164508,0.0348407949108148,0.0348407949108148
E0,SYN025,STRONG,BA,121,1.0,0.0,0.0,0.0,0.0,0.0,0.0,0.0,0.0,0.0,3.788447155164508,3.788447155164508,0.0348407949108148,0.0348407949108148
E0,SYN025,PAIRED_NULL,AB,121,1.0,0.0,0.0,0.0,0.0,0.0,0.0,0.0,0.0,0.0,3.6537874831864596,3.6537874831864596,0.04126733925097554,0.04126733925097554
E0,SYN025,PAIRED_NULL,BA,121,1.0,0.0,0.0,0.0,0.0,0.0,0.0,0.0,0.0,0.0,3.6537874831864596,3.6537874831864596,0.04126733925097554,0.04126733925097554
E0,SYN026,STRONG,AB,121,1.0,0.0,0.0,0.0,0.0,0.0,0.0,0.0,0.0,0.0,3.380111158544209,3.380111158544209,0.06890969144144865,0.06890969144144865
E0,SYN026,STRONG,BA,121,1.0,0.0,0.0,0.0,0.0,0.0,0.0,0.0,0.0,0.0,3.380111158544209,3.380111158544209,0.06890969144144865,0.06890969144144865
E0,SYN026,PAIRED_NULL,AB,121,0.9999999999999999,0.0,0.0,0.0,0.0,0.0,0.0,0.0,0.0,0.0,3.3099893868509107,3.3099893868509107,0.07231194145437538,0.07231194145437538
E0,SYN026,PAIRED_NULL,BA,121,0.9999999999999999,0.0,0.0,0.0,0.0,0.0,0.0,0.0,0.0,0.0,3.3099893868509107,3.3099893868509107,0.07231194145437538,0.07231194145437538
E0,SYN027,STRONG,AB,147,0.9999999999999998,0.0,0.0,0.0,0.0,0.0,0.0,0.0,0.0,0.0,4.1267731576090325,4.1267731576090325,0.0222063331077504,0.0222063331077504
E0,SYN027,STRONG,BA,147,0.9999999999999998,0.0,0.0,0.0,0.0,0.0,0.0,0.0,0.0,0.0,4.1267731576090325,4.1267731576090325,0.0222063331077504,0.0222063331077504
E0,SYN027,PAIRED_NULL,AB,147,1.0,0.0,0.0,0.0,0.0,0.0,0.0,0.0,0.0,0.0,4.126773157609033,4.126773157609033,0.0222063331077504,0.0222063331077504
E0,SYN027,PAIRED_NULL,BA,147,1.0,0.0,0.0,0.0,0.0,0.0,0.0,0.0,0.0,0.0,4.126773157609033,4.126773157609033,0.0222063331077504,0.0222063331077504
E0,SYN028,STRONG,AB,168,1.0,0.0,0.0,0.0,0.0,0.0,0.0,0.0,0.0,0.0,4.238924229109934,4.238924229109934,0.02106060770038083,0.02106060770038083
E0,SYN028,STRONG,BA,168,1.0,0.0,0.0,0.0,0.0,0.0,0.0,0.0,0.0,0.0,4.238924229109934,4.238924229109934,0.02106060770038083,0.02106060770038083
E0,SYN028,PAIRED_NULL,AB,168,1.0,0.0,0.0,0.0,0.0,0.0,0.0,0.0,0.0,0.0,4.2349556394127505,4.2349556394127505,0.020991759553038405,0.020991759553038405
E0,SYN028,PAIRED_NULL,BA,168,1.0,0.0,0.0,0.0,0.0,0.0,0.0,0.0,0.0,0.0,4.2349556394127505,4.2349556394127505,0.020991759553038405,0.020991759553038405
E0,SYN029,STRONG,AB,121,1.0,0.0,0.0,0.0,0.0,0.0,0.0,0.0,0.0,0.0,3.559833611103182,3.559833611103182,0.04501024761542701,0.04501024761542701
E0,SYN029,STRONG,BA,121,1.0,0.0,0.0,0.0,0.0,0.0,0.0,0.0,0.0,0.0,3.559833611103182,3.559833611103182,0.04501024761542701,0.04501024761542701
E0,SYN029,PAIRED_NULL,AB,121,0.9999999999999998,0.0,0.0,0.0,0.0,0.0,0.0,0.0,0.0,0.0,3.515271416865268,3.515271416865268,0.04878053059134603,0.04878053059134603
E0,SYN029,PAIRED_NULL,BA,121,0.9999999999999998,0.0,0.0,0.0,0.0,0.0,0.0,0.0,0.0,0.0,3.515271416865268,3.515271416865268,0.04878053059134603,0.04878053059134603
E0,SYN030,STRONG,AB,88,0.9999999999999998,0.0,0.0,0.0,0.0,0.0,0.0,0.0,0.0,0.0,3.54105465081541,3.54105465081541,0.040030716828477385,0.040030716828477385
E0,SYN030,STRONG,BA,88,0.9999999999999998,0.0,0.0,0.0,0.0,0.0,0.0,0.0,0.0,0.0,3.54105465081541,3.54105465081541,0.040030716828477385,0.040030716828477385
E0,SYN030,PAIRED_NULL,AB,88,1.0,0.0,0.0,0.0,0.0,0.0,0.0,0.0,0.0,0.0,3.5410546508154095,3.5410546508154095,0.04003071682847737,0.04003071682847737
E0,SYN030,PAIRED_NULL,BA,88,1.0,0.0,0.0,0.0,0.0,0.0,0.0,0.0,0.0,0.0,3.5410546508154095,3.5410546508154095,0.04003071682847737,0.04003071682847737
E0,SYN031,STRONG,AB,86,1.0,0.0,0.0,0.0,0.0,0.0,0.0,0.0,0.0,0.0,3.2346763801295872,3.2346763801295872,0.062928385333009,0.062928385333009
E0,SYN031,STRONG,BA,86,1.0,0.0,0.0,0.0,0.0,0.0,0.0,0.0,0.0,0.0,3.2346763801295872,3.2346763801295872,0.062928385333009,0.062928385333009
E0,SYN031,PAIRED_NULL,AB,86,1.0,0.0,0.0,0.0,0.0,0.0,0.0,0.0,0.0,0.0,3.235112985479091,3.235112985479091,0.06291688721885431,0.06291688721885431
E0,SYN031,PAIRED_NULL,BA,86,1.0,0.0,0.0,0.0,0.0,0.0,0.0,0.0,0.0,0.0,3.235112985479091,3.235112985479091,0.06291688721885431,0.06291688721885431
E0,SYN032,STRONG,AB,165,1.0,0.0,0.0,0.0,0.0,0.0,0.0,0.0,0.0,0.0,4.083508211565867,4.083508211565867,0.026109790321517265,0.026109790321517265
E0,SYN032,STRONG,BA,165,1.0,0.0,0.0,0.0,0.0,0.0,0.0,0.0,0.0,0.0,4.083508211565867,4.083508211565867,0.026109790321517265,0.026109790321517265
E0,SYN032,PAIRED_NULL,AB,165,1.0,0.0,0.0,0.0,0.0,0.0,0.0,0.0,0.0,0.0,4.121438730727381,4.121438730727381,0.02401858812554965,0.02401858812554965
E0,SYN032,PAIRED_NULL,BA,165,1.0,0.0,0.0,0.0,0.0,0.0,0.0,0.0,0.0,0.0,4.121438730727381,4.121438730727381,0.02401858812554965,0.02401858812554965
E0,SYN033,STRONG,AB,147,0.9999999999999998,0.0,0.0,0.0,0.0,0.0,0.0,0.0,0.0,0.0,4.386111904657797,4.386111904657797,0.01595330445605538,0.01595330445605538
E0,SYN033,STRONG,BA,147,0.9999999999999998,0.0,0.0,0.0,0.0,0.0,0.0,0.0,0.0,0.0,4.386111904657797,4.386111904657797,0.01595330445605538,0.01595330445605538
E0,SYN033,PAIRED_NULL,AB,147,1.0,0.0,0.0,0.0,0.0,0.0,0.0,0.0,0.0,0.0,4.38066999247679,4.38066999247679,0.016093408848970772,0.016093408848970772
E0,SYN033,PAIRED_NULL,BA,147,1.0,0.0,0.0,0.0,0.0,0.0,0.0,0.0,0.0,0.0,4.38066999247679,4.38066999247679,0.016093408848970772,0.016093408848970772
E0,SYN034,STRONG,AB,116,0.9999999999999999,0.0,0.0,0.0,0.0,0.0,0.0,0.0,0.0,0.0,3.810186458490398,3.810186458490398,0.03261906582361026,0.03261906582361026
E0,SYN034,STRONG,BA,116,0.9999999999999999,0.0,0.0,0.0,0.0,0.0,0.0,0.0,0.0,0.0,3.810186458490398,3.810186458490398,0.03261906582361026,0.03261906582361026
E0,SYN034,PAIRED_NULL,AB,116,0.9999999999999999,0.0,0.0,0.0,0.0,0.0,0.0,0.0,0.0,0.0,3.7710646457189787,3.7710646457189787,0.034203065173734115,0.034203065173734115
E0,SYN034,PAIRED_NULL,BA,116,0.9999999999999999,0.0,0.0,0.0,0.0,0.0,0.0,0.0,0.0,0.0,3.7710646457189787,3.7710646457189787,0.034203065173734115,0.034203065173734115
E0,SYN035,STRONG,AB,115,1.0,0.0,0.0,0.0,0.0,0.0,0.0,0.0,0.0,0.0,3.7648406298351067,3.7648406298351067,0.03506210360862177,0.03506210360862177
E0,SYN035,STRONG,BA,115,1.0,0.0,0.0,0.0,0.0,0.0,0.0,0.0,0.0,0.0,3.7648406298351067,3.7648406298351067,0.03506210360862177,0.03506210360862177
E0,SYN035,PAIRED_NULL,AB,115,1.0,0.0,0.0,0.0,0.0,0.0,0.0,0.0,0.0,0.0,3.7126460891169533,3.7126460891169533,0.0379836324348605,0.0379836324348605
E0,SYN035,PAIRED_NULL,BA,115,1.0,0.0,0.0,0.0,0.0,0.0,0.0,0.0,0.0,0.0,3.7126460891169533,3.7126460891169533,0.0379836324348605,0.0379836324348605
E0,SYN036,STRONG,AB,114,1.0,0.0,0.0,0.0,0.0,0.0,0.0,0.0,0.0,0.0,3.6999954628899308,3.6999954628899308,0.042488319151221275,0.042488319151221275
E0,SYN036,STRONG,BA,114,1.0,0.0,0.0,0.0,0.0,0.0,0.0,0.0,0.0,0.0,3.6999954628899308,3.6999954628899308,0.042488319151221275,0.042488319151221275
E0,SYN036,PAIRED_NULL,AB,114,0.9999999999999998,0.0,0.0,0.0,0.0,0.0,0.0,0.0,0.0,0.0,3.5474537845965326,3.5474537845965326,0.05295875969503855,0.05295875969503855
E0,SYN036,PAIRED_NULL,BA,114,0.9999999999999998,0.0,0.0,0.0,0.0,0.0,0.0,0.0,0.0,0.0,3.5474537845965326,3.5474537845965326,0.05295875969503855,0.05295875969503855
E0,SYN037,STRONG,AB,62,1.0,0.0,0.0,0.0,0.0,0.0,0.0,0.0,0.0,0.0,3.1565159663465088,3.1565159663465088,0.06651767348415902,0.06651767348415902
E0,SYN037,STRONG,BA,62,1.0,0.0,0.0,0.0,0.0,0.0,0.0,0.0,0.0,0.0,3.1565159663465088,3.1565159663465088,0.06651767348415902,0.06651767348415902
E0,SYN037,PAIRED_NULL,AB,62,1.0,0.0,0.0,0.0,0.0,0.0,0.0,0.0,0.0,0.0,3.1435452936434,3.1435452936434,0.0680027357654704,0.0680027357654704
E0,SYN037,PAIRED_NULL,BA,62,1.0,0.0,0.0,0.0,0.0,0.0,0.0,0.0,0.0,0.0,3.1435452936434,3.1435452936434,0.0680027357654704,0.0680027357654704
E0,SYN038,STRONG,AB,93,1.0,0.0,0.0,0.0,0.0,0.0,0.0,0.0,0.0,0.0,3.4763227392505303,3.4763227392505303,0.04741166384663322,0.04741166384663322
E0,SYN038,STRONG,BA,93,1.0,0.0,0.0,0.0,0.0,0.0,0.0,0.0,0.0,0.0,3.4763227392505303,3.4763227392505303,0.04741166384663322,0.04741166384663322
E0,SYN038,PAIRED_NULL,AB,93,1.0,0.0,0.0,0.0,0.0,0.0,0.0,0.0,0.0,0.0,3.4763227392505307,3.4763227392505307,0.047411663846633235,0.047411663846633235
E0,SYN038,PAIRED_NULL,BA,93,1.0,0.0,0.0,0.0,0.0,0.0,0.0,0.0,0.0,0.0,3.4763227392505307,3.4763227392505307,0.047411663846633235,0.047411663846633235
E0,SYN039,STRONG,AB,116,1.0,0.0,0.0,0.0,0.0,0.0,0.0,0.0,0.0,0.0,3.893961064509437,3.893961064509437,0.032287724078399915,0.032287724078399915
E0,SYN039,STRONG,BA,116,1.0,0.0,0.0,0.0,0.0,0.0,0.0,0.0,0.0,0.0,3.893961064509437,3.893961064509437,0.032287724078399915,0.032287724078399915
E0,SYN039,PAIRED_NULL,AB,116,0.9999999999999999,0.0,0.0,0.0,0.0,0.0,0.0,0.0,0.0,0.0,3.8213805497120585,3.8213805497120585,0.035077936437503725,0.035077936437503725
E0,SYN039,PAIRED_NULL,BA,116,0.9999999999999999,0.0,0.0,0.0,0.0,0.0,0.0,0.0,0.0,0.0,3.8213805497120585,3.8213805497120585,0.035077936437503725,0.035077936437503725
E0,SYN040,STRONG,AB,87,1.0,0.0,0.0,0.0,0.0,0.0,0.0,0.0,0.0,0.0,3.605184119852648,3.605184119852648,0.04111664601149123,0.04111664601149123
E0,SYN040,STRONG,BA,87,1.0,0.0,0.0,0.0,0.0,0.0,0.0,0.0,0.0,0.0,3.605184119852648,3.605184119852648,0.04111664601149123,0.04111664601149123
E0,SYN040,PAIRED_NULL,AB,87,1.0,0.0,0.0,0.0,0.0,0.0,0.0,0.0,0.0,0.0,3.602937127956476,3.602937127956476,0.041176522023798394,0.041176522023798394
E0,SYN040,PAIRED_NULL,BA,87,1.0,0.0,0.0,0.0,0.0,0.0,0.0,0.0,0.0,0.0,3.602937127956476,3.602937127956476,0.041176522023798394,0.041176522023798394
E0,SYN041,STRONG,AB,60,1.0,0.0,0.0,0.0,0.0,0.0,0.0,0.0,0.0,0.0,3.009855244916538,3.009855244916538,0.08183810831244524,0.08183810831244524
E0,SYN041,STRONG,BA,60,1.0,0.0,0.0,0.0,0.0,0.0,0.0,0.0,0.0,0.0,3.009855244916538,3.009855244916538,0.08183810831244524,0.08183810831244524
E0,SYN041,PAIRED_NULL,AB,60,1.0,0.0,0.0,0.0,0.0,0.0,0.0,0.0,0.0,0.0,2.9602617264474094,2.9602617264474094,0.08746513719803022,0.08746513719803022
E0,SYN041,PAIRED_NULL,BA,60,1.0,0.0,0.0,0.0,0.0,0.0,0.0,0.0,0.0,0.0,2.9602617264474094,2.9602617264474094,0.08746513719803022,0.08746513719803022
E0,SYN042,STRONG,AB,121,1.0,0.0,0.0,0.0,0.0,0.0,0.0,0.0,0.0,0.0,3.854359081899182,3.854359081899182,0.03389955259867101,0.03389955259867101
E0,SYN042,STRONG,BA,121,1.0,0.0,0.0,0.0,0.0,0.0,0.0,0.0,0.0,0.0,3.854359081899182,3.854359081899182,0.03389955259867101,0.03389955259867101
E0,SYN042,PAIRED_NULL,AB,121,0.9999999999999999,0.0,0.0,0.0,0.0,0.0,0.0,0.0,0.0,0.0,3.8565797086851976,3.8565797086851976,0.033471385977793276,0.033471385977793276
E0,SYN042,PAIRED_NULL,BA,121,0.9999999999999999,0.0,0.0,0.0,0.0,0.0,0.0,0.0,0.0,0.0,3.8565797086851976,3.8565797086851976,0.033471385977793276,0.033471385977793276
E0,SYN043,STRONG,AB,110,1.0,0.0,0.0,0.0,0.0,0.0,0.0,0.0,0.0,0.0,3.7417964003113138,3.7417964003113138,0.03381146517357523,0.03381146517357523
E0,SYN043,STRONG,BA,110,1.0,0.0,0.0,0.0,0.0,0.0,0.0,0.0,0.0,0.0,3.7417964003113138,3.7417964003113138,0.03381146517357523,0.03381146517357523
E0,SYN043,PAIRED_NULL,AB,110,1.0,0.0,0.0,0.0,0.0,0.0,0.0,0.0,0.0,0.0,3.7417964003113138,3.7417964003113138,0.03381146517357522,0.03381146517357522
E0,SYN043,PAIRED_NULL,BA,110,1.0,0.0,0.0,0.0,0.0,0.0,0.0,0.0,0.0,0.0,3.7417964003113138,3.7417964003113138,0.03381146517357522,0.03381146517357522
E0,SYN044,STRONG,AB,117,1.0,0.0,0.0,0.0,0.0,0.0,0.0,0.0,0.0,0.0,3.8990299704917355,3.8990299704917355,0.028981129853707703,0.028981129853707703
E0,SYN044,STRONG,BA,117,1.0,0.0,0.0,0.0,0.0,0.0,0.0,0.0,0.0,0.0,3.8990299704917355,3.8990299704917355,0.028981129853707703,0.028981129853707703
E0,SYN044,PAIRED_NULL,AB,117,1.0,0.0,0.0,0.0,0.0,0.0,0.0,0.0,0.0,0.0,3.8855351845957324,3.8855351845957324,0.029260802411296305,0.029260802411296305
E0,SYN044,PAIRED_NULL,BA,117,1.0,0.0,0.0,0.0,0.0,0.0,0.0,0.0,0.0,0.0,3.8855351845957324,3.8855351845957324,0.029260802411296305,0.029260802411296305
E0,SYN045,STRONG,AB,75,1.0,0.0,0.0,0.0,0.0,0.0,0.0,0.0,0.0,0.0,3.427366469387611,3.427366469387611,0.04411096226009462,0.04411096226009462
E0,SYN045,STRONG,BA,75,1.0,0.0,0.0,0.0,0.0,0.0,0.0,0.0,0.0,0.0,3.427366469387611,3.427366469387611,0.04411096226009462,0.04411096226009462
E0,SYN045,PAIRED_NULL,AB,75,1.0,0.0,0.0,0.0,0.0,0.0,0.0,0.0,0.0,0.0,3.395071714527833,3.395071714527833,0.046210025408605776,0.046210025408605776
E0,SYN045,PAIRED_NULL,BA,75,1.0,0.0,0.0,0.0,0.0,0.0,0.0,0.0,0.0,0.0,3.395071714527833,3.395071714527833,0.046210025408605776,0.046210025408605776
E0,SYN046,STRONG,AB,97,1.0,0.0,0.0,0.0,0.0,0.0,0.0,0.0,0.0,0.0,3.1498103592479643,3.1498103592479643,0.08305421036439249,0.08305421036439249
E0,SYN046,STRONG,BA,97,1.0,0.0,0.0,0.0,0.0,0.0,0.0,0.0,0.0,0.0,3.1498103592479643,3.1498103592479643,0.08305421036439249,0.08305421036439249
E0,SYN046,PAIRED_NULL,AB,97,0.9999999999999999,0.0,0.0,0.0,0.0,0.0,0.0,0.0,0.0,0.0,3.1491101686830842,3.1491101686830842,0.08315694910602474,0.08315694910602474
E0,SYN046,PAIRED_NULL,BA,97,0.9999999999999999,0.0,0.0,0.0,0.0,0.0,0.0,0.0,0.0,0.0,3.1491101686830842,3.1491101686830842,0.08315694910602474,0.08315694910602474
E0,SYN047,STRONG,AB,151,1.0,0.0,0.0,0.0,0.0,0.0,0.0,0.0,0.0,0.0,4.02727593344874,4.02727593344874,0.030498041677822378,0.030498041677822378
E0,SYN047,STRONG,BA,151,1.0,0.0,0.0,0.0,0.0,0.0,0.0,0.0,0.0,0.0,4.02727593344874,4.02727593344874,0.030498041677822378,0.030498041677822378
E0,SYN047,PAIRED_NULL,AB,151,1.0,0.0,0.0,0.0,0.0,0.0,0.0,0.0,0.0,0.0,4.026729705251973,4.026729705251973,0.030509051684665996,0.030509051684665996
E0,SYN047,PAIRED_NULL,BA,151,1.0,0.0,0.0,0.0,0.0,0.0,0.0,0.0,0.0,0.0,4.026729705251973,4.026729705251973,0.030509051684665996,0.030509051684665996
E0,SYN048,STRONG,AB,105,0.9999999999999998,0.0,0.0,0.0,0.0,0.0,0.0,0.0,0.0,0.0,3.5228839789744844,3.5228839789744844,0.048382458400696465,0.048382458400696465
E0,SYN048,STRONG,BA,105,0.9999999999999998,0.0,0.0,0.0,0.0,0.0,0.0,0.0,0.0,0.0,3.5228839789744844,3.5228839789744844,0.048382458400696465,0.048382458400696465
E0,SYN048,PAIRED_NULL,AB,105,0.9999999999999998,0.0,0.0,0.0,0.0,0.0,0.0,0.0,0.0,0.0,3.499490903585744,3.499490903585744,0.04896031772297519,0.04896031772297519
E0,SYN048,PAIRED_NULL,BA,105,0.9999999999999998,0.0,0.0,0.0,0.0,0.0,0.0,0.0,0.0,0.0,3.499490903585744,3.499490903585744,0.04896031772297519,0.04896031772297519
E0,SYN049,STRONG,AB,99,0.9999999999999999,0.0,0.0,0.0,0.0,0.0,0.0,0.0,0.0,0.0,3.7839980646767084,3.7839980646767084,0.030697691682352448,0.030697691682352448
E0,SYN049,STRONG,BA,99,0.9999999999999999,0.0,0.0,0.0,0.0,0.0,0.0,0.0,0.0,0.0,3.7839980646767084,3.7839980646767084,0.030697691682352448,0.030697691682352448
E0,SYN049,PAIRED_NULL,AB,99,1.0,0.0,0.0,0.0,0.0,0.0,0.0,0.0,0.0,0.0,3.7834136965900127,3.7834136965900127,0.03070505256618282,0.03070505256618282
E0,SYN049,PAIRED_NULL,BA,99,1.0,0.0,0.0,0.0,0.0,0.0,0.0,0.0,0.0,0.0,3.7834136965900127,3.7834136965900127,0.03070505256618282,0.03070505256618282
E0,SYN050,STRONG,AB,144,0.9999999999999999,0.0,0.0,0.0,0.0,0.0,0.0,0.0,0.0,0.0,4.1577870793676865,4.1577870793676865,0.022587478483692646,0.022587478483692646
E0,SYN050,STRONG,BA,144,0.9999999999999999,0.0,0.0,0.0,0.0,0.0,0.0,0.0,0.0,0.0,4.1577870793676865,4.1577870793676865,0.022587478483692646,0.022587478483692646
E0,SYN050,PAIRED_NULL,AB,144,1.0,0.0,0.0,0.0,0.0,0.0,0.0,0.0,0.0,0.0,4.157787079367686,4.157787079367686,0.02258747848369265,0.02258747848369265
E0,SYN050,PAIRED_NULL,BA,144,1.0,0.0,0.0,0.0,0.0,0.0,0.0,0.0,0.0,0.0,4.157787079367686,4.157787079367686,0.02258747848369265,0.02258747848369265
E0,SYN051,STRONG,AB,140,0.9999999999999999,0.0,0.0,0.0,0.0,0.0,0.0,0.0,0.0,0.0,3.814554832035162,3.814554832035162,0.03762473290146588,0.03762473290146588
E0,SYN051,STRONG,BA,140,0.9999999999999999,0.0,0.0,0.0,0.0,0.0,0.0,0.0,0.0,0.0,3.814554832035162,3.814554832035162,0.03762473290146588,0.03762473290146588
E0,SYN051,PAIRED_NULL,AB,140,0.9999999999999999,0.0,0.0,0.0,0.0,0.0,0.0,0.0,0.0,0.0,3.780064363922234,3.780064363922234,0.03848195200186116,0.03848195200186116
E0,SYN051,PAIRED_NULL,BA,140,0.9999999999999999,0.0,0.0,0.0,0.0,0.0,0.0,0.0,0.0,0.0,3.780064363922234,3.780064363922234,0.03848195200186116,0.03848195200186116
E0,SYN052,STRONG,AB,74,0.9999999999999999,0.0,0.0,0.0,0.0,0.0,0.0,0.0,0.0,0.0,3.0568370929198747,3.0568370929198747,0.08025957799206333,0.08025957799206333
E0,SYN052,STRONG,BA,74,0.9999999999999999,0.0,0.0,0.0,0.0,0.0,0.0,0.0,0.0,0.0,3.0568370929198747,3.0568370929198747,0.08025957799206333,0.08025957799206333
E0,SYN052,PAIRED_NULL,AB,74,0.9999999999999999,0.0,0.0,0.0,0.0,0.0,0.0,0.0,0.0,0.0,3.0846468251626664,3.0846468251626664,0.07652360847109312,0.07652360847109312
E0,SYN052,PAIRED_NULL,BA,74,0.9999999999999999,0.0,0.0,0.0,0.0,0.0,0.0,0.0,0.0,0.0,3.0846468251626664,3.0846468251626664,0.07652360847109312,0.07652360847109312
E0,SYN053,STRONG,AB,167,1.0,0.0,0.0,0.0,0.0,0.0,0.0,0.0,0.0,0.0,4.21273303696255,4.21273303696255,0.02468142194378149,0.02468142194378149
E0,SYN053,STRONG,BA,167,1.0,0.0,0.0,0.0,0.0,0.0,0.0,0.0,0.0,0.0,4.21273303696255,4.21273303696255,0.02468142194378149,0.02468142194378149
E0,SYN053,PAIRED_NULL,AB,167,1.0,0.0,0.0,0.0,0.0,0.0,0.0,0.0,0.0,0.0,4.210332857926123,4.210332857926123,0.024485742829024153,0.024485742829024153
E0,SYN053,PAIRED_NULL,BA,167,1.0,0.0,0.0,0.0,0.0,0.0,0.0,0.0,0.0,0.0,4.210332857926123,4.210332857926123,0.024485742829024153,0.024485742829024153
E0,SYN054,STRONG,AB,112,1.0,0.0,0.0,0.0,0.0,0.0,0.0,0.0,0.0,0.0,3.524980023449418,3.524980023449418,0.05831421592866574,0.05831421592866574
E0,SYN054,STRONG,BA,112,1.0,0.0,0.0,0.0,0.0,0.0,0.0,0.0,0.0,0.0,3.524980023449418,3.524980023449418,0.05831421592866574,0.05831421592866574
E0,SYN054,PAIRED_NULL,AB,112,0.9999999999999999,0.0,0.0,0.0,0.0,0.0,0.0,0.0,0.0,0.0,3.4691538696391975,3.4691538696391975,0.060826191905946674,0.060826191905946674
E0,SYN054,PAIRED_NULL,BA,112,0.9999999999999999,0.0,0.0,0.0,0.0,0.0,0.0,0.0,0.0,0.0,3.4691538696391975,3.4691538696391975,0.060826191905946674,0.060826191905946674
E0,SYN055,STRONG,AB,94,0.9999999999999999,0.0,0.0,0.0,0.0,0.0,0.0,0.0,0.0,0.0,3.461506480826167,3.461506480826167,0.0535253948797829,0.0535253948797829
E0,SYN055,STRONG,BA,94,0.9999999999999999,0.0,0.0,0.0,0.0,0.0,0.0,0.0,0.0,0.0,3.461506480826167,3.461506480826167,0.0535253948797829,0.0535253948797829
E0,SYN055,PAIRED_NULL,AB,94,1.0,0.0,0.0,0.0,0.0,0.0,0.0,0.0,0.0,0.0,3.4258679064181625,3.4258679064181625,0.05524856103685409,0.05524856103685409
E0,SYN055,PAIRED_NULL,BA,94,1.0,0.0,0.0,0.0,0.0,0.0,0.0,0.0,0.0,0.0,3.4258679064181625,3.4258679064181625,0.05524856103685409,0.05524856103685409
E0,SYN056,STRONG,AB,124,1.0,0.0,0.0,0.0,0.0,0.0,0.0,0.0,0.0,0.0,3.569818089661129,3.569818089661129,0.04504605229390319,0.04504605229390319
E0,SYN056,STRONG,BA,124,1.0,0.0,0.0,0.0,0.0,0.0,0.0,0.0,0.0,0.0,3.569818089661129,3.569818089661129,0.04504605229390319,0.04504605229390319
E0,SYN056,PAIRED_NULL,AB,124,1.0,0.0,0.0,0.0,0.0,0.0,0.0,0.0,0.0,0.0,3.4997543471670833,3.4997543471670833,0.048788170976779635,0.048788170976779635
E0,SYN056,PAIRED_NULL,BA,124,1.0,0.0,0.0,0.0,0.0,0.0,0.0,0.0,0.0,0.0,3.4997543471670833,3.4997543471670833,0.048788170976779635,0.048788170976779635
E0,SYN057,STRONG,AB,162,1.0,0.0,0.0,0.0,0.0,0.0,0.0,0.0,0.0,0.0,4.1141276047828335,4.1141276047828335,0.027109629667413485,0.027109629667413485
E0,SYN057,STRONG,BA,162,1.0,0.0,0.0,0.0,0.0,0.0,0.0,0.0,0.0,0.0,4.1141276047828335,4.1141276047828335,0.027109629667413485,0.027109629667413485
E0,SYN057,PAIRED_NULL,AB,162,0.9999999999999999,0.0,0.0,0.0,0.0,0.0,0.0,0.0,0.0,0.0,4.083694165431533,4.083694165431533,0.028299972640961374,0.028299972640961374
E0,SYN057,PAIRED_NULL,BA,162,0.9999999999999999,0.0,0.0,0.0,0.0,0.0,0.0,0.0,0.0,0.0,4.083694165431533,4.083694165431533,0.028299972640961374,0.028299972640961374
E0,SYN058,STRONG,AB,66,0.9999999999999999,0.0,0.0,0.0,0.0,0.0,0.0,0.0,0.0,0.0,3.3207611724262187,3.3207611724262187,0.05060698277862012,0.05060698277862012
E0,SYN058,STRONG,BA,66,0.9999999999999999,0.0,0.0,0.0,0.0,0.0,0.0,0.0,0.0,0.0,3.3207611724262187,3.3207611724262187,0.05060698277862012,0.05060698277862012
E0,SYN058,PAIRED_NULL,AB,66,0.9999999999999999,0.0,0.0,0.0,0.0,0.0,0.0,0.0,0.0,0.0,3.253959663628481,3.253959663628481,0.05627989528278869,0.05627989528278869
E0,SYN058,PAIRED_NULL,BA,66,0.9999999999999999,0.0,0.0,0.0,0.0,0.0,0.0,0.0,0.0,0.0,3.253959663628481,3.253959663628481,0.05627989528278869,0.05627989528278869
E0,SYN059,STRONG,AB,122,1.0,0.0,0.0,0.0,0.0,0.0,0.0,0.0,0.0,0.0,3.9555409094115057,3.9555409094115057,0.030325619078683884,0.030325619078683884
E0,SYN059,STRONG,BA,122,1.0,0.0,0.0,0.0,0.0,0.0,0.0,0.0,0.0,0.0,3.9555409094115057,3.9555409094115057,0.030325619078683884,0.030325619078683884
E0,SYN059,PAIRED_NULL,AB,122,1.0,0.0,0.0,0.0,0.0,0.0,0.0,0.0,0.0,0.0,3.9115963831924914,3.9115963831924914,0.03223241062775932,0.03223241062775932
E0,SYN059,PAIRED_NULL,BA,122,1.0,0.0,0.0,0.0,0.0,0.0,0.0,0.0,0.0,0.0,3.9115963831924914,3.9115963831924914,0.03223241062775932,0.03223241062775932
E0,SYN060,STRONG,AB,140,1.0,0.0,0.0,0.0,0.0,0.0,0.0,0.0,0.0,0.0,4.1089575174943835,4.1089575174943835,0.022947172127903676,0.022947172127903676
E0,SYN060,STRONG,BA,140,1.0,0.0,0.0,0.0,0.0,0.0,0.0,0.0,0.0,0.0,4.1089575174943835,4.1089575174943835,0.022947172127903676,0.022947172127903676
E0,SYN060,PAIRED_NULL,AB,140,1.0,0.0,0.0,0.0,0.0,0.0,0.0,0.0,0.0,0.0,4.108957517494383,4.108957517494383,0.02294717212790367,0.02294717212790367
E0,SYN060,PAIRED_NULL,BA,140,1.0,0.0,0.0,0.0,0.0,0.0,0.0,0.0,0.0,0.0,4.108957517494383,4.108957517494383,0.02294717212790367,0.02294717212790367
E0,SYN061,STRONG,AB,100,1.0,0.0,0.0,0.0,0.0,0.0,0.0,0.0,0.0,0.0,3.824386569152547,3.824386569152547,0.031183118977917434,0.031183118977917434
E0,SYN061,STRONG,BA,100,1.0,0.0,0.0,0.0,0.0,0.0,0.0,0.0,0.0,0.0,3.824386569152547,3.824386569152547,0.031183118977917434,0.031183118977917434
E0,SYN061,PAIRED_NULL,AB,100,1.0,0.0,0.0,0.0,0.0,0.0,0.0,0.0,0.0,0.0,3.818034936880944,3.818034936880944,0.031318907848073646,0.031318907848073646
E0,SYN061,PAIRED_NULL,BA,100,1.0,0.0,0.0,0.0,0.0,0.0,0.0,0.0,0.0,0.0,3.818034936880944,3.818034936880944,0.031318907848073646,0.031318907848073646
E0,SYN062,STRONG,AB,134,1.0,0.0,0.0,0.0,0.0,0.0,0.0,0.0,0.0,0.0,4.0694882606557945,4.0694882606557945,0.024789754107058182,0.024789754107058182
E0,SYN062,STRONG,BA,134,1.0,0.0,0.0,0.0,0.0,0.0,0.0,0.0,0.0,0.0,4.0694882606557945,4.0694882606557945,0.024789754107058182,0.024789754107058182
E0,SYN062,PAIRED_NULL,AB,134,0.9999999999999999,0.0,0.0,0.0,0.0,0.0,0.0,0.0,0.0,0.0,4.0694882606557945,4.0694882606557945,0.024789754107058193,0.024789754107058193
E0,SYN062,PAIRED_NULL,BA,134,0.9999999999999999,0.0,0.0,0.0,0.0,0.0,0.0,0.0,0.0,0.0,4.0694882606557945,4.0694882606557945,0.024789754107058193,0.024789754107058193
E0,SYN063,STRONG,AB,180,1.0,0.0,0.0,0.0,0.0,0.0,0.0,0.0,0.0,0.0,4.506924060676264,4.506924060676264,0.014522890483066897,0.014522890483066897
E0,SYN063,STRONG,BA,180,1.0,0.0,0.0,0.0,0.0,0.0,0.0,0.0,0.0,0.0,4.506924060676264,4.506924060676264,0.014522890483066897,0.014522890483066897
E0,SYN063,PAIRED_NULL,AB,180,0.9999999999999999,0.0,0.0,0.0,0.0,0.0,0.0,0.0,0.0,0.0,4.506924060676264,4.506924060676264,0.014522890483066896,0.014522890483066896
E0,SYN063,PAIRED_NULL,BA,180,0.9999999999999999,0.0,0.0,0.0,0.0,0.0,0.0,0.0,0.0,0.0,4.506924060676264,4.506924060676264,0.014522890483066896,0.014522890483066896
E0,SYN064,STRONG,AB,136,1.0,0.0,0.0,0.0,0.0,0.0,0.0,0.0,0.0,0.0,3.9077245690997144,3.9077245690997144,0.031663320585525435,0.031663320585525435
E0,SYN064,STRONG,BA,136,1.0,0.0,0.0,0.0,0.0,0.0,0.0,0.0,0.0,0.0,3.9077245690997144,3.9077245690997144,0.031663320585525435,0.031663320585525435
E0,SYN064,PAIRED_NULL,AB,136,1.0,0.0,0.0,0.0,0.0,0.0,0.0,0.0,0.0,0.0,3.901452477760633,3.901452477760633,0.03201374453023097,0.03201374453023097
E0,SYN064,PAIRED_NULL,BA,136,1.0,0.0,0.0,0.0,0.0,0.0,0.0,0.0,0.0,0.0,3.901452477760633,3.901452477760633,0.03201374453023097,0.03201374453023097
E0,SYN065,STRONG,AB,120,1.0,0.0,0.0,0.0,0.0,0.0,0.0,0.0,0.0,0.0,4.124580014673446,4.124580014673446,0.0217104264021654,0.0217104264021654
E0,SYN065,STRONG,BA,120,1.0,0.0,0.0,0.0,0.0,0.0,0.0,0.0,0.0,0.0,4.124580014673446,4.124580014673446,0.0217104264021654,0.0217104264021654
E0,SYN065,PAIRED_NULL,AB,120,1.0,0.0,0.0,0.0,0.0,0.0,0.0,0.0,0.0,0.0,4.164497292596372,4.164497292596372,0.020191960784800816,0.020191960784800816
E0,SYN065,PAIRED_NULL,BA,120,1.0,0.0,0.0,0.0,0.0,0.0,0.0,0.0,0.0,0.0,4.164497292596372,4.164497292596372,0.020191960784800816,0.020191960784800816
E0,SYN066,STRONG,AB,138,1.0,0.0,0.0,0.0,0.0,0.0,0.0,0.0,0.0,0.0,3.847350325628703,3.847350325628703,0.03301544247505846,0.03301544247505846
E0,SYN066,STRONG,BA,138,1.0,0.0,0.0,0.0,0.0,0.0,0.0,0.0,0.0,0.0,3.847350325628703,3.847350325628703,0.03301544247505846,0.03301544247505846
E0,SYN066,PAIRED_NULL,AB,138,0.9999999999999999,0.0,0.0,0.0,0.0,0.0,0.0,0.0,0.0,0.0,3.883097739078008,3.883097739078008,0.030757801499698076,0.030757801499698076
E0,SYN066,PAIRED_NULL,BA,138,0.9999999999999999,0.0,0.0,0.0,0.0,0.0,0.0,0.0,0.0,0.0,3.883097739078008,3.883097739078008,0.030757801499698076,0.030757801499698076
E0,SYN067,STRONG,AB,109,0.9999999999999999,0.0,0.0,0.0,0.0,0.0,0.0,0.0,0.0,0.0,3.793969414050775,3.793969414050775,0.03176509634085202,0.03176509634085202
E0,SYN067,STRONG,BA,109,0.9999999999999999,0.0,0.0,0.0,0.0,0.0,0.0,0.0,0.0,0.0,3.793969414050775,3.793969414050775,0.03176509634085202,0.03176509634085202
E0,SYN067,PAIRED_NULL,AB,109,1.0,0.0,0.0,0.0,0.0,0.0,0.0,0.0,0.0,0.0,3.7939694140507747,3.7939694140507747,0.03176509634085202,0.03176509634085202
E0,SYN067,PAIRED_NULL,BA,109,1.0,0.0,0.0,0.0,0.0,0.0,0.0,0.0,0.0,0.0,3.7939694140507747,3.7939694140507747,0.03176509634085202,0.03176509634085202
E0,SYN068,STRONG,AB,66,1.0,0.0,0.0,0.0,0.0,0.0,0.0,0.0,0.0,0.0,3.128040228340702,3.128040228340702,0.06006832870411326,0.06006832870411326
E0,SYN068,STRONG,BA,66,1.0,0.0,0.0,0.0,0.0,0.0,0.0,0.0,0.0,0.0,3.128040228340702,3.128040228340702,0.06006832870411326,0.06006832870411326
E0,SYN068,PAIRED_NULL,AB,66,1.0,0.0,0.0,0.0,0.0,0.0,0.0,0.0,0.0,0.0,3.0793046927038654,3.0793046927038654,0.06561585623872869,0.06561585623872869
E0,SYN068,PAIRED_NULL,BA,66,1.0,0.0,0.0,0.0,0.0,0.0,0.0,0.0,0.0,0.0,3.0793046927038654,3.0793046927038654,0.06561585623872869,0.06561585623872869
E0,SYN069,STRONG,AB,76,1.0,0.0,0.0,0.0,0.0,0.0,0.0,0.0,0.0,0.0,3.5268746581138446,3.5268746581138446,0.045784059065546966,0.045784059065546966
E0,SYN069,STRONG,BA,76,1.0,0.0,0.0,0.0,0.0,0.0,0.0,0.0,0.0,0.0,3.5268746581138446,3.5268746581138446,0.045784059065546966,0.045784059065546966
E0,SYN069,PAIRED_NULL,AB,76,1.0,0.0,0.0,0.0,0.0,0.0,0.0,0.0,0.0,0.0,3.526874658113844,3.526874658113844,0.04578405906554695,0.04578405906554695
E0,SYN069,PAIRED_NULL,BA,76,1.0,0.0,0.0,0.0,0.0,0.0,0.0,0.0,0.0,0.0,3.526874658113844,3.526874658113844,0.04578405906554695,0.04578405906554695
E0,SYN070,STRONG,AB,98,1.0,0.0,0.0,0.0,0.0,0.0,0.0,0.0,0.0,0.0,3.680561986595712,3.680561986595712,0.03542908710405579,0.03542908710405579
E0,SYN070,STRONG,BA,98,1.0,0.0,0.0,0.0,0.0,0.0,0.0,0.0,0.0,0.0,3.680561986595712,3.680561986595712,0.03542908710405579,0.03542908710405579
E0,SYN070,PAIRED_NULL,AB,98,1.0,0.0,0.0,0.0,0.0,0.0,0.0,0.0,0.0,0.0,3.680561986595712,3.680561986595712,0.03542908710405578,0.03542908710405578
E0,SYN070,PAIRED_NULL,BA,98,1.0,0.0,0.0,0.0,0.0,0.0,0.0,0.0,0.0,0.0,3.680561986595712,3.680561986595712,0.03542908710405578,0.03542908710405578
E0,SYN071,STRONG,AB,89,0.9999999999999999,0.0,0.0,0.0,0.0,0.0,0.0,0.0,0.0,0.0,3.77177670411908,3.77177670411908,0.03129081350423809,0.03129081350423809
E0,SYN071,STRONG,BA,89,0.9999999999999999,0.0,0.0,0.0,0.0,0.0,0.0,0.0,0.0,0.0,3.77177670411908,3.77177670411908,0.03129081350423809,0.03129081350423809
E0,SYN071,PAIRED_NULL,AB,89,1.0,0.0,0.0,0.0,0.0,0.0,0.0,0.0,0.0,0.0,3.8071739046286197,3.8071739046286197,0.030010660080014354,0.030010660080014354
E0,SYN071,PAIRED_NULL,BA,89,1.0,0.0,0.0,0.0,0.0,0.0,0.0,0.0,0.0,0.0,3.8071739046286197,3.8071739046286197,0.030010660080014354,0.030010660080014354
E0,SYN072,STRONG,AB,80,1.0,0.0,0.0,0.0,0.0,0.0,0.0,0.0,0.0,0.0,3.044078783034359,3.044078783034359,0.08989121360477609,0.08989121360477609
E0,SYN072,STRONG,BA,80,1.0,0.0,0.0,0.0,0.0,0.0,0.0,0.0,0.0,0.0,3.044078783034359,3.044078783034359,0.08989121360477609,0.08989121360477609
E0,SYN072,PAIRED_NULL,AB,80,0.9999999999999999,0.0,0.0,0.0,0.0,0.0,0.0,0.0,0.0,0.0,3.1058959460694675,3.1058959460694675,0.07904145443239502,0.07904145443239502
E0,SYN072,PAIRED_NULL,BA,80,0.9999999999999999,0.0,0.0,0.0,0.0,0.0,0.0,0.0,0.0,0.0,3.1058959460694675,3.1058959460694675,0.07904145443239502,0.07904145443239502
E1,SYN001,STRONG,AB,137,0.9811635398012709,-7.676467936576199e-19,-1.0516761073109393e-16,0.0022277127971237678,0.3051966532059562,-0.0345238950148552,1.089462091572943e-05,0.11982444259131843,2.6970652891554128,1.6035612970985835,4.049100290685988,4.014576395671133,0.025340973596092616,0.025351868217008345
E1,SYN001,STRONG,BA,137,0.9715129816660039,0.0,0.0,0.0030626726109643956,0.4195861477021222,-0.15945340668669772,0.0035611298280319656,0.15461461034608998,5.054556884970269,3.362164428668319,4.049100290685988,3.8896468839992906,0.025340973596092616,0.02890210342412458
E1,SYN001,PAIRED_NULL,AB,137,0.9868911670737219,3.1972093261616335e-19,4.380176776841438e-17,0.0018858675799780776,0.2583638584569966,-0.06252616957474944,0.0004732381919697083,0.12644298486912411,2.5052529252028353,0.7037983270154469,4.0404425072039825,3.977916337629233,0.025532958944756753,0.026006197136726462
E1,SYN001,PAIRED_NULL,BA,137,0.9798624015722157,-5.31813036430846e-19,-7.28583859910259e-17,0.002314415184737464,0.3170748803090326,-0.057373935979010415,-2.641177301257458e-05,0.14657721944867674,4.056296617210615,0.9055413680020663,4.0404425072039825,3.983068571224972,0.025532958944756753,0.02550654717174418
E1,SYN002,STRONG,AB,65,0.9903270848062999,2.3452126992532605e-18,1.5243882545146195e-16,0.0034553993332486735,0.22460095666116378,-0.07319447308881255,0.000840476893267536,0.09096392110574353,3.990729344277417,4.677031073985151,3.334547922349198,3.2613534492603855,0.054854186684438755,0.05569466357770629
E1,SYN002,STRONG,BA,65,0.9918968619620806,-3.102486216650828e-19,-2.0166160408230382e-17,0.0031812140941666553,0.2067789161208326,-0.032923902314859976,0.0011787572922093911,0.08601173532393531,2.933812423001837,2.9887561648023175,3.334547922349198,3.301624020034338,0.054854186684438755,0.056032943976648146
E1,SYN002,PAIRED_NULL,AB,65,0.9920382493538268,-4.803849625781928e-19,-3.1225022567582534e-17,0.003179056471786138,0.20663867066609898,-0.045169417237509446,0.0015969234285663908,0.08393500441024927,4.3163835111120825,6.226696151411483,3.3345479223491976,3.289378505111688,0.054854186684438755,0.056451110113005146
E1,SYN002,PAIRED_NULL,BA,65,0.9883627756170458,1.3010426069826053e-18,8.456776945386935e-17,0.0038379235522336243,0.2494650308951856,0.023955938881468963,-0.003478276026226308,0.0928354879551304,3.1546801988637485,4.170319642853623,3.3345479223491976,3.3585038612306666,0.054854186684438755,0.05137591065821245
E1,SYN003,STRONG,AB,170,0.9874903574114173,1.0612425970681644e-18,1.8041124150158799e-16,0.0019867285042501773,0.3377438457225302,-0.05514569896549615,0.0005152855903724218,0.1280686375992035,3.0975783105843684,3.8319197011877573,3.9830964316522643,3.927950732686768,0.03234618528692708,0.0328614708772995
E1,SYN003,STRONG,BA,170,0.9834205220956949,1.0816511085502444e-18,1.8388068845354158e-16,0.002521439137408216,0.42864465335939683,-0.13530169311591056,0.003983192306664551,0.159726164041146,4.997083706503712,4.8099150398313055,3.9830964316522643,3.847794738536354,0.03234618528692708,0.03632937759359163
E1,SYN003,PAIRED_NULL,AB,170,0.9878934435690102,-2.0408511482080083e-20,-3.469446951953614e-18,0.001986659435197932,0.33773210398364845,-0.020581675155265877,-0.00022075540189612358,0.12810617792146614,4.6487246828045485,4.211888082925208,3.954503152710883,3.933921477555617,0.03368533066816692,0.033464575266270793
E1,SYN003,PAIRED_NULL,BA,170,0.9804633388760077,1.3137979266589053e-19,2.233456475320139e-17,0.002820490651890578,0.4794834108213983,-0.13364032270269632,0.004639166713239801,0.17621782847324893,5.2073754037969024,6.323584502276067,3.954503152710883,3.8208628300081866,0.03368533066816692,0.03832449738140672
E1,SYN004,STRONG,AB,148,0.9808598176881157,-4.747047349801397e-19,-7.025630077706069e-17,0.0021653292296488465,0.3204687259880293,-0.054012869259686624,0.0005715459296506339,0.12040349492097732,2.954841817220289,3.9223179867743223,4.101888730650877,4.047875861391191,0.024482113127460427,0.02505365905711106
E1,SYN004,STRONG,BA,148,0.9812352132748006,-7.032662740446516e-19,-1.0408340855860844e-16,0.002288151419124617,0.3386464100304433,-0.10861829200385076,0.0022696154062157962,0.1367793440182265,3.027745964805668,2.7001698286231943,4.101888730650877,3.9932704386470266,0.024482113127460427,0.026751728533676224
E1,SYN004,PAIRED_NULL,AB,148,0.9887944781043003,-7.208479308957678e-19,-1.0668549377257362e-16,0.0016629135721688748,0.24611120868099345,-0.04868262139538437,0.0006128980703531024,0.11307637537545163,2.341990428271779,1.662035098557098,4.101888730650877,4.053206109255493,0.024482113127460424,0.025095011197813526
E1,SYN004,PAIRED_NULL,BA,148,0.9592348887289011,-5.743341238031321e-19,-8.500145032286355e-17,0.0031570161229377684,0.4672383861947897,-0.045589350519211536,0.0006119472774536554,0.14524126938607718,5.661574594300293,7.794929725296268,4.101888730650877,4.056299380131666,0.024482113127460424,0.02509406040491408
E1,SYN005,STRONG,AB,134,0.977090437399246,3.6247953229366117e-19,4.85722573273506e-17,0.002569205328874023,0.34427351406911905,-0.024928242075401563,-0.00024197680498188115,0.12009345418790221,4.621280330838044,5.108405990286162,4.033567678067273,4.008639435991872,0.026871860898672873,0.026629884093690992
E1,SYN005,STRONG,BA,134,0.9806929231183353,-2.3949540526545473e-19,-3.209238430557093e-17,0.0024543908980480217,0.3288883803384349,-0.05325274179672901,0.0015255742212528234,0.12850212771602298,3.2307059362314643,1.6964029038687305,4.033567678067273,3.980314936270544,0.026871860898672873,0.028397435119925696
E1,SYN005,PAIRED_NULL,AB,134,0.9872737662963919,7.767418549149883e-19,1.0408340855860843e-16,0.0019415777844823923,0.26017142312064057,-0.023901029136598417,-0.000621052944668056,0.11483615511384351,4.29049034206486,5.779276274458808,4.018837372557395,3.9949363434207967,0.02742944203978379,0.026808389095115733
E1,SYN005,PAIRED_NULL,BA,134,0.9848289894228727,-7.120133670054059e-19,-9.54097911787244e-17,0.002181222011282377,0.2922837495118385,-0.0011921924098388104,-0.0022417908488312627,0.13632053419942064,5.397722682305981,6.912478869680793,4.018837372557395,4.017645180147556,0.02742944203978379,0.025187651190952526
E1,SYN006,STRONG,AB,65,0.992651789012365,-1.3427426905397402e-18,-8.727827488508311e-17,0.003387700781284693,0.22020055078350503,-0.0685548332947512,0.003433600724563557,0.08922333665704091,1.510861441309063,0.4727684139604766,3.1904258390115743,3.121871005716823,0.060141523860409274,0.06357512458497283
E1,SYN006,STRONG,BA,65,0.9872208267145713,-1.4895269846608545e-18,-9.681925400295553e-17,0.004188882919505263,0.2722773897678421,0.006577722358022342,-0.0019612361486421453,0.11575777259480437,3.5352147464051877,3.7956363367233967,3.1904258390115743,3.1970035613695966,0.060141523860409274,0.05818028771176713
E1,SYN006,PAIRED_NULL,AB,65,0.995129386983576,1.1275702593849246e-18,7.32920668600201e-17,0.002590643108890847,0.16839180207790505,-0.030538982070693166,-0.00019507869779522569,0.0832152906054105,1.7348737282337647,1.8100775042857253,3.186872599570313,3.15633361749962,0.06024361986627654,0.060048541168481316
E1,SYN006,PAIRED_NULL,BA,65,0.9952056408651174,2.55538112038122e-18,1.6609977282477928e-16,0.0026691286059551482,0.17349335938708463,-0.054635846101029895,0.002061801960676825,0.08768319970956619,1.7011190823690336,1.4527111673557025,3.186872599570313,3.132236753469283,0.06024361986627654,0.06230542182695337
E1,SYN007,STRONG,AB,122,0.9966992050629747,8.645290376402089e-20,1.0547254259210548e-17,0.0021174763236505717,0.2583321114853697,-0.09050608843913688,0.0027254363546135446,0.12230796802245827,2.548884864524523,1.7062547455557393,3.1348409935411357,3.044334905101999,0.08616003849379084,0.08888547484840438
E1,SYN007,STRONG,BA,122,0.99509008580237,5.699004298559179e-19,6.952785244242198e-17,0.0025022699551302623,0.305276934525892,-0.08204884564297243,-0.0005288251462468169,0.1439505609912682,3.002959652814391,4.1379729805373575,3.1348409935411357,3.052792147898163,0.08616003849379084,0.08563121334754402
E1,SYN007,PAIRED_NULL,AB,122,0.9914530521485562,3.48366599683867e-19,4.250072516143178e-17,0.0034721723533133035,0.4236050271042231,-0.06591472962376388,-0.004256937196299049,0.1392017544943122,6.238346159484825,7.1900120251008355,3.154061518239624,3.0881467886158602,0.0931981300193403,0.08894119282304125
E1,SYN007,PAIRED_NULL,BA,122,0.9890482708946401,9.882236195113778e-19,1.2056328158038812e-16,0.003896702182021354,0.47539766620660523,-0.016027511954558538,-0.002383549032136986,0.15987678955547807,8.883836861771067,12.35948345213175,3.154061518239624,3.1380340062850656,0.0931981300193403,0.09081458098720331
E1,SYN008,STRONG,AB,121,0.9729875905135761,1.2634091431442654e-19,1.5287250632045613e-17,0.0024608774749224566,0.2977661744656173,0.012492150760006204,-0.0010233218066914192,0.11193678358139278,2.5570826319575626,1.0857982637830565,4.098411438541839,4.110903589301845,0.021982475261952128,0.02095915345526071
E1,SYN008,STRONG,BA,121,0.9572306588004259,-3.02523767343321e-19,-3.660537584854185e-17,0.003191227766172865,0.38613855970691674,-0.043815417573685345,0.0009898221635451128,0.13628630546132106,4.244986986078847,4.116855549977142,4.098411438541839,4.0545960209681535,0.021982475261952128,0.02297229742549724
E1,SYN008,PAIRED_NULL,AB,121,0.9768406039686659,-1.1469246122160708e-19,-1.3877787807814457e-17,0.0024707756079522963,0.29896384856222785,-0.09170413133370969,0.0018169597769570715,0.1279419587230815,4.217188499463086,4.506258339507195,4.0906060560072275,3.998901924673518,0.022123805927243095,0.023940765704200166
E1,SYN008,PAIRED_NULL,BA,121,0.9705784894025749,3.9425533544927435e-20,4.7704895589362195e-18,0.00258462077023676,0.31273911319864794,-0.034082390406473095,-0.00029894134423142857,0.12695395647341165,6.711415946301152,5.300545465441309,4.0906060560072275,4.056523665600754,0.022123805927243095,0.021824864583011666
E1,SYN009,STRONG,AB,70,0.9970693803171414,-2.323290369611795e-18,-1.6263032587282567e-16,0.003053658336143461,0.21375608353004227,-0.0038884893361421646,-0.001388811511967722,0.08424399162340702,2.930959242162916,2.083909486453848,2.816419622920267,2.812531133584125,0.12560379895280338,0.12421498744083566
E1,SYN009,STRONG,BA,70,0.9974580303727147,-2.0878636121578e-18,-1.46150452851046e-16,0.002841577522554181,0.19891042657879268,-0.020091360384480783,-0.0006089112183108036,0.11155179111925088,2.2829351361818158,1.9350139161873112,2.816419622920267,2.7963282625357864,0.12560379895280338,0.12499488773449258
E1,SYN009,PAIRED_NULL,AB,70,0.9958526976454841,3.611942094623138e-18,2.5283594662361973e-16,0.003997179013060727,0.27980253091425095,-0.060780409983518524,0.009354205066627777,0.10514773969201549,3.7735694024693944,4.626608117722816,2.951032076945521,2.8902516669620026,0.12081928188371911,0.1301734869503469
E1,SYN009,PAIRED_NULL,BA,70,0.9955452577078593,1.9360753080098294e-18,1.355252715606881e-16,0.003837701324281099,0.268639092699677,0.0022707190370812036,-0.00681626010892912,0.12348728935162864,10.290985816803994,14.928616180497364,2.951032076945521,2.9533027959826024,0.12081928188371911,0.11400302177478999
E1,SYN010,STRONG,AB,100,0.9918935289128546,-7.780505840299101e-19,-7.7805058402991e-17,0.0023994403488041623,0.2399440348804162,-0.07186018062998789,0.0012288323083104527,0.08996682915304995,2.2610797128790163,3.0213019790187268,3.551422548444998,3.47956236781501,0.04423338298871243,0.045462215297022886
E1,SYN010,STRONG,BA,100,0.9814279081170283,1.2168814133434181e-18,1.216881413343418e-16,0.003549750703349413,0.3549750703349413,-0.02879941106281869,-0.001057311180485812,0.10698126482182782,5.276317959141577,7.713007821251293,3.551422548444998,3.5226231373821792,0.04423338298871243,0.04317607180822662
E1,SYN010,PAIRED_NULL,AB,100,0.9924097059725361,-1.2255550307233022e-18,-1.2255550307233018e-16,0.0022806490067438998,0.22806490067438992,-0.0009899311757104456,-0.0009869923115739046,0.0873951892950313,4.688360413692334,6.2295729813371326,3.5485631205053325,3.547573189329622,0.04428555586893981,0.04329856355736591
E1,SYN010,PAIRED_NULL,BA,100,0.9919970998591904,4.946672411965114e-20,4.946672411965113e-18,0.0024386504349539757,0.24386504349539753,-0.055183619019458785,0.002050163093071343,0.0940265453129368,2.89954878527361,2.9474563443203876,3.5485631205053325,3.4933795014858737,0.04428555586893981,0.046335718962011156
E1,SYN011,STRONG,AB,122,0.9904357456635603,1.6889559252530337e-18,2.0605262288087014e-16,0.0018067730854733814,0.22042631642775257,-0.04733403429321559,0.0013032427602008949,0.08950792176533139,1.914591521541799,0.7080457325542941,3.9676543532673887,3.920320318974173,0.02724926694009569,0.028552509700296585
E1,SYN011,STRONG,BA,122,0.9783919890965572,1.9164606434139263e-18,2.3380819849649903e-16,0.002583949605588362,0.3152418518817802,-0.02848457458825404,-0.0007335492881820546,0.1284907570322484,3.058613827347178,0.9269886279585179,3.9676543532673887,3.9391697786791346,0.02724926694009569,0.026515717651913635
E1,SYN011,PAIRED_NULL,AB,122,0.9867317093510556,-4.372356302154657e-19,-5.334274688628681e-17,0.0020428634242603168,0.24922933775975864,-0.034683918789279566,0.0002146260501420215,0.10152418710773638,1.9069232318331029,2.5312044303062398,3.9672722883362104,3.932588369546931,0.027253464881815914,0.027468090931957935
E1,SYN011,PAIRED_NULL,BA,122,0.9797211095917863,-6.22083213721191e-19,-7.58941520739853e-17,0.0025617404454725545,0.31253233434765165,-0.0689100017831974,0.0008836107751405385,0.1308687740888543,3.734484289287086,2.0228920126011616,3.9672722883362104,3.898362286553013,0.027253464881815914,0.028137075656956452
E1,SYN012,STRONG,AB,150,0.9842251474195391,1.0408340855860842e-19,1.561251128379126e-17,0.00227683177161834,0.341524765742751,-0.0942665260369111,0.002348268202679464,0.12901420065290187,6.487281063554188,7.077076242008683,4.08014707553828,3.9858805495013687,0.028247974159854985,0.03059624236253445
E1,SYN012,STRONG,BA,150,0.9626500535835268,3.310430633322407e-19,4.9656459499836097e-17,0.003314495856736491,0.49717437851047364,-0.1181765442176479,0.0007793270925937693,0.18293007351274948,3.800109769883452,3.1212776465908703,4.08014707553828,3.961970531320632,0.028247974159854985,0.029027301252448755
E1,SYN012,PAIRED_NULL,AB,150,0.974964429024448,1.1564823173178715e-20,1.7347234759768075e-18,0.002587128043203098,0.3880692064804648,0.013993740005987299,-0.0014677933850962763,0.14169586666320974,10.533590671668467,10.495958106393582,4.117763252119639,4.131756992125626,0.02691409150738436,0.025446298122288085
E1,SYN012,PAIRED_NULL,BA,150,0.9777247012808202,-5.883603789354671e-19,-8.825405684032009e-17,0.0024757945155888987,0.3713691773383349,-0.10849623120863772,0.0005931520351865754,0.18447896693209254,4.143085542327188,3.2361163879063786,4.117763252119639,4.009267020911001,0.02691409150738436,0.027507243542570937
E1,SYN013,STRONG,AB,118,0.9888090689007055,-1.113144857598465e-18,-1.3135109319661886e-16,0.0024144264768882575,0.28490232427281437,-0.03972292680814116,-0.000577927268489771,0.1031778727894153,3.1552875021247204,3.828342505625552,3.728831370767703,3.689108443959562,0.03937665801301013,0.03879873074452036
E1,SYN013,STRONG,BA,118,0.9880372855913092,6.987591120129035e-19,8.245357521752261e-17,0.0025463166156731052,0.3004653606494264,-0.0538310388507548,0.0012028404270050808,0.11469720298274588,6.327497199313732,9.5826290380439,3.728831370767703,3.6750003319169484,0.03937665801301013,0.04057949844001521
E1,SYN013,PAIRED_NULL,AB,118,0.9954335696530002,3.519062983575832e-19,4.152494320619482e-17,0.0016818555566604,0.1984589556859272,-0.03324326434873148,0.0013011888823748763,0.10642780522223921,3.619253338349983,3.5378878055603247,3.6418557266826554,3.608612462333924,0.043061702862803905,0.04436289174517878
E1,SYN013,PAIRED_NULL,BA,118,0.991923674186902,1.2606147293645017e-18,1.487525380650112e-16,0.002175812124762471,0.25674583072197155,-0.06908763054664346,-5.364001768412563e-06,0.1333624050305381,3.2954158274460834,3.7193104283373892,3.6418557266826554,3.572768096136012,0.043061702862803905,0.04305633886103549
E1,SYN014,STRONG,AB,125,0.9857134928439764,-5.246454312657356e-19,-6.558067890821695e-17,0.002398828610756527,0.2998535763445659,-0.039376148486204965,0.00019017686287887275,0.11184749829685386,2.547935483038526,3.094294573320204,3.7842007847202326,3.7448246362340276,0.033066524317219535,0.03325670118009841
E1,SYN014,STRONG,BA,125,0.9730889687533177,-1.5212440682144113e-18,-1.901555085268014e-16,0.003310666632493222,0.41383332906165277,-0.07700289668805826,0.0006344647021942762,0.1415652255715055,4.152854491144768,2.7679697093345133,3.7842007847202326,3.7071978880321743,0.033066524317219535,0.03370098901941381
E1,SYN014,PAIRED_NULL,AB,125,0.9907383180617204,2.0469737016526323e-19,2.5587171270657908e-17,0.002048136604552756,0.25601707556909453,-0.0663836074745543,0.002074041382881829,0.11427616325581366,4.552093544334374,6.023531249850179,3.7842007847202312,3.717817177245677,0.03306652431721952,0.03514056570010135
E1,SYN014,PAIRED_NULL,BA,125,0.9863197691541717,1.6653345369377347e-18,2.0816681711721688e-16,0.002369889102176179,0.29623613777202246,-0.07058735126982407,0.0007677822463137418,0.14626850276060926,6.5874965612919105,9.91961097892031,3.7842007847202312,3.713613433450407,0.03306652431721952,0.03383430656353326
E1,SYN015,STRONG,AB,151,0.9885854168423445,-5.744117470121878e-19,-8.673617379884037e-17,0.0017728288826652596,0.2676971612824542,-0.015725334045751715,0.00029077272749005595,0.11135417846243816,3.8610845091547157,4.344925644124254,4.036819074546298,4.021093740500547,0.027221380283798186,0.027512153011288242
E1,SYN015,STRONG,BA,151,0.9860596142423,-1.0281970271518162e-18,-1.5525775109992423e-16,0.0019535130192643974,0.294980465908924,0.005849967729729677,-0.001254153483429412,0.13622286394687322,3.2320100454048033,2.1431895517659476,4.036819074546298,4.042669042276028,0.027221380283798186,0.025967226800368774
E1,SYN015,PAIRED_NULL,AB,151,0.9814124238708317,1.8610940603194883e-18,2.8102520310824275e-16,0.002246267054102871,0.3391863251695336,-0.033954136840250726,5.150708378795846e-05,0.11540749315210604,5.37518335510091,6.126096093392904,4.047375906610172,4.013421769769922,0.027090863507762557,0.027142370591550516
E1,SYN015,PAIRED_NULL,BA,151,0.9851787178475546,9.133146777493786e-19,1.379105163401562e-16,0.0020205007757726004,0.3050956171416627,-0.0660304318343119,0.00047452589413633783,0.13171133406998498,3.8513774787113086,4.774307247439997,4.047375906610172,3.9813454747758605,0.027090863507762557,0.027565389401898895
E1,SYN016,STRONG,AB,89,0.9960736972373495,1.427735894553945e-18,1.2706849461530112e-16,0.00241660997625676,0.21507828788685165,0.014289268829393631,-0.002974517790199818,0.09632174484832558,2.3612456934925516,3.7115607093160246,3.2733440541817993,3.287633323011193,0.07435999952375472,0.0713854817335549
E1,SYN016,STRONG,BA,89,0.9905872681548786,2.0514566949051568e-18,1.8257964584655897e-16,0.003666177504092889,0.32628979786426715,-0.01714710707131939,0.0006589308141739941,0.1230837170255062,3.6826857385347416,2.051432341091639,3.2733440541817993,3.25619694711048,0.07435999952375472,0.07501893033792871
E1,SYN016,PAIRED_NULL,AB,89,0.9962342247241593,6.8219462538413765e-19,6.071532165918826e-17,0.0024858060024329763,0.22123673421653492,0.003394780850747736,-0.0031849770856488546,0.09665200653821758,3.057192590581151,3.834140599572825,3.205483609831353,3.208878390682101,0.08092107626128264,0.07773609917563379
E1,SYN016,PAIRED_NULL,BA,89,0.9850970828425085,1.5008281758451028e-18,1.3357370765021417e-16,0.005362443457192686,0.47725746769014915,-0.1172920280416827,0.010039206974169684,0.13646357723341182,4.07980719269812,5.31787613799647,3.205483609831353,3.0881915817896703,0.08092107626128264,0.09096028323545233
E1,SYN017,STRONG,AB,168,0.9897248480433554,-1.166808052293924e-18,-1.9602375278537923e-16,0.0015333811937863187,0.25760804055610154,-0.06854956307457183,0.0004872008848209389,0.11040031914135419,2.5750830852922553,3.1755816896946163,4.1434314670173915,4.07488190394282,0.024780601207551083,0.025267802092372022
E1,SYN017,STRONG,BA,168,0.9795818852122242,-1.7966778858331218e-18,-3.018418848199645e-16,0.0021651568723312525,0.36374635455165044,-0.0523134277899997,0.0006505444083251197,0.13695976083454883,5.492564529434191,8.192839055310749,4.1434314670173915,4.091118039227392,0.024780601207551083,0.025431145615876203
E1,SYN017,PAIRED_NULL,AB,168,0.9808312941486909,1.8070036208091741e-19,3.0357660829594124e-17,0.0020725827871542887,0.34819390824192054,-0.0614366728548017,-8.633957533473596e-06,0.11926516436811764,2.3509648807189505,1.6292855029690196,4.143431467017391,4.081994794162589,0.024780601207551076,0.024771967250017603
E1,SYN017,PAIRED_NULL,BA,168,0.9755724986578796,-2.271661694731533e-19,-3.816391647148976e-17,0.002395525618266969,0.40244830386885083,-0.09566723182985104,0.0011406028762461912,0.1503685999012773,5.5108111889769065,6.58365483004822,4.143431467017391,4.04776423518754,0.024780601207551076,0.025921204083797268
E1,SYN018,STRONG,AB,64,0.9964095771199215,3.198396408832238e-18,2.0469737016526329e-16,0.002918773191899079,0.18680148428154109,-0.042895325591547184,0.004682012978884681,0.07236109101453755,1.6527354965624201,1.8178214002611586,3.024935853369241,2.982040527777694,0.07733633426785841,0.08201834724674309
E1,SYN018,STRONG,BA,64,0.9956404364544801,3.848917712323541e-18,2.4633073358870666e-16,0.00300135619057149,0.19208679619657543,-0.05100815278837256,0.0026165848137714165,0.09889966073149668,1.4772211212181625,2.031193192368937,3.024935853369241,2.9739277005808686,0.07733633426785841,0.07995291908162983
E1,SYN018,PAIRED_NULL,AB,64,0.9975012126456695,-1.6059744679941534e-18,-1.0278236595162582e-16,0.0024408337869145642,0.1562133623625321,-0.03942654572727822,0.0038903668378025696,0.07776337764269405,1.5776189429520355,0.20634179494078336,3.0060431525768028,2.9666166068495246,0.07828197459900867,0.08217234143681124
E1,SYN018,PAIRED_NULL,BA,64,0.9969511699683106,-1.531435568635775e-18,-9.80118763926896e-17,0.002450791775777278,0.15685067364974578,-0.021350742399217637,0.00047574994608955146,0.08109888152316497,2.638780706007171,3.985942362310485,3.0060431525768028,2.984692410177585,0.07828197459900867,0.07875772454509822
E1,SYN019,STRONG,AB,69,0.9856963709074503,7.228014483236697e-19,4.9873299934333204e-17,0.0036629070473554676,0.25274058626752727,0.023676527590815954,-0.0005908489619792581,0.09078938223659501,3.477624894992299,6.021673821265783,3.3861228874634746,3.4097994150542905,0.04705618467749615,0.04646533571551689
E1,SYN019,STRONG,BA,69,0.9781008393203341,1.976704830415601e-18,1.3639263329867646e-16,0.004571496316771316,0.3154332458572208,-0.03579332024898241,0.0005987042205529286,0.10230191289203946,4.1625535456689295,6.478190594069861,3.3861228874634746,3.350329567214492,0.04705618467749615,0.04765488889804908
E1,SYN019,PAIRED_NULL,AB,69,0.9945245808233197,1.0417768700838976e-18,7.188260403578893e-17,0.002394747144083668,0.1652375529417731,-0.038696117192460466,0.0009691655501981103,0.08595619758472345,2.5051563891111304,2.4331222608513596,3.350836283685155,3.3121401664926946,0.04954241363861887,0.05051157918881698
E1,SYN019,PAIRED_NULL,BA,69,0.9892588008571843,-1.5901631863120731e-18,-1.0972125985553305e-16,0.003301291256373088,0.2277890966897431,-0.02162562365645737,-9.456993956123011e-05,0.1075184075302471,2.0621700735450443,0.437157267007538,3.350836283685155,3.3292106600286977,0.04954241363861887,0.049447843699057636
E1,SYN020,STRONG,AB,75,0.9930842439582713,1.1918995882857313e-18,8.939246912142984e-17,0.0038915452295616975,0.2918658922171273,-0.025771648754934873,-0.0007905376376396434,0.11135180995908149,3.4116387198725886,3.73916888148596,2.9183381687630843,2.8925665200081494,0.09570927779177277,0.09491874015413312
E1,SYN020,STRONG,BA,75,0.9835620494947284,6.866613759074861e-20,5.149960319306145e-18,0.006034594909785905,0.45259461823394287,0.003984961031287426,-0.006440614039416259,0.12685979883467738,5.974200474007767,7.91923293002922,2.9183381687630843,2.9223231297943717,0.09570927779177277,0.08926866375235651
E1,SYN020,PAIRED_NULL,AB,75,0.995289400666373,-2.327420663602216e-18,-1.7455654977016616e-16,0.00401865967106063,0.3013994753295472,-0.09272548577785766,0.005037529176259575,0.11523378651505335,8.243987131029355,12.451272943765298,2.672481231784033,2.5797557460061755,0.1339337815344069,0.13897131071066648
E1,SYN020,PAIRED_NULL,BA,75,0.992381529043243,-6.100444223851772e-19,-4.575333167888828e-17,0.00527233124729027,0.39542484354677016,0.005034967716244232,-0.012566292198195647,0.16025298500998686,6.807666497297275,8.727670925818165,2.672481231784033,2.6775161995002774,0.1339337815344069,0.12136748933621126
E1,SYN021,STRONG,AB,160,0.9729190573554098,-8.673617379884036e-20,-1.3877787807814457e-17,0.0020508818758777215,0.3281411001404354,-0.0690417367953895,0.0012363526857256182,0.1265978468588375,4.1737819136228085,5.690101811568128,4.369059738086958,4.300018001291568,0.017477241120052927,0.018713593805778545
E1,SYN021,STRONG,BA,160,0.9516542917282103,3.4694469519536144e-19,5.551115123125783e-17,0.0028439131539434053,0.45502610463094484,-0.1366587232114167,0.0022651032480983414,0.1675607799616963,5.478310143753877,7.407498551180062,4.369059738086958,4.232401014875541,0.017477241120052927,0.01974234436815127
E1,SYN021,PAIRED_NULL,AB,160,0.9772987580986369,-4.553649124439119e-19,-7.28583859910259e-17,0.0018533726730312339,0.2965396276849974,-0.0521546505932724,0.0007038393833244082,0.1278861139501459,2.682144776911996,1.7621529422667013,4.357986805636484,4.305832155043212,0.017778674887445316,0.018482514270769725
E1,SYN021,PAIRED_NULL,BA,160,0.9568004822819594,3.415236843329339e-19,5.464378949326942e-17,0.002600657294754113,0.4161051671606581,-0.09251562963213988,0.001264310510580062,0.18073989213048952,3.5262497961769945,1.6797272917900021,4.357986805636484,4.265471176004344,0.017778674887445316,0.01904298539802538
E1,SYN022,STRONG,AB,164,0.9729000490137416,-6.346549302354172e-19,-1.040834085586084e-16,0.0020625082063496112,0.3382513458413362,-0.10042445283266499,0.0018206013494600284,0.13108355876574282,5.630725870911961,7.070550560676607,4.416295486572632,4.315871033739967,0.01677316040580901,0.01859376175526904
E1,SYN022,STRONG,BA,164,0.9509610351385718,-1.4597063395414596e-18,-2.3939183968479933e-16,0.0025045714974241753,0.4107497255775647,-0.040123150396097707,-0.00047998218438883786,0.15840733999890289,4.454368839730922,4.517832568443892,4.416295486572632,4.376172336176534,0.01677316040580901,0.016293178221420172
E1,SYN022,PAIRED_NULL,AB,164,0.9724069311119314,3.2129405843167997e-19,5.269222558279553e-17,0.00199713635939209,0.32753036294030285,-0.03852583307295454,0.0003933486345827561,0.14439325169713443,5.239886108649816,6.878053952323892,4.387751801309843,4.349225968236889,0.01769612605810343,0.018089474692686187
E1,SYN022,PAIRED_NULL,BA,164,0.9660475581002187,3.9137054031184064e-19,6.418476861114187e-17,0.002349983176949581,0.38539724101973133,-0.12566220968852448,0.0017428769644213561,0.16871580912409517,5.8837669658039475,7.3800365034444635,4.387751801309843,4.262089591621319,0.01769612605810343,0.019439003022524787
E1,SYN023,STRONG,AB,166,0.9896664339498774,7.315098995082922e-19,1.2143064331837652e-16,0.0017191044686745208,0.28537134179997053,-0.05031042320822854,0.0005323653675955789,0.1211292992306599,3.2941433785862033,3.885975849590352,4.035295165157083,3.9849847419488547,0.029351463525049887,0.029883828892645466
E1,SYN023,STRONG,BA,166,0.9831893497005574,1.3013691739020286e-18,2.160272828677368e-16,0.0021661130288474733,0.35957476278868067,-0.03462074998970355,-0.00045091931007554265,0.15712556947268308,2.5891460920040874,0.7742122468491632,4.035295165157083,4.00067441516738,0.029351463525049887,0.028900544214974344
E1,SYN023,PAIRED_NULL,AB,166,0.9868348103357509,6.89709333822104e-19,1.1449174941446927e-16,0.0019803491359025012,0.32873795655981525,-0.06644492709169914,0.0010117429380764181,0.133795414856231,3.3755069016171877,2.8915749028211857,4.019563767507341,3.953118840415642,0.029848882227861098,0.030860625165937516
E1,SYN023,PAIRED_NULL,BA,166,0.9799360830546255,4.1800565686188125e-20,6.93889390390723e-18,0.0025643053898240587,0.4256746947107938,-0.10545442703145413,0.00284282055154024,0.14924502969679956,4.298299207856514,6.068914746987275,4.019563767507341,3.914109340475887,0.029848882227861098,0.03269170277940134
E1,SYN024,STRONG,AB,74,0.9960574539553504,2.5639916241211253e-20,1.8973538018496328e-18,0.0023624961925565505,0.17482471824918472,-0.00975780523426062,0.0009977846199144408,0.0670127834358157,1.2077351531252876,1.6207971576983342,3.1246343203391613,3.1148765151049007,0.06478753142599002,0.06578531604590446
E1,SYN024,STRONG,BA,74,0.9957605144286059,-5.3697310299451e-19,-3.973600962159374e-17,0.0024213234078156467,0.17917793217835784,-0.025980519739071894,-0.00037270160675904884,0.08480464241641482,1.0558607914171965,1.7104207403204474,3.1246343203391613,3.0986538006000894,0.06478753142599002,0.06441482981923097
E1,SYN024,PAIRED_NULL,AB,74,0.9904006163303145,5.6261301923572125e-19,4.1633363423443376e-17,0.003947866648969341,0.2921421320237313,-0.06403879158024495,0.004091231394878728,0.0812321047499518,3.434647018685277,5.626335559504728,3.085983343073449,3.021944551493204,0.0677014263704579,0.07179265776533662
E1,SYN024,PAIRED_NULL,BA,74,0.9915151737259782,9.376883653928688e-20,6.93889390390723e-18,0.0037327317603791273,0.2762221502680554,-0.045723929648051165,0.00415895009535211,0.08441485994701804,3.8933541734825434,2.038452412428561,3.085983343073449,3.0402594134253977,0.0677014263704579,0.07186037646581
E1,SYN025,STRONG,AB,121,0.9771895603985779,-2.3924130582944604e-18,-2.894819800536297e-16,0.0031655865992419384,0.38303597850827453,-0.033822506383493156,4.285553176670842e-06,0.12667664665189918,3.390702876264844,3.395614839590692,3.788447155164508,3.754624648781015,0.0348407949108148,0.03484508046399147
E1,SYN025,STRONG,BA,121,0.9799324001128353,-1.4426161138030265e-18,-1.7455654977016621e-16,0.003231671154917787,0.3910322097450522,-0.13067422954913877,0.003756883080610722,0.1485998261001922,5.006321376480546,3.947683492657883,3.788447155164508,3.6577729256153693,0.0348407949108148,0.03859767799142552
E1,SYN025,PAIRED_NULL,AB,121,0.9866955933381278,1.3619729770065842e-18,1.6479873021779672e-16,0.0026957960179191135,0.3261913181682128,-0.008922295539776748,-0.0018151364227305816,0.14236642705531535,5.068885568330989,7.163871673183058,3.6537874831864596,3.644865187646683,0.04126733925097554,0.03945220282824496
E1,SYN025,PAIRED_NULL,BA,121,0.982189650743682,8.315203438566514e-19,1.0061396160665484e-16,0.003242734369073415,0.3923708586578833,-0.088255590695141,0.0026376371057467637,0.1471372897162171,5.50585460078133,7.543821674545023,3.6537874831864596,3.5655318924913186,0.04126733925097554,0.0439049763567223
E1,SYN026,STRONG,AB,121,0.9953614754904759,-6.292404757255748e-19,-7.613809756279455e-17,0.002164835055045207,0.26194504166047006,-0.061134553803753544,0.0006214339871142005,0.12145841107994987,2.125656323877113,0.24082571632818411,3.380111158544209,3.3189766047404556,0.06890969144144865,0.06953112542856285
E1,SYN026,STRONG,BA,121,0.9893509072527314,-5.360528509830191e-19,-6.48623949689453e-17,0.003261641180974205,0.39465858289787875,-0.09819612357406093,-0.0005151059664185997,0.14247962301127406,7.284633884206039,11.994781382987101,3.380111158544209,3.2819150349701482,0.06890969144144865,0.06839458547503005
E1,SYN026,PAIRED_NULL,AB,121,0.9977489452172982,9.484528922114929e-19,1.1476279995759067e-16,0.001755142824071039,0.21237228171259576,-0.06508535432264795,0.004444992493705571,0.1077212486446365,2.167863849155038,2.0802758955098875,3.3099893868509107,3.2449040325282628,0.07231194145437538,0.07675693394808095
E1,SYN026,PAIRED_NULL,BA,121,0.9959976863658628,1.169325483548416e-19,1.4148838350935836e-17,0.0025042334601600292,0.3030122486793636,-0.12047508350424962,0.00766109588063793,0.11966281471168846,3.231770153731588,2.3684316122135014,3.3099893868509107,3.189514303346661,0.07231194145437538,0.0799730373350133
E1,SYN027,STRONG,AB,147,0.9857176594671452,-1.003071397673664e-19,-1.474514954580286e-17,0.0018101873251080143,0.2660975367908781,-0.04626543495824098,0.0012462005696145216,0.11162553966556842,1.7229572276224459,0.49480643919645767,4.1267731576090325,4.0805077226507915,0.0222063331077504,0.023452533677364922
E1,SYN027,STRONG,BA,147,0.9740255117877628,-8.260587980841938e-20,-1.214306433183765e-17,0.002326677034820628,0.3420215241186323,-0.027248552488416067,-0.00019339079062111533,0.14832392925054133,7.251303769533354,8.477914027594773,4.1267731576090325,4.0995246051206164,0.0222063331077504,0.022012942317129285
E1,SYN027,PAIRED_NULL,AB,147,0.9795040597409834,-1.969265170432855e-19,-2.894819800536297e-17,0.002123670422640639,0.31217955212817394,-0.05856925784212308,0.0009121282181938431,0.1276802794728331,3.1426697186238566,2.5950167604322294,4.126773157609033,4.06820389976691,0.0222063331077504,0.023118461325944244
E1,SYN027,PAIRED_NULL,BA,147,0.9674589259747658,-9.588182477762964e-19,-1.4094628242311558e-16,0.002605029527355729,0.3829393405212922,-0.034500028393237514,-0.000164721048640952,0.14929149762005997,5.158324198654276,4.109918079134796,4.126773157609033,4.092273129215796,0.0222063331077504,0.02204161205910945
E1,SYN028,STRONG,AB,168,0.9857133657468017,1.755374945928912e-19,2.949029909160572e-17,0.001797974616571105,0.30205973558394567,-0.11312641961325731,0.002278670791276541,0.1313505971391347,4.443524511883068,3.157781732745381,4.238924229109934,4.125797809496676,0.02106060770038083,0.02333927849165737
E1,SYN028,STRONG,BA,168,0.9811339118056089,9.551304852848492e-19,1.6046192152785468e-16,0.001945737320480419,0.32688386984071044,-0.07436881693722608,0.0015438617024785307,0.14200228225912542,2.4836207796472904,0.4242545043234662,4.238924229109934,4.1645554121727075,0.02106060770038083,0.02260446940285936
E1,SYN028,PAIRED_NULL,AB,168,0.9827885757670783,9.912705577010326e-19,1.6653345369377348e-16,0.0018571571116425413,0.31200239475594693,-0.08234314772858031,0.001514122879842858,0.12436054369449863,6.058412110349632,8.342288415277958,4.2349556394127505,4.15261249168417,0.020991759553038405,0.022505882432881263
E1,SYN028,PAIRED_NULL,BA,168,0.9593799300457101,3.8205219411393965e-19,6.418476861114186e-17,0.0027638768547169038,0.46433131159243984,-0.08902942577051842,0.0010761986999555245,0.15307370291184733,5.640203354555798,5.114062291850221,4.2349556394127505,4.145926213642232,0.020991759553038405,0.02206795825299393
E1,SYN029,STRONG,AB,121,0.9870742494326357,1.440376026669792e-18,1.7428549922704481e-16,0.0027966668679581235,0.33839669102293296,-0.045361650724656144,-0.00033236915759711494,0.1364389953673425,3.1194252979731774,4.78216820942131,3.559833611103182,3.514471960378526,0.04501024761542701,0.044677878457829896
E1,SYN029,STRONG,BA,121,0.9898061809723411,-5.255244414568168e-19,-6.358845741627484e-17,0.0025321469893335733,0.30638978570936237,-0.05183200180400416,0.0013802666025939311,0.13861080489862188,2.938478881384433,3.5308799012117906,3.559833611103182,3.508001609299178,0.04501024761542701,0.04639051421802094
E1,SYN029,PAIRED_NULL,AB,121,0.990223134781521,1.8207428218930125e-18,2.2030988144905455e-16,0.002587650979039995,0.3131057684638394,-0.04331515990271084,0.0010964737567294852,0.1327803412668088,4.2413555930224405,2.5212817137401506,3.515271416865268,3.471956256962557,0.04878053059134603,0.049877004348075515
E1,SYN029,PAIRED_NULL,BA,121,0.9866438371413215,1.4049826499646867e-18,1.7000290064572712e-16,0.0029825651669449175,0.36089038520033506,0.015331059689012605,-0.00153148664067055,0.14748192245368058,6.7017205276304725,9.955766957789104,3.515271416865268,3.5306024765542805,0.04878053059134603,0.04724904395067548
E1,SYN030,STRONG,AB,88,0.9933927412497632,-1.3503245239137647e-18,-1.1882855810441129e-16,0.0021413663508271603,0.1884402388727901,-0.04668166723993039,0.0013619683273019198,0.09110348308659227,1.7973598927558645,1.352015362222036,3.54105465081541,3.4943729835754795,0.040030716828477385,0.041392685155779305
E1,SYN030,STRONG,BA,88,0.9897466625900011,-3.154042683594195e-19,-2.7755575615628914e-17,0.002579551785155455,0.22700055709368006,-0.013995096662887896,-0.00030233791397189097,0.09555525767496263,2.8911795419854536,3.4865406263661325,3.54105465081541,3.527059554152522,0.040030716828477385,0.039728378914505494
E1,SYN030,PAIRED_NULL,AB,88,0.9914242528387313,5.125319360840567e-19,4.510281037539699e-17,0.002358681365593461,0.2075639601722246,-0.013209588124799332,-0.00047363778739818035,0.09575297826788183,2.5836559648595814,2.96042338321795,3.5410546508154095,3.52784506269061,0.04003071682847737,0.03955707904107919
E1,SYN030,PAIRED_NULL,BA,88,0.9774011931525806,1.3404681405275327e-18,1.1796119636642288e-16,0.004079542718255666,0.3589997592064987,-0.07099195822266591,0.00338606421260388,0.12065846199989172,3.4639281553572387,0.21427314977650472,3.5410546508154095,3.4700626925927436,0.04003071682847737,0.04341678104108125
E1,SYN031,STRONG,AB,86,0.9951800951236863,-9.656963536324377e-19,-8.304988641238964e-17,0.0024667679390605133,0.21214204275920415,-0.049162555779522776,0.0020045867568125597,0.10081724150806061,1.1840797054904948,1.0599983270336428,3.2346763801295872,3.1855138243500645,0.062928385333009,0.06493297208982156
E1,SYN031,STRONG,BA,86,0.9876237667871455,-1.1094161764967953e-19,-9.540979117872439e-18,0.004448395720458924,0.3825620319594675,-0.12654763014781523,0.00856052560873899,0.12571048889625783,2.9891789578414385,2.370120069804784,3.2346763801295872,3.108128749981772,0.062928385333009,0.07148891094174799
E1,SYN031,PAIRED_NULL,AB,86,0.9938655387162869,-1.795237085603905e-18,-1.5439038936193586e-16,0.0027459571836636006,0.2361523177950697,-0.03340152091692605,0.0014632658053558567,0.10314827127351997,1.987843957757924,0.22591527936452763,3.235112985479091,3.201711464562165,0.06291688721885431,0.06438015302421017
E1,SYN031,PAIRED_NULL,BA,86,0.9843668073608336,1.1699297861238931e-18,1.0061396160665482e-16,0.004442174033496214,0.38202696688067445,-0.0744442107868113,0.0031040623928104,0.13398791108009672,4.100550567336956,4.229927720799415,3.235112985479091,3.16066877469228,0.06291688721885431,0.06602094961166471
E1,SYN032,STRONG,AB,165,0.986402934790014,3.3643121958338077e-19,5.551115123125783e-17,0.001844194153439525,0.30429203531752164,-0.06225483897139661,0.0007167328280499943,0.13187881562449694,3.7912974291760912,4.644361742299367,4.083508211565867,4.021253372594471,0.026109790321517265,0.02682652314956726
E1,SYN032,STRONG,BA,165,0.9781675157154526,3.7848512203130335e-19,6.245004513516506e-17,0.002412820414305782,0.398115368360454,-0.07655612296449821,0.001924333620885562,0.15386123893831277,3.9107625469274114,4.65031161822773,4.083508211565867,4.006952088601369,0.026109790321517265,0.028034123942402827
E1,SYN032,PAIRED_NULL,AB,165,0.9790879799048101,4.520794513151679e-19,7.45931094670027e-17,0.0022531854734830783,0.3717756031247079,-0.10546172347492533,0.0019015757979278826,0.1428618465951997,6.152289240061457,7.218609381269477,4.121438730727381,4.015977007252456,0.02401858812554965,0.025920163923477534
E1,SYN032,PAIRED_NULL,BA,165,0.976068655835506,-4.468227135091776e-19,-7.37257477290143e-17,0.0024125272611207494,0.39806699808492363,-0.11434434356669154,0.0020194441018626177,0.17274065234437735,3.240283843938668,1.8970232607454849,4.121438730727381,4.00709438716069,0.02401858812554965,0.02603803222741227
E1,SYN033,STRONG,AB,147,0.9635105157086926,1.4057750617397085e-18,2.0664893407573717e-16,0.00223871323840365,0.32909084604533656,-0.05992791000489728,0.0010858007802075145,0.128998337390159,2.7025913850529557,1.7146783548013056,4.386111904657797,4.3261839946529,0.01595330445605538,0.017039105236262894
E1,SYN033,STRONG,BA,147,0.941744093947512,9.676688777557699e-19,1.4224732503009818e-16,0.0028065798293527154,0.4125672349148492,-0.10582706191190638,0.0010843431437022773,0.1739426906384332,4.091367407664045,4.113695639080786,4.386111904657797,4.280284842745891,0.01595330445605538,0.017037647599757656
E1,SYN033,PAIRED_NULL,AB,147,0.956967259006834,1.091577697468399e-18,1.6046192152785468e-16,0.002384197826503894,0.35047708049607246,-0.02860011021851161,0.000616420964625386,0.1314396657551276,4.66377096653649,6.064188562769955,4.38066999247679,4.352069882258278,0.016093408848970772,0.016709829813596158
E1,SYN033,PAIRED_NULL,BA,147,0.9486026979143503,3.304235192336775e-19,4.85722573273506e-17,0.00257005732963055,0.37779842745569087,-0.013074757015870908,0.0002733786810279436,0.13442839882004948,5.9689984232825655,7.033566021712263,4.38066999247679,4.367595235460919,0.016093408848970772,0.016366787529998716
E1,SYN034,STRONG,AB,116,0.9941111677446837,-2.659099293725224e-19,-3.084555180721261e-17,0.0015638349337745486,0.18140485231784767,-0.00265716554202422,-0.0007016495044919607,0.08416102091917194,2.377849725771455,3.630230948065746,3.810186458490398,3.8075292929483737,0.03261906582361026,0.0319174163191183
E1,SYN034,STRONG,BA,116,0.9901277571768072,8.061417015247824e-19,9.351243737687478e-17,0.002016091908737701,0.2338666614135734,0.008540294144254723,-0.000471447971469606,0.0985556879122407,1.6760482096718519,1.4883487889114955,3.810186458490398,3.8187267526346527,0.03261906582361026,0.03214761785214065
E1,SYN034,PAIRED_NULL,AB,116,0.9863459789848786,-9.271797888841554e-19,-1.0755285551056202e-16,0.0024463415827075626,0.2837756235940772,-0.011950032728375248,-0.0008871649696197692,0.08705368098249218,3.666218773201829,1.9931221274730535,3.7710646457189787,3.7591146129906035,0.034203065173734115,0.033315900204114346
E1,SYN034,PAIRED_NULL,BA,116,0.9894694806656683,-1.7197689632528692e-18,-1.994931997373328e-16,0.0021637167776128057,0.25099114620308544,-0.01999196432281103,0.0003157030389964871,0.10325754178289512,4.122423864287186,2.9179665801670045,3.7710646457189787,3.7510726813961677,0.034203065173734115,0.0345187682127306
E1,SYN035,STRONG,AB,115,0.9898354573877762,-4.440514984701501e-19,-5.1065922324067247e-17,0.0022280139115218437,0.25622159982501197,-0.059574820305379195,0.001474990010534652,0.11577042726426572,1.8518917700210589,2.8818861748240163,3.7648406298351067,3.7052658095297275,0.03506210360862177,0.03653709361915642
E1,SYN035,STRONG,BA,115,0.9694946253771458,5.072180598236533e-19,5.833007687972013e-17,0.003712916653011421,0.4269854150963133,-0.03172769102048312,-0.0012293769566297935,0.14390904961363735,3.272126393041449,2.2593363853215607,3.7648406298351067,3.7331129388146236,0.03506210360862177,0.033832726651991975
E1,SYN035,PAIRED_NULL,AB,115,0.9915418689651637,-6.656058554563184e-19,-7.65446733774766e-17,0.0020738000292457284,0.23848700336325873,-0.029857757385641115,-0.00011627223854471236,0.11245014456693438,3.193398641087787,3.2330653128802185,3.7126460891169533,3.682788331731312,0.0379836324348605,0.037867360196315786
E1,SYN035,PAIRED_NULL,BA,115,0.9760324449596122,3.7334266113413893e-19,4.293440603042597e-17,0.003476563198329648,0.39980476780790947,-0.055002814663412725,-0.0008204431905761561,0.16926839597493581,5.963321177514375,7.247761551147037,3.7126460891169533,3.6576432744535405,0.0379836324348605,0.03716318924428434
E1,SYN036,STRONG,AB,114,0.9877002477877527,1.4401343330580482e-18,1.641753139686175e-16,0.002883838322676514,0.32875756878512263,-0.03737426403395583,0.003334972113995284,0.11956244091877255,2.1355160685037258,1.200443901615895,3.6999954628899308,3.662621198855975,0.042488319151221275,0.04582329126521656
E1,SYN036,STRONG,BA,114,0.982854252124749,1.4857849508469117e-18,1.6937948439654795e-16,0.0031877636124907007,0.3634050518239399,-0.046456529470541685,0.00012537446817741799,0.15459027769613948,4.377427253156511,4.264349208052822,3.6999954628899308,3.653538933419389,0.042488319151221275,0.04261369361939869
E1,SYN036,PAIRED_NULL,AB,114,0.9910362101632321,-5.782411586589357e-19,-6.591949208711867e-17,0.003015569569296005,0.3437749308997446,-0.08485311121653183,0.0060216364739832245,0.11966504929884621,5.788668573016787,3.9497925072140547,3.5474537845965326,3.4626006733800008,0.05295875969503855,0.05898039616902177
E1,SYN036,PAIRED_NULL,BA,114,0.972653921620576,-2.1303621634802893e-19,-2.42861286636753e-17,0.0051202592527789925,0.5837095548168052,-0.1346861523388303,0.008280455257318985,0.1771694286889606,5.476515120542054,3.7046955269660655,3.5474537845965326,3.4127676322577023,0.05295875969503855,0.06123921495235753
E1,SYN037,STRONG,AB,62,0.9958470448281195,-1.1996172424597678e-18,-7.437626903250559e-17,0.002965861680066393,0.18388342416411635,-0.05961273836601322,0.004762671268253568,0.08544472371594783,3.6338941326045617,4.504750201983028,3.1565159663465088,3.0969032279804956,0.06651767348415902,0.07128034475241259
E1,SYN037,STRONG,BA,62,0.994196070651314,-1.3237758783411723e-18,-8.207410445715266e-17,0.003500964918839155,0.21705982496802756,-0.036755614773520406,0.005526874063596102,0.09172996390632178,1.4595056490694962,0.7357399264798505,3.1565159663465088,3.1197603515729884,0.06651767348415902,0.07204454754775512
E1,SYN037,PAIRED_NULL,AB,62,0.9916909018421473,1.33601687061117e-18,8.283304597789254e-17,0.0037248412003718194,0.2309401544230528,-0.007153497426473532,-0.0014542035200504205,0.0860260428152654,4.737796446456383,6.691466226916306,3.1435452936434,3.1363917962169263,0.0680027357654704,0.06654853224541998
E1,SYN037,PAIRED_NULL,BA,62,0.9889258923733641,3.6373234173707247e-19,2.2551405187698492e-17,0.005330011219013007,0.3304606955788065,-0.08352406817405011,0.010682151758098599,0.10214922052390683,3.2675428989634745,3.1224171626775536,3.1435452936434,3.0600212254693497,0.0680027357654704,0.078684887523569
E1,SYN038,STRONG,AB,93,0.9948554134407599,-1.0839107202885998e-18,-1.0080369698683976e-16,0.00202100418167813,0.18795338889606603,-0.021847845022096024,0.00035366954219555324,0.07656536965188562,1.4761995633244889,1.0706849898664246,3.4763227392505303,3.4544748942284342,0.04741166384663322,0.047765333388828775
E1,SYN038,STRONG,BA,93,0.9926345355875908,-1.0200826891664692e-20,-9.486769009248162e-19,0.002429787210033459,0.22597021053311164,-0.03312072099582286,0.0007352543551598645,0.11670454786986727,1.4725281201173015,1.0480213968765122,3.4763227392505303,3.4432020182547074,0.04741166384663322,0.048146918201793086
E1,SYN038,PAIRED_NULL,AB,93,0.9873594798494999,-2.6487175654699635e-18,-2.4633073358870656e-16,0.0033829861004636545,0.3146177073431198,-0.014524939990282704,0.003750567106904079,0.10102009717097854,5.2048821245814985,6.664506526482165,3.4763227392505307,3.461797799260248,0.047411663846633235,0.051162230953537315
E1,SYN038,PAIRED_NULL,BA,93,0.9877265698324572,-1.4549293669482899e-18,-1.3530843112619093e-16,0.0031139873641386246,0.289600824864892,-0.054986766414923505,0.00014707677414448755,0.11105967217250756,2.2415453653857313,1.2275878904020445,3.4763227392505307,3.421335972835607,0.047411663846633235,0.04755874062077772
E1,SYN039,STRONG,AB,116,0.9873436371426837,-1.1739292488291324e-18,-1.3617579286417933e-16,0.002499962266038324,0.2899956228604455,-0.06458958574560736,0.002994013984172074,0.10397384904674278,2.2436124204882817,2.487218094754338,3.893961064509437,3.8293714787638296,0.032287724078399915,0.03528173806257199
E1,SYN039,STRONG,BA,116,0.9862779276354856,-2.0300751022745826e-18,-2.354887118638515e-16,0.002393016479315283,0.2775899116005728,-0.06355398889890651,0.000704260514010957,0.11519154371186165,2.907269342342587,3.510327746376305,3.893961064509437,3.8304070756105304,0.032287724078399915,0.03299198459241087
E1,SYN039,PAIRED_NULL,AB,116,0.9853520391889714,3.6825487582697306e-19,4.2717565595928875e-17,0.0026459821631198473,0.3069339309219023,-0.06132837340353703,0.0013686596719183555,0.11207704496218987,4.023649836410221,5.642901124344491,3.8213805497120585,3.7600521763085215,0.035077936437503725,0.03644659610942208
E1,SYN039,PAIRED_NULL,BA,116,0.9875335312765021,5.5518628487619795e-19,6.440160904563896e-17,0.002417430235398462,0.2804219073062216,0.024621437106565836,-0.0021521435538420924,0.14396496212783977,6.689149248534446,9.164881080947497,3.8213805497120585,3.8460019868186244,0.035077936437503725,0.03292579288366163
E1,SYN040,STRONG,AB,87,0.9832504126714521,7.047314121155779e-19,6.131163285405526e-17,0.0033644051931366594,0.2927032518028893,-0.026258982441337064,-0.0012777632095609184,0.11975608569875412,1.9689622544531622,0.46423391654765606,3.605184119852648,3.578925137411311,0.04111664601149123,0.03983888280193031
E1,SYN040,STRONG,BA,87,0.9833173305353843,-4.885140823153077e-19,-4.250072516143176e-17,0.0033638241212067643,0.29265269854498843,0.02650283595933356,-0.0002726681479242529,0.11575658413237216,5.09151562183588,4.900648295721068,3.605184119852648,3.6316869558119818,0.04111664601149123,0.04084397786356698
E1,SYN040,PAIRED_NULL,AB,87,0.9874772050339525,-1.0767249161235355e-18,-9.367506770274756e-17,0.0029709051143943996,0.2584687449523127,-0.02313557489656448,0.001126842356081209,0.1109109092887033,3.2259851496674457,3.046378597250071,3.602937127956476,3.5798015530599114,0.041176522023798394,0.0423033643798796
E1,SYN040,PAIRED_NULL,BA,87,0.9740351865314708,9.02567153359341e-19,7.852334234226263e-17,0.004253319865379759,0.37003882828803897,-0.027902323698962395,0.0009633187751097796,0.1303380320212891,8.139931990770584,11.374204266174008,3.602937127956476,3.5750348042575135,0.041176522023798394,0.042139840798908174
E1,SYN041,STRONG,AB,60,0.9962995569035399,2.065405138584886e-18,1.2392430831509316e-16,0.002936278603065908,0.17617671618395447,0.005445438123232282,-0.0034921522021616747,0.0690643502934633,1.0645179195997112,0.4967885713611676,3.009855244916538,3.0153006830397704,0.08183810831244524,0.07834595611028357
E1,SYN041,STRONG,BA,60,0.989092651467474,1.5269180595837521e-18,9.161508357502512e-17,0.004988400574057536,0.29930403444345216,-0.026773079489212925,-0.005826445359393029,0.1091726949558598,2.227402727055178,2.0326814638705155,3.009855244916538,2.983082165427325,0.08183810831244524,0.07601166295305221
E1,SYN041,PAIRED_NULL,AB,60,0.9976251721903768,-2.9851699815767557e-18,-1.791101988946053e-16,0.002390089104340288,0.14340534626041723,-0.03356298373539568,0.001063792356463214,0.07695393661261732,2.557383000644515,2.1809680077023437,2.9602617264474094,2.9266987427120137,0.08746513719803022,0.08852892955449343
E1,SYN041,PAIRED_NULL,BA,60,0.9952580777469358,-5.2511525220714594e-18,-3.150691513242875e-16,0.0034033606972523234,0.20420164183513936,-0.06509021650837177,0.0020099132525100982,0.10826859037940052,3.3562593767600313,5.1996935756772045,2.9602617264474094,2.8951715099390376,0.08746513719803022,0.08947505045054031
E1,SYN042,STRONG,AB,121,0.980270374422027,1.6256312325882864e-18,1.9670137914318264e-16,0.0030034270303180527,0.3634146706684844,-0.07674687840193117,0.0020650808354596567,0.13171659465948926,3.7428991495283066,2.500366303080081,3.854359081899182,3.777612203497251,0.03389955259867101,0.035964633434130665
E1,SYN042,STRONG,BA,121,0.9771147657794841,-2.667943775682305e-19,-3.2282119685755895e-17,0.0033165360002468908,0.40130085602987375,-0.08906682152681844,0.0031029952558171703,0.13764943069564775,3.7634230569954084,4.600376956537888,3.854359081899182,3.7652922603723638,0.03389955259867101,0.03700254785448818
E1,SYN042,PAIRED_NULL,AB,121,0.9877952002011653,-1.7060503606714054e-18,-2.064320936412401e-16,0.0022661997789184254,0.27421017324912955,-0.035193789310932644,0.00038419254575701445,0.1168735420875377,3.5253999597616583,3.510221076259961,3.8565797086851976,3.821385919374265,0.033471385977793276,0.03385557852355029
E1,SYN042,PAIRED_NULL,BA,121,0.9809479802448903,-8.816982956411044e-19,-1.0668549377257365e-16,0.002855928233779202,0.3455673162872835,-0.05644650183208544,0.0009421999144912097,0.1431387562557076,3.0163673381287546,0.9057639966527091,3.8565797086851976,3.800133206853112,0.033471385977793276,0.034413585892284486
E1,SYN043,STRONG,AB,110,0.9843513511375505,-5.72655874740071e-19,-6.299214622140782e-17,0.0026453344038660925,0.2909867844252702,0.010138340537334312,-0.0003143601639120988,0.09955223499839683,2.865135990050266,2.48642480782913,3.7417964003113138,3.751934740848648,0.03381146517357523,0.03349710500966313
E1,SYN043,STRONG,BA,110,0.9827657190816427,-3.8587740957097726e-19,-4.24465150528075e-17,0.0027782862261070884,0.30561148487177975,-0.005899021484046418,-0.0014839605021862434,0.11766501777079365,5.984302479702785,9.105768032121048,3.7417964003113138,3.7358973788272674,0.03381146517357523,0.032327504671388986
E1,SYN043,PAIRED_NULL,AB,110,0.9874685236933733,9.462128050782584e-20,1.0408340855860843e-17,0.00248274054118261,0.2731014595300871,-0.06806493510656741,0.0018985912053622947,0.11029375227374906,5.581235843747167,7.493870563176647,3.7417964003113138,3.6737314652047464,0.03381146517357522,0.03571005637893752
E1,SYN043,PAIRED_NULL,BA,110,0.9865378253401542,-1.797804329648691e-18,-1.97758476261356e-16,0.0024516189568114712,0.26967808524926185,-0.03217878914325789,-0.0005966364176544572,0.12295748876198431,4.542498359800271,5.75012974642151,3.7417964003113138,3.709617611168056,0.03381146517357522,0.033214828755920765
E1,SYN044,STRONG,AB,117,0.9825251093919954,-7.485164998505694e-19,-8.75764304825166e-17,0.0024672381181527537,0.2886668598238721,-0.020168198533934145,-0.0001223927116719148,0.12588725577945467,5.784439768533427,7.625362255236476,3.8990299704917355,3.8788617719578014,0.028981129853707703,0.02885873714203579
E1,SYN044,STRONG,BA,117,0.978278613385804,2.038670751682145e-19,2.385244779468109e-17,0.0029277840942882128,0.3425507390317208,-0.10131332721794184,0.002371759821704726,0.15280320526298197,3.316285064773683,3.4034921659858184,3.8990299704917355,3.7977166432737937,0.028981129853707703,0.03135288967541243
E1,SYN044,PAIRED_NULL,AB,117,0.9818833226589325,-4.948409915446661e-19,-5.789639601072592e-17,0.0025295093627001023,0.29595259543591196,-0.015474200454409281,-0.0001142930669056387,0.11795661882323481,3.0283990551387303,2.7388005361271146,3.8855351845957324,3.870060984141323,0.029260802411296305,0.029146509344390666
E1,SYN044,PAIRED_NULL,BA,117,0.9759322222073701,-5.485877659071954e-19,-6.418476861114185e-17,0.0029316524353260693,0.34300333493315005,-0.04315185402563282,0.0003071855143416437,0.14434643240649642,3.197858635922182,3.3482359980218828,3.8855351845957324,3.8423833305700996,0.029260802411296305,0.02956798792563795
E1,SYN045,STRONG,AB,75,0.9835020853410085,1.1564823173178714e-19,8.673617379884034e-18,0.003797546026567389,0.2848159519925541,-0.06986113860880216,0.002044720445260141,0.10151066194904963,2.082901909917666,1.8811467729741058,3.427366469387611,3.357505330778809,0.04411096226009462,0.046155682705354764
E1,SYN045,STRONG,BA,75,0.97268425270746,1.1564823173178713e-18,8.673617379884033e-17,0.004906684365208392,0.3680013273906293,-0.0922743421234653,0.0026294815572181357,0.1347795589951842,5.639756880053237,6.50359021506554,3.427366469387611,3.335092127264146,0.04411096226009462,0.04674044381731276
E1,SYN045,PAIRED_NULL,AB,75,0.9891450305894437,4.625929269271486e-19,3.469446951953614e-17,0.003151042756155321,0.23632820671164909,-0.061078645587751,0.0014410617478331639,0.09716537614724037,2.701050853838064,2.055065536174514,3.395071714527833,3.333993068940082,0.046210025408605776,0.04765108715643894
E1,SYN045,PAIRED_NULL,BA,75,0.9764572927286648,1.2027416100105863e-18,9.020562075079398e-17,0.004546361219014535,0.3409770914260902,-0.0051556444317681915,9.054037111937141e-05,0.13391105788756447,5.482372837515375,4.847738455184614,3.395071714527833,3.389916070096065,0.046210025408605776,0.04630056577972515
E1,SYN046,STRONG,AB,97,0.9957617786426488,4.1439995407113483e-19,4.0196795544900077e-17,0.0025490576195732017,0.24725858909860057,-0.018109492003825167,-0.002678237081835816,0.11500644604290604,3.4517039739113886,1.5026221757643088,3.1498103592479643,3.131700867244139,0.08305421036439249,0.08037597328255668
E1,SYN046,STRONG,BA,97,0.9939954547192743,1.558959773272327e-18,1.5121909800741573e-16,0.00318462909721061,0.30890902242942914,-0.10598279918522557,0.004936068411953959,0.1421324474094522,4.511462867129357,4.280245133245197,3.1498103592479643,3.0438275600627387,0.08305421036439249,0.08799027877634645
E1,SYN046,PAIRED_NULL,AB,97,0.9969506316001,-3.1855424655501937e-19,-3.0899761915836876e-17,0.002317960151475987,0.22484213469317074,-0.08708267247399482,0.004373868210159587,0.1278409617974026,3.144287840600976,1.7570874309476407,3.1491101686830842,3.0620274962090894,0.08315694910602474,0.08753081731618433
E1,SYN046,PAIRED_NULL,BA,97,0.9843214948865577,-1.4899396865187395e-18,-1.4452414959231774e-16,0.004902200086200786,0.47551340836147626,-0.11629572321782744,0.0020716961538421452,0.15170108623973286,3.962693163557069,5.075698792558244,3.1491101686830842,3.032814445465257,0.08315694910602474,0.08522864525986688
E1,SYN047,STRONG,AB,151,0.9897974239186949,2.4125293374511885e-19,3.642919299551295e-17,0.001974403321867913,0.29813490160205486,-0.05578057476759346,0.002737731276737966,0.10804921741575994,3.988612116089582,3.1219656550882684,4.02727593344874,3.9714953586811466,0.030498041677822378,0.033235772954560344
E1,SYN047,STRONG,BA,151,0.9723735505602212,3.8772792923322676e-19,5.854691731421724e-17,0.0029514139959544287,0.44566351338911875,-0.07636047558724002,-0.00014757093226681547,0.14765003929038242,5.876904431877035,7.614439263613994,4.02727593344874,3.9509154578615,0.030498041677822378,0.030350470745555563
E1,SYN047,PAIRED_NULL,AB,151,0.9794926627890421,-1.2866823133073006e-18,-1.942890293094024e-16,0.002612277167672219,0.3944538523185051,0.017528788051163424,-0.0032690993240009694,0.11922493380121874,5.129792590895436,6.18437213612667,4.026729705251973,4.044258493303136,0.030509051684665996,0.027239952360665027
E1,SYN047,PAIRED_NULL,BA,151,0.9830418849726438,-1.6083528916341258e-19,-2.42861286636753e-17,0.0023363318632477217,0.352786111350406,-0.06256046733825293,0.0006086148343932667,0.1451670352395778,3.6992220561537463,1.5739124394554056,4.026729705251973,3.96416923791372,0.030509051684665996,0.031117666519059263
E1,SYN048,STRONG,AB,105,0.9965317664775445,6.577493179745393e-19,6.906367838732662e-17,0.0016879270744168382,0.177232342813768,-0.04383636126389101,0.001915825451463106,0.09160651994371247,2.193509233815723,4.3466858938396635,3.5228839789744844,3.4790476177105933,0.048382458400696465,0.05029828385215957
E1,SYN048,STRONG,BA,105,0.9942053157400766,2.1167756700907467e-19,2.2226144535952838e-17,0.0021219708793587164,0.2228069423326652,-0.03966615156134834,0.0014848152733985612,0.1115779561949188,2.639868181090889,2.3419696513371138,3.5228839789744844,3.483217827413136,0.048382458400696465,0.049867273674095026
E1,SYN048,PAIRED_NULL,AB,105,0.9880665645714102,8.591011500075616e-19,9.020562075079397e-17,0.0030200184345642927,0.3171019356292507,-0.008229779265468196,-0.0027560659672242332,0.09445941716265494,2.792510694917044,3.7870560069814068,3.499490903585744,3.491261124320276,0.04896031772297519,0.04620425175575096
E1,SYN048,PAIRED_NULL,BA,105,0.9941030916769336,-6.856288024098809e-19,-7.199102425303748e-17,0.0021106912238519036,0.22162257850444986,-0.038814763805572916,0.0003340259363504433,0.096275319482387,2.546110991334393,4.364366599153635,3.499490903585744,3.4606761397801713,0.04896031772297519,0.04929434365932563
E1,SYN049,STRONG,AB,99,0.9896360262047325,9.785198395109074e-19,9.687346411157982e-17,0.002213726526454384,0.219158926118984,-0.07606424617343954,0.0018441314764198712,0.09392160975789585,2.0923775555731514,2.733889937353283,3.7839980646767084,3.707933818503269,0.030697691682352448,0.03254182315877232
E1,SYN049,STRONG,BA,99,0.9802802560981112,2.7488358110491073e-19,2.721347452938616e-17,0.0028866118338901165,0.28577457155512154,-0.03487667162763941,0.0004935769788194586,0.10991299431538062,2.9396734195408016,4.469488598626265,3.7839980646767084,3.749121393049069,0.030697691682352448,0.031191268661171907
E1,SYN049,PAIRED_NULL,AB,99,0.99337845695229,1.821788195888522e-18,1.8035703139296366e-16,0.0016596366555278732,0.16430402889725942,-0.011910784404880914,-0.0005144319690237389,0.08607003744878677,1.3223140172770638,0.9712795444836811,3.7834136965900127,3.771502912185132,0.03070505256618282,0.03019062059715908
E1,SYN049,PAIRED_NULL,BA,99,0.9818351934734322,2.3209044990302074e-18,2.2976954540399053e-16,0.0028051061912963216,0.2777055129383358,-0.0695791276562856,0.0010159488310170287,0.12117182263365874,3.2688400288452604,3.3425563247113597,3.7834136965900127,3.713834568933727,0.03070505256618282,0.03172100139719985
E1,SYN050,STRONG,AB,144,0.980546200768152,-1.2046690805394494e-19,-1.7347234759768074e-17,0.0020491823159217793,0.29508225349273626,0.012967854667584433,-0.000944536553702767,0.10990067779371694,4.313638428164247,3.441238087272806,4.1577870793676865,4.170754934035271,0.022587478483692646,0.02164294192998988
E1,SYN050,STRONG,BA,144,0.9746622981150049,-1.927470528863119e-19,-2.7755575615628914e-17,0.00233141768240332,0.3357241462660781,-0.02277769399191598,-0.0008307579814465713,0.13727955051482016,2.7217481835946438,1.703104353188145,4.1577870793676865,4.135009385375771,0.022587478483692646,0.021756720502246075
E1,SYN050,PAIRED_NULL,AB,144,0.9834691027520813,1.5660698047012842e-19,2.2551405187698492e-17,0.0019342274723089413,0.27852875601248755,-0.05358957636358053,0.0007631142275222255,0.1199234105424957,7.317913822860038,9.241483471143939,4.157787079367686,4.104197503004105,0.02258747848369265,0.023350592711214875
E1,SYN050,PAIRED_NULL,BA,144,0.9702538950944903,4.577742506049908e-19,6.591949208711867e-17,0.00263941798519481,0.3800761898680527,-0.0679545073976966,0.0014253267616252396,0.1522260802063569,5.8943099861200166,5.074600281789727,4.157787079367686,4.089832571969989,0.02258747848369265,0.02401280524531789
E1,SYN051,STRONG,AB,140,0.9947805257461685,-6.195440985631454e-20,-8.673617379884035e-18,0.001531213956182805,0.2143699538655927,-0.026556537290810756,0.0008391587327638492,0.09367920565769279,2.1801360830769556,2.5382712158205307,3.814554832035162,3.787998294744351,0.03762473290146588,0.03846389163422973
E1,SYN051,STRONG,BA,140,0.9871617728831273,-6.195440985631454e-20,-8.673617379884035e-18,0.002356894499598216,0.32996522994375027,-0.019423436130593608,-0.0008552618697437245,0.12183699047271437,3.632713479644333,4.908622924980173,3.814554832035162,3.7951313959045683,0.03762473290146588,0.03676947103172216
E1,SYN051,PAIRED_NULL,AB,140,0.9926395359353337,-1.486905836551549e-19,-2.0816681711721685e-17,0.0018233324444861562,0.2552665422280619,-0.04326973446184024,0.00039204884478463015,0.1018167257717042,3.613234073983139,4.746484490346564,3.780064363922234,3.7367946294603938,0.03848195200186116,0.03887400084664579
E1,SYN051,PAIRED_NULL,BA,140,0.9932782464344694,-7.930164461608261e-19,-1.1102230246251565e-16,0.0019176444387614662,0.26847022142660526,-0.08370236790205077,0.003101672599519871,0.11191148814612677,4.2155334225894965,5.200941308452714,3.780064363922234,3.6963619960201832,0.03848195200186116,0.04158362460138103
E1,SYN052,STRONG,AB,74,0.9983621799353334,1.1691801805992332e-18,8.651933336434325e-17,0.001862776939812641,0.13784549354613543,-0.05806299832617867,0.0030131223397264623,0.0837891343862736,1.5622931519915217,1.696871032113207,3.0568370929198747,2.998774094593696,0.08025957799206333,0.0832727003317898
E1,SYN052,STRONG,BA,74,0.9938521540859792,-1.320089401904648e-18,-9.768661574094394e-17,0.003671935241819835,0.27172320789466775,-0.07739734078294669,0.006243154723645408,0.09993090966262848,2.320507330780119,2.4119654897943845,3.0568370929198747,2.979439752136928,0.08025957799206333,0.08650273271570874
E1,SYN052,PAIRED_NULL,AB,74,0.9966732676878884,-2.751529297199699e-18,-2.0361316799277773e-16,0.002442651163892963,0.18075618612807925,-0.03472229014941863,0.0020034002540453844,0.08365085103704514,1.0820025192653588,1.0769687231542129,3.0846468251626664,3.049924535013248,0.07652360847109312,0.0785270087251385
E1,SYN052,PAIRED_NULL,BA,74,0.9945034799603581,-1.0050847166554811e-18,-7.43762690325056e-17,0.003180252699071541,0.235338699731294,-0.02637166996257223,0.0031583686971457248,0.1037976781602757,2.6774234903321936,2.6160216426668113,3.0846468251626664,3.058275155200094,0.07652360847109312,0.07968197716823884
E1,SYN053,STRONG,AB,167,0.9779601785966979,9.712373952325238e-19,1.6219664500383151e-16,0.0022933861456058365,0.3829954863161748,-0.07836336444221992,0.0013784842424073053,0.13470124438292483,5.961092352362102,8.58362941959942,4.21273303696255,4.1343696725203305,0.02468142194378149,0.026059906186188794
E1,SYN053,STRONG,BA,167,0.9794164016331155,3.427896689055966e-19,5.724587470723465e-17,0.002204236821855373,0.36810754924984734,-0.09116179101673794,0.0011773720709282141,0.16850152047362904,4.575871243046108,4.529453758585292,4.21273303696255,4.1215712459458125,0.02468142194378149,0.025858794014709703
E1,SYN053,PAIRED_NULL,AB,167,0.9787066974490327,8.310052579529615e-20,1.3877787807814457e-17,0.0021638581324225424,0.36136430811456455,-0.003197682901843635,-0.0003497619076670497,0.1329657182531015,5.440196881613285,6.433605607548729,4.210332857926123,4.20713517502428,0.024485742829024153,0.024135980921357103
E1,SYN053,PAIRED_NULL,BA,167,0.9708386512789801,9.868187438191417e-20,1.6479873021779664e-17,0.002756672799421255,0.46036435750334953,-0.12811725762997117,0.00293282538443395,0.1920719078164013,4.929959311642726,2.334350272871498,4.210332857926123,4.082215600296152,0.024485742829024153,0.027418568213458103
E1,SYN054,STRONG,AB,112,0.9951409138229974,1.5333716439437848e-18,1.717376241217039e-16,0.0020823209620537773,0.23321994775002305,-0.05939643133448813,0.0006871017528992315,0.10957163185334765,3.9467696357114055,5.281283397129404,3.524980023449418,3.46558359211493,0.05831421592866574,0.05900131768156497
E1,SYN054,STRONG,BA,112,0.9929350110509095,1.4714172340874704e-19,1.647987302177967e-17,0.0025111546645436708,0.28124932242889117,-0.02963699624411431,-0.002141964468554032,0.12676912286008402,2.8526223996672124,2.2650987770420614,3.524980023449418,3.495343027205304,0.05831421592866574,0.056172251460111705
E1,SYN054,PAIRED_NULL,AB,112,0.9914867303226367,3.097720492815727e-19,3.469446951953614e-17,0.003138827001331044,0.35154862414907695,0.055571824596676755,-0.0074109376871277916,0.11058466031430449,8.517177444397024,11.89932583227316,3.4691538696391975,3.5247256942358742,0.060826191905946674,0.05341525421881888
E1,SYN054,PAIRED_NULL,BA,112,0.9888348927639055,1.053224967557347e-18,1.1796119636642288e-16,0.0032267956833330067,0.36140111653329676,-0.05311807862771545,0.0005320890096951122,0.13408427496449687,6.474460478853737,8.955539275993972,3.4691538696391975,3.416035791011482,0.060826191905946674,0.061358280915641786
E1,SYN055,STRONG,AB,94,0.9888164287326582,2.2376087389594453e-19,2.103352214621878e-17,0.0032327987513716904,0.3038830826289388,-0.026252270800981137,0.0012608154432959331,0.10169335702055667,2.806954728497545,2.190325460710275,3.461506480826167,3.4352542100251857,0.0535253948797829,0.054786210323078836
E1,SYN055,STRONG,BA,94,0.9891259955027264,-8.050777833988108e-19,-7.567731163948818e-17,0.0034568786631463794,0.32494659433575956,-0.10466990286508926,0.004998616394312573,0.13002828741506067,2.60036112957842,1.2641465155900198,3.461506480826167,3.3568365779610776,0.0535253948797829,0.058524011274095476
E1,SYN055,PAIRED_NULL,AB,94,0.9919328051644519,7.445239386589289e-19,6.998525023393929e-17,0.0027762565596873533,0.26096811661061114,-0.054520213191723066,0.0004503687888777891,0.11150936264422115,6.892676075223503,9.0131985166336,3.4258679064181625,3.3713476932264395,0.05524856103685409,0.05569892982573188
E1,SYN055,PAIRED_NULL,BA,94,0.9790880427345022,1.0957362381502438e-20,1.0299920638612288e-18,0.004432111011002849,0.41661843503426765,-0.0010345729364620304,-0.0020451741575857746,0.13290366144975838,5.814084594205559,6.556712044138204,3.4258679064181625,3.4248333334817005,0.05524856103685409,0.053203386879268316
E1,SYN056,STRONG,AB,124,0.9904819954668564,6.496469469005886e-19,8.055622141567298e-17,0.002398718563813056,0.2974411019128189,-0.03077450724825992,0.0006776414746892043,0.12616848121338112,3.791581928374528,1.8102279054474655,3.569818089661129,3.539043582412869,0.04504605229390319,0.045723693768592394
E1,SYN056,STRONG,BA,124,0.9874196331823133,1.4175506226952613e-18,1.757762772142124e-16,0.002776495746902679,0.3442854726159322,-0.08872425434003883,0.0012305771924640899,0.15718119166678118,4.379593535494073,3.575250329716213,3.569818089661129,3.48109383532109,0.04504605229390319,0.04627662948636728
E1,SYN056,PAIRED_NULL,AB,124,0.9937339319099813,7.449518152884273e-19,9.237402509576498e-17,0.002061739584517606,0.25565570848018315,-0.056005666996029824,0.0012271920515614168,0.11383952550919213,5.432608283121094,6.807645481835753,3.4997543471670833,3.4437486801710535,0.048788170976779635,0.05001536302834105
E1,SYN056,PAIRED_NULL,BA,124,0.984248720111709,6.6101358257987205e-19,8.196568423990414e-17,0.0032651937774662936,0.40488402840582044,-0.033891718220303346,0.0015636398573369015,0.13872091108537973,4.492650214662271,1.3796306181788673,3.4997543471670833,3.46586262894678,0.048788170976779635,0.05035181083411654
E1,SYN057,STRONG,AB,162,0.9847273112593982,7.442177875332599e-19,1.205632815803881e-16,0.002026891026136981,0.3283563462341909,-0.06788902516593165,0.0009804590794487977,0.12059809594895524,2.370556724908821,1.8779675989324047,4.1141276047828335,4.046238579616902,0.027109629667413485,0.028090088746862283
E1,SYN057,STRONG,BA,162,0.979120823077007,1.102941469293896e-18,1.7867651802561116e-16,0.0023148254403356754,0.3750017213343794,0.0022218318509965584,-0.0013451800938880897,0.1469450515996902,4.1172060079141355,3.8215529489405418,4.1141276047828335,4.11634943663383,0.027109629667413485,0.025764449573525396
E1,SYN057,PAIRED_NULL,AB,162,0.9911278160474423,3.2124508814385315e-20,5.204170427930421e-18,0.0015582228409204608,0.25243210022911466,-0.057616484537660106,7.359254305052548e-05,0.13783967300707503,2.785832683323472,2.4569733599158257,4.083694165431533,4.026077680893873,0.028299972640961374,0.0283735651840119
E1,SYN057,PAIRED_NULL,BA,162,0.989815112980496,-9.101944164075839e-20,-1.474514954580286e-17,0.0016758428278758192,0.27148653811588275,-0.07827736752733916,0.0003111431598526171,0.15076965598128655,3.5364334348874595,3.60817747640113,4.083694165431533,4.005416797904194,0.028299972640961374,0.02861111580081399
E1,SYN058,STRONG,AB,66,0.9950645247380001,-1.4599767890855941e-19,-9.63584680796492e-18,0.002369228544746427,0.15636908395326418,-0.03540530326614677,0.0014040884327493272,0.07382895785885386,1.8999460265389698,0.790216505608824,3.3207611724262187,3.285355869160072,0.05060698277862012,0.05201107121136945
E1,SYN058,STRONG,BA,66,0.9903916171828456,-1.3714746799300539e-18,-9.051732887538355e-17,0.003247583680079201,0.21434052288522726,-0.01654711044273105,0.0009233467989892899,0.08981962239962869,3.0341028213077603,2.9579459138974284,3.3207611724262187,3.3042140619834877,0.05060698277862012,0.05153032957760941
E1,SYN058,PAIRED_NULL,AB,66,0.9914491667504829,-1.5178830414797062e-18,-1.0018028073766061e-16,0.0032761569362925124,0.2162263577953058,-0.01469574533603124,-0.0018322019821825283,0.10461599625332962,3.3594110158007533,4.146172885042366,3.253959663628481,3.23926391829245,0.05627989528278869,0.05444769330060616
E1,SYN058,PAIRED_NULL,BA,66,0.9934360503018939,-7.425142150961334e-19,-4.90059381963448e-17,0.002860653450802815,0.1888031277529858,-0.03629969732119687,2.5467419088508192e-05,0.09323033826258872,4.2348275378750015,2.159337370014611,3.253959663628481,3.2176599663072842,0.05627989528278869,0.0563053627018772
E1,SYN059,STRONG,AB,122,0.9881794976459352,-3.482555133957025e-19,-4.248717263427571e-17,0.0020819860037218966,0.2540022924540714,-0.01216492020119464,-0.0013820281273869313,0.09752128374655687,5.781521993378131,6.85032424226276,3.9555409094115057,3.943375989210311,0.030325619078683884,0.028943590951296953
E1,SYN059,STRONG,BA,122,0.9869515051306383,-3.0293230782458715e-19,-3.695774155459964e-17,0.0021724007681091506,0.26503289370931643,-0.029017095379695323,-0.00015356735784970155,0.11792172251414583,2.345683761317276,1.4454575772691194,3.9555409094115057,3.9265238140318104,0.030325619078683884,0.030172051720834182
E1,SYN059,PAIRED_NULL,AB,122,0.9927885797664889,-8.815807828734594e-19,-1.0755285551056204e-16,0.0016888406349912738,0.2060385574689354,-0.0060152789180767385,-0.000834751340780128,0.09952854836944645,3.527482016993269,1.6742069653830958,3.9115963831924914,3.9055811042744146,0.03223241062775932,0.03139765928697919
E1,SYN059,PAIRED_NULL,BA,122,0.9903519384724289,2.559428079310043e-19,3.122502256758253e-17,0.0020419349671211263,0.2491160659887774,-0.09276204882313799,0.0016934769621944484,0.12664205366827735,5.8616347125636885,7.837790314607534,3.9115963831924914,3.8188343343693534,0.03223241062775932,0.03392588758995377
E1,SYN060,STRONG,AB,140,0.9865751773216858,2.4781763942525814e-19,3.469446951953615e-17,0.0017629045979314973,0.24680664371040967,-0.059279441710213376,0.0005070512032804876,0.11396162216544012,3.6185886528696347,5.272299279975707,4.1089575174943835,4.04967807578417,0.022947172127903676,0.023454223331184163
E1,SYN060,STRONG,BA,140,0.9692576057254854,2.849902853390469e-19,3.989863994746657e-17,0.002793925886415966,0.3911496240982353,-0.08708775430829441,0.002021853378023828,0.14095405588369192,2.2798233710398454,2.263350792788449,4.1089575174943835,4.021869763186089,0.022947172127903676,0.024969025505927504
E1,SYN060,PAIRED_NULL,AB,140,0.981502304281254,7.341597567973273e-19,1.0278236595162583e-16,0.002054411752853655,0.2876176453995118,-0.046640333394607936,0.00027304248300791256,0.11482170198311693,3.2533012306371107,3.318528172055876,4.108957517494383,4.062317184099775,0.02294717212790367,0.02322021461091158
E1,SYN060,PAIRED_NULL,BA,140,0.9695334351700949,3.74824179630703e-19,5.247538514829843e-17,0.0026115875220254305,0.36562225308356033,-0.027106245520777783,-0.00031946963859607116,0.12317789296757432,4.621783484621182,4.9180992395321335,4.108957517494383,4.081851271973605,0.02294717212790367,0.022627702489307597
E1,SYN061,STRONG,AB,100,0.9923757589889277,-7.318364664277155e-19,-7.318364664277155e-17,0.0018682448768471867,0.18682448768471865,-0.03356612600801023,0.001213550626945701,0.08373440195766027,5.754328065288553,9.158565040004822,3.824386569152547,3.7908204431445367,0.031183118977917434,0.032396669604863135
E1,SYN061,STRONG,BA,100,0.9842311590537945,-2.0556473190325165e-18,-2.0556473190325164e-16,0.0025966998029258305,0.25966998029258304,-0.04080008007545155,0.00031965120236086483,0.10227000052911475,2.60019595163772,1.8295331203097882,3.824386569152547,3.7835864890770954,0.031183118977917434,0.0315027701802783
E1,SYN061,PAIRED_NULL,AB,100,0.9799021276245893,-2.9490299091605723e-19,-2.949029909160572e-17,0.0029264406731646614,0.29264406731646614,-0.03752558146502194,-2.6467048890060907e-05,0.09974181005098635,2.879563671246658,0.7215674093402948,3.818034936880944,3.780509355415922,0.031318907848073646,0.031292440799183585
E1,SYN061,PAIRED_NULL,BA,100,0.9832231742363909,1.5612511283791264e-18,1.5612511283791264e-16,0.002763971189258252,0.2763971189258252,-0.05781216733431016,0.001467410562269185,0.1080120884497124,2.8193329382641963,3.4587273916231,3.818034936880944,3.7602227695466337,0.031318907848073646,0.03278631841034283
E1,SYN062,STRONG,AB,134,0.9837945891284449,9.547451966663397e-20,1.2793585635328955e-17,0.0020583233760662757,0.27581533239288103,-0.03150582682044156,0.0003001813374133265,0.11133550710690505,1.9403840380752482,1.966804824781153,4.0694882606557945,4.037982433835353,0.024789754107058182,0.02508993544447151
E1,SYN062,STRONG,BA,134,0.9729308300118152,8.026332500788212e-19,1.0755285551056206e-16,0.0029769677872089227,0.39891368348599576,-0.10758043388991734,0.003484297568796889,0.14801682683148895,4.110842023261334,4.815310670827638,4.0694882606557945,3.961907826765877,0.024789754107058182,0.02827405167585507
E1,SYN062,PAIRED_NULL,AB,134,0.9755566504776103,-3.7542522987557763e-19,-5.0306980803327406e-17,0.002519530628178723,0.33761710417594887,-0.038769142583857,0.00013564159453630792,0.11820972854292491,3.1310135547068674,3.6587068616258267,4.0694882606557945,4.0307191180719375,0.024789754107058193,0.0249253957015945
E1,SYN062,PAIRED_NULL,BA,134,0.9410935927244479,-1.2816240606097307e-18,-1.717376241217039e-16,0.004292215313308305,0.5751568519833129,-0.10692942825961893,0.003976399519593794,0.15973787383023552,4.6967633060600535,5.2607620308920975,4.0694882606557945,3.9625588323961756,0.024789754107058193,0.028766153626651986
E1,SYN063,STRONG,AB,180,0.9771544581034094,-4.818676322157798e-19,-8.673617379884035e-17,0.0015783519993039592,0.28410335987471264,-0.07210113104426163,0.000857058003322619,0.11606178350678996,2.692335127491509,2.2997602811977256,4.506924060676264,4.434822929632002,0.014522890483066897,0.015379948486389516
E1,SYN063,STRONG,BA,180,0.9567099094359208,1.5419764230904953e-19,2.7755575615628914e-17,0.0021534094821855938,0.38761370679340684,-0.08501024224416476,0.0008857667765335211,0.15118829060667058,4.481620633012704,6.448743784168459,4.506924060676264,4.421913818432099,0.014522890483066897,0.015408657259600419
E1,SYN063,PAIRED_NULL,AB,180,0.9722982649054904,-5.1077969014872655e-19,-9.194034422677078e-17,0.0017300092221204167,0.311401659981675,-0.05135515771290855,0.000845070636821146,0.12133011351799242,3.441796272107725,1.5562200585638275,4.506924060676264,4.455568902963355,0.014522890483066896,0.015367961119888042
E1,SYN063,PAIRED_NULL,BA,180,0.959250147310913,2.1202175817494308e-19,3.8163916471489756e-17,0.00218772703462914,0.39379086623324516,-0.10593196624425794,0.001621505699193216,0.1548646841139634,3.907632570815533,4.895272907208438,4.506924060676264,4.400992094432006,0.014522890483066896,0.01614439618226011
E1,SYN064,STRONG,AB,136,0.9843429776348513,9.438936560462038e-19,1.2836953722228372e-16,0.0024079917866008356,0.32748688297771367,-0.05665610426277601,0.00104900680039869,0.11971738418029582,2.4923906687034565,0.8337121881215501,3.9077245690997144,3.8510684648369384,0.031663320585525435,0.032712327385924125
E1,SYN064,STRONG,BA,136,0.9828557458132711,-6.632766231676027e-19,-9.020562075079397e-17,0.002507764387365424,0.3410559566816977,-0.046514565072345526,0.0008491466357654492,0.14129025159973987,3.4508152592133863,0.7592098826950343,3.9077245690997144,3.861210004027369,0.031663320585525435,0.032512467221290885
E1,SYN064,PAIRED_NULL,AB,136,0.9853658542494366,1.977074549826508e-18,2.688821387764051e-16,0.002322893339306644,0.31591349414570363,-0.02966020913353118,0.0005893654943706778,0.12584609115412376,5.772358212156312,5.340499254830586,3.901452477760633,3.871792268627102,0.03201374453023097,0.032603110024601645
E1,SYN064,PAIRED_NULL,BA,136,0.9835550617158841,4.97457467375702e-19,6.765421556309548e-17,0.002528626448975691,0.343893197060694,-0.07599614210980832,0.0017542315302920969,0.15584039525956825,6.0646640933084335,7.514194458657338,3.901452477760633,3.825456335650825,0.03201374453023097,0.033767976060523064
E1,SYN065,STRONG,AB,120,0.9530873857936377,-8.673617379884036e-20,-1.0408340855860841e-17,0.0034143335857829394,0.40972003029395265,-0.07941874580572961,0.001849487746268131,0.1339041816384573,8.053214563302738,11.43192709639177,4.124580014673446,4.045161268867717,0.0217104264021654,0.02355991414843353
E1,SYN065,STRONG,BA,120,0.9658123053804984,-7.228014483236696e-20,-8.673617379884034e-18,0.002851778131878315,0.34221337582539774,-0.057674069378505166,0.001136849470278891,0.14191637156437373,8.225262060910245,12.871502473286164,4.124580014673446,4.066905945294941,0.0217104264021654,0.02284727587244429
E1,SYN065,PAIRED_NULL,AB,120,0.973646459066497,1.1853943752508182e-18,1.4224732503009818e-16,0.0022881601156529967,0.2745792138783596,-0.022150089306201437,0.00011328260953638938,0.11351366680732507,2.6785149049140653,2.275624656708156,4.164497292596372,4.1423472032901705,0.020191960784800816,0.020305243394337206
E1,SYN065,PAIRED_NULL,BA,120,0.9662023813682791,-4.2645285451096505e-19,-5.117434254131581e-17,0.002618142809601691,0.31417713715220297,-0.06545277078531431,0.00048285056390028405,0.14529490460545824,2.984410714260388,0.39322770998659534,4.164497292596372,4.099044521811058,0.020191960784800816,0.0206748113487011
E1,SYN066,STRONG,AB,138,0.98441682438053,-2.5808725627644074e-19,-3.5616041366148814e-17,0.0027162201282184806,0.37483837769415024,-0.09766527147500303,0.004125757806762512,0.12203380238350803,3.3225166050470394,4.252554234005203,3.847350325628703,3.7496850541537,0.03301544247505846,0.03714120028182097
E1,SYN066,STRONG,BA,138,0.9790530370956606,-6.5602087972854795e-19,-9.05308814025396e-17,0.002790300798482541,0.38506151019059054,-0.06492031911042062,-0.0002808653855636903,0.15389884093202721,5.951784142860381,8.158869297589447,3.847350325628703,3.7824300065182825,0.03301544247505846,0.03273457708949477
E1,SYN066,PAIRED_NULL,AB,138,0.9890172360552305,-6.47378688498591e-19,-8.933825901280557e-17,0.002059808745325618,0.2842536068549353,-0.08100760740439039,0.00213015870642113,0.12525235171584456,3.0900542247207596,2.032133271545357,3.883097739078008,3.8020901316736175,0.030757801499698076,0.032887960206119206
E1,SYN066,PAIRED_NULL,BA,138,0.979421182713161,-1.5210256564724178e-18,-2.0990154059319366e-16,0.0027138391526128026,0.37450980306056675,-0.09841861749921321,0.0014009968587964522,0.16068072147123125,3.5394440463897907,2.135886455212793,3.883097739078008,3.7846791215787947,0.030757801499698076,0.03215879835849453
E1,SYN067,STRONG,AB,109,0.988492871821191,3.9687767598322594e-19,4.3259666682171627e-17,0.0021781790843302664,0.23742152019199902,-0.013648496460081816,-0.0003748613838935877,0.09620205530663697,3.74861738786553,4.878203383799148,3.793969414050775,3.7803209175906933,0.03176509634085202,0.03139023495695843
E1,SYN067,STRONG,BA,109,0.9786898361406611,-6.664361977663192e-20,-7.26415455565288e-18,0.0029562076001783135,0.32222662841943617,-0.013615064199348659,-0.0009626271945425077,0.12111271410101841,2.5572696864882625,1.9098639733557927,3.793969414050775,3.7803543498514265,0.03176509634085202,0.030802469146309512
E1,SYN067,PAIRED_NULL,AB,109,0.9907854377945915,7.261170512976314e-19,7.914675859144182e-17,0.002077602651282454,0.2264586889897875,-0.048803125964647975,0.0018720714436133781,0.09666359561158609,3.321586578084011,3.7526364505475978,3.7939694140507747,3.7451662880861267,0.03176509634085202,0.0336371677844654
E1,SYN067,PAIRED_NULL,BA,109,0.9795958466051579,2.360129086940349e-18,2.5725407047649806e-16,0.002956152436977253,0.32222061563052057,-0.03339958339899196,0.0009910480586675166,0.12762847031282473,4.738298174912296,4.610083184513752,3.7939694140507747,3.7605698306517827,0.03176509634085202,0.032756144399519536
E1,SYN068,STRONG,AB,66,0.9957711645448217,-1.1039149392579681e-18,-7.28583859910259e-17,0.0024289667554599176,0.16031180586035457,-0.03211312871127925,0.0009860613867502463,0.07043628535175724,1.8721918582817496,3.474368592779884,3.128040228340702,3.0959270996294226,0.06006832870411326,0.061054390090863504
E1,SYN068,STRONG,BA,66,0.9879896409621945,-6.998032204224619e-19,-4.618701254788248e-17,0.004156452618634822,0.27432587282989823,-0.0424515540773287,0.002442761361163004,0.0978088405711671,2.5660759047520996,3.5138828533674813,3.128040228340702,3.085588674263373,0.06006832870411326,0.06251109006527626
E1,SYN068,PAIRED_NULL,AB,66,0.9930458716917222,4.336808689942018e-18,2.862293735361732e-16,0.0032730491934181163,0.2160212467655957,-0.003309691966605577,-0.0019232183002971942,0.0915039078275969,2.402800545523761,0.6022313639440062,3.0793046927038654,3.07599500073726,0.06561585623872869,0.0636926379384315
E1,SYN068,PAIRED_NULL,BA,66,0.9906442772079337,3.2591774397140014e-18,2.151057110211241e-16,0.003784090017896732,0.24974994118118435,-0.0063376004203803404,8.350936672341103e-05,0.09702528578864174,3.6942645273063097,0.9220507399165258,3.0793046927038654,3.072967092283485,0.06561585623872869,0.0656993656054521
E1,SYN069,STRONG,AB,76,0.9890436829777703,1.4265818059019794e-21,1.0842021724855044e-19,0.0031364934454180256,0.23837350185176995,0.034863700297481426,-0.002837351991384768,0.07744826789742025,5.0177729853650925,5.237116709845501,3.5268746581138446,3.561738358411326,0.045784059065546966,0.0429467070741622
E1,SYN069,STRONG,BA,76,0.9887219908477306,-6.533744671031066e-19,-4.96564594998361e-17,0.0031840498404328453,0.24198778787289627,-0.058819462887187424,0.0015299557049575294,0.10633875608375623,3.830290764930269,5.888743646161596,3.5268746581138446,3.468055195226657,0.045784059065546966,0.047314014770504495
E1,SYN069,PAIRED_NULL,AB,76,0.990137825287093,2.2140549627598724e-18,1.6826817716975034e-16,0.002924441882947166,0.22225758310398466,-0.038059821674081284,0.000478849437232004,0.08801929576216215,2.3938882970112556,1.2983255528346311,3.526874658113844,3.488814836439763,0.04578405906554695,0.046262908502778956
E1,SYN069,PAIRED_NULL,BA,76,0.9825088362109812,3.264019171903729e-18,2.4806545706468346e-16,0.0038589163016063345,0.2932776389220815,-0.00627505096829406,-0.0013487301599753657,0.11018209314225084,3.740687144135348,3.5242695110472546,3.526874658113844,3.52059960714555,0.04578405906554695,0.044435328905571586
E1,SYN070,STRONG,AB,98,0.9822124573904935,1.8121664882972004e-18,1.7759231585312565e-16,0.0030199315767080234,0.29595329451738633,-0.019217823881656937,-0.00023371555985626097,0.09664795186138216,2.181035895603827,0.8811112145226404,3.680561986595712,3.6613441627140553,0.03542908710405579,0.03519537154419953
E1,SYN070,STRONG,BA,98,0.9862696615054773,-1.4188666185843463e-19,-1.3904892862126594e-17,0.002663146509170969,0.260988357898755,0.04468998928128132,-0.0015161937926542676,0.10889628439544775,4.966583244612612,7.608457733466577,3.680561986595712,3.7252519758769935,0.03542908710405579,0.03391289331140152
E1,SYN070,PAIRED_NULL,AB,98,0.9893232378638067,1.516223548358555e-18,1.4858990773913838e-16,0.0023398917359011362,0.22930939011831136,-0.024250597978132227,-0.0002553296776849137,0.0996941124251347,3.3984427398768133,4.3267915085182524,3.680561986595712,3.65631138861758,0.03542908710405578,0.03517375742637087
E1,SYN070,PAIRED_NULL,BA,98,0.9799193245156076,1.3657628387075053e-18,1.3384475819333552e-16,0.0031994282344612658,0.31354396697720405,-0.021815297328060534,-0.001162171897212294,0.1336009885727159,3.9782032074973306,3.781902149194482,3.680561986595712,3.6587466892676517,0.03542908710405578,0.03426691520684349
E1,SYN071,STRONG,AB,89,0.9819406803450186,-6.925493652337183e-19,-6.163689350580091e-17,0.0028677577114067684,0.2552304363152023,0.0007780174382179261,-0.0017489552708079698,0.10543717461832897,3.7275771082651867,4.717146703473954,3.77177670411908,3.772554721557298,0.03129081350423809,0.02954185823343012
E1,SYN071,STRONG,BA,89,0.9730462590195423,-8.679708403324965e-19,-7.724940478959217e-17,0.0034720171445322494,0.3090095258633701,-0.015059044682039335,-0.00036574033056099506,0.11410058601222228,5.233610205279084,7.498769584401042,3.77177670411908,3.7567176594370406,0.03129081350423809,0.030925073173677094
E1,SYN071,PAIRED_NULL,AB,89,0.9797768812021186,-1.4216448711130154e-18,-1.2652639352905837e-16,0.003001620936263307,0.2671442633274343,-0.05899935564603709,0.0012004461840939284,0.11512230597373614,2.9466360977960613,2.6859425229672,3.8071739046286197,3.7481745489825826,0.030010660080014354,0.031211106264108283
E1,SYN071,PAIRED_NULL,BA,89,0.9330654804193887,-6.030113206520502e-19,-5.366800753803247e-17,0.005313546218855095,0.4729056134781035,-0.01182203819411054,-8.167934731188181e-06,0.15813130687022736,7.620328744476604,8.61721708799016,3.8071739046286197,3.795351866434509,0.030010660080014354,0.030002492145283166
E1,SYN072,STRONG,AB,80,0.9927917509089401,1.3010426069826053e-19,1.0408340855860841e-17,0.003858703296179877,0.3086962636943901,-0.005442328394886342,-0.005956662682891023,0.09786837032831082,4.208795465735031,6.470665065631182,3.044078783034359,3.0386364546394726,0.08989121360477609,0.08393455092188506
E1,SYN072,STRONG,BA,80,0.9924830490164672,-1.3660947373317355e-18,-1.0928757898653883e-16,0.004030208525857332,0.32241668206858654,-0.041928009124149845,0.005521630248074047,0.12065910278603431,2.779823329435101,2.408695427822869,3.044078783034359,3.002150773910209,0.08989121360477609,0.09541284385285013
E1,SYN072,PAIRED_NULL,AB,80,0.9952520967549195,1.3010426069826053e-19,1.0408340855860844e-17,0.002815310885836605,0.22522487086692847,-0.01642166815593704,0.0003627843544236481,0.09018355749179412,4.853319898341804,5.299159317445935,3.1058959460694675,3.0894742779135305,0.07904145443239502,0.07940423878681867
E1,SYN072,PAIRED_NULL,BA,80,0.9926125709725068,1.3010426069826053e-18,1.0408340855860845e-16,0.003509985663683577,0.2807988530946862,0.009430472734806905,-0.0022372658151628144,0.1218137164116997,7.057909033820342,6.444371374932745,3.1058959460694675,3.1153264188042744,0.07904145443239502,0.0768041886172322
E2,SYN001,STRONG,AB,137,1.0,-1.7539146458182475e-19,-2.4028630647709992e-17,1.9086564229468703e-18,2.6148592994372126e-16,0.0,0.0,6.787625165578046e-17,4.763214912101478e-15,4.547473508864641e-13,4.049100290685988,4.049100290685988,0.025340973596092616,0.025340973596092616
E2,SYN001,STRONG,BA,137,1.0,-1.1890611417222413e-19,-1.6290137641594707e-17,2.143842244805064e-18,2.937063875382938e-16,0.0,0.0,8.307903869109349e-17,2.143446710445665e-15,0.0,4.049100290685988,4.049100290685988,0.025340973596092616,0.025340973596092616
E2,SYN001,PAIRED_NULL,AB,137,0.9999999999999999,-2.7342470846258525e-19,-3.745918505937418e-17,3.512905549687425e-18,4.812680603071773e-16,0.0,0.0,9.200578220247639e-17,4.720574289885532e-15,3.410605131648481e-13,4.0404425072039825,4.0404425072039825,0.025532958944756753,0.025532958944756753
E2,SYN001,PAIRED_NULL,BA,137,0.9999999999999999,5.542563181719636e-19,7.593311558955902e-17,2.981303936954175e-18,4.0843863936272196e-16,8.881784197001252e-16,6.938893903907228e-18,9.247933119807168e-17,5.245803791353865e-15,1.1368683772161603e-13,4.0404425072039825,4.040442507203983,0.025532958944756753,0.02553295894475676
E2,SYN002,STRONG,AB,65,1.0,-5.796311614441735e-19,-3.767602549387128e-17,6.152034399073915e-18,3.998822359398045e-16,0.0,-6.938893903907228e-18,1.0109137335799118e-16,1.3611423816019308e-15,4.263256414560601e-14,3.334547922349198,3.334547922349198,0.054854186684438755,0.05485418668443875
E2,SYN002,STRONG,BA,65,1.0,1.351082707251167e-19,8.782037597132586e-18,5.096344624012703e-18,3.312624005608257e-16,0.0,-6.938893903907228e-18,9.354648141330331e-17,1.561698798953572e-15,1.4210854715202004e-14,3.334547922349198,3.334547922349198,0.054854186684438755,0.05485418668443875
E2,SYN002,PAIRED_NULL,AB,65,0.9999999999999999,1.3610907273048794e-18,8.847089727481716e-17,6.523348142949112e-18,4.240176292916923e-16,4.440892098500626e-16,6.938893903907228e-18,1.1428128646185226e-16,2.3500466805523223e-15,1.4210854715202004e-14,3.3345479223491976,3.334547922349198,0.054854186684438755,0.05485418668443876
E2,SYN002,PAIRED_NULL,BA,65,0.9999999999999999,3.7947076036992655e-18,2.4665599424045226e-16,6.779762145895619e-18,4.4068453948321526e-16,8.881784197001252e-16,2.7755575615628914e-17,1.0718850602786245e-16,5.388834539889243e-15,4.549693413077341e-13,3.3345479223491976,3.3345479223491985,0.054854186684438755,0.05485418668443878
E2,SYN003,STRONG,AB,170,1.0,8.402965440502543e-19,1.4285041248854327e-16,3.219500369518657e-18,5.473150628181718e-16,4.440892098500626e-16,0.0,1.0980607767697757e-16,1.6196721383442807e-14,5.084229945850415e-13,3.9830964316522643,3.983096431652265,0.03234618528692708,0.03234618528692708
E2,SYN003,STRONG,BA,170,1.0,3.6292870516472494e-19,6.169787987800325e-17,2.763155709229194e-18,4.69736470568963e-16,4.440892098500626e-16,0.0,8.467556496845805e-17,9.451668838270537e-15,2.2737367544323206e-13,3.9830964316522643,3.983096431652265,0.03234618528692708,0.03234618528692708
E2,SYN003,PAIRED_NULL,AB,170,1.0,-8.068736204609494e-19,-1.371685154783614e-16,3.481463052091119e-18,5.918487188554903e-16,-4.440892098500626e-16,-6.938893903907228e-18,1.0110625615135235e-16,2.31293478993078e-14,2.2737367544323206e-13,3.954503152710883,3.9545031527108825,0.03368533066816692,0.03368533066816691
E2,SYN003,PAIRED_NULL,BA,170,0.9999999999999999,-1.6239116362889504e-19,-2.7606497816912157e-17,2.4881916197138416e-18,4.2299257535135305e-16,0.0,0.0,9.443295115573838e-17,5.443674185258832e-15,2.2737367544323206e-13,3.954503152710883,3.954503152710883,0.03368533066816692,0.03368533066816692
E2,SYN004,STRONG,AB,148,1.0,-1.6654041309961037e-18,-2.4647981138742336e-16,4.3485962605879855e-18,6.435922465670219e-16,0.0,-1.3877787807814457e-17,1.4377943445501842e-16,1.471403644087889e-14,6.821210263296962e-13,4.101888730650877,4.101888730650877,0.024482113127460427,0.024482113127460414
E2,SYN004,STRONG,BA,148,0.9999999999999999,3.037872218936369e-20,4.496050884025826e-18,2.8729392854826627e-18,4.251950142514341e-16,0.0,-3.469446951953614e-18,7.873666977138846e-17,3.016404330614639e-15,2.2737367544323206e-13,4.101888730650877,4.101888730650877,0.024482113127460427,0.024482113127460424
E2,SYN004,PAIRED_NULL,AB,148,1.0,1.4793315959884564e-19,2.1894107620629152e-17,2.6296540422246475e-18,3.891887982492478e-16,0.0,3.469446951953614e-18,8.923925755183514e-17,2.92105049825772e-15,2.5421149729252077e-13,4.101888730650877,4.101888730650877,0.024482113127460424,0.024482113127460427
E2,SYN004,PAIRED_NULL,BA,148,1.0,2.909901565553895e-19,4.306654317019764e-17,2.400280691514785e-18,3.552415423441882e-16,0.0,0.0,8.756488217939703e-17,3.1095198100993295e-15,4.687428401686771e-13,4.101888730650877,4.101888730650877,0.024482113127460424,0.024482113127460424
E2,SYN005,STRONG,AB,134,1.0,-1.3223827803402958e-19,-1.7719929256559963e-17,3.549371239624486e-18,4.756157461096811e-16,0.0,0.0,1.0362159812583042e-16,3.061171388059202e-15,2.2737367544323206e-13,4.033567678067273,4.033567678067273,0.026871860898672873,0.026871860898672873
E2,SYN005,STRONG,BA,134,1.0,8.141630119877156e-21,1.0909784360635388e-18,2.8209285563898738e-18,3.7800442655624307e-16,0.0,3.469446951953614e-18,9.741711878621004e-17,3.814153294276747e-15,0.0,4.033567678067273,4.033567678067273,0.026871860898672873,0.026871860898672877
E2,SYN005,PAIRED_NULL,AB,134,1.0,-2.275105211759461e-19,-3.048640983757678e-17,3.515814250197336e-18,4.711191095264431e-16,-8.881784197001252e-16,0.0,9.34358361884509e-17,4.440892098500626e-16,5.084229945850415e-13,4.018837372557395,4.018837372557394,0.02742944203978379,0.02742944203978379
E2,SYN005,PAIRED_NULL,BA,134,1.0,-1.4579080519009838e-19,-1.9535967895473183e-17,3.682471206519394e-18,4.934511416735987e-16,0.0,0.0,9.381350235643321e-17,4.011128347032824e-15,7.190186943645084e-13,4.018837372557395,4.018837372557395,0.02742944203978379,0.02742944203978379
E2,SYN006,STRONG,AB,65,1.0,-3.2050684222013796e-18,-2.0832944744308965e-16,9.426102764440161e-18,6.126966796886105e-16,-4.440892098500626e-16,-2.7755575615628914e-17,1.1136060022526339e-16,2.926769489846263e-14,3.2155493553843715e-13,3.1904258390115743,3.190425839011574,0.060141523860409274,0.060141523860409246
E2,SYN006,STRONG,BA,65,1.0,-5.391820803937528e-19,-3.504683522559393e-17,1.0885382854815991e-17,7.075498855630394e-16,0.0,-6.938893903907228e-18,1.1232920546890064e-16,9.48222235497645e-15,0.0,3.1904258390115743,3.1904258390115743,0.060141523860409274,0.06014152386040927
E2,SYN006,PAIRED_NULL,AB,65,1.0,5.129110277527579e-19,3.333921680392926e-17,4.27231428826085e-18,2.7770042873695523e-16,0.0,1.3877787807814457e-17,8.790787167173246e-17,1.7785951922724785e-15,0.0,3.186872599570313,3.186872599570313,0.06024361986627654,0.060243619866276556
E2,SYN006,PAIRED_NULL,BA,65,1.0,3.7096394332427105e-18,2.411265631607762e-16,7.369195065003787e-18,4.789976792252461e-16,4.440892098500626e-16,2.0816681711721685e-17,1.1240285299641675e-16,8.877307491256795e-15,2.2737367544323206e-13,3.186872599570313,3.1868725995703135,0.06024361986627654,0.06024361986627656
E2,SYN007,STRONG,AB,122,0.9999999999999998,5.010269311939289e-19,6.112528560565933e-17,7.175848669868436e-18,8.754535377239491e-16,0.0,2.7755575615628914e-17,1.0271738477389593e-16,4.902888131328514e-15,2.2737367544323206e-13,3.1348409935411357,3.1348409935411357,0.08616003849379084,0.08616003849379086
E2,SYN007,STRONG,BA,122,1.0,1.2743818978231256e-18,1.554745915344213e-16,6.265802663482412e-18,7.644279249448542e-16,0.0,4.163336342344337e-17,1.176674582916677e-16,7.367314643651694e-15,5.084229945850415e-13,3.1348409935411357,3.1348409935411357,0.08616003849379084,0.08616003849379088
E2,SYN007,PAIRED_NULL,AB,122,1.0,1.6852623061715643e-18,2.0560200135293088e-16,5.372684619556899e-18,6.554675235859418e-16,4.440892098500626e-16,2.7755575615628914e-17,9.93138658966188e-17,1.1285327511199828e-14,9.374856803373542e-13,3.154061518239624,3.1540615182396246,0.0931981300193403,0.09319813001934033
E2,SYN007,PAIRED_NULL,BA,122,0.9999999999999999,1.973697853390684e-18,2.407911381136635e-16,6.478696712628594e-18,7.904009989406886e-16,4.440892098500626e-16,6.938893903907228e-17,1.0936671430368139e-16,1.9871649129066966e-14,9.374856803373542e-13,3.154061518239624,3.1540615182396246,0.0931981300193403,0.09319813001934037
E2,SYN008,STRONG,AB,121,0.9999999999999999,9.08803349953242e-19,1.099652053443423e-16,3.296498883053003e-18,3.9887636484941345e-16,8.881784197001252e-16,6.938893903907228e-18,1.0354715405199851e-16,1.3093468961385717e-14,6.431098710768743e-13,4.098411438541839,4.09841143854184,0.021982475261952128,0.021982475261952135
E2,SYN008,STRONG,BA,121,1.0,5.731262930380502e-19,6.934828145760409e-17,3.3412664937723355e-18,4.042932457464527e-16,8.881784197001252e-16,3.469446951953614e-18,9.601502474084375e-17,4.0326165346062135e-15,5.084229945850415e-13,4.098411438541839,4.09841143854184,0.021982475261952128,0.02198247526195213
E2,SYN008,PAIRED_NULL,AB,121,1.0,9.379244826852907e-19,1.1348886240492018e-16,4.185232158621698e-18,5.064130911932254e-16,0.0,6.938893903907228e-18,1.1493115800126674e-16,1.6664089463164043e-14,4.547473508864641e-13,4.0906060560072275,4.0906060560072275,0.022123805927243095,0.0221238059272431
E2,SYN008,PAIRED_NULL,BA,121,0.9999999999999997,7.872786229752697e-19,9.526071338000763e-17,4.293353268454272e-18,5.194957454829669e-16,0.0,6.938893903907228e-18,1.1250320374669277e-16,1.1573179690568365e-14,6.431098710768743e-13,4.0906060560072275,4.0906060560072275,0.022123805927243095,0.0221238059272431
E2,SYN009,STRONG,AB,70,0.9999999999999998,2.8111813472302723e-19,1.9678269430611905e-17,7.760697534088778e-18,5.432488273862144e-16,0.0,2.7755575615628914e-17,7.722929687964419e-17,2.158219839402371e-15,1.1368683772161603e-13,2.816419622920267,2.816419622920267,0.12560379895280338,0.1256037989528034
E2,SYN009,STRONG,BA,70,0.9999999999999998,-1.157773034189878e-18,-8.104411239329146e-17,5.5265945712423495e-18,3.8686161998696446e-16,-4.440892098500626e-16,-2.7755575615628914e-17,7.306460883764704e-17,1.1460366705808067e-15,0.0,2.816419622920267,2.8164196229202667,0.12560379895280338,0.12560379895280335
E2,SYN009,PAIRED_NULL,AB,70,0.9999999999999998,3.4326615211014273e-18,2.4028630647709997e-16,6.757028086201422e-18,4.729919660340997e-16,4.440892098500626e-16,4.163336342344337e-17,1.1853379601367917e-16,4.981901987718167e-15,9.094947017729282e-13,2.951032076945521,2.9510320769455216,0.12081928188371911,0.12081928188371915
E2,SYN009,PAIRED_NULL,BA,70,1.0,4.420834358309644e-18,3.094584050816752e-16,1.4430279182049784e-17,1.010119542743485e-15,8.881784197001252e-16,1.1102230246251565e-16,1.0789505889594485e-16,9.89419120111004e-15,4.687428401686771e-13,2.951032076945521,2.951032076945522,0.12081928188371911,0.12081928188371922
E2,SYN010,STRONG,AB,100,0.9999999999999998,-1.0698364937000715e-18,-1.0698364937000715e-16,5.783322110613131e-18,5.783322110613131e-16,-4.440892098500626e-16,0.0,1.3497999185233736e-16,6.313945781981132e-15,4.547473508864641e-13,3.551422548444998,3.5514225484449975,0.04423338298871243,0.04423338298871243
E2,SYN010,STRONG,BA,100,0.9999999999999998,6.59059395599626e-19,6.59059395599626e-17,6.2018948255158155e-18,6.201894825515816e-16,8.881784197001252e-16,0.0,1.3401230067203148e-16,1.61259894326804e-14,0.0,3.551422548444998,3.551422548444999,0.04423338298871243,0.04423338298871243
E2,SYN010,PAIRED_NULL,AB,100,0.9999999999999998,-1.6650634863946134e-18,-1.6650634863946132e-16,6.816440202954084e-18,6.816440202954082e-16,-4.440892098500626e-16,-1.3877787807814457e-17,1.1998469208317613e-16,8.754645753858695e-15,4.547473508864641e-13,3.5485631205053325,3.548563120505332,0.04428555586893981,0.0442855558689398
E2,SYN010,PAIRED_NULL,BA,100,1.0,-1.0993810029003016e-18,-1.0993810029003014e-16,4.295378502201926e-18,4.295378502201925e-16,0.0,-6.938893903907228e-18,9.911481901887303e-17,3.3333550973221433e-15,6.431098710768743e-13,3.5485631205053325,3.5485631205053325,0.04428555586893981,0.044285555868939806
E2,SYN011,STRONG,AB,122,1.0,5.500437558465138e-19,6.71053382132747e-17,4.9449393524985666e-18,6.032826010048252e-16,0.0,0.0,1.2971046073291608e-16,5.119113018785752e-15,2.2737367544323206e-13,3.9676543532673887,3.9676543532673887,0.02724926694009569,0.02724926694009569
E2,SYN011,STRONG,BA,122,1.0,1.0389900532025535e-18,1.2675678649071154e-16,3.3588762134837245e-18,4.097828980450145e-16,4.440892098500626e-16,3.469446951953614e-18,9.024731120028637e-17,3.779011154182766e-15,2.2737367544323206e-13,3.9676543532673887,3.967654353267389,0.02724926694009569,0.027249266940095693
E2,SYN011,PAIRED_NULL,AB,122,0.9999999999999999,1.6608510943474157e-18,2.026238335103847e-16,5.47207679375805e-18,6.67593368838482e-16,1.3322676295501878e-15,1.3877787807814457e-17,1.364103861693552e-16,5.94148386404237e-15,5.084229945850415e-13,3.9672722883362104,3.9672722883362117,0.027253464881815914,0.027253464881815927
E2,SYN011,PAIRED_NULL,BA,122,1.0,4.996105810198316e-19,6.095249088441945e-17,3.2738739447279764e-18,3.994126212568131e-16,4.440892098500626e-16,3.469446951953614e-18,9.363691207777702e-17,2.121958522872275e-15,0.0,3.9672722883362104,3.967272288336211,0.027253464881815914,0.027253464881815917
E2,SYN012,STRONG,AB,150,1.0,4.88094265525818e-19,7.32141398288727e-17,2.2941969629800843e-18,3.441295444470126e-16,0.0,0.0,7.815165108797429e-17,7.707096609655926e-15,2.2737367544323206e-13,4.08014707553828,4.08014707553828,0.028247974159854985,0.028247974159854985
E2,SYN012,STRONG,BA,150,1.0,-5.151428509748053e-19,-7.727142764622079e-17,1.3858757394942701e-18,2.078813609241405e-16,0.0,-3.469446951953614e-18,5.955261099401835e-17,4.304016820363875e-15,2.2737367544323206e-13,4.08014707553828,4.08014707553828,0.028247974159854985,0.028247974159854982
E2,SYN012,PAIRED_NULL,AB,150,0.9999999999999999,-1.5774463983306286e-18,-2.3661695974959434e-16,3.999186281175571e-18,5.998779421763358e-16,0.0,-1.0408340855860843e-17,1.2494826774185e-16,9.637899797239918e-15,3.410605131648481e-13,4.117763252119639,4.117763252119639,0.02691409150738436,0.02691409150738435
E2,SYN012,PAIRED_NULL,BA,150,0.9999999999999999,-1.6962568863988317e-18,-2.544385329598248e-16,4.403448625075457e-18,6.605172937613186e-16,0.0,-1.3877787807814457e-17,1.1810779145291806e-16,8.070605116105774e-15,2.5421149729252077e-13,4.117763252119639,4.117763252119639,0.02691409150738436,0.026914091507384347
E2,SYN013,STRONG,AB,118,1.0,-4.6400177720777947e-20,-5.4752209710517974e-18,3.369847643133921e-18,3.9764202188980265e-16,0.0,0.0,7.161908341845815e-17,2.886579864025407e-15,0.0,3.728831370767703,3.728831370767703,0.03937665801301013,0.03937665801301013
E2,SYN013,STRONG,BA,118,0.9999999999999998,-1.007251382701046e-19,-1.1885566315872342e-17,6.9332132500961034e-18,8.181191635113402e-16,0.0,0.0,1.357746687951459e-16,3.720030555999554e-15,4.547473508864641e-13,3.728831370767703,3.728831370767703,0.03937665801301013,0.03937665801301013
E2,SYN013,PAIRED_NULL,AB,118,0.9999999999999998,2.409593387579013e-19,2.8433201973432354e-17,3.765766950247235e-18,4.443605001291737e-16,0.0,0.0,1.069425718671861e-16,6.03459934352706e-15,2.2737367544323206e-13,3.6418557266826554,3.6418557266826554,0.043061702862803905,0.043061702862803905
E2,SYN013,PAIRED_NULL,BA,118,0.9999999999999998,-1.9800471878866628e-19,-2.336455681706262e-17,4.885541158521937e-18,5.764938567055886e-16,-4.440892098500626e-16,0.0,9.30869492301338e-17,5.480383172363373e-15,2.2737367544323206e-13,3.6418557266826554,3.641855726682655,0.043061702862803905,0.043061702862803905
E2,SYN014,STRONG,AB,125,1.0,9.828292693581097e-20,1.2285365866976372e-17,2.6883336848072096e-18,3.360417106009012e-16,0.0,0.0,8.084630324736055e-17,2.699005893332689e-15,2.842170943040401e-14,3.7842007847202326,3.7842007847202326,0.033066524317219535,0.033066524317219535
E2,SYN014,STRONG,BA,125,0.9999999999999999,-1.8756697583999227e-19,-2.3445871979999033e-17,3.487593024266271e-18,4.359491280332838e-16,-4.440892098500626e-16,0.0,8.641030098560686e-17,3.43094728255129e-15,2.842170943040401e-14,3.7842007847202326,3.784200784720232,0.033066524317219535,0.033066524317219535
E2,SYN014,PAIRED_NULL,AB,125,1.0,8.562486657204271e-19,1.0703108321505342e-16,5.282529235898841e-18,6.603161544873552e-16,4.440892098500626e-16,6.938893903907228e-18,1.214507768324855e-16,4.190308494454686e-15,5.684341886080802e-14,3.7842007847202312,3.7842007847202317,0.03306652431721952,0.03306652431721953
E2,SYN014,PAIRED_NULL,BA,125,0.9999999999999999,7.773729576721067e-19,9.717161970901335e-17,3.9605651783507984e-18,4.950706472938499e-16,0.0,6.938893903907228e-18,9.578752854981862e-17,5.6497145671474324e-15,0.0,3.7842007847202312,3.7842007847202312,0.03306652431721952,0.03306652431721953
E2,SYN015,STRONG,AB,151,0.9999999999999999,2.8514158129026882e-19,4.3056378774830595e-17,8.135917355373462e-18,1.2285235206613927e-15,0.0,3.469446951953614e-18,1.6702175815272132e-16,6.427743642005211e-14,6.431098710768743e-13,4.036819074546298,4.036819074546298,0.027221380283798186,0.02722138028379819
E2,SYN015,STRONG,BA,151,1.0,-4.5221462301889185e-19,-6.828440807585266e-17,6.089307336128207e-18,9.194854077553593e-16,0.0,-3.469446951953614e-18,1.4708368350512998e-16,1.541329787816296e-14,4.547473508864641e-13,4.036819074546298,4.036819074546298,0.027221380283798186,0.027221380283798183
E2,SYN015,PAIRED_NULL,AB,151,1.0,1.9603595903500322e-18,2.960142981428549e-16,4.976858704839847e-18,7.51505664430817e-16,8.881784197001252e-16,1.3877787807814457e-17,1.513639427815054e-16,3.06085801865709e-14,1.639614891002561e-12,4.047375906610172,4.047375906610173,0.027090863507762557,0.02709086350776257
E2,SYN015,PAIRED_NULL,BA,151,0.9999999999999999,1.1897952069167293e-18,1.7965907624442614e-16,3.846862154521279e-18,5.808761853327132e-16,8.881784197001252e-16,1.734723475976807e-17,1.2469965320707836e-16,1.2165895531134376e-14,9.094947017729282e-13,4.047375906610172,4.047375906610173,0.027090863507762557,0.027090863507762575
E2,SYN016,STRONG,AB,89,1.0,8.200040307351743e-20,7.298035873543052e-18,4.1267772743966816e-18,3.6728317742130466e-16,0.0,0.0,7.176599451318711e-17,3.1802517608617387e-15,0.0,3.2733440541817993,3.2733440541817993,0.07435999952375472,0.07435999952375472
E2,SYN016,STRONG,BA,89,1.0,-4.613950256504324e-20,-4.106415728288848e-18,4.925554898325979e-18,4.383743859510121e-16,0.0,1.3877787807814457e-17,8.3726244816161e-17,1.4325458382260084e-15,0.0,3.2733440541817993,3.2733440541817993,0.07435999952375472,0.07435999952375473
E2,SYN016,PAIRED_NULL,AB,89,0.9999999999999999,2.576579053306317e-18,2.2931553574426227e-16,9.60678358325634e-18,8.5500373890981445e-16,0.0,5.551115123125783e-17,8.382502628377342e-17,5.307582330627361e-15,8.198074455012805e-13,3.205483609831353,3.205483609831353,0.08092107626128264,0.0809210762612827
E2,SYN016,PAIRED_NULL,BA,89,0.9999999999999999,1.3223611890258596e-18,1.1769014582330153e-16,6.56569113428116e-18,5.8434651095102335e-16,0.0,2.7755575615628914e-17,7.58334124467491e-17,3.244716323581909e-15,4.547473508864641e-13,3.205483609831353,3.205483609831353,0.08092107626128264,0.08092107626128267
E2,SYN017,STRONG,AB,168,0.9999999999999999,3.5754874099694023e-19,6.006818848748596e-17,2.8093911963547266e-18,4.719777209875941e-16,0.0,-3.469446951953614e-18,1.0171503802070393e-16,4.986154858175401e-15,4.547473508864641e-13,4.1434314670173915,4.1434314670173915,0.024780601207551083,0.02478060120755108
E2,SYN017,STRONG,BA,168,1.0,-3.181516252240527e-19,-5.344947303764086e-17,2.8821677830647916e-18,4.84204187554885e-16,-8.881784197001252e-16,0.0,9.253016077825226e-17,2.521280675277775e-15,2.2737367544323206e-13,4.1434314670173915,4.143431467017391,0.024780601207551083,0.024780601207551083
E2,SYN017,PAIRED_NULL,AB,168,0.9999999999999999,2.7558821962452414e-20,4.629882089692006e-18,2.835602663556578e-18,4.763812474775052e-16,0.0,-6.938893903907228e-18,1.0160773486502879e-16,7.995844130173355e-15,2.2737367544323206e-13,4.143431467017391,4.143431467017391,0.024780601207551076,0.02478060120755107
E2,SYN017,PAIRED_NULL,BA,168,0.9999999999999999,-2.1172798563688744e-19,-3.5570301586997095e-17,2.9545871425798685e-18,4.96370639953418e-16,0.0,-6.938893903907228e-18,8.398417864768332e-17,8.736738930880868e-15,2.2737367544323206e-13,4.143431467017391,4.143431467017391,0.024780601207551076,0.02478060120755107
E2,SYN018,STRONG,AB,64,1.0,-2.5643922478123943e-19,-1.6412110385999326e-17,1.0050457219675129e-17,6.432292620592083e-16,-4.440892098500626e-16,-1.3877787807814457e-17,1.3251062000776769e-16,1.9912387151341515e-15,0.0,3.024935853369241,3.0249358533692408,0.07733633426785841,0.0773363342678584
E2,SYN018,STRONG,BA,64,1.0,4.156814188650479e-19,2.660361080736307e-17,8.381417849302004e-18,5.364107423553284e-16,-4.440892098500626e-16,1.3877787807814457e-17,8.49837472194074e-17,2.535606133660035e-15,5.084229945850415e-13,3.024935853369241,3.0249358533692408,0.07733633426785841,0.07733633426785842
E2,SYN018,PAIRED_NULL,AB,64,1.0,-1.968504569418994e-18,-1.2598429244281562e-16,6.909533048653967e-18,4.422101151138539e-16,0.0,0.0,9.416369209003302e-17,3.577783230969456e-15,2.2737367544323206e-13,3.0060431525768028,3.0060431525768028,0.07828197459900867,0.07828197459900867
E2,SYN018,PAIRED_NULL,BA,64,1.0,-1.3688052427629493e-18,-8.760353553682876e-17,8.693766595137945e-18,5.564010620888285e-16,0.0,-1.3877787807814457e-17,8.168871605520532e-17,2.1165864759789277e-15,0.0,3.0060431525768028,3.0060431525768028,0.07828197459900867,0.07828197459900865
E2,SYN019,STRONG,AB,69,0.9999999999999999,1.6997618841828905e-18,1.1728357000861944e-16,6.495769332880072e-18,4.48208083968725e-16,4.440892098500626e-16,0.0,1.1559039315265975e-16,2.4639788417487347e-15,6.431098710768743e-13,3.3861228874634746,3.386122887463475,0.04705618467749615,0.04705618467749615
E2,SYN019,STRONG,BA,69,0.9999999999999999,2.023058401558097e-19,1.395910297075087e-17,5.376352033866795e-18,3.7096829033680885e-16,0.0,-6.938893903907228e-18,1.0736382837674621e-16,1.1460366705808067e-15,2.2737367544323206e-13,3.3861228874634746,3.3861228874634746,0.04705618467749615,0.04705618467749614
E2,SYN019,PAIRED_NULL,AB,69,1.0,-2.278788696590004e-18,-1.5723642006471028e-16,7.683600962733366e-18,5.301684664286022e-16,0.0,-1.3877787807814457e-17,1.2041655199913012e-16,4.037988581499561e-15,1.3642420526593924e-12,3.350836283685155,3.350836283685155,0.04954241363861887,0.04954241363861885
E2,SYN019,PAIRED_NULL,BA,69,1.0,-3.350813235978751e-18,-2.312061132825338e-16,7.55318021688767e-18,5.211694349652492e-16,0.0,-2.0816681711721685e-17,1.1210126175528405e-16,5.184025252080368e-15,4.547473508864641e-13,3.350836283685155,3.350836283685155,0.04954241363861887,0.049542413638618846
E2,SYN020,STRONG,AB,75,0.9999999999999998,2.259838728183953e-18,1.6948790461379648e-16,6.963515115863115e-18,5.222636336897337e-16,0.0,4.163336342344337e-17,7.381243294147134e-17,4.634285786661137e-15,2.2737367544323206e-13,2.9183381687630843,2.9183381687630843,0.09570927779177277,0.09570927779177281
E2,SYN020,STRONG,BA,75,0.9999999999999998,1.6064262188993557e-18,1.2048196641745168e-16,5.1766452991893675e-18,3.8824839743920253e-16,0.0,2.7755575615628914e-17,5.4980062140984604e-17,1.5937072450264345e-15,1.1368683772161603e-13,2.9183381687630843,2.9183381687630843,0.09570927779177277,0.0957092777917728
E2,SYN020,PAIRED_NULL,AB,75,1.0,4.340422697183636e-19,3.255317022887726e-17,7.317452405220848e-18,5.488089303915635e-16,-4.440892098500626e-16,0.0,7.417844725002737e-17,3.7640141899388375e-15,4.687428401686771e-13,2.672481231784033,2.6724812317840327,0.1339337815344069,0.1339337815344069
E2,SYN020,PAIRED_NULL,BA,75,1.0,-1.4665641386487257e-18,-1.0999231039865441e-16,5.8007096047552904e-18,4.350532203566467e-16,-4.440892098500626e-16,-5.551115123125783e-17,8.142120105012845e-17,1.7190550058712102e-15,4.547473508864641e-13,2.672481231784033,2.6724812317840327,0.1339337815344069,0.13393378153440685
E2,SYN021,STRONG,AB,160,1.0,-1.418780186650953e-19,-2.270048298641525e-17,2.9323024982252672e-18,4.691683997160427e-16,-8.881784197001252e-16,-3.469446951953614e-18,1.0360707665315626e-16,7.562499014109987e-15,2.2737367544323206e-13,4.369059738086958,4.369059738086957,0.017477241120052927,0.017477241120052923
E2,SYN021,STRONG,BA,160,1.0,-5.695449537337915e-19,-9.112719259740664e-17,2.5816061316460623e-18,4.1305698106336996e-16,-8.881784197001252e-16,-3.469446951953614e-18,9.314350512170388e-17,6.79026727319128e-15,6.431098710768743e-13,4.369059738086958,4.369059738086957,0.017477241120052927,0.017477241120052923
E2,SYN021,PAIRED_NULL,AB,160,0.9999999999999996,-8.125587063010503e-19,-1.3000939300816803e-16,2.650027879819544e-18,4.2400446077112704e-16,0.0,-3.469446951953614e-18,1.0249742509798484e-16,6.50151975267385e-15,3.2155493553843715e-13,4.357986805636484,4.357986805636484,0.017778674887445316,0.017778674887445313
E2,SYN021,PAIRED_NULL,BA,160,1.0,-1.2243861252560912e-19,-1.9590178004097458e-17,2.6766312434015597e-18,4.2826099894424955e-16,0.0,0.0,1.0338719065410935e-16,3.2888118751648032e-15,2.2737367544323206e-13,4.357986805636484,4.357986805636484,0.017778674887445316,0.017778674887445316
E2,SYN022,STRONG,AB,164,1.0,-1.1180421716953226e-18,-1.8335891615803288e-16,2.75024107508605e-18,4.510395363141121e-16,0.0,-6.938893903907228e-18,1.0622260180924258e-16,1.4483933765613837e-14,0.0,4.416295486572632,4.416295486572632,0.01677316040580901,0.016773160405809003
E2,SYN022,STRONG,BA,164,1.0,-1.030942393509368e-18,-1.6907455253553633e-16,2.4419075829926264e-18,4.0047284361079066e-16,0.0,-6.938893903907228e-18,9.822464799304232e-17,1.2468520839459622e-14,2.2914314707516465e-13,4.416295486572632,4.416295486572632,0.01677316040580901,0.016773160405809003
E2,SYN022,PAIRED_NULL,AB,164,1.0,-7.372078948737184e-19,-1.2090209475928984e-16,2.1055167215606334e-18,3.4530474233594394e-16,0.0,-6.938893903907228e-18,9.198942707263382e-17,5.580661381039194e-15,4.556346636343676e-13,4.387751801309843,4.387751801309843,0.01769612605810343,0.017696126058103424
E2,SYN022,PAIRED_NULL,BA,164,0.9999999999999998,1.670101059903357e-19,2.7389657382415062e-17,1.747965605025595e-18,2.8666635922419765e-16,0.0,0.0,7.390410646006538e-17,4.689796937892395e-15,2.2737367544323206e-13,4.387751801309843,4.387751801309843,0.01769612605810343,0.01769612605810343
E2,SYN023,STRONG,AB,166,1.0,5.477751864677328e-19,9.093068095364366e-17,2.3022550523548518e-18,3.821743386909055e-16,8.881784197001252e-16,6.938893903907228e-18,8.959053246024777e-17,7.39730857213955e-15,1.1368683772161603e-13,4.035295165157083,4.035295165157084,0.029351463525049887,0.029351463525049894
E2,SYN023,STRONG,BA,166,1.0,1.0504024963251883e-18,1.743668143899813e-16,3.7225735883374565e-18,6.17947215664018e-16,8.881784197001252e-16,1.0408340855860843e-17,1.2534089890940536e-16,1.0661274730422622e-14,1.1368683772161603e-13,4.035295165157083,4.035295165157084,0.029351463525049887,0.029351463525049897
E2,SYN023,PAIRED_NULL,AB,166,0.9999999999999999,2.567020090992129e-19,4.261253351046935e-17,3.583703551905785e-18,5.948947896163604e-16,8.881784197001252e-16,0.0,9.987850248586159e-17,4.296966008816357e-15,2.2737367544323206e-13,4.019563767507341,4.019563767507342,0.029848882227861098,0.029848882227861098
E2,SYN023,PAIRED_NULL,BA,166,0.9999999999999999,-1.663042037163383e-19,-2.760649781691216e-17,3.913267370289634e-18,6.496023834680793e-16,0.0,-6.938893903907228e-18,9.249559970280066e-17,4.632607022006966e-15,0.0,4.019563767507341,4.019563767507341,0.029848882227861098,0.02984888222786109
E2,SYN024,STRONG,AB,74,0.9999999999999998,-2.6158208833801453e-18,-1.9357074537013075e-16,1.173756543305181e-17,8.685798420458339e-16,-4.440892098500626e-16,-2.7755575615628914e-17,1.3852285625024806e-16,4.05298554574349e-15,1.1368683772161603e-13,3.1246343203391613,3.124634320339161,0.06478753142599002,0.06478753142598999
E2,SYN024,STRONG,BA,74,0.9999999999999998,-1.5812502630472712e-18,-1.1701251946549807e-16,6.5905764326143275e-18,4.877026560134602e-16,0.0,0.0,9.890966719375581e-17,4.1675892128015706e-15,0.0,3.1246343203391613,3.1246343203391613,0.06478753142599002,0.06478753142599002
E2,SYN024,PAIRED_NULL,AB,74,0.9999999999999999,1.7336246224236123e-18,1.282882220593473e-16,6.304943298192138e-18,4.665658040662182e-16,4.440892098500626e-16,2.7755575615628914e-17,8.374421374969038e-17,4.930643706944143e-15,4.547473508864641e-13,3.085983343073449,3.0859833430734493,0.0677014263704579,0.06770142637045792
E2,SYN024,PAIRED_NULL,BA,74,0.9999999999999999,7.919071273356962e-19,5.860112742284153e-17,4.962710247481593e-18,3.672405583136379e-16,0.0,1.3877787807814457e-17,6.45354437866309e-17,2.5132226049377535e-15,0.0,3.085983343073449,3.085983343073449,0.0677014263704579,0.06770142637045791
E2,SYN025,STRONG,AB,121,1.0,-1.9232268082384914e-18,-2.3271044379685746e-16,6.1676559000270426e-18,7.462863639032721e-16,-4.440892098500626e-16,-1.3877787807814457e-17,1.3359623462695754e-16,1.0024463338273717e-14,4.582862941503293e-13,3.788447155164508,3.7884471551645076,0.0348407949108148,0.034840794910814786
E2,SYN025,STRONG,BA,121,1.0,-1.247280515784977e-18,-1.5092094240998222e-16,3.620476749557401e-18,4.3807768669644546e-16,-4.440892098500626e-16,-6.938893903907228e-18,1.0289849753918975e-16,4.9662335176125704e-15,2.3437142008433856e-13,3.788447155164508,3.7884471551645076,0.0348407949108148,0.03484079491081479
E2,SYN025,PAIRED_NULL,AB,121,1.0,3.3758113097844117e-19,4.0847316848391386e-17,3.3515947468371163e-18,4.0554296436729114e-16,4.440892098500626e-16,6.938893903907228e-18,7.212153272507864e-17,2.5035976875871726e-15,2.842170943040401e-14,3.6537874831864596,3.65378748318646,0.04126733925097554,0.041267339250975546
E2,SYN025,PAIRED_NULL,BA,121,1.0,3.289567955154883e-19,3.980377225737409e-17,3.585881989110841e-18,4.338917206824119e-16,0.0,0.0,7.286871099440672e-17,3.939501055121523e-15,0.0,3.6537874831864596,3.6537874831864596,0.04126733925097554,0.04126733925097554
E2,SYN026,STRONG,AB,121,1.0,-1.5878297622149538e-18,-1.921274012280094e-16,6.046334431965428e-18,7.316064662678167e-16,-4.440892098500626e-16,-4.163336342344337e-17,1.0405449248399605e-16,5.748090175881859e-15,2.2737367544323206e-13,3.380111158544209,3.3801111585442087,0.06890969144144865,0.06890969144144861
E2,SYN026,STRONG,BA,121,1.0,5.423810971344065e-19,6.562811275326318e-17,2.9783272915789963e-18,3.6037760228105855e-16,4.440892098500626e-16,1.3877787807814457e-17,8.611814511855158e-17,4.304800243869155e-15,0.0,3.380111158544209,3.3801111585442096,0.06890969144144865,0.06890969144144866
E2,SYN026,PAIRED_NULL,AB,121,0.9999999999999999,2.9233137088710397e-19,3.537209587733959e-17,8.610843621303037e-18,1.0419120781776676e-15,8.881784197001252e-16,-1.3877787807814457e-17,1.2242250959010752e-16,3.065648093803658e-15,3.2155493553843715e-13,3.3099893868509107,3.3099893868509116,0.07231194145437538,0.07231194145437536
E2,SYN026,PAIRED_NULL,BA,121,1.0,8.780581540495983e-19,1.0624503664000141e-16,5.4066264143588585e-18,6.54201796137422e-16,4.440892098500626e-16,2.7755575615628914e-17,7.092240370251562e-17,3.1802517608617387e-15,0.0,3.3099893868509107,3.309989386850911,0.07231194145437538,0.0723119414543754
E2,SYN027,STRONG,AB,147,1.0,-6.429613903838357e-19,-9.451532438642385e-17,3.752836492319729e-18,5.516669643710002e-16,0.0,-3.469446951953614e-18,1.0831261099383838e-16,8.958112029944232e-15,0.0,4.1267731576090325,4.1267731576090325,0.0222063331077504,0.022206333107750397
E2,SYN027,STRONG,BA,147,0.9999999999999998,-1.503685155887634e-19,-2.2104171791548222e-17,3.524879306405228e-18,5.181572580415685e-16,0.0,-3.469446951953614e-18,9.772361119594585e-17,8.297350262062485e-15,0.0,4.1267731576090325,4.1267731576090325,0.0222063331077504,0.022206333107750397
E2,SYN027,PAIRED_NULL,AB,147,1.0,-2.836811296545831e-19,-4.170112605922372e-17,2.332877555603571e-18,3.4293300067372497e-16,0.0,0.0,8.007961576894505e-17,1.4432899320127035e-15,4.547473508864641e-13,4.126773157609033,4.126773157609033,0.0222063331077504,0.0222063331077504
E2,SYN027,PAIRED_NULL,BA,147,0.9999999999999998,-9.893344823930228e-19,-1.4543216891177435e-16,2.299025910527663e-18,3.3795680884756647e-16,-8.881784197001252e-16,-3.469446951953614e-18,9.04554752245968e-17,5.345186658880794e-15,2.842170943040401e-14,4.126773157609033,4.1267731576090325,0.0222063331077504,0.022206333107750397
E2,SYN028,STRONG,AB,168,1.0,2.690943003622412e-19,4.5207842460856524e-17,2.947510032130493e-18,4.951816853979228e-16,8.881784197001252e-16,3.469446951953614e-18,1.0676831934864486e-16,7.621143859362364e-15,4.687428401686771e-13,4.238924229109934,4.2389242291099345,0.02106060770038083,0.021060607700380832
E2,SYN028,STRONG,BA,168,1.0,2.4124305035847477e-19,4.052883246022376e-17,2.216304459302107e-18,3.72339149162754e-16,8.881784197001252e-16,0.0,8.047789606088498e-17,4.938701777284164e-15,1.1368683772161603e-13,4.238924229109934,4.2389242291099345,0.02106060770038083,0.02106060770038083
E2,SYN028,PAIRED_NULL,AB,168,1.0,-7.844130115108574e-19,-1.3178138593382405e-16,3.265240302641208e-18,5.485603708437229e-16,0.0,0.0,1.1082222239871954e-16,7.771561172376096e-15,5.684341886080802e-14,4.2349556394127505,4.2349556394127505,0.020991759553038405,0.020991759553038405
E2,SYN028,PAIRED_NULL,BA,168,1.0,-7.780400969553251e-19,-1.307107362884946e-16,2.473527223045841e-18,4.155525734717013e-16,0.0,-3.469446951953614e-18,8.6070084456971e-17,7.254949329465841e-15,5.684341886080802e-14,4.2349556394127505,4.2349556394127505,0.020991759553038405,0.020991759553038402
E2,SYN029,STRONG,AB,121,0.9999999999999998,7.816784051421834e-19,9.458308702220418e-17,3.8895269989304686e-18,4.706327668705867e-16,0.0,6.938893903907228e-18,8.999269903400626e-17,5.672881519374993e-15,2.2737367544323206e-13,3.559833611103182,3.559833611103182,0.04501024761542701,0.04501024761542702
E2,SYN029,STRONG,BA,121,0.9999999999999998,5.708862059048157e-19,6.90772309144827e-17,5.005228768545857e-18,6.056326809940486e-16,0.0,6.938893903907228e-18,7.294610193666461e-17,5.572603310699173e-15,2.2737367544323206e-13,3.559833611103182,3.559833611103182,0.04501024761542701,0.04501024761542702
E2,SYN029,PAIRED_NULL,AB,121,1.0,1.2920262562713364e-18,1.5633517700883173e-16,6.291667326693711e-18,7.612917465299392e-16,0.0,1.3877787807814457e-17,1.1586504962100916e-16,1.5183195202897906e-14,6.821210263296962e-13,3.515271416865268,3.515271416865268,0.04878053059134603,0.048780530591346044
E2,SYN029,PAIRED_NULL,BA,121,0.9999999999999998,8.025672176595952e-19,9.711063333681104e-17,5.274379640042749e-18,6.381999364451728e-16,0.0,0.0,1.2185120502075614e-16,1.4209064032904221e-14,4.547473508864641e-13,3.515271416865268,3.515271416865268,0.04878053059134603,0.04878053059134603
E2,SYN030,STRONG,AB,88,0.9999999999999998,2.7074253114055635e-19,2.382534274036896e-17,6.375938650101514e-18,5.610826012089332e-16,4.440892098500626e-16,0.0,1.1112389992982652e-16,1.333162970699079e-15,0.0,3.54105465081541,3.5410546508154104,0.040030716828477385,0.040030716828477385
E2,SYN030,STRONG,BA,88,1.0,1.5351317124056119e-18,1.3509159069169385e-16,5.145969612675402e-18,4.528453259154353e-16,4.440892098500626e-16,2.0816681711721685e-17,1.0619426822596733e-16,4.017619570362285e-15,4.547473508864641e-13,3.54105465081541,3.5410546508154104,0.040030716828477385,0.040030716828477406
E2,SYN030,PAIRED_NULL,AB,88,1.0,3.1437242822367333e-18,2.7664773683683257e-16,9.248864474907359e-18,8.1390007379184765e-16,4.440892098500626e-16,1.3877787807814457e-17,1.694932254089228e-16,1.0368722010022404e-14,5.084229945850415e-13,3.5410546508154095,3.54105465081541,0.04003071682847737,0.040030716828477385
E2,SYN030,PAIRED_NULL,BA,88,1.0,1.496476208812734e-18,1.316899063755206e-16,5.023121162764061e-18,4.4203466232323743e-16,0.0,6.938893903907228e-18,9.255200891507457e-17,4.6871109144457215e-15,5.084229945850415e-13,3.5410546508154095,3.5410546508154095,0.04003071682847737,0.04003071682847738
E2,SYN031,STRONG,AB,86,0.9999999999999999,-2.042334324914555e-18,-1.7564075194265174e-16,6.032592928997743e-18,5.188029918938059e-16,-4.440892098500626e-16,-2.7755575615628914e-17,1.0967925505114884e-16,5.746747164158522e-15,3.410605131648481e-13,3.2346763801295872,3.234676380129587,0.062928385333009,0.06292838533300897
E2,SYN031,STRONG,BA,86,0.9999999999999997,-1.2477780235087535e-18,-1.073089100217528e-16,4.520252238189533e-18,3.8874169248429987e-16,-4.440892098500626e-16,-1.3877787807814457e-17,7.61205674809462e-17,5.840086478930435e-15,2.2737367544323206e-13,3.2346763801295872,3.234676380129587,0.062928385333009,0.06292838533300898
E2,SYN031,PAIRED_NULL,AB,86,1.0,-1.1324239551570981e-18,-9.738846014351045e-17,4.658503017978343e-18,4.0063125954613754e-16,4.440892098500626e-16,0.0,7.349579335512049e-17,8.494549150105785e-16,1.1368683772161603e-13,3.235112985479091,3.2351129854790917,0.06291688721885431,0.06291688721885431
E2,SYN031,PAIRED_NULL,BA,86,1.0,-5.865407683126523e-19,-5.04425060748881e-17,3.534413568283047e-18,3.039595668723421e-16,4.440892098500626e-16,0.0,8.355534721610419e-17,7.422378124308506e-16,0.0,3.235112985479091,3.2351129854790917,0.06291688721885431,0.06291688721885431
E2,SYN032,STRONG,AB,165,1.0,1.0587501158037662e-18,1.746937691076214e-16,3.240061104325924e-18,5.346100822137775e-16,0.0,1.0408340855860843e-17,1.0331849408305961e-16,2.145416460973226e-14,1.016845989170083e-12,4.083508211565867,4.083508211565867,0.026109790321517265,0.026109790321517275
E2,SYN032,STRONG,BA,165,1.0,1.6603591167408932e-18,2.739592542622474e-16,4.7534767317751695e-18,7.84323660742903e-16,8.881784197001252e-16,1.3877787807814457e-17,1.4220765356495586e-16,3.397103387123201e-14,1.4380373887290168e-12,4.083508211565867,4.083508211565868,0.026109790321517265,0.02610979032151728
E2,SYN032,PAIRED_NULL,AB,165,1.0,1.7885229019599894e-19,2.9510627882339824e-17,3.742465017930388e-18,6.17506727958514e-16,0.0,0.0,1.1380466913888857e-16,7.907653027007566e-15,4.547473508864641e-13,4.121438730727381,4.121438730727381,0.02401858812554965,0.02401858812554965
E2,SYN032,PAIRED_NULL,BA,165,1.0,9.146929123743711e-20,1.5092433054177123e-17,1.8104380578828676e-18,2.9872227955067315e-16,0.0,3.469446951953614e-18,7.692916767309949e-17,9.847857296654917e-15,2.2737367544323206e-13,4.121438730727381,4.121438730727381,0.02401858812554965,0.024018588125549654
E2,SYN033,STRONG,AB,147,1.0,4.0565387405920236e-19,5.963111948670274e-17,2.4370120589054295e-18,3.5824077265909815e-16,0.0,0.0,8.76335874721793e-17,5.524254888659045e-15,7.105427357601002e-15,4.386111904657797,4.386111904657797,0.01595330445605538,0.01595330445605538
E2,SYN033,STRONG,BA,147,1.0,1.8318960176264432e-19,2.6928871459108716e-17,2.3783698189166572e-18,3.4962036338074864e-16,0.0,0.0,7.998561454418756e-17,3.0278199302630027e-15,2.1316282072803006e-14,4.386111904657797,4.386111904657797,0.01595330445605538,0.01595330445605538
E2,SYN033,PAIRED_NULL,AB,147,1.0,2.1155771472810265e-18,3.109898406503109e-16,4.2973212611235415e-18,6.317062253851606e-16,1.7763568394002505e-15,6.938893903907228e-18,1.5795035911215893e-16,2.226735820821274e-14,1.2710574864626038e-13,4.38066999247679,4.380669992476792,0.016093408848970772,0.01609340884897078
E2,SYN033,PAIRED_NULL,BA,147,1.0,2.178545691822489e-18,3.2024621669790587e-16,4.110768601790108e-18,6.042829844631459e-16,1.7763568394002505e-15,6.938893903907228e-18,1.5585020625849346e-16,3.0772427616818e-14,2.2914314707516465e-13,4.38066999247679,4.380669992476792,0.016093408848970772,0.01609340884897078
E2,SYN034,STRONG,AB,116,1.0,-4.639403908340451e-19,-5.3817085336749245e-17,4.6306075099497085e-18,5.371504711541663e-16,0.0,0.0,1.047247260852177e-16,4.199149988299987e-15,5.684341886080802e-14,3.810186458490398,3.810186458490398,0.03261906582361026,0.03261906582361026
E2,SYN034,STRONG,BA,116,0.9999999999999998,1.6718677896840052e-19,1.9393666360334464e-17,5.206715924368217e-18,6.039790472267133e-16,0.0,6.938893903907228e-18,1.1483292902289112e-16,4.028139828861757e-15,1.1368683772161603e-13,3.810186458490398,3.810186458490398,0.03261906582361026,0.032619065823610266
E2,SYN034,PAIRED_NULL,AB,116,0.9999999999999999,8.271714850428203e-20,9.595189226496713e-18,2.707845026304818e-18,3.1411002305135883e-16,4.440892098500626e-16,6.938893903907228e-18,8.190944705713268e-17,3.2153939009557204e-15,1.1368683772161603e-13,3.7710646457189787,3.771064645718979,0.034203065173734115,0.03420306517373412
E2,SYN034,PAIRED_NULL,BA,116,1.0,-1.3692725712855725e-19,-1.5883561826912637e-17,2.7315887431116607e-18,3.168642942009526e-16,0.0,0.0,7.084811160192791e-17,2.8650916764520167e-15,4.687428401686771e-13,3.7710646457189787,3.7710646457189787,0.034203065173734115,0.034203065173734115
E2,SYN035,STRONG,AB,115,0.9999999999999999,2.2950910118646955e-19,2.6393546636443992e-17,2.1480705354649856e-18,2.470281115784733e-16,4.440892098500626e-16,0.0,6.299279935186068e-17,1.035014368118291e-15,7.105427357601002e-15,3.7648406298351067,3.764840629835107,0.03506210360862177,0.03506210360862177
E2,SYN035,STRONG,BA,115,1.0,-1.9537440996251015e-18,-2.2468057145688664e-16,4.630327860436799e-18,5.324877039502318e-16,-4.440892098500626e-16,-2.7755575615628914e-17,1.0857103329594762e-16,6.539571751501729e-15,2.274846706538671e-13,3.7648406298351067,3.7648406298351063,0.03506210360862177,0.03506210360862174
E2,SYN035,PAIRED_NULL,AB,115,0.9999999999999998,2.936773710688997e-19,3.377289767292346e-17,2.8053893467171642e-18,3.2261977487247383e-16,0.0,6.938893903907228e-18,7.337285634122434e-17,2.9510444267455775e-15,2.274989746899235e-13,3.7126460891169533,3.7126460891169533,0.0379836324348605,0.037983632434860505
E2,SYN035,PAIRED_NULL,BA,115,0.9999999999999998,-2.4395727361546117e-18,-2.805508646577803e-16,5.610648462027667e-18,6.452245731331815e-16,-4.440892098500626e-16,-2.7755575615628914e-17,1.2370780045750251e-16,7.144822368152218e-15,2.274712327097273e-13,3.7126460891169533,3.712646089116953,0.0379836324348605,0.03798363243486047
E2,SYN036,STRONG,AB,114,1.0,7.095164052562074e-19,8.088487019920765e-17,2.846892836873503e-18,3.2454578340357936e-16,0.0,1.3877787807814457e-17,7.752341219133777e-17,4.820516745630519e-15,1.3830600733622803e-12,3.6999954628899308,3.6999954628899308,0.042488319151221275,0.04248831915122129
E2,SYN036,STRONG,BA,114,1.0,8.103876271151932e-19,9.238418949113203e-17,2.5213574608951502e-18,2.8743475054204714e-16,4.440892098500626e-16,1.3877787807814457e-17,5.990450028328656e-17,6.442874907421473e-15,9.374856803373542e-13,3.6999954628899308,3.699995462889931,0.042488319151221275,0.04248831915122129
E2,SYN036,PAIRED_NULL,AB,114,0.9999999999999998,7.267839891984793e-19,8.285337476862664e-17,4.642111369313628e-18,5.292006961017536e-16,0.0,2.0816681711721685e-17,1.0267159870179294e-16,2.342212445499524e-15,0.0,3.5474537845965326,3.5474537845965326,0.05295875969503855,0.05295875969503857
E2,SYN036,PAIRED_NULL,BA,114,0.9999999999999998,-1.0370952524364495e-18,-1.1822885877775527e-16,2.8342487799757044e-18,3.2310436091723034e-16,-8.881784197001252e-16,-6.938893903907228e-18,9.046794983451998e-17,3.638666429094061e-15,1.1368683772161603e-13,3.5474537845965326,3.5474537845965317,0.05295875969503855,0.05295875969503854
E2,SYN037,STRONG,AB,62,1.0,-2.2409759420002804e-18,-1.3894050840401737e-16,7.665398958856913e-18,4.752547354491285e-16,-4.440892098500626e-16,-1.3877787807814457e-17,9.088692921481272e-17,1.9267741524139814e-15,4.547473508864641e-13,3.1565159663465088,3.1565159663465083,0.06651767348415902,0.066517673484159
E2,SYN037,STRONG,BA,62,1.0,8.157746991362707e-19,5.0578031346448776e-17,4.8141639562877135e-18,2.984781652898382e-16,0.0,0.0,7.558498940988513e-17,1.536405411497394e-15,2.2737367544323206e-13,3.1565159663465088,3.1565159663465088,0.06651767348415902,0.06651767348415902
E2,SYN037,PAIRED_NULL,AB,62,1.0,3.055876284545837e-19,1.894643296418419e-17,4.533132290859568e-18,2.810542020332932e-16,0.0,0.0,8.157812658745805e-17,1.5722190574530443e-15,3.2155493553843715e-13,3.1435452936434,3.1435452936434,0.0680027357654704,0.0680027357654704
E2,SYN037,PAIRED_NULL,BA,62,1.0,7.047314121155779e-19,4.369334755116583e-17,2.383157333280891e-18,1.4775575466341525e-16,4.440892098500626e-16,0.0,5.525305320439387e-17,2.865091676452017e-16,2.2737367544323206e-13,3.1435452936434,3.1435452936434003,0.0680027357654704,0.0680027357654704
E2,SYN038,STRONG,AB,93,0.9999999999999997,-4.330251015511662e-19,-4.027133444425845e-17,4.21861334995721e-18,3.9233104154602047e-16,0.0,6.938893903907228e-18,1.0327798264786822e-16,2.716017375161623e-15,0.0,3.4763227392505303,3.4763227392505303,0.04741166384663322,0.04741166384663323
E2,SYN038,STRONG,BA,93,0.9999999999999998,-8.433169317437654e-19,-7.842847465217016e-17,9.339014707338178e-18,8.685283677824504e-16,4.440892098500626e-16,-1.3877787807814457e-17,1.1360783376568969e-16,3.5254057737593176e-15,1.1368683772161603e-13,3.4763227392505303,3.4763227392505307,0.04741166384663322,0.04741166384663321
E2,SYN038,PAIRED_NULL,AB,93,0.9999999999999998,-3.1118351063515407e-18,-2.894006648906932e-16,7.274688949812297e-18,6.765460723325435e-16,-4.440892098500626e-16,-2.0816681711721685e-17,1.5530377744250788e-16,3.925623267313709e-15,5.084229945850415e-13,3.4763227392505307,3.4763227392505303,0.047411663846633235,0.047411663846633215
E2,SYN038,PAIRED_NULL,BA,93,1.0,-2.8704398242652184e-18,-2.6695090365666525e-16,1.017434351845887e-17,9.462139472166746e-16,-4.440892098500626e-16,-2.7755575615628914e-17,1.3379318388250548e-16,3.682090474815287e-15,2.5421149729252077e-13,3.4763227392505307,3.4763227392505303,0.047411663846633235,0.04741166384663321
E2,SYN039,STRONG,AB,116,0.9999999999999999,-1.7071510931420465e-18,-1.9802952680447736e-16,5.5098143009964195e-18,6.391384589155845e-16,-1.3322676295501878e-15,-6.938893903907228e-18,1.258661130938509e-16,6.227993031687571e-15,9.374856803373542e-13,3.893961064509437,3.8939610645094356,0.032287724078399915,0.03228772407839991
E2,SYN039,STRONG,BA,116,0.9999999999999998,-1.9174489283224244e-18,-2.224240756854012e-16,5.5266619229434845e-18,6.410927830614441e-16,-1.3322676295501878e-15,-1.3877787807814457e-17,1.2735753315130695e-16,6.688198382217677e-15,6.431098710768743e-13,3.893961064509437,3.8939610645094356,0.032287724078399915,0.0322877240783999
E2,SYN039,PAIRED_NULL,AB,116,0.9999999999999999,7.890842104490406e-19,9.153376841208871e-17,4.478189436685933e-18,5.194699746555683e-16,0.0,6.938893903907228e-18,1.164463417832496e-16,3.8481762579346154e-15,9.094947017729282e-13,3.8213805497120585,3.8213805497120585,0.035077936437503725,0.03507793643750373
E2,SYN039,PAIRED_NULL,BA,116,0.9999999999999999,2.479177812515345e-19,2.8758462625178005e-17,3.903088065367557e-18,4.527582155826366e-16,0.0,0.0,9.473718629660861e-17,3.847280916785724e-15,4.547473508864641e-13,3.8213805497120585,3.8213805497120585,0.035077936437503725,0.035077936437503725
E2,SYN040,STRONG,AB,87,1.0,-9.584907998999006e-19,-8.338869959129132e-17,5.7054529740550736e-18,4.963744087427913e-16,-4.440892098500626e-16,0.0,9.940283393529558e-17,9.877403554568328e-15,0.0,3.605184119852648,3.6051841198526478,0.04111664601149123,0.04111664601149123
E2,SYN040,STRONG,BA,87,1.0,6.833900762491247e-19,5.945493663367384e-17,5.124539884535363e-18,4.458349699545764e-16,0.0,6.938893903907228e-18,8.4557760841555e-17,4.3842617708332545e-15,0.0,3.605184119852648,3.605184119852648,0.04111664601149123,0.04111664601149124
E2,SYN040,PAIRED_NULL,AB,87,1.0,-3.3320523663024337e-19,-2.898885558683116e-17,4.410750586367669e-18,3.8373530101398707e-16,4.440892098500626e-16,-6.938893903907228e-18,8.792498602440541e-17,2.47364852615676e-14,5.684341886080802e-14,3.602937127956476,3.6029371279564764,0.041176522023798394,0.04117652202379839
E2,SYN040,PAIRED_NULL,BA,87,0.9999999999999998,-1.1315581294446413e-18,-9.844555726168377e-17,4.4513797103895586e-18,3.8727003480389147e-16,4.440892098500626e-16,-1.3877787807814457e-17,7.602167102827167e-17,4.8135330846691666e-14,0.0,3.602937127956476,3.6029371279564764,0.041176522023798394,0.04117652202379838
E2,SYN041,STRONG,AB,60,1.0,-1.2459289965479256e-18,-7.475573979287553e-17,9.56945212458793e-18,5.741671274752759e-16,-4.440892098500626e-16,-1.3877787807814457e-17,9.483243148114973e-17,2.750488009393936e-15,4.547473508864641e-13,3.009855244916538,3.0098552449165377,0.08183810831244524,0.08183810831244523
E2,SYN041,STRONG,BA,60,1.0,-1.6321760204958865e-18,-9.793056122975319e-17,5.577766432491353e-18,3.346659859494812e-16,-4.440892098500626e-16,0.0,5.661155180775284e-17,2.9295562391721872e-15,6.431098710768743e-13,3.009855244916538,3.0098552449165377,0.08183810831244524,0.08183810831244524
E2,SYN041,PAIRED_NULL,AB,60,1.0,-2.122325752640375e-18,-1.2733954515842247e-16,9.73059998670848e-18,5.838359992025087e-16,-8.881784197001252e-16,-1.3877787807814457e-17,9.36509712219109e-17,3.38080817821338e-15,0.0,2.9602617264474094,2.9602617264474085,0.08746513719803022,0.0874651371980302
E2,SYN041,PAIRED_NULL,BA,60,1.0,-6.875648777178907e-19,-4.125389266307344e-17,9.600814046022074e-18,5.760488427613243e-16,-4.440892098500626e-16,1.3877787807814457e-17,1.1796757385386388e-16,3.163240279032805e-15,4.547473508864641e-13,2.9602617264474094,2.960261726447409,0.08746513719803022,0.08746513719803023
E2,SYN042,STRONG,AB,121,1.0,1.0248398634547898e-19,1.2400562347802957e-17,4.089757239599121e-18,4.948606259914936e-16,0.0,0.0,1.150358431264664e-16,1.9190742185335164e-14,2.2737367544323206e-13,3.854359081899182,3.854359081899182,0.03389955259867101,0.03389955259867101
E2,SYN042,STRONG,BA,121,1.0,8.469209428976386e-19,1.0247743409061427e-16,4.5327271238378436e-18,5.484599819843791e-16,0.0,6.938893903907228e-18,9.626738483404844e-17,1.7276502809005663e-14,2.2737367544323206e-13,3.854359081899182,3.854359081899182,0.03389955259867101,0.033899552598671015
E2,SYN042,PAIRED_NULL,AB,121,1.0,2.6715839172738114e-18,3.2326165399013123e-16,7.034332841578525e-18,8.511542738310017e-16,8.881784197001252e-16,2.0816681711721685e-17,1.6227895391007917e-16,3.048054640227945e-14,1.016845989170083e-12,3.8565797086851976,3.8565797086851985,0.033471385977793276,0.0334713859777933
E2,SYN042,PAIRED_NULL,BA,121,1.0,9.399965632835327e-19,1.1373958415730747e-16,3.505858611183684e-18,4.2420889195322586e-16,8.881784197001252e-16,1.3877787807814457e-17,1.0141829030920942e-16,1.4011193638999254e-14,4.547473508864641e-13,3.8565797086851976,3.8565797086851985,0.033471385977793276,0.03347138597779329
E2,SYN043,STRONG,AB,110,1.0,-8.869512999685395e-19,-9.756464299653934e-17,5.13408864541987e-18,5.647497509961858e-16,-4.440892098500626e-16,-6.938893903907228e-18,1.176738516986268e-16,1.4290372200987907e-14,4.547473508864641e-13,3.7417964003113138,3.7417964003113133,0.03381146517357523,0.03381146517357522
E2,SYN043,STRONG,BA,110,1.0,1.7236350446672963e-19,1.8959985491340262e-17,4.3968733975158834e-18,4.836560737267472e-16,0.0,0.0,9.766970746241141e-17,9.911426518226197e-15,6.431098710768743e-13,3.7417964003113138,3.7417964003113138,0.03381146517357523,0.03381146517357523
E2,SYN043,PAIRED_NULL,AB,110,1.0,2.1277467635028024e-19,2.3405214398530827e-17,3.737483343164557e-18,4.111231677481013e-16,8.881784197001252e-16,6.938893903907228e-18,7.404648411928424e-17,3.824897388063443e-15,3.2155493553843715e-13,3.7417964003113138,3.7417964003113147,0.03381146517357522,0.03381146517357523
E2,SYN043,PAIRED_NULL,BA,110,1.0,1.3903660814203316e-18,1.5294026895623647e-16,4.290473523548562e-18,4.719520875903419e-16,4.440892098500626e-16,1.3877787807814457e-17,9.891727299692703e-17,6.561059939075118e-15,7.190186943645084e-13,3.7417964003113138,3.741796400311314,0.03381146517357522,0.033811465173575236
E2,SYN044,STRONG,AB,117,0.9999999999999999,-6.329146015449568e-19,-7.405100838075993e-17,4.6798522449603096e-18,5.47542712660356e-16,-4.440892098500626e-16,0.0,1.0255429320938822e-16,5.685640130746694e-15,2.3437142008433856e-13,3.8990299704917355,3.899029970491735,0.028981129853707703,0.028981129853707703
E2,SYN044,STRONG,BA,117,0.9999999999999999,-5.939945235582977e-19,-6.949735925632081e-17,3.1564268515423664e-18,3.6930194163045677e-16,-4.440892098500626e-16,0.0,7.776322459120448e-17,4.379561229801575e-15,1.2710574864626038e-13,3.8990299704917355,3.899029970491735,0.028981129853707703,0.028981129853707703
E2,SYN044,PAIRED_NULL,AB,117,1.0,-1.833066173032383e-18,-2.1446874224478882e-16,4.5704098363907664e-18,5.347379508577196e-16,-4.440892098500626e-16,-1.0408340855860843e-17,1.1476739632964506e-16,1.8346435481930712e-14,2.5421149729252077e-13,3.8855351845957324,3.885535184595732,0.029260802411296305,0.029260802411296295
E2,SYN044,PAIRED_NULL,BA,117,1.0,-4.0657581468206416e-19,-4.75693703178015e-17,2.6757109984638224e-18,3.130581868202672e-16,-4.440892098500626e-16,0.0,8.798486004293724e-17,5.275350049267276e-15,2.3437142008433856e-13,3.8855351845957324,3.885535184595732,0.029260802411296305,0.029260802411296305
E2,SYN045,STRONG,AB,75,1.0,-1.8286876642588842e-19,-1.371515748194163e-17,5.288134272517035e-18,3.9661007043877754e-16,-8.881784197001252e-16,-6.938893903907228e-18,9.064656392713324e-17,2.6564771887603542e-15,5.684341886080802e-14,3.427366469387611,3.4273664693876102,0.04411096226009462,0.044110962260094616
E2,SYN045,STRONG,BA,75,1.0,9.248244531301352e-19,6.936183398476012e-17,4.354702895899633e-18,3.266027171924724e-16,0.0,0.0,7.527580626105456e-17,2.102261017596667e-15,2.842170943040401e-14,3.427366469387611,3.427366469387611,0.04411096226009462,0.04411096226009462
E2,SYN045,PAIRED_NULL,AB,75,1.0,-5.395712811736194e-19,-4.046784608802145e-17,4.672157685694182e-18,3.504118264270637e-16,0.0,0.0,8.132875046842237e-17,1.2928726189989726e-15,1.4210854715202004e-14,3.395071714527833,3.395071714527833,0.046210025408605776,0.046210025408605776
E2,SYN045,PAIRED_NULL,BA,75,0.9999999999999999,-2.6020852139652105e-20,-1.951563910473908e-18,9.169721730748224e-18,6.877291298061168e-16,-4.440892098500626e-16,6.938893903907228e-18,1.2922816683569418e-16,3.19547256039289e-15,1.1457157353758233e-13,3.395071714527833,3.3950717145278326,0.046210025408605776,0.04621002540860578
E2,SYN046,STRONG,AB,97,0.9999999999999999,3.793310435951217e-19,3.6795111228726807e-17,6.724896358138946e-18,6.523149467394778e-16,0.0,1.3877787807814457e-17,8.169792508697521e-17,6.308126064513339e-15,8.526512829121202e-14,3.1498103592479643,3.1498103592479643,0.08305421036439249,0.0830542103643925
E2,SYN046,STRONG,BA,97,1.0,-1.52291284537268e-19,-1.4772254600114998e-17,3.666797768779994e-18,3.5567938357165946e-16,0.0,-1.3877787807814457e-17,7.212153272507864e-17,1.27675647831893e-15,1.1368683772161603e-13,3.1498103592479643,3.1498103592479643,0.08305421036439249,0.08305421036439248
E2,SYN046,PAIRED_NULL,AB,97,0.9999999999999999,1.475409141939037e-19,1.431146867680866e-17,5.1108069732955725e-18,4.957482764096705e-16,0.0,0.0,6.400871058012364e-17,5.026445209875507e-15,2.842170943040401e-14,3.1491101686830842,3.1491101686830842,0.08315694910602474,0.08315694910602474
E2,SYN046,PAIRED_NULL,BA,97,0.9999999999999999,-9.894741991678277e-19,-9.597899731927929e-17,4.6545811697584756e-18,4.514943734665721e-16,-8.881784197001252e-16,0.0,6.013013008495178e-17,6.090110494758318e-15,2.842170943040401e-14,3.1491101686830842,3.1491101686830834,0.08315694910602474,0.08315694910602474
E2,SYN047,STRONG,AB,151,1.0,-3.412813543771631e-20,-5.153348451095163e-18,3.7741604393848875e-18,5.69898226347118e-16,0.0,-3.469446951953614e-18,1.0448199317427072e-16,2.9582071559367074e-15,2.5421149729252077e-13,4.02727593344874,4.02727593344874,0.030498041677822378,0.030498041677822375
E2,SYN047,STRONG,BA,151,1.0,-8.041988837759305e-19,-1.2143403145016551e-16,4.111311625212737e-18,6.208080554071233e-16,0.0,-2.0816681711721685e-17,9.878408689505698e-17,8.294440403328588e-15,0.0,4.02727593344874,4.02727593344874,0.030498041677822378,0.030498041677822357
E2,SYN047,PAIRED_NULL,AB,151,0.9999999999999999,-1.920150768059179e-18,-2.89942765976936e-16,5.169622603827608e-18,7.806130131779688e-16,-8.881784197001252e-16,-1.734723475976807e-17,1.5125580124952546e-16,1.2271545786703546e-14,5.684341886080801e-13,4.026729705251973,4.026729705251972,0.030509051684665996,0.03050905168466598
E2,SYN047,PAIRED_NULL,BA,151,1.0,-1.5412185187020763e-18,-2.3272399632401353e-16,3.419694369095158e-18,5.163738497333688e-16,-8.881784197001252e-16,-1.0408340855860843e-17,1.1711471369768438e-16,9.356315005913618e-15,5.084229945850415e-13,4.026729705251973,4.026729705251972,0.030509051684665996,0.030509051684665986
E2,SYN048,STRONG,AB,105,1.0,2.505023305190318e-18,2.6302744704498333e-16,9.176066616369365e-18,9.634869947187833e-16,0.0,3.469446951953614e-17,1.2927473135097372e-16,1.1274135746838686e-14,4.54749302446187e-13,3.5228839789744844,3.5228839789744844,0.048382458400696465,0.0483824584006965
E2,SYN048,STRONG,BA,105,1.0,-5.466185952947752e-19,-5.739495250595139e-17,4.594118615291697e-18,4.823824546056281e-16,-8.881784197001252e-16,-1.3877787807814457e-17,1.0251760771609873e-16,5.07121226732007e-15,8.881784197001252e-16,3.5228839789744844,3.5228839789744835,0.048382458400696465,0.04838245840069645
E2,SYN048,PAIRED_NULL,AB,105,0.9999999999999998,-7.59715950863057e-19,-7.977017484062098e-17,6.581207285890914e-18,6.910267650185459e-16,0.0,0.0,1.4234249143548578e-16,1.2534776084477575e-15,1.3642420526593924e-12,3.499490903585744,3.499490903585744,0.04896031772297519,0.04896031772297519
E2,SYN048,PAIRED_NULL,BA,105,1.0,1.0416085157092882e-19,1.0936889414947526e-17,4.952429548851865e-18,5.200051026294458e-16,0.0,6.938893903907228e-18,9.450661414470315e-17,3.5419695850138058e-15,4.547473508864641e-13,3.499490903585744,3.499490903585744,0.04896031772297519,0.0489603177229752
E2,SYN049,STRONG,AB,99,0.9999999999999998,1.2002884657011241e-18,1.1882855810441129e-16,5.18327957992626e-18,5.131446784126997e-16,4.440892098500626e-16,6.938893903907228e-18,1.1286372766659226e-16,7.678445692891405e-15,0.0,3.7839980646767084,3.783998064676709,0.030697691682352448,0.030697691682352455
E2,SYN049,STRONG,BA,99,0.9999999999999998,6.216366244010955e-19,6.154202581570845e-17,4.813657241176417e-18,4.765520668764653e-16,0.0,3.469446951953614e-18,9.960697003288658e-17,4.927957683497469e-15,2.2737367544323206e-13,3.7839980646767084,3.7839980646767084,0.030697691682352448,0.03069769168235245
E2,SYN049,PAIRED_NULL,AB,99,1.0,1.3707217617547167e-18,1.3570145441371695e-16,4.679094517920813e-18,4.632303572741604e-16,8.881784197001252e-16,6.938893903907228e-18,1.114483894389175e-16,4.33703252522924e-15,5.084229945850415e-13,3.7834136965900127,3.7834136965900136,0.03070505256618282,0.030705052566182826
E2,SYN049,PAIRED_NULL,BA,99,1.0,1.3655197816342053e-18,1.351864583817863e-16,4.617608068502381e-18,4.571431987817358e-16,8.881784197001252e-16,6.938893903907228e-18,1.082222780868379e-16,1.1193107372864027e-14,0.0,3.7834136965900127,3.7834136965900136,0.03070505256618282,0.030705052566182826
E2,SYN050,STRONG,AB,144,1.0,-1.5901631863120731e-18,-2.2898349882893854e-16,4.661915650278985e-18,6.713158536401738e-16,-1.7763568394002505e-15,-1.0408340855860843e-17,1.4056747021053647e-16,2.6889333054076623e-14,2.3437142008433856e-13,4.1577870793676865,4.157787079367685,0.022587478483692646,0.022587478483692636
E2,SYN050,STRONG,BA,144,0.9999999999999999,1.8917069155346042e-19,2.7240579583698302e-17,1.788950161557968e-18,2.576088232643474e-16,0.0,0.0,7.791062025520115e-17,1.0124517711662314e-14,2.842170943040401e-14,4.1577870793676865,4.1577870793676865,0.022587478483692646,0.022587478483692646
E2,SYN050,PAIRED_NULL,AB,144,1.0,1.401839527705867e-19,2.0186489198964486e-17,2.5651693851776062e-18,3.693843914655753e-16,8.881784197001252e-16,-6.938893903907228e-18,9.077304226213808e-17,4.527068684081409e-15,0.0,4.157787079367686,4.1577870793676865,0.02258747848369265,0.022587478483692643
E2,SYN050,PAIRED_NULL,BA,144,1.0,9.74134946728404e-19,1.402754323288902e-16,2.663909925828335e-18,3.836030293192803e-16,8.881784197001252e-16,3.469446951953614e-18,8.785008611642154e-17,3.422665376924046e-15,2.842170943040401e-14,4.157787079367686,4.1577870793676865,0.02258747848369265,0.022587478483692653
E2,SYN051,STRONG,AB,140,0.9999999999999999,1.5287734650872616e-19,2.1402828511221664e-17,7.956610777745827e-18,1.1139255088844157e-15,0.0,2.0816681711721685e-17,1.3166911150006096e-16,5.8107640563042465e-15,4.547473508864641e-13,3.814554832035162,3.814554832035162,0.03762473290146588,0.0376247329014659
E2,SYN051,STRONG,BA,140,1.0,1.3320198119107627e-19,1.864827736675068e-17,2.818235837232967e-18,3.945530172126154e-16,0.0,-1.3877787807814457e-17,9.266979836692914e-17,4.669204091467896e-15,4.556346636343676e-13,3.814554832035162,3.814554832035162,0.03762473290146588,0.03762473290146587
E2,SYN051,PAIRED_NULL,AB,140,1.0,-1.0588879878332759e-18,-1.4824431829665863e-16,4.164007194796041e-18,5.829610072714457e-16,-4.440892098500626e-16,-6.938893903907228e-18,1.092892999288184e-16,2.2886486612671046e-14,4.547473508864641e-13,3.780064363922234,3.7800643639222336,0.03848195200186116,0.03848195200186115
E2,SYN051,PAIRED_NULL,BA,140,0.9999999999999998,-1.3167732188601853e-18,-1.8434825064042595e-16,4.183353284447782e-18,5.856694598226895e-16,-8.881784197001252e-16,-2.0816681711721685e-17,1.0928241599709524e-16,1.5995941130803945e-14,1.1368683772161603e-13,3.780064363922234,3.780064363922233,0.03848195200186116,0.038481952001861136
E2,SYN052,STRONG,AB,74,0.9999999999999999,-9.853053526979754e-19,-7.291259609965017e-17,4.599368692128648e-18,3.403532832175199e-16,-4.440892098500626e-16,-1.3877787807814457e-17,6.61132225360222e-17,9.275734302513405e-16,2.2737367544323206e-13,3.0568370929198747,3.0568370929198743,0.08025957799206333,0.08025957799206332
E2,SYN052,STRONG,BA,74,1.0,-1.0050847166554811e-18,-7.43762690325056e-17,4.3939955470395814e-18,3.25155670480929e-16,-4.440892098500626e-16,-1.3877787807814457e-17,5.673102760397839e-17,9.992007221626409e-16,1.1368683772161603e-13,3.0568370929198747,3.0568370929198743,0.08025957799206333,0.08025957799206332
E2,SYN052,PAIRED_NULL,AB,74,0.9999999999999998,-1.583081685635929e-18,-1.1714804473705875e-16,1.0691183155016703e-17,7.91147553471236e-16,-4.440892098500626e-16,-4.163336342344337e-17,1.0128467909511356e-16,1.3895694630792281e-15,4.687428401686771e-13,3.0846468251626664,3.084646825162666,0.07652360847109312,0.07652360847109307
E2,SYN052,PAIRED_NULL,BA,74,1.0,-6.671872490480899e-19,-4.937185642955865e-17,5.004055731500434e-18,3.7030012413103214e-16,0.0,1.3877787807814457e-17,6.092560251037807e-17,1.0529211910961163e-15,0.0,3.0846468251626664,3.0846468251626664,0.07652360847109312,0.07652360847109313
E2,SYN053,STRONG,AB,167,1.0,1.0170481831343252e-18,1.6984704658343235e-16,3.851651257159052e-18,6.432257599455618e-16,8.881784197001252e-16,3.469446951953614e-18,1.1771380262482812e-16,6.476002529930449e-15,6.915300366811402e-13,4.21273303696255,4.212733036962551,0.02468142194378149,0.024681421943781492
E2,SYN053,STRONG,BA,167,1.0,1.3229944548611479e-18,2.2094007396181175e-16,3.090354036473532e-18,5.160891240910799e-16,8.881784197001252e-16,6.938893903907228e-18,1.0712531974077664e-16,7.312251162994881e-15,5.084229945850415e-13,4.21273303696255,4.212733036962551,0.02468142194378149,0.024681421943781496
E2,SYN053,PAIRED_NULL,AB,167,1.0,-5.168219712181089e-19,-8.630926919342419e-17,3.1669481331226657e-18,5.288803382314851e-16,0.0,-6.938893903907228e-18,9.257842302996666e-17,1.0109296912131164e-14,2.2737367544323206e-13,4.210332857926123,4.210332857926123,0.024485742829024153,0.024485742829024146
E2,SYN053,PAIRED_NULL,BA,167,1.0,-3.67825325358574e-19,-6.142682933488186e-17,2.7789888978592637e-18,4.64091145942497e-16,0.0,-3.469446951953614e-18,7.871516844267253e-17,5.319221765562948e-15,5.084229945850415e-13,4.210332857926123,4.210332857926123,0.024485742829024153,0.02448574282902415
E2,SYN054,STRONG,AB,112,1.0,4.454183255490114e-19,4.988685246148928e-17,4.513180767835868e-18,5.054762459976172e-16,4.440892098500626e-16,2.0816681711721685e-17,8.416984847962973e-17,3.800723177043379e-15,0.0,3.524980023449418,3.5249800234494186,0.05831421592866574,0.05831421592866576
E2,SYN054,STRONG,BA,112,0.9999999999999999,1.566708440653579e-18,1.7547134535320086e-16,5.834015270173905e-18,6.534097102594774e-16,8.881784197001252e-16,1.3877787807814457e-17,9.504044755163239e-17,7.203019542830148e-15,3.2155493553843715e-13,3.524980023449418,3.524980023449419,0.05831421592866574,0.05831421592866575
E2,SYN054,PAIRED_NULL,AB,112,0.9999999999999999,-3.230825670241403e-20,-3.618524750670372e-18,2.712765310817995e-18,3.0382971481161543e-16,0.0,0.0,6.590237088201092e-17,9.096666072735153e-16,0.0,3.4691538696391975,3.4691538696391975,0.060826191905946674,0.060826191905946674
E2,SYN054,PAIRED_NULL,BA,112,1.0,1.2977149775469635e-18,1.4534407748525993e-16,4.052022944980136e-18,4.538265698377752e-16,4.440892098500626e-16,2.0816681711721685e-17,7.653699450666818e-17,5.150002288422501e-15,3.2155493553843715e-13,3.4691538696391975,3.469153869639198,0.060826191905946674,0.060826191905946694
E2,SYN055,STRONG,AB,94,0.9999999999999999,-1.0846346999479323e-18,-1.019556617951056e-16,5.151920168437738e-18,4.842804958331472e-16,4.440892098500626e-16,-2.0816681711721685e-17,7.232985647708448e-17,6.3981078499769106e-15,1.2710574864626038e-13,3.461506480826167,3.4615064808261673,0.0535253948797829,0.05352539487978288
E2,SYN055,STRONG,BA,94,1.0,-1.4253221645201724e-18,-1.3398028346489616e-16,7.556856893933545e-18,7.10344548029753e-16,4.440892098500626e-16,-2.7755575615628914e-17,7.017594354982998e-17,9.037573556908331e-15,1.4210854715202004e-13,3.461506480826167,3.4615064808261673,0.0535253948797829,0.053525394879782875
E2,SYN055,PAIRED_NULL,AB,94,1.0,-1.3145951341386741e-18,-1.2357194260903532e-16,4.674469573990018e-18,4.3940013995506153e-16,0.0,-1.3877787807814457e-17,7.548539127806069e-17,1.0715442869930543e-14,1.1368683772161603e-13,3.4258679064181625,3.4258679064181625,0.05524856103685409,0.05524856103685408
E2,SYN055,PAIRED_NULL,BA,94,1.0,-7.972922890751117e-19,-7.494547517306047e-17,4.281130108694581e-18,4.024262302172905e-16,0.0,-6.938893903907228e-18,9.917552324689985e-17,7.97390827202552e-15,1.2710574864626038e-13,3.4258679064181625,3.4258679064181625,0.05524856103685409,0.055248561036854084
E2,SYN056,STRONG,AB,124,1.0,-1.7760368248880492e-19,-2.2022856628611812e-17,3.1453631165832404e-18,3.9002502645632184e-16,0.0,-6.938893903907228e-18,7.174502563194676e-17,3.4488541055291155e-15,0.0,3.569818089661129,3.569818089661129,0.04504605229390319,0.04504605229390318
E2,SYN056,STRONG,BA,124,1.0,5.819936056940838e-19,7.216720710606639e-17,3.1209689954547097e-18,3.87000155436384e-16,0.0,6.938893903907228e-18,6.308528888848759e-17,4.9924222462176395e-15,2.278173318171838e-13,3.569818089661129,3.569818089661129,0.04504605229390319,0.0450460522939032
E2,SYN056,PAIRED_NULL,AB,124,1.0,3.8116482626443515e-21,4.726443845678996e-19,3.654855152370785e-18,4.532020388939773e-16,4.440892098500626e-16,6.938893903907228e-18,8.625835079870711e-17,2.3762354091573914e-15,0.0,3.4997543471670833,3.499754347167084,0.048788170976779635,0.04878817097677964
E2,SYN056,PAIRED_NULL,BA,124,0.9999999999999998,9.578986305925044e-19,1.1877943019347056e-16,3.1503036902724167e-18,3.906376575937797e-16,4.440892098500626e-16,1.3877787807814457e-17,8.849852948558337e-17,3.783264024639999e-15,1.1368683772161603e-13,3.4997543471670833,3.499754347167084,0.048788170976779635,0.04878817097677965
E2,SYN057,STRONG,AB,162,1.0,-2.655291431689036e-19,-4.301572119336239e-17,1.617771334646071e-18,2.620789562126635e-16,-8.881784197001252e-16,-6.938893903907228e-18,7.954704966402215e-17,2.8735974173664838e-15,0.0,4.1141276047828335,4.114127604782833,0.027109629667413485,0.02710962966741348
E2,SYN057,STRONG,BA,162,1.0,-1.1523830961410359e-19,-1.8668606157484783e-17,1.9902156169633392e-18,3.2241492994806095e-16,-8.881784197001252e-16,-3.469446951953614e-18,7.197273418215811e-17,5.163880076230315e-15,0.0,4.1141276047828335,4.114127604782833,0.027109629667413485,0.027109629667413482
E2,SYN057,PAIRED_NULL,AB,162,1.0,-3.181497578674671e-19,-5.1540260774529673e-17,2.5560432115814002e-18,4.1407900027618686e-16,0.0,-3.469446951953614e-18,1.0082870356349757e-16,1.7763568394002505e-15,4.556346636343676e-13,4.083694165431533,4.083694165431533,0.028299972640961374,0.02829997264096137
E2,SYN057,PAIRED_NULL,BA,162,1.0,-2.0031806342720218e-19,-3.2451526275206755e-17,2.0981937710550035e-18,3.3990739091091057e-16,0.0,-3.469446951953614e-18,8.090676647699513e-17,2.005564173516412e-15,4.547473508864641e-13,4.083694165431533,4.083694165431533,0.028299972640961374,0.02829997264096137
E2,SYN058,STRONG,AB,66,1.0,-2.004028617873538e-18,-1.322658887796535e-16,9.037741738646303e-18,5.964909547506559e-16,-8.881784197001252e-16,-1.3877787807814457e-17,1.2559685486009074e-16,7.455058076243038e-15,5.084229945850415e-13,3.3207611724262187,3.320761172426218,0.05060698277862012,0.05060698277862011
E2,SYN058,STRONG,BA,66,0.9999999999999999,3.3624641239488895e-19,2.219226321806267e-17,7.093112058449427e-18,4.681453958576622e-16,0.0,1.3877787807814457e-17,9.649959693007062e-17,4.069997027572423e-15,5.084229945850415e-13,3.3207611724262187,3.3207611724262187,0.05060698277862012,0.050606982778620135
E2,SYN058,PAIRED_NULL,AB,66,1.0,-1.273218858048555e-18,-8.403244463120463e-17,8.00115147233706e-18,5.280759971742459e-16,0.0,-6.938893903907228e-18,1.1678986347133653e-16,3.870112116082451e-15,0.0,3.253959663628481,3.253959663628481,0.05627989528278869,0.056279895282788685
E2,SYN058,PAIRED_NULL,BA,66,1.0,-1.375273494360164e-18,-9.076805062777082e-17,9.605319307710549e-18,6.339510743088962e-16,0.0,-6.938893903907228e-18,1.1905941927140357e-16,4.572059576813195e-15,2.2737367544323206e-13,3.253959663628481,3.253959663628481,0.05627989528278869,0.056279895282788685
E2,SYN059,STRONG,AB,122,0.9999999999999999,-1.298265449778493e-18,-1.5838838487297615e-16,3.7726306438693766e-18,4.60260938552064e-16,-8.881784197001252e-16,-6.938893903907228e-18,1.0991906629648834e-16,8.29533574447748e-15,4.556346636343676e-13,3.9555409094115057,3.955540909411505,0.030325619078683884,0.030325619078683877
E2,SYN059,STRONG,BA,122,0.9999999999999999,-2.4772242260683143e-20,-3.022213555803344e-18,2.122243706098596e-18,2.5891373214402875e-16,0.0,0.0,6.557621866158588e-17,1.9840759859430217e-15,0.0,3.9555409094115057,3.9555409094115057,0.030325619078683884,0.030325619078683884
E2,SYN059,PAIRED_NULL,AB,122,1.0,7.560810488196173e-19,9.224188795599331e-17,5.264570535341506e-18,6.422776053116637e-16,4.440892098500626e-16,1.3877787807814457e-17,1.142763490876356e-16,8.321972143656995e-15,5.684341886080802e-14,3.9115963831924914,3.911596383192492,0.03223241062775932,0.032232410627759334
E2,SYN059,PAIRED_NULL,BA,122,1.0,-1.3281754328667841e-18,-1.6203740280974765e-16,4.200561306648611e-18,5.124684794111305e-16,-4.440892098500626e-16,-6.938893903907228e-18,1.1075431661881507e-16,1.5108434216965488e-14,4.687428401686771e-13,3.9115963831924914,3.911596383192491,0.03223241062775932,0.03223241062775931
E2,SYN060,STRONG,AB,140,1.0,-6.789816105190472e-19,-9.505742547266661e-17,2.6615260954251804e-18,3.7261365335952533e-16,-8.881784197001252e-16,-6.938893903907228e-18,9.201191462667382e-17,3.907268773761438e-15,2.2737367544323206e-13,4.1089575174943835,4.108957517494383,0.022947172127903676,0.02294717212790367
E2,SYN060,STRONG,BA,140,1.0,-4.518799768894942e-19,-6.32631967645292e-17,2.6661208832492853e-18,3.732569236549e-16,-8.881784197001252e-16,-3.469446951953614e-18,7.626127333437518e-17,3.9645706072904785e-15,0.0,4.1089575174943835,4.108957517494383,0.022947172127903676,0.022947172127903672
E2,SYN060,PAIRED_NULL,AB,140,1.0,1.327179623640738e-18,1.8580514730970335e-16,4.893290830513371e-18,6.85060716271872e-16,8.881784197001252e-16,1.0408340855860843e-17,1.2681143038954003e-16,6.5503158452884236e-15,6.915300366811402e-13,4.108957517494383,4.1089575174943835,0.02294717212790367,0.02294717212790368
E2,SYN060,PAIRED_NULL,BA,140,1.0,1.2009475135584971e-18,1.6813265189818962e-16,4.141928367317215e-18,5.798699714244102e-16,8.881784197001252e-16,1.3877787807814457e-17,1.1532486810678587e-16,3.998593570948346e-15,4.687428401686771e-13,4.108957517494383,4.1089575174943835,0.02294717212790367,0.022947172127903682
E2,SYN061,STRONG,AB,100,1.0,-2.230474919345804e-18,-2.230474919345804e-16,6.804751281571552e-18,6.804751281571552e-16,-1.3322676295501878e-15,-1.0408340855860843e-17,1.4129213559072896e-16,7.293448998868165e-15,5.084229945850415e-13,3.824386569152547,3.8243865691525456,0.031183118977917434,0.031183118977917423
E2,SYN061,STRONG,BA,100,1.0,-1.0928757898653885e-18,-1.0928757898653885e-16,4.778026818002237e-18,4.778026818002237e-16,-8.881784197001252e-16,-3.469446951953614e-18,1.278056858705208e-16,4.935120412688599e-15,4.687428401686771e-13,3.824386569152547,3.824386569152546,0.031183118977917434,0.03118311897791743
E2,SYN061,PAIRED_NULL,AB,100,1.0,2.006722695999108e-18,2.0067226959991078e-16,6.670489021933073e-18,6.670489021933072e-16,0.0,2.0816681711721685e-17,1.2358002510876568e-16,1.87623214455907e-14,2.2737367544323206e-13,3.818034936880944,3.818034936880944,0.031318907848073646,0.03131890784807367
E2,SYN061,PAIRED_NULL,BA,100,1.0,1.4516111836865297e-18,1.4516111836865297e-16,4.712983048071052e-18,4.712983048071052e-16,0.0,1.3877787807814457e-17,1.1073733366745878e-16,1.623432571169624e-14,0.0,3.818034936880944,3.818034936880944,0.031318907848073646,0.03131890784807366
E2,SYN062,STRONG,AB,134,1.0,1.8281752303962666e-18,2.449754808730998e-16,5.9158954947606025e-18,7.927299962979209e-16,8.881784197001252e-16,1.0408340855860843e-17,1.3858801281840907e-16,1.633057488520205e-14,5.084229945850415e-13,4.0694882606557945,4.069488260655795,0.024789754107058182,0.024789754107058193
E2,SYN062,STRONG,BA,134,1.0,9.938857041991653e-19,1.3318068436268818e-16,3.606979791332983e-18,4.8333529203861985e-16,8.881784197001252e-16,3.469446951953614e-18,1.1236268760188927e-16,5.902984194640046e-15,6.821210263296962e-13,4.0694882606557945,4.069488260655795,0.024789754107058182,0.024789754107058186
E2,SYN062,PAIRED_NULL,AB,134,0.9999999999999999,-1.606075606256512e-19,-2.1521413123837263e-17,3.586041602110114e-18,4.805295746827553e-16,8.881784197001252e-16,6.938893903907228e-18,1.1275702593849246e-16,4.422985275522801e-15,0.0,4.0694882606557945,4.069488260655795,0.024789754107058193,0.0247897541070582
E2,SYN062,PAIRED_NULL,BA,134,0.9999999999999999,-4.755521096107129e-19,-6.372398268783552e-17,3.2236745077096946e-18,4.3197238403309907e-16,0.0,-3.469446951953614e-18,1.0228986399439232e-16,5.259681579161679e-15,2.2737367544323206e-13,4.0694882606557945,4.0694882606557945,0.024789754107058193,0.02478975410705819
E2,SYN063,STRONG,AB,180,1.0,5.405764269376945e-19,9.7303756848785e-17,2.6477284078018387e-18,4.765911134043309e-16,0.0,3.469446951953614e-18,1.0924282497143748e-16,5.709366671192312e-15,2.5421149729252077e-13,4.506924060676264,4.506924060676264,0.014522890483066897,0.0145228904830669
E2,SYN063,STRONG,BA,180,1.0,5.229204957260382e-19,9.412568923068687e-17,2.086237284765607e-18,3.7552271125780927e-16,0.0,3.469446951953614e-18,9.620484561930527e-17,8.102613562178638e-15,2.2737367544323206e-13,4.506924060676264,4.506924060676264,0.014522890483066897,0.0145228904830669
E2,SYN063,PAIRED_NULL,AB,180,1.0,1.3693699313944521e-19,2.4648658765100137e-17,2.5246402191815314e-18,4.544352394526756e-16,0.0,1.734723475976807e-18,9.859350893676447e-17,4.674352303074021e-15,2.5421149729252077e-13,4.506924060676264,4.506924060676264,0.014522890483066896,0.014522890483066897
E2,SYN063,PAIRED_NULL,BA,180,0.9999999999999999,1.5246593050577406e-21,2.744386749103933e-19,1.6785109641665808e-18,3.0213197354998454e-16,0.0,0.0,7.689493236998243e-17,3.129217315374937e-15,0.0,4.506924060676264,4.506924060676264,0.014522890483066896,0.014522890483066896
E2,SYN064,STRONG,AB,136,1.0,2.8858910767628867e-19,3.924811864397526e-17,2.458445439224318e-18,3.3434857973450724e-16,-4.440892098500626e-16,0.0,9.074195737716901e-17,1.9267741524139814e-15,2.5421149729252077e-13,3.9077245690997144,3.907724569099714,0.031663320585525435,0.031663320585525435
E2,SYN064,STRONG,BA,136,1.0,3.646476837929763e-19,4.9592084995844776e-17,1.847231922959998e-18,2.5122354152255975e-16,4.440892098500626e-16,0.0,6.561349335656153e-17,7.449238358775244e-16,2.2737367544323206e-13,3.9077245690997144,3.907724569099715,0.031663320585525435,0.031663320585525435
E2,SYN064,PAIRED_NULL,AB,136,1.0,1.0399073318908531e-18,1.4142739713715604e-16,2.900178237852737e-18,3.9442424034797225e-16,4.440892098500626e-16,6.938893903907228e-18,8.888024637521002e-17,6.006619932624209e-15,0.0,3.901452477760633,3.9014524777606336,0.03201374453023097,0.032013744530230974
E2,SYN064,PAIRED_NULL,BA,136,1.0,-9.482284717174465e-19,-1.2895907215357274e-16,3.1157940207802836e-18,4.2374798682611863e-16,-4.440892098500626e-16,-6.938893903907228e-18,1.0254879122203431e-16,3.4772811870064126e-15,4.687428401686771e-13,3.901452477760633,3.9014524777606328,0.03201374453023097,0.03201374453023096
E2,SYN065,STRONG,AB,120,0.9999999999999999,3.4728350837426314e-19,4.167402100491157e-17,2.1765519650278173e-18,2.6118623580333803e-16,-8.881784197001252e-16,0.0,7.624894110490301e-17,1.203338504109847e-15,3.108624468950438e-14,4.124580014673446,4.1245800146734455,0.0217104264021654,0.0217104264021654
E2,SYN065,STRONG,BA,120,0.9999999999999999,2.439454888092385e-19,2.9273458657108614e-17,1.8980700145356947e-18,2.2776840174428333e-16,0.0,0.0,6.684877952577749e-17,1.0314330035227261e-15,2.2793503288844355e-13,4.124580014673446,4.124580014673446,0.0217104264021654,0.0217104264021654
E2,SYN065,PAIRED_NULL,AB,120,0.9999999999999998,-8.652159211886927e-19,-1.0382591054264312e-16,3.8933753463560175e-18,4.672050415627221e-16,0.0,-6.938893903907228e-18,1.0950763977617564e-16,1.905285964840591e-15,0.0,4.164497292596372,4.164497292596372,0.020191960784800816,0.02019196078480081
E2,SYN065,PAIRED_NULL,BA,120,1.0,-5.514184486625495e-19,-6.617021383950594e-17,3.34791249840194e-18,4.017494998082328e-16,0.0,-6.938893903907228e-18,8.399537519463379e-17,1.8732775187677287e-15,0.0,4.164497292596372,4.164497292596372,0.020191960784800816,0.02019196078480081
E2,SYN066,STRONG,AB,138,1.0,6.788048384257072e-19,9.367506770274756e-17,2.9101592508512175e-18,4.016019766174679e-16,4.440892098500626e-16,6.938893903907228e-18,8.582061176962166e-17,8.921850713414136e-15,4.687428401686771e-13,3.847350325628703,3.8473503256287036,0.03301544247505846,0.033015442475058464
E2,SYN066,STRONG,BA,138,1.0,-8.534163839582458e-19,-1.177714609862379e-16,2.4037568898503076e-18,3.317184507993424e-16,0.0,-6.938893903907228e-18,8.30496033304e-17,8.251464028181809e-15,1.1368683772161603e-13,3.847350325628703,3.847350325628703,0.03301544247505846,0.03301544247505845
E2,SYN066,PAIRED_NULL,AB,138,1.0,-1.7839741453157094e-18,-2.461884320535679e-16,4.734265979617495e-18,6.533287051872143e-16,-8.881784197001252e-16,-1.3877787807814457e-17,1.1921097476197872e-16,1.0646501601465916e-14,1.368970808788651e-12,3.883097739078008,3.883097739078007,0.030757801499698076,0.030757801499698062
E2,SYN066,PAIRED_NULL,BA,138,0.9999999999999999,-1.9326591171583773e-18,-2.6670695816785606e-16,4.6965025616582935e-18,6.481173535088445e-16,-1.3322676295501878e-15,-1.734723475976807e-17,1.1551226513214006e-16,1.009318077145112e-14,9.165725883006586e-13,3.883097739078008,3.8830977390780066,0.030757801499698076,0.03075780149969806
E2,SYN067,STRONG,AB,109,0.9999999999999999,-1.5975818479663127e-18,-1.7413642142832808e-16,4.57316178958144e-18,4.984746350643769e-16,-8.881784197001252e-16,0.0,1.1331608910959763e-16,9.125540824786897e-15,5.684341886080801e-13,3.793969414050775,3.7939694140507743,0.03176509634085202,0.03176509634085202
E2,SYN067,STRONG,BA,109,0.9999999999999999,-6.499617954894466e-19,-7.084583570834967e-17,5.96176449127209e-18,6.498323295486577e-16,0.0,0.0,1.1093587145857236e-16,3.755284613737148e-15,2.5421149729252077e-13,3.793969414050775,3.793969414050775,0.03176509634085202,0.03176509634085202
E2,SYN067,PAIRED_NULL,AB,109,0.9999999999999999,1.243102445012623e-18,1.3549816650637592e-16,3.5776613509954e-18,3.899650872584986e-16,8.881784197001252e-16,0.0,1.0229905701888261e-16,4.27570165653019e-15,2.3437142008433856e-13,3.7939694140507747,3.7939694140507756,0.03176509634085202,0.03176509634085202
E2,SYN067,PAIRED_NULL,BA,109,0.9999999999999999,1.4971190778552705e-18,1.6318597948622449e-16,4.805801262986534e-18,5.238323376655322e-16,1.3322676295501878e-15,6.938893903907228e-18,1.247087024193548e-16,5.024206857003279e-15,2.8421709430404007e-13,3.7939694140507747,3.793969414050776,0.03176509634085202,0.03176509634085203
E2,SYN068,STRONG,AB,66,0.9999999999999998,1.0825594419211324e-18,7.144892316679474e-17,1.008762208190175e-17,6.657830574055156e-16,0.0,0.0,1.2594976492284851e-16,5.900522006480595e-15,2.2737367544323206e-13,3.128040228340702,3.128040228340702,0.06006832870411326,0.06006832870411326
E2,SYN068,STRONG,BA,66,1.0,8.809142651444724e-19,5.814034149953518e-17,6.434114359381959e-18,4.246515477192093e-16,0.0,-6.938893903907228e-18,1.0323426709769898e-16,6.958591409182836e-15,2.2737367544323206e-13,3.128040228340702,3.128040228340702,0.06006832870411326,0.06006832870411325
E2,SYN068,PAIRED_NULL,AB,66,0.9999999999999999,1.3642877337109265e-18,9.004299042492116e-17,6.9046602322782325e-18,4.557075753303634e-16,0.0,1.3877787807814457e-17,1.252549635060851e-16,7.886164839434176e-15,2.2737367544323206e-13,3.0793046927038654,3.0793046927038654,0.06561585623872869,0.0656158562387287
E2,SYN068,PAIRED_NULL,BA,66,1.0,3.0061969328007168e-18,1.9840899756484734e-16,7.072176587207527e-18,4.667636547556968e-16,4.440892098500626e-16,1.3877787807814457e-17,1.087908146920832e-16,1.1499761716359282e-14,5.084229945850415e-13,3.0793046927038654,3.079304692703866,0.06561585623872869,0.0656158562387287
E2,SYN069,STRONG,AB,76,1.0,6.490947216854007e-20,4.933119884809046e-18,6.07689540057976e-18,4.618440504440618e-16,0.0,0.0,1.046888011669759e-16,7.40447130133068e-15,2.2737367544323206e-13,3.5268746581138446,3.5268746581138446,0.045784059065546966,0.045784059065546966
E2,SYN069,STRONG,BA,76,1.0,-6.191365037614591e-19,-4.705437428587089e-17,4.158828280809004e-18,3.160709493414843e-16,0.0,-6.938893903907228e-18,7.252720979472212e-17,6.729384075066674e-15,4.547473508864641e-13,3.5268746581138446,3.5268746581138446,0.045784059065546966,0.04578405906554696
E2,SYN069,PAIRED_NULL,AB,76,1.0,3.4459083521562316e-18,2.6188903476387365e-16,1.1361630229087206e-17,8.634838974106277e-16,8.881784197001252e-16,3.469446951953614e-17,1.4281737225308434e-16,6.6823786647498835e-15,1.4380373887290168e-12,3.526874658113844,3.526874658113845,0.04578405906554695,0.045784059065546986
E2,SYN069,PAIRED_NULL,BA,76,1.0,2.6206307774419365e-18,1.9916793908558721e-16,8.279233357727393e-18,6.29221735187282e-16,8.881784197001252e-16,2.0816681711721685e-17,1.1271698674946712e-16,8.44082868117231e-15,9.374856803373542e-13,3.526874658113844,3.526874658113845,0.04578405906554695,0.04578405906554697
E2,SYN070,STRONG,AB,98,0.9999999999999998,1.0418850978961467e-18,1.0210473959382239e-16,4.946384455005703e-18,4.847456765905589e-16,0.0,0.0,9.51571332279305e-17,2.3207242579261336e-15,2.2737367544323206e-13,3.680561986595712,3.680561986595712,0.03542908710405579,0.03542908710405579
E2,SYN070,STRONG,BA,98,1.0,1.3248286750524403e-19,1.2983321015513916e-17,3.7554286860436424e-18,3.68032011232277e-16,-4.440892098500626e-16,0.0,9.171914637507637e-17,1.7763568394002505e-15,0.0,3.680561986595712,3.6805619865957118,0.03542908710405579,0.03542908710405579
E2,SYN070,PAIRED_NULL,AB,98,1.0,3.229235322666966e-18,3.164650616213627e-16,6.842466358983242e-18,6.705617031803578e-16,8.881784197001252e-16,2.0816681711721685e-17,1.3719129457832982e-16,3.2693382051764188e-15,6.915300366811402e-13,3.680561986595712,3.680561986595713,0.03542908710405578,0.035429087104055804
E2,SYN070,PAIRED_NULL,BA,98,1.0,2.8095218541091208e-18,2.7533314170269385e-16,6.1126122718665524e-18,5.990360026429222e-16,8.881784197001252e-16,2.0816681711721685e-17,1.306178815028272e-16,3.231733876922986e-15,4.582862941503293e-13,3.680561986595712,3.680561986595713,0.03542908710405578,0.035429087104055804
E2,SYN071,STRONG,AB,89,0.9999999999999999,-1.2912969694771177e-19,-1.1492543028346344e-17,6.202702423831931e-18,5.520405157210417e-16,0.0,6.938893903907228e-18,1.1054694636327424e-16,3.1242929390560352e-15,2.2737367544323206e-13,3.77177670411908,3.77177670411908,0.03129081350423809,0.031290813504238096
E2,SYN071,STRONG,BA,89,0.9999999999999999,-2.097443921884177e-18,-1.866725090476917e-16,5.1238703350017906e-18,4.560244598151592e-16,0.0,-6.938893903907228e-18,1.1000800589725041e-16,8.942667395125858e-15,3.2155493553843715e-13,3.77177670411908,3.77177670411908,0.03129081350423809,0.03129081350423808
E2,SYN071,PAIRED_NULL,AB,89,1.0,-5.509330702321004e-19,-4.903304325065694e-17,2.601122209925646e-18,2.314998766833825e-16,0.0,-3.469446951953614e-18,7.068865132412306e-17,8.029419423256778e-15,2.2737367544323206e-13,3.8071739046286197,3.8071739046286197,0.030010660080014354,0.03001066008001435
E2,SYN071,PAIRED_NULL,BA,89,1.0,-7.726463234819451e-19,-6.876552278989312e-17,4.281708929633371e-18,3.8107209473737003e-16,-4.440892098500626e-16,-6.938893903907228e-18,1.0817360604565936e-16,9.820997062188178e-15,0.0,3.8071739046286197,3.8071739046286193,0.030010660080014354,0.030010660080014347
E2,SYN072,STRONG,AB,80,1.0,-5.380353280959316e-19,-4.3042826247674526e-17,7.711423678944877e-18,6.169138943155901e-16,4.440892098500626e-16,-2.7755575615628914e-17,8.199206798298658e-17,1.4146390152481834e-15,0.0,3.044078783034359,3.0440787830343594,0.08989121360477609,0.08989121360477606
E2,SYN072,STRONG,BA,80,0.9999999999999998,7.453889935837843e-20,5.9631119486702744e-18,4.0966310439061935e-18,3.2773048351249544e-16,4.440892098500626e-16,0.0,6.411440341336341e-17,1.185431681132022e-15,2.2737367544323206e-13,3.044078783034359,3.0440787830343594,0.08989121360477609,0.08989121360477609
E2,SYN072,PAIRED_NULL,AB,80,1.0,1.5598958756635194e-18,1.2479167005308159e-16,6.3761608521389154e-18,5.100928681711133e-16,8.881784197001252e-16,0.0,9.517294400036293e-17,1.2485532321288554e-14,2.2737367544323206e-13,3.1058959460694675,3.1058959460694684,0.07904145443239502,0.07904145443239502
E2,SYN072,PAIRED_NULL,BA,80,0.9999999999999999,2.5383883363316874e-18,2.0307106690653503e-16,8.238019318550848e-18,6.59041545484068e-16,8.881784197001252e-16,2.7755575615628914e-17,1.1760350510563381e-16,1.0381032950819659e-14,3.2155493553843715e-13,3.1058959460694675,3.1058959460694684,0.07904145443239502,0.07904145443239505
E3,SYN001,STRONG,AB,137,1.0,0.0,0.0,0.0,0.0,0.0,0.0,0.0,0.0,0.0,4.049100290685988,4.049100290685988,0.025340973596092616,0.025340973596092616
E3,SYN001,STRONG,BA,137,1.0,0.0,0.0,0.0,0.0,0.0,0.0,0.0,0.0,0.0,4.049100290685988,4.049100290685988,0.025340973596092616,0.025340973596092616
E3,SYN001,PAIRED_NULL,AB,137,0.9999999999999999,0.0,0.0,0.0,0.0,0.0,0.0,0.0,0.0,0.0,4.0404425072039825,4.0404425072039825,0.025532958944756753,0.025532958944756753
E3,SYN001,PAIRED_NULL,BA,137,0.9999999999999999,0.0,0.0,0.0,0.0,0.0,0.0,0.0,0.0,0.0,4.0404425072039825,4.0404425072039825,0.025532958944756753,0.025532958944756753
E3,SYN002,STRONG,AB,65,1.0,0.0,0.0,0.0,0.0,0.0,0.0,0.0,0.0,0.0,3.334547922349198,3.334547922349198,0.054854186684438755,0.054854186684438755
E3,SYN002,STRONG,BA,65,1.0,0.0,0.0,0.0,0.0,0.0,0.0,0.0,0.0,0.0,3.334547922349198,3.334547922349198,0.054854186684438755,0.054854186684438755
E3,SYN002,PAIRED_NULL,AB,65,1.0,0.0,0.0,0.0,0.0,0.0,0.0,0.0,0.0,0.0,3.3345479223491976,3.3345479223491976,0.054854186684438755,0.054854186684438755
E3,SYN002,PAIRED_NULL,BA,65,1.0,0.0,0.0,0.0,0.0,0.0,0.0,0.0,0.0,0.0,3.3345479223491976,3.3345479223491976,0.054854186684438755,0.054854186684438755
E3,SYN003,STRONG,AB,170,1.0,0.0,0.0,0.0,0.0,0.0,0.0,0.0,0.0,0.0,3.9830964316522643,3.9830964316522643,0.03234618528692708,0.03234618528692708
E3,SYN003,STRONG,BA,170,1.0,0.0,0.0,0.0,0.0,0.0,0.0,0.0,0.0,0.0,3.9830964316522643,3.9830964316522643,0.03234618528692708,0.03234618528692708
E3,SYN003,PAIRED_NULL,AB,170,0.9999999999999999,0.0,0.0,0.0,0.0,0.0,0.0,0.0,0.0,0.0,3.954503152710883,3.954503152710883,0.03368533066816692,0.03368533066816692
E3,SYN003,PAIRED_NULL,BA,170,0.9999999999999999,0.0,0.0,0.0,0.0,0.0,0.0,0.0,0.0,0.0,3.954503152710883,3.954503152710883,0.03368533066816692,0.03368533066816692
E3,SYN004,STRONG,AB,148,0.9999999999999999,0.0,0.0,0.0,0.0,0.0,0.0,0.0,0.0,0.0,4.101888730650877,4.101888730650877,0.024482113127460427,0.024482113127460427
E3,SYN004,STRONG,BA,148,0.9999999999999999,0.0,0.0,0.0,0.0,0.0,0.0,0.0,0.0,0.0,4.101888730650877,4.101888730650877,0.024482113127460427,0.024482113127460427
E3,SYN004,PAIRED_NULL,AB,148,1.0,0.0,0.0,0.0,0.0,0.0,0.0,0.0,0.0,0.0,4.101888730650877,4.101888730650877,0.024482113127460424,0.024482113127460424
E3,SYN004,PAIRED_NULL,BA,148,1.0,0.0,0.0,0.0,0.0,0.0,0.0,0.0,0.0,0.0,4.101888730650877,4.101888730650877,0.024482113127460424,0.024482113127460424
E3,SYN005,STRONG,AB,134,1.0,0.0,0.0,0.0,0.0,0.0,0.0,0.0,0.0,0.0,4.033567678067273,4.033567678067273,0.026871860898672873,0.026871860898672873
E3,SYN005,STRONG,BA,134,1.0,0.0,0.0,0.0,0.0,0.0,0.0,0.0,0.0,0.0,4.033567678067273,4.033567678067273,0.026871860898672873,0.026871860898672873
E3,SYN005,PAIRED_NULL,AB,134,1.0,0.0,0.0,0.0,0.0,0.0,0.0,0.0,0.0,0.0,4.018837372557395,4.018837372557395,0.02742944203978379,0.02742944203978379
E3,SYN005,PAIRED_NULL,BA,134,1.0,0.0,0.0,0.0,0.0,0.0,0.0,0.0,0.0,0.0,4.018837372557395,4.018837372557395,0.02742944203978379,0.02742944203978379
E3,SYN006,STRONG,AB,65,1.0,0.0,0.0,0.0,0.0,0.0,0.0,0.0,0.0,0.0,3.1904258390115743,3.1904258390115743,0.060141523860409274,0.060141523860409274
E3,SYN006,STRONG,BA,65,1.0,0.0,0.0,0.0,0.0,0.0,0.0,0.0,0.0,0.0,3.1904258390115743,3.1904258390115743,0.060141523860409274,0.060141523860409274
E3,SYN006,PAIRED_NULL,AB,65,0.9999999999999999,0.0,0.0,0.0,0.0,0.0,0.0,0.0,0.0,0.0,3.186872599570313,3.186872599570313,0.06024361986627654,0.06024361986627654
E3,SYN006,PAIRED_NULL,BA,65,0.9999999999999999,0.0,0.0,0.0,0.0,0.0,0.0,0.0,0.0,0.0,3.186872599570313,3.186872599570313,0.06024361986627654,0.06024361986627654
E3,SYN007,STRONG,AB,122,1.0,0.0,0.0,0.0,0.0,0.0,0.0,0.0,0.0,0.0,3.1348409935411357,3.1348409935411357,0.08616003849379084,0.08616003849379084
E3,SYN007,STRONG,BA,122,1.0,0.0,0.0,0.0,0.0,0.0,0.0,0.0,0.0,0.0,3.1348409935411357,3.1348409935411357,0.08616003849379084,0.08616003849379084
E3,SYN007,PAIRED_NULL,AB,122,0.9999999999999999,0.0,0.0,0.0,0.0,0.0,0.0,0.0,0.0,0.0,3.154061518239624,3.154061518239624,0.0931981300193403,0.0931981300193403
E3,SYN007,PAIRED_NULL,BA,122,0.9999999999999999,0.0,0.0,0.0,0.0,0.0,0.0,0.0,0.0,0.0,3.154061518239624,3.154061518239624,0.0931981300193403,0.0931981300193403
E3,SYN008,STRONG,AB,121,1.0,0.0,0.0,0.0,0.0,0.0,0.0,0.0,0.0,0.0,4.098411438541839,4.098411438541839,0.021982475261952128,0.021982475261952128
E3,SYN008,STRONG,BA,121,1.0,0.0,0.0,0.0,0.0,0.0,0.0,0.0,0.0,0.0,4.098411438541839,4.098411438541839,0.021982475261952128,0.021982475261952128
E3,SYN008,PAIRED_NULL,AB,121,0.9999999999999999,0.0,0.0,0.0,0.0,0.0,0.0,0.0,0.0,0.0,4.0906060560072275,4.0906060560072275,0.022123805927243095,0.022123805927243095
E3,SYN008,PAIRED_NULL,BA,121,0.9999999999999999,0.0,0.0,0.0,0.0,0.0,0.0,0.0,0.0,0.0,4.0906060560072275,4.0906060560072275,0.022123805927243095,0.022123805927243095
E3,SYN009,STRONG,AB,70,0.9999999999999998,0.0,0.0,0.0,0.0,0.0,0.0,0.0,0.0,0.0,2.816419622920267,2.816419622920267,0.12560379895280338,0.12560379895280338
E3,SYN009,STRONG,BA,70,0.9999999999999998,0.0,0.0,0.0,0.0,0.0,0.0,0.0,0.0,0.0,2.816419622920267,2.816419622920267,0.12560379895280338,0.12560379895280338
E3,SYN009,PAIRED_NULL,AB,70,0.9999999999999998,0.0,0.0,0.0,0.0,0.0,0.0,0.0,0.0,0.0,2.951032076945521,2.951032076945521,0.12081928188371911,0.12081928188371911
E3,SYN009,PAIRED_NULL,BA,70,0.9999999999999998,0.0,0.0,0.0,0.0,0.0,0.0,0.0,0.0,0.0,2.951032076945521,2.951032076945521,0.12081928188371911,0.12081928188371911
E3,SYN010,STRONG,AB,100,1.0,0.0,0.0,0.0,0.0,0.0,0.0,0.0,0.0,0.0,3.551422548444998,3.551422548444998,0.04423338298871243,0.04423338298871243
E3,SYN010,STRONG,BA,100,1.0,0.0,0.0,0.0,0.0,0.0,0.0,0.0,0.0,0.0,3.551422548444998,3.551422548444998,0.04423338298871243,0.04423338298871243
E3,SYN010,PAIRED_NULL,AB,100,1.0,0.0,0.0,0.0,0.0,0.0,0.0,0.0,0.0,0.0,3.5485631205053325,3.5485631205053325,0.04428555586893981,0.04428555586893981
E3,SYN010,PAIRED_NULL,BA,100,1.0,0.0,0.0,0.0,0.0,0.0,0.0,0.0,0.0,0.0,3.5485631205053325,3.5485631205053325,0.04428555586893981,0.04428555586893981
E3,SYN011,STRONG,AB,122,1.0,0.0,0.0,0.0,0.0,0.0,0.0,0.0,0.0,0.0,3.9676543532673887,3.9676543532673887,0.02724926694009569,0.02724926694009569
E3,SYN011,STRONG,BA,122,1.0,0.0,0.0,0.0,0.0,0.0,0.0,0.0,0.0,0.0,3.9676543532673887,3.9676543532673887,0.02724926694009569,0.02724926694009569
E3,SYN011,PAIRED_NULL,AB,122,0.9999999999999999,0.0,0.0,0.0,0.0,0.0,0.0,0.0,0.0,0.0,3.9672722883362104,3.9672722883362104,0.027253464881815914,0.027253464881815914
E3,SYN011,PAIRED_NULL,BA,122,0.9999999999999999,0.0,0.0,0.0,0.0,0.0,0.0,0.0,0.0,0.0,3.9672722883362104,3.9672722883362104,0.027253464881815914,0.027253464881815914
E3,SYN012,STRONG,AB,150,1.0,0.0,0.0,0.0,0.0,0.0,0.0,0.0,0.0,0.0,4.08014707553828,4.08014707553828,0.028247974159854985,0.028247974159854985
E3,SYN012,STRONG,BA,150,1.0,0.0,0.0,0.0,0.0,0.0,0.0,0.0,0.0,0.0,4.08014707553828,4.08014707553828,0.028247974159854985,0.028247974159854985
E3,SYN012,PAIRED_NULL,AB,150,1.0,0.0,0.0,0.0,0.0,0.0,0.0,0.0,0.0,0.0,4.117763252119639,4.117763252119639,0.02691409150738436,0.02691409150738436
E3,SYN012,PAIRED_NULL,BA,150,1.0,0.0,0.0,0.0,0.0,0.0,0.0,0.0,0.0,0.0,4.117763252119639,4.117763252119639,0.02691409150738436,0.02691409150738436
E3,SYN013,STRONG,AB,118,1.0,0.0,0.0,0.0,0.0,0.0,0.0,0.0,0.0,0.0,3.728831370767703,3.728831370767703,0.03937665801301013,0.03937665801301013
E3,SYN013,STRONG,BA,118,1.0,0.0,0.0,0.0,0.0,0.0,0.0,0.0,0.0,0.0,3.728831370767703,3.728831370767703,0.03937665801301013,0.03937665801301013
E3,SYN013,PAIRED_NULL,AB,118,0.9999999999999998,0.0,0.0,0.0,0.0,0.0,0.0,0.0,0.0,0.0,3.6418557266826554,3.6418557266826554,0.043061702862803905,0.043061702862803905
E3,SYN013,PAIRED_NULL,BA,118,0.9999999999999998,0.0,0.0,0.0,0.0,0.0,0.0,0.0,0.0,0.0,3.6418557266826554,3.6418557266826554,0.043061702862803905,0.043061702862803905
E3,SYN014,STRONG,AB,125,0.9999999999999999,0.0,0.0,0.0,0.0,0.0,0.0,0.0,0.0,0.0,3.7842007847202326,3.7842007847202326,0.033066524317219535,0.033066524317219535
E3,SYN014,STRONG,BA,125,0.9999999999999999,0.0,0.0,0.0,0.0,0.0,0.0,0.0,0.0,0.0,3.7842007847202326,3.7842007847202326,0.033066524317219535,0.033066524317219535
E3,SYN014,PAIRED_NULL,AB,125,1.0,0.0,0.0,0.0,0.0,0.0,0.0,0.0,0.0,0.0,3.7842007847202312,3.7842007847202312,0.03306652431721952,0.03306652431721952
E3,SYN014,PAIRED_NULL,BA,125,1.0,0.0,0.0,0.0,0.0,0.0,0.0,0.0,0.0,0.0,3.7842007847202312,3.7842007847202312,0.03306652431721952,0.03306652431721952
E3,SYN015,STRONG,AB,151,1.0,0.0,0.0,0.0,0.0,0.0,0.0,0.0,0.0,0.0,4.036819074546298,4.036819074546298,0.027221380283798186,0.027221380283798186
E3,SYN015,STRONG,BA,151,1.0,0.0,0.0,0.0,0.0,0.0,0.0,0.0,0.0,0.0,4.036819074546298,4.036819074546298,0.027221380283798186,0.027221380283798186
E3,SYN015,PAIRED_NULL,AB,151,0.9999999999999999,0.0,0.0,0.0,0.0,0.0,0.0,0.0,0.0,0.0,4.047375906610172,4.047375906610172,0.027090863507762557,0.027090863507762557
E3,SYN015,PAIRED_NULL,BA,151,0.9999999999999999,0.0,0.0,0.0,0.0,0.0,0.0,0.0,0.0,0.0,4.047375906610172,4.047375906610172,0.027090863507762557,0.027090863507762557
E3,SYN016,STRONG,AB,89,1.0,0.0,0.0,0.0,0.0,0.0,0.0,0.0,0.0,0.0,3.2733440541817993,3.2733440541817993,0.07435999952375472,0.07435999952375472
E3,SYN016,STRONG,BA,89,1.0,0.0,0.0,0.0,0.0,0.0,0.0,0.0,0.0,0.0,3.2733440541817993,3.2733440541817993,0.07435999952375472,0.07435999952375472
E3,SYN016,PAIRED_NULL,AB,89,1.0,0.0,0.0,0.0,0.0,0.0,0.0,0.0,0.0,0.0,3.205483609831353,3.205483609831353,0.08092107626128264,0.08092107626128264
E3,SYN016,PAIRED_NULL,BA,89,1.0,0.0,0.0,0.0,0.0,0.0,0.0,0.0,0.0,0.0,3.205483609831353,3.205483609831353,0.08092107626128264,0.08092107626128264
E3,SYN017,STRONG,AB,168,0.9999999999999999,0.0,0.0,0.0,0.0,0.0,0.0,0.0,0.0,0.0,4.1434314670173915,4.1434314670173915,0.024780601207551083,0.024780601207551083
E3,SYN017,STRONG,BA,168,0.9999999999999999,0.0,0.0,0.0,0.0,0.0,0.0,0.0,0.0,0.0,4.1434314670173915,4.1434314670173915,0.024780601207551083,0.024780601207551083
E3,SYN017,PAIRED_NULL,AB,168,0.9999999999999999,0.0,0.0,0.0,0.0,0.0,0.0,0.0,0.0,0.0,4.143431467017391,4.143431467017391,0.024780601207551076,0.024780601207551076
E3,SYN017,PAIRED_NULL,BA,168,0.9999999999999999,0.0,0.0,0.0,0.0,0.0,0.0,0.0,0.0,0.0,4.143431467017391,4.143431467017391,0.024780601207551076,0.024780601207551076
E3,SYN018,STRONG,AB,64,1.0,0.0,0.0,0.0,0.0,0.0,0.0,0.0,0.0,0.0,3.024935853369241,3.024935853369241,0.07733633426785841,0.07733633426785841
E3,SYN018,STRONG,BA,64,1.0,0.0,0.0,0.0,0.0,0.0,0.0,0.0,0.0,0.0,3.024935853369241,3.024935853369241,0.07733633426785841,0.07733633426785841
E3,SYN018,PAIRED_NULL,AB,64,1.0,0.0,0.0,0.0,0.0,0.0,0.0,0.0,0.0,0.0,3.0060431525768028,3.0060431525768028,0.07828197459900867,0.07828197459900867
E3,SYN018,PAIRED_NULL,BA,64,1.0,0.0,0.0,0.0,0.0,0.0,0.0,0.0,0.0,0.0,3.0060431525768028,3.0060431525768028,0.07828197459900867,0.07828197459900867
E3,SYN019,STRONG,AB,69,0.9999999999999999,0.0,0.0,0.0,0.0,0.0,0.0,0.0,0.0,0.0,3.3861228874634746,3.3861228874634746,0.04705618467749615,0.04705618467749615
E3,SYN019,STRONG,BA,69,0.9999999999999999,0.0,0.0,0.0,0.0,0.0,0.0,0.0,0.0,0.0,3.3861228874634746,3.3861228874634746,0.04705618467749615,0.04705618467749615
E3,SYN019,PAIRED_NULL,AB,69,1.0,0.0,0.0,0.0,0.0,0.0,0.0,0.0,0.0,0.0,3.350836283685155,3.350836283685155,0.04954241363861887,0.04954241363861887
E3,SYN019,PAIRED_NULL,BA,69,1.0,0.0,0.0,0.0,0.0,0.0,0.0,0.0,0.0,0.0,3.350836283685155,3.350836283685155,0.04954241363861887,0.04954241363861887
E3,SYN020,STRONG,AB,75,0.9999999999999998,0.0,0.0,0.0,0.0,0.0,0.0,0.0,0.0,0.0,2.9183381687630843,2.9183381687630843,0.09570927779177277,0.09570927779177277
E3,SYN020,STRONG,BA,75,0.9999999999999998,0.0,0.0,0.0,0.0,0.0,0.0,0.0,0.0,0.0,2.9183381687630843,2.9183381687630843,0.09570927779177277,0.09570927779177277
E3,SYN020,PAIRED_NULL,AB,75,1.0,0.0,0.0,0.0,0.0,0.0,0.0,0.0,0.0,0.0,2.672481231784033,2.672481231784033,0.1339337815344069,0.1339337815344069
E3,SYN020,PAIRED_NULL,BA,75,1.0,0.0,0.0,0.0,0.0,0.0,0.0,0.0,0.0,0.0,2.672481231784033,2.672481231784033,0.1339337815344069,0.1339337815344069
E3,SYN021,STRONG,AB,160,0.9999999999999998,0.0,0.0,0.0,0.0,0.0,0.0,0.0,0.0,0.0,4.369059738086958,4.369059738086958,0.017477241120052927,0.017477241120052927
E3,SYN021,STRONG,BA,160,0.9999999999999998,0.0,0.0,0.0,0.0,0.0,0.0,0.0,0.0,0.0,4.369059738086958,4.369059738086958,0.017477241120052927,0.017477241120052927
E3,SYN021,PAIRED_NULL,AB,160,0.9999999999999998,0.0,0.0,0.0,0.0,0.0,0.0,0.0,0.0,0.0,4.357986805636484,4.357986805636484,0.017778674887445316,0.017778674887445316
E3,SYN021,PAIRED_NULL,BA,160,0.9999999999999998,0.0,0.0,0.0,0.0,0.0,0.0,0.0,0.0,0.0,4.357986805636484,4.357986805636484,0.017778674887445316,0.017778674887445316
E3,SYN022,STRONG,AB,164,1.0,0.0,0.0,0.0,0.0,0.0,0.0,0.0,0.0,0.0,4.416295486572632,4.416295486572632,0.01677316040580901,0.01677316040580901
E3,SYN022,STRONG,BA,164,1.0,0.0,0.0,0.0,0.0,0.0,0.0,0.0,0.0,0.0,4.416295486572632,4.416295486572632,0.01677316040580901,0.01677316040580901
E3,SYN022,PAIRED_NULL,AB,164,0.9999999999999998,0.0,0.0,0.0,0.0,0.0,0.0,0.0,0.0,0.0,4.387751801309843,4.387751801309843,0.01769612605810343,0.01769612605810343
E3,SYN022,PAIRED_NULL,BA,164,0.9999999999999998,0.0,0.0,0.0,0.0,0.0,0.0,0.0,0.0,0.0,4.387751801309843,4.387751801309843,0.01769612605810343,0.01769612605810343
E3,SYN023,STRONG,AB,166,1.0,0.0,0.0,0.0,0.0,0.0,0.0,0.0,0.0,0.0,4.035295165157083,4.035295165157083,0.029351463525049887,0.029351463525049887
E3,SYN023,STRONG,BA,166,1.0,0.0,0.0,0.0,0.0,0.0,0.0,0.0,0.0,0.0,4.035295165157083,4.035295165157083,0.029351463525049887,0.029351463525049887
E3,SYN023,PAIRED_NULL,AB,166,1.0,0.0,0.0,0.0,0.0,0.0,0.0,0.0,0.0,0.0,4.019563767507341,4.019563767507341,0.029848882227861098,0.029848882227861098
E3,SYN023,PAIRED_NULL,BA,166,1.0,0.0,0.0,0.0,0.0,0.0,0.0,0.0,0.0,0.0,4.019563767507341,4.019563767507341,0.029848882227861098,0.029848882227861098
E3,SYN024,STRONG,AB,74,1.0,0.0,0.0,0.0,0.0,0.0,0.0,0.0,0.0,0.0,3.1246343203391613,3.1246343203391613,0.06478753142599002,0.06478753142599002
E3,SYN024,STRONG,BA,74,1.0,0.0,0.0,0.0,0.0,0.0,0.0,0.0,0.0,0.0,3.1246343203391613,3.1246343203391613,0.06478753142599002,0.06478753142599002
E3,SYN024,PAIRED_NULL,AB,74,0.9999999999999999,0.0,0.0,0.0,0.0,0.0,0.0,0.0,0.0,0.0,3.085983343073449,3.085983343073449,0.0677014263704579,0.0677014263704579
E3,SYN024,PAIRED_NULL,BA,74,0.9999999999999999,0.0,0.0,0.0,0.0,0.0,0.0,0.0,0.0,0.0,3.085983343073449,3.085983343073449,0.0677014263704579,0.0677014263704579
E3,SYN025,STRONG,AB,121,1.0,0.0,0.0,0.0,0.0,0.0,0.0,0.0,0.0,0.0,3.788447155164508,3.788447155164508,0.0348407949108148,0.0348407949108148
E3,SYN025,STRONG,BA,121,1.0,0.0,0.0,0.0,0.0,0.0,0.0,0.0,0.0,0.0,3.788447155164508,3.788447155164508,0.0348407949108148,0.0348407949108148
E3,SYN025,PAIRED_NULL,AB,121,1.0,0.0,0.0,0.0,0.0,0.0,0.0,0.0,0.0,0.0,3.6537874831864596,3.6537874831864596,0.04126733925097554,0.04126733925097554
E3,SYN025,PAIRED_NULL,BA,121,1.0,0.0,0.0,0.0,0.0,0.0,0.0,0.0,0.0,0.0,3.6537874831864596,3.6537874831864596,0.04126733925097554,0.04126733925097554
E3,SYN026,STRONG,AB,121,1.0,0.0,0.0,0.0,0.0,0.0,0.0,0.0,0.0,0.0,3.380111158544209,3.380111158544209,0.06890969144144865,0.06890969144144865
E3,SYN026,STRONG,BA,121,1.0,0.0,0.0,0.0,0.0,0.0,0.0,0.0,0.0,0.0,3.380111158544209,3.380111158544209,0.06890969144144865,0.06890969144144865
E3,SYN026,PAIRED_NULL,AB,121,0.9999999999999999,0.0,0.0,0.0,0.0,0.0,0.0,0.0,0.0,0.0,3.3099893868509107,3.3099893868509107,0.07231194145437538,0.07231194145437538
E3,SYN026,PAIRED_NULL,BA,121,0.9999999999999999,0.0,0.0,0.0,0.0,0.0,0.0,0.0,0.0,0.0,3.3099893868509107,3.3099893868509107,0.07231194145437538,0.07231194145437538
E3,SYN027,STRONG,AB,147,0.9999999999999998,0.0,0.0,0.0,0.0,0.0,0.0,0.0,0.0,0.0,4.1267731576090325,4.1267731576090325,0.0222063331077504,0.0222063331077504
E3,SYN027,STRONG,BA,147,0.9999999999999998,0.0,0.0,0.0,0.0,0.0,0.0,0.0,0.0,0.0,4.1267731576090325,4.1267731576090325,0.0222063331077504,0.0222063331077504
E3,SYN027,PAIRED_NULL,AB,147,1.0,0.0,0.0,0.0,0.0,0.0,0.0,0.0,0.0,0.0,4.126773157609033,4.126773157609033,0.0222063331077504,0.0222063331077504
E3,SYN027,PAIRED_NULL,BA,147,1.0,0.0,0.0,0.0,0.0,0.0,0.0,0.0,0.0,0.0,4.126773157609033,4.126773157609033,0.0222063331077504,0.0222063331077504
E3,SYN028,STRONG,AB,168,1.0,0.0,0.0,0.0,0.0,0.0,0.0,0.0,0.0,0.0,4.238924229109934,4.238924229109934,0.02106060770038083,0.02106060770038083
E3,SYN028,STRONG,BA,168,1.0,0.0,0.0,0.0,0.0,0.0,0.0,0.0,0.0,0.0,4.238924229109934,4.238924229109934,0.02106060770038083,0.02106060770038083
E3,SYN028,PAIRED_NULL,AB,168,1.0,0.0,0.0,0.0,0.0,0.0,0.0,0.0,0.0,0.0,4.2349556394127505,4.2349556394127505,0.020991759553038405,0.020991759553038405
E3,SYN028,PAIRED_NULL,BA,168,1.0,0.0,0.0,0.0,0.0,0.0,0.0,0.0,0.0,0.0,4.2349556394127505,4.2349556394127505,0.020991759553038405,0.020991759553038405
E3,SYN029,STRONG,AB,121,1.0,0.0,0.0,0.0,0.0,0.0,0.0,0.0,0.0,0.0,3.559833611103182,3.559833611103182,0.04501024761542701,0.04501024761542701
E3,SYN029,STRONG,BA,121,1.0,0.0,0.0,0.0,0.0,0.0,0.0,0.0,0.0,0.0,3.559833611103182,3.559833611103182,0.04501024761542701,0.04501024761542701
E3,SYN029,PAIRED_NULL,AB,121,0.9999999999999998,0.0,0.0,0.0,0.0,0.0,0.0,0.0,0.0,0.0,3.515271416865268,3.515271416865268,0.04878053059134603,0.04878053059134603
E3,SYN029,PAIRED_NULL,BA,121,0.9999999999999998,0.0,0.0,0.0,0.0,0.0,0.0,0.0,0.0,0.0,3.515271416865268,3.515271416865268,0.04878053059134603,0.04878053059134603
E3,SYN030,STRONG,AB,88,0.9999999999999998,0.0,0.0,0.0,0.0,0.0,0.0,0.0,0.0,0.0,3.54105465081541,3.54105465081541,0.040030716828477385,0.040030716828477385
E3,SYN030,STRONG,BA,88,0.9999999999999998,0.0,0.0,0.0,0.0,0.0,0.0,0.0,0.0,0.0,3.54105465081541,3.54105465081541,0.040030716828477385,0.040030716828477385
E3,SYN030,PAIRED_NULL,AB,88,1.0,0.0,0.0,0.0,0.0,0.0,0.0,0.0,0.0,0.0,3.5410546508154095,3.5410546508154095,0.04003071682847737,0.04003071682847737
E3,SYN030,PAIRED_NULL,BA,88,1.0,0.0,0.0,0.0,0.0,0.0,0.0,0.0,0.0,0.0,3.5410546508154095,3.5410546508154095,0.04003071682847737,0.04003071682847737
E3,SYN031,STRONG,AB,86,1.0,0.0,0.0,0.0,0.0,0.0,0.0,0.0,0.0,0.0,3.2346763801295872,3.2346763801295872,0.062928385333009,0.062928385333009
E3,SYN031,STRONG,BA,86,1.0,0.0,0.0,0.0,0.0,0.0,0.0,0.0,0.0,0.0,3.2346763801295872,3.2346763801295872,0.062928385333009,0.062928385333009
E3,SYN031,PAIRED_NULL,AB,86,1.0,0.0,0.0,0.0,0.0,0.0,0.0,0.0,0.0,0.0,3.235112985479091,3.235112985479091,0.06291688721885431,0.06291688721885431
E3,SYN031,PAIRED_NULL,BA,86,1.0,0.0,0.0,0.0,0.0,0.0,0.0,0.0,0.0,0.0,3.235112985479091,3.235112985479091,0.06291688721885431,0.06291688721885431
E3,SYN032,STRONG,AB,165,1.0,0.0,0.0,0.0,0.0,0.0,0.0,0.0,0.0,0.0,4.083508211565867,4.083508211565867,0.026109790321517265,0.026109790321517265
E3,SYN032,STRONG,BA,165,1.0,0.0,0.0,0.0,0.0,0.0,0.0,0.0,0.0,0.0,4.083508211565867,4.083508211565867,0.026109790321517265,0.026109790321517265
E3,SYN032,PAIRED_NULL,AB,165,1.0,0.0,0.0,0.0,0.0,0.0,0.0,0.0,0.0,0.0,4.121438730727381,4.121438730727381,0.02401858812554965,0.02401858812554965
E3,SYN032,PAIRED_NULL,BA,165,1.0,0.0,0.0,0.0,0.0,0.0,0.0,0.0,0.0,0.0,4.121438730727381,4.121438730727381,0.02401858812554965,0.02401858812554965
E3,SYN033,STRONG,AB,147,0.9999999999999998,0.0,0.0,0.0,0.0,0.0,0.0,0.0,0.0,0.0,4.386111904657797,4.386111904657797,0.01595330445605538,0.01595330445605538
E3,SYN033,STRONG,BA,147,0.9999999999999998,0.0,0.0,0.0,0.0,0.0,0.0,0.0,0.0,0.0,4.386111904657797,4.386111904657797,0.01595330445605538,0.01595330445605538
E3,SYN033,PAIRED_NULL,AB,147,1.0,0.0,0.0,0.0,0.0,0.0,0.0,0.0,0.0,0.0,4.38066999247679,4.38066999247679,0.016093408848970772,0.016093408848970772
E3,SYN033,PAIRED_NULL,BA,147,1.0,0.0,0.0,0.0,0.0,0.0,0.0,0.0,0.0,0.0,4.38066999247679,4.38066999247679,0.016093408848970772,0.016093408848970772
E3,SYN034,STRONG,AB,116,0.9999999999999999,0.0,0.0,0.0,0.0,0.0,0.0,0.0,0.0,0.0,3.810186458490398,3.810186458490398,0.03261906582361026,0.03261906582361026
E3,SYN034,STRONG,BA,116,0.9999999999999999,0.0,0.0,0.0,0.0,0.0,0.0,0.0,0.0,0.0,3.810186458490398,3.810186458490398,0.03261906582361026,0.03261906582361026
E3,SYN034,PAIRED_NULL,AB,116,0.9999999999999999,0.0,0.0,0.0,0.0,0.0,0.0,0.0,0.0,0.0,3.7710646457189787,3.7710646457189787,0.034203065173734115,0.034203065173734115
E3,SYN034,PAIRED_NULL,BA,116,0.9999999999999999,0.0,0.0,0.0,0.0,0.0,0.0,0.0,0.0,0.0,3.7710646457189787,3.7710646457189787,0.034203065173734115,0.034203065173734115
E3,SYN035,STRONG,AB,115,1.0,0.0,0.0,0.0,0.0,0.0,0.0,0.0,0.0,0.0,3.7648406298351067,3.7648406298351067,0.03506210360862177,0.03506210360862177
E3,SYN035,STRONG,BA,115,1.0,0.0,0.0,0.0,0.0,0.0,0.0,0.0,0.0,0.0,3.7648406298351067,3.7648406298351067,0.03506210360862177,0.03506210360862177
E3,SYN035,PAIRED_NULL,AB,115,1.0,0.0,0.0,0.0,0.0,0.0,0.0,0.0,0.0,0.0,3.7126460891169533,3.7126460891169533,0.0379836324348605,0.0379836324348605
E3,SYN035,PAIRED_NULL,BA,115,1.0,0.0,0.0,0.0,0.0,0.0,0.0,0.0,0.0,0.0,3.7126460891169533,3.7126460891169533,0.0379836324348605,0.0379836324348605
E3,SYN036,STRONG,AB,114,1.0,0.0,0.0,0.0,0.0,0.0,0.0,0.0,0.0,0.0,3.6999954628899308,3.6999954628899308,0.042488319151221275,0.042488319151221275
E3,SYN036,STRONG,BA,114,1.0,0.0,0.0,0.0,0.0,0.0,0.0,0.0,0.0,0.0,3.6999954628899308,3.6999954628899308,0.042488319151221275,0.042488319151221275
E3,SYN036,PAIRED_NULL,AB,114,0.9999999999999998,0.0,0.0,0.0,0.0,0.0,0.0,0.0,0.0,0.0,3.5474537845965326,3.5474537845965326,0.05295875969503855,0.05295875969503855
E3,SYN036,PAIRED_NULL,BA,114,0.9999999999999998,0.0,0.0,0.0,0.0,0.0,0.0,0.0,0.0,0.0,3.5474537845965326,3.5474537845965326,0.05295875969503855,0.05295875969503855
E3,SYN037,STRONG,AB,62,1.0,0.0,0.0,0.0,0.0,0.0,0.0,0.0,0.0,0.0,3.1565159663465088,3.1565159663465088,0.06651767348415902,0.06651767348415902
E3,SYN037,STRONG,BA,62,1.0,0.0,0.0,0.0,0.0,0.0,0.0,0.0,0.0,0.0,3.1565159663465088,3.1565159663465088,0.06651767348415902,0.06651767348415902
E3,SYN037,PAIRED_NULL,AB,62,1.0,0.0,0.0,0.0,0.0,0.0,0.0,0.0,0.0,0.0,3.1435452936434,3.1435452936434,0.0680027357654704,0.0680027357654704
E3,SYN037,PAIRED_NULL,BA,62,1.0,0.0,0.0,0.0,0.0,0.0,0.0,0.0,0.0,0.0,3.1435452936434,3.1435452936434,0.0680027357654704,0.0680027357654704
E3,SYN038,STRONG,AB,93,1.0,0.0,0.0,0.0,0.0,0.0,0.0,0.0,0.0,0.0,3.4763227392505303,3.4763227392505303,0.04741166384663322,0.04741166384663322
E3,SYN038,STRONG,BA,93,1.0,0.0,0.0,0.0,0.0,0.0,0.0,0.0,0.0,0.0,3.4763227392505303,3.4763227392505303,0.04741166384663322,0.04741166384663322
E3,SYN038,PAIRED_NULL,AB,93,1.0,0.0,0.0,0.0,0.0,0.0,0.0,0.0,0.0,0.0,3.4763227392505307,3.4763227392505307,0.047411663846633235,0.047411663846633235
E3,SYN038,PAIRED_NULL,BA,93,1.0,0.0,0.0,0.0,0.0,0.0,0.0,0.0,0.0,0.0,3.4763227392505307,3.4763227392505307,0.047411663846633235,0.047411663846633235
E3,SYN039,STRONG,AB,116,1.0,0.0,0.0,0.0,0.0,0.0,0.0,0.0,0.0,0.0,3.893961064509437,3.893961064509437,0.032287724078399915,0.032287724078399915
E3,SYN039,STRONG,BA,116,1.0,0.0,0.0,0.0,0.0,0.0,0.0,0.0,0.0,0.0,3.893961064509437,3.893961064509437,0.032287724078399915,0.032287724078399915
E3,SYN039,PAIRED_NULL,AB,116,0.9999999999999999,0.0,0.0,0.0,0.0,0.0,0.0,0.0,0.0,0.0,3.8213805497120585,3.8213805497120585,0.035077936437503725,0.035077936437503725
E3,SYN039,PAIRED_NULL,BA,116,0.9999999999999999,0.0,0.0,0.0,0.0,0.0,0.0,0.0,0.0,0.0,3.8213805497120585,3.8213805497120585,0.035077936437503725,0.035077936437503725
E3,SYN040,STRONG,AB,87,1.0,0.0,0.0,0.0,0.0,0.0,0.0,0.0,0.0,0.0,3.605184119852648,3.605184119852648,0.04111664601149123,0.04111664601149123
E3,SYN040,STRONG,BA,87,1.0,0.0,0.0,0.0,0.0,0.0,0.0,0.0,0.0,0.0,3.605184119852648,3.605184119852648,0.04111664601149123,0.04111664601149123
E3,SYN040,PAIRED_NULL,AB,87,1.0,0.0,0.0,0.0,0.0,0.0,0.0,0.0,0.0,0.0,3.602937127956476,3.602937127956476,0.041176522023798394,0.041176522023798394
E3,SYN040,PAIRED_NULL,BA,87,1.0,0.0,0.0,0.0,0.0,0.0,0.0,0.0,0.0,0.0,3.602937127956476,3.602937127956476,0.041176522023798394,0.041176522023798394
E3,SYN041,STRONG,AB,60,1.0,0.0,0.0,0.0,0.0,0.0,0.0,0.0,0.0,0.0,3.009855244916538,3.009855244916538,0.08183810831244524,0.08183810831244524
E3,SYN041,STRONG,BA,60,1.0,0.0,0.0,0.0,0.0,0.0,0.0,0.0,0.0,0.0,3.009855244916538,3.009855244916538,0.08183810831244524,0.08183810831244524
E3,SYN041,PAIRED_NULL,AB,60,1.0,0.0,0.0,0.0,0.0,0.0,0.0,0.0,0.0,0.0,2.9602617264474094,2.9602617264474094,0.08746513719803022,0.08746513719803022
E3,SYN041,PAIRED_NULL,BA,60,1.0,0.0,0.0,0.0,0.0,0.0,0.0,0.0,0.0,0.0,2.9602617264474094,2.9602617264474094,0.08746513719803022,0.08746513719803022
E3,SYN042,STRONG,AB,121,1.0,0.0,0.0,0.0,0.0,0.0,0.0,0.0,0.0,0.0,3.854359081899182,3.854359081899182,0.03389955259867101,0.03389955259867101
E3,SYN042,STRONG,BA,121,1.0,0.0,0.0,0.0,0.0,0.0,0.0,0.0,0.0,0.0,3.854359081899182,3.854359081899182,0.03389955259867101,0.03389955259867101
E3,SYN042,PAIRED_NULL,AB,121,0.9999999999999999,0.0,0.0,0.0,0.0,0.0,0.0,0.0,0.0,0.0,3.8565797086851976,3.8565797086851976,0.033471385977793276,0.033471385977793276
E3,SYN042,PAIRED_NULL,BA,121,0.9999999999999999,0.0,0.0,0.0,0.0,0.0,0.0,0.0,0.0,0.0,3.8565797086851976,3.8565797086851976,0.033471385977793276,0.033471385977793276
E3,SYN043,STRONG,AB,110,1.0,0.0,0.0,0.0,0.0,0.0,0.0,0.0,0.0,0.0,3.7417964003113138,3.7417964003113138,0.03381146517357523,0.03381146517357523
E3,SYN043,STRONG,BA,110,1.0,0.0,0.0,0.0,0.0,0.0,0.0,0.0,0.0,0.0,3.7417964003113138,3.7417964003113138,0.03381146517357523,0.03381146517357523
E3,SYN043,PAIRED_NULL,AB,110,1.0,0.0,0.0,0.0,0.0,0.0,0.0,0.0,0.0,0.0,3.7417964003113138,3.7417964003113138,0.03381146517357522,0.03381146517357522
E3,SYN043,PAIRED_NULL,BA,110,1.0,0.0,0.0,0.0,0.0,0.0,0.0,0.0,0.0,0.0,3.7417964003113138,3.7417964003113138,0.03381146517357522,0.03381146517357522
E3,SYN044,STRONG,AB,117,1.0,0.0,0.0,0.0,0.0,0.0,0.0,0.0,0.0,0.0,3.8990299704917355,3.8990299704917355,0.028981129853707703,0.028981129853707703
E3,SYN044,STRONG,BA,117,1.0,0.0,0.0,0.0,0.0,0.0,0.0,0.0,0.0,0.0,3.8990299704917355,3.8990299704917355,0.028981129853707703,0.028981129853707703
E3,SYN044,PAIRED_NULL,AB,117,1.0,0.0,0.0,0.0,0.0,0.0,0.0,0.0,0.0,0.0,3.8855351845957324,3.8855351845957324,0.029260802411296305,0.029260802411296305
E3,SYN044,PAIRED_NULL,BA,117,1.0,0.0,0.0,0.0,0.0,0.0,0.0,0.0,0.0,0.0,3.8855351845957324,3.8855351845957324,0.029260802411296305,0.029260802411296305
E3,SYN045,STRONG,AB,75,1.0,0.0,0.0,0.0,0.0,0.0,0.0,0.0,0.0,0.0,3.427366469387611,3.427366469387611,0.04411096226009462,0.04411096226009462
E3,SYN045,STRONG,BA,75,1.0,0.0,0.0,0.0,0.0,0.0,0.0,0.0,0.0,0.0,3.427366469387611,3.427366469387611,0.04411096226009462,0.04411096226009462
E3,SYN045,PAIRED_NULL,AB,75,1.0,0.0,0.0,0.0,0.0,0.0,0.0,0.0,0.0,0.0,3.395071714527833,3.395071714527833,0.046210025408605776,0.046210025408605776
E3,SYN045,PAIRED_NULL,BA,75,1.0,0.0,0.0,0.0,0.0,0.0,0.0,0.0,0.0,0.0,3.395071714527833,3.395071714527833,0.046210025408605776,0.046210025408605776
E3,SYN046,STRONG,AB,97,1.0,0.0,0.0,0.0,0.0,0.0,0.0,0.0,0.0,0.0,3.1498103592479643,3.1498103592479643,0.08305421036439249,0.08305421036439249
E3,SYN046,STRONG,BA,97,1.0,0.0,0.0,0.0,0.0,0.0,0.0,0.0,0.0,0.0,3.1498103592479643,3.1498103592479643,0.08305421036439249,0.08305421036439249
E3,SYN046,PAIRED_NULL,AB,97,0.9999999999999999,0.0,0.0,0.0,0.0,0.0,0.0,0.0,0.0,0.0,3.1491101686830842,3.1491101686830842,0.08315694910602474,0.08315694910602474
E3,SYN046,PAIRED_NULL,BA,97,0.9999999999999999,0.0,0.0,0.0,0.0,0.0,0.0,0.0,0.0,0.0,3.1491101686830842,3.1491101686830842,0.08315694910602474,0.08315694910602474
E3,SYN047,STRONG,AB,151,1.0,0.0,0.0,0.0,0.0,0.0,0.0,0.0,0.0,0.0,4.02727593344874,4.02727593344874,0.030498041677822378,0.030498041677822378
E3,SYN047,STRONG,BA,151,1.0,0.0,0.0,0.0,0.0,0.0,0.0,0.0,0.0,0.0,4.02727593344874,4.02727593344874,0.030498041677822378,0.030498041677822378
E3,SYN047,PAIRED_NULL,AB,151,1.0,0.0,0.0,0.0,0.0,0.0,0.0,0.0,0.0,0.0,4.026729705251973,4.026729705251973,0.030509051684665996,0.030509051684665996
E3,SYN047,PAIRED_NULL,BA,151,1.0,0.0,0.0,0.0,0.0,0.0,0.0,0.0,0.0,0.0,4.026729705251973,4.026729705251973,0.030509051684665996,0.030509051684665996
E3,SYN048,STRONG,AB,105,0.9999999999999998,0.0,0.0,0.0,0.0,0.0,0.0,0.0,0.0,0.0,3.5228839789744844,3.5228839789744844,0.048382458400696465,0.048382458400696465
E3,SYN048,STRONG,BA,105,0.9999999999999998,0.0,0.0,0.0,0.0,0.0,0.0,0.0,0.0,0.0,3.5228839789744844,3.5228839789744844,0.048382458400696465,0.048382458400696465
E3,SYN048,PAIRED_NULL,AB,105,0.9999999999999998,0.0,0.0,0.0,0.0,0.0,0.0,0.0,0.0,0.0,3.499490903585744,3.499490903585744,0.04896031772297519,0.04896031772297519
E3,SYN048,PAIRED_NULL,BA,105,0.9999999999999998,0.0,0.0,0.0,0.0,0.0,0.0,0.0,0.0,0.0,3.499490903585744,3.499490903585744,0.04896031772297519,0.04896031772297519
E3,SYN049,STRONG,AB,99,0.9999999999999999,0.0,0.0,0.0,0.0,0.0,0.0,0.0,0.0,0.0,3.7839980646767084,3.7839980646767084,0.030697691682352448,0.030697691682352448
E3,SYN049,STRONG,BA,99,0.9999999999999999,0.0,0.0,0.0,0.0,0.0,0.0,0.0,0.0,0.0,3.7839980646767084,3.7839980646767084,0.030697691682352448,0.030697691682352448
E3,SYN049,PAIRED_NULL,AB,99,1.0,0.0,0.0,0.0,0.0,0.0,0.0,0.0,0.0,0.0,3.7834136965900127,3.7834136965900127,0.03070505256618282,0.03070505256618282
E3,SYN049,PAIRED_NULL,BA,99,1.0,0.0,0.0,0.0,0.0,0.0,0.0,0.0,0.0,0.0,3.7834136965900127,3.7834136965900127,0.03070505256618282,0.03070505256618282
E3,SYN050,STRONG,AB,144,0.9999999999999999,0.0,0.0,0.0,0.0,0.0,0.0,0.0,0.0,0.0,4.1577870793676865,4.1577870793676865,0.022587478483692646,0.022587478483692646
E3,SYN050,STRONG,BA,144,0.9999999999999999,0.0,0.0,0.0,0.0,0.0,0.0,0.0,0.0,0.0,4.1577870793676865,4.1577870793676865,0.022587478483692646,0.022587478483692646
E3,SYN050,PAIRED_NULL,AB,144,1.0,0.0,0.0,0.0,0.0,0.0,0.0,0.0,0.0,0.0,4.157787079367686,4.157787079367686,0.02258747848369265,0.02258747848369265
E3,SYN050,PAIRED_NULL,BA,144,1.0,0.0,0.0,0.0,0.0,0.0,0.0,0.0,0.0,0.0,4.157787079367686,4.157787079367686,0.02258747848369265,0.02258747848369265
E3,SYN051,STRONG,AB,140,0.9999999999999999,0.0,0.0,0.0,0.0,0.0,0.0,0.0,0.0,0.0,3.814554832035162,3.814554832035162,0.03762473290146588,0.03762473290146588
E3,SYN051,STRONG,BA,140,0.9999999999999999,0.0,0.0,0.0,0.0,0.0,0.0,0.0,0.0,0.0,3.814554832035162,3.814554832035162,0.03762473290146588,0.03762473290146588
E3,SYN051,PAIRED_NULL,AB,140,0.9999999999999999,0.0,0.0,0.0,0.0,0.0,0.0,0.0,0.0,0.0,3.780064363922234,3.780064363922234,0.03848195200186116,0.03848195200186116
E3,SYN051,PAIRED_NULL,BA,140,0.9999999999999999,0.0,0.0,0.0,0.0,0.0,0.0,0.0,0.0,0.0,3.780064363922234,3.780064363922234,0.03848195200186116,0.03848195200186116
E3,SYN052,STRONG,AB,74,0.9999999999999999,0.0,0.0,0.0,0.0,0.0,0.0,0.0,0.0,0.0,3.0568370929198747,3.0568370929198747,0.08025957799206333,0.08025957799206333
E3,SYN052,STRONG,BA,74,0.9999999999999999,0.0,0.0,0.0,0.0,0.0,0.0,0.0,0.0,0.0,3.0568370929198747,3.0568370929198747,0.08025957799206333,0.08025957799206333
E3,SYN052,PAIRED_NULL,AB,74,0.9999999999999999,0.0,0.0,0.0,0.0,0.0,0.0,0.0,0.0,0.0,3.0846468251626664,3.0846468251626664,0.07652360847109312,0.07652360847109312
E3,SYN052,PAIRED_NULL,BA,74,0.9999999999999999,0.0,0.0,0.0,0.0,0.0,0.0,0.0,0.0,0.0,3.0846468251626664,3.0846468251626664,0.07652360847109312,0.07652360847109312
E3,SYN053,STRONG,AB,167,1.0,0.0,0.0,0.0,0.0,0.0,0.0,0.0,0.0,0.0,4.21273303696255,4.21273303696255,0.02468142194378149,0.02468142194378149
E3,SYN053,STRONG,BA,167,1.0,0.0,0.0,0.0,0.0,0.0,0.0,0.0,0.0,0.0,4.21273303696255,4.21273303696255,0.02468142194378149,0.02468142194378149
E3,SYN053,PAIRED_NULL,AB,167,1.0,0.0,0.0,0.0,0.0,0.0,0.0,0.0,0.0,0.0,4.210332857926123,4.210332857926123,0.024485742829024153,0.024485742829024153
E3,SYN053,PAIRED_NULL,BA,167,1.0,0.0,0.0,0.0,0.0,0.0,0.0,0.0,0.0,0.0,4.210332857926123,4.210332857926123,0.024485742829024153,0.024485742829024153
E3,SYN054,STRONG,AB,112,1.0,0.0,0.0,0.0,0.0,0.0,0.0,0.0,0.0,0.0,3.524980023449418,3.524980023449418,0.05831421592866574,0.05831421592866574
E3,SYN054,STRONG,BA,112,1.0,0.0,0.0,0.0,0.0,0.0,0.0,0.0,0.0,0.0,3.524980023449418,3.524980023449418,0.05831421592866574,0.05831421592866574
E3,SYN054,PAIRED_NULL,AB,112,0.9999999999999999,0.0,0.0,0.0,0.0,0.0,0.0,0.0,0.0,0.0,3.4691538696391975,3.4691538696391975,0.060826191905946674,0.060826191905946674
E3,SYN054,PAIRED_NULL,BA,112,0.9999999999999999,0.0,0.0,0.0,0.0,0.0,0.0,0.0,0.0,0.0,3.4691538696391975,3.4691538696391975,0.060826191905946674,0.060826191905946674
E3,SYN055,STRONG,AB,94,0.9999999999999999,0.0,0.0,0.0,0.0,0.0,0.0,0.0,0.0,0.0,3.461506480826167,3.461506480826167,0.0535253948797829,0.0535253948797829
E3,SYN055,STRONG,BA,94,0.9999999999999999,0.0,0.0,0.0,0.0,0.0,0.0,0.0,0.0,0.0,3.461506480826167,3.461506480826167,0.0535253948797829,0.0535253948797829
E3,SYN055,PAIRED_NULL,AB,94,1.0,0.0,0.0,0.0,0.0,0.0,0.0,0.0,0.0,0.0,3.4258679064181625,3.4258679064181625,0.05524856103685409,0.05524856103685409
E3,SYN055,PAIRED_NULL,BA,94,1.0,0.0,0.0,0.0,0.0,0.0,0.0,0.0,0.0,0.0,3.4258679064181625,3.4258679064181625,0.05524856103685409,0.05524856103685409
E3,SYN056,STRONG,AB,124,1.0,0.0,0.0,0.0,0.0,0.0,0.0,0.0,0.0,0.0,3.569818089661129,3.569818089661129,0.04504605229390319,0.04504605229390319
E3,SYN056,STRONG,BA,124,1.0,0.0,0.0,0.0,0.0,0.0,0.0,0.0,0.0,0.0,3.569818089661129,3.569818089661129,0.04504605229390319,0.04504605229390319
E3,SYN056,PAIRED_NULL,AB,124,1.0,0.0,0.0,0.0,0.0,0.0,0.0,0.0,0.0,0.0,3.4997543471670833,3.4997543471670833,0.048788170976779635,0.048788170976779635
E3,SYN056,PAIRED_NULL,BA,124,1.0,0.0,0.0,0.0,0.0,0.0,0.0,0.0,0.0,0.0,3.4997543471670833,3.4997543471670833,0.048788170976779635,0.048788170976779635
E3,SYN057,STRONG,AB,162,1.0,0.0,0.0,0.0,0.0,0.0,0.0,0.0,0.0,0.0,4.1141276047828335,4.1141276047828335,0.027109629667413485,0.027109629667413485
E3,SYN057,STRONG,BA,162,1.0,0.0,0.0,0.0,0.0,0.0,0.0,0.0,0.0,0.0,4.1141276047828335,4.1141276047828335,0.027109629667413485,0.027109629667413485
E3,SYN057,PAIRED_NULL,AB,162,0.9999999999999999,0.0,0.0,0.0,0.0,0.0,0.0,0.0,0.0,0.0,4.083694165431533,4.083694165431533,0.028299972640961374,0.028299972640961374
E3,SYN057,PAIRED_NULL,BA,162,0.9999999999999999,0.0,0.0,0.0,0.0,0.0,0.0,0.0,0.0,0.0,4.083694165431533,4.083694165431533,0.028299972640961374,0.028299972640961374
E3,SYN058,STRONG,AB,66,0.9999999999999999,0.0,0.0,0.0,0.0,0.0,0.0,0.0,0.0,0.0,3.3207611724262187,3.3207611724262187,0.05060698277862012,0.05060698277862012
E3,SYN058,STRONG,BA,66,0.9999999999999999,0.0,0.0,0.0,0.0,0.0,0.0,0.0,0.0,0.0,3.3207611724262187,3.3207611724262187,0.05060698277862012,0.05060698277862012
E3,SYN058,PAIRED_NULL,AB,66,0.9999999999999999,0.0,0.0,0.0,0.0,0.0,0.0,0.0,0.0,0.0,3.253959663628481,3.253959663628481,0.05627989528278869,0.05627989528278869
E3,SYN058,PAIRED_NULL,BA,66,0.9999999999999999,0.0,0.0,0.0,0.0,0.0,0.0,0.0,0.0,0.0,3.253959663628481,3.253959663628481,0.05627989528278869,0.05627989528278869
E3,SYN059,STRONG,AB,122,1.0,0.0,0.0,0.0,0.0,0.0,0.0,0.0,0.0,0.0,3.9555409094115057,3.9555409094115057,0.030325619078683884,0.030325619078683884
E3,SYN059,STRONG,BA,122,1.0,0.0,0.0,0.0,0.0,0.0,0.0,0.0,0.0,0.0,3.9555409094115057,3.9555409094115057,0.030325619078683884,0.030325619078683884
E3,SYN059,PAIRED_NULL,AB,122,1.0,0.0,0.0,0.0,0.0,0.0,0.0,0.0,0.0,0.0,3.9115963831924914,3.9115963831924914,0.03223241062775932,0.03223241062775932
E3,SYN059,PAIRED_NULL,BA,122,1.0,0.0,0.0,0.0,0.0,0.0,0.0,0.0,0.0,0.0,3.9115963831924914,3.9115963831924914,0.03223241062775932,0.03223241062775932
E3,SYN060,STRONG,AB,140,1.0,0.0,0.0,0.0,0.0,0.0,0.0,0.0,0.0,0.0,4.1089575174943835,4.1089575174943835,0.022947172127903676,0.022947172127903676
E3,SYN060,STRONG,BA,140,1.0,0.0,0.0,0.0,0.0,0.0,0.0,0.0,0.0,0.0,4.1089575174943835,4.1089575174943835,0.022947172127903676,0.022947172127903676
E3,SYN060,PAIRED_NULL,AB,140,1.0,0.0,0.0,0.0,0.0,0.0,0.0,0.0,0.0,0.0,4.108957517494383,4.108957517494383,0.02294717212790367,0.02294717212790367
E3,SYN060,PAIRED_NULL,BA,140,1.0,0.0,0.0,0.0,0.0,0.0,0.0,0.0,0.0,0.0,4.108957517494383,4.108957517494383,0.02294717212790367,0.02294717212790367
E3,SYN061,STRONG,AB,100,1.0,0.0,0.0,0.0,0.0,0.0,0.0,0.0,0.0,0.0,3.824386569152547,3.824386569152547,0.031183118977917434,0.031183118977917434
E3,SYN061,STRONG,BA,100,1.0,0.0,0.0,0.0,0.0,0.0,0.0,0.0,0.0,0.0,3.824386569152547,3.824386569152547,0.031183118977917434,0.031183118977917434
E3,SYN061,PAIRED_NULL,AB,100,1.0,0.0,0.0,0.0,0.0,0.0,0.0,0.0,0.0,0.0,3.818034936880944,3.818034936880944,0.031318907848073646,0.031318907848073646
E3,SYN061,PAIRED_NULL,BA,100,1.0,0.0,0.0,0.0,0.0,0.0,0.0,0.0,0.0,0.0,3.818034936880944,3.818034936880944,0.031318907848073646,0.031318907848073646
E3,SYN062,STRONG,AB,134,1.0,0.0,0.0,0.0,0.0,0.0,0.0,0.0,0.0,0.0,4.0694882606557945,4.0694882606557945,0.024789754107058182,0.024789754107058182
E3,SYN062,STRONG,BA,134,1.0,0.0,0.0,0.0,0.0,0.0,0.0,0.0,0.0,0.0,4.0694882606557945,4.0694882606557945,0.024789754107058182,0.024789754107058182
E3,SYN062,PAIRED_NULL,AB,134,0.9999999999999999,0.0,0.0,0.0,0.0,0.0,0.0,0.0,0.0,0.0,4.0694882606557945,4.0694882606557945,0.024789754107058193,0.024789754107058193
E3,SYN062,PAIRED_NULL,BA,134,0.9999999999999999,0.0,0.0,0.0,0.0,0.0,0.0,0.0,0.0,0.0,4.0694882606557945,4.0694882606557945,0.024789754107058193,0.024789754107058193
E3,SYN063,STRONG,AB,180,1.0,0.0,0.0,0.0,0.0,0.0,0.0,0.0,0.0,0.0,4.506924060676264,4.506924060676264,0.014522890483066897,0.014522890483066897
E3,SYN063,STRONG,BA,180,1.0,0.0,0.0,0.0,0.0,0.0,0.0,0.0,0.0,0.0,4.506924060676264,4.506924060676264,0.014522890483066897,0.014522890483066897
E3,SYN063,PAIRED_NULL,AB,180,0.9999999999999999,0.0,0.0,0.0,0.0,0.0,0.0,0.0,0.0,0.0,4.506924060676264,4.506924060676264,0.014522890483066896,0.014522890483066896
E3,SYN063,PAIRED_NULL,BA,180,0.9999999999999999,0.0,0.0,0.0,0.0,0.0,0.0,0.0,0.0,0.0,4.506924060676264,4.506924060676264,0.014522890483066896,0.014522890483066896
E3,SYN064,STRONG,AB,136,1.0,0.0,0.0,0.0,0.0,0.0,0.0,0.0,0.0,0.0,3.9077245690997144,3.9077245690997144,0.031663320585525435,0.031663320585525435
E3,SYN064,STRONG,BA,136,1.0,0.0,0.0,0.0,0.0,0.0,0.0,0.0,0.0,0.0,3.9077245690997144,3.9077245690997144,0.031663320585525435,0.031663320585525435
E3,SYN064,PAIRED_NULL,AB,136,1.0,0.0,0.0,0.0,0.0,0.0,0.0,0.0,0.0,0.0,3.901452477760633,3.901452477760633,0.03201374453023097,0.03201374453023097
E3,SYN064,PAIRED_NULL,BA,136,1.0,0.0,0.0,0.0,0.0,0.0,0.0,0.0,0.0,0.0,3.901452477760633,3.901452477760633,0.03201374453023097,0.03201374453023097
E3,SYN065,STRONG,AB,120,1.0,0.0,0.0,0.0,0.0,0.0,0.0,0.0,0.0,0.0,4.124580014673446,4.124580014673446,0.0217104264021654,0.0217104264021654
E3,SYN065,STRONG,BA,120,1.0,0.0,0.0,0.0,0.0,0.0,0.0,0.0,0.0,0.0,4.124580014673446,4.124580014673446,0.0217104264021654,0.0217104264021654
E3,SYN065,PAIRED_NULL,AB,120,1.0,0.0,0.0,0.0,0.0,0.0,0.0,0.0,0.0,0.0,4.164497292596372,4.164497292596372,0.020191960784800816,0.020191960784800816
E3,SYN065,PAIRED_NULL,BA,120,1.0,0.0,0.0,0.0,0.0,0.0,0.0,0.0,0.0,0.0,4.164497292596372,4.164497292596372,0.020191960784800816,0.020191960784800816
E3,SYN066,STRONG,AB,138,1.0,0.0,0.0,0.0,0.0,0.0,0.0,0.0,0.0,0.0,3.847350325628703,3.847350325628703,0.03301544247505846,0.03301544247505846
E3,SYN066,STRONG,BA,138,1.0,0.0,0.0,0.0,0.0,0.0,0.0,0.0,0.0,0.0,3.847350325628703,3.847350325628703,0.03301544247505846,0.03301544247505846
E3,SYN066,PAIRED_NULL,AB,138,0.9999999999999999,0.0,0.0,0.0,0.0,0.0,0.0,0.0,0.0,0.0,3.883097739078008,3.883097739078008,0.030757801499698076,0.030757801499698076
E3,SYN066,PAIRED_NULL,BA,138,0.9999999999999999,0.0,0.0,0.0,0.0,0.0,0.0,0.0,0.0,0.0,3.883097739078008,3.883097739078008,0.030757801499698076,0.030757801499698076
E3,SYN067,STRONG,AB,109,0.9999999999999999,0.0,0.0,0.0,0.0,0.0,0.0,0.0,0.0,0.0,3.793969414050775,3.793969414050775,0.03176509634085202,0.03176509634085202
E3,SYN067,STRONG,BA,109,0.9999999999999999,0.0,0.0,0.0,0.0,0.0,0.0,0.0,0.0,0.0,3.793969414050775,3.793969414050775,0.03176509634085202,0.03176509634085202
E3,SYN067,PAIRED_NULL,AB,109,1.0,0.0,0.0,0.0,0.0,0.0,0.0,0.0,0.0,0.0,3.7939694140507747,3.7939694140507747,0.03176509634085202,0.03176509634085202
E3,SYN067,PAIRED_NULL,BA,109,1.0,0.0,0.0,0.0,0.0,0.0,0.0,0.0,0.0,0.0,3.7939694140507747,3.7939694140507747,0.03176509634085202,0.03176509634085202
E3,SYN068,STRONG,AB,66,1.0,0.0,0.0,0.0,0.0,0.0,0.0,0.0,0.0,0.0,3.128040228340702,3.128040228340702,0.06006832870411326,0.06006832870411326
E3,SYN068,STRONG,BA,66,1.0,0.0,0.0,0.0,0.0,0.0,0.0,0.0,0.0,0.0,3.128040228340702,3.128040228340702,0.06006832870411326,0.06006832870411326
E3,SYN068,PAIRED_NULL,AB,66,1.0,0.0,0.0,0.0,0.0,0.0,0.0,0.0,0.0,0.0,3.0793046927038654,3.0793046927038654,0.06561585623872869,0.06561585623872869
E3,SYN068,PAIRED_NULL,BA,66,1.0,0.0,0.0,0.0,0.0,0.0,0.0,0.0,0.0,0.0,3.0793046927038654,3.0793046927038654,0.06561585623872869,0.06561585623872869
E3,SYN069,STRONG,AB,76,1.0,0.0,0.0,0.0,0.0,0.0,0.0,0.0,0.0,0.0,3.5268746581138446,3.5268746581138446,0.045784059065546966,0.045784059065546966
E3,SYN069,STRONG,BA,76,1.0,0.0,0.0,0.0,0.0,0.0,0.0,0.0,0.0,0.0,3.5268746581138446,3.5268746581138446,0.045784059065546966,0.045784059065546966
E3,SYN069,PAIRED_NULL,AB,76,1.0,0.0,0.0,0.0,0.0,0.0,0.0,0.0,0.0,0.0,3.526874658113844,3.526874658113844,0.04578405906554695,0.04578405906554695
E3,SYN069,PAIRED_NULL,BA,76,1.0,0.0,0.0,0.0,0.0,0.0,0.0,0.0,0.0,0.0,3.526874658113844,3.526874658113844,0.04578405906554695,0.04578405906554695
E3,SYN070,STRONG,AB,98,1.0,0.0,0.0,0.0,0.0,0.0,0.0,0.0,0.0,0.0,3.680561986595712,3.680561986595712,0.03542908710405579,0.03542908710405579
E3,SYN070,STRONG,BA,98,1.0,0.0,0.0,0.0,0.0,0.0,0.0,0.0,0.0,0.0,3.680561986595712,3.680561986595712,0.03542908710405579,0.03542908710405579
E3,SYN070,PAIRED_NULL,AB,98,1.0,0.0,0.0,0.0,0.0,0.0,0.0,0.0,0.0,0.0,3.680561986595712,3.680561986595712,0.03542908710405578,0.03542908710405578
E3,SYN070,PAIRED_NULL,BA,98,1.0,0.0,0.0,0.0,0.0,0.0,0.0,0.0,0.0,0.0,3.680561986595712,3.680561986595712,0.03542908710405578,0.03542908710405578
E3,SYN071,STRONG,AB,89,0.9999999999999999,0.0,0.0,0.0,0.0,0.0,0.0,0.0,0.0,0.0,3.77177670411908,3.77177670411908,0.03129081350423809,0.03129081350423809
E3,SYN071,STRONG,BA,89,0.9999999999999999,0.0,0.0,0.0,0.0,0.0,0.0,0.0,0.0,0.0,3.77177670411908,3.77177670411908,0.03129081350423809,0.03129081350423809
E3,SYN071,PAIRED_NULL,AB,89,1.0,0.0,0.0,0.0,0.0,0.0,0.0,0.0,0.0,0.0,3.8071739046286197,3.8071739046286197,0.030010660080014354,0.030010660080014354
E3,SYN071,PAIRED_NULL,BA,89,1.0,0.0,0.0,0.0,0.0,0.0,0.0,0.0,0.0,0.0,3.8071739046286197,3.8071739046286197,0.030010660080014354,0.030010660080014354
E3,SYN072,STRONG,AB,80,1.0,0.0,0.0,0.0,0.0,0.0,0.0,0.0,0.0,0.0,3.044078783034359,3.044078783034359,0.08989121360477609,0.08989121360477609
E3,SYN072,STRONG,BA,80,1.0,0.0,0.0,0.0,0.0,0.0,0.0,0.0,0.0,0.0,3.044078783034359,3.044078783034359,0.08989121360477609,0.08989121360477609
E3,SYN072,PAIRED_NULL,AB,80,0.9999999999999999,0.0,0.0,0.0,0.0,0.0,0.0,0.0,0.0,0.0,3.1058959460694675,3.1058959460694675,0.07904145443239502,0.07904145443239502
E3,SYN072,PAIRED_NULL,BA,80,0.9999999999999999,0.0,0.0,0.0,0.0,0.0,0.0,0.0,0.0,0.0,3.1058959460694675,3.1058959460694675,0.07904145443239502,0.07904145443239502
E4,SYN001,STRONG,AB,137,0.9998845857394009,-5.824618970433075e-19,-7.979727989493313e-17,0.00017439540477915072,0.02389217045474365,-0.0007754221434508324,8.956812877262965e-06,0.007831648539437689,0.2950926701893199,0.2858511426925,4.049100290685988,4.0483248685425375,0.025340973596092616,0.02534993040896988
E4,SYN001,STRONG,BA,137,0.9998911337175866,-6.821768413740911e-19,-9.345822726825048e-17,0.00017084528910343686,0.02340580460717085,-0.0006146119399410566,6.757407830489462e-05,0.008837221064983296,0.5027253348336221,0.4629096543807326,4.049100290685988,4.048485678746047,0.025340973596092616,0.02540854767439751
E4,SYN001,PAIRED_NULL,AB,137,0.9999336381981235,2.738204026861201e-19,3.7513395167998453e-17,0.0001334707500938349,0.018285492762855383,0.002059521192828484,-4.117507411651594e-05,0.007830700698359732,0.16834621365185579,0.153618532659671,4.0404425072039825,4.042502028396811,0.025532958944756753,0.025491783870640237
E4,SYN001,PAIRED_NULL,BA,137,0.9998779018904551,8.230439849524997e-20,1.1275702593849246e-17,0.00018237344962690534,0.024985162598886033,-0.002782215457178161,8.286176224245323e-05,0.008977394981559727,0.2047021448434279,0.44835328293984866,4.0404425072039825,4.037660291746804,0.025532958944756753,0.025615820706999207
E4,SYN002,STRONG,AB,65,0.9999698274599954,1.502037009727995e-18,9.763240563231969e-17,0.00019143750304267338,0.012443437697773771,-0.0010883971596884479,-1.0148448740823768e-05,0.005271722881260669,0.2881514259434483,0.23676430687902544,3.334547922349198,3.3334595251895096,0.054854186684438755,0.05484403823569793
E4,SYN002,STRONG,BA,65,0.9999448273368334,1.4670089395400018e-18,9.535558107010011e-17,0.0002901399860219983,0.01885909909142989,0.005990423571883063,-0.0004230837483712932,0.006189723906510962,0.1498658454278212,0.15061298193494993,3.334547922349198,3.340538345921081,0.054854186684438755,0.05443110293606746
E4,SYN002,PAIRED_NULL,AB,65,0.9999413450133584,2.1200322480447327e-18,1.3780209612290764e-16,0.00028858918506260837,0.018758297029069546,-0.001771603787751097,0.0003478177324105769,0.00487408180407198,0.10727279289055719,0.14190099052282382,3.3345479223491976,3.3327763185614465,0.054854186684438755,0.05520200441684933
E4,SYN002,PAIRED_NULL,BA,65,0.9998790541695644,1.6813473690236746e-18,1.0928757898653885e-16,0.00038424554172981126,0.024975960212437733,-0.0016678710012447695,-9.843888663162159e-05,0.007856543707525771,0.42398045623087555,0.6021970983902042,3.3345479223491976,3.332880051347953,0.054854186684438755,0.05475574779780713
E4,SYN003,STRONG,AB,170,0.9999310493061931,2.38524477946811e-19,4.054916125095788e-17,0.0001494657255347174,0.02540917334090196,-0.0010868494604423518,0.00012187956063272609,0.007963882966933481,0.206902618592574,0.08084177195850585,3.9830964316522643,3.982009582191822,0.03234618528692708,0.032468064847559805
E4,SYN003,STRONG,BA,170,0.9999067712874964,-5.357234264046022e-20,-9.107298248878239e-18,0.00017965089957804845,0.03054065292826824,-0.004226196350906708,0.00023743437502374287,0.010703803521578929,0.3338583948591927,0.3907749320240915,3.9830964316522643,3.9788702353013576,0.03234618528692708,0.03258361966195082
E4,SYN003,PAIRED_NULL,AB,170,0.9999522922241365,-8.750149297941836e-19,-1.487525380650112e-16,0.00012574163146480665,0.02137607734901713,-0.001727490068035742,5.984843475501794e-05,0.008728752876285389,0.19610596042212577,0.05395680700189877,3.954503152710883,3.952775662642847,0.03368533066816692,0.033745179102921935
E4,SYN003,PAIRED_NULL,BA,170,0.9999378066813714,5.105316700439096e-19,8.679038390746463e-17,0.00014263495986130143,0.024247943176421243,-0.0016793384426891933,3.1531683866645177e-06,0.011005559043935053,0.21214655733618318,0.057518722294925474,3.954503152710883,3.9528238142681937,0.03368533066816692,0.03368848383655358
E4,SYN004,STRONG,AB,148,0.9999232801123639,-2.783762334760079e-20,-4.119968255444917e-18,0.00013638513983378557,0.020185000695400267,0.0022527232153706223,-5.124654635295031e-05,0.008008618636410714,0.197079737303716,0.16485893441572438,4.101888730650877,4.104141453866248,0.024482113127460427,0.024430866581107477
E4,SYN004,STRONG,BA,148,0.9999048125672707,-3.4137717052584126e-19,-5.052382123782451e-17,0.00015160790486412948,0.022437969919891165,-2.8890690955130083e-05,4.0782803156502734e-05,0.00914264563539784,0.21722345359331768,0.24376224684946224,4.101888730650877,4.101859839959922,0.024482113127460427,0.02452289593061693
E4,SYN004,PAIRED_NULL,AB,148,0.9999261629665547,9.149787252935102e-19,1.354168513434395e-16,0.00013323559551941264,0.01971886813687307,-0.0007598849279268904,2.371818266870898e-05,0.007722418713629207,0.2845376117556453,0.1701925312402949,4.101888730650877,4.1011288457229504,0.024482113127460424,0.024505831310129133
E4,SYN004,PAIRED_NULL,BA,148,0.9998279161515453,-1.814939785360025e-19,-2.686110882332837e-17,0.00020455619994586707,0.030274317591988325,0.0020214994060925306,-8.7120988796284e-05,0.009913203666382969,0.38346346751847427,0.5546654480292545,4.101888730650877,4.10391023005697,0.024482113127460424,0.02439499213866414
E4,SYN005,STRONG,AB,134,0.9999101007452327,-7.44377610960197e-20,-9.974659986866641e-18,0.00016173582400989784,0.021672600417326313,0.0003227672248371505,-3.8330228937375616e-05,0.007129987294848039,0.4882255698197458,0.5916591086843693,4.033567678067273,4.03389044529211,0.026871860898672873,0.026833530669735497
E4,SYN005,STRONG,BA,134,0.9998742693059239,6.133024229432928e-19,8.218252467440124e-17,0.00019086601643631014,0.02557604620246556,0.002099709937496641,-1.4717062331262576e-05,0.009914824011449849,0.14379582772672855,0.21750883260117293,4.033567678067273,4.03566738800477,0.026871860898672873,0.02685714383634161
E4,SYN005,PAIRED_NULL,AB,134,0.9998928106797893,-5.623287387144967e-19,-7.535205098774256e-17,0.00018005727990330863,0.024127675507043356,-0.001250994137305561,6.735307715708197e-05,0.008073465897498548,0.46185705991505843,0.4871652827168432,4.018837372557395,4.01758637842009,0.02742944203978379,0.02749679511694087
E4,SYN005,PAIRED_NULL,BA,134,0.9998488598022915,-8.091060988697794e-22,-1.0842021724855044e-19,0.00022340581704728162,0.029936379484335737,-0.0037475575030283537,0.00022292920720175247,0.009650503189618596,0.3055334346997864,0.18274765947397942,4.018837372557395,4.015089815054367,0.02742944203978379,0.02765237124698554
E4,SYN006,STRONG,AB,65,0.9999729271115586,1.1701043446132022e-18,7.605678239985814e-17,0.00020041260594366977,0.013026819386338534,0.00233501289973459,-0.00018538433360693746,0.004868622246983198,0.07424852153490508,0.06391137100903162,3.1904258390115743,3.192760851911309,0.060141523860409274,0.059956139526802336
E4,SYN006,STRONG,BA,65,0.9999490784812891,-1.0425020889283696e-18,-6.776263578034401e-17,0.0002669723258686571,0.01735320118146271,-0.0009811053066206554,0.00011120130054602384,0.006188663991148069,0.13437344014956154,0.25857558895056454,3.1904258390115743,3.1894447337049536,0.060141523860409274,0.0602527251609553
E4,SYN006,PAIRED_NULL,AB,65,0.999972806433921,2.083336174514454e-18,1.3541685134343948e-16,0.000194017842437979,0.012611159758468634,0.0020453311586430267,-3.805071632473345e-05,0.005304576743999278,0.26495923277981076,0.04364394738690301,3.186872599570313,3.188917930728956,0.06024361986627654,0.06020556914995181
E4,SYN006,PAIRED_NULL,BA,65,0.9999629232460059,8.773697580421159e-19,5.702903427273753e-17,0.0002263962939602756,0.014715759107417913,-0.0003480783523617248,2.7231008174713467e-05,0.005964468856042088,0.2891447484530247,0.17172176541499057,3.186872599570313,3.1865245212179514,0.06024361986627654,0.060270850874451255
E4,SYN007,STRONG,AB,122,0.9999814253101306,7.403901106163819e-20,9.032759349519859e-18,0.0001554335196177576,0.018962889393366426,-0.0037940306539310242,0.00012352096943105129,0.006703084921312623,0.15401891907798393,0.08728591191535248,3.1348409935411357,3.1310469628872046,0.08616003849379084,0.08628355946322189
E4,SYN007,STRONG,BA,122,0.9999690015682707,2.2721867096886916e-18,2.7720677858202036e-16,0.00021287979723733918,0.025971335262955378,0.00587895923920545,-0.00046979760586077224,0.008714414164419208,0.15403319381596783,0.014507557748424991,3.1348409935411357,3.140719952780341,0.08616003849379084,0.08569024088793006
E4,SYN007,PAIRED_NULL,AB,122,0.9999887520340764,-3.7458296369068863e-19,-4.569912157026402e-17,0.00012718403370265755,0.015516452111724224,0.0011716582792251629,-0.00014618252759668326,0.007392711762042852,0.15711678536071577,0.14102739341008153,3.154061518239624,3.1552331765188493,0.0931981300193403,0.09305194749174361
E4,SYN007,PAIRED_NULL,BA,122,0.9999772696154887,-1.3863568762929402e-19,-1.6913553890773872e-17,0.00017830627161012419,0.021753365136435155,-0.0027045248021466683,6.654696155160289e-05,0.010151020379942342,0.36432117731014857,0.4129482889707791,3.154061518239624,3.1513569934374774,0.0931981300193403,0.0932646769808919
E4,SYN008,STRONG,AB,121,0.9998639627621546,-9.845182950565686e-20,-1.1912671370184482e-17,0.00017704050828278373,0.021421901502216834,-0.00019128557592029694,-6.127022274908522e-05,0.006921352349108314,0.36635523102889195,0.5140024916843039,4.098411438541839,4.098220152965919,0.021982475261952128,0.021921205039203043
E4,SYN008,STRONG,BA,121,0.9998833838323795,1.5653728887042778e-18,1.8941011953321765e-16,0.0001657578332735358,0.020056697826097834,-0.003277895281914134,7.982058666092945e-05,0.007518859618577145,0.22127053694381443,0.32989211805532925,4.098411438541839,4.095133543259925,0.021982475261952128,0.022062295848613057
E4,SYN008,PAIRED_NULL,AB,121,0.9998946059814398,7.199640046215726e-19,8.711564455921028e-17,0.00015778489188493999,0.019091971918077738,0.0029339973959734422,-7.392533949053537e-05,0.007023865951482258,0.4902070919728661,0.5828319592202065,4.0906060560072275,4.093540053403201,0.022123805927243095,0.02204988058775256
E4,SYN008,PAIRED_NULL,BA,121,0.9998673497690552,-3.2346858203906373e-19,-3.913969842672671e-17,0.0001743762481153427,0.02109952602195647,-0.0007176305857035103,8.35297353982134e-06,0.008429717853593966,0.23257130705368906,0.23785265310649284,4.0906060560072275,4.089888425421524,0.022123805927243095,0.022132158900782916
E4,SYN009,STRONG,AB,70,0.9999939850174453,1.3715157481941631e-18,9.600610237359142e-17,0.00014005901814101015,0.00980413126987071,-0.0017577723673811718,0.00012175092990013292,0.005383429791629954,0.23834703397054355,0.25752657981936955,2.816419622920267,2.814661850552886,0.12560379895280338,0.1257255498827035
E4,SYN009,STRONG,BA,70,0.999981951092937,-3.3145609273128276e-19,-2.3201926491189795e-17,0.00025003885738404143,0.0175027200168829,0.002055681383737351,-0.0004029434229952944,0.007163855997717453,0.5207434183875967,0.48182452633271594,2.816419622920267,2.8184753043040045,0.12560379895280338,0.12520085552980809
E4,SYN009,PAIRED_NULL,AB,70,0.9999907493339383,4.1447500193874426e-18,2.9013250135712104e-16,0.00016816419512568487,0.011771493658797944,-0.0006351472894619015,5.836249708793262e-05,0.004905161545801153,0.15370691602756567,0.08378219296772377,2.951032076945521,2.9503969296560593,0.12081928188371911,0.12087764438080704
E4,SYN009,PAIRED_NULL,BA,70,0.9999788838690927,3.1689680641504886e-18,2.2182776449053426e-16,0.0002611042296444631,0.018277296075112425,-0.0011787923810064882,0.0003369537657860605,0.008057031891822027,0.47966806774834647,0.4829328274317149,2.951032076945521,2.9498532845645147,0.12081928188371911,0.12115623564950517
E4,SYN010,STRONG,AB,100,0.9999615848230381,1.6508333328807412e-18,1.6508333328807412e-16,0.00016375054750790067,0.016375054750790066,0.0006032175094299319,-8.639861890789857e-05,0.005542023226197826,0.16064982826517474,0.07712908753720371,3.551422548444998,3.552025765954428,0.04423338298871243,0.044146984369804534
E4,SYN010,STRONG,BA,100,0.9999552268882129,-3.4531839193663317e-19,-3.4531839193663316e-17,0.00017508771627513454,0.017508771627513454,0.00047144305210222726,1.749374079242083e-06,0.007370961590279201,0.29321927630018585,0.5441799697391565,3.551422548444998,3.5518939914971,0.04423338298871243,0.044235132362791675
E4,SYN010,PAIRED_NULL,AB,100,0.9999727938942398,-1.1256051429472947e-18,-1.1256051429472944e-16,0.00013694368756119637,0.013694368756119634,-0.00028326539283041186,-3.857094515778009e-05,0.005222013174513866,0.23692428919610095,0.330629230343707,3.5485631205053325,3.548279855112502,0.04428555586893981,0.04424698492378203
E4,SYN010,PAIRED_NULL,BA,100,0.9999354397689063,-7.6964801719314745e-19,-7.696480171931473e-17,0.00021046050085511662,0.021046050085511657,0.0014073737449900037,1.423225669944933e-05,0.007350979126724362,0.46001780646907314,0.6385207352972154,3.5485631205053325,3.5499704942503225,0.04428555586893981,0.04429978812563926
E4,SYN011,STRONG,AB,122,0.999905506505868,1.742277343571993e-18,2.125578359157832e-16,0.00017221686816551866,0.02101045791619328,-9.851931400017833e-05,3.328869530454595e-05,0.007013564428209904,0.09474972873281093,0.16392836654542242,3.9676543532673887,3.9675558339533885,0.02724926694009569,0.027282555635400236
E4,SYN011,STRONG,BA,122,0.9999136397270167,5.243272801364325e-19,6.396792817664477e-17,0.00016425178680369842,0.02003871799005121,0.0019541286139244107,-1.095580254919376e-05,0.007563194667464002,0.3294320532501073,0.26599195445542,3.9676543532673887,3.969608481881313,0.02724926694009569,0.027238311137546496
E4,SYN011,PAIRED_NULL,AB,122,0.9999492152177062,1.3739152120185163e-18,1.6761765586625899e-16,0.0001262848974904689,0.015406757493837206,0.002250778525344277,-2.9677540385540657e-05,0.006067683479675788,0.27659052697038955,0.19965935322473813,3.9672722883362104,3.9695230668615546,0.027253464881815914,0.027223787341430373
E4,SYN011,PAIRED_NULL,BA,122,0.9999012818394069,1.529436015448814e-18,1.865911938847553e-16,0.00017570550428096859,0.021436071522278166,-0.0011963898466156309,-2.1495495859898128e-05,0.007777972416188394,0.2306169552883961,0.12828859685956215,3.9672722883362104,3.9660758984895947,0.027253464881815914,0.027231969385956015
E4,SYN012,STRONG,AB,150,0.9999264343281651,7.582187192915294e-19,1.1373280789372942e-16,0.00014710054792152106,0.02206508218822816,0.00033444365792600905,-8.117516470308034e-05,0.008153579472433017,0.528083154736147,0.402145872095407,4.08014707553828,4.080481519196206,0.028247974159854985,0.028166798995151905
E4,SYN012,STRONG,BA,150,0.9998930650041534,-2.0997382073802604e-19,-3.1496073110703904e-17,0.00018265048669057396,0.02739757300358609,-0.004242991533037532,0.00017896437003886434,0.01083148227578229,0.26374414578009825,0.17411129107948467,4.08014707553828,4.075904084005242,0.028247974159854985,0.02842693852989385
E4,SYN012,PAIRED_NULL,AB,150,0.9998996702099572,3.1080462277917795e-20,4.66206934168767e-18,0.00016620406369903618,0.024930609554855432,-0.0009056121312411847,7.69713505860102e-05,0.009053194112075072,0.29243127840159217,0.10939155218579136,4.117763252119639,4.116857639988398,0.02691409150738436,0.02699106285797037
E4,SYN012,PAIRED_NULL,BA,150,0.9998471883407094,9.656627349604226e-19,1.4484941024406342e-16,0.0002056640613878686,0.030849609208180296,-0.0009329384577938526,0.0001067303438538128,0.010204652020039211,0.4458681497665599,1.0502803405442993,4.117763252119639,4.116830313661845,0.02691409150738436,0.027020821851238174
E4,SYN013,STRONG,AB,118,0.9999660086601618,-9.231797735633988e-19,-1.0893521328048106e-16,0.00013516630758893773,0.015949624295494652,0.0015244929788709172,-8.455649224140688e-05,0.005928396717262633,0.3911651098264051,0.2924614081493733,3.728831370767703,3.730355863746574,0.03937665801301013,0.03929210152076872
E4,SYN013,STRONG,BA,118,0.9999470422091412,-1.2018105437381694e-18,-1.4181364416110398e-16,0.00018060113943711267,0.021310934453579296,0.005911279139531711,-0.0002694793409880117,0.007511510268170053,0.6122609107563335,0.7959924403525944,3.728831370767703,3.734742649907235,0.03937665801301013,0.03910717867202212
E4,SYN013,PAIRED_NULL,AB,118,0.9999521590533239,7.84783203876425e-19,9.260441805741815e-17,0.00017072688498293018,0.02014577242798576,-0.0013978329266097766,0.00013099716396295508,0.007254352062399228,0.3335587096876612,0.4467681344998372,3.6418557266826554,3.6404578937560457,0.043061702862803905,0.04319270002676686
E4,SYN013,PAIRED_NULL,BA,118,0.9999687950913964,-4.341402766944075e-19,-5.1228552649940085e-17,0.00013605687113766362,0.016054710794244306,0.0035524750803506144,-6.188815783414459e-05,0.008128573386465929,0.25546023855036054,0.4584387496263803,3.6418557266826554,3.645408201763006,0.043061702862803905,0.04299981470496976
E4,SYN014,STRONG,AB,125,0.9999037221482739,2.056731521205002e-19,2.5709144015062524e-17,0.0001968119497546598,0.024601493719332474,-0.0011482476182758106,3.4477700347104734e-05,0.007435373059570489,0.13623311523585227,0.31443706758642237,3.7842007847202326,3.7830525371019568,0.033066524317219535,0.03310100201756664
E4,SYN014,STRONG,BA,125,0.9999051372274481,-8.120132170830185e-19,-1.015016521353773e-16,0.00020310523193784006,0.025388153992230007,-0.0031606899075846684,0.00019612559456313322,0.01007205992195688,0.08950415785399678,0.23196655660155496,3.7842007847202326,3.781040094812648,0.033066524317219535,0.03326264991178267
E4,SYN014,PAIRED_NULL,AB,125,0.9999032789670865,1.5736652432540854e-18,1.9670815540676073e-16,0.00019725548717036456,0.024656935896295574,0.000323559299160614,-4.365018730364406e-05,0.007414722410792446,0.21789601218184057,0.13108083746134352,3.7842007847202312,3.784524344019392,0.03306652431721952,0.03302287412991588
E4,SYN014,PAIRED_NULL,BA,125,0.9998701826588271,2.835188681049594e-18,3.543985851311993e-16,0.00022840484985523355,0.0285506062319042,-0.003277284004663983,3.0128617213735776e-05,0.00990997681850035,0.21007422212864696,0.26420713851032257,3.7842007847202312,3.7809235007155673,0.03306652431721952,0.03309665293443326
E4,SYN015,STRONG,AB,151,0.9999443861625699,1.3024786363501357e-18,1.966742740888705e-16,0.0001231832963565227,0.018600677749834926,0.0006860037856748491,1.694500679393779e-06,0.007142601179985287,0.26291401074834425,0.2598490652186865,4.036819074546298,4.037505078331973,0.027221380283798186,0.02722307478447758
E4,SYN015,STRONG,BA,151,0.9999391500219952,8.20511279872722e-19,1.2389720326078102e-16,0.00012888189226011555,0.019461165731277447,0.00031175695284435534,8.185492907784864e-06,0.008356377979304738,0.27972146142991783,0.045663441651765814,4.036819074546298,4.037130831499143,0.027221380283798186,0.02722956577670597
E4,SYN015,PAIRED_NULL,AB,151,0.9999418832009129,1.1890323163152286e-18,1.7954387976359953e-16,0.00012552618394379546,0.01895445377551312,0.00010024163507971195,2.0516004356485595e-06,0.007117194236644888,0.391773040597975,0.543881415535423,4.047375906610172,4.047476148245252,0.027090863507762557,0.027092915108198206
E4,SYN015,PAIRED_NULL,BA,151,0.9998915239133489,9.894242342284934e-19,1.4940305936850254e-16,0.00017249299690449364,0.026046442532578543,-0.0009982402525228196,6.111514649131955e-05,0.009014061123909107,0.32172805149689987,0.24155644516180905,4.047375906610172,4.04637766635765,0.027090863507762557,0.027151978654253877
E4,SYN016,STRONG,AB,89,0.9999818255036328,2.246673996186957e-18,1.9995398566063918e-16,0.00016786013605329914,0.014939552108743624,-0.0038339348492884007,0.0002299761171837139,0.006596452458660459,0.193721164437506,0.2492628434539329,3.2733440541817993,3.269510119332511,0.07435999952375472,0.07458997564093843
E4,SYN016,STRONG,BA,89,0.9999653437685356,1.6983296109172515e-18,1.5115133537163539e-16,0.0002398525175899376,0.021346874065504447,0.0006810818724560797,-0.00043730061400308606,0.007740762631364467,0.19406117702680406,0.19756577731838174,3.2733440541817993,3.2740251360542554,0.07435999952375472,0.07392269890975163
E4,SYN016,PAIRED_NULL,AB,89,0.999965669805601,3.676541748945227e-18,3.272122156561253e-16,0.0002689483086047106,0.02393639946581925,-0.006509764222320857,0.0006756633258102607,0.006222314496495309,0.2282574035103607,0.16272964719334834,3.205483609831353,3.198973845609032,0.08092107626128264,0.0815967395870929
E4,SYN016,PAIRED_NULL,BA,89,0.9999715840807045,1.983846334710836e-18,1.7656232378926445e-16,0.00023810849304287105,0.02119165588081553,-0.0030759625482681408,0.0005472103472212858,0.007717808014491403,0.20515753350538185,0.03992023473114563,3.205483609831353,3.202407647283085,0.08092107626128264,0.08146828660850393
E4,SYN017,STRONG,AB,168,0.9999450411158926,-5.921163650330061e-19,-9.947554932554503e-17,0.00011101539928484547,0.01865058707985404,-0.00038669244464717423,6.6235982495131684e-06,0.007650542965840133,0.058105291440121824,0.1359230636528929,4.1434314670173915,4.143044774572744,0.024780601207551083,0.024787224805800596
E4,SYN017,STRONG,BA,168,0.9999157421086382,4.904724113624901e-20,8.239936510889834e-18,0.0001383460021192633,0.023242128356036236,-0.0006139670076095172,5.359831168630369e-05,0.010556296545995447,0.15739705290973832,0.26823001803849333,4.1434314670173915,4.142817500009782,0.024780601207551083,0.024834199519237387
E4,SYN017,PAIRED_NULL,AB,168,0.9999007656993019,-1.1984306156580844e-18,-2.013363434305582e-16,0.00014991997574421442,0.025186555925028022,-0.002493331868826054,5.073088803600467e-05,0.008156072468854952,0.13260132181109657,0.08946658606865412,4.143431467017391,4.140938135148565,0.024780601207551076,0.02483133209558708
E4,SYN017,PAIRED_NULL,BA,168,0.9998553202585416,-1.8392715426093378e-19,-3.0899761915836876e-17,0.00018018230642605934,0.03027062747957797,-0.0007060108653842434,-2.7566015279388567e-05,0.010430428050084994,0.25105490622385457,0.09659302794100572,4.143431467017391,4.142725456152006,0.024780601207551076,0.024753035192271688
E4,SYN018,STRONG,AB,64,0.9999856759493096,2.3445871979999033e-18,1.5005358067199384e-16,0.00017464713216939842,0.0111774164588415,-0.0011230276994114163,0.00021164987101367216,0.005363223102819685,0.048134572070692314,0.10579802054902411,3.024935853369241,3.02381282566983,0.07733633426785841,0.07754798413887208
E4,SYN018,STRONG,BA,64,0.999946642313426,1.2061749168901237e-18,7.719519468096793e-17,0.0003300639628518778,0.02112409362252018,-0.0037163168498102195,0.00030283488218667276,0.007373239675409674,0.18617648702803347,0.3101059443838854,3.024935853369241,3.021219536519431,0.07733633426785841,0.07763916915004508
E4,SYN018,PAIRED_NULL,AB,64,0.9999742631725755,-6.132518538121134e-19,-3.924811864397526e-17,0.0002298689433424083,0.014711612373914131,-0.00025421853955709395,0.00019503878233032013,0.006110987529705513,0.2559546445258861,0.2679539736966267,3.0060431525768028,3.0057889340372457,0.07828197459900867,0.07847701338133899
E4,SYN018,PAIRED_NULL,BA,64,0.9999558641564005,-1.2061749168901237e-18,-7.719519468096792e-17,0.00029753637902586554,0.019042328257655394,-0.0025609710370124716,0.0001785866098648753,0.0062137424990396,0.14031891665446478,0.06259708938793887,3.0060431525768028,3.0034821815397903,0.07828197459900867,0.07846056120887354
E4,SYN019,STRONG,AB,69,0.9999558007637791,1.7001547110569795e-18,1.1731067506293158e-16,0.00020493047131701637,0.01414020252087413,-0.0015296030179197118,4.7231094633962134e-05,0.005045308400224477,0.11251561897773243,0.0805388360001163,3.3861228874634746,3.384593284445555,0.04705618467749615,0.04710341577213011
E4,SYN019,STRONG,BA,69,0.9999474088222333,6.811617996702408e-19,4.700016417724662e-17,0.00022285875109293753,0.01537725382541269,0.0009910994565651698,-1.9348257153196935e-05,0.005891406625329866,0.12556688081477602,0.21906006650247078,3.3861228874634746,3.3871139869200397,0.04705618467749615,0.04703683642034295
E4,SYN019,PAIRED_NULL,AB,69,0.999974703778224,-1.9539208717184416e-18,-1.3482054014857248e-16,0.00016030916808864803,0.011061332598116714,0.0014861581090475084,-7.472001099032011e-07,0.004459649100809323,0.0750403620877166,0.1407777709660741,3.350836283685155,3.3523224417942026,0.04954241363861887,0.04954166643850896
E4,SYN019,PAIRED_NULL,BA,69,0.9999369834752907,1.343467909384212e-19,9.269928574751063e-18,0.000253235073301843,0.017473220057827164,-0.001247116958847272,2.8135346759439184e-05,0.006431021373723638,0.18363051851173168,0.2708295988724403,3.350836283685155,3.349589166726308,0.04954241363861887,0.049570548985378306
E4,SYN020,STRONG,AB,75,0.9999743085262787,7.105138237021673e-19,5.328853677766254e-17,0.00024811206939973594,0.018608405204980194,0.0014099733709960205,0.0003519937381853133,0.006493767534119608,0.1863276132934286,0.49454635972841504,2.9183381687630843,2.9197481421340803,0.09570927779177277,0.09606127152995808
E4,SYN020,STRONG,BA,75,0.9999685501537029,2.084559376965463e-18,1.5634195327240974e-16,0.0002978891048994706,0.022341682867460293,-0.00710050258271222,0.0006931852473224809,0.0073598414971173445,0.21951335518802056,0.3914997531950709,2.9183381687630843,2.911237666180372,0.09570927779177277,0.09640246303909525
E4,SYN020,PAIRED_NULL,AB,75,0.999976176729782,-7.105138237021673e-19,-5.3288536777662537e-17,0.00029014884679010836,0.021761163509258122,-0.0027250396064069093,0.0005181946302685869,0.006686714915123863,0.3627048809693394,0.593560139788942,2.672481231784033,2.6697561921776263,0.1339337815344069,0.1344519761646755
E4,SYN020,PAIRED_NULL,BA,75,0.9999899860662933,-4.394632805807912e-19,-3.295974604355933e-17,0.00019741653615140128,0.014806240211355093,-0.003806777480083401,0.0004929468471750464,0.008347295379614258,0.8241222735017104,0.39977713498952755,2.672481231784033,2.66867445430395,0.1339337815344069,0.13442672838158196
E4,SYN021,STRONG,AB,160,0.9998140571938183,8.673617379884035e-19,1.3877787807814457e-16,0.00016238075726866572,0.025980921162986514,-0.002841589126945543,4.028285801757278e-05,0.008977584807400617,0.22453521559292133,0.08259536516085805,4.369059738086958,4.366218148960012,0.017477241120052927,0.0175175239780705
E4,SYN021,STRONG,BA,160,0.9998036885704705,1.260385025514399e-19,2.0166160408230382e-17,0.00016617800891129567,0.026588481425807307,0.0022948770280626363,-2.6397348382813102e-05,0.010797940398187517,0.3216943848907145,0.3823714579603807,4.369059738086958,4.37135461511502,0.017477241120052927,0.017450843771670114
E4,SYN021,PAIRED_NULL,AB,160,0.9998709437738388,-2.3242584072658e-19,-3.7188134516252796e-17,0.00013643058775093534,0.021828894040149652,-0.0005564859316180559,-1.3976528214942885e-05,0.007829294290361262,0.5824675989901328,0.683464733919104,4.357986805636484,4.357430319704866,0.017778674887445316,0.017764698359230374
E4,SYN021,PAIRED_NULL,BA,160,0.999834965768345,8.795590124288655e-19,1.4072944198861848e-16,0.00015565578607232373,0.024904925771571794,0.003946176909813914,-6.120837875688706e-05,0.009586899212674081,0.4543801826496624,0.6224249676844206,4.357986805636484,4.361932982546298,0.017778674887445316,0.01771746650868843
E4,SYN022,STRONG,AB,164,0.9998266920554055,-8.581063535891371e-19,-1.4072944198861845e-16,0.00015148831135995358,0.02484408306303238,-0.001363084471793563,4.845891876224806e-05,0.0085483977269164,0.11783259683007359,0.06957724554165572,4.416295486572632,4.414932402100838,0.01677316040580901,0.016821619324571258
E4,SYN022,STRONG,BA,164,0.9998264763208107,-1.0154478883766675e-18,-1.6653345369377343e-16,0.00015040381310785713,0.024666225349688566,0.002514512747811004,-1.8708386174536018e-05,0.009739633795181363,0.4033758517660817,0.49624894164011535,4.416295486572632,4.418809999320443,0.01677316040580901,0.016754452019634474
E4,SYN022,PAIRED_NULL,AB,164,0.9998256322271633,6.465547101773313e-19,1.0603497246908237e-16,0.00015704335926076013,0.02575511091876467,0.0006456966750079118,-1.0769258593328057e-06,0.009526782425160881,0.28051948337645577,0.37527328749011224,4.387751801309843,4.388397497984851,0.01769612605810343,0.0176950491322441
E4,SYN022,PAIRED_NULL,BA,164,0.9997962828368269,-6.610988856618929e-21,-1.0842021724855046e-18,0.00016998316106429375,0.027877238414544182,-0.001040022472933444,-2.9722737114670772e-05,0.010487622574460252,0.2373182692603636,0.13259472912250542,4.387751801309843,4.38671177883691,0.01769612605810343,0.01766640332098876
E4,SYN023,STRONG,AB,166,0.9999350110618315,2.0260211681024305e-18,3.3631951390500352e-16,0.00013515882328280355,0.022436364664945394,-0.00020788065264554234,3.997366593344598e-06,0.00850853348169235,0.22500005027704284,0.20260373726304823,4.035295165157083,4.035087284504438,0.029351463525049887,0.02935546089164323
E4,SYN023,STRONG,BA,166,0.9998550230905189,1.7752177739853018e-18,2.9468615048156015e-16,0.0002053974792051217,0.03409598154805021,0.002036611880071426,-0.00015610525607932801,0.009102290242139882,0.28106699357979986,0.31056122354983057,4.035295165157083,4.037331777037155,0.029351463525049887,0.02919535826897056
E4,SYN023,PAIRED_NULL,AB,166,0.999937926243388,1.3506807787349538e-18,2.2421300927000237e-16,0.00013354426113537708,0.0221683473484726,-0.0010408959753513969,1.3260512738338948e-05,0.007696086773810328,0.27162477082707226,0.3213058133519368,4.019563767507341,4.01852287153199,0.029848882227861098,0.029862142740599437
E4,SYN023,PAIRED_NULL,BA,166,0.999838314248363,3.631424143987593e-19,6.028164079019405e-17,0.0002158527835674702,0.035831562072200056,4.782558843174911e-06,4.641534676443765e-05,0.010074740660946654,0.2926576764745959,0.39984943526364264,4.019563767507341,4.019568550066184,0.029848882227861098,0.029895297574625536
E4,SYN024,STRONG,AB,74,0.9999905091266236,-2.433960620326411e-18,-1.801130859041544e-16,0.00011797933854700246,0.008730471052478182,-0.0007826843520826188,0.00010696701880609505,0.004160459261792519,0.0591677900130827,0.01804433285124241,3.1246343203391613,3.1238516359870787,0.06478753142599002,0.06489449844479611
E4,SYN024,STRONG,BA,74,0.9999789055578321,-3.706799319443684e-19,-2.743031496388326e-17,0.0001714610028475176,0.012688114210716302,0.0021743595587770947,-5.246988177483314e-05,0.00529948865030402,0.04030918356077801,0.07393812362479382,3.1246343203391613,3.1268086798979384,0.06478753142599002,0.06473506154421518
E4,SYN024,PAIRED_NULL,AB,74,0.9999837223950442,-3.0621385682360866e-19,-2.2659825404947043e-17,0.00015441041592998748,0.011426370778819075,-0.0008401993827065191,5.831269951350748e-06,0.004196167694507067,0.6236015750654392,0.439254632385374,3.085983343073449,3.0851431436907424,0.0677014263704579,0.06770725764040925
E4,SYN024,PAIRED_NULL,BA,74,0.9999605144737308,-1.1691801805992332e-18,-8.651933336434327e-17,0.00024392185397091067,0.01805021719384739,-0.002287301926127139,0.00015954942151136242,0.0056394026058233454,0.11557762075192976,0.07657681567392047,3.085983343073449,3.0836960411473218,0.0677014263704579,0.06786097579196926
E4,SYN025,STRONG,AB,121,0.9999288397951014,-1.2257756793059256e-18,-1.48318857196017e-16,0.00017679942574199022,0.021392730514780817,-0.00033225576047124505,-4.3049807718770206e-06,0.007719804106317698,0.3538084526809544,0.26971385771678974,3.788447155164508,3.788114899404037,0.0348407949108148,0.03483648993004292
E4,SYN025,STRONG,BA,121,0.9999402484157586,-1.4462002532162018e-18,-1.7499023063916042e-16,0.00016387343691423462,0.019828685866622387,0.002144616088163964,-9.151109708950556e-05,0.007831323045043043,0.3589072405377327,0.22978064316907554,3.788447155164508,3.790591771252672,0.0348407949108148,0.034749283813725294
E4,SYN025,PAIRED_NULL,AB,121,0.9999374326756438,1.3561487504601743e-18,1.6409399880568112e-16,0.0001849848179636629,0.022383162973603217,-0.002410518100470771,3.3761804337666124e-05,0.008961254121609736,0.2741637626050988,0.2502048605663786,3.6537874831864596,3.651376965085989,0.04126733925097554,0.041301101055313205
E4,SYN025,PAIRED_NULL,BA,121,0.9999233224119654,7.705899738326726e-19,9.32413868337534e-17,0.00020606939650284723,0.02493439697684452,0.0038382227427757876,-0.00010595942866351016,0.00966743728323917,0.30403437354874546,0.3209370584452233,3.6537874831864596,3.6576257059292354,0.04126733925097554,0.04116137982231203
E4,SYN026,STRONG,AB,121,0.9999765918048386,5.633819140084801e-19,6.816921159502609e-17,0.00015695867864202068,0.018992000115684502,0.00048671698957392096,0.0001827663729993545,0.006413155664239276,0.12075235042241954,0.05615020615459745,3.380111158544209,3.380597875533783,0.06890969144144865,0.069092457814448
E4,SYN026,STRONG,BA,121,0.9999682993833391,-1.8619604251445275e-18,-2.252972114424878e-16,0.00018247320201584196,0.022079257443916877,-0.001930667497160421,-0.0002148961084269957,0.009447310572988555,0.2219332874532012,0.43688528328696985,3.380111158544209,3.3781804910470488,0.06890969144144865,0.06869479533302165
E4,SYN026,PAIRED_NULL,AB,121,0.9999893849606155,-8.140476642174221e-19,-9.849976737030809e-17,0.00011349952999373494,0.01373344312924193,-0.0011525703118739905,0.00022463605378027218,0.007373451208077114,0.0702903552437763,0.06619140833206673,3.3099893868509107,3.3088368165390367,0.07231194145437538,0.07253657750815565
E4,SYN026,PAIRED_NULL,BA,121,0.9999427450786157,8.700498425482849e-19,1.0527603094834249e-16,0.00024623146214195824,0.02979400691917695,-0.00041994826362312665,-3.194559154620635e-05,0.009068648242034344,0.25590265068078716,0.31299033625098155,3.3099893868509107,3.3095694385872876,0.07231194145437538,0.07227999586282917
E4,SYN027,STRONG,AB,147,0.9999357187091181,-5.061454019511411e-19,-7.440337408681774e-17,0.0001172536515231473,0.017236286773902654,-0.0019319471321610493,4.8166933936246575e-05,0.007057774997323899,0.10447000087749875,0.16163641016557673,4.1267731576090325,4.1248412104768715,0.0222063331077504,0.022254500041686647
E4,SYN027,STRONG,BA,147,0.9998771898283892,-2.0356448952789064e-19,-2.992397996059992e-17,0.00016053068644059895,0.023598010906768045,-0.0012115971830137795,-2.1322322119925186e-05,0.008512553813614784,0.5044853485898029,1.1153246413330402,4.1267731576090325,4.125561560426019,0.0222063331077504,0.022185010785630475
E4,SYN027,PAIRED_NULL,AB,147,0.9998981093089404,1.9618896454499604e-19,2.883977778811442e-17,0.00014786675459763456,0.02173641292585228,-0.002487774135417453,6.503640232332145e-05,0.008269336336744313,0.30954833551064886,0.5414114814040781,4.126773157609033,4.124285383473616,0.0222063331077504,0.022271369510073722
E4,SYN027,PAIRED_NULL,BA,147,0.9998268581347189,-1.4961252427801671e-18,-2.1993041068868457e-16,0.00019064231780290558,0.028024420717027123,-0.0006325590901221645,1.832699715077421e-05,0.010083789587506437,0.38158265492596943,0.09879295319479822,4.126773157609033,4.126140598518911,0.0222063331077504,0.022224660104901175
E4,SYN028,STRONG,AB,168,0.9999084018853465,4.394890949182313e-19,7.383416794626286e-17,0.00012848578021997092,0.021585611076955117,-0.0006463943839118969,1.5959459324563913e-05,0.008252754603389506,0.2581581081083953,0.2638677318217765,4.238924229109934,4.238277834726022,0.02106060770038083,0.021076567159705392
E4,SYN028,STRONG,BA,168,0.9998399291789478,2.2071258511312053e-19,3.707971429900425e-17,0.00016967634785327974,0.028505626439351,-0.00019532448868364582,-9.402610462984351e-06,0.010011916169696662,0.16100000094837996,0.09452655636392412,4.238924229109934,4.23872890462125,0.02106060770038083,0.021051205089917844
E4,SYN028,PAIRED_NULL,AB,168,0.9999132411896923,3.6075536572583155e-19,6.060690144193971e-17,0.0001246525330716322,0.02094162555603421,0.0005906534865980362,-1.013846323590778e-05,0.007901565282323572,0.4048654885785692,0.549628839208181,4.2349556394127505,4.235546292899349,0.020991759553038405,0.020981621089802498
E4,SYN028,PAIRED_NULL,BA,168,0.9998665012311108,5.155607205621174e-19,8.661420105443574e-17,0.00015663544460646324,0.026314754693885826,-0.002673078106954385,7.616597994613769e-05,0.010083287171499764,0.4612368666572157,0.19900072826478996,4.2349556394127505,4.232282561305796,0.020991759553038405,0.021067925532984543
E4,SYN029,STRONG,AB,121,0.9999441120856093,8.198718907638319e-19,9.920449878242366e-17,0.00019039700580109195,0.023038037701932124,-0.002831829140340858,0.00019873745806710946,0.007690098471724037,0.41784768027321656,0.26319920263439994,3.559833611103182,3.5570017819628412,0.04501024761542701,0.04520898507349412
E4,SYN029,STRONG,BA,121,0.9999371862043179,7.705899738326726e-19,9.324138683375338e-17,0.000195419704457248,0.023645784239327006,-0.000989024717971354,-3.092876562676289e-05,0.009134319740594438,0.29440709750584787,0.16966943544303295,3.559833611103182,3.5588445863852107,0.04501024761542701,0.04497931884980025
E4,SYN029,PAIRED_NULL,AB,121,0.9999652635649243,1.077033893659154e-18,1.3032110113275766e-16,0.00015501375387830761,0.018756664219275226,0.0037403239662259224,-0.00012536827296355524,0.007882255380124915,0.42928170779880837,0.6086975597733084,3.515271416865268,3.519011740831494,0.04878053059134603,0.048655162318382475
E4,SYN029,PAIRED_NULL,BA,121,0.9999341814149143,8.413767272428832e-19,1.0180658399638889e-16,0.0002108201751415562,0.025509241192128305,0.0030505515732222044,-9.03179406844673e-05,0.010863870341679484,0.33437519814692857,0.3470211020784608,3.515271416865268,3.51832196843849,0.04878053059134603,0.04869021265066156
E4,SYN030,STRONG,AB,88,0.9999541428223533,-7.737260958192009e-19,-6.808789643208968e-17,0.00017972682742236598,0.015815960813168207,-0.0022379583745992804,0.0001540177070757931,0.005333190121735936,0.14394253146554184,0.03952495888233677,3.54105465081541,3.5388166924408107,0.040030716828477385,0.04018473453555318
E4,SYN030,STRONG,BA,88,0.9999196957191322,2.356907677232693e-18,2.07407875596477e-16,0.00023050305677299382,0.020284268996023456,-0.0018782918574129503,8.606589853324409e-05,0.007305599567555148,0.1513146888538203,0.09402524103465502,3.54105465081541,3.539176358957997,0.040030716828477385,0.04011678272701063
E4,SYN030,PAIRED_NULL,AB,88,0.9999692504559102,1.3842058418039367e-18,1.2181011407874645e-16,0.00014196222369474709,0.012492675685137745,-0.0006475724049987974,3.297155368869181e-05,0.005374000842673452,0.15856836430404558,0.22108020293872285,3.5410546508154095,3.5404070784104107,0.04003071682847737,0.04006368838216606
E4,SYN030,PAIRED_NULL,BA,88,0.9999067787989185,3.4521982810277083e-18,3.037934487304384e-16,0.000247390108314918,0.02177032953171279,-0.0011110583874422986,-7.407563634608677e-05,0.007794853532086854,0.5087212337774065,0.679864851875821,3.5410546508154095,3.539943592427967,0.04003071682847737,0.039956641192131284
E4,SYN031,STRONG,AB,86,0.9999535266905688,-1.253451174411294e-18,-1.0779680099937128e-16,0.000259666442442239,0.022331314050032556,-0.004384576603992052,0.00045611134319401003,0.00652261094334426,0.16385554315637474,0.1268100071420709,3.2346763801295872,3.230291803525595,0.062928385333009,0.06338449667620301
E4,SYN031,STRONG,BA,86,0.9999260577332681,-2.4173926345825057e-19,-2.078957665740955e-17,0.00029767445389136703,0.025600003034657565,-0.0007219816895571718,7.621479875440096e-05,0.0078063019927059295,0.19659606926420312,0.19057523816614322,3.2346763801295872,3.23395439844003,0.062928385333009,0.0630046001317634
E4,SYN031,PAIRED_NULL,AB,86,0.9999747397885326,-3.328248529490386e-19,-2.8622937353617323e-17,0.0001739543204922002,0.01496007156232922,-0.00042875275496445653,-5.064345552302507e-05,0.005492745485797516,0.19746764062860817,0.05364433031882676,3.235112985479091,3.2346842327241268,0.06291688721885431,0.06286624376333129
E4,SYN031,PAIRED_NULL,BA,86,0.9999668039453488,-7.009493115138843e-19,-6.028164079019406e-17,0.00019962545382040502,0.017167789028554835,-0.0009707514900867409,6.379764729896875e-05,0.007860847469990438,0.11649458596551807,0.22835371225707127,3.235112985479091,3.2341422339890045,0.06291688721885431,0.06298068486615328
E4,SYN032,STRONG,AB,165,0.9999401324207342,2.4460258103498727e-19,4.0359425870772896e-17,0.00012079323648945624,0.01993088402076028,-0.0007420622697900114,2.1290991435069656e-05,0.007939332199641524,0.30495716100520737,0.3948560534574457,4.083508211565867,4.082766149296077,0.026109790321517265,0.026131081312952335
E4,SYN032,STRONG,BA,165,0.9998930620094614,1.652258401645334e-18,2.726226362714801e-16,0.00016248977221874057,0.026810812416092195,0.00039225175335921847,-7.842279413520711e-05,0.009944380323880862,0.31684302875144404,0.4099745092138267,4.083508211565867,4.083900463319226,0.026109790321517265,0.026031367527382058
E4,SYN032,PAIRED_NULL,AB,165,0.999937811935679,-2.1224078891685935e-19,-3.5019730171281793e-17,0.00011660963109567555,0.019240589130786467,0.0010278153807803392,-2.9240876363044455e-05,0.008548699362943644,0.23838035034763852,0.2728827721499253,4.121438730727381,4.1224665461081615,0.02401858812554965,0.023989347249186607
E4,SYN032,PAIRED_NULL,BA,165,0.9997502583331748,-3.180326372624146e-19,-5.247538514829841e-17,0.00023320261267076073,0.03847843109067552,-0.000859533029395898,9.362562769517357e-06,0.012355157743244104,0.2860037113331762,0.15238121633334012,4.121438730727381,4.120579197697985,0.02401858812554965,0.02402795068831917
E4,SYN033,STRONG,AB,147,0.9998296179303099,4.294399421290374e-19,6.31276714929685e-17,0.00014582992385035433,0.021436998806002087,0.0010207823355559142,-2.0463850253615856e-05,0.008339838748455652,0.2184631814439068,0.23452725820339695,4.386111904657797,4.387132686993353,0.01595330445605538,0.015932840605801763
E4,SYN033,STRONG,BA,147,0.9996620934858305,1.6965551341903276e-18,2.4939360472597816e-16,0.0002097642664024764,0.030835347161164033,-0.003314671235610689,9.622374563899444e-05,0.011282295166241248,0.3371430628348416,0.3772216110217594,4.386111904657797,4.3827972334221865,0.01595330445605538,0.016049528201694373
E4,SYN033,PAIRED_NULL,AB,147,0.9998816967532058,5.966799711161722e-19,8.771195575407731e-17,0.00012373975157754007,0.01818974348189839,0.0019590971991778616,-4.6389541569314546e-05,0.007958646554899161,0.23842661745801913,0.2930250419865453,4.38066999247679,4.382629089675968,0.016093408848970772,0.016047019307401458
E4,SYN033,PAIRED_NULL,BA,147,0.9997975899422246,1.2258122521570805e-18,1.8019440106709084e-16,0.00016131312598970533,0.023713029520486685,0.001491776134925793,-5.266291281674773e-05,0.010144041230900179,0.3508611528548111,0.4567841984935469,4.38066999247679,4.382161768611716,0.016093408848970772,0.016040745936154024
E4,SYN034,STRONG,AB,116,0.9999621763585255,-6.60335202466387e-19,-7.65988834861009e-17,0.00012520281830746198,0.014523526923665592,-0.000733235534551735,1.5182082636656935e-05,0.0054935733773782665,0.06527989329163261,0.04165479151378811,3.810186458490398,3.809453222955846,0.03261906582361026,0.032634247906246916
E4,SYN034,STRONG,BA,116,0.9999493330637587,-9.165480649944809e-19,-1.063195755393598e-16,0.00014893313350744402,0.01727624348686351,0.001693330407216198,-0.00011871507346724458,0.006634325549454443,0.07939597594999569,0.17015638706463707,3.810186458490398,3.811879788897614,0.03261906582361026,0.032500350750143014
E4,SYN034,PAIRED_NULL,AB,116,0.9999533711523968,-3.841440455961572e-19,-4.4560709289154226e-17,0.0001434140754932089,0.01663603275721223,-0.00042735430596385626,-6.217402986903597e-06,0.005732240218770938,0.06346158362321569,0.1691683676502895,3.7710646457189787,3.770637291413015,0.034203065173734115,0.03419684777074721
E4,SYN034,PAIRED_NULL,BA,116,0.9999282183962879,-7.122086684775468e-19,-8.261620554339541e-17,0.00017794599900845917,0.02064173588498126,-0.0011866473357513563,-1.122956623129251e-05,0.00716694906930412,0.5137787544892424,0.3595073178338898,3.7710646457189787,3.7698779983832273,0.034203065173734115,0.03419183560750282
E4,SYN035,STRONG,AB,115,0.999948589312668,-1.75169359693745e-18,-2.014447636478067e-16,0.00015381288352579546,0.017688481605466475,-0.0009128069041897113,2.936620800745443e-05,0.006626167533290292,0.23131624812973978,0.285072991968393,3.7648406298351067,3.763927822930917,0.03506210360862177,0.03509146981662922
E4,SYN035,STRONG,BA,115,0.9999023481393475,-1.3505387931178132e-19,-1.5531196120854848e-17,0.0002129510498720743,0.024489370735288542,-0.002300124507726764,7.822730889031626e-05,0.009174836894427565,0.20365242978923062,0.20067883000553796,3.7648406298351067,3.76254050532738,0.03506210360862177,0.035140330917512085
E4,SYN035,PAIRED_NULL,AB,115,0.9999574150372748,-7.980670773991126e-19,-9.177771390089793e-17,0.0001486397777678441,0.01709357444330207,0.0006888890756164834,-7.615968222600411e-05,0.007314832825983893,0.14750540086606748,0.03880777276352889,3.7126460891169533,3.7133349781925697,0.0379836324348605,0.037907472752634494
E4,SYN035,PAIRED_NULL,BA,115,0.9999272510211648,6.95303567137443e-19,7.995991022080593e-17,0.00019369198639241709,0.02227457843512796,-4.4700963742538846e-05,-8.31638982640992e-05,0.009060278910489224,0.23787025383684013,0.1707145538907669,3.7126460891169533,3.7126013881532107,0.0379836324348605,0.0379004685365964
E4,SYN036,STRONG,AB,114,0.99993536011659,1.3943648334520264e-18,1.5895759101353102e-16,0.00019804785554103084,0.022577455531677518,0.00042381216891129725,-0.00012752944929995957,0.007509669129979036,0.4207929855727595,0.7198792010118127,3.6999954628899308,3.700419275058842,0.042488319151221275,0.042360789701921316
E4,SYN036,STRONG,BA,114,0.9999170055929828,1.362504506453549e-18,1.5532551373570458e-16,0.00022882567132934156,0.026086126531544938,0.0004692103324681618,-0.0002294514306819262,0.009702624507667927,0.2363132269410342,0.5299786258095016,3.6999954628899308,3.700464673222399,0.042488319151221275,0.04225886772053935
E4,SYN036,PAIRED_NULL,AB,114,0.9999500997015721,2.9863112470214773e-19,3.4043948216044845e-17,0.00019753303573911136,0.022518766074258696,0.0008735189405388866,-8.679207824669605e-05,0.0074145519884806915,0.3392861199638563,0.40963771147105477,3.5474537845965326,3.5483273035370715,0.05295875969503855,0.05287196761679185
E4,SYN036,PAIRED_NULL,BA,114,0.9998933889924809,-4.565061778886334e-19,-5.204170427930421e-17,0.0002912481395051443,0.03320228790358645,0.003484262468739452,-0.00021893633698012033,0.010235336399113289,1.0399672898577508,0.36469603545893287,3.5474537845965326,3.550938047065272,0.05295875969503855,0.05273982335805843
E4,SYN037,STRONG,AB,62,0.9999708553894174,-1.1366635679283514e-19,-7.047314121155777e-18,0.0002349145737275918,0.014564703571110688,-0.0022797167906225546,0.0003099976008076044,0.005029936734543141,0.24862012810282605,0.363619844890334,3.1565159663465088,3.154236249555886,0.06651767348415902,0.06682767108496662
E4,SYN037,STRONG,BA,62,0.9999533586378269,-7.615645905119955e-19,-4.721700461174371e-17,0.00027694673517994413,0.01717069758115653,-0.0002707005303608234,0.00010072229605016803,0.005940627271309845,0.12160050550512888,0.15878680604309334,3.1565159663465088,3.156245265816148,0.06651767348415902,0.06661839578020919
E4,SYN037,PAIRED_NULL,AB,62,0.9999728266090989,2.1649069186081525e-18,1.3422422895370545e-16,0.00021337003251934182,0.013228942016199194,0.0013185045005932317,-2.987591088164654e-05,0.005102033646278839,0.27272708601665324,0.26101523701304,3.1435452936434,3.144863798143993,0.0680027357654704,0.06797285985458876
E4,SYN037,PAIRED_NULL,BA,62,0.9999405368856366,-6.557674430355874e-19,-4.065758146820642e-17,0.00031556186505741135,0.019564835633559503,0.0008573093688362121,2.5900317565913378e-05,0.006710778093544296,0.14747164161604004,0.12417487399378078,3.1435452936434,3.144402603012236,0.0680027357654704,0.06802863608303632
E4,SYN038,STRONG,AB,93,0.9999635952495258,-7.163894999917661e-19,-6.662422349923424e-17,0.0001736182239564541,0.016146494827950227,-0.0011354420153932843,0.00013776778146279423,0.006457221557389583,0.15659733064921721,0.1942376234563444,3.4763227392505303,3.475187297235137,0.04741166384663322,0.047549431628096016
E4,SYN038,STRONG,BA,93,0.9999331606446182,1.3727398474211629e-19,1.2766480581016812e-17,0.0002469776718113838,0.022968923478458688,0.002633519961609654,-0.00034065996298302675,0.006605969720683395,0.3067057605764695,0.30156326870113204,3.4763227392505303,3.47895625921214,0.04741166384663322,0.047071003883650195
E4,SYN038,PAIRED_NULL,AB,93,0.9999557978913254,-9.17491515856013e-19,-8.532671097460919e-17,0.0001878991469330202,0.017474620664770874,-0.0005294818889582942,7.595489467416422e-05,0.006553040220055143,0.1520732582489438,0.1944964305648732,3.4763227392505307,3.4757932573615724,0.047411663846633235,0.0474876187413074
E4,SYN038,PAIRED_NULL,BA,93,0.9999655398686943,-2.6941841081870974e-18,-2.505591220614e-16,0.00016494457119096875,0.01533984512076009,-0.00046136894022286157,-2.5882246461890468e-05,0.006896134563515306,0.09885647430222952,0.10086995403717669,3.4763227392505307,3.475861370310308,0.047411663846633235,0.047385781600171345
E4,SYN039,STRONG,AB,116,0.9999309123865101,-1.1267290680442031e-18,-1.3070057189312753e-16,0.0001710658350274208,0.01984363686318081,-0.002000109724768162,0.00010540385924726753,0.00665201527287035,0.2619664098656415,0.259201009993007,3.893961064509437,3.8919609547846687,0.032287724078399915,0.03239312793764718
E4,SYN039,STRONG,BA,116,0.9999141793404003,-1.5276969404547904e-18,-1.7721284509275565e-16,0.00018818980644102443,0.02183001754715883,0.0027956556813890643,-7.008676173808626e-05,0.008115716283686625,0.3210533699931178,0.48222538081618466,3.893961064509437,3.896756720190826,0.032287724078399915,0.03221763731666183
E4,SYN039,PAIRED_NULL,AB,116,0.999943696817709,1.554334666244305e-18,1.8030282128433939e-16,0.000160384859064884,0.018604643651526545,0.0009366454878585451,-2.5352876119433265e-05,0.006020530058261643,0.185711140611092,0.16006932013889433,3.8213805497120585,3.822317195199917,0.035077936437503725,0.03505258356138429
E4,SYN039,PAIRED_NULL,BA,116,0.9999114431497583,9.028787057077563e-19,1.0473392986209973e-16,0.00020224700013234093,0.02346065201535155,0.002092406754576004,-8.371373068821047e-05,0.008588811269907383,0.2278410571136772,0.2984652535274226,3.8213805497120585,3.8234729564666345,0.035077936437503725,0.034994222706815514
E4,SYN040,STRONG,AB,87,0.9998974338619601,-3.601545147681733e-19,-3.133344278483107e-17,0.000265755703223907,0.023120746180479903,-0.0019445686773917892,8.392517313352693e-05,0.00693222017701322,0.21032894093587018,0.28943098410341545,3.605184119852648,3.6032395511752564,0.04111664601149123,0.04120057118462476
E4,SYN040,STRONG,BA,87,0.9999068745497858,8.374527125405276e-19,7.285838599102589e-17,0.00025799439539332756,0.02244551239921949,0.002855916335569919,-0.00018536911683607327,0.008253275379289477,0.32663427869215245,0.1984682164211251,3.605184119852648,3.608040036188218,0.04111664601149123,0.04093127689465516
E4,SYN040,PAIRED_NULL,AB,87,0.999958474550046,-1.774134848051352e-18,-1.5434973178046758e-16,0.0001684496444211885,0.014655119064643394,-0.0006151631822874926,1.8101353835585365e-05,0.006460078723733128,0.3022732455065539,0.18035023193368477,3.602937127956476,3.6023219647741884,0.041176522023798394,0.04119462337763398
E4,SYN040,PAIRED_NULL,BA,87,0.9998957092198594,-1.0016408001554301e-19,-8.714274961352239e-18,0.0002715216762034697,0.023622385829701855,-0.0018966696780609027,0.00015678214855972816,0.008004216632264574,0.4762460019234431,0.3646804912010349,3.602937127956476,3.601040458278415,0.041176522023798394,0.04133330417235812
E4,SYN041,STRONG,AB,60,0.9999742471591461,3.3637372401362774e-18,2.0182423440817665e-16,0.0002408588600072708,0.014451531600436248,0.000377307578900421,0.00017664371288982073,0.004928485387693429,0.091291270953797,0.2319992514941203,3.009855244916538,3.0102325524954385,0.08183810831244524,0.08201475202533506
E4,SYN041,STRONG,BA,60,0.9999763924192122,2.0970277019490463e-18,1.258216621169428e-16,0.0002273896554197422,0.013643379325184533,-0.0011930515700973032,7.818940409605457e-05,0.006281284400797768,0.06410746701384791,0.06848701973209735,3.009855244916538,3.008662193346441,0.08183810831244524,0.0819162977165413
E4,SYN041,PAIRED_NULL,AB,60,0.9999883615765375,-6.740123505618219e-19,-4.044074103370931e-17,0.00017026466254776022,0.01021587975286561,-0.000893600922777793,0.00015936844302542885,0.005030827108317524,0.2617011312522094,0.4586040324461176,2.9602617264474094,2.9593681255246316,0.08746513719803022,0.08762450564105564
E4,SYN041,PAIRED_NULL,BA,60,0.9999799767703142,-4.074793164924688e-18,-2.444875898954812e-16,0.00021837824432154043,0.013102694659292423,-0.0009698937201387814,-8.88524078639652e-05,0.005805926505509754,0.05971771374655454,0.14985341111075107,2.9602617264474094,2.9592918327272706,0.08746513719803022,0.08737628479016625
E4,SYN042,STRONG,AB,121,0.9999448857906632,1.813126525640015e-18,2.193883096024418e-16,0.00015767603955496042,0.01907880078615021,-0.003213185968992782,0.00013419671033123443,0.006853277246282846,0.14010810715717018,0.1358228762188039,3.854359081899182,3.8511458959301894,0.03389955259867101,0.03403374930900224
E4,SYN042,STRONG,BA,121,0.9998870949955448,1.243248358945155e-19,1.5043305143236374e-17,0.00022066491790428868,0.02670045506641893,-0.0014147724104649484,9.733289672263917e-05,0.00907427031361125,0.15980575741025643,0.19012190691308842,3.854359081899182,3.8529443094887172,0.03389955259867101,0.03399688549539365
E4,SYN042,PAIRED_NULL,AB,121,0.9999421953794403,5.01779517844531e-20,6.071532165918826e-18,0.00015829012309957527,0.019153104895048612,-0.0045291542425682785,0.00010612495551702572,0.007106668556583574,0.4547452512385893,0.6364198653120471,3.8565797086851976,3.8520505544426293,0.033471385977793276,0.0335775109333103
E4,SYN042,PAIRED_NULL,BA,121,0.9998927306370511,-1.4981702747072425e-18,-1.8127860323957637e-16,0.00021898558515512866,0.026497255803770572,0.0022150045822586506,-0.0002045444388272047,0.008454751451852831,0.23205618504862038,0.1022099341522335,3.8565797086851976,3.8587947132674563,0.033471385977793276,0.03326684153896607
E4,SYN043,STRONG,AB,110,0.9999088981082287,-1.461208837008873e-18,-1.6073297207097603e-16,0.00020263350592115813,0.022289685651327395,-0.0005290426025092998,3.089179150268795e-05,0.00705172300267855,0.32000943112200025,0.38902408048783926,3.7417964003113138,3.7412673577088045,0.03381146517357523,0.03384235696507792
E4,SYN043,STRONG,BA,110,0.99991585911102,-1.4895459392442896e-18,-1.6385005331687186e-16,0.0001945467097012527,0.021400138067137798,-0.00137885115975811,1.4398497812380395e-05,0.008248805359908185,0.35000421414648736,0.44035103488668953,3.7417964003113138,3.7404175491515557,0.03381146517357523,0.03382586367138761
E4,SYN043,PAIRED_NULL,AB,110,0.999939482520211,-5.94339918189781e-19,-6.537739100087592e-17,0.00016561189821439113,0.018217308803583025,0.0015150371918699612,-5.272554531499801e-05,0.007422137409544918,0.5908926677446904,0.8351679396638025,3.7417964003113138,3.7433114375031837,0.03381146517357522,0.033758739628260225
E4,SYN043,PAIRED_NULL,BA,110,0.9999293041489016,9.265000383057946e-20,1.0191500421363742e-17,0.00017859311742854494,0.019645242917139944,0.0009008266599876968,-3.980833594149913e-05,0.00861997217164747,0.11840135727878634,0.07497909826364481,3.7417964003113138,3.7426972269713015,0.03381146517357522,0.03377165683763372
E4,SYN044,STRONG,AB,117,0.9999171321780898,-7.121447603035129e-19,-8.332093695551099e-17,0.00017020145430482404,0.019913570153664406,-0.002018277142482372,1.1734221088476743e-05,0.006840845205993899,0.2363137931204227,0.3586850738239125,3.8990299704917355,3.897011693349253,0.028981129853707703,0.02899286407479618
E4,SYN044,STRONG,BA,117,0.9998418858676292,-5.849595054542519e-21,-6.844026213814745e-19,0.0002350071824857736,0.027495840350835504,-0.0014082918084610263,-1.2063211932065304e-05,0.009771128413212983,0.18746710240365774,0.14649071018601695,3.8990299704917355,3.8976216786832745,0.028981129853707703,0.028969066641775638
E4,SYN044,PAIRED_NULL,AB,117,0.9999401139764204,2.817072311415328e-19,3.2959746043559335e-17,0.00014658083859487155,0.01714995811559997,-0.0030155407811065515,4.983564008679761e-05,0.0068669124782625565,0.32587163591983304,0.30668622414625424,3.8855351845957324,3.882519643814626,0.029260802411296305,0.029310638051383103
E4,SYN044,PAIRED_NULL,BA,117,0.9998851046319769,-1.680050033090786e-18,-1.9656585387162193e-16,0.00020310735255123707,0.023763560248494735,0.0013717927582348466,-7.918509752654485e-05,0.008294744567569763,0.22094341748355745,0.20680745811461562,3.8855351845957324,3.8869069773539673,0.029260802411296305,0.02918161731376976
E4,SYN045,STRONG,AB,75,0.9999404779003436,4.369334755116583e-19,3.2770010663374365e-17,0.00022634923584752848,0.016976192688564633,-0.0044077392377199764,0.0001448541226657593,0.006320412816250356,0.1945838362684376,0.16065570093846843,3.427366469387611,3.422958730149891,0.04411096226009462,0.04425581638276038
E4,SYN045,STRONG,BA,75,0.9998442871392892,1.2432184911167118e-18,9.324138683375337e-17,0.0003619057788029964,0.027142933410224727,0.004597479123582104,-0.00018084581252226367,0.008451020048175488,0.3976628679454935,0.24227646826557542,3.427366469387611,3.4319639485111932,0.04411096226009462,0.04393011644757236
E4,SYN045,PAIRED_NULL,AB,75,0.9999545581744399,-1.8243508555689423e-18,-1.3682631416767068e-16,0.00021424362512620262,0.016068271884465198,0.005700201955171291,-0.0002470381715757308,0.005819590743581198,0.3747663582604683,0.5986707034373169,3.395071714527833,3.4007719164830044,0.046210025408605776,0.045962987237030045
E4,SYN045,PAIRED_NULL,BA,75,0.999935170456544,8.586881206085195e-19,6.440160904563896e-17,0.0002391084355766898,0.017933132668251736,0.001902208165321273,5.348529959164211e-05,0.007173173073994725,0.19756978154549898,0.26804276108034386,3.395071714527833,3.3969739226931543,0.046210025408605776,0.04626351070819742
E4,SYN046,STRONG,AB,97,0.999981899444912,4.88729278267306e-19,4.740673999192868e-17,0.00016477958675747246,0.01598361991547483,0.00041332272035354833,-1.2736419560580026e-05,0.006309111335899109,0.298259098050677,0.4305039620179504,3.1498103592479643,3.150223681968318,0.08305421036439249,0.08304147394483191
E4,SYN046,STRONG,BA,97,0.9999514461588671,6.270488853240907e-19,6.08237418764368e-17,0.0002826376368256043,0.027415850772083618,-0.003677672494329709,0.0004399980995658387,0.008976497592648352,0.3310085000579243,0.3438689526308212,3.1498103592479643,3.1461326867536346,0.08305421036439249,0.08349420846395833
E4,SYN046,PAIRED_NULL,AB,97,0.9999800854100137,2.2354683968773285e-19,2.1684043449710086e-17,0.00018531994424642728,0.017976034591903448,-0.0032727695100955856,0.0003514480667447112,0.007556943816447703,0.18098694662761697,0.19999769909801082,3.1491101686830842,3.1458373991729887,0.08315694910602474,0.08350839717276945
E4,SYN046,PAIRED_NULL,BA,97,0.9999836137546944,7.483230458546858e-19,7.258733544790452e-17,0.00016133467600767446,0.015649463572744424,0.003159558496585557,-0.00020235471360080526,0.007906301230523285,0.3184235743401243,0.5721167374051758,3.1491101686830842,3.15226972717967,0.08315694910602474,0.08295459439242393
E4,SYN047,STRONG,AB,151,0.9999507590451888,4.466948851374467e-19,6.745092765575444e-17,0.0001248189421740801,0.018847660268286097,0.0003304028734651965,-1.3472919412491069e-05,0.007317092288822311,0.18836479675437864,0.2789966983517481,4.02727593344874,4.027606336322205,0.030498041677822378,0.030484568758409887
E4,SYN047,STRONG,BA,151,0.9998663391503938,-7.4269643851966465e-19,-1.1214716221646936e-16,0.0002097608926925135,0.03167389479656954,0.00385896697127297,-0.00016425834221397984,0.010966809294940939,0.28875196333137426,0.17968488988725756,4.02727593344874,4.031134900420013,0.030498041677822378,0.0303337833356084
E4,SYN047,PAIRED_NULL,AB,151,0.9999411403132822,3.4177498947225174e-19,5.160802341031001e-17,0.00014114767293872514,0.021313298613747495,-0.002049783938407046,0.00013439689511311054,0.007371425669671211,0.12126222350710288,0.10271319636654067,4.026729705251973,4.024679921313566,0.030509051684665996,0.030643448579779107
E4,SYN047,PAIRED_NULL,BA,151,0.9999351262902452,-2.3263675753993604e-19,-3.5128150388530344e-17,0.00014405496238579807,0.02175229932025551,0.0032745927298085675,-6.040057203374194e-05,0.008761534182480345,0.2526319677425054,0.24741999885186775,4.026729705251973,4.030004297981781,0.030509051684665996,0.030448651112632254
E4,SYN048,STRONG,AB,105,0.9999851611804795,7.052476988643805e-19,7.405100838075994e-17,0.00010533800914737645,0.011060490960474526,0.002570924013595377,-4.40865031196766e-05,0.005136085237693361,0.13607243522510495,0.4533689096266605,3.5228839789744844,3.5254549029880797,0.048382458400696465,0.04833837189757679
E4,SYN048,STRONG,BA,105,0.9999703892882553,9.479024708016124e-19,9.952975943416928e-17,0.00015000206875462408,0.015750217219235526,-0.0031935873146777816,9.539706086066774e-05,0.006160748182554469,0.11839711692852692,0.14603690803863478,3.5228839789744844,3.5196903916598066,0.048382458400696465,0.04847785546155713
E4,SYN048,PAIRED_NULL,AB,105,0.9999675588997613,-1.0201826156339794e-18,-1.0711917464156784e-16,0.00016894773027515084,0.017739511678890835,-0.005399373507822158,0.0002608354614177938,0.00597742236277457,0.4261888572535976,0.3653189283719925,3.499490903585744,3.494091530077922,0.04896031772297519,0.049221153184392984
E4,SYN048,PAIRED_NULL,BA,105,0.9999669128976075,1.40636510373834e-18,1.476683358925257e-16,0.00016676341104878515,0.01751015816012244,0.001731672091962455,-0.00022357700449953527,0.007117199838515816,0.2665864981815257,0.13488309820067557,3.499490903585744,3.5012225756777067,0.04896031772297519,0.048736740718475655
E4,SYN049,STRONG,AB,99,0.9999160616550382,6.149288079299099e-19,6.087795198506107e-17,0.00018887776521396202,0.018698898756182237,-0.002181865677950423,7.482201116294426e-05,0.005756843060700924,0.42376838863436644,0.6639793738414081,3.7839980646767084,3.781816198998758,0.030697691682352448,0.030772513693515392
E4,SYN049,STRONG,BA,99,0.9999097401889453,2.655747745734695e-19,2.629190268277348e-17,0.00019476543914280083,0.01928177847513728,-0.0019601534623499006,5.1887947435418774e-05,0.007244243497167706,0.18992219825985765,0.02527435783385259,3.7839980646767084,3.7820379112143585,0.030697691682352448,0.030749579629787867
E4,SYN049,PAIRED_NULL,AB,99,0.9999247485061259,1.1019984202662008e-18,1.0909784360635387e-16,0.0001774268910002508,0.017565262209024827,-0.00017542905576339862,-3.904983449857374e-05,0.006247160660295298,0.13773495889935128,0.1307035198971859,3.7834136965900127,3.7832382675342493,0.03070505256618282,0.030666002731684246
E4,SYN049,PAIRED_NULL,BA,99,0.9998483186617911,9.440224976590958e-19,9.345822726825048e-17,0.0002576056293728414,0.025502957307911293,-0.0027074773409951902,0.0001563625087082285,0.008155169495184937,0.3980593481786895,0.43812708230877123,3.7834136965900127,3.7807062192490175,0.03070505256618282,0.030861415074891048
E4,SYN050,STRONG,AB,144,0.999922658596335,-4.893968139691513e-20,-7.047314121155779e-18,0.00012964110924280255,0.018668319730963567,0.001472005076649907,-8.374064515304785e-06,0.007389191723874381,0.09854500024554379,0.1732032733221834,4.1577870793676865,4.1592590844443365,0.022587478483692646,0.02257910441917734
E4,SYN050,STRONG,BA,144,0.9998838925931177,2.883676611541307e-19,4.1524943206194826e-17,0.0001599581909980238,0.023033979503715427,0.003869195767425282,-6.069214318462149e-05,0.008729787895452533,0.64755103042151,1.009258432457021,4.1577870793676865,4.161656275135112,0.022587478483692646,0.022526786340508025
E4,SYN050,PAIRED_NULL,AB,144,0.9998713793564183,-4.961730775471858e-19,-7.144892316679475e-17,0.00016830338836383777,0.02423568792439264,-0.0006684416909470414,5.478003782766541e-05,0.007660588256276834,0.2804383016223458,0.2754686231044906,4.157787079367686,4.157118637676739,0.02258747848369265,0.022642258521520315
E4,SYN050,PAIRED_NULL,BA,144,0.999803340598439,2.394279797572156e-19,3.447762908503905e-17,0.00020869952719898706,0.030052731916654137,-0.0017830189537972885,8.05658982794312e-05,0.00916960889706314,0.3735273452309925,0.3169538284695914,4.157787079367686,4.156004060413888,0.02258747848369265,0.02266804438197208
E4,SYN051,STRONG,AB,140,0.9999620846611605,9.587444925264676e-19,1.3422422895370547e-16,0.00012871473524621855,0.018020062934470598,-0.001164608107849574,-3.359272057893575e-05,0.0062343985908776475,0.25236834924269536,0.4206076405336864,3.814554832035162,3.8133902239273123,0.03762473290146588,0.037591140180886946
E4,SYN051,STRONG,BA,140,0.9999571676948223,1.0865254628551163e-18,1.521135647997163e-16,0.0001415185697676966,0.019812599767477526,-0.0007164832121300257,0.00015085265524837632,0.006889457480503082,0.10412709934609335,0.11100188564627983,3.814554832035162,3.813838348823032,0.03762473290146588,0.03777558555671426
E4,SYN051,PAIRED_NULL,AB,140,0.9999571424515235,-2.981555974335137e-19,-4.174178364069192e-17,0.00013908639871176333,0.019472095819646866,0.0005255820576053338,-5.5329117557179064e-05,0.005778807774848612,0.1759200889295941,0.3295022037078675,3.780064363922234,3.7805899459798393,0.03848195200186116,0.03842662288430398
E4,SYN051,PAIRED_NULL,BA,140,0.9999764717669473,-9.633910732656911e-19,-1.3487475025719675e-16,0.00010282055691718959,0.014394877968406543,0.0001052258615819035,2.4547057995996657e-05,0.005990032926178205,0.3364786074410986,0.7116650062661234,3.780064363922234,3.780169589783816,0.03848195200186116,0.038506499059857154
E4,SYN052,STRONG,AB,74,0.9999810409480024,-6.256139562855546e-19,-4.6295432765131033e-17,0.00018513322546855954,0.013699858684673405,7.861567982070383e-05,3.5579959096199154e-05,0.004938249938105696,0.13843439148453635,0.15819574491634578,3.0568370929198747,3.0569157085996954,0.08025957799206333,0.08029515795115953
E4,SYN052,STRONG,BA,74,0.999953929341309,-3.2526065174565133e-19,-2.4069288229178198e-17,0.00028832315554380087,0.021335913510241264,-0.0006105094799391253,-2.7509527185637372e-05,0.007509587549320379,0.1699902624051687,0.15676462456886056,3.0568370929198747,3.0562265834399356,0.08025957799206333,0.0802320684648777
E4,SYN052,PAIRED_NULL,AB,74,0.9999851890298403,-2.001378604885404e-18,-1.481020167615199e-16,0.0001830647530973949,0.013546791729207221,-0.005742108498675957,0.00039195851994522357,0.0049796778037853465,0.17694816083403694,0.4120725993255358,3.0846468251626664,3.0789047166639905,0.07652360847109312,0.07691556699103834
E4,SYN052,PAIRED_NULL,BA,74,0.9999650418926331,1.479789451635621e-19,1.0950441942103595e-17,0.000252866552043791,0.018712124851240537,0.0035674115215384994,-0.00029085439228065946,0.00759952141253548,0.1757644538609393,0.3210631959287686,3.0846468251626664,3.088214236684205,0.07652360847109312,0.07623275407881246
E4,SYN053,STRONG,AB,167,0.9999153151066467,9.608498295081117e-20,1.604619215278547e-17,0.00013819054507854,0.023077821028116185,-0.0002885930371459011,-4.476612399057292e-05,0.00894710839266316,0.40210212866504635,0.39275610043656906,4.21273303696255,4.2124444439254045,0.02468142194378149,0.024636655819790916
E4,SYN053,STRONG,BA,167,0.9998696338070359,6.510082206346345e-19,1.0871837284598398e-16,0.00017230491353008596,0.028774920559524363,0.000803055810910891,-8.422172693073326e-05,0.010150934017404275,0.4149629372184619,0.14158630914220416,4.21273303696255,4.213536092773461,0.02468142194378149,0.024597200216850756
E4,SYN053,PAIRED_NULL,AB,167,0.9999450366584648,1.7074561159502256e-19,2.8514517136368767e-17,0.00011034385652789463,0.018427424040158402,-0.0019015893907354808,-9.441407780308442e-07,0.007528029918879251,0.25601073205497166,0.29127787774298064,4.210332857926123,4.208431268535388,0.024485742829024153,0.024484798688246122
E4,SYN053,PAIRED_NULL,BA,167,0.9998734131266447,3.1032852601680907e-19,5.182486384480711e-17,0.00016905295905918653,0.02823184416288415,0.0026351253621914594,-8.611227858966106e-05,0.011118907611335717,0.28245643113795244,0.42437210962882543,4.210332857926123,4.212967983288315,0.024485742829024153,0.02439963055043449
E4,SYN054,STRONG,AB,112,0.9999619803932446,8.934987546465363e-19,1.0007186052041207e-16,0.00018561319820165303,0.02078867819858514,-0.0011818374211256533,-0.00014661997077255323,0.007550809113280932,0.4261257248513709,0.31904110246208095,3.524980023449418,3.5237981860282925,0.05831421592866574,0.058167595957893184
E4,SYN054,STRONG,BA,112,0.9999365060532708,7.783022738199514e-19,8.716985466783457e-17,0.00024079467279154688,0.026969003352653252,-0.0008468671393289107,0.00020373571475964386,0.009104688375317322,0.8932558061071724,0.9764900027274819,3.524980023449418,3.5241331563100893,0.05831421592866574,0.05851795164342538
E4,SYN054,PAIRED_NULL,AB,112,0.999972119004745,1.152448827092851e-18,1.2907426863439933e-16,0.00017574564236086368,0.019683511944416733,-0.00580592960351245,0.00034026266707391783,0.007547280725370542,0.3595292095624864,0.536083480952778,3.4691538696391975,3.463347940035685,0.060826191905946674,0.06116645457302059
E4,SYN054,PAIRED_NULL,BA,112,0.9999406867786329,7.211880522336614e-19,8.077306185017008e-17,0.0002351194886153526,0.02633338272491949,-0.0027794587428653372,7.940935200439342e-05,0.009572867010921257,0.25464071006823896,0.23215409458709332,3.4691538696391975,3.466374410896332,0.060826191905946674,0.06090560125795107
E4,SYN055,STRONG,AB,94,0.9999588422216211,-1.925900614369863e-18,-1.8103465775076705e-16,0.00019649809391086387,0.0184708208276212,0.0005519454913551769,-0.00013392866002177178,0.006993185351569905,0.26847339929342645,0.4563912239524115,3.461506480826167,3.462058426317522,0.0535253948797829,0.05339146621976113
E4,SYN055,STRONG,BA,94,0.9998867437878144,2.7768263087860127e-19,2.6102167302588513e-17,0.0003461665408810025,0.03253965484281422,0.0060162783234574135,-0.0005237983823978207,0.008861120567921267,0.3121748168444457,0.3241653012452527,3.461506480826167,3.4675227591496243,0.0535253948797829,0.05300159649738508
E4,SYN055,PAIRED_NULL,AB,94,0.9999506540020201,-3.770197714161694e-19,-3.5439858513119914e-17,0.0002200014490652014,0.020680136212128924,-0.001819159942664239,0.000157746922661961,0.006660374191798937,0.5123151035180474,0.5780961364314287,3.4258679064181625,3.4240487464754983,0.05524856103685409,0.05540630795951605
E4,SYN055,PAIRED_NULL,BA,94,0.9999714163504629,-1.0658918432427306e-18,-1.0019383326481664e-16,0.00016678289737471767,0.015677592353223455,-0.0010248494967002308,0.000104828670671471,0.007732772734622072,0.23349585280617308,0.3462620612684372,3.4258679064181625,3.4248430569214623,0.05524856103685409,0.05535338970752556
E4,SYN056,STRONG,AB,124,0.9999743344524503,1.2892387930079647e-18,1.5986561033298763e-16,0.00012530259729551685,0.01553752206464409,0.0015666552838591308,-8.664846021559647e-05,0.007342910324671422,0.16106829608377848,0.14807269360835473,3.569818089661129,3.571384744944988,0.04504605229390319,0.04495940383368759
E4,SYN056,STRONG,BA,124,0.9998886672878762,7.438588695500346e-19,9.22384998242043e-17,0.00025950235718532255,0.032178292290979994,0.0038228709876357847,-0.00013926174343449615,0.009068562758298773,0.31924083218399646,0.1903539909088742,3.569818089661129,3.5736409606487647,0.04504605229390319,0.04490679055046869
E4,SYN056,PAIRED_NULL,AB,124,0.9999369558431345,-4.12696310817063e-19,-5.1174342541315815e-17,0.0002052908659155497,0.025456067373528162,0.0001846657741557678,0.00011688958131584465,0.007111226709281315,0.7890838105544711,0.1883482727607137,3.4997543471670833,3.499939012941239,0.048788170976779635,0.04890506055809548
E4,SYN056,PAIRED_NULL,BA,124,0.9999371042409904,-1.7749438791496566e-19,-2.2009304101455743e-17,0.0002059431144006048,0.025536946185674998,0.003188523754423578,-0.00015416137982514344,0.010557543459267734,1.090490528071565,0.9516507150279058,3.4997543471670833,3.502942870921507,0.048788170976779635,0.04863400959695449
E4,SYN057,STRONG,AB,162,0.9999421631171207,5.126536198295656e-19,8.304988641238964e-17,0.00012327747941917903,0.019970951665907004,-0.0021106551322223055,5.563870427140877e-05,0.00711079891185712,0.2978660622118988,0.3834568284473945,4.1141276047828335,4.112016949650611,0.027109629667413485,0.027165268371684894
E4,SYN057,STRONG,BA,162,0.9998224692711798,3.9352523297622014e-19,6.375108774214766e-17,0.00021448932284665794,0.03474727030115859,-0.0007243904856872874,3.322935392224141e-05,0.011237777756232971,0.20530530990628512,0.2732342220734748,4.1141276047828335,4.113403214297146,0.027109629667413485,0.027142859021335727
E4,SYN057,PAIRED_NULL,AB,162,0.9999583610395322,2.1449802239605195e-19,3.474867962816042e-17,0.00010936711609918547,0.017717472808068048,-0.0017483731414724701,8.996742106591807e-05,0.007554332292391034,0.2129691455362923,0.12259922617063826,4.083694165431533,4.08194579229006,0.028299972640961374,0.028389940062027292
E4,SYN057,PAIRED_NULL,BA,162,0.9999153680743056,5.133228804298654e-19,8.31583066296382e-17,0.00016132945845728856,0.026135372270080746,-0.003390671680537416,0.0002009360555153411,0.010718970166268436,0.34489798840902564,0.2360639153226134,4.083694165431533,4.080303493750995,0.028299972640961374,0.028500908696476715
E4,SYN058,STRONG,AB,66,0.999970224416479,-2.229185375852772e-18,-1.4712623480628295e-16,0.00018354408650675386,0.012113909709445755,-0.0016722208883797052,0.00012405892530632096,0.005576509818826382,0.2407772862547787,0.29297025026018025,3.3207611724262187,3.319088951537839,0.05060698277862012,0.05073104170392644
E4,SYN058,STRONG,BA,66,0.9999267151320267,-1.6468373907829064e-18,-1.0869126779167182e-16,0.0002807435103954298,0.018529071686098367,0.0007563086378135075,-3.288467603563411e-05,0.007079488584412199,0.286222863799962,0.33697555427434683,3.3207611724262187,3.321517481064032,0.05060698277862012,0.05057409810258449
E4,SYN058,PAIRED_NULL,AB,66,0.9999370525917413,-1.4406747049542232e-18,-9.508453052697873e-17,0.00028583342877907994,0.018865006299419274,-0.003953229650398349,0.00018290383249647268,0.006313367914652119,1.1574714785129232,0.6915496363207616,3.253959663628481,3.2500064339780828,0.05627989528278869,0.056462799115285164
E4,SYN058,PAIRED_NULL,BA,66,0.9999093461373011,-6.472358423625587e-19,-4.2717565595928875e-17,0.0003398492709512662,0.022430051882783568,0.003934348109115859,-0.00017267054044463326,0.007396934900085058,0.8412968209469399,0.48166958424443207,3.253959663628481,3.257894011737597,0.05627989528278869,0.05610722474234406
E4,SYN059,STRONG,AB,122,0.999967427096102,6.309701167743509e-20,7.697835424647083e-18,0.00010916793628543,0.013318488226822462,0.0011303797436674756,-3.451855637913101e-05,0.005347859867362245,0.19414540703655922,0.23913880717249839,3.9555409094115057,3.956671289155173,0.030325619078683884,0.030291100522304753
E4,SYN059,STRONG,BA,122,0.9999514535593139,-1.5395448676717834e-18,-1.878244738559576e-16,0.00013661130605128002,0.016666579338256163,-0.0022330985842824447,0.00010455708721607282,0.007308976049155573,0.25926203830700095,0.5116793683266424,3.9555409094115057,3.9533078108272233,0.030325619078683884,0.030430176165899957
E4,SYN059,PAIRED_NULL,AB,122,0.9999624427093042,-4.758936584967112e-19,-5.805902633659876e-17,0.0001218971563601835,0.014871453075942386,-0.0011916327308147956,2.485791341747673e-05,0.005714172587397167,0.23134962221415198,0.1950429627813474,3.9115963831924914,3.9104047504616766,0.03223241062775932,0.032257268541176796
E4,SYN059,PAIRED_NULL,BA,122,0.9999353210117169,3.2437196144033535e-19,3.957337929572091e-17,0.0001606902813425019,0.01960421432378523,0.001885734568318309,-6.592397524221583e-05,0.007872118484708635,0.456418220111365,0.1329126568393593,3.9115963831924914,3.9134821177608097,0.03223241062775932,0.032166486652517104
E4,SYN060,STRONG,AB,140,0.9998745773984569,1.235216046510271e-18,1.7293024651143798e-16,0.00017180166029393212,0.0240522324411505,-0.003076787421139038,9.925453429781433e-05,0.007538882068341749,0.21928969607284554,0.240147809883855,4.1089575174943835,4.1058807300732445,0.022947172127903676,0.02304642666220149
E4,SYN060,STRONG,BA,140,0.9998476991325406,1.1848780885020154e-19,1.6588293239028218e-17,0.00018542753386969232,0.025959854741756928,-0.0003193172341200423,-3.787214300641356e-06,0.00972107455841472,0.14937774512350574,0.05747455016096666,4.1089575174943835,4.1086382002602635,0.022947172127903676,0.022943384913603034
E4,SYN060,PAIRED_NULL,AB,140,0.9998797363976983,3.144186300207963e-19,4.4018608202911486e-17,0.0001648670030598905,0.023081380428384674,0.0006447014828347974,1.2532285074078053e-05,0.008272547914255546,0.19571944786818438,0.23075570032941892,4.108957517494383,4.1096022189772174,0.02294717212790367,0.022959704412977747
E4,SYN060,PAIRED_NULL,BA,140,0.9998500750898831,1.7223325940055442e-18,2.4112656316077624e-16,0.0001840153081630686,0.025762143142829607,0.00045923057474084317,6.681663528719517e-06,0.008995825240385988,0.21442330106151605,0.23356323897050768,4.108957517494383,4.1094167480691235,0.02294717212790367,0.022953853791432388
E4,SYN061,STRONG,AB,100,0.9999466274696422,-1.9190378452993428e-18,-1.9190378452993428e-16,0.00015261280428956048,0.015261280428956048,0.0019235561397223933,-7.805878248609913e-05,0.005222592309688761,0.20461872285074864,0.25742471465249883,3.824386569152547,3.8263101252922693,0.031183118977917434,0.031105060195431335
E4,SYN061,STRONG,BA,100,0.9999274078745917,-2.0860049798621104e-18,-2.0860049798621103e-16,0.00017564315748821722,0.01756431574882172,8.985781809611737e-05,2.5613350710756294e-05,0.006486286339034959,0.23268207474143643,0.2504959045971154,3.824386569152547,3.824476426970643,0.031183118977917434,0.03120873232862819
E4,SYN061,PAIRED_NULL,AB,100,0.9999482119857284,1.4821043697876846e-18,1.4821043697876846e-16,0.00014879276845708862,0.014879276845708861,0.00012365490732069162,2.0147438378394222e-05,0.005168292708362156,0.1634793875825318,0.096621751867817,3.818034936880944,3.8181585917882646,0.031318907848073646,0.03133905528645204
E4,SYN061,PAIRED_NULL,BA,100,0.9998972409730237,7.242470512203169e-19,7.24247051220317e-17,0.00020934661446022536,0.020934661446022535,-0.0014767195573273106,6.56558896400955e-06,0.0070018654055658165,0.2084227012402953,0.25944574319072033,3.818034936880944,3.8165582173236166,0.031318907848073646,0.031325473437037656
E4,SYN062,STRONG,AB,134,0.9999306254464085,1.309133667971303e-18,1.7542391150815467e-16,0.00013495521552955676,0.01808399888096061,0.000824822759209809,-5.265944800578182e-05,0.007224757204337151,0.17849259663214315,0.2005557298409921,4.0694882606557945,4.070313083415004,0.024789754107058182,0.0247370946590524
E4,SYN062,STRONG,BA,134,0.9998270819891484,8.738345867793618e-20,1.1709383462843451e-17,0.0002149470296802877,0.028802901977158558,0.00232330136007608,-0.0001232992025631159,0.009717430438978646,0.25688930704480833,0.2616279660632046,4.0694882606557945,4.071811562015871,0.024789754107058182,0.024666454904495067
E4,SYN062,PAIRED_NULL,AB,134,0.9998787441976074,-1.0150236010321383e-18,-1.3601316253830653e-16,0.00017707765496103884,0.023728405764779206,0.00017187002390617323,-5.044622618737005e-06,0.007898786503044604,0.23568206921202708,0.1765169427778528,4.0694882606557945,4.069660130679701,0.024789754107058193,0.024784709484439456
E4,SYN062,PAIRED_NULL,BA,134,0.9998290730300801,-4.126441104235875e-19,-5.5294310796760726e-17,0.00021523098210557713,0.028840951602147336,-0.002800436665665096,0.00013479542753460846,0.009085288091604091,0.18428480421893065,0.21042211489863963,4.0694882606557945,4.066687823990129,0.024789754107058193,0.0249245495345928
E4,SYN063,STRONG,AB,180,0.9997927567619771,-1.4425912239459906e-19,-2.5966642031027828e-17,0.0001441895994613504,0.02595412790304307,-0.001521520289980316,2.6760135194859452e-05,0.008435554472470375,0.2630230152306184,0.2934749307394134,4.506924060676264,4.505402540386283,0.014522890483066897,0.014549650618261757
E4,SYN063,STRONG,BA,180,0.9997109224113089,1.6263032587282567e-19,2.927345865710862e-17,0.0001698398946897783,0.03057118104416009,-0.0007185773436724219,1.2223548873313561e-05,0.01018746716973841,0.27488135035861033,0.14743620114208988,4.506924060676264,4.506205483332591,0.014522890483066897,0.014535114031940211
E4,SYN063,PAIRED_NULL,AB,180,0.9998556277250392,8.432683563776146e-20,1.5178830414797062e-17,0.00012013475322490938,0.021624255580483687,-0.00105695889590951,1.5125439961124337e-05,0.008215375187504035,0.3447950797365585,0.4448023028491372,4.506924060676264,4.505867101780354,0.014522890483066896,0.01453801592302802
E4,SYN063,PAIRED_NULL,BA,180,0.9997778630197497,1.8822954383428897e-19,3.3881317890172014e-17,0.00014918172072859,0.026852709731146198,-0.0015292214986377672,2.4392467732543485e-05,0.01002416441548376,0.22877407478496045,0.09000144835104204,4.506924060676264,4.505394839177626,0.014522890483066896,0.014547282950799439
E4,SYN064,STRONG,AB,136,0.9999363677548674,-4.7832448786125194e-20,-6.5052130349130266e-18,0.00015376525662306664,0.020912074900737064,-0.003013639766208609,0.00010585177281698804,0.00793607865972137,0.14316039341191816,0.1578804489077078,3.9077245690997144,3.904710929333506,0.031663320585525435,0.031769172358342423
E4,SYN064,STRONG,BA,136,0.9999109204702151,4.926742224970895e-19,6.700369425960417e-17,0.00018252083197875036,0.02482283314911005,0.0022578847957288595,-0.0001434931714469831,0.008716232581064496,0.3017185817252156,0.4716039155315637,3.9077245690997144,3.9099824538954433,0.031663320585525435,0.03151982741407845
E4,SYN064,PAIRED_NULL,AB,136,0.9999069639311324,1.1360206586704735e-18,1.544988095791844e-16,0.00018385601011243897,0.025004417375291705,-0.0013425059521363636,-3.393500917064224e-05,0.008349183894347956,0.3278232672049314,0.38970926909240267,3.901452477760633,3.900109971808497,0.03201374453023097,0.031979809521060325
E4,SYN064,PAIRED_NULL,BA,136,0.9999214622931837,8.609840781502535e-19,1.170938346284345e-16,0.00017909195663876553,0.024356506102872114,-0.005450319123909697,0.00021613635074857473,0.00877234272989595,0.7127727944326198,1.21126738695671,3.901452477760633,3.8960021586367235,0.03201374453023097,0.03222988088097954
E4,SYN065,STRONG,AB,120,0.9998291797582408,8.384496800554568e-19,1.0061396160665479e-16,0.00019748074539469775,0.023697689447363723,0.002330682619765767,-8.119115616789935e-05,0.007823355635839382,0.35590476630977996,0.5210734285794445,4.124580014673446,4.126910697293212,0.0217104264021654,0.0216292352459975
E4,SYN065,STRONG,BA,120,0.9997093434253962,1.590163186312073e-19,1.9081958235744872e-17,0.000256468809127838,0.030776257095340556,-0.0003799224084124475,7.178036750801406e-05,0.009908874623607709,0.5030122895026533,0.37562987188392605,4.124580014673446,4.124200092265034,0.0217104264021654,0.021782206769673414
E4,SYN065,PAIRED_NULL,AB,120,0.9999153782502838,6.306442636624017e-19,7.567731163948821e-17,0.00012947180045017916,0.015536616054021499,-0.0007089030029980847,1.2836849253197724e-05,0.006237425922344084,0.165414317243453,0.04841860465039838,4.164497292596372,4.163788389593374,0.020191960784800816,0.020204797634054014
E4,SYN065,PAIRED_NULL,BA,120,0.9996642626932781,-5.321625663283017e-19,-6.385950795939621e-17,0.0002615508181385703,0.031386098176628435,-0.004391730366886115,0.00010062953093607427,0.010624330222921178,0.6113871958509097,0.7711134609221473,4.164497292596372,4.160105562229486,0.020191960784800816,0.02029259031573689
E4,SYN066,STRONG,AB,138,0.9999525647895299,-1.5555944213922454e-19,-2.1467203015212982e-17,0.00013427178766011713,0.01852950669709616,-0.00264459702597053,6.442264365075223e-05,0.007069367053776647,0.142023130528797,0.12125230051094354,3.847350325628703,3.8447057286027326,0.03301544247505846,0.03307986511870921
E4,SYN066,STRONG,BA,138,0.9999056866958166,-9.270714228499241e-20,-1.279358563532895e-17,0.0001938601854584517,0.026752705593266327,0.0029973076030120893,-0.00018776703296807112,0.008609116339526051,0.2549680862260601,0.1803520818600102,3.847350325628703,3.8503476332317152,0.03301544247505846,0.032827675442090386
E4,SYN066,PAIRED_NULL,AB,138,0.9999055806132127,-1.830573233254511e-19,-2.5261910618912253e-17,0.00018094955813257276,0.02497103902229504,0.001363728891699445,-9.046026088881803e-05,0.008647004136858663,0.4243430518230123,0.41697182321885456,3.883097739078008,3.8844614679697074,0.030757801499698076,0.030667341238809258
E4,SYN066,PAIRED_NULL,BA,138,0.9998827156588939,-4.179677940306437e-19,-5.767955557622884e-17,0.00020795617694790777,0.028697952418811273,0.004205393552287884,-0.00021148617312621507,0.01012054195810806,0.3967061560897456,0.21701172597378626,3.883097739078008,3.887303132630296,0.030757801499698076,0.03054631532657186
E4,SYN067,STRONG,AB,109,0.999917550826858,-9.776469819098075e-19,-1.0656352102816902e-16,0.00018501143920234591,0.020166246873055703,0.0022854094496365107,-2.6918180253909796e-05,0.007237432145983469,0.25138374947988607,0.09666443198931218,3.793969414050775,3.7962548235004117,0.03176509634085202,0.03173817816059811
E4,SYN067,STRONG,BA,109,0.999885857397237,-1.1818052350315046e-18,-1.28816770618434e-16,0.0002205866486646577,0.02404394470444769,-0.0014710347358630749,0.00011020132571071262,0.008479021656538945,0.43284245258852083,0.2549568253724751,3.793969414050775,3.792498379314912,0.03176509634085202,0.03187529766656273
E4,SYN067,PAIRED_NULL,AB,109,0.9999492792689778,1.8239339184949663e-18,1.9880879711595132e-16,0.00014550369142290006,0.015859902365096105,0.0006378447522825681,-4.0404467203970784e-05,0.006401147604966301,0.14123090310018327,0.25091260438555835,3.7939694140507747,3.7946072588030573,0.03176509634085202,0.03172469187364805
E4,SYN067,PAIRED_NULL,BA,109,0.9999431841747086,2.3649781562897682e-18,2.577826190355847e-16,0.00015421690913475846,0.01680964309568867,-0.00048587609720218694,4.534155836840442e-05,0.007124021640199439,0.23189429428394973,0.2168993325769913,3.7939694140507747,3.7934835379535725,0.03176509634085202,0.031810437899220424
E4,SYN068,STRONG,AB,66,0.9999717246189936,1.0394377646063682e-18,6.860289246402029e-17,0.00019837615785721263,0.013092826418576033,-0.0011346540543355488,9.894330286529252e-05,0.005445035038571334,0.09321900987600584,0.22863384556534058,3.128040228340702,3.1269055742863663,0.06006832870411326,0.06016727200697855
E4,SYN068,STRONG,BA,66,0.9999685330046367,-4.299847252243648e-19,-2.837899186480808e-17,0.0002092524462041084,0.013810661449471155,-0.0029415644102690486,0.00010376312108912461,0.005688309191305336,0.08508044593574768,0.11246590964303449,3.128040228340702,3.125098663930433,0.06006832870411326,0.06017209182520238
E4,SYN068,PAIRED_NULL,AB,66,0.999946309569529,4.0542590328700375e-18,2.675810961694225e-16,0.0002878657375357328,0.018999138677358366,-0.0008559915066603807,9.553275090022628e-05,0.006061882743740659,0.1261792351315638,0.26600152930100046,3.0793046927038654,3.078448701197205,0.06561585623872869,0.06571138898962892
E4,SYN068,PAIRED_NULL,BA,66,0.9999369372809337,4.793487786837427e-18,3.163701939312702e-16,0.0003398864835408462,0.022432507913695852,-0.006105045680719012,0.0004991589754576725,0.007335662400646213,0.145972635175919,0.4906072974285943,3.0793046927038654,3.0731996470231464,0.06561585623872869,0.06611501521418636
E4,SYN069,STRONG,AB,76,0.9999737905553703,1.0970414087386222e-18,8.337514706413529e-17,0.00015319341099185132,0.0116426992353807,-0.0016619835853370901,9.621980556817622e-05,0.0047636390816142,0.07267785461724348,0.07757363432181634,3.5268746581138446,3.5252126745285075,0.045784059065546966,0.04588027887111514
E4,SYN069,STRONG,BA,76,0.99990010129953,-4.493732688591235e-19,-3.415236843329339e-17,0.00030015107862671757,0.022811481975630536,-0.0014318781581619255,0.000200871733787987,0.006819938473394434,0.11823432908093252,0.21442105105203818,3.5268746581138446,3.5254427799556827,0.045784059065546966,0.04598493079933495
E4,SYN069,PAIRED_NULL,AB,76,0.9999657327930297,4.310416926532831e-18,3.275916864164952e-16,0.000171854469411455,0.013060939675270583,-0.0004783184335859225,3.128084209570725e-05,0.0054365301123100555,0.07783182766416288,0.12382879378846826,3.526874658113844,3.5263963396802582,0.04578405906554695,0.04581533990764266
E4,SYN069,PAIRED_NULL,BA,76,0.9999397259255585,1.5835058045511972e-18,1.2034644114589102e-16,0.00022749129997272778,0.017289338797927316,-0.0016616665844284562,1.9917258753318623e-06,0.00774246405361558,0.2603497581256891,0.17852458740370972,3.526874658113844,3.5252129915294157,0.04578405906554695,0.045786050791422284
E4,SYN070,STRONG,AB,98,0.9999415568730509,2.3526080814188013e-18,2.3055559197904257e-16,0.00017533538921882038,0.0171828681434444,0.0017876984417846131,-8.348584262066888e-05,0.005785148604572096,0.24474320507409003,0.05549395076738797,3.680561986595712,3.682349685037497,0.03542908710405579,0.03534560126143512
E4,SYN070,STRONG,BA,98,0.9999242649005939,2.62697761078248e-18,2.574438058566831e-16,0.00019804762848487338,0.019408667591517593,0.003031321091653716,-5.2122987811223376e-05,0.007492523376626243,0.3618395242289098,0.3403823745996652,3.680561986595712,3.683593307687366,0.03542908710405579,0.035376964116244566
E4,SYN070,PAIRED_NULL,AB,98,0.9999101264813489,1.1605388560584634e-18,1.1373280789372942e-16,0.00021818529536444563,0.021382158945715674,0.0032008733342787643,-0.00011951764506102497,0.006619408463605292,0.26986922458411966,0.12943494365674504,3.680561986595712,3.683762859929991,0.03542908710405578,0.03530956945899476
E4,SYN070,PAIRED_NULL,BA,98,0.9998920875003932,1.1765806228962591e-18,1.153049010438334e-16,0.00023623311958182475,0.023150845719018827,-0.00023988113164197244,4.4904105156923224e-05,0.008365197810525296,0.34965677429030034,0.25078392873113053,3.680561986595712,3.6803221054640702,0.03542908710405578,0.035473991209212706
E4,SYN071,STRONG,AB,89,0.9999187576244131,-8.436067465687773e-19,-7.508100044462116e-17,0.00019492307240687987,0.017348153444212304,0.002208105833716889,-0.00010249196625194273,0.006149351410914074,0.1751698941452468,0.16625719003567452,3.77177670411908,3.773984809952797,0.03129081350423809,0.031188321537986147
E4,SYN071,STRONG,BA,89,0.9999065107421602,2.832325900032357e-19,2.520770051028797e-17,0.00020657739122435936,0.018385387818967976,-0.0019518276797314549,5.8573340922657424e-05,0.008422328052315773,0.204474695758609,0.16581904964285138,3.77177670411908,3.7698248764393485,0.03129081350423809,0.03134938684516075
E4,SYN071,PAIRED_NULL,AB,89,0.9998140630632141,1.430172303930317e-18,1.2728533504979822e-16,0.0002818674936693731,0.025086206936574207,0.0014277514722786933,-8.90031648146071e-05,0.008266587175695396,0.24803135038576568,0.17379299934456235,3.8071739046286197,3.8086016561008984,0.030010660080014354,0.029921656915199747
E4,SYN071,PAIRED_NULL,BA,89,0.9998223957062841,-2.650813401492649e-18,-2.3592239273284576e-16,0.0002738598346316613,0.024373525282217857,-0.00021832874318183926,1.55728474854136e-05,0.009640528860295297,0.4156037659782444,0.5291536648264276,3.8071739046286197,3.806955575885438,0.030010660080014354,0.030026232927499768
E4,SYN072,STRONG,AB,80,0.999987242667358,-7.914675859144182e-19,-6.331740687315346e-17,0.00016463093618814716,0.013170474895051772,0.0034996753261102853,-0.000246631246249282,0.006891537107812504,0.33381806518989005,0.27437296751205853,3.044078783034359,3.0475784583604693,0.08989121360477609,0.0896445823585268
E4,SYN072,STRONG,BA,80,0.9999376136392273,-2.710505431213761e-20,-2.168404344971009e-18,0.0003533814843393264,0.02827051874714611,0.0018797868987965316,0.00031233696475245487,0.008379110164237223,0.34164297781392056,0.18213096011645705,3.044078783034359,3.0459585699331555,0.08989121360477609,0.09020355056952854
E4,SYN072,PAIRED_NULL,AB,80,0.9999772346793884,3.733721231496956e-18,2.986976985197565e-16,0.00019522729308897715,0.015618183447118175,-0.0020411679608693944,6.894841473127633e-05,0.005909544701986007,0.35846765081393295,0.55783931810012,3.1058959460694675,3.103854778108598,0.07904145443239502,0.0791104028471263
E4,SYN072,PAIRED_NULL,BA,80,0.9999756644617637,2.4956978757900706e-18,1.996558300632057e-16,0.00020258488687055926,0.016206790949644743,-0.0001004784500544531,0.00010581378219808035,0.007032101849162302,0.2503515959672583,0.557557644156888,3.1058959460694675,3.105795467619413,0.07904145443239502,0.0791472682145931
