candidate_id,frame_id,state_fips,state_abbr,state_name,target_reporting_year,target_eval_group,component_evalids,fold_A_panels,fold_B_panels,fold_A_panel_count,fold_B_panel_count,p2panel_split_count,parent_design_block_count,parent_design_area_acres,missing_parent_blocks_fold_A,missing_parent_blocks_fold_B,missing_parent_blocks_either_fold,missing_parent_area_fold_A_acres,missing_parent_area_fold_B_acres,missing_parent_area_any_acres,design_block_representation_imbalance,fold_A_plot_count,fold_B_plot_count,plot_rate_imbalance,fold_A_50km_cell_count,fold_B_50km_cell_count,overlap_50km_cell_count,union_50km_cell_count,cell_jaccard,cell_rate_imbalance,plot_cell_imbalance,fold_A_measyear_n,fold_B_measyear_n,fold_A_measyear_mean,fold_B_measyear_mean,fold_A_measyear_median,fold_B_measyear_median,fold_A_measyear_min,fold_A_measyear_max,fold_B_measyear_min,fold_B_measyear_max,fold_A_measyear_sd,fold_B_measyear_sd,temporal_center_abs_diff_years,fold_A_missing_public_coordinate_count,fold_B_missing_public_coordinate_count,crossfold_lineage_overlap_count,crossfold_lineage_roots,candidate_audit_status,eligible_for_ranking,rank_within_state_frame,top_diagnostic_candidate,selected_as_final_partition,not_a_final_partition_note
T1_AL_A1-2_B3-4-5,T1,01,AL,Alabama,2022,012022,12201,1-2,3-4-5,2,3,0,25,33548846.190000005,0,0,0,0.0,0.0,0.0,0.07715734568441293,2240,3367,0.0020807324178110016,71,70,70,71,0.9859154929577465,0.43144208037825066,0.43352281279606164,2240,3367,2017.513392857143,2019.0736560736561,2017.0,2020.0,2015,2019,2014,2022,0.8473478088684454,2.349304475633484,1.560263216513249,0,0,0,,ELIGIBLE_DESIGN_ONLY_RANKING,1,3,0,0,D09C diagnostic only; mainline must decide
T1_AL_A1-3_B2-4-5,T1,01,AL,Alabama,2022,012022,12201,1-3,2-4-5,2,3,0,25,33548846.190000005,0,0,0,0.0,0.0,0.0,0.0853372028271189,2238,3369,0.0035669698591046903,70,71,70,71,0.9859154929577465,0.4018912529550827,0.4054582228141874,2238,3369,2018.2774798927614,2018.5651528643514,2019.0,2018.0,2015,2021,2014,2022,1.4575938351869953,2.349757969183117,0.28767297158992733,0,0,0,,ELIGIBLE_DESIGN_ONLY_RANKING,1,5,0,0,D09C diagnostic only; mainline must decide
T1_AL_A1-4_B2-3-5,T1,01,AL,Alabama,2022,012022,12201,1-4,2-3-5,2,3,0,25,33548846.190000005,0,0,0,0.0,0.0,0.0,0.12638846265700238,2241,3366,0.001337613697164259,70,71,70,71,0.9859154929577465,0.4018912529550827,0.403228866652247,2241,3366,2019.0356983489514,2018.060606060606,2020.0,2018.0,2015,2022,2014,2022,2.1610538240392336,1.866227282122888,0.9750922883454223,0,0,0,,ELIGIBLE_DESIGN_ONLY_RANKING,1,10,0,0,D09C diagnostic only; mainline must decide
T1_AL_A1-5_B2-3-4,T1,01,AL,Alabama,2022,012022,12201,1-5,2-3-4,2,3,0,25,33548846.190000005,0,0,0,0.0,0.0,0.0,0.07950877220870427,2239,3368,0.0028238511384579474,70,71,70,71,0.9859154929577465,0.4018912529550827,0.40471510409354067,2239,3368,2016.761054041983,2019.5733372921616,2017.0,2019.0,2014,2022,2015,2022,1.625748457930477,1.4323561363112263,2.8122832501785524,0,0,0,,ELIGIBLE_DESIGN_ONLY_RANKING,1,4,0,0,D09C diagnostic only; mainline must decide
T1_AL_A2-3_B1-4-5,T1,01,AL,Alabama,2022,012022,12201,2-3,1-4-5,2,3,0,25,33548846.190000005,0,0,0,0.0,0.0,0.0,0.08903739804932119,2244,3363,0.0008917424647761726,71,70,70,71,0.9859154929577465,0.43144208037825066,0.43233382284302685,2244,3363,2018.8150623885917,2018.206958073149,2019.0,2017.0,2015,2021,2014,2022,1.0451789180296043,2.4700440367436367,0.608104315442688,0,0,0,,ELIGIBLE_DESIGN_ONLY_RANKING,1,6,0,0,D09C diagnostic only; mainline must decide
T1_AL_A2-4_B1-3-5,T1,01,AL,Alabama,2022,012022,12201,2-4,1-3-5,2,3,0,25,33548846.190000005,0,0,0,0.0,0.0,0.0,0.0964168875706352,2247,3360,0.003121098626716604,71,70,70,71,0.9859154929577465,0.43144208037825066,0.43456317900496727,2247,3360,2019.570538495772,2017.7011904761905,2020.0,2017.0,2015,2022,2014,2022,1.6799283430977232,1.9225859612085368,1.8693480195815937,0,0,0,,ELIGIBLE_DESIGN_ONLY_RANKING,1,8,0,0,D09C diagnostic only; mainline must decide
T1_AL_A2-5_B1-3-4,T1,01,AL,Alabama,2022,012022,12201,2-5,1-3-4,2,3,0,25,33548846.190000005,0,0,0,0.0,0.0,0.0,0.09640557745965993,2245,3362,0.0016348611854229156,71,70,70,71,0.9859154929577465,0.43144208037825066,0.4330769415636736,2245,3362,2017.3024498886414,2019.2168352171327,2017.0,2019.0,2014,2022,2015,2022,1.8006282976549375,1.8296157898107979,1.9143853284913348,0,0,0,,ELIGIBLE_DESIGN_ONLY_RANKING,1,7,0,0,D09C diagnostic only; mainline must decide
T1_AL_A3-4_B1-2-5,T1,01,AL,Alabama,2022,012022,12201,3-4,1-2-5,2,3,0,25,33548846.190000005,0,0,0,0.0,0.0,0.0,0.07326089636378405,2245,3362,0.0016348611854229156,70,71,70,71,0.9859154929577465,0.4018912529550827,0.40352611414050565,2245,3362,2020.3340757238307,2017.1924449732303,2020.0,2017.0,2019,2022,2014,2022,1.0422114170153325,1.5171819762830043,3.1416307506003704,0,0,0,,ELIGIBLE_DESIGN_ONLY_RANKING,1,2,0,0,D09C diagnostic only; mainline must decide
T1_AL_A3-5_B1-2-4,T1,01,AL,Alabama,2022,012022,12201,3-5,1-2-4,2,3,0,25,33548846.190000005,0,0,0,0.0,0.0,0.0,0.10692133701512008,2243,3364,0.00014862374412942967,70,71,70,71,0.9859154929577465,0.4018912529550827,0.40203987669921215,2243,3364,2018.064645563977,2018.7074910820452,2019.0,2018.0,2014,2022,2015,2022,2.2296384054196112,1.869848655604361,0.6428455180682704,0,0,0,,ELIGIBLE_DESIGN_ONLY_RANKING,1,9,0,0,D09C diagnostic only; mainline must decide
T1_AL_A4-5_B1-2-3,T1,01,AL,Alabama,2022,012022,12201,4-5,1-2-3,2,3,0,25,33548846.190000005,0,0,0,0.0,0.0,0.0,0.07271659733711813,2246,3361,0.002377979906069861,70,71,70,71,0.9859154929577465,0.4018912529550827,0.40426923286115257,2246,3361,2018.8214603739982,2018.2023207378757,2020.0,2018.0,2014,2022,2015,2021,2.798297733424354,1.263548232709109,0.6191396361225543,0,0,0,,ELIGIBLE_DESIGN_ONLY_RANKING,1,1,1,0,D09C diagnostic only; mainline must decide
T1_AZ_A1-2_B3-4-5,T1,04,AZ,Arizona,2022,042022,42201,1-2,3-4-5,2,3,0,75,72958623.0,0,0,0,0.0,0.0,0.0,0.10275775413655078,4783,7112,0.008757180888328492,141,141,140,142,0.9859154929577465,0.4166666666666667,0.4254238475549952,4783,7112,2017.0351243989128,2017.9343363329583,2016.0,2018.0,2014,2024,2013,2024,2.611146965957664,3.0694931314966025,0.8992119340455247,0,0,0,,ELIGIBLE_DESIGN_ONLY_RANKING,1,9,0,0,D09C diagnostic only; mainline must decide
T1_AZ_A1-3_B2-4-5,T1,04,AZ,Arizona,2022,042022,42201,1-3,2-4-5,2,3,0,75,72958623.0,0,0,0,0.0,0.0,0.0,0.09077883121627066,4797,7098,0.01366120218579235,141,141,140,142,0.9859154929577465,0.4166666666666667,0.43032786885245905,4797,7098,2017.5405461746925,2017.5945336714567,2017.0,2018.0,2014,2024,2013,2024,2.737370109151308,3.0488269261834335,0.053987496764193565,0,0,0,,ELIGIBLE_DESIGN_ONLY_RANKING,1,2,0,0,D09C diagnostic only; mainline must decide
T1_AZ_A1-4_B2-3-5,T1,04,AZ,Arizona,2022,042022,42201,1-4,2-3-5,2,3,0,75,72958623.0,0,0,0,0.0,0.0,0.0,0.09974239451808257,4806,7089,0.016813787305590584,142,140,140,142,0.9859154929577465,0.43144208037825066,0.44825586768384124,4806,7089,2018.0528506034125,2017.247284525321,2019.0,2017.0,2014,2024,2013,2024,2.977563549674168,2.8471083065529355,0.8055660780914877,0,0,0,,ELIGIBLE_DESIGN_ONLY_RANKING,1,6,0,0,D09C diagnostic only; mainline must decide
T1_AZ_A1-5_B2-3-4,T1,04,AZ,Arizona,2022,042022,42201,1-5,2-3-4,2,3,0,75,72958623.0,0,0,0,0.0,0.0,0.0,0.09705109808702607,4721,7174,0.012960627714726138,141,141,140,142,0.9859154929577465,0.4166666666666667,0.4296272943813928,4721,7174,2016.0372802372378,2018.5832171731251,2018.0,2017.0,2013,2021,2015,2024,2.538243031324837,2.7195155050364384,2.545936935887312,0,0,0,,ELIGIBLE_DESIGN_ONLY_RANKING,1,4,0,0,D09C diagnostic only; mainline must decide
T1_AZ_A2-3_B1-4-5,T1,04,AZ,Arizona,2022,042022,42201,2-3,1-4-5,2,3,0,75,72958623.0,0,0,0,0.0,0.0,0.0,0.09802024044930059,4772,7123,0.004904021297463857,140,142,140,142,0.9859154929577465,0.4018912529550827,0.4067952742525466,4772,7123,2018.072715842414,2017.237821142777,2017.0,2018.0,2015,2024,2013,2024,2.6390393983940252,3.060173713074024,0.8348946996370614,0,0,0,,ELIGIBLE_DESIGN_ONLY_RANKING,1,5,0,0,D09C diagnostic only; mainline must decide
T1_AZ_A2-4_B1-3-5,T1,04,AZ,Arizona,2022,042022,42201,2-4,1-3-5,2,3,0,75,72958623.0,0,0,0,0.0,0.0,0.0,0.08631257820659852,4781,7114,0.008056606417262092,140,141,139,142,0.9788732394366197,0.40925266903914587,0.41730927545640795,4781,7114,2018.5866973436518,2016.8913410177115,2017.0,2017.0,2015,2024,2013,2024,2.7923728287722125,2.816497726148879,1.6953563259403381,0,0,0,,ELIGIBLE_DESIGN_ONLY_RANKING,1,1,1,0,D09C diagnostic only; mainline must decide
T1_AZ_A2-5_B1-3-4,T1,04,AZ,Arizona,2022,042022,42201,2-5,1-3-4,2,3,0,75,72958623.0,1,0,1,106764.99999999999,0.0,106764.99999999999,0.09224068697620727,4696,7199,0.02171780860305444,140,142,140,142,0.9859154929577465,0.4018912529550827,0.42360906155813716,4696,7199,2016.570059625213,2018.2268370607028,2016.5,2019.0,2013,2024,2014,2024,2.7418948378973944,2.8585378342046406,1.6567774354898575,0,0,0,,ELIGIBLE_DESIGN_ONLY_RANKING,1,10,0,0,D09C diagnostic only; mainline must decide
T1_AZ_A3-4_B1-2-5,T1,04,AZ,Arizona,2022,042022,42201,3-4,1-2-5,2,3,0,75,72958623.0,0,0,0,0.0,0.0,0.0,0.10038983777376181,4795,7100,0.012960627714726138,141,141,140,142,0.9859154929577465,0.4166666666666667,0.4296272943813928,4795,7100,2019.0877997914495,2016.5495774647886,2018.0,2017.0,2015,2024,2013,2024,2.629064637733037,2.6629074391265375,2.5382223266608435,0,0,0,,ELIGIBLE_DESIGN_ONLY_RANKING,1,7,0,0,D09C diagnostic only; mainline must decide
T1_AZ_A3-5_B1-2-4,T1,04,AZ,Arizona,2022,042022,42201,3-5,1-2-4,2,3,0,75,72958623.0,0,0,0,0.0,0.0,0.0,0.09457971172735671,4710,7185,0.016813787305590584,139,142,139,142,0.9788732394366197,0.39442467378410434,0.4112384610896949,4710,7185,2017.0861995753714,2017.8917188587334,2017.0,2018.0,2013,2024,2014,2024,2.945639108651952,2.8708696793913875,0.8055192833619458,0,0,0,,ELIGIBLE_DESIGN_ONLY_RANKING,1,3,0,0,D09C diagnostic only; mainline must decide
T1_AZ_A4-5_B1-2-3,T1,04,AZ,Arizona,2022,042022,42201,4-5,1-2-3,2,3,0,75,72958623.0,0,0,0,0.0,0.0,0.0,0.10212497539508898,4719,7176,0.01366120218579235,141,141,140,142,0.9859154929577465,0.4166666666666667,0.43032786885245905,4719,7176,2017.6088154269974,2017.5490523968786,2018.0,2017.0,2013,2024,2014,2024,3.246737472182831,2.6965130033405176,0.05976303011880191,0,0,0,,ELIGIBLE_DESIGN_ONLY_RANKING,1,8,0,0,D09C diagnostic only; mainline must decide
T1_AR_A1-2_B3-4-5,T1,05,AR,Arkansas,2022,052022,52201,1-2,3-4-5,2,3,0,28,34034243.04,0,0,0,0.0,0.0,0.0,0.07314300344846761,2261,3410,0.005437018750367432,72,73,71,74,0.9594594594594594,0.4022988505747127,0.40773586932508016,2261,3410,2019.5409111012825,2020.3709677419354,2020.0,2021.0,2019,2020,2018,2022,0.4984337074050991,1.6610498122769355,0.830056640652856,0,0,0,,ELIGIBLE_DESIGN_ONLY_RANKING,1,1,1,0,D09C diagnostic only; mainline must decide
T1_AR_A1-3_B2-4-5,T1,05,AR,Arkansas,2022,052022,52201,1-3,2-4-5,2,3,0,28,34034243.04,0,0,0,0.0,0.0,0.0,0.09807660146041838,2276,3395,0.00558396520307993,73,73,72,74,0.972972972972973,0.41666666666666674,0.42225063186974665,2276,3395,2020.0452548330404,2020.036524300442,2021.0,2020.0,2019,2021,2018,2022,0.9776263589270388,1.603755075991033,0.008730532598519858,0,0,0,,ELIGIBLE_DESIGN_ONLY_RANKING,1,8,0,0,D09C diagnostic only; mainline must decide
T1_AR_A1-4_B2-3-5,T1,05,AR,Arkansas,2022,052022,52201,1-4,2-3-5,2,3,0,28,34034243.04,0,0,0,0.0,0.0,0.0,0.08022174691961943,2272,3399,0.002645036148827367,72,74,72,74,0.972972972972973,0.3881278538812785,0.3907728900301059,2272,3399,2020.5440140845071,2019.7031479847014,2022.0,2020.0,2019,2022,2018,2021,1.4709275092138583,1.2163633595329446,0.8408660998056803,0,0,0,,ELIGIBLE_DESIGN_ONLY_RANKING,1,2,0,0,D09C diagnostic only; mainline must decide
T1_AR_A1-5_B2-3-4,T1,05,AR,Arkansas,2022,052022,52201,1-5,2-3-4,2,3,0,28,34034243.04,0,0,0,0.0,0.0,0.0,0.08084539763169489,2267,3404,0.0010286251689884875,71,74,71,74,0.9594594594594594,0.37356321839080453,0.374591843559793,2267,3404,2018.5937362152624,2021.003231492362,2019.0,2021.0,2018,2020,2020,2022,0.5717808904620586,0.8154698177616923,2.409495277099495,0,0,0,,ELIGIBLE_DESIGN_ONLY_RANKING,1,4,0,0,D09C diagnostic only; mainline must decide
T1_AR_A2-3_B1-4-5,T1,05,AR,Arkansas,2022,052022,52201,2-3,1-4-5,2,3,0,28,34034243.04,0,0,0,0.0,0.0,0.0,0.08022456587182664,2267,3404,0.0010286251689884875,74,72,72,74,0.972972972972973,0.4452054794520548,0.4462341046210433,2267,3404,2020.5033083370092,2019.7314923619272,2021.0,2019.0,2020,2021,2018,2022,0.5000993667689771,1.6731605896454471,0.7718159750820632,0,0,0,,ELIGIBLE_DESIGN_ONLY_RANKING,1,3,0,0,D09C diagnostic only; mainline must decide
T1_AR_A2-4_B1-3-5,T1,05,AR,Arkansas,2022,052022,52201,2-4,1-3-5,2,3,0,28,34034243.04,0,0,0,0.0,0.0,0.0,0.09463323100044757,2263,3408,0.0039675542232410505,73,73,72,74,0.972972972972973,0.41666666666666674,0.4206342208899078,2263,3408,2021.004860804242,2019.399354460094,2022.0,2019.0,2020,2022,2018,2021,1.0002092025100233,1.2277343144020454,1.6055063441481252,0,0,0,,ELIGIBLE_DESIGN_ONLY_RANKING,1,7,0,0,D09C diagnostic only; mainline must decide
T1_AR_A2-5_B1-3-4,T1,05,AR,Arkansas,2022,052022,52201,2-5,1-3-4,2,3,0,28,34034243.04,0,0,0,0.0,0.0,0.0,0.10121121654352076,2258,3413,0.007641215541056906,72,73,71,74,0.9594594594594594,0.4022988505747127,0.4099400661157696,2258,3413,2019.0478299379981,2020.6964547319074,2019.0,2021.0,2018,2020,2019,2022,0.9734705047021804,1.2191716748512882,1.648624793909221,0,0,0,,ELIGIBLE_DESIGN_ONLY_RANKING,1,10,0,0,D09C diagnostic only; mainline must decide
T1_AR_A3-4_B1-2-5,T1,05,AR,Arkansas,2022,052022,52201,3-4,1-2-5,2,3,0,28,34034243.04,0,0,0,0.0,0.0,0.0,0.08381395705580287,2278,3393,0.007053429730206313,73,72,71,74,0.9594594594594594,0.43103448275862066,0.438087912488827,2278,3393,2021.4991220368745,2019.0604185086943,2021.0,2019.0,2021,2022,2018,2020,0.5001090105469812,0.8105681325097516,2.4387035281802127,0,0,0,,ELIGIBLE_DESIGN_ONLY_RANKING,1,6,0,0,D09C diagnostic only; mainline must decide
T1_AR_A3-5_B1-2-4,T1,05,AR,Arkansas,2022,052022,52201,3-5,1-2-4,2,3,0,28,34034243.04,0,0,0,0.0,0.0,0.0,0.09883224563838912,2273,3398,0.0033797684123904577,73,73,72,74,0.972972972972973,0.41666666666666674,0.4200464350790572,2273,3398,2019.5560932688077,2020.363743378458,2021.0,2020.0,2018,2021,2019,2022,1.4654318013938885,1.2296519493187308,0.8076501096502398,0,0,0,,ELIGIBLE_DESIGN_ONLY_RANKING,1,9,0,0,D09C diagnostic only; mainline must decide
T1_AR_A4-5_B1-2-3,T1,05,AR,Arkansas,2022,052022,52201,4-5,1-2-3,2,3,0,28,34034243.04,0,0,0,0.0,0.0,0.0,0.08152157891968928,2269,3402,0.00044083935813789456,72,74,72,74,0.972972972972973,0.3881278538812785,0.3885686932394164,2269,3402,2020.0546496253855,2020.030276308054,2022.0,2020.0,2018,2022,2019,2021,1.961627416011255,0.7998606061060648,0.02437331733153769,0,0,0,,ELIGIBLE_DESIGN_ONLY_RANKING,1,5,0,0,D09C diagnostic only; mainline must decide
T1_CA_A1-2_B3-4-5,T1,06,CA,California,2022,062022,,1-2,3-4-5,2,3,0,,,,,,,,,,,,,,,,,,,,,,,,,,,,,,,,,,,,,NOT_AUDITABLE_FRAME_FAIL,0,,0,0,D09C diagnostic only; mainline must decide
T1_CA_A1-3_B2-4-5,T1,06,CA,California,2022,062022,,1-3,2-4-5,2,3,0,,,,,,,,,,,,,,,,,,,,,,,,,,,,,,,,,,,,,NOT_AUDITABLE_FRAME_FAIL,0,,0,0,D09C diagnostic only; mainline must decide
T1_CA_A1-4_B2-3-5,T1,06,CA,California,2022,062022,,1-4,2-3-5,2,3,0,,,,,,,,,,,,,,,,,,,,,,,,,,,,,,,,,,,,,NOT_AUDITABLE_FRAME_FAIL,0,,0,0,D09C diagnostic only; mainline must decide
T1_CA_A1-5_B2-3-4,T1,06,CA,California,2022,062022,,1-5,2-3-4,2,3,0,,,,,,,,,,,,,,,,,,,,,,,,,,,,,,,,,,,,,NOT_AUDITABLE_FRAME_FAIL,0,,0,0,D09C diagnostic only; mainline must decide
T1_CA_A2-3_B1-4-5,T1,06,CA,California,2022,062022,,2-3,1-4-5,2,3,0,,,,,,,,,,,,,,,,,,,,,,,,,,,,,,,,,,,,,NOT_AUDITABLE_FRAME_FAIL,0,,0,0,D09C diagnostic only; mainline must decide
T1_CA_A2-4_B1-3-5,T1,06,CA,California,2022,062022,,2-4,1-3-5,2,3,0,,,,,,,,,,,,,,,,,,,,,,,,,,,,,,,,,,,,,NOT_AUDITABLE_FRAME_FAIL,0,,0,0,D09C diagnostic only; mainline must decide
T1_CA_A2-5_B1-3-4,T1,06,CA,California,2022,062022,,2-5,1-3-4,2,3,0,,,,,,,,,,,,,,,,,,,,,,,,,,,,,,,,,,,,,NOT_AUDITABLE_FRAME_FAIL,0,,0,0,D09C diagnostic only; mainline must decide
T1_CA_A3-4_B1-2-5,T1,06,CA,California,2022,062022,,3-4,1-2-5,2,3,0,,,,,,,,,,,,,,,,,,,,,,,,,,,,,,,,,,,,,NOT_AUDITABLE_FRAME_FAIL,0,,0,0,D09C diagnostic only; mainline must decide
T1_CA_A3-5_B1-2-4,T1,06,CA,California,2022,062022,,3-5,1-2-4,2,3,0,,,,,,,,,,,,,,,,,,,,,,,,,,,,,,,,,,,,,NOT_AUDITABLE_FRAME_FAIL,0,,0,0,D09C diagnostic only; mainline must decide
T1_CA_A4-5_B1-2-3,T1,06,CA,California,2022,062022,,4-5,1-2-3,2,3,0,,,,,,,,,,,,,,,,,,,,,,,,,,,,,,,,,,,,,NOT_AUDITABLE_FRAME_FAIL,0,,0,0,D09C diagnostic only; mainline must decide
T1_CO_A1-2_B3-4-5,T1,08,CO,Colorado,2022,082022,82201,1-2,3-4-5,2,3,0,222,66619618.000000015,0,0,0,0.0,0.0,0.0,0.15832442305584948,4364,6448,0.015106671599457323,128,128,128,128,1.0,0.4166666666666667,0.431773338266124,4364,6448,2017.0366636113656,2017.8785669975186,2019.0,2017.0,2014,2022,2013,2024,2.568704520053087,3.032114904488544,0.8419033861530352,0,0,0,,ELIGIBLE_DESIGN_ONLY_RANKING,1,3,0,0,D09C diagnostic only; mainline must decide
T1_CO_A1-3_B2-4-5,T1,08,CO,Colorado,2022,082022,82201,1-3,2-4-5,2,3,0,222,66619618.000000015,0,0,0,0.0,0.0,0.0,0.15540925154621552,4379,6433,0.020887285731902752,128,128,128,128,1.0,0.4166666666666667,0.4375539523985694,4379,6433,2017.4985156428409,2017.5661433234882,2017.0,2018.0,2014,2024,2013,2024,2.701823333706281,3.0011944661847836,0.06762768064731972,0,0,0,,ELIGIBLE_DESIGN_ONLY_RANKING,1,2,0,0,D09C diagnostic only; mainline must decide
T1_CO_A1-4_B2-3-5,T1,08,CO,Colorado,2022,082022,82201,1-4,2-3-5,2,3,0,222,66619618.000000015,0,0,0,0.0,0.0,0.0,0.1671274896383618,4379,6433,0.020887285731902752,128,128,128,128,1.0,0.4166666666666667,0.4375539523985694,4379,6433,2018.008677780315,2017.2188714441163,2017.0,2018.0,2014,2024,2013,2024,2.937434631110696,2.8021355186659997,0.7898063361988079,0,0,0,,ELIGIBLE_DESIGN_ONLY_RANKING,1,6,0,0,D09C diagnostic only; mainline must decide
T1_CO_A1-5_B2-3-4,T1,08,CO,Colorado,2022,082022,82201,1-5,2-3-4,2,3,0,222,66619618.000000015,0,0,0,0.0,0.0,0.0,0.1840298145314352,4296,6516,0.011098779134295227,128,128,128,128,1.0,0.4166666666666667,0.42776544580096193,4296,6516,2016.0386405959032,2018.5277777777778,2018.0,2017.0,2013,2020,2015,2024,2.549148350607768,2.6558547445180154,2.4891371818746393,0,0,0,,ELIGIBLE_DESIGN_ONLY_RANKING,1,9,0,0,D09C diagnostic only; mainline must decide
T1_CO_A2-3_B1-4-5,T1,08,CO,Colorado,2022,082022,82201,2-3,1-4-5,2,3,0,222,66619618.000000015,0,0,0,0.0,0.0,0.0,0.1740887137443427,4339,6473,0.005472314712048411,128,128,128,128,1.0,0.4166666666666667,0.4221389813787151,4339,6473,2018.0308826918645,2017.2088676038932,2017.0,2018.0,2015,2024,2013,2024,2.5687352103222376,3.032722523126204,0.8220150879712946,0,0,0,,ELIGIBLE_DESIGN_ONLY_RANKING,1,8,0,0,D09C diagnostic only; mainline must decide
T1_CO_A2-4_B1-3-5,T1,08,CO,Colorado,2022,082022,82201,2-4,1-3-5,2,3,0,222,66619618.000000015,0,0,0,0.0,0.0,0.0,0.1489539660265376,4339,6473,0.005472314712048411,127,128,127,128,0.9921875,0.40849673202614384,0.41396904673819224,4339,6473,2018.5457478681724,2016.8637416962767,2017.0,2018.0,2015,2024,2013,2024,2.718194635520356,2.7934625965169264,1.6820061718956367,0,0,0,,ELIGIBLE_DESIGN_ONLY_RANKING,1,1,1,0,D09C diagnostic only; mainline must decide
T1_CO_A2-5_B1-3-4,T1,08,CO,Colorado,2022,082022,82201,2-5,1-3-4,2,3,0,222,66619618.000000015,1,0,1,38449.0,0.0,38449.0,0.1572443962740995,4256,6556,0.02651375015414978,128,128,128,128,1.0,0.4166666666666667,0.44318041682081644,4256,6556,2016.5676691729323,2018.1691580231848,2018.0,2017.0,2013,2022,2014,2024,2.711012978524572,2.8168990895838357,1.6014888502525082,0,0,0,,ELIGIBLE_DESIGN_ONLY_RANKING,1,10,0,0,D09C diagnostic only; mainline must decide
T1_CO_A3-4_B1-2-5,T1,08,CO,Colorado,2022,082022,82201,3-4,1-2-5,2,3,0,222,66619618.000000015,0,0,0,0.0,0.0,0.0,0.16755393133623783,4354,6458,0.011252928844493842,128,128,128,128,1.0,0.4166666666666667,0.42791959551116054,4354,6458,2019.0050528249885,2016.5501703313719,2017.0,2018.0,2016,2024,2013,2022,2.588559574417381,2.6418043780904368,2.454882493616651,0,0,0,,ELIGIBLE_DESIGN_ONLY_RANKING,1,7,0,0,D09C diagnostic only; mainline must decide
T1_CO_A3-5_B1-2-4,T1,08,CO,Colorado,2022,082022,82201,3-5,1-2-4,2,3,0,222,66619618.000000015,0,0,0,0.0,0.0,0.0,0.1585784821504361,4271,6541,0.02073313602170435,128,128,128,128,1.0,0.4166666666666667,0.43739980268837103,4271,6541,2017.0428471084056,2017.862559241706,2017.0,2019.0,2013,2024,2014,2024,2.916205186252896,2.81584205466204,0.8197121333005271,0,0,0,,ELIGIBLE_DESIGN_ONLY_RANKING,1,4,0,0,D09C diagnostic only; mainline must decide
T1_CO_A4-5_B1-2-3,T1,08,CO,Colorado,2022,082022,82201,4-5,1-2-3,2,3,0,222,66619618.000000015,0,0,0,0.0,0.0,0.0,0.1632895789421112,4271,6541,0.02073313602170435,128,128,128,128,1.0,0.4166666666666667,0.43739980268837103,4271,6541,2017.565909623039,2017.5210212505733,2018.0,2017.0,2013,2024,2014,2024,3.2150552036925086,2.6452415178532647,0.04488837246572075,0,0,0,,ELIGIBLE_DESIGN_ONLY_RANKING,1,5,0,0,D09C diagnostic only; mainline must decide
T1_CT_A1-2_B3-4-5,T1,09,CT,Connecticut,2022,092022,92201,1-2,3-4-5,2,3,0,8,3203694.5,0,0,0,0.0,0.0,0.0,0.1836058254140712,200,280,0.06944444444444449,12,12,12,12,1.0,0.4166666666666667,0.48611111111111116,200,280,2019.965,2018.5357142857142,2021.0,2018.0,2016,2022,2016,2021,2.494974849069112,1.3029369321872615,1.4292857142856974,0,0,0,,ELIGIBLE_DESIGN_ONLY_RANKING,1,5,0,0,D09C diagnostic only; mainline must decide
T1_CT_A1-3_B2-4-5,T1,09,CT,Connecticut,2022,092022,92201,1-3,2-4-5,2,3,0,8,3203694.5,0,0,0,0.0,0.0,0.0,0.19049769393984156,198,282,0.052083333333333336,12,12,12,12,1.0,0.4166666666666667,0.46875,198,282,2019.3484848484848,2018.9787234042553,2021.0,2019.0,2016,2022,2016,2022,2.152739425189261,1.906975713432426,0.36976144422942525,0,0,0,,ELIGIBLE_DESIGN_ONLY_RANKING,1,6,0,0,D09C diagnostic only; mainline must decide
T1_CT_A1-4_B2-3-5,T1,09,CT,Connecticut,2022,092022,92201,1-4,2-3-5,2,3,0,8,3203694.5,0,0,0,0.0,0.0,0.0,0.15953252966552234,193,287,0.008680555555555506,12,12,12,12,1.0,0.4166666666666667,0.4253472222222222,193,287,2020.0051813471503,2018.5435540069686,2021.0,2018.0,2018,2022,2016,2022,1.5086466387075512,2.104943876561,1.4616273401816215,0,0,0,,ELIGIBLE_DESIGN_ONLY_RANKING,1,3,0,0,D09C diagnostic only; mainline must decide
T1_CT_A1-5_B2-3-4,T1,09,CT,Connecticut,2022,092022,92201,1-5,2-3-4,2,3,0,8,3203694.5,0,0,0,0.0,0.0,0.0,0.25330892899699525,204,276,0.10416666666666667,12,12,12,12,1.0,0.4166666666666667,0.5208333333333334,204,276,2020.6323529411766,2018.0217391304348,2021.0,2018.0,2019,2022,2016,2022,0.8917422770128131,1.897241600771922,2.6106138107418246,0,0,0,,ELIGIBLE_DESIGN_ONLY_RANKING,1,9,0,0,D09C diagnostic only; mainline must decide
T1_CT_A2-3_B1-4-5,T1,09,CT,Connecticut,2022,092022,92201,2-3,1-4-5,2,3,0,8,3203694.5,0,0,0,0.0,0.0,0.0,0.1687022760211255,188,292,0.034722222222222175,12,12,12,12,1.0,0.4166666666666667,0.45138888888888884,188,292,2017.8191489361702,2019.9760273972602,2017.0,2020.0,2016,2022,2018,2022,2.2418611727326803,1.2827593107900765,2.1568784610899456,0,0,0,,ELIGIBLE_DESIGN_ONLY_RANKING,1,4,0,0,D09C diagnostic only; mainline must decide
T1_CT_A2-4_B1-3-5,T1,09,CT,Connecticut,2022,092022,92201,2-4,1-3-5,2,3,0,8,3203694.5,0,0,0,0.0,0.0,0.0,0.23479292190984044,183,297,0.078125,12,12,12,12,1.0,0.4166666666666667,0.4947916666666667,183,297,2018.4699453551912,2019.5387205387206,2018.0,2020.0,2016,2022,2016,2022,2.155474374057209,1.815664491759848,1.0687751835293966,0,0,0,,ELIGIBLE_DESIGN_ONLY_RANKING,1,8,0,0,D09C diagnostic only; mainline must decide
T1_CT_A2-5_B1-3-4,T1,09,CT,Connecticut,2022,092022,92201,2-5,1-3-4,2,3,0,8,3203694.5,0,0,0,0.0,0.0,0.0,0.19622666695864444,194,286,0.01736111111111116,12,12,12,12,1.0,0.4166666666666667,0.43402777777777785,194,286,2019.2164948453608,2019.0734265734266,2020.0,2018.5,2016,2022,2016,2022,2.23132110370716,1.8613879390126877,0.14306827193422578,0,0,0,,ELIGIBLE_DESIGN_ONLY_RANKING,1,7,0,0,D09C diagnostic only; mainline must decide
T1_CT_A3-4_B1-2-5,T1,09,CT,Connecticut,2022,092022,92201,3-4,1-2-5,2,3,0,8,3203694.5,0,0,0,0.0,0.0,0.0,0.2555087909715284,181,299,0.09548611111111116,12,12,12,12,1.0,0.4166666666666667,0.5121527777777779,181,299,2017.779005524862,2019.9498327759197,2018.0,2021.0,2016,2020,2016,2022,0.8792680699639873,2.0727113938698363,2.1708272510577444,0,0,0,,ELIGIBLE_DESIGN_ONLY_RANKING,1,10,0,0,D09C diagnostic only; mainline must decide
T1_CT_A3-5_B1-2-4,T1,09,CT,Connecticut,2022,092022,92201,3-5,1-2-4,2,3,0,8,3203694.5,0,0,0,0.0,0.0,0.0,0.1473617559602762,192,288,0.0,12,12,12,12,1.0,0.4166666666666667,0.4166666666666667,192,288,2018.5729166666667,2019.5034722222222,2019.0,2020.5,2016,2021,2016,2022,1.5297728789209282,2.2117807224909303,0.9305555555554292,0,0,0,,ELIGIBLE_DESIGN_ONLY_RANKING,1,2,0,0,D09C diagnostic only; mainline must decide
T1_CT_A4-5_B1-2-3,T1,09,CT,Connecticut,2022,092022,92201,4-5,1-2-3,2,3,0,8,3203694.5,0,0,0,0.0,0.0,0.0,0.12780054470381472,187,293,0.043402777777777825,12,12,12,12,1.0,0.4166666666666667,0.46006944444444453,187,293,2019.2299465240642,2019.0682593856654,2019.0,2018.0,2018,2021,2016,2022,0.9478677243853181,2.4694259303812593,0.16168713839874727,0,0,0,,ELIGIBLE_DESIGN_ONLY_RANKING,1,1,1,0,D09C diagnostic only; mainline must decide
T1_DE_A1-2_B3-4-5,T1,10,DE,Delaware,2022,102022,102201,1-2,3-4-5,2,3,0,7,1296281.3,0,0,0,0.0,0.0,0.0,0.15300174637801367,157,231,0.019329896907216496,6,6,6,6,1.0,0.4166666666666667,0.43599656357388317,157,231,2019.968152866242,2018.4415584415585,2021.0,2019.0,2016,2023,2016,2021,2.629761571930061,1.2699897961949536,1.5265944246834806,0,0,0,,ELIGIBLE_DESIGN_ONLY_RANKING,1,3,0,0,D09C diagnostic only; mainline must decide
T1_DE_A1-3_B2-4-5,T1,10,DE,Delaware,2022,102022,102201,1-3,2-4-5,2,3,0,7,1296281.3,0,0,0,0.0,0.0,0.0,0.3310066419323291,157,231,0.019329896907216496,6,6,6,6,1.0,0.4166666666666667,0.43599656357388317,157,231,2019.2420382165606,2018.935064935065,2021.0,2019.0,2016,2023,2016,2023,2.304959185036468,1.8996864432641578,0.30697328149562964,0,0,0,,ELIGIBLE_DESIGN_ONLY_RANKING,1,10,0,0,D09C diagnostic only; mainline must decide
T1_DE_A1-4_B2-3-5,T1,10,DE,Delaware,2022,102022,102201,1-4,2-3-5,2,3,0,7,1296281.3,0,0,0,0.0,0.0,0.0,0.20857400597197556,156,232,0.008591065292096281,6,6,6,6,1.0,0.4166666666666667,0.425257731958763,156,232,2020.0384615384614,2018.4008620689656,2021.0,2018.0,2018,2023,2016,2023,1.5403586318257831,2.131722701915605,1.6375994694958536,0,0,0,,ELIGIBLE_DESIGN_ONLY_RANKING,1,7,0,0,D09C diagnostic only; mainline must decide
T1_DE_A1-5_B2-3-4,T1,10,DE,Delaware,2022,102022,102201,1-5,2-3-4,2,3,0,7,1296281.3,0,0,0,0.0,0.0,0.0,0.15008076149029476,155,233,0.0021477663230241163,6,6,6,6,1.0,0.4166666666666667,0.4188144329896908,155,233,2020.6129032258063,2018.0257510729614,2021.0,2018.0,2019,2023,2016,2023,1.0280930321628168,1.9496302628719557,2.587152152844965,0,0,0,,ELIGIBLE_DESIGN_ONLY_RANKING,1,2,0,0,D09C diagnostic only; mainline must decide
T1_DE_A2-3_B1-4-5,T1,10,DE,Delaware,2022,102022,102201,2-3,1-4-5,2,3,0,7,1296281.3,0,0,0,0.0,0.0,0.0,0.17950904460649464,156,232,0.008591065292096281,6,6,6,6,1.0,0.4166666666666667,0.425257731958763,156,232,2017.7435897435898,2019.9439655172414,2017.0,2020.0,2016,2023,2018,2023,2.2997104863278737,1.3097561845149104,2.200375773651558,0,0,0,,ELIGIBLE_DESIGN_ONLY_RANKING,1,6,0,0,D09C diagnostic only; mainline must decide
T1_DE_A2-4_B1-3-5,T1,10,DE,Delaware,2022,102022,102201,2-4,1-3-5,2,3,0,7,1296281.3,0,0,0,0.0,0.0,0.0,0.17407554451354296,155,233,0.0021477663230241163,6,6,6,6,1.0,0.4166666666666667,0.4188144329896908,155,233,2018.5354838709677,2019.4077253218884,2018.0,2020.0,2016,2023,2016,2023,2.178040998012636,1.9323316432225452,0.8722414509206828,0,0,0,,ELIGIBLE_DESIGN_ONLY_RANKING,1,5,0,0,D09C diagnostic only; mainline must decide
T1_DE_A2-5_B1-3-4,T1,10,DE,Delaware,2022,102022,102201,2-5,1-3-4,2,3,0,7,1296281.3,0,0,0,0.0,0.0,0.0,0.2838778894489905,154,234,0.012886597938144331,6,6,6,6,1.0,0.4166666666666667,0.429553264604811,154,234,2019.1038961038962,2019.0299145299145,2020.0,2019.0,2016,2023,2016,2023,2.2756707871787403,1.937644468700105,0.07398157398165495,0,0,0,,ELIGIBLE_DESIGN_ONLY_RANKING,1,8,0,0,D09C diagnostic only; mainline must decide
T1_DE_A3-4_B1-2-5,T1,10,DE,Delaware,2022,102022,102201,3-4,1-2-5,2,3,0,7,1296281.3,0,0,0,0.0,0.0,0.0,0.159390533589399,155,233,0.0021477663230241163,6,6,6,6,1.0,0.4166666666666667,0.4188144329896908,155,233,2017.8,2019.8969957081545,2018.0,2020.0,2016,2020,2016,2023,0.9960962765756091,2.182935283641663,2.096995708154509,0,0,0,,ELIGIBLE_DESIGN_ONLY_RANKING,1,4,0,0,D09C diagnostic only; mainline must decide
T1_DE_A3-5_B1-2-4,T1,10,DE,Delaware,2022,102022,102201,3-5,1-2-4,2,3,0,7,1296281.3,0,0,0,0.0,0.0,0.0,0.11816714572692552,154,234,0.012886597938144331,6,6,6,6,1.0,0.4166666666666667,0.429553264604811,154,234,2018.3636363636363,2019.517094017094,2019.0,2019.0,2016,2021,2016,2023,1.4986625053069267,2.269816524633771,1.1534576534577354,0,0,0,,ELIGIBLE_DESIGN_ONLY_RANKING,1,1,1,0,D09C diagnostic only; mainline must decide
T1_DE_A4-5_B1-2-3,T1,10,DE,Delaware,2022,102022,102201,4-5,1-2-3,2,3,0,7,1296281.3,0,0,0,0.0,0.0,0.0,0.2847167722102042,153,235,0.023625429553264545,6,6,6,6,1.0,0.4166666666666667,0.4402920962199312,153,235,2019.1699346405228,2018.9872340425532,2019.0,2018.0,2018,2021,2016,2023,0.809408894723754,2.5860917466155517,0.18270059796964233,0,0,0,,ELIGIBLE_DESIGN_ONLY_RANKING,1,9,0,0,D09C diagnostic only; mainline must decide
T1_FL_A1-2_B3-4-5,T1,12,FL,Florida,2022,122022,122201,1-2,3-4-5,2,3,0,24,42084580.29,0,0,0,0.0,0.0,0.0,0.07016018523181314,2828,4206,0.008529997156667614,102,104,102,104,0.9807692307692307,0.3964401294498382,0.40497012660650583,2828,4206,2018.4780763790666,2021.028768426058,2018.0,2021.0,2016,2024,2014,2024,1.1744901934623082,1.729888274209579,2.550692046991344,0,0,0,,ELIGIBLE_DESIGN_ONLY_RANKING,1,3,0,0,D09C diagnostic only; mainline must decide
T1_FL_A1-3_B2-4-5,T1,12,FL,Florida,2022,122022,122201,1-3,2-4-5,2,3,0,24,42084580.29,0,0,0,0.0,0.0,0.0,0.06685984362987982,2818,4216,0.0026063880200929363,102,103,101,104,0.9711538461538461,0.40650406504065034,0.4091104530607433,2818,4216,2018.9425124201562,2020.7122865275142,2019.0,2021.0,2014,2024,2014,2024,1.4090189503974349,1.9846387277501139,1.7697741073579891,0,0,0,,ELIGIBLE_DESIGN_ONLY_RANKING,1,2,0,0,D09C diagnostic only; mainline must decide
T1_FL_A1-4_B2-3-5,T1,12,FL,Florida,2022,122022,122201,1-4,2-3-5,2,3,0,24,42084580.29,0,0,0,0.0,0.0,0.0,0.09965277407837314,2809,4225,0.0027248602028243233,104,103,103,104,0.9903846153846154,0.4267310789049919,0.4294559391078162,2809,4225,2019.6144535421859,2020.261775147929,2020.0,2020.0,2014,2024,2014,2024,1.9894176217459747,1.9257326359661227,0.6473216057431728,0,0,0,,ELIGIBLE_DESIGN_ONLY_RANKING,1,9,0,0,D09C diagnostic only; mainline must decide
T1_FL_A1-5_B2-3-4,T1,12,FL,Florida,2022,122022,122201,1-5,2-3-4,2,3,0,24,42084580.29,0,0,0,0.0,0.0,0.0,0.09588671733956602,2830,4204,0.009714718983982615,102,104,102,104,0.9807692307692307,0.3964401294498382,0.4061548484338208,2830,4204,2019.9858657243817,2020.0149857278782,2019.0,2020.0,2015,2024,2014,2024,2.5341383971057794,1.488799958035756,0.029120003496473146,0,0,0,,ELIGIBLE_DESIGN_ONLY_RANKING,1,8,0,0,D09C diagnostic only; mainline must decide
T1_FL_A2-3_B1-4-5,T1,12,FL,Florida,2022,122022,122201,2-3,1-4-5,2,3,0,24,42084580.29,0,0,0,0.0,0.0,0.0,0.0955736202130821,2812,4222,0.0009477774618519033,102,104,102,104,0.9807692307692307,0.3964401294498382,0.3973879069116901,2812,4222,2019.4082503556187,2020.3995736617717,2019.0,2021.0,2014,2024,2014,2024,1.1835058459611756,2.2772173462628973,0.9913233061529354,0,0,0,,ELIGIBLE_DESIGN_ONLY_RANKING,1,7,0,0,D09C diagnostic only; mainline must decide
T1_FL_A2-4_B1-3-5,T1,12,FL,Florida,2022,122022,122201,2-4,1-3-5,2,3,0,24,42084580.29,0,0,0,0.0,0.0,0.0,0.10718705920410125,2803,4231,0.006279025684769162,103,103,102,104,0.9807692307692307,0.4166666666666666,0.42294569235143575,2803,4231,2020.0831252229755,2019.950366343654,2020.0,2020.0,2014,2024,2014,2024,1.6566040079210902,2.1616459522166425,0.1327588793215,0,0,0,,ELIGIBLE_DESIGN_ONLY_RANKING,1,10,0,0,D09C diagnostic only; mainline must decide
T1_FL_A2-5_B1-3-4,T1,12,FL,Florida,2022,122022,122201,2-5,1-3-4,2,3,0,24,42084580.29,0,0,0,0.0,0.0,0.0,0.07458362551302003,2824,4210,0.006160553502037776,102,104,102,104,0.9807692307692307,0.3964401294498382,0.40260068295187595,2824,4210,2020.4518413597734,2019.7023752969121,2020.5,2020.0,2015,2024,2014,2024,2.208527769323789,1.7415632594331676,0.7494660628613019,0,0,0,,ELIGIBLE_DESIGN_ONLY_RANKING,1,4,0,0,D09C diagnostic only; mainline must decide
T1_FL_A3-4_B1-2-5,T1,12,FL,Florida,2022,122022,122201,3-4,1-2-5,2,3,0,24,42084580.29,0,0,0,0.0,0.0,0.0,0.04894382689505907,2793,4241,0.012202634821344002,102,103,101,104,0.9711538461538461,0.40650406504065034,0.4187066998619943,2793,4241,2020.5574650912997,2019.6382928554585,2020.0,2019.0,2014,2024,2015,2024,1.356168499438948,2.2216314993563704,0.919172235841188,0,0,0,,ELIGIBLE_DESIGN_ONLY_RANKING,1,1,1,0,D09C diagnostic only; mainline must decide
T1_FL_A3-5_B1-2-4,T1,12,FL,Florida,2022,122022,122201,3-5,1-2-4,2,3,0,24,42084580.29,0,0,0,0.0,0.0,0.0,0.09109039201174401,2814,4220,0.00023694436546293541,103,104,103,104,0.9903846153846154,0.40660225442834147,0.4068391987938044,2814,4220,2020.9239516702203,2019.389336492891,2021.0,2019.0,2014,2024,2014,2024,1.9077298612227698,1.7735861968544007,1.534615177329215,0,0,0,,ELIGIBLE_DESIGN_ONLY_RANKING,1,6,0,0,D09C diagnostic only; mainline must decide
T1_FL_A4-5_B1-2-3,T1,12,FL,Florida,2022,122022,122201,4-5,1-2-3,2,3,0,24,42084580.29,0,0,0,0.0,0.0,0.0,0.08236312928010431,2805,4229,0.005094303857454323,103,102,101,104,0.9711538461538461,0.4268292682926829,0.4319235721501372,2805,4229,2021.6032085561496,2018.9420666824308,2022.0,2019.0,2014,2024,2014,2024,1.7118962718505577,1.3162263597077395,2.6611418737188615,0,0,0,,ELIGIBLE_DESIGN_ONLY_RANKING,1,5,0,0,D09C diagnostic only; mainline must decide
T1_GA_A1-2_B3-4-5,T1,13,GA,Georgia,2022,132022,132201,1-2,3-4-5,2,3,0,23,38032097.809999995,0,0,0,0.0,0.0,0.0,0.08451992890231956,2622,3967,0.008600192239591182,78,81,78,81,0.9629629629629629,0.3773584905660377,0.3859586828056289,2622,3967,2019.9328756674295,2020.8202672044365,2020.0,2021.0,2015,2023,2016,2023,0.7953954951420861,1.7922094616994317,0.8873915370070335,0,0,0,,ELIGIBLE_DESIGN_ONLY_RANKING,1,5,0,0,D09C diagnostic only; mainline must decide
T1_GA_A1-3_B2-4-5,T1,13,GA,Georgia,2022,132022,132201,1-3,2-4-5,2,3,0,23,38032097.809999995,0,0,0,0.0,0.0,0.0,0.09181235495666516,2635,3954,0.00037942024586431935,80,80,79,81,0.9753086419753086,0.41666666666666663,0.4170460869125309,2635,3954,2020.415559772296,2020.5015174506827,2021.0,2020.0,2016,2023,2015,2023,1.171342519894428,1.7433688390598192,0.0859576783866487,0,0,0,,ELIGIBLE_DESIGN_ONLY_RANKING,1,10,0,0,D09C diagnostic only; mainline must decide
T1_GA_A1-4_B2-3-5,T1,13,GA,Georgia,2022,132022,132201,1-4,2-3-5,2,3,0,23,38032097.809999995,0,0,0,0.0,0.0,0.0,0.07809051992119208,2645,3944,0.005944250518540945,80,80,79,81,0.9753086419753086,0.41666666666666663,0.4226109171852076,2645,3944,2020.969754253308,2020.1300709939148,2020.0,2020.0,2017,2023,2015,2023,1.6683831688140742,1.3479466147125656,0.8396832593932686,0,0,0,,ELIGIBLE_DESIGN_ONLY_RANKING,1,2,0,0,D09C diagnostic only; mainline must decide
T1_GA_A1-5_B2-3-4,T1,13,GA,Georgia,2022,132022,132201,1-5,2-3-4,2,3,0,23,38032097.809999995,0,0,0,0.0,0.0,0.0,0.07843126622108391,2572,4017,0.04021854606161785,78,81,78,81,0.9629629629629629,0.3773584905660377,0.41757703662765555,2572,4017,2018.991835147745,2021.4117500622356,2019.0,2021.0,2018,2022,2015,2023,0.6856955228804303,1.1432468220298257,2.4199149144906187,0,0,0,,ELIGIBLE_DESIGN_ONLY_RANKING,1,3,0,0,D09C diagnostic only; mainline must decide
T1_GA_A2-3_B1-4-5,T1,13,GA,Georgia,2022,132022,132201,2-3,1-4-5,2,3,0,23,38032097.809999995,0,0,0,0.0,0.0,0.0,0.08009160436499058,2667,3922,0.01985632620023277,80,80,79,81,0.9753086419753086,0.41666666666666663,0.4365229928668994,2667,3922,2020.891263592051,2020.1787353391128,2021.0,2019.0,2015,2023,2017,2023,0.8804082549075587,1.8045047295222436,0.7125282529382275,0,0,0,,ELIGIBLE_DESIGN_ONLY_RANKING,1,4,0,0,D09C diagnostic only; mainline must decide
T1_GA_A2-4_B1-3-5,T1,13,GA,Georgia,2022,132022,132201,2-4,1-3-5,2,3,0,23,38032097.809999995,0,0,0,0.0,0.0,0.0,0.08930184159701636,2677,3912,0.026179996964638033,80,80,79,81,0.9753086419753086,0.41666666666666663,0.44284666363130465,2677,3912,2021.4370564064252,2019.8034253578733,2021.0,2019.0,2015,2023,2016,2023,1.287319436666331,1.3343823847803882,1.6336310485519334,0,0,0,,ELIGIBLE_DESIGN_ONLY_RANKING,1,6,0,0,D09C diagnostic only; mainline must decide
T1_GA_A2-5_B1-3-4,T1,13,GA,Georgia,2022,132022,132201,2-5,1-3-4,2,3,0,23,38032097.809999995,0,0,0,0.0,0.0,0.0,0.09005694563993799,2604,3985,0.019982799615520762,77,81,77,81,0.9506172839506173,0.3639240506329114,0.38390685024843213,2604,3985,2019.4965437788019,2021.1013801756587,2020.0,2021.0,2015,2023,2016,2023,1.12235840786302,1.443814045592948,1.6048363968568538,0,0,0,,ELIGIBLE_DESIGN_ONLY_RANKING,1,7,0,0,D09C diagnostic only; mainline must decide
T1_GA_A3-4_B1-2-5,T1,13,GA,Georgia,2022,132022,132201,3-4,1-2-5,2,3,0,23,38032097.809999995,0,0,0,0.0,0.0,0.0,0.09145000461044077,2690,3899,0.03440076895836489,81,78,78,81,0.9629629629629629,0.4559748427672956,0.4903756117256605,2690,3899,2021.9026022304834,2019.476788920236,2022.0,2019.0,2016,2023,2015,2023,0.987930470101406,0.9674870249667715,2.4258133102473494,0,0,0,,ELIGIBLE_DESIGN_ONLY_RANKING,1,9,0,0,D09C diagnostic only; mainline must decide
T1_GA_A3-5_B1-2-4,T1,13,GA,Georgia,2022,132022,132201,3-5,1-2-4,2,3,0,23,38032097.809999995,0,0,0,0.0,0.0,0.0,0.06238219007597883,2617,3972,0.011762027621793899,80,80,79,81,0.9753086419753086,0.41666666666666663,0.42842869428846053,2617,3972,2019.9847153228889,2020.7849949647532,2021.0,2020.0,2016,2023,2015,2023,1.5564540352861516,1.4450730559275682,0.8002796418643356,0,0,0,,ELIGIBLE_DESIGN_ONLY_RANKING,1,1,1,0,D09C diagnostic only; mainline must decide
T1_GA_A4-5_B1-2-3,T1,13,GA,Georgia,2022,132022,132201,4-5,1-2-3,2,3,0,23,38032097.809999995,0,0,0,0.0,0.0,0.0,0.09093274535378369,2627,3962,0.005438356857388635,80,80,79,81,0.9753086419753086,0.41666666666666663,0.42210502352405527,2627,3962,2020.5443471640656,2020.4159515396263,2020.0,2020.0,2017,2023,2015,2023,2.0778437652137405,1.0390642896396958,0.1283956244392357,0,0,0,,ELIGIBLE_DESIGN_ONLY_RANKING,1,8,0,0,D09C diagnostic only; mainline must decide
T1_ID_A1-2_B3-4-5,T1,16,ID,Idaho,2022,162022,162201,1-2,3-4-5,2,3,0,148,53484642.0,0,0,0,0.0,0.0,0.0,0.16055107712156386,3547,5201,0.022767108672458423,116,118,115,119,0.9663865546218487,0.3988603988603988,0.4216275075328572,3547,5201,2017.0518748237948,2017.9359738511826,2015.0,2018.0,2013,2023,2011,2024,2.6474804202137263,3.109033961156391,0.8840990273877196,0,0,0,,ELIGIBLE_DESIGN_ONLY_RANKING,1,6,0,0,D09C diagnostic only; mainline must decide
T1_ID_A1-3_B2-4-5,T1,16,ID,Idaho,2022,162022,162201,1-3,2-4-5,2,3,0,148,53484642.0,1,0,1,80205.09804424919,0.0,80205.09804424919,0.15686381842667607,3524,5224,0.01181222374638017,117,117,115,119,0.9663865546218487,0.4166666666666667,0.4284788904130469,3524,5224,2017.5309307604994,2017.6089203675344,2017.0,2018.0,2013,2024,2011,2024,2.7738913186562653,3.0830617619263423,0.07798960703507873,0,0,0,,ELIGIBLE_DESIGN_ONLY_RANKING,1,10,0,0,D09C diagnostic only; mainline must decide
T1_ID_A1-4_B2-3-5,T1,16,ID,Idaho,2022,162022,162201,1-4,2-3-5,2,3,0,148,53484642.0,0,0,0,0.0,0.0,0.0,0.12621588322756794,3552,5196,0.025148605395518976,116,117,114,119,0.957983193277311,0.407725321888412,0.432873927283931,3552,5196,2018.0419481981983,2017.2600076982294,2018.0,2018.0,2013,2024,2011,2024,2.988890992650012,2.9021159715884894,0.7819404999688686,0,0,0,,ELIGIBLE_DESIGN_ONLY_RANKING,1,1,1,0,D09C diagnostic only; mainline must decide
T1_ID_A1-5_B2-3-4,T1,16,ID,Idaho,2022,162022,162201,1-5,2-3-4,2,3,0,148,53484642.0,0,0,0,0.0,0.0,0.0,0.1708801683112266,3465,5283,0.016289437585733882,116,115,112,119,0.9411764705882353,0.4256854256854256,0.4419748632711595,3465,5283,2016.0063492063491,2018.607987885671,2015.0,2019.0,2011,2023,2015,2024,2.581235601006667,2.735435872295261,2.6016386793219226,0,0,0,,ELIGIBLE_DESIGN_ONLY_RANKING,1,8,0,0,D09C diagnostic only; mainline must decide
T1_ID_A2-3_B1-4-5,T1,16,ID,Idaho,2022,162022,162201,2-3,1-4-5,2,3,0,148,53484642.0,0,0,0,0.0,0.0,0.0,0.15995679509110516,3511,5237,0.0056203322664227584,114,118,113,119,0.9495798319327731,0.38074712643678155,0.3863674587032043,3511,5237,2018.1053830817432,2017.2236012984533,2017.0,2018.0,2015,2024,2011,2024,2.6741885506614187,3.091152845269425,0.8817817832898527,0,0,0,,ELIGIBLE_DESIGN_ONLY_RANKING,1,4,0,0,D09C diagnostic only; mainline must decide
T1_ID_A2-4_B1-3-5,T1,16,ID,Idaho,2022,162022,162201,2-4,1-3-5,2,3,0,148,53484642.0,0,0,0,0.0,0.0,0.0,0.15616941763723227,3539,5209,0.018956713915561696,114,118,113,119,0.9495798319327731,0.38074712643678155,0.39970384035234324,3539,5209,2018.613732692851,2016.8734881935113,2020.0,2017.0,2015,2024,2011,2024,2.7957092108871584,2.8644367393974624,1.740244499339724,0,0,0,,ELIGIBLE_DESIGN_ONLY_RANKING,1,3,0,0,D09C diagnostic only; mainline must decide
T1_ID_A2-5_B1-3-4,T1,16,ID,Idaho,2022,162022,162201,2-5,1-3-4,2,3,0,148,53484642.0,0,0,0,0.0,0.0,0.0,0.13965583716199137,3452,5296,0.022481329065691162,115,118,114,119,0.957983193277311,0.38984263233190264,0.4123239613975938,3452,5296,2016.584878331402,2018.2245090634442,2018.0,2018.0,2011,2023,2013,2024,2.8072499306196668,2.8810886989686426,1.6396307320421784,0,0,0,,ELIGIBLE_DESIGN_ONLY_RANKING,1,2,0,0,D09C diagnostic only; mainline must decide
T1_ID_A3-4_B1-2-5,T1,16,ID,Idaho,2022,162022,162201,3-4,1-2-5,2,3,0,148,53484642.0,0,0,0,0.0,0.0,0.0,0.16169594754765254,3516,5232,0.00800182898948331,115,117,113,119,0.9495798319327731,0.39870689655172414,0.40670872554120746,3516,5232,2019.10409556314,2016.551605504587,2021.0,2016.0,2016,2024,2011,2023,2.6422489786927317,2.7138445971303575,2.5524900585528485,0,0,0,,ELIGIBLE_DESIGN_ONLY_RANKING,1,7,0,0,D09C diagnostic only; mainline must decide
T1_ID_A3-5_B1-2-4,T1,16,ID,Idaho,2022,162022,162201,3-5,1-2-4,2,3,0,148,53484642.0,1,0,1,77779.0,0.0,77779.0,0.1423004020945132,3429,5319,0.03343621399176955,117,117,115,119,0.9663865546218487,0.4166666666666667,0.45010288065843623,3429,5319,2017.0740740740741,2017.9020492573793,2018.0,2018.0,2011,2024,2013,2024,3.007632511001394,2.887119391308885,0.8279751833051705,0,0,0,,ELIGIBLE_DESIGN_ONLY_RANKING,1,9,0,0,D09C diagnostic only; mainline must decide
T1_ID_A4-5_B1-2-3,T1,16,ID,Idaho,2022,162022,162201,4-5,1-2-3,2,3,0,148,53484642.0,0,0,0,0.0,0.0,0.0,0.1601909652686946,3457,5291,0.02009983234263074,117,117,115,119,0.9663865546218487,0.4166666666666667,0.4367664990092974,3457,5291,2017.6028348278855,2017.5609525609525,2018.0,2017.0,2011,2024,2013,2024,3.283027173872997,2.7330191590686055,0.041882266933043866,0,0,0,,ELIGIBLE_DESIGN_ONLY_RANKING,1,5,0,0,D09C diagnostic only; mainline must decide
T1_IL_A1-2_B3-4-5,T1,17,IL,Illinois,2022,172022,172201,1-2,3-4-5,2,3,0,27,36057165.09999998,0,0,0,0.0,0.0,0.0,0.0649873328925856,2404,3546,0.01680672268907563,78,79,78,79,0.9873417721518988,0.40339702760084933,0.42020375028992496,2404,3546,2019.9105657237938,2018.3322053017484,2021.0,2018.0,2015,2022,2015,2021,2.5346349595389874,1.224648379867956,1.5783604220453071,0,0,0,,ELIGIBLE_DESIGN_ONLY_RANKING,1,5,0,0,D09C diagnostic only; mainline must decide
T1_IL_A1-3_B2-4-5,T1,17,IL,Illinois,2022,172022,172201,1-3,2-4-5,2,3,0,27,36057165.09999998,0,0,0,0.0,0.0,0.0,0.062343712883848976,2406,3544,0.01820728291316533,79,78,78,79,0.9873417721518988,0.4299363057324841,0.4481435886456494,2406,3544,2019.1209476309227,2018.867381489842,2020.0,2019.0,2015,2022,2015,2022,2.2086396448565853,1.8782944939768609,0.25356614108068243,0,0,0,,ELIGIBLE_DESIGN_ONLY_RANKING,1,4,0,0,D09C diagnostic only; mainline must decide
T1_IL_A1-4_B2-3-5,T1,17,IL,Illinois,2022,172022,172201,1-4,2-3-5,2,3,0,27,36057165.09999998,0,0,0,0.0,0.0,0.0,0.0510572407611392,2408,3542,0.01960784313725484,78,79,78,79,0.9873417721518988,0.40339702760084933,0.42300487073810417,2408,3542,2019.8326411960134,2018.3833992094862,2019.5,2018.0,2017,2022,2015,2022,1.517048169411455,2.1105659257255156,1.4492419865271131,0,0,0,,ELIGIBLE_DESIGN_ONLY_RANKING,1,1,1,0,D09C diagnostic only; mainline must decide
T1_IL_A1-5_B2-3-4,T1,17,IL,Illinois,2022,172022,172201,1-5,2-3-4,2,3,0,27,36057165.09999998,0,0,0,0.0,0.0,0.0,0.0760759615467747,2344,3606,0.025210084033613446,77,79,77,79,0.9746835443037974,0.389957264957265,0.4151673489908785,2344,3606,2020.5004266211604,2017.9750415973378,2021.0,2018.0,2018,2022,2015,2022,0.9248316161879566,1.9178520220019377,2.525385023822537,0,0,0,,ELIGIBLE_DESIGN_ONLY_RANKING,1,8,0,0,D09C diagnostic only; mainline must decide
T1_IL_A2-3_B1-4-5,T1,17,IL,Illinois,2022,172022,172201,2-3,1-4-5,2,3,0,27,36057165.09999998,0,0,0,0.0,0.0,0.0,0.06597602591137632,2402,3548,0.015406162464985931,79,78,78,79,0.9873417721518988,0.4299363057324841,0.44534246819747003,2402,3548,2017.7618651124064,2019.7877677564825,2017.0,2020.0,2015,2022,2017,2022,2.2917001471553045,1.2826166517035908,2.025902644076041,0,0,0,,ELIGIBLE_DESIGN_ONLY_RANKING,1,6,0,0,D09C diagnostic only; mainline must decide
T1_IL_A2-4_B1-3-5,T1,17,IL,Illinois,2022,172022,172201,2-4,1-3-5,2,3,0,27,36057165.09999998,0,0,0,0.0,0.0,0.0,0.06625820020307552,2404,3546,0.01680672268907563,77,79,77,79,0.9746835443037974,0.389957264957265,0.40676398764634064,2404,3546,2018.4758735440932,2019.304850535815,2018.0,2020.0,2015,2022,2015,2022,2.1466811540943627,1.8600890655218372,0.8289769917216745,0,0,0,,ELIGIBLE_DESIGN_ONLY_RANKING,1,7,0,0,D09C diagnostic only; mainline must decide
T1_IL_A2-5_B1-3-4,T1,17,IL,Illinois,2022,172022,172201,2-5,1-3-4,2,3,0,27,36057165.09999998,0,0,0,0.0,0.0,0.0,0.06160970424537808,2340,3610,0.028011204481792652,78,79,78,79,0.9873417721518988,0.40339702760084933,0.431408232082642,2340,3610,2019.1076923076923,2018.8806094182826,2020.0,2018.0,2015,2022,2015,2022,2.244070762330201,1.8589454563894328,0.22708288940975763,0,0,0,,ELIGIBLE_DESIGN_ONLY_RANKING,1,3,0,0,D09C diagnostic only; mainline must decide
T1_IL_A3-4_B1-2-5,T1,17,IL,Illinois,2022,172022,172201,3-4,1-2-5,2,3,0,27,36057165.09999998,0,0,0,0.0,0.0,0.0,0.07669759204758295,2406,3544,0.01820728291316533,79,78,78,79,0.9873417721518988,0.4299363057324841,0.4481435886456494,2406,3544,2017.6874480465503,2019.8405756207676,2018.0,2020.0,2015,2019,2015,2022,0.8946505214393914,2.1087378678613478,2.153127574217251,0,0,0,,ELIGIBLE_DESIGN_ONLY_RANKING,1,9,0,0,D09C diagnostic only; mainline must decide
T1_IL_A3-5_B1-2-4,T1,17,IL,Illinois,2022,172022,172201,3-5,1-2-4,2,3,0,27,36057165.09999998,0,0,0,0.0,0.0,0.0,0.06146005166533158,2342,3608,0.026610644257703146,79,78,78,79,0.9873417721518988,0.4299363057324841,0.45654694999018725,2342,3608,2018.2971818958156,2019.4065964523281,2018.0,2019.0,2015,2021,2015,2022,1.459280922865039,2.2083418608648846,1.1094145565125473,0,0,0,,ELIGIBLE_DESIGN_ONLY_RANKING,1,2,0,0,D09C diagnostic only; mainline must decide
T1_IL_A4-5_B1-2-3,T1,17,IL,Illinois,2022,172022,172201,4-5,1-2-3,2,3,0,27,36057165.09999998,0,0,0,0.0,0.0,0.0,0.08004680914402088,2344,3606,0.025210084033613446,78,79,78,79,0.9873417721518988,0.40339702760084933,0.4286071116344628,2344,3606,2019.0290102389079,2018.9315030504715,2019.0,2018.0,2017,2021,2015,2022,0.8217142963777896,2.5108961578537397,0.09750718843633877,0,0,0,,ELIGIBLE_DESIGN_ONLY_RANKING,1,10,0,0,D09C diagnostic only; mainline must decide
T1_IN_A1-2_B3-4-5,T1,18,IN,Indiana,2022,182022,182201,1-2,3-4-5,2,3,0,34,23157078.3,0,0,0,0.0,0.0,0.0,0.10254202514004092,1518,2267,0.004403346543373014,51,51,51,51,1.0,0.4166666666666667,0.4210700132100397,1518,2267,2019.8741765480895,2018.3652404058228,2021.0,2018.0,2016,2022,2016,2021,2.5332290956559493,1.2136290148526991,1.508936142266748,0,0,0,,ELIGIBLE_DESIGN_ONLY_RANKING,1,6,0,0,D09C diagnostic only; mainline must decide
T1_IN_A1-3_B2-4-5,T1,18,IN,Indiana,2022,182022,182201,1-3,2-4-5,2,3,0,34,23157078.3,0,0,0,0.0,0.0,0.0,0.10585952218397618,1522,2263,0.008806693086745877,51,51,51,51,1.0,0.4166666666666667,0.42547335975341255,1522,2263,2019.1307490144548,2018.8625718073354,2018.0,2019.0,2016,2022,2016,2022,2.193316748755294,1.8522168513442916,0.2681772071193791,0,0,0,,ELIGIBLE_DESIGN_ONLY_RANKING,1,7,0,0,D09C diagnostic only; mainline must decide
T1_IN_A1-4_B2-3-5,T1,18,IN,Indiana,2022,182022,182201,1-4,2-3-5,2,3,0,34,23157078.3,0,0,0,0.0,0.0,0.0,0.08094082569056286,1530,2255,0.017613386173491903,50,50,49,51,0.9607843137254902,0.41666666666666663,0.4342800528401585,1530,2255,2019.8372549019607,2018.3822616407983,2019.0,2018.0,2017,2022,2016,2022,1.5022277920369593,2.0811498666268857,1.4549932611623717,0,0,0,,ELIGIBLE_DESIGN_ONLY_RANKING,1,3,0,0,D09C diagnostic only; mainline must decide
T1_IN_A1-5_B2-3-4,T1,18,IN,Indiana,2022,182022,182201,1-5,2-3-4,2,3,0,34,23157078.3,1,0,1,11743.3,0.0,11743.3,0.09443258377693522,1492,2293,0.02421840598855135,50,51,50,51,0.9803921568627451,0.39603960396039606,0.4202580099489474,1492,2293,2020.5100536193029,2017.968600087222,2021.0,2018.0,2019,2022,2016,2022,0.8989334151367387,1.8798717055339198,2.5414535320808227,0,0,0,,ELIGIBLE_DESIGN_ONLY_RANKING,1,10,0,0,D09C diagnostic only; mainline must decide
T1_IN_A2-3_B1-4-5,T1,18,IN,Indiana,2022,182022,182201,2-3,1-4-5,2,3,0,34,23157078.3,0,0,0,0.0,0.0,0.0,0.09646691443267054,1522,2263,0.008806693086745877,50,50,49,51,0.9607843137254902,0.41666666666666663,0.4254733597534125,1522,2263,2017.7371879106438,2019.799823243482,2017.0,2020.0,2016,2022,2017,2022,2.2445602537205858,1.2630083396408687,2.0626353328382265,0,0,0,,ELIGIBLE_DESIGN_ONLY_RANKING,1,5,0,0,D09C diagnostic only; mainline must decide
T1_IN_A2-4_B1-3-5,T1,18,IN,Indiana,2022,182022,182201,2-4,1-3-5,2,3,0,34,23157078.3,0,0,0,0.0,0.0,0.0,0.07323010844761899,1530,2255,0.017613386173491903,51,51,51,51,1.0,0.4166666666666667,0.4342800528401586,1530,2255,2018.450980392157,2019.3228381374722,2018.0,2020.0,2016,2022,2016,2022,2.110242164867128,1.8411848828438864,0.8718577453153102,0,0,0,,ELIGIBLE_DESIGN_ONLY_RANKING,1,2,0,0,D09C diagnostic only; mainline must decide
T1_IN_A2-5_B1-3-4,T1,18,IN,Indiana,2022,182022,182201,2-5,1-3-4,2,3,0,34,23157078.3,0,0,0,0.0,0.0,0.0,0.1059276085140202,1492,2293,0.02421840598855135,50,51,50,51,0.9803921568627451,0.39603960396039606,0.4202580099489474,1492,2293,2019.088471849866,2018.8935891844744,2020.0,2018.0,2016,2022,2016,2022,2.2191051597748355,1.8407397311566187,0.1948826653915603,0,0,0,,ELIGIBLE_DESIGN_ONLY_RANKING,1,8,0,0,D09C diagnostic only; mainline must decide
T1_IN_A3-4_B1-2-5,T1,18,IN,Indiana,2022,182022,182201,3-4,1-2-5,2,3,0,34,23157078.3,0,0,0,0.0,0.0,0.0,0.0892934235314258,1534,2251,0.022016732716864766,51,51,51,51,1.0,0.4166666666666667,0.43868339938353146,1534,2251,2017.7170795306388,2019.8245224344735,2018.0,2020.0,2016,2019,2016,2022,0.8822421904707436,2.0973725745022627,2.1074429038346807,0,0,0,,ELIGIBLE_DESIGN_ONLY_RANKING,1,4,0,0,D09C diagnostic only; mainline must decide
T1_IN_A3-5_B1-2-4,T1,18,IN,Indiana,2022,182022,182201,3-5,1-2-4,2,3,0,34,23157078.3,0,0,0,0.0,0.0,0.0,0.06492722000426643,1496,2289,0.019815059445178335,50,51,50,51,0.9803921568627451,0.39603960396039606,0.4158546634055744,1496,2289,2018.3342245989304,2019.3861948449105,2018.0,2019.0,2016,2021,2016,2022,1.448996354426162,2.1929045381451218,1.051970245980101,0,0,0,,ELIGIBLE_DESIGN_ONLY_RANKING,1,1,1,0,D09C diagnostic only; mainline must decide
T1_IN_A4-5_B1-2-3,T1,18,IN,Indiana,2022,182022,182201,4-5,1-2-3,2,3,0,34,23157078.3,0,0,0,0.0,0.0,0.0,0.11465108697513715,1504,2281,0.01100836635843246,50,51,50,51,0.9803921568627451,0.39603960396039606,0.4070479703188285,1504,2281,2019.0571808510638,2018.9131959666813,2019.0,2018.0,2017,2021,2016,2022,0.8062804236920814,2.490932045792429,0.14398488438246204,0,0,0,,ELIGIBLE_DESIGN_ONLY_RANKING,1,9,0,0,D09C diagnostic only; mainline must decide
T1_IA_A1-2_B3-4-5,T1,19,IA,Iowa,2022,192022,192201,1-2,3-4-5,2,3,0,29,36013524.400000006,1,0,1,27627.2,0.0,27627.2,0.06091654070370472,2362,3586,0.01204886796682352,71,70,70,71,0.9859154929577465,0.43144208037825066,0.4434909483450742,2362,3586,2019.820914479255,2018.3700501952035,2021.0,2018.0,2015,2022,2016,2021,2.5490733651781996,1.2247953622904142,1.4508642840514767,0,0,0,,ELIGIBLE_DESIGN_ONLY_RANKING,1,8,0,0,D09C diagnostic only; mainline must decide
T1_IA_A1-3_B2-4-5,T1,19,IA,Iowa,2022,192022,192201,1-3,2-4-5,2,3,0,29,36013524.400000006,1,0,1,27627.2,0.0,27627.2,0.061722254699819096,2371,3577,0.005744227751625133,70,71,70,71,0.9859154929577465,0.4018912529550827,0.40763548070670785,2371,3577,2019.0982707718263,2018.8454011741683,2018.0,2019.0,2016,2022,2015,2022,2.202808229763957,1.8414129606481313,0.2528695976579911,0,0,0,,ELIGIBLE_DESIGN_ONLY_RANKING,1,9,0,0,D09C diagnostic only; mainline must decide
T1_IA_A1-4_B2-3-5,T1,19,IA,Iowa,2022,192022,192201,1-4,2-3-5,2,3,0,29,36013524.400000006,0,0,0,0.0,0.0,0.0,0.04435957734128529,2380,3568,0.0005604124635732536,70,71,70,71,0.9859154929577465,0.4018912529550827,0.40245166541865596,2380,3568,2019.836974789916,2018.3520179372197,2019.0,2018.0,2017,2022,2015,2022,1.4864875784640337,2.071869979487449,1.484956852696314,0,0,0,,ELIGIBLE_DESIGN_ONLY_RANKING,1,2,0,0,D09C diagnostic only; mainline must decide
T1_IA_A1-5_B2-3-4,T1,19,IA,Iowa,2022,192022,192201,1-5,2-3-4,2,3,0,29,36013524.400000006,0,0,0,0.0,0.0,0.0,0.0529342459743631,2369,3579,0.007145258910558171,70,71,70,71,0.9859154929577465,0.4018912529550827,0.4090365118656409,2369,3579,2020.4731954411143,2017.9354568315173,2020.0,2018.0,2018,2022,2015,2022,0.9047892258918752,1.8764292505381452,2.5377386095969996,0,0,0,,ELIGIBLE_DESIGN_ONLY_RANKING,1,5,0,0,D09C diagnostic only; mainline must decide
T1_IA_A2-3_B1-4-5,T1,19,IA,Iowa,2022,192022,192201,2-3,1-4-5,2,3,0,29,36013524.400000006,1,0,1,27627.2,0.0,27627.2,0.054137142890191906,2377,3571,0.0015411342748262084,71,70,70,71,0.9859154929577465,0.43144208037825066,0.4329832146530769,2377,3571,2017.677324358435,2019.7908148977876,2017.0,2020.0,2015,2022,2017,2022,2.229801574165595,1.2444542219565575,2.113490539352597,0,0,0,,ELIGIBLE_DESIGN_ONLY_RANKING,1,7,0,0,D09C diagnostic only; mainline must decide
T1_IA_A2-4_B1-3-5,T1,19,IA,Iowa,2022,192022,192201,2-4,1-3-5,2,3,0,29,36013524.400000006,0,0,0,0.0,0.0,0.0,0.05141734563477618,2386,3562,0.004763505940372178,71,70,70,71,0.9859154929577465,0.43144208037825066,0.43620558631862283,2386,3562,2018.4195305951382,2019.298989331836,2018.0,2020.0,2015,2022,2016,2022,2.105105092987679,1.8389660753333852,0.8794587366978703,0,0,0,,ELIGIBLE_DESIGN_ONLY_RANKING,1,4,0,0,D09C diagnostic only; mainline must decide
T1_IA_A2-5_B1-3-4,T1,19,IA,Iowa,2022,192022,192201,2-5,1-3-4,2,3,0,29,36013524.400000006,0,0,0,0.0,0.0,0.0,0.047908341697928326,2375,3573,0.002942165433759247,70,70,69,71,0.971830985915493,0.4166666666666667,0.41960883210042593,2375,3573,2019.0475789473685,2018.8788133221383,2020.0,2018.0,2015,2022,2016,2022,2.203201276115753,1.8444953188064932,0.16876562523020766,0,0,0,,ELIGIBLE_DESIGN_ONLY_RANKING,1,3,0,0,D09C diagnostic only; mainline must decide
T1_IA_A3-4_B1-2-5,T1,19,IA,Iowa,2022,192022,192201,3-4,1-2-5,2,3,0,29,36013524.400000006,0,0,0,0.0,0.0,0.0,0.05565517352026296,2395,3553,0.011068146155570564,70,71,70,71,0.9859154929577465,0.4018912529550827,0.41295939911065327,2395,3553,2017.709394572025,2019.77990430622,2018.0,2020.0,2016,2019,2015,2022,0.9079935149061975,2.096347985957367,2.0705097341949568,0,0,0,,ELIGIBLE_DESIGN_ONLY_RANKING,1,6,0,0,D09C diagnostic only; mainline must decide
T1_IA_A3-5_B1-2-4,T1,19,IA,Iowa,2022,192022,192201,3-5,1-2-4,2,3,0,29,36013524.400000006,0,0,0,0.0,0.0,0.0,0.04095530675338805,2384,3564,0.0033624747814391394,70,71,70,71,0.9859154929577465,0.4018912529550827,0.40525372773652185,2384,3564,2018.3317953020135,2019.3571829405162,2018.0,2019.0,2016,2021,2015,2022,1.456395149020767,2.1945961057930057,1.025387638502707,0,0,0,,ELIGIBLE_DESIGN_ONLY_RANKING,1,1,1,0,D09C diagnostic only; mainline must decide
T1_IA_A4-5_B1-2-3,T1,19,IA,Iowa,2022,192022,192201,4-5,1-2-3,2,3,0,29,36013524.400000006,0,1,1,0.0,27627.2,27627.2,0.07129863670218584,2393,3555,0.009667114996637525,70,71,70,71,0.9859154929577465,0.4018912529550827,0.41155836795172024,2393,3555,2019.069368992896,2018.8632911392406,2019.0,2018.0,2017,2021,2015,2022,0.7941268388058271,2.4963428226850373,0.2060778536554153,0,0,0,,ELIGIBLE_DESIGN_ONLY_RANKING,1,10,0,0,D09C diagnostic only; mainline must decide
T1_KS_A1-2_B3-4-5,T1,20,KS,Kansas,2022,202022,202201,1-2,3-4-5,2,3,0,22,52657279.29999999,0,0,0,0.0,0.0,0.0,0.041581959916829926,3475,5232,0.003732628919260365,97,98,97,98,0.9897959183673469,0.40598290598290604,0.4097155349021664,3475,5232,2019.88345323741,2018.4306192660551,2021.0,2018.0,2016,2022,2016,2021,2.533471871561401,1.228976506061975,1.4528339713549485,0,0,0,,ELIGIBLE_DESIGN_ONLY_RANKING,1,10,0,0,D09C diagnostic only; mainline must decide
T1_KS_A1-3_B2-4-5,T1,20,KS,Kansas,2022,202022,202201,1-3,2-4-5,2,3,0,22,52657279.29999999,0,0,0,0.0,0.0,0.0,0.025947594284897162,3485,5222,0.0010527927720990339,97,98,97,98,0.9897959183673469,0.40598290598290604,0.40703569875500506,3485,5222,2019.1675753228121,2018.9055917273076,2019.0,2019.0,2016,2022,2016,2022,2.1904274579997858,1.8436521345346641,0.26198359550448913,0,0,0,,ELIGIBLE_DESIGN_ONLY_RANKING,1,4,0,0,D09C diagnostic only; mainline must decide
T1_KS_A1-4_B2-3-5,T1,20,KS,Kansas,2022,202022,202201,1-4,2-3-5,2,3,0,22,52657279.29999999,0,0,0,0.0,0.0,0.0,0.026636119985057476,3485,5222,0.0010527927720990339,98,97,97,98,0.9897959183673469,0.4273504273504273,0.4284032201225263,3485,5222,2019.9007173601149,2018.4163155878973,2020.0,2018.0,2018,2022,2016,2022,1.4837087191622023,2.0681239196442327,1.4844017722175522,0,0,0,,ELIGIBLE_DESIGN_ONLY_RANKING,1,5,0,0,D09C diagnostic only; mainline must decide
T1_KS_A1-5_B2-3-4,T1,20,KS,Kansas,2022,202022,202201,1-5,2-3-4,2,3,0,22,52657279.29999999,0,0,0,0.0,0.0,0.0,0.021923121466159268,3473,5234,0.0046897132575322974,97,98,97,98,0.9897959183673469,0.40598290598290604,0.41067261924043835,3473,5234,2020.5202994529225,2018.008597630875,2021.0,2018.0,2019,2022,2016,2022,0.914366090846625,1.8818844872910536,2.511701822047371,0,0,0,,ELIGIBLE_DESIGN_ONLY_RANKING,1,2,0,0,D09C diagnostic only; mainline must decide
T1_KS_A2-3_B1-4-5,T1,20,KS,Kansas,2022,202022,202201,2-3,1-4-5,2,3,0,22,52657279.29999999,0,0,0,0.0,0.0,0.0,0.02074937907024419,3486,5221,0.001531334941235065,97,98,97,98,0.9897959183673469,0.40598290598290604,0.4075142409241411,3486,5221,2017.7567412507171,2019.8475387856734,2017.0,2020.0,2016,2022,2018,2022,2.2305892563604295,1.2478825647017315,2.0907975349562093,0,0,0,,ELIGIBLE_DESIGN_ONLY_RANKING,1,1,1,0,D09C diagnostic only; mainline must decide
T1_KS_A2-4_B1-3-5,T1,20,KS,Kansas,2022,202022,202201,2-4,1-3-5,2,3,0,22,52657279.29999999,0,0,0,0.0,0.0,0.0,0.024601349109222462,3486,5221,0.001531334941235065,98,97,97,98,0.9897959183673469,0.4273504273504273,0.42888176229166236,3486,5221,2018.4896729776249,2019.3581689331545,2018.0,2020.0,2016,2022,2016,2022,2.1091539388553295,1.832352093470201,0.8684959555296246,0,0,0,,ELIGIBLE_DESIGN_ONLY_RANKING,1,3,0,0,D09C diagnostic only; mainline must decide
T1_KS_A2-5_B1-3-4,T1,20,KS,Kansas,2022,202022,202201,2-5,1-3-4,2,3,0,22,52657279.29999999,0,0,0,0.0,0.0,0.0,0.029383728904844367,3474,5233,0.004211171088396266,97,98,97,98,0.9897959183673469,0.40598290598290604,0.4101940770713023,3474,5233,2019.1042026482442,2018.9482132619912,2020.0,2018.0,2016,2022,2016,2022,2.1998009648295125,1.8418432149661237,0.15598938625294068,0,0,0,,ELIGIBLE_DESIGN_ONLY_RANKING,1,6,0,0,D09C diagnostic only; mainline must decide
T1_KS_A3-4_B1-2-5,T1,20,KS,Kansas,2022,202022,202201,3-4,1-2-5,2,3,0,22,52657279.29999999,0,0,0,0.0,0.0,0.0,0.033802775516013586,3496,5211,0.0063167566325944636,98,97,97,98,0.9897959183673469,0.4273504273504273,0.43366718398302173,3496,5211,2017.7800343249428,2019.8359240069085,2018.0,2020.0,2016,2020,2016,2022,0.9283095525905695,2.089674598639001,2.0558896819657093,0,0,0,,ELIGIBLE_DESIGN_ONLY_RANKING,1,8,0,0,D09C diagnostic only; mainline must decide
T1_KS_A3-5_B1-2-4,T1,20,KS,Kansas,2022,202022,202201,3-5,1-2-4,2,3,0,22,52657279.29999999,0,0,0,0.0,0.0,0.0,0.03524674355456058,3484,5223,0.0005742506029631331,97,98,97,98,0.9897959183673469,0.40598290598290604,0.40655715658586916,3484,5223,2018.3903559127439,2019.4240857744592,2019.0,2019.0,2016,2021,2016,2022,1.4529777712913705,2.1888811505479806,1.033729861715301,0,0,0,,ELIGIBLE_DESIGN_ONLY_RANKING,1,9,0,0,D09C diagnostic only; mainline must decide
T1_KS_A4-5_B1-2-3,T1,20,KS,Kansas,2022,202022,202201,4-5,1-2-3,2,3,0,22,52657279.29999999,0,0,0,0.0,0.0,0.0,0.03171261822593627,3484,5223,0.0005742506029631331,97,97,96,98,0.9795918367346939,0.41666666666666663,0.41724091726962975,3484,5223,2019.1237083811711,2018.9349033122726,2019.0,2018.0,2018,2021,2016,2022,0.8086671061552172,2.4852636197602247,0.18880506889854587,0,0,0,,ELIGIBLE_DESIGN_ONLY_RANKING,1,7,0,0,D09C diagnostic only; mainline must decide
T1_KY_A1-2_B3-4-5,T1,21,KY,Kentucky,2022,212022,212201,1-2,3-4-5,2,3,0,29,25860092.060000002,0,0,0,0.0,0.0,0.0,0.11498764646210198,1667,2553,0.020734597156398103,58,60,57,61,0.9344262295081968,0.3813559322033898,0.4020905293597879,1667,2553,2022.0647870425914,2019.4508421464943,2023.0,2019.0,2016,2025,2016,2023,2.621020736186549,1.8689511300624035,2.6139448960971094,0,0,0,,ELIGIBLE_DESIGN_ONLY_RANKING,1,8,0,0,D09C diagnostic only; mainline must decide
T1_KY_A1-3_B2-4-5,T1,21,KY,Kentucky,2022,212022,212201,1-3,2-4-5,2,3,0,29,25860092.060000002,0,0,0,0.0,0.0,0.0,0.11293496500871364,1677,2543,0.010860979462875153,58,61,58,61,0.9508196721311475,0.36414565826330536,0.37500663772618054,1677,2543,2020.0757304710794,2020.7522611089264,2019.0,2021.0,2016,2024,2016,2025,2.729598026803826,2.371805649125599,0.6765306378470086,0,0,0,,ELIGIBLE_DESIGN_ONLY_RANKING,1,7,0,0,D09C diagnostic only; mainline must decide
T1_KY_A1-4_B2-3-5,T1,21,KY,Kentucky,2022,212022,212201,1-4,2-3-5,2,3,0,29,25860092.060000002,0,0,0,0.0,0.0,0.0,0.10735927428401382,1675,2545,0.012835703001579823,59,60,58,61,0.9508196721311475,0.3991596638655462,0.411995366867126,1675,2545,2020.9814925373134,2020.1555992141455,2021.0,2020.0,2017,2024,2016,2025,2.049918591013552,2.7704629400518317,0.8258933231679748,0,0,0,,ELIGIBLE_DESIGN_ONLY_RANKING,1,5,0,0,D09C diagnostic only; mainline must decide
T1_KY_A1-5_B2-3-4,T1,21,KY,Kentucky,2022,212022,212201,1-5,2-3-4,2,3,0,29,25860092.060000002,0,0,0,0.0,0.0,0.0,0.10373404011048691,1676,2544,0.011848341232227487,59,61,59,61,0.9672131147540983,0.3819444444444445,0.393792785676672,1676,2544,2021.829952267303,2019.5963050314465,2022.0,2019.0,2019,2024,2016,2025,1.6362564474737247,2.6400530615932998,2.2336472358565516,0,0,0,,ELIGIBLE_DESIGN_ONLY_RANKING,1,4,0,0,D09C diagnostic only; mainline must decide
T1_KY_A2-3_B1-4-5,T1,21,KY,Kentucky,2022,212022,212201,2-3,1-4-5,2,3,0,29,25860092.060000002,0,0,0,0.0,0.0,0.0,0.08357242950370572,1694,2526,0.005924170616113744,59,60,58,61,0.9508196721311475,0.3991596638655462,0.4050838344816599,1694,2526,2019.651121605667,2021.041567695962,2018.0,2021.0,2016,2025,2017,2024,3.1190981238637163,1.8688308826880802,1.3904460902949722,0,0,0,,ELIGIBLE_DESIGN_ONLY_RANKING,1,1,1,0,D09C diagnostic only; mainline must decide
T1_KY_A2-4_B1-3-5,T1,21,KY,Kentucky,2022,212022,212201,2-4,1-3-5,2,3,0,29,25860092.060000002,0,0,0,0.0,0.0,0.0,0.1160461405251704,1692,2528,0.0039494470774092075,60,59,58,61,0.9508196721311475,0.43417366946778707,0.43812311654519626,1692,2528,2020.547281323877,2020.440664556962,2020.0,2021.0,2016,2025,2016,2024,2.699323950459968,2.429626831181837,0.10661676691506727,0,0,0,,ELIGIBLE_DESIGN_ONLY_RANKING,1,9,0,0,D09C diagnostic only; mainline must decide
T1_KY_A2-5_B1-3-4,T1,21,KY,Kentucky,2022,212022,212201,2-5,1-3-4,2,3,0,29,25860092.060000002,0,0,0,0.0,0.0,0.0,0.10298895296692562,1693,2527,0.004936808846761408,60,60,59,61,0.9672131147540983,0.4166666666666667,0.4216034755134281,1693,2527,2021.3874778499705,2019.877720617333,2022.0,2020.0,2016,2025,2016,2024,2.5518053835231793,2.347588145154496,1.5097572326376394,0,0,0,,ELIGIBLE_DESIGN_ONLY_RANKING,1,3,0,0,D09C diagnostic only; mainline must decide
T1_KY_A3-4_B1-2-5,T1,21,KY,Kentucky,2022,212022,212201,3-4,1-2-5,2,3,0,29,25860092.060000002,0,0,0,0.0,0.0,0.0,0.11789430397101615,1702,2518,0.013823064770932024,60,60,59,61,0.9672131147540983,0.4166666666666667,0.4304897314375987,1702,2518,2018.596357226792,2021.7589356632247,2018.0,2022.0,2016,2022,2016,2025,1.4178872042340653,2.3306932633092368,3.1625784364327956,0,0,0,,ELIGIBLE_DESIGN_ONLY_RANKING,1,10,0,0,D09C diagnostic only; mainline must decide
T1_KY_A3-5_B1-2-4,T1,21,KY,Kentucky,2022,212022,212201,3-5,1-2-4,2,3,0,29,25860092.060000002,0,0,0,0.0,0.0,0.0,0.09968286001234747,1703,2517,0.01481042654028436,59,60,58,61,0.9508196721311475,0.3991596638655462,0.41397009040583055,1703,2517,2019.4327657075748,2021.1942789034565,2019.0,2021.0,2016,2023,2016,2025,2.1234037584631746,2.5549600764266844,1.7615131958816619,0,0,0,,ELIGIBLE_DESIGN_ONLY_RANKING,1,2,0,0,D09C diagnostic only; mainline must decide
T1_KY_A4-5_B1-2-3,T1,21,KY,Kentucky,2022,212022,212201,4-5,1-2-3,2,3,0,29,25860092.060000002,0,0,0,0.0,0.0,0.0,0.11168068058265745,1701,2519,0.012835703001579823,60,59,58,61,0.9508196721311475,0.43417366946778707,0.4470093724693669,1701,2519,2020.3239271017048,2020.591107582374,2020.0,2021.0,2017,2023,2016,2025,1.570784024350038,3.0211618473365336,0.2671804806691398,0,0,0,,ELIGIBLE_DESIGN_ONLY_RANKING,1,6,0,0,D09C diagnostic only; mainline must decide
T1_LA_A1-2_B3-4-5,T1,22,LA,Louisiana,2022,222022,222201,1-2,3-4-5,2,3,0,26,33520164.38000001,0,0,0,0.0,0.0,0.0,0.07959088217576436,2135,3232,0.009160921681883042,76,75,75,76,0.9868421052631579,0.43046357615894043,0.43962449784082347,2135,3232,2019.3550351288056,2020.3579826732673,2019.0,2020.0,2016,2023,2016,2024,2.436531113507026,1.9494393679419384,1.0029475444616764,0,0,0,,ELIGIBLE_DESIGN_ONLY_RANKING,1,4,0,0,D09C diagnostic only; mainline must decide
T1_LA_A1-3_B2-4-5,T1,22,LA,Louisiana,2022,222022,222201,1-3,2-4-5,2,3,0,26,33520164.38000001,0,0,0,0.0,0.0,0.0,0.08342694124100222,2139,3228,0.0060555245015837525,75,76,75,76,0.9868421052631579,0.402869757174393,0.40892528167597675,2139,3228,2019.671809256662,2020.1493184634448,2019.0,2020.0,2016,2024,2016,2023,2.6564789304353464,1.8344927502286108,0.47750920678277,0,0,0,,ELIGIBLE_DESIGN_ONLY_RANKING,1,5,0,0,D09C diagnostic only; mainline must decide
T1_LA_A1-4_B2-3-5,T1,22,LA,Louisiana,2022,222022,222201,1-4,2-3-5,2,3,0,26,33520164.38000001,0,0,0,0.0,0.0,0.0,0.08344067835666857,2130,3237,0.013042668157257312,75,76,75,76,0.9868421052631579,0.402869757174393,0.4159124253316503,2130,3237,2017.7802816901408,2021.3926475131295,2018.0,2022.0,2016,2022,2018,2024,1.2929646372986379,1.352325403120398,3.6123658229887496,0,0,0,,ELIGIBLE_DESIGN_ONLY_RANKING,1,6,0,0,D09C diagnostic only; mainline must decide
T1_LA_A1-5_B2-3-4,T1,22,LA,Louisiana,2022,222022,222201,1-5,2-3-4,2,3,0,26,33520164.38000001,0,0,0,0.0,0.0,0.0,0.0659984346952714,2128,3239,0.014595366747407064,75,75,74,76,0.9736842105263158,0.4166666666666667,0.43126203341407376,2128,3239,2018.9154135338347,2020.6446434084594,2019.0,2021.0,2016,2023,2016,2024,2.0435749574044086,2.0432313846931107,1.729229874624707,0,0,0,,ELIGIBLE_DESIGN_ONLY_RANKING,1,3,0,0,D09C diagnostic only; mainline must decide
T1_LA_A2-3_B1-4-5,T1,22,LA,Louisiana,2022,222022,222201,2-3,1-4-5,2,3,0,26,33520164.38000001,0,0,0,0.0,0.0,0.0,0.09610278781008871,2164,3203,0.013353207875287177,75,75,74,76,0.9736842105263158,0.4166666666666667,0.43001987454195384,2164,3203,2021.7795748613678,2018.729004058695,2022.0,2019.0,2018,2024,2016,2023,1.237392679025012,1.8459381547404445,3.050570802672837,0,0,0,,ELIGIBLE_DESIGN_ONLY_RANKING,1,9,0,0,D09C diagnostic only; mainline must decide
T1_LA_A2-4_B1-3-5,T1,22,LA,Louisiana,2022,222022,222201,2-4,1-3-5,2,3,0,26,33520164.38000001,0,0,0,0.0,0.0,0.0,0.056579441234285766,2155,3212,0.0063660642196136175,75,75,74,76,0.9736842105263158,0.4166666666666667,0.4230327308862803,2155,3212,2019.9187935034802,2019.98599003736,2020.0,2020.0,2016,2023,2016,2024,2.031185471868015,2.3243909702645817,0.06719653387972357,0,0,0,,ELIGIBLE_DESIGN_ONLY_RANKING,1,1,1,0,D09C diagnostic only; mainline must decide
T1_LA_A2-5_B1-3-4,T1,22,LA,Louisiana,2022,222022,222201,2-5,1-3-4,2,3,0,26,33520164.38000001,0,0,0,0.0,0.0,0.0,0.09268339400576087,2153,3214,0.004813365629464079,76,75,75,76,0.9868421052631579,0.43046357615894043,0.43527694178840454,2153,3214,2021.0427310729215,2019.23304293715,2021.0,2019.0,2018,2023,2016,2024,1.3448353538083382,2.37520460173784,1.8096881357714665,0,0,0,,ELIGIBLE_DESIGN_ONLY_RANKING,1,8,0,0,D09C diagnostic only; mainline must decide
T1_LA_A3-4_B1-2-5,T1,22,LA,Louisiana,2022,222022,222201,3-4,1-2-5,2,3,0,26,33520164.38000001,0,0,0,0.0,0.0,0.0,0.08768764736409392,2159,3208,0.009471461399913119,74,76,74,76,0.9736842105263158,0.38888888888888895,0.39836035028880207,2159,3208,2020.2315886984716,2019.775561097257,2020.0,2020.0,2016,2024,2016,2023,2.210662263143946,2.1932233974739064,0.4560276012146005,0,0,0,,ELIGIBLE_DESIGN_ONLY_RANKING,1,7,0,0,D09C diagnostic only; mainline must decide
T1_LA_A3-5_B1-2-4,T1,22,LA,Louisiana,2022,222022,222201,3-5,1-2-4,2,3,0,26,33520164.38000001,0,0,0,0.0,0.0,0.0,0.05707281596931967,2157,3210,0.007918762809763369,75,76,75,76,0.9868421052631579,0.402869757174393,0.4107885199841564,2157,3210,2021.353732035234,2019.0218068535826,2022.0,2019.0,2018,2024,2016,2023,1.3690696801167614,2.1752792179371276,2.3319251816515134,0,0,0,,ELIGIBLE_DESIGN_ONLY_RANKING,1,2,0,0,D09C diagnostic only; mainline must decide
T1_LA_A4-5_B1-2-3,T1,22,LA,Louisiana,2022,222022,222201,4-5,1-2-3,2,3,0,26,33520164.38000001,0,0,0,0.0,0.0,0.0,0.09841911430816976,2148,3219,0.000931619154089808,75,76,75,76,0.9868421052631579,0.402869757174393,0.4038013763284828,2148,3219,2019.4851024208567,2020.2752407579994,2020.0,2021.0,2016,2023,2016,2024,1.6939195455686584,2.4474677549589647,0.7901383371427073,0,0,0,,ELIGIBLE_DESIGN_ONLY_RANKING,1,10,0,0,D09C diagnostic only; mainline must decide
T1_ME_A1-2_B3-4-5,T1,23,ME,Maine,2022,232022,232201,1-2,3-4-5,2,3,0,63,21199748.699999996,0,0,0,0.0,0.0,0.0,0.17630460238182236,1409,2103,0.0049829157175398636,50,51,50,51,0.9803921568627451,0.39603960396039606,0.4010225196779359,1409,2103,2019.484031227821,2020.30242510699,2020.0,2021.0,2018,2020,2017,2022,0.5408659819102759,1.6967615698461944,0.8183938791689798,0,0,0,,ELIGIBLE_DESIGN_ONLY_RANKING,1,6,0,0,D09C diagnostic only; mainline must decide
T1_ME_A1-3_B2-4-5,T1,23,ME,Maine,2022,232022,232201,1-3,2-4-5,2,3,0,63,21199748.699999996,0,0,0,0.0,0.0,0.0,0.20003907751553748,1398,2114,0.00806757782839782,50,51,50,51,0.9803921568627451,0.39603960396039606,0.4041071817887939,1398,2114,2019.9649499284692,2019.9801324503312,2020.0,2020.0,2018,2021,2017,2022,1.0227486042934029,1.6231823811737005,0.015182521862016074,0,0,0,,ELIGIBLE_DESIGN_ONLY_RANKING,1,10,0,0,D09C diagnostic only; mainline must decide
T1_ME_A1-4_B2-3-5,T1,23,ME,Maine,2022,232022,232201,1-4,2-3-5,2,3,0,63,21199748.699999996,0,0,0,0.0,0.0,0.0,0.17283153297107992,1394,2118,0.012813211845102507,50,50,49,51,0.9607843137254902,0.41666666666666663,0.42947987851176916,1394,2118,2020.4634146341464,2019.652030217186,2021.0,2020.0,2018,2022,2017,2021,1.5172220587475733,1.2425586288708619,0.8113844169604363,0,0,0,,ELIGIBLE_DESIGN_ONLY_RANKING,1,4,0,0,D09C diagnostic only; mainline must decide
T1_ME_A1-5_B2-3-4,T1,23,ME,Maine,2022,232022,232201,1-5,2-3-4,2,3,0,63,21199748.699999996,0,0,0,0.0,0.0,0.0,0.139007939276686,1399,2113,0.0068811693242217704,49,51,49,51,0.9607843137254902,0.375,0.3818811693242218,1399,2113,2018.471050750536,2020.9692380501656,2018.0,2021.0,2017,2019,2019,2022,0.5092685681766528,0.8179451784752406,2.498187299629535,0,0,0,,ELIGIBLE_DESIGN_ONLY_RANKING,1,1,1,0,D09C diagnostic only; mainline must decide
T1_ME_A2-3_B1-4-5,T1,23,ME,Maine,2022,232022,232201,2-3,1-4-5,2,3,0,63,21199748.699999996,0,0,0,0.0,0.0,0.0,0.19145450320131582,1415,2097,0.012101366742596811,49,50,48,51,0.9411764705882353,0.39562289562289554,0.40772426236549236,1415,2097,2020.4777385159011,2019.634239389604,2020.0,2019.0,2019,2021,2017,2022,0.5010941093256911,1.7021065770202244,0.843499126297047,0,0,0,,ELIGIBLE_DESIGN_ONLY_RANKING,1,9,0,0,D09C diagnostic only; mainline must decide
T1_ME_A2-4_B1-3-5,T1,23,ME,Maine,2022,232022,232201,2-4,1-3-5,2,3,0,63,21199748.699999996,0,0,0,0.0,0.0,0.0,0.1788397216200649,1411,2101,0.007355732725892125,51,50,50,51,0.9803921568627451,0.43729372937293726,0.4446494620988294,1411,2101,2020.9716513111268,2019.3041408852928,2020.0,2019.0,2019,2022,2017,2021,0.992477397582846,1.2521703014971273,1.6675104258340525,0,0,0,,ELIGIBLE_DESIGN_ONLY_RANKING,1,8,0,0,D09C diagnostic only; mainline must decide
T1_ME_A2-5_B1-3-4,T1,23,ME,Maine,2022,232022,232201,2-5,1-3-4,2,3,0,63,21199748.699999996,0,0,0,0.0,0.0,0.0,0.17446541281010905,1416,2096,0.013287775246773024,50,51,50,51,0.9803921568627451,0.39603960396039606,0.4093273792071691,1416,2096,2019.0014124293784,2020.6312022900763,2020.0,2021.0,2017,2020,2018,2022,1.0073921743951957,1.26414089616621,1.6297898606978833,0,0,0,,ELIGIBLE_DESIGN_ONLY_RANKING,1,5,0,0,D09C diagnostic only; mainline must decide
T1_ME_A3-4_B1-2-5,T1,23,ME,Maine,2022,232022,232201,3-4,1-2-5,2,3,0,63,21199748.699999996,0,0,0,0.0,0.0,0.0,0.14837920967513504,1400,2112,0.0056947608200455585,50,50,49,51,0.9607843137254902,0.41666666666666663,0.4223614274867122,1400,2112,2021.4635714285714,2018.9867424242425,2021.0,2019.0,2020,2022,2017,2020,0.5334702651915678,0.8332357148226913,2.47682900432892,0,0,0,,ELIGIBLE_DESIGN_ONLY_RANKING,1,2,0,0,D09C diagnostic only; mainline must decide
T1_ME_A3-5_B1-2-4,T1,23,ME,Maine,2022,232022,232201,3-5,1-2-4,2,3,0,63,21199748.699999996,0,0,0,0.0,0.0,0.0,0.16133316813086118,1405,2107,0.00023728170083517765,50,51,50,51,0.9803921568627451,0.39603960396039606,0.39627688566123126,1405,2107,2019.47615658363,2020.3061224489795,2018.0,2020.0,2017,2021,2018,2022,1.495113418777406,1.253589531842005,0.8299658653495499,0,0,0,,ELIGIBLE_DESIGN_ONLY_RANKING,1,3,0,0,D09C diagnostic only; mainline must decide
T1_ME_A4-5_B1-2-3,T1,23,ME,Maine,2022,232022,232201,4-5,1-2-3,2,3,0,63,21199748.699999996,0,0,0,0.0,0.0,0.0,0.17865626676789412,1401,2111,0.0045083523158693465,50,50,49,51,0.9607843137254902,0.41666666666666663,0.42117501898253595,1401,2111,2019.9707351891507,2019.9763145428706,2018.0,2020.0,2017,2022,2018,2021,1.9938835298330269,0.8326329298091822,0.005579353719895153,0,0,0,,ELIGIBLE_DESIGN_ONLY_RANKING,1,7,0,0,D09C diagnostic only; mainline must decide
T1_MD_A1-2_B3-4-5,T1,24,MD,Maryland,2022,242022,242201,1-2,3-4-5,2,3,0,25,6690526.999999997,0,0,0,0.0,0.0,0.0,0.19407386215022776,384,585,0.01547987616099071,23,24,22,25,0.88,0.3723404255319149,0.3878203016929056,384,585,2020.0703125,2018.4153846153847,2021.0,2018.0,2016,2023,2016,2021,2.6050270554314836,1.2289749170266724,1.6549278846152902,0,0,0,,ELIGIBLE_DESIGN_ONLY_RANKING,1,2,0,0,D09C diagnostic only; mainline must decide
T1_MD_A1-3_B2-4-5,T1,24,MD,Maryland,2022,242022,242201,1-3,2-4-5,2,3,0,25,6690526.999999997,0,0,0,0.0,0.0,0.0,0.2604639782070176,392,577,0.01891984864121082,24,24,23,25,0.92,0.4166666666666667,0.4355865153078775,392,577,2019.2219387755101,2018.9688041594454,2018.0,2019.0,2016,2023,2016,2023,2.266000976590587,1.9064212012693669,0.253134616064699,0,0,0,,ELIGIBLE_DESIGN_ONLY_RANKING,1,10,0,0,D09C diagnostic only; mainline must decide
T1_MD_A1-4_B2-3-5,T1,24,MD,Maryland,2022,242022,242201,1-4,2-3-5,2,3,0,25,6690526.999999997,0,0,0,0.0,0.0,0.0,0.21843590428682144,388,581,0.001719986240110128,24,23,22,25,0.88,0.4609929078014184,0.4627128940415285,388,581,2019.9355670103093,2018.4939759036145,2019.5,2018.0,2018,2023,2016,2023,1.6069850558291519,2.1307392741935316,1.4415911066948865,0,0,0,,ELIGIBLE_DESIGN_ONLY_RANKING,1,5,0,0,D09C diagnostic only; mainline must decide
T1_MD_A1-5_B2-3-4,T1,24,MD,Maryland,2022,242022,242201,1-5,2-3-4,2,3,0,25,6690526.999999997,0,0,0,0.0,0.0,0.0,0.19689851728975827,381,588,0.028379772961816305,24,24,23,25,0.92,0.4166666666666667,0.445046439628483,381,588,2020.6299212598426,2018.061224489796,2021.0,2018.0,2019,2023,2016,2023,1.006320679293209,1.9384902177482175,2.5686967700466994,0,0,0,,ELIGIBLE_DESIGN_ONLY_RANKING,1,3,0,0,D09C diagnostic only; mainline must decide
T1_MD_A2-3_B1-4-5,T1,24,MD,Maryland,2022,242022,242201,2-3,1-4-5,2,3,0,25,6690526.999999997,0,0,0,0.0,0.0,0.0,0.20977084896882467,392,577,0.01891984864121082,23,25,23,25,0.92,0.32986111111111105,0.3487809597523219,392,577,2017.8673469387754,2019.8890814558058,2017.0,2020.0,2016,2023,2018,2023,2.322525105685172,1.3520183042731129,2.0217345170303815,0,0,0,,ELIGIBLE_DESIGN_ONLY_RANKING,1,4,0,0,D09C diagnostic only; mainline must decide
T1_MD_A2-4_B1-3-5,T1,24,MD,Maryland,2022,242022,242201,2-4,1-3-5,2,3,0,25,6690526.999999997,0,0,0,0.0,0.0,0.0,0.22998431271241415,388,581,0.001719986240110128,23,24,22,25,0.88,0.3723404255319149,0.374060411772025,388,581,2018.5670103092784,2019.407917383821,2018.0,2020.0,2016,2023,2016,2023,2.187146933904478,1.9029575801324339,0.8409070745426561,0,0,0,,ELIGIBLE_DESIGN_ONLY_RANKING,1,6,0,0,D09C diagnostic only; mainline must decide
T1_MD_A2-5_B1-3-4,T1,24,MD,Maryland,2022,242022,242201,2-5,1-3-4,2,3,0,25,6690526.999999997,0,0,0,0.0,0.0,0.0,0.23585018115446207,381,588,0.028379772961816305,23,25,23,25,0.92,0.32986111111111105,0.35824088407292737,381,588,2019.236220472441,2018.9642857142858,2020.0,2018.0,2016,2023,2016,2023,2.2715286746341197,1.9085792141525224,0.2719347581551119,0,0,0,,ELIGIBLE_DESIGN_ONLY_RANKING,1,7,0,0,D09C diagnostic only; mainline must decide
T1_MD_A3-4_B1-2-5,T1,24,MD,Maryland,2022,242022,242201,3-4,1-2-5,2,3,0,25,6690526.999999997,0,0,0,0.0,0.0,0.0,0.19179540109647428,396,573,0.03611971104231166,24,24,23,25,0.92,0.4166666666666667,0.45278637770897834,396,573,2017.7575757575758,2019.9790575916231,2018.0,2020.0,2016,2020,2016,2023,0.8725450519394294,2.156365066292106,2.221481834047381,0,0,0,,ELIGIBLE_DESIGN_ONLY_RANKING,1,1,1,0,D09C diagnostic only; mainline must decide
T1_MD_A3-5_B1-2-4,T1,24,MD,Maryland,2022,242022,242201,3-5,1-2-4,2,3,0,25,6690526.999999997,0,0,0,0.0,0.0,0.0,0.24594238096557056,389,580,0.0060199518403852275,23,24,22,25,0.88,0.3723404255319149,0.3783603773723001,389,580,2018.3984575835475,2019.5224137931034,2018.0,2019.0,2016,2021,2016,2023,1.4619213760203658,2.273489409356323,1.1239562095558995,0,0,0,,ELIGIBLE_DESIGN_ONLY_RANKING,1,8,0,0,D09C diagnostic only; mainline must decide
T1_MD_A4-5_B1-2-3,T1,24,MD,Maryland,2022,242022,242201,4-5,1-2-3,2,3,0,25,6690526.999999997,0,0,0,0.0,0.0,0.0,0.2556901802498805,385,584,0.011179910560715465,24,24,23,25,0.92,0.4166666666666667,0.4278465772273822,385,584,2019.1090909090908,2019.0462328767123,2019.0,2018.0,2018,2021,2016,2023,0.8499665768829865,2.565689871193259,0.06285803237847176,0,0,0,,ELIGIBLE_DESIGN_ONLY_RANKING,1,9,0,0,D09C diagnostic only; mainline must decide
T1_MA_A1-2_B3-4-5,T1,25,MA,Massachusetts,2022,252022,252201,1-2,3-4-5,2,3,0,10,5288557.5,0,0,0,0.0,0.0,0.0,0.20294781687619193,311,476,0.020118593816179524,20,21,20,21,0.9523809523809523,0.3658536585365854,0.38597225235276494,311,476,2020.1543408360128,2018.7079831932774,2021.0,2019.0,2016,2023,2016,2022,2.5340211827101635,1.3190185058081285,1.4463576427353928,0,0,0,,ELIGIBLE_DESIGN_ONLY_RANKING,1,8,0,0,D09C diagnostic only; mainline must decide
T1_MA_A1-3_B2-4-5,T1,25,MA,Massachusetts,2022,252022,252201,1-3,2-4-5,2,3,0,10,5288557.5,0,0,0,0.0,0.0,0.0,0.17600449659206496,311,476,0.020118593816179524,20,20,19,21,0.9047619047619048,0.41666666666666663,0.43678526048284616,311,476,2019.4308681672026,2019.1806722689075,2021.0,2019.0,2016,2023,2016,2023,2.1910843284038504,1.897622992268818,0.25019589829503275,0,0,0,,ELIGIBLE_DESIGN_ONLY_RANKING,1,5,0,0,D09C diagnostic only; mainline must decide
T1_MA_A1-4_B2-3-5,T1,25,MA,Massachusetts,2022,252022,252201,1-4,2-3-5,2,3,0,10,5288557.5,0,0,0,0.0,0.0,0.0,0.1328965775815184,319,468,0.022236340533672173,21,20,20,21,0.9523809523809523,0.46747967479674796,0.48971601533042014,319,468,2020.062695924765,2018.7457264957266,2020.0,2019.0,2018,2023,2016,2023,1.5405892868132367,2.134022075925749,1.3169694290384086,0,0,0,,ELIGIBLE_DESIGN_ONLY_RANKING,1,2,0,0,D09C diagnostic only; mainline must decide
T1_MA_A1-5_B2-3-4,T1,25,MA,Massachusetts,2022,252022,252201,1-5,2-3-4,2,3,0,10,5288557.5,0,0,0,0.0,0.0,0.0,0.2070642893295912,314,473,0.0042354934349851155,20,21,20,21,0.9523809523809523,0.3658536585365854,0.37008915197157055,314,473,2020.7675159235669,2018.2917547568711,2021.0,2018.0,2019,2023,2016,2023,1.0080009990682681,1.9176576038206339,2.4757611666957473,0,0,0,,ELIGIBLE_DESIGN_ONLY_RANKING,1,9,0,0,D09C diagnostic only; mainline must decide
T1_MA_A2-3_B1-4-5,T1,25,MA,Massachusetts,2022,252022,252201,2-3,1-4-5,2,3,0,10,5288557.5,0,0,0,0.0,0.0,0.0,0.1654663017424228,310,477,0.025412960609911054,20,21,20,21,0.9523809523809523,0.3658536585365854,0.39126661914649646,310,477,2018.0806451612902,2020.0587002096436,2017.0,2020.0,2016,2023,2018,2023,2.2946285038692844,1.3350136074983798,1.9780550483533261,0,0,0,,ELIGIBLE_DESIGN_ONLY_RANKING,1,4,0,0,D09C diagnostic only; mainline must decide
T1_MA_A2-4_B1-3-5,T1,25,MA,Massachusetts,2022,252022,252201,2-4,1-3-5,2,3,0,10,5288557.5,0,0,0,0.0,0.0,0.0,0.07231339356637613,318,469,0.016941973739940643,20,20,19,21,0.9047619047619048,0.41666666666666663,0.4336086404066073,318,469,2018.748427672956,2019.639658848614,2019.0,2020.0,2016,2023,2016,2023,2.1297607379107135,1.8617278674924047,0.8912311756580493,0,0,0,,ELIGIBLE_DESIGN_ONLY_RANKING,1,1,1,0,D09C diagnostic only; mainline must decide
T1_MA_A2-5_B1-3-4,T1,25,MA,Massachusetts,2022,252022,252201,2-5,1-3-4,2,3,0,10,5288557.5,0,0,0,0.0,0.0,0.0,0.1764156346945956,313,474,0.009529860228716646,19,21,19,21,0.9047619047619048,0.3125,0.32202986022871666,313,474,2019.4345047923323,2019.1772151898733,2020.0,2019.0,2016,2023,2016,2023,2.2524255787833987,1.8478682787424903,0.25728960245896815,0,0,0,,ELIGIBLE_DESIGN_ONLY_RANKING,1,6,0,0,D09C diagnostic only; mainline must decide
T1_MA_A3-4_B1-2-5,T1,25,MA,Massachusetts,2022,252022,252201,3-4,1-2-5,2,3,0,10,5288557.5,0,0,0,0.0,0.0,0.0,0.2564037313296072,318,469,0.016941973739940643,21,20,20,21,0.9523809523809523,0.46747967479674796,0.4844216485366886,318,469,2018.0408805031448,2020.1194029850747,2018.0,2021.0,2016,2020,2016,2023,0.9832485805555047,2.110876105651365,2.0785224819298946,0,0,0,,ELIGIBLE_DESIGN_ONLY_RANKING,1,10,0,0,D09C diagnostic only; mainline must decide
T1_MA_A3-5_B1-2-4,T1,25,MA,Massachusetts,2022,252022,252201,3-5,1-2-4,2,3,0,10,5288557.5,0,0,0,0.0,0.0,0.0,0.14945794960754055,313,474,0.009529860228716646,20,21,20,21,0.9523809523809523,0.3658536585365854,0.37538351876530207,313,474,2018.7156549520766,2019.6518987341772,2019.0,2020.0,2016,2022,2016,2023,1.5583658546601278,2.199155753415051,0.9362437821005187,0,0,0,,ELIGIBLE_DESIGN_ONLY_RANKING,1,3,0,0,D09C diagnostic only; mainline must decide
T1_MA_A4-5_B1-2-3,T1,25,MA,Massachusetts,2022,252022,252201,4-5,1-2-3,2,3,0,10,5288557.5,0,0,0,0.0,0.0,0.0,0.1783999146613127,321,466,0.03282507412113505,20,20,19,21,0.9047619047619048,0.41666666666666663,0.4494917407878017,321,466,2019.361370716511,2019.2231759656652,2019.0,2019.0,2018,2022,2016,2023,0.9843795585366437,2.4959277369135164,0.1381947508457415,0,0,0,,ELIGIBLE_DESIGN_ONLY_RANKING,1,7,0,0,D09C diagnostic only; mainline must decide
T1_MI_A1-2_B3-4-5,T1,26,MI,Michigan,2022,262022,262201,1-2,3-4-5,2,3,0,57,37385029.89999999,0,0,0,0.0,0.0,0.0,0.13080609879806915,2632,3937,0.0027908864870351217,99,100,97,102,0.9509803921568627,0.4061976549413735,0.4089885414284086,2632,3937,2019.7731762917933,2018.2791465582932,2021.0,2018.0,2015,2022,2015,2021,2.5776858916009333,1.2573178006932084,1.494029733500156,0,0,0,,ELIGIBLE_DESIGN_ONLY_RANKING,1,5,0,0,D09C diagnostic only; mainline must decide
T1_MI_A1-3_B2-4-5,T1,26,MI,Michigan,2022,262022,262201,1-3,2-4-5,2,3,0,57,37385029.89999999,0,0,0,0.0,0.0,0.0,0.11667861619101626,2619,3950,0.005454914497386773,97,102,97,102,0.9509803921568627,0.36432160804020103,0.3697765225375878,2619,3950,2019.0011454753724,2018.7959493670885,2018.0,2019.0,2015,2022,2015,2022,2.2190057377830135,1.900775866821484,0.20519610828387158,0,0,0,,ELIGIBLE_DESIGN_ONLY_RANKING,1,1,1,0,D09C diagnostic only; mainline must decide
T1_MI_A1-4_B2-3-5,T1,26,MI,Michigan,2022,262022,262201,1-4,2-3-5,2,3,0,57,37385029.89999999,0,0,0,0.0,0.0,0.0,0.12905097960377104,2640,3929,0.007865225554371486,100,100,98,102,0.9607843137254902,0.41666666666666663,0.4245318922210381,2640,3929,2019.721590909091,2018.310766098244,2019.0,2018.0,2017,2022,2015,2022,1.5261233282746638,2.136838331150393,1.4108248108470889,0,0,0,,ELIGIBLE_DESIGN_ONLY_RANKING,1,4,0,0,D09C diagnostic only; mainline must decide
T1_MI_A1-5_B2-3-4,T1,26,MI,Michigan,2022,262022,262201,1-5,2-3-4,2,3,0,57,37385029.89999999,0,0,0,0.0,0.0,0.0,0.1454869313720776,2551,4018,0.04858679656974674,96,101,95,102,0.9313725490196079,0.3637901861252116,0.4123769826949583,2551,4018,2020.4170913367307,2017.9004479840717,2020.0,2018.0,2018,2022,2015,2022,0.9588012977239211,1.9322724115788734,2.5166433526590026,0,0,0,,ELIGIBLE_DESIGN_ONLY_RANKING,1,9,0,0,D09C diagnostic only; mainline must decide
T1_MI_A2-3_B1-4-5,T1,26,MI,Michigan,2022,262022,262201,2-3,1-4-5,2,3,0,57,37385029.89999999,0,0,0,0.0,0.0,0.0,0.1483254184028289,2669,3900,0.02625970467346628,98,100,96,102,0.9411764705882353,0.39562289562289554,0.4218826002963618,2669,3900,2017.6751592356688,2019.7007692307693,2017.0,2020.0,2015,2022,2017,2022,2.3059927027907423,1.2947105376605368,2.025609995100467,0,0,0,,ELIGIBLE_DESIGN_ONLY_RANKING,1,10,0,0,D09C diagnostic only; mainline must decide
T1_MI_A2-4_B1-3-5,T1,26,MI,Michigan,2022,262022,262201,2-4,1-3-5,2,3,0,57,37385029.89999999,0,0,0,0.0,0.0,0.0,0.11674220071075249,2690,3879,0.03957984472522454,101,98,97,102,0.9509803921568627,0.44807370184254613,0.48765354656777066,2690,3879,2018.3925650557621,2019.214230471771,2018.0,2020.0,2015,2022,2015,2022,2.1568688051056326,1.8756449451530104,0.8216654160089547,0,0,0,,ELIGIBLE_DESIGN_ONLY_RANKING,1,2,0,0,D09C diagnostic only; mainline must decide
T1_MI_A2-5_B1-3-4,T1,26,MI,Michigan,2022,262022,262201,2-5,1-3-4,2,3,0,57,37385029.89999999,0,0,0,0.0,0.0,0.0,0.13101580873486476,2601,3968,0.016872177398893854,100,101,99,102,0.9705882352941176,0.406301824212272,0.42317400161116586,2601,3968,2019.0292195309496,2018.7784778225807,2020.0,2018.0,2015,2022,2015,2022,2.2740830202394706,1.8570193316431556,0.2507417083688779,0,0,0,,ELIGIBLE_DESIGN_ONLY_RANKING,1,6,0,0,D09C diagnostic only; mainline must decide
T1_MI_A3-4_B1-2-5,T1,26,MI,Michigan,2022,262022,262201,3-4,1-2-5,2,3,0,57,37385029.89999999,0,0,0,0.0,0.0,0.0,0.13235319440859336,2677,3892,0.03133404374080282,98,100,96,102,0.9411764705882353,0.39562289562289554,0.4269569393636984,2677,3892,2017.6305565932014,2019.7356115107914,2018.0,2020.0,2015,2019,2015,2022,0.9306322630726905,2.1435830763449726,2.105054917589996,0,0,0,,ELIGIBLE_DESIGN_ONLY_RANKING,1,7,0,0,D09C diagnostic only; mainline must decide
T1_MI_A3-5_B1-2-4,T1,26,MI,Michigan,2022,262022,262201,3-5,1-2-4,2,3,0,57,37385029.89999999,0,0,0,0.0,0.0,0.0,0.12494233539398848,2588,3981,0.025117978383315573,97,102,97,102,0.9509803921568627,0.36432160804020103,0.3894395864235166,2588,3981,2018.2442040185472,2019.2896257221803,2018.0,2019.0,2015,2021,2015,2022,1.4980547959720658,2.2250888719378423,1.0454217036331102,0,0,0,,ELIGIBLE_DESIGN_ONLY_RANKING,1,3,0,0,D09C diagnostic only; mainline must decide
T1_MI_A4-5_B1-2-3,T1,26,MI,Michigan,2022,262022,262201,4-5,1-2-3,2,3,0,57,37385029.89999999,0,0,0,0.0,0.0,0.0,0.13433574505012585,2609,3960,0.011797838331557314,99,99,96,102,0.9411764705882353,0.41666666666666663,0.42846450499822397,2609,3960,2018.9793024147182,2018.8108585858586,2019.0,2018.0,2017,2021,2015,2022,0.8564269678291285,2.526311807062557,0.1684438288596084,0,0,0,,ELIGIBLE_DESIGN_ONLY_RANKING,1,8,0,0,D09C diagnostic only; mainline must decide
T1_MN_A1-2_B3-4-5,T1,27,MN,Minnesota,2022,272022,272201,1-2,3-4-5,2,3,0,57,54010347.699999996,0,0,0,0.0,0.0,0.0,0.06408452886540719,7042,10485,0.007417127859873338,113,113,113,113,1.0,0.4166666666666667,0.42408379452654005,7042,10485,2019.3957682476569,2020.2253695755842,2019.0,2021.0,2018,2021,2017,2022,0.5901229707003809,1.7425497291758316,0.8296013279273211,0,0,0,,ELIGIBLE_DESIGN_ONLY_RANKING,1,7,0,0,D09C diagnostic only; mainline must decide
T1_MN_A1-3_B2-4-5,T1,27,MN,Minnesota,2022,272022,272201,1-3,2-4-5,2,3,0,57,54010347.699999996,0,0,0,0.0,0.0,0.0,0.06756442517473797,7010,10517,0.00019018276563773467,113,113,113,113,1.0,0.4166666666666667,0.41685684943230444,7010,10517,2019.8968616262482,2019.888846629267,2019.0,2020.0,2018,2021,2017,2022,1.050611854951307,1.6734411431441538,0.008014996981273725,0,0,0,,ELIGIBLE_DESIGN_ONLY_RANKING,1,9,0,0,D09C diagnostic only; mainline must decide
T1_MN_A1-4_B2-3-5,T1,27,MN,Minnesota,2022,272022,272201,1-4,2-3-5,2,3,0,57,54010347.699999996,0,0,0,0.0,0.0,0.0,0.0574658350000292,6981,10546,0.00708430802000727,113,113,113,113,1.0,0.4166666666666667,0.42375097468667394,6981,10546,2020.3966480446927,2019.5580314811302,2019.0,2020.0,2018,2022,2017,2021,1.543202191377919,1.2922420422784515,0.838616563562482,0,0,0,,ELIGIBLE_DESIGN_ONLY_RANKING,1,4,0,0,D09C diagnostic only; mainline must decide
T1_MN_A1-5_B2-3-4,T1,27,MN,Minnesota,2022,272022,272201,1-5,2-3-4,2,3,0,57,54010347.699999996,0,0,0,0.0,0.0,0.0,0.0605252473905094,7069,10458,0.013835796200148342,113,113,113,113,1.0,0.4166666666666667,0.43050246286681504,7069,10458,2018.391427358891,2020.9063874545802,2018.0,2021.0,2017,2019,2019,2022,0.5897061340652293,0.8773582038195742,2.5149600956892755,0,0,0,,ELIGIBLE_DESIGN_ONLY_RANKING,1,5,0,0,D09C diagnostic only; mainline must decide
T1_MN_A2-3_B1-4-5,T1,27,MN,Minnesota,2022,272022,272201,2-3,1-4-5,2,3,0,57,54010347.699999996,0,0,0,0.0,0.0,0.0,0.05046633339744854,7002,10525,0.0020920104220156,113,113,113,113,1.0,0.4166666666666667,0.4187586770886823,7002,10525,2020.4018851756641,2019.5528741092637,2020.0,2019.0,2019,2021,2017,2022,0.5887939777124379,1.736319868428428,0.8490110664004078,0,0,0,,ELIGIBLE_DESIGN_ONLY_RANKING,1,1,1,0,D09C diagnostic only; mainline must decide
T1_MN_A2-4_B1-3-5,T1,27,MN,Minnesota,2022,272022,272201,2-4,1-3-5,2,3,0,57,54010347.699999996,0,0,0,0.0,0.0,0.0,0.07122650574225863,6973,10554,0.008986135676385006,113,113,113,113,1.0,0.4166666666666667,0.4256528023430517,6973,10554,2020.9043453319948,2019.2232328974796,2020.0,2019.0,2019,2022,2017,2021,1.0553526067439174,1.2897361145210215,1.6811124345151711,0,0,0,,ELIGIBLE_DESIGN_ONLY_RANKING,1,10,0,0,D09C diagnostic only; mainline must decide
T1_MN_A2-5_B1-3-4,T1,27,MN,Minnesota,2022,272022,272201,2-5,1-3-4,2,3,0,57,54010347.699999996,0,0,0,0.0,0.0,0.0,0.0564452345016021,7061,10466,0.011933968543770606,113,113,113,113,1.0,0.4166666666666667,0.4286006352104373,7061,10466,2018.8905254213284,2020.5677431683546,2018.0,2021.0,2017,2021,2018,2022,1.0513970303338036,1.2939075915919267,1.677217747026134,0,0,0,,ELIGIBLE_DESIGN_ONLY_RANKING,1,3,0,0,D09C diagnostic only; mainline must decide
T1_MN_A3-4_B1-2-5,T1,27,MN,Minnesota,2022,272022,272201,3-4,1-2-5,2,3,0,57,54010347.699999996,0,0,0,0.0,0.0,0.0,0.06335916150725614,6941,10586,0.01659344630189608,113,113,113,113,1.0,0.4166666666666667,0.43326011296856276,6941,10586,2021.417375018009,2018.8919327413564,2021.0,2019.0,2020,2022,2017,2021,0.577166957104206,0.876738225214018,2.525442276652484,0,0,0,,ELIGIBLE_DESIGN_ONLY_RANKING,1,6,0,0,D09C diagnostic only; mainline must decide
T1_MN_A3-5_B1-2-4,T1,27,MN,Minnesota,2022,272022,272201,3-5,1-2-4,2,3,0,57,54010347.699999996,0,0,0,0.0,0.0,0.0,0.06695935455174858,7029,10498,0.004326657918259404,111,113,111,113,0.9823008849557522,0.3980654761904763,0.4023921341087357,7029,10498,2019.3879641485275,2020.2295675366736,2018.0,2020.0,2017,2021,2018,2022,1.5392337163493364,1.2931231569201673,0.8416033881460407,0,0,0,,ELIGIBLE_DESIGN_ONLY_RANKING,1,8,0,0,D09C diagnostic only; mainline must decide
T1_MN_A4-5_B1-2-3,T1,27,MN,Minnesota,2022,272022,272201,4-5,1-2-3,2,3,0,57,54010347.699999996,0,0,0,0.0,0.0,0.0,0.05348489667986719,7000,10527,0.0025674673361100017,113,113,113,113,1.0,0.4166666666666667,0.4192341340027767,7000,10527,2019.8842857142856,2019.8972166809158,2018.0,2020.0,2017,2022,2018,2021,2.0390624317553407,0.8764005619405307,0.01293096663016513,0,0,0,,ELIGIBLE_DESIGN_ONLY_RANKING,1,2,0,0,D09C diagnostic only; mainline must decide
T1_MS_A1-2_B3-4-5,T1,28,MS,Mississippi,2022,282022,282201,1-2,3-4-5,2,3,0,21,31001949.249999996,0,0,0,0.0,0.0,0.0,0.06519123233810276,2218,3316,0.003312853873027415,70,68,68,70,0.9714285714285714,0.44685990338164244,0.4501727572546699,2218,3316,2021.7330928764652,2019.0382991556091,2022.0,2019.0,2019,2023,2017,2022,0.8334436506684929,0.9710960061516528,2.694793720856069,0,0,0,,ELIGIBLE_DESIGN_ONLY_RANKING,1,3,0,0,D09C diagnostic only; mainline must decide
T1_MS_A1-3_B2-4-5,T1,28,MS,Mississippi,2022,282022,282201,1-3,2-4-5,2,3,0,21,31001949.249999996,0,0,0,0.0,0.0,0.0,0.0668241253090767,2200,3334,0.010239730152993547,69,68,67,70,0.9571428571428572,0.43187347931873477,0.44211320947172833,2200,3334,2019.7718181818182,2020.3470305938813,2021.0,2020.0,2017,2023,2017,2023,1.5506387551618463,1.6055227968512151,0.5752124120631379,0,0,0,,ELIGIBLE_DESIGN_ONLY_RANKING,1,5,0,0,D09C diagnostic only; mainline must decide
T1_MS_A1-4_B2-3-5,T1,28,MS,Mississippi,2022,282022,282201,1-4,2-3-5,2,3,0,21,31001949.249999996,0,0,0,0.0,0.0,0.0,0.07097680041238012,2203,3331,0.00798096614865672,70,69,69,70,0.9857142857142858,0.4316546762589928,0.4396356424076495,2203,3331,2020.0826146164322,2020.1419993995796,2021.0,2020.0,2017,2023,2017,2023,1.3023705313088458,1.782281350407856,0.059384783147379494,0,0,0,,ELIGIBLE_DESIGN_ONLY_RANKING,1,7,0,0,D09C diagnostic only; mainline must decide
T1_MS_A1-5_B2-3-4,T1,28,MS,Mississippi,2022,282022,282201,1-5,2-3-4,2,3,0,21,31001949.249999996,0,0,0,0.0,0.0,0.0,0.07084467132561797,2198,3336,0.0117455728225515,70,69,69,70,0.9857142857142858,0.4316546762589928,0.4434002490815443,2198,3336,2020.4758871701547,2019.882793764988,2021.0,2019.0,2018,2023,2017,2023,0.9176918910651922,1.896985090193617,0.5930934051666554,0,0,0,,ELIGIBLE_DESIGN_ONLY_RANKING,1,6,0,0,D09C diagnostic only; mainline must decide
T1_MS_A2-3_B1-4-5,T1,28,MS,Mississippi,2022,282022,282201,2-3,1-4-5,2,3,0,21,31001949.249999996,0,0,0,0.0,0.0,0.0,0.07523920032497296,2228,3306,0.01084206722081677,69,70,69,70,0.9857142857142858,0.4016786570743406,0.41252072429515735,2228,3306,2020.3285457809695,2019.9767090139142,2020.0,2020.0,2017,2023,2017,2023,2.1004740509193858,1.1442425229415003,0.35183676705537437,0,0,0,,ELIGIBLE_DESIGN_ONLY_RANKING,1,10,0,0,D09C diagnostic only; mainline must decide
T1_MS_A2-4_B1-3-5,T1,28,MS,Mississippi,2022,282022,282201,2-4,1-3-5,2,3,0,21,31001949.249999996,0,0,0,0.0,0.0,0.0,0.06367020125589712,2231,3303,0.013100831225153596,68,70,68,70,0.9714285714285714,0.3864734299516908,0.3995742611768444,2231,3303,2020.6346929627969,2019.769603390857,2020.0,2020.0,2017,2023,2017,2023,1.8357773203227679,1.325981823182149,0.8650895719399614,0,0,0,,ELIGIBLE_DESIGN_ONLY_RANKING,1,2,0,0,D09C diagnostic only; mainline must decide
T1_MS_A2-5_B1-3-4,T1,28,MS,Mississippi,2022,282022,282201,2-5,1-3-4,2,3,0,21,31001949.249999996,0,0,0,0.0,0.0,0.0,0.07428517634449387,2226,3308,0.009336224551258817,68,70,68,70,0.9714285714285714,0.3864734299516908,0.39580965450294964,2226,3308,2021.0242587601078,2019.5087666263603,2020.0,2019.0,2018,2023,2017,2023,1.4497872803213763,1.4110825084777812,1.515492133747557,0,0,0,,ELIGIBLE_DESIGN_ONLY_RANKING,1,9,0,0,D09C diagnostic only; mainline must decide
T1_MS_A3-4_B1-2-5,T1,28,MS,Mississippi,2022,282022,282201,3-4,1-2-5,2,3,0,21,31001949.249999996,0,0,0,0.0,0.0,0.0,0.07398192162576737,2213,3321,0.0004517528008673654,68,70,68,70,0.9714285714285714,0.3864734299516908,0.38692518275255816,2213,3321,2018.6760054225033,2021.0794941282745,2019.0,2021.0,2017,2022,2018,2023,0.8855622870052008,1.2162322758568753,2.403488705771224,0,0,0,,ELIGIBLE_DESIGN_ONLY_RANKING,1,8,0,0,D09C diagnostic only; mainline must decide
T1_MS_A3-5_B1-2-4,T1,28,MS,Mississippi,2022,282022,282201,3-5,1-2-4,2,3,0,21,31001949.249999996,0,0,0,0.0,0.0,0.0,0.06552827215126895,2208,3326,0.004216359474762146,68,70,68,70,0.9714285714285714,0.3864734299516908,0.39068978942645294,2208,3326,2019.064311594203,2020.818099819603,2019.0,2021.0,2017,2022,2017,2023,1.016151341801076,1.5469543583198502,1.7537882254000579,0,0,0,,ELIGIBLE_DESIGN_ONLY_RANKING,1,4,0,0,D09C diagnostic only; mainline must decide
T1_MS_A4-5_B1-2-3,T1,28,MS,Mississippi,2022,282022,282201,4-5,1-2-3,2,3,0,21,31001949.249999996,0,0,0,0.0,0.0,0.0,0.04725601900644922,2211,3323,0.0019575954704253184,67,70,67,70,0.9571428571428572,0.37104622871046233,0.3730038241808877,2211,3323,2019.3749434644958,2020.613000300933,2020.0,2021.0,2017,2022,2017,2023,0.8760699645434382,1.7851415628621914,1.2380568364371811,0,0,0,,ELIGIBLE_DESIGN_ONLY_RANKING,1,1,1,0,D09C diagnostic only; mainline must decide
T1_MO_A1-2_B3-4-5,T1,29,MO,Missouri,2022,292022,292201,1-2,3-4-5,2,3,0,46,44610858.50000002,0,0,0,0.0,0.0,0.0,0.09347970093273186,2936,4400,0.0009087604507451319,96,97,94,99,0.9494949494949495,0.4058721934369602,0.4067809538877053,2936,4400,2019.7840599455042,2018.2454545454545,2021.0,2018.0,2015,2022,2015,2021,2.5813572229719193,1.261357504082425,1.5386054000496188,0,0,0,,ELIGIBLE_DESIGN_ONLY_RANKING,1,2,0,0,D09C diagnostic only; mainline must decide
T1_MO_A1-3_B2-4-5,T1,29,MO,Missouri,2022,292022,292201,1-3,2-4-5,2,3,0,46,44610858.50000002,1,0,1,20310.0,0.0,20310.0,0.10931984405623231,2964,4372,0.016812068338785947,95,96,92,99,0.9292929292929293,0.4057591623036649,0.42257123064245083,2964,4372,2019.0016869095816,2018.766010978957,2018.0,2019.0,2015,2022,2015,2022,2.234104353664303,1.9035078956319682,0.23567593062466585,0,0,0,,ELIGIBLE_DESIGN_ONLY_RANKING,1,10,0,0,D09C diagnostic only; mainline must decide
T1_MO_A1-4_B2-3-5,T1,29,MO,Missouri,2022,292022,292201,1-4,2-3-5,2,3,0,46,44610858.50000002,1,0,1,20310.0,0.0,20310.0,0.09743537271536347,2941,4395,0.003748636859323882,95,98,94,99,0.9494949494949495,0.38428324697754757,0.3880318838368714,2941,4395,2019.744984699082,2018.2698521046643,2019.0,2018.0,2017,2022,2015,2022,1.5455376323127994,2.1264078259163623,1.4751325944175733,0,0,0,,ELIGIBLE_DESIGN_ONLY_RANKING,1,8,0,0,D09C diagnostic only; mainline must decide
T1_MO_A1-5_B2-3-4,T1,29,MO,Missouri,2022,292022,292201,1-5,2-3-4,2,3,0,46,44610858.50000002,0,0,0,0.0,0.0,0.0,0.11572841681945142,2854,4482,0.045665212649945476,96,97,94,99,0.9494949494949495,0.4058721934369602,0.4515374060869057,2854,4482,2020.4257182901192,2017.8650156180277,2020.0,2017.0,2018,2022,2015,2022,0.9688004075969371,1.9254885130892236,2.5607026720915655,0,0,0,,ELIGIBLE_DESIGN_ONLY_RANKING,1,5,0,0,D09C diagnostic only; mainline must decide
T1_MO_A2-3_B1-4-5,T1,29,MO,Missouri,2022,292022,292201,2-3,1-4-5,2,3,0,46,44610858.50000002,0,0,0,0.0,0.0,0.0,0.09679167006567833,2994,4342,0.03385132679025814,96,96,93,99,0.9393939393939394,0.4166666666666667,0.45051799345692484,2994,4342,2017.6362725450902,2019.7058959005067,2017.0,2020.0,2015,2022,2017,2022,2.285714493458771,1.3141994763931033,2.0696233554165246,0,0,0,,ELIGIBLE_DESIGN_ONLY_RANKING,1,3,0,0,D09C diagnostic only; mainline must decide
T1_MO_A2-4_B1-3-5,T1,29,MO,Missouri,2022,292022,292201,2-4,1-3-5,2,3,0,46,44610858.50000002,0,0,0,0.0,0.0,0.0,0.11897697268882575,2971,4365,0.020787895310796074,94,98,93,99,0.9393939393939394,0.37326388888888895,0.394051784199685,2971,4365,2018.3614944463143,2019.2013745704467,2018.0,2020.0,2015,2022,2015,2022,2.160227803539394,1.8917782308080993,0.8398801241323781,0,0,0,,ELIGIBLE_DESIGN_ONLY_RANKING,1,6,0,0,D09C diagnostic only; mainline must decide
T1_MO_A2-5_B1-3-4,T1,29,MO,Missouri,2022,292022,292201,2-5,1-3-4,2,3,0,46,44610858.50000002,0,1,1,0.0,20310.0,20310.0,0.08415283326064033,2884,4452,0.02862595419847328,96,98,95,99,0.9595959595959596,0.3951890034364262,0.4238149576348995,2884,4452,2018.993411927878,2018.7756064690027,2020.0,2018.0,2015,2022,2015,2022,2.2729825820853304,1.880908998740849,0.21780545887531844,0,0,0,,ELIGIBLE_DESIGN_ONLY_RANKING,1,7,0,0,D09C diagnostic only; mainline must decide
T1_MO_A3-4_B1-2-5,T1,29,MO,Missouri,2022,292022,292201,3-4,1-2-5,2,3,0,46,44610858.50000002,1,0,1,20310.0,0.0,20310.0,0.10213249077548882,2999,4337,0.03669120319883673,96,98,95,99,0.9595959595959596,0.3951890034364262,0.43188020663526294,2999,4337,2017.6015338446148,2019.7323034355545,2018.0,2020.0,2015,2019,2015,2022,0.9371213612629978,2.1499487405220665,2.1307695909397353,0,0,0,,ELIGIBLE_DESIGN_ONLY_RANKING,1,9,0,0,D09C diagnostic only; mainline must decide
T1_MO_A3-5_B1-2-4,T1,29,MO,Missouri,2022,292022,292201,3-5,1-2-4,2,3,0,46,44610858.50000002,0,0,0,0.0,0.0,0.0,0.10196201766174616,2912,4424,0.012722646310432621,97,98,96,99,0.9696969696969697,0.40598290598290604,0.41870555229333867,2912,4424,2018.2046703296703,2019.2933996383363,2018.0,2019.0,2015,2021,2015,2022,1.4919935738108423,2.2385017714413293,1.088729308665961,0,0,0,,ELIGIBLE_DESIGN_ONLY_RANKING,1,4,0,0,D09C diagnostic only; mainline must decide
T1_MO_A4-5_B1-2-3,T1,29,MO,Missouri,2022,292022,292201,4-5,1-2-3,2,3,0,46,44610858.50000002,0,0,0,0.0,0.0,0.0,0.08404526180190967,2889,4447,0.025786077789894533,93,98,92,99,0.9292929292929293,0.362129144851658,0.38791522264155254,2889,4447,2018.9550017307026,2018.8003148189791,2019.0,2018.0,2017,2021,2015,2022,0.8692480561777224,2.5318786024594195,0.1546869117235019,0,0,0,,ELIGIBLE_DESIGN_ONLY_RANKING,1,1,1,0,D09C diagnostic only; mainline must decide
T1_MT_A1-2_B3-4-5,T1,30,MT,Montana,2022,302022,302201,1-2,3-4-5,2,3,0,230,94106757.00000001,0,0,0,0.0,0.0,0.0,0.14669402347707314,6189,9094,0.020665663373246913,180,180,179,181,0.988950276243094,0.4166666666666667,0.4373323300399136,6189,9094,2017.0652771045402,2017.9418297778755,2016.0,2018.0,2013,2024,2013,2025,2.661755646889871,3.101675738133523,0.8765526733352544,0,0,0,,ELIGIBLE_DESIGN_ONLY_RANKING,1,8,0,0,D09C diagnostic only; mainline must decide
T1_MT_A1-3_B2-4-5,T1,30,MT,Montana,2022,302022,302201,1-3,2-4-5,2,3,0,230,94106757.00000001,0,0,0,0.0,0.0,0.0,0.13489407162017672,6175,9108,0.016848786233069422,178,180,177,181,0.9779005524861878,0.4050279329608939,0.4218767191939633,6175,9108,2017.5880161943319,2017.5860781730346,2019.0,2018.0,2013,2024,2013,2025,2.8118263710691553,3.0610980301065376,0.0019380212972919253,0,0,0,,ELIGIBLE_DESIGN_ONLY_RANKING,1,5,0,0,D09C diagnostic only; mainline must decide
T1_MT_A1-4_B2-3-5,T1,30,MT,Montana,2022,302022,302201,1-4,2-3-5,2,3,0,230,94106757.00000001,0,0,0,0.0,0.0,0.0,0.13336844796467712,6186,9097,0.019847761128923155,179,179,177,181,0.9779005524861878,0.41666666666666674,0.4365144277955899,6186,9097,2018.0439702554154,2017.2760250632077,2018.0,2017.0,2013,2025,2013,2024,2.9759488637299345,2.913323899234683,0.7679451922076623,0,0,0,,ELIGIBLE_DESIGN_ONLY_RANKING,1,4,0,0,D09C diagnostic only; mainline must decide
T1_MT_A1-5_B2-3-4,T1,30,MT,Montana,2022,302022,302201,1-5,2-3-4,2,3,0,230,94106757.00000001,0,0,0,0.0,0.0,0.0,0.14591349042769527,6063,9220,0.01368623088835094,178,181,178,181,0.9834254143646409,0.39925719591457753,0.41294342680292845,6063,9220,2016.0277090549232,2018.612147505423,2014.0,2019.0,2013,2024,2015,2025,2.58243645421302,2.741552903035501,2.5844384504998743,0,0,0,,ELIGIBLE_DESIGN_ONLY_RANKING,1,7,0,0,D09C diagnostic only; mainline must decide
T1_MT_A2-3_B1-4-5,T1,30,MT,Montana,2022,302022,302201,2-3,1-4-5,2,3,0,230,94106757.00000001,0,0,0,0.0,0.0,0.0,0.14231653296383376,6144,9139,0.008397129708390537,179,179,177,181,0.9779005524861878,0.41666666666666674,0.42506379637505726,6144,9139,2018.1310221354167,2017.2210307473465,2019.0,2018.0,2015,2024,2013,2025,2.703646893486744,3.0714038040386904,0.9099913880702388,0,0,0,,ELIGIBLE_DESIGN_ONLY_RANKING,1,6,0,0,D09C diagnostic only; mainline must decide
T1_MT_A2-4_B1-3-5,T1,30,MT,Montana,2022,302022,302201,2-4,1-3-5,2,3,0,230,94106757.00000001,0,0,0,0.0,0.0,0.0,0.1283579662890925,6155,9128,0.011396104604244417,180,179,178,181,0.9834254143646409,0.42246982358402974,0.43386592818827413,6155,9128,2018.5883021933387,2016.9115907099035,2018.0,2018.0,2015,2025,2013,2024,2.7871273623013213,2.885827394061766,1.676711483435156,0,0,0,,ELIGIBLE_DESIGN_ONLY_RANKING,1,1,1,0,D09C diagnostic only; mainline must decide
T1_MT_A2-5_B1-3-4,T1,30,MT,Montana,2022,302022,302201,2-5,1-3-4,2,3,0,230,94106757.00000001,0,0,0,0.0,0.0,0.0,0.13290907485649794,6032,9251,0.02213788741302968,178,180,177,181,0.9779005524861878,0.4050279329608939,0.4271658203739236,6032,9251,2016.572778514589,2018.2480812885094,2015.5,2019.0,2013,2024,2013,2025,2.787804475582862,2.885746021730257,1.6753027739205208,0,0,0,,ELIGIBLE_DESIGN_ONLY_RANKING,1,3,0,0,D09C diagnostic only; mainline must decide
T1_MT_A3-4_B1-2-5,T1,30,MT,Montana,2022,302022,302201,3-4,1-2-5,2,3,0,230,94106757.00000001,0,0,0,0.0,0.0,0.0,0.14675888925573558,6141,9142,0.007579227464066779,180,180,179,181,0.988950276243094,0.4166666666666667,0.42424589413073344,6141,9142,2019.1174075883407,2016.5587398818639,2021.0,2015.0,2015,2025,2013,2024,2.642682390378756,2.7117663022070504,2.5586677064768537,0,0,0,,ELIGIBLE_DESIGN_ONLY_RANKING,1,9,0,0,D09C diagnostic only; mainline must decide
T1_MT_A3-5_B1-2-4,T1,30,MT,Montana,2022,302022,302201,3-5,1-2-4,2,3,0,230,94106757.00000001,0,0,0,0.0,0.0,0.0,0.13210133162901205,6018,9265,0.02595476455320732,177,180,176,181,0.9723756906077348,0.3991596638655462,0.4251144284187535,6018,9265,2017.108009305417,2017.897895304911,2018.0,2018.0,2013,2024,2013,2025,3.0229248167370657,2.880938504463241,0.7898859994938903,0,0,0,,ELIGIBLE_DESIGN_ONLY_RANKING,1,2,0,0,D09C diagnostic only; mainline must decide
T1_MT_A4-5_B1-2-3,T1,30,MT,Montana,2022,302022,302201,4-5,1-2-3,2,3,0,230,94106757.00000001,1,0,1,115112.0,0.0,115112.0,0.14527889653875445,6029,9254,0.022955789657353436,179,181,179,181,0.988950276243094,0.40509259259259256,0.428048382249946,6029,9254,2017.5767125559794,2017.5934730927167,2018.0,2019.0,2013,2025,2013,2024,3.248647578413082,2.760880752286772,0.016760536737365328,0,0,0,,ELIGIBLE_DESIGN_ONLY_RANKING,1,10,0,0,D09C diagnostic only; mainline must decide
T1_NE_A1-2_B3-4-5,T1,31,NE,Nebraska,2022,312022,312201,1-2,3-4-5,2,3,0,15,49506063.99999999,0,0,0,0.0,0.0,0.0,0.030520612055210197,3310,4950,0.003026634382566586,104,103,103,104,0.9903846153846154,0.4267310789049919,0.42975771328755846,3310,4950,2019.8574018126887,2018.3723232323232,2021.0,2018.0,2016,2022,2016,2021,2.530723492375097,1.2069047899984877,1.4850785803655526,0,0,0,,ELIGIBLE_DESIGN_ONLY_RANKING,1,10,0,0,D09C diagnostic only; mainline must decide
T1_NE_A1-3_B2-4-5,T1,31,NE,Nebraska,2022,312022,312201,1-3,2-4-5,2,3,0,15,49506063.99999999,0,0,0,0.0,0.0,0.0,0.02498289377342249,3300,4960,0.002017756255044345,103,104,103,104,0.9903846153846154,0.40660225442834147,0.4086200106833858,3300,4960,2019.1248484848484,2018.8627016129033,2020.0,2019.0,2016,2022,2016,2022,2.1930587419683225,1.8391399985697117,0.2621468719451059,0,0,0,,ELIGIBLE_DESIGN_ONLY_RANKING,1,6,0,0,D09C diagnostic only; mainline must decide
T1_NE_A1-4_B2-3-5,T1,31,NE,Nebraska,2022,312022,312201,1-4,2-3-5,2,3,0,15,49506063.99999999,0,0,0,0.0,0.0,0.0,0.02054722626056905,3310,4950,0.003026634382566586,103,104,103,104,0.9903846153846154,0.40660225442834147,0.40962888881090803,3310,4950,2019.8558912386707,2018.3733333333332,2019.5,2018.0,2018,2022,2016,2022,1.479001823844993,2.06863831973556,1.482557905337444,0,0,0,,ELIGIBLE_DESIGN_ONLY_RANKING,1,4,0,0,D09C diagnostic only; mainline must decide
T1_NE_A1-5_B2-3-4,T1,31,NE,Nebraska,2022,312022,312201,1-5,2-3-4,2,3,0,15,49506063.99999999,0,0,0,0.0,0.0,0.0,0.013544332855325534,3305,4955,0.0005044390637610517,103,104,103,104,0.9903846153846154,0.40660225442834147,0.40710669349210254,3305,4955,2020.4638426626325,2017.969323915237,2020.0,2018.0,2019,2022,2016,2022,0.9195761074365791,1.8872827931615748,2.494518747395432,0,0,0,,ELIGIBLE_DESIGN_ONLY_RANKING,1,1,1,0,D09C diagnostic only; mainline must decide
T1_NE_A2-3_B1-4-5,T1,31,NE,Nebraska,2022,312022,312201,2-3,1-4-5,2,3,0,15,49506063.99999999,0,0,0,0.0,0.0,0.0,0.020073333530472325,3300,4960,0.002017756255044345,103,103,102,104,0.9807692307692307,0.4166666666666666,0.41868442292171093,3300,4960,2017.7242424242424,2019.7945564516128,2017.0,2020.0,2016,2022,2018,2022,2.2459461716927764,1.2413567297066104,2.0703140273703866,0,0,0,,ELIGIBLE_DESIGN_ONLY_RANKING,1,3,0,0,D09C diagnostic only; mainline must decide
T1_NE_A2-4_B1-3-5,T1,31,NE,Nebraska,2022,312022,312201,2-4,1-3-5,2,3,0,15,49506063.99999999,0,0,0,0.0,0.0,0.0,0.020860890348144572,3310,4950,0.003026634382566586,104,103,103,104,0.9903846153846154,0.4267310789049919,0.42975771328755846,3310,4950,2018.4595166163142,2019.3070707070708,2018.0,2020.0,2016,2022,2016,2022,2.114154918738202,1.8293123347186047,0.8475540907566028,0,0,0,,ELIGIBLE_DESIGN_ONLY_RANKING,1,5,0,0,D09C diagnostic only; mainline must decide
T1_NE_A2-5_B1-3-4,T1,31,NE,Nebraska,2022,312022,312201,2-5,1-3-4,2,3,0,15,49506063.99999999,0,0,0,0.0,0.0,0.0,0.02772273970627203,3305,4955,0.0005044390637610517,104,103,103,104,0.9903846153846154,0.4267310789049919,0.427235517968753,3305,4955,2019.0653555219365,2018.9021190716448,2020.0,2018.0,2016,2022,2016,2022,2.1975582977321704,1.839740274413949,0.16323645029160616,0,0,0,,ELIGIBLE_DESIGN_ONLY_RANKING,1,7,0,0,D09C diagnostic only; mainline must decide
T1_NE_A3-4_B1-2-5,T1,31,NE,Nebraska,2022,312022,312201,3-4,1-2-5,2,3,0,15,49506063.99999999,0,0,0,0.0,0.0,0.0,0.029177510804541635,3300,4960,0.002017756255044345,103,104,103,104,0.9903846153846154,0.40660225442834147,0.4086200106833858,3300,4960,2017.7227272727273,2019.795564516129,2018.0,2020.0,2016,2019,2016,2022,0.8988382004019438,2.0868761126451916,2.0728372434016364,0,0,0,,ELIGIBLE_DESIGN_ONLY_RANKING,1,8,0,0,D09C diagnostic only; mainline must decide
T1_NE_A3-5_B1-2-4,T1,31,NE,Nebraska,2022,312022,312201,3-5,1-2-4,2,3,0,15,49506063.99999999,0,0,0,0.0,0.0,0.0,0.01686375487668687,3295,4965,0.004539951573849879,103,104,103,104,0.9903846153846154,0.40660225442834147,0.41114220600219137,3295,4965,2018.329286798179,2019.3909365558911,2019.0,2019.0,2016,2021,2016,2022,1.4346441906786938,2.1879915538431085,1.0616497577120754,0,0,0,,ELIGIBLE_DESIGN_ONLY_RANKING,1,2,0,0,D09C diagnostic only; mainline must decide
T1_NE_A4-5_B1-2-3,T1,31,NE,Nebraska,2022,312022,312201,4-5,1-2-3,2,3,0,15,49506063.99999999,0,0,0,0.0,0.0,0.0,0.029754334853692953,3305,4955,0.0005044390637610517,103,104,103,104,0.9903846153846154,0.40660225442834147,0.40710669349210254,3305,4955,2019.0638426626324,2018.9031281533805,2019.0,2018.0,2018,2021,2016,2022,0.7767679199011641,2.4906568047119646,0.16071450925187492,0,0,0,,ELIGIBLE_DESIGN_ONLY_RANKING,1,9,0,0,D09C diagnostic only; mainline must decide
T1_NV_A1-2_B3-4-5,T1,32,NV,Nevada,2022,322022,322201,1-2,3-4-5,2,3,0,59,67771361.0,0,0,0,0.0,0.0,0.0,0.0698222456762986,4614,6770,0.022107050831576547,140,141,138,143,0.965034965034965,0.40925266903914587,0.4313597198707224,4614,6770,2017.0905938448202,2017.9152141802067,2019.0,2018.0,2014,2023,2012,2024,2.648008948689594,3.0476913644903987,0.8246203353864985,0,0,0,,ELIGIBLE_DESIGN_ONLY_RANKING,1,9,0,0,D09C diagnostic only; mainline must decide
T1_NV_A1-3_B2-4-5,T1,32,NV,Nevada,2022,322022,322201,1-3,2-4-5,2,3,0,59,67771361.0,0,0,0,0.0,0.0,0.0,0.060151875910467896,4592,6792,0.014054813773717497,142,142,141,143,0.986013986013986,0.41666666666666663,0.4307214804403841,4592,6792,2017.5531358885016,2017.5998233215548,2018.0,2018.0,2014,2023,2012,2024,2.7314665207137994,3.0416129252195927,0.04668743305319367,0,0,0,,ELIGIBLE_DESIGN_ONLY_RANKING,1,1,1,0,D09C diagnostic only; mainline must decide
T1_NV_A1-4_B2-3-5,T1,32,NV,Nevada,2022,322022,322201,1-4,2-3-5,2,3,0,59,67771361.0,0,0,0,0.0,0.0,0.0,0.061779021251077586,4592,6792,0.014054813773717497,142,141,140,143,0.9790209790209791,0.42402826855123676,0.43808308232495424,4592,6792,2018.0503048780488,2017.2636925795052,2018.0,2018.0,2014,2024,2012,2023,2.966353817616045,2.8456780320251487,0.7866122985435595,0,0,0,,ELIGIBLE_DESIGN_ONLY_RANKING,1,5,0,0,D09C diagnostic only; mainline must decide
T1_NV_A1-5_B2-3-4,T1,32,NV,Nevada,2022,322022,322201,1-5,2-3-4,2,3,0,59,67771361.0,0,0,0,0.0,0.0,0.0,0.06124307253612673,4483,6901,0.025840360740220256,140,142,139,143,0.972027972027972,0.4018912529550827,0.427731613695303,4483,6901,2016.046397501673,2018.5778872627156,2017.0,2020.0,2012,2023,2015,2024,2.5872697184647735,2.6829408911769437,2.5314897610426215,0,0,0,,ELIGIBLE_DESIGN_ONLY_RANKING,1,4,0,0,D09C diagnostic only; mainline must decide
T1_NV_A2-3_B1-4-5,T1,32,NV,Nevada,2022,322022,322201,2-3,1-4-5,2,3,0,59,67771361.0,0,0,0,0.0,0.0,0.0,0.06790681228424736,4608,6776,0.01991098617943319,141,142,140,143,0.9790209790209791,0.40930506478209655,0.42921605096152976,4608,6776,2018.091579861111,2017.2337662337663,2020.0,2018.0,2015,2023,2012,2024,2.6126602860012236,3.064370038394311,0.8578136273447399,0,0,0,,ELIGIBLE_DESIGN_ONLY_RANKING,1,8,0,0,D09C diagnostic only; mainline must decide
T1_NV_A2-4_B1-3-5,T1,32,NV,Nevada,2022,322022,322201,2-4,1-3-5,2,3,0,59,67771361.0,0,0,0,0.0,0.0,0.0,0.06547653599725964,4608,6776,0.01991098617943319,140,142,139,143,0.972027972027972,0.4018912529550827,0.4218022391345159,4608,6776,2018.5870225694443,2016.8968417945691,2020.0,2018.0,2015,2024,2012,2023,2.7616833117664714,2.8261533560289887,1.6901807748752162,0,0,0,,ELIGIBLE_DESIGN_ONLY_RANKING,1,6,0,0,D09C diagnostic only; mainline must decide
T1_NV_A2-5_B1-3-4,T1,32,NV,Nevada,2022,322022,322201,2-5,1-3-4,2,3,0,59,67771361.0,0,0,0,0.0,0.0,0.0,0.06056788728497967,4499,6885,0.019984188334504566,140,143,140,143,0.9790209790209791,0.39458186101295645,0.414566049347461,4499,6885,2016.6032451655924,2018.2198983297023,2018.0,2018.0,2012,2023,2014,2024,2.775535977088332,2.834867210100054,1.6166531641099482,0,0,0,,ELIGIBLE_DESIGN_ONLY_RANKING,1,2,0,0,D09C diagnostic only; mainline must decide
T1_NV_A3-4_B1-2-5,T1,32,NV,Nevada,2022,322022,322201,3-4,1-2-5,2,3,0,59,67771361.0,0,0,0,0.0,0.0,0.0,0.06059911075432821,4586,6798,0.011858749121574138,141,141,139,143,0.972027972027972,0.4166666666666667,0.4285254157882408,4586,6798,2019.05734845181,2016.5850250073552,2019.0,2018.0,2016,2024,2012,2023,2.5836461330286835,2.7051777560879553,2.472323444454787,0,0,0,,ELIGIBLE_DESIGN_ONLY_RANKING,1,3,0,0,D09C diagnostic only; mainline must decide
T1_NV_A3-5_B1-2-4,T1,32,NV,Nevada,2022,322022,322201,3-5,1-2-4,2,3,0,59,67771361.0,0,0,0,0.0,0.0,0.0,0.07803893629685194,4477,6907,0.028036425392363614,140,143,140,143,0.9790209790209791,0.39458186101295645,0.42261828640532006,4477,6907,2017.0752736207282,2017.9087881858984,2018.0,2019.0,2012,2023,2014,2024,2.936916153824731,2.8625865001370463,0.8335145651701623,0,0,0,,ELIGIBLE_DESIGN_ONLY_RANKING,1,10,0,0,D09C diagnostic only; mainline must decide
T1_NV_A4-5_B1-2-3,T1,32,NV,Nevada,2022,322022,322201,4-5,1-2-3,2,3,0,59,67771361.0,0,0,0,0.0,0.0,0.0,0.06739149509724836,4477,6907,0.028036425392363614,140,142,139,143,0.972027972027972,0.4018912529550827,0.42992767834744633,4477,6907,2017.585213312486,2017.578253945273,2018.0,2019.0,2012,2024,2014,2023,3.2371537935414647,2.695591045297806,0.006959367213084988,0,0,0,,ELIGIBLE_DESIGN_ONLY_RANKING,1,7,0,0,D09C diagnostic only; mainline must decide
T1_NH_A1-2_B3-4-5,T1,33,NH,New Hampshire,2022,332022,332201,1-2,3-4-5,2,3,0,17,5940580.300000001,0,0,0,0.0,0.0,0.0,0.1463303765726801,463,707,0.017806267806267765,20,20,20,20,1.0,0.41666666666666663,0.4344729344729344,463,707,2017.7840172786177,2019.881188118812,2017.0,2020.0,2016,2023,2018,2023,2.275600737896594,1.3653024247470267,2.097170840194167,0,0,0,,ELIGIBLE_DESIGN_ONLY_RANKING,1,2,0,0,D09C diagnostic only; mainline must decide
T1_NH_A1-3_B2-4-5,T1,33,NH,New Hampshire,2022,332022,332201,1-3,2-4-5,2,3,0,17,5940580.300000001,0,0,0,0.0,0.0,0.0,0.1471066214435798,480,690,0.042735042735042736,20,20,20,20,1.0,0.41666666666666663,0.4594017094017094,480,690,2018.7416666666666,2019.2666666666667,2018.0,2020.0,2016,2023,2016,2022,2.4082177796127877,1.7387136918913895,0.525000000000091,0,0,0,,ELIGIBLE_DESIGN_ONLY_RANKING,1,4,0,0,D09C diagnostic only; mainline must decide
T1_NH_A1-4_B2-3-5,T1,33,NH,New Hampshire,2022,332022,332201,1-4,2-3-5,2,3,0,17,5940580.300000001,0,0,0,0.0,0.0,0.0,0.14768210747430158,470,700,0.007122507122507082,20,20,20,20,1.0,0.41666666666666663,0.4237891737891737,470,700,2019.0531914893618,2019.05,2020.0,2018.0,2016,2023,2016,2023,2.2229996699392505,1.9364916731037085,0.003191489361825006,0,0,0,,ELIGIBLE_DESIGN_ONLY_RANKING,1,5,0,0,D09C diagnostic only; mainline must decide
T1_NH_A1-5_B2-3-4,T1,33,NH,New Hampshire,2022,332022,332201,1-5,2-3-4,2,3,0,17,5940580.300000001,0,0,0,0.0,0.0,0.0,0.22375186121108684,471,699,0.010683760683760684,20,20,20,20,1.0,0.41666666666666663,0.42735042735042733,471,699,2019.7367303609342,2018.5894134477826,2021.0,2018.0,2016,2023,2016,2023,2.4956790594076024,1.5333735582750796,1.1473169131515988,0,0,0,,ELIGIBLE_DESIGN_ONLY_RANKING,1,10,0,0,D09C diagnostic only; mainline must decide
T1_NH_A2-3_B1-4-5,T1,33,NH,New Hampshire,2022,332022,332201,2-3,1-4-5,2,3,0,17,5940580.300000001,0,0,0,0.0,0.0,0.0,0.18295372295556403,467,703,0.0035612535612536017,20,20,20,20,1.0,0.41666666666666663,0.4202279202279202,467,703,2018.0642398286939,2019.7069701280227,2018.0,2020.0,2016,2023,2016,2023,1.5913343694541318,2.067809115704937,1.6427302993288322,0,0,0,,ELIGIBLE_DESIGN_ONLY_RANKING,1,9,0,0,D09C diagnostic only; mainline must decide
T1_NH_A2-4_B1-3-5,T1,33,NH,New Hampshire,2022,332022,332201,2-4,1-3-5,2,3,0,17,5940580.300000001,0,0,0,0.0,0.0,0.0,0.16657024418977287,457,713,0.039173789173789136,20,20,20,20,1.0,0.41666666666666663,0.45584045584045574,457,713,2018.3698030634573,2019.4880785413745,2019.0,2020.0,2016,2021,2016,2023,1.4177008214096805,2.27163402914332,1.1182754779172228,0,0,0,,ELIGIBLE_DESIGN_ONLY_RANKING,1,7,0,0,D09C diagnostic only; mainline must decide
T1_NH_A2-5_B1-3-4,T1,33,NH,New Hampshire,2022,332022,332201,2-5,1-3-4,2,3,0,17,5940580.300000001,0,0,0,0.0,0.0,0.0,0.14839784629875816,458,712,0.035612535612535655,20,20,20,20,1.0,0.41666666666666663,0.45227920227920226,458,712,2019.0742358078603,2019.0365168539327,2020.0,2019.0,2016,2022,2016,2023,2.070674676535502,2.046935399899351,0.037718953927651455,0,0,0,,ELIGIBLE_DESIGN_ONLY_RANKING,1,6,0,0,D09C diagnostic only; mainline must decide
T1_NH_A3-4_B1-2-5,T1,33,NH,New Hampshire,2022,332022,332201,3-4,1-2-5,2,3,0,17,5940580.300000001,0,0,0,0.0,0.0,0.0,0.1792165624906044,474,696,0.021367521367521368,20,20,20,20,1.0,0.41666666666666663,0.438034188034188,474,696,2019.318565400844,2018.8692528735633,2019.0,2018.0,2018,2023,2016,2023,1.2865351015791577,2.428577465461443,0.44931252728065374,0,0,0,,ELIGIBLE_DESIGN_ONLY_RANKING,1,8,0,0,D09C diagnostic only; mainline must decide
T1_NH_A3-5_B1-2-4,T1,33,NH,New Hampshire,2022,332022,332201,3-5,1-2-4,2,3,0,17,5940580.300000001,0,0,0,0.0,0.0,0.0,0.13210451993079803,475,695,0.02492877492877497,20,20,20,20,1.0,0.41666666666666663,0.4415954415954416,475,695,2019.9957894736842,2018.4057553956834,2020.0,2018.0,2018,2023,2016,2023,1.6069414161937692,2.0796727804633344,1.5900340780008264,0,0,0,,ELIGIBLE_DESIGN_ONLY_RANKING,1,1,1,0,D09C diagnostic only; mainline must decide
T1_NH_A4-5_B1-2-3,T1,33,NH,New Hampshire,2022,332022,332201,4-5,1-2-3,2,3,0,17,5940580.300000001,0,0,0,0.0,0.0,0.0,0.14673265483359454,465,705,0.010683760683760684,20,20,20,20,1.0,0.41666666666666663,0.42735042735042733,465,705,2020.337634408602,2018.2028368794327,2020.0,2018.0,2019,2022,2016,2023,0.8953801420701134,2.1617787572341634,2.1347975291694183,0,0,0,,ELIGIBLE_DESIGN_ONLY_RANKING,1,3,0,0,D09C diagnostic only; mainline must decide
T1_NJ_A1-2_B3-4-5,T1,34,NJ,New Jersey,2022,342022,342201,1-2,3-4-5,2,3,0,11,5000449.8,0,0,0,0.0,0.0,0.0,0.1344734590318172,608,887,0.027870680044593026,17,17,17,17,1.0,0.41666666666666663,0.44453734671125966,608,887,2019.9621710526317,2020.140924464487,2020.0,2021.0,2019,2022,2017,2023,0.8573069344864153,1.8145960883386434,0.1787534118552685,0,0,0,,ELIGIBLE_DESIGN_ONLY_RANKING,1,4,0,0,D09C diagnostic only; mainline must decide
T1_NJ_A1-3_B2-4-5,T1,34,NJ,New Jersey,2022,342022,342201,1-3,2-4-5,2,3,0,11,5000449.8,0,0,0,0.0,0.0,0.0,0.15873259482931845,587,908,0.03065774804905246,17,17,17,17,1.0,0.41666666666666663,0.4473244147157191,587,908,2020.427597955707,2019.8359030837005,2021.0,2020.0,2019,2023,2017,2023,1.2112054421391467,1.6234736057232364,0.5916948720064283,0,0,0,,ELIGIBLE_DESIGN_ONLY_RANKING,1,8,0,0,D09C diagnostic only; mainline must decide
T1_NJ_A1-4_B2-3-5,T1,34,NJ,New Jersey,2022,342022,342201,1-4,2-3-5,2,3,0,11,5000449.8,0,0,0,0.0,0.0,0.0,0.15635150387118435,577,918,0.05852842809364549,17,17,17,17,1.0,0.41666666666666663,0.47519509476031213,577,918,2020.053726169844,2020.0773420479302,2019.0,2020.0,2018,2023,2017,2023,1.5708579179855757,1.4595635484671854,0.023615878086275188,0,0,0,,ELIGIBLE_DESIGN_ONLY_RANKING,1,7,0,0,D09C diagnostic only; mainline must decide
T1_NJ_A1-5_B2-3-4,T1,34,NJ,New Jersey,2022,342022,342201,1-5,2-3-4,2,3,0,11,5000449.8,0,0,0,0.0,0.0,0.0,0.16662609154865549,614,881,0.044593088071348874,17,17,17,17,1.0,0.41666666666666663,0.4612597547380155,614,881,2018.8257328990228,2020.934165720772,2019.0,2021.0,2017,2022,2018,2023,0.7516739559441733,1.2703711035312617,2.1084328217491475,0,0,0,,ELIGIBLE_DESIGN_ONLY_RANKING,1,9,0,0,D09C diagnostic only; mainline must decide
T1_NJ_A2-3_B1-4-5,T1,34,NJ,New Jersey,2022,342022,342201,2-3,1-4-5,2,3,0,11,5000449.8,0,0,0,0.0,0.0,0.0,0.11345842632521713,601,894,0.008361204013377926,17,17,17,17,1.0,0.41666666666666663,0.42502787068004455,601,894,2021.0049916805324,2019.4384787472036,2021.0,2019.0,2020,2023,2017,2023,0.790553629804669,1.5401009009484166,1.566512933328795,0,0,0,,ELIGIBLE_DESIGN_ONLY_RANKING,1,2,0,0,D09C diagnostic only; mainline must decide
T1_NJ_A2-4_B1-3-5,T1,34,NJ,New Jersey,2022,342022,342201,2-4,1-3-5,2,3,0,11,5000449.8,0,0,0,0.0,0.0,0.0,0.14867332398539584,591,904,0.019509476031215098,17,17,17,17,1.0,0.41666666666666663,0.43617614269788174,591,904,2020.6497461928934,2019.6880530973451,2021.0,2019.0,2018,2023,2017,2023,1.4192964728504227,1.433668471514281,0.9616930955482985,0,0,0,,ELIGIBLE_DESIGN_ONLY_RANKING,1,5,0,0,D09C diagnostic only; mainline must decide
T1_NJ_A2-5_B1-3-4,T1,34,NJ,New Jersey,2022,342022,342201,2-5,1-3-4,2,3,0,11,5000449.8,0,0,0,0.0,0.0,0.0,0.18118749749442106,628,867,0.08361204013377926,17,17,17,17,1.0,0.41666666666666663,0.500278706800446,628,867,2019.4140127388534,2020.5420991926183,2020.0,2021.0,2017,2022,2018,2023,1.25805645394186,1.4886845641333677,1.1280864537648085,0,0,0,,ELIGIBLE_DESIGN_ONLY_RANKING,1,10,0,0,D09C diagnostic only; mainline must decide
T1_NJ_A3-4_B1-2-5,T1,34,NJ,New Jersey,2022,342022,342201,3-4,1-2-5,2,3,0,11,5000449.8,0,0,0,0.0,0.0,0.0,0.1113677804991296,570,925,0.07803790412486059,17,17,17,17,1.0,0.41666666666666663,0.4947045707915272,570,925,2021.1543859649123,2019.398918918919,2022.0,2019.0,2018,2023,2017,2022,1.4512669666846332,1.0860184434143185,1.7554670459933277,0,0,0,,ELIGIBLE_DESIGN_ONLY_RANKING,1,1,1,0,D09C diagnostic only; mainline must decide
T1_NJ_A3-5_B1-2-4,T1,34,NJ,New Jersey,2022,342022,342201,3-5,1-2-4,2,3,0,11,5000449.8,0,0,0,0.0,0.0,0.0,0.1511069799675604,607,888,0.02508361204013378,17,17,17,17,1.0,0.41666666666666663,0.4417502787068004,607,888,2019.8451400329488,2020.2207207207207,2019.0,2020.0,2017,2023,2018,2023,1.6815064571707508,1.347568162833417,0.37558068777184417,0,0,0,,ELIGIBLE_DESIGN_ONLY_RANKING,1,6,0,0,D09C diagnostic only; mainline must decide
T1_NJ_A4-5_B1-2-3,T1,34,NJ,New Jersey,2022,342022,342201,4-5,1-2-3,2,3,0,11,5000449.8,0,0,0,0.0,0.0,0.0,0.12375085458247617,597,898,0.0027870680044592452,17,17,17,17,1.0,0.41666666666666663,0.4194537346711259,597,898,2019.4740368509213,2020.4632516703787,2018.0,2020.0,2017,2023,2019,2023,1.8404695432359994,1.0586414092403578,0.989214819457402,0,0,0,,ELIGIBLE_DESIGN_ONLY_RANKING,1,3,0,0,D09C diagnostic only; mainline must decide
T1_NM_A1-2_B3-4-5,T1,35,NM,New Mexico,2022,352022,352201,1-2,3-4-5,2,3,0,157,77816959.99999996,0,0,0,0.0,0.0,0.0,0.15202513520682445,4897,7206,0.019210113195075602,151,151,151,151,1.0,0.41666666666666663,0.4358767798617422,4897,7206,2017.0226669389422,2017.8365251179573,2019.0,2018.0,2012,2024,2012,2025,2.706220290700841,3.1802527972038077,0.813858179015142,0,0,0,,ELIGIBLE_DESIGN_ONLY_RANKING,1,5,0,0,D09C diagnostic only; mainline must decide
T1_NM_A1-3_B2-4-5,T1,35,NM,New Mexico,2022,352022,352201,1-3,2-4-5,2,3,0,157,77816959.99999996,0,0,0,0.0,0.0,0.0,0.14015052111507856,4921,7182,0.027472527472527472,151,151,151,151,1.0,0.41666666666666663,0.4441391941391941,4921,7182,2017.5177809388335,2017.5,2019.0,2018.0,2012,2024,2012,2025,2.802100481297379,3.1670630338987453,0.01778093883353904,0,0,0,,ELIGIBLE_DESIGN_ONLY_RANKING,1,2,0,0,D09C diagnostic only; mainline must decide
T1_NM_A1-4_B2-3-5,T1,35,NM,New Mexico,2022,352022,352201,1-4,2-3-5,2,3,0,157,77816959.99999996,0,0,0,0.0,0.0,0.0,0.13816148981424706,4892,7211,0.01748877688727319,151,151,151,151,1.0,0.41666666666666663,0.4341554435539398,4892,7211,2017.983033524121,2017.1844404382193,2019.0,2018.0,2012,2025,2012,2024,2.9994067355364398,2.9978886286590143,0.7985930859017571,0,0,0,,ELIGIBLE_DESIGN_ONLY_RANKING,1,1,1,0,D09C diagnostic only; mainline must decide
T1_NM_A1-5_B2-3-4,T1,35,NM,New Mexico,2022,352022,352201,1-5,2-3-4,2,3,0,157,77816959.99999996,0,0,0,0.0,0.0,0.0,0.2073692940982675,4743,7360,0.033807045085240635,151,151,151,151,1.0,0.41666666666666663,0.45047371175190726,4743,7360,2015.9070208728654,2018.5384510869565,2018.0,2017.0,2012,2021,2014,2025,2.778403646910442,2.7108995809321286,2.631430214091097,0,0,0,,ELIGIBLE_DESIGN_ONLY_RANKING,1,9,0,0,D09C diagnostic only; mainline must decide
T1_NM_A2-3_B1-4-5,T1,35,NM,New Mexico,2022,352022,352201,2-3,1-4-5,2,3,0,157,77816959.99999996,0,0,0,0.0,0.0,0.0,0.17666070074903395,4918,7185,0.02643972568784599,151,151,151,151,1.0,0.41666666666666663,0.4431063923545126,4918,7185,2018.0632370882472,2017.1266527487821,2016.0,2018.0,2014,2024,2012,2025,2.6638433268862265,3.1922168798225603,0.936584339465071,0,0,0,,ELIGIBLE_DESIGN_ONLY_RANKING,1,8,0,0,D09C diagnostic only; mainline must decide
T1_NM_A2-4_B1-3-5,T1,35,NM,New Mexico,2022,352022,352201,2-4,1-3-5,2,3,0,157,77816959.99999996,0,0,0,0.0,0.0,0.0,0.15600687027456922,4889,7214,0.016455975102591707,151,151,151,151,1.0,0.41666666666666663,0.43312264176925835,4889,7214,2018.5320106361219,2016.812725256446,2017.0,2018.0,2014,2025,2012,2024,2.7792206050863033,2.9854769272628703,1.7192853796759664,0,0,0,,ELIGIBLE_DESIGN_ONLY_RANKING,1,6,0,0,D09C diagnostic only; mainline must decide
T1_NM_A2-5_B1-3-4,T1,35,NM,New Mexico,2022,352022,352201,2-5,1-3-4,2,3,0,157,77816959.99999996,0,0,0,0.0,0.0,0.0,0.14824394962717471,4740,7363,0.03483984686992212,151,151,151,151,1.0,0.41666666666666663,0.45150651353658877,4740,7363,2016.47194092827,2018.1737063696862,2018.0,2018.0,2012,2024,2012,2025,2.9575054697854597,2.875125159463906,1.701765441416228,0,0,0,,ELIGIBLE_DESIGN_ONLY_RANKING,1,4,0,0,D09C diagnostic only; mainline must decide
T1_NM_A3-4_B1-2-5,T1,35,NM,New Mexico,2022,352022,352201,3-4,1-2-5,2,3,0,157,77816959.99999996,1,0,1,119639.0,0.0,119639.0,0.18920275644131818,4913,7190,0.02471838938004358,150,151,150,151,0.9933774834437086,0.4097452934662236,0.4344636828462672,4913,7190,2019.0205577040506,2016.473157162726,2017.0,2018.0,2016,2025,2012,2024,2.602262063765291,2.851553286515047,2.5474005413245777,0,0,0,,ELIGIBLE_DESIGN_ONLY_RANKING,1,10,0,0,D09C diagnostic only; mainline must decide
T1_NM_A3-5_B1-2-4,T1,35,NM,New Mexico,2022,352022,352201,3-5,1-2-4,2,3,0,157,77816959.99999996,0,0,0,0.0,0.0,0.0,0.14249425179811132,4764,7339,0.02657743259247025,151,151,151,151,1.0,0.41666666666666663,0.4432440992591369,4764,7339,2016.986146095718,2017.845483035836,2018.0,2018.0,2012,2024,2012,2025,3.1367156419306537,2.898829609471314,0.8593369401180553,0,0,0,,ELIGIBLE_DESIGN_ONLY_RANKING,1,3,0,0,D09C diagnostic only; mainline must decide
T1_NM_A4-5_B1-2-3,T1,35,NM,New Mexico,2022,352022,352201,4-5,1-2-3,2,3,0,157,77816959.99999996,0,0,0,0.0,0.0,0.0,0.16290445558052186,4735,7368,0.036561183177724534,151,151,151,151,1.0,0.41666666666666663,0.4532278498443912,4735,7368,2017.4635691657868,2017.5352877307275,2018.0,2019.0,2012,2025,2012,2024,3.3969053761591974,2.757539000095021,0.07171856494073836,0,0,0,,ELIGIBLE_DESIGN_ONLY_RANKING,1,7,0,0,D09C diagnostic only; mainline must decide
T1_NY_A1-2_B3-4-5,T1,36,NY,New York,2022,362022,362201,1-2,3-4-5,2,3,0,73,31429223.59999999,0,0,0,0.0,0.0,0.0,0.14252534717237994,1814,2692,0.01072643882231095,73,73,70,76,0.9210526315789473,0.41666666666666674,0.4273931054889777,1814,2692,2017.8897464167585,2019.962852897474,2017.0,2020.0,2016,2023,2018,2023,2.326369767531594,1.3300245021880004,2.0731064807155235,0,0,0,,ELIGIBLE_DESIGN_ONLY_RANKING,1,3,0,0,D09C diagnostic only; mainline must decide
T1_NY_A1-3_B2-4-5,T1,36,NY,New York,2022,362022,362201,1-3,2-4-5,2,3,0,73,31429223.59999999,0,0,0,0.0,0.0,0.0,0.1404117390434935,1802,2704,0.0003698772007693866,71,76,71,76,0.9342105263157895,0.34580498866213155,0.3461748658629009,1802,2704,2018.6015538290787,2019.4792899408285,2018.0,2020.0,2016,2023,2016,2023,2.194070507310243,1.8969805082600626,0.8777361117497549,0,0,0,,ELIGIBLE_DESIGN_ONLY_RANKING,1,2,0,0,D09C diagnostic only; mainline must decide
T1_NY_A1-4_B2-3-5,T1,36,NY,New York,2022,362022,362201,1-4,2-3-5,2,3,0,73,31429223.59999999,2,0,2,92750.20000000001,0.0,92750.20000000001,0.17794039721879848,1814,2692,0.01072643882231095,74,74,72,76,0.9473684210526315,0.41666666666666663,0.4273931054889776,1814,2692,2019.2601984564499,2019.0393759286776,2020.0,2019.0,2016,2023,2016,2023,2.2725472984501662,1.9096876138377328,0.2208225277722704,0,0,0,,ELIGIBLE_DESIGN_ONLY_RANKING,1,9,0,0,D09C diagnostic only; mainline must decide
T1_NY_A1-5_B2-3-4,T1,36,NY,New York,2022,362022,362201,1-5,2-3-4,2,3,0,73,31429223.59999999,2,0,2,92750.20000000001,0.0,92750.20000000001,0.18286416528141397,1815,2691,0.011651131824234353,72,76,72,76,0.9473684210526315,0.3603603603603604,0.3720114921845947,1815,2691,2020.0512396694214,2018.5057599405425,2021.0,2019.0,2016,2023,2016,2022,2.5908237177088003,1.2883032154985052,1.545479728878945,0,0,0,,ELIGIBLE_DESIGN_ONLY_RANKING,1,10,0,0,D09C diagnostic only; mainline must decide
T1_NY_A2-3_B1-4-5,T1,36,NY,New York,2022,362022,362201,2-3,1-4-5,2,3,0,73,31429223.59999999,0,2,2,0.0,92750.20000000001,92750.20000000001,0.1714262813326039,1790,2716,0.011466193223849723,74,74,72,76,0.9473684210526315,0.41666666666666663,0.42813285989051636,1790,2716,2017.8201117318436,2019.9904270986744,2018.0,2021.0,2016,2020,2016,2023,0.9457255718593313,2.149799862590797,2.1703153668308914,0,0,0,,ELIGIBLE_DESIGN_ONLY_RANKING,1,8,0,0,D09C diagnostic only; mainline must decide
T1_NY_A2-4_B1-3-5,T1,36,NY,New York,2022,362022,362201,2-4,1-3-5,2,3,0,73,31429223.59999999,0,0,0,0.0,0.0,0.0,0.14292923364220175,1802,2704,0.0003698772007693866,76,72,72,76,0.9473684210526315,0.47297297297297297,0.47334285017374234,1802,2704,2018.488346281909,2019.5547337278106,2019.0,2019.0,2016,2022,2016,2023,1.5180306787228104,2.263603134862282,1.0663874459016824,0,0,0,,ELIGIBLE_DESIGN_ONLY_RANKING,1,4,0,0,D09C diagnostic only; mainline must decide
T1_NY_A2-5_B1-3-4,T1,36,NY,New York,2022,362022,362201,2-5,1-3-4,2,3,0,73,31429223.59999999,0,0,0,0.0,0.0,0.0,0.19443215116210322,1803,2703,0.0005548158011540169,74,74,72,76,0.9473684210526315,0.41666666666666663,0.41722148246782065,1803,2703,2019.2850804215198,2019.0236773954864,2021.0,2019.0,2016,2023,2016,2023,2.256015348257942,1.9222955226745881,0.2614030260333493,0,0,0,,ELIGIBLE_DESIGN_ONLY_RANKING,1,5,0,0,D09C diagnostic only; mainline must decide
T1_NY_A3-4_B1-2-5,T1,36,NY,New York,2022,362022,362201,3-4,1-2-5,2,3,0,73,31429223.59999999,1,0,1,32648.9,0.0,32648.9,0.17668566948951214,1790,2716,0.011466193223849723,73,74,71,76,0.9342105263157895,0.4024943310657596,0.41396052428960933,1790,2716,2019.208938547486,2019.0751104565538,2019.0,2018.0,2018,2022,2016,2023,0.900858848405999,2.5575279750625675,0.13382809093218384,0,0,0,,ELIGIBLE_DESIGN_ONLY_RANKING,1,6,0,0,D09C diagnostic only; mainline must decide
T1_NY_A3-5_B1-2-4,T1,36,NY,New York,2022,362022,362201,3-5,1-2-4,2,3,0,73,31429223.59999999,0,0,0,0.0,0.0,0.0,0.13932014315306349,1791,2715,0.01054150022192632,71,76,71,76,0.9342105263157895,0.34580498866213155,0.35634648888405784,1791,2715,2020.0106085985483,2018.5462246777163,2021.0,2018.0,2018,2023,2016,2023,1.567262573970807,2.147726669372192,1.464383920832006,0,0,0,,ELIGIBLE_DESIGN_ONLY_RANKING,1,1,1,0,D09C diagnostic only; mainline must decide
T1_NY_A4-5_B1-2-3,T1,36,NY,New York,2022,362022,362201,4-5,1-2-3,2,3,0,73,31429223.59999999,2,0,2,92750.20000000001,0.0,92750.20000000001,0.16706827476882177,1803,2703,0.0005548158011540169,73,74,71,76,0.9342105263157895,0.4024943310657596,0.4030491468669136,1803,2703,2020.6638935108153,2018.1039585645578,2021.0,2018.0,2019,2023,2016,2023,0.9894895677246943,1.9597908130336097,2.559934946257499,0,0,0,,ELIGIBLE_DESIGN_ONLY_RANKING,1,7,0,0,D09C diagnostic only; mainline must decide
T1_NC_A1-2_B3-4-5,T1,37,NC,North Carolina,2022,372022,372201,1-2,3-4-5,2,3,0,22,34444233.5,0,0,0,0.0,0.0,0.0,0.0630809277556561,2285,3422,0.0016062145902691935,78,81,77,82,0.9390243902439024,0.3773584905660377,0.3789647051563069,2285,3422,2017.527352297593,2020.4760374050263,2018.0,2021.0,2015,2020,2016,2022,1.3156641629819548,1.421587342415854,2.9486851074332208,0,0,0,,ELIGIBLE_DESIGN_ONLY_RANKING,1,2,0,0,D09C diagnostic only; mainline must decide
T1_NC_A1-3_B2-4-5,T1,37,NC,North Carolina,2022,372022,372201,1-3,2-4-5,2,3,0,22,34444233.5,0,0,0,0.0,0.0,0.0,0.09565039004770416,2295,3412,0.008907190000584144,78,80,76,82,0.926829268292683,0.390295358649789,0.39920254865037313,2295,3412,2018.1699346405228,2020.0524618991794,2019.0,2021.0,2015,2021,2015,2022,1.6858461885620337,1.8279572025791861,1.882527258656637,0,0,0,,ELIGIBLE_DESIGN_ONLY_RANKING,1,8,0,0,D09C diagnostic only; mainline must decide
T1_NC_A1-4_B2-3-5,T1,37,NC,North Carolina,2022,372022,372201,1-4,2-3-5,2,3,0,22,34444233.5,0,0,0,0.0,0.0,0.0,0.08724473583024608,2283,3424,0.00014601950820636276,77,81,76,82,0.926829268292683,0.3639240506329114,0.36407007014111775,2283,3424,2018.5365746824355,2019.8014018691588,2019.0,2020.0,2015,2021,2015,2022,2.104177224961721,1.7501682462446362,1.2648271867233234,0,0,0,,ELIGIBLE_DESIGN_ONLY_RANKING,1,7,0,0,D09C diagnostic only; mainline must decide
T1_NC_A1-5_B2-3-4,T1,37,NC,North Carolina,2022,372022,372201,1-5,2-3-4,2,3,0,22,34444233.5,0,0,0,0.0,0.0,0.0,0.07926665044825579,2282,3425,0.0005840780328252518,77,80,75,82,0.9146341463414634,0.3768577494692144,0.37744182750203964,2282,3425,2019.3580192813322,2019.2537226277373,2019.0,2020.0,2015,2022,2015,2021,2.6290871396177558,1.4296708819698465,0.10429665359492901,0,0,0,,ELIGIBLE_DESIGN_ONLY_RANKING,1,4,0,0,D09C diagnostic only; mainline must decide
T1_NC_A2-3_B1-4-5,T1,37,NC,North Carolina,2022,372022,372201,2-3,1-4-5,2,3,0,22,34444233.5,0,0,0,0.0,0.0,0.0,0.06973654248318371,2288,3419,0.0037965072133636386,79,79,76,82,0.926829268292683,0.4166666666666667,0.42046317388003035,2288,3419,2018.7937062937062,2019.6311787072243,2019.0,2021.0,2015,2021,2015,2022,1.2053352774287136,2.32622595510626,0.8374724135180713,0,0,0,,ELIGIBLE_DESIGN_ONLY_RANKING,1,3,0,0,D09C diagnostic only; mainline must decide
T1_NC_A2-4_B1-3-5,T1,37,NC,North Carolina,2022,372022,372201,2-4,1-3-5,2,3,0,22,34444233.5,0,0,0,0.0,0.0,0.0,0.0835160537368443,2276,3431,0.004964663279014142,78,80,76,82,0.926829268292683,0.390295358649789,0.3952600219288031,2276,3431,2019.164762741652,2019.3821043427572,2019.0,2020.0,2015,2021,2015,2022,1.6037338262448586,2.217348849483263,0.21734160110509038,0,0,0,,ELIGIBLE_DESIGN_ONLY_RANKING,1,6,0,0,D09C diagnostic only; mainline must decide
T1_NC_A2-5_B1-3-4,T1,37,NC,North Carolina,2022,372022,372201,2-5,1-3-4,2,3,0,22,34444233.5,0,0,0,0.0,0.0,0.0,0.10380413659860692,2275,3432,0.005694760820045558,79,79,76,82,0.926829268292683,0.4166666666666667,0.42236142748671224,2275,3432,2019.989010989011,2018.8356643356644,2019.0,2020.0,2015,2022,2015,2021,2.006226595276373,1.8550909640203783,1.153346653346489,0,0,0,,ELIGIBLE_DESIGN_ONLY_RANKING,1,10,0,0,D09C diagnostic only; mainline must decide
T1_NC_A3-4_B1-2-5,T1,37,NC,North Carolina,2022,372022,372201,3-4,1-2-5,2,3,0,22,34444233.5,0,0,0,0.0,0.0,0.0,0.09569555599013645,2286,3421,0.002336312131300808,79,80,77,82,0.9390243902439024,0.4035639412997903,0.4059002534310911,2286,3421,2019.8027121609798,2018.9564454837766,2020.0,2019.0,2016,2021,2015,2022,1.2607564650472316,2.304744050756585,0.8462666772031753,0,0,0,,ELIGIBLE_DESIGN_ONLY_RANKING,1,9,0,0,D09C diagnostic only; mainline must decide
T1_NC_A3-5_B1-2-4,T1,37,NC,North Carolina,2022,372022,372201,3-5,1-2-4,2,3,0,22,34444233.5,0,0,0,0.0,0.0,0.0,0.07946172484597802,2285,3422,0.0016062145902691935,79,78,75,82,0.9146341463414634,0.4299363057324841,0.4315425203227533,2285,3422,2020.6236323851203,2018.4085330216249,2021.0,2019.0,2016,2022,2015,2021,1.4108541976677957,1.8343303563193705,2.215099363495483,0,0,0,,ELIGIBLE_DESIGN_ONLY_RANKING,1,5,0,0,D09C diagnostic only; mainline must decide
T1_NC_A4-5_B1-2-3,T1,37,NC,North Carolina,2022,372022,372201,4-5,1-2-3,2,3,0,22,34444233.5,0,0,0,0.0,0.0,0.0,0.055085891912699136,2273,3434,0.007154955902108588,79,80,77,82,0.9390243902439024,0.4035639412997903,0.41071889720189886,2273,3434,2021.0048394192697,2018.163948747816,2021.0,2019.0,2016,2022,2015,2021,1.3146899513971315,1.5087565416800102,2.840890671453735,0,0,0,,ELIGIBLE_DESIGN_ONLY_RANKING,1,1,1,0,D09C diagnostic only; mainline must decide
T1_ND_A1-2_B3-4-5,T1,38,ND,North Dakota,2022,382022,382201,1-2,3-4-5,2,3,0,9,45246938.800000004,0,0,0,0.0,0.0,0.0,0.03232374402238425,3045,4558,0.002082511289403356,87,88,87,88,0.9886363636363636,0.4047619047619048,0.40684441605130817,3045,4558,2019.9178981937603,2018.3821851689338,2021.0,2018.0,2016,2022,2016,2020,2.519925493003536,1.2158193473854253,1.5357130248264639,0,0,0,,ELIGIBLE_DESIGN_ONLY_RANKING,1,10,0,0,D09C diagnostic only; mainline must decide
T1_ND_A1-3_B2-4-5,T1,38,ND,North Dakota,2022,382022,382201,1-3,2-4-5,2,3,0,9,45246938.800000004,0,0,0,0.0,0.0,0.0,0.015185478807356148,3036,4567,0.0028497522907623687,87,88,87,88,0.9886363636363636,0.4047619047619048,0.40761165705266716,3036,4567,2019.1380105401845,2018.9036566673965,2021.0,2019.0,2016,2022,2016,2022,2.20506931185169,1.8432679261995875,0.2343538727880059,0,0,0,,ELIGIBLE_DESIGN_ONLY_RANKING,1,4,0,0,D09C diagnostic only; mainline must decide
T1_ND_A1-4_B2-3-5,T1,38,ND,North Dakota,2022,382022,382201,1-4,2-3-5,2,3,0,9,45246938.800000004,0,0,0,0.0,0.0,0.0,0.015107533076342279,3045,4558,0.002082511289403356,88,88,88,88,1.0,0.4166666666666667,0.41874917795607003,3045,4558,2019.8699507389163,2018.4142167617376,2021.0,2018.0,2018,2022,2016,2022,1.4880713263184604,2.082454302356789,1.4557339771786246,0,0,0,,ELIGIBLE_DESIGN_ONLY_RANKING,1,3,0,0,D09C diagnostic only; mainline must decide
T1_ND_A1-5_B2-3-4,T1,38,ND,North Dakota,2022,382022,382201,1-5,2-3-4,2,3,0,9,45246938.800000004,0,0,0,0.0,0.0,0.0,0.009624908255227512,3046,4557,0.0026305405760883864,87,88,87,88,0.9886363636363636,0.4047619047619048,0.40739244533799324,3046,4557,2020.4878529218647,2018.000877770463,2020.5,2018.0,2019,2022,2016,2022,0.913149794841485,1.9053547579109478,2.4869751514017935,0,0,0,,ELIGIBLE_DESIGN_ONLY_RANKING,1,1,1,0,D09C diagnostic only; mainline must decide
T1_ND_A2-3_B1-4-5,T1,38,ND,North Dakota,2022,382022,382201,2-3,1-4-5,2,3,0,9,45246938.800000004,0,0,0,0.0,0.0,0.0,0.01746895257472801,3035,4568,0.003397781577447549,87,88,87,88,0.9886363636363636,0.4047619047619048,0.40815968633935235,3035,4568,2017.7710049423395,2019.811952714536,2017.0,2020.0,2016,2022,2018,2022,2.273478428409848,1.2462747100452038,2.040947772196432,0,0,0,,ELIGIBLE_DESIGN_ONLY_RANKING,1,5,0,0,D09C diagnostic only; mainline must decide
T1_ND_A2-4_B1-3-5,T1,38,ND,North Dakota,2022,382022,382201,2-4,1-3-5,2,3,0,9,45246938.800000004,0,0,0,0.0,0.0,0.0,0.01886476130740485,3044,4559,0.0015344820027181755,88,88,88,88,1.0,0.4166666666666667,0.41820114866938485,3044,4559,2018.5072273324572,2019.3244132485195,2018.0,2020.0,2016,2022,2016,2022,2.126220899484153,1.837830292895624,0.8171859160622716,0,0,0,,ELIGIBLE_DESIGN_ONLY_RANKING,1,7,0,0,D09C diagnostic only; mainline must decide
T1_ND_A2-5_B1-3-4,T1,38,ND,North Dakota,2022,382022,382201,2-5,1-3-4,2,3,0,9,45246938.800000004,0,0,0,0.0,0.0,0.0,0.010050097018768828,3045,4558,0.002082511289403356,88,88,88,88,1.0,0.4166666666666667,0.41874917795607003,3045,4558,2019.1257799671594,2018.9113646336111,2020.0,2018.0,2016,2022,2016,2022,2.196403274255358,1.8503474465693952,0.2144153335482315,0,0,0,,ELIGIBLE_DESIGN_ONLY_RANKING,1,2,0,0,D09C diagnostic only; mainline must decide
T1_ND_A3-4_B1-2-5,T1,38,ND,North Dakota,2022,382022,382201,3-4,1-2-5,2,3,0,9,45246938.800000004,0,0,0,0.0,0.0,0.0,0.01827762488759115,3035,4568,0.003397781577447549,88,88,88,88,1.0,0.4166666666666667,0.4200644482441142,3035,4568,2017.722899505766,2019.8439141856393,2018.0,2020.0,2016,2019,2016,2022,0.9015401902762525,2.076999845628051,2.1210146798732694,0,0,0,,ELIGIBLE_DESIGN_ONLY_RANKING,1,6,0,0,D09C diagnostic only; mainline must decide
T1_ND_A3-5_B1-2-4,T1,38,ND,North Dakota,2022,382022,382201,3-5,1-2-4,2,3,0,9,45246938.800000004,0,0,0,0.0,0.0,0.0,0.027712063873832987,3036,4567,0.0028497522907623687,88,88,88,88,1.0,0.4166666666666667,0.419516418957429,3036,4567,2018.3435441370225,2019.4317932997592,2019.0,2019.0,2016,2020,2016,2022,1.445857966857311,2.1883748729389363,1.0882491627367017,0,0,0,,ELIGIBLE_DESIGN_ONLY_RANKING,1,9,0,0,D09C diagnostic only; mainline must decide
T1_ND_A4-5_B1-2-3,T1,38,ND,North Dakota,2022,382022,382201,4-5,1-2-3,2,3,0,9,45246938.800000004,0,0,0,0.0,0.0,0.0,0.02660832890512691,3045,4558,0.002082511289403356,88,87,87,88,0.9886363636363636,0.42857142857142855,0.4306539398608319,3045,4558,2019.0778325123154,2018.9433962264152,2019.0,2018.0,2018,2020,2016,2022,0.782645555303901,2.4996552857106065,0.13443628590016488,0,0,0,,ELIGIBLE_DESIGN_ONLY_RANKING,1,8,0,0,D09C diagnostic only; mainline must decide
T1_OH_A1-2_B3-4-5,T1,39,OH,Ohio,2022,392022,392201,1-2,3-4-5,2,3,0,45,26448518.099999983,1,0,1,11828.5,0.0,11828.5,0.12257694722304502,1686,2403,0.05135730007336758,56,56,56,56,1.0,0.41666666666666663,0.4680239667400342,1686,2403,2017.7680901542112,2019.953391593841,2017.0,2020.0,2016,2023,2018,2023,2.278570436610939,1.2867058448236446,2.1853014396297112,0,0,0,,ELIGIBLE_DESIGN_ONLY_RANKING,1,9,0,0,D09C diagnostic only; mainline must decide
T1_OH_A1-3_B2-4-5,T1,39,OH,Ohio,2022,392022,392201,1-3,2-4-5,2,3,0,45,26448518.099999983,0,0,0,0.0,0.0,0.0,0.13157646898081482,1659,2430,0.02384446074834923,56,56,56,56,1.0,0.41666666666666663,0.44051112741501586,1659,2430,2018.528631705847,2019.40987654321,2018.0,2020.0,2016,2023,2016,2023,2.181370569090399,1.903579753008905,0.8812448373630559,0,0,0,,ELIGIBLE_DESIGN_ONLY_RANKING,1,5,0,0,D09C diagnostic only; mainline must decide
T1_OH_A1-4_B2-3-5,T1,39,OH,Ohio,2022,392022,392201,1-4,2-3-5,2,3,0,45,26448518.099999983,1,0,1,11828.5,0.0,11828.5,0.09770456254765907,1647,2442,0.01161653215945219,56,56,56,56,1.0,0.41666666666666663,0.4282831988261188,1647,2442,2019.1445051608987,2018.990171990172,2020.0,2019.0,2016,2023,2016,2023,2.2971279775283437,1.8930611482911073,0.15433317072665886,0,0,0,,ELIGIBLE_DESIGN_ONLY_RANKING,1,6,0,0,D09C diagnostic only; mainline must decide
T1_OH_A1-5_B2-3-4,T1,39,OH,Ohio,2022,392022,392201,1-5,2-3-4,2,3,0,45,26448518.099999983,0,0,0,0.0,0.0,0.0,0.098617554661076,1650,2439,0.01467351430667645,56,56,56,56,1.0,0.41666666666666663,0.4313401809733431,1650,2439,2019.8927272727274,2018.4838048380484,2021.0,2019.0,2016,2023,2016,2022,2.631388264945541,1.2944492925255822,1.4089224346789706,0,0,0,,ELIGIBLE_DESIGN_ONLY_RANKING,1,1,1,0,D09C diagnostic only; mainline must decide
T1_OH_A2-3_B1-4-5,T1,39,OH,Ohio,2022,392022,392201,2-3,1-4-5,2,3,0,45,26448518.099999983,0,0,0,0.0,0.0,0.0,0.1174594280990309,1643,2446,0.007540555963153129,56,56,56,56,1.0,0.41666666666666663,0.42420722262981975,1643,2446,2017.8125380401705,2019.8851185609158,2018.0,2020.0,2016,2020,2016,2023,0.9710366261566509,2.1862854095172546,2.072580520745305,0,0,0,,ELIGIBLE_DESIGN_ONLY_RANKING,1,3,0,0,D09C diagnostic only; mainline must decide
T1_OH_A2-4_B1-3-5,T1,39,OH,Ohio,2022,392022,392201,2-4,1-3-5,2,3,0,45,26448518.099999983,1,0,1,11828.5,0.0,11828.5,0.09933413074525357,1631,2458,0.004687372625743912,56,56,56,56,1.0,0.41666666666666663,0.42135403929241055,1631,2458,2018.4291845493563,2019.465825874695,2018.0,2019.0,2016,2022,2016,2023,1.5259656131196757,2.265239564883669,1.0366413253386781,0,0,0,,ELIGIBLE_DESIGN_ONLY_RANKING,1,7,0,0,D09C diagnostic only; mainline must decide
T1_OH_A2-5_B1-3-4,T1,39,OH,Ohio,2022,392022,392201,2-5,1-3-4,2,3,0,45,26448518.099999983,0,0,0,0.0,0.0,0.0,0.1218002621299372,1634,2455,0.0016303904785196519,56,56,56,56,1.0,0.41666666666666663,0.4182970571451863,1634,2455,2019.1860465116279,2018.9633401221995,2019.0,2019.0,2016,2023,2016,2023,2.252227836357076,1.928288595490087,0.2227063894283674,0,0,0,,ELIGIBLE_DESIGN_ONLY_RANKING,1,4,0,0,D09C diagnostic only; mainline must decide
T1_OH_A3-4_B1-2-5,T1,39,OH,Ohio,2022,392022,392201,3-4,1-2-5,2,3,0,45,26448518.099999983,0,0,0,0.0,0.0,0.0,0.10353704018022075,1604,2485,0.03220021195076225,56,56,56,56,1.0,0.41666666666666663,0.4488668786174289,1604,2485,2019.2269326683293,2018.9396378269619,2019.0,2018.0,2018,2022,2016,2023,0.8635534635211871,2.5522672874879513,0.2872948413673839,0,0,0,,ELIGIBLE_DESIGN_ONLY_RANKING,1,2,0,0,D09C diagnostic only; mainline must decide
T1_OH_A3-5_B1-2-4,T1,39,OH,Ohio,2022,392022,392201,3-5,1-2-4,2,3,0,45,26448518.099999983,0,1,1,0.0,11828.5,11828.5,0.10384004327605624,1607,2482,0.029143229803537996,56,56,56,56,1.0,0.41666666666666663,0.44580989647020464,1607,2482,2019.9950217797139,2018.441982272361,2020.0,2018.0,2018,2023,2016,2023,1.5178391630637553,2.1439664829977283,1.553039507352878,0,0,0,,ELIGIBLE_DESIGN_ONLY_RANKING,1,8,0,0,D09C diagnostic only; mainline must decide
T1_OH_A4-5_B1-2-3,T1,39,OH,Ohio,2022,392022,392201,4-5,1-2-3,2,3,0,45,26448518.099999983,2,0,2,50859.5,0.0,50859.5,0.1289979910876815,1595,2494,0.041371158392435034,55,56,55,56,0.9821428571428571,0.39789789789789787,0.4392690562903329,1595,2494,2020.6420062695925,2018.0356856455494,2021.0,2018.0,2019,2023,2016,2023,0.9546115963234456,1.94136098186602,2.6063206240430645,0,0,0,,ELIGIBLE_DESIGN_ONLY_RANKING,1,10,0,0,D09C diagnostic only; mainline must decide
T1_OK_A1-2_B3-4-5,T1,40,OK,Oklahoma,2022,402022,402201,1-2,3-4-5,2,3,0,26,44735345.18,0,0,0,0.0,0.0,0.0,0.05192639797477136,2927,4371,0.00445327486982735,98,97,95,100,0.95,0.4273504273504273,0.4318037022202546,2927,4371,2019.8261018107278,2018.0727522306108,2021.0,2018.0,2015,2023,2013,2024,2.4474299032088993,3.2871313051874957,1.7533495801169465,0,0,0,,ELIGIBLE_DESIGN_ONLY_RANKING,1,5,0,0,D09C diagnostic only; mainline must decide
T1_OK_A1-3_B2-4-5,T1,40,OK,Oklahoma,2022,402022,402201,1-3,2-4-5,2,3,0,26,44735345.18,0,0,0,0.0,0.0,0.0,0.05122131830670108,2939,4359,0.011304466977254042,99,98,97,100,0.97,0.4272419627749578,0.43854642975221186,2939,4359,2020.4127254168084,2017.6724019270475,2021.0,2018.0,2016,2024,2013,2023,2.2818999575813104,3.0916173340514495,2.74032348976084,0,0,0,,ELIGIBLE_DESIGN_ONLY_RANKING,1,4,0,0,D09C diagnostic only; mainline must decide
T1_OK_A1-4_B2-3-5,T1,40,OK,Oklahoma,2022,402022,402201,1-4,2-3-5,2,3,0,26,44735345.18,0,0,0,0.0,0.0,0.0,0.07868042993575917,2938,4360,0.010733534301635204,98,98,96,100,0.96,0.4166666666666667,0.4274002009683019,2938,4360,2018.4584751531654,2018.9899082568807,2019.0,2019.0,2013,2022,2014,2024,2.8166919390117724,3.2604168375250397,0.5314331037152442,0,0,0,,ELIGIBLE_DESIGN_ONLY_RANKING,1,10,0,0,D09C diagnostic only; mainline must decide
T1_OK_A1-5_B2-3-4,T1,40,OK,Oklahoma,2022,402022,402201,1-5,2-3-4,2,3,0,26,44735345.18,0,0,0,0.0,0.0,0.0,0.04870990246376443,2925,4373,0.0033114095185895163,100,97,97,100,0.97,0.44839255499153974,0.45170396451012923,2925,4373,2018.7839316239317,2018.7706380059456,2019.0,2019.0,2014,2022,2013,2024,2.4494509830658235,3.4682902179133226,0.013293617986164463,0,0,0,,ELIGIBLE_DESIGN_ONLY_RANKING,1,3,0,0,D09C diagnostic only; mainline must decide
T1_OK_A2-3_B1-4-5,T1,40,OK,Oklahoma,2022,402022,402201,2-3,1-4-5,2,3,0,26,44735345.18,0,0,0,0.0,0.0,0.0,0.07269826149363066,2912,4386,0.004110715264456015,97,100,97,100,0.97,0.3849407783417935,0.3890514936062495,2912,4386,2019.8866758241759,2018.0385316917464,2021.0,2019.0,2015,2024,2013,2022,3.2304483121518475,2.7754621234405863,1.8481441324295247,0,0,0,,ELIGIBLE_DESIGN_ONLY_RANKING,1,9,0,0,D09C diagnostic only; mainline must decide
T1_OK_A2-4_B1-3-5,T1,40,OK,Oklahoma,2022,402022,402201,2-4,1-3-5,2,3,0,26,44735345.18,0,0,0,0.0,0.0,0.0,0.036681888827999075,2911,4387,0.0046816479400748545,97,100,97,100,0.97,0.3849407783417935,0.3896224262818684,2911,4387,2017.9141188594986,2019.3478459083656,2018.0,2020.0,2013,2023,2014,2024,3.3282364666021165,2.7966165450918297,1.4337270488670129,0,0,0,,ELIGIBLE_DESIGN_ONLY_RANKING,1,1,1,0,D09C diagnostic only; mainline must decide
T1_OK_A2-5_B1-3-4,T1,40,OK,Oklahoma,2022,402022,402201,2-5,1-3-4,2,3,0,26,44735345.18,0,0,0,0.0,0.0,0.0,0.060142934181264,2898,4400,0.012103772723120543,98,99,97,100,0.97,0.40609137055837563,0.41819514328149615,2898,4400,2018.24016563147,2019.1288636363636,2018.0,2020.0,2014,2023,2013,2024,3.0816102869799202,3.0619850242519653,0.8886980048935129,0,0,0,,ELIGIBLE_DESIGN_ONLY_RANKING,1,7,0,0,D09C diagnostic only; mainline must decide
T1_OK_A3-4_B1-2-5,T1,40,OK,Oklahoma,2022,402022,402201,3-4,1-2-5,2,3,0,26,44735345.18,0,0,0,0.0,0.0,0.0,0.043747379713946835,2923,4375,0.002169544167351838,96,100,96,100,0.96,0.3741496598639455,0.3763192040312973,2923,4375,2018.5118029421826,2018.9524571428572,2018.0,2020.0,2013,2024,2014,2023,3.5396619868292998,2.7543917247910166,0.44065420067454397,0,0,0,,ELIGIBLE_DESIGN_ONLY_RANKING,1,2,0,0,D09C diagnostic only; mainline must decide
T1_OK_A3-5_B1-2-4,T1,40,OK,Oklahoma,2022,402022,402201,3-5,1-2-4,2,3,0,26,44735345.18,0,0,0,0.0,0.0,0.0,0.06245184469430039,2910,4388,0.00525258061569385,97,99,96,100,0.96,0.3954081632653061,0.4006607438809999,2910,4388,2018.839175257732,2018.7340474020054,2018.0,2020.0,2014,2024,2013,2023,3.251185574306138,2.9955758472315583,0.10512785572655048,0,0,0,,ELIGIBLE_DESIGN_ONLY_RANKING,1,8,0,0,D09C diagnostic only; mainline must decide
T1_OK_A4-5_B1-2-3,T1,40,OK,Oklahoma,2022,402022,402201,4-5,1-2-3,2,3,0,26,44735345.18,0,0,0,0.0,0.0,0.0,0.05209489403630796,2909,4389,0.005823513291312689,97,99,96,100,0.96,0.3954081632653061,0.4012316765566188,2909,4389,2016.8649020281885,2020.0426065162908,2018.0,2021.0,2013,2021,2015,2024,2.6590988907827753,2.6965588228870985,3.1777044881023357,0,0,0,,ELIGIBLE_DESIGN_ONLY_RANKING,1,6,0,0,D09C diagnostic only; mainline must decide
T1_OR_A1-2_B3-4-5,T1,41,OR,Oregon,2022,412022,412201,1-2,3-4-5,2,3,0,197,62962807.46000001,0,0,0,0.0,0.0,0.0,0.09879690947776416,6302,9428,0.0026488662852299696,125,126,123,128,0.9609375,0.4083665338645418,0.4110154001497718,6302,9428,2017.1737543636941,2018.0377598642342,2019.0,2018.0,2014,2022,2012,2024,2.6065833836049834,3.102754886326361,0.8640055005400882,0,0,0,,ELIGIBLE_DESIGN_ONLY_RANKING,1,1,1,0,D09C diagnostic only; mainline must decide
T1_OR_A1-3_B2-4-5,T1,41,OR,Oregon,2022,412022,412201,1-3,2-4-5,2,3,0,197,62962807.46000001,0,0,0,0.0,0.0,0.0,0.12888890017861804,6321,9409,0.007681712227166724,125,127,124,128,0.96875,0.4001322751322751,0.40781398735944185,6321,9409,2017.701313083373,2017.6850887448188,2019.0,2018.0,2014,2023,2012,2024,2.77568782390823,3.0530304093072806,0.01622433855413874,0,0,0,,ELIGIBLE_DESIGN_ONLY_RANKING,1,5,0,0,D09C diagnostic only; mainline must decide
T1_OR_A1-4_B2-3-5,T1,41,OR,Oregon,2022,412022,412201,1-4,2-3-5,2,3,0,197,62962807.46000001,0,0,0,0.0,0.0,0.0,0.14076838232514666,6307,9423,0.003973299427844882,124,128,124,128,0.96875,0.38359788359788366,0.3875711830257285,6307,9423,2018.155858569843,2017.3808765785843,2019.0,2018.0,2012,2024,2013,2023,2.9767518442617846,2.8816246751367762,0.7749819912587554,0,0,0,,ELIGIBLE_DESIGN_ONLY_RANKING,1,8,0,0,D09C diagnostic only; mainline must decide
T1_OR_A1-5_B2-3-4,T1,41,OR,Oregon,2022,412022,412201,1-5,2-3-4,2,3,0,197,62962807.46000001,0,0,0,0.0,0.0,0.0,0.11515713888157793,6301,9429,0.0023839796567069293,125,127,124,128,0.96875,0.4001322751322751,0.40251625478898206,6301,9429,2016.1714013648627,2018.7074981440237,2018.0,2020.0,2013,2022,2012,2024,2.583675446653968,2.725554360500371,2.536096779160971,0,0,0,,ELIGIBLE_DESIGN_ONLY_RANKING,1,2,0,0,D09C diagnostic only; mainline must decide
T1_OR_A2-3_B1-4-5,T1,41,OR,Oregon,2022,412022,412201,2-3,1-4-5,2,3,0,197,62962807.46000001,0,0,0,0.0,0.0,0.0,0.13899654629483263,6289,9441,0.0007946598855689765,125,126,123,128,0.9609375,0.4083665338645418,0.4091611937501108,6289,9441,2018.2269041183017,2017.3350280690604,2020.0,2018.0,2015,2023,2012,2024,2.653769937809564,3.072211878782376,0.8918760492413185,0,0,0,,ELIGIBLE_DESIGN_ONLY_RANKING,1,7,0,0,D09C diagnostic only; mainline must decide
T1_OR_A2-4_B1-3-5,T1,41,OR,Oregon,2022,412022,412201,2-4,1-3-5,2,3,0,197,62962807.46000001,1,0,1,33048.54090879154,0.0,33048.54090879154,0.13409785220962195,6275,9455,0.004503072684890819,125,126,123,128,0.9609375,0.4083665338645418,0.4128696065494326,6275,9455,2018.6849402390437,2017.032363828662,2020.0,2018.0,2012,2024,2013,2023,2.7785704515090104,2.8658404955936785,1.6525764103816982,0,0,0,,ELIGIBLE_DESIGN_ONLY_RANKING,1,9,0,0,D09C diagnostic only; mainline must decide
T1_OR_A2-5_B1-3-4,T1,41,OR,Oregon,2022,412022,412201,2-5,1-3-4,2,3,0,197,62962807.46000001,0,0,0,0.0,0.0,0.0,0.1352946681580196,6269,9461,0.0060923924560287715,127,126,125,128,0.9765625,0.424901185770751,0.43099357822677975,6269,9461,2016.6908597862498,2018.3547193742734,2018.0,2019.0,2013,2022,2012,2024,2.759530860866167,2.8754181933177763,1.6638595880235698,0,0,0,,ELIGIBLE_DESIGN_ONLY_RANKING,1,6,0,0,D09C diagnostic only; mainline must decide
T1_OR_A3-4_B1-2-5,T1,41,OR,Oregon,2022,412022,412201,3-4,1-2-5,2,3,0,197,62962807.46000001,0,0,0,0.0,0.0,0.0,0.11549964746743586,6294,9436,0.0005297732570459362,125,127,124,128,0.96875,0.4001322751322751,0.40066204838932107,6294,9436,2019.2102001906578,2016.6786774056804,2021.0,2018.0,2012,2024,2013,2022,2.6534251540434606,2.682288961804492,2.531522784977369,0,0,0,,ELIGIBLE_DESIGN_ONLY_RANKING,1,3,0,0,D09C diagnostic only; mainline must decide
T1_OR_A3-5_B1-2-4,T1,41,OR,Oregon,2022,412022,412201,3-5,1-2-4,2,3,0,197,62962807.46000001,0,0,0,0.0,0.0,0.0,0.11941432385577987,6288,9442,0.0010595465140920168,125,125,122,128,0.953125,0.41666666666666674,0.41772621318075875,6288,9442,2017.2226463104325,2018.0039186613005,2018.0,2019.0,2013,2023,2012,2024,3.00623113990214,2.8607267516978374,0.7812723508679937,0,0,0,,ELIGIBLE_DESIGN_ONLY_RANKING,1,4,0,0,D09C diagnostic only; mainline must decide
T1_OR_A4-5_B1-2-3,T1,41,OR,Oregon,2022,412022,412201,4-5,1-2-3,2,3,0,197,62962807.46000001,1,0,1,91410.50766659666,0.0,91410.50766659666,0.12299255344906276,6274,9456,0.004767959313413859,125,127,124,128,0.96875,0.4001322751322751,0.40490023444568896,6274,9456,2017.6785145043034,2017.700296108291,2018.0,2019.0,2012,2024,2014,2023,3.26189746811399,2.7139033139271893,0.021781603987619746,0,0,0,,ELIGIBLE_DESIGN_ONLY_RANKING,1,10,0,0,D09C diagnostic only; mainline must decide
T1_PA_A1-2_B3-4-5,T1,42,PA,Pennsylvania,2022,422022,422201,1-2,3-4-5,2,3,0,61,28996035.899999995,0,0,0,0.0,0.0,0.0,0.1892063853658033,1759,2648,0.0035927690794947003,60,64,60,64,0.9375,0.34946236559139787,0.35305513467089256,1759,2648,2019.9886299033542,2018.4561933534744,2021.0,2018.0,2016,2023,2016,2021,2.563169233131483,1.2263506588337592,1.532436549879776,0,0,0,,ELIGIBLE_DESIGN_ONLY_RANKING,1,5,0,0,D09C diagnostic only; mainline must decide
T1_PA_A1-3_B2-4-5,T1,42,PA,Pennsylvania,2022,422022,422201,1-3,2-4-5,2,3,0,61,28996035.899999995,1,0,1,47563.3,0.0,47563.3,0.15590329854040258,1734,2673,0.027229407760381213,63,63,62,64,0.96875,0.4166666666666667,0.4438960744270479,1734,2673,2019.2364475201846,2018.9584736251402,2019.0,2019.0,2016,2023,2016,2023,2.2296145204549647,1.8672635374819606,0.27797389504439707,0,0,0,,ELIGIBLE_DESIGN_ONLY_RANKING,1,9,0,0,D09C diagnostic only; mainline must decide
T1_PA_A1-4_B2-3-5,T1,42,PA,Pennsylvania,2022,422022,422201,1-4,2-3-5,2,3,0,61,28996035.899999995,0,0,0,0.0,0.0,0.0,0.14431890633151656,1776,2631,0.012480145223508056,62,64,62,64,0.96875,0.38359788359788366,0.3960780288213917,1776,2631,2019.911599099099,2018.4982896237173,2020.0,2018.0,2018,2023,2016,2023,1.5450276552625033,2.105374464611533,1.4133094753817659,0,0,0,,ELIGIBLE_DESIGN_ONLY_RANKING,1,2,0,0,D09C diagnostic only; mainline must decide
T1_PA_A1-5_B2-3-4,T1,42,PA,Pennsylvania,2022,422022,422201,1-5,2-3-4,2,3,0,61,28996035.899999995,2,0,2,34968.5,0.0,34968.5,0.17918987342275805,1733,2674,0.028174873307616713,61,63,60,64,0.9375,0.38306451612903225,0.41123938943664895,1733,2674,2020.5833814195037,2018.0856394913988,2021.0,2018.0,2019,2023,2016,2023,0.9656936936616556,1.9184055993383295,2.497741928104915,0,0,0,,ELIGIBLE_DESIGN_ONLY_RANKING,1,7,0,0,D09C diagnostic only; mainline must decide
T1_PA_A2-3_B1-4-5,T1,42,PA,Pennsylvania,2022,422022,422201,2-3,1-4-5,2,3,0,61,28996035.899999995,1,0,1,69519.9,0.0,69519.9,0.18874974051235963,1763,2644,0.00018909310944704877,63,63,62,64,0.96875,0.4166666666666667,0.4168557597761137,1763,2644,2017.8695405558706,2019.8668683812405,2017.0,2020.0,2016,2023,2018,2023,2.299137963097101,1.3018130594847817,1.9973278253698936,0,0,0,,ELIGIBLE_DESIGN_ONLY_RANKING,1,10,0,0,D09C diagnostic only; mainline must decide
T1_PA_A2-4_B1-3-5,T1,42,PA,Pennsylvania,2022,422022,422201,2-4,1-3-5,2,3,0,61,28996035.899999995,0,0,0,0.0,0.0,0.0,0.1382238901949236,1805,2602,0.039898646093336314,62,64,62,64,0.96875,0.38359788359788366,0.42349652969122,1805,2602,2018.565650969529,2019.4162182936202,2018.0,2020.0,2016,2023,2016,2023,2.135575336484241,1.861633888165866,0.8505673240911165,0,0,0,,ELIGIBLE_DESIGN_ONLY_RANKING,1,1,1,0,D09C diagnostic only; mainline must decide
T1_PA_A2-5_B1-3-4,T1,42,PA,Pennsylvania,2022,422022,422201,2-5,1-3-4,2,3,0,61,28996035.899999995,0,0,0,0.0,0.0,0.0,0.14737833052091875,1762,2645,0.000756372437788324,61,63,60,64,0.9375,0.38306451612903225,0.38382088856682056,1762,2645,2019.193530079455,2018.9841209829867,2020.0,2018.0,2016,2023,2016,2023,2.2289467089904753,1.8671186431819595,0.2094090964683346,0,0,0,,ELIGIBLE_DESIGN_ONLY_RANKING,1,3,0,0,D09C diagnostic only; mainline must decide
T1_PA_A3-4_B1-2-5,T1,42,PA,Pennsylvania,2022,422022,422201,3-4,1-2-5,2,3,0,61,28996035.899999995,0,0,0,0.0,0.0,0.0,0.16894612487583405,1780,2627,0.016262007412449934,63,61,60,64,0.9375,0.4502688172043011,0.46653082461675105,1780,2627,2017.8129213483146,2019.9181575942139,2018.0,2020.0,2016,2020,2016,2023,0.9190699679306726,2.120458848549405,2.1052362458992775,0,0,0,,ELIGIBLE_DESIGN_ONLY_RANKING,1,4,0,0,D09C diagnostic only; mainline must decide
T1_PA_A3-5_B1-2-4,T1,42,PA,Pennsylvania,2022,422022,422201,3-5,1-2-4,2,3,0,61,28996035.899999995,1,0,1,36329.100000000006,0.0,36329.100000000006,0.15850768380030666,1737,2670,0.024393011118674836,63,62,61,64,0.953125,0.4333333333333333,0.4577263444520081,1737,2670,2018.4312032239493,2019.48202247191,2019.0,2019.0,2016,2021,2016,2023,1.4591260533060895,2.2200622317225145,1.050819247960817,0,0,0,,ELIGIBLE_DESIGN_ONLY_RANKING,1,8,0,0,D09C diagnostic only; mainline must decide
T1_PA_A4-5_B1-2-3,T1,42,PA,Pennsylvania,2022,422022,422201,4-5,1-2-3,2,3,0,61,28996035.899999995,0,0,0,0.0,0.0,0.0,0.19492390519373534,1779,2628,0.015316541865214433,63,63,62,64,0.96875,0.4166666666666667,0.4319832085318811,1779,2628,2019.124227093873,2019.0296803652968,2019.0,2018.0,2018,2021,2016,2023,0.8322607386815586,2.5267269423711918,0.09454672857623336,0,0,0,,ELIGIBLE_DESIGN_ONLY_RANKING,1,6,0,0,D09C diagnostic only; mainline must decide
T1_RI_A1-2_B3-4-5,T1,44,RI,Rhode Island,2022,442022,442201,1-2,3-4-5,2,3,0,8,781730.1,0,0,0,0.0,0.0,0.0,0.2689458644356185,95,139,0.02492877492877488,6,5,5,6,0.8333333333333334,0.606060606060606,0.6309893809893808,95,139,2020.1368421052632,2018.6906474820144,2022.0,2019.0,2016,2022,2016,2022,2.562456128595033,1.345141126496729,1.4461946232488572,0,0,0,,ELIGIBLE_DESIGN_ONLY_RANKING,1,6,0,0,D09C diagnostic only; mainline must decide
T1_RI_A1-3_B2-4-5,T1,44,RI,Rhode Island,2022,442022,442201,1-3,2-4-5,2,3,0,8,781730.1,0,0,0,0.0,0.0,0.0,0.22072004875438853,88,146,0.09971509971509968,6,5,5,6,0.8333333333333334,0.606060606060606,0.7057757057757057,88,146,2019.4318181818182,2019.1849315068494,2020.0,2019.0,2016,2022,2016,2022,2.2117525923530788,1.9581955967870865,0.24688667496889138,0,0,0,,ELIGIBLE_DESIGN_ONLY_RANKING,1,5,0,0,D09C diagnostic only; mainline must decide
T1_RI_A1-4_B2-3-5,T1,44,RI,Rhode Island,2022,442022,442201,1-4,2-3-5,2,3,0,8,781730.1,0,0,0,0.0,0.0,0.0,0.4321089233233028,91,143,0.046296296296296245,6,5,5,6,0.8333333333333334,0.606060606060606,0.6523569023569022,91,143,2019.989010989011,2018.8251748251748,2019.0,2019.0,2018,2022,2016,2022,1.5811002181638898,2.195753537167021,1.1638361638360948,0,0,0,,ELIGIBLE_DESIGN_ONLY_RANKING,1,10,0,0,D09C diagnostic only; mainline must decide
T1_RI_A1-5_B2-3-4,T1,44,RI,Rhode Island,2022,442022,442201,1-5,2-3-4,2,3,0,8,781730.1,0,0,0,0.0,0.0,0.0,0.18802405368803443,89,145,0.08190883190883197,6,5,5,6,0.8333333333333334,0.606060606060606,0.6879694379694379,89,145,2020.7865168539327,2018.3517241379311,2021.0,2018.0,2019,2022,2016,2022,1.060359181345037,1.9703744514500798,2.434792716001539,0,0,0,,ELIGIBLE_DESIGN_ONLY_RANKING,1,3,0,0,D09C diagnostic only; mainline must decide
T1_RI_A2-3_B1-4-5,T1,44,RI,Rhode Island,2022,442022,442201,2-3,1-4-5,2,3,0,8,781730.1,0,0,0,0.0,0.0,0.0,0.30845838755777427,97,137,0.060541310541310595,5,6,5,6,0.8333333333333334,0.22727272727272727,0.28781403781403786,97,137,2018.2371134020618,2020.014598540146,2017.0,2020.0,2016,2022,2018,2022,2.3751017341205998,1.3931840460521803,1.7774851380841028,0,0,0,,ELIGIBLE_DESIGN_ONLY_RANKING,1,7,0,0,D09C diagnostic only; mainline must decide
T1_RI_A2-4_B1-3-5,T1,44,RI,Rhode Island,2022,442022,442201,2-4,1-3-5,2,3,0,8,781730.1,0,0,0,0.0,0.0,0.0,0.21942736827923312,100,134,0.11396011396011402,5,6,5,6,0.8333333333333334,0.22727272727272727,0.34123284123284126,100,134,2018.78,2019.6492537313434,2019.0,2020.0,2016,2022,2016,2022,2.1676221669345095,1.8928335869188098,0.8692537313434059,0,0,0,,ELIGIBLE_DESIGN_ONLY_RANKING,1,4,0,0,D09C diagnostic only; mainline must decide
T1_RI_A2-5_B1-3-4,T1,44,RI,Rhode Island,2022,442022,442201,2-5,1-3-4,2,3,0,8,781730.1,0,0,0,0.0,0.0,0.0,0.31966684315648014,98,136,0.0783475783475783,5,6,5,6,0.8333333333333334,0.22727272727272727,0.30562030562030557,98,136,2019.4795918367347,2019.1323529411766,2020.0,2019.0,2016,2022,2016,2022,2.307449128620128,1.849159262533519,0.34723889555812093,0,0,0,,ELIGIBLE_DESIGN_ONLY_RANKING,1,8,0,0,D09C diagnostic only; mainline must decide
T1_RI_A3-4_B1-2-5,T1,44,RI,Rhode Island,2022,442022,442201,3-4,1-2-5,2,3,0,8,781730.1,0,0,0,0.0,0.0,0.0,0.17026330214187396,93,141,0.010683760683760684,5,6,5,6,0.8333333333333334,0.22727272727272727,0.23795648795648794,93,141,2018.010752688172,2020.113475177305,2018.0,2021.0,2016,2021,2016,2022,0.938252580898847,2.164955290140654,2.1027224891329297,0,0,0,,ELIGIBLE_DESIGN_ONLY_RANKING,1,2,0,0,D09C diagnostic only; mainline must decide
T1_RI_A3-5_B1-2-4,T1,44,RI,Rhode Island,2022,442022,442201,3-5,1-2-4,2,3,0,8,781730.1,0,0,0,0.0,0.0,0.0,0.3376458932938004,91,143,0.046296296296296245,5,6,5,6,0.8333333333333334,0.22727272727272727,0.2735690235690235,91,143,2018.7472527472528,2019.6153846153845,2019.0,2019.0,2016,2022,2016,2022,1.6165354351782126,2.232673748969856,0.8681318681317407,0,0,0,,ELIGIBLE_DESIGN_ONLY_RANKING,1,9,0,0,D09C diagnostic only; mainline must decide
T1_RI_A4-5_B1-2-3,T1,44,RI,Rhode Island,2022,442022,442201,4-5,1-2-3,2,3,0,8,781730.1,0,0,0,0.0,0.0,0.0,0.1352944466644439,94,140,0.007122507122507174,5,6,5,6,0.8333333333333334,0.22727272727272727,0.23439523439523444,94,140,2019.3085106382978,2019.2571428571428,2019.0,2018.5,2018,2022,2016,2022,1.057757780113664,2.5171967638208854,0.051367781155022385,0,0,0,,ELIGIBLE_DESIGN_ONLY_RANKING,1,1,1,0,D09C diagnostic only; mainline must decide
T1_SC_A1-2_B3-4-5,T1,45,SC,South Carolina,2022,452022,452201,1-2,3-4-5,2,3,0,13,20493135.509999998,0,0,0,0.0,0.0,0.0,0.09829493172509247,1449,2193,0.008923668314113125,47,49,47,49,0.9591836734693877,0.37326388888888895,0.38218755720300207,1449,2193,2019.8661145617668,2020.1509347925216,2020.0,2021.0,2018,2023,2017,2023,0.8005636071396717,2.0223478378419837,0.28482023075480356,0,0,0,,ELIGIBLE_DESIGN_ONLY_RANKING,1,9,0,0,D09C diagnostic only; mainline must decide
T1_SC_A1-3_B2-4-5,T1,45,SC,South Carolina,2022,452022,452201,1-3,2-4-5,2,3,0,13,20493135.509999998,0,0,0,0.0,0.0,0.0,0.07163019581499026,1447,2195,0.0112117883946549,48,48,47,49,0.9591836734693877,0.4166666666666667,0.4278784550613216,1447,2195,2020.4063579820317,2019.7945330296127,2021.0,2020.0,2018,2023,2017,2023,1.2156942550778944,1.8489365240561306,0.611824952419056,0,0,0,,ELIGIBLE_DESIGN_ONLY_RANKING,1,3,0,0,D09C diagnostic only; mainline must decide
T1_SC_A1-4_B2-3-5,T1,45,SC,South Carolina,2022,452022,452201,1-4,2-3-5,2,3,0,13,20493135.509999998,0,0,0,0.0,0.0,0.0,0.08412226026603405,1477,2165,0.023110012813472504,46,49,46,49,0.9387755102040817,0.3508771929824562,0.3739872057959287,1477,2165,2020.092078537576,2020.0004618937644,2020.0,2020.0,2017,2023,2018,2022,1.9553756975294843,1.4117606661266897,0.09161664381167611,0,0,0,,ELIGIBLE_DESIGN_ONLY_RANKING,1,4,0,0,D09C diagnostic only; mainline must decide
T1_SC_A1-5_B2-3-4,T1,45,SC,South Carolina,2022,452022,452201,1-5,2-3-4,2,3,0,13,20493135.509999998,0,0,0,0.0,0.0,0.0,0.08589891581142979,1441,2201,0.01807614863628038,48,48,47,49,0.9591836734693877,0.4166666666666667,0.43474281530294706,1441,2201,2018.8903539208882,2020.7887323943662,2019.0,2021.0,2018,2023,2017,2023,0.9267160956167972,1.5938462004307068,1.898378473478033,0,0,0,,ELIGIBLE_DESIGN_ONLY_RANKING,1,6,0,0,D09C diagnostic only; mainline must decide
T1_SC_A2-3_B1-4-5,T1,45,SC,South Carolina,2022,452022,452201,2-3,1-4-5,2,3,0,13,20493135.509999998,0,0,0,0.0,0.0,0.0,0.06643351695573445,1448,2194,0.010067728354384091,48,48,47,49,0.9591836734693877,0.4166666666666667,0.42673439502105076,1448,2194,2020.8273480662983,2019.5164083865086,2021.0,2019.0,2018,2022,2017,2023,0.8258258066985972,1.8465912814513632,1.3109396797897261,0,0,0,,ELIGIBLE_DESIGN_ONLY_RANKING,1,2,0,0,D09C diagnostic only; mainline must decide
T1_SC_A2-4_B1-3-5,T1,45,SC,South Carolina,2022,452022,452201,2-4,1-3-5,2,3,0,13,20493135.509999998,0,0,0,0.0,0.0,0.0,0.09981487457873847,1478,2164,0.024254072853743314,47,49,47,49,0.9591836734693877,0.37326388888888895,0.39751796174263226,1478,2164,2020.5047361299053,2019.7185767097967,2020.0,2019.0,2017,2023,2018,2023,1.8179625160073463,1.4487090266366847,0.7861594201085609,0,0,0,,ELIGIBLE_DESIGN_ONLY_RANKING,1,10,0,0,D09C diagnostic only; mainline must decide
T1_SC_A2-5_B1-3-4,T1,45,SC,South Carolina,2022,452022,452201,2-5,1-3-4,2,3,0,13,20493135.509999998,0,0,0,0.0,0.0,0.0,0.06064748693870639,1442,2200,0.01693208859600957,48,48,47,49,0.9591836734693877,0.4166666666666667,0.43359875526267627,1442,2200,2019.3141470180306,2020.5118181818182,2020.0,2021.0,2018,2022,2017,2023,1.1587076126433384,1.75587012969549,1.1976711637876178,0,0,0,,ELIGIBLE_DESIGN_ONLY_RANKING,1,1,1,0,D09C diagnostic only; mainline must decide
T1_SC_A3-4_B1-2-5,T1,45,SC,South Carolina,2022,452022,452201,3-4,1-2-5,2,3,0,13,20493135.509999998,0,0,0,0.0,0.0,0.0,0.09735369653631949,1476,2166,0.021965952773201538,45,48,44,49,0.8979591836734694,0.3494623655913978,0.37142831836459933,1476,2166,2021.0352303523034,2019.3578024007386,2022.0,2019.0,2017,2023,2018,2023,1.8591355785537038,1.0519317190468966,1.6774279515648232,0,0,0,,ELIGIBLE_DESIGN_ONLY_RANKING,1,8,0,0,D09C diagnostic only; mainline must decide
T1_SC_A3-5_B1-2-4,T1,45,SC,South Carolina,2022,452022,452201,3-5,1-2-4,2,3,0,13,20493135.509999998,0,0,0,0.0,0.0,0.0,0.09625225985605089,1440,2202,0.019220208676551345,49,47,47,49,0.9591836734693877,0.4600694444444445,0.4792896531209958,1440,2202,2019.85625,2020.1562216167122,2020.0,2020.0,2018,2022,2017,2023,1.6683381414670713,1.6345124562057076,0.2999716167121278,0,0,0,,ELIGIBLE_DESIGN_ONLY_RANKING,1,7,0,0,D09C diagnostic only; mainline must decide
T1_SC_A4-5_B1-2-3,T1,45,SC,South Carolina,2022,452022,452201,4-5,1-2-3,2,3,0,13,20493135.509999998,0,0,0,0.0,0.0,0.0,0.08482061846003408,1470,2172,0.015101592531576058,48,48,47,49,0.9591836734693877,0.4166666666666667,0.43176825919824274,1470,2172,2019.551700680272,2020.3664825046042,2018.0,2020.0,2017,2023,2018,2023,2.1859709181979436,1.0431235925169156,0.8147818243321581,0,0,0,,ELIGIBLE_DESIGN_ONLY_RANKING,1,5,0,0,D09C diagnostic only; mainline must decide
T1_SD_A1-2_B3-4-5,T1,46,SD,South Dakota,2022,462022,462201,1-2,3-4-5,2,3,0,19,49353880.300000004,0,0,0,0.0,0.0,0.0,0.030607830371371332,3374,5086,0.004925137903861263,102,105,102,105,0.9714285714285714,0.3864734299516908,0.3913985678555521,3374,5086,2019.830171902786,2018.3497837200157,2021.0,2018.0,2016,2022,2016,2020,2.523749539946152,1.2166280562905805,1.4803881827704117,0,0,0,,ELIGIBLE_DESIGN_ONLY_RANKING,1,5,0,0,D09C diagnostic only; mainline must decide
T1_SD_A1-3_B2-4-5,T1,46,SD,South Dakota,2022,462022,462201,1-3,2-4-5,2,3,0,19,49353880.300000004,0,0,0,0.0,0.0,0.0,0.032271767360723735,3382,5078,0.0009850275807723064,104,104,103,105,0.9809523809523809,0.4166666666666667,0.417651694247439,3382,5078,2019.0881135422826,2018.8416699487987,2018.0,2019.0,2016,2022,2016,2022,2.191493743608589,1.8349625015467654,0.24644359348394573,0,0,0,,ELIGIBLE_DESIGN_ONLY_RANKING,1,6,0,0,D09C diagnostic only; mainline must decide
T1_SD_A1-4_B2-3-5,T1,46,SD,South Dakota,2022,462022,462201,1-4,2-3-5,2,3,0,19,49353880.300000004,0,0,0,0.0,0.0,0.0,0.027559152488491202,3366,5094,0.008865248226950355,103,104,102,105,0.9714285714285714,0.40660225442834147,0.4154675026552918,3366,5094,2019.81669637552,2018.3610129564192,2019.0,2018.0,2017,2022,2016,2022,1.512100932944073,2.053051402543382,1.455683419100751,0,0,0,,ELIGIBLE_DESIGN_ONLY_RANKING,1,3,0,0,D09C diagnostic only; mainline must decide
T1_SD_A1-5_B2-3-4,T1,46,SD,South Dakota,2022,462022,462201,1-5,2-3-4,2,3,0,19,49353880.300000004,0,0,0,0.0,0.0,0.0,0.034254327528875785,3384,5076,0.0,102,105,102,105,0.9714285714285714,0.3864734299516908,0.3864734299516908,3384,5076,2020.4175531914893,2017.955279747833,2020.0,2018.0,2017,2022,2016,2022,0.9991124261514887,1.87116299036296,2.462273443656386,0,0,0,,ELIGIBLE_DESIGN_ONLY_RANKING,1,8,0,0,D09C diagnostic only; mainline must decide
T1_SD_A2-3_B1-4-5,T1,46,SD,South Dakota,2022,462022,462201,2-3,1-4-5,2,3,0,19,49353880.300000004,0,0,0,0.0,0.0,0.0,0.03533553212357143,3392,5068,0.003940110323089091,104,104,103,105,0.9809523809523809,0.4166666666666667,0.4206067769897558,3392,5068,2017.7219929245282,2019.7555248618785,2017.0,2020.0,2016,2022,2017,2022,2.2212373596250843,1.2815657441717836,2.03353193735029,0,0,0,,ELIGIBLE_DESIGN_ONLY_RANKING,1,9,0,0,D09C diagnostic only; mainline must decide
T1_SD_A2-4_B1-3-5,T1,46,SD,South Dakota,2022,462022,462201,2-4,1-3-5,2,3,0,19,49353880.300000004,0,0,0,0.0,0.0,0.0,0.024805256617310943,3376,5084,0.003940110323089091,104,104,103,105,0.9809523809523809,0.4166666666666667,0.4206067769897558,3376,5084,2018.441943127962,2019.2710464201416,2018.0,2020.0,2016,2022,2016,2022,2.1007667632332137,1.8377261669506237,0.8291032921795249,0,0,0,,ELIGIBLE_DESIGN_ONLY_RANKING,1,2,0,0,D09C diagnostic only; mainline must decide
T1_SD_A2-5_B1-3-4,T1,46,SD,South Dakota,2022,462022,462201,2-5,1-3-4,2,3,0,19,49353880.300000004,0,0,0,0.0,0.0,0.0,0.033545183248134505,3394,5066,0.004925137903861263,103,105,103,105,0.9809523809523809,0.39663461538461536,0.40155975328847665,3394,5066,2019.0483205657042,2018.8677457560204,2020.0,2018.0,2016,2022,2016,2022,2.1834570416843078,1.8435014142308719,0.18057480968377604,0,0,0,,ELIGIBLE_DESIGN_ONLY_RANKING,1,7,0,0,D09C diagnostic only; mainline must decide
T1_SD_A3-4_B1-2-5,T1,46,SD,South Dakota,2022,462022,462201,3-4,1-2-5,2,3,0,19,49353880.300000004,0,0,0,0.0,0.0,0.0,0.023546720058699046,3384,5076,0.0,105,103,103,105,0.9809523809523809,0.4366987179487179,0.4366987179487179,3384,5076,2017.7036052009457,2019.7645784081953,2018.0,2020.0,2016,2019,2016,2022,0.8956352954665783,2.087621089271976,2.060973207249617,0,0,0,,ELIGIBLE_DESIGN_ONLY_RANKING,1,1,1,0,D09C diagnostic only; mainline must decide
T1_SD_A3-5_B1-2-4,T1,46,SD,South Dakota,2022,462022,462201,3-5,1-2-4,2,3,0,19,49353880.300000004,0,0,0,0.0,0.0,0.0,0.029592104630120363,3402,5058,0.008865248226950355,104,104,103,105,0.9809523809523809,0.4166666666666667,0.425531914893617,3402,5058,2018.3124632569077,2019.3623962040333,2018.0,2019.0,2016,2020,2016,2022,1.4378071813392457,2.1867854044200588,1.049932947125626,0,0,0,,ELIGIBLE_DESIGN_ONLY_RANKING,1,4,0,0,D09C diagnostic only; mainline must decide
T1_SD_A4-5_B1-2-3,T1,46,SD,South Dakota,2022,462022,462201,4-5,1-2-3,2,3,0,19,49353880.300000004,0,0,0,0.0,0.0,0.0,0.03807886409385649,3386,5074,0.0009850275807723064,104,104,103,105,0.9809523809523809,0.4166666666666667,0.417651694247439,3386,5074,2019.0330773774365,2018.8782026014978,2019.0,2018.0,2017,2020,2016,2022,0.826141452640934,2.475853394506872,0.1548747759386515,0,0,0,,ELIGIBLE_DESIGN_ONLY_RANKING,1,10,0,0,D09C diagnostic only; mainline must decide
T1_TN_A1-2_B3-4-5,T1,47,TN,Tennessee,2022,472022,472201,1-2,3-4-5,2,3,0,21,26971951.349999998,0,0,0,0.0,0.0,0.0,0.07777027334680695,1861,2782,0.003410151482518446,63,65,63,65,0.9692307692307692,0.38411458333333326,0.3875247348158517,1861,2782,2021.863514239656,2019.502156721783,2023.0,2019.0,2016,2025,2016,2024,2.3921166018880236,1.7658194483652194,2.3613575178731026,0,0,0,,ELIGIBLE_DESIGN_ONLY_RANKING,1,1,1,0,D09C diagnostic only; mainline must decide
T1_TN_A1-3_B2-4-5,T1,47,TN,Tennessee,2022,472022,472201,1-3,2-4-5,2,3,0,21,26971951.349999998,0,0,0,0.0,0.0,0.0,0.10606779353940127,1924,2719,0.05994687342953546,65,63,63,65,0.9692307692307692,0.44921875,0.5091656234295354,1924,2719,2019.7453222453223,2020.9463037881574,2019.0,2021.0,2016,2025,2017,2024,2.9070545482935093,1.6783432422056765,1.200981542835052,0,0,0,,ELIGIBLE_DESIGN_ONLY_RANKING,1,9,0,0,D09C diagnostic only; mainline must decide
T1_TN_A1-4_B2-3-5,T1,47,TN,Tennessee,2022,472022,472201,1-4,2-3-5,2,3,0,21,26971951.349999998,0,0,0,0.0,0.0,0.0,0.08751211805826563,1848,2795,0.00825615622083419,64,65,64,65,0.9846153846153847,0.400516795865633,0.4087729520864672,1848,2795,2020.525974025974,2020.397495527728,2020.0,2021.0,2016,2025,2016,2024,2.57836079079123,2.176481835750252,0.12847849824584046,0,0,0,,ELIGIBLE_DESIGN_ONLY_RANKING,1,4,0,0,D09C diagnostic only; mainline must decide
T1_TN_A1-5_B2-3-4,T1,47,TN,Tennessee,2022,472022,472201,1-5,2-3-4,2,3,0,21,26971951.349999998,0,0,0,0.0,0.0,0.0,0.09195037527649812,1848,2795,0.00825615622083419,63,65,63,65,0.9692307692307692,0.38411458333333326,0.39237073955416746,1848,2795,2021.3777056277056,2019.8343470483005,2022.0,2019.0,2016,2025,2016,2024,2.3972508925497955,2.09545838476734,1.5433585794050941,0,0,0,,ELIGIBLE_DESIGN_ONLY_RANKING,1,5,0,0,D09C diagnostic only; mainline must decide
T1_TN_A2-3_B1-4-5,T1,47,TN,Tennessee,2022,472022,472201,2-3,1-4-5,2,3,0,21,26971951.349999998,0,0,0,0.0,0.0,0.0,0.11088424871305856,1893,2750,0.032127216598463675,65,64,64,65,0.9846153846153847,0.43281653746770027,0.46494375406616395,1893,2750,2020.0190174326467,2020.7443636363637,2019.0,2021.0,2016,2024,2016,2025,2.396186559454131,2.2630959678943063,0.7253462037169811,0,0,0,,ELIGIBLE_DESIGN_ONLY_RANKING,1,10,0,0,D09C diagnostic only; mainline must decide
T1_TN_A2-4_B1-3-5,T1,47,TN,Tennessee,2022,472022,472201,2-4,1-3-5,2,3,0,21,26971951.349999998,0,0,0,0.0,0.0,0.0,0.09802395028996246,1817,2826,0.036075813051906096,63,65,63,65,0.9692307692307692,0.38411458333333326,0.42019039638523936,1817,2826,2020.8244358833242,2020.2070063694268,2021.0,2020.0,2017,2024,2016,2025,1.8241821302332557,2.5980183921552817,0.6174295138973775,0,0,0,,ELIGIBLE_DESIGN_ONLY_RANKING,1,7,0,0,D09C diagnostic only; mainline must decide
T1_TN_A2-5_B1-3-4,T1,47,TN,Tennessee,2022,472022,472201,2-5,1-3-4,2,3,0,21,26971951.349999998,0,0,0,0.0,0.0,0.0,0.08125310684970963,1817,2826,0.036075813051906096,62,65,62,65,0.9538461538461539,0.3674540682414698,0.4035298812933759,1817,2826,2021.6906989543204,2019.650035385704,2022.0,2019.0,2018,2024,2016,2025,1.3715511035670682,2.489687402381927,2.04066356861631,0,0,0,,ELIGIBLE_DESIGN_ONLY_RANKING,1,2,0,0,D09C diagnostic only; mainline must decide
T1_TN_A3-4_B1-2-5,T1,47,TN,Tennessee,2022,472022,472201,3-4,1-2-5,2,3,0,21,26971951.349999998,0,0,0,0.0,0.0,0.0,0.08521023346501957,1880,2763,0.02046090889511092,65,63,63,65,0.9692307692307692,0.44921875,0.46967965889511093,1880,2763,2018.6914893617022,2021.6442272891784,2019.0,2022.0,2016,2024,2016,2025,1.3310601179784567,2.1230498932237674,2.9527379274761643,0,0,0,,ELIGIBLE_DESIGN_ONLY_RANKING,1,3,0,0,D09C diagnostic only; mainline must decide
T1_TN_A3-5_B1-2-4,T1,47,TN,Tennessee,2022,472022,472201,3-5,1-2-4,2,3,0,21,26971951.349999998,0,0,0,0.0,0.0,0.0,0.09367746028925177,1880,2763,0.02046090889511092,64,64,63,65,0.9692307692307692,0.4166666666666667,0.4371275755617776,1880,2763,2019.5287234042553,2021.0745566413318,2019.0,2021.0,2016,2024,2016,2025,1.9928623214183425,2.3610281186237065,1.545833237076522,0,0,0,,ELIGIBLE_DESIGN_ONLY_RANKING,1,6,0,0,D09C diagnostic only; mainline must decide
T1_TN_A4-5_B1-2-3,T1,47,TN,Tennessee,2022,472022,472201,4-5,1-2-3,2,3,0,21,26971951.349999998,0,0,0,0.0,0.0,0.0,0.10073104993525878,1804,2839,0.047742120755258854,63,65,63,65,0.9692307692307692,0.38411458333333326,0.4318567040885921,1804,2839,2020.3192904656319,2020.5308207115181,2020.0,2021.0,2017,2024,2016,2025,1.5098288979389636,2.744271577889895,0.21153024588625158,0,0,0,,ELIGIBLE_DESIGN_ONLY_RANKING,1,8,0,0,D09C diagnostic only; mainline must decide
T1_TX_A1-2_B3-4-5,T1,48,TX,Texas,2022,482022,482201,1-2,3-4-5,2,3,0,34,171901685.51000005,0,0,0,0.0,0.0,0.0,0.04435252095023388,9809,14306,0.028163660239131874,325,325,325,325,1.0,0.4166666666666667,0.44483032690579855,9809,14306,2018.255377714344,2019.0181042919055,2019.0,2019.0,2014,2023,2008,2025,2.5312339022420947,3.089080688952442,0.7627265775615797,0,0,0,,ELIGIBLE_DESIGN_ONLY_RANKING,1,7,0,0,D09C diagnostic only; mainline must decide
T1_TX_A1-3_B2-4-5,T1,48,TX,Texas,2022,482022,482201,1-3,2-4-5,2,3,0,34,171901685.51000005,0,0,0,0.0,0.0,0.0,0.04263637849554556,9710,14405,0.011058124265671373,325,325,325,325,1.0,0.4166666666666667,0.42772479093233806,9710,14405,2018.7677651905253,2018.6674765706352,2019.0,2019.0,2014,2024,2008,2025,2.6829842759607194,3.036197580746275,0.10028861989007964,0,0,0,,ELIGIBLE_DESIGN_ONLY_RANKING,1,6,0,0,D09C diagnostic only; mainline must decide
T1_TX_A1-4_B2-3-5,T1,48,TX,Texas,2022,482022,482201,1-4,2-3-5,2,3,0,34,171901685.51000005,0,0,0,0.0,0.0,0.0,0.02744184985258891,9634,14481,0.0020733982998133943,325,325,325,325,1.0,0.4166666666666667,0.4187400649664801,9634,14481,2019.1184347104006,2018.4347075478213,2019.0,2018.0,2014,2025,2008,2024,2.8798181611841076,2.880402874130164,0.6837271625793164,0,0,0,,ELIGIBLE_DESIGN_ONLY_RANKING,1,1,1,0,D09C diagnostic only; mainline must decide
T1_TX_A1-5_B2-3-4,T1,48,TX,Texas,2022,482022,482201,1-5,2-3-4,2,3,0,34,171901685.51000005,0,0,0,0.0,0.0,0.0,0.05054316408116472,9647,14468,0.00017278319165105332,325,325,325,325,1.0,0.4166666666666667,0.4168394498583177,9647,14468,2017.054110086037,2019.8105474149847,2018.0,2020.0,2008,2022,2015,2025,2.6913549585797107,2.4787157898504133,2.7564373289476407,0,0,0,,ELIGIBLE_DESIGN_ONLY_RANKING,1,10,0,0,D09C diagnostic only; mainline must decide
T1_TX_A2-3_B1-4-5,T1,48,TX,Texas,2022,482022,482201,2-3,1-4-5,2,3,0,34,171901685.51000005,0,0,0,0.0,0.0,0.0,0.045269090956792706,9729,14386,0.014341004907042706,325,325,325,325,1.0,0.4166666666666667,0.4310076715737094,9729,14386,2019.397882618974,2018.2412067287642,2020.0,2019.0,2015,2024,2008,2025,2.4192296967107634,3.0976575478434363,1.1566758902099536,0,0,0,,ELIGIBLE_DESIGN_ONLY_RANKING,1,8,0,0,D09C diagnostic only; mainline must decide
T1_TX_A2-4_B1-3-5,T1,48,TX,Texas,2022,482022,482201,2-4,1-3-5,2,3,0,34,171901685.51000005,0,0,0,0.0,0.0,0.0,0.03802659550804288,9653,14462,0.0012094823415577504,325,325,325,325,1.0,0.4166666666666667,0.41787614900822445,9653,14462,2019.7528229565937,2018.010372009404,2020.0,2018.0,2015,2025,2008,2024,2.5470344598012256,2.9109652294527923,1.742450947189809,0,0,0,,ELIGIBLE_DESIGN_ONLY_RANKING,1,5,0,0,D09C diagnostic only; mainline must decide
T1_TX_A2-5_B1-3-4,T1,48,TX,Texas,2022,482022,482201,2-5,1-3-4,2,3,0,34,171901685.51000005,0,0,0,0.0,0.0,0.0,0.0319331202380251,9666,14449,0.0034556638330223866,325,325,325,325,1.0,0.4166666666666667,0.42012233049968906,9666,14449,2017.6917028760604,2019.3876392829955,2018.0,2019.0,2008,2023,2014,2025,2.8392940578766477,2.736056875185263,1.6959364069350613,0,0,0,,ELIGIBLE_DESIGN_ONLY_RANKING,1,2,0,0,D09C diagnostic only; mainline must decide
T1_TX_A3-4_B1-2-5,T1,48,TX,Texas,2022,482022,482201,3-4,1-2-5,2,3,0,34,171901685.51000005,0,0,0,0.0,0.0,0.0,0.036901529037619646,9554,14561,0.015896053631902753,323,325,323,325,0.9938461538461538,0.4102366255144033,0.4261326791463061,9554,14561,2020.2890935733724,2017.6703523109677,2021.0,2018.0,2016,2025,2008,2023,2.3850858073935863,2.733915135963199,2.618741262404683,0,0,0,,ELIGIBLE_DESIGN_ONLY_RANKING,1,4,0,0,D09C diagnostic only; mainline must decide
T1_TX_A3-5_B1-2-4,T1,48,TX,Texas,2022,482022,482201,3-5,1-2-4,2,3,0,34,171901685.51000005,0,0,0,0.0,0.0,0.0,0.032536145781291895,9567,14548,0.013649872140438115,325,325,325,325,1.0,0.4166666666666667,0.4303165388071048,9567,14548,2018.2059161701684,2019.037943359912,2018.0,2019.0,2008,2024,2014,2025,3.0768324430460714,2.726947918179877,0.8320271897437124,0,0,0,,ELIGIBLE_DESIGN_ONLY_RANKING,1,3,0,0,D09C diagnostic only; mainline must decide
T1_TX_A4-5_B1-2-3,T1,48,TX,Texas,2022,482022,482201,4-5,1-2-3,2,3,0,34,171901685.51000005,0,0,0,0.0,0.0,0.0,0.04769565346046696,9491,14624,0.02678139470592307,323,325,323,325,0.9938461538461538,0.4102366255144033,0.4370180202203264,9491,14624,2018.5573701401327,2018.8055251641138,2019.0,2019.0,2008,2025,2014,2024,3.315917989587013,2.589186207988171,0.24815502398109857,0,0,0,,ELIGIBLE_DESIGN_ONLY_RANKING,1,9,0,0,D09C diagnostic only; mainline must decide
T1_UT_A1-2_B3-4-5,T1,49,UT,Utah,2022,492022,492201,1-2,3-4-5,2,3,0,135,54335029.00000001,0,0,0,0.0,0.0,0.0,0.13980721381037972,3578,5277,0.01693958215697346,109,111,109,111,0.9819819819819819,0.3977272727272727,0.41466685488424615,3578,5277,2017.1389044158748,2017.9774493083191,2015.5,2018.0,2011,2023,2011,2024,2.8688587825775675,3.1924117663952316,0.8385448924443608,0,0,0,,ELIGIBLE_DESIGN_ONLY_RANKING,1,5,0,0,D09C diagnostic only; mainline must decide
T1_UT_A1-3_B2-4-5,T1,49,UT,Utah,2022,492022,492201,1-3,2-4-5,2,3,0,135,54335029.00000001,0,0,0,0.0,0.0,0.0,0.14124812961719002,3583,5272,0.019292301900997597,107,111,107,111,0.963963963963964,0.37844036697247707,0.3977326688734747,3583,5272,2017.6472229974881,2017.6327769347497,2019.0,2018.0,2011,2023,2011,2024,2.953203310016386,3.1849656353862597,0.014446062738443288,0,0,0,,ELIGIBLE_DESIGN_ONLY_RANKING,1,6,0,0,D09C diagnostic only; mainline must decide
T1_UT_A1-4_B2-3-5,T1,49,UT,Utah,2022,492022,492201,1-4,2-3-5,2,3,0,135,54335029.00000001,0,0,0,0.0,0.0,0.0,0.1332034090113487,3573,5282,0.014586862412949327,111,110,110,111,0.990990990990991,0.4260935143288085,0.4406803767417578,3573,5282,2018.0839630562552,2017.337372207497,2019.0,2017.0,2011,2024,2011,2023,3.0546905116255343,3.08286130782054,0.7465908487581601,0,0,0,,ELIGIBLE_DESIGN_ONLY_RANKING,1,1,1,0,D09C diagnostic only; mainline must decide
T1_UT_A1-5_B2-3-4,T1,49,UT,Utah,2022,492022,492201,1-5,2-3-4,2,3,0,135,54335029.00000001,0,0,0,0.0,0.0,0.0,0.14362130270331724,3497,5358,0.021174477696216828,109,111,109,111,0.9819819819819819,0.3977272727272727,0.41890175042348954,3497,5358,2016.0162996854447,2018.697461739455,2014.0,2020.0,2011,2023,2011,2024,2.660202872780681,2.890529148864646,2.6811620540104286,0,0,0,,ELIGIBLE_DESIGN_ONLY_RANKING,1,7,0,0,D09C diagnostic only; mainline must decide
T1_UT_A2-3_B1-4-5,T1,49,UT,Utah,2022,492022,492201,2-3,1-4-5,2,3,0,135,54335029.00000001,0,0,0,0.0,0.0,0.0,0.13767745736639225,3577,5278,0.016469038208168685,109,111,109,111,0.9819819819819819,0.3977272727272727,0.4141963109354414,3577,5278,2018.2356723511323,2017.2339901477833,2018.0,2018.0,2011,2023,2011,2024,2.9156835131735472,3.1442492322200555,1.0016822033489916,0,0,0,,ELIGIBLE_DESIGN_ONLY_RANKING,1,4,0,0,D09C diagnostic only; mainline must decide
T1_UT_A2-4_B1-3-5,T1,49,UT,Utah,2022,492022,492201,2-4,1-3-5,2,3,0,135,54335029.00000001,0,0,0,0.0,0.0,0.0,0.13752811701399711,3567,5288,0.011763598720120417,111,110,110,111,0.990990990990991,0.4260935143288085,0.4378571130489289,3567,5288,2018.6747967479675,2016.9396747352496,2018.0,2017.0,2011,2024,2011,2023,2.9314836260910444,3.0021666799291657,1.7351220127179658,0,0,0,,ELIGIBLE_DESIGN_ONLY_RANKING,1,3,0,0,D09C diagnostic only; mainline must decide
T1_UT_A2-5_B1-3-4,T1,49,UT,Utah,2022,492022,492201,2-5,1-3-4,2,3,0,135,54335029.00000001,0,0,0,0.0,0.0,0.0,0.1444481482980383,3491,5364,0.023997741389045736,110,111,110,111,0.990990990990991,0.4072398190045249,0.43123756039357064,3491,5364,2016.616442280149,2018.3038777032066,2015.0,2019.0,2011,2023,2011,2024,2.9674169550044667,2.9903405727999988,1.68743542305765,0,0,0,,ELIGIBLE_DESIGN_ONLY_RANKING,1,8,0,0,D09C diagnostic only; mainline must decide
T1_UT_A3-4_B1-2-5,T1,49,UT,Utah,2022,492022,492201,3-4,1-2-5,2,3,0,135,54335029.00000001,0,0,0,0.0,0.0,0.0,0.14998952780003794,3572,5283,0.014116318464144552,111,110,110,111,0.990990990990991,0.4260935143288085,0.44020983279295306,3572,5283,2019.1825307950728,2016.5947378383494,2021.0,2015.0,2012,2024,2011,2023,2.742929094463359,2.8721110540568744,2.5877929567234332,0,0,0,,ELIGIBLE_DESIGN_ONLY_RANKING,1,9,0,0,D09C diagnostic only; mainline must decide
T1_UT_A3-5_B1-2-4,T1,49,UT,Utah,2022,492022,492201,3-5,1-2-4,2,3,0,135,54335029.00000001,0,0,0,0.0,0.0,0.0,0.1337559032031184,3496,5359,0.021645021645021603,110,111,110,111,0.990990990990991,0.4072398190045249,0.42888484064954646,3496,5359,2017.1381578947369,2017.9651054301175,2018.0,2018.0,2011,2023,2011,2024,3.1377652461831986,3.019547944044188,0.8269475353806683,0,0,0,,ELIGIBLE_DESIGN_ONLY_RANKING,1,2,0,0,D09C diagnostic only; mainline must decide
T1_UT_A4-5_B1-2-3,T1,49,UT,Utah,2022,492022,492201,4-5,1-2-3,2,3,0,135,54335029.00000001,1,0,1,58948.084789938206,0.0,58948.084789938206,0.13671807187524232,3486,5369,0.026350461133069873,110,109,108,111,0.972972972972973,0.426179604261796,0.4525300653948659,3486,5369,2017.5843373493976,2017.673868504377,2018.0,2018.0,2011,2024,2011,2023,3.305345647237551,2.946933279014307,0.0895311549793405,0,0,0,,ELIGIBLE_DESIGN_ONLY_RANKING,1,10,0,0,D09C diagnostic only; mainline must decide
T1_VT_A1-2_B3-4-5,T1,50,VT,Vermont,2022,502022,502201,1-2,3-4-5,2,3,0,17,6153028.8,0,0,0,0.0,0.0,0.0,0.1472222872866888,452,670,0.01188354129530596,18,18,18,18,1.0,0.41666666666666663,0.4285502079619726,452,670,2020.0818584070796,2018.4194029850746,2021.0,2019.0,2016,2023,2016,2020,2.559262660122835,1.2342567713282158,1.6624554220049959,0,0,0,,ELIGIBLE_DESIGN_ONLY_RANKING,1,5,0,0,D09C diagnostic only; mainline must decide
T1_VT_A1-3_B2-4-5,T1,50,VT,Vermont,2022,502022,502201,1-3,2-4-5,2,3,0,17,6153028.8,0,0,0,0.0,0.0,0.0,0.16049698492435807,449,673,0.0007427213309565828,18,18,18,18,1.0,0.41666666666666663,0.4174093879976232,449,673,2019.2427616926504,2018.9866270430907,2021.0,2019.0,2016,2023,2016,2023,2.291550363905403,1.869587283917028,0.2561346495597263,0,0,0,,ELIGIBLE_DESIGN_ONLY_RANKING,1,6,0,0,D09C diagnostic only; mainline must decide
T1_VT_A1-4_B2-3-5,T1,50,VT,Vermont,2022,502022,502201,1-4,2-3-5,2,3,0,17,6153028.8,0,0,0,0.0,0.0,0.0,0.18990992647063015,452,670,0.01188354129530596,18,18,18,18,1.0,0.41666666666666663,0.4285502079619726,452,670,2019.9845132743362,2018.4850746268658,2021.0,2018.0,2018,2023,2016,2023,1.560950583740188,2.122324481596732,1.4994386474704697,0,0,0,,ELIGIBLE_DESIGN_ONLY_RANKING,1,8,0,0,D09C diagnostic only; mainline must decide
T1_VT_A1-5_B2-3-4,T1,50,VT,Vermont,2022,502022,502201,1-5,2-3-4,2,3,0,17,6153028.8,0,0,0,0.0,0.0,0.0,0.12720457010610248,450,672,0.004456327985739751,18,18,18,18,1.0,0.41666666666666663,0.4211229946524064,450,672,2020.591111111111,2018.0833333333333,2021.0,2018.0,2019,2023,2016,2023,0.9907865589743318,1.9621353575761717,2.5077777777778465,0,0,0,,ELIGIBLE_DESIGN_ONLY_RANKING,1,2,0,0,D09C diagnostic only; mainline must decide
T1_VT_A2-3_B1-4-5,T1,50,VT,Vermont,2022,502022,502201,2-3,1-4-5,2,3,0,17,6153028.8,1,0,1,84856.37608408243,0.0,84856.37608408243,0.17100255569885353,447,675,0.0066844919786096255,18,18,18,18,1.0,0.41666666666666663,0.4233511586452763,447,675,2017.8635346756153,2019.9007407407407,2017.0,2020.0,2016,2023,2018,2023,2.3440964943696287,1.3075616816729039,2.037206065125474,0,0,0,,ELIGIBLE_DESIGN_ONLY_RANKING,1,10,0,0,D09C diagnostic only; mainline must decide
T1_VT_A2-4_B1-3-5,T1,50,VT,Vermont,2022,502022,502201,2-4,1-3-5,2,3,0,17,6153028.8,0,0,0,0.0,0.0,0.0,0.10305906483679601,450,672,0.004456327985739751,18,18,18,18,1.0,0.41666666666666663,0.4211229946524064,450,672,2018.6177777777777,2019.404761904762,2018.0,2020.0,2016,2023,2016,2023,2.173057219401362,1.9037592279670479,0.78698412698418,0,0,0,,ELIGIBLE_DESIGN_ONLY_RANKING,1,1,1,0,D09C diagnostic only; mainline must decide
T1_VT_A2-5_B1-3-4,T1,50,VT,Vermont,2022,502022,502201,2-5,1-3-4,2,3,0,17,6153028.8,0,0,0,0.0,0.0,0.0,0.20769134964472885,448,674,0.002970885323826458,18,18,18,18,1.0,0.41666666666666663,0.4196375519904931,448,674,2019.220982142857,2019.0014836795253,2020.0,2019.0,2016,2023,2016,2023,2.2220789426617817,1.9269722789711947,0.21949846333177447,0,0,0,,ELIGIBLE_DESIGN_ONLY_RANKING,1,9,0,0,D09C diagnostic only; mainline must decide
T1_VT_A3-4_B1-2-5,T1,50,VT,Vermont,2022,502022,502201,3-4,1-2-5,2,3,0,17,6153028.8,0,0,0,0.0,0.0,0.0,0.13880288854134817,447,675,0.0066844919786096255,18,18,18,18,1.0,0.41666666666666663,0.4233511586452763,447,675,2017.765100671141,2019.9659259259258,2018.0,2020.0,2016,2020,2016,2023,0.9474246073981741,2.115442828926703,2.2008252547848315,0,0,0,,ELIGIBLE_DESIGN_ONLY_RANKING,1,3,0,0,D09C diagnostic only; mainline must decide
T1_VT_A3-5_B1-2-4,T1,50,VT,Vermont,2022,502022,502201,3-5,1-2-4,2,3,0,17,6153028.8,0,0,0,0.0,0.0,0.0,0.1441508560271761,445,677,0.014111705288175834,18,18,18,18,1.0,0.41666666666666663,0.4307783719548425,445,677,2018.3685393258427,2019.562776957164,2019.0,2019.0,2016,2020,2016,2023,1.460870675965515,2.2389049188568193,1.1942376313213572,0,0,0,,ELIGIBLE_DESIGN_ONLY_RANKING,1,4,0,0,D09C diagnostic only; mainline must decide
T1_VT_A4-5_B1-2-3,T1,50,VT,Vermont,2022,502022,502201,4-5,1-2-3,2,3,0,17,6153028.8,0,0,0,0.0,0.0,0.0,0.17775822834823063,448,674,0.002970885323826458,18,18,18,18,1.0,0.41666666666666663,0.4196375519904931,448,674,2019.122767857143,2019.066765578635,2019.0,2018.0,2018,2020,2016,2023,0.7861322757257074,2.5691030658758622,0.05600227850777628,0,0,0,,ELIGIBLE_DESIGN_ONLY_RANKING,1,7,0,0,D09C diagnostic only; mainline must decide
T1_VA_A1-2_B3-4-5,T1,51,VA,Virginia,2022,512022,512201,1-2,3-4-5,2,3,0,26,27375955.900000002,1,0,1,20051.86169574019,0.0,20051.86169574019,0.09922341993967537,1956,2874,0.020703933747412008,67,67,66,68,0.9705882352941176,0.4166666666666667,0.4373706004140787,1956,2874,2019.6579754601228,2020.7292971468337,2020.0,2021.0,2017,2023,2017,2023,1.1804428452519156,1.5978789870652814,1.0713216867109168,0,0,0,,ELIGIBLE_DESIGN_ONLY_RANKING,1,10,0,0,D09C diagnostic only; mainline must decide
T1_VA_A1-3_B2-4-5,T1,51,VA,Virginia,2022,512022,512201,1-3,2-4-5,2,3,0,26,27375955.900000002,0,0,0,0.0,0.0,0.0,0.06992277912182623,1942,2888,0.00862663906142171,66,68,66,68,0.9705882352941176,0.38557213930348255,0.39419877836490425,1942,2888,2020.096807415036,2020.4290166204987,2020.0,2020.0,2017,2023,2017,2023,1.573839489849914,1.4958027418302842,0.3322092054627319,0,0,0,,ELIGIBLE_DESIGN_ONLY_RANKING,1,2,0,0,D09C diagnostic only; mainline must decide
T1_VA_A1-4_B2-3-5,T1,51,VA,Virginia,2022,512022,512201,1-4,2-3-5,2,3,0,26,27375955.900000002,1,0,1,20051.86169574019,0.0,20051.86169574019,0.07388960571972489,1964,2866,0.027605244996549306,68,67,67,68,0.9852941176470589,0.4320987654320988,0.4597040104286481,1964,2866,2019.2179226069247,2021.0338450802512,2019.0,2021.0,2017,2023,2017,2023,0.8905255319155685,1.4466326099869682,1.8159224733265091,0,0,0,,ELIGIBLE_DESIGN_ONLY_RANKING,1,7,0,0,D09C diagnostic only; mainline must decide
T1_VA_A1-5_B2-3-4,T1,51,VA,Virginia,2022,512022,512201,1-5,2-3-4,2,3,0,26,27375955.900000002,0,0,0,0.0,0.0,0.0,0.1033819566216134,1965,2865,0.028467908902691512,66,68,66,68,0.9705882352941176,0.38557213930348255,0.41404004820617407,1965,2865,2019.871755725191,2020.5860383944153,2019.0,2021.0,2017,2023,2018,2023,2.0420331561382317,0.9548175291062071,0.7142826692243034,0,0,0,,ELIGIBLE_DESIGN_ONLY_RANKING,1,5,0,0,D09C diagnostic only; mainline must decide
T1_VA_A2-3_B1-4-5,T1,51,VA,Virginia,2022,512022,512201,2-3,1-4-5,2,3,0,26,27375955.900000002,0,0,0,0.0,0.0,0.0,0.10373912386139836,1900,2930,0.027605244996549306,67,68,67,68,0.9852941176470589,0.4012345679012345,0.42883981289778383,1900,2930,2021.0436842105264,2019.81023890785,2021.0,2019.0,2018,2023,2017,2023,0.7546151527190355,1.7095810616059148,1.2334453026765004,0,0,0,,ELIGIBLE_DESIGN_ONLY_RANKING,1,6,0,0,D09C diagnostic only; mainline must decide
T1_VA_A2-4_B1-3-5,T1,51,VA,Virginia,2022,512022,512201,2-4,1-3-5,2,3,0,26,27375955.900000002,1,0,1,20051.86169574019,0.0,20051.86169574019,0.07742446748351284,1922,2908,0.00862663906142171,68,66,66,68,0.9705882352941176,0.44776119402985076,0.45638783309127245,1922,2908,2020.1347554630593,2020.401650618982,2020.0,2021.0,2018,2022,2017,2023,0.7386476715244096,1.8791188748442633,0.26689515592283897,0,0,0,,ELIGIBLE_DESIGN_ONLY_RANKING,1,9,0,0,D09C diagnostic only; mainline must decide
T1_VA_A2-5_B1-3-4,T1,51,VA,Virginia,2022,512022,512201,2-5,1-3-4,2,3,0,26,27375955.900000002,0,0,0,0.0,0.0,0.0,0.05706357749395325,1923,2907,0.007763975155279503,67,68,67,68,0.9852941176470589,0.4012345679012345,0.408998543056514,1923,2907,2020.802392095684,2019.9600963192295,2021.0,2020.0,2017,2023,2017,2023,1.6619805951413378,1.3460670416959404,0.8422957764544208,0,0,0,,ELIGIBLE_DESIGN_ONLY_RANKING,1,1,1,0,D09C diagnostic only; mainline must decide
T1_VA_A3-4_B1-2-5,T1,51,VA,Virginia,2022,512022,512201,3-4,1-2-5,2,3,0,26,27375955.900000002,0,0,0,0.0,0.0,0.0,0.10236223780346847,1908,2922,0.020703933747412008,67,67,66,68,0.9705882352941176,0.4166666666666667,0.4373706004140787,1908,2922,2020.5849056603774,2020.1064339493498,2020.0,2020.0,2018,2023,2017,2023,1.0989925507702922,1.7384527863290338,0.4784717110276233,0,0,0,,ELIGIBLE_DESIGN_ONLY_RANKING,1,4,0,0,D09C diagnostic only; mainline must decide
T1_VA_A3-5_B1-2-4,T1,51,VA,Virginia,2022,512022,512201,3-5,1-2-4,2,3,0,26,27375955.900000002,0,1,1,0.0,20051.86169574019,20051.86169574019,0.07611478852820952,1909,2921,0.019841269841269802,65,68,65,68,0.9558823529411765,0.3696741854636591,0.3895154553049289,1909,2921,2021.2572027239391,2019.6668948990073,2022.0,2020.0,2017,2023,2017,2023,1.6827390853684177,1.0258455811747458,1.5903078249318696,0,0,0,,ELIGIBLE_DESIGN_ONLY_RANKING,1,8,0,0,D09C diagnostic only; mainline must decide
T1_VA_A4-5_B1-2-3,T1,51,VA,Virginia,2022,512022,512201,4-5,1-2-3,2,3,0,26,27375955.900000002,0,0,0,0.0,0.0,0.0,0.09349549794729388,1931,2899,0.0008626639061422062,66,67,65,68,0.9558823529411765,0.4010025062656642,0.4018651701718064,1931,2899,2020.3500776799585,2020.2590548464989,2020.0,2021.0,2017,2023,2017,2023,1.780048827465019,1.348573590199938,0.09102283345964679,0,0,0,,ELIGIBLE_DESIGN_ONLY_RANKING,1,3,0,0,D09C diagnostic only; mainline must decide
T1_WA_A1-2_B3-4-5,T1,53,WA,Washington,2022,532022,532201,1-2,3-4-5,2,3,0,160,45630365.71,1,0,1,95387.15000637253,0.0,95387.15000637253,0.14473695064841766,3801,5719,0.0030637254901960385,94,95,94,95,0.9894736842105263,0.4056437389770723,0.4087074644672683,3801,5719,2017.0676137858459,2017.8971848225215,2016.0,2018.0,2014,2022,2012,2024,2.635168188831778,3.145240875851772,0.8295710366755884,0,0,0,,ELIGIBLE_DESIGN_ONLY_RANKING,1,9,0,0,D09C diagnostic only; mainline must decide
T1_WA_A1-3_B2-4-5,T1,53,WA,Washington,2022,532022,532201,1-3,2-4-5,2,3,0,160,45630365.71,2,0,2,172487.66147306532,0.0,172487.66147306532,0.16297458457376954,3807,5713,0.0004376750700279714,95,94,94,95,0.9894736842105263,0.4276895943562611,0.42812726942628904,3807,5713,2017.5350669818754,2017.5865569753194,2016.0,2018.0,2014,2023,2012,2024,2.753542053566025,3.1216423860241873,0.05148999344396543,0,0,0,,ELIGIBLE_DESIGN_ONLY_RANKING,1,10,0,0,D09C diagnostic only; mainline must decide
T1_WA_A1-4_B2-3-5,T1,53,WA,Washington,2022,532022,532201,1-4,2-3-5,2,3,0,160,45630365.71,0,0,0,0.0,0.0,0.0,0.14531514332452103,3801,5719,0.0030637254901960385,94,94,93,95,0.9789473684210527,0.4166666666666667,0.4197303921568627,3801,5719,2018.0641936332545,2017.234831264207,2018.0,2016.0,2012,2024,2013,2023,3.0595982172365948,2.8786103632958655,0.8293623690474305,0,0,0,,ELIGIBLE_DESIGN_ONLY_RANKING,1,2,0,0,D09C diagnostic only; mainline must decide
T1_WA_A1-5_B2-3-4,T1,53,WA,Washington,2022,532022,532201,1-5,2-3-4,2,3,0,160,45630365.71,0,0,0,0.0,0.0,0.0,0.15397815938270587,3817,5703,0.003939075630252101,94,95,94,95,0.9894736842105263,0.4056437389770723,0.4095828146073244,3817,5703,2016.0191249672519,2018.6012624934244,2015.0,2018.0,2013,2021,2012,2024,2.5621010134438076,2.785103144991943,2.5821375261725734,0,0,0,,ELIGIBLE_DESIGN_ONLY_RANKING,1,4,0,0,D09C diagnostic only; mainline must decide
T1_WA_A2-3_B1-4-5,T1,53,WA,Washington,2022,532022,532201,2-3,1-4-5,2,3,0,160,45630365.71,0,0,0,0.0,0.0,0.0,0.14571689682625982,3804,5716,0.001750700280112005,94,94,93,95,0.9789473684210527,0.4166666666666667,0.41841736694677867,3804,5716,2018.092534174553,2017.2155353393982,2017.0,2018.0,2015,2023,2012,2024,2.65925459804779,3.1267888447680283,0.8769988351548363,0,0,0,,ELIGIBLE_DESIGN_ONLY_RANKING,1,3,0,0,D09C diagnostic only; mainline must decide
T1_WA_A2-4_B1-3-5,T1,53,WA,Washington,2022,532022,532201,2-4,1-3-5,2,3,0,160,45630365.71,0,0,0,0.0,0.0,0.0,0.16398727359223372,3798,5722,0.004376750700280072,94,95,94,95,0.9894736842105263,0.4056437389770723,0.4100204896773524,3798,5722,2018.6229594523434,2016.8643830828382,2018.0,2016.0,2012,2024,2013,2023,2.8738776048553527,2.838813846905429,1.7585763695051355,0,0,0,,ELIGIBLE_DESIGN_ONLY_RANKING,1,7,0,0,D09C diagnostic only; mainline must decide
T1_WA_A2-5_B1-3-4,T1,53,WA,Washington,2022,532022,532201,2-5,1-3-4,2,3,0,160,45630365.71,0,0,0,0.0,0.0,0.0,0.16745039169391074,3814,5706,0.0026260504201680674,93,95,93,95,0.9789473684210527,0.3945035460992907,0.3971295965194588,3814,5706,2016.5739381227058,2018.2290571328426,2016.0,2018.0,2013,2022,2012,2024,2.7822754655439086,2.9230751796888503,1.6551190101367865,0,0,0,,ELIGIBLE_DESIGN_ONLY_RANKING,1,8,0,0,D09C diagnostic only; mainline must decide
T1_WA_A3-4_B1-2-5,T1,53,WA,Washington,2022,532022,532201,3-4,1-2-5,2,3,0,160,45630365.71,0,0,0,0.0,0.0,0.0,0.1594311036876513,3804,5716,0.001750700280112005,95,94,94,95,0.9894736842105263,0.4276895943562611,0.42944029463637307,3804,5716,2019.0883280757098,2016.552834149755,2018.0,2016.0,2012,2024,2013,2022,2.728696643302536,2.6955471556581787,2.5354939259548246,0,0,0,,ELIGIBLE_DESIGN_ONLY_RANKING,1,5,0,0,D09C diagnostic only; mainline must decide
T1_WA_A3-5_B1-2-4,T1,53,WA,Washington,2022,532022,532201,3-5,1-2-4,2,3,0,160,45630365.71,0,0,0,0.0,0.0,0.0,0.1614403919690253,3820,5700,0.005252100840336135,94,94,93,95,0.9789473684210527,0.4166666666666667,0.4219187675070028,3820,5700,2017.0405759162304,2017.9180701754385,2016.0,2018.0,2013,2023,2012,2024,2.972542178001161,2.932795207607384,0.8774942592081061,0,0,0,,ELIGIBLE_DESIGN_ONLY_RANKING,1,6,0,0,D09C diagnostic only; mainline must decide
T1_WA_A4-5_B1-2-3,T1,53,WA,Washington,2022,532022,532201,4-5,1-2-3,2,3,0,160,45630365.71,0,0,0,0.0,0.0,0.0,0.12855903878368863,3814,5706,0.0026260504201680674,93,95,93,95,0.9789473684210527,0.3945035460992907,0.3971295965194588,3814,5706,2017.5671211326692,2017.5651945320715,2018.0,2016.0,2012,2024,2014,2023,3.3367796368871425,2.7155619188912006,0.00192660059769878,0,0,0,,ELIGIBLE_DESIGN_ONLY_RANKING,1,1,1,0,D09C diagnostic only; mainline must decide
T1_WV_A1-2_B3-4-5,T1,54,WV,West Virginia,2022,542022,542201,1-2,3-4-5,2,3,0,26,15507055.899999999,1,0,1,23014.8,0.0,23014.8,0.1480730895757197,944,1413,0.0021213406873143827,41,41,41,41,1.0,0.41666666666666674,0.41878800735398114,944,1413,2020.042372881356,2018.4571832979477,2021.0,2018.0,2016,2023,2016,2022,2.716803897904074,1.290260857501587,1.585189583408237,0,0,0,,ELIGIBLE_DESIGN_ONLY_RANKING,1,5,0,0,D09C diagnostic only; mainline must decide
T1_WV_A1-3_B2-4-5,T1,54,WV,West Virginia,2022,542022,542201,1-3,2-4-5,2,3,0,26,15507055.899999999,1,0,1,23014.8,0.0,23014.8,0.14311041126553042,935,1422,0.013788714467543489,40,41,40,41,0.975609756097561,0.3909465020576132,0.4047352165251567,935,1422,2019.220320855615,2019.007735583685,2018.0,2019.0,2016,2023,2016,2023,2.3505919578241783,1.9757350886315734,0.2125852719300383,0,0,0,,ELIGIBLE_DESIGN_ONLY_RANKING,1,3,0,0,D09C diagnostic only; mainline must decide
T1_WV_A1-4_B2-3-5,T1,54,WV,West Virginia,2022,542022,542201,1-4,2-3-5,2,3,0,26,15507055.899999999,1,0,1,23014.8,0.0,23014.8,0.15852884064468006,916,1441,0.047376608683354506,41,41,41,41,1.0,0.41666666666666674,0.46404327535002127,916,1441,2020.0447598253274,2018.4864677307426,2020.0,2018.0,2018,2023,2016,2023,1.6380599104190106,2.1918387322744,1.5582920945848855,0,0,0,,ELIGIBLE_DESIGN_ONLY_RANKING,1,7,0,0,D09C diagnostic only; mainline must decide
T1_WV_A1-5_B2-3-4,T1,54,WV,West Virginia,2022,542022,542201,1-5,2-3-4,2,3,0,26,15507055.899999999,0,1,1,0.0,23014.8,23014.8,0.16970350526739436,894,1463,0.08626785461745161,40,41,40,41,0.975609756097561,0.3909465020576132,0.47721435667506484,894,1463,2020.7136465324386,2018.1011619958988,2021.0,2018.0,2019,2023,2016,2023,1.0908832795345385,2.005980801792318,2.612484536539796,0,0,0,,ELIGIBLE_DESIGN_ONLY_RANKING,1,9,0,0,D09C diagnostic only; mainline must decide
T1_WV_A2-3_B1-4-5,T1,54,WV,West Virginia,2022,542022,542201,2-3,1-4-5,2,3,0,26,15507055.899999999,1,0,1,23014.8,0.0,23014.8,0.18969458861692154,991,1366,0.08520718427379441,41,41,41,41,1.0,0.41666666666666674,0.5018738509404611,991,1366,2017.8718466195762,2019.9773060029283,2017.0,2020.0,2016,2023,2018,2023,2.3661596812254118,1.3918381884844393,2.1054593833521267,0,0,0,,ELIGIBLE_DESIGN_ONLY_RANKING,1,10,0,0,D09C diagnostic only; mainline must decide
T1_WV_A2-4_B1-3-5,T1,54,WV,West Virginia,2022,542022,542201,2-4,1-3-5,2,3,0,26,15507055.899999999,1,0,1,23014.8,0.0,23014.8,0.14562181784226852,972,1385,0.051619290057983276,41,40,40,41,0.975609756097561,0.44238683127572015,0.4940061213337034,972,1385,2018.6224279835392,2019.4216606498194,2018.0,2020.0,2016,2023,2016,2023,2.2497124361286107,1.9850871365437697,0.7992326662802043,0,0,0,,ELIGIBLE_DESIGN_ONLY_RANKING,1,4,0,0,D09C diagnostic only; mainline must decide
T1_WV_A2-5_B1-3-4,T1,54,WV,West Virginia,2022,542022,542201,2-5,1-3-4,2,3,0,26,15507055.899999999,0,1,1,0.0,23014.8,23014.8,0.16158188283871355,950,1407,0.012728044123886296,41,41,41,41,1.0,0.41666666666666674,0.429394710790553,950,1407,2019.2189473684211,2019.006396588486,2020.0,2018.0,2016,2023,2016,2023,2.3499117637781892,1.9718759491103075,0.21255077993509985,0,0,0,,ELIGIBLE_DESIGN_ONLY_RANKING,1,8,0,0,D09C diagnostic only; mainline must decide
T1_WV_A3-4_B1-2-5,T1,54,WV,West Virginia,2022,542022,542201,3-4,1-2-5,2,3,0,26,15507055.899999999,1,0,1,23014.8,0.0,23014.8,0.15486683522698874,963,1394,0.0357092349031254,41,41,41,41,1.0,0.41666666666666674,0.4523759015697921,963,1394,2017.8110072689512,2019.9770444763271,2018.0,2021.0,2016,2020,2016,2023,0.9734539546471673,2.26545349924582,2.1660372073758936,0,0,0,,ELIGIBLE_DESIGN_ONLY_RANKING,1,6,0,0,D09C diagnostic only; mainline must decide
T1_WV_A3-5_B1-2-4,T1,54,WV,West Virginia,2022,542022,542201,3-5,1-2-4,2,3,0,26,15507055.899999999,0,1,1,0.0,23014.8,23014.8,0.12120579908173051,941,1416,0.003182011030971574,40,41,40,41,0.975609756097561,0.3909465020576132,0.3941285130885848,941,1416,2018.394261424017,2019.555790960452,2018.0,2019.0,2016,2022,2016,2023,1.5161292440871483,2.349286413592726,1.161529536434955,0,0,0,,ELIGIBLE_DESIGN_ONLY_RANKING,1,1,1,0,D09C diagnostic only; mainline must decide
T1_WV_A4-5_B1-2-3,T1,54,WV,West Virginia,2022,542022,542201,4-5,1-2-3,2,3,0,26,15507055.899999999,0,1,1,0.0,23014.8,23014.8,0.13915611208151898,922,1435,0.03676990524678259,40,41,40,41,0.975609756097561,0.3909465020576132,0.4277164073043958,922,1435,2019.1963123644252,2019.0250871080138,2019.0,2018.0,2018,2022,2016,2023,0.8838442965488049,2.6403553161148166,0.17122525641138964,0,0,0,,ELIGIBLE_DESIGN_ONLY_RANKING,1,2,0,0,D09C diagnostic only; mainline must decide
T1_WI_A1-2_B3-4-5,T1,55,WI,Wisconsin,2022,552022,552201,1-2,3-4-5,2,3,0,62,35928998.699999996,0,0,0,0.0,0.0,0.0,0.08040020441322115,4663,6923,0.010285401921859783,80,81,80,81,0.9876543209876543,0.40372670807453415,0.41401210999639393,4663,6923,2019.7857602401887,2018.2296692185469,2021.0,2018.0,2015,2022,2015,2021,2.5620976933547146,1.267741813983225,1.5560910216418051,0,0,0,,ELIGIBLE_DESIGN_ONLY_RANKING,1,1,1,0,D09C diagnostic only; mainline must decide
T1_WI_A1-3_B2-4-5,T1,55,WI,Wisconsin,2022,552022,552201,1-3,2-4-5,2,3,0,62,35928998.699999996,0,0,0,0.0,0.0,0.0,0.09735021977626017,4632,6954,0.0008631106507854308,80,81,80,81,0.9876543209876543,0.40372670807453415,0.40458981872531957,4632,6954,2019.0151122625216,2018.749928098936,2020.0,2019.0,2015,2022,2015,2022,2.23973182515021,1.8980231097165021,0.26518416358567265,0,0,0,,ELIGIBLE_DESIGN_ONLY_RANKING,1,4,0,0,D09C diagnostic only; mainline must decide
T1_WI_A1-4_B2-3-5,T1,55,WI,Wisconsin,2022,552022,552201,1-4,2-3-5,2,3,0,62,35928998.699999996,0,0,0,0.0,0.0,0.0,0.11249846210703116,4671,6915,0.013162437424477818,80,81,80,81,0.9876543209876543,0.40372670807453415,0.41688914549901196,4671,6915,2019.7148362235068,2018.2757772957339,2019.0,2018.0,2017,2022,2015,2022,1.556237834998745,2.1307795944722163,1.439058927772976,0,0,0,,ELIGIBLE_DESIGN_ONLY_RANKING,1,10,0,0,D09C diagnostic only; mainline must decide
T1_WI_A1-5_B2-3-4,T1,55,WI,Wisconsin,2022,552022,552201,1-5,2-3-4,2,3,0,62,35928998.699999996,0,0,0,0.0,0.0,0.0,0.09861447045743468,4607,6979,0.009853846596467066,81,80,80,81,0.9876543209876543,0.4296066252587991,0.43946047185526615,4607,6979,2020.3759496418493,2017.852557673019,2020.0,2017.0,2018,2022,2015,2022,0.9750307810272949,1.946006701329389,2.5233919688303104,0,0,0,,ELIGIBLE_DESIGN_ONLY_RANKING,1,6,0,0,D09C diagnostic only; mainline must decide
T1_WI_A2-3_B1-4-5,T1,55,WI,Wisconsin,2022,552022,552201,2-3,1-4-5,2,3,0,62,35928998.699999996,0,0,0,0.0,0.0,0.0,0.09853183313890432,4637,6949,0.0009350365383508179,80,81,80,81,0.9876543209876543,0.40372670807453415,0.40466174461288495,4637,6949,2017.6370498166918,2019.669304935962,2017.0,2020.0,2015,2022,2017,2022,2.3176441265063747,1.3189019712379217,2.0322551192700757,0,0,0,,ELIGIBLE_DESIGN_ONLY_RANKING,1,5,0,0,D09C diagnostic only; mainline must decide
T1_WI_A2-4_B1-3-5,T1,55,WI,Wisconsin,2022,552022,552201,2-4,1-3-5,2,3,0,62,35928998.699999996,0,0,0,0.0,0.0,0.0,0.10513818510134551,4676,6910,0.014960584613614068,79,81,79,81,0.9753086419753086,0.390625,0.40558558461361405,4676,6910,2018.34751924722,2019.2,2018.0,2020.0,2015,2022,2015,2022,2.168825366463999,1.8814787715852375,0.8524807527801386,0,0,0,,ELIGIBLE_DESIGN_ONLY_RANKING,1,8,0,0,D09C diagnostic only; mainline must decide
T1_WI_A2-5_B1-3-4,T1,55,WI,Wisconsin,2022,552022,552201,2-5,1-3-4,2,3,0,62,35928998.699999996,0,0,0,0.0,0.0,0.0,0.10641053231836155,4612,6974,0.008055699407330622,81,80,80,81,0.9876543209876543,0.4296066252587991,0.43766232466612975,4612,6974,2018.9889418907198,2018.7679954115285,2020.0,2018.0,2015,2022,2015,2022,2.2519870517588862,1.8917581693106214,0.22094647919129784,0,0,0,,ELIGIBLE_DESIGN_ONLY_RANKING,1,9,0,0,D09C diagnostic only; mainline must decide
T1_WI_A3-4_B1-2-5,T1,55,WI,Wisconsin,2022,552022,552201,3-4,1-2-5,2,3,0,62,35928998.699999996,0,0,0,0.0,0.0,0.0,0.09643272397963565,4645,6941,0.003812072040969051,80,81,80,81,0.9876543209876543,0.40372670807453415,0.4075387801155032,4645,6941,2017.5694294940797,2019.7168995821928,2018.0,2020.0,2015,2019,2015,2022,0.9538058978734152,2.127652021308109,2.1474700881130957,0,0,0,,ELIGIBLE_DESIGN_ONLY_RANKING,1,3,0,0,D09C diagnostic only; mainline must decide
T1_WI_A3-5_B1-2-4,T1,55,WI,Wisconsin,2022,552022,552201,3-5,1-2-4,2,3,0,62,35928998.699999996,0,0,0,0.0,0.0,0.0,0.1037016504147891,4581,7005,0.019204211979975835,81,80,80,81,0.9876543209876543,0.4296066252587991,0.44881083723877496,4581,7005,2018.2043222003929,2019.2820842255533,2018.0,2019.0,2015,2021,2015,2022,1.4948787700721002,2.2361510326114358,1.077762025160382,0,0,0,,ELIGIBLE_DESIGN_ONLY_RANKING,1,7,0,0,D09C diagnostic only; mainline must decide
T1_WI_A4-5_B1-2-3,T1,55,WI,Wisconsin,2022,552022,552201,4-5,1-2-3,2,3,0,62,35928998.699999996,0,0,0,0.0,0.0,0.0,0.08819257002129703,4620,6966,0.005178663904712584,81,80,80,81,0.9876543209876543,0.4296066252587991,0.4347852891635117,4620,6966,2018.9186147186147,2018.8143841515935,2019.0,2018.0,2017,2021,2015,2022,0.8790702362346421,2.538292486075763,0.10423056702120448,0,0,0,,ELIGIBLE_DESIGN_ONLY_RANKING,1,2,0,0,D09C diagnostic only; mainline must decide
T1_WY_A1-2_B3-4-5,T1,56,WY,Wyoming,2022,562022,562201,1-2,3-4-5,2,3,0,96,62600430.0,0,0,0,0.0,0.0,0.0,0.10405778784547656,4146,6128,0.014762182856401233,121,121,120,122,0.9836065573770492,0.41666666666666663,0.43142884952306787,4146,6128,2017.0188133140375,2017.9136749347258,2015.0,2017.0,2011,2023,2011,2024,2.6788963286336713,3.087096878250809,0.8948616206882889,0,0,0,,ELIGIBLE_DESIGN_ONLY_RANKING,1,4,0,0,D09C diagnostic only; mainline must decide
T1_WY_A1-3_B2-4-5,T1,56,WY,Wyoming,2022,562022,562201,1-3,2-4-5,2,3,0,96,62600430.0,0,0,0,0.0,0.0,0.0,0.08079593155965567,4147,6127,0.015167737330478265,121,122,121,122,0.9918032786885246,0.40809327846364885,0.4232610157941271,4147,6127,2017.5061490233904,2017.583972580382,2017.0,2017.0,2011,2024,2011,2024,2.795169891545226,3.0692982782540845,0.07782355699146137,0,0,0,,ELIGIBLE_DESIGN_ONLY_RANKING,1,1,1,0,D09C diagnostic only; mainline must decide
T1_WY_A1-4_B2-3-5,T1,56,WY,Wyoming,2022,562022,562201,1-4,2-3-5,2,3,0,96,62600430.0,0,0,0,0.0,0.0,0.0,0.10947329655411125,4171,6103,0.024901044708325257,121,122,121,122,0.9918032786885246,0.40809327846364885,0.4329943231719741,4171,6103,2018.0105490290098,2017.2395543175487,2018.0,2017.0,2011,2024,2011,2024,3.007964481505069,2.888617667126343,0.7709947114610713,0,0,0,,ELIGIBLE_DESIGN_ONLY_RANKING,1,7,0,0,D09C diagnostic only; mainline must decide
T1_WY_A1-5_B2-3-4,T1,56,WY,Wyoming,2022,562022,562201,1-5,2-3-4,2,3,0,96,62600430.0,0,0,0,0.0,0.0,0.0,0.11591276913468705,4044,6230,0.02660437349944837,121,122,121,122,0.9918032786885246,0.40809327846364885,0.43469765196309723,4044,6230,2015.978981206726,2018.573996789727,2014.0,2020.0,2011,2022,2011,2024,2.580449977851699,2.7376127549513884,2.5950155830009862,0,0,0,,ELIGIBLE_DESIGN_ONLY_RANKING,1,9,0,0,D09C diagnostic only; mainline must decide
T1_WY_A2-3_B1-4-5,T1,56,WY,Wyoming,2022,562022,562201,2-3,1-4-5,2,3,0,96,62600430.0,0,0,0,0.0,0.0,0.0,0.10938115440997176,4137,6137,0.011112192589708612,122,121,121,122,0.9918032786885246,0.4252400548696844,0.43635224745939305,4137,6137,2018.0763838530336,2017.1994459833795,2018.0,2017.0,2011,2024,2011,2024,2.6794341177033107,3.0883312296902723,0.8769378696540571,0,0,0,,ELIGIBLE_DESIGN_ONLY_RANKING,1,6,0,0,D09C diagnostic only; mainline must decide
T1_WY_A2-4_B1-3-5,T1,56,WY,Wyoming,2022,562022,562201,2-4,1-3-5,2,3,0,96,62600430.0,0,0,0,0.0,0.0,0.0,0.09986782960409182,4161,6113,0.020845499967555605,122,121,121,122,0.9918032786885246,0.4252400548696844,0.44608555483724,4161,6113,2018.5787070415765,2016.8540814657288,2020.0,2016.0,2011,2024,2011,2024,2.8015480543680806,2.863148251531357,1.7246255758477673,0,0,0,,ELIGIBLE_DESIGN_ONLY_RANKING,1,2,0,0,D09C diagnostic only; mainline must decide
T1_WY_A2-5_B1-3-4,T1,56,WY,Wyoming,2022,562022,562201,2-5,1-3-4,2,3,0,96,62600430.0,1,0,1,87183.98045125966,0.0,87183.98045125966,0.09579510246301763,4034,6240,0.030659918240218024,122,121,121,122,0.9918032786885246,0.4252400548696844,0.45589997310990243,4034,6240,2016.5599900842835,2018.1942307692307,2015.0,2018.0,2011,2023,2011,2024,2.789764793344205,2.892157745306529,1.6342406849471445,0,0,0,,ELIGIBLE_DESIGN_ONLY_RANKING,1,10,0,0,D09C diagnostic only; mainline must decide
T1_WY_A3-4_B1-2-5,T1,56,WY,Wyoming,2022,562022,562201,3-4,1-2-5,2,3,0,96,62600430.0,0,0,0,0.0,0.0,0.0,0.11445861078285201,4162,6112,0.021251054441632635,121,122,121,122,0.9918032786885246,0.40809327846364885,0.42934433290528146,4162,6112,2019.0639115809706,2016.5233965968587,2021.0,2015.0,2012,2024,2011,2023,2.639931447673723,2.7178041773039334,2.540514984111951,0,0,0,,ELIGIBLE_DESIGN_ONLY_RANKING,1,8,0,0,D09C diagnostic only; mainline must decide
T1_WY_A3-5_B1-2-4,T1,56,WY,Wyoming,2022,562022,562201,3-5,1-2-4,2,3,0,96,62600430.0,0,0,0,0.0,0.0,0.0,0.10052109404198342,4035,6239,0.03025436376614099,121,122,121,122,0.9918032786885246,0.40809327846364885,0.43834764222978984,4035,6239,2017.060966542751,2017.8704920660361,2017.0,2018.0,2011,2024,2011,2024,2.9815580168519373,2.9052405797323084,0.8095255232851741,0,0,0,,ELIGIBLE_DESIGN_ONLY_RANKING,1,3,0,0,D09C diagnostic only; mainline must decide
T1_WY_A4-5_B1-2-3,T1,56,WY,Wyoming,2022,562022,562201,4-5,1-2-3,2,3,0,96,62600430.0,0,0,0,0.0,0.0,0.0,0.1055089686834632,4059,6215,0.020521056388294,121,122,121,122,0.9918032786885246,0.40809327846364885,0.42861433485194284,4059,6215,2017.5819167282582,2017.5333869670153,2017.0,2017.0,2011,2024,2011,2024,3.256547890269702,2.752440535811336,0.048529761242889435,0,0,0,,ELIGIBLE_DESIGN_ONLY_RANKING,1,5,0,0,D09C diagnostic only; mainline must decide
T2_AL_A1-2_B3-4-5,T2,01,AL,Alabama,2023,012023,12301,1-2,3-4-5,2,3,0,25,33548846.190000005,0,0,0,0.0,0.0,0.0,0.07891774300486336,2240,3363,0.0008923790826343032,71,70,70,71,0.9859154929577465,0.43144208037825066,0.43233445946088495,2240,3363,2017.513392857143,2020.7734165923282,2017.0,2021.0,2015,2019,2015,2023,0.8473478088684454,1.616701889039301,3.260023735185314,0,0,0,,ELIGIBLE_DESIGN_ONLY_RANKING,1,3,0,0,D09C diagnostic only; mainline must decide
T2_AL_A1-3_B2-4-5,T2,01,AL,Alabama,2023,012023,12301,1-3,2-4-5,2,3,0,25,33548846.190000005,0,0,0,0.0,0.0,0.0,0.0859128113599838,2238,3365,0.0023796775536915424,70,71,70,71,0.9859154929577465,0.4018912529550827,0.4042709305087743,2238,3365,2018.2774798927614,2020.2632986627043,2019.0,2021.0,2015,2021,2015,2023,1.4575938351869953,2.08547417916766,1.9858187699428527,0,0,0,,ELIGIBLE_DESIGN_ONLY_RANKING,1,5,0,0,D09C diagnostic only; mainline must decide
T2_AL_A1-4_B2-3-5,T2,01,AL,Alabama,2023,012023,12301,1-4,2-3-5,2,3,0,25,33548846.190000005,0,0,0,0.0,0.0,0.0,0.12585981051599301,2241,3362,0.00014872984710578483,70,71,70,71,0.9859154929577465,0.4018912529550827,0.4020399828021885,2241,3362,2019.0356983489514,2019.7596668649614,2020.0,2019.0,2015,2022,2015,2023,2.1610538240392336,2.0054827279233884,0.723968516010018,0,0,0,,ELIGIBLE_DESIGN_ONLY_RANKING,1,10,0,0,D09C diagnostic only; mainline must decide
T2_AL_A1-5_B2-3-4,T2,01,AL,Alabama,2023,012023,12301,1-5,2-3-4,2,3,0,25,33548846.190000005,0,0,0,0.0,0.0,0.0,0.07956090411683474,2235,3368,0.004610625260277301,70,71,70,71,0.9859154929577465,0.4018912529550827,0.40650187821536,2235,3368,2019.3145413870245,2019.5733372921616,2018.0,2019.0,2015,2023,2015,2022,2.813660675050359,1.4323561363112263,0.258795905137049,0,0,0,,ELIGIBLE_DESIGN_ONLY_RANKING,1,4,0,0,D09C diagnostic only; mainline must decide
T2_AL_A2-3_B1-4-5,T2,01,AL,Alabama,2023,012023,12301,2-3,1-4-5,2,3,0,25,33548846.190000005,0,0,0,0.0,0.0,0.0,0.09031025873544545,2244,3359,0.002082217859479973,71,70,70,71,0.9859154929577465,0.43144208037825066,0.43352429823773064,2244,3359,2018.8150623885917,2019.9077106281632,2019.0,2021.0,2015,2021,2015,2023,1.0451789180296043,2.478459331830681,1.0926482395714174,0,0,0,,ELIGIBLE_DESIGN_ONLY_RANKING,1,6,0,0,D09C diagnostic only; mainline must decide
T2_AL_A2-4_B1-3-5,T2,01,AL,Alabama,2023,012023,12301,2-4,1-3-5,2,3,0,25,33548846.190000005,0,0,0,0.0,0.0,0.0,0.09681278973976296,2247,3356,0.004313165566065731,71,70,70,71,0.9859154929577465,0.43144208037825066,0.4357552459443164,2247,3356,2019.570538495772,2019.4028605482717,2020.0,2019.0,2015,2022,2015,2023,1.6799283430977232,2.3359646851045537,0.16767794750035137,0,0,0,,ELIGIBLE_DESIGN_ONLY_RANKING,1,8,0,0,D09C diagnostic only; mainline must decide
T2_AL_A2-5_B1-3-4,T2,01,AL,Alabama,2023,012023,12301,2-5,1-3-4,2,3,0,25,33548846.190000005,0,0,0,0.0,0.0,0.0,0.09493454912330603,2241,3362,0.00014872984710578483,71,70,70,71,0.9859154929577465,0.43144208037825066,0.43159081022535645,2241,3362,2019.8500669344044,2019.2168352171327,2019.0,2019.0,2015,2023,2015,2022,2.3991835004292756,1.8296157898107979,0.6332317172716557,0,0,0,,ELIGIBLE_DESIGN_ONLY_RANKING,1,7,0,0,D09C diagnostic only; mainline must decide
T2_AL_A3-4_B1-2-5,T2,01,AL,Alabama,2023,012023,12301,3-4,1-2-5,2,3,0,25,33548846.190000005,0,0,0,0.0,0.0,0.0,0.07157470845297391,2245,3358,0.002825867095008694,70,71,70,71,0.9859154929577465,0.4018912529550827,0.4047171200500914,2245,3358,2020.3340757238307,2018.8924955330554,2020.0,2018.0,2019,2022,2015,2023,1.0422114170153325,2.4070563830472693,1.441580190775312,0,0,0,,ELIGIBLE_DESIGN_ONLY_RANKING,1,1,1,0,D09C diagnostic only; mainline must decide
T2_AL_A3-5_B1-2-4,T2,01,AL,Alabama,2023,012023,12301,3-5,1-2-4,2,3,0,25,33548846.190000005,0,0,0,0.0,0.0,0.0,0.1069290442600611,2239,3364,0.0016360283181628215,70,71,70,71,0.9859154929577465,0.4018912529550827,0.40352728127324555,2239,3364,2020.6158999553372,2018.7074910820452,2020.0,2018.0,2015,2023,2015,2022,1.8941698285543769,1.869848655604361,1.9084088732920463,0,0,0,,ELIGIBLE_DESIGN_ONLY_RANKING,1,9,0,0,D09C diagnostic only; mainline must decide
T2_AL_A4-5_B1-2-3,T2,01,AL,Alabama,2023,012023,12301,4-5,1-2-3,2,3,0,25,33548846.190000005,0,0,0,0.0,0.0,0.0,0.07445733508415635,2242,3361,0.0005949193884229364,70,71,70,71,0.9859154929577465,0.4018912529550827,0.40248617234350564,2242,3361,2021.3706512042818,2018.2023207378757,2022.0,2018.0,2015,2023,2015,2021,1.61139805170972,1.263548232709109,3.1683304664061325,0,0,0,,ELIGIBLE_DESIGN_ONLY_RANKING,1,2,0,0,D09C diagnostic only; mainline must decide
T2_AZ_A1-2_B3-4-5,T2,04,AZ,Arizona,2023,042023,42301,1-2,3-4-5,2,3,0,75,72958623.0,0,0,0,0.0,0.0,0.0,0.09843703835788559,4783,7113,0.008616341627437794,141,141,140,142,0.9859154929577465,0.4166666666666667,0.4252830082941045,4783,7113,2017.0351243989128,2019.5471671587234,2016.0,2018.0,2014,2024,2015,2025,2.611146965957664,2.672991856283553,2.5120427598105834,0,0,0,,ELIGIBLE_DESIGN_ONLY_RANKING,1,6,0,0,D09C diagnostic only; mainline must decide
T2_AZ_A1-3_B2-4-5,T2,04,AZ,Arizona,2023,042023,42301,1-3,2-4-5,2,3,0,75,72958623.0,0,0,0,0.0,0.0,0.0,0.08469499710047346,4797,7099,0.013519950683703142,141,141,140,142,0.9859154929577465,0.4166666666666667,0.43018661735036984,4797,7099,2017.5405461746925,2019.2105930412733,2017.0,2018.0,2014,2024,2015,2025,2.737370109151308,2.847296162291216,1.670046866580833,0,0,0,,ELIGIBLE_DESIGN_ONLY_RANKING,1,1,1,0,D09C diagnostic only; mainline must decide
T2_AZ_A1-4_B2-3-5,T2,04,AZ,Arizona,2023,042023,42301,1-4,2-3-5,2,3,0,75,72958623.0,0,0,0,0.0,0.0,0.0,0.09783511958651689,4806,7090,0.016672270791302336,142,140,140,142,0.9859154929577465,0.43144208037825066,0.448114351169553,4806,7090,2018.0528506034125,2018.8654442877291,2019.0,2018.0,2014,2024,2015,2025,2.977563549674168,2.8349439179611147,0.8125936843166528,0,0,0,,ELIGIBLE_DESIGN_ONLY_RANKING,1,5,0,0,D09C diagnostic only; mainline must decide
T2_AZ_A1-5_B2-3-4,T2,04,AZ,Arizona,2023,042023,42301,1-5,2-3-4,2,3,0,75,72958623.0,0,0,0,0.0,0.0,0.0,0.09864477142731537,4722,7174,0.012749383546290134,141,141,140,142,0.9859154929577465,0.4166666666666667,0.4294160502129568,4722,7174,2018.467174925879,2018.5832171731251,2019.0,2017.0,2014,2025,2015,2024,3.2011374048798387,2.7195155050364384,0.11604224724624146,0,0,0,,ELIGIBLE_DESIGN_ONLY_RANKING,1,8,0,0,D09C diagnostic only; mainline must decide
T2_AZ_A2-3_B1-4-5,T2,04,AZ,Arizona,2023,042023,42301,2-3,1-4-5,2,3,0,75,72958623.0,0,0,0,0.0,0.0,0.0,0.09960996705180562,4772,7124,0.004763505940372178,140,142,140,142,0.9859154929577465,0.4018912529550827,0.4066547588954549,4772,7124,2018.072715842414,2018.8482594048287,2017.0,2019.0,2015,2024,2014,2025,2.6390393983940252,3.0559150730021343,0.7755435624146685,0,0,0,,ELIGIBLE_DESIGN_ONLY_RANKING,1,9,0,0,D09C diagnostic only; mainline must decide
T2_AZ_A2-4_B1-3-5,T2,04,AZ,Arizona,2023,042023,42301,2-4,1-3-5,2,3,0,75,72958623.0,0,0,0,0.0,0.0,0.0,0.08788106890023115,4781,7115,0.00791582604797137,140,141,139,142,0.9788732394366197,0.40925266903914587,0.41716849508711723,4781,7115,2018.5866973436518,2018.5038650737877,2017.0,2018.0,2015,2024,2014,2025,2.7923728287722125,3.003480403362202,0.08283226986418413,0,0,0,,ELIGIBLE_DESIGN_ONLY_RANKING,1,2,0,0,D09C diagnostic only; mainline must decide
T2_AZ_A2-5_B1-3-4,T2,04,AZ,Arizona,2023,042023,42301,2-5,1-3-4,2,3,0,75,72958623.0,1,0,1,106764.99999999999,0.0,106764.99999999999,0.08954182451496927,4697,7199,0.0215058282896211,140,142,140,142,0.9859154929577465,0.4018912529550827,0.4233970812447038,4697,7199,2019.0127741111348,2018.2268370607028,2018.0,2019.0,2015,2025,2014,2024,2.95094885388978,2.8585378342046406,0.7859370504320395,0,0,0,,ELIGIBLE_DESIGN_ONLY_RANKING,1,10,0,0,D09C diagnostic only; mainline must decide
T2_AZ_A3-4_B1-2-5,T2,04,AZ,Arizona,2023,042023,42301,3-4,1-2-5,2,3,0,75,72958623.0,0,0,0,0.0,0.0,0.0,0.09853400584212867,4795,7101,0.012819435104236719,141,141,140,142,0.9859154929577465,0.4166666666666667,0.4294861017709034,4795,7101,2019.0877997914495,2018.1653288269258,2018.0,2018.0,2015,2024,2014,2025,2.629064637733037,3.0464457230133077,0.9224709645236544,0,0,0,,ELIGIBLE_DESIGN_ONLY_RANKING,1,7,0,0,D09C diagnostic only; mainline must decide
T2_AZ_A3-5_B1-2-4,T2,04,AZ,Arizona,2023,042023,42301,3-5,1-2-4,2,3,0,75,72958623.0,0,0,0,0.0,0.0,0.0,0.0969902098878261,4711,7185,0.016602219233355753,139,142,139,142,0.9788732394366197,0.39442467378410434,0.4110268930174601,4711,7185,2019.521545319465,2017.8917188587334,2018.0,2018.0,2015,2025,2014,2024,2.714182424126698,2.8708696793913875,1.6298264607316924,0,0,0,,ELIGIBLE_DESIGN_ONLY_RANKING,1,4,0,0,D09C diagnostic only; mainline must decide
T2_AZ_A4-5_B1-2-3,T2,04,AZ,Arizona,2023,042023,42301,4-5,1-2-3,2,3,0,75,72958623.0,0,0,0,0.0,0.0,0.0,0.09678572703930816,4720,7176,0.013449899125756557,141,141,140,142,0.9859154929577465,0.4166666666666667,0.43011656579242324,4720,7176,2020.039406779661,2017.5490523968786,2022.0,2017.0,2017,2025,2014,2024,2.5892286023117492,2.6965130033405176,2.4903543827824706,0,0,0,,ELIGIBLE_DESIGN_ONLY_RANKING,1,3,0,0,D09C diagnostic only; mainline must decide
T2_AR_A1-2_B3-4-5,T2,05,AR,Arkansas,2023,052023,52301,1-2,3-4-5,2,3,0,28,34034243.04,0,0,0,0.0,0.0,0.0,0.07018676840041647,2261,3412,0.006022680533521292,72,73,71,74,0.9594594594594594,0.4022988505747127,0.408321531108234,2261,3412,2019.5409111012825,2021.9982415005861,2020.0,2022.0,2019,2020,2021,2024,0.4984337074050991,0.8172124877131549,2.4573303993036006,0,0,0,,ELIGIBLE_DESIGN_ONLY_RANKING,1,1,1,0,D09C diagnostic only; mainline must decide
T2_AR_A1-3_B2-4-5,T2,05,AR,Arkansas,2023,052023,52301,1-3,2-4-5,2,3,0,28,34034243.04,0,0,0,0.0,0.0,0.0,0.09859581989153832,2276,3397,0.004994418003408023,73,73,72,74,0.972972972972973,0.41666666666666674,0.42166108467007474,2276,3397,2020.0452548330404,2021.671180453341,2021.0,2022.0,2019,2021,2020,2024,0.9776263589270388,1.2461611921569675,1.625925620300677,0,0,0,,ELIGIBLE_DESIGN_ONLY_RANKING,1,9,0,0,D09C diagnostic only; mainline must decide
T2_AR_A1-4_B2-3-5,T2,05,AR,Arkansas,2023,052023,52301,1-4,2-3-5,2,3,0,28,34034243.04,0,0,0,0.0,0.0,0.0,0.07848546112272202,2272,3401,0.0020565250602267385,72,74,72,74,0.972972972972973,0.3881278538812785,0.39018437894150526,2272,3401,2020.5440140845071,2021.3360776242282,2022.0,2021.0,2019,2022,2020,2024,1.4709275092138583,1.2465084501621513,0.7920635397210845,0,0,0,,ELIGIBLE_DESIGN_ONLY_RANKING,1,2,0,0,D09C diagnostic only; mainline must decide
T2_AR_A1-5_B2-3-4,T2,05,AR,Arkansas,2023,052023,52301,1-5,2-3-4,2,3,0,28,34034243.04,0,0,0,0.0,0.0,0.0,0.08148933996291931,2269,3404,0.00014689464715912434,71,74,71,74,0.9594594594594594,0.37356321839080453,0.37371011303796364,2269,3404,2021.0423093873953,2021.003231492362,2020.0,2021.0,2019,2024,2020,2022,1.968215054845591,0.8154698177616923,0.03907789503341519,0,0,0,,ELIGIBLE_DESIGN_ONLY_RANKING,1,5,0,0,D09C diagnostic only; mainline must decide
T2_AR_A2-3_B1-4-5,T2,05,AR,Arkansas,2023,052023,52301,2-3,1-4-5,2,3,0,28,34034243.04,0,0,0,0.0,0.0,0.0,0.08071123249158085,2267,3406,0.0016158411187495662,74,72,72,74,0.972972972972973,0.4452054794520548,0.44682132057080437,2267,3406,2020.5033083370092,2021.362008220787,2021.0,2022.0,2020,2021,2019,2024,0.5000993667689771,1.6686311943569647,0.8586998837777173,0,0,0,,ELIGIBLE_DESIGN_ONLY_RANKING,1,4,0,0,D09C diagnostic only; mainline must decide
T2_AR_A2-4_B1-3-5,T2,05,AR,Arkansas,2023,052023,52301,2-4,1-3-5,2,3,0,28,34034243.04,0,0,0,0.0,0.0,0.0,0.09629537596562542,2263,3410,0.0045537340619308505,73,73,72,74,0.972972972972973,0.41666666666666674,0.42122040072859757,2263,3410,2021.004860804242,2021.0281524926686,2022.0,2021.0,2020,2022,2019,2024,1.0002092025100233,1.6055142365709978,0.02329168842652507,0,0,0,,ELIGIBLE_DESIGN_ONLY_RANKING,1,8,0,0,D09C diagnostic only; mainline must decide
T2_AR_A2-5_B1-3-4,T2,05,AR,Arkansas,2023,052023,52301,2-5,1-3-4,2,3,0,28,34034243.04,0,0,0,0.0,0.0,0.0,0.10123700855552656,2260,3413,0.006757153769316714,72,73,71,74,0.9594594594594594,0.4022988505747127,0.40905600434402944,2260,3413,2021.5057522123893,2020.6964547319074,2023.0,2021.0,2020,2024,2019,2022,1.50091092618433,1.2191716748512882,0.8092974804819733,0,0,0,,ELIGIBLE_DESIGN_ONLY_RANKING,1,10,0,0,D09C diagnostic only; mainline must decide
T2_AR_A3-4_B1-2-5,T2,05,AR,Arkansas,2023,052023,52301,3-4,1-2-5,2,3,0,28,34034243.04,0,0,0,0.0,0.0,0.0,0.08469383777685484,2278,3395,0.006463364474998465,73,72,71,74,0.9594594594594594,0.43103448275862066,0.4374978472336191,2278,3395,2021.4991220368745,2020.6966126656848,2021.0,2020.0,2021,2022,2019,2024,0.5001090105469812,1.682128236883203,0.8025093711896716,0,0,0,,ELIGIBLE_DESIGN_ONLY_RANKING,1,6,0,0,D09C diagnostic only; mainline must decide
T2_AR_A3-5_B1-2-4,T2,05,AR,Arkansas,2023,052023,52301,3-5,1-2-4,2,3,0,28,34034243.04,0,0,0,0.0,0.0,0.0,0.0945275785090061,2275,3398,0.004259944767612602,73,73,72,74,0.972972972972973,0.41666666666666674,0.42092661143427934,2275,3398,2021.9973626373626,2020.363743378458,2021.0,2020.0,2021,2024,2019,2022,1.0008756447287341,1.2296519493187308,1.6336192589046732,0,0,0,,ELIGIBLE_DESIGN_ONLY_RANKING,1,7,0,0,D09C diagnostic only; mainline must decide
T2_AR_A4-5_B1-2-3,T2,05,AR,Arkansas,2023,052023,52301,4-5,1-2-3,2,3,0,28,34034243.04,0,0,0,0.0,0.0,0.0,0.07990019116499991,2271,3402,0.0013220518244315177,72,74,72,74,0.972972972972973,0.3881278538812785,0.38944990570571003,2271,3402,2022.4997798326729,2020.030276308054,2022.0,2020.0,2022,2024,2019,2021,0.5009901605144624,0.7998606061060648,2.469503524618858,0,0,0,,ELIGIBLE_DESIGN_ONLY_RANKING,1,3,0,0,D09C diagnostic only; mainline must decide
T2_CA_A1-2_B3-4-5,T2,06,CA,California,2023,062023,,1-2,3-4-5,2,3,0,,,,,,,,,,,,,,,,,,,,,,,,,,,,,,,,,,,,,NOT_AUDITABLE_FRAME_FAIL,0,,0,0,D09C diagnostic only; mainline must decide
T2_CA_A1-3_B2-4-5,T2,06,CA,California,2023,062023,,1-3,2-4-5,2,3,0,,,,,,,,,,,,,,,,,,,,,,,,,,,,,,,,,,,,,NOT_AUDITABLE_FRAME_FAIL,0,,0,0,D09C diagnostic only; mainline must decide
T2_CA_A1-4_B2-3-5,T2,06,CA,California,2023,062023,,1-4,2-3-5,2,3,0,,,,,,,,,,,,,,,,,,,,,,,,,,,,,,,,,,,,,NOT_AUDITABLE_FRAME_FAIL,0,,0,0,D09C diagnostic only; mainline must decide
T2_CA_A1-5_B2-3-4,T2,06,CA,California,2023,062023,,1-5,2-3-4,2,3,0,,,,,,,,,,,,,,,,,,,,,,,,,,,,,,,,,,,,,NOT_AUDITABLE_FRAME_FAIL,0,,0,0,D09C diagnostic only; mainline must decide
T2_CA_A2-3_B1-4-5,T2,06,CA,California,2023,062023,,2-3,1-4-5,2,3,0,,,,,,,,,,,,,,,,,,,,,,,,,,,,,,,,,,,,,NOT_AUDITABLE_FRAME_FAIL,0,,0,0,D09C diagnostic only; mainline must decide
T2_CA_A2-4_B1-3-5,T2,06,CA,California,2023,062023,,2-4,1-3-5,2,3,0,,,,,,,,,,,,,,,,,,,,,,,,,,,,,,,,,,,,,NOT_AUDITABLE_FRAME_FAIL,0,,0,0,D09C diagnostic only; mainline must decide
T2_CA_A2-5_B1-3-4,T2,06,CA,California,2023,062023,,2-5,1-3-4,2,3,0,,,,,,,,,,,,,,,,,,,,,,,,,,,,,,,,,,,,,NOT_AUDITABLE_FRAME_FAIL,0,,0,0,D09C diagnostic only; mainline must decide
T2_CA_A3-4_B1-2-5,T2,06,CA,California,2023,062023,,3-4,1-2-5,2,3,0,,,,,,,,,,,,,,,,,,,,,,,,,,,,,,,,,,,,,NOT_AUDITABLE_FRAME_FAIL,0,,0,0,D09C diagnostic only; mainline must decide
T2_CA_A3-5_B1-2-4,T2,06,CA,California,2023,062023,,3-5,1-2-4,2,3,0,,,,,,,,,,,,,,,,,,,,,,,,,,,,,,,,,,,,,NOT_AUDITABLE_FRAME_FAIL,0,,0,0,D09C diagnostic only; mainline must decide
T2_CA_A4-5_B1-2-3,T2,06,CA,California,2023,062023,,4-5,1-2-3,2,3,0,,,,,,,,,,,,,,,,,,,,,,,,,,,,,,,,,,,,,NOT_AUDITABLE_FRAME_FAIL,0,,0,0,D09C diagnostic only; mainline must decide
T2_CO_A1-2_B3-4-5,T2,08,CO,Colorado,2023,082023,82301,1-2,3-4-5,2,3,0,222,66619618.000000015,0,0,0,0.0,0.0,0.0,0.15828533127285735,4364,6448,0.015106671599457323,128,128,128,128,1.0,0.4166666666666667,0.431773338266124,4364,6448,2017.0366636113656,2019.488058312655,2019.0,2018.0,2014,2022,2016,2024,2.568704520053087,2.6617688217504454,2.4513947012894732,0,0,0,,ELIGIBLE_DESIGN_ONLY_RANKING,1,4,0,0,D09C diagnostic only; mainline must decide
T2_CO_A1-3_B2-4-5,T2,08,CO,Colorado,2023,082023,82301,1-3,2-4-5,2,3,0,222,66619618.000000015,0,0,0,0.0,0.0,0.0,0.15628802824408142,4379,6433,0.020887285731902752,128,128,128,128,1.0,0.4166666666666667,0.4375539523985694,4379,6433,2017.4985156428409,2019.1793875330327,2017.0,2018.0,2014,2024,2015,2024,2.701823333706281,2.809924519701185,1.6808718901918382,0,0,0,,ELIGIBLE_DESIGN_ONLY_RANKING,1,3,0,0,D09C diagnostic only; mainline must decide
T2_CO_A1-4_B2-3-5,T2,08,CO,Colorado,2023,082023,82301,1-4,2-3-5,2,3,0,222,66619618.000000015,1,0,1,32663.0,0.0,32663.0,0.16487722203179658,4379,6433,0.020887285731902752,128,128,128,128,1.0,0.4166666666666667,0.4375539523985694,4379,6433,2018.008677780315,2018.8321156536608,2017.0,2018.0,2014,2024,2015,2024,2.937434631110696,2.8037678125731373,0.8234378733457106,0,0,0,,ELIGIBLE_DESIGN_ONLY_RANKING,1,9,0,0,D09C diagnostic only; mainline must decide
T2_CO_A1-5_B2-3-4,T2,08,CO,Colorado,2023,082023,82301,1-5,2-3-4,2,3,0,222,66619618.000000015,0,0,0,0.0,0.0,0.0,0.18224341520161735,4296,6516,0.011098779134295227,128,128,128,128,1.0,0.4166666666666667,0.42776544580096193,4296,6516,2018.4543761638733,2018.5277777777778,2018.0,2017.0,2014,2024,2015,2024,3.205679539565462,2.6558547445180154,0.07340161390447975,0,0,0,,ELIGIBLE_DESIGN_ONLY_RANKING,1,8,0,0,D09C diagnostic only; mainline must decide
T2_CO_A2-3_B1-4-5,T2,08,CO,Colorado,2023,082023,82301,2-3,1-4-5,2,3,0,222,66619618.000000015,0,0,0,0.0,0.0,0.0,0.17329559966108204,4339,6473,0.005472314712048411,128,128,128,128,1.0,0.4166666666666667,0.4221389813787151,4339,6473,2018.0308826918645,2018.8121427467943,2017.0,2018.0,2015,2024,2014,2024,2.5687352103222376,3.0421321847203124,0.7812600549298168,0,0,0,,ELIGIBLE_DESIGN_ONLY_RANKING,1,7,0,0,D09C diagnostic only; mainline must decide
T2_CO_A2-4_B1-3-5,T2,08,CO,Colorado,2023,082023,82301,2-4,1-3-5,2,3,0,222,66619618.000000015,0,0,0,0.0,0.0,0.0,0.1479460328287227,4339,6473,0.005472314712048411,127,128,127,128,0.9921875,0.40849673202614384,0.41396904673819224,4339,6473,2018.5457478681724,2018.467016839178,2017.0,2018.0,2015,2024,2014,2024,2.718194635520356,2.9945667759120433,0.07873102899429796,0,0,0,,ELIGIBLE_DESIGN_ONLY_RANKING,1,1,1,0,D09C diagnostic only; mainline must decide
T2_CO_A2-5_B1-3-4,T2,08,CO,Colorado,2023,082023,82301,2-5,1-3-4,2,3,0,222,66619618.000000015,1,0,1,38449.0,0.0,38449.0,0.15656424836859337,4256,6556,0.02651375015414978,128,128,128,128,1.0,0.4166666666666667,0.44318041682081644,4256,6556,2019.0061090225563,2018.1691580231848,2018.0,2017.0,2015,2024,2014,2024,2.920161335361288,2.8168990895838357,0.8369509993715383,0,0,0,,ELIGIBLE_DESIGN_ONLY_RANKING,1,10,0,0,D09C diagnostic only; mainline must decide
T2_CO_A3-4_B1-2-5,T2,08,CO,Colorado,2023,082023,82301,3-4,1-2-5,2,3,0,222,66619618.000000015,0,0,0,0.0,0.0,0.0,0.1673019342714338,4354,6458,0.011252928844493842,128,128,128,128,1.0,0.4166666666666667,0.42791959551116054,4354,6458,2019.0050528249885,2018.1571694022916,2017.0,2018.5,2016,2024,2014,2024,2.588559574417381,3.024536310605779,0.8478834226968957,0,0,0,,ELIGIBLE_DESIGN_ONLY_RANKING,1,6,0,0,D09C diagnostic only; mainline must decide
T2_CO_A3-5_B1-2-4,T2,08,CO,Colorado,2023,082023,82301,3-5,1-2-4,2,3,0,222,66619618.000000015,0,0,0,0.0,0.0,0.0,0.15588478962903304,4271,6541,0.02073313602170435,128,128,128,128,1.0,0.4166666666666667,0.43739980268837103,4271,6541,2019.4727230156873,2017.862559241706,2018.0,2019.0,2016,2024,2014,2024,2.7182517900705796,2.81584205466204,1.610163773981185,0,0,0,,ELIGIBLE_DESIGN_ONLY_RANKING,1,2,0,0,D09C diagnostic only; mainline must decide
T2_CO_A4-5_B1-2-3,T2,08,CO,Colorado,2023,082023,82301,4-5,1-2-3,2,3,0,222,66619618.000000015,0,0,0,0.0,0.0,0.0,0.16579138648400282,4271,6541,0.02073313602170435,128,128,128,128,1.0,0.4166666666666667,0.43739980268837103,4271,6541,2019.9957855303207,2017.5210212505733,2018.0,2017.0,2017,2024,2014,2024,2.584312434415743,2.6452415178532647,2.4747642797474327,0,0,0,,ELIGIBLE_DESIGN_ONLY_RANKING,1,5,0,0,D09C diagnostic only; mainline must decide
T2_CT_A1-2_B3-4-5,T2,09,CT,Connecticut,2023,092023,92301,1-2,3-4-5,2,3,0,8,3203694.5,0,0,0,0.0,0.0,0.0,0.18130637517289624,200,280,0.06944444444444449,12,12,12,12,1.0,0.4166666666666667,0.48611111111111116,200,280,2021.915,2018.857142857143,2022.0,2019.0,2021,2023,2017,2023,0.8006122029406543,1.4958553423794498,3.057857142857074,0,0,0,,ELIGIBLE_DESIGN_ONLY_RANKING,1,5,0,0,D09C diagnostic only; mainline must decide
T2_CT_A1-3_B2-4-5,T2,09,CT,Connecticut,2023,092023,92301,1-3,2-4-5,2,3,0,8,3203694.5,0,0,0,0.0,0.0,0.0,0.21758706075438716,198,282,0.052083333333333336,12,12,12,12,1.0,0.4166666666666667,0.46875,198,282,2019.8030303030303,2020.3617021276596,2021.0,2020.0,2017,2023,2018,2023,2.1437172774352793,1.7907496422066018,0.5586718246293003,0,0,0,,ELIGIBLE_DESIGN_ONLY_RANKING,1,7,0,0,D09C diagnostic only; mainline must decide
T2_CT_A1-4_B2-3-5,T2,09,CT,Connecticut,2023,092023,92301,1-4,2-3-5,2,3,0,8,3203694.5,0,0,0,0.0,0.0,0.0,0.16887703855956676,193,287,0.008680555555555506,12,12,12,12,1.0,0.4166666666666667,0.4253472222222222,193,287,2020.0051813471503,2020.2160278745644,2021.0,2020.0,2018,2022,2017,2023,1.5086466387075512,2.2129674029440696,0.21084652741410537,0,0,0,,ELIGIBLE_DESIGN_ONLY_RANKING,1,3,0,0,D09C diagnostic only; mainline must decide
T2_CT_A1-5_B2-3-4,T2,09,CT,Connecticut,2023,092023,92301,1-5,2-3-4,2,3,0,8,3203694.5,0,0,0,0.0,0.0,0.0,0.268634540555722,204,276,0.10416666666666667,12,12,12,12,1.0,0.4166666666666667,0.5208333333333334,204,276,2020.6323529411766,2019.7608695652175,2021.0,2019.0,2019,2022,2017,2023,0.8917422770128131,2.4062172435016964,0.8714833759590874,0,0,0,,ELIGIBLE_DESIGN_ONLY_RANKING,1,10,0,0,D09C diagnostic only; mainline must decide
T2_CT_A2-3_B1-4-5,T2,09,CT,Connecticut,2023,092023,92301,2-3,1-4-5,2,3,0,8,3203694.5,0,0,0,0.0,0.0,0.0,0.17162349680284572,188,292,0.034722222222222175,12,12,12,12,1.0,0.4166666666666667,0.45138888888888884,188,292,2020.372340425532,2019.9760273972602,2022.0,2020.0,2017,2023,2018,2022,2.682819342931282,1.2827593107900765,0.3963130282718339,0,0,0,,ELIGIBLE_DESIGN_ONLY_RANKING,1,4,0,0,D09C diagnostic only; mainline must decide
T2_CT_A2-4_B1-3-5,T2,09,CT,Connecticut,2023,092023,92301,2-4,1-3-5,2,3,0,8,3203694.5,0,0,0,0.0,0.0,0.0,0.26429017814009437,183,297,0.078125,12,12,12,12,1.0,0.4166666666666667,0.4947916666666667,183,297,2020.6010928961748,2019.8417508417508,2022.0,2020.0,2018,2023,2017,2023,2.135363907814172,1.789196454060859,0.7593420544239962,0,0,0,,ELIGIBLE_DESIGN_ONLY_RANKING,1,9,0,0,D09C diagnostic only; mainline must decide
T2_CT_A2-5_B1-3-4,T2,09,CT,Connecticut,2023,092023,92301,2-5,1-3-4,2,3,0,8,3203694.5,0,0,0,0.0,0.0,0.0,0.2058870484996116,194,286,0.01736111111111116,12,12,12,12,1.0,0.4166666666666667,0.43402777777777785,194,286,2021.2268041237114,2019.3881118881118,2021.0,2019.0,2019,2023,2017,2023,1.4575524565195666,1.912029857745639,1.8386922355996376,0,0,0,,ELIGIBLE_DESIGN_ONLY_RANKING,1,6,0,0,D09C diagnostic only; mainline must decide
T2_CT_A3-4_B1-2-5,T2,09,CT,Connecticut,2023,092023,92301,3-4,1-2-5,2,3,0,8,3203694.5,0,0,0,0.0,0.0,0.0,0.26063271129379084,181,299,0.09548611111111116,12,12,12,12,1.0,0.4166666666666667,0.5121527777777779,181,299,2018.2762430939226,2021.2541806020067,2018.0,2021.0,2017,2023,2019,2023,1.509576550824523,1.2049705143395935,2.9779375080840964,0,0,0,,ELIGIBLE_DESIGN_ONLY_RANKING,1,8,0,0,D09C diagnostic only; mainline must decide
T2_CT_A3-5_B1-2-4,T2,09,CT,Connecticut,2023,092023,92301,3-5,1-2-4,2,3,0,8,3203694.5,0,0,0,0.0,0.0,0.0,0.1586625698709755,192,288,0.0,12,12,12,12,1.0,0.4166666666666667,0.4166666666666667,192,288,2019.0416666666667,2020.857638888889,2019.0,2021.0,2017,2023,2018,2023,1.7390896497228439,1.7561868679435675,1.8159722222221717,0,0,0,,ELIGIBLE_DESIGN_ONLY_RANKING,1,2,0,0,D09C diagnostic only; mainline must decide
T2_CT_A4-5_B1-2-3,T2,09,CT,Connecticut,2023,092023,92301,4-5,1-2-3,2,3,0,8,3203694.5,0,0,0,0.0,0.0,0.0,0.12418951286621184,187,293,0.043402777777777825,12,12,12,12,1.0,0.4166666666666667,0.46006944444444453,187,293,2019.2299465240642,2020.7064846416383,2019.0,2021.0,2018,2021,2017,2023,0.9478677243853181,2.2104652079485403,1.4765381175741368,0,0,0,,ELIGIBLE_DESIGN_ONLY_RANKING,1,1,1,0,D09C diagnostic only; mainline must decide
T2_DE_A1-2_B3-4-5,T2,10,DE,Delaware,2023,102023,102301,1-2,3-4-5,2,3,0,7,1296281.3,0,0,0,0.0,0.0,0.0,0.15202070167856319,155,231,0.006476683937823834,6,6,6,6,1.0,0.4166666666666667,0.42314335060449054,155,231,2022.0838709677419,2018.8354978354978,2022.0,2019.0,2021,2024,2017,2024,0.8897310166246103,1.534741045639038,3.248373132244069,0,0,0,,ELIGIBLE_DESIGN_ONLY_RANKING,1,4,0,0,D09C diagnostic only; mainline must decide
T2_DE_A1-3_B2-4-5,T2,10,DE,Delaware,2023,102023,102301,1-3,2-4-5,2,3,0,7,1296281.3,0,0,0,0.0,0.0,0.0,0.3393789238722497,157,229,0.028065630397236675,6,6,6,6,1.0,0.4166666666666667,0.4447322970639034,157,229,2019.8216560509554,2020.35807860262,2021.0,2020.0,2017,2024,2018,2024,2.316338801868863,1.84799269311178,0.5364225516646002,0,0,0,,ELIGIBLE_DESIGN_ONLY_RANKING,1,10,0,0,D09C diagnostic only; mainline must decide
T2_DE_A1-4_B2-3-5,T2,10,DE,Delaware,2023,102023,102301,1-4,2-3-5,2,3,0,7,1296281.3,0,0,0,0.0,0.0,0.0,0.19349667346740537,156,230,0.017271157167530162,6,6,6,6,1.0,0.4166666666666667,0.4339378238341968,156,230,2020.0384615384614,2020.208695652174,2021.0,2020.0,2018,2023,2017,2024,1.5403586318257831,2.3568006297262305,0.17023411371246766,0,0,0,,ELIGIBLE_DESIGN_ONLY_RANKING,1,7,0,0,D09C diagnostic only; mainline must decide
T2_DE_A1-5_B2-3-4,T2,10,DE,Delaware,2023,102023,102301,1-5,2-3-4,2,3,0,7,1296281.3,0,0,0,0.0,0.0,0.0,0.14919798231287731,155,231,0.006476683937823834,6,6,6,6,1.0,0.4166666666666667,0.42314335060449054,155,231,2020.6129032258063,2019.8225108225108,2021.0,2019.0,2019,2023,2017,2024,1.0280930321628168,2.48624296945074,0.7903924032955274,0,0,0,,ELIGIBLE_DESIGN_ONLY_RANKING,1,3,0,0,D09C diagnostic only; mainline must decide
T2_DE_A2-3_B1-4-5,T2,10,DE,Delaware,2023,102023,102301,2-3,1-4-5,2,3,0,7,1296281.3,0,0,0,0.0,0.0,0.0,0.1886289206349156,154,232,0.0043177892918824946,6,6,6,6,1.0,0.4166666666666667,0.42098445595854916,154,232,2020.435064935065,2019.9439655172414,2022.0,2020.0,2017,2024,2018,2023,2.8282545592582413,1.3097561845149104,0.49109941782353417,0,0,0,,ELIGIBLE_DESIGN_ONLY_RANKING,1,6,0,0,D09C diagnostic only; mainline must decide
T2_DE_A2-4_B1-3-5,T2,10,DE,Delaware,2023,102023,102301,2-4,1-3-5,2,3,0,7,1296281.3,0,0,0,0.0,0.0,0.0,0.16691831914272023,153,233,0.015112262521589008,6,6,6,6,1.0,0.4166666666666667,0.43177892918825567,153,233,2020.6601307189542,2019.7982832618027,2020.0,2020.0,2018,2024,2017,2024,2.1648003393190622,1.9270301803471126,0.861847457151498,0,0,0,,ELIGIBLE_DESIGN_ONLY_RANKING,1,5,0,0,D09C diagnostic only; mainline must decide
T2_DE_A2-5_B1-3-4,T2,10,DE,Delaware,2023,102023,102301,2-5,1-3-4,2,3,0,7,1296281.3,0,0,0,0.0,0.0,0.0,0.29331030953753445,152,234,0.025906735751295335,6,6,6,6,1.0,0.4166666666666667,0.442573402417962,152,234,2021.25,2019.4188034188035,2021.5,2019.0,2019,2024,2017,2024,1.616348595277935,2.0074509972236823,1.8311965811965365,0,0,0,,ELIGIBLE_DESIGN_ONLY_RANKING,1,9,0,0,D09C diagnostic only; mainline must decide
T2_DE_A3-4_B1-2-5,T2,10,DE,Delaware,2023,102023,102301,3-4,1-2-5,2,3,0,7,1296281.3,0,0,0,0.0,0.0,0.0,0.14018649079335388,155,231,0.006476683937823834,6,6,6,6,1.0,0.4166666666666667,0.42314335060449054,155,231,2018.3870967741937,2021.3160173160172,2018.0,2021.0,2017,2024,2019,2024,1.6568907541215332,1.3576365908233066,2.9289205418235724,0,0,0,,ELIGIBLE_DESIGN_ONLY_RANKING,1,2,0,0,D09C diagnostic only; mainline must decide
T2_DE_A3-5_B1-2-4,T2,10,DE,Delaware,2023,102023,102301,3-5,1-2-4,2,3,0,7,1296281.3,0,0,0,0.0,0.0,0.0,0.11824623917609833,154,232,0.0043177892918824946,6,6,6,6,1.0,0.4166666666666667,0.42098445595854916,154,232,2018.9545454545455,2020.926724137931,2019.0,2021.0,2017,2024,2018,2024,1.826961866410756,1.8278204918455503,1.9721786833854367,0,0,0,,ELIGIBLE_DESIGN_ONLY_RANKING,1,1,1,0,D09C diagnostic only; mainline must decide
T2_DE_A4-5_B1-2-3,T2,10,DE,Delaware,2023,102023,102301,4-5,1-2-3,2,3,0,7,1296281.3,0,0,0,0.0,0.0,0.0,0.2855971332750085,153,233,0.015112262521589008,6,6,6,6,1.0,0.4166666666666667,0.43177892918825567,153,233,2019.1699346405228,2020.7768240343348,2019.0,2022.0,2018,2021,2017,2024,0.809408894723754,2.371158281073328,1.6068893938120254,0,0,0,,ELIGIBLE_DESIGN_ONLY_RANKING,1,8,0,0,D09C diagnostic only; mainline must decide
T2_FL_A1-2_B3-4-5,T2,12,FL,Florida,2023,122023,122301,1-2,3-4-5,2,3,0,24,42084580.29,0,0,0,0.0,0.0,0.0,0.07045109314144693,2827,4213,0.006510416666666721,102,104,102,104,0.9807692307692307,0.3964401294498382,0.40295054611650494,2827,4213,2020.0198089847895,2021.2409209589366,2019.0,2021.0,2016,2025,2014,2025,2.4286630790061423,1.591649716253423,1.2211119741471066,0,0,0,,ELIGIBLE_DESIGN_ONLY_RANKING,1,3,0,0,D09C diagnostic only; mainline must decide
T2_FL_A1-3_B2-4-5,T2,12,FL,Florida,2023,122023,122301,1-3,2-4-5,2,3,0,24,42084580.29,0,0,0,0.0,0.0,0.0,0.06691759389674529,2818,4222,0.001183712121212175,102,103,101,104,0.9711538461538461,0.40650406504065034,0.4076877771618625,2818,4222,2020.497870830376,2020.919232591189,2020.0,2021.0,2014,2025,2014,2025,2.249323428036254,1.9044616696141417,0.4213617608129425,0,0,0,,ELIGIBLE_DESIGN_ONLY_RANKING,1,2,0,0,D09C diagnostic only; mainline must decide
T2_FL_A1-4_B2-3-5,T2,12,FL,Florida,2023,122023,122301,1-4,2-3-5,2,3,0,24,42084580.29,0,0,0,0.0,0.0,0.0,0.09743444516302369,2817,4223,0.0005918560606060067,104,103,103,104,0.9903846153846154,0.4267310789049919,0.4273229349655979,2817,4223,2021.21618743344,2020.4399715841819,2022.0,2020.0,2014,2025,2014,2025,2.213509484412367,1.887813569976075,0.7762158492580511,0,0,0,,ELIGIBLE_DESIGN_ONLY_RANKING,1,9,0,0,D09C diagnostic only; mainline must decide
T2_FL_A1-5_B2-3-4,T2,12,FL,Florida,2023,122023,122301,1-5,2-3-4,2,3,0,24,42084580.29,0,0,0,0.0,0.0,0.0,0.09692564590525773,2826,4214,0.005918560606060552,102,104,102,104,0.9807692307692307,0.3964401294498382,0.40235869005589875,2826,4214,2021.7866242038217,2020.0557664926437,2023.0,2020.0,2015,2025,2014,2025,2.3264796905214236,1.5019486412385383,1.7308577111780323,0,0,0,,ELIGIBLE_DESIGN_ONLY_RANKING,1,8,0,0,D09C diagnostic only; mainline must decide
T2_FL_A2-3_B1-4-5,T2,12,FL,Florida,2023,122023,122301,2-3,1-4-5,2,3,0,24,42084580.29,0,0,0,0.0,0.0,0.0,0.09533129920134512,2813,4227,0.0017755681818181818,102,104,102,104,0.9807692307692307,0.3964401294498382,0.3982156976316564,2813,4227,2019.4166370423036,2021.6382777383487,2019.0,2022.0,2014,2024,2014,2025,1.185453167699786,2.039246184947817,2.2216406960451422,0,0,0,,ELIGIBLE_DESIGN_ONLY_RANKING,1,7,0,0,D09C diagnostic only; mainline must decide
T2_FL_A2-4_B1-3-5,T2,12,FL,Florida,2023,122023,122301,2-4,1-3-5,2,3,0,24,42084580.29,0,0,0,0.0,0.0,0.0,0.10594430154119959,2812,4228,0.0023674242424241887,103,103,102,104,0.9807692307692307,0.4166666666666666,0.4190340909090908,2812,4228,2020.1358463726885,2021.1594134342479,2020.0,2021.0,2014,2025,2014,2025,1.673246352657601,2.1872674621242605,1.0235670615593335,0,0,0,,ELIGIBLE_DESIGN_ONLY_RANKING,1,10,0,0,D09C diagnostic only; mainline must decide
T2_FL_A2-5_B1-3-4,T2,12,FL,Florida,2023,122023,122301,2-5,1-3-4,2,3,0,24,42084580.29,0,0,0,0.0,0.0,0.0,0.07289630060764891,2821,4219,0.0029592803030303568,102,104,102,104,0.9807692307692307,0.3964401294498382,0.39939940975286853,2821,4219,2020.7107408720312,2020.7771983882437,2021.0,2021.0,2015,2025,2014,2025,2.134150266198566,2.008196013650931,0.06645751621249474,0,0,0,,ELIGIBLE_DESIGN_ONLY_RANKING,1,4,0,0,D09C diagnostic only; mainline must decide
T2_FL_A3-4_B1-2-5,T2,12,FL,Florida,2023,122023,122301,3-4,1-2-5,2,3,0,24,42084580.29,0,0,0,0.0,0.0,0.0,0.05124255650479328,2803,4237,0.007694128787878734,102,103,101,104,0.9711538461538461,0.40650406504065034,0.41419819382852907,2803,4237,2020.6168391009633,2020.8390370545196,2021.0,2021.0,2014,2025,2015,2025,1.3539385530506993,2.411914832924265,0.22219795355636052,0,0,0,,ELIGIBLE_DESIGN_ONLY_RANKING,1,1,1,0,D09C diagnostic only; mainline must decide
T2_FL_A3-5_B1-2-4,T2,12,FL,Florida,2023,122023,122301,3-5,1-2-4,2,3,0,24,42084580.29,0,0,0,0.0,0.0,0.0,0.08973608679826797,2812,4228,0.0023674242424241887,103,104,103,104,0.9903846153846154,0.40660225442834147,0.40896967867076567,2812,4228,2021.1920341394025,2020.4569536423842,2021.0,2020.0,2014,2025,2014,2025,1.7444633730405399,2.1965823704078864,0.7350804970183162,0,0,0,,ELIGIBLE_DESIGN_ONLY_RANKING,1,6,0,0,D09C diagnostic only; mainline must decide
T2_FL_A4-5_B1-2-3,T2,12,FL,Florida,2023,122023,122301,4-5,1-2-3,2,3,0,24,42084580.29,0,0,0,0.0,0.0,0.0,0.08333743224574788,2811,4229,0.0029592803030303568,103,102,101,104,0.9711538461538461,0.4268292682926829,0.42978854859571325,2811,4229,2021.9121309142654,2019.9784819106171,2022.0,2019.0,2014,2025,2014,2025,1.3714548391171757,2.078351828505594,1.93364900364827,0,0,0,,ELIGIBLE_DESIGN_ONLY_RANKING,1,5,0,0,D09C diagnostic only; mainline must decide
T2_GA_A1-2_B3-4-5,T2,13,GA,Georgia,2023,132023,132301,1-2,3-4-5,2,3,0,23,38032097.809999995,0,0,0,0.0,0.0,0.0,0.08866395114457104,2611,3975,0.014804129972669298,78,81,78,81,0.9629629629629629,0.3773584905660377,0.392162620538707,2611,3975,2019.9509766373037,2022.485031446541,2020.0,2023.0,2018,2023,2016,2024,0.7457992214827796,1.0811161461921743,2.5340548092372046,0,0,0,,ELIGIBLE_DESIGN_ONLY_RANKING,1,8,0,0,D09C diagnostic only; mainline must decide
T2_GA_A1-3_B2-4-5,T2,13,GA,Georgia,2023,132023,132301,1-3,2-4-5,2,3,0,23,38032097.809999995,0,0,0,0.0,0.0,0.0,0.09165413714228482,2624,3962,0.006579613321186412,80,80,79,81,0.9753086419753086,0.41666666666666663,0.423246279987853,2624,3962,2020.4317835365853,2022.1749116607773,2021.0,2023.0,2016,2023,2017,2024,1.1461599020981215,1.418828399253756,1.743128124192026,0,0,0,,ELIGIBLE_DESIGN_ONLY_RANKING,1,9,0,0,D09C diagnostic only; mainline must decide
T2_GA_A1-4_B2-3-5,T2,13,GA,Georgia,2023,132023,132301,1-4,2-3-5,2,3,0,23,38032097.809999995,0,0,0,0.0,0.0,0.0,0.07674838190912592,2632,3954,0.0015183723048891587,80,80,79,81,0.9753086419753086,0.41666666666666663,0.4181850389715558,2632,3954,2021.0045592705167,2021.797167425392,2022.0,2021.0,2017,2024,2016,2024,1.6627409435520688,1.4180835161875949,0.7926081548753245,0,0,0,,ELIGIBLE_DESIGN_ONLY_RANKING,1,3,0,0,D09C diagnostic only; mainline must decide
T2_GA_A1-5_B2-3-4,T2,13,GA,Georgia,2023,132023,132301,1-5,2-3-4,2,3,0,23,38032097.809999995,0,0,0,0.0,0.0,0.0,0.07465848324948222,2604,3982,0.019232715861929286,78,81,78,81,0.9629629629629629,0.3773584905660377,0.39659120642796697,2604,3982,2021.5030721966207,2021.4655951783025,2023.0,2021.0,2018,2024,2016,2024,2.1268796728286974,1.0559322188941032,0.037477018318213595,0,0,0,,ELIGIBLE_DESIGN_ONLY_RANKING,1,2,0,0,D09C diagnostic only; mainline must decide
T2_GA_A2-3_B1-4-5,T2,13,GA,Georgia,2023,132023,132301,2-3,1-4-5,2,3,0,23,38032097.809999995,0,0,0,0.0,0.0,0.0,0.0787394941813443,2645,3941,0.006706144346593727,80,80,79,81,0.9753086419753086,0.41666666666666663,0.42337281101326035,2645,3941,2020.931190926276,2021.8490230905861,2021.0,2023.0,2016,2023,2017,2024,0.7645405284122009,1.8398554855863882,0.9178321643100844,0,0,0,,ELIGIBLE_DESIGN_ONLY_RANKING,1,4,0,0,D09C diagnostic only; mainline must decide
T2_GA_A2-4_B1-3-5,T2,13,GA,Georgia,2023,132023,132301,2-4,1-3-5,2,3,0,23,38032097.809999995,0,0,0,0.0,0.0,0.0,0.08275054765484745,2653,3933,0.011767385362890981,80,80,79,81,0.9753086419753086,0.41666666666666663,0.4284340520295576,2653,3933,2021.4979268752356,2021.4685990338164,2022.0,2021.0,2017,2024,2016,2024,1.2097577443772025,1.7710636133843989,0.029327841419217293,0,0,0,,ELIGIBLE_DESIGN_ONLY_RANKING,1,5,0,0,D09C diagnostic only; mainline must decide
T2_GA_A2-5_B1-3-4,T2,13,GA,Georgia,2023,132023,132301,2-5,1-3-4,2,3,0,23,38032097.809999995,0,0,0,0.0,0.0,0.0,0.08523078363516352,2625,3961,0.005946958194149148,77,81,77,81,0.9506172839506173,0.3639240506329114,0.36987100882706053,2625,3961,2021.9977142857142,2021.1375915172937,2023.0,2021.0,2019,2024,2016,2024,1.643305233543767,1.4179595368878684,0.8601227684205242,0,0,0,,ELIGIBLE_DESIGN_ONLY_RANKING,1,6,0,0,D09C diagnostic only; mainline must decide
T2_GA_A3-4_B1-2-5,T2,13,GA,Georgia,2023,132023,132301,3-4,1-2-5,2,3,0,23,38032097.809999995,0,0,0,0.0,0.0,0.0,0.08714239410718466,2666,3920,0.019991902014373866,81,78,78,81,0.9629629629629629,0.4559748427672956,0.47596674478166945,2666,3920,2021.963615903976,2021.1517857142858,2022.0,2020.0,2016,2024,2018,2024,0.8730853063860764,1.8310000655686154,0.8118301896902267,0,0,0,,ELIGIBLE_DESIGN_ONLY_RANKING,1,7,0,0,D09C diagnostic only; mainline must decide
T2_GA_A3-5_B1-2-4,T2,13,GA,Georgia,2023,132023,132301,3-5,1-2-4,2,3,0,23,38032097.809999995,0,0,0,0.0,0.0,0.0,0.06458548061811568,2638,3948,0.002277558457333738,80,80,79,81,0.9753086419753086,0.41666666666666663,0.41894422512400037,2638,3948,2022.4658832448824,2020.8219351570415,2022.0,2020.0,2016,2024,2017,2024,1.231373083534403,1.4186692179600513,1.643948087840954,0,0,0,,ELIGIBLE_DESIGN_ONLY_RANKING,1,1,1,0,D09C diagnostic only; mainline must decide
T2_GA_A4-5_B1-2-3,T2,13,GA,Georgia,2023,132023,132301,4-5,1-2-3,2,3,0,23,38032097.809999995,0,0,0,0.0,0.0,0.0,0.09285408982496612,2646,3940,0.007338799473630991,80,80,79,81,0.9753086419753086,0.41666666666666663,0.4240054661402976,2646,3940,2023.0294784580499,2020.4401015228427,2023.0,2020.0,2017,2024,2016,2023,0.8133342145307285,0.9890058193129593,2.589376935207156,0,0,0,,ELIGIBLE_DESIGN_ONLY_RANKING,1,10,0,0,D09C diagnostic only; mainline must decide
T2_ID_A1-2_B3-4-5,T2,16,ID,Idaho,2023,162023,162301,1-2,3-4-5,2,3,0,147,53484642.0,0,0,0,0.0,0.0,0.0,0.16312649009959831,3547,5214,0.020260244264353383,116,118,115,119,0.9663865546218487,0.3988603988603988,0.41912064312475217,3547,5214,2017.0518748237948,2019.5709627924819,2015.0,2021.0,2013,2023,2016,2024,2.6474804202137263,2.6927602835944127,2.5190879686870176,0,0,0,,ELIGIBLE_DESIGN_ONLY_RANKING,1,7,0,0,D09C diagnostic only; mainline must decide
T2_ID_A1-3_B2-4-5,T2,16,ID,Idaho,2023,162023,162301,1-3,2-4-5,2,3,0,147,53484642.0,1,0,1,80205.09804424919,0.0,80205.09804424919,0.14890363189739145,3524,5237,0.009321614731955974,117,117,115,119,0.9663865546218487,0.4166666666666667,0.42598828139862266,3524,5237,2017.5309307604994,2019.237540576666,2017.0,2020.0,2013,2024,2015,2024,2.7738913186562653,2.85926915083138,1.706609816166747,0,0,0,,ELIGIBLE_DESIGN_ONLY_RANKING,1,10,0,0,D09C diagnostic only; mainline must decide
T2_ID_A1-4_B2-3-5,T2,16,ID,Idaho,2023,162023,162301,1-4,2-3-5,2,3,0,147,53484642.0,0,0,0,0.0,0.0,0.0,0.1301889228629046,3552,5209,0.022638207206178942,116,117,114,119,0.957983193277311,0.407725321888412,0.4303635290945909,3552,5209,2018.0419481981983,2018.898253023613,2018.0,2018.0,2013,2024,2015,2024,2.988890992650012,2.865993007371377,0.8563048254147816,0,0,0,,ELIGIBLE_DESIGN_ONLY_RANKING,1,1,1,0,D09C diagnostic only; mainline must decide
T2_ID_A1-5_B2-3-4,T2,16,ID,Idaho,2023,162023,162301,1-5,2-3-4,2,3,0,147,53484642.0,0,0,0,0.0,0.0,0.0,0.17320455407106713,3478,5283,0.012555644332838716,116,115,112,119,0.9411764705882353,0.4256854256854256,0.43824107001826434,3478,5283,2018.4646348476135,2018.607987885671,2018.0,2019.0,2013,2024,2015,2024,3.239245167767386,2.735435872295261,0.1433530380575121,0,0,0,,ELIGIBLE_DESIGN_ONLY_RANKING,1,8,0,0,D09C diagnostic only; mainline must decide
T2_ID_A2-3_B1-4-5,T2,16,ID,Idaho,2023,162023,162301,2-3,1-4-5,2,3,0,147,53484642.0,0,0,0,0.0,0.0,0.0,0.15627173954568369,3511,5250,0.003138911083209679,114,118,113,119,0.9495798319327731,0.38074712643678155,0.38388603751999123,3511,5250,2018.1053830817432,2018.8491428571429,2017.0,2019.0,2015,2024,2013,2024,2.6741885506614187,3.0797033164274383,0.743759775399667,0,0,0,,ELIGIBLE_DESIGN_ONLY_RANKING,1,4,0,0,D09C diagnostic only; mainline must decide
T2_ID_A2-4_B1-3-5,T2,16,ID,Idaho,2023,162023,162301,2-4,1-3-5,2,3,0,147,53484642.0,0,0,0,0.0,0.0,0.0,0.16211801202053674,3539,5222,0.016455503557432517,114,118,113,119,0.9495798319327731,0.38074712643678155,0.3972026299942141,3539,5222,2018.613732692851,2018.508617387974,2020.0,2018.0,2015,2024,2013,2024,2.7957092108871584,3.04386346784278,0.10511530487701748,0,0,0,,ELIGIBLE_DESIGN_ONLY_RANKING,1,6,0,0,D09C diagnostic only; mainline must decide
T2_ID_A2-5_B1-3-4,T2,16,ID,Idaho,2023,162023,162301,2-5,1-3-4,2,3,0,147,53484642.0,0,0,0,0.0,0.0,0.0,0.13929862493945502,3465,5296,0.01873834798158501,115,118,114,119,0.957983193277311,0.38984263233190264,0.40858098031348766,3465,5296,2019.0502164502163,2018.2245090634442,2019.0,2018.0,2015,2024,2013,2024,2.975518970864818,2.8810886989686426,0.8257073867721374,0,0,0,,ELIGIBLE_DESIGN_ONLY_RANKING,1,2,0,0,D09C diagnostic only; mainline must decide
T2_ID_A3-4_B1-2-5,T2,16,ID,Idaho,2023,162023,162301,3-4,1-2-5,2,3,0,147,53484642.0,0,0,0,0.0,0.0,0.0,0.16193799060943245,3516,5245,0.005516874025035237,115,117,113,119,0.9495798319327731,0.39870689655172414,0.4042237705767594,3516,5245,2019.10409556314,2018.1803622497616,2021.0,2018.0,2016,2024,2013,2024,2.6422489786927317,3.078968831903752,0.9237333133783068,0,0,0,,ELIGIBLE_DESIGN_ONLY_RANKING,1,5,0,0,D09C diagnostic only; mainline must decide
T2_ID_A3-5_B1-2-4,T2,16,ID,Idaho,2023,162023,162301,3-5,1-2-4,2,3,0,147,53484642.0,1,0,1,77779.0,0.0,77779.0,0.14917292041135938,3442,5319,0.029676977513982423,117,117,115,119,0.9663865546218487,0.4166666666666667,0.4463436441806491,3442,5319,2019.5540383497967,2017.9020492573793,2019.0,2018.0,2016,2024,2013,2024,2.7497826321288596,2.887119391308885,1.6519890924173524,0,0,0,,ELIGIBLE_DESIGN_ONLY_RANKING,1,9,0,0,D09C diagnostic only; mainline must decide
T2_ID_A4-5_B1-2-3,T2,16,ID,Idaho,2023,162023,162301,4-5,1-2-3,2,3,0,147,53484642.0,0,0,0,0.0,0.0,0.0,0.1554650615309835,3470,5291,0.016360385039759583,117,117,115,119,0.9663865546218487,0.4166666666666667,0.43302705170642625,3470,5291,2020.0608069164266,2017.5609525609525,2022.0,2017.0,2017,2024,2013,2024,2.5994305949346654,2.7330191590686055,2.499854355474099,0,0,0,,ELIGIBLE_DESIGN_ONLY_RANKING,1,3,0,0,D09C diagnostic only; mainline must decide
T2_IL_A1-2_B3-4-5,T2,17,IL,Illinois,2023,172023,172301,1-2,3-4-5,2,3,0,27,36057165.09999998,0,0,0,0.0,0.0,0.0,0.06427492779226406,2395,3545,0.01332772166105493,78,79,78,79,0.9873417721518988,0.40339702760084933,0.4167247492619043,2395,3545,2021.906471816284,2018.6631875881524,2022.0,2019.0,2020,2023,2016,2023,0.8116347167723761,1.4643859008687083,3.2432842281316425,0,0,0,,ELIGIBLE_DESIGN_ONLY_RANKING,1,6,0,0,D09C diagnostic only; mainline must decide
T2_IL_A1-3_B2-4-5,T2,17,IL,Illinois,2023,172023,172301,1-3,2-4-5,2,3,0,27,36057165.09999998,0,0,0,0.0,0.0,0.0,0.05872948897171231,2405,3535,0.02034231200897874,79,78,78,79,0.9873417721518988,0.4299363057324841,0.4502786177414628,2405,3535,2019.6091476091476,2020.2169731258841,2021.0,2020.0,2016,2023,2017,2023,2.2322137405000784,1.8198880551378525,0.6078255167365114,0,0,0,,ELIGIBLE_DESIGN_ONLY_RANKING,1,3,0,0,D09C diagnostic only; mainline must decide
T2_IL_A1-4_B2-3-5,T2,17,IL,Illinois,2023,172023,172301,1-4,2-3-5,2,3,0,27,36057165.09999998,0,0,0,0.0,0.0,0.0,0.05593946996392328,2408,3532,0.022446689113355844,78,79,78,79,0.9873417721518988,0.40339702760084933,0.4258437167142052,2408,3532,2019.8326411960134,2020.0651189127973,2019.5,2020.0,2017,2022,2016,2023,1.517048169411455,2.2948246015482394,0.23247771678393292,0,0,0,,ELIGIBLE_DESIGN_ONLY_RANKING,1,2,0,0,D09C diagnostic only; mainline must decide
T2_IL_A1-5_B2-3-4,T2,17,IL,Illinois,2023,172023,172301,1-5,2-3-4,2,3,0,27,36057165.09999998,0,0,0,0.0,0.0,0.0,0.07615021372770688,2344,3596,0.022446689113355844,77,79,77,79,0.9746835443037974,0.389957264957265,0.41240395407062086,2344,3596,2020.5004266211604,2019.6256952169076,2021.0,2019.0,2018,2022,2016,2023,0.9248316161879566,2.4239294849420747,0.8747314042527705,0,0,0,,ELIGIBLE_DESIGN_ONLY_RANKING,1,8,0,0,D09C diagnostic only; mainline must decide
T2_IL_A2-3_B1-4-5,T2,17,IL,Illinois,2023,172023,172301,2-3,1-4-5,2,3,0,27,36057165.09999998,0,0,0,0.0,0.0,0.0,0.06935245478747432,2392,3548,0.011223344556677827,79,78,78,79,0.9873417721518988,0.4299363057324841,0.44115965028916193,2392,3548,2020.242474916388,2019.7877677564825,2022.0,2020.0,2016,2023,2017,2022,2.7499564308548132,1.2826166517035908,0.45470715990541066,0,0,0,,ELIGIBLE_DESIGN_ONLY_RANKING,1,7,0,0,D09C diagnostic only; mainline must decide
T2_IL_A2-4_B1-3-5,T2,17,IL,Illinois,2023,172023,172301,2-4,1-3-5,2,3,0,27,36057165.09999998,0,0,0,0.0,0.0,0.0,0.05977267980846902,2395,3545,0.01332772166105493,77,79,77,79,0.9746835443037974,0.389957264957265,0.40328498661831996,2395,3545,2020.466388308977,2019.63610719323,2019.0,2020.0,2017,2023,2016,2023,2.139851830346328,1.8602848667196372,0.8302811157470842,0,0,0,,ELIGIBLE_DESIGN_ONLY_RANKING,1,4,0,0,D09C diagnostic only; mainline must decide
T2_IL_A2-5_B1-3-4,T2,17,IL,Illinois,2023,172023,172301,2-5,1-3-4,2,3,0,27,36057165.09999998,0,0,0,0.0,0.0,0.0,0.0626435531760715,2331,3609,0.03156565656565657,78,79,78,79,0.9873417721518988,0.40339702760084933,0.4349626841665059,2331,3609,2021.1552981552982,2019.2058742033805,2022.0,2019.0,2018,2023,2016,2023,1.516119689606064,1.9324825395763028,1.9494239519176517,0,0,0,,ELIGIBLE_DESIGN_ONLY_RANKING,1,5,0,0,D09C diagnostic only; mainline must decide
T2_IL_A3-4_B1-2-5,T2,17,IL,Illinois,2023,172023,172301,3-4,1-2-5,2,3,0,27,36057165.09999998,0,0,0,0.0,0.0,0.0,0.07646515040906739,2405,3535,0.02034231200897874,79,78,78,79,0.9873417721518988,0.4299363057324841,0.4502786177414628,2405,3535,2018.175051975052,2021.1926449787836,2018.0,2021.0,2016,2023,2018,2023,1.5176859627649182,1.2635019257704698,3.0175930037316903,0,0,0,,ELIGIBLE_DESIGN_ONLY_RANKING,1,9,0,0,D09C diagnostic only; mainline must decide
T2_IL_A3-5_B1-2-4,T2,17,IL,Illinois,2023,172023,172301,3-5,1-2-4,2,3,0,27,36057165.09999998,0,0,0,0.0,0.0,0.0,0.0552842045048081,2341,3599,0.02455106621773295,79,78,78,79,0.9873417721518988,0.4299363057324841,0.45448737195021705,2341,3599,2018.7983767620674,2020.733537093637,2019.0,2021.0,2016,2023,2017,2023,1.7481166705592388,1.8070842982950532,1.9351603315697048,0,0,0,,ELIGIBLE_DESIGN_ONLY_RANKING,1,1,1,0,D09C diagnostic only; mainline must decide
T2_IL_A4-5_B1-2-3,T2,17,IL,Illinois,2023,172023,172301,4-5,1-2-3,2,3,0,27,36057165.09999998,0,0,0,0.0,0.0,0.0,0.08387588627791834,2344,3596,0.022446689113355844,78,79,78,79,0.9873417721518988,0.40339702760084933,0.4258437167142052,2344,3596,2019.0290102389079,2020.5848164627364,2019.0,2021.0,2017,2021,2016,2023,0.8217142963777896,2.310713451761536,1.5558062238285402,0,0,0,,ELIGIBLE_DESIGN_ONLY_RANKING,1,10,0,0,D09C diagnostic only; mainline must decide
T2_IN_A1-2_B3-4-5,T2,18,IN,Indiana,2023,182023,182301,1-2,3-4-5,2,3,0,34,23157078.3,0,0,0,0.0,0.0,0.0,0.09905169218373418,1508,2264,0.000883704489218755,51,51,51,51,1.0,0.4166666666666667,0.41755037115588545,1508,2264,2021.92175066313,2018.689929328622,2022.0,2019.0,2020,2023,2016,2023,0.8091901537196307,1.4463953073739428,3.2318213345081404,0,0,0,,ELIGIBLE_DESIGN_ONLY_RANKING,1,5,0,0,D09C diagnostic only; mainline must decide
T2_IN_A1-3_B2-4-5,T2,18,IN,Indiana,2023,182023,182301,1-3,2-4-5,2,3,0,34,23157078.3,0,0,0,0.0,0.0,0.0,0.1039948232869788,1519,2253,0.011267232237539768,51,51,51,51,1.0,0.4166666666666667,0.42793389890420647,1519,2253,2019.6161948650429,2020.2285841100754,2021.0,2020.0,2016,2023,2017,2023,2.2179115160358385,1.8087117953080023,0.6123892450325457,0,0,0,,ELIGIBLE_DESIGN_ONLY_RANKING,1,8,0,0,D09C diagnostic only; mainline must decide
T2_IN_A1-4_B2-3-5,T2,18,IN,Indiana,2023,182023,182301,1-4,2-3-5,2,3,0,34,23157078.3,0,0,0,0.0,0.0,0.0,0.08062000759255172,1530,2242,0.02341816896429829,50,50,49,51,0.9607843137254902,0.41666666666666663,0.4400848356309649,1530,2242,2019.8372549019607,2020.0807314897413,2019.0,2020.0,2017,2022,2016,2023,1.5022277920369593,2.2820319042335235,0.24347658778060577,0,0,0,,ELIGIBLE_DESIGN_ONLY_RANKING,1,2,0,0,D09C diagnostic only; mainline must decide
T2_IN_A1-5_B2-3-4,T2,18,IN,Indiana,2023,182023,182301,1-5,2-3-4,2,3,0,34,23157078.3,1,0,1,11743.3,0.0,11743.3,0.10285414828147796,1492,2280,0.01855779427359491,50,51,50,51,0.9803921568627451,0.39603960396039606,0.41459739823399094,1492,2280,2020.5100536193029,2019.636403508772,2021.0,2019.0,2019,2022,2016,2023,0.8989334151367387,2.414085704535455,0.8736501105308889,0,0,0,,ELIGIBLE_DESIGN_ONLY_RANKING,1,10,0,0,D09C diagnostic only; mainline must decide
T2_IN_A2-3_B1-4-5,T2,18,IN,Indiana,2023,182023,182301,2-3,1-4-5,2,3,0,34,23157078.3,0,0,0,0.0,0.0,0.0,0.10042768418842146,1509,2263,0.00022092612230465109,50,50,49,51,0.9607843137254902,0.41666666666666663,0.4168875927889713,1509,2263,2020.2551358515573,2019.799823243482,2022.0,2020.0,2016,2023,2017,2022,2.7469265073600266,1.2630083396408687,0.4553126080752463,0,0,0,,ELIGIBLE_DESIGN_ONLY_RANKING,1,6,0,0,D09C diagnostic only; mainline must decide
T2_IN_A2-4_B1-3-5,T2,18,IN,Indiana,2023,182023,182301,2-4,1-3-5,2,3,0,34,23157078.3,0,0,0,0.0,0.0,0.0,0.08368054699604188,1520,2252,0.012371862849063324,51,51,51,51,1.0,0.4166666666666667,0.42903852951573,1520,2252,2020.4730263157894,2019.6505328596802,2019.0,2020.0,2017,2023,2016,2023,2.136995682194781,1.840360162219667,0.8224934561092141,0,0,0,,ELIGIBLE_DESIGN_ONLY_RANKING,1,3,0,0,D09C diagnostic only; mainline must decide
T2_IN_A2-5_B1-3-4,T2,18,IN,Indiana,2023,182023,182301,2-5,1-3-4,2,3,0,34,23157078.3,0,0,0,0.0,0.0,0.0,0.10093121122383487,1482,2290,0.029604100388830025,50,51,50,51,0.9803921568627451,0.39603960396039606,0.4256437043492261,1482,2290,2021.1666666666667,2019.2152838427949,2022.0,2019.0,2019,2023,2016,2023,1.5066437010632723,1.9141542481169531,1.9513828238718816,0,0,0,,ELIGIBLE_DESIGN_ONLY_RANKING,1,7,0,0,D09C diagnostic only; mainline must decide
T2_IN_A3-4_B1-2-5,T2,18,IN,Indiana,2023,182023,182301,3-4,1-2-5,2,3,0,34,23157078.3,0,0,0,0.0,0.0,0.0,0.08653860845456407,1531,2241,0.024522799575821846,51,51,51,51,1.0,0.4166666666666667,0.44118946624248856,1531,2241,2018.1959503592423,2021.202141900937,2018.0,2021.0,2016,2023,2019,2023,1.4971028431688922,1.2545328027076137,3.0061915416947613,0,0,0,,ELIGIBLE_DESIGN_ONLY_RANKING,1,4,0,0,D09C diagnostic only; mainline must decide
T2_IN_A3-5_B1-2-4,T2,18,IN,Indiana,2023,182023,182301,3-5,1-2-4,2,3,0,34,23157078.3,0,0,0,0.0,0.0,0.0,0.07021881325867187,1493,2279,0.017453163662071353,50,51,50,51,0.9803921568627451,0.39603960396039606,0.4134927676224674,1493,2279,2018.8265237776288,2020.7389205792015,2019.0,2021.0,2016,2023,2017,2023,1.7285781280509331,1.8044985422163051,1.9123968015726405,0,0,0,,ELIGIBLE_DESIGN_ONLY_RANKING,1,1,1,0,D09C diagnostic only; mainline must decide
T2_IN_A4-5_B1-2-3,T2,18,IN,Indiana,2023,182023,182301,4-5,1-2-3,2,3,0,34,23157078.3,0,0,0,0.0,0.0,0.0,0.1174191719179091,1504,2268,0.005302226935312832,50,51,50,51,0.9803921568627451,0.39603960396039606,0.4013418308957089,1504,2268,2019.0571808510638,2020.595238095238,2019.0,2021.0,2017,2021,2016,2023,0.8062804236920814,2.3063201719453628,1.538057244174297,0,0,0,,ELIGIBLE_DESIGN_ONLY_RANKING,1,9,0,0,D09C diagnostic only; mainline must decide
T2_IA_A1-2_B3-4-5,T2,19,IA,Iowa,2023,192023,192301,1-2,3-4-5,2,3,0,29,36013524.400000006,1,0,1,27627.2,0.0,27627.2,0.063770997373716,2362,3586,0.01204886796682352,71,70,70,71,0.9859154929577465,0.43144208037825066,0.4434909483450742,2362,3586,2021.9110922946657,2018.7247629670942,2022.0,2019.0,2020,2023,2016,2023,0.8121612138646648,1.4700488182979121,3.186329327571457,0,0,0,,ELIGIBLE_DESIGN_ONLY_RANKING,1,9,0,0,D09C diagnostic only; mainline must decide
T2_IA_A1-3_B2-4-5,T2,19,IA,Iowa,2023,192023,192301,1-3,2-4-5,2,3,0,29,36013524.400000006,1,0,1,27627.2,0.0,27627.2,0.062264080030175376,2371,3577,0.005744227751625133,70,71,70,71,0.9859154929577465,0.4018912529550827,0.40763548070670785,2371,3577,2019.634753268663,2020.2256080514398,2021.0,2020.0,2016,2023,2017,2023,2.229992746640317,1.7916452812693946,0.5908547827768871,0,0,0,,ELIGIBLE_DESIGN_ONLY_RANKING,1,8,0,0,D09C diagnostic only; mainline must decide
T2_IA_A1-4_B2-3-5,T2,19,IA,Iowa,2023,192023,192301,1-4,2-3-5,2,3,0,29,36013524.400000006,0,0,0,0.0,0.0,0.0,0.04458202245426714,2380,3568,0.0005604124635732536,70,71,70,71,0.9859154929577465,0.4018912529550827,0.40245166541865596,2380,3568,2019.836974789916,2020.0922085201794,2019.0,2020.0,2017,2022,2016,2023,1.4864875784640337,2.271991761618317,0.2552337302633987,0,0,0,,ELIGIBLE_DESIGN_ONLY_RANKING,1,1,1,0,D09C diagnostic only; mainline must decide
T2_IA_A1-5_B2-3-4,T2,19,IA,Iowa,2023,192023,192301,1-5,2-3-4,2,3,0,29,36013524.400000006,0,0,0,0.0,0.0,0.0,0.05264101992936447,2369,3579,0.007145258910558171,70,71,70,71,0.9859154929577465,0.4018912529550827,0.4090365118656409,2369,3579,2020.4731954411143,2019.6702989661917,2020.0,2019.0,2018,2022,2016,2023,0.9047892258918752,2.417154593232913,0.8028964749225906,0,0,0,,ELIGIBLE_DESIGN_ONLY_RANKING,1,5,0,0,D09C diagnostic only; mainline must decide
T2_IA_A2-3_B1-4-5,T2,19,IA,Iowa,2023,192023,192301,2-3,1-4-5,2,3,0,29,36013524.400000006,1,0,1,27627.2,0.0,27627.2,0.053566404705184,2377,3571,0.0015411342748262084,71,70,70,71,0.9859154929577465,0.43144208037825066,0.4329832146530769,2377,3571,2020.2894404711822,2019.7908148977876,2022.0,2020.0,2016,2023,2017,2022,2.7431322995908096,1.2444542219565575,0.49862557339451996,0,0,0,,ELIGIBLE_DESIGN_ONLY_RANKING,1,7,0,0,D09C diagnostic only; mainline must decide
T2_IA_A2-4_B1-3-5,T2,19,IA,Iowa,2023,192023,192301,2-4,1-3-5,2,3,0,29,36013524.400000006,0,0,0,0.0,0.0,0.0,0.05231988808455393,2386,3562,0.004763505940372178,71,70,70,71,0.9859154929577465,0.43144208037825066,0.43620558631862283,2386,3562,2020.4886839899414,2019.6560920830993,2019.0,2020.0,2017,2023,2016,2023,2.120697095521968,1.8392055353730918,0.8325919068420262,0,0,0,,ELIGIBLE_DESIGN_ONLY_RANKING,1,4,0,0,D09C diagnostic only; mainline must decide
T2_IA_A2-5_B1-3-4,T2,19,IA,Iowa,2023,192023,192301,2-5,1-3-4,2,3,0,29,36013524.400000006,0,0,0,0.0,0.0,0.0,0.0471388341295777,2375,3573,0.002942165433759247,70,70,69,71,0.971830985915493,0.4166666666666667,0.41960883210042593,2375,3573,2021.1263157894737,2019.2348166806605,2020.0,2019.0,2018,2023,2016,2023,1.5126683887212977,1.9242360655256137,1.89149910881315,0,0,0,,ELIGIBLE_DESIGN_ONLY_RANKING,1,3,0,0,D09C diagnostic only; mainline must decide
T2_IA_A3-4_B1-2-5,T2,19,IA,Iowa,2023,192023,192301,3-4,1-2-5,2,3,0,29,36013524.400000006,0,0,0,0.0,0.0,0.0,0.05353338280734376,2395,3553,0.011068146155570564,70,71,70,71,0.9859154929577465,0.4018912529550827,0.41295939911065327,2395,3553,2018.2405010438413,2021.1694342808894,2018.0,2021.0,2016,2023,2018,2023,1.5564391002627802,1.2656676391888215,2.9289332370481134,0,0,0,,ELIGIBLE_DESIGN_ONLY_RANKING,1,6,0,0,D09C diagnostic only; mainline must decide
T2_IA_A3-5_B1-2-4,T2,19,IA,Iowa,2023,192023,192301,3-5,1-2-4,2,3,0,29,36013524.400000006,0,0,0,0.0,0.0,0.0,0.046378863689031824,2384,3564,0.0033624747814391394,70,71,70,71,0.9859154929577465,0.4018912529550827,0.40525372773652185,2384,3564,2018.8653523489934,2020.7424242424242,2019.0,2021.0,2016,2023,2017,2023,1.749501230286555,1.7915153394520094,1.8770718934308661,0,0,0,,ELIGIBLE_DESIGN_ONLY_RANKING,1,2,0,0,D09C diagnostic only; mainline must decide
T2_IA_A4-5_B1-2-3,T2,19,IA,Iowa,2023,192023,192301,4-5,1-2-3,2,3,0,29,36013524.400000006,0,1,1,0.0,27627.2,27627.2,0.07202017025424146,2393,3555,0.009667114996637525,70,71,70,71,0.9859154929577465,0.4018912529550827,0.41155836795172024,2393,3555,2019.069368992896,2020.6098452883264,2019.0,2021.0,2017,2021,2016,2023,0.7941268388058271,2.303618023336751,1.5404762954303806,0,0,0,,ELIGIBLE_DESIGN_ONLY_RANKING,1,10,0,0,D09C diagnostic only; mainline must decide
T2_KS_A1-2_B3-4-5,T2,20,KS,Kansas,2023,202023,202301,1-2,3-4-5,2,3,0,22,52657279.29999999,0,0,0,0.0,0.0,0.0,0.04105734076679329,3477,5234,0.0035395859641067285,97,98,97,98,0.9897959183673469,0.40598290598290604,0.4095224919470128,3477,5234,2021.946505608283,2018.7806648834544,2022.0,2019.0,2021,2023,2017,2023,0.8024075616759268,1.4672814407379224,3.165840724828513,0,0,0,,ELIGIBLE_DESIGN_ONLY_RANKING,1,10,0,0,D09C diagnostic only; mainline must decide
T2_KS_A1-3_B2-4-5,T2,20,KS,Kansas,2023,202023,202301,1-3,2-4-5,2,3,0,22,52657279.29999999,0,0,0,0.0,0.0,0.0,0.025020039033387998,3487,5224,0.001243638311713203,97,98,97,98,0.9897959183673469,0.40598290598290604,0.40722654429461924,3487,5224,2019.6925724118153,2020.2790964777948,2021.0,2020.0,2017,2023,2018,2023,2.2123653451421896,1.7860414234231143,0.5865240659795745,0,0,0,,ELIGIBLE_DESIGN_ONLY_RANKING,1,4,0,0,D09C diagnostic only; mainline must decide
T2_KS_A1-4_B2-3-5,T2,20,KS,Kansas,2023,202023,202301,1-4,2-3-5,2,3,0,22,52657279.29999999,0,0,0,0.0,0.0,0.0,0.026573887297944028,3485,5226,0.0002869934565491907,98,97,97,98,0.9897959183673469,0.4273504273504273,0.4276374208069765,3485,5226,2019.9007173601149,2020.1400688863375,2020.0,2020.0,2018,2022,2017,2023,1.4837087191622023,2.2585708982519894,0.23935152622266287,0,0,0,,ELIGIBLE_DESIGN_ONLY_RANKING,1,5,0,0,D09C diagnostic only; mainline must decide
T2_KS_A1-5_B2-3-4,T2,20,KS,Kansas,2023,202023,202301,1-5,2-3-4,2,3,0,22,52657279.29999999,0,0,0,0.0,0.0,0.0,0.021696543214093186,3473,5238,0.005452875674434623,97,98,97,98,0.9897959183673469,0.40598290598290604,0.4114357816573407,3473,5238,2020.5202994529225,2019.7287132493318,2021.0,2019.0,2019,2022,2017,2023,0.914366090846625,2.4026392753302086,0.7915862035906684,0,0,0,,ELIGIBLE_DESIGN_ONLY_RANKING,1,1,1,0,D09C diagnostic only; mainline must decide
T2_KS_A2-3_B1-4-5,T2,20,KS,Kansas,2023,202023,202301,2-3,1-4-5,2,3,0,22,52657279.29999999,0,0,0,0.0,0.0,0.0,0.02186929204291568,3490,5221,0.0026786055944591565,97,98,97,98,0.9897959183673469,0.40598290598290604,0.4086615115773652,3490,5221,2020.338681948424,2019.8475387856734,2022.0,2020.0,2017,2023,2018,2022,2.7198240388350348,1.2478825647017315,0.49114316275063175,0,0,0,,ELIGIBLE_DESIGN_ONLY_RANKING,1,2,0,0,D09C diagnostic only; mainline must decide
T2_KS_A2-4_B1-3-5,T2,20,KS,Kansas,2023,202023,202301,2-4,1-3-5,2,3,0,22,52657279.29999999,0,0,0,0.0,0.0,0.0,0.02286974440458792,3488,5223,0.001721960739295144,98,97,97,98,0.9897959183673469,0.4273504273504273,0.4290723880897224,3488,5223,2020.5470183486239,2019.7085965919969,2020.0,2020.0,2018,2023,2017,2023,2.1068591458656734,1.83034153549042,0.8384217566269854,0,0,0,,ELIGIBLE_DESIGN_ONLY_RANKING,1,3,0,0,D09C diagnostic only; mainline must decide
T2_KS_A2-5_B1-3-4,T2,20,KS,Kansas,2023,202023,202301,2-5,1-3-4,2,3,0,22,52657279.29999999,0,0,0,0.0,0.0,0.0,0.028594076132664695,3476,5235,0.004017908391688669,97,98,97,98,0.9897959183673469,0.40598290598290604,0.41000081437459474,3476,5235,2021.1682968929804,2019.297994269341,2022.0,2019.0,2019,2023,2017,2023,1.5093517897463427,1.9162403952913742,1.870302623639418,0,0,0,,ELIGIBLE_DESIGN_ONLY_RANKING,1,6,0,0,D09C diagnostic only; mainline must decide
T2_KS_A3-4_B1-2-5,T2,20,KS,Kansas,2023,202023,202301,3-4,1-2-5,2,3,0,22,52657279.29999999,0,0,0,0.0,0.0,0.0,0.032617531693565946,3498,5213,0.006505185015114945,98,97,97,98,0.9897959183673469,0.4273504273504273,0.4338556123655422,3498,5213,2018.3041738136078,2021.211970074813,2018.0,2021.0,2017,2023,2019,2023,1.5537605605166525,1.2619933515535047,2.907796261205249,0,0,0,,ELIGIBLE_DESIGN_ONLY_RANKING,1,8,0,0,D09C diagnostic only; mainline must decide
T2_KS_A3-5_B1-2-4,T2,20,KS,Kansas,2023,202023,202301,3-5,1-2-4,2,3,0,22,52657279.29999999,0,0,0,0.0,0.0,0.0,0.03307049969823356,3486,5225,0.0007653158841311316,97,98,97,98,0.9897959183673469,0.40598290598290604,0.4067482218670372,3486,5225,2018.9159495123351,2020.797129186603,2019.0,2021.0,2017,2023,2018,2023,1.7394381591897385,1.7771605349433124,1.8811796742677416,0,0,0,,ELIGIBLE_DESIGN_ONLY_RANKING,1,9,0,0,D09C diagnostic only; mainline must decide
T2_KS_A4-5_B1-2-3,T2,20,KS,Kansas,2023,202023,202301,4-5,1-2-3,2,3,0,22,52657279.29999999,0,0,0,0.0,0.0,0.0,0.032437815093828544,3484,5227,0.00019132897103275027,97,97,96,98,0.9795918367346939,0.41666666666666663,0.4168579956376994,3484,5227,2019.1237083811711,2020.6579299789555,2019.0,2021.0,2018,2021,2017,2023,0.8086671061552172,2.2832515036012437,1.5342215977843807,0,0,0,,ELIGIBLE_DESIGN_ONLY_RANKING,1,7,0,0,D09C diagnostic only; mainline must decide
T2_KY_A1-2_B3-4-5,T2,21,KY,Kentucky,2023,212023,212301,1-2,3-4-5,2,3,0,29,25860092.060000006,0,0,0,0.0,0.0,0.0,0.11380233239687566,1665,2553,0.021929824561403508,58,60,57,61,0.9344262295081968,0.3813559322033898,0.40328575676479334,1665,2553,2023.2186186186186,2019.4508421464943,2024.0,2019.0,2020,2026,2016,2023,1.6027363213076302,1.8689511300624035,3.7677764721242966,0,0,0,,ELIGIBLE_DESIGN_ONLY_RANKING,1,8,0,0,D09C diagnostic only; mainline must decide
T2_KY_A1-3_B2-4-5,T2,21,KY,Kentucky,2023,212023,212301,1-3,2-4-5,2,3,0,29,25860092.060000006,0,0,0,0.0,0.0,0.0,0.11199359225201236,1677,2541,0.010075865339023233,58,61,58,61,0.9508196721311475,0.36414565826330536,0.3742215236023286,1677,2541,2020.0757304710794,2021.5072805981897,2019.0,2021.0,2016,2024,2017,2026,2.729598026803826,2.256845693403092,1.431550127110313,0,0,0,,ELIGIBLE_DESIGN_ONLY_RANKING,1,6,0,0,D09C diagnostic only; mainline must decide
T2_KY_A1-4_B2-3-5,T2,21,KY,Kentucky,2023,212023,212301,1-4,2-3-5,2,3,0,29,25860092.060000006,0,0,0,0.0,0.0,0.0,0.10656517938552405,1675,2543,0.0120515252094199,59,60,58,61,0.9508196721311475,0.3991596638655462,0.41121118907496607,1675,2543,2020.9814925373134,2020.9095556429413,2021.0,2021.0,2017,2024,2016,2026,2.049918591013552,2.836704310385904,0.07193689437212925,0,0,0,,ELIGIBLE_DESIGN_ONLY_RANKING,1,5,0,0,D09C diagnostic only; mainline must decide
T2_KY_A1-5_B2-3-4,T2,21,KY,Kentucky,2023,212023,212301,1-5,2-3-4,2,3,0,29,25860092.060000006,0,0,0,0.0,0.0,0.0,0.10456912921911851,1676,2542,0.011063695274221635,59,61,59,61,0.9672131147540983,0.3819444444444445,0.3930081397186661,1676,2542,2021.829952267303,2020.3501180173091,2022.0,2020.0,2019,2024,2016,2026,1.6362564474737247,2.8609652191663115,1.479834249993928,0,0,0,,ELIGIBLE_DESIGN_ONLY_RANKING,1,4,0,0,D09C diagnostic only; mainline must decide
T2_KY_A2-3_B1-4-5,T2,21,KY,Kentucky,2023,212023,212301,2-3,1-4-5,2,3,0,29,25860092.060000006,0,0,0,0.0,0.0,0.0,0.08363579844752439,1692,2526,0.0047415836889521095,59,60,58,61,0.9508196721311475,0.3991596638655462,0.4039012475544983,1692,2526,2020.7836879432625,2021.041567695962,2019.5,2021.0,2016,2026,2017,2024,3.3173227564397005,1.8688308826880802,0.25787975269940944,0,0,0,,ELIGIBLE_DESIGN_ONLY_RANKING,1,1,1,0,D09C diagnostic only; mainline must decide
T2_KY_A2-4_B1-3-5,T2,21,KY,Kentucky,2023,212023,212301,2-4,1-3-5,2,3,0,29,25860092.060000006,0,0,0,0.0,0.0,0.0,0.11477406503050978,1690,2528,0.002765923818555442,60,59,58,61,0.9508196721311475,0.43417366946778707,0.4369395932863425,1690,2528,2021.6822485207101,2020.440664556962,2022.0,2021.0,2017,2026,2016,2024,2.5539029043354065,2.429626831181837,1.2415839637480985,0,0,0,,ELIGIBLE_DESIGN_ONLY_RANKING,1,9,0,0,D09C diagnostic only; mainline must decide
T2_KY_A2-5_B1-3-4,T2,21,KY,Kentucky,2023,212023,212301,2-5,1-3-4,2,3,0,29,25860092.060000006,0,0,0,0.0,0.0,0.0,0.10170659037172132,1691,2527,0.0037537537537537086,60,60,59,61,0.9672131147540983,0.4166666666666667,0.4204204204204204,1691,2527,2022.52276759314,2019.877720617333,2022.0,2020.0,2019,2026,2016,2024,1.9590290808066673,2.347588145154496,2.6450469758071904,0,0,0,,ELIGIBLE_DESIGN_ONLY_RANKING,1,3,0,0,D09C diagnostic only; mainline must decide
T2_KY_A3-4_B1-2-5,T2,21,KY,Kentucky,2023,212023,212301,3-4,1-2-5,2,3,0,29,25860092.060000006,0,0,0,0.0,0.0,0.0,0.11706061036806688,1702,2516,0.014619883040935717,60,60,59,61,0.9672131147540983,0.4166666666666667,0.4312865497076024,1702,2516,2018.596357226792,2022.5222575516693,2018.0,2023.0,2016,2022,2019,2026,1.4178872042340653,1.8305724400017724,3.925900324877375,0,0,0,,ELIGIBLE_DESIGN_ONLY_RANKING,1,10,0,0,D09C diagnostic only; mainline must decide
T2_KY_A3-5_B1-2-4,T2,21,KY,Kentucky,2023,212023,212301,3-5,1-2-4,2,3,0,29,25860092.060000006,0,0,0,0.0,0.0,0.0,0.0992541778935144,1703,2515,0.015607712976133984,59,60,58,61,0.9508196721311475,0.3991596638655462,0.4147673768416802,1703,2515,2019.4327657075748,2021.9574552683896,2019.0,2022.0,2016,2023,2017,2026,2.1234037584631746,2.3042667104911794,2.5246895608147497,0,0,0,,ELIGIBLE_DESIGN_ONLY_RANKING,1,2,0,0,D09C diagnostic only; mainline must decide
T2_KY_A4-5_B1-2-3,T2,21,KY,Kentucky,2023,212023,212301,4-5,1-2-3,2,3,0,29,25860092.060000006,0,0,0,0.0,0.0,0.0,0.11254106773902936,1701,2517,0.013632053105737316,60,59,58,61,0.9508196721311475,0.43417366946778707,0.4478057225735244,1701,2517,2020.3239271017048,2021.353198251887,2020.0,2022.0,2017,2023,2016,2026,1.570784024350038,2.972115156451444,1.0292711501822396,0,0,0,,ELIGIBLE_DESIGN_ONLY_RANKING,1,7,0,0,D09C diagnostic only; mainline must decide
T2_LA_A1-2_B3-4-5,T2,22,LA,Louisiana,2023,222023,222301,1-2,3-4-5,2,3,0,26,33520164.380000006,0,0,0,0.0,0.0,0.0,0.08077456243163703,2155,3232,0.0001546933976858571,76,75,75,76,0.9868421052631579,0.43046357615894043,0.4306182695566263,2155,3232,2021.509976798144,2020.3579826732673,2023.0,2020.0,2016,2024,2016,2024,2.3530670535327927,1.9494393679419384,1.1519941248766372,0,0,0,,ELIGIBLE_DESIGN_ONLY_RANKING,1,4,0,0,D09C diagnostic only; mainline must decide
T2_LA_A1-3_B2-4-5,T2,22,LA,Louisiana,2023,222023,222301,1-3,2-4-5,2,3,0,26,33520164.380000006,0,0,0,0.0,0.0,0.0,0.0850395722696839,2159,3228,0.003248561351401522,75,76,75,76,0.9868421052631579,0.402869757174393,0.4061183185257945,2159,3228,2021.8198239925891,2020.1493184634448,2023.0,2020.0,2016,2024,2016,2023,2.303532317280344,1.8344927502286108,1.6705055291442932,0,0,0,,ELIGIBLE_DESIGN_ONLY_RANKING,1,6,0,0,D09C diagnostic only; mainline must decide
T2_LA_A1-4_B2-3-5,T2,22,LA,Louisiana,2023,222023,222301,1-4,2-3-5,2,3,0,26,33520164.380000006,0,0,0,0.0,0.0,0.0,0.08164071419794477,2150,3237,0.003712641544458882,75,76,75,76,0.9868421052631579,0.402869757174393,0.4065823987188519,2150,3237,2019.9548837209302,2021.3926475131295,2020.0,2022.0,2016,2024,2018,2024,2.839971270551361,1.352325403120398,1.4377637921993482,0,0,0,,ELIGIBLE_DESIGN_ONLY_RANKING,1,5,0,0,D09C diagnostic only; mainline must decide
T2_LA_A1-5_B2-3-4,T2,22,LA,Louisiana,2023,222023,222301,1-5,2-3-4,2,3,0,26,33520164.380000006,0,0,0,0.0,0.0,0.0,0.07155144671762576,2148,3239,0.00525957552131682,75,75,74,76,0.9736842105263158,0.4166666666666667,0.4219262421879835,2148,3239,2021.0814711359403,2020.6446434084594,2022.0,2021.0,2016,2024,2016,2024,2.379537687170035,2.0432313846931107,0.43682772748093157,0,0,0,,ELIGIBLE_DESIGN_ONLY_RANKING,1,3,0,0,D09C diagnostic only; mainline must decide
T2_LA_A2-3_B1-4-5,T2,22,LA,Louisiana,2023,222023,222301,2-3,1-4-5,2,3,0,26,33520164.380000006,0,0,0,0.0,0.0,0.0,0.09580963408674804,2164,3223,0.007115896293546261,75,75,74,76,0.9736842105263158,0.4166666666666667,0.42378256296021294,2164,3223,2021.7795748613678,2020.1737511635122,2022.0,2020.0,2018,2024,2016,2024,1.237392679025012,2.445603064224571,1.6058236978556124,0,0,0,,ELIGIBLE_DESIGN_ONLY_RANKING,1,9,0,0,D09C diagnostic only; mainline must decide
T2_LA_A2-4_B1-3-5,T2,22,LA,Louisiana,2023,222023,222301,2-4,1-3-5,2,3,0,26,33520164.380000006,0,0,0,0.0,0.0,0.0,0.0596575005838192,2155,3232,0.0001546933976858571,75,75,74,76,0.9736842105263158,0.4166666666666667,0.41682136006435255,2155,3232,2019.9187935034802,2021.4189356435643,2020.0,2022.0,2016,2023,2016,2024,2.031185471868015,2.0908461484307925,1.5001421400841082,0,0,0,,ELIGIBLE_DESIGN_ONLY_RANKING,1,2,0,0,D09C diagnostic only; mainline must decide
T2_LA_A2-5_B1-3-4,T2,22,LA,Louisiana,2023,222023,222301,2-5,1-3-4,2,3,0,26,33520164.380000006,0,0,0,0.0,0.0,0.0,0.0939479223325011,2153,3234,0.0013922405791720808,76,75,75,76,0.9868421052631579,0.43046357615894043,0.4318558167381125,2153,3234,2021.0427310729215,2020.669758812616,2021.0,2022.0,2018,2023,2016,2024,1.3448353538083382,2.5996563105227306,0.3729722603054597,0,0,0,,ELIGIBLE_DESIGN_ONLY_RANKING,1,8,0,0,D09C diagnostic only; mainline must decide
T2_LA_A3-4_B1-2-5,T2,22,LA,Louisiana,2023,222023,222301,3-4,1-2-5,2,3,0,26,33520164.380000006,0,0,0,0.0,0.0,0.0,0.08677137800769913,2159,3228,0.003248561351401522,74,76,74,76,0.9736842105263158,0.38888888888888895,0.39213745024029045,2159,3228,2020.2315886984716,2021.2115861214374,2020.0,2022.0,2016,2024,2016,2024,2.210662263143946,2.092713662647792,0.9799974229658801,0,0,0,,ELIGIBLE_DESIGN_ONLY_RANKING,1,7,0,0,D09C diagnostic only; mainline must decide
T2_LA_A3-5_B1-2-4,T2,22,LA,Louisiana,2023,222023,222301,3-5,1-2-4,2,3,0,26,33520164.380000006,0,0,0,0.0,0.0,0.0,0.05358187975607773,2157,3230,0.001701627374543584,75,76,75,76,0.9868421052631579,0.402869757174393,0.4045713845489366,2157,3230,2021.353732035234,2020.4616099071206,2022.0,2021.0,2018,2024,2016,2024,1.3690696801167614,2.541128985642654,0.8921221281134422,0,0,0,,ELIGIBLE_DESIGN_ONLY_RANKING,1,1,1,0,D09C diagnostic only; mainline must decide
T2_LA_A4-5_B1-2-3,T2,22,LA,Louisiana,2023,222023,222301,4-5,1-2-3,2,3,0,26,33520164.380000006,0,0,0,0.0,0.0,0.0,0.09830306085842756,2148,3239,0.00525957552131682,75,76,75,76,0.9868421052631579,0.402869757174393,0.40812933269570983,2148,3239,2019.4851024208567,2021.703303488731,2020.0,2022.0,2016,2023,2016,2024,1.6939195455686584,2.0347410879110415,2.218201067874361,0,0,0,,ELIGIBLE_DESIGN_ONLY_RANKING,1,10,0,0,D09C diagnostic only; mainline must decide
T2_ME_A1-2_B3-4-5,T2,23,ME,Maine,2023,232023,232301,1-2,3-4-5,2,3,0,63,21199748.699999996,0,0,0,0.0,0.0,0.0,0.18041850548477684,1409,2094,0.009277761918355694,50,51,50,51,0.9803921568627451,0.39603960396039606,0.4053173658787518,1409,2094,2019.484031227821,2021.9670487106018,2020.0,2022.0,2018,2020,2020,2024,0.5408659819102759,0.841677834552525,2.483017482780724,0,0,0,,ELIGIBLE_DESIGN_ONLY_RANKING,1,5,0,0,D09C diagnostic only; mainline must decide
T2_ME_A1-3_B2-4-5,T2,23,ME,Maine,2023,232023,232301,1-3,2-4-5,2,3,0,63,21199748.699999996,0,0,0,0.0,0.0,0.0,0.20772403036893974,1398,2105,0.0038062612998381795,50,51,50,51,0.9803921568627451,0.39603960396039606,0.39984586526023425,1398,2105,2019.9649499284692,2021.6346793349169,2020.0,2022.0,2018,2021,2019,2024,1.0227486042934029,1.2493474358524295,1.6697294064476864,0,0,0,,ELIGIBLE_DESIGN_ONLY_RANKING,1,10,0,0,D09C diagnostic only; mainline must decide
T2_ME_A1-4_B2-3-5,T2,23,ME,Maine,2023,232023,232301,1-4,2-3-5,2,3,0,63,21199748.699999996,0,0,0,0.0,0.0,0.0,0.18054444342345286,1394,2109,0.008564087924636025,50,50,49,51,0.9607843137254902,0.41666666666666663,0.42523075459130266,1394,2109,2020.4634146341464,2021.3020388809862,2021.0,2021.0,2018,2022,2019,2024,1.5172220587475733,1.2494023681044202,0.8386242468397995,0,0,0,,ELIGIBLE_DESIGN_ONLY_RANKING,1,6,0,0,D09C diagnostic only; mainline must decide
T2_ME_A1-5_B2-3-4,T2,23,ME,Maine,2023,232023,232301,1-5,2-3-4,2,3,0,63,21199748.699999996,0,0,0,0.0,0.0,0.0,0.14842013435570836,1390,2113,0.013321914549433872,49,51,49,51,0.9607843137254902,0.375,0.3883219145494339,1390,2113,2020.9669064748202,2020.9692380501656,2019.0,2021.0,2018,2024,2019,2022,2.0212117946114776,0.8179451784752406,0.0023315753453516663,0,0,0,,ELIGIBLE_DESIGN_ONLY_RANKING,1,1,1,0,D09C diagnostic only; mainline must decide
T2_ME_A2-3_B1-4-5,T2,23,ME,Maine,2023,232023,232301,2-3,1-4-5,2,3,0,63,21199748.699999996,0,0,0,0.0,0.0,0.0,0.19267804524285684,1415,2088,0.016414501855552384,49,50,48,51,0.9411764705882353,0.39562289562289554,0.4120373974784479,1415,2088,2020.4777385159011,2021.3007662835248,2020.0,2022.0,2019,2021,2018,2024,0.5010941093256911,1.718179630570313,0.823027767623671,0,0,0,,ELIGIBLE_DESIGN_ONLY_RANKING,1,9,0,0,D09C diagnostic only; mainline must decide
T2_ME_A2-4_B1-3-5,T2,23,ME,Maine,2023,232023,232301,2-4,1-3-5,2,3,0,63,21199748.699999996,0,0,0,0.0,0.0,0.0,0.18391124664975597,1411,2092,0.011656675230754537,51,50,50,51,0.9803921568627451,0.43729372937293726,0.4489504046036918,1411,2092,2020.9716513111268,2020.9660611854686,2020.0,2021.0,2019,2022,2018,2024,0.992477397582846,1.6508465350365291,0.005590125658272882,0,0,0,,ELIGIBLE_DESIGN_ONLY_RANKING,1,7,0,0,D09C diagnostic only; mainline must decide
T2_ME_A2-5_B1-3-4,T2,23,ME,Maine,2023,232023,232301,2-5,1-3-4,2,3,0,63,21199748.699999996,0,0,0,0.0,0.0,0.0,0.179361978220033,1407,2096,0.006898848605956853,50,51,50,51,0.9803921568627451,0.39603960396039606,0.4029384525663529,1407,2096,2021.4705046197585,2020.6312022900763,2020.0,2021.0,2019,2024,2018,2022,1.4959703915247167,1.26414089616621,0.8393023296821411,0,0,0,,ELIGIBLE_DESIGN_ONLY_RANKING,1,4,0,0,D09C diagnostic only; mainline must decide
T2_ME_A3-4_B1-2-5,T2,23,ME,Maine,2023,232023,232301,3-4,1-2-5,2,3,0,63,21199748.699999996,0,0,0,0.0,0.0,0.0,0.14893305180999006,1400,2103,0.0014273479874393376,50,50,49,51,0.9607843137254902,0.41666666666666663,0.41809401465410595,1400,2103,2021.4635714285714,2020.6386115073703,2021.0,2020.0,2020,2022,2018,2024,0.5334702651915678,1.705945380457544,0.8249599212010708,0,0,0,,ELIGIBLE_DESIGN_ONLY_RANKING,1,2,0,0,D09C diagnostic only; mainline must decide
T2_ME_A3-5_B1-2-4,T2,23,ME,Maine,2023,232023,232301,3-5,1-2-4,2,3,0,63,21199748.699999996,0,0,0,0.0,0.0,0.0,0.16937060652263397,1396,2107,0.006185174612237184,50,51,50,51,0.9803921568627451,0.39603960396039606,0.4022247785726332,1396,2107,2021.9677650429799,2020.3061224489795,2021.0,2020.0,2020,2024,2018,2022,1.0228743767607837,1.253589531842005,1.661642594000341,0,0,0,,ELIGIBLE_DESIGN_ONLY_RANKING,1,3,0,0,D09C diagnostic only; mainline must decide
T2_ME_A4-5_B1-2-3,T2,23,ME,Maine,2023,232023,232301,4-5,1-2-3,2,3,0,63,21199748.699999996,0,0,0,0.0,0.0,0.0,0.19048215757688797,1392,2111,0.010943001237034868,50,50,49,51,0.9607843137254902,0.41666666666666663,0.4276096679037015,1392,2111,2022.4727011494253,2019.9763145428706,2022.0,2020.0,2021,2024,2018,2021,0.5342090666316244,0.8326329298091822,2.496386606554779,0,0,0,,ELIGIBLE_DESIGN_ONLY_RANKING,1,8,0,0,D09C diagnostic only; mainline must decide
T2_MD_A1-2_B3-4-5,T2,24,MD,Maryland,2023,242023,242301,1-2,3-4-5,2,3,0,25,6690526.999999997,0,0,0,0.0,0.0,0.0,0.20578394434717176,380,586,0.027605244996549396,23,24,22,25,0.88,0.3723404255319149,0.39994567052846425,380,586,2022.0763157894737,2018.7098976109214,2022.0,2019.0,2021,2024,2017,2024,0.863793624125491,1.450424396399032,3.366418178552294,0,0,0,,ELIGIBLE_DESIGN_ONLY_RANKING,1,4,0,0,D09C diagnostic only; mainline must decide
T2_MD_A1-3_B2-4-5,T2,24,MD,Maryland,2023,242023,242301,1-3,2-4-5,2,3,0,25,6690526.999999997,0,0,0,0.0,0.0,0.0,0.25666791792040883,393,573,0.028467908902691512,24,24,23,25,0.92,0.4166666666666667,0.4451345755693582,393,573,2019.6590330788804,2020.2914485165793,2021.0,2020.0,2017,2024,2018,2024,2.2892330240036096,1.8597353455462942,0.63241543769891,0,0,0,,ELIGIBLE_DESIGN_ONLY_RANKING,1,10,0,0,D09C diagnostic only; mainline must decide
T2_MD_A1-4_B2-3-5,T2,24,MD,Maryland,2023,242023,242301,1-4,2-3-5,2,3,0,25,6690526.999999997,0,0,0,0.0,0.0,0.0,0.22600016589823352,388,578,0.0069013112491373855,24,23,22,25,0.88,0.4609929078014184,0.4678942190505558,388,578,2019.9355670103093,2020.1003460207612,2019.5,2020.0,2018,2023,2017,2024,1.6069850558291519,2.3254227288668208,0.16477901045186627,0,0,0,,ELIGIBLE_DESIGN_ONLY_RANKING,1,5,0,0,D09C diagnostic only; mainline must decide
T2_MD_A1-5_B2-3-4,T2,24,MD,Maryland,2023,242023,242301,1-5,2-3-4,2,3,0,25,6690526.999999997,0,0,0,0.0,0.0,0.0,0.18989094650863467,381,585,0.02329192546583851,24,24,23,25,0.92,0.4166666666666667,0.4399585921325052,381,585,2020.6299212598426,2019.6461538461538,2021.0,2019.0,2019,2023,2017,2024,1.006320679293209,2.454292384054479,0.9837674136888381,0,0,0,,ELIGIBLE_DESIGN_ONLY_RANKING,1,1,1,0,D09C diagnostic only; mainline must decide
T2_MD_A2-3_B1-4-5,T2,24,MD,Maryland,2023,242023,242301,2-3,1-4-5,2,3,0,25,6690526.999999997,0,0,0,0.0,0.0,0.0,0.1943360331236047,389,577,0.011214630779848123,23,25,23,25,0.92,0.32986111111111105,0.3410757418909592,389,577,2020.249357326478,2019.8890814558058,2022.0,2020.0,2017,2024,2018,2023,2.8004106562499356,1.3520183042731129,0.36027587067223976,0,0,0,,ELIGIBLE_DESIGN_ONLY_RANKING,1,2,0,0,D09C diagnostic only; mainline must decide
T2_MD_A2-4_B1-3-5,T2,24,MD,Maryland,2023,242023,242301,2-4,1-3-5,2,3,0,25,6690526.999999997,0,0,0,0.0,0.0,0.0,0.23209741739522885,384,582,0.010351966873706004,23,24,22,25,0.88,0.3723404255319149,0.38269239240562086,384,582,2020.5364583333333,2019.7027491408935,2019.0,2020.0,2018,2024,2017,2024,2.202235739909338,1.9045988375881462,0.8337091924397555,0,0,0,,ELIGIBLE_DESIGN_ONLY_RANKING,1,6,0,0,D09C diagnostic only; mainline must decide
T2_MD_A2-5_B1-3-4,T2,24,MD,Maryland,2023,242023,242301,2-5,1-3-4,2,3,0,25,6690526.999999997,0,0,0,0.0,0.0,0.0,0.24376047528270373,377,589,0.040545203588681904,23,25,23,25,0.92,0.32986111111111105,0.37040631469979296,377,589,2021.2493368700266,2019.2563667232598,2021.0,2019.0,2019,2024,2017,2024,1.559598228248929,1.9770316446098515,1.9929701467667655,0,0,0,,ELIGIBLE_DESIGN_ONLY_RANKING,1,8,0,0,D09C diagnostic only; mainline must decide
T2_MD_A3-4_B1-2-5,T2,24,MD,Maryland,2023,242023,242301,3-4,1-2-5,2,3,0,25,6690526.999999997,0,0,0,0.0,0.0,0.0,0.1943673151530305,397,569,0.045721187025534904,24,24,23,25,0.92,0.4166666666666667,0.4623878536922016,397,569,2018.1939546599497,2021.3181019332162,2018.0,2021.0,2017,2024,2019,2024,1.466860775020119,1.3211600950049847,3.1241472732665443,0,0,0,,ELIGIBLE_DESIGN_ONLY_RANKING,1,3,0,0,D09C diagnostic only; mainline must decide
T2_MD_A3-5_B1-2-4,T2,24,MD,Maryland,2023,242023,242301,3-5,1-2-4,2,3,0,25,6690526.999999997,0,0,0,0.0,0.0,0.0,0.24304607868617548,390,576,0.015527950310559008,23,24,22,25,0.88,0.3723404255319149,0.3878683758424739,390,576,2018.8410256410257,2020.842013888889,2019.0,2021.0,2017,2024,2018,2024,1.7254659888036696,1.8820078380324188,2.0009882478632335,0,0,0,,ELIGIBLE_DESIGN_ONLY_RANKING,1,7,0,0,D09C diagnostic only; mainline must decide
T2_MD_A4-5_B1-2-3,T2,24,MD,Maryland,2023,242023,242301,4-5,1-2-3,2,3,0,25,6690526.999999997,0,0,0,0.0,0.0,0.0,0.24569069879590746,385,581,0.0060386473429951204,24,24,23,25,0.92,0.4166666666666667,0.4227053140096618,385,581,2019.1090909090908,2020.647160068847,2019.0,2021.0,2018,2021,2017,2024,0.8499665768829865,2.38554114952099,1.5380691597561054,0,0,0,,ELIGIBLE_DESIGN_ONLY_RANKING,1,9,0,0,D09C diagnostic only; mainline must decide
T2_MA_A1-2_B3-4-5,T2,25,MA,Massachusetts,2023,252023,252301,1-2,3-4-5,2,3,0,10,5288557.5,0,0,0,0.0,0.0,0.0,0.23754346304138785,312,479,0.023177412557943474,20,21,20,21,0.9523809523809523,0.3658536585365854,0.3890310710945289,312,479,2022.076923076923,2019.0250521920668,2022.0,2019.0,2021,2024,2017,2024,0.8141708072564213,1.5084832456117006,3.051870884856271,0,0,0,,ELIGIBLE_DESIGN_ONLY_RANKING,1,9,0,0,D09C diagnostic only; mainline must decide
T2_MA_A1-3_B2-4-5,T2,25,MA,Massachusetts,2023,252023,252301,1-3,2-4-5,2,3,0,10,5288557.5,0,0,0,0.0,0.0,0.0,0.1912835999866056,314,477,0.012642225031605564,20,20,19,21,0.9047619047619048,0.41666666666666663,0.4293088916982722,314,477,2019.907643312102,2020.440251572327,2021.0,2020.0,2017,2024,2018,2024,2.1952036417874288,1.7701701775780792,0.5326082602250608,0,0,0,,ELIGIBLE_DESIGN_ONLY_RANKING,1,6,0,0,D09C diagnostic only; mainline must decide
T2_MA_A1-4_B2-3-5,T2,25,MA,Massachusetts,2023,252023,252301,1-4,2-3-5,2,3,0,10,5288557.5,0,0,0,0.0,0.0,0.0,0.13354007570278276,319,472,0.0136957437842393,21,20,20,21,0.9523809523809523,0.46747967479674796,0.4811754185809873,319,472,2020.062695924765,2020.3411016949153,2020.0,2020.0,2018,2023,2017,2024,1.5405892868132367,2.202142667798557,0.27840577015035706,0,0,0,,ELIGIBLE_DESIGN_ONLY_RANKING,1,2,0,0,D09C diagnostic only; mainline must decide
T2_MA_A1-5_B2-3-4,T2,25,MA,Massachusetts,2023,252023,252301,1-5,2-3-4,2,3,0,10,5288557.5,0,0,0,0.0,0.0,0.0,0.2139128887375985,314,477,0.012642225031605564,20,21,20,21,0.9523809523809523,0.3658536585365854,0.37849588356819097,314,477,2020.7675159235669,2019.874213836478,2021.0,2019.0,2019,2023,2017,2024,1.0080009990682681,2.33013363404274,0.8933020870888413,0,0,0,,ELIGIBLE_DESIGN_ONLY_RANKING,1,8,0,0,D09C diagnostic only; mainline must decide
T2_MA_A2-3_B1-4-5,T2,25,MA,Massachusetts,2023,252023,252301,2-3,1-4-5,2,3,0,10,5288557.5,0,0,0,0.0,0.0,0.0,0.16758279436831422,314,477,0.012642225031605564,20,21,20,21,0.9523809523809523,0.3658536585365854,0.37849588356819097,314,477,2020.4872611464968,2020.0587002096436,2022.0,2020.0,2017,2024,2018,2023,2.6333138809269183,1.3350136074983798,0.42856093685327323,0,0,0,,ELIGIBLE_DESIGN_ONLY_RANKING,1,4,0,0,D09C diagnostic only; mainline must decide
T2_MA_A2-4_B1-3-5,T2,25,MA,Massachusetts,2023,252023,252301,2-4,1-3-5,2,3,0,10,5288557.5,0,0,0,0.0,0.0,0.0,0.07306196128544533,319,472,0.0136957437842393,20,20,19,21,0.9047619047619048,0.41666666666666663,0.43036241045090595,319,472,2020.6332288401254,2019.9555084745762,2020.0,2020.0,2018,2024,2017,2024,2.0696122554041594,1.84544293152515,0.6777203655492485,0,0,0,,ELIGIBLE_DESIGN_ONLY_RANKING,1,1,1,0,D09C diagnostic only; mainline must decide
T2_MA_A2-5_B1-3-4,T2,25,MA,Massachusetts,2023,252023,252301,2-5,1-3-4,2,3,0,10,5288557.5,0,0,0,0.0,0.0,0.0,0.19662822574744462,314,477,0.012642225031605564,19,21,19,21,0.9047619047619048,0.3125,0.32514222503160556,314,477,2021.3471337579617,2019.4926624737946,2022.0,2019.0,2019,2024,2017,2024,1.459968948400773,1.909300720389206,1.8544712841671753,0,0,0,,ELIGIBLE_DESIGN_ONLY_RANKING,1,7,0,0,D09C diagnostic only; mainline must decide
T2_MA_A3-4_B1-2-5,T2,25,MA,Massachusetts,2023,252023,252301,3-4,1-2-5,2,3,0,10,5288557.5,0,0,0,0.0,0.0,0.0,0.27833873259642755,321,470,0.02423093131057739,21,20,20,21,0.9523809523809523,0.46747967479674796,0.49171060610732537,321,470,2018.5202492211838,2021.395744680851,2018.0,2021.5,2017,2024,2019,2024,1.5269642882840135,1.2479334639349755,2.8754954596672633,0,0,0,,ELIGIBLE_DESIGN_ONLY_RANKING,1,10,0,0,D09C diagnostic only; mainline must decide
T2_MA_A3-5_B1-2-4,T2,25,MA,Massachusetts,2023,252023,252301,3-5,1-2-4,2,3,0,10,5288557.5,0,0,0,0.0,0.0,0.0,0.1604404942662884,316,475,0.0021070375052676536,20,21,20,21,0.9523809523809523,0.3658536585365854,0.36796069604185305,316,475,2019.1962025316457,2020.9157894736843,2019.0,2021.0,2017,2024,2018,2024,1.7744531400271748,1.7792946375072225,1.7195869420386316,0,0,0,,ELIGIBLE_DESIGN_ONLY_RANKING,1,3,0,0,D09C diagnostic only; mainline must decide
T2_MA_A4-5_B1-2-3,T2,25,MA,Massachusetts,2023,252023,252301,4-5,1-2-3,2,3,0,10,5288557.5,0,0,0,0.0,0.0,0.0,0.19042750550102674,321,470,0.02423093131057739,20,20,19,21,0.9047619047619048,0.41666666666666663,0.44089759797724404,321,470,2019.361370716511,2020.8212765957446,2019.0,2022.0,2018,2022,2017,2024,0.9843795585366437,2.232244433564154,1.4599058792337019,0,0,0,,ELIGIBLE_DESIGN_ONLY_RANKING,1,5,0,0,D09C diagnostic only; mainline must decide
T2_MI_A1-2_B3-4-5,T2,26,MI,Michigan,2023,262023,262301,1-2,3-4-5,2,3,0,57,37385029.89999999,0,0,0,0.0,0.0,0.0,0.1383010749902581,2602,3930,0.006889161053276178,99,100,97,102,0.9509803921568627,0.4061976549413735,0.4130868159946497,2602,3930,2021.8393543428133,2018.606106870229,2022.0,2018.0,2020,2023,2016,2023,0.8987261084185029,1.48156169411802,3.233247472584253,0,0,0,,ELIGIBLE_DESIGN_ONLY_RANKING,1,8,0,0,D09C diagnostic only; mainline must decide
T2_MI_A1-3_B2-4-5,T2,26,MI,Michigan,2023,262023,262301,1-3,2-4-5,2,3,0,57,37385029.89999999,0,0,0,0.0,0.0,0.0,0.12361494890635191,2613,3919,0.00012757705654220947,97,102,97,102,0.9509803921568627,0.36432160804020103,0.36444918509674323,2613,3919,2019.4955989284347,2020.1597346261801,2020.0,2020.0,2016,2023,2017,2023,2.2496553579571636,1.8341108929782592,0.6641356977454507,0,0,0,,ELIGIBLE_DESIGN_ONLY_RANKING,1,3,0,0,D09C diagnostic only; mainline must decide
T2_MI_A1-4_B2-3-5,T2,26,MI,Michigan,2023,262023,262301,1-4,2-3-5,2,3,0,57,37385029.89999999,0,0,0,0.0,0.0,0.0,0.12023020025687974,2641,3891,0.017988364972443355,100,100,98,102,0.9607843137254902,0.41666666666666663,0.43465503163911,2641,3891,2019.7220749716016,2020.010794140324,2019.0,2020.0,2017,2022,2016,2023,1.5260370330353428,2.313009293385349,0.2887191687223094,0,0,0,,ELIGIBLE_DESIGN_ONLY_RANKING,1,2,0,0,D09C diagnostic only; mainline must decide
T2_MI_A1-5_B2-3-4,T2,26,MI,Michigan,2023,262023,262301,1-5,2-3-4,2,3,0,57,37385029.89999999,0,0,0,0.0,0.0,0.0,0.14120736101526438,2552,3980,0.0387834251888141,96,101,95,102,0.9313725490196079,0.3637901861252116,0.4025736113140257,2552,3980,2020.4173197492164,2019.558542713568,2020.0,2019.0,2018,2022,2016,2023,0.9586827961733788,2.435359833558266,0.8587770356484725,0,0,0,,ELIGIBLE_DESIGN_ONLY_RANKING,1,9,0,0,D09C diagnostic only; mainline must decide
T2_MI_A2-3_B1-4-5,T2,26,MI,Michigan,2023,262023,262301,2-3,1-4-5,2,3,0,57,37385029.89999999,0,0,0,0.0,0.0,0.0,0.12924403892161462,2631,3901,0.01160951214533584,98,100,96,102,0.9411764705882353,0.39562289562289554,0.4072324077682314,2631,3901,2020.1801596351197,2019.7011022814663,2022.0,2020.0,2016,2023,2017,2022,2.7708836721011627,1.2947116558691791,0.4790573536533884,0,0,0,,ELIGIBLE_DESIGN_ONLY_RANKING,1,6,0,0,D09C diagnostic only; mainline must decide
T2_MI_A2-4_B1-3-5,T2,26,MI,Michigan,2023,262023,262301,2-4,1-3-5,2,3,0,57,37385029.89999999,0,0,0,0.0,0.0,0.0,0.11711346284655215,2659,3873,0.029470300061236986,101,98,97,102,0.9509803921568627,0.44807370184254613,0.4775440019037831,2659,3873,2020.3978939450922,2019.5481538858767,2019.0,2020.0,2017,2023,2016,2023,2.153359162623661,1.8760168936883086,0.8497400592154918,0,0,0,,ELIGIBLE_DESIGN_ONLY_RANKING,1,1,1,0,D09C diagnostic only; mainline must decide
T2_MI_A2-5_B1-3-4,T2,26,MI,Michigan,2023,262023,262301,2-5,1-3-4,2,3,0,57,37385029.89999999,0,0,0,0.0,0.0,0.0,0.12800037633466332,2570,3962,0.02730149010002047,100,101,99,102,0.9705882352941176,0.406301824212272,0.4336033143122925,2570,3962,2021.111673151751,2019.1042402826856,2021.0,2019.0,2018,2023,2016,2023,1.5291319031933606,1.933112045921829,2.007432869065269,0,0,0,,ELIGIBLE_DESIGN_ONLY_RANKING,1,4,0,0,D09C diagnostic only; mainline must decide
T2_MI_A3-4_B1-2-5,T2,26,MI,Michigan,2023,262023,262301,3-4,1-2-5,2,3,0,57,37385029.89999999,0,0,0,0.0,0.0,0.0,0.14158064436122442,2670,3862,0.03648703817105537,98,100,96,102,0.9411764705882353,0.39562289562289554,0.4321099337939509,2670,3862,2018.1101123595506,2021.1273951320559,2018.0,2021.0,2016,2023,2018,2023,1.5228528873655403,1.3004214640678464,3.0172827725052684,0,0,0,,ELIGIBLE_DESIGN_ONLY_RANKING,1,10,0,0,D09C diagnostic only; mainline must decide
T2_MI_A3-5_B1-2-4,T2,26,MI,Michigan,2023,262023,262301,3-5,1-2-4,2,3,0,57,37385029.89999999,0,0,0,0.0,0.0,0.0,0.12827421414738838,2581,3951,0.02028475199020208,97,102,97,102,0.9509803921568627,0.36432160804020103,0.3846063600304031,2581,3951,2018.741960480434,2020.6466717286762,2019.0,2021.0,2016,2023,2017,2023,1.7694813412529249,1.8383229653325022,1.9047112482421653,0,0,0,,ELIGIBLE_DESIGN_ONLY_RANKING,1,5,0,0,D09C diagnostic only; mainline must decide
T2_MI_A4-5_B1-2-3,T2,26,MI,Michigan,2023,262023,262301,4-5,1-2-3,2,3,0,57,37385029.89999999,0,0,0,0.0,0.0,0.0,0.12949618242226896,2609,3923,0.0024239640743009354,99,99,96,102,0.9411764705882353,0.41666666666666663,0.4190906307409676,2609,3923,2018.9793024147182,2020.50242161611,2019.0,2021.0,2017,2021,2016,2023,0.8564269678291285,2.343670449659155,1.5231192013918644,0,0,0,,ELIGIBLE_DESIGN_ONLY_RANKING,1,7,0,0,D09C diagnostic only; mainline must decide
T2_MN_A1-2_B3-4-5,T2,27,MN,Minnesota,2023,272023,272301,1-2,3-4-5,2,3,0,57,54010347.699999996,0,0,0,0.0,0.0,0.0,0.06540483712760188,7042,10419,0.013744917244144093,113,113,113,113,1.0,0.4166666666666667,0.4304115839108108,7042,10419,2019.3957682476569,2021.9304155869086,2019.0,2022.0,2018,2021,2020,2023,0.5901229707003809,0.872818086996352,2.5346473392517055,0,0,0,,ELIGIBLE_DESIGN_ONLY_RANKING,1,7,0,0,D09C diagnostic only; mainline must decide
T2_MN_A1-3_B2-4-5,T2,27,MN,Minnesota,2023,272023,272301,1-3,2-4-5,2,3,0,57,54010347.699999996,0,0,0,0.0,0.0,0.0,0.06932319212853039,7010,10451,0.006108852108508529,113,113,113,113,1.0,0.4166666666666667,0.4227755187751752,7010,10451,2019.8968616262482,2021.5865467419385,2019.0,2022.0,2018,2021,2019,2023,1.050611854951307,1.3002932489241636,1.6896851156902812,0,0,0,,ELIGIBLE_DESIGN_ONLY_RANKING,1,9,0,0,D09C diagnostic only; mainline must decide
T2_MN_A1-4_B2-3-5,T2,27,MN,Minnesota,2023,272023,272301,1-4,2-3-5,2,3,0,57,54010347.699999996,0,0,0,0.0,0.0,0.0,0.06028025073238312,6981,10480,0.0008113319206613267,113,113,113,113,1.0,0.4166666666666667,0.41747799858732804,6981,10480,2020.3966480446927,2021.2489503816794,2019.0,2021.0,2018,2022,2019,2023,1.543202191377919,1.3002928037683938,0.8523023369866678,0,0,0,,ELIGIBLE_DESIGN_ONLY_RANKING,1,4,0,0,D09C diagnostic only; mainline must decide
T2_MN_A1-5_B2-3-4,T2,27,MN,Minnesota,2023,272023,272301,1-5,2-3-4,2,3,0,57,54010347.699999996,0,0,0,0.0,0.0,0.0,0.060329508672834306,7003,10458,0.004438462860088197,113,113,113,113,1.0,0.4166666666666667,0.4211051295267549,7003,10458,2020.9108953305727,2020.9063874545802,2019.0,2021.0,2018,2023,2019,2022,2.0468100555139315,0.8773582038195742,0.004507875992430854,0,0,0,,ELIGIBLE_DESIGN_ONLY_RANKING,1,5,0,0,D09C diagnostic only; mainline must decide
T2_MN_A2-3_B1-4-5,T2,27,MN,Minnesota,2023,272023,272301,2-3,1-4-5,2,3,0,57,54010347.699999996,0,0,0,0.0,0.0,0.0,0.052575360516295445,7002,10459,0.00419983582459954,113,113,113,113,1.0,0.4166666666666667,0.4208665024912662,7002,10459,2020.4018851756641,2021.247155559805,2020.0,2022.0,2019,2021,2018,2023,0.5887939777124379,1.748154311177338,0.8452703841408038,0,0,0,,ELIGIBLE_DESIGN_ONLY_RANKING,1,1,1,0,D09C diagnostic only; mainline must decide
T2_MN_A2-4_B1-3-5,T2,27,MN,Minnesota,2023,272023,272301,2-4,1-3-5,2,3,0,57,54010347.699999996,0,0,0,0.0,0.0,0.0,0.07234974962720211,6973,10488,0.002720348204570185,113,113,113,113,1.0,0.4166666666666667,0.41938701487123686,6973,10488,2020.9043453319948,2020.9107551487414,2020.0,2021.0,2019,2022,2018,2023,1.0553526067439174,1.680566309307434,0.0064098167465544975,0,0,0,,ELIGIBLE_DESIGN_ONLY_RANKING,1,10,0,0,D09C diagnostic only; mainline must decide
T2_MN_A2-5_B1-3-4,T2,27,MN,Minnesota,2023,272023,272301,2-5,1-3-4,2,3,0,57,54010347.699999996,0,0,0,0.0,0.0,0.0,0.052910533804170164,6995,10466,0.0025294465761793385,113,113,113,113,1.0,0.4166666666666667,0.419196113242846,6995,10466,2021.4175839885634,2020.5677431683546,2020.0,2021.0,2019,2023,2018,2022,1.5514822291718022,1.2939075915919267,0.849840820208783,0,0,0,,ELIGIBLE_DESIGN_ONLY_RANKING,1,2,0,0,D09C diagnostic only; mainline must decide
T2_MN_A3-4_B1-2-5,T2,27,MN,Minnesota,2023,272023,272301,3-4,1-2-5,2,3,0,57,54010347.699999996,0,0,0,0.0,0.0,0.0,0.0622763744574011,6941,10520,0.010356413340205749,113,113,113,113,1.0,0.4166666666666667,0.42702308000687245,6941,10520,2021.417375018009,2020.5722433460076,2021.0,2020.0,2020,2022,2018,2023,0.577166957104206,1.7464833014214998,0.8451316720013438,0,0,0,,ELIGIBLE_DESIGN_ONLY_RANKING,1,6,0,0,D09C diagnostic only; mainline must decide
T2_MN_A3-5_B1-2-4,T2,27,MN,Minnesota,2023,272023,272301,3-5,1-2-4,2,3,0,57,54010347.699999996,0,0,0,0.0,0.0,0.0,0.06922899070861732,6963,10498,0.005106618559456356,111,113,111,113,0.9823008849557522,0.3980654761904763,0.40317209474993265,6963,10498,2021.9313514289818,2020.2295675366736,2021.0,2020.0,2020,2023,2018,2022,1.0521578750649,1.2931231569201673,1.7017838923081854,0,0,0,,ELIGIBLE_DESIGN_ONLY_RANKING,1,8,0,0,D09C diagnostic only; mainline must decide
T2_MN_A4-5_B1-2-3,T2,27,MN,Minnesota,2023,272023,272301,4-5,1-2-3,2,3,0,57,54010347.699999996,0,0,0,0.0,0.0,0.0,0.05528918511252409,6934,10527,0.012026802588626082,113,113,113,113,1.0,0.4166666666666667,0.4286934692552928,6934,10527,2022.4430343236227,2019.8972166809158,2022.0,2020.0,2021,2023,2018,2021,0.5639538356303598,0.8764005619405307,2.5458176427068793,0,0,0,,ELIGIBLE_DESIGN_ONLY_RANKING,1,3,0,0,D09C diagnostic only; mainline must decide
T2_MS_A1-2_B3-4-5,T2,28,MS,Mississippi,2023,282023,282301,1-2,3-4-5,2,3,0,21,31001949.249999996,0,0,0,0.0,0.0,0.0,0.06529391781956667,2218,3306,0.006335988414192614,70,68,68,70,0.9714285714285714,0.44685990338164244,0.4531958917958351,2218,3306,2021.8124436429216,2020.697519661222,2022.0,2020.0,2019,2024,2017,2024,0.7991810635456083,2.065018757628156,1.114923981699576,0,0,0,,ELIGIBLE_DESIGN_ONLY_RANKING,1,2,0,0,D09C diagnostic only; mainline must decide
T2_MS_A1-3_B2-4-5,T2,28,MS,Mississippi,2023,282023,282301,1-3,2-4-5,2,3,0,21,31001949.249999996,0,0,0,0.0,0.0,0.0,0.06994249034318246,2190,3334,0.014783972966449364,69,68,67,70,0.9571428571428572,0.43187347931873477,0.4466574522851841,2190,3334,2022.279908675799,2020.399820035993,2022.0,2020.0,2019,2024,2017,2024,1.2694203563019137,1.6395977542330458,1.8800886398062175,0,0,0,,ELIGIBLE_DESIGN_ONLY_RANKING,1,5,0,0,D09C diagnostic only; mainline must decide
T2_MS_A1-4_B2-3-5,T2,28,MS,Mississippi,2023,282023,282301,1-4,2-3-5,2,3,0,21,31001949.249999996,0,0,0,0.0,0.0,0.0,0.0704533300397887,2203,3321,0.00497827661115134,70,69,69,70,0.9857142857142858,0.4316546762589928,0.43663295287014414,2203,3321,2020.0826146164322,2021.8500451671184,2021.0,2022.0,2017,2023,2018,2024,1.3023705313088458,1.672538876421125,1.7674305506861856,0,0,0,,ELIGIBLE_DESIGN_ONLY_RANKING,1,7,0,0,D09C diagnostic only; mainline must decide
T2_MS_A1-5_B2-3-4,T2,28,MS,Mississippi,2023,282023,282301,1-5,2-3-4,2,3,0,21,31001949.249999996,0,0,0,0.0,0.0,0.0,0.07034085276812885,2198,3326,0.00874969828626606,70,69,69,70,0.9857142857142858,0.4316546762589928,0.4404043745452588,2198,3326,2020.4758871701547,2021.5874924834636,2021.0,2022.0,2018,2023,2017,2024,0.9176918910651922,2.0279282874503304,1.111605313308928,0,0,0,,ELIGIBLE_DESIGN_ONLY_RANKING,1,6,0,0,D09C diagnostic only; mainline must decide
T2_MS_A2-3_B1-4-5,T2,28,MS,Mississippi,2023,282023,282301,2-3,1-4-5,2,3,0,21,31001949.249999996,0,0,0,0.0,0.0,0.0,0.07446247976706691,2218,3306,0.006335988414192614,69,70,69,70,0.9857142857142858,0.4016786570743406,0.4080146454885332,2218,3306,2022.8868349864742,2019.9767090139142,2023.0,2020.0,2019,2024,2017,2023,0.8470265808637254,1.1442425229415003,2.910125972560081,0,0,0,,ELIGIBLE_DESIGN_ONLY_RANKING,1,8,0,0,D09C diagnostic only; mainline must decide
T2_MS_A2-4_B1-3-5,T2,28,MS,Mississippi,2023,282023,282301,2-4,1-3-5,2,3,0,21,31001949.249999996,0,0,0,0.0,0.0,0.0,0.06575272717558574,2231,3293,0.016141684769490638,68,70,68,70,0.9714285714285714,0.3864734299516908,0.40261511472118144,2231,3293,2020.7135813536531,2021.437594898269,2021.0,2021.0,2017,2024,2018,2024,1.8675874085815947,1.6242042403018617,0.7240135446159002,0,0,0,,ELIGIBLE_DESIGN_ONLY_RANKING,1,4,0,0,D09C diagnostic only; mainline must decide
T2_MS_A2-5_B1-3-4,T2,28,MS,Mississippi,2023,282023,282301,2-5,1-3-4,2,3,0,21,31001949.249999996,0,0,0,0.0,0.0,0.0,0.07640666376513212,2226,3298,0.012370263094376124,68,70,68,70,0.9714285714285714,0.3864734299516908,0.3988436930460669,2226,3298,2021.1033243486074,2021.173438447544,2022.0,2021.0,2018,2024,2017,2024,1.4691181180773243,1.935476718223031,0.07011409893652853,0,0,0,,ELIGIBLE_DESIGN_ONLY_RANKING,1,10,0,0,D09C diagnostic only; mainline must decide
T2_MS_A3-4_B1-2-5,T2,28,MS,Mississippi,2023,282023,282301,3-4,1-2-5,2,3,0,21,31001949.249999996,0,0,0,0.0,0.0,0.0,0.07504309230389938,2203,3321,0.00497827661115134,68,70,68,70,0.9714285714285714,0.3864734299516908,0.39145170656284217,2203,3321,2021.1643213799364,2021.132490213791,2020.0,2021.0,2017,2024,2018,2024,2.3476770419711217,1.229862406097247,0.031831166145366296,0,0,0,,ELIGIBLE_DESIGN_ONLY_RANKING,1,9,0,0,D09C diagnostic only; mainline must decide
T2_MS_A3-5_B1-2-4,T2,28,MS,Mississippi,2023,282023,282301,3-5,1-2-4,2,3,0,21,31001949.249999996,0,0,0,0.0,0.0,0.0,0.06565598213732286,2198,3326,0.00874969828626606,68,70,68,70,0.9714285714285714,0.3864734299516908,0.39522312823795686,2198,3326,2021.5600545950865,2020.8710162357186,2020.0,2021.0,2018,2024,2017,2024,1.9520390461306965,1.5665359481125236,0.6890383593679417,0,0,0,,ELIGIBLE_DESIGN_ONLY_RANKING,1,3,0,0,D09C diagnostic only; mainline must decide
T2_MS_A4-5_B1-2-3,T2,28,MS,Mississippi,2023,282023,282301,4-5,1-2-3,2,3,0,21,31001949.249999996,0,0,0,0.0,0.0,0.0,0.04740309116325734,2211,3313,0.001055998069032171,67,70,67,70,0.9571428571428572,0.37104622871046233,0.3721022267794945,2211,3313,2019.3749434644958,2022.3265922124963,2020.0,2022.0,2017,2022,2019,2024,0.8760699645434382,1.0866208793366483,2.95164874800048,0,0,0,,ELIGIBLE_DESIGN_ONLY_RANKING,1,1,1,0,D09C diagnostic only; mainline must decide
T2_MO_A1-2_B3-4-5,T2,29,MO,Missouri,2023,292023,292301,1-2,3-4-5,2,3,0,46,44610858.50000002,0,0,0,0.0,0.0,0.0,0.10214602124218908,2888,4395,0.01441713579568859,94,97,92,99,0.9292929292929293,0.3839441535776613,0.3983612893733499,2888,4395,2021.8576869806095,2018.5965870307168,2022.0,2018.0,2020,2023,2016,2023,0.855413161077704,1.5046392228860224,3.261099949892696,0,0,0,,ELIGIBLE_DESIGN_ONLY_RANKING,1,3,0,0,D09C diagnostic only; mainline must decide
T2_MO_A1-3_B2-4-5,T2,29,MO,Missouri,2023,292023,292301,1-3,2-4-5,2,3,0,46,44610858.50000002,1,0,1,20310.0,0.0,20310.0,0.10981026274419077,2959,4324,0.026202572200100745,95,95,91,99,0.9191919191919192,0.41666666666666663,0.4428692388667674,2959,4324,2019.524501520784,2020.1396854764107,2021.0,2020.0,2016,2023,2017,2023,2.2619208390803847,1.8500101575983823,0.6151839556266623,0,0,0,,ELIGIBLE_DESIGN_ONLY_RANKING,1,10,0,0,D09C diagnostic only; mainline must decide
T2_MO_A1-4_B2-3-5,T2,29,MO,Missouri,2023,292023,292301,1-4,2-3-5,2,3,0,46,44610858.50000002,1,0,1,20310.0,0.0,20310.0,0.10115648478067375,2941,4342,0.01590461806032318,95,98,94,99,0.9494949494949495,0.38428324697754757,0.40018786503787074,2941,4342,2019.744984699082,2019.9877936434823,2019.0,2020.0,2017,2022,2016,2023,1.5455376323127994,2.325125577806408,0.24280894440039447,0,0,0,,ELIGIBLE_DESIGN_ONLY_RANKING,1,8,0,0,D09C diagnostic only; mainline must decide
T2_MO_A1-5_B2-3-4,T2,29,MO,Missouri,2023,292023,292301,1-5,2-3-4,2,3,0,46,44610858.50000002,0,0,0,0.0,0.0,0.0,0.11046175459395213,2854,4429,0.033868826948601716,96,97,94,99,0.9494949494949495,0.4058721934369602,0.4397410203855619,2854,4429,2020.4257182901192,2019.5443666741928,2020.0,2019.0,2018,2022,2016,2023,0.9688004075969371,2.4495142646878,0.8813516159264054,0,0,0,,ELIGIBLE_DESIGN_ONLY_RANKING,1,5,0,0,D09C diagnostic only; mainline must decide
T2_MO_A2-3_B1-4-5,T2,29,MO,Missouri,2023,292023,292301,2-3,1-4-5,2,3,0,46,44610858.50000002,0,0,0,0.0,0.0,0.0,0.09548686060849844,2941,4342,0.01590461806032318,95,96,92,99,0.9292929292929293,0.4057591623036649,0.42166378036398805,2941,4342,2020.1611696701802,2019.7058959005067,2022.0,2020.0,2016,2023,2017,2022,2.7807407113061013,1.3141994763931033,0.4552737696735676,0,0,0,,ELIGIBLE_DESIGN_ONLY_RANKING,1,2,0,0,D09C diagnostic only; mainline must decide
T2_MO_A2-4_B1-3-5,T2,29,MO,Missouri,2023,292023,292301,2-4,1-3-5,2,3,0,46,44610858.50000002,0,0,0,0.0,0.0,0.0,0.11869801227286855,2923,4360,0.005606663920545615,93,98,92,99,0.9292929292929293,0.362129144851658,0.3677358087722036,2923,4360,2020.3869312350325,2019.5564220183487,2019.0,2020.0,2017,2023,2016,2023,2.1718897272648165,1.892022116846655,0.8305092166838222,0,0,0,,ELIGIBLE_DESIGN_ONLY_RANKING,1,6,0,0,D09C diagnostic only; mainline must decide
T2_MO_A2-5_B1-3-4,T2,29,MO,Missouri,2023,292023,292301,2-5,1-3-4,2,3,0,46,44610858.50000002,0,1,1,0.0,20310.0,20310.0,0.09247783924315496,2836,4447,0.04416678108837928,95,98,94,99,0.9494949494949495,0.38428324697754757,0.42845002806592686,2836,4447,2021.0916784203102,2019.1232291432427,2021.0,2019.0,2018,2023,2016,2023,1.5512597839695688,1.959008077372745,1.9684492770675206,0,0,0,,ELIGIBLE_DESIGN_ONLY_RANKING,1,7,0,0,D09C diagnostic only; mainline must decide
T2_MO_A3-4_B1-2-5,T2,29,MO,Missouri,2023,292023,292301,3-4,1-2-5,2,3,0,46,44610858.50000002,1,0,1,20310.0,0.0,20310.0,0.10484769126537684,2994,4289,0.046226371916334795,96,97,94,99,0.9494949494949495,0.4058721934369602,0.45209856535329496,2994,4289,2018.1158984635938,2021.1280018652367,2018.0,2021.0,2016,2023,2018,2023,1.5635318626250247,1.3030467111120014,3.0121034016428894,0,0,0,,ELIGIBLE_DESIGN_ONLY_RANKING,1,9,0,0,D09C diagnostic only; mainline must decide
T2_MO_A3-5_B1-2-4,T2,29,MO,Missouri,2023,292023,292301,3-5,1-2-4,2,3,0,46,44610858.50000002,0,0,0,0.0,0.0,0.0,0.105070018194926,2907,4376,0.0035470730925901022,97,97,95,99,0.9595959595959596,0.41666666666666663,0.42021373975925674,2907,4376,2018.735466116271,2020.6565356489946,2019.0,2021.0,2016,2023,2017,2023,1.7867730588997,1.8436468878170327,1.9210695327235499,0,0,0,,ELIGIBLE_DESIGN_ONLY_RANKING,1,4,0,0,D09C diagnostic only; mainline must decide
T2_MO_A4-5_B1-2-3,T2,29,MO,Missouri,2023,292023,292301,4-5,1-2-3,2,3,0,46,44610858.50000002,0,0,0,0.0,0.0,0.0,0.0820549194005943,2889,4394,0.013845027232367666,93,97,91,99,0.9191919191919192,0.3728070175438596,0.3866520447762273,2889,4394,2018.9550017307026,2020.5043240782886,2019.0,2021.0,2017,2021,2016,2023,0.8692480561777224,2.348453285595886,1.549322347585985,0,0,0,,ELIGIBLE_DESIGN_ONLY_RANKING,1,1,1,0,D09C diagnostic only; mainline must decide
T2_MT_A1-2_B3-4-5,T2,30,MT,Montana,2022,302022,302201,1-2,3-4-5,2,3,0,230,94106757.00000001,0,0,0,0.0,0.0,0.0,0.14669402347707314,6189,9094,0.020665663373246913,180,180,179,181,0.988950276243094,0.4166666666666667,0.4373323300399136,6189,9094,2017.0652771045402,2017.9418297778755,2016.0,2018.0,2013,2024,2013,2025,2.661755646889871,3.101675738133523,0.8765526733352544,0,0,0,,ELIGIBLE_DESIGN_ONLY_RANKING,1,8,0,0,D09C diagnostic only; mainline must decide
T2_MT_A1-3_B2-4-5,T2,30,MT,Montana,2022,302022,302201,1-3,2-4-5,2,3,0,230,94106757.00000001,0,0,0,0.0,0.0,0.0,0.13489407162017672,6175,9108,0.016848786233069422,178,180,177,181,0.9779005524861878,0.4050279329608939,0.4218767191939633,6175,9108,2017.5880161943319,2017.5860781730346,2019.0,2018.0,2013,2024,2013,2025,2.8118263710691553,3.0610980301065376,0.0019380212972919253,0,0,0,,ELIGIBLE_DESIGN_ONLY_RANKING,1,5,0,0,D09C diagnostic only; mainline must decide
T2_MT_A1-4_B2-3-5,T2,30,MT,Montana,2022,302022,302201,1-4,2-3-5,2,3,0,230,94106757.00000001,0,0,0,0.0,0.0,0.0,0.13336844796467712,6186,9097,0.019847761128923155,179,179,177,181,0.9779005524861878,0.41666666666666674,0.4365144277955899,6186,9097,2018.0439702554154,2017.2760250632077,2018.0,2017.0,2013,2025,2013,2024,2.9759488637299345,2.913323899234683,0.7679451922076623,0,0,0,,ELIGIBLE_DESIGN_ONLY_RANKING,1,4,0,0,D09C diagnostic only; mainline must decide
T2_MT_A1-5_B2-3-4,T2,30,MT,Montana,2022,302022,302201,1-5,2-3-4,2,3,0,230,94106757.00000001,0,0,0,0.0,0.0,0.0,0.14591349042769527,6063,9220,0.01368623088835094,178,181,178,181,0.9834254143646409,0.39925719591457753,0.41294342680292845,6063,9220,2016.0277090549232,2018.612147505423,2014.0,2019.0,2013,2024,2015,2025,2.58243645421302,2.741552903035501,2.5844384504998743,0,0,0,,ELIGIBLE_DESIGN_ONLY_RANKING,1,7,0,0,D09C diagnostic only; mainline must decide
T2_MT_A2-3_B1-4-5,T2,30,MT,Montana,2022,302022,302201,2-3,1-4-5,2,3,0,230,94106757.00000001,0,0,0,0.0,0.0,0.0,0.14231653296383376,6144,9139,0.008397129708390537,179,179,177,181,0.9779005524861878,0.41666666666666674,0.42506379637505726,6144,9139,2018.1310221354167,2017.2210307473465,2019.0,2018.0,2015,2024,2013,2025,2.703646893486744,3.0714038040386904,0.9099913880702388,0,0,0,,ELIGIBLE_DESIGN_ONLY_RANKING,1,6,0,0,D09C diagnostic only; mainline must decide
T2_MT_A2-4_B1-3-5,T2,30,MT,Montana,2022,302022,302201,2-4,1-3-5,2,3,0,230,94106757.00000001,0,0,0,0.0,0.0,0.0,0.1283579662890925,6155,9128,0.011396104604244417,180,179,178,181,0.9834254143646409,0.42246982358402974,0.43386592818827413,6155,9128,2018.5883021933387,2016.9115907099035,2018.0,2018.0,2015,2025,2013,2024,2.7871273623013213,2.885827394061766,1.676711483435156,0,0,0,,ELIGIBLE_DESIGN_ONLY_RANKING,1,1,1,0,D09C diagnostic only; mainline must decide
T2_MT_A2-5_B1-3-4,T2,30,MT,Montana,2022,302022,302201,2-5,1-3-4,2,3,0,230,94106757.00000001,0,0,0,0.0,0.0,0.0,0.13290907485649794,6032,9251,0.02213788741302968,178,180,177,181,0.9779005524861878,0.4050279329608939,0.4271658203739236,6032,9251,2016.572778514589,2018.2480812885094,2015.5,2019.0,2013,2024,2013,2025,2.787804475582862,2.885746021730257,1.6753027739205208,0,0,0,,ELIGIBLE_DESIGN_ONLY_RANKING,1,3,0,0,D09C diagnostic only; mainline must decide
T2_MT_A3-4_B1-2-5,T2,30,MT,Montana,2022,302022,302201,3-4,1-2-5,2,3,0,230,94106757.00000001,0,0,0,0.0,0.0,0.0,0.14675888925573558,6141,9142,0.007579227464066779,180,180,179,181,0.988950276243094,0.4166666666666667,0.42424589413073344,6141,9142,2019.1174075883407,2016.5587398818639,2021.0,2015.0,2015,2025,2013,2024,2.642682390378756,2.7117663022070504,2.5586677064768537,0,0,0,,ELIGIBLE_DESIGN_ONLY_RANKING,1,9,0,0,D09C diagnostic only; mainline must decide
T2_MT_A3-5_B1-2-4,T2,30,MT,Montana,2022,302022,302201,3-5,1-2-4,2,3,0,230,94106757.00000001,0,0,0,0.0,0.0,0.0,0.13210133162901205,6018,9265,0.02595476455320732,177,180,176,181,0.9723756906077348,0.3991596638655462,0.4251144284187535,6018,9265,2017.108009305417,2017.897895304911,2018.0,2018.0,2013,2024,2013,2025,3.0229248167370657,2.880938504463241,0.7898859994938903,0,0,0,,ELIGIBLE_DESIGN_ONLY_RANKING,1,2,0,0,D09C diagnostic only; mainline must decide
T2_MT_A4-5_B1-2-3,T2,30,MT,Montana,2022,302022,302201,4-5,1-2-3,2,3,0,230,94106757.00000001,1,0,1,115112.0,0.0,115112.0,0.14527889653875445,6029,9254,0.022955789657353436,179,181,179,181,0.988950276243094,0.40509259259259256,0.428048382249946,6029,9254,2017.5767125559794,2017.5934730927167,2018.0,2019.0,2013,2025,2013,2024,3.248647578413082,2.760880752286772,0.016760536737365328,0,0,0,,ELIGIBLE_DESIGN_ONLY_RANKING,1,10,0,0,D09C diagnostic only; mainline must decide
T2_NE_A1-2_B3-4-5,T2,31,NE,Nebraska,2023,312023,312301,1-2,3-4-5,2,3,0,15,49506063.99999999,0,0,0,0.0,0.0,0.0,0.0311985606489736,3314,4949,0.004437452095687557,104,103,103,104,0.9903846153846154,0.4267310789049919,0.4311685310006795,3314,4949,2021.9206397103198,2018.7165083855325,2022.0,2019.0,2020,2023,2017,2023,0.8233918357909827,1.4534866830395254,3.2041313247873404,0,0,0,,ELIGIBLE_DESIGN_ONLY_RANKING,1,10,0,0,D09C diagnostic only; mainline must decide
T2_NE_A1-3_B2-4-5,T2,31,NE,Nebraska,2023,312023,312301,1-3,2-4-5,2,3,0,15,49506063.99999999,0,0,0,0.0,0.0,0.0,0.02485685441465032,3299,4964,0.0031263867037799485,103,104,103,104,0.9903846153846154,0.40660225442834147,0.40972864113212143,3299,4964,2019.6414064868143,2020.2409347300563,2021.0,2020.0,2017,2023,2018,2023,2.219926290024436,1.8017746005629107,0.5995282432420481,0,0,0,,ELIGIBLE_DESIGN_ONLY_RANKING,1,6,0,0,D09C diagnostic only; mainline must decide
T2_NE_A1-4_B2-3-5,T2,31,NE,Nebraska,2023,312023,312301,1-4,2-3-5,2,3,0,15,49506063.99999999,0,0,0,0.0,0.0,0.0,0.019117112030385214,3310,4953,0.002420428415829602,103,104,103,104,0.9903846153846154,0.40660225442834147,0.4090226828441711,3310,4953,2019.8558912386707,2020.0989299414496,2019.5,2020.0,2018,2022,2017,2023,1.479001823844993,2.2790719354714652,0.24303870277890383,0,0,0,,ELIGIBLE_DESIGN_ONLY_RANKING,1,3,0,0,D09C diagnostic only; mainline must decide
T2_NE_A1-5_B2-3-4,T2,31,NE,Nebraska,2023,312023,312301,1-5,2-3-4,2,3,0,15,49506063.99999999,0,0,0,0.0,0.0,0.0,0.013498221088919602,3305,4958,0.00010085118399294595,103,104,103,104,0.9903846153846154,0.40660225442834147,0.4067031056123344,3305,4958,2020.4638426626325,2019.6934247680517,2020.0,2019.0,2019,2022,2017,2023,0.9195761074365791,2.423158626661779,0.7704178945807598,0,0,0,,ELIGIBLE_DESIGN_ONLY_RANKING,1,1,1,0,D09C diagnostic only; mainline must decide
T2_NE_A2-3_B1-4-5,T2,31,NE,Nebraska,2023,312023,312301,2-3,1-4-5,2,3,0,15,49506063.99999999,0,0,0,0.0,0.0,0.0,0.02096935544368801,3303,4960,0.001109363023921855,103,103,102,104,0.9807692307692307,0.4166666666666666,0.4177760296905884,3303,4960,2020.3124432334241,2019.7945564516128,2022.0,2020.0,2017,2023,2018,2022,2.7462632826989006,1.2413567297066104,0.5178867818112849,0,0,0,,ELIGIBLE_DESIGN_ONLY_RANKING,1,5,0,0,D09C diagnostic only; mainline must decide
T2_NE_A2-4_B1-3-5,T2,31,NE,Nebraska,2023,312023,312301,2-4,1-3-5,2,3,0,15,49506063.99999999,0,0,0,0.0,0.0,0.0,0.01969976014806055,3314,4949,0.004437452095687557,104,103,103,104,0.9903846153846154,0.4267310789049919,0.4311685310006795,3314,4949,2020.524441762221,2019.6514447363104,2021.0,2020.0,2018,2023,2017,2023,2.123881443663259,1.832724964168838,0.8729970259105357,0,0,0,,ELIGIBLE_DESIGN_ONLY_RANKING,1,4,0,0,D09C diagnostic only; mainline must decide
T2_NE_A2-5_B1-3-4,T2,31,NE,Nebraska,2023,312023,312301,2-5,1-3-4,2,3,0,15,49506063.99999999,0,0,0,0.0,0.0,0.0,0.02608125286199447,3309,4954,0.0019161724958651474,104,103,103,104,0.9903846153846154,0.4267310789049919,0.428647251400857,3309,4954,2021.1326684799033,2019.246063786839,2021.0,2019.0,2019,2023,2017,2023,1.5364139666972605,1.91728028926923,1.8866046930643279,0,0,0,,ELIGIBLE_DESIGN_ONLY_RANKING,1,7,0,0,D09C diagnostic only; mainline must decide
T2_NE_A3-4_B1-2-5,T2,31,NE,Nebraska,2023,312023,312301,3-4,1-2-5,2,3,0,15,49506063.99999999,0,0,0,0.0,0.0,0.0,0.029878934979354097,3299,4964,0.0031263867037799485,103,104,103,104,0.9903846153846154,0.40660225442834147,0.40972864113212143,3299,4964,2018.238860260685,2021.173045930701,2018.0,2021.0,2017,2023,2019,2023,1.5408111118916745,1.284162706060753,2.9341856700159497,0,0,0,,ELIGIBLE_DESIGN_ONLY_RANKING,1,8,0,0,D09C diagnostic only; mainline must decide
T2_NE_A3-5_B1-2-4,T2,31,NE,Nebraska,2023,312023,312301,3-5,1-2-4,2,3,0,15,49506063.99999999,0,0,0,0.0,0.0,0.0,0.018233251833317442,3294,4969,0.0056476663036023585,103,104,103,104,0.9903846153846154,0.40660225442834147,0.41224992073194383,3294,4969,2018.8463873709775,2020.7673576172267,2019.0,2021.0,2017,2023,2018,2023,1.7318116465194875,1.7884866963289634,1.920970246249226,0,0,0,,ELIGIBLE_DESIGN_ONLY_RANKING,1,2,0,0,D09C diagnostic only; mainline must decide
T2_NE_A4-5_B1-2-3,T2,31,NE,Nebraska,2023,312023,312301,4-5,1-2-3,2,3,0,15,49506063.99999999,0,0,0,0.0,0.0,0.0,0.03044149542622113,3305,4958,0.00010085118399294595,103,104,103,104,0.9903846153846154,0.40660225442834147,0.4067031056123344,3305,4958,2019.0638426626324,2020.6266639774103,2019.0,2021.0,2018,2021,2017,2023,0.7767679199011641,2.300764054713618,1.5628213147779206,0,0,0,,ELIGIBLE_DESIGN_ONLY_RANKING,1,9,0,0,D09C diagnostic only; mainline must decide
T2_NV_A1-2_B3-4-5,T2,32,NV,Nevada,2023,322023,322301,1-2,3-4-5,2,3,0,60,67771361.0,0,0,0,0.0,0.0,0.0,0.06855024361328677,4614,6772,0.021810410445576373,140,141,138,143,0.965034965034965,0.40925266903914587,0.4310630794847222,4614,6772,2017.0905938448202,2019.5445953927938,2019.0,2019.0,2014,2023,2016,2024,2.648008948689594,2.672038937331104,2.4540015479735757,0,0,0,,ELIGIBLE_DESIGN_ONLY_RANKING,1,9,0,0,D09C diagnostic only; mainline must decide
T2_NV_A1-3_B2-4-5,T2,32,NV,Nevada,2023,322023,322301,1-3,2-4-5,2,3,0,60,67771361.0,0,0,0,0.0,0.0,0.0,0.06027616765278879,4592,6794,0.013759587797880505,142,142,141,143,0.986013986013986,0.41666666666666663,0.43042625446454713,4592,6794,2017.5531358885016,2019.224021195172,2018.0,2020.0,2014,2023,2015,2024,2.7314665207137994,2.853533369809628,1.6708853066704705,0,0,0,,ELIGIBLE_DESIGN_ONLY_RANKING,1,2,0,0,D09C diagnostic only; mainline must decide
T2_NV_A1-4_B2-3-5,T2,32,NV,Nevada,2023,322023,322301,1-4,2-3-5,2,3,0,60,67771361.0,0,0,0,0.0,0.0,0.0,0.06260610694355291,4592,6794,0.013759587797880505,142,141,140,143,0.9790209790209791,0.42402826855123676,0.43778785634911727,4592,6794,2018.0503048780488,2018.887989402414,2018.0,2020.0,2014,2024,2015,2024,2.966353817616045,2.842749510718706,0.8376845243651587,0,0,0,,ELIGIBLE_DESIGN_ONLY_RANKING,1,4,0,0,D09C diagnostic only; mainline must decide
T2_NV_A1-5_B2-3-4,T2,32,NV,Nevada,2023,322023,322301,1-5,2-3-4,2,3,0,60,67771361.0,0,0,0,0.0,0.0,0.0,0.06417992982417757,4485,6901,0.02539668598864109,140,142,139,143,0.972027972027972,0.4018912529550827,0.4272879389437238,4485,6901,2018.5074693422519,2018.5778872627156,2019.0,2020.0,2014,2024,2015,2024,3.2559216544681275,2.6829408911769437,0.07041792046379669,0,0,0,,ELIGIBLE_DESIGN_ONLY_RANKING,1,5,0,0,D09C diagnostic only; mainline must decide
T2_NV_A2-3_B1-4-5,T2,32,NV,Nevada,2023,322023,322301,2-3,1-4-5,2,3,0,60,67771361.0,0,0,0,0.0,0.0,0.0,0.06728423394919555,4608,6778,0.019614731541659283,141,142,140,143,0.9790209790209791,0.40930506478209655,0.4289197963237558,4608,6778,2018.091579861111,2018.8619061670108,2020.0,2019.0,2015,2023,2014,2024,2.6126602860012236,3.076438618221874,0.7703263058997436,0,0,0,,ELIGIBLE_DESIGN_ONLY_RANKING,1,7,0,0,D09C diagnostic only; mainline must decide
T2_NV_A2-4_B1-3-5,T2,32,NV,Nevada,2023,322023,322301,2-4,1-3-5,2,3,0,60,67771361.0,0,0,0,0.0,0.0,0.0,0.06812289426607986,4608,6778,0.019614731541659283,140,142,139,143,0.972027972027972,0.4018912529550827,0.421505984496742,4608,6778,2018.5870225694443,2018.5250811448805,2020.0,2019.0,2015,2024,2014,2024,2.7616833117664714,3.0263277440143015,0.06194142456388363,0,0,0,,ELIGIBLE_DESIGN_ONLY_RANKING,1,8,0,0,D09C diagnostic only; mainline must decide
T2_NV_A2-5_B1-3-4,T2,32,NV,Nevada,2023,322023,322301,2-5,1-3-4,2,3,0,60,67771361.0,0,0,0,0.0,0.0,0.0,0.060243775959775925,4501,6885,0.019541542244862112,140,143,140,143,0.9790209790209791,0.39458186101295645,0.41412340325781855,4501,6885,2019.0553210397688,2018.2198983297023,2020.0,2018.0,2015,2024,2014,2024,2.9811714722421727,2.834867210100054,0.8354227100664957,0,0,0,,ELIGIBLE_DESIGN_ONLY_RANKING,1,1,1,0,D09C diagnostic only; mainline must decide
T2_NV_A3-4_B1-2-5,T2,32,NV,Nevada,2023,322023,322301,3-4,1-2-5,2,3,0,60,67771361.0,0,0,0,0.0,0.0,0.0,0.061802329878298055,4586,6800,0.011563908893963415,141,141,139,143,0.972027972027972,0.4166666666666667,0.4282305755606301,4586,6800,2019.05734845181,2018.208088235294,2019.0,2019.0,2016,2024,2014,2024,2.5836461330286835,3.083257960500019,0.8492602165158587,0,0,0,,ELIGIBLE_DESIGN_ONLY_RANKING,1,3,0,0,D09C diagnostic only; mainline must decide
T2_NV_A3-5_B1-2-4,T2,32,NV,Nevada,2023,322023,322301,3-5,1-2-4,2,3,0,60,67771361.0,0,0,0,0.0,0.0,0.0,0.07772986890935682,4479,6907,0.02759236489255818,140,143,140,143,0.9790209790209791,0.39458186101295645,0.4221742259055146,4479,6907,2019.5391828533154,2017.9087881858984,2021.0,2019.0,2016,2024,2014,2024,2.731177142964823,2.8625865001370463,1.630394667417022,0,0,0,,ELIGIBLE_DESIGN_ONLY_RANKING,1,10,0,0,D09C diagnostic only; mainline must decide
T2_NV_A4-5_B1-2-3,T2,32,NV,Nevada,2023,322023,322301,4-5,1-2-3,2,3,0,60,67771361.0,0,0,0,0.0,0.0,0.0,0.06552275157598168,4479,6907,0.02759236489255818,140,142,139,143,0.972027972027972,0.4018912529550827,0.4294836178476409,4479,6907,2020.0488948425989,2017.578253945273,2019.0,2019.0,2017,2024,2014,2023,2.607676338940758,2.695591045297806,2.470640897325893,0,0,0,,ELIGIBLE_DESIGN_ONLY_RANKING,1,6,0,0,D09C diagnostic only; mainline must decide
T2_NH_A1-2_B3-4-5,T2,33,NH,New Hampshire,2023,332023,332301,1-2,3-4-5,2,3,0,18,5940580.300000001,0,0,0,0.0,0.0,0.0,0.16132092836290904,460,707,0.02427877749214506,20,20,20,20,1.0,0.41666666666666663,0.4409454441588117,460,707,2020.358695652174,2019.881188118812,2022.0,2020.0,2017,2024,2018,2023,2.723181857288963,1.3653024247470267,0.4775075333620862,0,0,0,,ELIGIBLE_DESIGN_ONLY_RANKING,1,7,0,0,D09C diagnostic only; mainline must decide
T2_NH_A1-3_B2-4-5,T2,33,NH,New Hampshire,2023,332023,332301,1-3,2-4-5,2,3,0,18,5940580.300000001,0,0,0,0.0,0.0,0.0,0.14729852953177983,478,689,0.039988574692944916,20,20,20,20,1.0,0.41666666666666663,0.45665524135961155,478,689,2020.7782426778242,2019.577648766328,2022.0,2020.0,2018,2024,2017,2024,2.178845175173798,1.752114914315618,1.2005939114962985,0,0,0,,ELIGIBLE_DESIGN_ONLY_RANKING,1,4,0,0,D09C diagnostic only; mainline must decide
T2_NH_A1-4_B2-3-5,T2,33,NH,New Hampshire,2023,332023,332301,1-4,2-3-5,2,3,0,18,5940580.300000001,0,0,0,0.0,0.0,0.0,0.11987227474669647,468,699,0.004284490145672665,20,20,20,20,1.0,0.41666666666666663,0.4209511568123393,468,699,2021.1346153846155,2019.3562231759656,2022.0,2019.0,2019,2024,2017,2024,1.5709618916544323,1.9828420274936318,1.7783922086498478,0,0,0,,ELIGIBLE_DESIGN_ONLY_RANKING,1,1,1,0,D09C diagnostic only; mainline must decide
T2_NH_A1-5_B2-3-4,T2,33,NH,New Hampshire,2023,332023,332301,1-5,2-3-4,2,3,0,18,5940580.300000001,0,0,0,0.0,0.0,0.0,0.2113503926257264,469,698,0.007854898600399927,20,20,20,20,1.0,0.41666666666666663,0.4245215652670666,469,698,2021.816631130064,2018.8954154727794,2022.0,2019.0,2020,2024,2017,2024,0.9565678019869157,1.6775012714750537,2.9212156572846197,0,0,0,,ELIGIBLE_DESIGN_ONLY_RANKING,1,10,0,0,D09C diagnostic only; mainline must decide
T2_NH_A2-3_B1-4-5,T2,33,NH,New Hampshire,2023,332023,332301,2-3,1-4-5,2,3,0,18,5940580.300000001,0,0,0,0.0,0.0,0.0,0.18031033126390206,466,701,0.002856326763781736,20,20,20,20,1.0,0.41666666666666663,0.41952299343044835,466,701,2018.5214592274679,2021.0984308131242,2018.0,2021.0,2017,2024,2019,2024,1.9077010922767252,1.326762048799599,2.576971585656338,0,0,0,,ELIGIBLE_DESIGN_ONLY_RANKING,1,9,0,0,D09C diagnostic only; mainline must decide
T2_NH_A2-4_B1-3-5,T2,33,NH,New Hampshire,2023,332023,332301,2-4,1-3-5,2,3,0,18,5940580.300000001,0,0,0,0.0,0.0,0.0,0.1538654100821862,456,711,0.038560411311053984,20,20,20,20,1.0,0.41666666666666663,0.4552270779777206,456,711,2018.8377192982457,2020.85935302391,2019.0,2021.0,2017,2024,2018,2024,1.687700319779848,1.820050805045032,2.0216337256642873,0,0,0,,ELIGIBLE_DESIGN_ONLY_RANKING,1,6,0,0,D09C diagnostic only; mainline must decide
T2_NH_A2-5_B1-3-4,T2,33,NH,New Hampshire,2023,332023,332301,2-5,1-3-4,2,3,0,18,5940580.300000001,0,0,0,0.0,0.0,0.0,0.14005482245041384,457,710,0.034990002856326724,20,20,20,20,1.0,0.41666666666666663,0.4516566695229933,457,710,2019.542669584245,2020.4084507042253,2020.0,2020.0,2017,2024,2018,2024,2.1137695723658467,1.891838791701483,0.8657811199802836,0,0,0,,ELIGIBLE_DESIGN_ONLY_RANKING,1,3,0,0,D09C diagnostic only; mainline must decide
T2_NH_A3-4_B1-2-5,T2,33,NH,New Hampshire,2023,332023,332301,3-4,1-2-5,2,3,0,18,5940580.300000001,0,0,0,0.0,0.0,0.0,0.17832982387662433,474,693,0.02570694087403599,20,20,20,20,1.0,0.41666666666666663,0.4423736075407026,474,693,2019.318565400844,2020.5829725829726,2019.0,2021.0,2018,2023,2017,2024,1.2865351015791577,2.2651159154707505,1.264407182128707,0,0,0,,ELIGIBLE_DESIGN_ONLY_RANKING,1,8,0,0,D09C diagnostic only; mainline must decide
T2_NH_A3-5_B1-2-4,T2,33,NH,New Hampshire,2023,332023,332301,3-5,1-2-4,2,3,0,18,5940580.300000001,0,0,0,0.0,0.0,0.0,0.13942174318099845,475,692,0.02927734932876325,20,20,20,20,1.0,0.41666666666666663,0.4459440159954299,475,692,2019.9957894736842,2020.1199421965318,2020.0,2020.0,2018,2023,2017,2024,1.6069414161937692,2.2682113284519785,0.12415272284761159,0,0,0,,ELIGIBLE_DESIGN_ONLY_RANKING,1,2,0,0,D09C diagnostic only; mainline must decide
T2_NH_A4-5_B1-2-3,T2,33,NH,New Hampshire,2023,332023,332301,4-5,1-2-3,2,3,0,18,5940580.300000001,0,0,0,0.0,0.0,0.0,0.15263120200016114,465,702,0.006426735218508998,20,20,20,20,1.0,0.41666666666666663,0.42309340188517564,465,702,2020.337634408602,2019.8917378917379,2020.0,2019.0,2019,2022,2017,2024,0.8953801420701134,2.4927203799633944,0.4458965168641953,0,0,0,,ELIGIBLE_DESIGN_ONLY_RANKING,1,5,0,0,D09C diagnostic only; mainline must decide
T2_NJ_A1-2_B3-4-5,T2,34,NJ,New Jersey,2023,342023,342301,1-2,3-4-5,2,3,0,11,5000449.8,0,0,0,0.0,0.0,0.0,0.1413122372479579,608,901,0.012149326264634478,17,17,17,17,1.0,0.41666666666666663,0.4288159929313011,608,901,2019.9621710526317,2021.9422863485017,2020.0,2022.0,2019,2022,2019,2024,0.8573069344864153,1.2653497057783787,1.980115295870064,0,0,0,,ELIGIBLE_DESIGN_ONLY_RANKING,1,4,0,0,D09C diagnostic only; mainline must decide
T2_NJ_A1-3_B2-4-5,T2,34,NJ,New Jersey,2023,342023,342301,1-3,2-4-5,2,3,0,11,5000449.8,0,0,0,0.0,0.0,0.0,0.15274442531069485,587,922,0.04583609454384796,17,17,17,17,1.0,0.41666666666666663,0.4625027612105146,587,922,2020.427597955707,2021.6008676789588,2021.0,2022.0,2019,2023,2019,2024,1.2112054421391467,1.4577358531071838,1.1732697232519058,0,0,0,,ELIGIBLE_DESIGN_ONLY_RANKING,1,7,0,0,D09C diagnostic only; mainline must decide
T2_NJ_A1-4_B2-3-5,T2,34,NJ,New Jersey,2023,342023,342301,1-4,2-3-5,2,3,0,11,5000449.8,0,0,0,0.0,0.0,0.0,0.16139663051496553,582,927,0.05964214711729622,17,17,17,17,1.0,0.41666666666666663,0.47630881378396284,582,927,2020.8745704467353,2021.3139158576053,2021.0,2021.0,2019,2024,2019,2024,1.6458593759462445,1.3419830292502886,0.43934541086991885,0,0,0,,ELIGIBLE_DESIGN_ONLY_RANKING,1,8,0,0,D09C diagnostic only; mainline must decide
T2_NJ_A1-5_B2-3-4,T2,34,NJ,New Jersey,2023,342023,342301,1-5,2-3-4,2,3,0,11,5000449.8,0,0,0,0.0,0.0,0.0,0.1687143658148156,623,886,0.05356748398497908,17,17,17,17,1.0,0.41666666666666663,0.4702341506516457,623,886,2020.6837881219903,2021.4683972911964,2020.0,2022.0,2019,2024,2020,2024,1.8852559849179569,0.994115524981681,0.7846091692060781,0,0,0,,ELIGIBLE_DESIGN_ONLY_RANKING,1,9,0,0,D09C diagnostic only; mainline must decide
T2_NJ_A2-3_B1-4-5,T2,34,NJ,New Jersey,2023,342023,342301,2-3,1-4-5,2,3,0,11,5000449.8,0,0,0,0.0,0.0,0.0,0.12867561969054075,601,908,0.007179147338193127,17,17,17,17,1.0,0.41666666666666663,0.42384581400485977,601,908,2021.0049916805324,2021.2367841409691,2021.0,2022.0,2020,2023,2019,2024,0.790553629804669,1.7930686740282118,0.2317924604367363,0,0,0,,ELIGIBLE_DESIGN_ONLY_RANKING,1,3,0,0,D09C diagnostic only; mainline must decide
T2_NJ_A2-4_B1-3-5,T2,34,NJ,New Jersey,2023,342023,342301,2-4,1-3-5,2,3,0,11,5000449.8,0,0,0,0.0,0.0,0.0,0.14158660876121498,596,913,0.0209851999116412,17,17,17,17,1.0,0.41666666666666663,0.43765186657830785,596,913,2021.4463087248323,2020.947426067908,2022.0,2021.0,2020,2024,2019,2024,1.1502881474551714,1.6334887763683819,0.49888265692425193,0,0,0,,ELIGIBLE_DESIGN_ONLY_RANKING,1,5,0,0,D09C diagnostic only; mainline must decide
T2_NJ_A2-5_B1-3-4,T2,34,NJ,New Jersey,2023,342023,342301,2-5,1-3-4,2,3,0,11,5000449.8,0,0,0,0.0,0.0,0.0,0.18335808852585553,637,872,0.09222443119063391,17,17,17,17,1.0,0.41666666666666663,0.5088910978573006,637,872,2021.2229199372057,2021.0871559633028,2021.0,2021.0,2019,2024,2019,2024,1.5683311288574846,1.4131480953415263,0.13576397390284,0,0,0,,ELIGIBLE_DESIGN_ONLY_RANKING,1,10,0,0,D09C diagnostic only; mainline must decide
T2_NJ_A3-4_B1-2-5,T2,34,NJ,New Jersey,2023,342023,342301,3-4,1-2-5,2,3,0,11,5000449.8,0,0,0,0.0,0.0,0.0,0.1087654037258798,575,934,0.07897062072012363,17,17,17,17,1.0,0.41666666666666663,0.49563728738679025,575,934,2021.975652173913,2020.6327623126338,2022.0,2020.0,2021,2024,2019,2024,0.7344901884943017,1.5901079099574078,1.3428898612792182,0,0,0,,ELIGIBLE_DESIGN_ONLY_RANKING,1,1,1,0,D09C diagnostic only; mainline must decide
T2_NJ_A3-5_B1-2-4,T2,34,NJ,New Jersey,2023,342023,342301,3-5,1-2-4,2,3,0,11,5000449.8,0,0,0,0.0,0.0,0.0,0.15023562868940585,616,893,0.03423901038215147,17,17,17,17,1.0,0.41666666666666663,0.4509056770488181,616,893,2021.7094155844156,2020.7547592385217,2022.0,2020.0,2019,2024,2019,2024,1.4182236625758522,1.3971833747049405,0.954656345893909,0,0,0,,ELIGIBLE_DESIGN_ONLY_RANKING,1,6,0,0,D09C diagnostic only; mainline must decide
T2_NJ_A4-5_B1-2-3,T2,34,NJ,New Jersey,2023,342023,342301,4-5,1-2-3,2,3,0,11,5000449.8,0,0,0,0.0,0.0,0.0,0.11981161690045083,611,898,0.020432957808703398,17,17,17,17,1.0,0.41666666666666663,0.43709962447537004,611,898,2022.1456628477906,2020.4632516703787,2023.0,2020.0,2019,2024,2019,2023,1.446327177997486,1.0586414092403578,1.6824111774119501,0,0,0,,ELIGIBLE_DESIGN_ONLY_RANKING,1,2,0,0,D09C diagnostic only; mainline must decide
T2_NM_A1-2_B3-4-5,T2,35,NM,New Mexico,2022,352022,352201,1-2,3-4-5,2,3,0,157,77816959.99999996,0,0,0,0.0,0.0,0.0,0.15202513520682445,4897,7206,0.019210113195075602,151,151,151,151,1.0,0.41666666666666663,0.4358767798617422,4897,7206,2017.0226669389422,2017.8365251179573,2019.0,2018.0,2012,2024,2012,2025,2.706220290700841,3.1802527972038077,0.813858179015142,0,0,0,,ELIGIBLE_DESIGN_ONLY_RANKING,1,5,0,0,D09C diagnostic only; mainline must decide
T2_NM_A1-3_B2-4-5,T2,35,NM,New Mexico,2022,352022,352201,1-3,2-4-5,2,3,0,157,77816959.99999996,0,0,0,0.0,0.0,0.0,0.14015052111507856,4921,7182,0.027472527472527472,151,151,151,151,1.0,0.41666666666666663,0.4441391941391941,4921,7182,2017.5177809388335,2017.5,2019.0,2018.0,2012,2024,2012,2025,2.802100481297379,3.1670630338987453,0.01778093883353904,0,0,0,,ELIGIBLE_DESIGN_ONLY_RANKING,1,2,0,0,D09C diagnostic only; mainline must decide
T2_NM_A1-4_B2-3-5,T2,35,NM,New Mexico,2022,352022,352201,1-4,2-3-5,2,3,0,157,77816959.99999996,0,0,0,0.0,0.0,0.0,0.13816148981424706,4892,7211,0.01748877688727319,151,151,151,151,1.0,0.41666666666666663,0.4341554435539398,4892,7211,2017.983033524121,2017.1844404382193,2019.0,2018.0,2012,2025,2012,2024,2.9994067355364398,2.9978886286590143,0.7985930859017571,0,0,0,,ELIGIBLE_DESIGN_ONLY_RANKING,1,1,1,0,D09C diagnostic only; mainline must decide
T2_NM_A1-5_B2-3-4,T2,35,NM,New Mexico,2022,352022,352201,1-5,2-3-4,2,3,0,157,77816959.99999996,0,0,0,0.0,0.0,0.0,0.2073692940982675,4743,7360,0.033807045085240635,151,151,151,151,1.0,0.41666666666666663,0.45047371175190726,4743,7360,2015.9070208728654,2018.5384510869565,2018.0,2017.0,2012,2021,2014,2025,2.778403646910442,2.7108995809321286,2.631430214091097,0,0,0,,ELIGIBLE_DESIGN_ONLY_RANKING,1,9,0,0,D09C diagnostic only; mainline must decide
T2_NM_A2-3_B1-4-5,T2,35,NM,New Mexico,2022,352022,352201,2-3,1-4-5,2,3,0,157,77816959.99999996,0,0,0,0.0,0.0,0.0,0.17666070074903395,4918,7185,0.02643972568784599,151,151,151,151,1.0,0.41666666666666663,0.4431063923545126,4918,7185,2018.0632370882472,2017.1266527487821,2016.0,2018.0,2014,2024,2012,2025,2.6638433268862265,3.1922168798225603,0.936584339465071,0,0,0,,ELIGIBLE_DESIGN_ONLY_RANKING,1,8,0,0,D09C diagnostic only; mainline must decide
T2_NM_A2-4_B1-3-5,T2,35,NM,New Mexico,2022,352022,352201,2-4,1-3-5,2,3,0,157,77816959.99999996,0,0,0,0.0,0.0,0.0,0.15600687027456922,4889,7214,0.016455975102591707,151,151,151,151,1.0,0.41666666666666663,0.43312264176925835,4889,7214,2018.5320106361219,2016.812725256446,2017.0,2018.0,2014,2025,2012,2024,2.7792206050863033,2.9854769272628703,1.7192853796759664,0,0,0,,ELIGIBLE_DESIGN_ONLY_RANKING,1,6,0,0,D09C diagnostic only; mainline must decide
T2_NM_A2-5_B1-3-4,T2,35,NM,New Mexico,2022,352022,352201,2-5,1-3-4,2,3,0,157,77816959.99999996,0,0,0,0.0,0.0,0.0,0.14824394962717471,4740,7363,0.03483984686992212,151,151,151,151,1.0,0.41666666666666663,0.45150651353658877,4740,7363,2016.47194092827,2018.1737063696862,2018.0,2018.0,2012,2024,2012,2025,2.9575054697854597,2.875125159463906,1.701765441416228,0,0,0,,ELIGIBLE_DESIGN_ONLY_RANKING,1,4,0,0,D09C diagnostic only; mainline must decide
T2_NM_A3-4_B1-2-5,T2,35,NM,New Mexico,2022,352022,352201,3-4,1-2-5,2,3,0,157,77816959.99999996,1,0,1,119639.0,0.0,119639.0,0.18920275644131818,4913,7190,0.02471838938004358,150,151,150,151,0.9933774834437086,0.4097452934662236,0.4344636828462672,4913,7190,2019.0205577040506,2016.473157162726,2017.0,2018.0,2016,2025,2012,2024,2.602262063765291,2.851553286515047,2.5474005413245777,0,0,0,,ELIGIBLE_DESIGN_ONLY_RANKING,1,10,0,0,D09C diagnostic only; mainline must decide
T2_NM_A3-5_B1-2-4,T2,35,NM,New Mexico,2022,352022,352201,3-5,1-2-4,2,3,0,157,77816959.99999996,0,0,0,0.0,0.0,0.0,0.14249425179811132,4764,7339,0.02657743259247025,151,151,151,151,1.0,0.41666666666666663,0.4432440992591369,4764,7339,2016.986146095718,2017.845483035836,2018.0,2018.0,2012,2024,2012,2025,3.1367156419306537,2.898829609471314,0.8593369401180553,0,0,0,,ELIGIBLE_DESIGN_ONLY_RANKING,1,3,0,0,D09C diagnostic only; mainline must decide
T2_NM_A4-5_B1-2-3,T2,35,NM,New Mexico,2022,352022,352201,4-5,1-2-3,2,3,0,157,77816959.99999996,0,0,0,0.0,0.0,0.0,0.16290445558052186,4735,7368,0.036561183177724534,151,151,151,151,1.0,0.41666666666666663,0.4532278498443912,4735,7368,2017.4635691657868,2017.5352877307275,2018.0,2019.0,2012,2025,2012,2024,3.3969053761591974,2.757539000095021,0.07171856494073836,0,0,0,,ELIGIBLE_DESIGN_ONLY_RANKING,1,7,0,0,D09C diagnostic only; mainline must decide
T2_NY_A1-2_B3-4-5,T2,36,NY,New York,2023,362023,362301,1-2,3-4-5,2,3,0,74,31429223.599999987,0,0,0,0.0,0.0,0.0,0.144686416926005,1794,2692,0.0003715262297518627,73,73,70,76,0.9210526315789473,0.41666666666666674,0.4170381928964186,1794,2692,2020.407469342252,2019.962852897474,2022.0,2020.0,2017,2024,2018,2023,2.735315701331942,1.3300245021880004,0.44461644477792106,0,0,0,,ELIGIBLE_DESIGN_ONLY_RANKING,1,3,0,0,D09C diagnostic only; mainline must decide
T2_NY_A1-3_B2-4-5,T2,36,NY,New York,2023,362023,362301,1-3,2-4-5,2,3,0,74,31429223.599999987,0,0,0,0.0,0.0,0.0,0.13557065146196834,1788,2698,0.0059444196760291695,71,76,71,76,0.9342105263157895,0.34580498866213155,0.3517494083381607,1788,2698,2020.6135346756153,2019.8272794662714,2022.0,2020.0,2018,2024,2017,2024,2.1397655919255323,1.8809105068878698,0.7862552093438353,0,0,0,,ELIGIBLE_DESIGN_ONLY_RANKING,1,1,1,0,D09C diagnostic only; mainline must decide
T2_NY_A1-4_B2-3-5,T2,36,NY,New York,2023,362023,362301,1-4,2-3-5,2,3,0,74,31429223.599999987,2,0,2,92750.20000000001,0.0,92750.20000000001,0.17247476761510303,1800,2686,0.005201367216525444,74,74,72,76,0.9473684210526315,0.41666666666666663,0.42186803388319205,1800,2686,2021.263888888889,2019.3879374534624,2022.0,2019.0,2019,2024,2017,2024,1.5172993140200166,1.9731691109027,1.8759514354264866,0,0,0,,ELIGIBLE_DESIGN_ONLY_RANKING,1,8,0,0,D09C diagnostic only; mainline must decide
T2_NY_A1-5_B2-3-4,T2,36,NY,New York,2023,362023,362301,1-5,2-3-4,2,3,0,74,31429223.599999987,2,0,2,92750.20000000001,0.0,92750.20000000001,0.19557058835407548,1801,2685,0.006130182790905037,72,76,72,76,0.9473684210526315,0.3603603603603604,0.36649054315126545,1801,2685,2022.059966685175,2018.8532588454377,2022.0,2019.0,2021,2024,2017,2024,0.8163344895871458,1.508073650236919,3.2067078397371915,0,0,0,,ELIGIBLE_DESIGN_ONLY_RANKING,1,10,0,0,D09C diagnostic only; mainline must decide
T2_NY_A2-3_B1-4-5,T2,36,NY,New York,2023,362023,362301,2-3,1-4-5,2,3,0,74,31429223.599999987,0,2,2,0.0,92750.20000000001,92750.20000000001,0.1805453568291484,1784,2702,0.00965968197354729,74,74,72,76,0.9473684210526315,0.41666666666666663,0.4263263486402139,1784,2702,2018.340807174888,2021.3290155440413,2018.0,2021.0,2017,2024,2019,2024,1.5631750118246235,1.2816168375848631,2.9882083691534262,0,0,0,,ELIGIBLE_DESIGN_ONLY_RANKING,1,9,0,0,D09C diagnostic only; mainline must decide
T2_NY_A2-4_B1-3-5,T2,36,NY,New York,2023,362023,362301,2-4,1-3-5,2,3,0,74,31429223.599999987,0,0,0,0.0,0.0,0.0,0.14449665137578435,1796,2690,0.001486104919007324,76,72,72,76,0.9473684210526315,0.47297297297297297,0.4744590778919803,1796,2690,2019.0077951002227,2020.8970260223048,2019.0,2021.0,2017,2024,2018,2024,1.776022733893757,1.8174883064848486,1.8892309220821062,0,0,0,,ELIGIBLE_DESIGN_ONLY_RANKING,1,2,0,0,D09C diagnostic only; mainline must decide
T2_NY_A2-5_B1-3-4,T2,36,NY,New York,2023,362023,362301,2-5,1-3-4,2,3,0,74,31429223.599999987,0,0,0,0.0,0.0,0.0,0.18328378559074812,1797,2689,0.0024149204933867907,74,74,72,76,0.9473684210526315,0.41666666666666663,0.4190815871600534,1797,2689,2019.8069003895382,2020.3637039791745,2021.0,2020.0,2017,2024,2018,2024,2.261815602372753,1.816170084390311,0.5568035896362744,0,0,0,,ELIGIBLE_DESIGN_ONLY_RANKING,1,5,0,0,D09C diagnostic only; mainline must decide
T2_NY_A3-4_B1-2-5,T2,36,NY,New York,2023,362023,362301,3-4,1-2-5,2,3,0,74,31429223.599999987,1,0,1,32648.9,0.0,32648.9,0.17888682144581988,1790,2696,0.004086788527269983,73,74,71,76,0.9342105263157895,0.4024943310657596,0.40658111959302956,1790,2696,2019.208938547486,2020.7592729970327,2019.0,2022.0,2018,2022,2017,2024,0.900858848405999,2.3075875631942124,1.5503344495466536,0,0,0,,ELIGIBLE_DESIGN_ONLY_RANKING,1,6,0,0,D09C diagnostic only; mainline must decide
T2_NY_A3-5_B1-2-4,T2,36,NY,New York,2023,362023,362301,3-5,1-2-4,2,3,0,74,31429223.599999987,0,0,0,0.0,0.0,0.0,0.14588229781284842,1791,2695,0.0031579729528905163,71,76,71,76,0.9342105263157895,0.34580498866213155,0.34896296161502205,1791,2695,2020.0106085985483,2020.2270871985158,2021.0,2020.0,2018,2023,2017,2024,1.567262573970807,2.2748277657792118,0.2164785999675587,0,0,0,,ELIGIBLE_DESIGN_ONLY_RANKING,1,4,0,0,D09C diagnostic only; mainline must decide
T2_NY_A4-5_B1-2-3,T2,36,NY,New York,2023,362023,362301,4-5,1-2-3,2,3,0,74,31429223.599999987,2,0,2,92750.20000000001,0.0,92750.20000000001,0.161521913704096,1803,2683,0.007987813939664098,73,74,71,76,0.9342105263157895,0.4024943310657596,0.4104821450054237,1803,2683,2020.6638935108153,2019.7890421170332,2021.0,2019.0,2019,2023,2017,2024,0.9894895677246943,2.4270564931250718,0.8748513937821372,0,0,0,,ELIGIBLE_DESIGN_ONLY_RANKING,1,7,0,0,D09C diagnostic only; mainline must decide
T2_NC_A1-2_B3-4-5,T2,37,NC,North Carolina,2023,372023,372301,1-2,3-4-5,2,3,0,22,34444233.5,0,0,0,0.0,0.0,0.0,0.059244913582447746,2280,3422,0.0005845902022682764,78,81,77,82,0.9390243902439024,0.3773584905660377,0.37794308076830596,2280,3422,2020.6355263157895,2020.4760374050263,2022.0,2021.0,2015,2024,2016,2022,2.6122977104380913,1.421587342415854,0.1594889107632298,0,0,0,,ELIGIBLE_DESIGN_ONLY_RANKING,1,2,0,0,D09C diagnostic only; mainline must decide
T2_NC_A1-3_B2-4-5,T2,37,NC,North Carolina,2023,372023,372301,1-3,2-4-5,2,3,0,22,34444233.5,0,0,0,0.0,0.0,0.0,0.09259477119044246,2290,3412,0.006722787326084481,78,80,76,82,0.926829268292683,0.390295358649789,0.3970181459758735,2290,3412,2021.2659388646289,2020.0524618991794,2021.0,2021.0,2016,2024,2015,2022,1.9922351705695052,1.8279572025791861,1.2134769654494448,0,0,0,,ELIGIBLE_DESIGN_ONLY_RANKING,1,8,0,0,D09C diagnostic only; mainline must decide
T2_NC_A1-4_B2-3-5,T2,37,NC,North Carolina,2023,372023,372301,1-4,2-3-5,2,3,0,22,34444233.5,0,0,0,0.0,0.0,0.0,0.08951693414654055,2278,3424,0.0020460657079386683,77,81,76,82,0.926829268292683,0.3639240506329114,0.3659701163408501,2278,3424,2021.649692712906,2019.8014018691588,2022.0,2020.0,2016,2024,2015,2022,1.7957220898142183,1.7501682462446362,1.848290843747236,0,0,0,,ELIGIBLE_DESIGN_ONLY_RANKING,1,7,0,0,D09C diagnostic only; mainline must decide
T2_NC_A1-5_B2-3-4,T2,37,NC,North Carolina,2023,372023,372301,1-5,2-3-4,2,3,0,22,34444233.5,0,0,0,0.0,0.0,0.0,0.07721605571117411,2277,3425,0.002776803460774064,77,80,75,82,0.9146341463414634,0.3768577494692144,0.3796345529299885,2277,3425,2022.4743083003953,2019.2537226277373,2022.0,2020.0,2021,2024,2015,2021,0.7603264016662791,1.4296708819698465,3.2205856726579896,0,0,0,,ELIGIBLE_DESIGN_ONLY_RANKING,1,4,0,0,D09C diagnostic only; mainline must decide
T2_NC_A2-3_B1-4-5,T2,37,NC,North Carolina,2023,372023,372301,2-3,1-4-5,2,3,0,22,34444233.5,0,0,0,0.0,0.0,0.0,0.07018800202706656,2288,3414,0.005261311820413889,79,79,76,82,0.926829268292683,0.4166666666666667,0.4219279784870806,2288,3414,2018.7937062937062,2021.7100175746925,2019.0,2022.0,2015,2021,2016,2024,1.2053352774287136,1.4850477937051354,2.9163112809862923,0,0,0,,ELIGIBLE_DESIGN_ONLY_RANKING,1,3,0,0,D09C diagnostic only; mainline must decide
T2_NC_A2-4_B1-3-5,T2,37,NC,North Carolina,2023,372023,372301,2-4,1-3-5,2,3,0,22,34444233.5,0,0,0,0.0,0.0,0.0,0.08035682676738555,2276,3426,0.0035075412136092595,78,80,76,82,0.926829268292683,0.390295358649789,0.3938028998633982,2276,3426,2019.164762741652,2021.4532983070637,2019.0,2022.0,2015,2021,2016,2024,1.6037338262448586,1.6643122012998863,2.288535565411621,0,0,0,,ELIGIBLE_DESIGN_ONLY_RANKING,1,5,0,0,D09C diagnostic only; mainline must decide
T2_NC_A2-5_B1-3-4,T2,37,NC,North Carolina,2023,372023,372301,2-5,1-3-4,2,3,0,22,34444233.5,0,0,0,0.0,0.0,0.0,0.10349229396672857,2275,3427,0.0042382789664444556,79,79,76,82,0.926829268292683,0.4166666666666667,0.42090494563311115,2275,3427,2019.989010989011,2020.9054566676393,2019.0,2021.0,2015,2022,2016,2024,2.006226595276373,1.8870134083062569,0.9164456786284063,0,0,0,,ELIGIBLE_DESIGN_ONLY_RANKING,1,10,0,0,D09C diagnostic only; mainline must decide
T2_NC_A3-4_B1-2-5,T2,37,NC,North Carolina,2023,372023,372301,3-4,1-2-5,2,3,0,22,34444233.5,0,0,0,0.0,0.0,0.0,0.09495982589191626,2286,3416,0.0037998363147432983,79,80,77,82,0.9390243902439024,0.4035639412997903,0.4073637776145336,2286,3416,2019.8027121609798,2021.0330796252927,2020.0,2022.0,2016,2021,2015,2024,1.2607564650472316,2.217675698971837,1.2303674643128488,0,0,0,,ELIGIBLE_DESIGN_ONLY_RANKING,1,9,0,0,D09C diagnostic only; mainline must decide
T2_NC_A3-5_B1-2-4,T2,37,NC,North Carolina,2023,372023,372301,3-5,1-2-4,2,3,0,22,34444233.5,0,0,0,0.0,0.0,0.0,0.08225838758089206,2285,3417,0.0030690985619081022,79,78,75,82,0.9146341463414634,0.4299363057324841,0.4330054042943922,2285,3417,2020.6236323851203,2020.4837576821774,2021.0,2021.0,2016,2022,2015,2024,1.4108541976677957,2.2908629061150365,0.13987470294296145,0,0,0,,ELIGIBLE_DESIGN_ONLY_RANKING,1,6,0,0,D09C diagnostic only; mainline must decide
T2_NC_A4-5_B1-2-3,T2,37,NC,North Carolina,2023,372023,372301,4-5,1-2-3,2,3,0,22,34444233.5,0,0,0,0.0,0.0,0.0,0.052506250816799396,2273,3429,0.005699754472115047,79,80,77,82,0.9390243902439024,0.4035639412997903,0.40926369577190536,2273,3429,2021.0048394192697,2020.2315543890347,2021.0,2020.0,2016,2022,2015,2024,1.3146899513971315,2.2759040297424993,0.7732850302350016,0,0,0,,ELIGIBLE_DESIGN_ONLY_RANKING,1,1,1,0,D09C diagnostic only; mainline must decide
T2_ND_A1-2_B3-4-5,T2,38,ND,North Dakota,2023,382023,382301,1-2,3-4-5,2,3,0,9,45246938.800000004,0,0,0,0.0,0.0,0.0,0.032897492630018635,3039,4557,0.0003291205897840969,87,88,87,88,0.9886363636363636,0.4047619047619048,0.4050910253516889,3039,4557,2021.923000987167,2018.734693877551,2022.0,2019.0,2021,2024,2017,2024,0.8019853227248258,1.4635042868473398,3.1883071096158346,0,0,0,,ELIGIBLE_DESIGN_ONLY_RANKING,1,10,0,0,D09C diagnostic only; mainline must decide
T2_ND_A1-3_B2-4-5,T2,38,ND,North Dakota,2023,382023,382301,1-3,2-4-5,2,3,0,9,45246938.800000004,0,0,0,0.0,0.0,0.0,0.014139156530069032,3035,4561,0.0018650166754431657,87,88,87,88,0.9886363636363636,0.4047619047619048,0.40662692143734797,3035,4561,2019.6675453047776,2020.2383249287436,2021.0,2020.0,2017,2024,2018,2024,2.2283569191603054,1.7884829405416995,0.5707796239660183,0,0,0,,ELIGIBLE_DESIGN_ONLY_RANKING,1,3,0,0,D09C diagnostic only; mainline must decide
T2_ND_A1-4_B2-3-5,T2,38,ND,North Dakota,2023,382023,382301,1-4,2-3-5,2,3,0,9,45246938.800000004,0,0,0,0.0,0.0,0.0,0.015965527951731916,3045,4551,0.003620326487625066,88,88,88,88,1.0,0.4166666666666667,0.42028699315429174,3045,4551,2019.8699507389163,2020.1041529334211,2021.0,2020.0,2018,2022,2017,2024,1.4880713263184604,2.2680112559345442,0.23420219450486002,0,0,0,,ELIGIBLE_DESIGN_ONLY_RANKING,1,4,0,0,D09C diagnostic only; mainline must decide
T2_ND_A1-5_B2-3-4,T2,38,ND,North Dakota,2023,382023,382301,1-5,2-3-4,2,3,0,9,45246938.800000004,0,0,0,0.0,0.0,0.0,0.009247862507269902,3046,4550,0.004168860803931844,87,88,87,88,0.9886363636363636,0.4047619047619048,0.4089307655658367,3046,4550,2020.4878529218647,2019.6905494505495,2020.5,2019.0,2019,2022,2017,2024,0.913149794841485,2.415705446492786,0.7973034713152174,0,0,0,,ELIGIBLE_DESIGN_ONLY_RANKING,1,1,1,0,D09C diagnostic only; mainline must decide
T2_ND_A2-3_B1-4-5,T2,38,ND,North Dakota,2023,382023,382301,2-3,1-4-5,2,3,0,9,45246938.800000004,0,0,0,0.0,0.0,0.0,0.016734751472439774,3028,4568,0.005704756889591062,87,88,87,88,0.9886363636363636,0.4047619047619048,0.41046666165149587,3028,4568,2020.3094451783356,2019.811952714536,2022.0,2020.0,2017,2024,2018,2022,2.7385253210852687,1.2462747100452038,0.49749246379974466,0,0,0,,ELIGIBLE_DESIGN_ONLY_RANKING,1,5,0,0,D09C diagnostic only; mainline must decide
T2_ND_A2-4_B1-3-5,T2,38,ND,North Dakota,2023,382023,382301,2-4,1-3-5,2,3,0,9,45246938.800000004,0,0,0,0.0,0.0,0.0,0.017449661063327963,3038,4558,0.00021941372652268138,88,88,88,88,1.0,0.4166666666666667,0.41688608039318936,3038,4558,2020.5102040816328,2019.6770513383062,2019.0,2020.0,2018,2024,2017,2024,2.115466950656097,1.8376394998235026,0.8331527433265364,0,0,0,,ELIGIBLE_DESIGN_ONLY_RANKING,1,6,0,0,D09C diagnostic only; mainline must decide
T2_ND_A2-5_B1-3-4,T2,38,ND,North Dakota,2023,382023,382301,2-5,1-3-4,2,3,0,9,45246938.800000004,0,0,0,0.0,0.0,0.0,0.00983097257833617,3039,4557,0.0003291205897840969,88,88,88,88,1.0,0.4166666666666667,0.41699578725645076,3039,4557,2021.1293188548864,2019.2639894667545,2020.0,2019.0,2019,2024,2017,2024,1.5155739336189376,1.9273128513373978,1.8653293881318405,0,0,0,,ELIGIBLE_DESIGN_ONLY_RANKING,1,2,0,0,D09C diagnostic only; mainline must decide
T2_ND_A3-4_B1-2-5,T2,38,ND,North Dakota,2023,382023,382301,3-4,1-2-5,2,3,0,9,45246938.800000004,0,0,0,0.0,0.0,0.0,0.01886998519460432,3034,4562,0.0024135509917500935,88,88,88,88,1.0,0.4166666666666667,0.4190802176584168,3034,4562,2018.2521423862888,2021.1795265234546,2018.0,2021.0,2017,2024,2019,2024,1.553752896314441,1.2658092813989912,2.9273841371657454,0,0,0,,ELIGIBLE_DESIGN_ONLY_RANKING,1,7,0,0,D09C diagnostic only; mainline must decide
T2_ND_A3-5_B1-2-4,T2,38,ND,North Dakota,2023,382023,382301,3-5,1-2-4,2,3,0,9,45246938.800000004,0,0,0,0.0,0.0,0.0,0.02688789117274187,3035,4561,0.0018650166754431657,88,88,88,88,1.0,0.4166666666666667,0.41853168334210983,3035,4561,2018.872817133443,2020.7671563253673,2019.0,2021.0,2017,2024,2018,2024,1.7420038065969055,1.783127551101047,1.8943391919242458,0,0,0,,ELIGIBLE_DESIGN_ONLY_RANKING,1,9,0,0,D09C diagnostic only; mainline must decide
T2_ND_A4-5_B1-2-3,T2,38,ND,North Dakota,2023,382023,382301,4-5,1-2-3,2,3,0,9,45246938.800000004,0,0,0,0.0,0.0,0.0,0.026232976825412174,3045,4551,0.003620326487625066,88,87,87,88,0.9886363636363636,0.42857142857142855,0.4321917550590536,3045,4551,2019.0778325123154,2020.6341463414635,2019.0,2021.0,2018,2020,2017,2024,0.782645555303901,2.2948510765220984,1.5563138291481664,0,0,0,,ELIGIBLE_DESIGN_ONLY_RANKING,1,8,0,0,D09C diagnostic only; mainline must decide
T2_OH_A1-2_B3-4-5,T2,39,OH,Ohio,2023,392023,392301,1-2,3-4-5,2,3,0,46,26448518.099999983,0,0,0,0.0,0.0,0.0,0.11791881971812972,1665,2403,0.03871681415929203,56,56,56,56,1.0,0.41666666666666663,0.45538348082595864,1665,2403,2020.3567567567568,2019.953391593841,2022.0,2020.0,2017,2024,2018,2023,2.7946642247143267,1.2867058448236446,0.4033651629158612,0,0,0,,ELIGIBLE_DESIGN_ONLY_RANKING,1,7,0,0,D09C diagnostic only; mainline must decide
T2_OH_A1-3_B2-4-5,T2,39,OH,Ohio,2023,392023,392301,1-3,2-4-5,2,3,0,46,26448518.099999983,0,0,0,0.0,0.0,0.0,0.12411463553394768,1641,2427,0.014134709931170109,56,56,56,56,1.0,0.41666666666666663,0.43080137659783674,1641,2427,2020.6831200487507,2019.7367119901112,2022.0,2020.0,2018,2024,2017,2024,2.1389566674464575,1.8994465894353316,0.946408058639463,0,0,0,,ELIGIBLE_DESIGN_ONLY_RANKING,1,8,0,0,D09C diagnostic only; mainline must decide
T2_OH_A1-4_B2-3-5,T2,39,OH,Ohio,2023,392023,392301,1-4,2-3-5,2,3,0,46,26448518.099999983,0,0,0,0.0,0.0,0.0,0.09447103837543461,1629,2439,0.0018436578171091445,56,56,56,56,1.0,0.41666666666666663,0.4185103244837758,1629,2439,2021.3216697360344,2019.3148831488315,2022.0,2019.0,2019,2024,2017,2024,1.5345018676325568,1.9600365114479241,2.006786587202896,0,0,0,,ELIGIBLE_DESIGN_ONLY_RANKING,1,1,1,0,D09C diagnostic only; mainline must decide
T2_OH_A1-5_B2-3-4,T2,39,OH,Ohio,2023,392023,392301,1-5,2-3-4,2,3,0,46,26448518.099999983,0,0,0,0.0,0.0,0.0,0.09965662590902767,1632,2436,0.004916420845624385,56,56,56,56,1.0,0.41666666666666663,0.421583087512291,1632,2436,2022.0741421568628,2018.80829228243,2022.0,2019.0,2021,2024,2017,2024,0.8591944379302087,1.5036536605757995,3.2658498744326607,0,0,0,,ELIGIBLE_DESIGN_ONLY_RANKING,1,2,0,0,D09C diagnostic only; mainline must decide
T2_OH_A2-3_B1-4-5,T2,39,OH,Ohio,2023,392023,392301,2-3,1-4-5,2,3,0,46,26448518.099999983,0,0,0,0.0,0.0,0.0,0.11230938540167289,1640,2428,0.013110455588331647,56,56,56,56,1.0,0.41666666666666663,0.42977712225499826,1640,2428,2018.293292682927,2021.3513179571664,2018.0,2021.0,2017,2024,2019,2024,1.5437342543801216,1.295506764195484,3.058025274239526,0,0,0,,ELIGIBLE_DESIGN_ONLY_RANKING,1,5,0,0,D09C diagnostic only; mainline must decide
T2_OH_A2-4_B1-3-5,T2,39,OH,Ohio,2023,392023,392301,2-4,1-3-5,2,3,0,46,26448518.099999983,1,0,1,11828.5,0.0,11828.5,0.09946190550073342,1628,2440,0.0008194034742706843,56,56,56,56,1.0,0.41666666666666663,0.4174860701409373,1628,2440,2018.9146191646191,2020.9217213114755,2019.0,2021.0,2017,2024,2018,2024,1.783474655348507,1.8138061899857403,2.0071021468563686,0,0,0,,ELIGIBLE_DESIGN_ONLY_RANKING,1,9,0,0,D09C diagnostic only; mainline must decide
T2_OH_A2-5_B1-3-4,T2,39,OH,Ohio,2023,392023,392301,2-5,1-3-4,2,3,0,46,26448518.099999983,0,0,0,0.0,0.0,0.0,0.11573235006476573,1631,2437,0.003892166502785925,56,56,56,56,1.0,0.41666666666666663,0.42055883316945253,1631,2437,2019.671980380135,2020.4173163725893,2021.0,2020.0,2017,2024,2018,2024,2.2786700328554,1.8264824881690354,0.7453359924543292,0,0,0,,ELIGIBLE_DESIGN_ONLY_RANKING,1,6,0,0,D09C diagnostic only; mainline must decide
T2_OH_A3-4_B1-2-5,T2,39,OH,Ohio,2023,392023,392301,3-4,1-2-5,2,3,0,46,26448518.099999983,0,0,0,0.0,0.0,0.0,0.1091264863069373,1604,2464,0.023762700753851243,56,56,56,56,1.0,0.41666666666666663,0.44042936742051786,1604,2464,2019.2269326683293,2020.6988636363637,2019.0,2022.0,2018,2022,2017,2024,0.8635534635211871,2.3698399995142143,1.471930968034485,0,0,0,,ELIGIBLE_DESIGN_ONLY_RANKING,1,4,0,0,D09C diagnostic only; mainline must decide
T2_OH_A3-5_B1-2-4,T2,39,OH,Ohio,2023,392023,392301,3-5,1-2-4,2,3,0,46,26448518.099999983,0,0,0,0.0,0.0,0.0,0.1013597277980351,1607,2461,0.020689937725336,56,56,56,56,1.0,0.41666666666666663,0.43735660439200263,1607,2461,2019.9950217797139,2020.1991060544494,2020.0,2020.0,2018,2023,2017,2024,1.5178391630637553,2.333255344223925,0.20408427473557822,0,0,0,,ELIGIBLE_DESIGN_ONLY_RANKING,1,3,0,0,D09C diagnostic only; mainline must decide
T2_OH_A4-5_B1-2-3,T2,39,OH,Ohio,2023,392023,392301,4-5,1-2-3,2,3,0,46,26448518.099999983,2,0,2,50859.5,0.0,50859.5,0.12456741635394625,1595,2473,0.032980989839396964,55,56,55,56,0.9821428571428571,0.39789789789789787,0.4308788877372948,1595,2473,2020.6420062695925,2019.7808329963607,2021.0,2019.0,2019,2023,2017,2024,0.9546115963234456,2.460136178712568,0.8611732732317705,0,0,0,,ELIGIBLE_DESIGN_ONLY_RANKING,1,10,0,0,D09C diagnostic only; mainline must decide
T2_OK_A1-2_B3-4-5,T2,40,OK,Oklahoma,2023,402023,402301,1-2,3-4-5,2,3,0,26,44735345.18,0,0,0,0.0,0.0,0.0,0.054115956171868436,2927,4371,0.00445327486982735,98,97,95,100,0.95,0.4273504273504273,0.4318037022202546,2927,4371,2019.8261018107278,2019.6675817890643,2021.0,2019.0,2015,2023,2014,2025,2.4474299032088993,3.3243432048443884,0.15852002166343482,0,0,0,,ELIGIBLE_DESIGN_ONLY_RANKING,1,6,0,0,D09C diagnostic only; mainline must decide
T2_OK_A1-3_B2-4-5,T2,40,OK,Oklahoma,2023,402023,402301,1-3,2-4-5,2,3,0,26,44735345.18,0,0,0,0.0,0.0,0.0,0.053854906268715017,2939,4359,0.011304466977254042,99,98,97,100,0.97,0.4272419627749578,0.43854642975221186,2939,4359,2020.4127254168084,2019.2716219316358,2021.0,2019.0,2016,2024,2014,2025,2.2818999575813104,3.3284482970750533,1.1411034851726072,0,0,0,,ELIGIBLE_DESIGN_ONLY_RANKING,1,5,0,0,D09C diagnostic only; mainline must decide
T2_OK_A1-4_B2-3-5,T2,40,OK,Oklahoma,2023,402023,402301,1-4,2-3-5,2,3,0,26,44735345.18,0,0,0,0.0,0.0,0.0,0.07498350086188144,2938,4360,0.010733534301635204,98,98,96,100,0.96,0.4166666666666667,0.4274002009683019,2938,4360,2020.8311776718856,2018.9899082568807,2021.0,2019.0,2017,2025,2014,2024,2.1499985450466825,3.2604168375250397,1.8412694150049447,0,0,0,,ELIGIBLE_DESIGN_ONLY_RANKING,1,10,0,0,D09C diagnostic only; mainline must decide
T2_OK_A1-5_B2-3-4,T2,40,OK,Oklahoma,2023,402023,402301,1-5,2-3-4,2,3,0,26,44735345.18,0,0,0,0.0,0.0,0.0,0.051046763760225045,2925,4373,0.0033114095185895163,100,97,97,100,0.97,0.44839255499153974,0.45170396451012923,2925,4373,2018.7839316239317,2020.3647381660187,2019.0,2022.0,2014,2022,2015,2025,2.4494509830658235,3.1702688282056504,1.5808065420869752,0,0,0,,ELIGIBLE_DESIGN_ONLY_RANKING,1,3,0,0,D09C diagnostic only; mainline must decide
T2_OK_A2-3_B1-4-5,T2,40,OK,Oklahoma,2023,402023,402301,2-3,1-4-5,2,3,0,26,44735345.18,0,0,0,0.0,0.0,0.0,0.07043591707550885,2912,4386,0.004110715264456015,97,100,97,100,0.97,0.3849407783417935,0.3890514936062495,2912,4386,2019.8866758241759,2019.6279069767443,2021.0,2020.0,2015,2024,2014,2025,3.2304483121518475,2.8400436899833124,0.258768847431611,0,0,0,,ELIGIBLE_DESIGN_ONLY_RANKING,1,9,0,0,D09C diagnostic only; mainline must decide
T2_OK_A2-4_B1-3-5,T2,40,OK,Oklahoma,2023,402023,402301,2-4,1-3-5,2,3,0,26,44735345.18,0,0,0,0.0,0.0,0.0,0.0406422662556289,2911,4387,0.0046816479400748545,97,100,97,100,0.97,0.3849407783417935,0.3896224262818684,2911,4387,2020.3088285812435,2019.3478459083656,2021.0,2020.0,2015,2025,2014,2024,3.2078813546298974,2.7966165450918297,0.9609826728778899,0,0,0,,ELIGIBLE_DESIGN_ONLY_RANKING,1,1,1,0,D09C diagnostic only; mainline must decide
T2_OK_A2-5_B1-3-4,T2,40,OK,Oklahoma,2023,402023,402301,2-5,1-3-4,2,3,0,26,44735345.18,0,0,0,0.0,0.0,0.0,0.05702347738469168,2898,4400,0.012103772723120543,98,99,97,100,0.97,0.40609137055837563,0.41819514328149615,2898,4400,2018.24016563147,2020.7131818181817,2018.0,2021.0,2014,2023,2016,2025,3.0816102869799202,2.5079113491056306,2.473016186711675,0,0,0,,ELIGIBLE_DESIGN_ONLY_RANKING,1,7,0,0,D09C diagnostic only; mainline must decide
T2_OK_A3-4_B1-2-5,T2,40,OK,Oklahoma,2023,402023,402301,3-4,1-2-5,2,3,0,26,44735345.18,0,0,0,0.0,0.0,0.0,0.04681031606224012,2923,4375,0.002169544167351838,96,100,96,100,0.96,0.3741496598639455,0.3763192040312973,2923,4375,2020.8966814916182,2018.9524571428572,2022.0,2020.0,2016,2025,2014,2023,2.986210483110947,2.7543917247910166,1.944224348761054,0,0,0,,ELIGIBLE_DESIGN_ONLY_RANKING,1,2,0,0,D09C diagnostic only; mainline must decide
T2_OK_A3-5_B1-2-4,T2,40,OK,Oklahoma,2023,402023,402301,3-5,1-2-4,2,3,0,26,44735345.18,0,0,0,0.0,0.0,0.0,0.06050260764209212,2910,4388,0.00525258061569385,97,99,96,100,0.96,0.3954081632653061,0.4006607438809999,2910,4388,2018.839175257732,2020.3226982680037,2018.0,2021.0,2014,2024,2015,2025,3.251185574306138,2.669597646873936,1.4835230102717105,0,0,0,,ELIGIBLE_DESIGN_ONLY_RANKING,1,8,0,0,D09C diagnostic only; mainline must decide
T2_OK_A4-5_B1-2-3,T2,40,OK,Oklahoma,2023,402023,402301,4-5,1-2-3,2,3,0,26,44735345.18,0,0,0,0.0,0.0,0.0,0.053092573017386444,2909,4389,0.005823513291312689,97,99,96,100,0.96,0.3954081632653061,0.4012316765566188,2909,4389,2019.2612581643177,2020.0426065162908,2019.0,2021.0,2014,2025,2015,2024,3.363032493138184,2.6965588228870985,0.7813483519730653,0,0,0,,ELIGIBLE_DESIGN_ONLY_RANKING,1,4,0,0,D09C diagnostic only; mainline must decide
T2_OR_A1-2_B3-4-5,T2,41,OR,Oregon,2023,412023,,1-2,3-4-5,2,3,0,,,,,,,,,,,,,,,,,,,,,,,,,,,,,,,,,,,,,NOT_AUDITABLE_FRAME_FAIL,0,,0,0,D09C diagnostic only; mainline must decide
T2_OR_A1-3_B2-4-5,T2,41,OR,Oregon,2023,412023,,1-3,2-4-5,2,3,0,,,,,,,,,,,,,,,,,,,,,,,,,,,,,,,,,,,,,NOT_AUDITABLE_FRAME_FAIL,0,,0,0,D09C diagnostic only; mainline must decide
T2_OR_A1-4_B2-3-5,T2,41,OR,Oregon,2023,412023,,1-4,2-3-5,2,3,0,,,,,,,,,,,,,,,,,,,,,,,,,,,,,,,,,,,,,NOT_AUDITABLE_FRAME_FAIL,0,,0,0,D09C diagnostic only; mainline must decide
T2_OR_A1-5_B2-3-4,T2,41,OR,Oregon,2023,412023,,1-5,2-3-4,2,3,0,,,,,,,,,,,,,,,,,,,,,,,,,,,,,,,,,,,,,NOT_AUDITABLE_FRAME_FAIL,0,,0,0,D09C diagnostic only; mainline must decide
T2_OR_A2-3_B1-4-5,T2,41,OR,Oregon,2023,412023,,2-3,1-4-5,2,3,0,,,,,,,,,,,,,,,,,,,,,,,,,,,,,,,,,,,,,NOT_AUDITABLE_FRAME_FAIL,0,,0,0,D09C diagnostic only; mainline must decide
T2_OR_A2-4_B1-3-5,T2,41,OR,Oregon,2023,412023,,2-4,1-3-5,2,3,0,,,,,,,,,,,,,,,,,,,,,,,,,,,,,,,,,,,,,NOT_AUDITABLE_FRAME_FAIL,0,,0,0,D09C diagnostic only; mainline must decide
T2_OR_A2-5_B1-3-4,T2,41,OR,Oregon,2023,412023,,2-5,1-3-4,2,3,0,,,,,,,,,,,,,,,,,,,,,,,,,,,,,,,,,,,,,NOT_AUDITABLE_FRAME_FAIL,0,,0,0,D09C diagnostic only; mainline must decide
T2_OR_A3-4_B1-2-5,T2,41,OR,Oregon,2023,412023,,3-4,1-2-5,2,3,0,,,,,,,,,,,,,,,,,,,,,,,,,,,,,,,,,,,,,NOT_AUDITABLE_FRAME_FAIL,0,,0,0,D09C diagnostic only; mainline must decide
T2_OR_A3-5_B1-2-4,T2,41,OR,Oregon,2023,412023,,3-5,1-2-4,2,3,0,,,,,,,,,,,,,,,,,,,,,,,,,,,,,,,,,,,,,NOT_AUDITABLE_FRAME_FAIL,0,,0,0,D09C diagnostic only; mainline must decide
T2_OR_A4-5_B1-2-3,T2,41,OR,Oregon,2023,412023,,4-5,1-2-3,2,3,0,,,,,,,,,,,,,,,,,,,,,,,,,,,,,,,,,,,,,NOT_AUDITABLE_FRAME_FAIL,0,,0,0,D09C diagnostic only; mainline must decide
T2_PA_A1-2_B3-4-5,T2,42,PA,Pennsylvania,2023,422023,422301,1-2,3-4-5,2,3,0,61,28996035.9,0,0,0,0.0,0.0,0.0,0.18562967994365312,1761,2660,0.006974289376460788,60,64,60,64,0.9375,0.34946236559139787,0.35643665496785865,1761,2660,2022.038614423623,2018.806015037594,2022.0,2019.0,2021,2024,2017,2024,0.8438865105709766,1.4781731199763852,3.2325993860288236,0,0,0,,ELIGIBLE_DESIGN_ONLY_RANKING,1,5,0,0,D09C diagnostic only; mainline must decide
T2_PA_A1-3_B2-4-5,T2,42,PA,Pennsylvania,2023,422023,422301,1-3,2-4-5,2,3,0,61,28996035.9,1,0,1,47563.3,0.0,47563.3,0.1604949646140075,1746,2675,0.021111362436854363,63,63,62,64,0.96875,0.4166666666666667,0.43777802910352104,1746,2675,2019.7640320733103,2020.3087850467289,2021.0,2020.0,2017,2024,2018,2024,2.2506008384905276,1.8328572165993973,0.5447529734185537,0,0,0,,ELIGIBLE_DESIGN_ONLY_RANKING,1,9,0,0,D09C diagnostic only; mainline must decide
T2_PA_A1-4_B2-3-5,T2,42,PA,Pennsylvania,2023,422023,422301,1-4,2-3-5,2,3,0,61,28996035.9,0,0,0,0.0,0.0,0.0,0.1418575855034068,1776,2645,0.007162783683932788,62,64,62,64,0.96875,0.38359788359788366,0.39076066728181647,1776,2645,2019.911599099099,2020.2158790170133,2020.0,2020.0,2018,2023,2017,2024,1.5450276552625033,2.2845707794850867,0.3042799179143003,0,0,0,,ELIGIBLE_DESIGN_ONLY_RANKING,1,1,1,0,D09C diagnostic only; mainline must decide
T2_PA_A1-5_B2-3-4,T2,42,PA,Pennsylvania,2023,422023,422301,1-5,2-3-4,2,3,0,61,28996035.9,2,0,2,34968.5,0.0,34968.5,0.18084422427131755,1733,2688,0.03336349242252884,61,63,60,64,0.9375,0.38306451612903225,0.4164280085515611,1733,2688,2020.5833814195037,2019.7779017857142,2021.0,2019.0,2019,2023,2017,2024,0.9656936936616556,2.427697097896151,0.8054796337894459,0,0,0,,ELIGIBLE_DESIGN_ONLY_RANKING,1,7,0,0,D09C diagnostic only; mainline must decide
T2_PA_A2-3_B1-4-5,T2,42,PA,Pennsylvania,2023,422023,422301,2-3,1-4-5,2,3,0,61,28996035.9,1,0,1,69519.9,0.0,69519.9,0.19483563562973213,1777,2644,0.008105255221292273,63,63,62,64,0.96875,0.4166666666666667,0.424771921887959,1777,2644,2020.4310635903207,2019.8668683812405,2022.0,2020.0,2017,2024,2018,2023,2.7383871603117593,1.3018130594847817,0.5641952090802533,0,0,0,,ELIGIBLE_DESIGN_ONLY_RANKING,1,10,0,0,D09C diagnostic only; mainline must decide
T2_PA_A2-4_B1-3-5,T2,42,PA,Pennsylvania,2023,422023,422301,2-4,1-3-5,2,3,0,61,28996035.9,0,0,0,0.0,0.0,0.0,0.14987706171730555,1807,2614,0.036379401342079426,62,64,62,64,0.96875,0.38359788359788366,0.4199772849399631,1807,2614,2020.5650249031544,2019.7677888293802,2020.0,2020.0,2018,2024,2017,2024,2.154871579665513,1.8630953569279367,0.7972360737742292,0,0,0,,ELIGIBLE_DESIGN_ONLY_RANKING,1,2,0,0,D09C diagnostic only; mainline must decide
T2_PA_A2-5_B1-3-4,T2,42,PA,Pennsylvania,2023,422023,422301,2-5,1-3-4,2,3,0,61,28996035.9,0,0,0,0.0,0.0,0.0,0.17057884061031944,1764,2657,0.0041468747643820724,61,63,60,64,0.9375,0.38306451612903225,0.38721139089341433,1764,2657,2021.2409297052154,2019.3319533308243,2022.0,2019.0,2019,2024,2017,2024,1.5435821931840334,1.9472734609078683,1.908976374391159,0,0,0,,ELIGIBLE_DESIGN_ONLY_RANKING,1,4,0,0,D09C diagnostic only; mainline must decide
T2_PA_A3-4_B1-2-5,T2,42,PA,Pennsylvania,2023,422023,422301,3-4,1-2-5,2,3,0,61,28996035.9,0,0,0,0.0,0.0,0.0,0.16599634678211342,1792,2629,0.02224232828168585,63,61,60,64,0.9375,0.4502688172043011,0.472511145485987,1792,2629,2018.3364955357142,2021.2913655382274,2018.0,2021.0,2017,2024,2019,2024,1.5617019578028275,1.3031419118263203,2.9548700025131893,0,0,0,,ELIGIBLE_DESIGN_ONLY_RANKING,1,3,0,0,D09C diagnostic only; mainline must decide
T2_PA_A3-5_B1-2-4,T2,42,PA,Pennsylvania,2023,422023,422301,3-5,1-2-4,2,3,0,61,28996035.9,1,0,1,36329.100000000006,0.0,36329.100000000006,0.1597393613476741,1749,2672,0.01828394782477565,63,62,61,64,0.953125,0.4333333333333333,0.45161728115810895,1749,2672,2018.963407661521,2020.8334580838323,2019.0,2021.0,2017,2024,2018,2024,1.7578945973876794,1.8393845160048046,1.8700504223113512,0,0,0,,ELIGIBLE_DESIGN_ONLY_RANKING,1,8,0,0,D09C diagnostic only; mainline must decide
T2_PA_A4-5_B1-2-3,T2,42,PA,Pennsylvania,2023,422023,422301,4-5,1-2-3,2,3,0,61,28996035.9,0,0,0,0.0,0.0,0.0,0.19428772628847835,1779,2642,0.009990198296011502,63,63,62,64,0.96875,0.4166666666666667,0.4266568649626782,1779,2642,2019.124227093873,2020.7464042392128,2019.0,2022.0,2018,2021,2017,2024,0.8322607386815586,2.311102128464044,1.6221771453397196,0,0,0,,ELIGIBLE_DESIGN_ONLY_RANKING,1,6,0,0,D09C diagnostic only; mainline must decide
T2_RI_A1-2_B3-4-5,T2,44,RI,Rhode Island,2023,442023,442301,1-2,3-4-5,2,3,0,8,781730.1,0,0,0,0.0,0.0,0.0,0.24818865436334792,97,139,0.04590395480225983,6,5,5,6,0.8333333333333334,0.606060606060606,0.6519645608628658,97,139,2022.1030927835052,2019.0287769784172,2022.0,2019.0,2021,2023,2017,2023,0.6994720640489367,1.5272521789203284,3.074315805087963,0,0,0,,ELIGIBLE_DESIGN_ONLY_RANKING,1,6,0,0,D09C diagnostic only; mainline must decide
T2_RI_A1-3_B2-4-5,T2,44,RI,Rhode Island,2023,442023,442301,1-3,2-4-5,2,3,0,8,781730.1,0,0,0,0.0,0.0,0.0,0.18303281055777226,88,148,0.11299435028248592,6,5,5,6,0.8333333333333334,0.606060606060606,0.7190549563430919,88,148,2019.965909090909,2020.4864864864865,2021.0,2020.0,2017,2023,2018,2023,2.194291777643449,1.797528486472492,0.5205773955774475,0,0,0,,ELIGIBLE_DESIGN_ONLY_RANKING,1,3,0,0,D09C diagnostic only; mainline must decide
T2_RI_A1-4_B2-3-5,T2,44,RI,Rhode Island,2023,442023,442301,1-4,2-3-5,2,3,0,8,781730.1,0,0,0,0.0,0.0,0.0,0.40831705188465683,91,145,0.060028248587570665,6,5,5,6,0.8333333333333334,0.606060606060606,0.6660888546481767,91,145,2019.989010989011,2020.4827586206898,2019.0,2020.0,2018,2022,2017,2023,1.5811002181638898,2.157362871513963,0.4937476316788434,0,0,0,,ELIGIBLE_DESIGN_ONLY_RANKING,1,10,0,0,D09C diagnostic only; mainline must decide
T2_RI_A1-5_B2-3-4,T2,44,RI,Rhode Island,2023,442023,442301,1-5,2-3-4,2,3,0,8,781730.1,0,0,0,0.0,0.0,0.0,0.19686054197841166,89,147,0.09533898305084745,6,5,5,6,0.8333333333333334,0.606060606060606,0.7013995891114534,89,147,2020.7865168539327,2019.9931972789116,2021.0,2019.0,2019,2022,2017,2023,1.060359181345037,2.3039471747638083,0.7933195750210871,0,0,0,,ELIGIBLE_DESIGN_ONLY_RANKING,1,5,0,0,D09C diagnostic only; mainline must decide
T2_RI_A2-3_B1-4-5,T2,44,RI,Rhode Island,2023,442023,442301,2-3,1-4-5,2,3,0,8,781730.1,0,0,0,0.0,0.0,0.0,0.2848523978151901,99,137,0.08121468926553677,5,6,5,6,0.8333333333333334,0.22727272727272727,0.30848741653826406,99,137,2020.6767676767677,2020.014598540146,2022.0,2020.0,2017,2023,2018,2022,2.5145628208833912,1.3931840460521803,0.6621691366217419,0,0,0,,ELIGIBLE_DESIGN_ONLY_RANKING,1,7,0,0,D09C diagnostic only; mainline must decide
T2_RI_A2-4_B1-3-5,T2,44,RI,Rhode Island,2023,442023,442301,2-4,1-3-5,2,3,0,8,781730.1,0,0,0,0.0,0.0,0.0,0.1950091069663136,102,134,0.13418079096045202,5,6,5,6,0.8333333333333334,0.22727272727272727,0.3614535182331793,102,134,2020.6764705882354,2020.0,2022.0,2020.0,2018,2023,2017,2023,2.049688528406894,1.855696371327053,0.676470588235361,0,0,0,,ELIGIBLE_DESIGN_ONLY_RANKING,1,4,0,0,D09C diagnostic only; mainline must decide
T2_RI_A2-5_B1-3-4,T2,44,RI,Rhode Island,2023,442023,442301,2-5,1-3-4,2,3,0,8,781730.1,0,0,0,0.0,0.0,0.0,0.29410437932396427,100,136,0.09887005649717509,5,6,5,6,0.8333333333333334,0.22727272727272727,0.32614278376990236,100,136,2021.4,2019.4779411764705,2022.0,2019.0,2019,2023,2017,2023,1.4354811251305468,1.9089144161973353,1.9220588235295963,0,0,0,,ELIGIBLE_DESIGN_ONLY_RANKING,1,8,0,0,D09C diagnostic only; mainline must decide
T2_RI_A3-4_B1-2-5,T2,44,RI,Rhode Island,2023,442023,442301,3-4,1-2-5,2,3,0,8,781730.1,0,0,0,0.0,0.0,0.0,0.15597241024760777,93,143,0.024717514124293734,5,6,5,6,0.8333333333333334,0.22727272727272727,0.251990241397021,93,143,2018.516129032258,2021.4475524475524,2018.0,2022.0,2017,2023,2019,2023,1.5080429530975226,1.2315015550036312,2.9314234152943754,0,0,0,,ELIGIBLE_DESIGN_ONLY_RANKING,1,2,0,0,D09C diagnostic only; mainline must decide
T2_RI_A3-5_B1-2-4,T2,44,RI,Rhode Island,2023,442023,442301,3-5,1-2-4,2,3,0,8,781730.1,0,0,0,0.0,0.0,0.0,0.30868972935868955,91,145,0.060028248587570665,5,6,5,6,0.8333333333333334,0.22727272727272727,0.2873009758602979,91,145,2019.2637362637363,2020.9379310344827,2019.0,2022.0,2017,2023,2018,2023,1.8063786045576555,1.7842703521762537,1.6741947707464533,0,0,0,,ELIGIBLE_DESIGN_ONLY_RANKING,1,9,0,0,D09C diagnostic only; mainline must decide
T2_RI_A4-5_B1-2-3,T2,44,RI,Rhode Island,2023,442023,442301,4-5,1-2-3,2,3,0,8,781730.1,0,0,0,0.0,0.0,0.0,0.11836070766440623,94,142,0.007062146892655417,5,6,5,6,0.8333333333333334,0.22727272727272727,0.23433487416538268,94,142,2019.3085106382978,2020.943661971831,2019.0,2022.0,2018,2022,2017,2023,1.057757780113664,2.1529285609310587,1.6351513335332584,0,0,0,,ELIGIBLE_DESIGN_ONLY_RANKING,1,1,1,0,D09C diagnostic only; mainline must decide
T2_SC_A1-2_B3-4-5,T2,45,SC,South Carolina,2023,452023,452301,1-2,3-4-5,2,3,0,13,20493135.509999998,0,0,0,0.0,0.0,0.0,0.09963816653984049,1453,2184,0.0020621391256530107,47,49,47,49,0.9591836734693877,0.37326388888888895,0.37532602801454196,1453,2184,2019.9532002752926,2021.3644688644688,2020.0,2022.0,2018,2024,2017,2024,0.9501404922648263,1.8562497699326652,1.4112685891761885,0,0,0,,ELIGIBLE_DESIGN_ONLY_RANKING,1,10,0,0,D09C diagnostic only; mainline must decide
T2_SC_A1-3_B2-4-5,T2,45,SC,South Carolina,2023,452023,452301,1-3,2-4-5,2,3,0,13,20493135.509999998,0,0,0,0.0,0.0,0.0,0.07219705081136803,1447,2190,0.008935936211163047,48,48,47,49,0.9591836734693877,0.4166666666666667,0.42560260287782975,1447,2190,2020.4346924671734,2021.0424657534247,2021.0,2021.0,2018,2024,2017,2024,1.2400582344075286,1.9147012077363503,0.6077732862513585,0,0,0,,ELIGIBLE_DESIGN_ONLY_RANKING,1,3,0,0,D09C diagnostic only; mainline must decide
T2_SC_A1-4_B2-3-5,T2,45,SC,South Carolina,2023,452023,452301,1-4,2-3-5,2,3,0,13,20493135.509999998,0,0,0,0.0,0.0,0.0,0.08606733015808755,1474,2163,0.021996150673632114,46,49,46,49,0.9387755102040817,0.3508771929824562,0.37287334365608826,1474,2163,2020.950474898236,2020.6985668053628,2020.0,2021.0,2017,2024,2018,2024,1.8408107712916844,1.598372431487549,0.25190809287323646,0,0,0,,ELIGIBLE_DESIGN_ONLY_RANKING,1,6,0,0,D09C diagnostic only; mainline must decide
T2_SC_A1-5_B2-3-4,T2,45,SC,South Carolina,2023,452023,452301,1-5,2-3-4,2,3,0,13,20493135.509999998,0,0,0,0.0,0.0,0.0,0.08028942216052919,1435,2202,0.02268353038218312,48,48,47,49,0.9591836734693877,0.4166666666666667,0.4393501970488498,1435,2202,2019.9073170731708,2021.3828337874659,2019.0,2021.0,2018,2024,2017,2024,1.894474305582698,1.266826074892787,1.475516714295054,0,0,0,,ELIGIBLE_DESIGN_ONLY_RANKING,1,4,0,0,D09C diagnostic only; mainline must decide
T2_SC_A2-3_B1-4-5,T2,45,SC,South Carolina,2023,452023,452301,2-3,1-4-5,2,3,0,13,20493135.509999998,0,0,0,0.0,0.0,0.0,0.06332253502853914,1452,2185,0.003207771973238069,48,48,47,49,0.9591836734693877,0.4166666666666667,0.41987443863990476,1452,2185,2020.883608815427,2020.745537757437,2021.0,2020.0,2018,2024,2017,2024,0.8640654830900559,2.0823828227057373,0.1380710579899187,0,0,0,,ELIGIBLE_DESIGN_ONLY_RANKING,1,2,0,0,D09C diagnostic only; mainline must decide
T2_SC_A2-4_B1-3-5,T2,45,SC,South Carolina,2023,452023,452301,2-4,1-3-5,2,3,0,13,20493135.509999998,0,0,0,0.0,0.0,0.0,0.09489592293079785,1479,2158,0.027724314911557094,47,49,47,49,0.9591836734693877,0.37326388888888895,0.40098820380044603,1479,2158,2021.3894523326571,2020.3971269694161,2021.0,2020.0,2017,2024,2018,2024,1.4685875165966629,1.738417820036134,0.9923253632409796,0,0,0,,ELIGIBLE_DESIGN_ONLY_RANKING,1,8,0,0,D09C diagnostic only; mainline must decide
T2_SC_A2-5_B1-3-4,T2,45,SC,South Carolina,2023,452023,452301,2-5,1-3-4,2,3,0,13,20493135.509999998,0,0,0,0.0,0.0,0.0,0.06244732551242362,1440,2197,0.01695536614425814,48,48,47,49,0.9591836734693877,0.4166666666666667,0.4336220328109248,1440,2197,2020.3618055555555,2021.088302230314,2020.0,2021.0,2018,2024,2017,2024,1.8054237076406412,1.5711523631792694,0.7264966747584367,0,0,0,,ELIGIBLE_DESIGN_ONLY_RANKING,1,1,1,0,D09C diagnostic only; mainline must decide
T2_SC_A3-4_B1-2-5,T2,45,SC,South Carolina,2023,452023,452301,3-4,1-2-5,2,3,0,13,20493135.509999998,0,0,0,0.0,0.0,0.0,0.09181468380361252,1473,2164,0.020850517826047056,45,48,44,49,0.8979591836734694,0.3494623655913978,0.3703128834174449,1473,2164,2021.8682959945688,2020.0739371534196,2022.0,2020.0,2017,2024,2018,2024,1.1899857915398933,1.6182286360025206,1.7943588411492328,0,0,0,,ELIGIBLE_DESIGN_ONLY_RANKING,1,7,0,0,D09C diagnostic only; mainline must decide
T2_SC_A3-5_B1-2-4,T2,45,SC,South Carolina,2023,452023,452301,3-5,1-2-4,2,3,0,13,20493135.509999998,0,0,0,0.0,0.0,0.0,0.094934974544525,1434,2203,0.023829163229768177,49,47,47,49,0.9591836734693877,0.4600694444444445,0.48389860767421267,1434,2203,2020.8493723849372,2020.7689514298684,2021.0,2020.0,2018,2024,2017,2024,1.8730587876557068,1.5857844134959638,0.08042095506880287,0,0,0,,ELIGIBLE_DESIGN_ONLY_RANKING,1,9,0,0,D09C diagnostic only; mainline must decide
T2_SC_A4-5_B1-2-3,T2,45,SC,South Carolina,2023,452023,452301,4-5,1-2-3,2,3,0,13,20493135.509999998,0,0,0,0.0,0.0,0.0,0.0848375181387361,1461,2176,0.0071029236550269855,48,48,47,49,0.9591836734693877,0.4166666666666667,0.42376959032169365,1461,2176,2021.3620807665982,2020.4237132352941,2022.0,2020.0,2017,2024,2018,2024,2.217220782017888,1.098240263698547,0.9383675313040385,0,0,0,,ELIGIBLE_DESIGN_ONLY_RANKING,1,5,0,0,D09C diagnostic only; mainline must decide
T2_SD_A1-2_B3-4-5,T2,46,SD,South Dakota,2023,462023,462301,1-2,3-4-5,2,3,0,18,49353880.300000004,0,0,0,0.0,0.0,0.0,0.028994469091736048,3373,5086,0.005221263348701536,102,105,102,105,0.9714285714285714,0.3864734299516908,0.39169469330039236,3373,5086,2021.8464275126,2018.7367282736925,2022.0,2019.0,2018,2023,2017,2023,0.9845258042182835,1.5054459747156195,3.109699238907524,0,0,0,,ELIGIBLE_DESIGN_ONLY_RANKING,1,5,0,0,D09C diagnostic only; mainline must decide
T2_SD_A1-3_B2-4-5,T2,46,SD,South Dakota,2023,462023,462301,1-3,2-4-5,2,3,0,18,49353880.300000004,0,0,0,0.0,0.0,0.0,0.032740053978384594,3382,5077,0.0007881152224454768,104,104,103,105,0.9809523809523809,0.4166666666666667,0.41745478188911217,3382,5077,2019.6700177409816,2020.181012408903,2021.0,2020.0,2017,2023,2017,2023,2.2387607353114047,1.8262084633197917,0.5109946679212953,0,0,0,,ELIGIBLE_DESIGN_ONLY_RANKING,1,6,0,0,D09C diagnostic only; mainline must decide
T2_SD_A1-4_B2-3-5,T2,46,SD,South Dakota,2023,462023,462301,1-4,2-3-5,2,3,0,18,49353880.300000004,0,0,0,0.0,0.0,0.0,0.027227128818239892,3366,5093,0.008669267446900782,103,104,102,105,0.9714285714285714,0.40660225442834147,0.41527152187524224,3366,5093,2019.81669637552,2020.0824661299823,2019.0,2020.0,2017,2022,2017,2023,1.512100932944073,2.28417848948799,0.2657697544623261,0,0,0,,ELIGIBLE_DESIGN_ONLY_RANKING,1,3,0,0,D09C diagnostic only; mainline must decide
T2_SD_A1-5_B2-3-4,T2,46,SD,South Dakota,2023,462023,462301,1-5,2-3-4,2,3,0,18,49353880.300000004,0,0,0,0.0,0.0,0.0,0.03280643741456684,3384,5075,0.0001970288056113356,102,105,102,105,0.9714285714285714,0.3864734299516908,0.38667045875730216,3384,5075,2020.4175531914893,2019.6827586206896,2020.0,2019.0,2017,2022,2017,2023,0.9991124261514887,2.428774157070289,0.7347945707997496,0,0,0,,ELIGIBLE_DESIGN_ONLY_RANKING,1,7,0,0,D09C diagnostic only; mainline must decide
T2_SD_A2-3_B1-4-5,T2,46,SD,South Dakota,2023,462023,462301,2-3,1-4-5,2,3,0,18,49353880.300000004,0,0,0,0.0,0.0,0.0,0.03330189675285834,3391,5068,0.003645032903810582,104,104,103,105,0.9809523809523809,0.4166666666666667,0.42031169957047726,3391,5068,2020.3072839870244,2019.7555248618785,2022.0,2020.0,2017,2023,2017,2022,2.740702173314059,1.2815657441717836,0.5517591251459635,0,0,0,,ELIGIBLE_DESIGN_ONLY_RANKING,1,8,0,0,D09C diagnostic only; mainline must decide
T2_SD_A2-4_B1-3-5,T2,46,SD,South Dakota,2023,462023,462301,2-4,1-3-5,2,3,0,18,49353880.300000004,0,0,0,0.0,0.0,0.0,0.02217476826669862,3375,5084,0.0042361193206447234,104,104,103,105,0.9809523809523809,0.4166666666666667,0.4209027859873114,3375,5084,2020.4565925925926,2019.6581431943353,2019.0,2020.0,2017,2023,2017,2023,2.1484193342290134,1.8574971510854283,0.7984493982573895,0,0,0,,ELIGIBLE_DESIGN_ONLY_RANKING,1,1,1,0,D09C diagnostic only; mainline must decide
T2_SD_A2-5_B1-3-4,T2,46,SD,South Dakota,2023,462023,462301,2-5,1-3-4,2,3,0,18,49353880.300000004,0,0,0,0.0,0.0,0.0,0.034301865279715446,3393,5066,0.004630176931867395,103,105,103,105,0.9809523809523809,0.39663461538461536,0.40126479231648277,3393,5066,2021.0524609490126,2019.256217923411,2020.0,2019.0,2017,2023,2017,2023,1.5995523724405991,1.945426668646865,1.7962430256015978,0,0,0,,ELIGIBLE_DESIGN_ONLY_RANKING,1,9,0,0,D09C diagnostic only; mainline must decide
T2_SD_A3-4_B1-2-5,T2,46,SD,South Dakota,2023,462023,462301,3-4,1-2-5,2,3,0,18,49353880.300000004,0,0,0,0.0,0.0,0.0,0.023958990258638874,3384,5075,0.0001970288056113356,105,103,103,105,0.9809523809523809,0.4366987179487179,0.43689574675432924,3384,5075,2018.2851654846336,2021.104630541872,2018.0,2021.0,2017,2023,2017,2023,1.6194041473002994,1.3606208718561643,2.8194650572384035,0,0,0,,ELIGIBLE_DESIGN_ONLY_RANKING,1,2,0,0,D09C diagnostic only; mainline must decide
T2_SD_A3-5_B1-2-4,T2,46,SD,South Dakota,2023,462023,462301,3-5,1-2-4,2,3,0,18,49353880.300000004,0,0,0,0.0,0.0,0.0,0.028982152528674802,3402,5057,0.009063325058123453,104,104,103,105,0.9809523809523809,0.4166666666666667,0.42572999172479015,3402,5057,2018.8909465020577,2020.7071386197351,2019.0,2021.0,2017,2023,2017,2023,1.7818831780387319,1.828120289446899,1.816192117677474,0,0,0,,ELIGIBLE_DESIGN_ONLY_RANKING,1,4,0,0,D09C diagnostic only; mainline must decide
T2_SD_A4-5_B1-2-3,T2,46,SD,South Dakota,2023,462023,462301,4-5,1-2-3,2,3,0,18,49353880.300000004,0,0,0,0.0,0.0,0.0,0.036670470961575025,3386,5073,0.0011821728336682824,104,104,103,105,0.9809523809523809,0.4166666666666667,0.41784883950033497,3386,5073,2019.0330773774365,2020.6065444510152,2019.0,2021.0,2017,2020,2017,2023,0.826141452640934,2.3100837928895133,1.5734670735787404,0,0,0,,ELIGIBLE_DESIGN_ONLY_RANKING,1,10,0,0,D09C diagnostic only; mainline must decide
T2_TN_A1-2_B3-4-5,T2,47,TN,Tennessee,2023,472023,472301,1-2,3-4-5,2,3,0,21,26971951.349999998,0,0,0,0.0,0.0,0.0,0.07835025557566362,1856,2780,0.001438021282715025,63,65,63,65,0.9692307692307692,0.38411458333333326,0.3855526046160483,1856,2780,2022.8383620689656,2019.6723021582734,2023.0,2019.0,2017,2025,2016,2025,1.6485734453412897,1.8855778525795632,3.1660599106921836,0,0,0,,ELIGIBLE_DESIGN_ONLY_RANKING,1,1,1,0,D09C diagnostic only; mainline must decide
T2_TN_A1-3_B2-4-5,T2,47,TN,Tennessee,2023,472023,472301,1-3,2-4-5,2,3,0,21,26971951.349999998,0,0,0,0.0,0.0,0.0,0.10271393960659059,1917,2719,0.056262582686223715,65,63,63,65,0.9692307692307692,0.44921875,0.5054813326862237,1917,2719,2020.9306207616066,2020.9463037881574,2022.0,2021.0,2016,2025,2017,2024,3.100758591379103,1.6783432422056765,0.015683026550732393,0,0,0,,ELIGIBLE_DESIGN_ONLY_RANKING,1,9,0,0,D09C diagnostic only; mainline must decide
T2_TN_A1-4_B2-3-5,T2,47,TN,Tennessee,2023,472023,472301,1-4,2-3-5,2,3,0,21,26971951.349999998,0,0,0,0.0,0.0,0.0,0.0886239211333547,1843,2793,0.010245901639344262,64,65,64,65,0.9846153846153847,0.400516795865633,0.41076269750497724,1843,2793,2021.5040694519805,2020.5674901539562,2022.0,2021.0,2017,2025,2016,2025,2.499589486285942,2.20668495501289,0.9365792980242986,0,0,0,,ELIGIBLE_DESIGN_ONLY_RANKING,1,4,0,0,D09C diagnostic only; mainline must decide
T2_TN_A1-5_B2-3-4,T2,47,TN,Tennessee,2023,472023,472301,1-5,2-3-4,2,3,0,21,26971951.349999998,0,0,0,0.0,0.0,0.0,0.09188454283998666,1843,2793,0.010245901639344262,63,65,63,65,0.9692307692307692,0.38411458333333326,0.3943604849726775,1843,2793,2022.358111774281,2020.0039384174722,2022.0,2020.0,2017,2025,2016,2025,1.9159378157664961,2.1712959334439392,2.354173356808815,0,0,0,,ELIGIBLE_DESIGN_ONLY_RANKING,1,5,0,0,D09C diagnostic only; mainline must decide
T2_TN_A2-3_B1-4-5,T2,47,TN,Tennessee,2023,472023,472301,2-3,1-4-5,2,3,0,21,26971951.349999998,0,0,0,0.0,0.0,0.0,0.11193412522172203,1891,2745,0.03289473684210526,65,64,64,65,0.9846153846153847,0.43281653746770027,0.4657112743098055,1891,2745,2020.269698572184,2021.4014571948999,2020.0,2021.0,2016,2025,2017,2025,2.4714725520951806,2.1849266764238435,1.131758622715779,0,0,0,,ELIGIBLE_DESIGN_ONLY_RANKING,1,10,0,0,D09C diagnostic only; mainline must decide
T2_TN_A2-4_B1-3-5,T2,47,TN,Tennessee,2023,472023,472301,2-4,1-3-5,2,3,0,21,26971951.349999998,0,0,0,0.0,0.0,0.0,0.09582335165873102,1817,2819,0.033613747483462714,63,65,63,65,0.9692307692307692,0.38411458333333326,0.41772833081679595,1817,2819,2020.8244358833242,2021.0141894288754,2021.0,2021.0,2017,2024,2016,2025,1.8241821302332557,2.6637588520234883,0.1897535455511843,0,0,0,,ELIGIBLE_DESIGN_ONLY_RANKING,1,7,0,0,D09C diagnostic only; mainline must decide
T2_TN_A2-5_B1-3-4,T2,47,TN,Tennessee,2023,472023,472301,2-5,1-3-4,2,3,0,21,26971951.349999998,0,0,0,0.0,0.0,0.0,0.07894443573832259,1817,2819,0.033613747483462714,62,65,62,65,0.9538461538461539,0.3674540682414698,0.40106781572493255,1817,2819,2021.6906989543204,2020.455835402625,2022.0,2020.0,2018,2024,2016,2025,1.3715511035670682,2.728373346331455,1.2348635516952982,0,0,0,,ELIGIBLE_DESIGN_ONLY_RANKING,1,2,0,0,D09C diagnostic only; mainline must decide
T2_TN_A3-4_B1-2-5,T2,47,TN,Tennessee,2023,472023,472301,3-4,1-2-5,2,3,0,21,26971951.349999998,0,0,0,0.0,0.0,0.0,0.08537246884640988,1878,2758,0.021210813920045975,65,63,63,65,0.9692307692307692,0.44921875,0.470429563920046,1878,2758,2018.9424920127794,2022.2998549673678,2019.0,2022.0,2016,2025,2017,2025,1.6749413172681775,1.7265995923591448,3.357362954588325,0,0,0,,ELIGIBLE_DESIGN_ONLY_RANKING,1,3,0,0,D09C diagnostic only; mainline must decide
T2_TN_A3-5_B1-2-4,T2,47,TN,Tennessee,2023,472023,472301,3-5,1-2-4,2,3,0,21,26971951.349999998,0,0,0,0.0,0.0,0.0,0.09503924828252475,1878,2758,0.021210813920045975,64,64,63,65,0.9692307692307692,0.4166666666666667,0.43787748058671266,1878,2758,2019.7806176783813,2021.7291515591007,2019.0,2022.0,2016,2025,2017,2025,2.1414565524316913,2.1904826131656865,1.948533880719424,0,0,0,,ELIGIBLE_DESIGN_ONLY_RANKING,1,6,0,0,D09C diagnostic only; mainline must decide
T2_TN_A4-5_B1-2-3,T2,47,TN,Tennessee,2023,472023,472301,4-5,1-2-3,2,3,0,21,26971951.349999998,0,0,0,0.0,0.0,0.0,0.09847937942619199,1804,2832,0.045297670405521996,63,65,63,65,0.9692307692307692,0.38411458333333326,0.4294122537388553,1804,2832,2020.3192904656319,2021.3350988700565,2020.0,2022.0,2017,2024,2016,2025,1.5098288979389636,2.7125954737630704,1.0158084044246607,0,0,0,,ELIGIBLE_DESIGN_ONLY_RANKING,1,8,0,0,D09C diagnostic only; mainline must decide
T2_TX_A1-2_B3-4-5,T2,48,TX,Texas,2023,482023,482301,1-2,3-4-5,2,3,0,34,171901685.51000005,0,0,0,0.0,0.0,0.0,0.051155784081087875,9800,14211,0.033942776227562366,325,325,325,325,1.0,0.4166666666666667,0.45060944289422905,9800,14211,2018.2582653061224,2020.7745408486385,2019.0,2021.0,2014,2023,2015,2026,2.5305830247127217,2.497537546998151,2.5162755425160412,0,0,0,,ELIGIBLE_DESIGN_ONLY_RANKING,1,9,0,0,D09C diagnostic only; mainline must decide
T2_TX_A1-3_B2-4-5,T2,48,TX,Texas,2023,482023,482301,1-3,2-4-5,2,3,0,34,171901685.51000005,0,0,0,0.0,0.0,0.0,0.04439056739087238,9698,14313,0.016242555495397944,325,325,325,325,1.0,0.4166666666666667,0.4329092221620646,9698,14313,2018.7711899360693,2020.4090686788234,2019.0,2020.0,2014,2024,2015,2026,2.682875514040114,2.6801745958042473,1.6378787427540829,0,0,0,,ELIGIBLE_DESIGN_ONLY_RANKING,1,8,0,0,D09C diagnostic only; mainline must decide
T2_TX_A1-4_B2-3-5,T2,48,TX,Texas,2023,482023,482301,1-4,2-3-5,2,3,0,34,171901685.51000005,0,0,0,0.0,0.0,0.0,0.0337734962509949,9626,14385,0.0037482820373995252,325,325,325,325,1.0,0.4166666666666667,0.4204149487040662,9626,14385,2019.1199875337627,2020.167466110532,2019.0,2020.0,2014,2025,2015,2026,2.880483624590303,2.661961353334062,1.0474785767692083,0,0,0,,ELIGIBLE_DESIGN_ONLY_RANKING,1,3,0,0,D09C diagnostic only; mainline must decide
T2_TX_A1-5_B2-3-4,T2,48,TX,Texas,2023,482023,482301,1-5,2-3-4,2,3,0,34,171901685.51000005,0,0,0,0.0,0.0,0.0,0.035013472339830286,9572,14439,0.005622423056099288,325,325,325,325,1.0,0.4166666666666667,0.42228908972276596,9572,14439,2019.6411408274132,2019.8180621926726,2019.0,2020.0,2014,2026,2015,2025,3.223897270075405,2.4752137313096005,0.1769213652594317,0,0,0,,ELIGIBLE_DESIGN_ONLY_RANKING,1,4,0,0,D09C diagnostic only; mainline must decide
T2_TX_A2-3_B1-4-5,T2,48,TX,Texas,2023,482023,482301,2-3,1-4-5,2,3,0,34,171901685.51000005,0,0,0,0.0,0.0,0.0,0.04029191613201782,9708,14303,0.017977871253453216,325,325,325,325,1.0,0.4166666666666667,0.4346445379201199,9708,14303,2019.4060568603213,2019.9793050409005,2020.0,2020.0,2015,2024,2014,2026,2.4153394417758243,3.010073451323002,0.5732481805791849,0,0,0,,ELIGIBLE_DESIGN_ONLY_RANKING,1,6,0,0,D09C diagnostic only; mainline must decide
T2_TX_A2-4_B1-3-5,T2,48,TX,Texas,2023,482023,482301,2-4,1-3-5,2,3,0,34,171901685.51000005,0,0,0,0.0,0.0,0.0,0.03522599911150656,9636,14375,0.005483597795454798,325,325,325,325,1.0,0.4166666666666667,0.4221502644621215,9636,14375,2019.7592361975924,2019.7396869565218,2020.0,2020.0,2015,2025,2014,2026,2.5442513930127575,2.957680130431937,0.019549241070535572,0,0,0,,ELIGIBLE_DESIGN_ONLY_RANKING,1,5,0,0,D09C diagnostic only; mainline must decide
T2_TX_A2-5_B1-3-4,T2,48,TX,Texas,2023,482023,482301,2-5,1-3-4,2,3,0,34,171901685.51000005,0,0,0,0.0,0.0,0.0,0.03162490284442181,9582,14429,0.0038871072980440156,325,325,325,325,1.0,0.4166666666666667,0.4205537739647107,9582,14429,2020.283448131914,2019.3916418324209,2020.0,2019.0,2015,2026,2014,2025,2.808135163245345,2.735723990148959,0.8918062994930551,0,0,0,,ELIGIBLE_DESIGN_ONLY_RANKING,1,1,1,0,D09C diagnostic only; mainline must decide
T2_TX_A3-4_B1-2-5,T2,48,TX,Texas,2023,482023,482301,3-4,1-2-5,2,3,0,34,171901685.51000005,0,0,0,0.0,0.0,0.0,0.03213025324096728,9534,14477,0.012216622936709626,323,325,323,325,0.9938461538461538,0.4102366255144033,0.42245324845111293,9534,14477,2020.2970421648836,2019.3856461974167,2021.0,2020.0,2016,2025,2014,2026,2.3810586997672054,2.9885562483975114,0.9113959674668877,0,0,0,,ELIGIBLE_DESIGN_ONLY_RANKING,1,2,0,0,D09C diagnostic only; mainline must decide
T2_TX_A3-5_B1-2-4,T2,48,TX,Texas,2023,482023,482301,3-5,1-2-4,2,3,0,34,171901685.51000005,0,0,0,0.0,0.0,0.0,0.040873046574455466,9480,14531,0.02158732803020844,325,325,325,325,1.0,0.4166666666666667,0.43825399469687515,9480,14531,2020.8299578059073,2019.0413598513524,2021.0,2019.0,2015,2026,2014,2025,2.55237141704035,2.7264368435047066,1.7885979545549162,0,0,0,,ELIGIBLE_DESIGN_ONLY_RANKING,1,7,0,0,D09C diagnostic only; mainline must decide
T2_TX_A4-5_B1-2-3,T2,48,TX,Texas,2023,482023,482301,4-5,1-2-3,2,3,0,34,171901685.51000005,0,0,0,0.0,0.0,0.0,0.05459967684353064,9408,14603,0.03408160148820686,323,325,323,325,0.9938461538461538,0.4102366255144033,0.4443182270026102,9408,14603,2021.202593537415,2018.8101075121551,2022.0,2019.0,2015,2026,2014,2024,2.4734125003750362,2.5881583737041165,2.3924860252598137,0,0,0,,ELIGIBLE_DESIGN_ONLY_RANKING,1,10,0,0,D09C diagnostic only; mainline must decide
T2_UT_A1-2_B3-4-5,T2,49,UT,Utah,2022,492022,492201,1-2,3-4-5,2,3,0,135,54335029.00000001,0,0,0,0.0,0.0,0.0,0.13980721381037972,3578,5277,0.01693958215697346,109,111,109,111,0.9819819819819819,0.3977272727272727,0.41466685488424615,3578,5277,2017.1389044158748,2017.9774493083191,2015.5,2018.0,2011,2023,2011,2024,2.8688587825775675,3.1924117663952316,0.8385448924443608,0,0,0,,ELIGIBLE_DESIGN_ONLY_RANKING,1,5,0,0,D09C diagnostic only; mainline must decide
T2_UT_A1-3_B2-4-5,T2,49,UT,Utah,2022,492022,492201,1-3,2-4-5,2,3,0,135,54335029.00000001,0,0,0,0.0,0.0,0.0,0.14124812961719002,3583,5272,0.019292301900997597,107,111,107,111,0.963963963963964,0.37844036697247707,0.3977326688734747,3583,5272,2017.6472229974881,2017.6327769347497,2019.0,2018.0,2011,2023,2011,2024,2.953203310016386,3.1849656353862597,0.014446062738443288,0,0,0,,ELIGIBLE_DESIGN_ONLY_RANKING,1,6,0,0,D09C diagnostic only; mainline must decide
T2_UT_A1-4_B2-3-5,T2,49,UT,Utah,2022,492022,492201,1-4,2-3-5,2,3,0,135,54335029.00000001,0,0,0,0.0,0.0,0.0,0.1332034090113487,3573,5282,0.014586862412949327,111,110,110,111,0.990990990990991,0.4260935143288085,0.4406803767417578,3573,5282,2018.0839630562552,2017.337372207497,2019.0,2017.0,2011,2024,2011,2023,3.0546905116255343,3.08286130782054,0.7465908487581601,0,0,0,,ELIGIBLE_DESIGN_ONLY_RANKING,1,1,1,0,D09C diagnostic only; mainline must decide
T2_UT_A1-5_B2-3-4,T2,49,UT,Utah,2022,492022,492201,1-5,2-3-4,2,3,0,135,54335029.00000001,0,0,0,0.0,0.0,0.0,0.14362130270331724,3497,5358,0.021174477696216828,109,111,109,111,0.9819819819819819,0.3977272727272727,0.41890175042348954,3497,5358,2016.0162996854447,2018.697461739455,2014.0,2020.0,2011,2023,2011,2024,2.660202872780681,2.890529148864646,2.6811620540104286,0,0,0,,ELIGIBLE_DESIGN_ONLY_RANKING,1,7,0,0,D09C diagnostic only; mainline must decide
T2_UT_A2-3_B1-4-5,T2,49,UT,Utah,2022,492022,492201,2-3,1-4-5,2,3,0,135,54335029.00000001,0,0,0,0.0,0.0,0.0,0.13767745736639225,3577,5278,0.016469038208168685,109,111,109,111,0.9819819819819819,0.3977272727272727,0.4141963109354414,3577,5278,2018.2356723511323,2017.2339901477833,2018.0,2018.0,2011,2023,2011,2024,2.9156835131735472,3.1442492322200555,1.0016822033489916,0,0,0,,ELIGIBLE_DESIGN_ONLY_RANKING,1,4,0,0,D09C diagnostic only; mainline must decide
T2_UT_A2-4_B1-3-5,T2,49,UT,Utah,2022,492022,492201,2-4,1-3-5,2,3,0,135,54335029.00000001,0,0,0,0.0,0.0,0.0,0.13752811701399711,3567,5288,0.011763598720120417,111,110,110,111,0.990990990990991,0.4260935143288085,0.4378571130489289,3567,5288,2018.6747967479675,2016.9396747352496,2018.0,2017.0,2011,2024,2011,2023,2.9314836260910444,3.0021666799291657,1.7351220127179658,0,0,0,,ELIGIBLE_DESIGN_ONLY_RANKING,1,3,0,0,D09C diagnostic only; mainline must decide
T2_UT_A2-5_B1-3-4,T2,49,UT,Utah,2022,492022,492201,2-5,1-3-4,2,3,0,135,54335029.00000001,0,0,0,0.0,0.0,0.0,0.1444481482980383,3491,5364,0.023997741389045736,110,111,110,111,0.990990990990991,0.4072398190045249,0.43123756039357064,3491,5364,2016.616442280149,2018.3038777032066,2015.0,2019.0,2011,2023,2011,2024,2.9674169550044667,2.9903405727999988,1.68743542305765,0,0,0,,ELIGIBLE_DESIGN_ONLY_RANKING,1,8,0,0,D09C diagnostic only; mainline must decide
T2_UT_A3-4_B1-2-5,T2,49,UT,Utah,2022,492022,492201,3-4,1-2-5,2,3,0,135,54335029.00000001,0,0,0,0.0,0.0,0.0,0.14998952780003794,3572,5283,0.014116318464144552,111,110,110,111,0.990990990990991,0.4260935143288085,0.44020983279295306,3572,5283,2019.1825307950728,2016.5947378383494,2021.0,2015.0,2012,2024,2011,2023,2.742929094463359,2.8721110540568744,2.5877929567234332,0,0,0,,ELIGIBLE_DESIGN_ONLY_RANKING,1,9,0,0,D09C diagnostic only; mainline must decide
T2_UT_A3-5_B1-2-4,T2,49,UT,Utah,2022,492022,492201,3-5,1-2-4,2,3,0,135,54335029.00000001,0,0,0,0.0,0.0,0.0,0.1337559032031184,3496,5359,0.021645021645021603,110,111,110,111,0.990990990990991,0.4072398190045249,0.42888484064954646,3496,5359,2017.1381578947369,2017.9651054301175,2018.0,2018.0,2011,2023,2011,2024,3.1377652461831986,3.019547944044188,0.8269475353806683,0,0,0,,ELIGIBLE_DESIGN_ONLY_RANKING,1,2,0,0,D09C diagnostic only; mainline must decide
T2_UT_A4-5_B1-2-3,T2,49,UT,Utah,2022,492022,492201,4-5,1-2-3,2,3,0,135,54335029.00000001,1,0,1,58948.084789938206,0.0,58948.084789938206,0.13671807187524232,3486,5369,0.026350461133069873,110,109,108,111,0.972972972972973,0.426179604261796,0.4525300653948659,3486,5369,2017.5843373493976,2017.673868504377,2018.0,2018.0,2011,2024,2011,2023,3.305345647237551,2.946933279014307,0.0895311549793405,0,0,0,,ELIGIBLE_DESIGN_ONLY_RANKING,1,10,0,0,D09C diagnostic only; mainline must decide
T2_VT_A1-2_B3-4-5,T2,50,VT,Vermont,2023,502023,502301,1-2,3-4-5,2,3,0,17,6153028.8,0,0,0,0.0,0.0,0.0,0.1482439202521712,451,666,0.01566696508504924,18,18,18,18,1.0,0.41666666666666663,0.43233363175171585,451,666,2022.0243902439024,2018.7507507507507,2022.0,2019.0,2021,2024,2017,2024,0.8092955885172586,1.444004782355516,3.273639493151677,0,0,0,,ELIGIBLE_DESIGN_ONLY_RANKING,1,4,0,0,D09C diagnostic only; mainline must decide
T2_VT_A1-3_B2-4-5,T2,50,VT,Vermont,2023,502023,502301,1-3,2-4-5,2,3,0,17,6153028.8,0,0,0,0.0,0.0,0.0,0.15733792356881143,445,672,0.006714413607878245,18,18,18,18,1.0,0.41666666666666663,0.42338108027454485,445,672,2019.7460674157303,2020.2886904761904,2021.0,2020.0,2017,2024,2018,2024,2.2830681199845806,1.7983242935321675,0.5426230604600732,0,0,0,,ELIGIBLE_DESIGN_ONLY_RANKING,1,6,0,0,D09C diagnostic only; mainline must decide
T2_VT_A1-4_B2-3-5,T2,50,VT,Vermont,2023,502023,502301,1-4,2-3-5,2,3,0,17,6153028.8,0,0,0,0.0,0.0,0.0,0.2091940872476331,452,665,0.01939719486720386,18,18,18,18,1.0,0.41666666666666663,0.4360638615338705,452,665,2019.9845132743362,2020.1323308270676,2021.0,2020.0,2018,2023,2017,2024,1.560950583740188,2.282184434703532,0.14781755273133967,0,0,0,,ELIGIBLE_DESIGN_ONLY_RANKING,1,9,0,0,D09C diagnostic only; mainline must decide
T2_VT_A1-5_B2-3-4,T2,50,VT,Vermont,2023,502023,502301,1-5,2-3-4,2,3,0,17,6153028.8,0,0,0,0.0,0.0,0.0,0.11776501253974345,450,667,0.011936735302894616,18,18,18,18,1.0,0.41666666666666663,0.42860340196956126,450,667,2020.591111111111,2019.7226386806597,2021.0,2019.0,2019,2023,2017,2024,0.9907865589743318,2.425987974317802,0.8684724304514475,0,0,0,,ELIGIBLE_DESIGN_ONLY_RANKING,1,2,0,0,D09C diagnostic only; mainline must decide
T2_VT_A2-3_B1-4-5,T2,50,VT,Vermont,2023,502023,502301,2-3,1-4-5,2,3,0,17,6153028.8,0,0,0,0.0,0.0,0.0,0.15450227069248892,442,675,0.017905102954341987,18,18,18,18,1.0,0.41666666666666663,0.43457176962100863,442,675,2020.3348416289593,2019.9007407407407,2022.0,2020.0,2017,2024,2018,2023,2.760444375361495,1.3075616816729039,0.4341008882186088,0,0,0,,ELIGIBLE_DESIGN_ONLY_RANKING,1,5,0,0,D09C diagnostic only; mainline must decide
T2_VT_A2-4_B1-3-5,T2,50,VT,Vermont,2023,502023,502301,2-4,1-3-5,2,3,0,17,6153028.8,0,0,0,0.0,0.0,0.0,0.11299713545959958,449,668,0.00820650552074012,18,18,18,18,1.0,0.41666666666666663,0.4248731721874067,449,668,2020.56570155902,2019.741017964072,2020.0,2020.0,2018,2024,2017,2024,2.1246385217806276,1.8802995501986932,0.8246835949480555,0,0,0,,ELIGIBLE_DESIGN_ONLY_RANKING,1,1,1,0,D09C diagnostic only; mainline must decide
T2_VT_A2-5_B1-3-4,T2,50,VT,Vermont,2023,502023,502301,2-5,1-3-4,2,3,0,17,6153028.8,0,0,0,0.0,0.0,0.0,0.2279942204412276,447,670,0.0007460459564308737,18,18,18,18,1.0,0.41666666666666663,0.4174127126230975,447,670,2021.178970917226,2019.334328358209,2022.0,2019.0,2019,2024,2017,2024,1.5297368736942114,1.974088670845494,1.8446425590170747,0,0,0,,ELIGIBLE_DESIGN_ONLY_RANKING,1,10,0,0,D09C diagnostic only; mainline must decide
T2_VT_A3-4_B1-2-5,T2,50,VT,Vermont,2023,502023,502301,3-4,1-2-5,2,3,0,17,6153028.8,0,0,0,0.0,0.0,0.0,0.16211294668466558,443,674,0.014174873172187364,18,18,18,18,1.0,0.41666666666666663,0.430841539838854,443,674,2018.2573363431152,2021.265578635015,2018.0,2021.0,2017,2024,2019,2024,1.519603169862838,1.2920268838330404,3.0082422918997054,0,0,0,,ELIGIBLE_DESIGN_ONLY_RANKING,1,7,0,0,D09C diagnostic only; mainline must decide
T2_VT_A3-5_B1-2-4,T2,50,VT,Vermont,2023,502023,502301,3-5,1-2-4,2,3,0,17,6153028.8,0,0,0,0.0,0.0,0.0,0.13499840836415442,441,676,0.02163533273649661,18,18,18,18,1.0,0.41666666666666663,0.4383019994031632,441,676,2018.8684807256236,2020.8579881656806,2019.0,2021.0,2017,2024,2018,2024,1.7191249637838801,1.8079523362716485,1.9895074400569683,0,0,0,,ELIGIBLE_DESIGN_ONLY_RANKING,1,3,0,0,D09C diagnostic only; mainline must decide
T2_VT_A4-5_B1-2-3,T2,50,VT,Vermont,2023,502023,502301,4-5,1-2-3,2,3,0,17,6153028.8,0,0,0,0.0,0.0,0.0,0.16928194676999772,448,669,0.004476275738585497,18,18,18,18,1.0,0.41666666666666663,0.42114294240525213,448,669,2019.122767857143,2020.7085201793723,2019.0,2022.0,2018,2020,2017,2024,0.7861322757257074,2.325387558638479,1.5857523222293821,0,0,0,,ELIGIBLE_DESIGN_ONLY_RANKING,1,8,0,0,D09C diagnostic only; mainline must decide
T2_VA_A1-2_B3-4-5,T2,51,VA,Virginia,2023,512023,512301,1-2,3-4-5,2,3,0,26,27375955.900000002,1,0,1,20051.86169574019,0.0,20051.86169574019,0.10183429159760435,1961,2869,0.025017253278122806,67,67,66,68,0.9705882352941176,0.4166666666666667,0.4416839199447895,1961,2869,2020.6573176950535,2021.2296967584525,2021.0,2022.0,2017,2024,2017,2024,1.711861007118226,1.4015370418082493,0.572379063399012,0,0,0,,ELIGIBLE_DESIGN_ONLY_RANKING,1,10,0,0,D09C diagnostic only; mainline must decide
T2_VA_A1-3_B2-4-5,T2,51,VA,Virginia,2023,512023,512301,1-3,2-4-5,2,3,0,26,27375955.900000002,0,0,0,0.0,0.0,0.0,0.06808790443352129,1942,2888,0.00862663906142171,66,68,66,68,0.9705882352941176,0.38557213930348255,0.39419877836490425,1942,2888,2021.0592173017508,2020.9556786703602,2021.5,2021.0,2017,2024,2017,2024,1.7675578337558417,1.4029419914290442,0.10353863139062014,0,0,0,,ELIGIBLE_DESIGN_ONLY_RANKING,1,2,0,0,D09C diagnostic only; mainline must decide
T2_VA_A1-4_B2-3-5,T2,51,VA,Virginia,2023,512023,512301,1-4,2-3-5,2,3,0,26,27375955.900000002,1,0,1,20051.86169574019,0.0,20051.86169574019,0.07246381248055951,1964,2866,0.027605244996549306,68,67,67,68,0.9852941176470589,0.4320987654320988,0.4597040104286481,1964,2866,2020.1695519348268,2021.5645498953245,2020.0,2022.0,2017,2024,2017,2024,1.7654837469587972,1.0849692203940313,1.394997960497676,0,0,0,,ELIGIBLE_DESIGN_ONLY_RANKING,1,7,0,0,D09C diagnostic only; mainline must decide
T2_VA_A1-5_B2-3-4,T2,51,VA,Virginia,2023,512023,512301,1-5,2-3-4,2,3,0,26,27375955.900000002,0,0,0,0.0,0.0,0.0,0.10150924854756675,1960,2870,0.024154589371980714,66,68,66,68,0.9705882352941176,0.38557213930348255,0.4097267286754633,1960,2870,2021.555612244898,2020.6160278745645,2023.0,2021.0,2017,2024,2018,2024,2.0213180171475216,0.9749141256424316,0.9395843703334776,0,0,0,,ELIGIBLE_DESIGN_ONLY_RANKING,1,4,0,0,D09C diagnostic only; mainline must decide
T2_VA_A2-3_B1-4-5,T2,51,VA,Virginia,2023,512023,512301,2-3,1-4-5,2,3,0,26,27375955.900000002,0,0,0,0.0,0.0,0.0,0.10198545925035125,1905,2925,0.023291925465838508,67,68,67,68,0.9852941176470589,0.4012345679012345,0.42452649336707304,1905,2925,2021.0876640419947,2020.9384615384615,2021.0,2020.0,2018,2024,2017,2024,0.7664032911724729,1.9053279639239256,0.14920250353316078,0,0,0,,ELIGIBLE_DESIGN_ONLY_RANKING,1,5,0,0,D09C diagnostic only; mainline must decide
T2_VA_A2-4_B1-3-5,T2,51,VA,Virginia,2023,512023,512301,2-4,1-3-5,2,3,0,26,27375955.900000002,1,0,1,20051.86169574019,0.0,20051.86169574019,0.07348663634864928,1927,2903,0.004313319530710796,68,66,66,68,0.9705882352941176,0.44776119402985076,0.45207451356056155,1927,2903,2020.18059159315,2021.5394419565966,2020.0,2022.0,2018,2024,2017,2024,0.802758136646483,1.6992350303828634,1.3588503634466633,0,0,0,,ELIGIBLE_DESIGN_ONLY_RANKING,1,8,0,0,D09C diagnostic only; mainline must decide
T2_VA_A2-5_B1-3-4,T2,51,VA,Virginia,2023,512023,512301,2-5,1-3-4,2,3,0,26,27375955.900000002,0,0,0,0.0,0.0,0.0,0.053260893988607935,1923,2907,0.007763975155279503,67,68,67,68,0.9852941176470589,0.4012345679012345,0.408998543056514,1923,2907,2021.5933437337494,2020.6030271757827,2021.0,2020.0,2017,2024,2017,2024,1.2480984078540525,1.6203596841885246,0.9903165579667075,0,0,0,,ELIGIBLE_DESIGN_ONLY_RANKING,1,1,1,0,D09C diagnostic only; mainline must decide
T2_VA_A3-4_B1-2-5,T2,51,VA,Virginia,2023,512023,512301,3-4,1-2-5,2,3,0,26,27375955.900000002,0,0,0,0.0,0.0,0.0,0.1041621661132018,1908,2922,0.020703933747412008,67,67,66,68,0.9705882352941176,0.4166666666666667,0.4373706004140787,1908,2922,2020.5849056603774,2021.266598220397,2020.0,2021.0,2018,2023,2017,2024,1.0989925507702922,1.7474312331302928,0.6816925600196555,0,0,0,,ELIGIBLE_DESIGN_ONLY_RANKING,1,6,0,0,D09C diagnostic only; mainline must decide
T2_VA_A3-5_B1-2-4,T2,51,VA,Virginia,2023,512023,512301,3-5,1-2-4,2,3,0,26,27375955.900000002,0,1,1,0.0,20051.86169574019,20051.86169574019,0.07592460732682765,1904,2926,0.024154589371980714,65,68,65,68,0.9558823529411765,0.3696741854636591,0.3938287748356398,1904,2926,2022.0126050420167,2020.3366370471633,2022.0,2020.0,2017,2024,2017,2024,0.9767925782534127,1.5138576419815744,1.6759679948534085,0,0,0,,ELIGIBLE_DESIGN_ONLY_RANKING,1,9,0,0,D09C diagnostic only; mainline must decide
T2_VA_A4-5_B1-2-3,T2,51,VA,Virginia,2023,512023,512301,4-5,1-2-3,2,3,0,26,27375955.900000002,0,0,0,0.0,0.0,0.0,0.09151641527365384,1926,2904,0.005175983436853002,66,67,65,68,0.9558823529411765,0.4010025062656642,0.4061784897025172,1926,2904,2021.0944963655245,2020.9328512396694,2020.0,2021.0,2017,2024,2017,2024,1.636086820398871,1.5050616163728063,0.16164512585510238,0,0,0,,ELIGIBLE_DESIGN_ONLY_RANKING,1,3,0,0,D09C diagnostic only; mainline must decide
T2_WA_A1-2_B3-4-5,T2,53,WA,Washington,2023,532023,,1-2,3-4-5,2,3,0,,,,,,,,,,,,,,,,,,,,,,,,,,,,,,,,,,,,,NOT_AUDITABLE_FRAME_FAIL,0,,0,0,D09C diagnostic only; mainline must decide
T2_WA_A1-3_B2-4-5,T2,53,WA,Washington,2023,532023,,1-3,2-4-5,2,3,0,,,,,,,,,,,,,,,,,,,,,,,,,,,,,,,,,,,,,NOT_AUDITABLE_FRAME_FAIL,0,,0,0,D09C diagnostic only; mainline must decide
T2_WA_A1-4_B2-3-5,T2,53,WA,Washington,2023,532023,,1-4,2-3-5,2,3,0,,,,,,,,,,,,,,,,,,,,,,,,,,,,,,,,,,,,,NOT_AUDITABLE_FRAME_FAIL,0,,0,0,D09C diagnostic only; mainline must decide
T2_WA_A1-5_B2-3-4,T2,53,WA,Washington,2023,532023,,1-5,2-3-4,2,3,0,,,,,,,,,,,,,,,,,,,,,,,,,,,,,,,,,,,,,NOT_AUDITABLE_FRAME_FAIL,0,,0,0,D09C diagnostic only; mainline must decide
T2_WA_A2-3_B1-4-5,T2,53,WA,Washington,2023,532023,,2-3,1-4-5,2,3,0,,,,,,,,,,,,,,,,,,,,,,,,,,,,,,,,,,,,,NOT_AUDITABLE_FRAME_FAIL,0,,0,0,D09C diagnostic only; mainline must decide
T2_WA_A2-4_B1-3-5,T2,53,WA,Washington,2023,532023,,2-4,1-3-5,2,3,0,,,,,,,,,,,,,,,,,,,,,,,,,,,,,,,,,,,,,NOT_AUDITABLE_FRAME_FAIL,0,,0,0,D09C diagnostic only; mainline must decide
T2_WA_A2-5_B1-3-4,T2,53,WA,Washington,2023,532023,,2-5,1-3-4,2,3,0,,,,,,,,,,,,,,,,,,,,,,,,,,,,,,,,,,,,,NOT_AUDITABLE_FRAME_FAIL,0,,0,0,D09C diagnostic only; mainline must decide
T2_WA_A3-4_B1-2-5,T2,53,WA,Washington,2023,532023,,3-4,1-2-5,2,3,0,,,,,,,,,,,,,,,,,,,,,,,,,,,,,,,,,,,,,NOT_AUDITABLE_FRAME_FAIL,0,,0,0,D09C diagnostic only; mainline must decide
T2_WA_A3-5_B1-2-4,T2,53,WA,Washington,2023,532023,,3-5,1-2-4,2,3,0,,,,,,,,,,,,,,,,,,,,,,,,,,,,,,,,,,,,,NOT_AUDITABLE_FRAME_FAIL,0,,0,0,D09C diagnostic only; mainline must decide
T2_WA_A4-5_B1-2-3,T2,53,WA,Washington,2023,532023,,4-5,1-2-3,2,3,0,,,,,,,,,,,,,,,,,,,,,,,,,,,,,,,,,,,,,NOT_AUDITABLE_FRAME_FAIL,0,,0,0,D09C diagnostic only; mainline must decide
T2_WV_A1-2_B3-4-5,T2,54,WV,West Virginia,2023,542023,542301,1-2,3-4-5,2,3,0,26,15507055.899999999,1,0,1,23014.8,0.0,23014.8,0.127361669250913,943,1414,0.000353556781219104,40,41,40,41,0.975609756097561,0.3909465020576132,0.39130005883883234,943,1414,2022.2131495227995,2018.7970297029703,2022.0,2019.0,2021,2024,2016,2024,0.8509748037897574,1.531168860178748,3.4161198198291913,0,0,0,,ELIGIBLE_DESIGN_ONLY_RANKING,1,2,0,0,D09C diagnostic only; mainline must decide
T2_WV_A1-3_B2-4-5,T2,54,WV,West Virginia,2023,542023,542301,1-3,2-4-5,2,3,0,26,15507055.899999999,1,0,1,23014.8,0.0,23014.8,0.15724762692769498,936,1421,0.01202093056144821,40,41,40,41,0.975609756097561,0.3909465020576132,0.4029674326190614,936,1421,2019.732905982906,2020.4475721323013,2021.0,2020.0,2016,2024,2018,2024,2.382473099595401,1.876718766000773,0.7146661493952706,0,0,0,,ELIGIBLE_DESIGN_ONLY_RANKING,1,8,0,0,D09C diagnostic only; mainline must decide
T2_WV_A1-4_B2-3-5,T2,54,WV,West Virginia,2023,542023,542301,1-4,2-3-5,2,3,0,26,15507055.899999999,1,0,1,23014.8,0.0,23014.8,0.13083812474162795,916,1441,0.047376608683354506,41,40,40,41,0.975609756097561,0.44238683127572015,0.4897634399590747,916,1441,2020.0447598253274,2020.239417071478,2020.0,2020.0,2018,2023,2016,2024,1.6380599104190106,2.3746931249608108,0.19465724615065483,0,0,0,,ELIGIBLE_DESIGN_ONLY_RANKING,1,3,0,0,D09C diagnostic only; mainline must decide
T2_WV_A1-5_B2-3-4,T2,54,WV,West Virginia,2023,542023,542301,1-5,2-3-4,2,3,0,26,15507055.899999999,0,1,1,0.0,23014.8,23014.8,0.1525575402084023,894,1463,0.08626785461745161,40,41,40,41,0.975609756097561,0.3909465020576132,0.47721435667506484,894,1463,2020.7136465324386,2019.8277511961724,2021.0,2019.0,2019,2023,2016,2024,1.0908832795345385,2.494671928546431,0.8858953362662305,0,0,0,,ELIGIBLE_DESIGN_ONLY_RANKING,1,6,0,0,D09C diagnostic only; mainline must decide
T2_WV_A2-3_B1-4-5,T2,54,WV,West Virginia,2023,542023,542301,2-3,1-4-5,2,3,0,26,15507055.899999999,1,0,1,23014.8,0.0,23014.8,0.15657244871717316,991,1366,0.08520718427379441,40,41,40,41,0.975609756097561,0.3909465020576132,0.47615368633140764,991,1366,2020.4207870837538,2019.9773060029283,2022.0,2020.0,2016,2024,2018,2023,2.8140218506317614,1.3918381884844393,0.4434810808254497,0,0,0,,ELIGIBLE_DESIGN_ONLY_RANKING,1,7,0,0,D09C diagnostic only; mainline must decide
T2_WV_A2-4_B1-3-5,T2,54,WV,West Virginia,2023,542023,542301,2-4,1-3-5,2,3,0,26,15507055.899999999,1,0,1,23014.8,0.0,23014.8,0.14273987329993995,971,1386,0.049851506151888,41,40,40,41,0.975609756097561,0.44238683127572015,0.49223833742760814,971,1386,2020.7291452111226,2019.7676767676767,2022.0,2020.0,2018,2024,2016,2024,2.1733543817294763,1.9904450310920971,0.9614684434459377,0,0,0,,ELIGIBLE_DESIGN_ONLY_RANKING,1,5,0,0,D09C diagnostic only; mainline must decide
T2_WV_A2-5_B1-3-4,T2,54,WV,West Virginia,2023,542023,542301,2-5,1-3-4,2,3,0,26,15507055.899999999,0,1,1,0.0,23014.8,23014.8,0.16049880651033607,949,1408,0.010960260217791017,40,41,40,41,0.975609756097561,0.3909465020576132,0.40190676227540423,949,1408,2021.3751317175975,2019.3473011363637,2022.0,2019.0,2019,2024,2016,2024,1.5792874496639073,2.047962522477935,2.0278305812337294,0,0,0,,ELIGIBLE_DESIGN_ONLY_RANKING,1,10,0,0,D09C diagnostic only; mainline must decide
T2_WV_A3-4_B1-2-5,T2,54,WV,West Virginia,2023,542023,542301,3-4,1-2-5,2,3,0,26,15507055.899999999,1,0,1,23014.8,0.0,23014.8,0.15920154335543352,964,1393,0.0374770188092208,41,40,40,41,0.975609756097561,0.44238683127572015,0.4798638500849409,964,1393,2018.3101659751037,2021.4465183058148,2018.0,2022.0,2016,2024,2019,2024,1.5846683577958385,1.3599002704367367,3.1363523307111336,0,0,0,,ELIGIBLE_DESIGN_ONLY_RANKING,1,9,0,0,D09C diagnostic only; mainline must decide
T2_WV_A3-5_B1-2-4,T2,54,WV,West Virginia,2023,542023,542301,3-5,1-2-4,2,3,0,26,15507055.899999999,0,1,1,0.0,23014.8,23014.8,0.11176098967266349,942,1415,0.0014142271248762954,40,41,40,41,0.975609756097561,0.3909465020576132,0.39236072918248954,942,1415,2018.904458598726,2021.0021201413429,2019.0,2022.0,2016,2024,2018,2024,1.8154494833671861,1.881758190994476,2.0976615426168337,0,0,0,,ELIGIBLE_DESIGN_ONLY_RANKING,1,1,1,0,D09C diagnostic only; mainline must decide
T2_WV_A4-5_B1-2-3,T2,54,WV,West Virginia,2023,542023,542301,4-5,1-2-3,2,3,0,26,15507055.899999999,0,1,1,0.0,23014.8,23014.8,0.13363648349431442,922,1435,0.03676990524678259,40,40,39,41,0.9512195121951219,0.41666666666666663,0.4534365719134492,922,1435,2019.1963123644252,2020.7853658536585,2019.0,2022.0,2018,2022,2016,2024,0.8838442965488049,2.428890024762278,1.5890534892332653,0,0,0,,ELIGIBLE_DESIGN_ONLY_RANKING,1,4,0,0,D09C diagnostic only; mainline must decide
T2_WI_A1-2_B3-4-5,T2,55,WI,Wisconsin,2023,552023,552301,1-2,3-4-5,2,3,0,62,35928998.699999996,0,0,0,0.0,0.0,0.0,0.08058340664872661,4654,6915,0.009508168381018237,80,81,80,81,0.9876543209876543,0.40372670807453415,0.4132348764555524,4654,6915,2021.8079071766222,2018.5616775126537,2022.0,2018.0,2020,2023,2016,2023,0.8712852454373897,1.4911000331206898,3.2462296639685064,0,0,0,,ELIGIBLE_DESIGN_ONLY_RANKING,1,1,1,0,D09C diagnostic only; mainline must decide
T2_WI_A1-3_B2-4-5,T2,55,WI,Wisconsin,2023,552023,552301,1-3,2-4-5,2,3,0,62,35928998.699999996,0,0,0,0.0,0.0,0.0,0.10131859295328134,4624,6945,0.001296568415593396,80,81,80,81,0.9876543209876543,0.40372670807453415,0.40502327649012754,4624,6945,2019.5129757785467,2020.1036717062634,2021.0,2020.0,2016,2023,2017,2023,2.2538078650488766,1.8500590183749206,0.5906959277167516,0,0,0,,ELIGIBLE_DESIGN_ONLY_RANKING,1,6,0,0,D09C diagnostic only; mainline must decide
T2_WI_A1-4_B2-3-5,T2,55,WI,Wisconsin,2023,552023,552301,1-4,2-3-5,2,3,0,62,35928998.699999996,0,0,0,0.0,0.0,0.0,0.11192620768214515,4671,6898,0.015630852565764766,80,81,80,81,0.9876543209876543,0.40372670807453415,0.4193575606402989,4671,6898,2019.7148362235068,2019.9710060887214,2019.0,2020.0,2017,2022,2016,2023,1.556237834998745,2.307585979898554,0.25616986521458784,0,0,0,,ELIGIBLE_DESIGN_ONLY_RANKING,1,10,0,0,D09C diagnostic only; mainline must decide
T2_WI_A1-5_B2-3-4,T2,55,WI,Wisconsin,2023,552023,552301,1-5,2-3-4,2,3,0,62,35928998.699999996,0,0,0,0.0,0.0,0.0,0.09928762738821162,4607,6962,0.007419252600339923,81,80,80,81,0.9876543209876543,0.4296066252587991,0.43702587785913904,4607,6962,2020.3759496418493,2019.5311692042517,2020.0,2019.0,2018,2022,2016,2023,0.9750307810272949,2.4522955036024032,0.844780437597592,0,0,0,,ELIGIBLE_DESIGN_ONLY_RANKING,1,5,0,0,D09C diagnostic only; mainline must decide
T2_WI_A2-3_B1-4-5,T2,55,WI,Wisconsin,2023,552023,552301,2-3,1-4-5,2,3,0,62,35928998.699999996,0,0,0,0.0,0.0,0.0,0.0977426995325811,4620,6949,0.002737199988475013,80,81,80,81,0.9876543209876543,0.40372670807453415,0.40646390806300914,4620,6949,2020.165800865801,2019.669304935962,2022.0,2020.0,2016,2023,2017,2022,2.7703075899727305,1.3189019712379217,0.49649592983905677,0,0,0,,ELIGIBLE_DESIGN_ONLY_RANKING,1,4,0,0,D09C diagnostic only; mainline must decide
T2_WI_A2-4_B1-3-5,T2,55,WI,Wisconsin,2023,552023,552301,2-4,1-3-5,2,3,0,62,35928998.699999996,0,0,0,0.0,0.0,0.0,0.10771705534291137,4667,6902,0.014190220992883345,79,81,79,81,0.9753086419753086,0.390625,0.40481522099288336,4667,6902,2020.3612599100065,2019.5337583309185,2019.0,2020.0,2017,2023,2016,2023,2.175188173508014,1.8740068831597503,0.8275015790879934,0,0,0,,ELIGIBLE_DESIGN_ONLY_RANKING,1,8,0,0,D09C diagnostic only; mainline must decide
T2_WI_A2-5_B1-3-4,T2,55,WI,Wisconsin,2023,552023,552301,2-5,1-3-4,2,3,0,62,35928998.699999996,0,0,0,0.0,0.0,0.0,0.10879104679784116,4603,6966,0.00885988417322154,81,80,80,81,0.9876543209876543,0.4296066252587991,0.43846650943202065,4603,6966,2021.0319356941125,2019.0981912144703,2021.0,2019.0,2018,2023,2016,2023,1.5547592362471003,1.9590509008345431,1.9337444796422005,0,0,0,,ELIGIBLE_DESIGN_ONLY_RANKING,1,9,0,0,D09C diagnostic only; mainline must decide
T2_WI_A3-4_B1-2-5,T2,55,WI,Wisconsin,2023,552023,552301,3-4,1-2-5,2,3,0,62,35928998.699999996,0,0,0,0.0,0.0,0.0,0.09753713397551456,4637,6932,0.003385484196271711,80,81,80,81,0.9876543209876543,0.40372670807453415,0.40711219227080586,4637,6932,2018.0634030623248,2021.0744373918062,2018.0,2021.0,2016,2023,2018,2023,1.5495385699984905,1.3101817796580009,3.01103432948139,0,0,0,,ELIGIBLE_DESIGN_ONLY_RANKING,1,3,0,0,D09C diagnostic only; mainline must decide
T2_WI_A3-5_B1-2-4,T2,55,WI,Wisconsin,2023,552023,552301,3-5,1-2-4,2,3,0,62,35928998.699999996,0,0,0,0.0,0.0,0.0,0.10572237939284167,4573,6996,0.019664620969833173,81,80,80,81,0.9876543209876543,0.4296066252587991,0.4492712462286323,4573,6996,2018.7063197026023,2020.626643796455,2019.0,2021.0,2016,2023,2017,2023,1.7628783331891933,1.8450634868168276,1.9203240938527415,0,0,0,,ELIGIBLE_DESIGN_ONLY_RANKING,1,7,0,0,D09C diagnostic only; mainline must decide
T2_WI_A4-5_B1-2-3,T2,55,WI,Wisconsin,2023,552023,552301,4-5,1-2-3,2,3,0,62,35928998.699999996,0,0,0,0.0,0.0,0.0,0.0884497307781735,4620,6949,0.002737199988475013,81,80,80,81,0.9876543209876543,0.4296066252587991,0.4323438252472741,4620,6949,2018.9186147186147,2020.4984889912218,2019.0,2021.0,2017,2021,2016,2023,0.8790702362346421,2.3300999721093847,1.579874272607185,0,0,0,,ELIGIBLE_DESIGN_ONLY_RANKING,1,2,0,0,D09C diagnostic only; mainline must decide
T2_WY_A1-2_B3-4-5,T2,56,WY,Wyoming,2023,562023,562301,1-2,3-4-5,2,3,0,97,62600429.99999999,0,0,0,0.0,0.0,0.0,0.10527312108197455,4146,6135,0.013617352397626691,121,121,120,122,0.9836065573770492,0.41666666666666663,0.4302840190642933,4146,6135,2017.0188133140375,2019.5263243683783,2015.0,2021.0,2011,2023,2012,2024,2.6788963286336713,2.69645453719544,2.507511054340739,0,0,0,,ELIGIBLE_DESIGN_ONLY_RANKING,1,5,0,0,D09C diagnostic only; mainline must decide
T2_WY_A1-3_B2-4-5,T2,56,WY,Wyoming,2023,562023,562301,1-3,2-4-5,2,3,0,97,62600429.99999999,0,0,0,0.0,0.0,0.0,0.08109515950822767,4147,6134,0.014022630742794116,121,122,121,122,0.9918032786885246,0.40809327846364885,0.422115909206443,4147,6134,2017.5061490233904,2019.1972611672645,2017.0,2020.0,2011,2024,2011,2024,2.795169891545226,2.8676244261761616,1.6911121438740793,0,0,0,,ELIGIBLE_DESIGN_ONLY_RANKING,1,1,1,0,D09C diagnostic only; mainline must decide
T2_WY_A1-4_B2-3-5,T2,56,WY,Wyoming,2023,562023,562301,1-4,2-3-5,2,3,0,97,62600429.99999999,0,0,0,0.0,0.0,0.0,0.10867998843068437,4171,6110,0.023749311026813182,121,122,121,122,0.9918032786885246,0.40809327846364885,0.431842589490462,4171,6110,2018.0105490290098,2018.8595744680852,2018.0,2019.5,2011,2024,2011,2024,3.007964481505069,2.871889910918977,0.8490254390753762,0,0,0,,ELIGIBLE_DESIGN_ONLY_RANKING,1,7,0,0,D09C diagnostic only; mainline must decide
T2_WY_A1-5_B2-3-4,T2,56,WY,Wyoming,2023,562023,562301,1-5,2-3-4,2,3,0,97,62600429.99999999,0,0,0,0.0,0.0,0.0,0.11859931998464782,4051,6230,0.024884090393282033,121,122,121,122,0.9918032786885246,0.40809327846364885,0.4329773688569309,4051,6230,2018.4245865218465,2018.573996789727,2019.0,2020.0,2011,2024,2011,2024,3.264614290355918,2.7376127549513884,0.14941026788051204,0,0,0,,ELIGIBLE_DESIGN_ONLY_RANKING,1,9,0,0,D09C diagnostic only; mainline must decide
T2_WY_A2-3_B1-4-5,T2,56,WY,Wyoming,2023,562023,562301,2-3,1-4-5,2,3,0,97,62600429.99999999,0,0,0,0.0,0.0,0.0,0.1079246997321284,4137,6144,0.009969847291119542,122,121,121,122,0.9918032786885246,0.4252400548696844,0.43520990216080396,4137,6144,2018.0763838530336,2018.810546875,2018.0,2019.0,2011,2024,2011,2024,2.6794341177033107,3.095828971075557,0.7341630219664239,0,0,0,,ELIGIBLE_DESIGN_ONLY_RANKING,1,6,0,0,D09C diagnostic only; mainline must decide
T2_WY_A2-4_B1-3-5,T2,56,WY,Wyoming,2023,562023,562301,2-4,1-3-5,2,3,0,97,62600429.99999999,0,0,0,0.0,0.0,0.0,0.10386240031921186,4161,6120,0.019696527575138605,122,121,121,122,0.9918032786885246,0.4252400548696844,0.44493658244482304,4161,6120,2018.5787070415765,2018.4718954248367,2020.0,2019.0,2011,2024,2011,2024,2.8015480543680806,3.0580579758408506,0.10681161673983297,0,0,0,,ELIGIBLE_DESIGN_ONLY_RANKING,1,4,0,0,D09C diagnostic only; mainline must decide
T2_WY_A2-5_B1-3-4,T2,56,WY,Wyoming,2023,562023,562301,2-5,1-3-4,2,3,0,97,62600429.99999999,1,0,1,87183.98045125966,0.0,87183.98045125966,0.09750295249193125,4041,6240,0.028936873844956718,122,121,121,122,0.9918032786885246,0.4252400548696844,0.4541769287146411,4041,6240,2019.0106409304628,2018.1942307692307,2020.0,2018.0,2011,2024,2011,2024,2.9884489851143874,2.892157745306529,0.8164101612321701,0,0,0,,ELIGIBLE_DESIGN_ONLY_RANKING,1,10,0,0,D09C diagnostic only; mainline must decide
T2_WY_A3-4_B1-2-5,T2,56,WY,Wyoming,2023,562023,562301,3-4,1-2-5,2,3,0,97,62600429.99999999,0,0,0,0.0,0.0,0.0,0.11641135393171383,4162,6119,0.02010180592030603,121,122,121,122,0.9918032786885246,0.40809327846364885,0.42819508438395487,4162,6119,2019.0639115809706,2018.141853243994,2021.0,2018.0,2012,2024,2011,2024,2.639931447673723,3.1000762253283725,0.9220583369765336,0,0,0,,ELIGIBLE_DESIGN_ONLY_RANKING,1,8,0,0,D09C diagnostic only; mainline must decide
T2_WY_A3-5_B1-2-4,T2,56,WY,Wyoming,2023,562023,562301,3-5,1-2-4,2,3,0,97,62600429.99999999,0,0,0,0.0,0.0,0.0,0.10066314435557541,4042,6239,0.028531595499789186,121,122,121,122,0.9918032786885246,0.40809327846364885,0.436624873963438,4042,6239,2019.5101434933201,2017.8704920660361,2021.0,2018.0,2012,2024,2011,2024,2.7543169471357785,2.9052405797323084,1.6396514272839795,0,0,0,,ELIGIBLE_DESIGN_ONLY_RANKING,1,2,0,0,D09C diagnostic only; mainline must decide
T2_WY_A4-5_B1-2-3,T2,56,WY,Wyoming,2023,562023,562301,4-5,1-2-3,2,3,0,97,62600429.99999999,0,0,0,0.0,0.0,0.0,0.10336807346311876,4066,6215,0.01880491521577012,121,122,121,122,0.9918032786885246,0.40809327846364885,0.42689819367941895,4066,6215,2020.0157402852926,2017.5333869670153,2022.0,2017.0,2013,2024,2011,2024,2.6094252769433948,2.752440535811336,2.482353318277319,0,0,0,,ELIGIBLE_DESIGN_ONLY_RANKING,1,3,0,0,D09C diagnostic only; mainline must decide
