evidence_id,evidence_scope,fia_species_code,analysis_species_id,source_path,source_sha256,source_record_ids,claim,transformation_rule
SRC-00001,FROZEN_SOURCE,,,C:\range_paper\02_raw\WCVP\wcvp.zip,d32ea2b3a85e489b14e83bcc9eae7274532e1d113753f7be290d4b2dfde573fa,,Frozen local source used by D08B build.,READ_ONLY
SRC-00002,FROZEN_SOURCE,,,C:\range_paper\03_doc\USGS\D08A_USGS_Atlas_G_Table1_20260902.html,fdca3c163d856aeea7b15ec5f80e18750701a880ee8f9f4c1bd5cc076f26292b,,Frozen local source used by D08B build.,READ_ONLY
SRC-00003,FROZEN_SOURCE,,,C:\range_paper\05_qc\elig_v02\TAXONOMY_CROSSWALK.csv,a9b22979d5b3d62aeecdf6275cac5fb98ccd12416e0682bce9072670bcc382c0,,Frozen local source used by D08B build.,READ_ONLY
SRC-00004,FROZEN_SOURCE,,,C:\range_paper\05_qc\elig_v02\PROTOCOL_FLAGS.csv,9bbb4eb6e97cf5bfc6610b3db3d491b9485eaf618313e2e03c3147bee7e117e1,,Frozen local source used by D08B build.,READ_ONLY
SRC-00005,FROZEN_SOURCE,,,C:\range_paper\05_qc\elig_v02\GLOBAL_RANGE_REVIEW_QUEUE.csv,08df1f042e19f63c2a19d935e3ce5be7ae5544b0f462d2b785caef9d8ec17639,,Frozen local source used by D08B build.,READ_ONLY
SRC-00006,FROZEN_SOURCE,,,C:\range_paper\00_control\TAXON_RANGE_BUILD_CONTRACT_v01.md,8bfb67208a469cde5f7ad92186f76d7561378f7a6be46bda821d9754644092bb,,Frozen local source used by D08B build.,READ_ONLY
SRC-00007,FROZEN_SOURCE,,,C:\range_paper\05_qc\elig_v02\MAINLINE_AUDIT_INDEX.md,91f1efe239ce1c13b34789bb02d18a4767614bfafdd8296a182fc0e4edf851af,,Frozen local source used by D08B build.,READ_ONLY
TAX-00008,TAXONOMY_MAPPING,11,381632,C:\range_paper\02_raw\WCVP\wcvp.zip::wcvp_names.csv,d32ea2b3a85e489b14e83bcc9eae7274532e1d113753f7be290d4b2dfde573fa,381632,ACCEPTED_SPECIES: Abies amabilis -> Abies amabilis,Direct WCVP Accepted species.
TAX-00009,TAXONOMY_MAPPING,12,381647,C:\range_paper\02_raw\WCVP\wcvp.zip::wcvp_names.csv,d32ea2b3a85e489b14e83bcc9eae7274532e1d113753f7be290d4b2dfde573fa,381647,ACCEPTED_SPECIES: Abies balsamea -> Abies balsamea,Direct WCVP Accepted species.
TAX-00010,TAXONOMY_MAPPING,15,381713,C:\range_paper\02_raw\WCVP\wcvp.zip::wcvp_names.csv,d32ea2b3a85e489b14e83bcc9eae7274532e1d113753f7be290d4b2dfde573fa,381713,ACCEPTED_SPECIES: Abies concolor -> Abies concolor,Direct WCVP Accepted species.
TAX-00011,TAXONOMY_MAPPING,16,381792,C:\range_paper\02_raw\WCVP\wcvp.zip::wcvp_names.csv,d32ea2b3a85e489b14e83bcc9eae7274532e1d113753f7be290d4b2dfde573fa,381792,ACCEPTED_SPECIES: Abies fraseri -> Abies fraseri,Direct WCVP Accepted species.
TAX-00012,TAXONOMY_MAPPING,17,381804,C:\range_paper\02_raw\WCVP\wcvp.zip::wcvp_names.csv,d32ea2b3a85e489b14e83bcc9eae7274532e1d113753f7be290d4b2dfde573fa,381804;385867,ACCEPTED_SPECIES: Abies grandis -> Abies grandis,Direct WCVP Accepted species.
TAX-00013,TAXONOMY_MAPPING,18,381853,C:\range_paper\02_raw\WCVP\wcvp.zip::wcvp_names.csv,d32ea2b3a85e489b14e83bcc9eae7274532e1d113753f7be290d4b2dfde573fa,381854,ACCEPTED_INFRASPECIES_TO_PARENT_SPECIES: Abies lasiocarpa var. arizonica -> Abies lasiocarpa,Accepted infraspecific taxon mapped by parent_plant_name_id to its Accepted parent species.
TAX-00014,TAXONOMY_MAPPING,19,381853,C:\range_paper\02_raw\WCVP\wcvp.zip::wcvp_names.csv,d32ea2b3a85e489b14e83bcc9eae7274532e1d113753f7be290d4b2dfde573fa,381852;381853,ACCEPTED_SPECIES: Abies lasiocarpa -> Abies lasiocarpa,Direct WCVP Accepted species.
TAX-00015,TAXONOMY_MAPPING,20,381868,C:\range_paper\02_raw\WCVP\wcvp.zip::wcvp_names.csv,d32ea2b3a85e489b14e83bcc9eae7274532e1d113753f7be290d4b2dfde573fa,381868,ACCEPTED_SPECIES: Abies magnifica -> Abies magnifica,Direct WCVP Accepted species.
TAX-00016,TAXONOMY_MAPPING,21,381868,C:\range_paper\02_raw\WCVP\wcvp.zip::wcvp_names.csv,d32ea2b3a85e489b14e83bcc9eae7274532e1d113753f7be290d4b2dfde573fa,381999,SYNONYM_TO_ACCEPTED_INFRASPECIES_TO_PARENT_SPECIES: Abies shastensis -> Abies magnifica,"WCVP Synonym resolved to an Accepted infraspecific taxon, then by parent_plant_name_id to its Accepted parent species."
TAX-00017,TAXONOMY_MAPPING,22,381974,C:\range_paper\02_raw\WCVP\wcvp.zip::wcvp_names.csv,d32ea2b3a85e489b14e83bcc9eae7274532e1d113753f7be290d4b2dfde573fa,381974,ACCEPTED_SPECIES: Abies procera -> Abies procera,Direct WCVP Accepted species.
TAX-00018,TAXONOMY_MAPPING,41,382830,C:\range_paper\02_raw\WCVP\wcvp.zip::wcvp_names.csv,d32ea2b3a85e489b14e83bcc9eae7274532e1d113753f7be290d4b2dfde573fa,382830,ACCEPTED_SPECIES: Chamaecyparis lawsoniana -> Chamaecyparis lawsoniana,Direct WCVP Accepted species.
TAX-00019,TAXONOMY_MAPPING,42,456789,C:\range_paper\02_raw\WCVP\wcvp.zip::wcvp_names.csv,d32ea2b3a85e489b14e83bcc9eae7274532e1d113753f7be290d4b2dfde573fa,382839,SYNONYM_TO_ACCEPTED_SPECIES: Chamaecyparis nootkatensis -> Callitropsis nootkatensis,Exact WCVP Synonym resolved by accepted_plant_name_id to an Accepted species.
TAX-00020,TAXONOMY_MAPPING,43,382860,C:\range_paper\02_raw\WCVP\wcvp.zip::wcvp_names.csv,d32ea2b3a85e489b14e83bcc9eae7274532e1d113753f7be290d4b2dfde573fa,382860,ACCEPTED_SPECIES: Chamaecyparis thyoides -> Chamaecyparis thyoides,Direct WCVP Accepted species.
TAX-00021,TAXONOMY_MAPPING,51,457902,C:\range_paper\02_raw\WCVP\wcvp.zip::wcvp_names.csv,d32ea2b3a85e489b14e83bcc9eae7274532e1d113753f7be290d4b2dfde573fa,383039,SYNONYM_TO_ACCEPTED_SPECIES: Cupressus arizonica -> Hesperocyparis arizonica,Exact WCVP Synonym resolved by accepted_plant_name_id to an Accepted species.
TAX-00022,TAXONOMY_MAPPING,52,457903,C:\range_paper\02_raw\WCVP\wcvp.zip::wcvp_names.csv,d32ea2b3a85e489b14e83bcc9eae7274532e1d113753f7be290d4b2dfde573fa,383062,SYNONYM_TO_ACCEPTED_SPECIES: Cupressus bakeri -> Hesperocyparis bakeri,Exact WCVP Synonym resolved by accepted_plant_name_id to an Accepted species.
TAX-00023,TAXONOMY_MAPPING,54,457913,C:\range_paper\02_raw\WCVP\wcvp.zip::wcvp_names.csv,d32ea2b3a85e489b14e83bcc9eae7274532e1d113753f7be290d4b2dfde573fa,383187,SYNONYM_TO_ACCEPTED_SPECIES: Cupressus macrocarpa -> Hesperocyparis macrocarpa,Exact WCVP Synonym resolved by accepted_plant_name_id to an Accepted species.
TAX-00024,TAXONOMY_MAPPING,55,457918,C:\range_paper\02_raw\WCVP\wcvp.zip::wcvp_names.csv,d32ea2b3a85e489b14e83bcc9eae7274532e1d113753f7be290d4b2dfde573fa,383229,SYNONYM_TO_ACCEPTED_SPECIES: Cupressus sargentii -> Hesperocyparis sargentii,Exact WCVP Synonym resolved by accepted_plant_name_id to an Accepted species.
TAX-00025,TAXONOMY_MAPPING,58,377678,C:\range_paper\02_raw\WCVP\wcvp.zip::wcvp_names.csv,d32ea2b3a85e489b14e83bcc9eae7274532e1d113753f7be290d4b2dfde573fa,377678,ACCEPTED_SPECIES: Juniperus pinchotii -> Juniperus pinchotii,Direct WCVP Accepted species.
TAX-00026,TAXONOMY_MAPPING,59,377511,C:\range_paper\02_raw\WCVP\wcvp.zip::wcvp_names.csv,d32ea2b3a85e489b14e83bcc9eae7274532e1d113753f7be290d4b2dfde573fa,377511,ACCEPTED_SPECIES: Juniperus coahuilensis -> Juniperus coahuilensis,Direct WCVP Accepted species.
TAX-00027,TAXONOMY_MAPPING,60,377397,C:\range_paper\02_raw\WCVP\wcvp.zip::wcvp_names.csv,d32ea2b3a85e489b14e83bcc9eae7274532e1d113753f7be290d4b2dfde573fa,377397,ACCEPTED_SPECIES: Juniperus flaccida -> Juniperus flaccida,Direct WCVP Accepted species.
TAX-00028,TAXONOMY_MAPPING,61,377454,C:\range_paper\02_raw\WCVP\wcvp.zip::wcvp_names.csv,d32ea2b3a85e489b14e83bcc9eae7274532e1d113753f7be290d4b2dfde573fa,377454,ACCEPTED_SPECIES: Juniperus ashei -> Juniperus ashei,Direct WCVP Accepted species.
TAX-00029,TAXONOMY_MAPPING,62,377520,C:\range_paper\02_raw\WCVP\wcvp.zip::wcvp_names.csv,d32ea2b3a85e489b14e83bcc9eae7274532e1d113753f7be290d4b2dfde573fa,377520,ACCEPTED_SPECIES: Juniperus californica -> Juniperus californica,Direct WCVP Accepted species.
TAX-00030,TAXONOMY_MAPPING,63,377371,C:\range_paper\02_raw\WCVP\wcvp.zip::wcvp_names.csv,d32ea2b3a85e489b14e83bcc9eae7274532e1d113753f7be290d4b2dfde573fa,377371,ACCEPTED_SPECIES: Juniperus deppeana -> Juniperus deppeana,Direct WCVP Accepted species.
TAX-00031,TAXONOMY_MAPPING,64,377592,C:\range_paper\02_raw\WCVP\wcvp.zip::wcvp_names.csv,d32ea2b3a85e489b14e83bcc9eae7274532e1d113753f7be290d4b2dfde573fa,377584;377592,ACCEPTED_SPECIES: Juniperus occidentalis -> Juniperus occidentalis,Direct WCVP Accepted species.
TAX-00032,TAXONOMY_MAPPING,65,377597,C:\range_paper\02_raw\WCVP\wcvp.zip::wcvp_names.csv,d32ea2b3a85e489b14e83bcc9eae7274532e1d113753f7be290d4b2dfde573fa,377597,ACCEPTED_SPECIES: Juniperus osteosperma -> Juniperus osteosperma,Direct WCVP Accepted species.
TAX-00033,TAXONOMY_MAPPING,66,377330,C:\range_paper\02_raw\WCVP\wcvp.zip::wcvp_names.csv,d32ea2b3a85e489b14e83bcc9eae7274532e1d113753f7be290d4b2dfde573fa,377330,ACCEPTED_SPECIES: Juniperus scopulorum -> Juniperus scopulorum,Direct WCVP Accepted species.
TAX-00034,TAXONOMY_MAPPING,67,377287,C:\range_paper\02_raw\WCVP\wcvp.zip::wcvp_names.csv,d32ea2b3a85e489b14e83bcc9eae7274532e1d113753f7be290d4b2dfde573fa,377291,ACCEPTED_INFRASPECIES_TO_PARENT_SPECIES: Juniperus virginiana var. silicicola -> Juniperus virginiana,Accepted infraspecific taxon mapped by parent_plant_name_id to its Accepted parent species.
TAX-00035,TAXONOMY_MAPPING,68,377287,C:\range_paper\02_raw\WCVP\wcvp.zip::wcvp_names.csv,d32ea2b3a85e489b14e83bcc9eae7274532e1d113753f7be290d4b2dfde573fa,377287,ACCEPTED_SPECIES: Juniperus virginiana -> Juniperus virginiana,Direct WCVP Accepted species.
TAX-00036,TAXONOMY_MAPPING,69,377543,C:\range_paper\02_raw\WCVP\wcvp.zip::wcvp_names.csv,d32ea2b3a85e489b14e83bcc9eae7274532e1d113753f7be290d4b2dfde573fa,377543,ACCEPTED_SPECIES: Juniperus monosperma -> Juniperus monosperma,Direct WCVP Accepted species.
TAX-00037,TAXONOMY_MAPPING,70,,C:\range_paper\02_raw\WCVP\wcvp.zip::wcvp_names.csv,d32ea2b3a85e489b14e83bcc9eae7274532e1d113753f7be290d4b2dfde573fa,,GENUS_OR_NON_SPECIES_AGGREGATE: Larix spp. -> ,FIA name is a genus/non-species aggregate or unknown object; no species assignment permitted.
TAX-00038,TAXONOMY_MAPPING,71,379072,C:\range_paper\02_raw\WCVP\wcvp.zip::wcvp_names.csv,d32ea2b3a85e489b14e83bcc9eae7274532e1d113753f7be290d4b2dfde573fa,379072,ACCEPTED_SPECIES: Larix laricina -> Larix laricina,Direct WCVP Accepted species.
TAX-00039,TAXONOMY_MAPPING,72,379089,C:\range_paper\02_raw\WCVP\wcvp.zip::wcvp_names.csv,d32ea2b3a85e489b14e83bcc9eae7274532e1d113753f7be290d4b2dfde573fa,379089,ACCEPTED_SPECIES: Larix lyallii -> Larix lyallii,Direct WCVP Accepted species.
TAX-00040,TAXONOMY_MAPPING,73,379096,C:\range_paper\02_raw\WCVP\wcvp.zip::wcvp_names.csv,d32ea2b3a85e489b14e83bcc9eae7274532e1d113753f7be290d4b2dfde573fa,379096,ACCEPTED_SPECIES: Larix occidentalis -> Larix occidentalis,Direct WCVP Accepted species.
TAX-00041,TAXONOMY_MAPPING,81,382424,C:\range_paper\02_raw\WCVP\wcvp.zip::wcvp_names.csv,d32ea2b3a85e489b14e83bcc9eae7274532e1d113753f7be290d4b2dfde573fa,382424,ACCEPTED_SPECIES: Calocedrus decurrens -> Calocedrus decurrens,Direct WCVP Accepted species.
TAX-00042,TAXONOMY_MAPPING,91,380406,C:\range_paper\02_raw\WCVP\wcvp.zip::wcvp_names.csv,d32ea2b3a85e489b14e83bcc9eae7274532e1d113753f7be290d4b2dfde573fa,380406,ACCEPTED_SPECIES: Picea abies -> Picea abies,Direct WCVP Accepted species.
TAX-00043,TAXONOMY_MAPPING,92,380618,C:\range_paper\02_raw\WCVP\wcvp.zip::wcvp_names.csv,d32ea2b3a85e489b14e83bcc9eae7274532e1d113753f7be290d4b2dfde573fa,380618,ACCEPTED_SPECIES: Picea breweriana -> Picea breweriana,Direct WCVP Accepted species.
TAX-00044,TAXONOMY_MAPPING,93,380614,C:\range_paper\02_raw\WCVP\wcvp.zip::wcvp_names.csv,d32ea2b3a85e489b14e83bcc9eae7274532e1d113753f7be290d4b2dfde573fa,380614,ACCEPTED_SPECIES: Picea engelmannii -> Picea engelmannii,Direct WCVP Accepted species.
TAX-00045,TAXONOMY_MAPPING,94,381078,C:\range_paper\02_raw\WCVP\wcvp.zip::wcvp_names.csv,d32ea2b3a85e489b14e83bcc9eae7274532e1d113753f7be290d4b2dfde573fa,380651,SYNONYM_TO_ACCEPTED_SPECIES: Picea glauca -> Picea laxa,Exact WCVP Synonym resolved by accepted_plant_name_id to an Accepted species.
TAX-00046,TAXONOMY_MAPPING,95,380589,C:\range_paper\02_raw\WCVP\wcvp.zip::wcvp_names.csv,d32ea2b3a85e489b14e83bcc9eae7274532e1d113753f7be290d4b2dfde573fa,380589,ACCEPTED_SPECIES: Picea mariana -> Picea mariana,Direct WCVP Accepted species.
TAX-00047,TAXONOMY_MAPPING,96,380719,C:\range_paper\02_raw\WCVP\wcvp.zip::wcvp_names.csv,d32ea2b3a85e489b14e83bcc9eae7274532e1d113753f7be290d4b2dfde573fa,380719,ACCEPTED_SPECIES: Picea pungens -> Picea pungens,Direct WCVP Accepted species.
TAX-00048,TAXONOMY_MAPPING,97,380751,C:\range_paper\02_raw\WCVP\wcvp.zip::wcvp_names.csv,d32ea2b3a85e489b14e83bcc9eae7274532e1d113753f7be290d4b2dfde573fa,380751;3322503,ACCEPTED_SPECIES: Picea rubens -> Picea rubens,Direct WCVP Accepted species.
TAX-00049,TAXONOMY_MAPPING,98,380741,C:\range_paper\02_raw\WCVP\wcvp.zip::wcvp_names.csv,d32ea2b3a85e489b14e83bcc9eae7274532e1d113753f7be290d4b2dfde573fa,380741,ACCEPTED_SPECIES: Picea sitchensis -> Picea sitchensis,Direct WCVP Accepted species.
TAX-00050,TAXONOMY_MAPPING,101,380705,C:\range_paper\02_raw\WCVP\wcvp.zip::wcvp_names.csv,d32ea2b3a85e489b14e83bcc9eae7274532e1d113753f7be290d4b2dfde573fa,380705,ACCEPTED_SPECIES: Pinus albicaulis -> Pinus albicaulis,Direct WCVP Accepted species.
TAX-00051,TAXONOMY_MAPPING,102,380723,C:\range_paper\02_raw\WCVP\wcvp.zip::wcvp_names.csv,d32ea2b3a85e489b14e83bcc9eae7274532e1d113753f7be290d4b2dfde573fa,380723,ACCEPTED_SPECIES: Pinus aristata -> Pinus aristata,Direct WCVP Accepted species.
TAX-00052,TAXONOMY_MAPPING,103,381057,C:\range_paper\02_raw\WCVP\wcvp.zip::wcvp_names.csv,d32ea2b3a85e489b14e83bcc9eae7274532e1d113753f7be290d4b2dfde573fa,381057,ACCEPTED_SPECIES: Pinus attenuata -> Pinus attenuata,Direct WCVP Accepted species.
TAX-00053,TAXONOMY_MAPPING,104,380514,C:\range_paper\02_raw\WCVP\wcvp.zip::wcvp_names.csv,d32ea2b3a85e489b14e83bcc9eae7274532e1d113753f7be290d4b2dfde573fa,380514,ACCEPTED_SPECIES: Pinus balfouriana -> Pinus balfouriana,Direct WCVP Accepted species.
TAX-00054,TAXONOMY_MAPPING,105,380544,C:\range_paper\02_raw\WCVP\wcvp.zip::wcvp_names.csv,d32ea2b3a85e489b14e83bcc9eae7274532e1d113753f7be290d4b2dfde573fa,380544,ACCEPTED_SPECIES: Pinus banksiana -> Pinus banksiana,Direct WCVP Accepted species.
TAX-00055,TAXONOMY_MAPPING,106,379820,C:\range_paper\02_raw\WCVP\wcvp.zip::wcvp_names.csv,d32ea2b3a85e489b14e83bcc9eae7274532e1d113753f7be290d4b2dfde573fa,379820,ACCEPTED_SPECIES: Pinus edulis -> Pinus edulis,Direct WCVP Accepted species.
TAX-00056,TAXONOMY_MAPPING,107,379871,C:\range_paper\02_raw\WCVP\wcvp.zip::wcvp_names.csv,d32ea2b3a85e489b14e83bcc9eae7274532e1d113753f7be290d4b2dfde573fa,379871,ACCEPTED_SPECIES: Pinus clausa -> Pinus clausa,Direct WCVP Accepted species.
TAX-00057,TAXONOMY_MAPPING,108,379843,C:\range_paper\02_raw\WCVP\wcvp.zip::wcvp_names.csv,d32ea2b3a85e489b14e83bcc9eae7274532e1d113753f7be290d4b2dfde573fa,379843,ACCEPTED_SPECIES: Pinus contorta -> Pinus contorta,Direct WCVP Accepted species.
TAX-00058,TAXONOMY_MAPPING,109,379852,C:\range_paper\02_raw\WCVP\wcvp.zip::wcvp_names.csv,d32ea2b3a85e489b14e83bcc9eae7274532e1d113753f7be290d4b2dfde573fa,379852,ACCEPTED_SPECIES: Pinus coulteri -> Pinus coulteri,Direct WCVP Accepted species.
TAX-00059,TAXONOMY_MAPPING,110,379818,C:\range_paper\02_raw\WCVP\wcvp.zip::wcvp_names.csv,d32ea2b3a85e489b14e83bcc9eae7274532e1d113753f7be290d4b2dfde573fa,379809;379818,ACCEPTED_SPECIES: Pinus echinata -> Pinus echinata,Direct WCVP Accepted species.
TAX-00060,TAXONOMY_MAPPING,111,379943,C:\range_paper\02_raw\WCVP\wcvp.zip::wcvp_names.csv,d32ea2b3a85e489b14e83bcc9eae7274532e1d113753f7be290d4b2dfde573fa,379943,ACCEPTED_SPECIES: Pinus elliottii -> Pinus elliottii,Direct WCVP Accepted species.
TAX-00061,TAXONOMY_MAPPING,112,379946,C:\range_paper\02_raw\WCVP\wcvp.zip::wcvp_names.csv,d32ea2b3a85e489b14e83bcc9eae7274532e1d113753f7be290d4b2dfde573fa,379946;379947,ACCEPTED_SPECIES: Pinus engelmannii -> Pinus engelmannii,Direct WCVP Accepted species.
TAX-00062,TAXONOMY_MAPPING,113,379971,C:\range_paper\02_raw\WCVP\wcvp.zip::wcvp_names.csv,d32ea2b3a85e489b14e83bcc9eae7274532e1d113753f7be290d4b2dfde573fa,379971,ACCEPTED_SPECIES: Pinus flexilis -> Pinus flexilis,Direct WCVP Accepted species.
TAX-00063,TAXONOMY_MAPPING,114,380012,C:\range_paper\02_raw\WCVP\wcvp.zip::wcvp_names.csv,d32ea2b3a85e489b14e83bcc9eae7274532e1d113753f7be290d4b2dfde573fa,380012,ACCEPTED_SPECIES: Pinus strobiformis -> Pinus strobiformis,Direct WCVP Accepted species.
TAX-00064,TAXONOMY_MAPPING,115,379966,C:\range_paper\02_raw\WCVP\wcvp.zip::wcvp_names.csv,d32ea2b3a85e489b14e83bcc9eae7274532e1d113753f7be290d4b2dfde573fa,379966,ACCEPTED_SPECIES: Pinus glabra -> Pinus glabra,Direct WCVP Accepted species.
TAX-00065,TAXONOMY_MAPPING,116,379708,C:\range_paper\02_raw\WCVP\wcvp.zip::wcvp_names.csv,d32ea2b3a85e489b14e83bcc9eae7274532e1d113753f7be290d4b2dfde573fa,379708,ACCEPTED_SPECIES: Pinus jeffreyi -> Pinus jeffreyi,Direct WCVP Accepted species.
TAX-00066,TAXONOMY_MAPPING,117,379703,C:\range_paper\02_raw\WCVP\wcvp.zip::wcvp_names.csv,d32ea2b3a85e489b14e83bcc9eae7274532e1d113753f7be290d4b2dfde573fa,379703,ACCEPTED_SPECIES: Pinus lambertiana -> Pinus lambertiana,Direct WCVP Accepted species.
TAX-00067,TAXONOMY_MAPPING,118,379770,C:\range_paper\02_raw\WCVP\wcvp.zip::wcvp_names.csv,d32ea2b3a85e489b14e83bcc9eae7274532e1d113753f7be290d4b2dfde573fa,379770,ACCEPTED_SPECIES: Pinus leiophylla -> Pinus leiophylla,Direct WCVP Accepted species.
TAX-00068,TAXONOMY_MAPPING,119,380255,C:\range_paper\02_raw\WCVP\wcvp.zip::wcvp_names.csv,d32ea2b3a85e489b14e83bcc9eae7274532e1d113753f7be290d4b2dfde573fa,380255,ACCEPTED_SPECIES: Pinus monticola -> Pinus monticola,Direct WCVP Accepted species.
TAX-00069,TAXONOMY_MAPPING,120,380239,C:\range_paper\02_raw\WCVP\wcvp.zip::wcvp_names.csv,d32ea2b3a85e489b14e83bcc9eae7274532e1d113753f7be290d4b2dfde573fa,380239;380261,ACCEPTED_SPECIES: Pinus muricata -> Pinus muricata,Direct WCVP Accepted species.
TAX-00070,TAXONOMY_MAPPING,121,380268,C:\range_paper\02_raw\WCVP\wcvp.zip::wcvp_names.csv,d32ea2b3a85e489b14e83bcc9eae7274532e1d113753f7be290d4b2dfde573fa,380268,ACCEPTED_SPECIES: Pinus palustris -> Pinus palustris,Direct WCVP Accepted species.
TAX-00071,TAXONOMY_MAPPING,122,380358,C:\range_paper\02_raw\WCVP\wcvp.zip::wcvp_names.csv,d32ea2b3a85e489b14e83bcc9eae7274532e1d113753f7be290d4b2dfde573fa,380358,ACCEPTED_SPECIES: Pinus ponderosa -> Pinus ponderosa,Direct WCVP Accepted species.
TAX-00072,TAXONOMY_MAPPING,123,380272,C:\range_paper\02_raw\WCVP\wcvp.zip::wcvp_names.csv,d32ea2b3a85e489b14e83bcc9eae7274532e1d113753f7be290d4b2dfde573fa,380272,ACCEPTED_SPECIES: Pinus pungens -> Pinus pungens,Direct WCVP Accepted species.
TAX-00073,TAXONOMY_MAPPING,124,380297,C:\range_paper\02_raw\WCVP\wcvp.zip::wcvp_names.csv,d32ea2b3a85e489b14e83bcc9eae7274532e1d113753f7be290d4b2dfde573fa,380297,ACCEPTED_SPECIES: Pinus radiata -> Pinus radiata,Direct WCVP Accepted species.
TAX-00074,TAXONOMY_MAPPING,125,380302,C:\range_paper\02_raw\WCVP\wcvp.zip::wcvp_names.csv,d32ea2b3a85e489b14e83bcc9eae7274532e1d113753f7be290d4b2dfde573fa,380302;380311;380312;386417,ACCEPTED_SPECIES: Pinus resinosa -> Pinus resinosa,Direct WCVP Accepted species.
TAX-00075,TAXONOMY_MAPPING,126,380293,C:\range_paper\02_raw\WCVP\wcvp.zip::wcvp_names.csv,d32ea2b3a85e489b14e83bcc9eae7274532e1d113753f7be290d4b2dfde573fa,380293;380294,ACCEPTED_SPECIES: Pinus rigida -> Pinus rigida,Direct WCVP Accepted species.
TAX-00076,TAXONOMY_MAPPING,127,380011,C:\range_paper\02_raw\WCVP\wcvp.zip::wcvp_names.csv,d32ea2b3a85e489b14e83bcc9eae7274532e1d113753f7be290d4b2dfde573fa,380011,ACCEPTED_SPECIES: Pinus sabiniana -> Pinus sabiniana,Direct WCVP Accepted species.
TAX-00077,TAXONOMY_MAPPING,128,379991,C:\range_paper\02_raw\WCVP\wcvp.zip::wcvp_names.csv,d32ea2b3a85e489b14e83bcc9eae7274532e1d113753f7be290d4b2dfde573fa,379991,ACCEPTED_SPECIES: Pinus serotina -> Pinus serotina,Direct WCVP Accepted species.
TAX-00078,TAXONOMY_MAPPING,129,380022,C:\range_paper\02_raw\WCVP\wcvp.zip::wcvp_names.csv,d32ea2b3a85e489b14e83bcc9eae7274532e1d113753f7be290d4b2dfde573fa,380022;380023,ACCEPTED_SPECIES: Pinus strobus -> Pinus strobus,Direct WCVP Accepted species.
TAX-00079,TAXONOMY_MAPPING,130,380126,C:\range_paper\02_raw\WCVP\wcvp.zip::wcvp_names.csv,d32ea2b3a85e489b14e83bcc9eae7274532e1d113753f7be290d4b2dfde573fa,380124;380126,ACCEPTED_SPECIES: Pinus sylvestris -> Pinus sylvestris,Direct WCVP Accepted species.
TAX-00080,TAXONOMY_MAPPING,131,380129,C:\range_paper\02_raw\WCVP\wcvp.zip::wcvp_names.csv,d32ea2b3a85e489b14e83bcc9eae7274532e1d113753f7be290d4b2dfde573fa,380110;380129,ACCEPTED_SPECIES: Pinus taeda -> Pinus taeda,Direct WCVP Accepted species.
TAX-00081,TAXONOMY_MAPPING,132,380091,C:\range_paper\02_raw\WCVP\wcvp.zip::wcvp_names.csv,d32ea2b3a85e489b14e83bcc9eae7274532e1d113753f7be290d4b2dfde573fa,380091,ACCEPTED_SPECIES: Pinus virginiana -> Pinus virginiana,Direct WCVP Accepted species.
TAX-00082,TAXONOMY_MAPPING,133,380231,C:\range_paper\02_raw\WCVP\wcvp.zip::wcvp_names.csv,d32ea2b3a85e489b14e83bcc9eae7274532e1d113753f7be290d4b2dfde573fa,380231,ACCEPTED_SPECIES: Pinus monophylla -> Pinus monophylla,Direct WCVP Accepted species.
TAX-00083,TAXONOMY_MAPPING,134,379837,C:\range_paper\02_raw\WCVP\wcvp.zip::wcvp_names.csv,d32ea2b3a85e489b14e83bcc9eae7274532e1d113753f7be290d4b2dfde573fa,379837,ACCEPTED_SPECIES: Pinus discolor -> Pinus discolor,Direct WCVP Accepted species.
TAX-00084,TAXONOMY_MAPPING,135,380503,C:\range_paper\02_raw\WCVP\wcvp.zip::wcvp_names.csv,d32ea2b3a85e489b14e83bcc9eae7274532e1d113753f7be290d4b2dfde573fa,380503,ACCEPTED_SPECIES: Pinus arizonica -> Pinus arizonica,Direct WCVP Accepted species.
TAX-00085,TAXONOMY_MAPPING,136,380171,C:\range_paper\02_raw\WCVP\wcvp.zip::wcvp_names.csv,d32ea2b3a85e489b14e83bcc9eae7274532e1d113753f7be290d4b2dfde573fa,380170;380171;380172,ACCEPTED_SPECIES: Pinus nigra -> Pinus nigra,Direct WCVP Accepted species.
TAX-00086,TAXONOMY_MAPPING,137,380358,C:\range_paper\02_raw\WCVP\wcvp.zip::wcvp_names.csv,d32ea2b3a85e489b14e83bcc9eae7274532e1d113753f7be290d4b2dfde573fa,380101,SYNONYM_TO_ACCEPTED_INFRASPECIES_TO_PARENT_SPECIES: Pinus washoensis -> Pinus ponderosa,"WCVP Synonym resolved to an Accepted infraspecific taxon, then by parent_plant_name_id to its Accepted parent species."
TAX-00087,TAXONOMY_MAPPING,140,380484,C:\range_paper\02_raw\WCVP\wcvp.zip::wcvp_names.csv,d32ea2b3a85e489b14e83bcc9eae7274532e1d113753f7be290d4b2dfde573fa,380484;380485,ACCEPTED_SPECIES: Pinus cembroides -> Pinus cembroides,Direct WCVP Accepted species.
TAX-00088,TAXONOMY_MAPPING,141,380317,C:\range_paper\02_raw\WCVP\wcvp.zip::wcvp_names.csv,d32ea2b3a85e489b14e83bcc9eae7274532e1d113753f7be290d4b2dfde573fa,380317,ACCEPTED_SPECIES: Pinus remota -> Pinus remota,Direct WCVP Accepted species.
TAX-00089,TAXONOMY_MAPPING,142,379762,C:\range_paper\02_raw\WCVP\wcvp.zip::wcvp_names.csv,d32ea2b3a85e489b14e83bcc9eae7274532e1d113753f7be290d4b2dfde573fa,379762,ACCEPTED_SPECIES: Pinus longaeva -> Pinus longaeva,Direct WCVP Accepted species.
TAX-00090,TAXONOMY_MAPPING,143,3317681,C:\range_paper\02_raw\WCVP\wcvp.zip::wcvp_names.csv,d32ea2b3a85e489b14e83bcc9eae7274532e1d113753f7be290d4b2dfde573fa,380213,SYNONYM_TO_ACCEPTED_SPECIES: Pinus monophylla var. fallax -> Pinus × kohae,Exact WCVP Synonym resolved by accepted_plant_name_id to an Accepted species.
TAX-00091,TAXONOMY_MAPPING,201,378313,C:\range_paper\02_raw\WCVP\wcvp.zip::wcvp_names.csv,d32ea2b3a85e489b14e83bcc9eae7274532e1d113753f7be290d4b2dfde573fa,378313,ACCEPTED_SPECIES: Pseudotsuga macrocarpa -> Pseudotsuga macrocarpa,Direct WCVP Accepted species.
TAX-00092,TAXONOMY_MAPPING,202,379633,C:\range_paper\02_raw\WCVP\wcvp.zip::wcvp_names.csv,d32ea2b3a85e489b14e83bcc9eae7274532e1d113753f7be290d4b2dfde573fa,379633,ACCEPTED_SPECIES: Pseudotsuga menziesii -> Pseudotsuga menziesii,Direct WCVP Accepted species.
TAX-00093,TAXONOMY_MAPPING,211,378988,C:\range_paper\02_raw\WCVP\wcvp.zip::wcvp_names.csv,d32ea2b3a85e489b14e83bcc9eae7274532e1d113753f7be290d4b2dfde573fa,378988,ACCEPTED_SPECIES: Sequoia sempervirens -> Sequoia sempervirens,Direct WCVP Accepted species.
TAX-00094,TAXONOMY_MAPPING,212,381300,C:\range_paper\02_raw\WCVP\wcvp.zip::wcvp_names.csv,d32ea2b3a85e489b14e83bcc9eae7274532e1d113753f7be290d4b2dfde573fa,381300,ACCEPTED_SPECIES: Sequoiadendron giganteum -> Sequoiadendron giganteum,Direct WCVP Accepted species.
TAX-00095,TAXONOMY_MAPPING,221,378596,C:\range_paper\02_raw\WCVP\wcvp.zip::wcvp_names.csv,d32ea2b3a85e489b14e83bcc9eae7274532e1d113753f7be290d4b2dfde573fa,378596,ACCEPTED_SPECIES: Taxodium distichum -> Taxodium distichum,Direct WCVP Accepted species.
TAX-00096,TAXONOMY_MAPPING,222,378596,C:\range_paper\02_raw\WCVP\wcvp.zip::wcvp_names.csv,d32ea2b3a85e489b14e83bcc9eae7274532e1d113753f7be290d4b2dfde573fa,378594,SYNONYM_TO_ACCEPTED_INFRASPECIES_TO_PARENT_SPECIES: Taxodium ascendens -> Taxodium distichum,"WCVP Synonym resolved to an Accepted infraspecific taxon, then by parent_plant_name_id to its Accepted parent species."
TAX-00097,TAXONOMY_MAPPING,231,378623,C:\range_paper\02_raw\WCVP\wcvp.zip::wcvp_names.csv,d32ea2b3a85e489b14e83bcc9eae7274532e1d113753f7be290d4b2dfde573fa,378623,ACCEPTED_SPECIES: Taxus brevifolia -> Taxus brevifolia,Direct WCVP Accepted species.
TAX-00098,TAXONOMY_MAPPING,241,378542,C:\range_paper\02_raw\WCVP\wcvp.zip::wcvp_names.csv,d32ea2b3a85e489b14e83bcc9eae7274532e1d113753f7be290d4b2dfde573fa,378542,ACCEPTED_SPECIES: Thuja occidentalis -> Thuja occidentalis,Direct WCVP Accepted species.
TAX-00099,TAXONOMY_MAPPING,242,378546,C:\range_paper\02_raw\WCVP\wcvp.zip::wcvp_names.csv,d32ea2b3a85e489b14e83bcc9eae7274532e1d113753f7be290d4b2dfde573fa,378546,ACCEPTED_SPECIES: Thuja plicata -> Thuja plicata,Direct WCVP Accepted species.
TAX-00100,TAXONOMY_MAPPING,251,378636,C:\range_paper\02_raw\WCVP\wcvp.zip::wcvp_names.csv,d32ea2b3a85e489b14e83bcc9eae7274532e1d113753f7be290d4b2dfde573fa,378636,ACCEPTED_SPECIES: Torreya californica -> Torreya californica,Direct WCVP Accepted species.
TAX-00101,TAXONOMY_MAPPING,261,379363,C:\range_paper\02_raw\WCVP\wcvp.zip::wcvp_names.csv,d32ea2b3a85e489b14e83bcc9eae7274532e1d113753f7be290d4b2dfde573fa,379363,ACCEPTED_SPECIES: Tsuga canadensis -> Tsuga canadensis,Direct WCVP Accepted species.
TAX-00102,TAXONOMY_MAPPING,262,379383,C:\range_paper\02_raw\WCVP\wcvp.zip::wcvp_names.csv,d32ea2b3a85e489b14e83bcc9eae7274532e1d113753f7be290d4b2dfde573fa,379383,ACCEPTED_SPECIES: Tsuga caroliniana -> Tsuga caroliniana,Direct WCVP Accepted species.
TAX-00103,TAXONOMY_MAPPING,263,379395,C:\range_paper\02_raw\WCVP\wcvp.zip::wcvp_names.csv,d32ea2b3a85e489b14e83bcc9eae7274532e1d113753f7be290d4b2dfde573fa,379395,ACCEPTED_SPECIES: Tsuga heterophylla -> Tsuga heterophylla,Direct WCVP Accepted species.
TAX-00104,TAXONOMY_MAPPING,264,379433,C:\range_paper\02_raw\WCVP\wcvp.zip::wcvp_names.csv,d32ea2b3a85e489b14e83bcc9eae7274532e1d113753f7be290d4b2dfde573fa,379433,ACCEPTED_SPECIES: Tsuga mertensiana -> Tsuga mertensiana,Direct WCVP Accepted species.
TAX-00105,TAXONOMY_MAPPING,303,2452405,C:\range_paper\02_raw\WCVP\wcvp.zip::wcvp_names.csv,d32ea2b3a85e489b14e83bcc9eae7274532e1d113753f7be290d4b2dfde573fa,2612172,SYNONYM_TO_ACCEPTED_SPECIES: Acacia farnesiana -> Vachellia farnesiana,Exact WCVP Synonym resolved by accepted_plant_name_id to an Accepted species.
TAX-00106,TAXONOMY_MAPPING,311,2616387,C:\range_paper\02_raw\WCVP\wcvp.zip::wcvp_names.csv,d32ea2b3a85e489b14e83bcc9eae7274532e1d113753f7be290d4b2dfde573fa,2615386;2615387,SYNONYM_TO_ACCEPTED_INFRASPECIES_TO_PARENT_SPECIES: Acer barbatum -> Acer saccharum,"WCVP Synonym resolved to an Accepted infraspecific taxon, then by parent_plant_name_id to its Accepted parent species."
TAX-00107,TAXONOMY_MAPPING,312,2615900,C:\range_paper\02_raw\WCVP\wcvp.zip::wcvp_names.csv,d32ea2b3a85e489b14e83bcc9eae7274532e1d113753f7be290d4b2dfde573fa,2615900,ACCEPTED_SPECIES: Acer macrophyllum -> Acer macrophyllum,Direct WCVP Accepted species.
TAX-00108,TAXONOMY_MAPPING,313,2616024,C:\range_paper\02_raw\WCVP\wcvp.zip::wcvp_names.csv,d32ea2b3a85e489b14e83bcc9eae7274532e1d113753f7be290d4b2dfde573fa,2616024,ACCEPTED_SPECIES: Acer negundo -> Acer negundo,Direct WCVP Accepted species.
TAX-00109,TAXONOMY_MAPPING,314,2616060,C:\range_paper\02_raw\WCVP\wcvp.zip::wcvp_names.csv,d32ea2b3a85e489b14e83bcc9eae7274532e1d113753f7be290d4b2dfde573fa,2616060,ACCEPTED_SPECIES: Acer nigrum -> Acer nigrum,Direct WCVP Accepted species.
TAX-00110,TAXONOMY_MAPPING,315,2616210,C:\range_paper\02_raw\WCVP\wcvp.zip::wcvp_names.csv,d32ea2b3a85e489b14e83bcc9eae7274532e1d113753f7be290d4b2dfde573fa,2616210,ACCEPTED_SPECIES: Acer pensylvanicum -> Acer pensylvanicum,Direct WCVP Accepted species.
TAX-00111,TAXONOMY_MAPPING,316,2616329,C:\range_paper\02_raw\WCVP\wcvp.zip::wcvp_names.csv,d32ea2b3a85e489b14e83bcc9eae7274532e1d113753f7be290d4b2dfde573fa,2616329,ACCEPTED_SPECIES: Acer rubrum -> Acer rubrum,Direct WCVP Accepted species.
TAX-00112,TAXONOMY_MAPPING,317,2616367,C:\range_paper\02_raw\WCVP\wcvp.zip::wcvp_names.csv,d32ea2b3a85e489b14e83bcc9eae7274532e1d113753f7be290d4b2dfde573fa,2616367,ACCEPTED_SPECIES: Acer saccharinum -> Acer saccharinum,Direct WCVP Accepted species.
TAX-00113,TAXONOMY_MAPPING,318,2616387,C:\range_paper\02_raw\WCVP\wcvp.zip::wcvp_names.csv,d32ea2b3a85e489b14e83bcc9eae7274532e1d113753f7be290d4b2dfde573fa,2616387,ACCEPTED_SPECIES: Acer saccharum -> Acer saccharum,Direct WCVP Accepted species.
TAX-00114,TAXONOMY_MAPPING,319,2616481,C:\range_paper\02_raw\WCVP\wcvp.zip::wcvp_names.csv,d32ea2b3a85e489b14e83bcc9eae7274532e1d113753f7be290d4b2dfde573fa,2616481,ACCEPTED_SPECIES: Acer spicatum -> Acer spicatum,Direct WCVP Accepted species.
TAX-00115,TAXONOMY_MAPPING,320,2616254,C:\range_paper\02_raw\WCVP\wcvp.zip::wcvp_names.csv,d32ea2b3a85e489b14e83bcc9eae7274532e1d113753f7be290d4b2dfde573fa,2616254,ACCEPTED_SPECIES: Acer platanoides -> Acer platanoides,Direct WCVP Accepted species.
TAX-00116,TAXONOMY_MAPPING,322,2615689,C:\range_paper\02_raw\WCVP\wcvp.zip::wcvp_names.csv,d32ea2b3a85e489b14e83bcc9eae7274532e1d113753f7be290d4b2dfde573fa,2615689,ACCEPTED_SPECIES: Acer grandidentatum -> Acer grandidentatum,Direct WCVP Accepted species.
TAX-00117,TAXONOMY_MAPPING,323,2615862,C:\range_paper\02_raw\WCVP\wcvp.zip::wcvp_names.csv,d32ea2b3a85e489b14e83bcc9eae7274532e1d113753f7be290d4b2dfde573fa,2615862,ACCEPTED_SPECIES: Acer leucoderme -> Acer leucoderme,Direct WCVP Accepted species.
TAX-00118,TAXONOMY_MAPPING,331,2624506,C:\range_paper\02_raw\WCVP\wcvp.zip::wcvp_names.csv,d32ea2b3a85e489b14e83bcc9eae7274532e1d113753f7be290d4b2dfde573fa,2624506,ACCEPTED_SPECIES: Aesculus glabra -> Aesculus glabra,Direct WCVP Accepted species.
TAX-00119,TAXONOMY_MAPPING,332,2624500,C:\range_paper\02_raw\WCVP\wcvp.zip::wcvp_names.csv,d32ea2b3a85e489b14e83bcc9eae7274532e1d113753f7be290d4b2dfde573fa,2624500,ACCEPTED_SPECIES: Aesculus flava -> Aesculus flava,Direct WCVP Accepted species.
TAX-00120,TAXONOMY_MAPPING,333,2624481,C:\range_paper\02_raw\WCVP\wcvp.zip::wcvp_names.csv,d32ea2b3a85e489b14e83bcc9eae7274532e1d113753f7be290d4b2dfde573fa,2624481,ACCEPTED_SPECIES: Aesculus californica -> Aesculus californica,Direct WCVP Accepted species.
TAX-00121,TAXONOMY_MAPPING,334,2624506,C:\range_paper\02_raw\WCVP\wcvp.zip::wcvp_names.csv,d32ea2b3a85e489b14e83bcc9eae7274532e1d113753f7be290d4b2dfde573fa,2624507,ACCEPTED_INFRASPECIES_TO_PARENT_SPECIES: Aesculus glabra var. arguta -> Aesculus glabra,Accepted infraspecific taxon mapped by parent_plant_name_id to its Accepted parent species.
TAX-00122,TAXONOMY_MAPPING,341,2626815,C:\range_paper\02_raw\WCVP\wcvp.zip::wcvp_names.csv,d32ea2b3a85e489b14e83bcc9eae7274532e1d113753f7be290d4b2dfde573fa,2626815,ACCEPTED_SPECIES: Ailanthus altissima -> Ailanthus altissima,Direct WCVP Accepted species.
TAX-00123,TAXONOMY_MAPPING,345,2627374,C:\range_paper\02_raw\WCVP\wcvp.zip::wcvp_names.csv,d32ea2b3a85e489b14e83bcc9eae7274532e1d113753f7be290d4b2dfde573fa,2627374,ACCEPTED_SPECIES: Albizia julibrissin -> Albizia julibrissin,Direct WCVP Accepted species.
TAX-00124,TAXONOMY_MAPPING,350,,C:\range_paper\02_raw\WCVP\wcvp.zip::wcvp_names.csv,d32ea2b3a85e489b14e83bcc9eae7274532e1d113753f7be290d4b2dfde573fa,,GENUS_OR_NON_SPECIES_AGGREGATE: Alnus spp. -> ,FIA name is a genus/non-species aggregate or unknown object; no species assignment permitted.
TAX-00125,TAXONOMY_MAPPING,351,6584,C:\range_paper\02_raw\WCVP\wcvp.zip::wcvp_names.csv,d32ea2b3a85e489b14e83bcc9eae7274532e1d113753f7be290d4b2dfde573fa,6584;6585,ACCEPTED_SPECIES: Alnus rubra -> Alnus rubra,Direct WCVP Accepted species.
TAX-00126,TAXONOMY_MAPPING,352,6578,C:\range_paper\02_raw\WCVP\wcvp.zip::wcvp_names.csv,d32ea2b3a85e489b14e83bcc9eae7274532e1d113753f7be290d4b2dfde573fa,6578,ACCEPTED_SPECIES: Alnus rhombifolia -> Alnus rhombifolia,Direct WCVP Accepted species.
TAX-00127,TAXONOMY_MAPPING,353,6544,C:\range_paper\02_raw\WCVP\wcvp.zip::wcvp_names.csv,d32ea2b3a85e489b14e83bcc9eae7274532e1d113753f7be290d4b2dfde573fa,6544,ACCEPTED_SPECIES: Alnus oblongifolia -> Alnus oblongifolia,Direct WCVP Accepted species.
TAX-00128,TAXONOMY_MAPPING,355,6364,C:\range_paper\02_raw\WCVP\wcvp.zip::wcvp_names.csv,d32ea2b3a85e489b14e83bcc9eae7274532e1d113753f7be290d4b2dfde573fa,6364,ACCEPTED_SPECIES: Alnus glutinosa -> Alnus glutinosa,Direct WCVP Accepted species.
TAX-00129,TAXONOMY_MAPPING,356,,C:\range_paper\02_raw\WCVP\wcvp.zip::wcvp_names.csv,d32ea2b3a85e489b14e83bcc9eae7274532e1d113753f7be290d4b2dfde573fa,,GENUS_OR_NON_SPECIES_AGGREGATE: Amelanchier spp. -> ,FIA name is a genus/non-species aggregate or unknown object; no species assignment permitted.
TAX-00130,TAXONOMY_MAPPING,357,2940130,C:\range_paper\02_raw\WCVP\wcvp.zip::wcvp_names.csv,d32ea2b3a85e489b14e83bcc9eae7274532e1d113753f7be290d4b2dfde573fa,2940130,ACCEPTED_SPECIES: Amelanchier arborea -> Amelanchier arborea,Direct WCVP Accepted species.
TAX-00131,TAXONOMY_MAPPING,361,2646696,C:\range_paper\02_raw\WCVP\wcvp.zip::wcvp_names.csv,d32ea2b3a85e489b14e83bcc9eae7274532e1d113753f7be290d4b2dfde573fa,2646696,ACCEPTED_SPECIES: Arbutus menziesii -> Arbutus menziesii,Direct WCVP Accepted species.
TAX-00132,TAXONOMY_MAPPING,362,2646656,C:\range_paper\02_raw\WCVP\wcvp.zip::wcvp_names.csv,d32ea2b3a85e489b14e83bcc9eae7274532e1d113753f7be290d4b2dfde573fa,2646656,ACCEPTED_SPECIES: Arbutus arizonica -> Arbutus arizonica,Direct WCVP Accepted species.
TAX-00133,TAXONOMY_MAPPING,363,,C:\range_paper\02_raw\WCVP\wcvp.zip::wcvp_names.csv,d32ea2b3a85e489b14e83bcc9eae7274532e1d113753f7be290d4b2dfde573fa,2646755;2646756,AMBIGUOUS: Arbutus xalapensis -> ,Exact normalized FIA name maps through usable WCVP records to multiple distinct accepted identifiers; authorship is unavailable in the frozen FIA candidate table.
TAX-00134,TAXONOMY_MAPPING,367,2655435,C:\range_paper\02_raw\WCVP\wcvp.zip::wcvp_names.csv,d32ea2b3a85e489b14e83bcc9eae7274532e1d113753f7be290d4b2dfde573fa,2655435,ACCEPTED_SPECIES: Asimina triloba -> Asimina triloba,Direct WCVP Accepted species.
TAX-00135,TAXONOMY_MAPPING,371,21135,C:\range_paper\02_raw\WCVP\wcvp.zip::wcvp_names.csv,d32ea2b3a85e489b14e83bcc9eae7274532e1d113753f7be290d4b2dfde573fa,21135,ACCEPTED_SPECIES: Betula alleghaniensis -> Betula alleghaniensis,Direct WCVP Accepted species.
TAX-00136,TAXONOMY_MAPPING,372,,C:\range_paper\02_raw\WCVP\wcvp.zip::wcvp_names.csv,d32ea2b3a85e489b14e83bcc9eae7274532e1d113753f7be290d4b2dfde573fa,21442;21443,AMBIGUOUS: Betula lenta -> ,Exact normalized FIA name maps through usable WCVP records to multiple distinct accepted identifiers; authorship is unavailable in the frozen FIA candidate table.
TAX-00137,TAXONOMY_MAPPING,373,21527,C:\range_paper\02_raw\WCVP\wcvp.zip::wcvp_names.csv,d32ea2b3a85e489b14e83bcc9eae7274532e1d113753f7be290d4b2dfde573fa,21527,ACCEPTED_SPECIES: Betula nigra -> Betula nigra,Direct WCVP Accepted species.
TAX-00138,TAXONOMY_MAPPING,374,21535,C:\range_paper\02_raw\WCVP\wcvp.zip::wcvp_names.csv,d32ea2b3a85e489b14e83bcc9eae7274532e1d113753f7be290d4b2dfde573fa,21535,ACCEPTED_SPECIES: Betula occidentalis -> Betula occidentalis,Direct WCVP Accepted species.
TAX-00139,TAXONOMY_MAPPING,375,21557,C:\range_paper\02_raw\WCVP\wcvp.zip::wcvp_names.csv,d32ea2b3a85e489b14e83bcc9eae7274532e1d113753f7be290d4b2dfde573fa,21557,ACCEPTED_SPECIES: Betula papyrifera -> Betula papyrifera,Direct WCVP Accepted species.
TAX-00140,TAXONOMY_MAPPING,379,21620,C:\range_paper\02_raw\WCVP\wcvp.zip::wcvp_names.csv,d32ea2b3a85e489b14e83bcc9eae7274532e1d113753f7be290d4b2dfde573fa,21619;21620,ACCEPTED_SPECIES: Betula populifolia -> Betula populifolia,Direct WCVP Accepted species.
TAX-00141,TAXONOMY_MAPPING,381,191965,C:\range_paper\02_raw\WCVP\wcvp.zip::wcvp_names.csv,d32ea2b3a85e489b14e83bcc9eae7274532e1d113753f7be290d4b2dfde573fa,191967,ACCEPTED_INFRASPECIES_TO_PARENT_SPECIES: Sideroxylon lanuginosum ssp. lanuginosum -> Sideroxylon lanuginosum,Accepted infraspecific taxon mapped by parent_plant_name_id to its Accepted parent species.
TAX-00142,TAXONOMY_MAPPING,391,34302,C:\range_paper\02_raw\WCVP\wcvp.zip::wcvp_names.csv,d32ea2b3a85e489b14e83bcc9eae7274532e1d113753f7be290d4b2dfde573fa,34302,ACCEPTED_SPECIES: Carpinus caroliniana -> Carpinus caroliniana,Direct WCVP Accepted species.
TAX-00143,TAXONOMY_MAPPING,401,2701748,C:\range_paper\02_raw\WCVP\wcvp.zip::wcvp_names.csv,d32ea2b3a85e489b14e83bcc9eae7274532e1d113753f7be290d4b2dfde573fa,2701748,ACCEPTED_SPECIES: Carya aquatica -> Carya aquatica,Direct WCVP Accepted species.
TAX-00144,TAXONOMY_MAPPING,402,2701766,C:\range_paper\02_raw\WCVP\wcvp.zip::wcvp_names.csv,d32ea2b3a85e489b14e83bcc9eae7274532e1d113753f7be290d4b2dfde573fa,2701766,ACCEPTED_SPECIES: Carya cordiformis -> Carya cordiformis,Direct WCVP Accepted species.
TAX-00145,TAXONOMY_MAPPING,403,2701775,C:\range_paper\02_raw\WCVP\wcvp.zip::wcvp_names.csv,d32ea2b3a85e489b14e83bcc9eae7274532e1d113753f7be290d4b2dfde573fa,2701775,ACCEPTED_SPECIES: Carya glabra -> Carya glabra,Direct WCVP Accepted species.
TAX-00146,TAXONOMY_MAPPING,404,2701784,C:\range_paper\02_raw\WCVP\wcvp.zip::wcvp_names.csv,d32ea2b3a85e489b14e83bcc9eae7274532e1d113753f7be290d4b2dfde573fa,2701784,ACCEPTED_SPECIES: Carya illinoinensis -> Carya illinoinensis,Direct WCVP Accepted species.
TAX-00147,TAXONOMY_MAPPING,405,2701789,C:\range_paper\02_raw\WCVP\wcvp.zip::wcvp_names.csv,d32ea2b3a85e489b14e83bcc9eae7274532e1d113753f7be290d4b2dfde573fa,2701789,ACCEPTED_SPECIES: Carya laciniosa -> Carya laciniosa,Direct WCVP Accepted species.
TAX-00148,TAXONOMY_MAPPING,406,2701803,C:\range_paper\02_raw\WCVP\wcvp.zip::wcvp_names.csv,d32ea2b3a85e489b14e83bcc9eae7274532e1d113753f7be290d4b2dfde573fa,2701803,ACCEPTED_SPECIES: Carya myristiciformis -> Carya myristiciformis,Direct WCVP Accepted species.
TAX-00149,TAXONOMY_MAPPING,407,2701831,C:\range_paper\02_raw\WCVP\wcvp.zip::wcvp_names.csv,d32ea2b3a85e489b14e83bcc9eae7274532e1d113753f7be290d4b2dfde573fa,2701831,ACCEPTED_SPECIES: Carya ovata -> Carya ovata,Direct WCVP Accepted species.
TAX-00150,TAXONOMY_MAPPING,408,2701863,C:\range_paper\02_raw\WCVP\wcvp.zip::wcvp_names.csv,d32ea2b3a85e489b14e83bcc9eae7274532e1d113753f7be290d4b2dfde573fa,2701863,ACCEPTED_SPECIES: Carya texana -> Carya texana,Direct WCVP Accepted species.
TAX-00151,TAXONOMY_MAPPING,409,2701867,C:\range_paper\02_raw\WCVP\wcvp.zip::wcvp_names.csv,d32ea2b3a85e489b14e83bcc9eae7274532e1d113753f7be290d4b2dfde573fa,2701739,SYNONYM_TO_ACCEPTED_SPECIES: Carya alba -> Carya tomentosa,Exact WCVP Synonym resolved by accepted_plant_name_id to an Accepted species.
TAX-00152,TAXONOMY_MAPPING,410,2701846,C:\range_paper\02_raw\WCVP\wcvp.zip::wcvp_names.csv,d32ea2b3a85e489b14e83bcc9eae7274532e1d113753f7be290d4b2dfde573fa,2701846,ACCEPTED_SPECIES: Carya pallida -> Carya pallida,Direct WCVP Accepted species.
TAX-00153,TAXONOMY_MAPPING,411,2701774,C:\range_paper\02_raw\WCVP\wcvp.zip::wcvp_names.csv,d32ea2b3a85e489b14e83bcc9eae7274532e1d113753f7be290d4b2dfde573fa,2701774,ACCEPTED_SPECIES: Carya floridana -> Carya floridana,Direct WCVP Accepted species.
TAX-00154,TAXONOMY_MAPPING,412,2701775,C:\range_paper\02_raw\WCVP\wcvp.zip::wcvp_names.csv,d32ea2b3a85e489b14e83bcc9eae7274532e1d113753f7be290d4b2dfde573fa,2701807,SYNONYM_TO_ACCEPTED_INFRASPECIES_TO_PARENT_SPECIES: Carya ovalis -> Carya glabra,"WCVP Synonym resolved to an Accepted infraspecific taxon, then by parent_plant_name_id to its Accepted parent species."
TAX-00155,TAXONOMY_MAPPING,413,2701831,C:\range_paper\02_raw\WCVP\wcvp.zip::wcvp_names.csv,d32ea2b3a85e489b14e83bcc9eae7274532e1d113753f7be290d4b2dfde573fa,2701762,SYNONYM_TO_ACCEPTED_INFRASPECIES_TO_PARENT_SPECIES: Carya carolinae-septentrionalis -> Carya ovata,"WCVP Synonym resolved to an Accepted infraspecific taxon, then by parent_plant_name_id to its Accepted parent species."
TAX-00156,TAXONOMY_MAPPING,421,34965,C:\range_paper\02_raw\WCVP\wcvp.zip::wcvp_names.csv,d32ea2b3a85e489b14e83bcc9eae7274532e1d113753f7be290d4b2dfde573fa,34965,ACCEPTED_SPECIES: Castanea dentata -> Castanea dentata,Direct WCVP Accepted species.
TAX-00157,TAXONOMY_MAPPING,422,35028,C:\range_paper\02_raw\WCVP\wcvp.zip::wcvp_names.csv,d32ea2b3a85e489b14e83bcc9eae7274532e1d113753f7be290d4b2dfde573fa,35028,ACCEPTED_SPECIES: Castanea pumila -> Castanea pumila,Direct WCVP Accepted species.
TAX-00158,TAXONOMY_MAPPING,423,35021,C:\range_paper\02_raw\WCVP\wcvp.zip::wcvp_names.csv,d32ea2b3a85e489b14e83bcc9eae7274532e1d113753f7be290d4b2dfde573fa,35034,SYNONYM_TO_ACCEPTED_SPECIES: Castanea pumila var. ozarkensis -> Castanea ozarkensis,Exact WCVP Synonym resolved by accepted_plant_name_id to an Accepted species.
TAX-00159,TAXONOMY_MAPPING,424,35016,C:\range_paper\02_raw\WCVP\wcvp.zip::wcvp_names.csv,d32ea2b3a85e489b14e83bcc9eae7274532e1d113753f7be290d4b2dfde573fa,35016,ACCEPTED_SPECIES: Castanea mollissima -> Castanea mollissima,Direct WCVP Accepted species.
TAX-00160,TAXONOMY_MAPPING,431,39927,C:\range_paper\02_raw\WCVP\wcvp.zip::wcvp_names.csv,d32ea2b3a85e489b14e83bcc9eae7274532e1d113753f7be290d4b2dfde573fa,39928,ACCEPTED_INFRASPECIES_TO_PARENT_SPECIES: Chrysolepis chrysophylla var. chrysophylla -> Chrysolepis chrysophylla,Accepted infraspecific taxon mapped by parent_plant_name_id to its Accepted parent species.
TAX-00161,TAXONOMY_MAPPING,451,320352,C:\range_paper\02_raw\WCVP\wcvp.zip::wcvp_names.csv,d32ea2b3a85e489b14e83bcc9eae7274532e1d113753f7be290d4b2dfde573fa,320352,ACCEPTED_SPECIES: Catalpa bignonioides -> Catalpa bignonioides,Direct WCVP Accepted species.
TAX-00162,TAXONOMY_MAPPING,452,320410,C:\range_paper\02_raw\WCVP\wcvp.zip::wcvp_names.csv,d32ea2b3a85e489b14e83bcc9eae7274532e1d113753f7be290d4b2dfde573fa,320410,ACCEPTED_SPECIES: Catalpa speciosa -> Catalpa speciosa,Direct WCVP Accepted species.
TAX-00163,TAXONOMY_MAPPING,461,2708323,C:\range_paper\02_raw\WCVP\wcvp.zip::wcvp_names.csv,d32ea2b3a85e489b14e83bcc9eae7274532e1d113753f7be290d4b2dfde573fa,2708323;2708324;2708325,ACCEPTED_SPECIES: Celtis laevigata -> Celtis laevigata,Direct WCVP Accepted species.
TAX-00164,TAXONOMY_MAPPING,462,2708380,C:\range_paper\02_raw\WCVP\wcvp.zip::wcvp_names.csv,d32ea2b3a85e489b14e83bcc9eae7274532e1d113753f7be290d4b2dfde573fa,2708380,ACCEPTED_SPECIES: Celtis occidentalis -> Celtis occidentalis,Direct WCVP Accepted species.
TAX-00165,TAXONOMY_MAPPING,463,2708432,C:\range_paper\02_raw\WCVP\wcvp.zip::wcvp_names.csv,d32ea2b3a85e489b14e83bcc9eae7274532e1d113753f7be290d4b2dfde573fa,2708331,SYNONYM_TO_ACCEPTED_SPECIES: Celtis laevigata var. reticulata -> Celtis reticulata,Exact WCVP Synonym resolved by accepted_plant_name_id to an Accepted species.
TAX-00166,TAXONOMY_MAPPING,471,2711403,C:\range_paper\02_raw\WCVP\wcvp.zip::wcvp_names.csv,d32ea2b3a85e489b14e83bcc9eae7274532e1d113753f7be290d4b2dfde573fa,2711403,ACCEPTED_SPECIES: Cercis canadensis -> Cercis canadensis,Direct WCVP Accepted species.
TAX-00167,TAXONOMY_MAPPING,475,2943367,C:\range_paper\02_raw\WCVP\wcvp.zip::wcvp_names.csv,d32ea2b3a85e489b14e83bcc9eae7274532e1d113753f7be290d4b2dfde573fa,2943367,ACCEPTED_SPECIES: Cercocarpus ledifolius -> Cercocarpus ledifolius,Direct WCVP Accepted species.
TAX-00168,TAXONOMY_MAPPING,481,2724586,C:\range_paper\02_raw\WCVP\wcvp.zip::wcvp_names.csv,d32ea2b3a85e489b14e83bcc9eae7274532e1d113753f7be290d4b2dfde573fa,2724586,ACCEPTED_SPECIES: Cladrastis kentukea -> Cladrastis kentukea,Direct WCVP Accepted species.
TAX-00169,TAXONOMY_MAPPING,491,47363,C:\range_paper\02_raw\WCVP\wcvp.zip::wcvp_names.csv,d32ea2b3a85e489b14e83bcc9eae7274532e1d113753f7be290d4b2dfde573fa,47363,ACCEPTED_SPECIES: Cornus florida -> Cornus florida,Direct WCVP Accepted species.
TAX-00170,TAXONOMY_MAPPING,492,47451,C:\range_paper\02_raw\WCVP\wcvp.zip::wcvp_names.csv,d32ea2b3a85e489b14e83bcc9eae7274532e1d113753f7be290d4b2dfde573fa,47451,ACCEPTED_SPECIES: Cornus nuttallii -> Cornus nuttallii,Direct WCVP Accepted species.
TAX-00171,TAXONOMY_MAPPING,500,,C:\range_paper\02_raw\WCVP\wcvp.zip::wcvp_names.csv,d32ea2b3a85e489b14e83bcc9eae7274532e1d113753f7be290d4b2dfde573fa,,GENUS_OR_NON_SPECIES_AGGREGATE: Crataegus spp. -> ,FIA name is a genus/non-species aggregate or unknown object; no species assignment permitted.
TAX-00172,TAXONOMY_MAPPING,501,2945308,C:\range_paper\02_raw\WCVP\wcvp.zip::wcvp_names.csv,d32ea2b3a85e489b14e83bcc9eae7274532e1d113753f7be290d4b2dfde573fa,2945308;2945309,ACCEPTED_SPECIES: Crataegus crus-galli -> Crataegus crus-galli,Direct WCVP Accepted species.
TAX-00173,TAXONOMY_MAPPING,502,2946180,C:\range_paper\02_raw\WCVP\wcvp.zip::wcvp_names.csv,d32ea2b3a85e489b14e83bcc9eae7274532e1d113753f7be290d4b2dfde573fa,2946180;2946181,ACCEPTED_SPECIES: Crataegus mollis -> Crataegus mollis,Direct WCVP Accepted species.
TAX-00174,TAXONOMY_MAPPING,511,73008,C:\range_paper\02_raw\WCVP\wcvp.zip::wcvp_names.csv,d32ea2b3a85e489b14e83bcc9eae7274532e1d113753f7be290d4b2dfde573fa,73008,ACCEPTED_SPECIES: Eucalyptus globulus -> Eucalyptus globulus,Direct WCVP Accepted species.
TAX-00175,TAXONOMY_MAPPING,513,73044,C:\range_paper\02_raw\WCVP\wcvp.zip::wcvp_names.csv,d32ea2b3a85e489b14e83bcc9eae7274532e1d113753f7be290d4b2dfde573fa,73044,ACCEPTED_SPECIES: Eucalyptus grandis -> Eucalyptus grandis,Direct WCVP Accepted species.
TAX-00176,TAXONOMY_MAPPING,521,385000,C:\range_paper\02_raw\WCVP\wcvp.zip::wcvp_names.csv,d32ea2b3a85e489b14e83bcc9eae7274532e1d113753f7be290d4b2dfde573fa,385000,ACCEPTED_SPECIES: Diospyros virginiana -> Diospyros virginiana,Direct WCVP Accepted species.
TAX-00177,TAXONOMY_MAPPING,522,384904,C:\range_paper\02_raw\WCVP\wcvp.zip::wcvp_names.csv,d32ea2b3a85e489b14e83bcc9eae7274532e1d113753f7be290d4b2dfde573fa,384904,ACCEPTED_SPECIES: Diospyros texana -> Diospyros texana,Direct WCVP Accepted species.
TAX-00178,TAXONOMY_MAPPING,523,2784654,C:\range_paper\02_raw\WCVP\wcvp.zip::wcvp_names.csv,d32ea2b3a85e489b14e83bcc9eae7274532e1d113753f7be290d4b2dfde573fa,2784654,ACCEPTED_SPECIES: Ehretia anacua -> Ehretia anacua,Direct WCVP Accepted species.
TAX-00179,TAXONOMY_MAPPING,531,83824,C:\range_paper\02_raw\WCVP\wcvp.zip::wcvp_names.csv,d32ea2b3a85e489b14e83bcc9eae7274532e1d113753f7be290d4b2dfde573fa,83824,ACCEPTED_SPECIES: Fagus grandifolia -> Fagus grandifolia,Direct WCVP Accepted species.
TAX-00180,TAXONOMY_MAPPING,541,369468,C:\range_paper\02_raw\WCVP\wcvp.zip::wcvp_names.csv,d32ea2b3a85e489b14e83bcc9eae7274532e1d113753f7be290d4b2dfde573fa,369468,ACCEPTED_SPECIES: Fraxinus americana -> Fraxinus americana,Direct WCVP Accepted species.
TAX-00181,TAXONOMY_MAPPING,542,369836,C:\range_paper\02_raw\WCVP\wcvp.zip::wcvp_names.csv,d32ea2b3a85e489b14e83bcc9eae7274532e1d113753f7be290d4b2dfde573fa,369836,ACCEPTED_SPECIES: Fraxinus latifolia -> Fraxinus latifolia,Direct WCVP Accepted species.
TAX-00182,TAXONOMY_MAPPING,543,369888,C:\range_paper\02_raw\WCVP\wcvp.zip::wcvp_names.csv,d32ea2b3a85e489b14e83bcc9eae7274532e1d113753f7be290d4b2dfde573fa,369888,ACCEPTED_SPECIES: Fraxinus nigra -> Fraxinus nigra,Direct WCVP Accepted species.
TAX-00183,TAXONOMY_MAPPING,544,370006,C:\range_paper\02_raw\WCVP\wcvp.zip::wcvp_names.csv,d32ea2b3a85e489b14e83bcc9eae7274532e1d113753f7be290d4b2dfde573fa,370006,ACCEPTED_SPECIES: Fraxinus pennsylvanica -> Fraxinus pennsylvanica,Direct WCVP Accepted species.
TAX-00184,TAXONOMY_MAPPING,545,370051,C:\range_paper\02_raw\WCVP\wcvp.zip::wcvp_names.csv,d32ea2b3a85e489b14e83bcc9eae7274532e1d113753f7be290d4b2dfde573fa,370051,ACCEPTED_SPECIES: Fraxinus profunda -> Fraxinus profunda,Direct WCVP Accepted species.
TAX-00185,TAXONOMY_MAPPING,546,370075,C:\range_paper\02_raw\WCVP\wcvp.zip::wcvp_names.csv,d32ea2b3a85e489b14e83bcc9eae7274532e1d113753f7be290d4b2dfde573fa,370075,ACCEPTED_SPECIES: Fraxinus quadrangulata -> Fraxinus quadrangulata,Direct WCVP Accepted species.
TAX-00186,TAXONOMY_MAPPING,547,370195,C:\range_paper\02_raw\WCVP\wcvp.zip::wcvp_names.csv,d32ea2b3a85e489b14e83bcc9eae7274532e1d113753f7be290d4b2dfde573fa,370195;370196,ACCEPTED_SPECIES: Fraxinus velutina -> Fraxinus velutina,Direct WCVP Accepted species.
TAX-00187,TAXONOMY_MAPPING,548,369591,C:\range_paper\02_raw\WCVP\wcvp.zip::wcvp_names.csv,d32ea2b3a85e489b14e83bcc9eae7274532e1d113753f7be290d4b2dfde573fa,369591;369592,ACCEPTED_SPECIES: Fraxinus caroliniana -> Fraxinus caroliniana,Direct WCVP Accepted species.
TAX-00188,TAXONOMY_MAPPING,549,369466,C:\range_paper\02_raw\WCVP\wcvp.zip::wcvp_names.csv,d32ea2b3a85e489b14e83bcc9eae7274532e1d113753f7be290d4b2dfde573fa,370174,SYNONYM_TO_ACCEPTED_SPECIES: Fraxinus texensis -> Fraxinus albicans,Exact WCVP Synonym resolved by accepted_plant_name_id to an Accepted species.
TAX-00189,TAXONOMY_MAPPING,551,2826455,C:\range_paper\02_raw\WCVP\wcvp.zip::wcvp_names.csv,d32ea2b3a85e489b14e83bcc9eae7274532e1d113753f7be290d4b2dfde573fa,2826455,ACCEPTED_SPECIES: Gleditsia aquatica -> Gleditsia aquatica,Direct WCVP Accepted species.
TAX-00190,TAXONOMY_MAPPING,552,2826513,C:\range_paper\02_raw\WCVP\wcvp.zip::wcvp_names.csv,d32ea2b3a85e489b14e83bcc9eae7274532e1d113753f7be290d4b2dfde573fa,2826513,ACCEPTED_SPECIES: Gleditsia triacanthos -> Gleditsia triacanthos,Direct WCVP Accepted species.
TAX-00191,TAXONOMY_MAPPING,555,2830846,C:\range_paper\02_raw\WCVP\wcvp.zip::wcvp_names.csv,d32ea2b3a85e489b14e83bcc9eae7274532e1d113753f7be290d4b2dfde573fa,2830846,ACCEPTED_SPECIES: Gordonia lasianthus -> Gordonia lasianthus,Direct WCVP Accepted species.
TAX-00192,TAXONOMY_MAPPING,561,334053,C:\range_paper\02_raw\WCVP\wcvp.zip::wcvp_names.csv,d32ea2b3a85e489b14e83bcc9eae7274532e1d113753f7be290d4b2dfde573fa,334053,ACCEPTED_SPECIES: Ginkgo biloba -> Ginkgo biloba,Direct WCVP Accepted species.
TAX-00193,TAXONOMY_MAPPING,571,2835921,C:\range_paper\02_raw\WCVP\wcvp.zip::wcvp_names.csv,d32ea2b3a85e489b14e83bcc9eae7274532e1d113753f7be290d4b2dfde573fa,2835921,ACCEPTED_SPECIES: Gymnocladus dioicus -> Gymnocladus dioicus,Direct WCVP Accepted species.
TAX-00194,TAXONOMY_MAPPING,581,2838104,C:\range_paper\02_raw\WCVP\wcvp.zip::wcvp_names.csv,d32ea2b3a85e489b14e83bcc9eae7274532e1d113753f7be290d4b2dfde573fa,2838104,ACCEPTED_SPECIES: Halesia carolina -> Halesia carolina,Direct WCVP Accepted species.
TAX-00195,TAXONOMY_MAPPING,582,2838115,C:\range_paper\02_raw\WCVP\wcvp.zip::wcvp_names.csv,d32ea2b3a85e489b14e83bcc9eae7274532e1d113753f7be290d4b2dfde573fa,2838115,ACCEPTED_SPECIES: Halesia diptera -> Halesia diptera,Direct WCVP Accepted species.
TAX-00196,TAXONOMY_MAPPING,591,2861190,C:\range_paper\02_raw\WCVP\wcvp.zip::wcvp_names.csv,d32ea2b3a85e489b14e83bcc9eae7274532e1d113753f7be290d4b2dfde573fa,2861190,ACCEPTED_SPECIES: Ilex opaca -> Ilex opaca,Direct WCVP Accepted species.
TAX-00197,TAXONOMY_MAPPING,601,2331793,C:\range_paper\02_raw\WCVP\wcvp.zip::wcvp_names.csv,d32ea2b3a85e489b14e83bcc9eae7274532e1d113753f7be290d4b2dfde573fa,2331793,ACCEPTED_SPECIES: Juglans cinerea -> Juglans cinerea,Direct WCVP Accepted species.
TAX-00198,TAXONOMY_MAPPING,602,2331834,C:\range_paper\02_raw\WCVP\wcvp.zip::wcvp_names.csv,d32ea2b3a85e489b14e83bcc9eae7274532e1d113753f7be290d4b2dfde573fa,2331834,ACCEPTED_SPECIES: Juglans nigra -> Juglans nigra,Direct WCVP Accepted species.
TAX-00199,TAXONOMY_MAPPING,603,2329229,C:\range_paper\02_raw\WCVP\wcvp.zip::wcvp_names.csv,d32ea2b3a85e489b14e83bcc9eae7274532e1d113753f7be290d4b2dfde573fa,2329229,ACCEPTED_SPECIES: Juglans hindsii -> Juglans hindsii,Direct WCVP Accepted species.
TAX-00200,TAXONOMY_MAPPING,604,2331825,C:\range_paper\02_raw\WCVP\wcvp.zip::wcvp_names.csv,d32ea2b3a85e489b14e83bcc9eae7274532e1d113753f7be290d4b2dfde573fa,2331825,ACCEPTED_SPECIES: Juglans californica -> Juglans californica,Direct WCVP Accepted species.
TAX-00201,TAXONOMY_MAPPING,605,2331862,C:\range_paper\02_raw\WCVP\wcvp.zip::wcvp_names.csv,d32ea2b3a85e489b14e83bcc9eae7274532e1d113753f7be290d4b2dfde573fa,2331862,ACCEPTED_SPECIES: Juglans microcarpa -> Juglans microcarpa,Direct WCVP Accepted species.
TAX-00202,TAXONOMY_MAPPING,606,2331814,C:\range_paper\02_raw\WCVP\wcvp.zip::wcvp_names.csv,d32ea2b3a85e489b14e83bcc9eae7274532e1d113753f7be290d4b2dfde573fa,2331814,ACCEPTED_SPECIES: Juglans major -> Juglans major,Direct WCVP Accepted species.
TAX-00203,TAXONOMY_MAPPING,611,500221,C:\range_paper\02_raw\WCVP\wcvp.zip::wcvp_names.csv,d32ea2b3a85e489b14e83bcc9eae7274532e1d113753f7be290d4b2dfde573fa,500221,ACCEPTED_SPECIES: Liquidambar styraciflua -> Liquidambar styraciflua,Direct WCVP Accepted species.
TAX-00204,TAXONOMY_MAPPING,621,113859,C:\range_paper\02_raw\WCVP\wcvp.zip::wcvp_names.csv,d32ea2b3a85e489b14e83bcc9eae7274532e1d113753f7be290d4b2dfde573fa,113859,ACCEPTED_SPECIES: Liriodendron tulipifera -> Liriodendron tulipifera,Direct WCVP Accepted species.
TAX-00205,TAXONOMY_MAPPING,631,458543,C:\range_paper\02_raw\WCVP\wcvp.zip::wcvp_names.csv,d32ea2b3a85e489b14e83bcc9eae7274532e1d113753f7be290d4b2dfde573fa,114425,SYNONYM_TO_ACCEPTED_SPECIES: Lithocarpus densiflorus -> Notholithocarpus densiflorus,Exact WCVP Synonym resolved by accepted_plant_name_id to an Accepted species.
TAX-00206,TAXONOMY_MAPPING,641,2501306,C:\range_paper\02_raw\WCVP\wcvp.zip::wcvp_names.csv,d32ea2b3a85e489b14e83bcc9eae7274532e1d113753f7be290d4b2dfde573fa,2501306,ACCEPTED_SPECIES: Maclura pomifera -> Maclura pomifera,Direct WCVP Accepted species.
TAX-00207,TAXONOMY_MAPPING,651,117423,C:\range_paper\02_raw\WCVP\wcvp.zip::wcvp_names.csv,d32ea2b3a85e489b14e83bcc9eae7274532e1d113753f7be290d4b2dfde573fa,117423,ACCEPTED_SPECIES: Magnolia acuminata -> Magnolia acuminata,Direct WCVP Accepted species.
TAX-00208,TAXONOMY_MAPPING,652,117615,C:\range_paper\02_raw\WCVP\wcvp.zip::wcvp_names.csv,d32ea2b3a85e489b14e83bcc9eae7274532e1d113753f7be290d4b2dfde573fa,117615,ACCEPTED_SPECIES: Magnolia grandiflora -> Magnolia grandiflora,Direct WCVP Accepted species.
TAX-00209,TAXONOMY_MAPPING,653,117883,C:\range_paper\02_raw\WCVP\wcvp.zip::wcvp_names.csv,d32ea2b3a85e489b14e83bcc9eae7274532e1d113753f7be290d4b2dfde573fa,117883,ACCEPTED_SPECIES: Magnolia virginiana -> Magnolia virginiana,Direct WCVP Accepted species.
TAX-00210,TAXONOMY_MAPPING,654,117698,C:\range_paper\02_raw\WCVP\wcvp.zip::wcvp_names.csv,d32ea2b3a85e489b14e83bcc9eae7274532e1d113753f7be290d4b2dfde573fa,117698,ACCEPTED_SPECIES: Magnolia macrophylla -> Magnolia macrophylla,Direct WCVP Accepted species.
TAX-00211,TAXONOMY_MAPPING,655,117583,C:\range_paper\02_raw\WCVP\wcvp.zip::wcvp_names.csv,d32ea2b3a85e489b14e83bcc9eae7274532e1d113753f7be290d4b2dfde573fa,117583,ACCEPTED_SPECIES: Magnolia fraseri -> Magnolia fraseri,Direct WCVP Accepted species.
TAX-00212,TAXONOMY_MAPPING,658,117869,C:\range_paper\02_raw\WCVP\wcvp.zip::wcvp_names.csv,d32ea2b3a85e489b14e83bcc9eae7274532e1d113753f7be290d4b2dfde573fa,117869,ACCEPTED_SPECIES: Magnolia tripetala -> Magnolia tripetala,Direct WCVP Accepted species.
TAX-00213,TAXONOMY_MAPPING,660,,C:\range_paper\02_raw\WCVP\wcvp.zip::wcvp_names.csv,d32ea2b3a85e489b14e83bcc9eae7274532e1d113753f7be290d4b2dfde573fa,,GENUS_OR_NON_SPECIES_AGGREGATE: Malus spp. -> ,FIA name is a genus/non-species aggregate or unknown object; no species assignment permitted.
TAX-00214,TAXONOMY_MAPPING,661,2950658,C:\range_paper\02_raw\WCVP\wcvp.zip::wcvp_names.csv,d32ea2b3a85e489b14e83bcc9eae7274532e1d113753f7be290d4b2dfde573fa,2950658,ACCEPTED_SPECIES: Malus fusca -> Malus fusca,Direct WCVP Accepted species.
TAX-00215,TAXONOMY_MAPPING,662,2950397,C:\range_paper\02_raw\WCVP\wcvp.zip::wcvp_names.csv,d32ea2b3a85e489b14e83bcc9eae7274532e1d113753f7be290d4b2dfde573fa,2950397;2950398,ACCEPTED_SPECIES: Malus angustifolia -> Malus angustifolia,Direct WCVP Accepted species.
TAX-00216,TAXONOMY_MAPPING,663,2950548,C:\range_paper\02_raw\WCVP\wcvp.zip::wcvp_names.csv,d32ea2b3a85e489b14e83bcc9eae7274532e1d113753f7be290d4b2dfde573fa,2950548,ACCEPTED_SPECIES: Malus coronaria -> Malus coronaria,Direct WCVP Accepted species.
TAX-00217,TAXONOMY_MAPPING,681,2501381,C:\range_paper\02_raw\WCVP\wcvp.zip::wcvp_names.csv,d32ea2b3a85e489b14e83bcc9eae7274532e1d113753f7be290d4b2dfde573fa,2501381,ACCEPTED_SPECIES: Morus alba -> Morus alba,Direct WCVP Accepted species.
TAX-00218,TAXONOMY_MAPPING,682,2501906,C:\range_paper\02_raw\WCVP\wcvp.zip::wcvp_names.csv,d32ea2b3a85e489b14e83bcc9eae7274532e1d113753f7be290d4b2dfde573fa,2501906,ACCEPTED_SPECIES: Morus rubra -> Morus rubra,Direct WCVP Accepted species.
TAX-00219,TAXONOMY_MAPPING,683,2501836,C:\range_paper\02_raw\WCVP\wcvp.zip::wcvp_names.csv,d32ea2b3a85e489b14e83bcc9eae7274532e1d113753f7be290d4b2dfde573fa,2501836,ACCEPTED_SPECIES: Morus microphylla -> Morus microphylla,Direct WCVP Accepted species.
TAX-00220,TAXONOMY_MAPPING,691,136188,C:\range_paper\02_raw\WCVP\wcvp.zip::wcvp_names.csv,d32ea2b3a85e489b14e83bcc9eae7274532e1d113753f7be290d4b2dfde573fa,136188,ACCEPTED_SPECIES: Nyssa aquatica -> Nyssa aquatica,Direct WCVP Accepted species.
TAX-00221,TAXONOMY_MAPPING,692,136212,C:\range_paper\02_raw\WCVP\wcvp.zip::wcvp_names.csv,d32ea2b3a85e489b14e83bcc9eae7274532e1d113753f7be290d4b2dfde573fa,136212,ACCEPTED_SPECIES: Nyssa ogeche -> Nyssa ogeche,Direct WCVP Accepted species.
TAX-00222,TAXONOMY_MAPPING,693,136221,C:\range_paper\02_raw\WCVP\wcvp.zip::wcvp_names.csv,d32ea2b3a85e489b14e83bcc9eae7274532e1d113753f7be290d4b2dfde573fa,136221,ACCEPTED_SPECIES: Nyssa sylvatica -> Nyssa sylvatica,Direct WCVP Accepted species.
TAX-00223,TAXONOMY_MAPPING,694,136191,C:\range_paper\02_raw\WCVP\wcvp.zip::wcvp_names.csv,d32ea2b3a85e489b14e83bcc9eae7274532e1d113753f7be290d4b2dfde573fa,136191,ACCEPTED_SPECIES: Nyssa biflora -> Nyssa biflora,Direct WCVP Accepted species.
TAX-00224,TAXONOMY_MAPPING,701,144637,C:\range_paper\02_raw\WCVP\wcvp.zip::wcvp_names.csv,d32ea2b3a85e489b14e83bcc9eae7274532e1d113753f7be290d4b2dfde573fa,144637,ACCEPTED_SPECIES: Ostrya virginiana -> Ostrya virginiana,Direct WCVP Accepted species.
TAX-00225,TAXONOMY_MAPPING,711,2387656,C:\range_paper\02_raw\WCVP\wcvp.zip::wcvp_names.csv,d32ea2b3a85e489b14e83bcc9eae7274532e1d113753f7be290d4b2dfde573fa,2387656,ACCEPTED_SPECIES: Oxydendrum arboreum -> Oxydendrum arboreum,Direct WCVP Accepted species.
TAX-00226,TAXONOMY_MAPPING,712,2542391,C:\range_paper\02_raw\WCVP\wcvp.zip::wcvp_names.csv,d32ea2b3a85e489b14e83bcc9eae7274532e1d113753f7be290d4b2dfde573fa,2542391,ACCEPTED_SPECIES: Paulownia tomentosa -> Paulownia tomentosa,Direct WCVP Accepted species.
TAX-00227,TAXONOMY_MAPPING,721,2529931,C:\range_paper\02_raw\WCVP\wcvp.zip::wcvp_names.csv,d32ea2b3a85e489b14e83bcc9eae7274532e1d113753f7be290d4b2dfde573fa,2529931,ACCEPTED_SPECIES: Persea borbonia -> Persea borbonia,Direct WCVP Accepted species.
TAX-00228,TAXONOMY_MAPPING,722,2551587,C:\range_paper\02_raw\WCVP\wcvp.zip::wcvp_names.csv,d32ea2b3a85e489b14e83bcc9eae7274532e1d113753f7be290d4b2dfde573fa,2551587,ACCEPTED_SPECIES: Planera aquatica -> Planera aquatica,Direct WCVP Accepted species.
TAX-00229,TAXONOMY_MAPPING,730,2570467,C:\range_paper\02_raw\WCVP\wcvp.zip::wcvp_names.csv,d32ea2b3a85e489b14e83bcc9eae7274532e1d113753f7be290d4b2dfde573fa,2570467,ACCEPTED_SPECIES: Platanus racemosa -> Platanus racemosa,Direct WCVP Accepted species.
TAX-00230,TAXONOMY_MAPPING,731,2570459,C:\range_paper\02_raw\WCVP\wcvp.zip::wcvp_names.csv,d32ea2b3a85e489b14e83bcc9eae7274532e1d113753f7be290d4b2dfde573fa,2570458;2570459,ACCEPTED_SPECIES: Platanus occidentalis -> Platanus occidentalis,Direct WCVP Accepted species.
TAX-00231,TAXONOMY_MAPPING,732,2570450,C:\range_paper\02_raw\WCVP\wcvp.zip::wcvp_names.csv,d32ea2b3a85e489b14e83bcc9eae7274532e1d113753f7be290d4b2dfde573fa,2570450,ACCEPTED_SPECIES: Platanus wrightii -> Platanus wrightii,Direct WCVP Accepted species.
TAX-00232,TAXONOMY_MAPPING,741,2917292,C:\range_paper\02_raw\WCVP\wcvp.zip::wcvp_names.csv,d32ea2b3a85e489b14e83bcc9eae7274532e1d113753f7be290d4b2dfde573fa,2917281;2917292,ACCEPTED_SPECIES: Populus balsamifera -> Populus balsamifera,Direct WCVP Accepted species.
TAX-00233,TAXONOMY_MAPPING,742,2917212,C:\range_paper\02_raw\WCVP\wcvp.zip::wcvp_names.csv,d32ea2b3a85e489b14e83bcc9eae7274532e1d113753f7be290d4b2dfde573fa,2917212,ACCEPTED_SPECIES: Populus deltoides -> Populus deltoides,Direct WCVP Accepted species.
TAX-00234,TAXONOMY_MAPPING,743,2917577,C:\range_paper\02_raw\WCVP\wcvp.zip::wcvp_names.csv,d32ea2b3a85e489b14e83bcc9eae7274532e1d113753f7be290d4b2dfde573fa,2917577,ACCEPTED_SPECIES: Populus grandidentata -> Populus grandidentata,Direct WCVP Accepted species.
TAX-00235,TAXONOMY_MAPPING,744,,C:\range_paper\02_raw\WCVP\wcvp.zip::wcvp_names.csv,d32ea2b3a85e489b14e83bcc9eae7274532e1d113753f7be290d4b2dfde573fa,2917593;2917602;2917603,AMBIGUOUS: Populus heterophylla -> ,Exact normalized FIA name maps through usable WCVP records to multiple distinct accepted identifiers; authorship is unavailable in the frozen FIA candidate table.
TAX-00236,TAXONOMY_MAPPING,745,2917212,C:\range_paper\02_raw\WCVP\wcvp.zip::wcvp_names.csv,d32ea2b3a85e489b14e83bcc9eae7274532e1d113753f7be290d4b2dfde573fa,2917429,ACCEPTED_INFRASPECIES_TO_PARENT_SPECIES: Populus deltoides ssp. monilifera -> Populus deltoides,Accepted infraspecific taxon mapped by parent_plant_name_id to its Accepted parent species.
TAX-00237,TAXONOMY_MAPPING,746,2917451,C:\range_paper\02_raw\WCVP\wcvp.zip::wcvp_names.csv,d32ea2b3a85e489b14e83bcc9eae7274532e1d113753f7be290d4b2dfde573fa,2917451,ACCEPTED_SPECIES: Populus tremuloides -> Populus tremuloides,Direct WCVP Accepted species.
TAX-00238,TAXONOMY_MAPPING,747,2917437,C:\range_paper\02_raw\WCVP\wcvp.zip::wcvp_names.csv,d32ea2b3a85e489b14e83bcc9eae7274532e1d113753f7be290d4b2dfde573fa,2920807,SYNONYM_TO_ACCEPTED_SPECIES: Populus balsamifera ssp. trichocarpa -> Populus tristis,Exact WCVP Synonym resolved by accepted_plant_name_id to an Accepted species.
TAX-00239,TAXONOMY_MAPPING,748,2917269,C:\range_paper\02_raw\WCVP\wcvp.zip::wcvp_names.csv,d32ea2b3a85e489b14e83bcc9eae7274532e1d113753f7be290d4b2dfde573fa,2917269,ACCEPTED_SPECIES: Populus fremontii -> Populus fremontii,Direct WCVP Accepted species.
TAX-00240,TAXONOMY_MAPPING,749,2921945,C:\range_paper\02_raw\WCVP\wcvp.zip::wcvp_names.csv,d32ea2b3a85e489b14e83bcc9eae7274532e1d113753f7be290d4b2dfde573fa,2917311;2917312;2921945,ACCEPTED_SPECIES: Populus angustifolia -> Populus angustifolia,Direct WCVP Accepted species.
TAX-00241,TAXONOMY_MAPPING,752,2917735,C:\range_paper\02_raw\WCVP\wcvp.zip::wcvp_names.csv,d32ea2b3a85e489b14e83bcc9eae7274532e1d113753f7be290d4b2dfde573fa,2917735,ACCEPTED_SPECIES: Populus alba -> Populus alba,Direct WCVP Accepted species.
TAX-00242,TAXONOMY_MAPPING,753,2917497,C:\range_paper\02_raw\WCVP\wcvp.zip::wcvp_names.csv,d32ea2b3a85e489b14e83bcc9eae7274532e1d113753f7be290d4b2dfde573fa,2917497;2917498,ACCEPTED_SPECIES: Populus nigra -> Populus nigra,Direct WCVP Accepted species.
TAX-00243,TAXONOMY_MAPPING,756,2383853,C:\range_paper\02_raw\WCVP\wcvp.zip::wcvp_names.csv,d32ea2b3a85e489b14e83bcc9eae7274532e1d113753f7be290d4b2dfde573fa,2536023,SYNONYM_TO_ACCEPTED_SPECIES: Prosopis glandulosa -> Neltuma glandulosa,Exact WCVP Synonym resolved by accepted_plant_name_id to an Accepted species.
TAX-00244,TAXONOMY_MAPPING,757,2383876,C:\range_paper\02_raw\WCVP\wcvp.zip::wcvp_names.csv,d32ea2b3a85e489b14e83bcc9eae7274532e1d113753f7be290d4b2dfde573fa,2536173,SYNONYM_TO_ACCEPTED_SPECIES: Prosopis velutina -> Neltuma velutina,Exact WCVP Synonym resolved by accepted_plant_name_id to an Accepted species.
TAX-00245,TAXONOMY_MAPPING,758,2596955,C:\range_paper\02_raw\WCVP\wcvp.zip::wcvp_names.csv,d32ea2b3a85e489b14e83bcc9eae7274532e1d113753f7be290d4b2dfde573fa,2536030,SYNONYM_TO_ACCEPTED_SPECIES: Prosopis pubescens -> Strombocarpa pubescens,Exact WCVP Synonym resolved by accepted_plant_name_id to an Accepted species.
TAX-00246,TAXONOMY_MAPPING,760,,C:\range_paper\02_raw\WCVP\wcvp.zip::wcvp_names.csv,d32ea2b3a85e489b14e83bcc9eae7274532e1d113753f7be290d4b2dfde573fa,,GENUS_OR_NON_SPECIES_AGGREGATE: Prunus spp. -> ,FIA name is a genus/non-species aggregate or unknown object; no species assignment permitted.
TAX-00247,TAXONOMY_MAPPING,761,2961130,C:\range_paper\02_raw\WCVP\wcvp.zip::wcvp_names.csv,d32ea2b3a85e489b14e83bcc9eae7274532e1d113753f7be290d4b2dfde573fa,2961130,ACCEPTED_SPECIES: Prunus pensylvanica -> Prunus pensylvanica,Direct WCVP Accepted species.
TAX-00248,TAXONOMY_MAPPING,762,2915966,C:\range_paper\02_raw\WCVP\wcvp.zip::wcvp_names.csv,d32ea2b3a85e489b14e83bcc9eae7274532e1d113753f7be290d4b2dfde573fa,2915966;2961587,ACCEPTED_SPECIES: Prunus serotina -> Prunus serotina,Direct WCVP Accepted species.
TAX-00249,TAXONOMY_MAPPING,763,2962364,C:\range_paper\02_raw\WCVP\wcvp.zip::wcvp_names.csv,d32ea2b3a85e489b14e83bcc9eae7274532e1d113753f7be290d4b2dfde573fa,2962364,ACCEPTED_SPECIES: Prunus virginiana -> Prunus virginiana,Direct WCVP Accepted species.
TAX-00250,TAXONOMY_MAPPING,764,2901279,C:\range_paper\02_raw\WCVP\wcvp.zip::wcvp_names.csv,d32ea2b3a85e489b14e83bcc9eae7274532e1d113753f7be290d4b2dfde573fa,2901279,ACCEPTED_SPECIES: Prunus persica -> Prunus persica,Direct WCVP Accepted species.
TAX-00251,TAXONOMY_MAPPING,766,2958765,C:\range_paper\02_raw\WCVP\wcvp.zip::wcvp_names.csv,d32ea2b3a85e489b14e83bcc9eae7274532e1d113753f7be290d4b2dfde573fa,2958765,ACCEPTED_SPECIES: Prunus americana -> Prunus americana,Direct WCVP Accepted species.
TAX-00252,TAXONOMY_MAPPING,768,2959716,C:\range_paper\02_raw\WCVP\wcvp.zip::wcvp_names.csv,d32ea2b3a85e489b14e83bcc9eae7274532e1d113753f7be290d4b2dfde573fa,2959716;2959718,ACCEPTED_SPECIES: Prunus emarginata -> Prunus emarginata,Direct WCVP Accepted species.
TAX-00253,TAXONOMY_MAPPING,771,2917143,C:\range_paper\02_raw\WCVP\wcvp.zip::wcvp_names.csv,d32ea2b3a85e489b14e83bcc9eae7274532e1d113753f7be290d4b2dfde573fa,2917143,ACCEPTED_SPECIES: Prunus avium -> Prunus avium,Direct WCVP Accepted species.
TAX-00254,TAXONOMY_MAPPING,773,2959531,C:\range_paper\02_raw\WCVP\wcvp.zip::wcvp_names.csv,d32ea2b3a85e489b14e83bcc9eae7274532e1d113753f7be290d4b2dfde573fa,2959531,ACCEPTED_SPECIES: Prunus domestica -> Prunus domestica,Direct WCVP Accepted species.
TAX-00255,TAXONOMY_MAPPING,801,171483,C:\range_paper\02_raw\WCVP\wcvp.zip::wcvp_names.csv,d32ea2b3a85e489b14e83bcc9eae7274532e1d113753f7be290d4b2dfde573fa,171483,ACCEPTED_SPECIES: Quercus agrifolia -> Quercus agrifolia,Direct WCVP Accepted species.
TAX-00256,TAXONOMY_MAPPING,802,171499,C:\range_paper\02_raw\WCVP\wcvp.zip::wcvp_names.csv,d32ea2b3a85e489b14e83bcc9eae7274532e1d113753f7be290d4b2dfde573fa,171499,ACCEPTED_SPECIES: Quercus alba -> Quercus alba,Direct WCVP Accepted species.
TAX-00257,TAXONOMY_MAPPING,803,171655,C:\range_paper\02_raw\WCVP\wcvp.zip::wcvp_names.csv,d32ea2b3a85e489b14e83bcc9eae7274532e1d113753f7be290d4b2dfde573fa,171655,ACCEPTED_SPECIES: Quercus arizonica -> Quercus arizonica,Direct WCVP Accepted species.
TAX-00258,TAXONOMY_MAPPING,804,171779,C:\range_paper\02_raw\WCVP\wcvp.zip::wcvp_names.csv,d32ea2b3a85e489b14e83bcc9eae7274532e1d113753f7be290d4b2dfde573fa,171779,ACCEPTED_SPECIES: Quercus bicolor -> Quercus bicolor,Direct WCVP Accepted species.
TAX-00259,TAXONOMY_MAPPING,805,172147,C:\range_paper\02_raw\WCVP\wcvp.zip::wcvp_names.csv,d32ea2b3a85e489b14e83bcc9eae7274532e1d113753f7be290d4b2dfde573fa,172147,ACCEPTED_SPECIES: Quercus chrysolepis -> Quercus chrysolepis,Direct WCVP Accepted species.
TAX-00260,TAXONOMY_MAPPING,806,172244,C:\range_paper\02_raw\WCVP\wcvp.zip::wcvp_names.csv,d32ea2b3a85e489b14e83bcc9eae7274532e1d113753f7be290d4b2dfde573fa,172244,ACCEPTED_SPECIES: Quercus coccinea -> Quercus coccinea,Direct WCVP Accepted species.
TAX-00261,TAXONOMY_MAPPING,807,172538,C:\range_paper\02_raw\WCVP\wcvp.zip::wcvp_names.csv,d32ea2b3a85e489b14e83bcc9eae7274532e1d113753f7be290d4b2dfde573fa,172538,ACCEPTED_SPECIES: Quercus douglasii -> Quercus douglasii,Direct WCVP Accepted species.
TAX-00262,TAXONOMY_MAPPING,808,175179,C:\range_paper\02_raw\WCVP\wcvp.zip::wcvp_names.csv,d32ea2b3a85e489b14e83bcc9eae7274532e1d113753f7be290d4b2dfde573fa,175182,ACCEPTED_INFRASPECIES_TO_PARENT_SPECIES: Quercus sinuata var. sinuata -> Quercus sinuata,Accepted infraspecific taxon mapped by parent_plant_name_id to its Accepted parent species.
TAX-00263,TAXONOMY_MAPPING,809,172621,C:\range_paper\02_raw\WCVP\wcvp.zip::wcvp_names.csv,d32ea2b3a85e489b14e83bcc9eae7274532e1d113753f7be290d4b2dfde573fa,172621,ACCEPTED_SPECIES: Quercus ellipsoidalis -> Quercus ellipsoidalis,Direct WCVP Accepted species.
TAX-00264,TAXONOMY_MAPPING,810,172635,C:\range_paper\02_raw\WCVP\wcvp.zip::wcvp_names.csv,d32ea2b3a85e489b14e83bcc9eae7274532e1d113753f7be290d4b2dfde573fa,172634;172635,ACCEPTED_SPECIES: Quercus emoryi -> Quercus emoryi,Direct WCVP Accepted species.
TAX-00265,TAXONOMY_MAPPING,811,172644,C:\range_paper\02_raw\WCVP\wcvp.zip::wcvp_names.csv,d32ea2b3a85e489b14e83bcc9eae7274532e1d113753f7be290d4b2dfde573fa,172644,ACCEPTED_SPECIES: Quercus engelmannii -> Quercus engelmannii,Direct WCVP Accepted species.
TAX-00266,TAXONOMY_MAPPING,812,172729,C:\range_paper\02_raw\WCVP\wcvp.zip::wcvp_names.csv,d32ea2b3a85e489b14e83bcc9eae7274532e1d113753f7be290d4b2dfde573fa,172729,ACCEPTED_SPECIES: Quercus falcata -> Quercus falcata,Direct WCVP Accepted species.
TAX-00267,TAXONOMY_MAPPING,813,174226,C:\range_paper\02_raw\WCVP\wcvp.zip::wcvp_names.csv,d32ea2b3a85e489b14e83bcc9eae7274532e1d113753f7be290d4b2dfde573fa,174226,ACCEPTED_SPECIES: Quercus pagoda -> Quercus pagoda,Direct WCVP Accepted species.
TAX-00268,TAXONOMY_MAPPING,814,172843,C:\range_paper\02_raw\WCVP\wcvp.zip::wcvp_names.csv,d32ea2b3a85e489b14e83bcc9eae7274532e1d113753f7be290d4b2dfde573fa,172842;172843,ACCEPTED_SPECIES: Quercus gambelii -> Quercus gambelii,Direct WCVP Accepted species.
TAX-00269,TAXONOMY_MAPPING,815,172855,C:\range_paper\02_raw\WCVP\wcvp.zip::wcvp_names.csv,d32ea2b3a85e489b14e83bcc9eae7274532e1d113753f7be290d4b2dfde573fa,172855,ACCEPTED_SPECIES: Quercus garryana -> Quercus garryana,Direct WCVP Accepted species.
TAX-00270,TAXONOMY_MAPPING,816,173293,C:\range_paper\02_raw\WCVP\wcvp.zip::wcvp_names.csv,d32ea2b3a85e489b14e83bcc9eae7274532e1d113753f7be290d4b2dfde573fa,173293;173294;173295;173297,ACCEPTED_SPECIES: Quercus ilicifolia -> Quercus ilicifolia,Direct WCVP Accepted species.
TAX-00271,TAXONOMY_MAPPING,817,173302,C:\range_paper\02_raw\WCVP\wcvp.zip::wcvp_names.csv,d32ea2b3a85e489b14e83bcc9eae7274532e1d113753f7be290d4b2dfde573fa,173302,ACCEPTED_SPECIES: Quercus imbricaria -> Quercus imbricaria,Direct WCVP Accepted species.
TAX-00272,TAXONOMY_MAPPING,818,173428,C:\range_paper\02_raw\WCVP\wcvp.zip::wcvp_names.csv,d32ea2b3a85e489b14e83bcc9eae7274532e1d113753f7be290d4b2dfde573fa,173428,ACCEPTED_SPECIES: Quercus kelloggii -> Quercus kelloggii,Direct WCVP Accepted species.
TAX-00273,TAXONOMY_MAPPING,819,173479,C:\range_paper\02_raw\WCVP\wcvp.zip::wcvp_names.csv,d32ea2b3a85e489b14e83bcc9eae7274532e1d113753f7be290d4b2dfde573fa,173479,ACCEPTED_SPECIES: Quercus laevis -> Quercus laevis,Direct WCVP Accepted species.
TAX-00274,TAXONOMY_MAPPING,820,,C:\range_paper\02_raw\WCVP\wcvp.zip::wcvp_names.csv,d32ea2b3a85e489b14e83bcc9eae7274532e1d113753f7be290d4b2dfde573fa,173587;173588,AMBIGUOUS: Quercus laurifolia -> ,Exact normalized FIA name maps through usable WCVP records to multiple distinct accepted identifiers; authorship is unavailable in the frozen FIA candidate table.
TAX-00275,TAXONOMY_MAPPING,821,173674,C:\range_paper\02_raw\WCVP\wcvp.zip::wcvp_names.csv,d32ea2b3a85e489b14e83bcc9eae7274532e1d113753f7be290d4b2dfde573fa,173674,ACCEPTED_SPECIES: Quercus lobata -> Quercus lobata,Direct WCVP Accepted species.
TAX-00276,TAXONOMY_MAPPING,822,,C:\range_paper\02_raw\WCVP\wcvp.zip::wcvp_names.csv,d32ea2b3a85e489b14e83bcc9eae7274532e1d113753f7be290d4b2dfde573fa,173795;173796,AMBIGUOUS: Quercus lyrata -> ,Exact normalized FIA name maps through usable WCVP records to multiple distinct accepted identifiers; authorship is unavailable in the frozen FIA candidate table.
TAX-00277,TAXONOMY_MAPPING,823,173817,C:\range_paper\02_raw\WCVP\wcvp.zip::wcvp_names.csv,d32ea2b3a85e489b14e83bcc9eae7274532e1d113753f7be290d4b2dfde573fa,173816;173817,ACCEPTED_SPECIES: Quercus macrocarpa -> Quercus macrocarpa,Direct WCVP Accepted species.
TAX-00278,TAXONOMY_MAPPING,824,173871,C:\range_paper\02_raw\WCVP\wcvp.zip::wcvp_names.csv,d32ea2b3a85e489b14e83bcc9eae7274532e1d113753f7be290d4b2dfde573fa,173871,ACCEPTED_SPECIES: Quercus marilandica -> Quercus marilandica,Direct WCVP Accepted species.
TAX-00279,TAXONOMY_MAPPING,825,173929,C:\range_paper\02_raw\WCVP\wcvp.zip::wcvp_names.csv,d32ea2b3a85e489b14e83bcc9eae7274532e1d113753f7be290d4b2dfde573fa,173929;545483,ACCEPTED_SPECIES: Quercus michauxii -> Quercus michauxii,Direct WCVP Accepted species.
TAX-00280,TAXONOMY_MAPPING,826,174020,C:\range_paper\02_raw\WCVP\wcvp.zip::wcvp_names.csv,d32ea2b3a85e489b14e83bcc9eae7274532e1d113753f7be290d4b2dfde573fa,174020,ACCEPTED_SPECIES: Quercus muehlenbergii -> Quercus muehlenbergii,Direct WCVP Accepted species.
TAX-00281,TAXONOMY_MAPPING,827,174075,C:\range_paper\02_raw\WCVP\wcvp.zip::wcvp_names.csv,d32ea2b3a85e489b14e83bcc9eae7274532e1d113753f7be290d4b2dfde573fa,174075,ACCEPTED_SPECIES: Quercus nigra -> Quercus nigra,Direct WCVP Accepted species.
TAX-00282,TAXONOMY_MAPPING,828,175464,C:\range_paper\02_raw\WCVP\wcvp.zip::wcvp_names.csv,d32ea2b3a85e489b14e83bcc9eae7274532e1d113753f7be290d4b2dfde573fa,175463;175464,ACCEPTED_SPECIES: Quercus texana -> Quercus texana,Direct WCVP Accepted species.
TAX-00283,TAXONOMY_MAPPING,829,174136,C:\range_paper\02_raw\WCVP\wcvp.zip::wcvp_names.csv,d32ea2b3a85e489b14e83bcc9eae7274532e1d113753f7be290d4b2dfde573fa,174135;174136,ACCEPTED_SPECIES: Quercus oblongifolia -> Quercus oblongifolia,Direct WCVP Accepted species.
TAX-00284,TAXONOMY_MAPPING,830,174242,C:\range_paper\02_raw\WCVP\wcvp.zip::wcvp_names.csv,d32ea2b3a85e489b14e83bcc9eae7274532e1d113753f7be290d4b2dfde573fa,174241;174242,ACCEPTED_SPECIES: Quercus palustris -> Quercus palustris,Direct WCVP Accepted species.
TAX-00285,TAXONOMY_MAPPING,831,174411,C:\range_paper\02_raw\WCVP\wcvp.zip::wcvp_names.csv,d32ea2b3a85e489b14e83bcc9eae7274532e1d113753f7be290d4b2dfde573fa,174411,ACCEPTED_SPECIES: Quercus phellos -> Quercus phellos,Direct WCVP Accepted species.
TAX-00286,TAXONOMY_MAPPING,832,173929,C:\range_paper\02_raw\WCVP\wcvp.zip::wcvp_names.csv,d32ea2b3a85e489b14e83bcc9eae7274532e1d113753f7be290d4b2dfde573fa,174525,SYNONYM_TO_ACCEPTED_SPECIES: Quercus prinus -> Quercus michauxii,Exact WCVP Synonym resolved by accepted_plant_name_id to an Accepted species.
TAX-00287,TAXONOMY_MAPPING,833,174902,C:\range_paper\02_raw\WCVP\wcvp.zip::wcvp_names.csv,d32ea2b3a85e489b14e83bcc9eae7274532e1d113753f7be290d4b2dfde573fa,174902,ACCEPTED_SPECIES: Quercus rubra -> Quercus rubra,Direct WCVP Accepted species.
TAX-00288,TAXONOMY_MAPPING,834,175148,C:\range_paper\02_raw\WCVP\wcvp.zip::wcvp_names.csv,d32ea2b3a85e489b14e83bcc9eae7274532e1d113753f7be290d4b2dfde573fa,175148,ACCEPTED_SPECIES: Quercus shumardii -> Quercus shumardii,Direct WCVP Accepted species.
TAX-00289,TAXONOMY_MAPPING,835,175243,C:\range_paper\02_raw\WCVP\wcvp.zip::wcvp_names.csv,d32ea2b3a85e489b14e83bcc9eae7274532e1d113753f7be290d4b2dfde573fa,175243,ACCEPTED_SPECIES: Quercus stellata -> Quercus stellata,Direct WCVP Accepted species.
TAX-00290,TAXONOMY_MAPPING,836,175172,C:\range_paper\02_raw\WCVP\wcvp.zip::wcvp_names.csv,d32ea2b3a85e489b14e83bcc9eae7274532e1d113753f7be290d4b2dfde573fa,175172,ACCEPTED_SPECIES: Quercus similis -> Quercus similis,Direct WCVP Accepted species.
TAX-00291,TAXONOMY_MAPPING,837,175672,C:\range_paper\02_raw\WCVP\wcvp.zip::wcvp_names.csv,d32ea2b3a85e489b14e83bcc9eae7274532e1d113753f7be290d4b2dfde573fa,175670;175671;175672,ACCEPTED_SPECIES: Quercus velutina -> Quercus velutina,Direct WCVP Accepted species.
TAX-00292,TAXONOMY_MAPPING,838,175726,C:\range_paper\02_raw\WCVP\wcvp.zip::wcvp_names.csv,d32ea2b3a85e489b14e83bcc9eae7274532e1d113753f7be290d4b2dfde573fa,175726,ACCEPTED_SPECIES: Quercus virginiana -> Quercus virginiana,Direct WCVP Accepted species.
TAX-00293,TAXONOMY_MAPPING,839,175769,C:\range_paper\02_raw\WCVP\wcvp.zip::wcvp_names.csv,d32ea2b3a85e489b14e83bcc9eae7274532e1d113753f7be290d4b2dfde573fa,175769,ACCEPTED_SPECIES: Quercus wislizeni -> Quercus wislizeni,Direct WCVP Accepted species.
TAX-00294,TAXONOMY_MAPPING,840,,C:\range_paper\02_raw\WCVP\wcvp.zip::wcvp_names.csv,d32ea2b3a85e489b14e83bcc9eae7274532e1d113753f7be290d4b2dfde573fa,,UNRESOLVED: Quercus margarettiae -> ,No exact normalized WCVP name record.
TAX-00295,TAXONOMY_MAPPING,841,173948,C:\range_paper\02_raw\WCVP\wcvp.zip::wcvp_names.csv,d32ea2b3a85e489b14e83bcc9eae7274532e1d113753f7be290d4b2dfde573fa,173948,ACCEPTED_SPECIES: Quercus minima -> Quercus minima,Direct WCVP Accepted species.
TAX-00296,TAXONOMY_MAPPING,842,173316,C:\range_paper\02_raw\WCVP\wcvp.zip::wcvp_names.csv,d32ea2b3a85e489b14e83bcc9eae7274532e1d113753f7be290d4b2dfde573fa,173316;173317,ACCEPTED_SPECIES: Quercus incana -> Quercus incana,Direct WCVP Accepted species.
TAX-00297,TAXONOMY_MAPPING,843,173145,C:\range_paper\02_raw\WCVP\wcvp.zip::wcvp_names.csv,d32ea2b3a85e489b14e83bcc9eae7274532e1d113753f7be290d4b2dfde573fa,173145,ACCEPTED_SPECIES: Quercus hypoleucoides -> Quercus hypoleucoides,Direct WCVP Accepted species.
TAX-00298,TAXONOMY_MAPPING,844,174176,C:\range_paper\02_raw\WCVP\wcvp.zip::wcvp_names.csv,d32ea2b3a85e489b14e83bcc9eae7274532e1d113753f7be290d4b2dfde573fa,174176,ACCEPTED_SPECIES: Quercus oglethorpensis -> Quercus oglethorpensis,Direct WCVP Accepted species.
TAX-00299,TAXONOMY_MAPPING,845,174518,C:\range_paper\02_raw\WCVP\wcvp.zip::wcvp_names.csv,d32ea2b3a85e489b14e83bcc9eae7274532e1d113753f7be290d4b2dfde573fa,174518;174519,ACCEPTED_SPECIES: Quercus prinoides -> Quercus prinoides,Direct WCVP Accepted species.
TAX-00300,TAXONOMY_MAPPING,846,172998,C:\range_paper\02_raw\WCVP\wcvp.zip::wcvp_names.csv,d32ea2b3a85e489b14e83bcc9eae7274532e1d113753f7be290d4b2dfde573fa,172998,ACCEPTED_SPECIES: Quercus grisea -> Quercus grisea,Direct WCVP Accepted species.
TAX-00301,TAXONOMY_MAPPING,847,174935,C:\range_paper\02_raw\WCVP\wcvp.zip::wcvp_names.csv,d32ea2b3a85e489b14e83bcc9eae7274532e1d113753f7be290d4b2dfde573fa,174934;174935,ACCEPTED_SPECIES: Quercus rugosa -> Quercus rugosa,Direct WCVP Accepted species.
TAX-00302,TAXONOMY_MAPPING,851,172964,C:\range_paper\02_raw\WCVP\wcvp.zip::wcvp_names.csv,d32ea2b3a85e489b14e83bcc9eae7274532e1d113753f7be290d4b2dfde573fa,172964,ACCEPTED_SPECIES: Quercus graciliformis -> Quercus graciliformis,Direct WCVP Accepted species.
TAX-00303,TAXONOMY_MAPPING,853,2640872,C:\range_paper\02_raw\WCVP\wcvp.zip::wcvp_names.csv,d32ea2b3a85e489b14e83bcc9eae7274532e1d113753f7be290d4b2dfde573fa,2640872;2640873,ACCEPTED_SPECIES: Annona glabra -> Annona glabra,Direct WCVP Accepted species.
TAX-00304,TAXONOMY_MAPPING,854,2687649,C:\range_paper\02_raw\WCVP\wcvp.zip::wcvp_names.csv,d32ea2b3a85e489b14e83bcc9eae7274532e1d113753f7be290d4b2dfde573fa,2687649,ACCEPTED_SPECIES: Bursera simaruba -> Bursera simaruba,Direct WCVP Accepted species.
TAX-00305,TAXONOMY_MAPPING,858,2695178,C:\range_paper\02_raw\WCVP\wcvp.zip::wcvp_names.csv,d32ea2b3a85e489b14e83bcc9eae7274532e1d113753f7be290d4b2dfde573fa,2721183,SYNONYM_TO_ACCEPTED_SPECIES: Cinnamomum camphora -> Camphora officinarum,Exact WCVP Synonym resolved by accepted_plant_name_id to an Accepted species.
TAX-00306,TAXONOMY_MAPPING,860,,C:\range_paper\02_raw\WCVP\wcvp.zip::wcvp_names.csv,d32ea2b3a85e489b14e83bcc9eae7274532e1d113753f7be290d4b2dfde573fa,,GENUS_OR_NON_SPECIES_AGGREGATE: Citrus spp. -> ,FIA name is a genus/non-species aggregate or unknown object; no species assignment permitted.
TAX-00307,TAXONOMY_MAPPING,863,2729242,C:\range_paper\02_raw\WCVP\wcvp.zip::wcvp_names.csv,d32ea2b3a85e489b14e83bcc9eae7274532e1d113753f7be290d4b2dfde573fa,2729242,ACCEPTED_SPECIES: Coccoloba diversifolia -> Coccoloba diversifolia,Direct WCVP Accepted species.
TAX-00308,TAXONOMY_MAPPING,867,2733979,C:\range_paper\02_raw\WCVP\wcvp.zip::wcvp_names.csv,d32ea2b3a85e489b14e83bcc9eae7274532e1d113753f7be290d4b2dfde573fa,2733979,ACCEPTED_SPECIES: Condalia hookeri -> Condalia hookeri,Direct WCVP Accepted species.
TAX-00309,TAXONOMY_MAPPING,868,2780305,C:\range_paper\02_raw\WCVP\wcvp.zip::wcvp_names.csv,d32ea2b3a85e489b14e83bcc9eae7274532e1d113753f7be290d4b2dfde573fa,2780305,ACCEPTED_SPECIES: Ebenopsis ebano -> Ebenopsis ebano,Direct WCVP Accepted species.
TAX-00310,TAXONOMY_MAPPING,869,2346415,C:\range_paper\02_raw\WCVP\wcvp.zip::wcvp_names.csv,d32ea2b3a85e489b14e83bcc9eae7274532e1d113753f7be290d4b2dfde573fa,2346415,ACCEPTED_SPECIES: Leucaena pulverulenta -> Leucaena pulverulenta,Direct WCVP Accepted species.
TAX-00311,TAXONOMY_MAPPING,870,2598500,C:\range_paper\02_raw\WCVP\wcvp.zip::wcvp_names.csv,d32ea2b3a85e489b14e83bcc9eae7274532e1d113753f7be290d4b2dfde573fa,2597421,SYNONYM_TO_ACCEPTED_SPECIES: Sophora affinis -> Styphnolobium affine,Exact WCVP Synonym resolved by accepted_plant_name_id to an Accepted species.
TAX-00312,TAXONOMY_MAPPING,876,2809576,C:\range_paper\02_raw\WCVP\wcvp.zip::wcvp_names.csv,d32ea2b3a85e489b14e83bcc9eae7274532e1d113753f7be290d4b2dfde573fa,2809576,ACCEPTED_SPECIES: Ficus aurea -> Ficus aurea,Direct WCVP Accepted species.
TAX-00313,TAXONOMY_MAPPING,886,2364578,C:\range_paper\02_raw\WCVP\wcvp.zip::wcvp_names.csv,d32ea2b3a85e489b14e83bcc9eae7274532e1d113753f7be290d4b2dfde573fa,2364578,ACCEPTED_SPECIES: Metopium toxiferum -> Metopium toxiferum,Direct WCVP Accepted species.
TAX-00314,TAXONOMY_MAPPING,887,2540278,C:\range_paper\02_raw\WCVP\wcvp.zip::wcvp_names.csv,d32ea2b3a85e489b14e83bcc9eae7274532e1d113753f7be290d4b2dfde573fa,2540278,ACCEPTED_SPECIES: Piscidia piscipula -> Piscidia piscipula,Direct WCVP Accepted species.
TAX-00315,TAXONOMY_MAPPING,897,2444682,C:\range_paper\02_raw\WCVP\wcvp.zip::wcvp_names.csv,d32ea2b3a85e489b14e83bcc9eae7274532e1d113753f7be290d4b2dfde573fa,2444682,ACCEPTED_SPECIES: Tamarindus indica -> Tamarindus indica,Direct WCVP Accepted species.
TAX-00316,TAXONOMY_MAPPING,901,2428246,C:\range_paper\02_raw\WCVP\wcvp.zip::wcvp_names.csv,d32ea2b3a85e489b14e83bcc9eae7274532e1d113753f7be290d4b2dfde573fa,2428246,ACCEPTED_SPECIES: Robinia pseudoacacia -> Robinia pseudoacacia,Direct WCVP Accepted species.
TAX-00317,TAXONOMY_MAPPING,909,,C:\range_paper\02_raw\WCVP\wcvp.zip::wcvp_names.csv,d32ea2b3a85e489b14e83bcc9eae7274532e1d113753f7be290d4b2dfde573fa,,GENUS_OR_NON_SPECIES_AGGREGATE: Roystonea spp. -> ,FIA name is a genus/non-species aggregate or unknown object; no species assignment permitted.
TAX-00318,TAXONOMY_MAPPING,912,181053,C:\range_paper\02_raw\WCVP\wcvp.zip::wcvp_names.csv,d32ea2b3a85e489b14e83bcc9eae7274532e1d113753f7be290d4b2dfde573fa,181053,ACCEPTED_SPECIES: Sabal palmetto -> Sabal palmetto,Direct WCVP Accepted species.
TAX-00319,TAXONOMY_MAPPING,913,351387,C:\range_paper\02_raw\WCVP\wcvp.zip::wcvp_names.csv,d32ea2b3a85e489b14e83bcc9eae7274532e1d113753f7be290d4b2dfde573fa,203977,SYNONYM_TO_ACCEPTED_SPECIES: Thrinax morrisii -> Leucothrinax morrisii,Exact WCVP Synonym resolved by accepted_plant_name_id to an Accepted species.
TAX-00320,TAXONOMY_MAPPING,915,,C:\range_paper\02_raw\WCVP\wcvp.zip::wcvp_names.csv,d32ea2b3a85e489b14e83bcc9eae7274532e1d113753f7be290d4b2dfde573fa,,GENUS_OR_NON_SPECIES_AGGREGATE: Areca spp. -> ,FIA name is a genus/non-species aggregate or unknown object; no species assignment permitted.
TAX-00321,TAXONOMY_MAPPING,919,2582296,C:\range_paper\02_raw\WCVP\wcvp.zip::wcvp_names.csv,d32ea2b3a85e489b14e83bcc9eae7274532e1d113753f7be290d4b2dfde573fa,2891923,SYNONYM_TO_ACCEPTED_SPECIES: Sapindus saponaria var. drummondii -> Sapindus drummondii,Exact WCVP Synonym resolved by accepted_plant_name_id to an Accepted species.
TAX-00322,TAXONOMY_MAPPING,920,,C:\range_paper\02_raw\WCVP\wcvp.zip::wcvp_names.csv,d32ea2b3a85e489b14e83bcc9eae7274532e1d113753f7be290d4b2dfde573fa,,GENUS_OR_NON_SPECIES_AGGREGATE: Salix spp. -> ,FIA name is a genus/non-species aggregate or unknown object; no species assignment permitted.
TAX-00323,TAXONOMY_MAPPING,921,2918617,C:\range_paper\02_raw\WCVP\wcvp.zip::wcvp_names.csv,d32ea2b3a85e489b14e83bcc9eae7274532e1d113753f7be290d4b2dfde573fa,2918617,ACCEPTED_SPECIES: Salix amygdaloides -> Salix amygdaloides,Direct WCVP Accepted species.
TAX-00324,TAXONOMY_MAPPING,922,2919837,C:\range_paper\02_raw\WCVP\wcvp.zip::wcvp_names.csv,d32ea2b3a85e489b14e83bcc9eae7274532e1d113753f7be290d4b2dfde573fa,2919837,ACCEPTED_SPECIES: Salix nigra -> Salix nigra,Direct WCVP Accepted species.
TAX-00325,TAXONOMY_MAPPING,925,2919167,C:\range_paper\02_raw\WCVP\wcvp.zip::wcvp_names.csv,d32ea2b3a85e489b14e83bcc9eae7274532e1d113753f7be290d4b2dfde573fa,2919167,ACCEPTED_SPECIES: Salix caroliniana -> Salix caroliniana,Direct WCVP Accepted species.
TAX-00326,TAXONOMY_MAPPING,927,2918804,C:\range_paper\02_raw\WCVP\wcvp.zip::wcvp_names.csv,d32ea2b3a85e489b14e83bcc9eae7274532e1d113753f7be290d4b2dfde573fa,2918804;2918805,ACCEPTED_SPECIES: Salix alba -> Salix alba,Direct WCVP Accepted species.
TAX-00327,TAXONOMY_MAPPING,929,,C:\range_paper\02_raw\WCVP\wcvp.zip::wcvp_names.csv,d32ea2b3a85e489b14e83bcc9eae7274532e1d113753f7be290d4b2dfde573fa,2920502,HYBRID_OR_NOTHOTAXON: Salix x sepulcralis -> ,Hybrid marker or WCVP artificial-hybrid evidence; no ordinary accepted-species assignment.
TAX-00328,TAXONOMY_MAPPING,931,2591964,C:\range_paper\02_raw\WCVP\wcvp.zip::wcvp_names.csv,d32ea2b3a85e489b14e83bcc9eae7274532e1d113753f7be290d4b2dfde573fa,2591964,ACCEPTED_SPECIES: Sassafras albidum -> Sassafras albidum,Direct WCVP Accepted species.
TAX-00329,TAXONOMY_MAPPING,934,,C:\range_paper\02_raw\WCVP\wcvp.zip::wcvp_names.csv,d32ea2b3a85e489b14e83bcc9eae7274532e1d113753f7be290d4b2dfde573fa,,GENUS_OR_NON_SPECIES_AGGREGATE: Sorbus spp. -> ,FIA name is a genus/non-species aggregate or unknown object; no species assignment permitted.
TAX-00330,TAXONOMY_MAPPING,935,2991391,C:\range_paper\02_raw\WCVP\wcvp.zip::wcvp_names.csv,d32ea2b3a85e489b14e83bcc9eae7274532e1d113753f7be290d4b2dfde573fa,2991391;2991393,ACCEPTED_SPECIES: Sorbus americana -> Sorbus americana,Direct WCVP Accepted species.
TAX-00331,TAXONOMY_MAPPING,937,2991806,C:\range_paper\02_raw\WCVP\wcvp.zip::wcvp_names.csv,d32ea2b3a85e489b14e83bcc9eae7274532e1d113753f7be290d4b2dfde573fa,2991806,ACCEPTED_SPECIES: Sorbus decora -> Sorbus decora,Direct WCVP Accepted species.
TAX-00332,TAXONOMY_MAPPING,940,2601502,C:\range_paper\02_raw\WCVP\wcvp.zip::wcvp_names.csv,d32ea2b3a85e489b14e83bcc9eae7274532e1d113753f7be290d4b2dfde573fa,2601502,ACCEPTED_SPECIES: Swietenia mahagoni -> Swietenia mahagoni,Direct WCVP Accepted species.
TAX-00333,TAXONOMY_MAPPING,951,2518218,C:\range_paper\02_raw\WCVP\wcvp.zip::wcvp_names.csv,d32ea2b3a85e489b14e83bcc9eae7274532e1d113753f7be290d4b2dfde573fa,2518218,ACCEPTED_SPECIES: Tilia americana -> Tilia americana,Direct WCVP Accepted species.
TAX-00334,TAXONOMY_MAPPING,952,2518218,C:\range_paper\02_raw\WCVP\wcvp.zip::wcvp_names.csv,d32ea2b3a85e489b14e83bcc9eae7274532e1d113753f7be290d4b2dfde573fa,2522340,SYNONYM_TO_ACCEPTED_SPECIES: Tilia americana var. heterophylla -> Tilia americana,Exact WCVP Synonym resolved by accepted_plant_name_id to an Accepted species.
TAX-00335,TAXONOMY_MAPPING,953,2518218,C:\range_paper\02_raw\WCVP\wcvp.zip::wcvp_names.csv,d32ea2b3a85e489b14e83bcc9eae7274532e1d113753f7be290d4b2dfde573fa,2894086,SYNONYM_TO_ACCEPTED_SPECIES: Tilia americana var. caroliniana -> Tilia americana,Exact WCVP Synonym resolved by accepted_plant_name_id to an Accepted species.
TAX-00336,TAXONOMY_MAPPING,971,2450008,C:\range_paper\02_raw\WCVP\wcvp.zip::wcvp_names.csv,d32ea2b3a85e489b14e83bcc9eae7274532e1d113753f7be290d4b2dfde573fa,2450008,ACCEPTED_SPECIES: Ulmus alata -> Ulmus alata,Direct WCVP Accepted species.
TAX-00337,TAXONOMY_MAPPING,972,2450019,C:\range_paper\02_raw\WCVP\wcvp.zip::wcvp_names.csv,d32ea2b3a85e489b14e83bcc9eae7274532e1d113753f7be290d4b2dfde573fa,2450019,ACCEPTED_SPECIES: Ulmus americana -> Ulmus americana,Direct WCVP Accepted species.
TAX-00338,TAXONOMY_MAPPING,973,2449976,C:\range_paper\02_raw\WCVP\wcvp.zip::wcvp_names.csv,d32ea2b3a85e489b14e83bcc9eae7274532e1d113753f7be290d4b2dfde573fa,2449976,ACCEPTED_SPECIES: Ulmus crassifolia -> Ulmus crassifolia,Direct WCVP Accepted species.
TAX-00339,TAXONOMY_MAPPING,974,2448824,C:\range_paper\02_raw\WCVP\wcvp.zip::wcvp_names.csv,d32ea2b3a85e489b14e83bcc9eae7274532e1d113753f7be290d4b2dfde573fa,2448824;2448830,ACCEPTED_SPECIES: Ulmus pumila -> Ulmus pumila,Direct WCVP Accepted species.
TAX-00340,TAXONOMY_MAPPING,975,2448805,C:\range_paper\02_raw\WCVP\wcvp.zip::wcvp_names.csv,d32ea2b3a85e489b14e83bcc9eae7274532e1d113753f7be290d4b2dfde573fa,2448805,ACCEPTED_SPECIES: Ulmus rubra -> Ulmus rubra,Direct WCVP Accepted species.
TAX-00341,TAXONOMY_MAPPING,976,2448857,C:\range_paper\02_raw\WCVP\wcvp.zip::wcvp_names.csv,d32ea2b3a85e489b14e83bcc9eae7274532e1d113753f7be290d4b2dfde573fa,2448857,ACCEPTED_SPECIES: Ulmus serotina -> Ulmus serotina,Direct WCVP Accepted species.
TAX-00342,TAXONOMY_MAPPING,977,2448843,C:\range_paper\02_raw\WCVP\wcvp.zip::wcvp_names.csv,d32ea2b3a85e489b14e83bcc9eae7274532e1d113753f7be290d4b2dfde573fa,2448843,ACCEPTED_SPECIES: Ulmus thomasii -> Ulmus thomasii,Direct WCVP Accepted species.
TAX-00343,TAXONOMY_MAPPING,981,2446614,C:\range_paper\02_raw\WCVP\wcvp.zip::wcvp_names.csv,d32ea2b3a85e489b14e83bcc9eae7274532e1d113753f7be290d4b2dfde573fa,2446614,ACCEPTED_SPECIES: Umbellularia californica -> Umbellularia californica,Direct WCVP Accepted species.
TAX-00344,TAXONOMY_MAPPING,986,18443,C:\range_paper\02_raw\WCVP\wcvp.zip::wcvp_names.csv,d32ea2b3a85e489b14e83bcc9eae7274532e1d113753f7be290d4b2dfde573fa,18443,ACCEPTED_SPECIES: Avicennia germinans -> Avicennia germinans,Direct WCVP Accepted species.
TAX-00345,TAXONOMY_MAPPING,987,2734516,C:\range_paper\02_raw\WCVP\wcvp.zip::wcvp_names.csv,d32ea2b3a85e489b14e83bcc9eae7274532e1d113753f7be290d4b2dfde573fa,2734516,ACCEPTED_SPECIES: Conocarpus erectus -> Conocarpus erectus,Direct WCVP Accepted species.
TAX-00346,TAXONOMY_MAPPING,988,2338852,C:\range_paper\02_raw\WCVP\wcvp.zip::wcvp_names.csv,d32ea2b3a85e489b14e83bcc9eae7274532e1d113753f7be290d4b2dfde573fa,2338852,ACCEPTED_SPECIES: Laguncularia racemosa -> Laguncularia racemosa,Direct WCVP Accepted species.
TAX-00347,TAXONOMY_MAPPING,989,2523199,C:\range_paper\02_raw\WCVP\wcvp.zip::wcvp_names.csv,d32ea2b3a85e489b14e83bcc9eae7274532e1d113753f7be290d4b2dfde573fa,2523199,ACCEPTED_SPECIES: Rhizophora mangle -> Rhizophora mangle,Direct WCVP Accepted species.
TAX-00348,TAXONOMY_MAPPING,990,2389100,C:\range_paper\02_raw\WCVP\wcvp.zip::wcvp_names.csv,d32ea2b3a85e489b14e83bcc9eae7274532e1d113753f7be290d4b2dfde573fa,2389100,ACCEPTED_SPECIES: Olneya tesota -> Olneya tesota,Direct WCVP Accepted species.
TAX-00349,TAXONOMY_MAPPING,991,,C:\range_paper\02_raw\WCVP\wcvp.zip::wcvp_names.csv,d32ea2b3a85e489b14e83bcc9eae7274532e1d113753f7be290d4b2dfde573fa,,GENUS_OR_NON_SPECIES_AGGREGATE: Tamarix spp. -> ,FIA name is a genus/non-species aggregate or unknown object; no species assignment permitted.
TAX-00350,TAXONOMY_MAPPING,992,123857,C:\range_paper\02_raw\WCVP\wcvp.zip::wcvp_names.csv,d32ea2b3a85e489b14e83bcc9eae7274532e1d113753f7be290d4b2dfde573fa,123857,ACCEPTED_SPECIES: Melaleuca quinquenervia -> Melaleuca quinquenervia,Direct WCVP Accepted species.
TAX-00351,TAXONOMY_MAPPING,993,2505106,C:\range_paper\02_raw\WCVP\wcvp.zip::wcvp_names.csv,d32ea2b3a85e489b14e83bcc9eae7274532e1d113753f7be290d4b2dfde573fa,2505106,ACCEPTED_SPECIES: Melia azedarach -> Melia azedarach,Direct WCVP Accepted species.
TAX-00352,TAXONOMY_MAPPING,994,207675,C:\range_paper\02_raw\WCVP\wcvp.zip::wcvp_names.csv,d32ea2b3a85e489b14e83bcc9eae7274532e1d113753f7be290d4b2dfde573fa,207675,ACCEPTED_SPECIES: Triadica sebifera -> Triadica sebifera,Direct WCVP Accepted species.
TAX-00353,TAXONOMY_MAPPING,995,212845,C:\range_paper\02_raw\WCVP\wcvp.zip::wcvp_names.csv,d32ea2b3a85e489b14e83bcc9eae7274532e1d113753f7be290d4b2dfde573fa,212845,ACCEPTED_SPECIES: Vernicia fordii -> Vernicia fordii,Direct WCVP Accepted species.
TAX-00354,TAXONOMY_MAPPING,996,2740014,C:\range_paper\02_raw\WCVP\wcvp.zip::wcvp_names.csv,d32ea2b3a85e489b14e83bcc9eae7274532e1d113753f7be290d4b2dfde573fa,2740014,ACCEPTED_SPECIES: Cotinus obovatus -> Cotinus obovatus,Direct WCVP Accepted species.
TAX-00355,TAXONOMY_MAPPING,997,2784980,C:\range_paper\02_raw\WCVP\wcvp.zip::wcvp_names.csv,d32ea2b3a85e489b14e83bcc9eae7274532e1d113753f7be290d4b2dfde573fa,2784980;2784981,ACCEPTED_SPECIES: Elaeagnus angustifolia -> Elaeagnus angustifolia,Direct WCVP Accepted species.
TAX-00356,TAXONOMY_MAPPING,999,,C:\range_paper\02_raw\WCVP\wcvp.zip::wcvp_names.csv,d32ea2b3a85e489b14e83bcc9eae7274532e1d113753f7be290d4b2dfde573fa,,GENUS_OR_NON_SPECIES_AGGREGATE: Tree unknown -> ,FIA name is a genus/non-species aggregate or unknown object; no species assignment permitted.
TAX-00357,TAXONOMY_MAPPING,5147,2616524,C:\range_paper\02_raw\WCVP\wcvp.zip::wcvp_names.csv,d32ea2b3a85e489b14e83bcc9eae7274532e1d113753f7be290d4b2dfde573fa,2615658,SYNONYM_TO_ACCEPTED_INFRASPECIES_TO_PARENT_SPECIES: Acer ginnala -> Acer tataricum,"WCVP Synonym resolved to an Accepted infraspecific taxon, then by parent_plant_name_id to its Accepted parent species."
TAX-00358,TAXONOMY_MAPPING,5151,2616276,C:\range_paper\02_raw\WCVP\wcvp.zip::wcvp_names.csv,d32ea2b3a85e489b14e83bcc9eae7274532e1d113753f7be290d4b2dfde573fa,2616276,ACCEPTED_SPECIES: Acer pseudoplatanus -> Acer pseudoplatanus,Direct WCVP Accepted species.
TAX-00359,TAXONOMY_MAPPING,5203,2940246,C:\range_paper\02_raw\WCVP\wcvp.zip::wcvp_names.csv,d32ea2b3a85e489b14e83bcc9eae7274532e1d113753f7be290d4b2dfde573fa,2940246,ACCEPTED_SPECIES: Amelanchier laevis -> Amelanchier laevis,Direct WCVP Accepted species.
TAX-00360,TAXONOMY_MAPPING,5491,369564,C:\range_paper\02_raw\WCVP\wcvp.zip::wcvp_names.csv,d32ea2b3a85e489b14e83bcc9eae7274532e1d113753f7be290d4b2dfde573fa,369564,ACCEPTED_SPECIES: Fraxinus berlandieriana -> Fraxinus berlandieriana,Direct WCVP Accepted species.
TAX-00361,TAXONOMY_MAPPING,6262,2683772,C:\range_paper\02_raw\WCVP\wcvp.zip::wcvp_names.csv,d32ea2b3a85e489b14e83bcc9eae7274532e1d113753f7be290d4b2dfde573fa,2683772,ACCEPTED_SPECIES: Broussonetia papyrifera -> Broussonetia papyrifera,Direct WCVP Accepted species.
TAX-00362,TAXONOMY_MAPPING,6511,,C:\range_paper\02_raw\WCVP\wcvp.zip::wcvp_names.csv,d32ea2b3a85e489b14e83bcc9eae7274532e1d113753f7be290d4b2dfde573fa,2531614,UNRESOLVED: Persea palustris -> ,Accepted identifier did not resolve to a WCVP Accepted row.
TAX-00363,TAXONOMY_MAPPING,6516,2541602,C:\range_paper\02_raw\WCVP\wcvp.zip::wcvp_names.csv,d32ea2b3a85e489b14e83bcc9eae7274532e1d113753f7be290d4b2dfde573fa,2541602,ACCEPTED_SPECIES: Phellodendron amurense -> Phellodendron amurense,Direct WCVP Accepted species.
TAX-00364,TAXONOMY_MAPPING,6696,2960451,C:\range_paper\02_raw\WCVP\wcvp.zip::wcvp_names.csv,d32ea2b3a85e489b14e83bcc9eae7274532e1d113753f7be290d4b2dfde573fa,2960451,ACCEPTED_SPECIES: Prunus laurocerasus -> Prunus laurocerasus,Direct WCVP Accepted species.
TAX-00365,TAXONOMY_MAPPING,6707,2961630,C:\range_paper\02_raw\WCVP\wcvp.zip::wcvp_names.csv,d32ea2b3a85e489b14e83bcc9eae7274532e1d113753f7be290d4b2dfde573fa,2961630,ACCEPTED_SPECIES: Prunus serrulata -> Prunus serrulata,Direct WCVP Accepted species.
TAX-00366,TAXONOMY_MAPPING,6708,2960673,C:\range_paper\02_raw\WCVP\wcvp.zip::wcvp_names.csv,d32ea2b3a85e489b14e83bcc9eae7274532e1d113753f7be290d4b2dfde573fa,2960673,ACCEPTED_SPECIES: Prunus mexicana -> Prunus mexicana,Direct WCVP Accepted species.
TAX-00367,TAXONOMY_MAPPING,6768,171657,C:\range_paper\02_raw\WCVP\wcvp.zip::wcvp_names.csv,d32ea2b3a85e489b14e83bcc9eae7274532e1d113753f7be290d4b2dfde573fa,171657,ACCEPTED_SPECIES: Quercus arkansana -> Quercus arkansana,Direct WCVP Accepted species.
TAX-00368,TAXONOMY_MAPPING,6782,172875,C:\range_paper\02_raw\WCVP\wcvp.zip::wcvp_names.csv,d32ea2b3a85e489b14e83bcc9eae7274532e1d113753f7be290d4b2dfde573fa,172875,ACCEPTED_SPECIES: Quercus georgiana -> Quercus georgiana,Direct WCVP Accepted species.
TAX-00369,TAXONOMY_MAPPING,6791,174037,C:\range_paper\02_raw\WCVP\wcvp.zip::wcvp_names.csv,d32ea2b3a85e489b14e83bcc9eae7274532e1d113753f7be290d4b2dfde573fa,174037,ACCEPTED_SPECIES: Quercus myrtifolia -> Quercus myrtifolia,Direct WCVP Accepted species.
TAX-00370,TAXONOMY_MAPPING,6799,175179,C:\range_paper\02_raw\WCVP\wcvp.zip::wcvp_names.csv,d32ea2b3a85e489b14e83bcc9eae7274532e1d113753f7be290d4b2dfde573fa,175178;175179,ACCEPTED_SPECIES: Quercus sinuata -> Quercus sinuata,Direct WCVP Accepted species.
TAX-00371,TAXONOMY_MAPPING,6918,2523018,C:\range_paper\02_raw\WCVP\wcvp.zip::wcvp_names.csv,d32ea2b3a85e489b14e83bcc9eae7274532e1d113753f7be290d4b2dfde573fa,2523018,ACCEPTED_SPECIES: Rhamnus cathartica -> Rhamnus cathartica,Direct WCVP Accepted species.
TAX-00372,TAXONOMY_MAPPING,6955,,C:\range_paper\02_raw\WCVP\wcvp.zip::wcvp_names.csv,d32ea2b3a85e489b14e83bcc9eae7274532e1d113753f7be290d4b2dfde573fa,2917719;2921957,UNRESOLVED: Salix fragilis -> ,Exact WCVP rows exist only under statuses not authorized for deterministic resolution.
TAX-00373,TAXONOMY_MAPPING,7151,2809827,C:\range_paper\02_raw\WCVP\wcvp.zip::wcvp_names.csv,d32ea2b3a85e489b14e83bcc9eae7274532e1d113753f7be290d4b2dfde573fa,2809827,ACCEPTED_SPECIES: Ficus carica -> Ficus carica,Direct WCVP Accepted species.
TAX-00374,TAXONOMY_MAPPING,7181,2813006,C:\range_paper\02_raw\WCVP\wcvp.zip::wcvp_names.csv,d32ea2b3a85e489b14e83bcc9eae7274532e1d113753f7be290d4b2dfde573fa,2813006,ACCEPTED_SPECIES: Firmiana simplex -> Firmiana simplex,Direct WCVP Accepted species.
TAX-00375,TAXONOMY_MAPPING,7328,2838104,C:\range_paper\02_raw\WCVP\wcvp.zip::wcvp_names.csv,d32ea2b3a85e489b14e83bcc9eae7274532e1d113753f7be290d4b2dfde573fa,2838129,SYNONYM_TO_ACCEPTED_SPECIES: Halesia tetraptera -> Halesia carolina,Exact WCVP Synonym resolved by accepted_plant_name_id to an Accepted species.
TAX-00376,TAXONOMY_MAPPING,7454,2860379,C:\range_paper\02_raw\WCVP\wcvp.zip::wcvp_names.csv,d32ea2b3a85e489b14e83bcc9eae7274532e1d113753f7be290d4b2dfde573fa,2860379;2860380,ACCEPTED_SPECIES: Ilex aquifolium -> Ilex aquifolium,Direct WCVP Accepted species.
TAX-00377,TAXONOMY_MAPPING,7455,2860502,C:\range_paper\02_raw\WCVP\wcvp.zip::wcvp_names.csv,d32ea2b3a85e489b14e83bcc9eae7274532e1d113753f7be290d4b2dfde573fa,2860502,ACCEPTED_SPECIES: Ilex cassine -> Ilex cassine,Direct WCVP Accepted species.
TAX-00378,TAXONOMY_MAPPING,7469,2861645,C:\range_paper\02_raw\WCVP\wcvp.zip::wcvp_names.csv,d32ea2b3a85e489b14e83bcc9eae7274532e1d113753f7be290d4b2dfde573fa,2861645,ACCEPTED_SPECIES: Ilex vomitoria -> Ilex vomitoria,Direct WCVP Accepted species.
TAX-00379,TAXONOMY_MAPPING,7565,2346347,C:\range_paper\02_raw\WCVP\wcvp.zip::wcvp_names.csv,d32ea2b3a85e489b14e83bcc9eae7274532e1d113753f7be290d4b2dfde573fa,2346347,ACCEPTED_SPECIES: Leucaena leucocephala -> Leucaena leucocephala,Direct WCVP Accepted species.
TAX-00380,TAXONOMY_MAPPING,7577,354176,C:\range_paper\02_raw\WCVP\wcvp.zip::wcvp_names.csv,d32ea2b3a85e489b14e83bcc9eae7274532e1d113753f7be290d4b2dfde573fa,354176,ACCEPTED_SPECIES: Ligustrum japonicum -> Ligustrum japonicum,Direct WCVP Accepted species.
TAX-00381,TAXONOMY_MAPPING,7578,354188,C:\range_paper\02_raw\WCVP\wcvp.zip::wcvp_names.csv,d32ea2b3a85e489b14e83bcc9eae7274532e1d113753f7be290d4b2dfde573fa,354188,ACCEPTED_SPECIES: Ligustrum lucidum -> Ligustrum lucidum,Direct WCVP Accepted species.
TAX-00382,TAXONOMY_MAPPING,7651,2950597,C:\range_paper\02_raw\WCVP\wcvp.zip::wcvp_names.csv,d32ea2b3a85e489b14e83bcc9eae7274532e1d113753f7be290d4b2dfde573fa,2950864,SYNONYM_TO_ACCEPTED_SPECIES: Malus pumila -> Malus domestica,Exact WCVP Synonym resolved by accepted_plant_name_id to an Accepted species.
TAX-00383,TAXONOMY_MAPPING,7845,2500717,C:\range_paper\02_raw\WCVP\wcvp.zip::wcvp_names.csv,d32ea2b3a85e489b14e83bcc9eae7274532e1d113753f7be290d4b2dfde573fa,2501792,SYNONYM_TO_ACCEPTED_SPECIES: Morella cerifera -> Myrica cerifera,Exact WCVP Synonym resolved by accepted_plant_name_id to an Accepted species.
TAX-00384,TAXONOMY_MAPPING,8313,,C:\range_paper\02_raw\WCVP\wcvp.zip::wcvp_names.csv,d32ea2b3a85e489b14e83bcc9eae7274532e1d113753f7be290d4b2dfde573fa,2921452,HYBRID_OR_NOTHOTAXON: Populus x canadensis -> ,Hybrid marker or WCVP artificial-hybrid evidence; no ordinary accepted-species assignment.
TAX-00385,TAXONOMY_MAPPING,8345,2959079,C:\range_paper\02_raw\WCVP\wcvp.zip::wcvp_names.csv,d32ea2b3a85e489b14e83bcc9eae7274532e1d113753f7be290d4b2dfde573fa,2959079,ACCEPTED_SPECIES: Prunus caroliniana -> Prunus caroliniana,Direct WCVP Accepted species.
TAX-00386,TAXONOMY_MAPPING,8355,,C:\range_paper\02_raw\WCVP\wcvp.zip::wcvp_names.csv,d32ea2b3a85e489b14e83bcc9eae7274532e1d113753f7be290d4b2dfde573fa,,UNRESOLVED: Psidium cattleianum -> ,No exact normalized WCVP name record.
TAX-00387,TAXONOMY_MAPPING,8420,,C:\range_paper\02_raw\WCVP\wcvp.zip::wcvp_names.csv,d32ea2b3a85e489b14e83bcc9eae7274532e1d113753f7be290d4b2dfde573fa,,GENUS_OR_NON_SPECIES_AGGREGATE: Pyrus spp. -> ,FIA name is a genus/non-species aggregate or unknown object; no species assignment permitted.
TAX-00388,TAXONOMY_MAPPING,8421,2963049,C:\range_paper\02_raw\WCVP\wcvp.zip::wcvp_names.csv,d32ea2b3a85e489b14e83bcc9eae7274532e1d113753f7be290d4b2dfde573fa,2963049,ACCEPTED_SPECIES: Pyrus calleryana -> Pyrus calleryana,Direct WCVP Accepted species.
TAX-00389,TAXONOMY_MAPPING,8423,2963115,C:\range_paper\02_raw\WCVP\wcvp.zip::wcvp_names.csv,d32ea2b3a85e489b14e83bcc9eae7274532e1d113753f7be290d4b2dfde573fa,2963115,ACCEPTED_SPECIES: Pyrus communis -> Pyrus communis,Direct WCVP Accepted species.
TAX-00390,TAXONOMY_MAPPING,8427,171430,C:\range_paper\02_raw\WCVP\wcvp.zip::wcvp_names.csv,d32ea2b3a85e489b14e83bcc9eae7274532e1d113753f7be290d4b2dfde573fa,171430,ACCEPTED_SPECIES: Quercus acutissima -> Quercus acutissima,Direct WCVP Accepted species.
TAX-00391,TAXONOMY_MAPPING,8441,172866,C:\range_paper\02_raw\WCVP\wcvp.zip::wcvp_names.csv,d32ea2b3a85e489b14e83bcc9eae7274532e1d113753f7be290d4b2dfde573fa,172865;172866,ACCEPTED_SPECIES: Quercus geminata -> Quercus geminata,Direct WCVP Accepted species.
TAX-00392,TAXONOMY_MAPPING,8449,173053,C:\range_paper\02_raw\WCVP\wcvp.zip::wcvp_names.csv,d32ea2b3a85e489b14e83bcc9eae7274532e1d113753f7be290d4b2dfde573fa,173052;173053;173054,ACCEPTED_SPECIES: Quercus hemisphaerica -> Quercus hemisphaerica,Direct WCVP Accepted species.
TAX-00393,TAXONOMY_MAPPING,8487,175179,C:\range_paper\02_raw\WCVP\wcvp.zip::wcvp_names.csv,d32ea2b3a85e489b14e83bcc9eae7274532e1d113753f7be290d4b2dfde573fa,175181,ACCEPTED_INFRASPECIES_TO_PARENT_SPECIES: Quercus sinuata var. breviloba -> Quercus sinuata,Accepted infraspecific taxon mapped by parent_plant_name_id to its Accepted parent species.
TAX-00394,TAXONOMY_MAPPING,8511,172990,C:\range_paper\02_raw\WCVP\wcvp.zip::wcvp_names.csv,d32ea2b3a85e489b14e83bcc9eae7274532e1d113753f7be290d4b2dfde573fa,172990,ACCEPTED_SPECIES: Quercus gravesii -> Quercus gravesii,Direct WCVP Accepted species.
TAX-00395,TAXONOMY_MAPPING,8513,171890,C:\range_paper\02_raw\WCVP\wcvp.zip::wcvp_names.csv,d32ea2b3a85e489b14e83bcc9eae7274532e1d113753f7be290d4b2dfde573fa,171890,ACCEPTED_SPECIES: Quercus buckleyi -> Quercus buckleyi,Direct WCVP Accepted species.
TAX-00396,TAXONOMY_MAPPING,8514,173471,C:\range_paper\02_raw\WCVP\wcvp.zip::wcvp_names.csv,d32ea2b3a85e489b14e83bcc9eae7274532e1d113753f7be290d4b2dfde573fa,173471,ACCEPTED_SPECIES: Quercus laceyi -> Quercus laceyi,Direct WCVP Accepted species.
TAX-00397,TAXONOMY_MAPPING,8563,,C:\range_paper\02_raw\WCVP\wcvp.zip::wcvp_names.csv,d32ea2b3a85e489b14e83bcc9eae7274532e1d113753f7be290d4b2dfde573fa,,UNRESOLVED: Schinus terebinthifolius -> ,No exact normalized WCVP name record.
TAX-00398,TAXONOMY_MAPPING,8612,191834,C:\range_paper\02_raw\WCVP\wcvp.zip::wcvp_names.csv,d32ea2b3a85e489b14e83bcc9eae7274532e1d113753f7be290d4b2dfde573fa,191834,ACCEPTED_SPECIES: Sideroxylon celastrinum -> Sideroxylon celastrinum,Direct WCVP Accepted species.
TAX-00399,TAXONOMY_MAPPING,8651,2736585,C:\range_paper\02_raw\WCVP\wcvp.zip::wcvp_names.csv,d32ea2b3a85e489b14e83bcc9eae7274532e1d113753f7be290d4b2dfde573fa,2736585,ACCEPTED_SPECIES: Cordia boissieri -> Cordia boissieri,Direct WCVP Accepted species.
TAX-00400,TAXONOMY_MAPPING,8813,2518181,C:\range_paper\02_raw\WCVP\wcvp.zip::wcvp_names.csv,d32ea2b3a85e489b14e83bcc9eae7274532e1d113753f7be290d4b2dfde573fa,2518181,ACCEPTED_SPECIES: Tilia cordata -> Tilia cordata,Direct WCVP Accepted species.
TAX-00401,TAXONOMY_MAPPING,8851,2448661,C:\range_paper\02_raw\WCVP\wcvp.zip::wcvp_names.csv,d32ea2b3a85e489b14e83bcc9eae7274532e1d113753f7be290d4b2dfde573fa,2448661,ACCEPTED_SPECIES: Ulmus parvifolia -> Ulmus parvifolia,Direct WCVP Accepted species.
TAX-00402,TAXONOMY_MAPPING,8860,2458798,C:\range_paper\02_raw\WCVP\wcvp.zip::wcvp_names.csv,d32ea2b3a85e489b14e83bcc9eae7274532e1d113753f7be290d4b2dfde573fa,2458798;2458814,ACCEPTED_SPECIES: Vaccinium arboreum -> Vaccinium arboreum,Direct WCVP Accepted species.
TAX-00403,TAXONOMY_MAPPING,8944,2469375,C:\range_paper\02_raw\WCVP\wcvp.zip::wcvp_names.csv,d32ea2b3a85e489b14e83bcc9eae7274532e1d113753f7be290d4b2dfde573fa,2469375,ACCEPTED_SPECIES: Zanthoxylum clava-herculis -> Zanthoxylum clava-herculis,Direct WCVP Accepted species.
RNG-00404,NATIVE_RANGE_SUMMARY,,6364,C:\range_paper\02_raw\WCVP\wcvp.zip::wcvp_distribution.csv,d32ea2b3a85e489b14e83bcc9eae7274532e1d113753f7be290d4b2dfde573fa,6364,Confirmed-current-native Level-3 rows=46.,introduced=0 AND extinct=0 AND location_doubtful=0; accepted analysis-species ID only.
RNG-00405,NATIVE_RANGE_SUMMARY,,6544,C:\range_paper\02_raw\WCVP\wcvp.zip::wcvp_distribution.csv,d32ea2b3a85e489b14e83bcc9eae7274532e1d113753f7be290d4b2dfde573fa,6544,Confirmed-current-native Level-3 rows=4.,introduced=0 AND extinct=0 AND location_doubtful=0; accepted analysis-species ID only.
RNG-00406,NATIVE_RANGE_SUMMARY,,6578,C:\range_paper\02_raw\WCVP\wcvp.zip::wcvp_distribution.csv,d32ea2b3a85e489b14e83bcc9eae7274532e1d113753f7be290d4b2dfde573fa,6578,Confirmed-current-native Level-3 rows=6.,introduced=0 AND extinct=0 AND location_doubtful=0; accepted analysis-species ID only.
RNG-00407,NATIVE_RANGE_SUMMARY,,6584,C:\range_paper\02_raw\WCVP\wcvp.zip::wcvp_distribution.csv,d32ea2b3a85e489b14e83bcc9eae7274532e1d113753f7be290d4b2dfde573fa,6584,Confirmed-current-native Level-3 rows=8.,introduced=0 AND extinct=0 AND location_doubtful=0; accepted analysis-species ID only.
RNG-00408,NATIVE_RANGE_SUMMARY,,18443,C:\range_paper\02_raw\WCVP\wcvp.zip::wcvp_distribution.csv,d32ea2b3a85e489b14e83bcc9eae7274532e1d113753f7be290d4b2dfde573fa,18443,Confirmed-current-native Level-3 rows=65.,introduced=0 AND extinct=0 AND location_doubtful=0; accepted analysis-species ID only.
RNG-00409,NATIVE_RANGE_SUMMARY,,21135,C:\range_paper\02_raw\WCVP\wcvp.zip::wcvp_distribution.csv,d32ea2b3a85e489b14e83bcc9eae7274532e1d113753f7be290d4b2dfde573fa,21135,Confirmed-current-native Level-3 rows=31.,introduced=0 AND extinct=0 AND location_doubtful=0; accepted analysis-species ID only.
RNG-00410,NATIVE_RANGE_SUMMARY,,21527,C:\range_paper\02_raw\WCVP\wcvp.zip::wcvp_distribution.csv,d32ea2b3a85e489b14e83bcc9eae7274532e1d113753f7be290d4b2dfde573fa,21527,Confirmed-current-native Level-3 rows=30.,introduced=0 AND extinct=0 AND location_doubtful=0; accepted analysis-species ID only.
RNG-00411,NATIVE_RANGE_SUMMARY,,21535,C:\range_paper\02_raw\WCVP\wcvp.zip::wcvp_distribution.csv,d32ea2b3a85e489b14e83bcc9eae7274532e1d113753f7be290d4b2dfde573fa,21535,Confirmed-current-native Level-3 rows=22.,introduced=0 AND extinct=0 AND location_doubtful=0; accepted analysis-species ID only.
RNG-00412,NATIVE_RANGE_SUMMARY,,21557,C:\range_paper\02_raw\WCVP\wcvp.zip::wcvp_distribution.csv,d32ea2b3a85e489b14e83bcc9eae7274532e1d113753f7be290d4b2dfde573fa,21557,Confirmed-current-native Level-3 rows=41.,introduced=0 AND extinct=0 AND location_doubtful=0; accepted analysis-species ID only.
RNG-00413,NATIVE_RANGE_SUMMARY,,21620,C:\range_paper\02_raw\WCVP\wcvp.zip::wcvp_distribution.csv,d32ea2b3a85e489b14e83bcc9eae7274532e1d113753f7be290d4b2dfde573fa,21620,Confirmed-current-native Level-3 rows=22.,introduced=0 AND extinct=0 AND location_doubtful=0; accepted analysis-species ID only.
RNG-00414,NATIVE_RANGE_SUMMARY,,34302,C:\range_paper\02_raw\WCVP\wcvp.zip::wcvp_distribution.csv,d32ea2b3a85e489b14e83bcc9eae7274532e1d113753f7be290d4b2dfde573fa,34302,Confirmed-current-native Level-3 rows=36.,introduced=0 AND extinct=0 AND location_doubtful=0; accepted analysis-species ID only.
RNG-00415,NATIVE_RANGE_SUMMARY,,34965,C:\range_paper\02_raw\WCVP\wcvp.zip::wcvp_distribution.csv,d32ea2b3a85e489b14e83bcc9eae7274532e1d113753f7be290d4b2dfde573fa,34965,Confirmed-current-native Level-3 rows=29.,introduced=0 AND extinct=0 AND location_doubtful=0; accepted analysis-species ID only.
RNG-00416,NATIVE_RANGE_SUMMARY,,35016,C:\range_paper\02_raw\WCVP\wcvp.zip::wcvp_distribution.csv,d32ea2b3a85e489b14e83bcc9eae7274532e1d113753f7be290d4b2dfde573fa,35016,Confirmed-current-native Level-3 rows=5.,introduced=0 AND extinct=0 AND location_doubtful=0; accepted analysis-species ID only.
RNG-00417,NATIVE_RANGE_SUMMARY,,35021,C:\range_paper\02_raw\WCVP\wcvp.zip::wcvp_distribution.csv,d32ea2b3a85e489b14e83bcc9eae7274532e1d113753f7be290d4b2dfde573fa,35021,Confirmed-current-native Level-3 rows=5.,introduced=0 AND extinct=0 AND location_doubtful=0; accepted analysis-species ID only.
RNG-00418,NATIVE_RANGE_SUMMARY,,35028,C:\range_paper\02_raw\WCVP\wcvp.zip::wcvp_distribution.csv,d32ea2b3a85e489b14e83bcc9eae7274532e1d113753f7be290d4b2dfde573fa,35028,Confirmed-current-native Level-3 rows=22.,introduced=0 AND extinct=0 AND location_doubtful=0; accepted analysis-species ID only.
RNG-00419,NATIVE_RANGE_SUMMARY,,39927,C:\range_paper\02_raw\WCVP\wcvp.zip::wcvp_distribution.csv,d32ea2b3a85e489b14e83bcc9eae7274532e1d113753f7be290d4b2dfde573fa,39927,Confirmed-current-native Level-3 rows=3.,introduced=0 AND extinct=0 AND location_doubtful=0; accepted analysis-species ID only.
RNG-00420,NATIVE_RANGE_SUMMARY,,47363,C:\range_paper\02_raw\WCVP\wcvp.zip::wcvp_distribution.csv,d32ea2b3a85e489b14e83bcc9eae7274532e1d113753f7be290d4b2dfde573fa,47363,Confirmed-current-native Level-3 rows=35.,introduced=0 AND extinct=0 AND location_doubtful=0; accepted analysis-species ID only.
RNG-00421,NATIVE_RANGE_SUMMARY,,47451,C:\range_paper\02_raw\WCVP\wcvp.zip::wcvp_distribution.csv,d32ea2b3a85e489b14e83bcc9eae7274532e1d113753f7be290d4b2dfde573fa,47451,Confirmed-current-native Level-3 rows=5.,introduced=0 AND extinct=0 AND location_doubtful=0; accepted analysis-species ID only.
RNG-00422,NATIVE_RANGE_SUMMARY,,73008,C:\range_paper\02_raw\WCVP\wcvp.zip::wcvp_distribution.csv,d32ea2b3a85e489b14e83bcc9eae7274532e1d113753f7be290d4b2dfde573fa,73008,Confirmed-current-native Level-3 rows=2.,introduced=0 AND extinct=0 AND location_doubtful=0; accepted analysis-species ID only.
RNG-00423,NATIVE_RANGE_SUMMARY,,73044,C:\range_paper\02_raw\WCVP\wcvp.zip::wcvp_distribution.csv,d32ea2b3a85e489b14e83bcc9eae7274532e1d113753f7be290d4b2dfde573fa,73044,Confirmed-current-native Level-3 rows=2.,introduced=0 AND extinct=0 AND location_doubtful=0; accepted analysis-species ID only.
RNG-00424,NATIVE_RANGE_SUMMARY,,83824,C:\range_paper\02_raw\WCVP\wcvp.zip::wcvp_distribution.csv,d32ea2b3a85e489b14e83bcc9eae7274532e1d113753f7be290d4b2dfde573fa,83824,Confirmed-current-native Level-3 rows=37.,introduced=0 AND extinct=0 AND location_doubtful=0; accepted analysis-species ID only.
RNG-00425,NATIVE_RANGE_SUMMARY,,113859,C:\range_paper\02_raw\WCVP\wcvp.zip::wcvp_distribution.csv,d32ea2b3a85e489b14e83bcc9eae7274532e1d113753f7be290d4b2dfde573fa,113859,Confirmed-current-native Level-3 rows=28.,introduced=0 AND extinct=0 AND location_doubtful=0; accepted analysis-species ID only.
RNG-00426,NATIVE_RANGE_SUMMARY,,117423,C:\range_paper\02_raw\WCVP\wcvp.zip::wcvp_distribution.csv,d32ea2b3a85e489b14e83bcc9eae7274532e1d113753f7be290d4b2dfde573fa,117423,Confirmed-current-native Level-3 rows=23.,introduced=0 AND extinct=0 AND location_doubtful=0; accepted analysis-species ID only.
RNG-00427,NATIVE_RANGE_SUMMARY,,117583,C:\range_paper\02_raw\WCVP\wcvp.zip::wcvp_distribution.csv,d32ea2b3a85e489b14e83bcc9eae7274532e1d113753f7be290d4b2dfde573fa,117583,Confirmed-current-native Level-3 rows=12.,introduced=0 AND extinct=0 AND location_doubtful=0; accepted analysis-species ID only.
RNG-00428,NATIVE_RANGE_SUMMARY,,117615,C:\range_paper\02_raw\WCVP\wcvp.zip::wcvp_distribution.csv,d32ea2b3a85e489b14e83bcc9eae7274532e1d113753f7be290d4b2dfde573fa,117615,Confirmed-current-native Level-3 rows=8.,introduced=0 AND extinct=0 AND location_doubtful=0; accepted analysis-species ID only.
RNG-00429,NATIVE_RANGE_SUMMARY,,117698,C:\range_paper\02_raw\WCVP\wcvp.zip::wcvp_distribution.csv,d32ea2b3a85e489b14e83bcc9eae7274532e1d113753f7be290d4b2dfde573fa,117698,Confirmed-current-native Level-3 rows=11.,introduced=0 AND extinct=0 AND location_doubtful=0; accepted analysis-species ID only.
RNG-00430,NATIVE_RANGE_SUMMARY,,117869,C:\range_paper\02_raw\WCVP\wcvp.zip::wcvp_distribution.csv,d32ea2b3a85e489b14e83bcc9eae7274532e1d113753f7be290d4b2dfde573fa,117869,Confirmed-current-native Level-3 rows=17.,introduced=0 AND extinct=0 AND location_doubtful=0; accepted analysis-species ID only.
RNG-00431,NATIVE_RANGE_SUMMARY,,117883,C:\range_paper\02_raw\WCVP\wcvp.zip::wcvp_distribution.csv,d32ea2b3a85e489b14e83bcc9eae7274532e1d113753f7be290d4b2dfde573fa,117883,Confirmed-current-native Level-3 rows=19.,introduced=0 AND extinct=0 AND location_doubtful=0; accepted analysis-species ID only.
RNG-00432,NATIVE_RANGE_SUMMARY,,123857,C:\range_paper\02_raw\WCVP\wcvp.zip::wcvp_distribution.csv,d32ea2b3a85e489b14e83bcc9eae7274532e1d113753f7be290d4b2dfde573fa,123857,Confirmed-current-native Level-3 rows=4.,introduced=0 AND extinct=0 AND location_doubtful=0; accepted analysis-species ID only.
RNG-00433,NATIVE_RANGE_SUMMARY,,136188,C:\range_paper\02_raw\WCVP\wcvp.zip::wcvp_distribution.csv,d32ea2b3a85e489b14e83bcc9eae7274532e1d113753f7be290d4b2dfde573fa,136188,Confirmed-current-native Level-3 rows=15.,introduced=0 AND extinct=0 AND location_doubtful=0; accepted analysis-species ID only.
RNG-00434,NATIVE_RANGE_SUMMARY,,136191,C:\range_paper\02_raw\WCVP\wcvp.zip::wcvp_distribution.csv,d32ea2b3a85e489b14e83bcc9eae7274532e1d113753f7be290d4b2dfde573fa,136191,Confirmed-current-native Level-3 rows=17.,introduced=0 AND extinct=0 AND location_doubtful=0; accepted analysis-species ID only.
RNG-00435,NATIVE_RANGE_SUMMARY,,136212,C:\range_paper\02_raw\WCVP\wcvp.zip::wcvp_distribution.csv,d32ea2b3a85e489b14e83bcc9eae7274532e1d113753f7be290d4b2dfde573fa,136212,Confirmed-current-native Level-3 rows=4.,introduced=0 AND extinct=0 AND location_doubtful=0; accepted analysis-species ID only.
RNG-00436,NATIVE_RANGE_SUMMARY,,136221,C:\range_paper\02_raw\WCVP\wcvp.zip::wcvp_distribution.csv,d32ea2b3a85e489b14e83bcc9eae7274532e1d113753f7be290d4b2dfde573fa,136221,Confirmed-current-native Level-3 rows=34.,introduced=0 AND extinct=0 AND location_doubtful=0; accepted analysis-species ID only.
RNG-00437,NATIVE_RANGE_SUMMARY,,144637,C:\range_paper\02_raw\WCVP\wcvp.zip::wcvp_distribution.csv,d32ea2b3a85e489b14e83bcc9eae7274532e1d113753f7be290d4b2dfde573fa,144637,Confirmed-current-native Level-3 rows=53.,introduced=0 AND extinct=0 AND location_doubtful=0; accepted analysis-species ID only.
RNG-00438,NATIVE_RANGE_SUMMARY,,171430,C:\range_paper\02_raw\WCVP\wcvp.zip::wcvp_distribution.csv,d32ea2b3a85e489b14e83bcc9eae7274532e1d113753f7be290d4b2dfde573fa,171430,Confirmed-current-native Level-3 rows=13.,introduced=0 AND extinct=0 AND location_doubtful=0; accepted analysis-species ID only.
RNG-00439,NATIVE_RANGE_SUMMARY,,171483,C:\range_paper\02_raw\WCVP\wcvp.zip::wcvp_distribution.csv,d32ea2b3a85e489b14e83bcc9eae7274532e1d113753f7be290d4b2dfde573fa,171483,Confirmed-current-native Level-3 rows=2.,introduced=0 AND extinct=0 AND location_doubtful=0; accepted analysis-species ID only.
RNG-00440,NATIVE_RANGE_SUMMARY,,171499,C:\range_paper\02_raw\WCVP\wcvp.zip::wcvp_distribution.csv,d32ea2b3a85e489b14e83bcc9eae7274532e1d113753f7be290d4b2dfde573fa,171499,Confirmed-current-native Level-3 rows=37.,introduced=0 AND extinct=0 AND location_doubtful=0; accepted analysis-species ID only.
RNG-00441,NATIVE_RANGE_SUMMARY,,171655,C:\range_paper\02_raw\WCVP\wcvp.zip::wcvp_distribution.csv,d32ea2b3a85e489b14e83bcc9eae7274532e1d113753f7be290d4b2dfde573fa,171655,Confirmed-current-native Level-3 rows=5.,introduced=0 AND extinct=0 AND location_doubtful=0; accepted analysis-species ID only.
RNG-00442,NATIVE_RANGE_SUMMARY,,171657,C:\range_paper\02_raw\WCVP\wcvp.zip::wcvp_distribution.csv,d32ea2b3a85e489b14e83bcc9eae7274532e1d113753f7be290d4b2dfde573fa,171657,Confirmed-current-native Level-3 rows=6.,introduced=0 AND extinct=0 AND location_doubtful=0; accepted analysis-species ID only.
RNG-00443,NATIVE_RANGE_SUMMARY,,171779,C:\range_paper\02_raw\WCVP\wcvp.zip::wcvp_distribution.csv,d32ea2b3a85e489b14e83bcc9eae7274532e1d113753f7be290d4b2dfde573fa,171779,Confirmed-current-native Level-3 rows=28.,introduced=0 AND extinct=0 AND location_doubtful=0; accepted analysis-species ID only.
RNG-00444,NATIVE_RANGE_SUMMARY,,171890,C:\range_paper\02_raw\WCVP\wcvp.zip::wcvp_distribution.csv,d32ea2b3a85e489b14e83bcc9eae7274532e1d113753f7be290d4b2dfde573fa,171890,Confirmed-current-native Level-3 rows=2.,introduced=0 AND extinct=0 AND location_doubtful=0; accepted analysis-species ID only.
RNG-00445,NATIVE_RANGE_SUMMARY,,172147,C:\range_paper\02_raw\WCVP\wcvp.zip::wcvp_distribution.csv,d32ea2b3a85e489b14e83bcc9eae7274532e1d113753f7be290d4b2dfde573fa,172147,Confirmed-current-native Level-3 rows=7.,introduced=0 AND extinct=0 AND location_doubtful=0; accepted analysis-species ID only.
RNG-00446,NATIVE_RANGE_SUMMARY,,172244,C:\range_paper\02_raw\WCVP\wcvp.zip::wcvp_distribution.csv,d32ea2b3a85e489b14e83bcc9eae7274532e1d113753f7be290d4b2dfde573fa,172244,Confirmed-current-native Level-3 rows=28.,introduced=0 AND extinct=0 AND location_doubtful=0; accepted analysis-species ID only.
RNG-00447,NATIVE_RANGE_SUMMARY,,172538,C:\range_paper\02_raw\WCVP\wcvp.zip::wcvp_distribution.csv,d32ea2b3a85e489b14e83bcc9eae7274532e1d113753f7be290d4b2dfde573fa,172538,Confirmed-current-native Level-3 rows=1.,introduced=0 AND extinct=0 AND location_doubtful=0; accepted analysis-species ID only.
RNG-00448,NATIVE_RANGE_SUMMARY,,172621,C:\range_paper\02_raw\WCVP\wcvp.zip::wcvp_distribution.csv,d32ea2b3a85e489b14e83bcc9eae7274532e1d113753f7be290d4b2dfde573fa,172621,Confirmed-current-native Level-3 rows=8.,introduced=0 AND extinct=0 AND location_doubtful=0; accepted analysis-species ID only.
RNG-00449,NATIVE_RANGE_SUMMARY,,172635,C:\range_paper\02_raw\WCVP\wcvp.zip::wcvp_distribution.csv,d32ea2b3a85e489b14e83bcc9eae7274532e1d113753f7be290d4b2dfde573fa,172635,Confirmed-current-native Level-3 rows=5.,introduced=0 AND extinct=0 AND location_doubtful=0; accepted analysis-species ID only.
RNG-00450,NATIVE_RANGE_SUMMARY,,172644,C:\range_paper\02_raw\WCVP\wcvp.zip::wcvp_distribution.csv,d32ea2b3a85e489b14e83bcc9eae7274532e1d113753f7be290d4b2dfde573fa,172644,Confirmed-current-native Level-3 rows=2.,introduced=0 AND extinct=0 AND location_doubtful=0; accepted analysis-species ID only.
RNG-00451,NATIVE_RANGE_SUMMARY,,172729,C:\range_paper\02_raw\WCVP\wcvp.zip::wcvp_distribution.csv,d32ea2b3a85e489b14e83bcc9eae7274532e1d113753f7be290d4b2dfde573fa,172729,Confirmed-current-native Level-3 rows=24.,introduced=0 AND extinct=0 AND location_doubtful=0; accepted analysis-species ID only.
RNG-00452,NATIVE_RANGE_SUMMARY,,172843,C:\range_paper\02_raw\WCVP\wcvp.zip::wcvp_distribution.csv,d32ea2b3a85e489b14e83bcc9eae7274532e1d113753f7be290d4b2dfde573fa,172843,Confirmed-current-native Level-3 rows=10.,introduced=0 AND extinct=0 AND location_doubtful=0; accepted analysis-species ID only.
RNG-00453,NATIVE_RANGE_SUMMARY,,172855,C:\range_paper\02_raw\WCVP\wcvp.zip::wcvp_distribution.csv,d32ea2b3a85e489b14e83bcc9eae7274532e1d113753f7be290d4b2dfde573fa,172855,Confirmed-current-native Level-3 rows=4.,introduced=0 AND extinct=0 AND location_doubtful=0; accepted analysis-species ID only.
RNG-00454,NATIVE_RANGE_SUMMARY,,172866,C:\range_paper\02_raw\WCVP\wcvp.zip::wcvp_distribution.csv,d32ea2b3a85e489b14e83bcc9eae7274532e1d113753f7be290d4b2dfde573fa,172866,Confirmed-current-native Level-3 rows=7.,introduced=0 AND extinct=0 AND location_doubtful=0; accepted analysis-species ID only.
RNG-00455,NATIVE_RANGE_SUMMARY,,172875,C:\range_paper\02_raw\WCVP\wcvp.zip::wcvp_distribution.csv,d32ea2b3a85e489b14e83bcc9eae7274532e1d113753f7be290d4b2dfde573fa,172875,Confirmed-current-native Level-3 rows=3.,introduced=0 AND extinct=0 AND location_doubtful=0; accepted analysis-species ID only.
RNG-00456,NATIVE_RANGE_SUMMARY,,172964,C:\range_paper\02_raw\WCVP\wcvp.zip::wcvp_distribution.csv,d32ea2b3a85e489b14e83bcc9eae7274532e1d113753f7be290d4b2dfde573fa,172964,Confirmed-current-native Level-3 rows=1.,introduced=0 AND extinct=0 AND location_doubtful=0; accepted analysis-species ID only.
RNG-00457,NATIVE_RANGE_SUMMARY,,172990,C:\range_paper\02_raw\WCVP\wcvp.zip::wcvp_distribution.csv,d32ea2b3a85e489b14e83bcc9eae7274532e1d113753f7be290d4b2dfde573fa,172990,Confirmed-current-native Level-3 rows=2.,introduced=0 AND extinct=0 AND location_doubtful=0; accepted analysis-species ID only.
RNG-00458,NATIVE_RANGE_SUMMARY,,172998,C:\range_paper\02_raw\WCVP\wcvp.zip::wcvp_distribution.csv,d32ea2b3a85e489b14e83bcc9eae7274532e1d113753f7be290d4b2dfde573fa,172998,Confirmed-current-native Level-3 rows=8.,introduced=0 AND extinct=0 AND location_doubtful=0; accepted analysis-species ID only.
RNG-00459,NATIVE_RANGE_SUMMARY,,173053,C:\range_paper\02_raw\WCVP\wcvp.zip::wcvp_distribution.csv,d32ea2b3a85e489b14e83bcc9eae7274532e1d113753f7be290d4b2dfde573fa,173053,Confirmed-current-native Level-3 rows=10.,introduced=0 AND extinct=0 AND location_doubtful=0; accepted analysis-species ID only.
RNG-00460,NATIVE_RANGE_SUMMARY,,173145,C:\range_paper\02_raw\WCVP\wcvp.zip::wcvp_distribution.csv,d32ea2b3a85e489b14e83bcc9eae7274532e1d113753f7be290d4b2dfde573fa,173145,Confirmed-current-native Level-3 rows=5.,introduced=0 AND extinct=0 AND location_doubtful=0; accepted analysis-species ID only.
RNG-00461,NATIVE_RANGE_SUMMARY,,173293,C:\range_paper\02_raw\WCVP\wcvp.zip::wcvp_distribution.csv,d32ea2b3a85e489b14e83bcc9eae7274532e1d113753f7be290d4b2dfde573fa,173293,Confirmed-current-native Level-3 rows=16.,introduced=0 AND extinct=0 AND location_doubtful=0; accepted analysis-species ID only.
RNG-00462,NATIVE_RANGE_SUMMARY,,173302,C:\range_paper\02_raw\WCVP\wcvp.zip::wcvp_distribution.csv,d32ea2b3a85e489b14e83bcc9eae7274532e1d113753f7be290d4b2dfde573fa,173302,Confirmed-current-native Level-3 rows=22.,introduced=0 AND extinct=0 AND location_doubtful=0; accepted analysis-species ID only.
RNG-00463,NATIVE_RANGE_SUMMARY,,173316,C:\range_paper\02_raw\WCVP\wcvp.zip::wcvp_distribution.csv,d32ea2b3a85e489b14e83bcc9eae7274532e1d113753f7be290d4b2dfde573fa,173316,Confirmed-current-native Level-3 rows=11.,introduced=0 AND extinct=0 AND location_doubtful=0; accepted analysis-species ID only.
RNG-00464,NATIVE_RANGE_SUMMARY,,173428,C:\range_paper\02_raw\WCVP\wcvp.zip::wcvp_distribution.csv,d32ea2b3a85e489b14e83bcc9eae7274532e1d113753f7be290d4b2dfde573fa,173428,Confirmed-current-native Level-3 rows=3.,introduced=0 AND extinct=0 AND location_doubtful=0; accepted analysis-species ID only.
RNG-00465,NATIVE_RANGE_SUMMARY,,173471,C:\range_paper\02_raw\WCVP\wcvp.zip::wcvp_distribution.csv,d32ea2b3a85e489b14e83bcc9eae7274532e1d113753f7be290d4b2dfde573fa,173471,Confirmed-current-native Level-3 rows=2.,introduced=0 AND extinct=0 AND location_doubtful=0; accepted analysis-species ID only.
RNG-00466,NATIVE_RANGE_SUMMARY,,173479,C:\range_paper\02_raw\WCVP\wcvp.zip::wcvp_distribution.csv,d32ea2b3a85e489b14e83bcc9eae7274532e1d113753f7be290d4b2dfde573fa,173479,Confirmed-current-native Level-3 rows=8.,introduced=0 AND extinct=0 AND location_doubtful=0; accepted analysis-species ID only.
RNG-00467,NATIVE_RANGE_SUMMARY,,173674,C:\range_paper\02_raw\WCVP\wcvp.zip::wcvp_distribution.csv,d32ea2b3a85e489b14e83bcc9eae7274532e1d113753f7be290d4b2dfde573fa,173674,Confirmed-current-native Level-3 rows=1.,introduced=0 AND extinct=0 AND location_doubtful=0; accepted analysis-species ID only.
RNG-00468,NATIVE_RANGE_SUMMARY,,173817,C:\range_paper\02_raw\WCVP\wcvp.zip::wcvp_distribution.csv,d32ea2b3a85e489b14e83bcc9eae7274532e1d113753f7be290d4b2dfde573fa,173817,Confirmed-current-native Level-3 rows=36.,introduced=0 AND extinct=0 AND location_doubtful=0; accepted analysis-species ID only.
RNG-00469,NATIVE_RANGE_SUMMARY,,173871,C:\range_paper\02_raw\WCVP\wcvp.zip::wcvp_distribution.csv,d32ea2b3a85e489b14e83bcc9eae7274532e1d113753f7be290d4b2dfde573fa,173871,Confirmed-current-native Level-3 rows=27.,introduced=0 AND extinct=0 AND location_doubtful=0; accepted analysis-species ID only.
RNG-00470,NATIVE_RANGE_SUMMARY,,173929,C:\range_paper\02_raw\WCVP\wcvp.zip::wcvp_distribution.csv,d32ea2b3a85e489b14e83bcc9eae7274532e1d113753f7be290d4b2dfde573fa,173929,Confirmed-current-native Level-3 rows=20.,introduced=0 AND extinct=0 AND location_doubtful=0; accepted analysis-species ID only.
RNG-00471,NATIVE_RANGE_SUMMARY,,173948,C:\range_paper\02_raw\WCVP\wcvp.zip::wcvp_distribution.csv,d32ea2b3a85e489b14e83bcc9eae7274532e1d113753f7be290d4b2dfde573fa,173948,Confirmed-current-native Level-3 rows=6.,introduced=0 AND extinct=0 AND location_doubtful=0; accepted analysis-species ID only.
RNG-00472,NATIVE_RANGE_SUMMARY,,174020,C:\range_paper\02_raw\WCVP\wcvp.zip::wcvp_distribution.csv,d32ea2b3a85e489b14e83bcc9eae7274532e1d113753f7be290d4b2dfde573fa,174020,Confirmed-current-native Level-3 rows=35.,introduced=0 AND extinct=0 AND location_doubtful=0; accepted analysis-species ID only.
RNG-00473,NATIVE_RANGE_SUMMARY,,174037,C:\range_paper\02_raw\WCVP\wcvp.zip::wcvp_distribution.csv,d32ea2b3a85e489b14e83bcc9eae7274532e1d113753f7be290d4b2dfde573fa,174037,Confirmed-current-native Level-3 rows=5.,introduced=0 AND extinct=0 AND location_doubtful=0; accepted analysis-species ID only.
RNG-00474,NATIVE_RANGE_SUMMARY,,174075,C:\range_paper\02_raw\WCVP\wcvp.zip::wcvp_distribution.csv,d32ea2b3a85e489b14e83bcc9eae7274532e1d113753f7be290d4b2dfde573fa,174075,Confirmed-current-native Level-3 rows=17.,introduced=0 AND extinct=0 AND location_doubtful=0; accepted analysis-species ID only.
RNG-00475,NATIVE_RANGE_SUMMARY,,174136,C:\range_paper\02_raw\WCVP\wcvp.zip::wcvp_distribution.csv,d32ea2b3a85e489b14e83bcc9eae7274532e1d113753f7be290d4b2dfde573fa,174136,Confirmed-current-native Level-3 rows=5.,introduced=0 AND extinct=0 AND location_doubtful=0; accepted analysis-species ID only.
RNG-00476,NATIVE_RANGE_SUMMARY,,174176,C:\range_paper\02_raw\WCVP\wcvp.zip::wcvp_distribution.csv,d32ea2b3a85e489b14e83bcc9eae7274532e1d113753f7be290d4b2dfde573fa,174176,Confirmed-current-native Level-3 rows=5.,introduced=0 AND extinct=0 AND location_doubtful=0; accepted analysis-species ID only.
RNG-00477,NATIVE_RANGE_SUMMARY,,174226,C:\range_paper\02_raw\WCVP\wcvp.zip::wcvp_distribution.csv,d32ea2b3a85e489b14e83bcc9eae7274532e1d113753f7be290d4b2dfde573fa,174226,Confirmed-current-native Level-3 rows=17.,introduced=0 AND extinct=0 AND location_doubtful=0; accepted analysis-species ID only.
RNG-00478,NATIVE_RANGE_SUMMARY,,174242,C:\range_paper\02_raw\WCVP\wcvp.zip::wcvp_distribution.csv,d32ea2b3a85e489b14e83bcc9eae7274532e1d113753f7be290d4b2dfde573fa,174242,Confirmed-current-native Level-3 rows=27.,introduced=0 AND extinct=0 AND location_doubtful=0; accepted analysis-species ID only.
RNG-00479,NATIVE_RANGE_SUMMARY,,174411,C:\range_paper\02_raw\WCVP\wcvp.zip::wcvp_distribution.csv,d32ea2b3a85e489b14e83bcc9eae7274532e1d113753f7be290d4b2dfde573fa,174411,Confirmed-current-native Level-3 rows=21.,introduced=0 AND extinct=0 AND location_doubtful=0; accepted analysis-species ID only.
RNG-00480,NATIVE_RANGE_SUMMARY,,174518,C:\range_paper\02_raw\WCVP\wcvp.zip::wcvp_distribution.csv,d32ea2b3a85e489b14e83bcc9eae7274532e1d113753f7be290d4b2dfde573fa,174518,Confirmed-current-native Level-3 rows=27.,introduced=0 AND extinct=0 AND location_doubtful=0; accepted analysis-species ID only.
RNG-00481,NATIVE_RANGE_SUMMARY,,174902,C:\range_paper\02_raw\WCVP\wcvp.zip::wcvp_distribution.csv,d32ea2b3a85e489b14e83bcc9eae7274532e1d113753f7be290d4b2dfde573fa,174902,Confirmed-current-native Level-3 rows=39.,introduced=0 AND extinct=0 AND location_doubtful=0; accepted analysis-species ID only.
RNG-00482,NATIVE_RANGE_SUMMARY,,174935,C:\range_paper\02_raw\WCVP\wcvp.zip::wcvp_distribution.csv,d32ea2b3a85e489b14e83bcc9eae7274532e1d113753f7be290d4b2dfde573fa,174935,Confirmed-current-native Level-3 rows=11.,introduced=0 AND extinct=0 AND location_doubtful=0; accepted analysis-species ID only.
RNG-00483,NATIVE_RANGE_SUMMARY,,175148,C:\range_paper\02_raw\WCVP\wcvp.zip::wcvp_distribution.csv,d32ea2b3a85e489b14e83bcc9eae7274532e1d113753f7be290d4b2dfde573fa,175148,Confirmed-current-native Level-3 rows=25.,introduced=0 AND extinct=0 AND location_doubtful=0; accepted analysis-species ID only.
RNG-00484,NATIVE_RANGE_SUMMARY,,175172,C:\range_paper\02_raw\WCVP\wcvp.zip::wcvp_distribution.csv,d32ea2b3a85e489b14e83bcc9eae7274532e1d113753f7be290d4b2dfde573fa,175172,Confirmed-current-native Level-3 rows=9.,introduced=0 AND extinct=0 AND location_doubtful=0; accepted analysis-species ID only.
RNG-00485,NATIVE_RANGE_SUMMARY,,175179,C:\range_paper\02_raw\WCVP\wcvp.zip::wcvp_distribution.csv,d32ea2b3a85e489b14e83bcc9eae7274532e1d113753f7be290d4b2dfde573fa,175179,Confirmed-current-native Level-3 rows=11.,introduced=0 AND extinct=0 AND location_doubtful=0; accepted analysis-species ID only.
RNG-00486,NATIVE_RANGE_SUMMARY,,175243,C:\range_paper\02_raw\WCVP\wcvp.zip::wcvp_distribution.csv,d32ea2b3a85e489b14e83bcc9eae7274532e1d113753f7be290d4b2dfde573fa,175243,Confirmed-current-native Level-3 rows=28.,introduced=0 AND extinct=0 AND location_doubtful=0; accepted analysis-species ID only.
RNG-00487,NATIVE_RANGE_SUMMARY,,175464,C:\range_paper\02_raw\WCVP\wcvp.zip::wcvp_distribution.csv,d32ea2b3a85e489b14e83bcc9eae7274532e1d113753f7be290d4b2dfde573fa,175464,Confirmed-current-native Level-3 rows=9.,introduced=0 AND extinct=0 AND location_doubtful=0; accepted analysis-species ID only.
RNG-00488,NATIVE_RANGE_SUMMARY,,175672,C:\range_paper\02_raw\WCVP\wcvp.zip::wcvp_distribution.csv,d32ea2b3a85e489b14e83bcc9eae7274532e1d113753f7be290d4b2dfde573fa,175672,Confirmed-current-native Level-3 rows=37.,introduced=0 AND extinct=0 AND location_doubtful=0; accepted analysis-species ID only.
RNG-00489,NATIVE_RANGE_SUMMARY,,175726,C:\range_paper\02_raw\WCVP\wcvp.zip::wcvp_distribution.csv,d32ea2b3a85e489b14e83bcc9eae7274532e1d113753f7be290d4b2dfde573fa,175726,Confirmed-current-native Level-3 rows=9.,introduced=0 AND extinct=0 AND location_doubtful=0; accepted analysis-species ID only.
RNG-00490,NATIVE_RANGE_SUMMARY,,175769,C:\range_paper\02_raw\WCVP\wcvp.zip::wcvp_distribution.csv,d32ea2b3a85e489b14e83bcc9eae7274532e1d113753f7be290d4b2dfde573fa,175769,Confirmed-current-native Level-3 rows=2.,introduced=0 AND extinct=0 AND location_doubtful=0; accepted analysis-species ID only.
RNG-00491,NATIVE_RANGE_SUMMARY,,181053,C:\range_paper\02_raw\WCVP\wcvp.zip::wcvp_distribution.csv,d32ea2b3a85e489b14e83bcc9eae7274532e1d113753f7be290d4b2dfde573fa,181053,Confirmed-current-native Level-3 rows=8.,introduced=0 AND extinct=0 AND location_doubtful=0; accepted analysis-species ID only.
RNG-00492,NATIVE_RANGE_SUMMARY,,191834,C:\range_paper\02_raw\WCVP\wcvp.zip::wcvp_distribution.csv,d32ea2b3a85e489b14e83bcc9eae7274532e1d113753f7be290d4b2dfde573fa,191834,Confirmed-current-native Level-3 rows=17.,introduced=0 AND extinct=0 AND location_doubtful=0; accepted analysis-species ID only.
RNG-00493,NATIVE_RANGE_SUMMARY,,191965,C:\range_paper\02_raw\WCVP\wcvp.zip::wcvp_distribution.csv,d32ea2b3a85e489b14e83bcc9eae7274532e1d113753f7be290d4b2dfde573fa,191965,Confirmed-current-native Level-3 rows=19.,introduced=0 AND extinct=0 AND location_doubtful=0; accepted analysis-species ID only.
RNG-00494,NATIVE_RANGE_SUMMARY,,207675,C:\range_paper\02_raw\WCVP\wcvp.zip::wcvp_distribution.csv,d32ea2b3a85e489b14e83bcc9eae7274532e1d113753f7be290d4b2dfde573fa,207675,Confirmed-current-native Level-3 rows=7.,introduced=0 AND extinct=0 AND location_doubtful=0; accepted analysis-species ID only.
RNG-00495,NATIVE_RANGE_SUMMARY,,212845,C:\range_paper\02_raw\WCVP\wcvp.zip::wcvp_distribution.csv,d32ea2b3a85e489b14e83bcc9eae7274532e1d113753f7be290d4b2dfde573fa,212845,Confirmed-current-native Level-3 rows=6.,introduced=0 AND extinct=0 AND location_doubtful=0; accepted analysis-species ID only.
RNG-00496,NATIVE_RANGE_SUMMARY,,320352,C:\range_paper\02_raw\WCVP\wcvp.zip::wcvp_distribution.csv,d32ea2b3a85e489b14e83bcc9eae7274532e1d113753f7be290d4b2dfde573fa,320352,Confirmed-current-native Level-3 rows=6.,introduced=0 AND extinct=0 AND location_doubtful=0; accepted analysis-species ID only.
RNG-00497,NATIVE_RANGE_SUMMARY,,320410,C:\range_paper\02_raw\WCVP\wcvp.zip::wcvp_distribution.csv,d32ea2b3a85e489b14e83bcc9eae7274532e1d113753f7be290d4b2dfde573fa,320410,Confirmed-current-native Level-3 rows=32.,introduced=0 AND extinct=0 AND location_doubtful=0; accepted analysis-species ID only.
RNG-00498,NATIVE_RANGE_SUMMARY,,334053,C:\range_paper\02_raw\WCVP\wcvp.zip::wcvp_distribution.csv,d32ea2b3a85e489b14e83bcc9eae7274532e1d113753f7be290d4b2dfde573fa,334053,Confirmed-current-native Level-3 rows=1.,introduced=0 AND extinct=0 AND location_doubtful=0; accepted analysis-species ID only.
RNG-00499,NATIVE_RANGE_SUMMARY,,351387,C:\range_paper\02_raw\WCVP\wcvp.zip::wcvp_distribution.csv,d32ea2b3a85e489b14e83bcc9eae7274532e1d113753f7be290d4b2dfde573fa,351387,Confirmed-current-native Level-3 rows=7.,introduced=0 AND extinct=0 AND location_doubtful=0; accepted analysis-species ID only.
RNG-00500,NATIVE_RANGE_SUMMARY,,354176,C:\range_paper\02_raw\WCVP\wcvp.zip::wcvp_distribution.csv,d32ea2b3a85e489b14e83bcc9eae7274532e1d113753f7be290d4b2dfde573fa,354176,Confirmed-current-native Level-3 rows=5.,introduced=0 AND extinct=0 AND location_doubtful=0; accepted analysis-species ID only.
RNG-00501,NATIVE_RANGE_SUMMARY,,354188,C:\range_paper\02_raw\WCVP\wcvp.zip::wcvp_distribution.csv,d32ea2b3a85e489b14e83bcc9eae7274532e1d113753f7be290d4b2dfde573fa,354188,Confirmed-current-native Level-3 rows=8.,introduced=0 AND extinct=0 AND location_doubtful=0; accepted analysis-species ID only.
RNG-00502,NATIVE_RANGE_SUMMARY,,369466,C:\range_paper\02_raw\WCVP\wcvp.zip::wcvp_distribution.csv,d32ea2b3a85e489b14e83bcc9eae7274532e1d113753f7be290d4b2dfde573fa,369466,Confirmed-current-native Level-3 rows=3.,introduced=0 AND extinct=0 AND location_doubtful=0; accepted analysis-species ID only.
RNG-00503,NATIVE_RANGE_SUMMARY,,369468,C:\range_paper\02_raw\WCVP\wcvp.zip::wcvp_distribution.csv,d32ea2b3a85e489b14e83bcc9eae7274532e1d113753f7be290d4b2dfde573fa,369468,Confirmed-current-native Level-3 rows=42.,introduced=0 AND extinct=0 AND location_doubtful=0; accepted analysis-species ID only.
RNG-00504,NATIVE_RANGE_SUMMARY,,369564,C:\range_paper\02_raw\WCVP\wcvp.zip::wcvp_distribution.csv,d32ea2b3a85e489b14e83bcc9eae7274532e1d113753f7be290d4b2dfde573fa,369564,Confirmed-current-native Level-3 rows=4.,introduced=0 AND extinct=0 AND location_doubtful=0; accepted analysis-species ID only.
RNG-00505,NATIVE_RANGE_SUMMARY,,369591,C:\range_paper\02_raw\WCVP\wcvp.zip::wcvp_distribution.csv,d32ea2b3a85e489b14e83bcc9eae7274532e1d113753f7be290d4b2dfde573fa,369591,Confirmed-current-native Level-3 rows=11.,introduced=0 AND extinct=0 AND location_doubtful=0; accepted analysis-species ID only.
RNG-00506,NATIVE_RANGE_SUMMARY,,369836,C:\range_paper\02_raw\WCVP\wcvp.zip::wcvp_distribution.csv,d32ea2b3a85e489b14e83bcc9eae7274532e1d113753f7be290d4b2dfde573fa,369836,Confirmed-current-native Level-3 rows=4.,introduced=0 AND extinct=0 AND location_doubtful=0; accepted analysis-species ID only.
RNG-00507,NATIVE_RANGE_SUMMARY,,369888,C:\range_paper\02_raw\WCVP\wcvp.zip::wcvp_distribution.csv,d32ea2b3a85e489b14e83bcc9eae7274532e1d113753f7be290d4b2dfde573fa,369888,Confirmed-current-native Level-3 rows=22.,introduced=0 AND extinct=0 AND location_doubtful=0; accepted analysis-species ID only.
RNG-00508,NATIVE_RANGE_SUMMARY,,370006,C:\range_paper\02_raw\WCVP\wcvp.zip::wcvp_distribution.csv,d32ea2b3a85e489b14e83bcc9eae7274532e1d113753f7be290d4b2dfde573fa,370006,Confirmed-current-native Level-3 rows=48.,introduced=0 AND extinct=0 AND location_doubtful=0; accepted analysis-species ID only.
RNG-00509,NATIVE_RANGE_SUMMARY,,370051,C:\range_paper\02_raw\WCVP\wcvp.zip::wcvp_distribution.csv,d32ea2b3a85e489b14e83bcc9eae7274532e1d113753f7be290d4b2dfde573fa,370051,Confirmed-current-native Level-3 rows=22.,introduced=0 AND extinct=0 AND location_doubtful=0; accepted analysis-species ID only.
RNG-00510,NATIVE_RANGE_SUMMARY,,370075,C:\range_paper\02_raw\WCVP\wcvp.zip::wcvp_distribution.csv,d32ea2b3a85e489b14e83bcc9eae7274532e1d113753f7be290d4b2dfde573fa,370075,Confirmed-current-native Level-3 rows=19.,introduced=0 AND extinct=0 AND location_doubtful=0; accepted analysis-species ID only.
RNG-00511,NATIVE_RANGE_SUMMARY,,370195,C:\range_paper\02_raw\WCVP\wcvp.zip::wcvp_distribution.csv,d32ea2b3a85e489b14e83bcc9eae7274532e1d113753f7be290d4b2dfde573fa,370195,Confirmed-current-native Level-3 rows=11.,introduced=0 AND extinct=0 AND location_doubtful=0; accepted analysis-species ID only.
RNG-00512,NATIVE_RANGE_SUMMARY,,377287,C:\range_paper\02_raw\WCVP\wcvp.zip::wcvp_distribution.csv,d32ea2b3a85e489b14e83bcc9eae7274532e1d113753f7be290d4b2dfde573fa,377287,Confirmed-current-native Level-3 rows=42.,introduced=0 AND extinct=0 AND location_doubtful=0; accepted analysis-species ID only.
RNG-00513,NATIVE_RANGE_SUMMARY,,377330,C:\range_paper\02_raw\WCVP\wcvp.zip::wcvp_distribution.csv,d32ea2b3a85e489b14e83bcc9eae7274532e1d113753f7be290d4b2dfde573fa,377330,Confirmed-current-native Level-3 rows=17.,introduced=0 AND extinct=0 AND location_doubtful=0; accepted analysis-species ID only.
RNG-00514,NATIVE_RANGE_SUMMARY,,377371,C:\range_paper\02_raw\WCVP\wcvp.zip::wcvp_distribution.csv,d32ea2b3a85e489b14e83bcc9eae7274532e1d113753f7be290d4b2dfde573fa,377371,Confirmed-current-native Level-3 rows=8.,introduced=0 AND extinct=0 AND location_doubtful=0; accepted analysis-species ID only.
RNG-00515,NATIVE_RANGE_SUMMARY,,377397,C:\range_paper\02_raw\WCVP\wcvp.zip::wcvp_distribution.csv,d32ea2b3a85e489b14e83bcc9eae7274532e1d113753f7be290d4b2dfde573fa,377397,Confirmed-current-native Level-3 rows=6.,introduced=0 AND extinct=0 AND location_doubtful=0; accepted analysis-species ID only.
RNG-00516,NATIVE_RANGE_SUMMARY,,377454,C:\range_paper\02_raw\WCVP\wcvp.zip::wcvp_distribution.csv,d32ea2b3a85e489b14e83bcc9eae7274532e1d113753f7be290d4b2dfde573fa,377454,Confirmed-current-native Level-3 rows=5.,introduced=0 AND extinct=0 AND location_doubtful=0; accepted analysis-species ID only.
RNG-00517,NATIVE_RANGE_SUMMARY,,377511,C:\range_paper\02_raw\WCVP\wcvp.zip::wcvp_distribution.csv,d32ea2b3a85e489b14e83bcc9eae7274532e1d113753f7be290d4b2dfde573fa,377511,Confirmed-current-native Level-3 rows=3.,introduced=0 AND extinct=0 AND location_doubtful=0; accepted analysis-species ID only.
RNG-00518,NATIVE_RANGE_SUMMARY,,377520,C:\range_paper\02_raw\WCVP\wcvp.zip::wcvp_distribution.csv,d32ea2b3a85e489b14e83bcc9eae7274532e1d113753f7be290d4b2dfde573fa,377520,Confirmed-current-native Level-3 rows=4.,introduced=0 AND extinct=0 AND location_doubtful=0; accepted analysis-species ID only.
RNG-00519,NATIVE_RANGE_SUMMARY,,377543,C:\range_paper\02_raw\WCVP\wcvp.zip::wcvp_distribution.csv,d32ea2b3a85e489b14e83bcc9eae7274532e1d113753f7be290d4b2dfde573fa,377543,Confirmed-current-native Level-3 rows=7.,introduced=0 AND extinct=0 AND location_doubtful=0; accepted analysis-species ID only.
RNG-00520,NATIVE_RANGE_SUMMARY,,377592,C:\range_paper\02_raw\WCVP\wcvp.zip::wcvp_distribution.csv,d32ea2b3a85e489b14e83bcc9eae7274532e1d113753f7be290d4b2dfde573fa,377592,Confirmed-current-native Level-3 rows=5.,introduced=0 AND extinct=0 AND location_doubtful=0; accepted analysis-species ID only.
RNG-00521,NATIVE_RANGE_SUMMARY,,377597,C:\range_paper\02_raw\WCVP\wcvp.zip::wcvp_distribution.csv,d32ea2b3a85e489b14e83bcc9eae7274532e1d113753f7be290d4b2dfde573fa,377597,Confirmed-current-native Level-3 rows=9.,introduced=0 AND extinct=0 AND location_doubtful=0; accepted analysis-species ID only.
RNG-00522,NATIVE_RANGE_SUMMARY,,377678,C:\range_paper\02_raw\WCVP\wcvp.zip::wcvp_distribution.csv,d32ea2b3a85e489b14e83bcc9eae7274532e1d113753f7be290d4b2dfde573fa,377678,Confirmed-current-native Level-3 rows=6.,introduced=0 AND extinct=0 AND location_doubtful=0; accepted analysis-species ID only.
RNG-00523,NATIVE_RANGE_SUMMARY,,378313,C:\range_paper\02_raw\WCVP\wcvp.zip::wcvp_distribution.csv,d32ea2b3a85e489b14e83bcc9eae7274532e1d113753f7be290d4b2dfde573fa,378313,Confirmed-current-native Level-3 rows=1.,introduced=0 AND extinct=0 AND location_doubtful=0; accepted analysis-species ID only.
RNG-00524,NATIVE_RANGE_SUMMARY,,378542,C:\range_paper\02_raw\WCVP\wcvp.zip::wcvp_distribution.csv,d32ea2b3a85e489b14e83bcc9eae7274532e1d113753f7be290d4b2dfde573fa,378542,Confirmed-current-native Level-3 rows=27.,introduced=0 AND extinct=0 AND location_doubtful=0; accepted analysis-species ID only.
RNG-00525,NATIVE_RANGE_SUMMARY,,378546,C:\range_paper\02_raw\WCVP\wcvp.zip::wcvp_distribution.csv,d32ea2b3a85e489b14e83bcc9eae7274532e1d113753f7be290d4b2dfde573fa,378546,Confirmed-current-native Level-3 rows=8.,introduced=0 AND extinct=0 AND location_doubtful=0; accepted analysis-species ID only.
RNG-00526,NATIVE_RANGE_SUMMARY,,378596,C:\range_paper\02_raw\WCVP\wcvp.zip::wcvp_distribution.csv,d32ea2b3a85e489b14e83bcc9eae7274532e1d113753f7be290d4b2dfde573fa,378596,Confirmed-current-native Level-3 rows=25.,introduced=0 AND extinct=0 AND location_doubtful=0; accepted analysis-species ID only.
RNG-00527,NATIVE_RANGE_SUMMARY,,378623,C:\range_paper\02_raw\WCVP\wcvp.zip::wcvp_distribution.csv,d32ea2b3a85e489b14e83bcc9eae7274532e1d113753f7be290d4b2dfde573fa,378623,Confirmed-current-native Level-3 rows=8.,introduced=0 AND extinct=0 AND location_doubtful=0; accepted analysis-species ID only.
RNG-00528,NATIVE_RANGE_SUMMARY,,378636,C:\range_paper\02_raw\WCVP\wcvp.zip::wcvp_distribution.csv,d32ea2b3a85e489b14e83bcc9eae7274532e1d113753f7be290d4b2dfde573fa,378636,Confirmed-current-native Level-3 rows=1.,introduced=0 AND extinct=0 AND location_doubtful=0; accepted analysis-species ID only.
RNG-00529,NATIVE_RANGE_SUMMARY,,378988,C:\range_paper\02_raw\WCVP\wcvp.zip::wcvp_distribution.csv,d32ea2b3a85e489b14e83bcc9eae7274532e1d113753f7be290d4b2dfde573fa,378988,Confirmed-current-native Level-3 rows=2.,introduced=0 AND extinct=0 AND location_doubtful=0; accepted analysis-species ID only.
RNG-00530,NATIVE_RANGE_SUMMARY,,379072,C:\range_paper\02_raw\WCVP\wcvp.zip::wcvp_distribution.csv,d32ea2b3a85e489b14e83bcc9eae7274532e1d113753f7be290d4b2dfde573fa,379072,Confirmed-current-native Level-3 rows=32.,introduced=0 AND extinct=0 AND location_doubtful=0; accepted analysis-species ID only.
RNG-00531,NATIVE_RANGE_SUMMARY,,379089,C:\range_paper\02_raw\WCVP\wcvp.zip::wcvp_distribution.csv,d32ea2b3a85e489b14e83bcc9eae7274532e1d113753f7be290d4b2dfde573fa,379089,Confirmed-current-native Level-3 rows=5.,introduced=0 AND extinct=0 AND location_doubtful=0; accepted analysis-species ID only.
RNG-00532,NATIVE_RANGE_SUMMARY,,379096,C:\range_paper\02_raw\WCVP\wcvp.zip::wcvp_distribution.csv,d32ea2b3a85e489b14e83bcc9eae7274532e1d113753f7be290d4b2dfde573fa,379096,Confirmed-current-native Level-3 rows=6.,introduced=0 AND extinct=0 AND location_doubtful=0; accepted analysis-species ID only.
RNG-00533,NATIVE_RANGE_SUMMARY,,379363,C:\range_paper\02_raw\WCVP\wcvp.zip::wcvp_distribution.csv,d32ea2b3a85e489b14e83bcc9eae7274532e1d113753f7be290d4b2dfde573fa,379363,Confirmed-current-native Level-3 rows=28.,introduced=0 AND extinct=0 AND location_doubtful=0; accepted analysis-species ID only.
RNG-00534,NATIVE_RANGE_SUMMARY,,379383,C:\range_paper\02_raw\WCVP\wcvp.zip::wcvp_distribution.csv,d32ea2b3a85e489b14e83bcc9eae7274532e1d113753f7be290d4b2dfde573fa,379383,Confirmed-current-native Level-3 rows=5.,introduced=0 AND extinct=0 AND location_doubtful=0; accepted analysis-species ID only.
RNG-00535,NATIVE_RANGE_SUMMARY,,379395,C:\range_paper\02_raw\WCVP\wcvp.zip::wcvp_distribution.csv,d32ea2b3a85e489b14e83bcc9eae7274532e1d113753f7be290d4b2dfde573fa,379395,Confirmed-current-native Level-3 rows=8.,introduced=0 AND extinct=0 AND location_doubtful=0; accepted analysis-species ID only.
RNG-00536,NATIVE_RANGE_SUMMARY,,379433,C:\range_paper\02_raw\WCVP\wcvp.zip::wcvp_distribution.csv,d32ea2b3a85e489b14e83bcc9eae7274532e1d113753f7be290d4b2dfde573fa,379433,Confirmed-current-native Level-3 rows=8.,introduced=0 AND extinct=0 AND location_doubtful=0; accepted analysis-species ID only.
RNG-00537,NATIVE_RANGE_SUMMARY,,379633,C:\range_paper\02_raw\WCVP\wcvp.zip::wcvp_distribution.csv,d32ea2b3a85e489b14e83bcc9eae7274532e1d113753f7be290d4b2dfde573fa,379633,Confirmed-current-native Level-3 rows=19.,introduced=0 AND extinct=0 AND location_doubtful=0; accepted analysis-species ID only.
RNG-00538,NATIVE_RANGE_SUMMARY,,379703,C:\range_paper\02_raw\WCVP\wcvp.zip::wcvp_distribution.csv,d32ea2b3a85e489b14e83bcc9eae7274532e1d113753f7be290d4b2dfde573fa,379703,Confirmed-current-native Level-3 rows=4.,introduced=0 AND extinct=0 AND location_doubtful=0; accepted analysis-species ID only.
RNG-00539,NATIVE_RANGE_SUMMARY,,379708,C:\range_paper\02_raw\WCVP\wcvp.zip::wcvp_distribution.csv,d32ea2b3a85e489b14e83bcc9eae7274532e1d113753f7be290d4b2dfde573fa,379708,Confirmed-current-native Level-3 rows=4.,introduced=0 AND extinct=0 AND location_doubtful=0; accepted analysis-species ID only.
RNG-00540,NATIVE_RANGE_SUMMARY,,379762,C:\range_paper\02_raw\WCVP\wcvp.zip::wcvp_distribution.csv,d32ea2b3a85e489b14e83bcc9eae7274532e1d113753f7be290d4b2dfde573fa,379762,Confirmed-current-native Level-3 rows=3.,introduced=0 AND extinct=0 AND location_doubtful=0; accepted analysis-species ID only.
RNG-00541,NATIVE_RANGE_SUMMARY,,379770,C:\range_paper\02_raw\WCVP\wcvp.zip::wcvp_distribution.csv,d32ea2b3a85e489b14e83bcc9eae7274532e1d113753f7be290d4b2dfde573fa,379770,Confirmed-current-native Level-3 rows=7.,introduced=0 AND extinct=0 AND location_doubtful=0; accepted analysis-species ID only.
RNG-00542,NATIVE_RANGE_SUMMARY,,379818,C:\range_paper\02_raw\WCVP\wcvp.zip::wcvp_distribution.csv,d32ea2b3a85e489b14e83bcc9eae7274532e1d113753f7be290d4b2dfde573fa,379818,Confirmed-current-native Level-3 rows=24.,introduced=0 AND extinct=0 AND location_doubtful=0; accepted analysis-species ID only.
RNG-00543,NATIVE_RANGE_SUMMARY,,379820,C:\range_paper\02_raw\WCVP\wcvp.zip::wcvp_distribution.csv,d32ea2b3a85e489b14e83bcc9eae7274532e1d113753f7be290d4b2dfde573fa,379820,Confirmed-current-native Level-3 rows=8.,introduced=0 AND extinct=0 AND location_doubtful=0; accepted analysis-species ID only.
RNG-00544,NATIVE_RANGE_SUMMARY,,379837,C:\range_paper\02_raw\WCVP\wcvp.zip::wcvp_distribution.csv,d32ea2b3a85e489b14e83bcc9eae7274532e1d113753f7be290d4b2dfde573fa,379837,Confirmed-current-native Level-3 rows=4.,introduced=0 AND extinct=0 AND location_doubtful=0; accepted analysis-species ID only.
RNG-00545,NATIVE_RANGE_SUMMARY,,379843,C:\range_paper\02_raw\WCVP\wcvp.zip::wcvp_distribution.csv,d32ea2b3a85e489b14e83bcc9eae7274532e1d113753f7be290d4b2dfde573fa,379843,Confirmed-current-native Level-3 rows=17.,introduced=0 AND extinct=0 AND location_doubtful=0; accepted analysis-species ID only.
RNG-00546,NATIVE_RANGE_SUMMARY,,379852,C:\range_paper\02_raw\WCVP\wcvp.zip::wcvp_distribution.csv,d32ea2b3a85e489b14e83bcc9eae7274532e1d113753f7be290d4b2dfde573fa,379852,Confirmed-current-native Level-3 rows=2.,introduced=0 AND extinct=0 AND location_doubtful=0; accepted analysis-species ID only.
RNG-00547,NATIVE_RANGE_SUMMARY,,379871,C:\range_paper\02_raw\WCVP\wcvp.zip::wcvp_distribution.csv,d32ea2b3a85e489b14e83bcc9eae7274532e1d113753f7be290d4b2dfde573fa,379871,Confirmed-current-native Level-3 rows=2.,introduced=0 AND extinct=0 AND location_doubtful=0; accepted analysis-species ID only.
RNG-00548,NATIVE_RANGE_SUMMARY,,379943,C:\range_paper\02_raw\WCVP\wcvp.zip::wcvp_distribution.csv,d32ea2b3a85e489b14e83bcc9eae7274532e1d113753f7be290d4b2dfde573fa,379943,Confirmed-current-native Level-3 rows=6.,introduced=0 AND extinct=0 AND location_doubtful=0; accepted analysis-species ID only.
RNG-00549,NATIVE_RANGE_SUMMARY,,379946,C:\range_paper\02_raw\WCVP\wcvp.zip::wcvp_distribution.csv,d32ea2b3a85e489b14e83bcc9eae7274532e1d113753f7be290d4b2dfde573fa,379946,Confirmed-current-native Level-3 rows=4.,introduced=0 AND extinct=0 AND location_doubtful=0; accepted analysis-species ID only.
RNG-00550,NATIVE_RANGE_SUMMARY,,379966,C:\range_paper\02_raw\WCVP\wcvp.zip::wcvp_distribution.csv,d32ea2b3a85e489b14e83bcc9eae7274532e1d113753f7be290d4b2dfde573fa,379966,Confirmed-current-native Level-3 rows=6.,introduced=0 AND extinct=0 AND location_doubtful=0; accepted analysis-species ID only.
RNG-00551,NATIVE_RANGE_SUMMARY,,379971,C:\range_paper\02_raw\WCVP\wcvp.zip::wcvp_distribution.csv,d32ea2b3a85e489b14e83bcc9eae7274532e1d113753f7be290d4b2dfde573fa,379971,Confirmed-current-native Level-3 rows=15.,introduced=0 AND extinct=0 AND location_doubtful=0; accepted analysis-species ID only.
RNG-00552,NATIVE_RANGE_SUMMARY,,379991,C:\range_paper\02_raw\WCVP\wcvp.zip::wcvp_distribution.csv,d32ea2b3a85e489b14e83bcc9eae7274532e1d113753f7be290d4b2dfde573fa,379991,Confirmed-current-native Level-3 rows=9.,introduced=0 AND extinct=0 AND location_doubtful=0; accepted analysis-species ID only.
RNG-00553,NATIVE_RANGE_SUMMARY,,380011,C:\range_paper\02_raw\WCVP\wcvp.zip::wcvp_distribution.csv,d32ea2b3a85e489b14e83bcc9eae7274532e1d113753f7be290d4b2dfde573fa,380011,Confirmed-current-native Level-3 rows=1.,introduced=0 AND extinct=0 AND location_doubtful=0; accepted analysis-species ID only.
RNG-00554,NATIVE_RANGE_SUMMARY,,380012,C:\range_paper\02_raw\WCVP\wcvp.zip::wcvp_distribution.csv,d32ea2b3a85e489b14e83bcc9eae7274532e1d113753f7be290d4b2dfde573fa,380012,Confirmed-current-native Level-3 rows=3.,introduced=0 AND extinct=0 AND location_doubtful=0; accepted analysis-species ID only.
RNG-00555,NATIVE_RANGE_SUMMARY,,380022,C:\range_paper\02_raw\WCVP\wcvp.zip::wcvp_distribution.csv,d32ea2b3a85e489b14e83bcc9eae7274532e1d113753f7be290d4b2dfde573fa,380022,Confirmed-current-native Level-3 rows=33.,introduced=0 AND extinct=0 AND location_doubtful=0; accepted analysis-species ID only.
RNG-00556,NATIVE_RANGE_SUMMARY,,380091,C:\range_paper\02_raw\WCVP\wcvp.zip::wcvp_distribution.csv,d32ea2b3a85e489b14e83bcc9eae7274532e1d113753f7be290d4b2dfde573fa,380091,Confirmed-current-native Level-3 rows=16.,introduced=0 AND extinct=0 AND location_doubtful=0; accepted analysis-species ID only.
RNG-00557,NATIVE_RANGE_SUMMARY,,380126,C:\range_paper\02_raw\WCVP\wcvp.zip::wcvp_distribution.csv,d32ea2b3a85e489b14e83bcc9eae7274532e1d113753f7be290d4b2dfde573fa,380126,Confirmed-current-native Level-3 rows=47.,introduced=0 AND extinct=0 AND location_doubtful=0; accepted analysis-species ID only.
RNG-00558,NATIVE_RANGE_SUMMARY,,380129,C:\range_paper\02_raw\WCVP\wcvp.zip::wcvp_distribution.csv,d32ea2b3a85e489b14e83bcc9eae7274532e1d113753f7be290d4b2dfde573fa,380129,Confirmed-current-native Level-3 rows=16.,introduced=0 AND extinct=0 AND location_doubtful=0; accepted analysis-species ID only.
RNG-00559,NATIVE_RANGE_SUMMARY,,380171,C:\range_paper\02_raw\WCVP\wcvp.zip::wcvp_distribution.csv,d32ea2b3a85e489b14e83bcc9eae7274532e1d113753f7be290d4b2dfde573fa,380171,Confirmed-current-native Level-3 rows=19.,introduced=0 AND extinct=0 AND location_doubtful=0; accepted analysis-species ID only.
RNG-00560,NATIVE_RANGE_SUMMARY,,380231,C:\range_paper\02_raw\WCVP\wcvp.zip::wcvp_distribution.csv,d32ea2b3a85e489b14e83bcc9eae7274532e1d113753f7be290d4b2dfde573fa,380231,Confirmed-current-native Level-3 rows=5.,introduced=0 AND extinct=0 AND location_doubtful=0; accepted analysis-species ID only.
RNG-00561,NATIVE_RANGE_SUMMARY,,380239,C:\range_paper\02_raw\WCVP\wcvp.zip::wcvp_distribution.csv,d32ea2b3a85e489b14e83bcc9eae7274532e1d113753f7be290d4b2dfde573fa,380239,Confirmed-current-native Level-3 rows=2.,introduced=0 AND extinct=0 AND location_doubtful=0; accepted analysis-species ID only.
RNG-00562,NATIVE_RANGE_SUMMARY,,380255,C:\range_paper\02_raw\WCVP\wcvp.zip::wcvp_distribution.csv,d32ea2b3a85e489b14e83bcc9eae7274532e1d113753f7be290d4b2dfde573fa,380255,Confirmed-current-native Level-3 rows=8.,introduced=0 AND extinct=0 AND location_doubtful=0; accepted analysis-species ID only.
RNG-00563,NATIVE_RANGE_SUMMARY,,380268,C:\range_paper\02_raw\WCVP\wcvp.zip::wcvp_distribution.csv,d32ea2b3a85e489b14e83bcc9eae7274532e1d113753f7be290d4b2dfde573fa,380268,Confirmed-current-native Level-3 rows=9.,introduced=0 AND extinct=0 AND location_doubtful=0; accepted analysis-species ID only.
RNG-00564,NATIVE_RANGE_SUMMARY,,380272,C:\range_paper\02_raw\WCVP\wcvp.zip::wcvp_distribution.csv,d32ea2b3a85e489b14e83bcc9eae7274532e1d113753f7be290d4b2dfde573fa,380272,Confirmed-current-native Level-3 rows=8.,introduced=0 AND extinct=0 AND location_doubtful=0; accepted analysis-species ID only.
RNG-00565,NATIVE_RANGE_SUMMARY,,380293,C:\range_paper\02_raw\WCVP\wcvp.zip::wcvp_distribution.csv,d32ea2b3a85e489b14e83bcc9eae7274532e1d113753f7be290d4b2dfde573fa,380293,Confirmed-current-native Level-3 rows=20.,introduced=0 AND extinct=0 AND location_doubtful=0; accepted analysis-species ID only.
RNG-00566,NATIVE_RANGE_SUMMARY,,380297,C:\range_paper\02_raw\WCVP\wcvp.zip::wcvp_distribution.csv,d32ea2b3a85e489b14e83bcc9eae7274532e1d113753f7be290d4b2dfde573fa,380297,Confirmed-current-native Level-3 rows=3.,introduced=0 AND extinct=0 AND location_doubtful=0; accepted analysis-species ID only.
RNG-00567,NATIVE_RANGE_SUMMARY,,380302,C:\range_paper\02_raw\WCVP\wcvp.zip::wcvp_distribution.csv,d32ea2b3a85e489b14e83bcc9eae7274532e1d113753f7be290d4b2dfde573fa,380302,Confirmed-current-native Level-3 rows=19.,introduced=0 AND extinct=0 AND location_doubtful=0; accepted analysis-species ID only.
RNG-00568,NATIVE_RANGE_SUMMARY,,380317,C:\range_paper\02_raw\WCVP\wcvp.zip::wcvp_distribution.csv,d32ea2b3a85e489b14e83bcc9eae7274532e1d113753f7be290d4b2dfde573fa,380317,Confirmed-current-native Level-3 rows=2.,introduced=0 AND extinct=0 AND location_doubtful=0; accepted analysis-species ID only.
RNG-00569,NATIVE_RANGE_SUMMARY,,380358,C:\range_paper\02_raw\WCVP\wcvp.zip::wcvp_distribution.csv,d32ea2b3a85e489b14e83bcc9eae7274532e1d113753f7be290d4b2dfde573fa,380358,Confirmed-current-native Level-3 rows=7.,introduced=0 AND extinct=0 AND location_doubtful=0; accepted analysis-species ID only.
RNG-00570,NATIVE_RANGE_SUMMARY,,380406,C:\range_paper\02_raw\WCVP\wcvp.zip::wcvp_distribution.csv,d32ea2b3a85e489b14e83bcc9eae7274532e1d113753f7be290d4b2dfde573fa,380406,Confirmed-current-native Level-3 rows=24.,introduced=0 AND extinct=0 AND location_doubtful=0; accepted analysis-species ID only.
RNG-00571,NATIVE_RANGE_SUMMARY,,380484,C:\range_paper\02_raw\WCVP\wcvp.zip::wcvp_distribution.csv,d32ea2b3a85e489b14e83bcc9eae7274532e1d113753f7be290d4b2dfde573fa,380484,Confirmed-current-native Level-3 rows=7.,introduced=0 AND extinct=0 AND location_doubtful=0; accepted analysis-species ID only.
RNG-00572,NATIVE_RANGE_SUMMARY,,380503,C:\range_paper\02_raw\WCVP\wcvp.zip::wcvp_distribution.csv,d32ea2b3a85e489b14e83bcc9eae7274532e1d113753f7be290d4b2dfde573fa,380503,Confirmed-current-native Level-3 rows=4.,introduced=0 AND extinct=0 AND location_doubtful=0; accepted analysis-species ID only.
RNG-00573,NATIVE_RANGE_SUMMARY,,380514,C:\range_paper\02_raw\WCVP\wcvp.zip::wcvp_distribution.csv,d32ea2b3a85e489b14e83bcc9eae7274532e1d113753f7be290d4b2dfde573fa,380514,Confirmed-current-native Level-3 rows=1.,introduced=0 AND extinct=0 AND location_doubtful=0; accepted analysis-species ID only.
RNG-00574,NATIVE_RANGE_SUMMARY,,380544,C:\range_paper\02_raw\WCVP\wcvp.zip::wcvp_distribution.csv,d32ea2b3a85e489b14e83bcc9eae7274532e1d113753f7be290d4b2dfde573fa,380544,Confirmed-current-native Level-3 rows=27.,introduced=0 AND extinct=0 AND location_doubtful=0; accepted analysis-species ID only.
RNG-00575,NATIVE_RANGE_SUMMARY,,380589,C:\range_paper\02_raw\WCVP\wcvp.zip::wcvp_distribution.csv,d32ea2b3a85e489b14e83bcc9eae7274532e1d113753f7be290d4b2dfde573fa,380589,Confirmed-current-native Level-3 rows=28.,introduced=0 AND extinct=0 AND location_doubtful=0; accepted analysis-species ID only.
RNG-00576,NATIVE_RANGE_SUMMARY,,380614,C:\range_paper\02_raw\WCVP\wcvp.zip::wcvp_distribution.csv,d32ea2b3a85e489b14e83bcc9eae7274532e1d113753f7be290d4b2dfde573fa,380614,Confirmed-current-native Level-3 rows=14.,introduced=0 AND extinct=0 AND location_doubtful=0; accepted analysis-species ID only.
RNG-00577,NATIVE_RANGE_SUMMARY,,380618,C:\range_paper\02_raw\WCVP\wcvp.zip::wcvp_distribution.csv,d32ea2b3a85e489b14e83bcc9eae7274532e1d113753f7be290d4b2dfde573fa,380618,Confirmed-current-native Level-3 rows=2.,introduced=0 AND extinct=0 AND location_doubtful=0; accepted analysis-species ID only.
RNG-00578,NATIVE_RANGE_SUMMARY,,380705,C:\range_paper\02_raw\WCVP\wcvp.zip::wcvp_distribution.csv,d32ea2b3a85e489b14e83bcc9eae7274532e1d113753f7be290d4b2dfde573fa,380705,Confirmed-current-native Level-3 rows=9.,introduced=0 AND extinct=0 AND location_doubtful=0; accepted analysis-species ID only.
RNG-00579,NATIVE_RANGE_SUMMARY,,380719,C:\range_paper\02_raw\WCVP\wcvp.zip::wcvp_distribution.csv,d32ea2b3a85e489b14e83bcc9eae7274532e1d113753f7be290d4b2dfde573fa,380719,Confirmed-current-native Level-3 rows=7.,introduced=0 AND extinct=0 AND location_doubtful=0; accepted analysis-species ID only.
RNG-00580,NATIVE_RANGE_SUMMARY,,380723,C:\range_paper\02_raw\WCVP\wcvp.zip::wcvp_distribution.csv,d32ea2b3a85e489b14e83bcc9eae7274532e1d113753f7be290d4b2dfde573fa,380723,Confirmed-current-native Level-3 rows=3.,introduced=0 AND extinct=0 AND location_doubtful=0; accepted analysis-species ID only.
RNG-00581,NATIVE_RANGE_SUMMARY,,380741,C:\range_paper\02_raw\WCVP\wcvp.zip::wcvp_distribution.csv,d32ea2b3a85e489b14e83bcc9eae7274532e1d113753f7be290d4b2dfde573fa,380741,Confirmed-current-native Level-3 rows=5.,introduced=0 AND extinct=0 AND location_doubtful=0; accepted analysis-species ID only.
RNG-00582,NATIVE_RANGE_SUMMARY,,380751,C:\range_paper\02_raw\WCVP\wcvp.zip::wcvp_distribution.csv,d32ea2b3a85e489b14e83bcc9eae7274532e1d113753f7be290d4b2dfde573fa,380751,Confirmed-current-native Level-3 rows=19.,introduced=0 AND extinct=0 AND location_doubtful=0; accepted analysis-species ID only.
RNG-00583,NATIVE_RANGE_SUMMARY,,381057,C:\range_paper\02_raw\WCVP\wcvp.zip::wcvp_distribution.csv,d32ea2b3a85e489b14e83bcc9eae7274532e1d113753f7be290d4b2dfde573fa,381057,Confirmed-current-native Level-3 rows=3.,introduced=0 AND extinct=0 AND location_doubtful=0; accepted analysis-species ID only.
RNG-00584,NATIVE_RANGE_SUMMARY,,381078,C:\range_paper\02_raw\WCVP\wcvp.zip::wcvp_distribution.csv,d32ea2b3a85e489b14e83bcc9eae7274532e1d113753f7be290d4b2dfde573fa,381078,Confirmed-current-native Level-3 rows=26.,introduced=0 AND extinct=0 AND location_doubtful=0; accepted analysis-species ID only.
RNG-00585,NATIVE_RANGE_SUMMARY,,381300,C:\range_paper\02_raw\WCVP\wcvp.zip::wcvp_distribution.csv,d32ea2b3a85e489b14e83bcc9eae7274532e1d113753f7be290d4b2dfde573fa,381300,Confirmed-current-native Level-3 rows=1.,introduced=0 AND extinct=0 AND location_doubtful=0; accepted analysis-species ID only.
RNG-00586,NATIVE_RANGE_SUMMARY,,381632,C:\range_paper\02_raw\WCVP\wcvp.zip::wcvp_distribution.csv,d32ea2b3a85e489b14e83bcc9eae7274532e1d113753f7be290d4b2dfde573fa,381632,Confirmed-current-native Level-3 rows=5.,introduced=0 AND extinct=0 AND location_doubtful=0; accepted analysis-species ID only.
RNG-00587,NATIVE_RANGE_SUMMARY,,381647,C:\range_paper\02_raw\WCVP\wcvp.zip::wcvp_distribution.csv,d32ea2b3a85e489b14e83bcc9eae7274532e1d113753f7be290d4b2dfde573fa,381647,Confirmed-current-native Level-3 rows=25.,introduced=0 AND extinct=0 AND location_doubtful=0; accepted analysis-species ID only.
RNG-00588,NATIVE_RANGE_SUMMARY,,381713,C:\range_paper\02_raw\WCVP\wcvp.zip::wcvp_distribution.csv,d32ea2b3a85e489b14e83bcc9eae7274532e1d113753f7be290d4b2dfde573fa,381713,Confirmed-current-native Level-3 rows=11.,introduced=0 AND extinct=0 AND location_doubtful=0; accepted analysis-species ID only.
RNG-00589,NATIVE_RANGE_SUMMARY,,381792,C:\range_paper\02_raw\WCVP\wcvp.zip::wcvp_distribution.csv,d32ea2b3a85e489b14e83bcc9eae7274532e1d113753f7be290d4b2dfde573fa,381792,Confirmed-current-native Level-3 rows=3.,introduced=0 AND extinct=0 AND location_doubtful=0; accepted analysis-species ID only.
RNG-00590,NATIVE_RANGE_SUMMARY,,381804,C:\range_paper\02_raw\WCVP\wcvp.zip::wcvp_distribution.csv,d32ea2b3a85e489b14e83bcc9eae7274532e1d113753f7be290d4b2dfde573fa,381804,Confirmed-current-native Level-3 rows=6.,introduced=0 AND extinct=0 AND location_doubtful=0; accepted analysis-species ID only.
RNG-00591,NATIVE_RANGE_SUMMARY,,381853,C:\range_paper\02_raw\WCVP\wcvp.zip::wcvp_distribution.csv,d32ea2b3a85e489b14e83bcc9eae7274532e1d113753f7be290d4b2dfde573fa,381853,Confirmed-current-native Level-3 rows=15.,introduced=0 AND extinct=0 AND location_doubtful=0; accepted analysis-species ID only.
RNG-00592,NATIVE_RANGE_SUMMARY,,381868,C:\range_paper\02_raw\WCVP\wcvp.zip::wcvp_distribution.csv,d32ea2b3a85e489b14e83bcc9eae7274532e1d113753f7be290d4b2dfde573fa,381868,Confirmed-current-native Level-3 rows=3.,introduced=0 AND extinct=0 AND location_doubtful=0; accepted analysis-species ID only.
RNG-00593,NATIVE_RANGE_SUMMARY,,381974,C:\range_paper\02_raw\WCVP\wcvp.zip::wcvp_distribution.csv,d32ea2b3a85e489b14e83bcc9eae7274532e1d113753f7be290d4b2dfde573fa,381974,Confirmed-current-native Level-3 rows=3.,introduced=0 AND extinct=0 AND location_doubtful=0; accepted analysis-species ID only.
RNG-00594,NATIVE_RANGE_SUMMARY,,382424,C:\range_paper\02_raw\WCVP\wcvp.zip::wcvp_distribution.csv,d32ea2b3a85e489b14e83bcc9eae7274532e1d113753f7be290d4b2dfde573fa,382424,Confirmed-current-native Level-3 rows=3.,introduced=0 AND extinct=0 AND location_doubtful=0; accepted analysis-species ID only.
RNG-00595,NATIVE_RANGE_SUMMARY,,382830,C:\range_paper\02_raw\WCVP\wcvp.zip::wcvp_distribution.csv,d32ea2b3a85e489b14e83bcc9eae7274532e1d113753f7be290d4b2dfde573fa,382830,Confirmed-current-native Level-3 rows=2.,introduced=0 AND extinct=0 AND location_doubtful=0; accepted analysis-species ID only.
RNG-00596,NATIVE_RANGE_SUMMARY,,382860,C:\range_paper\02_raw\WCVP\wcvp.zip::wcvp_distribution.csv,d32ea2b3a85e489b14e83bcc9eae7274532e1d113753f7be290d4b2dfde573fa,382860,Confirmed-current-native Level-3 rows=16.,introduced=0 AND extinct=0 AND location_doubtful=0; accepted analysis-species ID only.
RNG-00597,NATIVE_RANGE_SUMMARY,,384904,C:\range_paper\02_raw\WCVP\wcvp.zip::wcvp_distribution.csv,d32ea2b3a85e489b14e83bcc9eae7274532e1d113753f7be290d4b2dfde573fa,384904,Confirmed-current-native Level-3 rows=2.,introduced=0 AND extinct=0 AND location_doubtful=0; accepted analysis-species ID only.
RNG-00598,NATIVE_RANGE_SUMMARY,,385000,C:\range_paper\02_raw\WCVP\wcvp.zip::wcvp_distribution.csv,d32ea2b3a85e489b14e83bcc9eae7274532e1d113753f7be290d4b2dfde573fa,385000,Confirmed-current-native Level-3 rows=26.,introduced=0 AND extinct=0 AND location_doubtful=0; accepted analysis-species ID only.
RNG-00599,NATIVE_RANGE_SUMMARY,,456789,C:\range_paper\02_raw\WCVP\wcvp.zip::wcvp_distribution.csv,d32ea2b3a85e489b14e83bcc9eae7274532e1d113753f7be290d4b2dfde573fa,456789,Confirmed-current-native Level-3 rows=5.,introduced=0 AND extinct=0 AND location_doubtful=0; accepted analysis-species ID only.
RNG-00600,NATIVE_RANGE_SUMMARY,,457902,C:\range_paper\02_raw\WCVP\wcvp.zip::wcvp_distribution.csv,d32ea2b3a85e489b14e83bcc9eae7274532e1d113753f7be290d4b2dfde573fa,457902,Confirmed-current-native Level-3 rows=5.,introduced=0 AND extinct=0 AND location_doubtful=0; accepted analysis-species ID only.
RNG-00601,NATIVE_RANGE_SUMMARY,,457903,C:\range_paper\02_raw\WCVP\wcvp.zip::wcvp_distribution.csv,d32ea2b3a85e489b14e83bcc9eae7274532e1d113753f7be290d4b2dfde573fa,457903,Confirmed-current-native Level-3 rows=2.,introduced=0 AND extinct=0 AND location_doubtful=0; accepted analysis-species ID only.
RNG-00602,NATIVE_RANGE_SUMMARY,,457913,C:\range_paper\02_raw\WCVP\wcvp.zip::wcvp_distribution.csv,d32ea2b3a85e489b14e83bcc9eae7274532e1d113753f7be290d4b2dfde573fa,457913,Confirmed-current-native Level-3 rows=1.,introduced=0 AND extinct=0 AND location_doubtful=0; accepted analysis-species ID only.
RNG-00603,NATIVE_RANGE_SUMMARY,,457918,C:\range_paper\02_raw\WCVP\wcvp.zip::wcvp_distribution.csv,d32ea2b3a85e489b14e83bcc9eae7274532e1d113753f7be290d4b2dfde573fa,457918,Confirmed-current-native Level-3 rows=1.,introduced=0 AND extinct=0 AND location_doubtful=0; accepted analysis-species ID only.
RNG-00604,NATIVE_RANGE_SUMMARY,,458543,C:\range_paper\02_raw\WCVP\wcvp.zip::wcvp_distribution.csv,d32ea2b3a85e489b14e83bcc9eae7274532e1d113753f7be290d4b2dfde573fa,458543,Confirmed-current-native Level-3 rows=2.,introduced=0 AND extinct=0 AND location_doubtful=0; accepted analysis-species ID only.
RNG-00605,NATIVE_RANGE_SUMMARY,,500221,C:\range_paper\02_raw\WCVP\wcvp.zip::wcvp_distribution.csv,d32ea2b3a85e489b14e83bcc9eae7274532e1d113753f7be290d4b2dfde573fa,500221,Confirmed-current-native Level-3 rows=29.,introduced=0 AND extinct=0 AND location_doubtful=0; accepted analysis-species ID only.
RNG-00606,NATIVE_RANGE_SUMMARY,,2329229,C:\range_paper\02_raw\WCVP\wcvp.zip::wcvp_distribution.csv,d32ea2b3a85e489b14e83bcc9eae7274532e1d113753f7be290d4b2dfde573fa,2329229,Confirmed-current-native Level-3 rows=1.,introduced=0 AND extinct=0 AND location_doubtful=0; accepted analysis-species ID only.
RNG-00607,NATIVE_RANGE_SUMMARY,,2331793,C:\range_paper\02_raw\WCVP\wcvp.zip::wcvp_distribution.csv,d32ea2b3a85e489b14e83bcc9eae7274532e1d113753f7be290d4b2dfde573fa,2331793,Confirmed-current-native Level-3 rows=32.,introduced=0 AND extinct=0 AND location_doubtful=0; accepted analysis-species ID only.
RNG-00608,NATIVE_RANGE_SUMMARY,,2331814,C:\range_paper\02_raw\WCVP\wcvp.zip::wcvp_distribution.csv,d32ea2b3a85e489b14e83bcc9eae7274532e1d113753f7be290d4b2dfde573fa,2331814,Confirmed-current-native Level-3 rows=9.,introduced=0 AND extinct=0 AND location_doubtful=0; accepted analysis-species ID only.
RNG-00609,NATIVE_RANGE_SUMMARY,,2331825,C:\range_paper\02_raw\WCVP\wcvp.zip::wcvp_distribution.csv,d32ea2b3a85e489b14e83bcc9eae7274532e1d113753f7be290d4b2dfde573fa,2331825,Confirmed-current-native Level-3 rows=1.,introduced=0 AND extinct=0 AND location_doubtful=0; accepted analysis-species ID only.
RNG-00610,NATIVE_RANGE_SUMMARY,,2331834,C:\range_paper\02_raw\WCVP\wcvp.zip::wcvp_distribution.csv,d32ea2b3a85e489b14e83bcc9eae7274532e1d113753f7be290d4b2dfde573fa,2331834,Confirmed-current-native Level-3 rows=35.,introduced=0 AND extinct=0 AND location_doubtful=0; accepted analysis-species ID only.
RNG-00611,NATIVE_RANGE_SUMMARY,,2331862,C:\range_paper\02_raw\WCVP\wcvp.zip::wcvp_distribution.csv,d32ea2b3a85e489b14e83bcc9eae7274532e1d113753f7be290d4b2dfde573fa,2331862,Confirmed-current-native Level-3 rows=5.,introduced=0 AND extinct=0 AND location_doubtful=0; accepted analysis-species ID only.
RNG-00612,NATIVE_RANGE_SUMMARY,,2338852,C:\range_paper\02_raw\WCVP\wcvp.zip::wcvp_distribution.csv,d32ea2b3a85e489b14e83bcc9eae7274532e1d113753f7be290d4b2dfde573fa,2338852,Confirmed-current-native Level-3 rows=55.,introduced=0 AND extinct=0 AND location_doubtful=0; accepted analysis-species ID only.
RNG-00613,NATIVE_RANGE_SUMMARY,,2346347,C:\range_paper\02_raw\WCVP\wcvp.zip::wcvp_distribution.csv,d32ea2b3a85e489b14e83bcc9eae7274532e1d113753f7be290d4b2dfde573fa,2346347,Confirmed-current-native Level-3 rows=9.,introduced=0 AND extinct=0 AND location_doubtful=0; accepted analysis-species ID only.
RNG-00614,NATIVE_RANGE_SUMMARY,,2346415,C:\range_paper\02_raw\WCVP\wcvp.zip::wcvp_distribution.csv,d32ea2b3a85e489b14e83bcc9eae7274532e1d113753f7be290d4b2dfde573fa,2346415,Confirmed-current-native Level-3 rows=5.,introduced=0 AND extinct=0 AND location_doubtful=0; accepted analysis-species ID only.
RNG-00615,NATIVE_RANGE_SUMMARY,,2364578,C:\range_paper\02_raw\WCVP\wcvp.zip::wcvp_distribution.csv,d32ea2b3a85e489b14e83bcc9eae7274532e1d113753f7be290d4b2dfde573fa,2364578,Confirmed-current-native Level-3 rows=9.,introduced=0 AND extinct=0 AND location_doubtful=0; accepted analysis-species ID only.
RNG-00616,NATIVE_RANGE_SUMMARY,,2383853,C:\range_paper\02_raw\WCVP\wcvp.zip::wcvp_distribution.csv,d32ea2b3a85e489b14e83bcc9eae7274532e1d113753f7be290d4b2dfde573fa,2383853,Confirmed-current-native Level-3 rows=11.,introduced=0 AND extinct=0 AND location_doubtful=0; accepted analysis-species ID only.
RNG-00617,NATIVE_RANGE_SUMMARY,,2383876,C:\range_paper\02_raw\WCVP\wcvp.zip::wcvp_distribution.csv,d32ea2b3a85e489b14e83bcc9eae7274532e1d113753f7be290d4b2dfde573fa,2383876,Confirmed-current-native Level-3 rows=4.,introduced=0 AND extinct=0 AND location_doubtful=0; accepted analysis-species ID only.
RNG-00618,NATIVE_RANGE_SUMMARY,,2387656,C:\range_paper\02_raw\WCVP\wcvp.zip::wcvp_distribution.csv,d32ea2b3a85e489b14e83bcc9eae7274532e1d113753f7be290d4b2dfde573fa,2387656,Confirmed-current-native Level-3 rows=17.,introduced=0 AND extinct=0 AND location_doubtful=0; accepted analysis-species ID only.
RNG-00619,NATIVE_RANGE_SUMMARY,,2389100,C:\range_paper\02_raw\WCVP\wcvp.zip::wcvp_distribution.csv,d32ea2b3a85e489b14e83bcc9eae7274532e1d113753f7be290d4b2dfde573fa,2389100,Confirmed-current-native Level-3 rows=3.,introduced=0 AND extinct=0 AND location_doubtful=0; accepted analysis-species ID only.
RNG-00620,NATIVE_RANGE_SUMMARY,,2428246,C:\range_paper\02_raw\WCVP\wcvp.zip::wcvp_distribution.csv,d32ea2b3a85e489b14e83bcc9eae7274532e1d113753f7be290d4b2dfde573fa,2428246,Confirmed-current-native Level-3 rows=10.,introduced=0 AND extinct=0 AND location_doubtful=0; accepted analysis-species ID only.
RNG-00621,NATIVE_RANGE_SUMMARY,,2444682,C:\range_paper\02_raw\WCVP\wcvp.zip::wcvp_distribution.csv,d32ea2b3a85e489b14e83bcc9eae7274532e1d113753f7be290d4b2dfde573fa,2444682,Confirmed-current-native Level-3 rows=2.,introduced=0 AND extinct=0 AND location_doubtful=0; accepted analysis-species ID only.
RNG-00622,NATIVE_RANGE_SUMMARY,,2446614,C:\range_paper\02_raw\WCVP\wcvp.zip::wcvp_distribution.csv,d32ea2b3a85e489b14e83bcc9eae7274532e1d113753f7be290d4b2dfde573fa,2446614,Confirmed-current-native Level-3 rows=3.,introduced=0 AND extinct=0 AND location_doubtful=0; accepted analysis-species ID only.
RNG-00623,NATIVE_RANGE_SUMMARY,,2448661,C:\range_paper\02_raw\WCVP\wcvp.zip::wcvp_distribution.csv,d32ea2b3a85e489b14e83bcc9eae7274532e1d113753f7be290d4b2dfde573fa,2448661,Confirmed-current-native Level-3 rows=8.,introduced=0 AND extinct=0 AND location_doubtful=0; accepted analysis-species ID only.
RNG-00624,NATIVE_RANGE_SUMMARY,,2448805,C:\range_paper\02_raw\WCVP\wcvp.zip::wcvp_distribution.csv,d32ea2b3a85e489b14e83bcc9eae7274532e1d113753f7be290d4b2dfde573fa,2448805,Confirmed-current-native Level-3 rows=39.,introduced=0 AND extinct=0 AND location_doubtful=0; accepted analysis-species ID only.
RNG-00625,NATIVE_RANGE_SUMMARY,,2448824,C:\range_paper\02_raw\WCVP\wcvp.zip::wcvp_distribution.csv,d32ea2b3a85e489b14e83bcc9eae7274532e1d113753f7be290d4b2dfde573fa,2448824,Confirmed-current-native Level-3 rows=17.,introduced=0 AND extinct=0 AND location_doubtful=0; accepted analysis-species ID only.
RNG-00626,NATIVE_RANGE_SUMMARY,,2448843,C:\range_paper\02_raw\WCVP\wcvp.zip::wcvp_distribution.csv,d32ea2b3a85e489b14e83bcc9eae7274532e1d113753f7be290d4b2dfde573fa,2448843,Confirmed-current-native Level-3 rows=20.,introduced=0 AND extinct=0 AND location_doubtful=0; accepted analysis-species ID only.
RNG-00627,NATIVE_RANGE_SUMMARY,,2448857,C:\range_paper\02_raw\WCVP\wcvp.zip::wcvp_distribution.csv,d32ea2b3a85e489b14e83bcc9eae7274532e1d113753f7be290d4b2dfde573fa,2448857,Confirmed-current-native Level-3 rows=9.,introduced=0 AND extinct=0 AND location_doubtful=0; accepted analysis-species ID only.
RNG-00628,NATIVE_RANGE_SUMMARY,,2449976,C:\range_paper\02_raw\WCVP\wcvp.zip::wcvp_distribution.csv,d32ea2b3a85e489b14e83bcc9eae7274532e1d113753f7be290d4b2dfde573fa,2449976,Confirmed-current-native Level-3 rows=8.,introduced=0 AND extinct=0 AND location_doubtful=0; accepted analysis-species ID only.
RNG-00629,NATIVE_RANGE_SUMMARY,,2450008,C:\range_paper\02_raw\WCVP\wcvp.zip::wcvp_distribution.csv,d32ea2b3a85e489b14e83bcc9eae7274532e1d113753f7be290d4b2dfde573fa,2450008,Confirmed-current-native Level-3 rows=18.,introduced=0 AND extinct=0 AND location_doubtful=0; accepted analysis-species ID only.
RNG-00630,NATIVE_RANGE_SUMMARY,,2450019,C:\range_paper\02_raw\WCVP\wcvp.zip::wcvp_distribution.csv,d32ea2b3a85e489b14e83bcc9eae7274532e1d113753f7be290d4b2dfde573fa,2450019,Confirmed-current-native Level-3 rows=49.,introduced=0 AND extinct=0 AND location_doubtful=0; accepted analysis-species ID only.
RNG-00631,NATIVE_RANGE_SUMMARY,,2452405,C:\range_paper\02_raw\WCVP\wcvp.zip::wcvp_distribution.csv,d32ea2b3a85e489b14e83bcc9eae7274532e1d113753f7be290d4b2dfde573fa,2452405,Confirmed-current-native Level-3 rows=50.,introduced=0 AND extinct=0 AND location_doubtful=0; accepted analysis-species ID only.
RNG-00632,NATIVE_RANGE_SUMMARY,,2458798,C:\range_paper\02_raw\WCVP\wcvp.zip::wcvp_distribution.csv,d32ea2b3a85e489b14e83bcc9eae7274532e1d113753f7be290d4b2dfde573fa,2458798,Confirmed-current-native Level-3 rows=17.,introduced=0 AND extinct=0 AND location_doubtful=0; accepted analysis-species ID only.
RNG-00633,NATIVE_RANGE_SUMMARY,,2469375,C:\range_paper\02_raw\WCVP\wcvp.zip::wcvp_distribution.csv,d32ea2b3a85e489b14e83bcc9eae7274532e1d113753f7be290d4b2dfde573fa,2469375,Confirmed-current-native Level-3 rows=13.,introduced=0 AND extinct=0 AND location_doubtful=0; accepted analysis-species ID only.
RNG-00634,NATIVE_RANGE_SUMMARY,,2500717,C:\range_paper\02_raw\WCVP\wcvp.zip::wcvp_distribution.csv,d32ea2b3a85e489b14e83bcc9eae7274532e1d113753f7be290d4b2dfde573fa,2500717,Confirmed-current-native Level-3 rows=36.,introduced=0 AND extinct=0 AND location_doubtful=0; accepted analysis-species ID only.
RNG-00635,NATIVE_RANGE_SUMMARY,,2501306,C:\range_paper\02_raw\WCVP\wcvp.zip::wcvp_distribution.csv,d32ea2b3a85e489b14e83bcc9eae7274532e1d113753f7be290d4b2dfde573fa,2501306,Confirmed-current-native Level-3 rows=3.,introduced=0 AND extinct=0 AND location_doubtful=0; accepted analysis-species ID only.
RNG-00636,NATIVE_RANGE_SUMMARY,,2501381,C:\range_paper\02_raw\WCVP\wcvp.zip::wcvp_distribution.csv,d32ea2b3a85e489b14e83bcc9eae7274532e1d113753f7be290d4b2dfde573fa,2501381,Confirmed-current-native Level-3 rows=2.,introduced=0 AND extinct=0 AND location_doubtful=0; accepted analysis-species ID only.
RNG-00637,NATIVE_RANGE_SUMMARY,,2501836,C:\range_paper\02_raw\WCVP\wcvp.zip::wcvp_distribution.csv,d32ea2b3a85e489b14e83bcc9eae7274532e1d113753f7be290d4b2dfde573fa,2501836,Confirmed-current-native Level-3 rows=6.,introduced=0 AND extinct=0 AND location_doubtful=0; accepted analysis-species ID only.
RNG-00638,NATIVE_RANGE_SUMMARY,,2501906,C:\range_paper\02_raw\WCVP\wcvp.zip::wcvp_distribution.csv,d32ea2b3a85e489b14e83bcc9eae7274532e1d113753f7be290d4b2dfde573fa,2501906,Confirmed-current-native Level-3 rows=34.,introduced=0 AND extinct=0 AND location_doubtful=0; accepted analysis-species ID only.
RNG-00639,NATIVE_RANGE_SUMMARY,,2505106,C:\range_paper\02_raw\WCVP\wcvp.zip::wcvp_distribution.csv,d32ea2b3a85e489b14e83bcc9eae7274532e1d113753f7be290d4b2dfde573fa,2505106,Confirmed-current-native Level-3 rows=28.,introduced=0 AND extinct=0 AND location_doubtful=0; accepted analysis-species ID only.
RNG-00640,NATIVE_RANGE_SUMMARY,,2518181,C:\range_paper\02_raw\WCVP\wcvp.zip::wcvp_distribution.csv,d32ea2b3a85e489b14e83bcc9eae7274532e1d113753f7be290d4b2dfde573fa,2518181,Confirmed-current-native Level-3 rows=39.,introduced=0 AND extinct=0 AND location_doubtful=0; accepted analysis-species ID only.
RNG-00641,NATIVE_RANGE_SUMMARY,,2518218,C:\range_paper\02_raw\WCVP\wcvp.zip::wcvp_distribution.csv,d32ea2b3a85e489b14e83bcc9eae7274532e1d113753f7be290d4b2dfde573fa,2518218,Confirmed-current-native Level-3 rows=49.,introduced=0 AND extinct=0 AND location_doubtful=0; accepted analysis-species ID only.
RNG-00642,NATIVE_RANGE_SUMMARY,,2523018,C:\range_paper\02_raw\WCVP\wcvp.zip::wcvp_distribution.csv,d32ea2b3a85e489b14e83bcc9eae7274532e1d113753f7be290d4b2dfde573fa,2523018,Confirmed-current-native Level-3 rows=46.,introduced=0 AND extinct=0 AND location_doubtful=0; accepted analysis-species ID only.
RNG-00643,NATIVE_RANGE_SUMMARY,,2523199,C:\range_paper\02_raw\WCVP\wcvp.zip::wcvp_distribution.csv,d32ea2b3a85e489b14e83bcc9eae7274532e1d113753f7be290d4b2dfde573fa,2523199,Confirmed-current-native Level-3 rows=55.,introduced=0 AND extinct=0 AND location_doubtful=0; accepted analysis-species ID only.
RNG-00644,NATIVE_RANGE_SUMMARY,,2529931,C:\range_paper\02_raw\WCVP\wcvp.zip::wcvp_distribution.csv,d32ea2b3a85e489b14e83bcc9eae7274532e1d113753f7be290d4b2dfde573fa,2529931,Confirmed-current-native Level-3 rows=9.,introduced=0 AND extinct=0 AND location_doubtful=0; accepted analysis-species ID only.
RNG-00645,NATIVE_RANGE_SUMMARY,,2540278,C:\range_paper\02_raw\WCVP\wcvp.zip::wcvp_distribution.csv,d32ea2b3a85e489b14e83bcc9eae7274532e1d113753f7be290d4b2dfde573fa,2540278,Confirmed-current-native Level-3 rows=17.,introduced=0 AND extinct=0 AND location_doubtful=0; accepted analysis-species ID only.
RNG-00646,NATIVE_RANGE_SUMMARY,,2541602,C:\range_paper\02_raw\WCVP\wcvp.zip::wcvp_distribution.csv,d32ea2b3a85e489b14e83bcc9eae7274532e1d113753f7be290d4b2dfde573fa,2541602,Confirmed-current-native Level-3 rows=12.,introduced=0 AND extinct=0 AND location_doubtful=0; accepted analysis-species ID only.
RNG-00647,NATIVE_RANGE_SUMMARY,,2542391,C:\range_paper\02_raw\WCVP\wcvp.zip::wcvp_distribution.csv,d32ea2b3a85e489b14e83bcc9eae7274532e1d113753f7be290d4b2dfde573fa,2542391,Confirmed-current-native Level-3 rows=5.,introduced=0 AND extinct=0 AND location_doubtful=0; accepted analysis-species ID only.
RNG-00648,NATIVE_RANGE_SUMMARY,,2551587,C:\range_paper\02_raw\WCVP\wcvp.zip::wcvp_distribution.csv,d32ea2b3a85e489b14e83bcc9eae7274532e1d113753f7be290d4b2dfde573fa,2551587,Confirmed-current-native Level-3 rows=14.,introduced=0 AND extinct=0 AND location_doubtful=0; accepted analysis-species ID only.
RNG-00649,NATIVE_RANGE_SUMMARY,,2570450,C:\range_paper\02_raw\WCVP\wcvp.zip::wcvp_distribution.csv,d32ea2b3a85e489b14e83bcc9eae7274532e1d113753f7be290d4b2dfde573fa,2570450,Confirmed-current-native Level-3 rows=4.,introduced=0 AND extinct=0 AND location_doubtful=0; accepted analysis-species ID only.
RNG-00650,NATIVE_RANGE_SUMMARY,,2570459,C:\range_paper\02_raw\WCVP\wcvp.zip::wcvp_distribution.csv,d32ea2b3a85e489b14e83bcc9eae7274532e1d113753f7be290d4b2dfde573fa,2570459,Confirmed-current-native Level-3 rows=36.,introduced=0 AND extinct=0 AND location_doubtful=0; accepted analysis-species ID only.
RNG-00651,NATIVE_RANGE_SUMMARY,,2570467,C:\range_paper\02_raw\WCVP\wcvp.zip::wcvp_distribution.csv,d32ea2b3a85e489b14e83bcc9eae7274532e1d113753f7be290d4b2dfde573fa,2570467,Confirmed-current-native Level-3 rows=2.,introduced=0 AND extinct=0 AND location_doubtful=0; accepted analysis-species ID only.
RNG-00652,NATIVE_RANGE_SUMMARY,,2582296,C:\range_paper\02_raw\WCVP\wcvp.zip::wcvp_distribution.csv,d32ea2b3a85e489b14e83bcc9eae7274532e1d113753f7be290d4b2dfde573fa,2582296,Confirmed-current-native Level-3 rows=13.,introduced=0 AND extinct=0 AND location_doubtful=0; accepted analysis-species ID only.
RNG-00653,NATIVE_RANGE_SUMMARY,,2591964,C:\range_paper\02_raw\WCVP\wcvp.zip::wcvp_distribution.csv,d32ea2b3a85e489b14e83bcc9eae7274532e1d113753f7be290d4b2dfde573fa,2591964,Confirmed-current-native Level-3 rows=34.,introduced=0 AND extinct=0 AND location_doubtful=0; accepted analysis-species ID only.
RNG-00654,NATIVE_RANGE_SUMMARY,,2596955,C:\range_paper\02_raw\WCVP\wcvp.zip::wcvp_distribution.csv,d32ea2b3a85e489b14e83bcc9eae7274532e1d113753f7be290d4b2dfde573fa,2596955,Confirmed-current-native Level-3 rows=8.,introduced=0 AND extinct=0 AND location_doubtful=0; accepted analysis-species ID only.
RNG-00655,NATIVE_RANGE_SUMMARY,,2598500,C:\range_paper\02_raw\WCVP\wcvp.zip::wcvp_distribution.csv,d32ea2b3a85e489b14e83bcc9eae7274532e1d113753f7be290d4b2dfde573fa,2598500,Confirmed-current-native Level-3 rows=4.,introduced=0 AND extinct=0 AND location_doubtful=0; accepted analysis-species ID only.
RNG-00656,NATIVE_RANGE_SUMMARY,,2601502,C:\range_paper\02_raw\WCVP\wcvp.zip::wcvp_distribution.csv,d32ea2b3a85e489b14e83bcc9eae7274532e1d113753f7be290d4b2dfde573fa,2601502,Confirmed-current-native Level-3 rows=8.,introduced=0 AND extinct=0 AND location_doubtful=0; accepted analysis-species ID only.
RNG-00657,NATIVE_RANGE_SUMMARY,,2615689,C:\range_paper\02_raw\WCVP\wcvp.zip::wcvp_distribution.csv,d32ea2b3a85e489b14e83bcc9eae7274532e1d113753f7be290d4b2dfde573fa,2615689,Confirmed-current-native Level-3 rows=12.,introduced=0 AND extinct=0 AND location_doubtful=0; accepted analysis-species ID only.
RNG-00658,NATIVE_RANGE_SUMMARY,,2615862,C:\range_paper\02_raw\WCVP\wcvp.zip::wcvp_distribution.csv,d32ea2b3a85e489b14e83bcc9eae7274532e1d113753f7be290d4b2dfde573fa,2615862,Confirmed-current-native Level-3 rows=11.,introduced=0 AND extinct=0 AND location_doubtful=0; accepted analysis-species ID only.
RNG-00659,NATIVE_RANGE_SUMMARY,,2615900,C:\range_paper\02_raw\WCVP\wcvp.zip::wcvp_distribution.csv,d32ea2b3a85e489b14e83bcc9eae7274532e1d113753f7be290d4b2dfde573fa,2615900,Confirmed-current-native Level-3 rows=4.,introduced=0 AND extinct=0 AND location_doubtful=0; accepted analysis-species ID only.
RNG-00660,NATIVE_RANGE_SUMMARY,,2616024,C:\range_paper\02_raw\WCVP\wcvp.zip::wcvp_distribution.csv,d32ea2b3a85e489b14e83bcc9eae7274532e1d113753f7be290d4b2dfde573fa,2616024,Confirmed-current-native Level-3 rows=68.,introduced=0 AND extinct=0 AND location_doubtful=0; accepted analysis-species ID only.
RNG-00661,NATIVE_RANGE_SUMMARY,,2616060,C:\range_paper\02_raw\WCVP\wcvp.zip::wcvp_distribution.csv,d32ea2b3a85e489b14e83bcc9eae7274532e1d113753f7be290d4b2dfde573fa,2616060,Confirmed-current-native Level-3 rows=28.,introduced=0 AND extinct=0 AND location_doubtful=0; accepted analysis-species ID only.
RNG-00662,NATIVE_RANGE_SUMMARY,,2616210,C:\range_paper\02_raw\WCVP\wcvp.zip::wcvp_distribution.csv,d32ea2b3a85e489b14e83bcc9eae7274532e1d113753f7be290d4b2dfde573fa,2616210,Confirmed-current-native Level-3 rows=26.,introduced=0 AND extinct=0 AND location_doubtful=0; accepted analysis-species ID only.
RNG-00663,NATIVE_RANGE_SUMMARY,,2616254,C:\range_paper\02_raw\WCVP\wcvp.zip::wcvp_distribution.csv,d32ea2b3a85e489b14e83bcc9eae7274532e1d113753f7be290d4b2dfde573fa,2616254,Confirmed-current-native Level-3 rows=35.,introduced=0 AND extinct=0 AND location_doubtful=0; accepted analysis-species ID only.
RNG-00664,NATIVE_RANGE_SUMMARY,,2616276,C:\range_paper\02_raw\WCVP\wcvp.zip::wcvp_distribution.csv,d32ea2b3a85e489b14e83bcc9eae7274532e1d113753f7be290d4b2dfde573fa,2616276,Confirmed-current-native Level-3 rows=21.,introduced=0 AND extinct=0 AND location_doubtful=0; accepted analysis-species ID only.
RNG-00665,NATIVE_RANGE_SUMMARY,,2616329,C:\range_paper\02_raw\WCVP\wcvp.zip::wcvp_distribution.csv,d32ea2b3a85e489b14e83bcc9eae7274532e1d113753f7be290d4b2dfde573fa,2616329,Confirmed-current-native Level-3 rows=43.,introduced=0 AND extinct=0 AND location_doubtful=0; accepted analysis-species ID only.
RNG-00666,NATIVE_RANGE_SUMMARY,,2616367,C:\range_paper\02_raw\WCVP\wcvp.zip::wcvp_distribution.csv,d32ea2b3a85e489b14e83bcc9eae7274532e1d113753f7be290d4b2dfde573fa,2616367,Confirmed-current-native Level-3 rows=42.,introduced=0 AND extinct=0 AND location_doubtful=0; accepted analysis-species ID only.
RNG-00667,NATIVE_RANGE_SUMMARY,,2616387,C:\range_paper\02_raw\WCVP\wcvp.zip::wcvp_distribution.csv,d32ea2b3a85e489b14e83bcc9eae7274532e1d113753f7be290d4b2dfde573fa,2616387,Confirmed-current-native Level-3 rows=42.,introduced=0 AND extinct=0 AND location_doubtful=0; accepted analysis-species ID only.
RNG-00668,NATIVE_RANGE_SUMMARY,,2616481,C:\range_paper\02_raw\WCVP\wcvp.zip::wcvp_distribution.csv,d32ea2b3a85e489b14e83bcc9eae7274532e1d113753f7be290d4b2dfde573fa,2616481,Confirmed-current-native Level-3 rows=32.,introduced=0 AND extinct=0 AND location_doubtful=0; accepted analysis-species ID only.
RNG-00669,NATIVE_RANGE_SUMMARY,,2616524,C:\range_paper\02_raw\WCVP\wcvp.zip::wcvp_distribution.csv,d32ea2b3a85e489b14e83bcc9eae7274532e1d113753f7be290d4b2dfde573fa,2616524,Confirmed-current-native Level-3 rows=35.,introduced=0 AND extinct=0 AND location_doubtful=0; accepted analysis-species ID only.
RNG-00670,NATIVE_RANGE_SUMMARY,,2624481,C:\range_paper\02_raw\WCVP\wcvp.zip::wcvp_distribution.csv,d32ea2b3a85e489b14e83bcc9eae7274532e1d113753f7be290d4b2dfde573fa,2624481,Confirmed-current-native Level-3 rows=1.,introduced=0 AND extinct=0 AND location_doubtful=0; accepted analysis-species ID only.
RNG-00671,NATIVE_RANGE_SUMMARY,,2624500,C:\range_paper\02_raw\WCVP\wcvp.zip::wcvp_distribution.csv,d32ea2b3a85e489b14e83bcc9eae7274532e1d113753f7be290d4b2dfde573fa,2624500,Confirmed-current-native Level-3 rows=13.,introduced=0 AND extinct=0 AND location_doubtful=0; accepted analysis-species ID only.
RNG-00672,NATIVE_RANGE_SUMMARY,,2624506,C:\range_paper\02_raw\WCVP\wcvp.zip::wcvp_distribution.csv,d32ea2b3a85e489b14e83bcc9eae7274532e1d113753f7be290d4b2dfde573fa,2624506,Confirmed-current-native Level-3 rows=25.,introduced=0 AND extinct=0 AND location_doubtful=0; accepted analysis-species ID only.
RNG-00673,NATIVE_RANGE_SUMMARY,,2626815,C:\range_paper\02_raw\WCVP\wcvp.zip::wcvp_distribution.csv,d32ea2b3a85e489b14e83bcc9eae7274532e1d113753f7be290d4b2dfde573fa,2626815,Confirmed-current-native Level-3 rows=8.,introduced=0 AND extinct=0 AND location_doubtful=0; accepted analysis-species ID only.
RNG-00674,NATIVE_RANGE_SUMMARY,,2627374,C:\range_paper\02_raw\WCVP\wcvp.zip::wcvp_distribution.csv,d32ea2b3a85e489b14e83bcc9eae7274532e1d113753f7be290d4b2dfde573fa,2627374,Confirmed-current-native Level-3 rows=16.,introduced=0 AND extinct=0 AND location_doubtful=0; accepted analysis-species ID only.
RNG-00675,NATIVE_RANGE_SUMMARY,,2640872,C:\range_paper\02_raw\WCVP\wcvp.zip::wcvp_distribution.csv,d32ea2b3a85e489b14e83bcc9eae7274532e1d113753f7be290d4b2dfde573fa,2640872,Confirmed-current-native Level-3 rows=49.,introduced=0 AND extinct=0 AND location_doubtful=0; accepted analysis-species ID only.
RNG-00676,NATIVE_RANGE_SUMMARY,,2646656,C:\range_paper\02_raw\WCVP\wcvp.zip::wcvp_distribution.csv,d32ea2b3a85e489b14e83bcc9eae7274532e1d113753f7be290d4b2dfde573fa,2646656,Confirmed-current-native Level-3 rows=6.,introduced=0 AND extinct=0 AND location_doubtful=0; accepted analysis-species ID only.
RNG-00677,NATIVE_RANGE_SUMMARY,,2646696,C:\range_paper\02_raw\WCVP\wcvp.zip::wcvp_distribution.csv,d32ea2b3a85e489b14e83bcc9eae7274532e1d113753f7be290d4b2dfde573fa,2646696,Confirmed-current-native Level-3 rows=5.,introduced=0 AND extinct=0 AND location_doubtful=0; accepted analysis-species ID only.
RNG-00678,NATIVE_RANGE_SUMMARY,,2655435,C:\range_paper\02_raw\WCVP\wcvp.zip::wcvp_distribution.csv,d32ea2b3a85e489b14e83bcc9eae7274532e1d113753f7be290d4b2dfde573fa,2655435,Confirmed-current-native Level-3 rows=30.,introduced=0 AND extinct=0 AND location_doubtful=0; accepted analysis-species ID only.
RNG-00679,NATIVE_RANGE_SUMMARY,,2683772,C:\range_paper\02_raw\WCVP\wcvp.zip::wcvp_distribution.csv,d32ea2b3a85e489b14e83bcc9eae7274532e1d113753f7be290d4b2dfde573fa,2683772,Confirmed-current-native Level-3 rows=15.,introduced=0 AND extinct=0 AND location_doubtful=0; accepted analysis-species ID only.
RNG-00680,NATIVE_RANGE_SUMMARY,,2687649,C:\range_paper\02_raw\WCVP\wcvp.zip::wcvp_distribution.csv,d32ea2b3a85e489b14e83bcc9eae7274532e1d113753f7be290d4b2dfde573fa,2687649,Confirmed-current-native Level-3 rows=34.,introduced=0 AND extinct=0 AND location_doubtful=0; accepted analysis-species ID only.
RNG-00681,NATIVE_RANGE_SUMMARY,,2695178,C:\range_paper\02_raw\WCVP\wcvp.zip::wcvp_distribution.csv,d32ea2b3a85e489b14e83bcc9eae7274532e1d113753f7be290d4b2dfde573fa,2695178,Confirmed-current-native Level-3 rows=4.,introduced=0 AND extinct=0 AND location_doubtful=0; accepted analysis-species ID only.
RNG-00682,NATIVE_RANGE_SUMMARY,,2701748,C:\range_paper\02_raw\WCVP\wcvp.zip::wcvp_distribution.csv,d32ea2b3a85e489b14e83bcc9eae7274532e1d113753f7be290d4b2dfde573fa,2701748,Confirmed-current-native Level-3 rows=15.,introduced=0 AND extinct=0 AND location_doubtful=0; accepted analysis-species ID only.
RNG-00683,NATIVE_RANGE_SUMMARY,,2701766,C:\range_paper\02_raw\WCVP\wcvp.zip::wcvp_distribution.csv,d32ea2b3a85e489b14e83bcc9eae7274532e1d113753f7be290d4b2dfde573fa,2701766,Confirmed-current-native Level-3 rows=38.,introduced=0 AND extinct=0 AND location_doubtful=0; accepted analysis-species ID only.
RNG-00684,NATIVE_RANGE_SUMMARY,,2701774,C:\range_paper\02_raw\WCVP\wcvp.zip::wcvp_distribution.csv,d32ea2b3a85e489b14e83bcc9eae7274532e1d113753f7be290d4b2dfde573fa,2701774,Confirmed-current-native Level-3 rows=1.,introduced=0 AND extinct=0 AND location_doubtful=0; accepted analysis-species ID only.
RNG-00685,NATIVE_RANGE_SUMMARY,,2701775,C:\range_paper\02_raw\WCVP\wcvp.zip::wcvp_distribution.csv,d32ea2b3a85e489b14e83bcc9eae7274532e1d113753f7be290d4b2dfde573fa,2701775,Confirmed-current-native Level-3 rows=33.,introduced=0 AND extinct=0 AND location_doubtful=0; accepted analysis-species ID only.
RNG-00686,NATIVE_RANGE_SUMMARY,,2701784,C:\range_paper\02_raw\WCVP\wcvp.zip::wcvp_distribution.csv,d32ea2b3a85e489b14e83bcc9eae7274532e1d113753f7be290d4b2dfde573fa,2701784,Confirmed-current-native Level-3 rows=16.,introduced=0 AND extinct=0 AND location_doubtful=0; accepted analysis-species ID only.
RNG-00687,NATIVE_RANGE_SUMMARY,,2701789,C:\range_paper\02_raw\WCVP\wcvp.zip::wcvp_distribution.csv,d32ea2b3a85e489b14e83bcc9eae7274532e1d113753f7be290d4b2dfde573fa,2701789,Confirmed-current-native Level-3 rows=24.,introduced=0 AND extinct=0 AND location_doubtful=0; accepted analysis-species ID only.
RNG-00688,NATIVE_RANGE_SUMMARY,,2701803,C:\range_paper\02_raw\WCVP\wcvp.zip::wcvp_distribution.csv,d32ea2b3a85e489b14e83bcc9eae7274532e1d113753f7be290d4b2dfde573fa,2701803,Confirmed-current-native Level-3 rows=9.,introduced=0 AND extinct=0 AND location_doubtful=0; accepted analysis-species ID only.
RNG-00689,NATIVE_RANGE_SUMMARY,,2701831,C:\range_paper\02_raw\WCVP\wcvp.zip::wcvp_distribution.csv,d32ea2b3a85e489b14e83bcc9eae7274532e1d113753f7be290d4b2dfde573fa,2701831,Confirmed-current-native Level-3 rows=41.,introduced=0 AND extinct=0 AND location_doubtful=0; accepted analysis-species ID only.
RNG-00690,NATIVE_RANGE_SUMMARY,,2701846,C:\range_paper\02_raw\WCVP\wcvp.zip::wcvp_distribution.csv,d32ea2b3a85e489b14e83bcc9eae7274532e1d113753f7be290d4b2dfde573fa,2701846,Confirmed-current-native Level-3 rows=17.,introduced=0 AND extinct=0 AND location_doubtful=0; accepted analysis-species ID only.
RNG-00691,NATIVE_RANGE_SUMMARY,,2701863,C:\range_paper\02_raw\WCVP\wcvp.zip::wcvp_distribution.csv,d32ea2b3a85e489b14e83bcc9eae7274532e1d113753f7be290d4b2dfde573fa,2701863,Confirmed-current-native Level-3 rows=9.,introduced=0 AND extinct=0 AND location_doubtful=0; accepted analysis-species ID only.
RNG-00692,NATIVE_RANGE_SUMMARY,,2701867,C:\range_paper\02_raw\WCVP\wcvp.zip::wcvp_distribution.csv,d32ea2b3a85e489b14e83bcc9eae7274532e1d113753f7be290d4b2dfde573fa,2701867,Confirmed-current-native Level-3 rows=29.,introduced=0 AND extinct=0 AND location_doubtful=0; accepted analysis-species ID only.
RNG-00693,NATIVE_RANGE_SUMMARY,,2708323,C:\range_paper\02_raw\WCVP\wcvp.zip::wcvp_distribution.csv,d32ea2b3a85e489b14e83bcc9eae7274532e1d113753f7be290d4b2dfde573fa,2708323,Confirmed-current-native Level-3 rows=25.,introduced=0 AND extinct=0 AND location_doubtful=0; accepted analysis-species ID only.
RNG-00694,NATIVE_RANGE_SUMMARY,,2708380,C:\range_paper\02_raw\WCVP\wcvp.zip::wcvp_distribution.csv,d32ea2b3a85e489b14e83bcc9eae7274532e1d113753f7be290d4b2dfde573fa,2708380,Confirmed-current-native Level-3 rows=42.,introduced=0 AND extinct=0 AND location_doubtful=0; accepted analysis-species ID only.
RNG-00695,NATIVE_RANGE_SUMMARY,,2708432,C:\range_paper\02_raw\WCVP\wcvp.zip::wcvp_distribution.csv,d32ea2b3a85e489b14e83bcc9eae7274532e1d113753f7be290d4b2dfde573fa,2708432,Confirmed-current-native Level-3 rows=17.,introduced=0 AND extinct=0 AND location_doubtful=0; accepted analysis-species ID only.
RNG-00696,NATIVE_RANGE_SUMMARY,,2711403,C:\range_paper\02_raw\WCVP\wcvp.zip::wcvp_distribution.csv,d32ea2b3a85e489b14e83bcc9eae7274532e1d113753f7be290d4b2dfde573fa,2711403,Confirmed-current-native Level-3 rows=35.,introduced=0 AND extinct=0 AND location_doubtful=0; accepted analysis-species ID only.
RNG-00697,NATIVE_RANGE_SUMMARY,,2724586,C:\range_paper\02_raw\WCVP\wcvp.zip::wcvp_distribution.csv,d32ea2b3a85e489b14e83bcc9eae7274532e1d113753f7be290d4b2dfde573fa,2724586,Confirmed-current-native Level-3 rows=13.,introduced=0 AND extinct=0 AND location_doubtful=0; accepted analysis-species ID only.
RNG-00698,NATIVE_RANGE_SUMMARY,,2729242,C:\range_paper\02_raw\WCVP\wcvp.zip::wcvp_distribution.csv,d32ea2b3a85e489b14e83bcc9eae7274532e1d113753f7be290d4b2dfde573fa,2729242,Confirmed-current-native Level-3 rows=21.,introduced=0 AND extinct=0 AND location_doubtful=0; accepted analysis-species ID only.
RNG-00699,NATIVE_RANGE_SUMMARY,,2733979,C:\range_paper\02_raw\WCVP\wcvp.zip::wcvp_distribution.csv,d32ea2b3a85e489b14e83bcc9eae7274532e1d113753f7be290d4b2dfde573fa,2733979,Confirmed-current-native Level-3 rows=3.,introduced=0 AND extinct=0 AND location_doubtful=0; accepted analysis-species ID only.
RNG-00700,NATIVE_RANGE_SUMMARY,,2734516,C:\range_paper\02_raw\WCVP\wcvp.zip::wcvp_distribution.csv,d32ea2b3a85e489b14e83bcc9eae7274532e1d113753f7be290d4b2dfde573fa,2734516,Confirmed-current-native Level-3 rows=62.,introduced=0 AND extinct=0 AND location_doubtful=0; accepted analysis-species ID only.
RNG-00701,NATIVE_RANGE_SUMMARY,,2736585,C:\range_paper\02_raw\WCVP\wcvp.zip::wcvp_distribution.csv,d32ea2b3a85e489b14e83bcc9eae7274532e1d113753f7be290d4b2dfde573fa,2736585,Confirmed-current-native Level-3 rows=3.,introduced=0 AND extinct=0 AND location_doubtful=0; accepted analysis-species ID only.
RNG-00702,NATIVE_RANGE_SUMMARY,,2740014,C:\range_paper\02_raw\WCVP\wcvp.zip::wcvp_distribution.csv,d32ea2b3a85e489b14e83bcc9eae7274532e1d113753f7be290d4b2dfde573fa,2740014,Confirmed-current-native Level-3 rows=7.,introduced=0 AND extinct=0 AND location_doubtful=0; accepted analysis-species ID only.
RNG-00703,NATIVE_RANGE_SUMMARY,,2780305,C:\range_paper\02_raw\WCVP\wcvp.zip::wcvp_distribution.csv,d32ea2b3a85e489b14e83bcc9eae7274532e1d113753f7be290d4b2dfde573fa,2780305,Confirmed-current-native Level-3 rows=6.,introduced=0 AND extinct=0 AND location_doubtful=0; accepted analysis-species ID only.
RNG-00704,NATIVE_RANGE_SUMMARY,,2784654,C:\range_paper\02_raw\WCVP\wcvp.zip::wcvp_distribution.csv,d32ea2b3a85e489b14e83bcc9eae7274532e1d113753f7be290d4b2dfde573fa,2784654,Confirmed-current-native Level-3 rows=4.,introduced=0 AND extinct=0 AND location_doubtful=0; accepted analysis-species ID only.
RNG-00705,NATIVE_RANGE_SUMMARY,,2784980,C:\range_paper\02_raw\WCVP\wcvp.zip::wcvp_distribution.csv,d32ea2b3a85e489b14e83bcc9eae7274532e1d113753f7be290d4b2dfde573fa,2784980,Confirmed-current-native Level-3 rows=30.,introduced=0 AND extinct=0 AND location_doubtful=0; accepted analysis-species ID only.
RNG-00706,NATIVE_RANGE_SUMMARY,,2809576,C:\range_paper\02_raw\WCVP\wcvp.zip::wcvp_distribution.csv,d32ea2b3a85e489b14e83bcc9eae7274532e1d113753f7be290d4b2dfde573fa,2809576,Confirmed-current-native Level-3 rows=20.,introduced=0 AND extinct=0 AND location_doubtful=0; accepted analysis-species ID only.
RNG-00707,NATIVE_RANGE_SUMMARY,,2809827,C:\range_paper\02_raw\WCVP\wcvp.zip::wcvp_distribution.csv,d32ea2b3a85e489b14e83bcc9eae7274532e1d113753f7be290d4b2dfde573fa,2809827,Confirmed-current-native Level-3 rows=15.,introduced=0 AND extinct=0 AND location_doubtful=0; accepted analysis-species ID only.
RNG-00708,NATIVE_RANGE_SUMMARY,,2813006,C:\range_paper\02_raw\WCVP\wcvp.zip::wcvp_distribution.csv,d32ea2b3a85e489b14e83bcc9eae7274532e1d113753f7be290d4b2dfde573fa,2813006,Confirmed-current-native Level-3 rows=9.,introduced=0 AND extinct=0 AND location_doubtful=0; accepted analysis-species ID only.
RNG-00709,NATIVE_RANGE_SUMMARY,,2826455,C:\range_paper\02_raw\WCVP\wcvp.zip::wcvp_distribution.csv,d32ea2b3a85e489b14e83bcc9eae7274532e1d113753f7be290d4b2dfde573fa,2826455,Confirmed-current-native Level-3 rows=16.,introduced=0 AND extinct=0 AND location_doubtful=0; accepted analysis-species ID only.
RNG-00710,NATIVE_RANGE_SUMMARY,,2826513,C:\range_paper\02_raw\WCVP\wcvp.zip::wcvp_distribution.csv,d32ea2b3a85e489b14e83bcc9eae7274532e1d113753f7be290d4b2dfde573fa,2826513,Confirmed-current-native Level-3 rows=43.,introduced=0 AND extinct=0 AND location_doubtful=0; accepted analysis-species ID only.
RNG-00711,NATIVE_RANGE_SUMMARY,,2830846,C:\range_paper\02_raw\WCVP\wcvp.zip::wcvp_distribution.csv,d32ea2b3a85e489b14e83bcc9eae7274532e1d113753f7be290d4b2dfde573fa,2830846,Confirmed-current-native Level-3 rows=6.,introduced=0 AND extinct=0 AND location_doubtful=0; accepted analysis-species ID only.
RNG-00712,NATIVE_RANGE_SUMMARY,,2835921,C:\range_paper\02_raw\WCVP\wcvp.zip::wcvp_distribution.csv,d32ea2b3a85e489b14e83bcc9eae7274532e1d113753f7be290d4b2dfde573fa,2835921,Confirmed-current-native Level-3 rows=25.,introduced=0 AND extinct=0 AND location_doubtful=0; accepted analysis-species ID only.
RNG-00713,NATIVE_RANGE_SUMMARY,,2838104,C:\range_paper\02_raw\WCVP\wcvp.zip::wcvp_distribution.csv,d32ea2b3a85e489b14e83bcc9eae7274532e1d113753f7be290d4b2dfde573fa,2838104,Confirmed-current-native Level-3 rows=15.,introduced=0 AND extinct=0 AND location_doubtful=0; accepted analysis-species ID only.
RNG-00714,NATIVE_RANGE_SUMMARY,,2838115,C:\range_paper\02_raw\WCVP\wcvp.zip::wcvp_distribution.csv,d32ea2b3a85e489b14e83bcc9eae7274532e1d113753f7be290d4b2dfde573fa,2838115,Confirmed-current-native Level-3 rows=8.,introduced=0 AND extinct=0 AND location_doubtful=0; accepted analysis-species ID only.
RNG-00715,NATIVE_RANGE_SUMMARY,,2860379,C:\range_paper\02_raw\WCVP\wcvp.zip::wcvp_distribution.csv,d32ea2b3a85e489b14e83bcc9eae7274532e1d113753f7be290d4b2dfde573fa,2860379,Confirmed-current-native Level-3 rows=25.,introduced=0 AND extinct=0 AND location_doubtful=0; accepted analysis-species ID only.
RNG-00716,NATIVE_RANGE_SUMMARY,,2860502,C:\range_paper\02_raw\WCVP\wcvp.zip::wcvp_distribution.csv,d32ea2b3a85e489b14e83bcc9eae7274532e1d113753f7be290d4b2dfde573fa,2860502,Confirmed-current-native Level-3 rows=15.,introduced=0 AND extinct=0 AND location_doubtful=0; accepted analysis-species ID only.
RNG-00717,NATIVE_RANGE_SUMMARY,,2861190,C:\range_paper\02_raw\WCVP\wcvp.zip::wcvp_distribution.csv,d32ea2b3a85e489b14e83bcc9eae7274532e1d113753f7be290d4b2dfde573fa,2861190,Confirmed-current-native Level-3 rows=27.,introduced=0 AND extinct=0 AND location_doubtful=0; accepted analysis-species ID only.
RNG-00718,NATIVE_RANGE_SUMMARY,,2861645,C:\range_paper\02_raw\WCVP\wcvp.zip::wcvp_distribution.csv,d32ea2b3a85e489b14e83bcc9eae7274532e1d113753f7be290d4b2dfde573fa,2861645,Confirmed-current-native Level-3 rows=13.,introduced=0 AND extinct=0 AND location_doubtful=0; accepted analysis-species ID only.
RNG-00719,NATIVE_RANGE_SUMMARY,,2901279,C:\range_paper\02_raw\WCVP\wcvp.zip::wcvp_distribution.csv,d32ea2b3a85e489b14e83bcc9eae7274532e1d113753f7be290d4b2dfde573fa,2901279,Confirmed-current-native Level-3 rows=1.,introduced=0 AND extinct=0 AND location_doubtful=0; accepted analysis-species ID only.
RNG-00720,NATIVE_RANGE_SUMMARY,,2915966,C:\range_paper\02_raw\WCVP\wcvp.zip::wcvp_distribution.csv,d32ea2b3a85e489b14e83bcc9eae7274532e1d113753f7be290d4b2dfde573fa,2915966,Confirmed-current-native Level-3 rows=56.,introduced=0 AND extinct=0 AND location_doubtful=0; accepted analysis-species ID only.
RNG-00721,NATIVE_RANGE_SUMMARY,,2917143,C:\range_paper\02_raw\WCVP\wcvp.zip::wcvp_distribution.csv,d32ea2b3a85e489b14e83bcc9eae7274532e1d113753f7be290d4b2dfde573fa,2917143,Confirmed-current-native Level-3 rows=37.,introduced=0 AND extinct=0 AND location_doubtful=0; accepted analysis-species ID only.
RNG-00722,NATIVE_RANGE_SUMMARY,,2917212,C:\range_paper\02_raw\WCVP\wcvp.zip::wcvp_distribution.csv,d32ea2b3a85e489b14e83bcc9eae7274532e1d113753f7be290d4b2dfde573fa,2917212,Confirmed-current-native Level-3 rows=54.,introduced=0 AND extinct=0 AND location_doubtful=0; accepted analysis-species ID only.
RNG-00723,NATIVE_RANGE_SUMMARY,,2917269,C:\range_paper\02_raw\WCVP\wcvp.zip::wcvp_distribution.csv,d32ea2b3a85e489b14e83bcc9eae7274532e1d113753f7be290d4b2dfde573fa,2917269,Confirmed-current-native Level-3 rows=12.,introduced=0 AND extinct=0 AND location_doubtful=0; accepted analysis-species ID only.
RNG-00724,NATIVE_RANGE_SUMMARY,,2917292,C:\range_paper\02_raw\WCVP\wcvp.zip::wcvp_distribution.csv,d32ea2b3a85e489b14e83bcc9eae7274532e1d113753f7be290d4b2dfde573fa,2917292,Confirmed-current-native Level-3 rows=38.,introduced=0 AND extinct=0 AND location_doubtful=0; accepted analysis-species ID only.
RNG-00725,NATIVE_RANGE_SUMMARY,,2917437,C:\range_paper\02_raw\WCVP\wcvp.zip::wcvp_distribution.csv,d32ea2b3a85e489b14e83bcc9eae7274532e1d113753f7be290d4b2dfde573fa,2917437,Confirmed-current-native Level-3 rows=12.,introduced=0 AND extinct=0 AND location_doubtful=0; accepted analysis-species ID only.
RNG-00726,NATIVE_RANGE_SUMMARY,,2917451,C:\range_paper\02_raw\WCVP\wcvp.zip::wcvp_distribution.csv,d32ea2b3a85e489b14e83bcc9eae7274532e1d113753f7be290d4b2dfde573fa,2917451,Confirmed-current-native Level-3 rows=57.,introduced=0 AND extinct=0 AND location_doubtful=0; accepted analysis-species ID only.
RNG-00727,NATIVE_RANGE_SUMMARY,,2917497,C:\range_paper\02_raw\WCVP\wcvp.zip::wcvp_distribution.csv,d32ea2b3a85e489b14e83bcc9eae7274532e1d113753f7be290d4b2dfde573fa,2917497,Confirmed-current-native Level-3 rows=42.,introduced=0 AND extinct=0 AND location_doubtful=0; accepted analysis-species ID only.
RNG-00728,NATIVE_RANGE_SUMMARY,,2917577,C:\range_paper\02_raw\WCVP\wcvp.zip::wcvp_distribution.csv,d32ea2b3a85e489b14e83bcc9eae7274532e1d113753f7be290d4b2dfde573fa,2917577,Confirmed-current-native Level-3 rows=31.,introduced=0 AND extinct=0 AND location_doubtful=0; accepted analysis-species ID only.
RNG-00729,NATIVE_RANGE_SUMMARY,,2917735,C:\range_paper\02_raw\WCVP\wcvp.zip::wcvp_distribution.csv,d32ea2b3a85e489b14e83bcc9eae7274532e1d113753f7be290d4b2dfde573fa,2917735,Confirmed-current-native Level-3 rows=43.,introduced=0 AND extinct=0 AND location_doubtful=0; accepted analysis-species ID only.
RNG-00730,NATIVE_RANGE_SUMMARY,,2918617,C:\range_paper\02_raw\WCVP\wcvp.zip::wcvp_distribution.csv,d32ea2b3a85e489b14e83bcc9eae7274532e1d113753f7be290d4b2dfde573fa,2918617,Confirmed-current-native Level-3 rows=34.,introduced=0 AND extinct=0 AND location_doubtful=0; accepted analysis-species ID only.
RNG-00731,NATIVE_RANGE_SUMMARY,,2918804,C:\range_paper\02_raw\WCVP\wcvp.zip::wcvp_distribution.csv,d32ea2b3a85e489b14e83bcc9eae7274532e1d113753f7be290d4b2dfde573fa,2918804,Confirmed-current-native Level-3 rows=51.,introduced=0 AND extinct=0 AND location_doubtful=0; accepted analysis-species ID only.
RNG-00732,NATIVE_RANGE_SUMMARY,,2919167,C:\range_paper\02_raw\WCVP\wcvp.zip::wcvp_distribution.csv,d32ea2b3a85e489b14e83bcc9eae7274532e1d113753f7be290d4b2dfde573fa,2919167,Confirmed-current-native Level-3 rows=24.,introduced=0 AND extinct=0 AND location_doubtful=0; accepted analysis-species ID only.
RNG-00733,NATIVE_RANGE_SUMMARY,,2919837,C:\range_paper\02_raw\WCVP\wcvp.zip::wcvp_distribution.csv,d32ea2b3a85e489b14e83bcc9eae7274532e1d113753f7be290d4b2dfde573fa,2919837,Confirmed-current-native Level-3 rows=43.,introduced=0 AND extinct=0 AND location_doubtful=0; accepted analysis-species ID only.
RNG-00734,NATIVE_RANGE_SUMMARY,,2921945,C:\range_paper\02_raw\WCVP\wcvp.zip::wcvp_distribution.csv,d32ea2b3a85e489b14e83bcc9eae7274532e1d113753f7be290d4b2dfde573fa,2921945,Confirmed-current-native Level-3 rows=15.,introduced=0 AND extinct=0 AND location_doubtful=0; accepted analysis-species ID only.
RNG-00735,NATIVE_RANGE_SUMMARY,,2940130,C:\range_paper\02_raw\WCVP\wcvp.zip::wcvp_distribution.csv,d32ea2b3a85e489b14e83bcc9eae7274532e1d113753f7be290d4b2dfde573fa,2940130,Confirmed-current-native Level-3 rows=40.,introduced=0 AND extinct=0 AND location_doubtful=0; accepted analysis-species ID only.
RNG-00736,NATIVE_RANGE_SUMMARY,,2940246,C:\range_paper\02_raw\WCVP\wcvp.zip::wcvp_distribution.csv,d32ea2b3a85e489b14e83bcc9eae7274532e1d113753f7be290d4b2dfde573fa,2940246,Confirmed-current-native Level-3 rows=32.,introduced=0 AND extinct=0 AND location_doubtful=0; accepted analysis-species ID only.
RNG-00737,NATIVE_RANGE_SUMMARY,,2943367,C:\range_paper\02_raw\WCVP\wcvp.zip::wcvp_distribution.csv,d32ea2b3a85e489b14e83bcc9eae7274532e1d113753f7be290d4b2dfde573fa,2943367,Confirmed-current-native Level-3 rows=11.,introduced=0 AND extinct=0 AND location_doubtful=0; accepted analysis-species ID only.
RNG-00738,NATIVE_RANGE_SUMMARY,,2945308,C:\range_paper\02_raw\WCVP\wcvp.zip::wcvp_distribution.csv,d32ea2b3a85e489b14e83bcc9eae7274532e1d113753f7be290d4b2dfde573fa,2945308,Confirmed-current-native Level-3 rows=35.,introduced=0 AND extinct=0 AND location_doubtful=0; accepted analysis-species ID only.
RNG-00739,NATIVE_RANGE_SUMMARY,,2946180,C:\range_paper\02_raw\WCVP\wcvp.zip::wcvp_distribution.csv,d32ea2b3a85e489b14e83bcc9eae7274532e1d113753f7be290d4b2dfde573fa,2946180,Confirmed-current-native Level-3 rows=21.,introduced=0 AND extinct=0 AND location_doubtful=0; accepted analysis-species ID only.
RNG-00740,NATIVE_RANGE_SUMMARY,,2950397,C:\range_paper\02_raw\WCVP\wcvp.zip::wcvp_distribution.csv,d32ea2b3a85e489b14e83bcc9eae7274532e1d113753f7be290d4b2dfde573fa,2950397,Confirmed-current-native Level-3 rows=20.,introduced=0 AND extinct=0 AND location_doubtful=0; accepted analysis-species ID only.
RNG-00741,NATIVE_RANGE_SUMMARY,,2950548,C:\range_paper\02_raw\WCVP\wcvp.zip::wcvp_distribution.csv,d32ea2b3a85e489b14e83bcc9eae7274532e1d113753f7be290d4b2dfde573fa,2950548,Confirmed-current-native Level-3 rows=24.,introduced=0 AND extinct=0 AND location_doubtful=0; accepted analysis-species ID only.
RNG-00742,NATIVE_RANGE_SUMMARY,,2950597,C:\range_paper\02_raw\WCVP\wcvp.zip::wcvp_distribution.csv,d32ea2b3a85e489b14e83bcc9eae7274532e1d113753f7be290d4b2dfde573fa,2950597,Confirmed-current-native Level-3 rows=8.,introduced=0 AND extinct=0 AND location_doubtful=0; accepted analysis-species ID only.
RNG-00743,NATIVE_RANGE_SUMMARY,,2950658,C:\range_paper\02_raw\WCVP\wcvp.zip::wcvp_distribution.csv,d32ea2b3a85e489b14e83bcc9eae7274532e1d113753f7be290d4b2dfde573fa,2950658,Confirmed-current-native Level-3 rows=5.,introduced=0 AND extinct=0 AND location_doubtful=0; accepted analysis-species ID only.
RNG-00744,NATIVE_RANGE_SUMMARY,,2958765,C:\range_paper\02_raw\WCVP\wcvp.zip::wcvp_distribution.csv,d32ea2b3a85e489b14e83bcc9eae7274532e1d113753f7be290d4b2dfde573fa,2958765,Confirmed-current-native Level-3 rows=49.,introduced=0 AND extinct=0 AND location_doubtful=0; accepted analysis-species ID only.
RNG-00745,NATIVE_RANGE_SUMMARY,,2959079,C:\range_paper\02_raw\WCVP\wcvp.zip::wcvp_distribution.csv,d32ea2b3a85e489b14e83bcc9eae7274532e1d113753f7be290d4b2dfde573fa,2959079,Confirmed-current-native Level-3 rows=9.,introduced=0 AND extinct=0 AND location_doubtful=0; accepted analysis-species ID only.
RNG-00746,NATIVE_RANGE_SUMMARY,,2959531,C:\range_paper\02_raw\WCVP\wcvp.zip::wcvp_distribution.csv,d32ea2b3a85e489b14e83bcc9eae7274532e1d113753f7be290d4b2dfde573fa,2959531,Confirmed-current-native Level-3 rows=2.,introduced=0 AND extinct=0 AND location_doubtful=0; accepted analysis-species ID only.
RNG-00747,NATIVE_RANGE_SUMMARY,,2959716,C:\range_paper\02_raw\WCVP\wcvp.zip::wcvp_distribution.csv,d32ea2b3a85e489b14e83bcc9eae7274532e1d113753f7be290d4b2dfde573fa,2959716,Confirmed-current-native Level-3 rows=11.,introduced=0 AND extinct=0 AND location_doubtful=0; accepted analysis-species ID only.
RNG-00748,NATIVE_RANGE_SUMMARY,,2960451,C:\range_paper\02_raw\WCVP\wcvp.zip::wcvp_distribution.csv,d32ea2b3a85e489b14e83bcc9eae7274532e1d113753f7be290d4b2dfde573fa,2960451,Confirmed-current-native Level-3 rows=11.,introduced=0 AND extinct=0 AND location_doubtful=0; accepted analysis-species ID only.
RNG-00749,NATIVE_RANGE_SUMMARY,,2960673,C:\range_paper\02_raw\WCVP\wcvp.zip::wcvp_distribution.csv,d32ea2b3a85e489b14e83bcc9eae7274532e1d113753f7be290d4b2dfde573fa,2960673,Confirmed-current-native Level-3 rows=14.,introduced=0 AND extinct=0 AND location_doubtful=0; accepted analysis-species ID only.
RNG-00750,NATIVE_RANGE_SUMMARY,,2961130,C:\range_paper\02_raw\WCVP\wcvp.zip::wcvp_distribution.csv,d32ea2b3a85e489b14e83bcc9eae7274532e1d113753f7be290d4b2dfde573fa,2961130,Confirmed-current-native Level-3 rows=39.,introduced=0 AND extinct=0 AND location_doubtful=0; accepted analysis-species ID only.
RNG-00751,NATIVE_RANGE_SUMMARY,,2961630,C:\range_paper\02_raw\WCVP\wcvp.zip::wcvp_distribution.csv,d32ea2b3a85e489b14e83bcc9eae7274532e1d113753f7be290d4b2dfde573fa,2961630,Confirmed-current-native Level-3 rows=4.,introduced=0 AND extinct=0 AND location_doubtful=0; accepted analysis-species ID only.
RNG-00752,NATIVE_RANGE_SUMMARY,,2962364,C:\range_paper\02_raw\WCVP\wcvp.zip::wcvp_distribution.csv,d32ea2b3a85e489b14e83bcc9eae7274532e1d113753f7be290d4b2dfde573fa,2962364,Confirmed-current-native Level-3 rows=55.,introduced=0 AND extinct=0 AND location_doubtful=0; accepted analysis-species ID only.
RNG-00753,NATIVE_RANGE_SUMMARY,,2963049,C:\range_paper\02_raw\WCVP\wcvp.zip::wcvp_distribution.csv,d32ea2b3a85e489b14e83bcc9eae7274532e1d113753f7be290d4b2dfde573fa,2963049,Confirmed-current-native Level-3 rows=7.,introduced=0 AND extinct=0 AND location_doubtful=0; accepted analysis-species ID only.
RNG-00754,NATIVE_RANGE_SUMMARY,,2963115,C:\range_paper\02_raw\WCVP\wcvp.zip::wcvp_distribution.csv,d32ea2b3a85e489b14e83bcc9eae7274532e1d113753f7be290d4b2dfde573fa,2963115,Confirmed-current-native Level-3 rows=33.,introduced=0 AND extinct=0 AND location_doubtful=0; accepted analysis-species ID only.
RNG-00755,NATIVE_RANGE_SUMMARY,,2991391,C:\range_paper\02_raw\WCVP\wcvp.zip::wcvp_distribution.csv,d32ea2b3a85e489b14e83bcc9eae7274532e1d113753f7be290d4b2dfde573fa,2991391,Confirmed-current-native Level-3 rows=26.,introduced=0 AND extinct=0 AND location_doubtful=0; accepted analysis-species ID only.
RNG-00756,NATIVE_RANGE_SUMMARY,,2991806,C:\range_paper\02_raw\WCVP\wcvp.zip::wcvp_distribution.csv,d32ea2b3a85e489b14e83bcc9eae7274532e1d113753f7be290d4b2dfde573fa,2991806,Confirmed-current-native Level-3 rows=25.,introduced=0 AND extinct=0 AND location_doubtful=0; accepted analysis-species ID only.
RNG-00757,NATIVE_RANGE_SUMMARY,,3317681,C:\range_paper\02_raw\WCVP\wcvp.zip::wcvp_distribution.csv,d32ea2b3a85e489b14e83bcc9eae7274532e1d113753f7be290d4b2dfde573fa,3317681,Confirmed-current-native Level-3 rows=4.,introduced=0 AND extinct=0 AND location_doubtful=0; accepted analysis-species ID only.
USG-00758,USGS_NAME_LAYER_MAPPING,,6544,C:\range_paper\03_doc\USGS\D08A_USGS_Atlas_G_Table1_20260902.html,fdca3c163d856aeea7b15ec5f80e18750701a880ee8f9f4c1bd5cc076f26292b,ATLASG-0042,SINGLE_SPECIES_LAYER: layer=Alnus_oblongifolia,Official Table 1 bridge plus exact WCVP accepted/parent relations; no layer union.
USG-00759,USGS_NAME_LAYER_MAPPING,,6578,C:\range_paper\03_doc\USGS\D08A_USGS_Atlas_G_Table1_20260902.html,fdca3c163d856aeea7b15ec5f80e18750701a880ee8f9f4c1bd5cc076f26292b,ATLASG-0043,SINGLE_SPECIES_LAYER: layer=Alnus_rhombifolia,Official Table 1 bridge plus exact WCVP accepted/parent relations; no layer union.
USG-00760,USGS_NAME_LAYER_MAPPING,,6584,C:\range_paper\03_doc\USGS\D08A_USGS_Atlas_G_Table1_20260902.html,fdca3c163d856aeea7b15ec5f80e18750701a880ee8f9f4c1bd5cc076f26292b,ATLASG-0044,SINGLE_SPECIES_LAYER: layer=Alnus_rubra,Official Table 1 bridge plus exact WCVP accepted/parent relations; no layer union.
USG-00761,USGS_NAME_LAYER_MAPPING,,18443,C:\range_paper\03_doc\USGS\D08A_USGS_Atlas_G_Table1_20260902.html,fdca3c163d856aeea7b15ec5f80e18750701a880ee8f9f4c1bd5cc076f26292b,ATLASG-0078,SINGLE_SPECIES_LAYER: layer=Avicennia_germinans,Official Table 1 bridge plus exact WCVP accepted/parent relations; no layer union.
USG-00762,USGS_NAME_LAYER_MAPPING,,21135,C:\range_paper\03_doc\USGS\D08A_USGS_Atlas_G_Table1_20260902.html,fdca3c163d856aeea7b15ec5f80e18750701a880ee8f9f4c1bd5cc076f26292b,ATLASG-0085,SINGLE_SPECIES_LAYER: layer=Betula_alleghaniensis,Official Table 1 bridge plus exact WCVP accepted/parent relations; no layer union.
USG-00763,USGS_NAME_LAYER_MAPPING,,21527,C:\range_paper\03_doc\USGS\D08A_USGS_Atlas_G_Table1_20260902.html,fdca3c163d856aeea7b15ec5f80e18750701a880ee8f9f4c1bd5cc076f26292b,ATLASG-0088,SINGLE_SPECIES_LAYER: layer=Betula_nigra,Official Table 1 bridge plus exact WCVP accepted/parent relations; no layer union.
USG-00764,USGS_NAME_LAYER_MAPPING,,21535,C:\range_paper\03_doc\USGS\D08A_USGS_Atlas_G_Table1_20260902.html,fdca3c163d856aeea7b15ec5f80e18750701a880ee8f9f4c1bd5cc076f26292b,ATLASG-0089,SINGLE_SPECIES_LAYER: layer=Betula_occidentalis,Official Table 1 bridge plus exact WCVP accepted/parent relations; no layer union.
USG-00765,USGS_NAME_LAYER_MAPPING,,21557,C:\range_paper\03_doc\USGS\D08A_USGS_Atlas_G_Table1_20260902.html,fdca3c163d856aeea7b15ec5f80e18750701a880ee8f9f4c1bd5cc076f26292b,ATLASG-0090,SINGLE_SPECIES_LAYER: layer=Betula_papyrifera,Official Table 1 bridge plus exact WCVP accepted/parent relations; no layer union.
USG-00766,USGS_NAME_LAYER_MAPPING,,21620,C:\range_paper\03_doc\USGS\D08A_USGS_Atlas_G_Table1_20260902.html,fdca3c163d856aeea7b15ec5f80e18750701a880ee8f9f4c1bd5cc076f26292b,ATLASG-0091,SINGLE_SPECIES_LAYER: layer=Betula_populifolia,Official Table 1 bridge plus exact WCVP accepted/parent relations; no layer union.
USG-00767,USGS_NAME_LAYER_MAPPING,,34302,C:\range_paper\03_doc\USGS\D08A_USGS_Atlas_G_Table1_20260902.html,fdca3c163d856aeea7b15ec5f80e18750701a880ee8f9f4c1bd5cc076f26292b,ATLASG-0108,SINGLE_SPECIES_LAYER: layer=Carpinus_caroliniana,Official Table 1 bridge plus exact WCVP accepted/parent relations; no layer union.
USG-00768,USGS_NAME_LAYER_MAPPING,,34965,C:\range_paper\03_doc\USGS\D08A_USGS_Atlas_G_Table1_20260902.html,fdca3c163d856aeea7b15ec5f80e18750701a880ee8f9f4c1bd5cc076f26292b,ATLASG-0121,SINGLE_SPECIES_LAYER: layer=Castanea_dentata,Official Table 1 bridge plus exact WCVP accepted/parent relations; no layer union.
USG-00769,USGS_NAME_LAYER_MAPPING,,35021,C:\range_paper\03_doc\USGS\D08A_USGS_Atlas_G_Table1_20260902.html,fdca3c163d856aeea7b15ec5f80e18750701a880ee8f9f4c1bd5cc076f26292b,ATLASG-0122,SINGLE_SPECIES_LAYER: layer=Castanea_ozarkensis,Official Table 1 bridge plus exact WCVP accepted/parent relations; no layer union.
USG-00770,USGS_NAME_LAYER_MAPPING,,35028,C:\range_paper\03_doc\USGS\D08A_USGS_Atlas_G_Table1_20260902.html,fdca3c163d856aeea7b15ec5f80e18750701a880ee8f9f4c1bd5cc076f26292b,ATLASG-0120,MULTIPLE_OTHER_LAYERS: layer=Castanea_alnifolia,Official Table 1 bridge plus exact WCVP accepted/parent relations; no layer union.
USG-00771,USGS_NAME_LAYER_MAPPING,,35028,C:\range_paper\03_doc\USGS\D08A_USGS_Atlas_G_Table1_20260902.html,fdca3c163d856aeea7b15ec5f80e18750701a880ee8f9f4c1bd5cc076f26292b,ATLASG-0123,MULTIPLE_OTHER_LAYERS: layer=Castanea_pumila,Official Table 1 bridge plus exact WCVP accepted/parent relations; no layer union.
USG-00772,USGS_NAME_LAYER_MAPPING,,39927,C:\range_paper\03_doc\USGS\D08A_USGS_Atlas_G_Table1_20260902.html,fdca3c163d856aeea7b15ec5f80e18750701a880ee8f9f4c1bd5cc076f26292b,ATLASG-0124,SINGLE_OFFICIAL_ALIAS_LAYER: layer=Castanopsis_chrysophylla,Official Table 1 bridge plus exact WCVP accepted/parent relations; no layer union.
USG-00773,USGS_NAME_LAYER_MAPPING,,47363,C:\range_paper\03_doc\USGS\D08A_USGS_Atlas_G_Table1_20260902.html,fdca3c163d856aeea7b15ec5f80e18750701a880ee8f9f4c1bd5cc076f26292b,ATLASG-0181,SINGLE_SPECIES_LAYER: layer=Cornus_florida,Official Table 1 bridge plus exact WCVP accepted/parent relations; no layer union.
USG-00774,USGS_NAME_LAYER_MAPPING,,47451,C:\range_paper\03_doc\USGS\D08A_USGS_Atlas_G_Table1_20260902.html,fdca3c163d856aeea7b15ec5f80e18750701a880ee8f9f4c1bd5cc076f26292b,ATLASG-0183,SINGLE_SPECIES_LAYER: layer=Cornus_nuttallii,Official Table 1 bridge plus exact WCVP accepted/parent relations; no layer union.
USG-00775,USGS_NAME_LAYER_MAPPING,,83824,C:\range_paper\03_doc\USGS\D08A_USGS_Atlas_G_Table1_20260902.html,fdca3c163d856aeea7b15ec5f80e18750701a880ee8f9f4c1bd5cc076f26292b,ATLASG-0240,SINGLE_SPECIES_LAYER: layer=Fagus_grandifolia,Official Table 1 bridge plus exact WCVP accepted/parent relations; no layer union.
USG-00776,USGS_NAME_LAYER_MAPPING,,113859,C:\range_paper\03_doc\USGS\D08A_USGS_Atlas_G_Table1_20260902.html,fdca3c163d856aeea7b15ec5f80e18750701a880ee8f9f4c1bd5cc076f26292b,ATLASG-0342,SINGLE_SPECIES_LAYER: layer=Liriodendron_tulipifera,Official Table 1 bridge plus exact WCVP accepted/parent relations; no layer union.
USG-00777,USGS_NAME_LAYER_MAPPING,,117423,C:\range_paper\03_doc\USGS\D08A_USGS_Atlas_G_Table1_20260902.html,fdca3c163d856aeea7b15ec5f80e18750701a880ee8f9f4c1bd5cc076f26292b,ATLASG-0354,SINGLE_SPECIES_LAYER: layer=Magnolia_acuminata,Official Table 1 bridge plus exact WCVP accepted/parent relations; no layer union.
USG-00778,USGS_NAME_LAYER_MAPPING,,117583,C:\range_paper\03_doc\USGS\D08A_USGS_Atlas_G_Table1_20260902.html,fdca3c163d856aeea7b15ec5f80e18750701a880ee8f9f4c1bd5cc076f26292b,ATLASG-0356,MULTIPLE_OTHER_LAYERS: layer=Magnolia_fraseri,Official Table 1 bridge plus exact WCVP accepted/parent relations; no layer union.
USG-00779,USGS_NAME_LAYER_MAPPING,,117583,C:\range_paper\03_doc\USGS\D08A_USGS_Atlas_G_Table1_20260902.html,fdca3c163d856aeea7b15ec5f80e18750701a880ee8f9f4c1bd5cc076f26292b,ATLASG-0359,MULTIPLE_OTHER_LAYERS: layer=Magnolia_pyramidata,Official Table 1 bridge plus exact WCVP accepted/parent relations; no layer union.
USG-00780,USGS_NAME_LAYER_MAPPING,,117615,C:\range_paper\03_doc\USGS\D08A_USGS_Atlas_G_Table1_20260902.html,fdca3c163d856aeea7b15ec5f80e18750701a880ee8f9f4c1bd5cc076f26292b,ATLASG-0357,SINGLE_SPECIES_LAYER: layer=Magnolia_grandiflora,Official Table 1 bridge plus exact WCVP accepted/parent relations; no layer union.
USG-00781,USGS_NAME_LAYER_MAPPING,,117698,C:\range_paper\03_doc\USGS\D08A_USGS_Atlas_G_Table1_20260902.html,fdca3c163d856aeea7b15ec5f80e18750701a880ee8f9f4c1bd5cc076f26292b,ATLASG-0358,SINGLE_SPECIES_LAYER: layer=Magnolia_macrophylla,Official Table 1 bridge plus exact WCVP accepted/parent relations; no layer union.
USG-00782,USGS_NAME_LAYER_MAPPING,,117869,C:\range_paper\03_doc\USGS\D08A_USGS_Atlas_G_Table1_20260902.html,fdca3c163d856aeea7b15ec5f80e18750701a880ee8f9f4c1bd5cc076f26292b,ATLASG-0360,SINGLE_SPECIES_LAYER: layer=Magnolia_tripetala,Official Table 1 bridge plus exact WCVP accepted/parent relations; no layer union.
USG-00783,USGS_NAME_LAYER_MAPPING,,117883,C:\range_paper\03_doc\USGS\D08A_USGS_Atlas_G_Table1_20260902.html,fdca3c163d856aeea7b15ec5f80e18750701a880ee8f9f4c1bd5cc076f26292b,ATLASG-0361,SINGLE_SPECIES_LAYER: layer=Magnolia_virginiana,Official Table 1 bridge plus exact WCVP accepted/parent relations; no layer union.
USG-00784,USGS_NAME_LAYER_MAPPING,,136188,C:\range_paper\03_doc\USGS\D08A_USGS_Atlas_G_Table1_20260902.html,fdca3c163d856aeea7b15ec5f80e18750701a880ee8f9f4c1bd5cc076f26292b,ATLASG-0388,SINGLE_SPECIES_LAYER: layer=Nyssa_aquatica,Official Table 1 bridge plus exact WCVP accepted/parent relations; no layer union.
USG-00785,USGS_NAME_LAYER_MAPPING,,136212,C:\range_paper\03_doc\USGS\D08A_USGS_Atlas_G_Table1_20260902.html,fdca3c163d856aeea7b15ec5f80e18750701a880ee8f9f4c1bd5cc076f26292b,ATLASG-0389,SINGLE_SPECIES_LAYER: layer=Nyssa_ogeche,Official Table 1 bridge plus exact WCVP accepted/parent relations; no layer union.
USG-00786,USGS_NAME_LAYER_MAPPING,,136221,C:\range_paper\03_doc\USGS\D08A_USGS_Atlas_G_Table1_20260902.html,fdca3c163d856aeea7b15ec5f80e18750701a880ee8f9f4c1bd5cc076f26292b,ATLASG-0390,SINGLE_SPECIES_LAYER: layer=Nyssa_sylvatica,Official Table 1 bridge plus exact WCVP accepted/parent relations; no layer union.
USG-00787,USGS_NAME_LAYER_MAPPING,,144637,C:\range_paper\03_doc\USGS\D08A_USGS_Atlas_G_Table1_20260902.html,fdca3c163d856aeea7b15ec5f80e18750701a880ee8f9f4c1bd5cc076f26292b,ATLASG-0396,SINGLE_SPECIES_LAYER: layer=Ostrya_virginiana,Official Table 1 bridge plus exact WCVP accepted/parent relations; no layer union.
USG-00788,USGS_NAME_LAYER_MAPPING,,171483,C:\range_paper\03_doc\USGS\D08A_USGS_Atlas_G_Table1_20260902.html,fdca3c163d856aeea7b15ec5f80e18750701a880ee8f9f4c1bd5cc076f26292b,ATLASG-0487,SINGLE_SPECIES_LAYER: layer=Quercus_agrifolia,Official Table 1 bridge plus exact WCVP accepted/parent relations; no layer union.
USG-00789,USGS_NAME_LAYER_MAPPING,,171499,C:\range_paper\03_doc\USGS\D08A_USGS_Atlas_G_Table1_20260902.html,fdca3c163d856aeea7b15ec5f80e18750701a880ee8f9f4c1bd5cc076f26292b,ATLASG-0488,SINGLE_SPECIES_LAYER: layer=Quercus_alba,Official Table 1 bridge plus exact WCVP accepted/parent relations; no layer union.
USG-00790,USGS_NAME_LAYER_MAPPING,,171655,C:\range_paper\03_doc\USGS\D08A_USGS_Atlas_G_Table1_20260902.html,fdca3c163d856aeea7b15ec5f80e18750701a880ee8f9f4c1bd5cc076f26292b,ATLASG-0489,SINGLE_SPECIES_LAYER: layer=Quercus_arizonica,Official Table 1 bridge plus exact WCVP accepted/parent relations; no layer union.
USG-00791,USGS_NAME_LAYER_MAPPING,,171657,C:\range_paper\03_doc\USGS\D08A_USGS_Atlas_G_Table1_20260902.html,fdca3c163d856aeea7b15ec5f80e18750701a880ee8f9f4c1bd5cc076f26292b,ATLASG-0490,SINGLE_SPECIES_LAYER: layer=Quercus_arkansana,Official Table 1 bridge plus exact WCVP accepted/parent relations; no layer union.
USG-00792,USGS_NAME_LAYER_MAPPING,,171779,C:\range_paper\03_doc\USGS\D08A_USGS_Atlas_G_Table1_20260902.html,fdca3c163d856aeea7b15ec5f80e18750701a880ee8f9f4c1bd5cc076f26292b,ATLASG-0491,SINGLE_SPECIES_LAYER: layer=Quercus_bicolor,Official Table 1 bridge plus exact WCVP accepted/parent relations; no layer union.
USG-00793,USGS_NAME_LAYER_MAPPING,,172147,C:\range_paper\03_doc\USGS\D08A_USGS_Atlas_G_Table1_20260902.html,fdca3c163d856aeea7b15ec5f80e18750701a880ee8f9f4c1bd5cc076f26292b,ATLASG-0493,SINGLE_SPECIES_LAYER: layer=Quercus_chrysolepis,Official Table 1 bridge plus exact WCVP accepted/parent relations; no layer union.
USG-00794,USGS_NAME_LAYER_MAPPING,,172244,C:\range_paper\03_doc\USGS\D08A_USGS_Atlas_G_Table1_20260902.html,fdca3c163d856aeea7b15ec5f80e18750701a880ee8f9f4c1bd5cc076f26292b,ATLASG-0494,SINGLE_SPECIES_LAYER: layer=Quercus_coccinea,Official Table 1 bridge plus exact WCVP accepted/parent relations; no layer union.
USG-00795,USGS_NAME_LAYER_MAPPING,,172538,C:\range_paper\03_doc\USGS\D08A_USGS_Atlas_G_Table1_20260902.html,fdca3c163d856aeea7b15ec5f80e18750701a880ee8f9f4c1bd5cc076f26292b,ATLASG-0496,SINGLE_SPECIES_LAYER: layer=Quercus_douglasii,Official Table 1 bridge plus exact WCVP accepted/parent relations; no layer union.
USG-00796,USGS_NAME_LAYER_MAPPING,,172621,C:\range_paper\03_doc\USGS\D08A_USGS_Atlas_G_Table1_20260902.html,fdca3c163d856aeea7b15ec5f80e18750701a880ee8f9f4c1bd5cc076f26292b,ATLASG-0499,SINGLE_SPECIES_LAYER: layer=Quercus_ellipsoidalis,Official Table 1 bridge plus exact WCVP accepted/parent relations; no layer union.
USG-00797,USGS_NAME_LAYER_MAPPING,,172635,C:\range_paper\03_doc\USGS\D08A_USGS_Atlas_G_Table1_20260902.html,fdca3c163d856aeea7b15ec5f80e18750701a880ee8f9f4c1bd5cc076f26292b,ATLASG-0500,SINGLE_SPECIES_LAYER: layer=Quercus_emoryi,Official Table 1 bridge plus exact WCVP accepted/parent relations; no layer union.
USG-00798,USGS_NAME_LAYER_MAPPING,,172644,C:\range_paper\03_doc\USGS\D08A_USGS_Atlas_G_Table1_20260902.html,fdca3c163d856aeea7b15ec5f80e18750701a880ee8f9f4c1bd5cc076f26292b,ATLASG-0501,SINGLE_SPECIES_LAYER: layer=Quercus_engelmannii,Official Table 1 bridge plus exact WCVP accepted/parent relations; no layer union.
USG-00799,USGS_NAME_LAYER_MAPPING,,172729,C:\range_paper\03_doc\USGS\D08A_USGS_Atlas_G_Table1_20260902.html,fdca3c163d856aeea7b15ec5f80e18750701a880ee8f9f4c1bd5cc076f26292b,ATLASG-0502,SINGLE_SPECIES_LAYER: layer=Quercus_falcata,Official Table 1 bridge plus exact WCVP accepted/parent relations; no layer union.
USG-00800,USGS_NAME_LAYER_MAPPING,,172843,C:\range_paper\03_doc\USGS\D08A_USGS_Atlas_G_Table1_20260902.html,fdca3c163d856aeea7b15ec5f80e18750701a880ee8f9f4c1bd5cc076f26292b,ATLASG-0503,SINGLE_SPECIES_LAYER: layer=Quercus_gambelii,Official Table 1 bridge plus exact WCVP accepted/parent relations; no layer union.
USG-00801,USGS_NAME_LAYER_MAPPING,,172855,C:\range_paper\03_doc\USGS\D08A_USGS_Atlas_G_Table1_20260902.html,fdca3c163d856aeea7b15ec5f80e18750701a880ee8f9f4c1bd5cc076f26292b,ATLASG-0504,SINGLE_SPECIES_LAYER: layer=Quercus_garryana,Official Table 1 bridge plus exact WCVP accepted/parent relations; no layer union.
USG-00802,USGS_NAME_LAYER_MAPPING,,172875,C:\range_paper\03_doc\USGS\D08A_USGS_Atlas_G_Table1_20260902.html,fdca3c163d856aeea7b15ec5f80e18750701a880ee8f9f4c1bd5cc076f26292b,ATLASG-0505,SINGLE_SPECIES_LAYER: layer=Quercus_georgiana,Official Table 1 bridge plus exact WCVP accepted/parent relations; no layer union.
USG-00803,USGS_NAME_LAYER_MAPPING,,172990,C:\range_paper\03_doc\USGS\D08A_USGS_Atlas_G_Table1_20260902.html,fdca3c163d856aeea7b15ec5f80e18750701a880ee8f9f4c1bd5cc076f26292b,ATLASG-0507,SINGLE_SPECIES_LAYER: layer=Quercus_gravesii,Official Table 1 bridge plus exact WCVP accepted/parent relations; no layer union.
USG-00804,USGS_NAME_LAYER_MAPPING,,172998,C:\range_paper\03_doc\USGS\D08A_USGS_Atlas_G_Table1_20260902.html,fdca3c163d856aeea7b15ec5f80e18750701a880ee8f9f4c1bd5cc076f26292b,ATLASG-0508,SINGLE_SPECIES_LAYER: layer=Quercus_grisea,Official Table 1 bridge plus exact WCVP accepted/parent relations; no layer union.
USG-00805,USGS_NAME_LAYER_MAPPING,,173145,C:\range_paper\03_doc\USGS\D08A_USGS_Atlas_G_Table1_20260902.html,fdca3c163d856aeea7b15ec5f80e18750701a880ee8f9f4c1bd5cc076f26292b,ATLASG-0511,SINGLE_SPECIES_LAYER: layer=Quercus_hypoleucoides,Official Table 1 bridge plus exact WCVP accepted/parent relations; no layer union.
USG-00806,USGS_NAME_LAYER_MAPPING,,173293,C:\range_paper\03_doc\USGS\D08A_USGS_Atlas_G_Table1_20260902.html,fdca3c163d856aeea7b15ec5f80e18750701a880ee8f9f4c1bd5cc076f26292b,ATLASG-0512,SINGLE_SPECIES_LAYER: layer=Quercus_ilicifolia,Official Table 1 bridge plus exact WCVP accepted/parent relations; no layer union.
USG-00807,USGS_NAME_LAYER_MAPPING,,173302,C:\range_paper\03_doc\USGS\D08A_USGS_Atlas_G_Table1_20260902.html,fdca3c163d856aeea7b15ec5f80e18750701a880ee8f9f4c1bd5cc076f26292b,ATLASG-0513,SINGLE_SPECIES_LAYER: layer=Quercus_imbricaria,Official Table 1 bridge plus exact WCVP accepted/parent relations; no layer union.
USG-00808,USGS_NAME_LAYER_MAPPING,,173428,C:\range_paper\03_doc\USGS\D08A_USGS_Atlas_G_Table1_20260902.html,fdca3c163d856aeea7b15ec5f80e18750701a880ee8f9f4c1bd5cc076f26292b,ATLASG-0516,SINGLE_SPECIES_LAYER: layer=Quercus_kelloggii,Official Table 1 bridge plus exact WCVP accepted/parent relations; no layer union.
USG-00809,USGS_NAME_LAYER_MAPPING,,173471,C:\range_paper\03_doc\USGS\D08A_USGS_Atlas_G_Table1_20260902.html,fdca3c163d856aeea7b15ec5f80e18750701a880ee8f9f4c1bd5cc076f26292b,ATLASG-0506,SINGLE_OFFICIAL_ALIAS_LAYER: layer=Quercus_glaucoides,Official Table 1 bridge plus exact WCVP accepted/parent relations; no layer union.
USG-00810,USGS_NAME_LAYER_MAPPING,,173479,C:\range_paper\03_doc\USGS\D08A_USGS_Atlas_G_Table1_20260902.html,fdca3c163d856aeea7b15ec5f80e18750701a880ee8f9f4c1bd5cc076f26292b,ATLASG-0517,SINGLE_SPECIES_LAYER: layer=Quercus_laevis,Official Table 1 bridge plus exact WCVP accepted/parent relations; no layer union.
USG-00811,USGS_NAME_LAYER_MAPPING,,173674,C:\range_paper\03_doc\USGS\D08A_USGS_Atlas_G_Table1_20260902.html,fdca3c163d856aeea7b15ec5f80e18750701a880ee8f9f4c1bd5cc076f26292b,ATLASG-0519,SINGLE_SPECIES_LAYER: layer=Quercus_lobata,Official Table 1 bridge plus exact WCVP accepted/parent relations; no layer union.
USG-00812,USGS_NAME_LAYER_MAPPING,,173871,C:\range_paper\03_doc\USGS\D08A_USGS_Atlas_G_Table1_20260902.html,fdca3c163d856aeea7b15ec5f80e18750701a880ee8f9f4c1bd5cc076f26292b,ATLASG-0522,SINGLE_SPECIES_LAYER: layer=Quercus_marilandica,Official Table 1 bridge plus exact WCVP accepted/parent relations; no layer union.
USG-00813,USGS_NAME_LAYER_MAPPING,,174020,C:\range_paper\03_doc\USGS\D08A_USGS_Atlas_G_Table1_20260902.html,fdca3c163d856aeea7b15ec5f80e18750701a880ee8f9f4c1bd5cc076f26292b,ATLASG-0525,SINGLE_SPECIES_LAYER: layer=Quercus_muehlenbergii,Official Table 1 bridge plus exact WCVP accepted/parent relations; no layer union.
USG-00814,USGS_NAME_LAYER_MAPPING,,174037,C:\range_paper\03_doc\USGS\D08A_USGS_Atlas_G_Table1_20260902.html,fdca3c163d856aeea7b15ec5f80e18750701a880ee8f9f4c1bd5cc076f26292b,ATLASG-0526,SINGLE_SPECIES_LAYER: layer=Quercus_myrtifolia,Official Table 1 bridge plus exact WCVP accepted/parent relations; no layer union.
USG-00815,USGS_NAME_LAYER_MAPPING,,174075,C:\range_paper\03_doc\USGS\D08A_USGS_Atlas_G_Table1_20260902.html,fdca3c163d856aeea7b15ec5f80e18750701a880ee8f9f4c1bd5cc076f26292b,ATLASG-0527,SINGLE_SPECIES_LAYER: layer=Quercus_nigra,Official Table 1 bridge plus exact WCVP accepted/parent relations; no layer union.
USG-00816,USGS_NAME_LAYER_MAPPING,,174136,C:\range_paper\03_doc\USGS\D08A_USGS_Atlas_G_Table1_20260902.html,fdca3c163d856aeea7b15ec5f80e18750701a880ee8f9f4c1bd5cc076f26292b,ATLASG-0529,SINGLE_SPECIES_LAYER: layer=Quercus_oblongifolia,Official Table 1 bridge plus exact WCVP accepted/parent relations; no layer union.
USG-00817,USGS_NAME_LAYER_MAPPING,,174176,C:\range_paper\03_doc\USGS\D08A_USGS_Atlas_G_Table1_20260902.html,fdca3c163d856aeea7b15ec5f80e18750701a880ee8f9f4c1bd5cc076f26292b,ATLASG-0530,SINGLE_SPECIES_LAYER: layer=Quercus_oglethorpensis,Official Table 1 bridge plus exact WCVP accepted/parent relations; no layer union.
USG-00818,USGS_NAME_LAYER_MAPPING,,174242,C:\range_paper\03_doc\USGS\D08A_USGS_Atlas_G_Table1_20260902.html,fdca3c163d856aeea7b15ec5f80e18750701a880ee8f9f4c1bd5cc076f26292b,ATLASG-0531,SINGLE_SPECIES_LAYER: layer=Quercus_palustris,Official Table 1 bridge plus exact WCVP accepted/parent relations; no layer union.
USG-00819,USGS_NAME_LAYER_MAPPING,,174411,C:\range_paper\03_doc\USGS\D08A_USGS_Atlas_G_Table1_20260902.html,fdca3c163d856aeea7b15ec5f80e18750701a880ee8f9f4c1bd5cc076f26292b,ATLASG-0532,SINGLE_SPECIES_LAYER: layer=Quercus_phellos,Official Table 1 bridge plus exact WCVP accepted/parent relations; no layer union.
USG-00820,USGS_NAME_LAYER_MAPPING,,174902,C:\range_paper\03_doc\USGS\D08A_USGS_Atlas_G_Table1_20260902.html,fdca3c163d856aeea7b15ec5f80e18750701a880ee8f9f4c1bd5cc076f26292b,ATLASG-0535,SINGLE_SPECIES_LAYER: layer=Quercus_rubra,Official Table 1 bridge plus exact WCVP accepted/parent relations; no layer union.
USG-00821,USGS_NAME_LAYER_MAPPING,,174935,C:\range_paper\03_doc\USGS\D08A_USGS_Atlas_G_Table1_20260902.html,fdca3c163d856aeea7b15ec5f80e18750701a880ee8f9f4c1bd5cc076f26292b,ATLASG-0536,SINGLE_SPECIES_LAYER: layer=Quercus_rugosa,Official Table 1 bridge plus exact WCVP accepted/parent relations; no layer union.
USG-00822,USGS_NAME_LAYER_MAPPING,,175148,C:\range_paper\03_doc\USGS\D08A_USGS_Atlas_G_Table1_20260902.html,fdca3c163d856aeea7b15ec5f80e18750701a880ee8f9f4c1bd5cc076f26292b,ATLASG-0537,SINGLE_SPECIES_LAYER: layer=Quercus_shumardii,Official Table 1 bridge plus exact WCVP accepted/parent relations; no layer union.
USG-00823,USGS_NAME_LAYER_MAPPING,,175179,C:\range_paper\03_doc\USGS\D08A_USGS_Atlas_G_Table1_20260902.html,fdca3c163d856aeea7b15ec5f80e18750701a880ee8f9f4c1bd5cc076f26292b,ATLASG-0498,SINGLE_OFFICIAL_ALIAS_LAYER: layer=Quercus_durandii,Official Table 1 bridge plus exact WCVP accepted/parent relations; no layer union.
USG-00824,USGS_NAME_LAYER_MAPPING,,175243,C:\range_paper\03_doc\USGS\D08A_USGS_Atlas_G_Table1_20260902.html,fdca3c163d856aeea7b15ec5f80e18750701a880ee8f9f4c1bd5cc076f26292b,ATLASG-0538,SINGLE_SPECIES_LAYER: layer=Quercus_stellata,Official Table 1 bridge plus exact WCVP accepted/parent relations; no layer union.
USG-00825,USGS_NAME_LAYER_MAPPING,,175464,C:\range_paper\03_doc\USGS\D08A_USGS_Atlas_G_Table1_20260902.html,fdca3c163d856aeea7b15ec5f80e18750701a880ee8f9f4c1bd5cc076f26292b,ATLASG-0528,SINGLE_OFFICIAL_ALIAS_LAYER: layer=Quercus_nuttallii,Official Table 1 bridge plus exact WCVP accepted/parent relations; no layer union.
USG-00826,USGS_NAME_LAYER_MAPPING,,175672,C:\range_paper\03_doc\USGS\D08A_USGS_Atlas_G_Table1_20260902.html,fdca3c163d856aeea7b15ec5f80e18750701a880ee8f9f4c1bd5cc076f26292b,ATLASG-0542,SINGLE_SPECIES_LAYER: layer=Quercus_velutina,Official Table 1 bridge plus exact WCVP accepted/parent relations; no layer union.
USG-00827,USGS_NAME_LAYER_MAPPING,,175726,C:\range_paper\03_doc\USGS\D08A_USGS_Atlas_G_Table1_20260902.html,fdca3c163d856aeea7b15ec5f80e18750701a880ee8f9f4c1bd5cc076f26292b,ATLASG-0543,SINGLE_SPECIES_LAYER: layer=Quercus_virginiana,Official Table 1 bridge plus exact WCVP accepted/parent relations; no layer union.
USG-00828,USGS_NAME_LAYER_MAPPING,,175769,C:\range_paper\03_doc\USGS\D08A_USGS_Atlas_G_Table1_20260902.html,fdca3c163d856aeea7b15ec5f80e18750701a880ee8f9f4c1bd5cc076f26292b,ATLASG-0544,SINGLE_SPECIES_LAYER: layer=Quercus_wislizeni,Official Table 1 bridge plus exact WCVP accepted/parent relations; no layer union.
USG-00829,USGS_NAME_LAYER_MAPPING,,181053,C:\range_paper\03_doc\USGS\D08A_USGS_Atlas_G_Table1_20260902.html,fdca3c163d856aeea7b15ec5f80e18750701a880ee8f9f4c1bd5cc076f26292b,ATLASG-0570,SINGLE_SPECIES_LAYER: layer=Sabal_palmetto,Official Table 1 bridge plus exact WCVP accepted/parent relations; no layer union.
USG-00830,USGS_NAME_LAYER_MAPPING,,191834,C:\range_paper\03_doc\USGS\D08A_USGS_Atlas_G_Table1_20260902.html,fdca3c163d856aeea7b15ec5f80e18750701a880ee8f9f4c1bd5cc076f26292b,ATLASG-0098,SINGLE_OFFICIAL_ALIAS_LAYER: layer=Bumelia_celastrina,Official Table 1 bridge plus exact WCVP accepted/parent relations; no layer union.
USG-00831,USGS_NAME_LAYER_MAPPING,,191965,C:\range_paper\03_doc\USGS\D08A_USGS_Atlas_G_Table1_20260902.html,fdca3c163d856aeea7b15ec5f80e18750701a880ee8f9f4c1bd5cc076f26292b,ATLASG-0099,SINGLE_OFFICIAL_ALIAS_LAYER: layer=Bumelia_lanuginosa,Official Table 1 bridge plus exact WCVP accepted/parent relations; no layer union.
USG-00832,USGS_NAME_LAYER_MAPPING,,369466,C:\range_paper\03_doc\USGS\D08A_USGS_Atlas_G_Table1_20260902.html,fdca3c163d856aeea7b15ec5f80e18750701a880ee8f9f4c1bd5cc076f26292b,ATLASG-0264,SINGLE_OFFICIAL_ALIAS_LAYER: layer=Fraxinus_texensis,Official Table 1 bridge plus exact WCVP accepted/parent relations; no layer union.
USG-00833,USGS_NAME_LAYER_MAPPING,,369468,C:\range_paper\03_doc\USGS\D08A_USGS_Atlas_G_Table1_20260902.html,fdca3c163d856aeea7b15ec5f80e18750701a880ee8f9f4c1bd5cc076f26292b,ATLASG-0252,SINGLE_SPECIES_LAYER: layer=Fraxinus_americana,Official Table 1 bridge plus exact WCVP accepted/parent relations; no layer union.
USG-00834,USGS_NAME_LAYER_MAPPING,,369564,C:\range_paper\03_doc\USGS\D08A_USGS_Atlas_G_Table1_20260902.html,fdca3c163d856aeea7b15ec5f80e18750701a880ee8f9f4c1bd5cc076f26292b,ATLASG-0254,SINGLE_SPECIES_LAYER: layer=Fraxinus_berlandieriana,Official Table 1 bridge plus exact WCVP accepted/parent relations; no layer union.
USG-00835,USGS_NAME_LAYER_MAPPING,,369591,C:\range_paper\03_doc\USGS\D08A_USGS_Atlas_G_Table1_20260902.html,fdca3c163d856aeea7b15ec5f80e18750701a880ee8f9f4c1bd5cc076f26292b,ATLASG-0255,SINGLE_SPECIES_LAYER: layer=Fraxinus_caroliniana,Official Table 1 bridge plus exact WCVP accepted/parent relations; no layer union.
USG-00836,USGS_NAME_LAYER_MAPPING,,369836,C:\range_paper\03_doc\USGS\D08A_USGS_Atlas_G_Table1_20260902.html,fdca3c163d856aeea7b15ec5f80e18750701a880ee8f9f4c1bd5cc076f26292b,ATLASG-0259,SINGLE_SPECIES_LAYER: layer=Fraxinus_latifolia,Official Table 1 bridge plus exact WCVP accepted/parent relations; no layer union.
USG-00837,USGS_NAME_LAYER_MAPPING,,369888,C:\range_paper\03_doc\USGS\D08A_USGS_Atlas_G_Table1_20260902.html,fdca3c163d856aeea7b15ec5f80e18750701a880ee8f9f4c1bd5cc076f26292b,ATLASG-0260,SINGLE_SPECIES_LAYER: layer=Fraxinus_nigra,Official Table 1 bridge plus exact WCVP accepted/parent relations; no layer union.
USG-00838,USGS_NAME_LAYER_MAPPING,,370006,C:\range_paper\03_doc\USGS\D08A_USGS_Atlas_G_Table1_20260902.html,fdca3c163d856aeea7b15ec5f80e18750701a880ee8f9f4c1bd5cc076f26292b,ATLASG-0261,SINGLE_SPECIES_LAYER: layer=Fraxinus_pennsylvanica,Official Table 1 bridge plus exact WCVP accepted/parent relations; no layer union.
USG-00839,USGS_NAME_LAYER_MAPPING,,370051,C:\range_paper\03_doc\USGS\D08A_USGS_Atlas_G_Table1_20260902.html,fdca3c163d856aeea7b15ec5f80e18750701a880ee8f9f4c1bd5cc076f26292b,ATLASG-0262,SINGLE_SPECIES_LAYER: layer=Fraxinus_profunda,Official Table 1 bridge plus exact WCVP accepted/parent relations; no layer union.
USG-00840,USGS_NAME_LAYER_MAPPING,,370075,C:\range_paper\03_doc\USGS\D08A_USGS_Atlas_G_Table1_20260902.html,fdca3c163d856aeea7b15ec5f80e18750701a880ee8f9f4c1bd5cc076f26292b,ATLASG-0263,SINGLE_SPECIES_LAYER: layer=Fraxinus_quadrangulata,Official Table 1 bridge plus exact WCVP accepted/parent relations; no layer union.
USG-00841,USGS_NAME_LAYER_MAPPING,,370195,C:\range_paper\03_doc\USGS\D08A_USGS_Atlas_G_Table1_20260902.html,fdca3c163d856aeea7b15ec5f80e18750701a880ee8f9f4c1bd5cc076f26292b,ATLASG-0265,SINGLE_SPECIES_LAYER: layer=Fraxinus_velutina,Official Table 1 bridge plus exact WCVP accepted/parent relations; no layer union.
USG-00842,USGS_NAME_LAYER_MAPPING,,377287,C:\range_paper\03_doc\USGS\D08A_USGS_Atlas_G_Table1_20260902.html,fdca3c163d856aeea7b15ec5f80e18750701a880ee8f9f4c1bd5cc076f26292b,ATLASG-0325,MULTIPLE_OTHER_LAYERS: layer=Juniperus_silicicola,Official Table 1 bridge plus exact WCVP accepted/parent relations; no layer union.
USG-00843,USGS_NAME_LAYER_MAPPING,,377287,C:\range_paper\03_doc\USGS\D08A_USGS_Atlas_G_Table1_20260902.html,fdca3c163d856aeea7b15ec5f80e18750701a880ee8f9f4c1bd5cc076f26292b,ATLASG-0326,MULTIPLE_OTHER_LAYERS: layer=Juniperus_virginiana,Official Table 1 bridge plus exact WCVP accepted/parent relations; no layer union.
USG-00844,USGS_NAME_LAYER_MAPPING,,377330,C:\range_paper\03_doc\USGS\D08A_USGS_Atlas_G_Table1_20260902.html,fdca3c163d856aeea7b15ec5f80e18750701a880ee8f9f4c1bd5cc076f26292b,ATLASG-0324,SINGLE_SPECIES_LAYER: layer=Juniperus_scopulorum,Official Table 1 bridge plus exact WCVP accepted/parent relations; no layer union.
USG-00845,USGS_NAME_LAYER_MAPPING,,377371,C:\range_paper\03_doc\USGS\D08A_USGS_Atlas_G_Table1_20260902.html,fdca3c163d856aeea7b15ec5f80e18750701a880ee8f9f4c1bd5cc076f26292b,ATLASG-0317,SINGLE_SPECIES_LAYER: layer=Juniperus_deppeana,Official Table 1 bridge plus exact WCVP accepted/parent relations; no layer union.
USG-00846,USGS_NAME_LAYER_MAPPING,,377454,C:\range_paper\03_doc\USGS\D08A_USGS_Atlas_G_Table1_20260902.html,fdca3c163d856aeea7b15ec5f80e18750701a880ee8f9f4c1bd5cc076f26292b,ATLASG-0314,SINGLE_SPECIES_LAYER: layer=Juniperus_ashei,Official Table 1 bridge plus exact WCVP accepted/parent relations; no layer union.
USG-00847,USGS_NAME_LAYER_MAPPING,,377511,C:\range_paper\03_doc\USGS\D08A_USGS_Atlas_G_Table1_20260902.html,fdca3c163d856aeea7b15ec5f80e18750701a880ee8f9f4c1bd5cc076f26292b,ATLASG-0318,SINGLE_OFFICIAL_ALIAS_LAYER: layer=Juniperus_erythrocarpa,Official Table 1 bridge plus exact WCVP accepted/parent relations; no layer union.
USG-00848,USGS_NAME_LAYER_MAPPING,,377520,C:\range_paper\03_doc\USGS\D08A_USGS_Atlas_G_Table1_20260902.html,fdca3c163d856aeea7b15ec5f80e18750701a880ee8f9f4c1bd5cc076f26292b,ATLASG-0315,SINGLE_SPECIES_LAYER: layer=Juniperus_californica,Official Table 1 bridge plus exact WCVP accepted/parent relations; no layer union.
USG-00849,USGS_NAME_LAYER_MAPPING,,377543,C:\range_paper\03_doc\USGS\D08A_USGS_Atlas_G_Table1_20260902.html,fdca3c163d856aeea7b15ec5f80e18750701a880ee8f9f4c1bd5cc076f26292b,ATLASG-0320,SINGLE_SPECIES_LAYER: layer=Juniperus_monosperma,Official Table 1 bridge plus exact WCVP accepted/parent relations; no layer union.
USG-00850,USGS_NAME_LAYER_MAPPING,,377592,C:\range_paper\03_doc\USGS\D08A_USGS_Atlas_G_Table1_20260902.html,fdca3c163d856aeea7b15ec5f80e18750701a880ee8f9f4c1bd5cc076f26292b,ATLASG-0321,SINGLE_SPECIES_LAYER: layer=Juniperus_occidentalis,Official Table 1 bridge plus exact WCVP accepted/parent relations; no layer union.
USG-00851,USGS_NAME_LAYER_MAPPING,,377597,C:\range_paper\03_doc\USGS\D08A_USGS_Atlas_G_Table1_20260902.html,fdca3c163d856aeea7b15ec5f80e18750701a880ee8f9f4c1bd5cc076f26292b,ATLASG-0322,SINGLE_SPECIES_LAYER: layer=Juniperus_osteosperma,Official Table 1 bridge plus exact WCVP accepted/parent relations; no layer union.
USG-00852,USGS_NAME_LAYER_MAPPING,,377678,C:\range_paper\03_doc\USGS\D08A_USGS_Atlas_G_Table1_20260902.html,fdca3c163d856aeea7b15ec5f80e18750701a880ee8f9f4c1bd5cc076f26292b,ATLASG-0323,SINGLE_SPECIES_LAYER: layer=Juniperus_pinchotii,Official Table 1 bridge plus exact WCVP accepted/parent relations; no layer union.
USG-00853,USGS_NAME_LAYER_MAPPING,,378313,C:\range_paper\03_doc\USGS\D08A_USGS_Atlas_G_Table1_20260902.html,fdca3c163d856aeea7b15ec5f80e18750701a880ee8f9f4c1bd5cc076f26292b,ATLASG-0481,SINGLE_SPECIES_LAYER: layer=Pseudotsuga_macrocarpa,Official Table 1 bridge plus exact WCVP accepted/parent relations; no layer union.
USG-00854,USGS_NAME_LAYER_MAPPING,,378542,C:\range_paper\03_doc\USGS\D08A_USGS_Atlas_G_Table1_20260902.html,fdca3c163d856aeea7b15ec5f80e18750701a880ee8f9f4c1bd5cc076f26292b,ATLASG-0644,SINGLE_SPECIES_LAYER: layer=Thuja_occidentalis,Official Table 1 bridge plus exact WCVP accepted/parent relations; no layer union.
USG-00855,USGS_NAME_LAYER_MAPPING,,378546,C:\range_paper\03_doc\USGS\D08A_USGS_Atlas_G_Table1_20260902.html,fdca3c163d856aeea7b15ec5f80e18750701a880ee8f9f4c1bd5cc076f26292b,ATLASG-0645,SINGLE_SPECIES_LAYER: layer=Thuja_plicata,Official Table 1 bridge plus exact WCVP accepted/parent relations; no layer union.
USG-00856,USGS_NAME_LAYER_MAPPING,,378596,C:\range_paper\03_doc\USGS\D08A_USGS_Atlas_G_Table1_20260902.html,fdca3c163d856aeea7b15ec5f80e18750701a880ee8f9f4c1bd5cc076f26292b,ATLASG-0638,SINGLE_SPECIES_LAYER: layer=Taxodium_distichum,Official Table 1 bridge plus exact WCVP accepted/parent relations; no layer union.
USG-00857,USGS_NAME_LAYER_MAPPING,,378623,C:\range_paper\03_doc\USGS\D08A_USGS_Atlas_G_Table1_20260902.html,fdca3c163d856aeea7b15ec5f80e18750701a880ee8f9f4c1bd5cc076f26292b,ATLASG-0639,SINGLE_SPECIES_LAYER: layer=Taxus_brevifolia,Official Table 1 bridge plus exact WCVP accepted/parent relations; no layer union.
USG-00858,USGS_NAME_LAYER_MAPPING,,378636,C:\range_paper\03_doc\USGS\D08A_USGS_Atlas_G_Table1_20260902.html,fdca3c163d856aeea7b15ec5f80e18750701a880ee8f9f4c1bd5cc076f26292b,ATLASG-0649,SINGLE_SPECIES_LAYER: layer=Torreya_californica,Official Table 1 bridge plus exact WCVP accepted/parent relations; no layer union.
USG-00859,USGS_NAME_LAYER_MAPPING,,378988,C:\range_paper\03_doc\USGS\D08A_USGS_Atlas_G_Table1_20260902.html,fdca3c163d856aeea7b15ec5f80e18750701a880ee8f9f4c1bd5cc076f26292b,ATLASG-0613,SINGLE_SPECIES_LAYER: layer=Sequoia_sempervirens,Official Table 1 bridge plus exact WCVP accepted/parent relations; no layer union.
USG-00860,USGS_NAME_LAYER_MAPPING,,379072,C:\range_paper\03_doc\USGS\D08A_USGS_Atlas_G_Table1_20260902.html,fdca3c163d856aeea7b15ec5f80e18750701a880ee8f9f4c1bd5cc076f26292b,ATLASG-0332,SINGLE_SPECIES_LAYER: layer=Larix_laricina,Official Table 1 bridge plus exact WCVP accepted/parent relations; no layer union.
USG-00861,USGS_NAME_LAYER_MAPPING,,379089,C:\range_paper\03_doc\USGS\D08A_USGS_Atlas_G_Table1_20260902.html,fdca3c163d856aeea7b15ec5f80e18750701a880ee8f9f4c1bd5cc076f26292b,ATLASG-0333,SINGLE_SPECIES_LAYER: layer=Larix_lyallii,Official Table 1 bridge plus exact WCVP accepted/parent relations; no layer union.
USG-00862,USGS_NAME_LAYER_MAPPING,,379096,C:\range_paper\03_doc\USGS\D08A_USGS_Atlas_G_Table1_20260902.html,fdca3c163d856aeea7b15ec5f80e18750701a880ee8f9f4c1bd5cc076f26292b,ATLASG-0334,SINGLE_SPECIES_LAYER: layer=Larix_occidentalis,Official Table 1 bridge plus exact WCVP accepted/parent relations; no layer union.
USG-00863,USGS_NAME_LAYER_MAPPING,,379363,C:\range_paper\03_doc\USGS\D08A_USGS_Atlas_G_Table1_20260902.html,fdca3c163d856aeea7b15ec5f80e18750701a880ee8f9f4c1bd5cc076f26292b,ATLASG-0653,SINGLE_SPECIES_LAYER: layer=Tsuga_canadensis,Official Table 1 bridge plus exact WCVP accepted/parent relations; no layer union.
USG-00864,USGS_NAME_LAYER_MAPPING,,379383,C:\range_paper\03_doc\USGS\D08A_USGS_Atlas_G_Table1_20260902.html,fdca3c163d856aeea7b15ec5f80e18750701a880ee8f9f4c1bd5cc076f26292b,ATLASG-0654,SINGLE_SPECIES_LAYER: layer=Tsuga_caroliniana,Official Table 1 bridge plus exact WCVP accepted/parent relations; no layer union.
USG-00865,USGS_NAME_LAYER_MAPPING,,379395,C:\range_paper\03_doc\USGS\D08A_USGS_Atlas_G_Table1_20260902.html,fdca3c163d856aeea7b15ec5f80e18750701a880ee8f9f4c1bd5cc076f26292b,ATLASG-0655,SINGLE_SPECIES_LAYER: layer=Tsuga_heterophylla,Official Table 1 bridge plus exact WCVP accepted/parent relations; no layer union.
USG-00866,USGS_NAME_LAYER_MAPPING,,379433,C:\range_paper\03_doc\USGS\D08A_USGS_Atlas_G_Table1_20260902.html,fdca3c163d856aeea7b15ec5f80e18750701a880ee8f9f4c1bd5cc076f26292b,ATLASG-0656,SINGLE_SPECIES_LAYER: layer=Tsuga_mertensiana,Official Table 1 bridge plus exact WCVP accepted/parent relations; no layer union.
USG-00867,USGS_NAME_LAYER_MAPPING,,379633,C:\range_paper\03_doc\USGS\D08A_USGS_Atlas_G_Table1_20260902.html,fdca3c163d856aeea7b15ec5f80e18750701a880ee8f9f4c1bd5cc076f26292b,ATLASG-0482,SINGLE_SPECIES_LAYER: layer=Pseudotsuga_menziesii,Official Table 1 bridge plus exact WCVP accepted/parent relations; no layer union.
USG-00868,USGS_NAME_LAYER_MAPPING,,379703,C:\range_paper\03_doc\USGS\D08A_USGS_Atlas_G_Table1_20260902.html,fdca3c163d856aeea7b15ec5f80e18750701a880ee8f9f4c1bd5cc076f26292b,ATLASG-0429,SINGLE_SPECIES_LAYER: layer=Pinus_lambertiana,Official Table 1 bridge plus exact WCVP accepted/parent relations; no layer union.
USG-00869,USGS_NAME_LAYER_MAPPING,,379708,C:\range_paper\03_doc\USGS\D08A_USGS_Atlas_G_Table1_20260902.html,fdca3c163d856aeea7b15ec5f80e18750701a880ee8f9f4c1bd5cc076f26292b,ATLASG-0428,SINGLE_SPECIES_LAYER: layer=Pinus_jeffreyi,Official Table 1 bridge plus exact WCVP accepted/parent relations; no layer union.
USG-00870,USGS_NAME_LAYER_MAPPING,,379762,C:\range_paper\03_doc\USGS\D08A_USGS_Atlas_G_Table1_20260902.html,fdca3c163d856aeea7b15ec5f80e18750701a880ee8f9f4c1bd5cc076f26292b,ATLASG-0431,SINGLE_SPECIES_LAYER: layer=Pinus_longaeva,Official Table 1 bridge plus exact WCVP accepted/parent relations; no layer union.
USG-00871,USGS_NAME_LAYER_MAPPING,,379770,C:\range_paper\03_doc\USGS\D08A_USGS_Atlas_G_Table1_20260902.html,fdca3c163d856aeea7b15ec5f80e18750701a880ee8f9f4c1bd5cc076f26292b,ATLASG-0430,SINGLE_SPECIES_LAYER: layer=Pinus_leiophylla,Official Table 1 bridge plus exact WCVP accepted/parent relations; no layer union.
USG-00872,USGS_NAME_LAYER_MAPPING,,379818,C:\range_paper\03_doc\USGS\D08A_USGS_Atlas_G_Table1_20260902.html,fdca3c163d856aeea7b15ec5f80e18750701a880ee8f9f4c1bd5cc076f26292b,ATLASG-0422,SINGLE_SPECIES_LAYER: layer=Pinus_echinata,Official Table 1 bridge plus exact WCVP accepted/parent relations; no layer union.
USG-00873,USGS_NAME_LAYER_MAPPING,,379820,C:\range_paper\03_doc\USGS\D08A_USGS_Atlas_G_Table1_20260902.html,fdca3c163d856aeea7b15ec5f80e18750701a880ee8f9f4c1bd5cc076f26292b,ATLASG-0423,SINGLE_SPECIES_LAYER: layer=Pinus_edulis,Official Table 1 bridge plus exact WCVP accepted/parent relations; no layer union.
USG-00874,USGS_NAME_LAYER_MAPPING,,379843,C:\range_paper\03_doc\USGS\D08A_USGS_Atlas_G_Table1_20260902.html,fdca3c163d856aeea7b15ec5f80e18750701a880ee8f9f4c1bd5cc076f26292b,ATLASG-0420,SINGLE_SPECIES_LAYER: layer=Pinus_contorta,Official Table 1 bridge plus exact WCVP accepted/parent relations; no layer union.
USG-00875,USGS_NAME_LAYER_MAPPING,,379852,C:\range_paper\03_doc\USGS\D08A_USGS_Atlas_G_Table1_20260902.html,fdca3c163d856aeea7b15ec5f80e18750701a880ee8f9f4c1bd5cc076f26292b,ATLASG-0421,SINGLE_SPECIES_LAYER: layer=Pinus_coulteri,Official Table 1 bridge plus exact WCVP accepted/parent relations; no layer union.
USG-00876,USGS_NAME_LAYER_MAPPING,,379871,C:\range_paper\03_doc\USGS\D08A_USGS_Atlas_G_Table1_20260902.html,fdca3c163d856aeea7b15ec5f80e18750701a880ee8f9f4c1bd5cc076f26292b,ATLASG-0419,SINGLE_SPECIES_LAYER: layer=Pinus_clausa,Official Table 1 bridge plus exact WCVP accepted/parent relations; no layer union.
USG-00877,USGS_NAME_LAYER_MAPPING,,379943,C:\range_paper\03_doc\USGS\D08A_USGS_Atlas_G_Table1_20260902.html,fdca3c163d856aeea7b15ec5f80e18750701a880ee8f9f4c1bd5cc076f26292b,ATLASG-0424,SINGLE_SPECIES_LAYER: layer=Pinus_elliottii,Official Table 1 bridge plus exact WCVP accepted/parent relations; no layer union.
USG-00878,USGS_NAME_LAYER_MAPPING,,379946,C:\range_paper\03_doc\USGS\D08A_USGS_Atlas_G_Table1_20260902.html,fdca3c163d856aeea7b15ec5f80e18750701a880ee8f9f4c1bd5cc076f26292b,ATLASG-0425,SINGLE_SPECIES_LAYER: layer=Pinus_engelmannii,Official Table 1 bridge plus exact WCVP accepted/parent relations; no layer union.
USG-00879,USGS_NAME_LAYER_MAPPING,,379966,C:\range_paper\03_doc\USGS\D08A_USGS_Atlas_G_Table1_20260902.html,fdca3c163d856aeea7b15ec5f80e18750701a880ee8f9f4c1bd5cc076f26292b,ATLASG-0427,SINGLE_SPECIES_LAYER: layer=Pinus_glabra,Official Table 1 bridge plus exact WCVP accepted/parent relations; no layer union.
USG-00880,USGS_NAME_LAYER_MAPPING,,379971,C:\range_paper\03_doc\USGS\D08A_USGS_Atlas_G_Table1_20260902.html,fdca3c163d856aeea7b15ec5f80e18750701a880ee8f9f4c1bd5cc076f26292b,ATLASG-0426,SINGLE_SPECIES_LAYER: layer=Pinus_flexilis,Official Table 1 bridge plus exact WCVP accepted/parent relations; no layer union.
USG-00881,USGS_NAME_LAYER_MAPPING,,379991,C:\range_paper\03_doc\USGS\D08A_USGS_Atlas_G_Table1_20260902.html,fdca3c163d856aeea7b15ec5f80e18750701a880ee8f9f4c1bd5cc076f26292b,ATLASG-0442,SINGLE_SPECIES_LAYER: layer=Pinus_serotina,Official Table 1 bridge plus exact WCVP accepted/parent relations; no layer union.
USG-00882,USGS_NAME_LAYER_MAPPING,,380011,C:\range_paper\03_doc\USGS\D08A_USGS_Atlas_G_Table1_20260902.html,fdca3c163d856aeea7b15ec5f80e18750701a880ee8f9f4c1bd5cc076f26292b,ATLASG-0441,SINGLE_SPECIES_LAYER: layer=Pinus_sabiniana,Official Table 1 bridge plus exact WCVP accepted/parent relations; no layer union.
USG-00883,USGS_NAME_LAYER_MAPPING,,380012,C:\range_paper\03_doc\USGS\D08A_USGS_Atlas_G_Table1_20260902.html,fdca3c163d856aeea7b15ec5f80e18750701a880ee8f9f4c1bd5cc076f26292b,ATLASG-0443,SINGLE_SPECIES_LAYER: layer=Pinus_strobiformis,Official Table 1 bridge plus exact WCVP accepted/parent relations; no layer union.
USG-00884,USGS_NAME_LAYER_MAPPING,,380022,C:\range_paper\03_doc\USGS\D08A_USGS_Atlas_G_Table1_20260902.html,fdca3c163d856aeea7b15ec5f80e18750701a880ee8f9f4c1bd5cc076f26292b,ATLASG-0444,SINGLE_SPECIES_LAYER: layer=Pinus_strobus,Official Table 1 bridge plus exact WCVP accepted/parent relations; no layer union.
USG-00885,USGS_NAME_LAYER_MAPPING,,380091,C:\range_paper\03_doc\USGS\D08A_USGS_Atlas_G_Table1_20260902.html,fdca3c163d856aeea7b15ec5f80e18750701a880ee8f9f4c1bd5cc076f26292b,ATLASG-0446,SINGLE_SPECIES_LAYER: layer=Pinus_virginiana,Official Table 1 bridge plus exact WCVP accepted/parent relations; no layer union.
USG-00886,USGS_NAME_LAYER_MAPPING,,380129,C:\range_paper\03_doc\USGS\D08A_USGS_Atlas_G_Table1_20260902.html,fdca3c163d856aeea7b15ec5f80e18750701a880ee8f9f4c1bd5cc076f26292b,ATLASG-0445,SINGLE_SPECIES_LAYER: layer=Pinus_taeda,Official Table 1 bridge plus exact WCVP accepted/parent relations; no layer union.
USG-00887,USGS_NAME_LAYER_MAPPING,,380231,C:\range_paper\03_doc\USGS\D08A_USGS_Atlas_G_Table1_20260902.html,fdca3c163d856aeea7b15ec5f80e18750701a880ee8f9f4c1bd5cc076f26292b,ATLASG-0432,SINGLE_SPECIES_LAYER: layer=Pinus_monophylla,Official Table 1 bridge plus exact WCVP accepted/parent relations; no layer union.
USG-00888,USGS_NAME_LAYER_MAPPING,,380255,C:\range_paper\03_doc\USGS\D08A_USGS_Atlas_G_Table1_20260902.html,fdca3c163d856aeea7b15ec5f80e18750701a880ee8f9f4c1bd5cc076f26292b,ATLASG-0433,SINGLE_SPECIES_LAYER: layer=Pinus_monticola,Official Table 1 bridge plus exact WCVP accepted/parent relations; no layer union.
USG-00889,USGS_NAME_LAYER_MAPPING,,380268,C:\range_paper\03_doc\USGS\D08A_USGS_Atlas_G_Table1_20260902.html,fdca3c163d856aeea7b15ec5f80e18750701a880ee8f9f4c1bd5cc076f26292b,ATLASG-0435,SINGLE_SPECIES_LAYER: layer=Pinus_palustris,Official Table 1 bridge plus exact WCVP accepted/parent relations; no layer union.
USG-00890,USGS_NAME_LAYER_MAPPING,,380272,C:\range_paper\03_doc\USGS\D08A_USGS_Atlas_G_Table1_20260902.html,fdca3c163d856aeea7b15ec5f80e18750701a880ee8f9f4c1bd5cc076f26292b,ATLASG-0437,SINGLE_SPECIES_LAYER: layer=Pinus_pungens,Official Table 1 bridge plus exact WCVP accepted/parent relations; no layer union.
USG-00891,USGS_NAME_LAYER_MAPPING,,380293,C:\range_paper\03_doc\USGS\D08A_USGS_Atlas_G_Table1_20260902.html,fdca3c163d856aeea7b15ec5f80e18750701a880ee8f9f4c1bd5cc076f26292b,ATLASG-0440,SINGLE_SPECIES_LAYER: layer=Pinus_rigida,Official Table 1 bridge plus exact WCVP accepted/parent relations; no layer union.
USG-00892,USGS_NAME_LAYER_MAPPING,,380302,C:\range_paper\03_doc\USGS\D08A_USGS_Atlas_G_Table1_20260902.html,fdca3c163d856aeea7b15ec5f80e18750701a880ee8f9f4c1bd5cc076f26292b,ATLASG-0439,SINGLE_SPECIES_LAYER: layer=Pinus_resinosa,Official Table 1 bridge plus exact WCVP accepted/parent relations; no layer union.
USG-00893,USGS_NAME_LAYER_MAPPING,,380358,C:\range_paper\03_doc\USGS\D08A_USGS_Atlas_G_Table1_20260902.html,fdca3c163d856aeea7b15ec5f80e18750701a880ee8f9f4c1bd5cc076f26292b,ATLASG-0436,SINGLE_SPECIES_LAYER: layer=Pinus_ponderosa,Official Table 1 bridge plus exact WCVP accepted/parent relations; no layer union.
USG-00894,USGS_NAME_LAYER_MAPPING,,380484,C:\range_paper\03_doc\USGS\D08A_USGS_Atlas_G_Table1_20260902.html,fdca3c163d856aeea7b15ec5f80e18750701a880ee8f9f4c1bd5cc076f26292b,ATLASG-0418,SINGLE_SPECIES_LAYER: layer=Pinus_cembroides,Official Table 1 bridge plus exact WCVP accepted/parent relations; no layer union.
USG-00895,USGS_NAME_LAYER_MAPPING,,380514,C:\range_paper\03_doc\USGS\D08A_USGS_Atlas_G_Table1_20260902.html,fdca3c163d856aeea7b15ec5f80e18750701a880ee8f9f4c1bd5cc076f26292b,ATLASG-0416,SINGLE_SPECIES_LAYER: layer=Pinus_balfouriana,Official Table 1 bridge plus exact WCVP accepted/parent relations; no layer union.
USG-00896,USGS_NAME_LAYER_MAPPING,,380544,C:\range_paper\03_doc\USGS\D08A_USGS_Atlas_G_Table1_20260902.html,fdca3c163d856aeea7b15ec5f80e18750701a880ee8f9f4c1bd5cc076f26292b,ATLASG-0417,SINGLE_SPECIES_LAYER: layer=Pinus_banksiana,Official Table 1 bridge plus exact WCVP accepted/parent relations; no layer union.
USG-00897,USGS_NAME_LAYER_MAPPING,,380589,C:\range_paper\03_doc\USGS\D08A_USGS_Atlas_G_Table1_20260902.html,fdca3c163d856aeea7b15ec5f80e18750701a880ee8f9f4c1bd5cc076f26292b,ATLASG-0408,SINGLE_SPECIES_LAYER: layer=Picea_mariana,Official Table 1 bridge plus exact WCVP accepted/parent relations; no layer union.
USG-00898,USGS_NAME_LAYER_MAPPING,,380614,C:\range_paper\03_doc\USGS\D08A_USGS_Atlas_G_Table1_20260902.html,fdca3c163d856aeea7b15ec5f80e18750701a880ee8f9f4c1bd5cc076f26292b,ATLASG-0406,SINGLE_SPECIES_LAYER: layer=Picea_engelmannii,Official Table 1 bridge plus exact WCVP accepted/parent relations; no layer union.
USG-00899,USGS_NAME_LAYER_MAPPING,,380618,C:\range_paper\03_doc\USGS\D08A_USGS_Atlas_G_Table1_20260902.html,fdca3c163d856aeea7b15ec5f80e18750701a880ee8f9f4c1bd5cc076f26292b,ATLASG-0405,SINGLE_SPECIES_LAYER: layer=Picea_breweriana,Official Table 1 bridge plus exact WCVP accepted/parent relations; no layer union.
USG-00900,USGS_NAME_LAYER_MAPPING,,380705,C:\range_paper\03_doc\USGS\D08A_USGS_Atlas_G_Table1_20260902.html,fdca3c163d856aeea7b15ec5f80e18750701a880ee8f9f4c1bd5cc076f26292b,ATLASG-0413,SINGLE_SPECIES_LAYER: layer=Pinus_albicaulis,Official Table 1 bridge plus exact WCVP accepted/parent relations; no layer union.
USG-00901,USGS_NAME_LAYER_MAPPING,,380719,C:\range_paper\03_doc\USGS\D08A_USGS_Atlas_G_Table1_20260902.html,fdca3c163d856aeea7b15ec5f80e18750701a880ee8f9f4c1bd5cc076f26292b,ATLASG-0409,SINGLE_SPECIES_LAYER: layer=Picea_pungens,Official Table 1 bridge plus exact WCVP accepted/parent relations; no layer union.
USG-00902,USGS_NAME_LAYER_MAPPING,,380723,C:\range_paper\03_doc\USGS\D08A_USGS_Atlas_G_Table1_20260902.html,fdca3c163d856aeea7b15ec5f80e18750701a880ee8f9f4c1bd5cc076f26292b,ATLASG-0414,SINGLE_SPECIES_LAYER: layer=Pinus_aristata,Official Table 1 bridge plus exact WCVP accepted/parent relations; no layer union.
USG-00903,USGS_NAME_LAYER_MAPPING,,380741,C:\range_paper\03_doc\USGS\D08A_USGS_Atlas_G_Table1_20260902.html,fdca3c163d856aeea7b15ec5f80e18750701a880ee8f9f4c1bd5cc076f26292b,ATLASG-0411,SINGLE_SPECIES_LAYER: layer=Picea_sitchensis,Official Table 1 bridge plus exact WCVP accepted/parent relations; no layer union.
USG-00904,USGS_NAME_LAYER_MAPPING,,380751,C:\range_paper\03_doc\USGS\D08A_USGS_Atlas_G_Table1_20260902.html,fdca3c163d856aeea7b15ec5f80e18750701a880ee8f9f4c1bd5cc076f26292b,ATLASG-0410,SINGLE_SPECIES_LAYER: layer=Picea_rubens,Official Table 1 bridge plus exact WCVP accepted/parent relations; no layer union.
USG-00905,USGS_NAME_LAYER_MAPPING,,381057,C:\range_paper\03_doc\USGS\D08A_USGS_Atlas_G_Table1_20260902.html,fdca3c163d856aeea7b15ec5f80e18750701a880ee8f9f4c1bd5cc076f26292b,ATLASG-0415,SINGLE_SPECIES_LAYER: layer=Pinus_attenuata,Official Table 1 bridge plus exact WCVP accepted/parent relations; no layer union.
USG-00906,USGS_NAME_LAYER_MAPPING,,381078,C:\range_paper\03_doc\USGS\D08A_USGS_Atlas_G_Table1_20260902.html,fdca3c163d856aeea7b15ec5f80e18750701a880ee8f9f4c1bd5cc076f26292b,ATLASG-0407,SINGLE_OFFICIAL_ALIAS_LAYER: layer=Picea_glauca,Official Table 1 bridge plus exact WCVP accepted/parent relations; no layer union.
USG-00907,USGS_NAME_LAYER_MAPPING,,381300,C:\range_paper\03_doc\USGS\D08A_USGS_Atlas_G_Table1_20260902.html,fdca3c163d856aeea7b15ec5f80e18750701a880ee8f9f4c1bd5cc076f26292b,ATLASG-0614,SINGLE_SPECIES_LAYER: layer=Sequoiadendron_giganteum,Official Table 1 bridge plus exact WCVP accepted/parent relations; no layer union.
USG-00908,USGS_NAME_LAYER_MAPPING,,381632,C:\range_paper\03_doc\USGS\D08A_USGS_Atlas_G_Table1_20260902.html,fdca3c163d856aeea7b15ec5f80e18750701a880ee8f9f4c1bd5cc076f26292b,ATLASG-0001,SINGLE_SPECIES_LAYER: layer=Abies_amabilis,Official Table 1 bridge plus exact WCVP accepted/parent relations; no layer union.
USG-00909,USGS_NAME_LAYER_MAPPING,,381647,C:\range_paper\03_doc\USGS\D08A_USGS_Atlas_G_Table1_20260902.html,fdca3c163d856aeea7b15ec5f80e18750701a880ee8f9f4c1bd5cc076f26292b,ATLASG-0002,SINGLE_SPECIES_LAYER: layer=Abies_balsamea,Official Table 1 bridge plus exact WCVP accepted/parent relations; no layer union.
USG-00910,USGS_NAME_LAYER_MAPPING,,381713,C:\range_paper\03_doc\USGS\D08A_USGS_Atlas_G_Table1_20260902.html,fdca3c163d856aeea7b15ec5f80e18750701a880ee8f9f4c1bd5cc076f26292b,ATLASG-0003,SINGLE_SPECIES_LAYER: layer=Abies_concolor,Official Table 1 bridge plus exact WCVP accepted/parent relations; no layer union.
USG-00911,USGS_NAME_LAYER_MAPPING,,381792,C:\range_paper\03_doc\USGS\D08A_USGS_Atlas_G_Table1_20260902.html,fdca3c163d856aeea7b15ec5f80e18750701a880ee8f9f4c1bd5cc076f26292b,ATLASG-0004,SINGLE_SPECIES_LAYER: layer=Abies_fraseri,Official Table 1 bridge plus exact WCVP accepted/parent relations; no layer union.
USG-00912,USGS_NAME_LAYER_MAPPING,,381853,C:\range_paper\03_doc\USGS\D08A_USGS_Atlas_G_Table1_20260902.html,fdca3c163d856aeea7b15ec5f80e18750701a880ee8f9f4c1bd5cc076f26292b,ATLASG-0006,SINGLE_SPECIES_LAYER: layer=Abies_lasiocarpa,Official Table 1 bridge plus exact WCVP accepted/parent relations; no layer union.
USG-00913,USGS_NAME_LAYER_MAPPING,,381868,C:\range_paper\03_doc\USGS\D08A_USGS_Atlas_G_Table1_20260902.html,fdca3c163d856aeea7b15ec5f80e18750701a880ee8f9f4c1bd5cc076f26292b,ATLASG-0007,SINGLE_SPECIES_LAYER: layer=Abies_magnifica,Official Table 1 bridge plus exact WCVP accepted/parent relations; no layer union.
USG-00914,USGS_NAME_LAYER_MAPPING,,381974,C:\range_paper\03_doc\USGS\D08A_USGS_Atlas_G_Table1_20260902.html,fdca3c163d856aeea7b15ec5f80e18750701a880ee8f9f4c1bd5cc076f26292b,ATLASG-0008,SINGLE_SPECIES_LAYER: layer=Abies_procera,Official Table 1 bridge plus exact WCVP accepted/parent relations; no layer union.
USG-00915,USGS_NAME_LAYER_MAPPING,,382424,C:\range_paper\03_doc\USGS\D08A_USGS_Atlas_G_Table1_20260902.html,fdca3c163d856aeea7b15ec5f80e18750701a880ee8f9f4c1bd5cc076f26292b,ATLASG-0339,SINGLE_OFFICIAL_ALIAS_LAYER: layer=Libocedrus_decurrens,Official Table 1 bridge plus exact WCVP accepted/parent relations; no layer union.
USG-00916,USGS_NAME_LAYER_MAPPING,,382830,C:\range_paper\03_doc\USGS\D08A_USGS_Atlas_G_Table1_20260902.html,fdca3c163d856aeea7b15ec5f80e18750701a880ee8f9f4c1bd5cc076f26292b,ATLASG-0143,SINGLE_SPECIES_LAYER: layer=Chamaecyparis_lawsoniana,Official Table 1 bridge plus exact WCVP accepted/parent relations; no layer union.
USG-00917,USGS_NAME_LAYER_MAPPING,,382860,C:\range_paper\03_doc\USGS\D08A_USGS_Atlas_G_Table1_20260902.html,fdca3c163d856aeea7b15ec5f80e18750701a880ee8f9f4c1bd5cc076f26292b,ATLASG-0145,SINGLE_SPECIES_LAYER: layer=Chamaecyparis_thyoides,Official Table 1 bridge plus exact WCVP accepted/parent relations; no layer union.
USG-00918,USGS_NAME_LAYER_MAPPING,,384904,C:\range_paper\03_doc\USGS\D08A_USGS_Atlas_G_Table1_20260902.html,fdca3c163d856aeea7b15ec5f80e18750701a880ee8f9f4c1bd5cc076f26292b,ATLASG-0215,SINGLE_SPECIES_LAYER: layer=Diospyros_texana,Official Table 1 bridge plus exact WCVP accepted/parent relations; no layer union.
USG-00919,USGS_NAME_LAYER_MAPPING,,385000,C:\range_paper\03_doc\USGS\D08A_USGS_Atlas_G_Table1_20260902.html,fdca3c163d856aeea7b15ec5f80e18750701a880ee8f9f4c1bd5cc076f26292b,ATLASG-0216,SINGLE_SPECIES_LAYER: layer=Diospyros_virginiana,Official Table 1 bridge plus exact WCVP accepted/parent relations; no layer union.
USG-00920,USGS_NAME_LAYER_MAPPING,,456789,C:\range_paper\03_doc\USGS\D08A_USGS_Atlas_G_Table1_20260902.html,fdca3c163d856aeea7b15ec5f80e18750701a880ee8f9f4c1bd5cc076f26292b,ATLASG-0144,SINGLE_OFFICIAL_ALIAS_LAYER: layer=Chamaecyparis_nootkatensis,Official Table 1 bridge plus exact WCVP accepted/parent relations; no layer union.
USG-00921,USGS_NAME_LAYER_MAPPING,,457902,C:\range_paper\03_doc\USGS\D08A_USGS_Atlas_G_Table1_20260902.html,fdca3c163d856aeea7b15ec5f80e18750701a880ee8f9f4c1bd5cc076f26292b,ATLASG-0199,AMBIGUOUS: layer=Cupressus_arizonica,Official Table 1 bridge plus exact WCVP accepted/parent relations; no layer union.
USG-00922,USGS_NAME_LAYER_MAPPING,,457918,C:\range_paper\03_doc\USGS\D08A_USGS_Atlas_G_Table1_20260902.html,fdca3c163d856aeea7b15ec5f80e18750701a880ee8f9f4c1bd5cc076f26292b,ATLASG-0201,SINGLE_OFFICIAL_ALIAS_LAYER: layer=Cupressus_sargentii,Official Table 1 bridge plus exact WCVP accepted/parent relations; no layer union.
USG-00923,USGS_NAME_LAYER_MAPPING,,458543,C:\range_paper\03_doc\USGS\D08A_USGS_Atlas_G_Table1_20260902.html,fdca3c163d856aeea7b15ec5f80e18750701a880ee8f9f4c1bd5cc076f26292b,ATLASG-0343,SINGLE_OFFICIAL_ALIAS_LAYER: layer=Lithocarpus_densiflorus,Official Table 1 bridge plus exact WCVP accepted/parent relations; no layer union.
USG-00924,USGS_NAME_LAYER_MAPPING,,500221,C:\range_paper\03_doc\USGS\D08A_USGS_Atlas_G_Table1_20260902.html,fdca3c163d856aeea7b15ec5f80e18750701a880ee8f9f4c1bd5cc076f26292b,ATLASG-0341,SINGLE_SPECIES_LAYER: layer=Liquidambar_styraciflua,Official Table 1 bridge plus exact WCVP accepted/parent relations; no layer union.
USG-00925,USGS_NAME_LAYER_MAPPING,,2331793,C:\range_paper\03_doc\USGS\D08A_USGS_Atlas_G_Table1_20260902.html,fdca3c163d856aeea7b15ec5f80e18750701a880ee8f9f4c1bd5cc076f26292b,ATLASG-0310,SINGLE_SPECIES_LAYER: layer=Juglans_cinerea,Official Table 1 bridge plus exact WCVP accepted/parent relations; no layer union.
USG-00926,USGS_NAME_LAYER_MAPPING,,2331814,C:\range_paper\03_doc\USGS\D08A_USGS_Atlas_G_Table1_20260902.html,fdca3c163d856aeea7b15ec5f80e18750701a880ee8f9f4c1bd5cc076f26292b,ATLASG-0311,SINGLE_SPECIES_LAYER: layer=Juglans_major,Official Table 1 bridge plus exact WCVP accepted/parent relations; no layer union.
USG-00927,USGS_NAME_LAYER_MAPPING,,2331825,C:\range_paper\03_doc\USGS\D08A_USGS_Atlas_G_Table1_20260902.html,fdca3c163d856aeea7b15ec5f80e18750701a880ee8f9f4c1bd5cc076f26292b,ATLASG-0309,SINGLE_SPECIES_LAYER: layer=Juglans_californica,Official Table 1 bridge plus exact WCVP accepted/parent relations; no layer union.
USG-00928,USGS_NAME_LAYER_MAPPING,,2331834,C:\range_paper\03_doc\USGS\D08A_USGS_Atlas_G_Table1_20260902.html,fdca3c163d856aeea7b15ec5f80e18750701a880ee8f9f4c1bd5cc076f26292b,ATLASG-0313,SINGLE_SPECIES_LAYER: layer=Juglans_nigra,Official Table 1 bridge plus exact WCVP accepted/parent relations; no layer union.
USG-00929,USGS_NAME_LAYER_MAPPING,,2331862,C:\range_paper\03_doc\USGS\D08A_USGS_Atlas_G_Table1_20260902.html,fdca3c163d856aeea7b15ec5f80e18750701a880ee8f9f4c1bd5cc076f26292b,ATLASG-0312,SINGLE_SPECIES_LAYER: layer=Juglans_microcarpa,Official Table 1 bridge plus exact WCVP accepted/parent relations; no layer union.
USG-00930,USGS_NAME_LAYER_MAPPING,,2338852,C:\range_paper\03_doc\USGS\D08A_USGS_Atlas_G_Table1_20260902.html,fdca3c163d856aeea7b15ec5f80e18750701a880ee8f9f4c1bd5cc076f26292b,ATLASG-0331,SINGLE_SPECIES_LAYER: layer=Laguncularia_racemosa,Official Table 1 bridge plus exact WCVP accepted/parent relations; no layer union.
USG-00931,USGS_NAME_LAYER_MAPPING,,2346415,C:\range_paper\03_doc\USGS\D08A_USGS_Atlas_G_Table1_20260902.html,fdca3c163d856aeea7b15ec5f80e18750701a880ee8f9f4c1bd5cc076f26292b,ATLASG-0337,SINGLE_SPECIES_LAYER: layer=Leucaena_pulverulenta,Official Table 1 bridge plus exact WCVP accepted/parent relations; no layer union.
USG-00932,USGS_NAME_LAYER_MAPPING,,2364578,C:\range_paper\03_doc\USGS\D08A_USGS_Atlas_G_Table1_20260902.html,fdca3c163d856aeea7b15ec5f80e18750701a880ee8f9f4c1bd5cc076f26292b,ATLASG-0369,SINGLE_SPECIES_LAYER: layer=Metopium_toxiferum,Official Table 1 bridge plus exact WCVP accepted/parent relations; no layer union.
USG-00933,USGS_NAME_LAYER_MAPPING,,2383853,C:\range_paper\03_doc\USGS\D08A_USGS_Atlas_G_Table1_20260902.html,fdca3c163d856aeea7b15ec5f80e18750701a880ee8f9f4c1bd5cc076f26292b,ATLASG-0462,SINGLE_OFFICIAL_ALIAS_LAYER: layer=Prosopis_glandulosa,Official Table 1 bridge plus exact WCVP accepted/parent relations; no layer union.
USG-00934,USGS_NAME_LAYER_MAPPING,,2383876,C:\range_paper\03_doc\USGS\D08A_USGS_Atlas_G_Table1_20260902.html,fdca3c163d856aeea7b15ec5f80e18750701a880ee8f9f4c1bd5cc076f26292b,ATLASG-0464,SINGLE_OFFICIAL_ALIAS_LAYER: layer=Prosopis_velutina,Official Table 1 bridge plus exact WCVP accepted/parent relations; no layer union.
USG-00935,USGS_NAME_LAYER_MAPPING,,2387656,C:\range_paper\03_doc\USGS\D08A_USGS_Atlas_G_Table1_20260902.html,fdca3c163d856aeea7b15ec5f80e18750701a880ee8f9f4c1bd5cc076f26292b,ATLASG-0397,SINGLE_SPECIES_LAYER: layer=Oxydendrum_arboreum,Official Table 1 bridge plus exact WCVP accepted/parent relations; no layer union.
USG-00936,USGS_NAME_LAYER_MAPPING,,2389100,C:\range_paper\03_doc\USGS\D08A_USGS_Atlas_G_Table1_20260902.html,fdca3c163d856aeea7b15ec5f80e18750701a880ee8f9f4c1bd5cc076f26292b,ATLASG-0391,SINGLE_SPECIES_LAYER: layer=Olneya_tesota,Official Table 1 bridge plus exact WCVP accepted/parent relations; no layer union.
USG-00937,USGS_NAME_LAYER_MAPPING,,2428246,C:\range_paper\03_doc\USGS\D08A_USGS_Atlas_G_Table1_20260902.html,fdca3c163d856aeea7b15ec5f80e18750701a880ee8f9f4c1bd5cc076f26292b,ATLASG-0566,SINGLE_SPECIES_LAYER: layer=Robinia_pseudoacacia,Official Table 1 bridge plus exact WCVP accepted/parent relations; no layer union.
USG-00938,USGS_NAME_LAYER_MAPPING,,2446614,C:\range_paper\03_doc\USGS\D08A_USGS_Atlas_G_Table1_20260902.html,fdca3c163d856aeea7b15ec5f80e18750701a880ee8f9f4c1bd5cc076f26292b,ATLASG-0663,SINGLE_SPECIES_LAYER: layer=Umbellularia_californica,Official Table 1 bridge plus exact WCVP accepted/parent relations; no layer union.
USG-00939,USGS_NAME_LAYER_MAPPING,,2448805,C:\range_paper\03_doc\USGS\D08A_USGS_Atlas_G_Table1_20260902.html,fdca3c163d856aeea7b15ec5f80e18750701a880ee8f9f4c1bd5cc076f26292b,ATLASG-0660,SINGLE_SPECIES_LAYER: layer=Ulmus_rubra,Official Table 1 bridge plus exact WCVP accepted/parent relations; no layer union.
USG-00940,USGS_NAME_LAYER_MAPPING,,2448843,C:\range_paper\03_doc\USGS\D08A_USGS_Atlas_G_Table1_20260902.html,fdca3c163d856aeea7b15ec5f80e18750701a880ee8f9f4c1bd5cc076f26292b,ATLASG-0662,SINGLE_SPECIES_LAYER: layer=Ulmus_thomasii,Official Table 1 bridge plus exact WCVP accepted/parent relations; no layer union.
USG-00941,USGS_NAME_LAYER_MAPPING,,2448857,C:\range_paper\03_doc\USGS\D08A_USGS_Atlas_G_Table1_20260902.html,fdca3c163d856aeea7b15ec5f80e18750701a880ee8f9f4c1bd5cc076f26292b,ATLASG-0661,SINGLE_SPECIES_LAYER: layer=Ulmus_serotina,Official Table 1 bridge plus exact WCVP accepted/parent relations; no layer union.
USG-00942,USGS_NAME_LAYER_MAPPING,,2449976,C:\range_paper\03_doc\USGS\D08A_USGS_Atlas_G_Table1_20260902.html,fdca3c163d856aeea7b15ec5f80e18750701a880ee8f9f4c1bd5cc076f26292b,ATLASG-0659,SINGLE_SPECIES_LAYER: layer=Ulmus_crassifolia,Official Table 1 bridge plus exact WCVP accepted/parent relations; no layer union.
USG-00943,USGS_NAME_LAYER_MAPPING,,2450008,C:\range_paper\03_doc\USGS\D08A_USGS_Atlas_G_Table1_20260902.html,fdca3c163d856aeea7b15ec5f80e18750701a880ee8f9f4c1bd5cc076f26292b,ATLASG-0657,SINGLE_SPECIES_LAYER: layer=Ulmus_alata,Official Table 1 bridge plus exact WCVP accepted/parent relations; no layer union.
USG-00944,USGS_NAME_LAYER_MAPPING,,2450019,C:\range_paper\03_doc\USGS\D08A_USGS_Atlas_G_Table1_20260902.html,fdca3c163d856aeea7b15ec5f80e18750701a880ee8f9f4c1bd5cc076f26292b,ATLASG-0658,SINGLE_SPECIES_LAYER: layer=Ulmus_americana,Official Table 1 bridge plus exact WCVP accepted/parent relations; no layer union.
USG-00945,USGS_NAME_LAYER_MAPPING,,2452405,C:\range_paper\03_doc\USGS\D08A_USGS_Atlas_G_Table1_20260902.html,fdca3c163d856aeea7b15ec5f80e18750701a880ee8f9f4c1bd5cc076f26292b,ATLASG-0011,SINGLE_OFFICIAL_ALIAS_LAYER: layer=Acacia_farnesiana,Official Table 1 bridge plus exact WCVP accepted/parent relations; no layer union.
USG-00946,USGS_NAME_LAYER_MAPPING,,2458798,C:\range_paper\03_doc\USGS\D08A_USGS_Atlas_G_Table1_20260902.html,fdca3c163d856aeea7b15ec5f80e18750701a880ee8f9f4c1bd5cc076f26292b,ATLASG-0665,SINGLE_SPECIES_LAYER: layer=Vaccinium_arboreum,Official Table 1 bridge plus exact WCVP accepted/parent relations; no layer union.
USG-00947,USGS_NAME_LAYER_MAPPING,,2469375,C:\range_paper\03_doc\USGS\D08A_USGS_Atlas_G_Table1_20260902.html,fdca3c163d856aeea7b15ec5f80e18750701a880ee8f9f4c1bd5cc076f26292b,ATLASG-0687,MULTIPLE_OTHER_LAYERS: layer=Zanthoxylum_clava-herculis,Official Table 1 bridge plus exact WCVP accepted/parent relations; no layer union.
USG-00948,USGS_NAME_LAYER_MAPPING,,2469375,C:\range_paper\03_doc\USGS\D08A_USGS_Atlas_G_Table1_20260902.html,fdca3c163d856aeea7b15ec5f80e18750701a880ee8f9f4c1bd5cc076f26292b,ATLASG-0689,MULTIPLE_OTHER_LAYERS: layer=Zanthoxylum_hirsutum,Official Table 1 bridge plus exact WCVP accepted/parent relations; no layer union.
USG-00949,USGS_NAME_LAYER_MAPPING,,2500717,C:\range_paper\03_doc\USGS\D08A_USGS_Atlas_G_Table1_20260902.html,fdca3c163d856aeea7b15ec5f80e18750701a880ee8f9f4c1bd5cc076f26292b,ATLASG-0378,SINGLE_SPECIES_LAYER: layer=Myrica_cerifera,Official Table 1 bridge plus exact WCVP accepted/parent relations; no layer union.
USG-00950,USGS_NAME_LAYER_MAPPING,,2501306,C:\range_paper\03_doc\USGS\D08A_USGS_Atlas_G_Table1_20260902.html,fdca3c163d856aeea7b15ec5f80e18750701a880ee8f9f4c1bd5cc076f26292b,ATLASG-0353,SINGLE_SPECIES_LAYER: layer=Maclura_pomifera,Official Table 1 bridge plus exact WCVP accepted/parent relations; no layer union.
USG-00951,USGS_NAME_LAYER_MAPPING,,2501836,C:\range_paper\03_doc\USGS\D08A_USGS_Atlas_G_Table1_20260902.html,fdca3c163d856aeea7b15ec5f80e18750701a880ee8f9f4c1bd5cc076f26292b,ATLASG-0374,SINGLE_SPECIES_LAYER: layer=Morus_microphylla,Official Table 1 bridge plus exact WCVP accepted/parent relations; no layer union.
USG-00952,USGS_NAME_LAYER_MAPPING,,2501906,C:\range_paper\03_doc\USGS\D08A_USGS_Atlas_G_Table1_20260902.html,fdca3c163d856aeea7b15ec5f80e18750701a880ee8f9f4c1bd5cc076f26292b,ATLASG-0375,SINGLE_SPECIES_LAYER: layer=Morus_rubra,Official Table 1 bridge plus exact WCVP accepted/parent relations; no layer union.
USG-00953,USGS_NAME_LAYER_MAPPING,,2518218,C:\range_paper\03_doc\USGS\D08A_USGS_Atlas_G_Table1_20260902.html,fdca3c163d856aeea7b15ec5f80e18750701a880ee8f9f4c1bd5cc076f26292b,ATLASG-0647,MULTIPLE_OTHER_LAYERS: layer=Tilia_caroliniana,Official Table 1 bridge plus exact WCVP accepted/parent relations; no layer union.
USG-00954,USGS_NAME_LAYER_MAPPING,,2518218,C:\range_paper\03_doc\USGS\D08A_USGS_Atlas_G_Table1_20260902.html,fdca3c163d856aeea7b15ec5f80e18750701a880ee8f9f4c1bd5cc076f26292b,ATLASG-0648,MULTIPLE_OTHER_LAYERS: layer=Tilia_heterophylla,Official Table 1 bridge plus exact WCVP accepted/parent relations; no layer union.
USG-00955,USGS_NAME_LAYER_MAPPING,,2523199,C:\range_paper\03_doc\USGS\D08A_USGS_Atlas_G_Table1_20260902.html,fdca3c163d856aeea7b15ec5f80e18750701a880ee8f9f4c1bd5cc076f26292b,ATLASG-0551,SINGLE_SPECIES_LAYER: layer=Rhizophora_mangle,Official Table 1 bridge plus exact WCVP accepted/parent relations; no layer union.
USG-00956,USGS_NAME_LAYER_MAPPING,,2529931,C:\range_paper\03_doc\USGS\D08A_USGS_Atlas_G_Table1_20260902.html,fdca3c163d856aeea7b15ec5f80e18750701a880ee8f9f4c1bd5cc076f26292b,ATLASG-0401,SINGLE_SPECIES_LAYER: layer=Persea_borbonia,Official Table 1 bridge plus exact WCVP accepted/parent relations; no layer union.
USG-00957,USGS_NAME_LAYER_MAPPING,,2551587,C:\range_paper\03_doc\USGS\D08A_USGS_Atlas_G_Table1_20260902.html,fdca3c163d856aeea7b15ec5f80e18750701a880ee8f9f4c1bd5cc076f26292b,ATLASG-0450,SINGLE_SPECIES_LAYER: layer=Planera_aquatica,Official Table 1 bridge plus exact WCVP accepted/parent relations; no layer union.
USG-00958,USGS_NAME_LAYER_MAPPING,,2570450,C:\range_paper\03_doc\USGS\D08A_USGS_Atlas_G_Table1_20260902.html,fdca3c163d856aeea7b15ec5f80e18750701a880ee8f9f4c1bd5cc076f26292b,ATLASG-0453,SINGLE_SPECIES_LAYER: layer=Platanus_wrightii,Official Table 1 bridge plus exact WCVP accepted/parent relations; no layer union.
USG-00959,USGS_NAME_LAYER_MAPPING,,2570459,C:\range_paper\03_doc\USGS\D08A_USGS_Atlas_G_Table1_20260902.html,fdca3c163d856aeea7b15ec5f80e18750701a880ee8f9f4c1bd5cc076f26292b,ATLASG-0451,SINGLE_SPECIES_LAYER: layer=Platanus_occidentalis,Official Table 1 bridge plus exact WCVP accepted/parent relations; no layer union.
USG-00960,USGS_NAME_LAYER_MAPPING,,2570467,C:\range_paper\03_doc\USGS\D08A_USGS_Atlas_G_Table1_20260902.html,fdca3c163d856aeea7b15ec5f80e18750701a880ee8f9f4c1bd5cc076f26292b,ATLASG-0452,SINGLE_SPECIES_LAYER: layer=Platanus_racemosa,Official Table 1 bridge plus exact WCVP accepted/parent relations; no layer union.
USG-00961,USGS_NAME_LAYER_MAPPING,,2582296,C:\range_paper\03_doc\USGS\D08A_USGS_Atlas_G_Table1_20260902.html,fdca3c163d856aeea7b15ec5f80e18750701a880ee8f9f4c1bd5cc076f26292b,ATLASG-0609,SINGLE_SPECIES_LAYER: layer=Sapindus_drummondii,Official Table 1 bridge plus exact WCVP accepted/parent relations; no layer union.
USG-00962,USGS_NAME_LAYER_MAPPING,,2591964,C:\range_paper\03_doc\USGS\D08A_USGS_Atlas_G_Table1_20260902.html,fdca3c163d856aeea7b15ec5f80e18750701a880ee8f9f4c1bd5cc076f26292b,ATLASG-0612,SINGLE_SPECIES_LAYER: layer=Sassafras_albidum,Official Table 1 bridge plus exact WCVP accepted/parent relations; no layer union.
USG-00963,USGS_NAME_LAYER_MAPPING,,2596955,C:\range_paper\03_doc\USGS\D08A_USGS_Atlas_G_Table1_20260902.html,fdca3c163d856aeea7b15ec5f80e18750701a880ee8f9f4c1bd5cc076f26292b,ATLASG-0463,SINGLE_OFFICIAL_ALIAS_LAYER: layer=Prosopis_pubescens,Official Table 1 bridge plus exact WCVP accepted/parent relations; no layer union.
USG-00964,USGS_NAME_LAYER_MAPPING,,2598500,C:\range_paper\03_doc\USGS\D08A_USGS_Atlas_G_Table1_20260902.html,fdca3c163d856aeea7b15ec5f80e18750701a880ee8f9f4c1bd5cc076f26292b,ATLASG-0621,SINGLE_OFFICIAL_ALIAS_LAYER: layer=Sophora_affinis,Official Table 1 bridge plus exact WCVP accepted/parent relations; no layer union.
USG-00965,USGS_NAME_LAYER_MAPPING,,2615689,C:\range_paper\03_doc\USGS\D08A_USGS_Atlas_G_Table1_20260902.html,fdca3c163d856aeea7b15ec5f80e18750701a880ee8f9f4c1bd5cc076f26292b,ATLASG-0020,SINGLE_SPECIES_LAYER: layer=Acer_grandidentatum,Official Table 1 bridge plus exact WCVP accepted/parent relations; no layer union.
USG-00966,USGS_NAME_LAYER_MAPPING,,2615862,C:\range_paper\03_doc\USGS\D08A_USGS_Atlas_G_Table1_20260902.html,fdca3c163d856aeea7b15ec5f80e18750701a880ee8f9f4c1bd5cc076f26292b,ATLASG-0021,SINGLE_SPECIES_LAYER: layer=Acer_leucoderme,Official Table 1 bridge plus exact WCVP accepted/parent relations; no layer union.
USG-00967,USGS_NAME_LAYER_MAPPING,,2615900,C:\range_paper\03_doc\USGS\D08A_USGS_Atlas_G_Table1_20260902.html,fdca3c163d856aeea7b15ec5f80e18750701a880ee8f9f4c1bd5cc076f26292b,ATLASG-0022,SINGLE_SPECIES_LAYER: layer=Acer_macrophyllum,Official Table 1 bridge plus exact WCVP accepted/parent relations; no layer union.
USG-00968,USGS_NAME_LAYER_MAPPING,,2616024,C:\range_paper\03_doc\USGS\D08A_USGS_Atlas_G_Table1_20260902.html,fdca3c163d856aeea7b15ec5f80e18750701a880ee8f9f4c1bd5cc076f26292b,ATLASG-0023,SINGLE_SPECIES_LAYER: layer=Acer_negundo,Official Table 1 bridge plus exact WCVP accepted/parent relations; no layer union.
USG-00969,USGS_NAME_LAYER_MAPPING,,2616060,C:\range_paper\03_doc\USGS\D08A_USGS_Atlas_G_Table1_20260902.html,fdca3c163d856aeea7b15ec5f80e18750701a880ee8f9f4c1bd5cc076f26292b,ATLASG-0024,SINGLE_SPECIES_LAYER: layer=Acer_nigrum,Official Table 1 bridge plus exact WCVP accepted/parent relations; no layer union.
USG-00970,USGS_NAME_LAYER_MAPPING,,2616210,C:\range_paper\03_doc\USGS\D08A_USGS_Atlas_G_Table1_20260902.html,fdca3c163d856aeea7b15ec5f80e18750701a880ee8f9f4c1bd5cc076f26292b,ATLASG-0025,SINGLE_SPECIES_LAYER: layer=Acer_pensylvanicum,Official Table 1 bridge plus exact WCVP accepted/parent relations; no layer union.
USG-00971,USGS_NAME_LAYER_MAPPING,,2616329,C:\range_paper\03_doc\USGS\D08A_USGS_Atlas_G_Table1_20260902.html,fdca3c163d856aeea7b15ec5f80e18750701a880ee8f9f4c1bd5cc076f26292b,ATLASG-0026,SINGLE_SPECIES_LAYER: layer=Acer_rubrum,Official Table 1 bridge plus exact WCVP accepted/parent relations; no layer union.
USG-00972,USGS_NAME_LAYER_MAPPING,,2616367,C:\range_paper\03_doc\USGS\D08A_USGS_Atlas_G_Table1_20260902.html,fdca3c163d856aeea7b15ec5f80e18750701a880ee8f9f4c1bd5cc076f26292b,ATLASG-0027,SINGLE_SPECIES_LAYER: layer=Acer_saccharinum,Official Table 1 bridge plus exact WCVP accepted/parent relations; no layer union.
USG-00973,USGS_NAME_LAYER_MAPPING,,2616387,C:\range_paper\03_doc\USGS\D08A_USGS_Atlas_G_Table1_20260902.html,fdca3c163d856aeea7b15ec5f80e18750701a880ee8f9f4c1bd5cc076f26292b,ATLASG-0028,SINGLE_SPECIES_LAYER: layer=Acer_saccharum,Official Table 1 bridge plus exact WCVP accepted/parent relations; no layer union.
USG-00974,USGS_NAME_LAYER_MAPPING,,2616481,C:\range_paper\03_doc\USGS\D08A_USGS_Atlas_G_Table1_20260902.html,fdca3c163d856aeea7b15ec5f80e18750701a880ee8f9f4c1bd5cc076f26292b,ATLASG-0029,SINGLE_SPECIES_LAYER: layer=Acer_spicatum,Official Table 1 bridge plus exact WCVP accepted/parent relations; no layer union.
USG-00975,USGS_NAME_LAYER_MAPPING,,2624481,C:\range_paper\03_doc\USGS\D08A_USGS_Atlas_G_Table1_20260902.html,fdca3c163d856aeea7b15ec5f80e18750701a880ee8f9f4c1bd5cc076f26292b,ATLASG-0030,SINGLE_SPECIES_LAYER: layer=Aesculus_californica,Official Table 1 bridge plus exact WCVP accepted/parent relations; no layer union.
USG-00976,USGS_NAME_LAYER_MAPPING,,2624500,C:\range_paper\03_doc\USGS\D08A_USGS_Atlas_G_Table1_20260902.html,fdca3c163d856aeea7b15ec5f80e18750701a880ee8f9f4c1bd5cc076f26292b,ATLASG-0032,SINGLE_OFFICIAL_ALIAS_LAYER: layer=Aesculus_octandra,Official Table 1 bridge plus exact WCVP accepted/parent relations; no layer union.
USG-00977,USGS_NAME_LAYER_MAPPING,,2624506,C:\range_paper\03_doc\USGS\D08A_USGS_Atlas_G_Table1_20260902.html,fdca3c163d856aeea7b15ec5f80e18750701a880ee8f9f4c1bd5cc076f26292b,ATLASG-0031,SINGLE_SPECIES_LAYER: layer=Aesculus_glabra,Official Table 1 bridge plus exact WCVP accepted/parent relations; no layer union.
USG-00978,USGS_NAME_LAYER_MAPPING,,2640872,C:\range_paper\03_doc\USGS\D08A_USGS_Atlas_G_Table1_20260902.html,fdca3c163d856aeea7b15ec5f80e18750701a880ee8f9f4c1bd5cc076f26292b,ATLASG-0058,SINGLE_SPECIES_LAYER: layer=Annona_glabra,Official Table 1 bridge plus exact WCVP accepted/parent relations; no layer union.
USG-00979,USGS_NAME_LAYER_MAPPING,,2646656,C:\range_paper\03_doc\USGS\D08A_USGS_Atlas_G_Table1_20260902.html,fdca3c163d856aeea7b15ec5f80e18750701a880ee8f9f4c1bd5cc076f26292b,ATLASG-0060,SINGLE_SPECIES_LAYER: layer=Arbutus_arizonica,Official Table 1 bridge plus exact WCVP accepted/parent relations; no layer union.
USG-00980,USGS_NAME_LAYER_MAPPING,,2646696,C:\range_paper\03_doc\USGS\D08A_USGS_Atlas_G_Table1_20260902.html,fdca3c163d856aeea7b15ec5f80e18750701a880ee8f9f4c1bd5cc076f26292b,ATLASG-0061,SINGLE_SPECIES_LAYER: layer=Arbutus_menziesii,Official Table 1 bridge plus exact WCVP accepted/parent relations; no layer union.
USG-00981,USGS_NAME_LAYER_MAPPING,,2655435,C:\range_paper\03_doc\USGS\D08A_USGS_Atlas_G_Table1_20260902.html,fdca3c163d856aeea7b15ec5f80e18750701a880ee8f9f4c1bd5cc076f26292b,ATLASG-0072,SINGLE_SPECIES_LAYER: layer=Asimina_triloba,Official Table 1 bridge plus exact WCVP accepted/parent relations; no layer union.
USG-00982,USGS_NAME_LAYER_MAPPING,,2687649,C:\range_paper\03_doc\USGS\D08A_USGS_Atlas_G_Table1_20260902.html,fdca3c163d856aeea7b15ec5f80e18750701a880ee8f9f4c1bd5cc076f26292b,ATLASG-0103,SINGLE_SPECIES_LAYER: layer=Bursera_simaruba,Official Table 1 bridge plus exact WCVP accepted/parent relations; no layer union.
USG-00983,USGS_NAME_LAYER_MAPPING,,2701748,C:\range_paper\03_doc\USGS\D08A_USGS_Atlas_G_Table1_20260902.html,fdca3c163d856aeea7b15ec5f80e18750701a880ee8f9f4c1bd5cc076f26292b,ATLASG-0109,SINGLE_SPECIES_LAYER: layer=Carya_aquatica,Official Table 1 bridge plus exact WCVP accepted/parent relations; no layer union.
USG-00984,USGS_NAME_LAYER_MAPPING,,2701766,C:\range_paper\03_doc\USGS\D08A_USGS_Atlas_G_Table1_20260902.html,fdca3c163d856aeea7b15ec5f80e18750701a880ee8f9f4c1bd5cc076f26292b,ATLASG-0110,SINGLE_SPECIES_LAYER: layer=Carya_cordiformis,Official Table 1 bridge plus exact WCVP accepted/parent relations; no layer union.
USG-00985,USGS_NAME_LAYER_MAPPING,,2701774,C:\range_paper\03_doc\USGS\D08A_USGS_Atlas_G_Table1_20260902.html,fdca3c163d856aeea7b15ec5f80e18750701a880ee8f9f4c1bd5cc076f26292b,ATLASG-0111,SINGLE_SPECIES_LAYER: layer=Carya_floridana,Official Table 1 bridge plus exact WCVP accepted/parent relations; no layer union.
USG-00986,USGS_NAME_LAYER_MAPPING,,2701775,C:\range_paper\03_doc\USGS\D08A_USGS_Atlas_G_Table1_20260902.html,fdca3c163d856aeea7b15ec5f80e18750701a880ee8f9f4c1bd5cc076f26292b,ATLASG-0112,SINGLE_SPECIES_LAYER: layer=Carya_glabra,Official Table 1 bridge plus exact WCVP accepted/parent relations; no layer union.
USG-00987,USGS_NAME_LAYER_MAPPING,,2701784,C:\range_paper\03_doc\USGS\D08A_USGS_Atlas_G_Table1_20260902.html,fdca3c163d856aeea7b15ec5f80e18750701a880ee8f9f4c1bd5cc076f26292b,ATLASG-0113,SINGLE_OFFICIAL_ALIAS_LAYER: layer=Carya_illinoensis,Official Table 1 bridge plus exact WCVP accepted/parent relations; no layer union.
USG-00988,USGS_NAME_LAYER_MAPPING,,2701789,C:\range_paper\03_doc\USGS\D08A_USGS_Atlas_G_Table1_20260902.html,fdca3c163d856aeea7b15ec5f80e18750701a880ee8f9f4c1bd5cc076f26292b,ATLASG-0114,SINGLE_SPECIES_LAYER: layer=Carya_laciniosa,Official Table 1 bridge plus exact WCVP accepted/parent relations; no layer union.
USG-00989,USGS_NAME_LAYER_MAPPING,,2701803,C:\range_paper\03_doc\USGS\D08A_USGS_Atlas_G_Table1_20260902.html,fdca3c163d856aeea7b15ec5f80e18750701a880ee8f9f4c1bd5cc076f26292b,ATLASG-0115,SINGLE_OFFICIAL_ALIAS_LAYER: layer=Carya_myristicaeformis,Official Table 1 bridge plus exact WCVP accepted/parent relations; no layer union.
USG-00990,USGS_NAME_LAYER_MAPPING,,2701831,C:\range_paper\03_doc\USGS\D08A_USGS_Atlas_G_Table1_20260902.html,fdca3c163d856aeea7b15ec5f80e18750701a880ee8f9f4c1bd5cc076f26292b,ATLASG-0116,SINGLE_SPECIES_LAYER: layer=Carya_ovata,Official Table 1 bridge plus exact WCVP accepted/parent relations; no layer union.
USG-00991,USGS_NAME_LAYER_MAPPING,,2701846,C:\range_paper\03_doc\USGS\D08A_USGS_Atlas_G_Table1_20260902.html,fdca3c163d856aeea7b15ec5f80e18750701a880ee8f9f4c1bd5cc076f26292b,ATLASG-0117,SINGLE_SPECIES_LAYER: layer=Carya_pallida,Official Table 1 bridge plus exact WCVP accepted/parent relations; no layer union.
USG-00992,USGS_NAME_LAYER_MAPPING,,2701863,C:\range_paper\03_doc\USGS\D08A_USGS_Atlas_G_Table1_20260902.html,fdca3c163d856aeea7b15ec5f80e18750701a880ee8f9f4c1bd5cc076f26292b,ATLASG-0118,SINGLE_SPECIES_LAYER: layer=Carya_texana,Official Table 1 bridge plus exact WCVP accepted/parent relations; no layer union.
USG-00993,USGS_NAME_LAYER_MAPPING,,2701867,C:\range_paper\03_doc\USGS\D08A_USGS_Atlas_G_Table1_20260902.html,fdca3c163d856aeea7b15ec5f80e18750701a880ee8f9f4c1bd5cc076f26292b,ATLASG-0119,SINGLE_SPECIES_LAYER: layer=Carya_tomentosa,Official Table 1 bridge plus exact WCVP accepted/parent relations; no layer union.
USG-00994,USGS_NAME_LAYER_MAPPING,,2708323,C:\range_paper\03_doc\USGS\D08A_USGS_Atlas_G_Table1_20260902.html,fdca3c163d856aeea7b15ec5f80e18750701a880ee8f9f4c1bd5cc076f26292b,ATLASG-0127,SINGLE_SPECIES_LAYER: layer=Celtis_laevigata,Official Table 1 bridge plus exact WCVP accepted/parent relations; no layer union.
USG-00995,USGS_NAME_LAYER_MAPPING,,2708380,C:\range_paper\03_doc\USGS\D08A_USGS_Atlas_G_Table1_20260902.html,fdca3c163d856aeea7b15ec5f80e18750701a880ee8f9f4c1bd5cc076f26292b,ATLASG-0128,SINGLE_SPECIES_LAYER: layer=Celtis_occidentalis,Official Table 1 bridge plus exact WCVP accepted/parent relations; no layer union.
USG-00996,USGS_NAME_LAYER_MAPPING,,2708432,C:\range_paper\03_doc\USGS\D08A_USGS_Atlas_G_Table1_20260902.html,fdca3c163d856aeea7b15ec5f80e18750701a880ee8f9f4c1bd5cc076f26292b,ATLASG-0130,SINGLE_SPECIES_LAYER: layer=Celtis_reticulata,Official Table 1 bridge plus exact WCVP accepted/parent relations; no layer union.
USG-00997,USGS_NAME_LAYER_MAPPING,,2711403,C:\range_paper\03_doc\USGS\D08A_USGS_Atlas_G_Table1_20260902.html,fdca3c163d856aeea7b15ec5f80e18750701a880ee8f9f4c1bd5cc076f26292b,ATLASG-0136,SINGLE_SPECIES_LAYER: layer=Cercis_canadensis,Official Table 1 bridge plus exact WCVP accepted/parent relations; no layer union.
USG-00998,USGS_NAME_LAYER_MAPPING,,2724586,C:\range_paper\03_doc\USGS\D08A_USGS_Atlas_G_Table1_20260902.html,fdca3c163d856aeea7b15ec5f80e18750701a880ee8f9f4c1bd5cc076f26292b,ATLASG-0167,SINGLE_SPECIES_LAYER: layer=Cladrastis_kentukea,Official Table 1 bridge plus exact WCVP accepted/parent relations; no layer union.
USG-00999,USGS_NAME_LAYER_MAPPING,,2729242,C:\range_paper\03_doc\USGS\D08A_USGS_Atlas_G_Table1_20260902.html,fdca3c163d856aeea7b15ec5f80e18750701a880ee8f9f4c1bd5cc076f26292b,ATLASG-0170,SINGLE_SPECIES_LAYER: layer=Coccoloba_diversifolia,Official Table 1 bridge plus exact WCVP accepted/parent relations; no layer union.
USG-01000,USGS_NAME_LAYER_MAPPING,,2733979,C:\range_paper\03_doc\USGS\D08A_USGS_Atlas_G_Table1_20260902.html,fdca3c163d856aeea7b15ec5f80e18750701a880ee8f9f4c1bd5cc076f26292b,ATLASG-0175,SINGLE_SPECIES_LAYER: layer=Condalia_hookeri,Official Table 1 bridge plus exact WCVP accepted/parent relations; no layer union.
USG-01001,USGS_NAME_LAYER_MAPPING,,2734516,C:\range_paper\03_doc\USGS\D08A_USGS_Atlas_G_Table1_20260902.html,fdca3c163d856aeea7b15ec5f80e18750701a880ee8f9f4c1bd5cc076f26292b,ATLASG-0177,SINGLE_SPECIES_LAYER: layer=Conocarpus_erectus,Official Table 1 bridge plus exact WCVP accepted/parent relations; no layer union.
USG-01002,USGS_NAME_LAYER_MAPPING,,2736585,C:\range_paper\03_doc\USGS\D08A_USGS_Atlas_G_Table1_20260902.html,fdca3c163d856aeea7b15ec5f80e18750701a880ee8f9f4c1bd5cc076f26292b,ATLASG-0178,SINGLE_SPECIES_LAYER: layer=Cordia_boissieri,Official Table 1 bridge plus exact WCVP accepted/parent relations; no layer union.
USG-01003,USGS_NAME_LAYER_MAPPING,,2740014,C:\range_paper\03_doc\USGS\D08A_USGS_Atlas_G_Table1_20260902.html,fdca3c163d856aeea7b15ec5f80e18750701a880ee8f9f4c1bd5cc076f26292b,ATLASG-0191,SINGLE_SPECIES_LAYER: layer=Cotinus_obovatus,Official Table 1 bridge plus exact WCVP accepted/parent relations; no layer union.
USG-01004,USGS_NAME_LAYER_MAPPING,,2780305,C:\range_paper\03_doc\USGS\D08A_USGS_Atlas_G_Table1_20260902.html,fdca3c163d856aeea7b15ec5f80e18750701a880ee8f9f4c1bd5cc076f26292b,ATLASG-0447,SINGLE_OFFICIAL_ALIAS_LAYER: layer=Pithecellobium_flexicaule,Official Table 1 bridge plus exact WCVP accepted/parent relations; no layer union.
USG-01005,USGS_NAME_LAYER_MAPPING,,2784654,C:\range_paper\03_doc\USGS\D08A_USGS_Atlas_G_Table1_20260902.html,fdca3c163d856aeea7b15ec5f80e18750701a880ee8f9f4c1bd5cc076f26292b,ATLASG-0221,SINGLE_SPECIES_LAYER: layer=Ehretia_anacua,Official Table 1 bridge plus exact WCVP accepted/parent relations; no layer union.
USG-01006,USGS_NAME_LAYER_MAPPING,,2809576,C:\range_paper\03_doc\USGS\D08A_USGS_Atlas_G_Table1_20260902.html,fdca3c163d856aeea7b15ec5f80e18750701a880ee8f9f4c1bd5cc076f26292b,ATLASG-0245,SINGLE_SPECIES_LAYER: layer=Ficus_aurea,Official Table 1 bridge plus exact WCVP accepted/parent relations; no layer union.
USG-01007,USGS_NAME_LAYER_MAPPING,,2826455,C:\range_paper\03_doc\USGS\D08A_USGS_Atlas_G_Table1_20260902.html,fdca3c163d856aeea7b15ec5f80e18750701a880ee8f9f4c1bd5cc076f26292b,ATLASG-0268,SINGLE_SPECIES_LAYER: layer=Gleditsia_aquatica,Official Table 1 bridge plus exact WCVP accepted/parent relations; no layer union.
USG-01008,USGS_NAME_LAYER_MAPPING,,2826513,C:\range_paper\03_doc\USGS\D08A_USGS_Atlas_G_Table1_20260902.html,fdca3c163d856aeea7b15ec5f80e18750701a880ee8f9f4c1bd5cc076f26292b,ATLASG-0269,SINGLE_SPECIES_LAYER: layer=Gleditsia_triacanthos,Official Table 1 bridge plus exact WCVP accepted/parent relations; no layer union.
USG-01009,USGS_NAME_LAYER_MAPPING,,2830846,C:\range_paper\03_doc\USGS\D08A_USGS_Atlas_G_Table1_20260902.html,fdca3c163d856aeea7b15ec5f80e18750701a880ee8f9f4c1bd5cc076f26292b,ATLASG-0272,SINGLE_SPECIES_LAYER: layer=Gordonia_lasianthus,Official Table 1 bridge plus exact WCVP accepted/parent relations; no layer union.
USG-01010,USGS_NAME_LAYER_MAPPING,,2835921,C:\range_paper\03_doc\USGS\D08A_USGS_Atlas_G_Table1_20260902.html,fdca3c163d856aeea7b15ec5f80e18750701a880ee8f9f4c1bd5cc076f26292b,ATLASG-0276,SINGLE_SPECIES_LAYER: layer=Gymnocladus_dioicus,Official Table 1 bridge plus exact WCVP accepted/parent relations; no layer union.
USG-01011,USGS_NAME_LAYER_MAPPING,,2838104,C:\range_paper\03_doc\USGS\D08A_USGS_Atlas_G_Table1_20260902.html,fdca3c163d856aeea7b15ec5f80e18750701a880ee8f9f4c1bd5cc076f26292b,ATLASG-0277,MULTIPLE_OTHER_LAYERS: layer=Halesia_carolina,Official Table 1 bridge plus exact WCVP accepted/parent relations; no layer union.
USG-01012,USGS_NAME_LAYER_MAPPING,,2838104,C:\range_paper\03_doc\USGS\D08A_USGS_Atlas_G_Table1_20260902.html,fdca3c163d856aeea7b15ec5f80e18750701a880ee8f9f4c1bd5cc076f26292b,ATLASG-0279,MULTIPLE_OTHER_LAYERS: layer=Halesia_parviflora,Official Table 1 bridge plus exact WCVP accepted/parent relations; no layer union.
USG-01013,USGS_NAME_LAYER_MAPPING,,2838115,C:\range_paper\03_doc\USGS\D08A_USGS_Atlas_G_Table1_20260902.html,fdca3c163d856aeea7b15ec5f80e18750701a880ee8f9f4c1bd5cc076f26292b,ATLASG-0278,SINGLE_SPECIES_LAYER: layer=Halesia_diptera,Official Table 1 bridge plus exact WCVP accepted/parent relations; no layer union.
USG-01014,USGS_NAME_LAYER_MAPPING,,2860502,C:\range_paper\03_doc\USGS\D08A_USGS_Atlas_G_Table1_20260902.html,fdca3c163d856aeea7b15ec5f80e18750701a880ee8f9f4c1bd5cc076f26292b,ATLASG-0295,SINGLE_SPECIES_LAYER: layer=Ilex_cassine,Official Table 1 bridge plus exact WCVP accepted/parent relations; no layer union.
USG-01015,USGS_NAME_LAYER_MAPPING,,2861190,C:\range_paper\03_doc\USGS\D08A_USGS_Atlas_G_Table1_20260902.html,fdca3c163d856aeea7b15ec5f80e18750701a880ee8f9f4c1bd5cc076f26292b,ATLASG-0301,SINGLE_SPECIES_LAYER: layer=Ilex_opaca,Official Table 1 bridge plus exact WCVP accepted/parent relations; no layer union.
USG-01016,USGS_NAME_LAYER_MAPPING,,2861645,C:\range_paper\03_doc\USGS\D08A_USGS_Atlas_G_Table1_20260902.html,fdca3c163d856aeea7b15ec5f80e18750701a880ee8f9f4c1bd5cc076f26292b,ATLASG-0303,SINGLE_SPECIES_LAYER: layer=Ilex_vomitoria,Official Table 1 bridge plus exact WCVP accepted/parent relations; no layer union.
USG-01017,USGS_NAME_LAYER_MAPPING,,2915966,C:\range_paper\03_doc\USGS\D08A_USGS_Atlas_G_Table1_20260902.html,fdca3c163d856aeea7b15ec5f80e18750701a880ee8f9f4c1bd5cc076f26292b,ATLASG-0477,SINGLE_SPECIES_LAYER: layer=Prunus_serotina,Official Table 1 bridge plus exact WCVP accepted/parent relations; no layer union.
USG-01018,USGS_NAME_LAYER_MAPPING,,2917212,C:\range_paper\03_doc\USGS\D08A_USGS_Atlas_G_Table1_20260902.html,fdca3c163d856aeea7b15ec5f80e18750701a880ee8f9f4c1bd5cc076f26292b,ATLASG-0456,SINGLE_SPECIES_LAYER: layer=Populus_deltoides,Official Table 1 bridge plus exact WCVP accepted/parent relations; no layer union.
USG-01019,USGS_NAME_LAYER_MAPPING,,2917269,C:\range_paper\03_doc\USGS\D08A_USGS_Atlas_G_Table1_20260902.html,fdca3c163d856aeea7b15ec5f80e18750701a880ee8f9f4c1bd5cc076f26292b,ATLASG-0457,SINGLE_SPECIES_LAYER: layer=Populus_fremontii,Official Table 1 bridge plus exact WCVP accepted/parent relations; no layer union.
USG-01020,USGS_NAME_LAYER_MAPPING,,2917292,C:\range_paper\03_doc\USGS\D08A_USGS_Atlas_G_Table1_20260902.html,fdca3c163d856aeea7b15ec5f80e18750701a880ee8f9f4c1bd5cc076f26292b,ATLASG-0455,SINGLE_SPECIES_LAYER: layer=Populus_balsamifera,Official Table 1 bridge plus exact WCVP accepted/parent relations; no layer union.
USG-01021,USGS_NAME_LAYER_MAPPING,,2917437,C:\range_paper\03_doc\USGS\D08A_USGS_Atlas_G_Table1_20260902.html,fdca3c163d856aeea7b15ec5f80e18750701a880ee8f9f4c1bd5cc076f26292b,ATLASG-0461,SINGLE_OFFICIAL_ALIAS_LAYER: layer=Populus_trichocarpa,Official Table 1 bridge plus exact WCVP accepted/parent relations; no layer union.
USG-01022,USGS_NAME_LAYER_MAPPING,,2917451,C:\range_paper\03_doc\USGS\D08A_USGS_Atlas_G_Table1_20260902.html,fdca3c163d856aeea7b15ec5f80e18750701a880ee8f9f4c1bd5cc076f26292b,ATLASG-0460,SINGLE_SPECIES_LAYER: layer=Populus_tremuloides,Official Table 1 bridge plus exact WCVP accepted/parent relations; no layer union.
USG-01023,USGS_NAME_LAYER_MAPPING,,2917577,C:\range_paper\03_doc\USGS\D08A_USGS_Atlas_G_Table1_20260902.html,fdca3c163d856aeea7b15ec5f80e18750701a880ee8f9f4c1bd5cc076f26292b,ATLASG-0458,SINGLE_SPECIES_LAYER: layer=Populus_grandidentata,Official Table 1 bridge plus exact WCVP accepted/parent relations; no layer union.
USG-01024,USGS_NAME_LAYER_MAPPING,,2918617,C:\range_paper\03_doc\USGS\D08A_USGS_Atlas_G_Table1_20260902.html,fdca3c163d856aeea7b15ec5f80e18750701a880ee8f9f4c1bd5cc076f26292b,ATLASG-0573,SINGLE_SPECIES_LAYER: layer=Salix_amygdaloides,Official Table 1 bridge plus exact WCVP accepted/parent relations; no layer union.
USG-01025,USGS_NAME_LAYER_MAPPING,,2919167,C:\range_paper\03_doc\USGS\D08A_USGS_Atlas_G_Table1_20260902.html,fdca3c163d856aeea7b15ec5f80e18750701a880ee8f9f4c1bd5cc076f26292b,ATLASG-0577,SINGLE_SPECIES_LAYER: layer=Salix_caroliniana,Official Table 1 bridge plus exact WCVP accepted/parent relations; no layer union.
USG-01026,USGS_NAME_LAYER_MAPPING,,2919837,C:\range_paper\03_doc\USGS\D08A_USGS_Atlas_G_Table1_20260902.html,fdca3c163d856aeea7b15ec5f80e18750701a880ee8f9f4c1bd5cc076f26292b,ATLASG-0590,AMBIGUOUS: layer=Salix_nigra,Official Table 1 bridge plus exact WCVP accepted/parent relations; no layer union.
USG-01027,USGS_NAME_LAYER_MAPPING,,2940130,C:\range_paper\03_doc\USGS\D08A_USGS_Atlas_G_Table1_20260902.html,fdca3c163d856aeea7b15ec5f80e18750701a880ee8f9f4c1bd5cc076f26292b,ATLASG-0053,SINGLE_SPECIES_LAYER: layer=Amelanchier_arborea,Official Table 1 bridge plus exact WCVP accepted/parent relations; no layer union.
USG-01028,USGS_NAME_LAYER_MAPPING,,2943367,C:\range_paper\03_doc\USGS\D08A_USGS_Atlas_G_Table1_20260902.html,fdca3c163d856aeea7b15ec5f80e18750701a880ee8f9f4c1bd5cc076f26292b,ATLASG-0141,SINGLE_SPECIES_LAYER: layer=Cercocarpus_ledifolius,Official Table 1 bridge plus exact WCVP accepted/parent relations; no layer union.
USG-01029,USGS_NAME_LAYER_MAPPING,,2950397,C:\range_paper\03_doc\USGS\D08A_USGS_Atlas_G_Table1_20260902.html,fdca3c163d856aeea7b15ec5f80e18750701a880ee8f9f4c1bd5cc076f26292b,ATLASG-0362,SINGLE_SPECIES_LAYER: layer=Malus_angustifolia,Official Table 1 bridge plus exact WCVP accepted/parent relations; no layer union.
USG-01030,USGS_NAME_LAYER_MAPPING,,2950548,C:\range_paper\03_doc\USGS\D08A_USGS_Atlas_G_Table1_20260902.html,fdca3c163d856aeea7b15ec5f80e18750701a880ee8f9f4c1bd5cc076f26292b,ATLASG-0363,SINGLE_SPECIES_LAYER: layer=Malus_coronaria,Official Table 1 bridge plus exact WCVP accepted/parent relations; no layer union.
USG-01031,USGS_NAME_LAYER_MAPPING,,2950658,C:\range_paper\03_doc\USGS\D08A_USGS_Atlas_G_Table1_20260902.html,fdca3c163d856aeea7b15ec5f80e18750701a880ee8f9f4c1bd5cc076f26292b,ATLASG-0364,SINGLE_OFFICIAL_ALIAS_LAYER: layer=Malus_diversifolia,Official Table 1 bridge plus exact WCVP accepted/parent relations; no layer union.
USG-01032,USGS_NAME_LAYER_MAPPING,,2958765,C:\range_paper\03_doc\USGS\D08A_USGS_Atlas_G_Table1_20260902.html,fdca3c163d856aeea7b15ec5f80e18750701a880ee8f9f4c1bd5cc076f26292b,ATLASG-0466,SINGLE_SPECIES_LAYER: layer=Prunus_americana,Official Table 1 bridge plus exact WCVP accepted/parent relations; no layer union.
USG-01033,USGS_NAME_LAYER_MAPPING,,2959079,C:\range_paper\03_doc\USGS\D08A_USGS_Atlas_G_Table1_20260902.html,fdca3c163d856aeea7b15ec5f80e18750701a880ee8f9f4c1bd5cc076f26292b,ATLASG-0467,SINGLE_SPECIES_LAYER: layer=Prunus_caroliniana,Official Table 1 bridge plus exact WCVP accepted/parent relations; no layer union.
USG-01034,USGS_NAME_LAYER_MAPPING,,2960673,C:\range_paper\03_doc\USGS\D08A_USGS_Atlas_G_Table1_20260902.html,fdca3c163d856aeea7b15ec5f80e18750701a880ee8f9f4c1bd5cc076f26292b,ATLASG-0473,SINGLE_SPECIES_LAYER: layer=Prunus_mexicana,Official Table 1 bridge plus exact WCVP accepted/parent relations; no layer union.
USG-01035,USGS_NAME_LAYER_MAPPING,,2961130,C:\range_paper\03_doc\USGS\D08A_USGS_Atlas_G_Table1_20260902.html,fdca3c163d856aeea7b15ec5f80e18750701a880ee8f9f4c1bd5cc076f26292b,ATLASG-0476,SINGLE_SPECIES_LAYER: layer=Prunus_pensylvanica,Official Table 1 bridge plus exact WCVP accepted/parent relations; no layer union.
USG-01036,USGS_NAME_LAYER_MAPPING,,2962364,C:\range_paper\03_doc\USGS\D08A_USGS_Atlas_G_Table1_20260902.html,fdca3c163d856aeea7b15ec5f80e18750701a880ee8f9f4c1bd5cc076f26292b,ATLASG-0480,SINGLE_SPECIES_LAYER: layer=Prunus_virginiana,Official Table 1 bridge plus exact WCVP accepted/parent relations; no layer union.
USG-01037,USGS_NAME_LAYER_MAPPING,,2991391,C:\range_paper\03_doc\USGS\D08A_USGS_Atlas_G_Table1_20260902.html,fdca3c163d856aeea7b15ec5f80e18750701a880ee8f9f4c1bd5cc076f26292b,ATLASG-0623,SINGLE_SPECIES_LAYER: layer=Sorbus_americana,Official Table 1 bridge plus exact WCVP accepted/parent relations; no layer union.
USG-01038,USGS_NAME_LAYER_MAPPING,,2991806,C:\range_paper\03_doc\USGS\D08A_USGS_Atlas_G_Table1_20260902.html,fdca3c163d856aeea7b15ec5f80e18750701a880ee8f9f4c1bd5cc076f26292b,ATLASG-0624,SINGLE_SPECIES_LAYER: layer=Sorbus_decora,Official Table 1 bridge plus exact WCVP accepted/parent relations; no layer union.
