fia_species_code,fia_name_raw,fia_scientific_name,fia_concept_author,fia_author_evidence_status,matched_wcvp_plant_name_id,matched_wcvp_taxon_name,matched_wcvp_taxon_authors,matched_wcvp_taxon_status,matched_wcvp_taxon_rank,accepted_taxon_id,accepted_taxon_name,accepted_taxon_authors,accepted_taxon_status,accepted_taxon_rank,terminal_target_taxon_id,terminal_target_taxon_name,terminal_target_taxon_authors,terminal_target_taxon_status,terminal_target_taxon_rank,analysis_species_id,analysis_species_name,analysis_species_authors,analysis_species_rank,mapping_class,taxonomy_resolution_status,hybrid_or_nothotaxon_flag,ordinary_analysis_species_flag,no_analysis_species_reason,distribution_query_plant_name_id,terminal_target_hybrid_formula,analysis_species_hybrid_formula,wcvp_hybrid_formula_present_flag,distribution_query_taxon_name,diameter_measurement_basis,woodland_indicator,dia_threshold_inches,main_analysis_candidate_retained_flag,dbh_only_sensitivity_component_flag,supplementary_sensitivity_candidate_flag,d08b1_correction_applied_flag,d08b1_correction_case_class,d08b1_authority_source,v01_mapping_class,v01_taxonomy_resolution_status
11,Abies amabilis,Abies amabilis,,NOT_AVAILABLE_IN_FROZEN_FIA_INPUT,381632,Abies amabilis,Douglas ex J.Forbes,Accepted,Species,381632,Abies amabilis,Douglas ex J.Forbes,Accepted,Species,381632,Abies amabilis,Douglas ex J.Forbes,Accepted,Species,381632,Abies amabilis,Douglas ex J.Forbes,Species,ACCEPTED_SPECIES,RESOLVED,0,1,,381632,,,0,Abies amabilis,DBH_BREAST_HEIGHT,N,5.0,1,1,0,0,,D08B_V01_FROZEN,ACCEPTED_SPECIES,RESOLVED
12,Abies balsamea,Abies balsamea,,NOT_AVAILABLE_IN_FROZEN_FIA_INPUT,381647,Abies balsamea,(L.) Mill.,Accepted,Species,381647,Abies balsamea,(L.) Mill.,Accepted,Species,381647,Abies balsamea,(L.) Mill.,Accepted,Species,381647,Abies balsamea,(L.) Mill.,Species,ACCEPTED_SPECIES,RESOLVED,0,1,,381647,,,0,Abies balsamea,DBH_BREAST_HEIGHT,N,5.0,1,1,0,0,,D08B_V01_FROZEN,ACCEPTED_SPECIES,RESOLVED
15,Abies concolor,Abies concolor,,NOT_AVAILABLE_IN_FROZEN_FIA_INPUT,381713,Abies concolor,(Gordon & Glend.) Lindl. ex Hildebr.,Accepted,Species,381713,Abies concolor,(Gordon & Glend.) Lindl. ex Hildebr.,Accepted,Species,381713,Abies concolor,(Gordon & Glend.) Lindl. ex Hildebr.,Accepted,Species,381713,Abies concolor,(Gordon & Glend.) Lindl. ex Hildebr.,Species,ACCEPTED_SPECIES,RESOLVED,0,1,,381713,,,0,Abies concolor,DBH_BREAST_HEIGHT,N,5.0,1,1,0,0,,D08B_V01_FROZEN,ACCEPTED_SPECIES,RESOLVED
16,Abies fraseri,Abies fraseri,,NOT_AVAILABLE_IN_FROZEN_FIA_INPUT,381792,Abies fraseri,(Pursh) Poir.,Accepted,Species,381792,Abies fraseri,(Pursh) Poir.,Accepted,Species,381792,Abies fraseri,(Pursh) Poir.,Accepted,Species,381792,Abies fraseri,(Pursh) Poir.,Species,ACCEPTED_SPECIES,RESOLVED,0,1,,381792,,,0,Abies fraseri,DBH_BREAST_HEIGHT,N,5.0,1,1,0,0,,D08B_V01_FROZEN,ACCEPTED_SPECIES,RESOLVED
17,Abies grandis,Abies grandis,,NOT_AVAILABLE_IN_FROZEN_FIA_INPUT,381804,Abies grandis,(Douglas ex D.Don) Lindl.,Accepted,Species,381804,Abies grandis,(Douglas ex D.Don) Lindl.,Accepted,Species,381804,Abies grandis,(Douglas ex D.Don) Lindl.,Accepted,Species,381804,Abies grandis,(Douglas ex D.Don) Lindl.,Species,ACCEPTED_SPECIES,RESOLVED,0,1,,381804,,,0,Abies grandis,DBH_BREAST_HEIGHT,N,5.0,1,1,0,0,,D08B_V01_FROZEN,ACCEPTED_SPECIES,RESOLVED
18,Abies lasiocarpa var. arizonica,Abies lasiocarpa var. arizonica,,NOT_AVAILABLE_IN_FROZEN_FIA_INPUT,381854,Abies lasiocarpa var. arizonica,(Merriam) Lemmon,Accepted,Variety,381854,Abies lasiocarpa var. arizonica,(Merriam) Lemmon,Accepted,Variety,381854,Abies lasiocarpa var. arizonica,(Merriam) Lemmon,Accepted,Variety,381853,Abies lasiocarpa,(Hook.) Nutt.,Species,ACCEPTED_INFRASPECIES_TO_PARENT_SPECIES,RESOLVED,0,1,,381853,,,0,Abies lasiocarpa,DBH_BREAST_HEIGHT,N,5.0,1,1,0,0,,D08B_V01_FROZEN,ACCEPTED_INFRASPECIES_TO_PARENT_SPECIES,RESOLVED
19,Abies lasiocarpa,Abies lasiocarpa,,NOT_AVAILABLE_IN_FROZEN_FIA_INPUT,381853,Abies lasiocarpa,(Hook.) Nutt.,Accepted,Species,381853,Abies lasiocarpa,(Hook.) Nutt.,Accepted,Species,381853,Abies lasiocarpa,(Hook.) Nutt.,Accepted,Species,381853,Abies lasiocarpa,(Hook.) Nutt.,Species,ACCEPTED_SPECIES,RESOLVED,0,1,,381853,,,0,Abies lasiocarpa,DBH_BREAST_HEIGHT,N,5.0,1,1,0,0,,D08B_V01_FROZEN,ACCEPTED_SPECIES,RESOLVED
20,Abies magnifica,Abies magnifica,,NOT_AVAILABLE_IN_FROZEN_FIA_INPUT,381868,Abies magnifica,A.Murray bis,Accepted,Species,381868,Abies magnifica,A.Murray bis,Accepted,Species,381868,Abies magnifica,A.Murray bis,Accepted,Species,381868,Abies magnifica,A.Murray bis,Species,ACCEPTED_SPECIES,RESOLVED,0,1,,381868,,,0,Abies magnifica,DBH_BREAST_HEIGHT,N,5.0,1,1,0,0,,D08B_V01_FROZEN,ACCEPTED_SPECIES,RESOLVED
21,Abies shastensis,Abies shastensis,,NOT_AVAILABLE_IN_FROZEN_FIA_INPUT,381999,Abies shastensis,(Lemmon) Lemmon,Synonym,Species,381872,Abies magnifica var. shastensis,Lemmon,Accepted,Variety,381872,Abies magnifica var. shastensis,Lemmon,Accepted,Variety,381868,Abies magnifica,A.Murray bis,Species,SYNONYM_TO_ACCEPTED_INFRASPECIES_TO_PARENT_SPECIES,RESOLVED,0,1,,381868,,,0,Abies magnifica,DBH_BREAST_HEIGHT,N,5.0,1,1,0,0,,D08B_V01_FROZEN,SYNONYM_TO_ACCEPTED_INFRASPECIES_TO_PARENT_SPECIES,RESOLVED
22,Abies procera,Abies procera,,NOT_AVAILABLE_IN_FROZEN_FIA_INPUT,381974,Abies procera,Rehder,Accepted,Species,381974,Abies procera,Rehder,Accepted,Species,381974,Abies procera,Rehder,Accepted,Species,381974,Abies procera,Rehder,Species,ACCEPTED_SPECIES,RESOLVED,0,1,,381974,,,0,Abies procera,DBH_BREAST_HEIGHT,N,5.0,1,1,0,0,,D08B_V01_FROZEN,ACCEPTED_SPECIES,RESOLVED
41,Chamaecyparis lawsoniana,Chamaecyparis lawsoniana,,NOT_AVAILABLE_IN_FROZEN_FIA_INPUT,382830,Chamaecyparis lawsoniana,(A.Murray bis) Oerst.,Accepted,Species,382830,Chamaecyparis lawsoniana,(A.Murray bis) Oerst.,Accepted,Species,382830,Chamaecyparis lawsoniana,(A.Murray bis) Oerst.,Accepted,Species,382830,Chamaecyparis lawsoniana,(A.Murray bis) Oerst.,Species,ACCEPTED_SPECIES,RESOLVED,0,1,,382830,,,0,Chamaecyparis lawsoniana,DBH_BREAST_HEIGHT,N,5.0,1,1,0,0,,D08B_V01_FROZEN,ACCEPTED_SPECIES,RESOLVED
42,Chamaecyparis nootkatensis,Chamaecyparis nootkatensis,,NOT_AVAILABLE_IN_FROZEN_FIA_INPUT,382839,Chamaecyparis nootkatensis,(D.Don) Spach,Synonym,Species,456789,Callitropsis nootkatensis,(D.Don) Oerst.,Accepted,Species,456789,Callitropsis nootkatensis,(D.Don) Oerst.,Accepted,Species,456789,Callitropsis nootkatensis,(D.Don) Oerst.,Species,SYNONYM_TO_ACCEPTED_SPECIES,RESOLVED,0,1,,456789,,,0,Callitropsis nootkatensis,DBH_BREAST_HEIGHT,N,5.0,1,1,0,0,,D08B_V01_FROZEN,SYNONYM_TO_ACCEPTED_SPECIES,RESOLVED
43,Chamaecyparis thyoides,Chamaecyparis thyoides,,NOT_AVAILABLE_IN_FROZEN_FIA_INPUT,382860,Chamaecyparis thyoides,(L.) Oerst.,Accepted,Species,382860,Chamaecyparis thyoides,(L.) Oerst.,Accepted,Species,382860,Chamaecyparis thyoides,(L.) Oerst.,Accepted,Species,382860,Chamaecyparis thyoides,(L.) Oerst.,Species,ACCEPTED_SPECIES,RESOLVED,0,1,,382860,,,0,Chamaecyparis thyoides,DBH_BREAST_HEIGHT,N,5.0,1,1,0,0,,D08B_V01_FROZEN,ACCEPTED_SPECIES,RESOLVED
51,Cupressus arizonica,Cupressus arizonica,,NOT_AVAILABLE_IN_FROZEN_FIA_INPUT,383039,Cupressus arizonica,Greene,Synonym,Species,457902,Hesperocyparis arizonica,(Greene) Bartel,Accepted,Species,457902,Hesperocyparis arizonica,(Greene) Bartel,Accepted,Species,457902,Hesperocyparis arizonica,(Greene) Bartel,Species,SYNONYM_TO_ACCEPTED_SPECIES,RESOLVED,0,1,,457902,,,0,Hesperocyparis arizonica,DBH_BREAST_HEIGHT,N,5.0,1,1,0,0,,D08B_V01_FROZEN,SYNONYM_TO_ACCEPTED_SPECIES,RESOLVED
52,Cupressus bakeri,Cupressus bakeri,,NOT_AVAILABLE_IN_FROZEN_FIA_INPUT,383062,Cupressus bakeri,Jeps.,Synonym,Species,457903,Hesperocyparis bakeri,(Jeps.) Bartel,Accepted,Species,457903,Hesperocyparis bakeri,(Jeps.) Bartel,Accepted,Species,457903,Hesperocyparis bakeri,(Jeps.) Bartel,Species,SYNONYM_TO_ACCEPTED_SPECIES,RESOLVED,0,1,,457903,,,0,Hesperocyparis bakeri,DBH_BREAST_HEIGHT,N,5.0,1,1,0,0,,D08B_V01_FROZEN,SYNONYM_TO_ACCEPTED_SPECIES,RESOLVED
54,Cupressus macrocarpa,Cupressus macrocarpa,,NOT_AVAILABLE_IN_FROZEN_FIA_INPUT,383187,Cupressus macrocarpa,Hartw.,Synonym,Species,457913,Hesperocyparis macrocarpa,(Hartw.) Bartel,Accepted,Species,457913,Hesperocyparis macrocarpa,(Hartw.) Bartel,Accepted,Species,457913,Hesperocyparis macrocarpa,(Hartw.) Bartel,Species,SYNONYM_TO_ACCEPTED_SPECIES,RESOLVED,0,1,,457913,,,0,Hesperocyparis macrocarpa,DBH_BREAST_HEIGHT,N,5.0,1,1,0,0,,D08B_V01_FROZEN,SYNONYM_TO_ACCEPTED_SPECIES,RESOLVED
55,Cupressus sargentii,Cupressus sargentii,,NOT_AVAILABLE_IN_FROZEN_FIA_INPUT,383229,Cupressus sargentii,Jeps.,Synonym,Species,457918,Hesperocyparis sargentii,(Jeps.) Bartel,Accepted,Species,457918,Hesperocyparis sargentii,(Jeps.) Bartel,Accepted,Species,457918,Hesperocyparis sargentii,(Jeps.) Bartel,Species,SYNONYM_TO_ACCEPTED_SPECIES,RESOLVED,0,1,,457918,,,0,Hesperocyparis sargentii,DBH_BREAST_HEIGHT,N,5.0,1,1,0,0,,D08B_V01_FROZEN,SYNONYM_TO_ACCEPTED_SPECIES,RESOLVED
58,Juniperus pinchotii,Juniperus pinchotii,,NOT_AVAILABLE_IN_FROZEN_FIA_INPUT,377678,Juniperus pinchotii,Sudw.,Accepted,Species,377678,Juniperus pinchotii,Sudw.,Accepted,Species,377678,Juniperus pinchotii,Sudw.,Accepted,Species,377678,Juniperus pinchotii,Sudw.,Species,ACCEPTED_SPECIES,RESOLVED,0,1,,377678,,,0,Juniperus pinchotii,DRC_ROOT_COLLAR,Y,5.0,1,0,0,0,,D08B_V01_FROZEN,ACCEPTED_SPECIES,RESOLVED
59,Juniperus coahuilensis,Juniperus coahuilensis,,NOT_AVAILABLE_IN_FROZEN_FIA_INPUT,377511,Juniperus coahuilensis,(Martínez) Gaussen ex R.P.Adams,Accepted,Species,377511,Juniperus coahuilensis,(Martínez) Gaussen ex R.P.Adams,Accepted,Species,377511,Juniperus coahuilensis,(Martínez) Gaussen ex R.P.Adams,Accepted,Species,377511,Juniperus coahuilensis,(Martínez) Gaussen ex R.P.Adams,Species,ACCEPTED_SPECIES,RESOLVED,0,1,,377511,,,0,Juniperus coahuilensis,DRC_ROOT_COLLAR,Y,5.0,1,0,0,0,,D08B_V01_FROZEN,ACCEPTED_SPECIES,RESOLVED
60,Juniperus flaccida,Juniperus flaccida,,NOT_AVAILABLE_IN_FROZEN_FIA_INPUT,377397,Juniperus flaccida,Schltdl.,Accepted,Species,377397,Juniperus flaccida,Schltdl.,Accepted,Species,377397,Juniperus flaccida,Schltdl.,Accepted,Species,377397,Juniperus flaccida,Schltdl.,Species,ACCEPTED_SPECIES,RESOLVED,0,1,,377397,,,0,Juniperus flaccida,DRC_ROOT_COLLAR,Y,5.0,1,0,0,0,,D08B_V01_FROZEN,ACCEPTED_SPECIES,RESOLVED
61,Juniperus ashei,Juniperus ashei,,NOT_AVAILABLE_IN_FROZEN_FIA_INPUT,377454,Juniperus ashei,J.Buchholz,Accepted,Species,377454,Juniperus ashei,J.Buchholz,Accepted,Species,377454,Juniperus ashei,J.Buchholz,Accepted,Species,377454,Juniperus ashei,J.Buchholz,Species,ACCEPTED_SPECIES,RESOLVED,0,1,,377454,,,0,Juniperus ashei,DRC_ROOT_COLLAR,Y,5.0,1,0,0,0,,D08B_V01_FROZEN,ACCEPTED_SPECIES,RESOLVED
62,Juniperus californica,Juniperus californica,,NOT_AVAILABLE_IN_FROZEN_FIA_INPUT,377520,Juniperus californica,Carrière,Accepted,Species,377520,Juniperus californica,Carrière,Accepted,Species,377520,Juniperus californica,Carrière,Accepted,Species,377520,Juniperus californica,Carrière,Species,ACCEPTED_SPECIES,RESOLVED,0,1,,377520,,,0,Juniperus californica,DRC_ROOT_COLLAR,Y,5.0,1,0,0,0,,D08B_V01_FROZEN,ACCEPTED_SPECIES,RESOLVED
63,Juniperus deppeana,Juniperus deppeana,,NOT_AVAILABLE_IN_FROZEN_FIA_INPUT,377371,Juniperus deppeana,Steud.,Accepted,Species,377371,Juniperus deppeana,Steud.,Accepted,Species,377371,Juniperus deppeana,Steud.,Accepted,Species,377371,Juniperus deppeana,Steud.,Species,ACCEPTED_SPECIES,RESOLVED,0,1,,377371,,,0,Juniperus deppeana,DRC_ROOT_COLLAR,Y,5.0,1,0,0,0,,D08B_V01_FROZEN,ACCEPTED_SPECIES,RESOLVED
64,Juniperus occidentalis,Juniperus occidentalis,,NOT_AVAILABLE_IN_FROZEN_FIA_INPUT,377592,Juniperus occidentalis,Hook.,Accepted,Species,377592,Juniperus occidentalis,Hook.,Accepted,Species,377592,Juniperus occidentalis,Hook.,Accepted,Species,377592,Juniperus occidentalis,Hook.,Species,ACCEPTED_SPECIES,RESOLVED,0,1,,377592,,,0,Juniperus occidentalis,DBH_BREAST_HEIGHT,N,5.0,1,1,0,0,,D08B_V01_FROZEN,ACCEPTED_SPECIES,RESOLVED
65,Juniperus osteosperma,Juniperus osteosperma,,NOT_AVAILABLE_IN_FROZEN_FIA_INPUT,377597,Juniperus osteosperma,(Torr.) Little,Accepted,Species,377597,Juniperus osteosperma,(Torr.) Little,Accepted,Species,377597,Juniperus osteosperma,(Torr.) Little,Accepted,Species,377597,Juniperus osteosperma,(Torr.) Little,Species,ACCEPTED_SPECIES,RESOLVED,0,1,,377597,,,0,Juniperus osteosperma,DRC_ROOT_COLLAR,Y,5.0,1,0,0,0,,D08B_V01_FROZEN,ACCEPTED_SPECIES,RESOLVED
66,Juniperus scopulorum,Juniperus scopulorum,,NOT_AVAILABLE_IN_FROZEN_FIA_INPUT,377330,Juniperus scopulorum,Sarg.,Accepted,Species,377330,Juniperus scopulorum,Sarg.,Accepted,Species,377330,Juniperus scopulorum,Sarg.,Accepted,Species,377330,Juniperus scopulorum,Sarg.,Species,ACCEPTED_SPECIES,RESOLVED,0,1,,377330,,,0,Juniperus scopulorum,DRC_ROOT_COLLAR,Y,5.0,1,0,0,0,,D08B_V01_FROZEN,ACCEPTED_SPECIES,RESOLVED
67,Juniperus virginiana var. silicicola,Juniperus virginiana var. silicicola,,NOT_AVAILABLE_IN_FROZEN_FIA_INPUT,377291,Juniperus virginiana var. silicicola,(Small) A.E.Murray,Accepted,Variety,377291,Juniperus virginiana var. silicicola,(Small) A.E.Murray,Accepted,Variety,377291,Juniperus virginiana var. silicicola,(Small) A.E.Murray,Accepted,Variety,377287,Juniperus virginiana,L.,Species,ACCEPTED_INFRASPECIES_TO_PARENT_SPECIES,RESOLVED,0,1,,377287,,,0,Juniperus virginiana,DBH_BREAST_HEIGHT,N,5.0,1,1,0,0,,D08B_V01_FROZEN,ACCEPTED_INFRASPECIES_TO_PARENT_SPECIES,RESOLVED
68,Juniperus virginiana,Juniperus virginiana,,NOT_AVAILABLE_IN_FROZEN_FIA_INPUT,377287,Juniperus virginiana,L.,Accepted,Species,377287,Juniperus virginiana,L.,Accepted,Species,377287,Juniperus virginiana,L.,Accepted,Species,377287,Juniperus virginiana,L.,Species,ACCEPTED_SPECIES,RESOLVED,0,1,,377287,,,0,Juniperus virginiana,DBH_BREAST_HEIGHT,N,5.0,1,1,0,0,,D08B_V01_FROZEN,ACCEPTED_SPECIES,RESOLVED
69,Juniperus monosperma,Juniperus monosperma,,NOT_AVAILABLE_IN_FROZEN_FIA_INPUT,377543,Juniperus monosperma,(Engelm.) Sarg.,Accepted,Species,377543,Juniperus monosperma,(Engelm.) Sarg.,Accepted,Species,377543,Juniperus monosperma,(Engelm.) Sarg.,Accepted,Species,377543,Juniperus monosperma,(Engelm.) Sarg.,Species,ACCEPTED_SPECIES,RESOLVED,0,1,,377543,,,0,Juniperus monosperma,DRC_ROOT_COLLAR,Y,5.0,1,0,0,0,,D08B_V01_FROZEN,ACCEPTED_SPECIES,RESOLVED
70,Larix spp.,Larix spp.,,NOT_AVAILABLE_IN_FROZEN_FIA_INPUT,,,,,,,,,,,,,,,,,,,,GENUS_OR_NON_SPECIES_AGGREGATE,CLASSIFIED_NON_SPECIES,0,0,FIA name is a genus/non-species aggregate or unknown object; no species assignment permitted.,,,,0,,DBH_BREAST_HEIGHT,N,5.0,1,1,0,0,,D08B_V01_FROZEN,GENUS_OR_NON_SPECIES_AGGREGATE,CLASSIFIED_NON_SPECIES
71,Larix laricina,Larix laricina,,NOT_AVAILABLE_IN_FROZEN_FIA_INPUT,379072,Larix laricina,(Du Roi) K.Koch,Accepted,Species,379072,Larix laricina,(Du Roi) K.Koch,Accepted,Species,379072,Larix laricina,(Du Roi) K.Koch,Accepted,Species,379072,Larix laricina,(Du Roi) K.Koch,Species,ACCEPTED_SPECIES,RESOLVED,0,1,,379072,,,0,Larix laricina,DBH_BREAST_HEIGHT,N,5.0,1,1,0,0,,D08B_V01_FROZEN,ACCEPTED_SPECIES,RESOLVED
72,Larix lyallii,Larix lyallii,,NOT_AVAILABLE_IN_FROZEN_FIA_INPUT,379089,Larix lyallii,Parl.,Accepted,Species,379089,Larix lyallii,Parl.,Accepted,Species,379089,Larix lyallii,Parl.,Accepted,Species,379089,Larix lyallii,Parl.,Species,ACCEPTED_SPECIES,RESOLVED,0,1,,379089,,,0,Larix lyallii,DBH_BREAST_HEIGHT,N,5.0,1,1,0,0,,D08B_V01_FROZEN,ACCEPTED_SPECIES,RESOLVED
73,Larix occidentalis,Larix occidentalis,,NOT_AVAILABLE_IN_FROZEN_FIA_INPUT,379096,Larix occidentalis,Nutt.,Accepted,Species,379096,Larix occidentalis,Nutt.,Accepted,Species,379096,Larix occidentalis,Nutt.,Accepted,Species,379096,Larix occidentalis,Nutt.,Species,ACCEPTED_SPECIES,RESOLVED,0,1,,379096,,,0,Larix occidentalis,DBH_BREAST_HEIGHT,N,5.0,1,1,0,0,,D08B_V01_FROZEN,ACCEPTED_SPECIES,RESOLVED
81,Calocedrus decurrens,Calocedrus decurrens,,NOT_AVAILABLE_IN_FROZEN_FIA_INPUT,382424,Calocedrus decurrens,(Torr.) Florin,Accepted,Species,382424,Calocedrus decurrens,(Torr.) Florin,Accepted,Species,382424,Calocedrus decurrens,(Torr.) Florin,Accepted,Species,382424,Calocedrus decurrens,(Torr.) Florin,Species,ACCEPTED_SPECIES,RESOLVED,0,1,,382424,,,0,Calocedrus decurrens,DBH_BREAST_HEIGHT,N,5.0,1,1,0,0,,D08B_V01_FROZEN,ACCEPTED_SPECIES,RESOLVED
91,Picea abies,Picea abies,,NOT_AVAILABLE_IN_FROZEN_FIA_INPUT,380406,Picea abies,(L.) H.Karst.,Accepted,Species,380406,Picea abies,(L.) H.Karst.,Accepted,Species,380406,Picea abies,(L.) H.Karst.,Accepted,Species,380406,Picea abies,(L.) H.Karst.,Species,ACCEPTED_SPECIES,RESOLVED,0,1,,380406,,,0,Picea abies,DBH_BREAST_HEIGHT,N,5.0,1,1,0,0,,D08B_V01_FROZEN,ACCEPTED_SPECIES,RESOLVED
92,Picea breweriana,Picea breweriana,,NOT_AVAILABLE_IN_FROZEN_FIA_INPUT,380618,Picea breweriana,S.Watson,Accepted,Species,380618,Picea breweriana,S.Watson,Accepted,Species,380618,Picea breweriana,S.Watson,Accepted,Species,380618,Picea breweriana,S.Watson,Species,ACCEPTED_SPECIES,RESOLVED,0,1,,380618,,,0,Picea breweriana,DBH_BREAST_HEIGHT,N,5.0,1,1,0,0,,D08B_V01_FROZEN,ACCEPTED_SPECIES,RESOLVED
93,Picea engelmannii,Picea engelmannii,,NOT_AVAILABLE_IN_FROZEN_FIA_INPUT,380614,Picea engelmannii,Engelm.,Accepted,Species,380614,Picea engelmannii,Engelm.,Accepted,Species,380614,Picea engelmannii,Engelm.,Accepted,Species,380614,Picea engelmannii,Engelm.,Species,ACCEPTED_SPECIES,RESOLVED,0,1,,380614,,,0,Picea engelmannii,DBH_BREAST_HEIGHT,N,5.0,1,1,0,0,,D08B_V01_FROZEN,ACCEPTED_SPECIES,RESOLVED
94,Picea glauca,Picea glauca,,NOT_AVAILABLE_IN_FROZEN_FIA_INPUT,380651,Picea glauca,(Moench) Voss,Synonym,Species,381078,Picea laxa,(Münchh.) Sarg.,Accepted,Species,381078,Picea laxa,(Münchh.) Sarg.,Accepted,Species,381078,Picea laxa,(Münchh.) Sarg.,Species,SYNONYM_TO_ACCEPTED_SPECIES,RESOLVED,0,1,,381078,,,0,Picea laxa,DBH_BREAST_HEIGHT,N,5.0,1,1,0,0,,D08B_V01_FROZEN,SYNONYM_TO_ACCEPTED_SPECIES,RESOLVED
95,Picea mariana,Picea mariana,,NOT_AVAILABLE_IN_FROZEN_FIA_INPUT,380589,Picea mariana,"(Mill.) Britton, Sterns & Poggenb.",Accepted,Species,380589,Picea mariana,"(Mill.) Britton, Sterns & Poggenb.",Accepted,Species,380589,Picea mariana,"(Mill.) Britton, Sterns & Poggenb.",Accepted,Species,380589,Picea mariana,"(Mill.) Britton, Sterns & Poggenb.",Species,ACCEPTED_SPECIES,RESOLVED,0,1,,380589,,,0,Picea mariana,DBH_BREAST_HEIGHT,N,5.0,1,1,0,0,,D08B_V01_FROZEN,ACCEPTED_SPECIES,RESOLVED
96,Picea pungens,Picea pungens,,NOT_AVAILABLE_IN_FROZEN_FIA_INPUT,380719,Picea pungens,Engelm.,Accepted,Species,380719,Picea pungens,Engelm.,Accepted,Species,380719,Picea pungens,Engelm.,Accepted,Species,380719,Picea pungens,Engelm.,Species,ACCEPTED_SPECIES,RESOLVED,0,1,,380719,,,0,Picea pungens,DBH_BREAST_HEIGHT,N,5.0,1,1,0,0,,D08B_V01_FROZEN,ACCEPTED_SPECIES,RESOLVED
97,Picea rubens,Picea rubens,,NOT_AVAILABLE_IN_FROZEN_FIA_INPUT,380751,Picea rubens,Sarg.,Accepted,Species,380751,Picea rubens,Sarg.,Accepted,Species,380751,Picea rubens,Sarg.,Accepted,Species,380751,Picea rubens,Sarg.,Species,ACCEPTED_SPECIES,RESOLVED,0,1,,380751,,,0,Picea rubens,DBH_BREAST_HEIGHT,N,5.0,1,1,0,0,,D08B_V01_FROZEN,ACCEPTED_SPECIES,RESOLVED
98,Picea sitchensis,Picea sitchensis,,NOT_AVAILABLE_IN_FROZEN_FIA_INPUT,380741,Picea sitchensis,(Bong.) Carrière,Accepted,Species,380741,Picea sitchensis,(Bong.) Carrière,Accepted,Species,380741,Picea sitchensis,(Bong.) Carrière,Accepted,Species,380741,Picea sitchensis,(Bong.) Carrière,Species,ACCEPTED_SPECIES,RESOLVED,0,1,,380741,,,0,Picea sitchensis,DBH_BREAST_HEIGHT,N,5.0,1,1,0,0,,D08B_V01_FROZEN,ACCEPTED_SPECIES,RESOLVED
101,Pinus albicaulis,Pinus albicaulis,,NOT_AVAILABLE_IN_FROZEN_FIA_INPUT,380705,Pinus albicaulis,Engelm.,Accepted,Species,380705,Pinus albicaulis,Engelm.,Accepted,Species,380705,Pinus albicaulis,Engelm.,Accepted,Species,380705,Pinus albicaulis,Engelm.,Species,ACCEPTED_SPECIES,RESOLVED,0,1,,380705,,,0,Pinus albicaulis,DBH_BREAST_HEIGHT,N,5.0,1,1,0,0,,D08B_V01_FROZEN,ACCEPTED_SPECIES,RESOLVED
102,Pinus aristata,Pinus aristata,,NOT_AVAILABLE_IN_FROZEN_FIA_INPUT,380723,Pinus aristata,Engelm.,Accepted,Species,380723,Pinus aristata,Engelm.,Accepted,Species,380723,Pinus aristata,Engelm.,Accepted,Species,380723,Pinus aristata,Engelm.,Species,ACCEPTED_SPECIES,RESOLVED,0,1,,380723,,,0,Pinus aristata,DBH_BREAST_HEIGHT,N,5.0,1,1,0,0,,D08B_V01_FROZEN,ACCEPTED_SPECIES,RESOLVED
103,Pinus attenuata,Pinus attenuata,,NOT_AVAILABLE_IN_FROZEN_FIA_INPUT,381057,Pinus attenuata,Lemmon,Accepted,Species,381057,Pinus attenuata,Lemmon,Accepted,Species,381057,Pinus attenuata,Lemmon,Accepted,Species,381057,Pinus attenuata,Lemmon,Species,ACCEPTED_SPECIES,RESOLVED,0,1,,381057,,,0,Pinus attenuata,DBH_BREAST_HEIGHT,N,5.0,1,1,0,0,,D08B_V01_FROZEN,ACCEPTED_SPECIES,RESOLVED
104,Pinus balfouriana,Pinus balfouriana,,NOT_AVAILABLE_IN_FROZEN_FIA_INPUT,380514,Pinus balfouriana,Balf.,Accepted,Species,380514,Pinus balfouriana,Balf.,Accepted,Species,380514,Pinus balfouriana,Balf.,Accepted,Species,380514,Pinus balfouriana,Balf.,Species,ACCEPTED_SPECIES,RESOLVED,0,1,,380514,,,0,Pinus balfouriana,DBH_BREAST_HEIGHT,N,5.0,1,1,0,0,,D08B_V01_FROZEN,ACCEPTED_SPECIES,RESOLVED
105,Pinus banksiana,Pinus banksiana,,NOT_AVAILABLE_IN_FROZEN_FIA_INPUT,380544,Pinus banksiana,Lamb.,Accepted,Species,380544,Pinus banksiana,Lamb.,Accepted,Species,380544,Pinus banksiana,Lamb.,Accepted,Species,380544,Pinus banksiana,Lamb.,Species,ACCEPTED_SPECIES,RESOLVED,0,1,,380544,,,0,Pinus banksiana,DBH_BREAST_HEIGHT,N,5.0,1,1,0,0,,D08B_V01_FROZEN,ACCEPTED_SPECIES,RESOLVED
106,Pinus edulis,Pinus edulis,,NOT_AVAILABLE_IN_FROZEN_FIA_INPUT,379820,Pinus edulis,Engelm.,Accepted,Species,379820,Pinus edulis,Engelm.,Accepted,Species,379820,Pinus edulis,Engelm.,Accepted,Species,379820,Pinus edulis,Engelm.,Species,ACCEPTED_SPECIES,RESOLVED,0,1,,379820,,,0,Pinus edulis,DRC_ROOT_COLLAR,Y,5.0,1,0,0,0,,D08B_V01_FROZEN,ACCEPTED_SPECIES,RESOLVED
107,Pinus clausa,Pinus clausa,,NOT_AVAILABLE_IN_FROZEN_FIA_INPUT,379871,Pinus clausa,(Chapm. ex Engelm.) Vasey ex Sarg.,Accepted,Species,379871,Pinus clausa,(Chapm. ex Engelm.) Vasey ex Sarg.,Accepted,Species,379871,Pinus clausa,(Chapm. ex Engelm.) Vasey ex Sarg.,Accepted,Species,379871,Pinus clausa,(Chapm. ex Engelm.) Vasey ex Sarg.,Species,ACCEPTED_SPECIES,RESOLVED,0,1,,379871,,,0,Pinus clausa,DBH_BREAST_HEIGHT,N,5.0,1,1,0,0,,D08B_V01_FROZEN,ACCEPTED_SPECIES,RESOLVED
108,Pinus contorta,Pinus contorta,,NOT_AVAILABLE_IN_FROZEN_FIA_INPUT,379843,Pinus contorta,Douglas ex Loudon,Accepted,Species,379843,Pinus contorta,Douglas ex Loudon,Accepted,Species,379843,Pinus contorta,Douglas ex Loudon,Accepted,Species,379843,Pinus contorta,Douglas ex Loudon,Species,ACCEPTED_SPECIES,RESOLVED,0,1,,379843,,,0,Pinus contorta,DBH_BREAST_HEIGHT,N,5.0,1,1,0,0,,D08B_V01_FROZEN,ACCEPTED_SPECIES,RESOLVED
109,Pinus coulteri,Pinus coulteri,,NOT_AVAILABLE_IN_FROZEN_FIA_INPUT,379852,Pinus coulteri,D.Don,Accepted,Species,379852,Pinus coulteri,D.Don,Accepted,Species,379852,Pinus coulteri,D.Don,Accepted,Species,379852,Pinus coulteri,D.Don,Species,ACCEPTED_SPECIES,RESOLVED,0,1,,379852,,,0,Pinus coulteri,DBH_BREAST_HEIGHT,N,5.0,1,1,0,0,,D08B_V01_FROZEN,ACCEPTED_SPECIES,RESOLVED
110,Pinus echinata,Pinus echinata,,NOT_AVAILABLE_IN_FROZEN_FIA_INPUT,379818,Pinus echinata,Mill.,Accepted,Species,379818,Pinus echinata,Mill.,Accepted,Species,379818,Pinus echinata,Mill.,Accepted,Species,379818,Pinus echinata,Mill.,Species,ACCEPTED_SPECIES,RESOLVED,0,1,,379818,,,0,Pinus echinata,DBH_BREAST_HEIGHT,N,5.0,1,1,0,0,,D08B_V01_FROZEN,ACCEPTED_SPECIES,RESOLVED
111,Pinus elliottii,Pinus elliottii,,NOT_AVAILABLE_IN_FROZEN_FIA_INPUT,379943,Pinus elliottii,Engelm.,Accepted,Species,379943,Pinus elliottii,Engelm.,Accepted,Species,379943,Pinus elliottii,Engelm.,Accepted,Species,379943,Pinus elliottii,Engelm.,Species,ACCEPTED_SPECIES,RESOLVED,0,1,,379943,,,0,Pinus elliottii,DBH_BREAST_HEIGHT,N,5.0,1,1,0,0,,D08B_V01_FROZEN,ACCEPTED_SPECIES,RESOLVED
112,Pinus engelmannii,Pinus engelmannii,,NOT_AVAILABLE_IN_FROZEN_FIA_INPUT,379946,Pinus engelmannii,Carrière,Accepted,Species,379946,Pinus engelmannii,Carrière,Accepted,Species,379946,Pinus engelmannii,Carrière,Accepted,Species,379946,Pinus engelmannii,Carrière,Species,ACCEPTED_SPECIES,RESOLVED,0,1,,379946,,,0,Pinus engelmannii,DBH_BREAST_HEIGHT,N,5.0,1,1,0,0,,D08B_V01_FROZEN,ACCEPTED_SPECIES,RESOLVED
113,Pinus flexilis,Pinus flexilis,,NOT_AVAILABLE_IN_FROZEN_FIA_INPUT,379971,Pinus flexilis,E.James,Accepted,Species,379971,Pinus flexilis,E.James,Accepted,Species,379971,Pinus flexilis,E.James,Accepted,Species,379971,Pinus flexilis,E.James,Species,ACCEPTED_SPECIES,RESOLVED,0,1,,379971,,,0,Pinus flexilis,DBH_BREAST_HEIGHT,N,5.0,1,1,0,0,,D08B_V01_FROZEN,ACCEPTED_SPECIES,RESOLVED
114,Pinus strobiformis,Pinus strobiformis,,NOT_AVAILABLE_IN_FROZEN_FIA_INPUT,380012,Pinus strobiformis,Engelm.,Accepted,Species,380012,Pinus strobiformis,Engelm.,Accepted,Species,380012,Pinus strobiformis,Engelm.,Accepted,Species,380012,Pinus strobiformis,Engelm.,Species,ACCEPTED_SPECIES,RESOLVED,0,1,,380012,,,0,Pinus strobiformis,DBH_BREAST_HEIGHT,N,5.0,1,1,0,0,,D08B_V01_FROZEN,ACCEPTED_SPECIES,RESOLVED
115,Pinus glabra,Pinus glabra,,NOT_AVAILABLE_IN_FROZEN_FIA_INPUT,379966,Pinus glabra,Walter,Accepted,Species,379966,Pinus glabra,Walter,Accepted,Species,379966,Pinus glabra,Walter,Accepted,Species,379966,Pinus glabra,Walter,Species,ACCEPTED_SPECIES,RESOLVED,0,1,,379966,,,0,Pinus glabra,DBH_BREAST_HEIGHT,N,5.0,1,1,0,0,,D08B_V01_FROZEN,ACCEPTED_SPECIES,RESOLVED
116,Pinus jeffreyi,Pinus jeffreyi,,NOT_AVAILABLE_IN_FROZEN_FIA_INPUT,379708,Pinus jeffreyi,Balf.,Accepted,Species,379708,Pinus jeffreyi,Balf.,Accepted,Species,379708,Pinus jeffreyi,Balf.,Accepted,Species,379708,Pinus jeffreyi,Balf.,Species,ACCEPTED_SPECIES,RESOLVED,0,1,,379708,,,0,Pinus jeffreyi,DBH_BREAST_HEIGHT,N,5.0,1,1,0,0,,D08B_V01_FROZEN,ACCEPTED_SPECIES,RESOLVED
117,Pinus lambertiana,Pinus lambertiana,,NOT_AVAILABLE_IN_FROZEN_FIA_INPUT,379703,Pinus lambertiana,Douglas,Accepted,Species,379703,Pinus lambertiana,Douglas,Accepted,Species,379703,Pinus lambertiana,Douglas,Accepted,Species,379703,Pinus lambertiana,Douglas,Species,ACCEPTED_SPECIES,RESOLVED,0,1,,379703,,,0,Pinus lambertiana,DBH_BREAST_HEIGHT,N,5.0,1,1,0,0,,D08B_V01_FROZEN,ACCEPTED_SPECIES,RESOLVED
118,Pinus leiophylla,Pinus leiophylla,,NOT_AVAILABLE_IN_FROZEN_FIA_INPUT,379770,Pinus leiophylla,Schiede ex Schltdl. & Cham.,Accepted,Species,379770,Pinus leiophylla,Schiede ex Schltdl. & Cham.,Accepted,Species,379770,Pinus leiophylla,Schiede ex Schltdl. & Cham.,Accepted,Species,379770,Pinus leiophylla,Schiede ex Schltdl. & Cham.,Species,ACCEPTED_SPECIES,RESOLVED,0,1,,379770,,,0,Pinus leiophylla,DBH_BREAST_HEIGHT,N,5.0,1,1,0,0,,D08B_V01_FROZEN,ACCEPTED_SPECIES,RESOLVED
119,Pinus monticola,Pinus monticola,,NOT_AVAILABLE_IN_FROZEN_FIA_INPUT,380255,Pinus monticola,Douglas ex D.Don,Accepted,Species,380255,Pinus monticola,Douglas ex D.Don,Accepted,Species,380255,Pinus monticola,Douglas ex D.Don,Accepted,Species,380255,Pinus monticola,Douglas ex D.Don,Species,ACCEPTED_SPECIES,RESOLVED,0,1,,380255,,,0,Pinus monticola,DBH_BREAST_HEIGHT,N,5.0,1,1,0,0,,D08B_V01_FROZEN,ACCEPTED_SPECIES,RESOLVED
120,Pinus muricata,Pinus muricata,,NOT_AVAILABLE_IN_FROZEN_FIA_INPUT,380239,Pinus muricata,D.Don,Accepted,Species,380239,Pinus muricata,D.Don,Accepted,Species,380239,Pinus muricata,D.Don,Accepted,Species,380239,Pinus muricata,D.Don,Species,ACCEPTED_SPECIES,RESOLVED,0,1,,380239,,,0,Pinus muricata,DBH_BREAST_HEIGHT,N,5.0,1,1,0,0,,D08B_V01_FROZEN,ACCEPTED_SPECIES,RESOLVED
121,Pinus palustris,Pinus palustris,,NOT_AVAILABLE_IN_FROZEN_FIA_INPUT,380268,Pinus palustris,Mill.,Accepted,Species,380268,Pinus palustris,Mill.,Accepted,Species,380268,Pinus palustris,Mill.,Accepted,Species,380268,Pinus palustris,Mill.,Species,ACCEPTED_SPECIES,RESOLVED,0,1,,380268,,,0,Pinus palustris,DBH_BREAST_HEIGHT,N,5.0,1,1,0,0,,D08B_V01_FROZEN,ACCEPTED_SPECIES,RESOLVED
122,Pinus ponderosa,Pinus ponderosa,,NOT_AVAILABLE_IN_FROZEN_FIA_INPUT,380358,Pinus ponderosa,Douglas ex C.Lawson,Accepted,Species,380358,Pinus ponderosa,Douglas ex C.Lawson,Accepted,Species,380358,Pinus ponderosa,Douglas ex C.Lawson,Accepted,Species,380358,Pinus ponderosa,Douglas ex C.Lawson,Species,ACCEPTED_SPECIES,RESOLVED,0,1,,380358,,,0,Pinus ponderosa,DBH_BREAST_HEIGHT,N,5.0,1,1,0,0,,D08B_V01_FROZEN,ACCEPTED_SPECIES,RESOLVED
123,Pinus pungens,Pinus pungens,,NOT_AVAILABLE_IN_FROZEN_FIA_INPUT,380272,Pinus pungens,Lamb.,Accepted,Species,380272,Pinus pungens,Lamb.,Accepted,Species,380272,Pinus pungens,Lamb.,Accepted,Species,380272,Pinus pungens,Lamb.,Species,ACCEPTED_SPECIES,RESOLVED,0,1,,380272,,,0,Pinus pungens,DBH_BREAST_HEIGHT,N,5.0,1,1,0,0,,D08B_V01_FROZEN,ACCEPTED_SPECIES,RESOLVED
124,Pinus radiata,Pinus radiata,,NOT_AVAILABLE_IN_FROZEN_FIA_INPUT,380297,Pinus radiata,D.Don,Accepted,Species,380297,Pinus radiata,D.Don,Accepted,Species,380297,Pinus radiata,D.Don,Accepted,Species,380297,Pinus radiata,D.Don,Species,ACCEPTED_SPECIES,RESOLVED,0,1,,380297,,,0,Pinus radiata,DBH_BREAST_HEIGHT,N,5.0,1,1,0,0,,D08B_V01_FROZEN,ACCEPTED_SPECIES,RESOLVED
125,Pinus resinosa,Pinus resinosa,,NOT_AVAILABLE_IN_FROZEN_FIA_INPUT,380302,Pinus resinosa,Aiton,Accepted,Species,380302,Pinus resinosa,Aiton,Accepted,Species,380302,Pinus resinosa,Aiton,Accepted,Species,380302,Pinus resinosa,Aiton,Species,ACCEPTED_SPECIES,RESOLVED,0,1,,380302,,,0,Pinus resinosa,DBH_BREAST_HEIGHT,N,5.0,1,1,0,0,,D08B_V01_FROZEN,ACCEPTED_SPECIES,RESOLVED
126,Pinus rigida,Pinus rigida,,NOT_AVAILABLE_IN_FROZEN_FIA_INPUT,380293,Pinus rigida,Mill.,Accepted,Species,380293,Pinus rigida,Mill.,Accepted,Species,380293,Pinus rigida,Mill.,Accepted,Species,380293,Pinus rigida,Mill.,Species,ACCEPTED_SPECIES,RESOLVED,0,1,,380293,,,0,Pinus rigida,DBH_BREAST_HEIGHT,N,5.0,1,1,0,0,,D08B_V01_FROZEN,ACCEPTED_SPECIES,RESOLVED
127,Pinus sabiniana,Pinus sabiniana,,NOT_AVAILABLE_IN_FROZEN_FIA_INPUT,380011,Pinus sabiniana,Douglas,Accepted,Species,380011,Pinus sabiniana,Douglas,Accepted,Species,380011,Pinus sabiniana,Douglas,Accepted,Species,380011,Pinus sabiniana,Douglas,Species,ACCEPTED_SPECIES,RESOLVED,0,1,,380011,,,0,Pinus sabiniana,DBH_BREAST_HEIGHT,N,5.0,1,1,0,0,,D08B_V01_FROZEN,ACCEPTED_SPECIES,RESOLVED
128,Pinus serotina,Pinus serotina,,NOT_AVAILABLE_IN_FROZEN_FIA_INPUT,379991,Pinus serotina,Michx.,Accepted,Species,379991,Pinus serotina,Michx.,Accepted,Species,379991,Pinus serotina,Michx.,Accepted,Species,379991,Pinus serotina,Michx.,Species,ACCEPTED_SPECIES,RESOLVED,0,1,,379991,,,0,Pinus serotina,DBH_BREAST_HEIGHT,N,5.0,1,1,0,0,,D08B_V01_FROZEN,ACCEPTED_SPECIES,RESOLVED
129,Pinus strobus,Pinus strobus,,NOT_AVAILABLE_IN_FROZEN_FIA_INPUT,380022,Pinus strobus,L.,Accepted,Species,380022,Pinus strobus,L.,Accepted,Species,380022,Pinus strobus,L.,Accepted,Species,380022,Pinus strobus,L.,Species,ACCEPTED_SPECIES,RESOLVED,0,1,,380022,,,0,Pinus strobus,DBH_BREAST_HEIGHT,N,5.0,1,1,0,0,,D08B_V01_FROZEN,ACCEPTED_SPECIES,RESOLVED
130,Pinus sylvestris,Pinus sylvestris,,NOT_AVAILABLE_IN_FROZEN_FIA_INPUT,380126,Pinus sylvestris,L.,Accepted,Species,380126,Pinus sylvestris,L.,Accepted,Species,380126,Pinus sylvestris,L.,Accepted,Species,380126,Pinus sylvestris,L.,Species,ACCEPTED_SPECIES,RESOLVED,0,1,,380126,,,0,Pinus sylvestris,DBH_BREAST_HEIGHT,N,5.0,1,1,0,0,,D08B_V01_FROZEN,ACCEPTED_SPECIES,RESOLVED
131,Pinus taeda,Pinus taeda,,NOT_AVAILABLE_IN_FROZEN_FIA_INPUT,380129,Pinus taeda,L.,Accepted,Species,380129,Pinus taeda,L.,Accepted,Species,380129,Pinus taeda,L.,Accepted,Species,380129,Pinus taeda,L.,Species,ACCEPTED_SPECIES,RESOLVED,0,1,,380129,,,0,Pinus taeda,DBH_BREAST_HEIGHT,N,5.0,1,1,0,0,,D08B_V01_FROZEN,ACCEPTED_SPECIES,RESOLVED
132,Pinus virginiana,Pinus virginiana,,NOT_AVAILABLE_IN_FROZEN_FIA_INPUT,380091,Pinus virginiana,Mill.,Accepted,Species,380091,Pinus virginiana,Mill.,Accepted,Species,380091,Pinus virginiana,Mill.,Accepted,Species,380091,Pinus virginiana,Mill.,Species,ACCEPTED_SPECIES,RESOLVED,0,1,,380091,,,0,Pinus virginiana,DBH_BREAST_HEIGHT,N,5.0,1,1,0,0,,D08B_V01_FROZEN,ACCEPTED_SPECIES,RESOLVED
133,Pinus monophylla,Pinus monophylla,,NOT_AVAILABLE_IN_FROZEN_FIA_INPUT,380231,Pinus monophylla,Torr. & Frém.,Accepted,Species,380231,Pinus monophylla,Torr. & Frém.,Accepted,Species,380231,Pinus monophylla,Torr. & Frém.,Accepted,Species,380231,Pinus monophylla,Torr. & Frém.,Species,ACCEPTED_SPECIES,RESOLVED,0,1,,380231,,,0,Pinus monophylla,DRC_ROOT_COLLAR,Y,5.0,1,0,0,0,,D08B_V01_FROZEN,ACCEPTED_SPECIES,RESOLVED
134,Pinus discolor,Pinus discolor,,NOT_AVAILABLE_IN_FROZEN_FIA_INPUT,379837,Pinus discolor,D.K.Bailey & Hawksw.,Accepted,Species,379837,Pinus discolor,D.K.Bailey & Hawksw.,Accepted,Species,379837,Pinus discolor,D.K.Bailey & Hawksw.,Accepted,Species,379837,Pinus discolor,D.K.Bailey & Hawksw.,Species,ACCEPTED_SPECIES,RESOLVED,0,1,,379837,,,0,Pinus discolor,DRC_ROOT_COLLAR,Y,5.0,1,0,0,0,,D08B_V01_FROZEN,ACCEPTED_SPECIES,RESOLVED
135,Pinus arizonica,Pinus arizonica,,NOT_AVAILABLE_IN_FROZEN_FIA_INPUT,380503,Pinus arizonica,Engelm.,Accepted,Species,380503,Pinus arizonica,Engelm.,Accepted,Species,380503,Pinus arizonica,Engelm.,Accepted,Species,380503,Pinus arizonica,Engelm.,Species,ACCEPTED_SPECIES,RESOLVED,0,1,,380503,,,0,Pinus arizonica,DBH_BREAST_HEIGHT,N,5.0,1,1,0,0,,D08B_V01_FROZEN,ACCEPTED_SPECIES,RESOLVED
136,Pinus nigra,Pinus nigra,,NOT_AVAILABLE_IN_FROZEN_FIA_INPUT,380171,Pinus nigra,J.F.Arnold,Accepted,Species,380171,Pinus nigra,J.F.Arnold,Accepted,Species,380171,Pinus nigra,J.F.Arnold,Accepted,Species,380171,Pinus nigra,J.F.Arnold,Species,ACCEPTED_SPECIES,RESOLVED,0,1,,380171,,,0,Pinus nigra,DBH_BREAST_HEIGHT,N,5.0,1,1,0,0,,D08B_V01_FROZEN,ACCEPTED_SPECIES,RESOLVED
137,Pinus washoensis,Pinus washoensis,,NOT_AVAILABLE_IN_FROZEN_FIA_INPUT,380101,Pinus washoensis,H.Mason & Stockw.,Synonym,Species,466122,Pinus ponderosa var. washoensis,(H.Mason & Stockw.) J.R.Haller & Vivrette,Accepted,Variety,466122,Pinus ponderosa var. washoensis,(H.Mason & Stockw.) J.R.Haller & Vivrette,Accepted,Variety,380358,Pinus ponderosa,Douglas ex C.Lawson,Species,SYNONYM_TO_ACCEPTED_INFRASPECIES_TO_PARENT_SPECIES,RESOLVED,0,1,,380358,,,0,Pinus ponderosa,DBH_BREAST_HEIGHT,N,5.0,1,1,0,0,,D08B_V01_FROZEN,SYNONYM_TO_ACCEPTED_INFRASPECIES_TO_PARENT_SPECIES,RESOLVED
140,Pinus cembroides,Pinus cembroides,,NOT_AVAILABLE_IN_FROZEN_FIA_INPUT,380484,Pinus cembroides,Zucc.,Accepted,Species,380484,Pinus cembroides,Zucc.,Accepted,Species,380484,Pinus cembroides,Zucc.,Accepted,Species,380484,Pinus cembroides,Zucc.,Species,ACCEPTED_SPECIES,RESOLVED,0,1,,380484,,,0,Pinus cembroides,DRC_ROOT_COLLAR,Y,5.0,1,0,0,0,,D08B_V01_FROZEN,ACCEPTED_SPECIES,RESOLVED
141,Pinus remota,Pinus remota,,NOT_AVAILABLE_IN_FROZEN_FIA_INPUT,380317,Pinus remota,(Little) D.K.Bailey & Hawksw.,Accepted,Species,380317,Pinus remota,(Little) D.K.Bailey & Hawksw.,Accepted,Species,380317,Pinus remota,(Little) D.K.Bailey & Hawksw.,Accepted,Species,380317,Pinus remota,(Little) D.K.Bailey & Hawksw.,Species,ACCEPTED_SPECIES,RESOLVED,0,1,,380317,,,0,Pinus remota,DRC_ROOT_COLLAR,Y,5.0,1,0,0,0,,D08B_V01_FROZEN,ACCEPTED_SPECIES,RESOLVED
142,Pinus longaeva,Pinus longaeva,,NOT_AVAILABLE_IN_FROZEN_FIA_INPUT,379762,Pinus longaeva,D.K.Bailey,Accepted,Species,379762,Pinus longaeva,D.K.Bailey,Accepted,Species,379762,Pinus longaeva,D.K.Bailey,Accepted,Species,379762,Pinus longaeva,D.K.Bailey,Species,ACCEPTED_SPECIES,RESOLVED,0,1,,379762,,,0,Pinus longaeva,DBH_BREAST_HEIGHT,N,5.0,1,1,0,0,,D08B_V01_FROZEN,ACCEPTED_SPECIES,RESOLVED
143,Pinus monophylla var. fallax,Pinus monophylla var. fallax,(Little) Silba [author from external authority; FIA species list itself omits author],AUTHOR_AVAILABLE_IN_ACCEPTED_CORRECTION_EVIDENCE,380213,Pinus monophylla var. fallax,(Little) Silba,Synonym,Variety,3317681,Pinus × kohae,Frankis,Accepted,Species,3317681,Pinus × kohae,Frankis,Accepted,Species,,,,,ACCEPTED_HYBRID_NONCORE,RESOLVED_ACCEPTED_HYBRID_NONCORE,1,0,Accepted hybrid/non-core object; excluded from ordinary accepted-species master.,,P. californiarum × P. edulis,,1,,DRC_ROOT_COLLAR,Y,5.0,0,0,1,1,ACCEPTED_HYBRID_NONCORE,Q1_D08B_TAXONOMY_CORRECTION_MAINLINE_DECISION_v01_20260902.md,SYNONYM_TO_ACCEPTED_SPECIES,RESOLVED
201,Pseudotsuga macrocarpa,Pseudotsuga macrocarpa,,NOT_AVAILABLE_IN_FROZEN_FIA_INPUT,378313,Pseudotsuga macrocarpa,(Vasey) Mayr,Accepted,Species,378313,Pseudotsuga macrocarpa,(Vasey) Mayr,Accepted,Species,378313,Pseudotsuga macrocarpa,(Vasey) Mayr,Accepted,Species,378313,Pseudotsuga macrocarpa,(Vasey) Mayr,Species,ACCEPTED_SPECIES,RESOLVED,0,1,,378313,,,0,Pseudotsuga macrocarpa,DBH_BREAST_HEIGHT,N,5.0,1,1,0,0,,D08B_V01_FROZEN,ACCEPTED_SPECIES,RESOLVED
202,Pseudotsuga menziesii,Pseudotsuga menziesii,,NOT_AVAILABLE_IN_FROZEN_FIA_INPUT,379633,Pseudotsuga menziesii,(Mirb.) Franco,Accepted,Species,379633,Pseudotsuga menziesii,(Mirb.) Franco,Accepted,Species,379633,Pseudotsuga menziesii,(Mirb.) Franco,Accepted,Species,379633,Pseudotsuga menziesii,(Mirb.) Franco,Species,ACCEPTED_SPECIES,RESOLVED,0,1,,379633,,,0,Pseudotsuga menziesii,DBH_BREAST_HEIGHT,N,5.0,1,1,0,0,,D08B_V01_FROZEN,ACCEPTED_SPECIES,RESOLVED
211,Sequoia sempervirens,Sequoia sempervirens,,NOT_AVAILABLE_IN_FROZEN_FIA_INPUT,378988,Sequoia sempervirens,(D.Don) Endl.,Accepted,Species,378988,Sequoia sempervirens,(D.Don) Endl.,Accepted,Species,378988,Sequoia sempervirens,(D.Don) Endl.,Accepted,Species,378988,Sequoia sempervirens,(D.Don) Endl.,Species,ACCEPTED_SPECIES,RESOLVED,0,1,,378988,,,0,Sequoia sempervirens,DBH_BREAST_HEIGHT,N,5.0,1,1,0,0,,D08B_V01_FROZEN,ACCEPTED_SPECIES,RESOLVED
212,Sequoiadendron giganteum,Sequoiadendron giganteum,,NOT_AVAILABLE_IN_FROZEN_FIA_INPUT,381300,Sequoiadendron giganteum,(Lindl.) J.Buchholz,Accepted,Species,381300,Sequoiadendron giganteum,(Lindl.) J.Buchholz,Accepted,Species,381300,Sequoiadendron giganteum,(Lindl.) J.Buchholz,Accepted,Species,381300,Sequoiadendron giganteum,(Lindl.) J.Buchholz,Species,ACCEPTED_SPECIES,RESOLVED,0,1,,381300,,,0,Sequoiadendron giganteum,DBH_BREAST_HEIGHT,N,5.0,1,1,0,0,,D08B_V01_FROZEN,ACCEPTED_SPECIES,RESOLVED
221,Taxodium distichum,Taxodium distichum,,NOT_AVAILABLE_IN_FROZEN_FIA_INPUT,378596,Taxodium distichum,(L.) Rich.,Accepted,Species,378596,Taxodium distichum,(L.) Rich.,Accepted,Species,378596,Taxodium distichum,(L.) Rich.,Accepted,Species,378596,Taxodium distichum,(L.) Rich.,Species,ACCEPTED_SPECIES,RESOLVED,0,1,,378596,,,0,Taxodium distichum,DBH_BREAST_HEIGHT,N,5.0,1,1,0,0,,D08B_V01_FROZEN,ACCEPTED_SPECIES,RESOLVED
222,Taxodium ascendens,Taxodium ascendens,,NOT_AVAILABLE_IN_FROZEN_FIA_INPUT,378594,Taxodium ascendens,Brongn.,Synonym,Species,385841,Taxodium distichum var. imbricarium,(Nutt.) Croom,Accepted,Variety,385841,Taxodium distichum var. imbricarium,(Nutt.) Croom,Accepted,Variety,378596,Taxodium distichum,(L.) Rich.,Species,SYNONYM_TO_ACCEPTED_INFRASPECIES_TO_PARENT_SPECIES,RESOLVED,0,1,,378596,,,0,Taxodium distichum,DBH_BREAST_HEIGHT,N,5.0,1,1,0,0,,D08B_V01_FROZEN,SYNONYM_TO_ACCEPTED_INFRASPECIES_TO_PARENT_SPECIES,RESOLVED
231,Taxus brevifolia,Taxus brevifolia,,NOT_AVAILABLE_IN_FROZEN_FIA_INPUT,378623,Taxus brevifolia,Nutt.,Accepted,Species,378623,Taxus brevifolia,Nutt.,Accepted,Species,378623,Taxus brevifolia,Nutt.,Accepted,Species,378623,Taxus brevifolia,Nutt.,Species,ACCEPTED_SPECIES,RESOLVED,0,1,,378623,,,0,Taxus brevifolia,DBH_BREAST_HEIGHT,N,5.0,1,1,0,0,,D08B_V01_FROZEN,ACCEPTED_SPECIES,RESOLVED
241,Thuja occidentalis,Thuja occidentalis,,NOT_AVAILABLE_IN_FROZEN_FIA_INPUT,378542,Thuja occidentalis,L.,Accepted,Species,378542,Thuja occidentalis,L.,Accepted,Species,378542,Thuja occidentalis,L.,Accepted,Species,378542,Thuja occidentalis,L.,Species,ACCEPTED_SPECIES,RESOLVED,0,1,,378542,,,0,Thuja occidentalis,DBH_BREAST_HEIGHT,N,5.0,1,1,0,0,,D08B_V01_FROZEN,ACCEPTED_SPECIES,RESOLVED
242,Thuja plicata,Thuja plicata,,NOT_AVAILABLE_IN_FROZEN_FIA_INPUT,378546,Thuja plicata,Donn ex D.Don,Accepted,Species,378546,Thuja plicata,Donn ex D.Don,Accepted,Species,378546,Thuja plicata,Donn ex D.Don,Accepted,Species,378546,Thuja plicata,Donn ex D.Don,Species,ACCEPTED_SPECIES,RESOLVED,0,1,,378546,,,0,Thuja plicata,DBH_BREAST_HEIGHT,N,5.0,1,1,0,0,,D08B_V01_FROZEN,ACCEPTED_SPECIES,RESOLVED
251,Torreya californica,Torreya californica,,NOT_AVAILABLE_IN_FROZEN_FIA_INPUT,378636,Torreya californica,Torr.,Accepted,Species,378636,Torreya californica,Torr.,Accepted,Species,378636,Torreya californica,Torr.,Accepted,Species,378636,Torreya californica,Torr.,Species,ACCEPTED_SPECIES,RESOLVED,0,1,,378636,,,0,Torreya californica,DBH_BREAST_HEIGHT,N,5.0,1,1,0,0,,D08B_V01_FROZEN,ACCEPTED_SPECIES,RESOLVED
261,Tsuga canadensis,Tsuga canadensis,,NOT_AVAILABLE_IN_FROZEN_FIA_INPUT,379363,Tsuga canadensis,(L.) Carrière,Accepted,Species,379363,Tsuga canadensis,(L.) Carrière,Accepted,Species,379363,Tsuga canadensis,(L.) Carrière,Accepted,Species,379363,Tsuga canadensis,(L.) Carrière,Species,ACCEPTED_SPECIES,RESOLVED,0,1,,379363,,,0,Tsuga canadensis,DBH_BREAST_HEIGHT,N,5.0,1,1,0,0,,D08B_V01_FROZEN,ACCEPTED_SPECIES,RESOLVED
262,Tsuga caroliniana,Tsuga caroliniana,,NOT_AVAILABLE_IN_FROZEN_FIA_INPUT,379383,Tsuga caroliniana,Engelm.,Accepted,Species,379383,Tsuga caroliniana,Engelm.,Accepted,Species,379383,Tsuga caroliniana,Engelm.,Accepted,Species,379383,Tsuga caroliniana,Engelm.,Species,ACCEPTED_SPECIES,RESOLVED,0,1,,379383,,,0,Tsuga caroliniana,DBH_BREAST_HEIGHT,N,5.0,1,1,0,0,,D08B_V01_FROZEN,ACCEPTED_SPECIES,RESOLVED
263,Tsuga heterophylla,Tsuga heterophylla,,NOT_AVAILABLE_IN_FROZEN_FIA_INPUT,379395,Tsuga heterophylla,(Raf.) Sarg.,Accepted,Species,379395,Tsuga heterophylla,(Raf.) Sarg.,Accepted,Species,379395,Tsuga heterophylla,(Raf.) Sarg.,Accepted,Species,379395,Tsuga heterophylla,(Raf.) Sarg.,Species,ACCEPTED_SPECIES,RESOLVED,0,1,,379395,,,0,Tsuga heterophylla,DBH_BREAST_HEIGHT,N,5.0,1,1,0,0,,D08B_V01_FROZEN,ACCEPTED_SPECIES,RESOLVED
264,Tsuga mertensiana,Tsuga mertensiana,,NOT_AVAILABLE_IN_FROZEN_FIA_INPUT,379433,Tsuga mertensiana,(Bong.) Oerst.,Accepted,Species,379433,Tsuga mertensiana,(Bong.) Oerst.,Accepted,Species,379433,Tsuga mertensiana,(Bong.) Oerst.,Accepted,Species,379433,Tsuga mertensiana,(Bong.) Oerst.,Species,ACCEPTED_SPECIES,RESOLVED,0,1,,379433,,,0,Tsuga mertensiana,DBH_BREAST_HEIGHT,N,5.0,1,1,0,0,,D08B_V01_FROZEN,ACCEPTED_SPECIES,RESOLVED
303,Acacia farnesiana,Acacia farnesiana,,NOT_AVAILABLE_IN_FROZEN_FIA_INPUT,2612172,Acacia farnesiana,(L.) Willd.,Synonym,Species,2452405,Vachellia farnesiana,(L.) Wight & Arn.,Accepted,Species,2452405,Vachellia farnesiana,(L.) Wight & Arn.,Accepted,Species,2452405,Vachellia farnesiana,(L.) Wight & Arn.,Species,SYNONYM_TO_ACCEPTED_SPECIES,RESOLVED,0,1,,2452405,,,0,Vachellia farnesiana,DRC_ROOT_COLLAR,Y,5.0,1,0,0,0,,D08B_V01_FROZEN,SYNONYM_TO_ACCEPTED_SPECIES,RESOLVED
311,Acer barbatum,Acer barbatum,,NOT_AVAILABLE_IN_FROZEN_FIA_INPUT,2615386,Acer barbatum,Michx.,Synonym,Species,3261559,Acer saccharum var. saccharum,,Accepted,Variety,3261559,Acer saccharum var. saccharum,,Accepted,Variety,2616387,Acer saccharum,Marshall,Species,SYNONYM_TO_ACCEPTED_INFRASPECIES_TO_PARENT_SPECIES,RESOLVED,0,1,,2616387,,,0,Acer saccharum,DBH_BREAST_HEIGHT,N,5.0,1,1,0,0,,D08B_V01_FROZEN,SYNONYM_TO_ACCEPTED_INFRASPECIES_TO_PARENT_SPECIES,RESOLVED
312,Acer macrophyllum,Acer macrophyllum,,NOT_AVAILABLE_IN_FROZEN_FIA_INPUT,2615900,Acer macrophyllum,Pursh,Accepted,Species,2615900,Acer macrophyllum,Pursh,Accepted,Species,2615900,Acer macrophyllum,Pursh,Accepted,Species,2615900,Acer macrophyllum,Pursh,Species,ACCEPTED_SPECIES,RESOLVED,0,1,,2615900,,,0,Acer macrophyllum,DBH_BREAST_HEIGHT,N,5.0,1,1,0,0,,D08B_V01_FROZEN,ACCEPTED_SPECIES,RESOLVED
313,Acer negundo,Acer negundo,,NOT_AVAILABLE_IN_FROZEN_FIA_INPUT,2616024,Acer negundo,L.,Accepted,Species,2616024,Acer negundo,L.,Accepted,Species,2616024,Acer negundo,L.,Accepted,Species,2616024,Acer negundo,L.,Species,ACCEPTED_SPECIES,RESOLVED,0,1,,2616024,,,0,Acer negundo,DBH_BREAST_HEIGHT,N,5.0,1,1,0,0,,D08B_V01_FROZEN,ACCEPTED_SPECIES,RESOLVED
314,Acer nigrum,Acer nigrum,,NOT_AVAILABLE_IN_FROZEN_FIA_INPUT,2616060,Acer nigrum,F.Michx.,Accepted,Species,2616060,Acer nigrum,F.Michx.,Accepted,Species,2616060,Acer nigrum,F.Michx.,Accepted,Species,2616060,Acer nigrum,F.Michx.,Species,ACCEPTED_SPECIES,RESOLVED,0,1,,2616060,,,0,Acer nigrum,DBH_BREAST_HEIGHT,N,5.0,1,1,0,0,,D08B_V01_FROZEN,ACCEPTED_SPECIES,RESOLVED
315,Acer pensylvanicum,Acer pensylvanicum,,NOT_AVAILABLE_IN_FROZEN_FIA_INPUT,2616210,Acer pensylvanicum,L.,Accepted,Species,2616210,Acer pensylvanicum,L.,Accepted,Species,2616210,Acer pensylvanicum,L.,Accepted,Species,2616210,Acer pensylvanicum,L.,Species,ACCEPTED_SPECIES,RESOLVED,0,1,,2616210,,,0,Acer pensylvanicum,DBH_BREAST_HEIGHT,N,5.0,1,1,0,0,,D08B_V01_FROZEN,ACCEPTED_SPECIES,RESOLVED
316,Acer rubrum,Acer rubrum,,NOT_AVAILABLE_IN_FROZEN_FIA_INPUT,2616329,Acer rubrum,L.,Accepted,Species,2616329,Acer rubrum,L.,Accepted,Species,2616329,Acer rubrum,L.,Accepted,Species,2616329,Acer rubrum,L.,Species,ACCEPTED_SPECIES,RESOLVED,0,1,,2616329,,,0,Acer rubrum,DBH_BREAST_HEIGHT,N,5.0,1,1,0,0,,D08B_V01_FROZEN,ACCEPTED_SPECIES,RESOLVED
317,Acer saccharinum,Acer saccharinum,,NOT_AVAILABLE_IN_FROZEN_FIA_INPUT,2616367,Acer saccharinum,L.,Accepted,Species,2616367,Acer saccharinum,L.,Accepted,Species,2616367,Acer saccharinum,L.,Accepted,Species,2616367,Acer saccharinum,L.,Species,ACCEPTED_SPECIES,RESOLVED,0,1,,2616367,,,0,Acer saccharinum,DBH_BREAST_HEIGHT,N,5.0,1,1,0,0,,D08B_V01_FROZEN,ACCEPTED_SPECIES,RESOLVED
318,Acer saccharum,Acer saccharum,,NOT_AVAILABLE_IN_FROZEN_FIA_INPUT,2616387,Acer saccharum,Marshall,Accepted,Species,2616387,Acer saccharum,Marshall,Accepted,Species,2616387,Acer saccharum,Marshall,Accepted,Species,2616387,Acer saccharum,Marshall,Species,ACCEPTED_SPECIES,RESOLVED,0,1,,2616387,,,0,Acer saccharum,DBH_BREAST_HEIGHT,N,5.0,1,1,0,0,,D08B_V01_FROZEN,ACCEPTED_SPECIES,RESOLVED
319,Acer spicatum,Acer spicatum,,NOT_AVAILABLE_IN_FROZEN_FIA_INPUT,2616481,Acer spicatum,Lam.,Accepted,Species,2616481,Acer spicatum,Lam.,Accepted,Species,2616481,Acer spicatum,Lam.,Accepted,Species,2616481,Acer spicatum,Lam.,Species,ACCEPTED_SPECIES,RESOLVED,0,1,,2616481,,,0,Acer spicatum,DBH_BREAST_HEIGHT,N,5.0,1,1,0,0,,D08B_V01_FROZEN,ACCEPTED_SPECIES,RESOLVED
320,Acer platanoides,Acer platanoides,,NOT_AVAILABLE_IN_FROZEN_FIA_INPUT,2616254,Acer platanoides,L.,Accepted,Species,2616254,Acer platanoides,L.,Accepted,Species,2616254,Acer platanoides,L.,Accepted,Species,2616254,Acer platanoides,L.,Species,ACCEPTED_SPECIES,RESOLVED,0,1,,2616254,,,0,Acer platanoides,DBH_BREAST_HEIGHT,N,5.0,1,1,0,0,,D08B_V01_FROZEN,ACCEPTED_SPECIES,RESOLVED
322,Acer grandidentatum,Acer grandidentatum,,NOT_AVAILABLE_IN_FROZEN_FIA_INPUT,2615689,Acer grandidentatum,Nutt.,Accepted,Species,2615689,Acer grandidentatum,Nutt.,Accepted,Species,2615689,Acer grandidentatum,Nutt.,Accepted,Species,2615689,Acer grandidentatum,Nutt.,Species,ACCEPTED_SPECIES,RESOLVED,0,1,,2615689,,,0,Acer grandidentatum,DRC_ROOT_COLLAR,Y,5.0,1,0,0,0,,D08B_V01_FROZEN,ACCEPTED_SPECIES,RESOLVED
323,Acer leucoderme,Acer leucoderme,,NOT_AVAILABLE_IN_FROZEN_FIA_INPUT,2615862,Acer leucoderme,Small,Accepted,Species,2615862,Acer leucoderme,Small,Accepted,Species,2615862,Acer leucoderme,Small,Accepted,Species,2615862,Acer leucoderme,Small,Species,ACCEPTED_SPECIES,RESOLVED,0,1,,2615862,,,0,Acer leucoderme,DBH_BREAST_HEIGHT,N,5.0,1,1,0,0,,D08B_V01_FROZEN,ACCEPTED_SPECIES,RESOLVED
331,Aesculus glabra,Aesculus glabra,,NOT_AVAILABLE_IN_FROZEN_FIA_INPUT,2624506,Aesculus glabra,Willd.,Accepted,Species,2624506,Aesculus glabra,Willd.,Accepted,Species,2624506,Aesculus glabra,Willd.,Accepted,Species,2624506,Aesculus glabra,Willd.,Species,ACCEPTED_SPECIES,RESOLVED,0,1,,2624506,,,0,Aesculus glabra,DBH_BREAST_HEIGHT,N,5.0,1,1,0,0,,D08B_V01_FROZEN,ACCEPTED_SPECIES,RESOLVED
332,Aesculus flava,Aesculus flava,,NOT_AVAILABLE_IN_FROZEN_FIA_INPUT,2624500,Aesculus flava,Sol.,Accepted,Species,2624500,Aesculus flava,Sol.,Accepted,Species,2624500,Aesculus flava,Sol.,Accepted,Species,2624500,Aesculus flava,Sol.,Species,ACCEPTED_SPECIES,RESOLVED,0,1,,2624500,,,0,Aesculus flava,DBH_BREAST_HEIGHT,N,5.0,1,1,0,0,,D08B_V01_FROZEN,ACCEPTED_SPECIES,RESOLVED
333,Aesculus californica,Aesculus californica,,NOT_AVAILABLE_IN_FROZEN_FIA_INPUT,2624481,Aesculus californica,(Spach) Nutt.,Accepted,Species,2624481,Aesculus californica,(Spach) Nutt.,Accepted,Species,2624481,Aesculus californica,(Spach) Nutt.,Accepted,Species,2624481,Aesculus californica,(Spach) Nutt.,Species,ACCEPTED_SPECIES,RESOLVED,0,1,,2624481,,,0,Aesculus californica,DBH_BREAST_HEIGHT,N,5.0,1,1,0,0,,D08B_V01_FROZEN,ACCEPTED_SPECIES,RESOLVED
334,Aesculus glabra var. arguta,Aesculus glabra var. arguta,,NOT_AVAILABLE_IN_FROZEN_FIA_INPUT,2624507,Aesculus glabra var. arguta,(Buckley) Rob.,Accepted,Variety,2624507,Aesculus glabra var. arguta,(Buckley) Rob.,Accepted,Variety,2624507,Aesculus glabra var. arguta,(Buckley) Rob.,Accepted,Variety,2624506,Aesculus glabra,Willd.,Species,ACCEPTED_INFRASPECIES_TO_PARENT_SPECIES,RESOLVED,0,1,,2624506,,,0,Aesculus glabra,DBH_BREAST_HEIGHT,N,5.0,1,1,0,0,,D08B_V01_FROZEN,ACCEPTED_INFRASPECIES_TO_PARENT_SPECIES,RESOLVED
341,Ailanthus altissima,Ailanthus altissima,,NOT_AVAILABLE_IN_FROZEN_FIA_INPUT,2626815,Ailanthus altissima,(Mill.) Swingle,Accepted,Species,2626815,Ailanthus altissima,(Mill.) Swingle,Accepted,Species,2626815,Ailanthus altissima,(Mill.) Swingle,Accepted,Species,2626815,Ailanthus altissima,(Mill.) Swingle,Species,ACCEPTED_SPECIES,RESOLVED,0,1,,2626815,,,0,Ailanthus altissima,DBH_BREAST_HEIGHT,N,5.0,1,1,0,0,,D08B_V01_FROZEN,ACCEPTED_SPECIES,RESOLVED
345,Albizia julibrissin,Albizia julibrissin,,NOT_AVAILABLE_IN_FROZEN_FIA_INPUT,2627374,Albizia julibrissin,Durazz.,Accepted,Species,2627374,Albizia julibrissin,Durazz.,Accepted,Species,2627374,Albizia julibrissin,Durazz.,Accepted,Species,2627374,Albizia julibrissin,Durazz.,Species,ACCEPTED_SPECIES,RESOLVED,0,1,,2627374,,,0,Albizia julibrissin,DBH_BREAST_HEIGHT,N,5.0,1,1,0,0,,D08B_V01_FROZEN,ACCEPTED_SPECIES,RESOLVED
350,Alnus spp.,Alnus spp.,,NOT_AVAILABLE_IN_FROZEN_FIA_INPUT,,,,,,,,,,,,,,,,,,,,GENUS_OR_NON_SPECIES_AGGREGATE,CLASSIFIED_NON_SPECIES,0,0,FIA name is a genus/non-species aggregate or unknown object; no species assignment permitted.,,,,0,,DBH_BREAST_HEIGHT,N,5.0,1,1,0,0,,D08B_V01_FROZEN,GENUS_OR_NON_SPECIES_AGGREGATE,CLASSIFIED_NON_SPECIES
351,Alnus rubra,Alnus rubra,,NOT_AVAILABLE_IN_FROZEN_FIA_INPUT,6584,Alnus rubra,Bong.,Accepted,Species,6584,Alnus rubra,Bong.,Accepted,Species,6584,Alnus rubra,Bong.,Accepted,Species,6584,Alnus rubra,Bong.,Species,ACCEPTED_SPECIES,RESOLVED,0,1,,6584,,,0,Alnus rubra,DBH_BREAST_HEIGHT,N,5.0,1,1,0,0,,D08B_V01_FROZEN,ACCEPTED_SPECIES,RESOLVED
352,Alnus rhombifolia,Alnus rhombifolia,,NOT_AVAILABLE_IN_FROZEN_FIA_INPUT,6578,Alnus rhombifolia,Nutt.,Accepted,Species,6578,Alnus rhombifolia,Nutt.,Accepted,Species,6578,Alnus rhombifolia,Nutt.,Accepted,Species,6578,Alnus rhombifolia,Nutt.,Species,ACCEPTED_SPECIES,RESOLVED,0,1,,6578,,,0,Alnus rhombifolia,DBH_BREAST_HEIGHT,N,5.0,1,1,0,0,,D08B_V01_FROZEN,ACCEPTED_SPECIES,RESOLVED
353,Alnus oblongifolia,Alnus oblongifolia,,NOT_AVAILABLE_IN_FROZEN_FIA_INPUT,6544,Alnus oblongifolia,Torr.,Accepted,Species,6544,Alnus oblongifolia,Torr.,Accepted,Species,6544,Alnus oblongifolia,Torr.,Accepted,Species,6544,Alnus oblongifolia,Torr.,Species,ACCEPTED_SPECIES,RESOLVED,0,1,,6544,,,0,Alnus oblongifolia,DBH_BREAST_HEIGHT,N,5.0,1,1,0,0,,D08B_V01_FROZEN,ACCEPTED_SPECIES,RESOLVED
355,Alnus glutinosa,Alnus glutinosa,,NOT_AVAILABLE_IN_FROZEN_FIA_INPUT,6364,Alnus glutinosa,(L.) Gaertn.,Accepted,Species,6364,Alnus glutinosa,(L.) Gaertn.,Accepted,Species,6364,Alnus glutinosa,(L.) Gaertn.,Accepted,Species,6364,Alnus glutinosa,(L.) Gaertn.,Species,ACCEPTED_SPECIES,RESOLVED,0,1,,6364,,,0,Alnus glutinosa,DBH_BREAST_HEIGHT,N,5.0,1,1,0,0,,D08B_V01_FROZEN,ACCEPTED_SPECIES,RESOLVED
356,Amelanchier spp.,Amelanchier spp.,,NOT_AVAILABLE_IN_FROZEN_FIA_INPUT,,,,,,,,,,,,,,,,,,,,GENUS_OR_NON_SPECIES_AGGREGATE,CLASSIFIED_NON_SPECIES,0,0,FIA name is a genus/non-species aggregate or unknown object; no species assignment permitted.,,,,0,,DBH_BREAST_HEIGHT,N,5.0,1,1,0,0,,D08B_V01_FROZEN,GENUS_OR_NON_SPECIES_AGGREGATE,CLASSIFIED_NON_SPECIES
357,Amelanchier arborea,Amelanchier arborea,,NOT_AVAILABLE_IN_FROZEN_FIA_INPUT,2940130,Amelanchier arborea,(F.Michx.) Fernald,Accepted,Species,2940130,Amelanchier arborea,(F.Michx.) Fernald,Accepted,Species,2940130,Amelanchier arborea,(F.Michx.) Fernald,Accepted,Species,2940130,Amelanchier arborea,(F.Michx.) Fernald,Species,ACCEPTED_SPECIES,RESOLVED,0,1,,2940130,,,0,Amelanchier arborea,DBH_BREAST_HEIGHT,N,5.0,1,1,0,0,,D08B_V01_FROZEN,ACCEPTED_SPECIES,RESOLVED
361,Arbutus menziesii,Arbutus menziesii,,NOT_AVAILABLE_IN_FROZEN_FIA_INPUT,2646696,Arbutus menziesii,Pursh,Accepted,Species,2646696,Arbutus menziesii,Pursh,Accepted,Species,2646696,Arbutus menziesii,Pursh,Accepted,Species,2646696,Arbutus menziesii,Pursh,Species,ACCEPTED_SPECIES,RESOLVED,0,1,,2646696,,,0,Arbutus menziesii,DBH_BREAST_HEIGHT,N,5.0,1,1,0,0,,D08B_V01_FROZEN,ACCEPTED_SPECIES,RESOLVED
362,Arbutus arizonica,Arbutus arizonica,,NOT_AVAILABLE_IN_FROZEN_FIA_INPUT,2646656,Arbutus arizonica,(A.Gray) Sarg.,Accepted,Species,2646656,Arbutus arizonica,(A.Gray) Sarg.,Accepted,Species,2646656,Arbutus arizonica,(A.Gray) Sarg.,Accepted,Species,2646656,Arbutus arizonica,(A.Gray) Sarg.,Species,ACCEPTED_SPECIES,RESOLVED,0,1,,2646656,,,0,Arbutus arizonica,DBH_BREAST_HEIGHT,N,5.0,1,1,0,0,,D08B_V01_FROZEN,ACCEPTED_SPECIES,RESOLVED
363,Arbutus xalapensis,Arbutus xalapensis,NOT PROVIDED IN FIA REF_SPECIES,AUTHOR_NOT_PROVIDED_OR_UNKNOWN,2646755,Arbutus xalapensis,Kunth,Accepted,Species,2646755,Arbutus xalapensis,Kunth,Accepted,Species,2646755,Arbutus xalapensis,Kunth,Accepted,Species,2646755,Arbutus xalapensis,Kunth,Species,AUTHOR_QUALIFIED_ACCEPTED_SPECIES,RESOLVED_MAINLINE_AUTHORIZED,0,1,,2646755,,,0,Arbutus xalapensis,DRC_ROOT_COLLAR,Y,5.0,1,0,0,1,ORDINARY_ACCEPTED,Q1_D08B_TAXONOMY_CORRECTION_MAINLINE_DECISION_v01_20260902.md,AMBIGUOUS,AMBIGUOUS
367,Asimina triloba,Asimina triloba,,NOT_AVAILABLE_IN_FROZEN_FIA_INPUT,2655435,Asimina triloba,(L.) Dunal,Accepted,Species,2655435,Asimina triloba,(L.) Dunal,Accepted,Species,2655435,Asimina triloba,(L.) Dunal,Accepted,Species,2655435,Asimina triloba,(L.) Dunal,Species,ACCEPTED_SPECIES,RESOLVED,0,1,,2655435,,,0,Asimina triloba,DBH_BREAST_HEIGHT,N,5.0,1,1,0,0,,D08B_V01_FROZEN,ACCEPTED_SPECIES,RESOLVED
371,Betula alleghaniensis,Betula alleghaniensis,,NOT_AVAILABLE_IN_FROZEN_FIA_INPUT,21135,Betula alleghaniensis,Britton,Accepted,Species,21135,Betula alleghaniensis,Britton,Accepted,Species,21135,Betula alleghaniensis,Britton,Accepted,Species,21135,Betula alleghaniensis,Britton,Species,ACCEPTED_SPECIES,RESOLVED,0,1,,21135,,,0,Betula alleghaniensis,DBH_BREAST_HEIGHT,N,5.0,1,1,0,0,,D08B_V01_FROZEN,ACCEPTED_SPECIES,RESOLVED
372,Betula lenta,Betula lenta,NOT PROVIDED IN FIA REF_SPECIES,AUTHOR_NOT_PROVIDED_OR_UNKNOWN,21443,Betula lenta,L.,Accepted,Species,21443,Betula lenta,L.,Accepted,Species,21443,Betula lenta,L.,Accepted,Species,21443,Betula lenta,L.,Species,AUTHOR_QUALIFIED_ACCEPTED_SPECIES,RESOLVED_MAINLINE_AUTHORIZED,0,1,,21443,,,0,Betula lenta,DBH_BREAST_HEIGHT,N,5.0,1,1,0,1,ORDINARY_ACCEPTED,Q1_D08B_TAXONOMY_CORRECTION_MAINLINE_DECISION_v01_20260902.md,AMBIGUOUS,AMBIGUOUS
373,Betula nigra,Betula nigra,,NOT_AVAILABLE_IN_FROZEN_FIA_INPUT,21527,Betula nigra,L.,Accepted,Species,21527,Betula nigra,L.,Accepted,Species,21527,Betula nigra,L.,Accepted,Species,21527,Betula nigra,L.,Species,ACCEPTED_SPECIES,RESOLVED,0,1,,21527,,,0,Betula nigra,DBH_BREAST_HEIGHT,N,5.0,1,1,0,0,,D08B_V01_FROZEN,ACCEPTED_SPECIES,RESOLVED
374,Betula occidentalis,Betula occidentalis,,NOT_AVAILABLE_IN_FROZEN_FIA_INPUT,21535,Betula occidentalis,Hook.,Accepted,Species,21535,Betula occidentalis,Hook.,Accepted,Species,21535,Betula occidentalis,Hook.,Accepted,Species,21535,Betula occidentalis,Hook.,Species,ACCEPTED_SPECIES,RESOLVED,0,1,,21535,,,0,Betula occidentalis,DBH_BREAST_HEIGHT,N,5.0,1,1,0,0,,D08B_V01_FROZEN,ACCEPTED_SPECIES,RESOLVED
375,Betula papyrifera,Betula papyrifera,,NOT_AVAILABLE_IN_FROZEN_FIA_INPUT,21557,Betula papyrifera,Marshall,Accepted,Species,21557,Betula papyrifera,Marshall,Accepted,Species,21557,Betula papyrifera,Marshall,Accepted,Species,21557,Betula papyrifera,Marshall,Species,ACCEPTED_SPECIES,RESOLVED,0,1,,21557,,,0,Betula papyrifera,DBH_BREAST_HEIGHT,N,5.0,1,1,0,0,,D08B_V01_FROZEN,ACCEPTED_SPECIES,RESOLVED
379,Betula populifolia,Betula populifolia,,NOT_AVAILABLE_IN_FROZEN_FIA_INPUT,21620,Betula populifolia,Marshall,Accepted,Species,21620,Betula populifolia,Marshall,Accepted,Species,21620,Betula populifolia,Marshall,Accepted,Species,21620,Betula populifolia,Marshall,Species,ACCEPTED_SPECIES,RESOLVED,0,1,,21620,,,0,Betula populifolia,DBH_BREAST_HEIGHT,N,5.0,1,1,0,0,,D08B_V01_FROZEN,ACCEPTED_SPECIES,RESOLVED
381,Sideroxylon lanuginosum ssp. lanuginosum,Sideroxylon lanuginosum ssp. lanuginosum,,NOT_AVAILABLE_IN_FROZEN_FIA_INPUT,191967,Sideroxylon lanuginosum subsp. lanuginosum,,Accepted,Subspecies,191967,Sideroxylon lanuginosum subsp. lanuginosum,,Accepted,Subspecies,191967,Sideroxylon lanuginosum subsp. lanuginosum,,Accepted,Subspecies,191965,Sideroxylon lanuginosum,Michx.,Species,ACCEPTED_INFRASPECIES_TO_PARENT_SPECIES,RESOLVED,0,1,,191965,,,0,Sideroxylon lanuginosum,DBH_BREAST_HEIGHT,N,5.0,1,1,0,0,,D08B_V01_FROZEN,ACCEPTED_INFRASPECIES_TO_PARENT_SPECIES,RESOLVED
391,Carpinus caroliniana,Carpinus caroliniana,,NOT_AVAILABLE_IN_FROZEN_FIA_INPUT,34302,Carpinus caroliniana,Walter,Accepted,Species,34302,Carpinus caroliniana,Walter,Accepted,Species,34302,Carpinus caroliniana,Walter,Accepted,Species,34302,Carpinus caroliniana,Walter,Species,ACCEPTED_SPECIES,RESOLVED,0,1,,34302,,,0,Carpinus caroliniana,DBH_BREAST_HEIGHT,N,5.0,1,1,0,0,,D08B_V01_FROZEN,ACCEPTED_SPECIES,RESOLVED
401,Carya aquatica,Carya aquatica,,NOT_AVAILABLE_IN_FROZEN_FIA_INPUT,2701748,Carya aquatica,(F.Michx.) Nutt. ex Elliott,Accepted,Species,2701748,Carya aquatica,(F.Michx.) Nutt. ex Elliott,Accepted,Species,2701748,Carya aquatica,(F.Michx.) Nutt. ex Elliott,Accepted,Species,2701748,Carya aquatica,(F.Michx.) Nutt. ex Elliott,Species,ACCEPTED_SPECIES,RESOLVED,0,1,,2701748,,,0,Carya aquatica,DBH_BREAST_HEIGHT,N,5.0,1,1,0,0,,D08B_V01_FROZEN,ACCEPTED_SPECIES,RESOLVED
402,Carya cordiformis,Carya cordiformis,,NOT_AVAILABLE_IN_FROZEN_FIA_INPUT,2701766,Carya cordiformis,(Wangenh.) K.Koch,Accepted,Species,2701766,Carya cordiformis,(Wangenh.) K.Koch,Accepted,Species,2701766,Carya cordiformis,(Wangenh.) K.Koch,Accepted,Species,2701766,Carya cordiformis,(Wangenh.) K.Koch,Species,ACCEPTED_SPECIES,RESOLVED,0,1,,2701766,,,0,Carya cordiformis,DBH_BREAST_HEIGHT,N,5.0,1,1,0,0,,D08B_V01_FROZEN,ACCEPTED_SPECIES,RESOLVED
403,Carya glabra,Carya glabra,,NOT_AVAILABLE_IN_FROZEN_FIA_INPUT,2701775,Carya glabra,(Mill.) Sweet,Accepted,Species,2701775,Carya glabra,(Mill.) Sweet,Accepted,Species,2701775,Carya glabra,(Mill.) Sweet,Accepted,Species,2701775,Carya glabra,(Mill.) Sweet,Species,ACCEPTED_SPECIES,RESOLVED,0,1,,2701775,,,0,Carya glabra,DBH_BREAST_HEIGHT,N,5.0,1,1,0,0,,D08B_V01_FROZEN,ACCEPTED_SPECIES,RESOLVED
404,Carya illinoinensis,Carya illinoinensis,,NOT_AVAILABLE_IN_FROZEN_FIA_INPUT,2701784,Carya illinoinensis,(Wangenh.) K.Koch,Accepted,Species,2701784,Carya illinoinensis,(Wangenh.) K.Koch,Accepted,Species,2701784,Carya illinoinensis,(Wangenh.) K.Koch,Accepted,Species,2701784,Carya illinoinensis,(Wangenh.) K.Koch,Species,ACCEPTED_SPECIES,RESOLVED,0,1,,2701784,,,0,Carya illinoinensis,DBH_BREAST_HEIGHT,N,5.0,1,1,0,0,,D08B_V01_FROZEN,ACCEPTED_SPECIES,RESOLVED
405,Carya laciniosa,Carya laciniosa,,NOT_AVAILABLE_IN_FROZEN_FIA_INPUT,2701789,Carya laciniosa,(F.Michx.) G.Don,Accepted,Species,2701789,Carya laciniosa,(F.Michx.) G.Don,Accepted,Species,2701789,Carya laciniosa,(F.Michx.) G.Don,Accepted,Species,2701789,Carya laciniosa,(F.Michx.) G.Don,Species,ACCEPTED_SPECIES,RESOLVED,0,1,,2701789,,,0,Carya laciniosa,DBH_BREAST_HEIGHT,N,5.0,1,1,0,0,,D08B_V01_FROZEN,ACCEPTED_SPECIES,RESOLVED
406,Carya myristiciformis,Carya myristiciformis,,NOT_AVAILABLE_IN_FROZEN_FIA_INPUT,2701803,Carya myristiciformis,(F.Michx.) Nutt. ex Elliott,Accepted,Species,2701803,Carya myristiciformis,(F.Michx.) Nutt. ex Elliott,Accepted,Species,2701803,Carya myristiciformis,(F.Michx.) Nutt. ex Elliott,Accepted,Species,2701803,Carya myristiciformis,(F.Michx.) Nutt. ex Elliott,Species,ACCEPTED_SPECIES,RESOLVED,0,1,,2701803,,,0,Carya myristiciformis,DBH_BREAST_HEIGHT,N,5.0,1,1,0,0,,D08B_V01_FROZEN,ACCEPTED_SPECIES,RESOLVED
407,Carya ovata,Carya ovata,,NOT_AVAILABLE_IN_FROZEN_FIA_INPUT,2701831,Carya ovata,(Mill.) K.Koch,Accepted,Species,2701831,Carya ovata,(Mill.) K.Koch,Accepted,Species,2701831,Carya ovata,(Mill.) K.Koch,Accepted,Species,2701831,Carya ovata,(Mill.) K.Koch,Species,ACCEPTED_SPECIES,RESOLVED,0,1,,2701831,,,0,Carya ovata,DBH_BREAST_HEIGHT,N,5.0,1,1,0,0,,D08B_V01_FROZEN,ACCEPTED_SPECIES,RESOLVED
408,Carya texana,Carya texana,,NOT_AVAILABLE_IN_FROZEN_FIA_INPUT,2701863,Carya texana,Buckley,Accepted,Species,2701863,Carya texana,Buckley,Accepted,Species,2701863,Carya texana,Buckley,Accepted,Species,2701863,Carya texana,Buckley,Species,ACCEPTED_SPECIES,RESOLVED,0,1,,2701863,,,0,Carya texana,DBH_BREAST_HEIGHT,N,5.0,1,1,0,0,,D08B_V01_FROZEN,ACCEPTED_SPECIES,RESOLVED
409,Carya alba,Carya alba,,NOT_AVAILABLE_IN_FROZEN_FIA_INPUT,2701739,Carya alba,(L.) Nutt. ex Elliott,Synonym,Species,2701867,Carya tomentosa,(Lam.) Nutt.,Accepted,Species,2701867,Carya tomentosa,(Lam.) Nutt.,Accepted,Species,2701867,Carya tomentosa,(Lam.) Nutt.,Species,SYNONYM_TO_ACCEPTED_SPECIES,RESOLVED,0,1,,2701867,,,0,Carya tomentosa,DBH_BREAST_HEIGHT,N,5.0,1,1,0,0,,D08B_V01_FROZEN,SYNONYM_TO_ACCEPTED_SPECIES,RESOLVED
410,Carya pallida,Carya pallida,,NOT_AVAILABLE_IN_FROZEN_FIA_INPUT,2701846,Carya pallida,(Ashe) Engelm. & Graebn.,Accepted,Species,2701846,Carya pallida,(Ashe) Engelm. & Graebn.,Accepted,Species,2701846,Carya pallida,(Ashe) Engelm. & Graebn.,Accepted,Species,2701846,Carya pallida,(Ashe) Engelm. & Graebn.,Species,ACCEPTED_SPECIES,RESOLVED,0,1,,2701846,,,0,Carya pallida,DBH_BREAST_HEIGHT,N,5.0,1,1,0,0,,D08B_V01_FROZEN,ACCEPTED_SPECIES,RESOLVED
411,Carya floridana,Carya floridana,,NOT_AVAILABLE_IN_FROZEN_FIA_INPUT,2701774,Carya floridana,Sarg.,Accepted,Species,2701774,Carya floridana,Sarg.,Accepted,Species,2701774,Carya floridana,Sarg.,Accepted,Species,2701774,Carya floridana,Sarg.,Species,ACCEPTED_SPECIES,RESOLVED,0,1,,2701774,,,0,Carya floridana,DBH_BREAST_HEIGHT,N,5.0,1,1,0,0,,D08B_V01_FROZEN,ACCEPTED_SPECIES,RESOLVED
412,Carya ovalis,Carya ovalis,,NOT_AVAILABLE_IN_FROZEN_FIA_INPUT,2701807,Carya ovalis,(Wangenh.) Sarg.,Synonym,Species,2701780,Carya glabra var. odorata,(Marshall) Little,Accepted,Variety,2701780,Carya glabra var. odorata,(Marshall) Little,Accepted,Variety,2701775,Carya glabra,(Mill.) Sweet,Species,SYNONYM_TO_ACCEPTED_INFRASPECIES_TO_PARENT_SPECIES,RESOLVED,0,1,,2701775,,,0,Carya glabra,DBH_BREAST_HEIGHT,N,5.0,1,1,0,0,,D08B_V01_FROZEN,SYNONYM_TO_ACCEPTED_INFRASPECIES_TO_PARENT_SPECIES,RESOLVED
413,Carya carolinae-septentrionalis,Carya carolinae-septentrionalis,,NOT_AVAILABLE_IN_FROZEN_FIA_INPUT,2701762,Carya carolinae-septentrionalis,(Ashe) Engl. & Graebn.,Synonym,Species,2701832,Carya ovata var. australis,(Ashe) Little,Accepted,Variety,2701832,Carya ovata var. australis,(Ashe) Little,Accepted,Variety,2701831,Carya ovata,(Mill.) K.Koch,Species,SYNONYM_TO_ACCEPTED_INFRASPECIES_TO_PARENT_SPECIES,RESOLVED,0,1,,2701831,,,0,Carya ovata,DBH_BREAST_HEIGHT,N,5.0,1,1,0,0,,D08B_V01_FROZEN,SYNONYM_TO_ACCEPTED_INFRASPECIES_TO_PARENT_SPECIES,RESOLVED
421,Castanea dentata,Castanea dentata,,NOT_AVAILABLE_IN_FROZEN_FIA_INPUT,34965,Castanea dentata,(Marshall) Borkh.,Accepted,Species,34965,Castanea dentata,(Marshall) Borkh.,Accepted,Species,34965,Castanea dentata,(Marshall) Borkh.,Accepted,Species,34965,Castanea dentata,(Marshall) Borkh.,Species,ACCEPTED_SPECIES,RESOLVED,0,1,,34965,,,0,Castanea dentata,DBH_BREAST_HEIGHT,N,5.0,1,1,0,0,,D08B_V01_FROZEN,ACCEPTED_SPECIES,RESOLVED
422,Castanea pumila,Castanea pumila,,NOT_AVAILABLE_IN_FROZEN_FIA_INPUT,35028,Castanea pumila,(L.) Mill.,Accepted,Species,35028,Castanea pumila,(L.) Mill.,Accepted,Species,35028,Castanea pumila,(L.) Mill.,Accepted,Species,35028,Castanea pumila,(L.) Mill.,Species,ACCEPTED_SPECIES,RESOLVED,0,1,,35028,,,0,Castanea pumila,DBH_BREAST_HEIGHT,N,5.0,1,1,0,0,,D08B_V01_FROZEN,ACCEPTED_SPECIES,RESOLVED
423,Castanea pumila var. ozarkensis,Castanea pumila var. ozarkensis,,NOT_AVAILABLE_IN_FROZEN_FIA_INPUT,35034,Castanea pumila var. ozarkensis,(Ashe) G.E.Tucker,Synonym,Variety,35021,Castanea ozarkensis,Ashe,Accepted,Species,35021,Castanea ozarkensis,Ashe,Accepted,Species,35021,Castanea ozarkensis,Ashe,Species,SYNONYM_TO_ACCEPTED_SPECIES,RESOLVED,0,1,,35021,,,0,Castanea ozarkensis,DBH_BREAST_HEIGHT,N,5.0,1,1,0,0,,D08B_V01_FROZEN,SYNONYM_TO_ACCEPTED_SPECIES,RESOLVED
424,Castanea mollissima,Castanea mollissima,,NOT_AVAILABLE_IN_FROZEN_FIA_INPUT,35016,Castanea mollissima,Blume,Accepted,Species,35016,Castanea mollissima,Blume,Accepted,Species,35016,Castanea mollissima,Blume,Accepted,Species,35016,Castanea mollissima,Blume,Species,ACCEPTED_SPECIES,RESOLVED,0,1,,35016,,,0,Castanea mollissima,DBH_BREAST_HEIGHT,N,5.0,1,1,0,0,,D08B_V01_FROZEN,ACCEPTED_SPECIES,RESOLVED
431,Chrysolepis chrysophylla var. chrysophylla,Chrysolepis chrysophylla var. chrysophylla,,NOT_AVAILABLE_IN_FROZEN_FIA_INPUT,39928,Chrysolepis chrysophylla var. chrysophylla,,Accepted,Variety,39928,Chrysolepis chrysophylla var. chrysophylla,,Accepted,Variety,39928,Chrysolepis chrysophylla var. chrysophylla,,Accepted,Variety,39927,Chrysolepis chrysophylla,(Douglas ex Hook.) Hjelmq.,Species,ACCEPTED_INFRASPECIES_TO_PARENT_SPECIES,RESOLVED,0,1,,39927,,,0,Chrysolepis chrysophylla,DBH_BREAST_HEIGHT,N,5.0,1,1,0,0,,D08B_V01_FROZEN,ACCEPTED_INFRASPECIES_TO_PARENT_SPECIES,RESOLVED
451,Catalpa bignonioides,Catalpa bignonioides,,NOT_AVAILABLE_IN_FROZEN_FIA_INPUT,320352,Catalpa bignonioides,Walter,Accepted,Species,320352,Catalpa bignonioides,Walter,Accepted,Species,320352,Catalpa bignonioides,Walter,Accepted,Species,320352,Catalpa bignonioides,Walter,Species,ACCEPTED_SPECIES,RESOLVED,0,1,,320352,,,0,Catalpa bignonioides,DBH_BREAST_HEIGHT,N,5.0,1,1,0,0,,D08B_V01_FROZEN,ACCEPTED_SPECIES,RESOLVED
452,Catalpa speciosa,Catalpa speciosa,,NOT_AVAILABLE_IN_FROZEN_FIA_INPUT,320410,Catalpa speciosa,Warder ex Teas,Accepted,Species,320410,Catalpa speciosa,Warder ex Teas,Accepted,Species,320410,Catalpa speciosa,Warder ex Teas,Accepted,Species,320410,Catalpa speciosa,Warder ex Teas,Species,ACCEPTED_SPECIES,RESOLVED,0,1,,320410,,,0,Catalpa speciosa,DBH_BREAST_HEIGHT,N,5.0,1,1,0,0,,D08B_V01_FROZEN,ACCEPTED_SPECIES,RESOLVED
461,Celtis laevigata,Celtis laevigata,,NOT_AVAILABLE_IN_FROZEN_FIA_INPUT,2708323,Celtis laevigata,Willd.,Accepted,Species,2708323,Celtis laevigata,Willd.,Accepted,Species,2708323,Celtis laevigata,Willd.,Accepted,Species,2708323,Celtis laevigata,Willd.,Species,ACCEPTED_SPECIES,RESOLVED,0,1,,2708323,,,0,Celtis laevigata,DBH_BREAST_HEIGHT,N,5.0,1,1,0,0,,D08B_V01_FROZEN,ACCEPTED_SPECIES,RESOLVED
462,Celtis occidentalis,Celtis occidentalis,,NOT_AVAILABLE_IN_FROZEN_FIA_INPUT,2708380,Celtis occidentalis,L.,Accepted,Species,2708380,Celtis occidentalis,L.,Accepted,Species,2708380,Celtis occidentalis,L.,Accepted,Species,2708380,Celtis occidentalis,L.,Species,ACCEPTED_SPECIES,RESOLVED,0,1,,2708380,,,0,Celtis occidentalis,DBH_BREAST_HEIGHT,N,5.0,1,1,0,0,,D08B_V01_FROZEN,ACCEPTED_SPECIES,RESOLVED
463,Celtis laevigata var. reticulata,Celtis laevigata var. reticulata,,NOT_AVAILABLE_IN_FROZEN_FIA_INPUT,2708331,Celtis laevigata var. reticulata,(Torr.) L.D.Benson,Synonym,Variety,2708432,Celtis reticulata,Torr.,Accepted,Species,2708432,Celtis reticulata,Torr.,Accepted,Species,2708432,Celtis reticulata,Torr.,Species,SYNONYM_TO_ACCEPTED_SPECIES,RESOLVED,0,1,,2708432,,,0,Celtis reticulata,DBH_BREAST_HEIGHT,N,5.0,1,1,0,0,,D08B_V01_FROZEN,SYNONYM_TO_ACCEPTED_SPECIES,RESOLVED
471,Cercis canadensis,Cercis canadensis,,NOT_AVAILABLE_IN_FROZEN_FIA_INPUT,2711403,Cercis canadensis,L.,Accepted,Species,2711403,Cercis canadensis,L.,Accepted,Species,2711403,Cercis canadensis,L.,Accepted,Species,2711403,Cercis canadensis,L.,Species,ACCEPTED_SPECIES,RESOLVED,0,1,,2711403,,,0,Cercis canadensis,DBH_BREAST_HEIGHT,N,5.0,1,1,0,0,,D08B_V01_FROZEN,ACCEPTED_SPECIES,RESOLVED
475,Cercocarpus ledifolius,Cercocarpus ledifolius,,NOT_AVAILABLE_IN_FROZEN_FIA_INPUT,2943367,Cercocarpus ledifolius,Nutt.,Accepted,Species,2943367,Cercocarpus ledifolius,Nutt.,Accepted,Species,2943367,Cercocarpus ledifolius,Nutt.,Accepted,Species,2943367,Cercocarpus ledifolius,Nutt.,Species,ACCEPTED_SPECIES,RESOLVED,0,1,,2943367,,,0,Cercocarpus ledifolius,DRC_ROOT_COLLAR,Y,5.0,1,0,0,0,,D08B_V01_FROZEN,ACCEPTED_SPECIES,RESOLVED
481,Cladrastis kentukea,Cladrastis kentukea,,NOT_AVAILABLE_IN_FROZEN_FIA_INPUT,2724586,Cladrastis kentukea,(Dum.Cours.) Rudd,Accepted,Species,2724586,Cladrastis kentukea,(Dum.Cours.) Rudd,Accepted,Species,2724586,Cladrastis kentukea,(Dum.Cours.) Rudd,Accepted,Species,2724586,Cladrastis kentukea,(Dum.Cours.) Rudd,Species,ACCEPTED_SPECIES,RESOLVED,0,1,,2724586,,,0,Cladrastis kentukea,DBH_BREAST_HEIGHT,N,5.0,1,1,0,0,,D08B_V01_FROZEN,ACCEPTED_SPECIES,RESOLVED
491,Cornus florida,Cornus florida,,NOT_AVAILABLE_IN_FROZEN_FIA_INPUT,47363,Cornus florida,L.,Accepted,Species,47363,Cornus florida,L.,Accepted,Species,47363,Cornus florida,L.,Accepted,Species,47363,Cornus florida,L.,Species,ACCEPTED_SPECIES,RESOLVED,0,1,,47363,,,0,Cornus florida,DBH_BREAST_HEIGHT,N,5.0,1,1,0,0,,D08B_V01_FROZEN,ACCEPTED_SPECIES,RESOLVED
492,Cornus nuttallii,Cornus nuttallii,,NOT_AVAILABLE_IN_FROZEN_FIA_INPUT,47451,Cornus nuttallii,Audubon ex Torr. & A.Gray,Accepted,Species,47451,Cornus nuttallii,Audubon ex Torr. & A.Gray,Accepted,Species,47451,Cornus nuttallii,Audubon ex Torr. & A.Gray,Accepted,Species,47451,Cornus nuttallii,Audubon ex Torr. & A.Gray,Species,ACCEPTED_SPECIES,RESOLVED,0,1,,47451,,,0,Cornus nuttallii,DBH_BREAST_HEIGHT,N,5.0,1,1,0,0,,D08B_V01_FROZEN,ACCEPTED_SPECIES,RESOLVED
500,Crataegus spp.,Crataegus spp.,,NOT_AVAILABLE_IN_FROZEN_FIA_INPUT,,,,,,,,,,,,,,,,,,,,GENUS_OR_NON_SPECIES_AGGREGATE,CLASSIFIED_NON_SPECIES,0,0,FIA name is a genus/non-species aggregate or unknown object; no species assignment permitted.,,,,0,,DBH_BREAST_HEIGHT,N,5.0,1,1,0,0,,D08B_V01_FROZEN,GENUS_OR_NON_SPECIES_AGGREGATE,CLASSIFIED_NON_SPECIES
501,Crataegus crus-galli,Crataegus crus-galli,,NOT_AVAILABLE_IN_FROZEN_FIA_INPUT,2945308,Crataegus crus-galli,L.,Accepted,Species,2945308,Crataegus crus-galli,L.,Accepted,Species,2945308,Crataegus crus-galli,L.,Accepted,Species,2945308,Crataegus crus-galli,L.,Species,ACCEPTED_SPECIES,RESOLVED,0,1,,2945308,,,0,Crataegus crus-galli,DBH_BREAST_HEIGHT,N,5.0,1,1,0,0,,D08B_V01_FROZEN,ACCEPTED_SPECIES,RESOLVED
502,Crataegus mollis,Crataegus mollis,,NOT_AVAILABLE_IN_FROZEN_FIA_INPUT,2946180,Crataegus mollis,(Torr. & A.Gray) Scheele,Accepted,Species,2946180,Crataegus mollis,(Torr. & A.Gray) Scheele,Accepted,Species,2946180,Crataegus mollis,(Torr. & A.Gray) Scheele,Accepted,Species,2946180,Crataegus mollis,(Torr. & A.Gray) Scheele,Species,ACCEPTED_SPECIES,RESOLVED,0,1,,2946180,,,0,Crataegus mollis,DBH_BREAST_HEIGHT,N,5.0,1,1,0,0,,D08B_V01_FROZEN,ACCEPTED_SPECIES,RESOLVED
511,Eucalyptus globulus,Eucalyptus globulus,,NOT_AVAILABLE_IN_FROZEN_FIA_INPUT,73008,Eucalyptus globulus,Labill.,Accepted,Species,73008,Eucalyptus globulus,Labill.,Accepted,Species,73008,Eucalyptus globulus,Labill.,Accepted,Species,73008,Eucalyptus globulus,Labill.,Species,ACCEPTED_SPECIES,RESOLVED,0,1,,73008,,,0,Eucalyptus globulus,DBH_BREAST_HEIGHT,N,5.0,1,1,0,0,,D08B_V01_FROZEN,ACCEPTED_SPECIES,RESOLVED
513,Eucalyptus grandis,Eucalyptus grandis,,NOT_AVAILABLE_IN_FROZEN_FIA_INPUT,73044,Eucalyptus grandis,W.Hill ex Maiden,Accepted,Species,73044,Eucalyptus grandis,W.Hill ex Maiden,Accepted,Species,73044,Eucalyptus grandis,W.Hill ex Maiden,Accepted,Species,73044,Eucalyptus grandis,W.Hill ex Maiden,Species,ACCEPTED_SPECIES,RESOLVED,0,1,,73044,,,0,Eucalyptus grandis,DBH_BREAST_HEIGHT,N,5.0,1,1,0,0,,D08B_V01_FROZEN,ACCEPTED_SPECIES,RESOLVED
521,Diospyros virginiana,Diospyros virginiana,,NOT_AVAILABLE_IN_FROZEN_FIA_INPUT,385000,Diospyros virginiana,L.,Accepted,Species,385000,Diospyros virginiana,L.,Accepted,Species,385000,Diospyros virginiana,L.,Accepted,Species,385000,Diospyros virginiana,L.,Species,ACCEPTED_SPECIES,RESOLVED,0,1,,385000,,,0,Diospyros virginiana,DBH_BREAST_HEIGHT,N,5.0,1,1,0,0,,D08B_V01_FROZEN,ACCEPTED_SPECIES,RESOLVED
522,Diospyros texana,Diospyros texana,,NOT_AVAILABLE_IN_FROZEN_FIA_INPUT,384904,Diospyros texana,Scheele,Accepted,Species,384904,Diospyros texana,Scheele,Accepted,Species,384904,Diospyros texana,Scheele,Accepted,Species,384904,Diospyros texana,Scheele,Species,ACCEPTED_SPECIES,RESOLVED,0,1,,384904,,,0,Diospyros texana,DRC_ROOT_COLLAR,Y,5.0,1,0,0,0,,D08B_V01_FROZEN,ACCEPTED_SPECIES,RESOLVED
523,Ehretia anacua,Ehretia anacua,,NOT_AVAILABLE_IN_FROZEN_FIA_INPUT,2784654,Ehretia anacua,(Terán & Berland.) I.M.Johnst.,Accepted,Species,2784654,Ehretia anacua,(Terán & Berland.) I.M.Johnst.,Accepted,Species,2784654,Ehretia anacua,(Terán & Berland.) I.M.Johnst.,Accepted,Species,2784654,Ehretia anacua,(Terán & Berland.) I.M.Johnst.,Species,ACCEPTED_SPECIES,RESOLVED,0,1,,2784654,,,0,Ehretia anacua,DRC_ROOT_COLLAR,Y,5.0,1,0,0,0,,D08B_V01_FROZEN,ACCEPTED_SPECIES,RESOLVED
531,Fagus grandifolia,Fagus grandifolia,,NOT_AVAILABLE_IN_FROZEN_FIA_INPUT,83824,Fagus grandifolia,Ehrh.,Accepted,Species,83824,Fagus grandifolia,Ehrh.,Accepted,Species,83824,Fagus grandifolia,Ehrh.,Accepted,Species,83824,Fagus grandifolia,Ehrh.,Species,ACCEPTED_SPECIES,RESOLVED,0,1,,83824,,,0,Fagus grandifolia,DBH_BREAST_HEIGHT,N,5.0,1,1,0,0,,D08B_V01_FROZEN,ACCEPTED_SPECIES,RESOLVED
541,Fraxinus americana,Fraxinus americana,,NOT_AVAILABLE_IN_FROZEN_FIA_INPUT,369468,Fraxinus americana,L.,Accepted,Species,369468,Fraxinus americana,L.,Accepted,Species,369468,Fraxinus americana,L.,Accepted,Species,369468,Fraxinus americana,L.,Species,ACCEPTED_SPECIES,RESOLVED,0,1,,369468,,,0,Fraxinus americana,DBH_BREAST_HEIGHT,N,5.0,1,1,0,0,,D08B_V01_FROZEN,ACCEPTED_SPECIES,RESOLVED
542,Fraxinus latifolia,Fraxinus latifolia,,NOT_AVAILABLE_IN_FROZEN_FIA_INPUT,369836,Fraxinus latifolia,Benth.,Accepted,Species,369836,Fraxinus latifolia,Benth.,Accepted,Species,369836,Fraxinus latifolia,Benth.,Accepted,Species,369836,Fraxinus latifolia,Benth.,Species,ACCEPTED_SPECIES,RESOLVED,0,1,,369836,,,0,Fraxinus latifolia,DBH_BREAST_HEIGHT,N,5.0,1,1,0,0,,D08B_V01_FROZEN,ACCEPTED_SPECIES,RESOLVED
543,Fraxinus nigra,Fraxinus nigra,,NOT_AVAILABLE_IN_FROZEN_FIA_INPUT,369888,Fraxinus nigra,Marshall,Accepted,Species,369888,Fraxinus nigra,Marshall,Accepted,Species,369888,Fraxinus nigra,Marshall,Accepted,Species,369888,Fraxinus nigra,Marshall,Species,ACCEPTED_SPECIES,RESOLVED,0,1,,369888,,,0,Fraxinus nigra,DBH_BREAST_HEIGHT,N,5.0,1,1,0,0,,D08B_V01_FROZEN,ACCEPTED_SPECIES,RESOLVED
544,Fraxinus pennsylvanica,Fraxinus pennsylvanica,,NOT_AVAILABLE_IN_FROZEN_FIA_INPUT,370006,Fraxinus pennsylvanica,Marshall,Accepted,Species,370006,Fraxinus pennsylvanica,Marshall,Accepted,Species,370006,Fraxinus pennsylvanica,Marshall,Accepted,Species,370006,Fraxinus pennsylvanica,Marshall,Species,ACCEPTED_SPECIES,RESOLVED,0,1,,370006,,,0,Fraxinus pennsylvanica,DBH_BREAST_HEIGHT,N,5.0,1,1,0,0,,D08B_V01_FROZEN,ACCEPTED_SPECIES,RESOLVED
545,Fraxinus profunda,Fraxinus profunda,,NOT_AVAILABLE_IN_FROZEN_FIA_INPUT,370051,Fraxinus profunda,(Bush) Bush,Accepted,Species,370051,Fraxinus profunda,(Bush) Bush,Accepted,Species,370051,Fraxinus profunda,(Bush) Bush,Accepted,Species,370051,Fraxinus profunda,(Bush) Bush,Species,ACCEPTED_SPECIES,RESOLVED,0,1,,370051,,,0,Fraxinus profunda,DBH_BREAST_HEIGHT,N,5.0,1,1,0,0,,D08B_V01_FROZEN,ACCEPTED_SPECIES,RESOLVED
546,Fraxinus quadrangulata,Fraxinus quadrangulata,,NOT_AVAILABLE_IN_FROZEN_FIA_INPUT,370075,Fraxinus quadrangulata,Michx.,Accepted,Species,370075,Fraxinus quadrangulata,Michx.,Accepted,Species,370075,Fraxinus quadrangulata,Michx.,Accepted,Species,370075,Fraxinus quadrangulata,Michx.,Species,ACCEPTED_SPECIES,RESOLVED,0,1,,370075,,,0,Fraxinus quadrangulata,DBH_BREAST_HEIGHT,N,5.0,1,1,0,0,,D08B_V01_FROZEN,ACCEPTED_SPECIES,RESOLVED
547,Fraxinus velutina,Fraxinus velutina,,NOT_AVAILABLE_IN_FROZEN_FIA_INPUT,370195,Fraxinus velutina,Torr.,Accepted,Species,370195,Fraxinus velutina,Torr.,Accepted,Species,370195,Fraxinus velutina,Torr.,Accepted,Species,370195,Fraxinus velutina,Torr.,Species,ACCEPTED_SPECIES,RESOLVED,0,1,,370195,,,0,Fraxinus velutina,DBH_BREAST_HEIGHT,N,5.0,1,1,0,0,,D08B_V01_FROZEN,ACCEPTED_SPECIES,RESOLVED
548,Fraxinus caroliniana,Fraxinus caroliniana,,NOT_AVAILABLE_IN_FROZEN_FIA_INPUT,369591,Fraxinus caroliniana,Mill.,Accepted,Species,369591,Fraxinus caroliniana,Mill.,Accepted,Species,369591,Fraxinus caroliniana,Mill.,Accepted,Species,369591,Fraxinus caroliniana,Mill.,Species,ACCEPTED_SPECIES,RESOLVED,0,1,,369591,,,0,Fraxinus caroliniana,DBH_BREAST_HEIGHT,N,5.0,1,1,0,0,,D08B_V01_FROZEN,ACCEPTED_SPECIES,RESOLVED
549,Fraxinus texensis,Fraxinus texensis,,NOT_AVAILABLE_IN_FROZEN_FIA_INPUT,370174,Fraxinus texensis,(A.Gray) Sarg.,Synonym,Species,369466,Fraxinus albicans,Buckley,Accepted,Species,369466,Fraxinus albicans,Buckley,Accepted,Species,369466,Fraxinus albicans,Buckley,Species,SYNONYM_TO_ACCEPTED_SPECIES,RESOLVED,0,1,,369466,,,0,Fraxinus albicans,DBH_BREAST_HEIGHT,N,5.0,1,1,0,0,,D08B_V01_FROZEN,SYNONYM_TO_ACCEPTED_SPECIES,RESOLVED
551,Gleditsia aquatica,Gleditsia aquatica,,NOT_AVAILABLE_IN_FROZEN_FIA_INPUT,2826455,Gleditsia aquatica,Marshall,Accepted,Species,2826455,Gleditsia aquatica,Marshall,Accepted,Species,2826455,Gleditsia aquatica,Marshall,Accepted,Species,2826455,Gleditsia aquatica,Marshall,Species,ACCEPTED_SPECIES,RESOLVED,0,1,,2826455,,,0,Gleditsia aquatica,DBH_BREAST_HEIGHT,N,5.0,1,1,0,0,,D08B_V01_FROZEN,ACCEPTED_SPECIES,RESOLVED
552,Gleditsia triacanthos,Gleditsia triacanthos,,NOT_AVAILABLE_IN_FROZEN_FIA_INPUT,2826513,Gleditsia triacanthos,L.,Accepted,Species,2826513,Gleditsia triacanthos,L.,Accepted,Species,2826513,Gleditsia triacanthos,L.,Accepted,Species,2826513,Gleditsia triacanthos,L.,Species,ACCEPTED_SPECIES,RESOLVED,0,1,,2826513,,,0,Gleditsia triacanthos,DBH_BREAST_HEIGHT,N,5.0,1,1,0,0,,D08B_V01_FROZEN,ACCEPTED_SPECIES,RESOLVED
555,Gordonia lasianthus,Gordonia lasianthus,,NOT_AVAILABLE_IN_FROZEN_FIA_INPUT,2830846,Gordonia lasianthus,(L.) Ellis,Accepted,Species,2830846,Gordonia lasianthus,(L.) Ellis,Accepted,Species,2830846,Gordonia lasianthus,(L.) Ellis,Accepted,Species,2830846,Gordonia lasianthus,(L.) Ellis,Species,ACCEPTED_SPECIES,RESOLVED,0,1,,2830846,,,0,Gordonia lasianthus,DBH_BREAST_HEIGHT,N,5.0,1,1,0,0,,D08B_V01_FROZEN,ACCEPTED_SPECIES,RESOLVED
561,Ginkgo biloba,Ginkgo biloba,,NOT_AVAILABLE_IN_FROZEN_FIA_INPUT,334053,Ginkgo biloba,L.,Accepted,Species,334053,Ginkgo biloba,L.,Accepted,Species,334053,Ginkgo biloba,L.,Accepted,Species,334053,Ginkgo biloba,L.,Species,ACCEPTED_SPECIES,RESOLVED,0,1,,334053,,,0,Ginkgo biloba,DBH_BREAST_HEIGHT,N,5.0,1,1,0,0,,D08B_V01_FROZEN,ACCEPTED_SPECIES,RESOLVED
571,Gymnocladus dioicus,Gymnocladus dioicus,,NOT_AVAILABLE_IN_FROZEN_FIA_INPUT,2835921,Gymnocladus dioicus,(L.) K.Koch,Accepted,Species,2835921,Gymnocladus dioicus,(L.) K.Koch,Accepted,Species,2835921,Gymnocladus dioicus,(L.) K.Koch,Accepted,Species,2835921,Gymnocladus dioicus,(L.) K.Koch,Species,ACCEPTED_SPECIES,RESOLVED,0,1,,2835921,,,0,Gymnocladus dioicus,DBH_BREAST_HEIGHT,N,5.0,1,1,0,0,,D08B_V01_FROZEN,ACCEPTED_SPECIES,RESOLVED
581,Halesia carolina,Halesia carolina,,NOT_AVAILABLE_IN_FROZEN_FIA_INPUT,2838104,Halesia carolina,L.,Accepted,Species,2838104,Halesia carolina,L.,Accepted,Species,2838104,Halesia carolina,L.,Accepted,Species,2838104,Halesia carolina,L.,Species,ACCEPTED_SPECIES,RESOLVED,0,1,,2838104,,,0,Halesia carolina,DBH_BREAST_HEIGHT,N,5.0,1,1,0,0,,D08B_V01_FROZEN,ACCEPTED_SPECIES,RESOLVED
582,Halesia diptera,Halesia diptera,,NOT_AVAILABLE_IN_FROZEN_FIA_INPUT,2838115,Halesia diptera,L.,Accepted,Species,2838115,Halesia diptera,L.,Accepted,Species,2838115,Halesia diptera,L.,Accepted,Species,2838115,Halesia diptera,L.,Species,ACCEPTED_SPECIES,RESOLVED,0,1,,2838115,,,0,Halesia diptera,DBH_BREAST_HEIGHT,N,5.0,1,1,0,0,,D08B_V01_FROZEN,ACCEPTED_SPECIES,RESOLVED
591,Ilex opaca,Ilex opaca,,NOT_AVAILABLE_IN_FROZEN_FIA_INPUT,2861190,Ilex opaca,Aiton,Accepted,Species,2861190,Ilex opaca,Aiton,Accepted,Species,2861190,Ilex opaca,Aiton,Accepted,Species,2861190,Ilex opaca,Aiton,Species,ACCEPTED_SPECIES,RESOLVED,0,1,,2861190,,,0,Ilex opaca,DBH_BREAST_HEIGHT,N,5.0,1,1,0,0,,D08B_V01_FROZEN,ACCEPTED_SPECIES,RESOLVED
601,Juglans cinerea,Juglans cinerea,,NOT_AVAILABLE_IN_FROZEN_FIA_INPUT,2331793,Juglans cinerea,L.,Accepted,Species,2331793,Juglans cinerea,L.,Accepted,Species,2331793,Juglans cinerea,L.,Accepted,Species,2331793,Juglans cinerea,L.,Species,ACCEPTED_SPECIES,RESOLVED,0,1,,2331793,,,0,Juglans cinerea,DBH_BREAST_HEIGHT,N,5.0,1,1,0,0,,D08B_V01_FROZEN,ACCEPTED_SPECIES,RESOLVED
602,Juglans nigra,Juglans nigra,,NOT_AVAILABLE_IN_FROZEN_FIA_INPUT,2331834,Juglans nigra,L.,Accepted,Species,2331834,Juglans nigra,L.,Accepted,Species,2331834,Juglans nigra,L.,Accepted,Species,2331834,Juglans nigra,L.,Species,ACCEPTED_SPECIES,RESOLVED,0,1,,2331834,,,0,Juglans nigra,DBH_BREAST_HEIGHT,N,5.0,1,1,0,0,,D08B_V01_FROZEN,ACCEPTED_SPECIES,RESOLVED
603,Juglans hindsii,Juglans hindsii,,NOT_AVAILABLE_IN_FROZEN_FIA_INPUT,2329229,Juglans hindsii,(Jeps.) Jeps. ex R.E.Sm.,Accepted,Species,2329229,Juglans hindsii,(Jeps.) Jeps. ex R.E.Sm.,Accepted,Species,2329229,Juglans hindsii,(Jeps.) Jeps. ex R.E.Sm.,Accepted,Species,2329229,Juglans hindsii,(Jeps.) Jeps. ex R.E.Sm.,Species,ACCEPTED_SPECIES,RESOLVED,0,1,,2329229,,,0,Juglans hindsii,DBH_BREAST_HEIGHT,N,5.0,1,1,0,0,,D08B_V01_FROZEN,ACCEPTED_SPECIES,RESOLVED
604,Juglans californica,Juglans californica,,NOT_AVAILABLE_IN_FROZEN_FIA_INPUT,2331825,Juglans californica,S.Watson,Accepted,Species,2331825,Juglans californica,S.Watson,Accepted,Species,2331825,Juglans californica,S.Watson,Accepted,Species,2331825,Juglans californica,S.Watson,Species,ACCEPTED_SPECIES,RESOLVED,0,1,,2331825,,,0,Juglans californica,DBH_BREAST_HEIGHT,N,5.0,1,1,0,0,,D08B_V01_FROZEN,ACCEPTED_SPECIES,RESOLVED
605,Juglans microcarpa,Juglans microcarpa,,NOT_AVAILABLE_IN_FROZEN_FIA_INPUT,2331862,Juglans microcarpa,Berland.,Accepted,Species,2331862,Juglans microcarpa,Berland.,Accepted,Species,2331862,Juglans microcarpa,Berland.,Accepted,Species,2331862,Juglans microcarpa,Berland.,Species,ACCEPTED_SPECIES,RESOLVED,0,1,,2331862,,,0,Juglans microcarpa,DBH_BREAST_HEIGHT,N,5.0,1,1,0,0,,D08B_V01_FROZEN,ACCEPTED_SPECIES,RESOLVED
606,Juglans major,Juglans major,,NOT_AVAILABLE_IN_FROZEN_FIA_INPUT,2331814,Juglans major,(Torr.) A.Heller,Accepted,Species,2331814,Juglans major,(Torr.) A.Heller,Accepted,Species,2331814,Juglans major,(Torr.) A.Heller,Accepted,Species,2331814,Juglans major,(Torr.) A.Heller,Species,ACCEPTED_SPECIES,RESOLVED,0,1,,2331814,,,0,Juglans major,DBH_BREAST_HEIGHT,N,5.0,1,1,0,0,,D08B_V01_FROZEN,ACCEPTED_SPECIES,RESOLVED
611,Liquidambar styraciflua,Liquidambar styraciflua,,NOT_AVAILABLE_IN_FROZEN_FIA_INPUT,500221,Liquidambar styraciflua,L.,Accepted,Species,500221,Liquidambar styraciflua,L.,Accepted,Species,500221,Liquidambar styraciflua,L.,Accepted,Species,500221,Liquidambar styraciflua,L.,Species,ACCEPTED_SPECIES,RESOLVED,0,1,,500221,,,0,Liquidambar styraciflua,DBH_BREAST_HEIGHT,N,5.0,1,1,0,0,,D08B_V01_FROZEN,ACCEPTED_SPECIES,RESOLVED
621,Liriodendron tulipifera,Liriodendron tulipifera,,NOT_AVAILABLE_IN_FROZEN_FIA_INPUT,113859,Liriodendron tulipifera,L.,Accepted,Species,113859,Liriodendron tulipifera,L.,Accepted,Species,113859,Liriodendron tulipifera,L.,Accepted,Species,113859,Liriodendron tulipifera,L.,Species,ACCEPTED_SPECIES,RESOLVED,0,1,,113859,,,0,Liriodendron tulipifera,DBH_BREAST_HEIGHT,N,5.0,1,1,0,0,,D08B_V01_FROZEN,ACCEPTED_SPECIES,RESOLVED
631,Lithocarpus densiflorus,Lithocarpus densiflorus,,NOT_AVAILABLE_IN_FROZEN_FIA_INPUT,114425,Lithocarpus densiflorus,(Hook. & Arn.) Rehder,Synonym,Species,458543,Notholithocarpus densiflorus,"(Hook. & Arn.) Manos, Cannon & S.H.Oh",Accepted,Species,458543,Notholithocarpus densiflorus,"(Hook. & Arn.) Manos, Cannon & S.H.Oh",Accepted,Species,458543,Notholithocarpus densiflorus,"(Hook. & Arn.) Manos, Cannon & S.H.Oh",Species,SYNONYM_TO_ACCEPTED_SPECIES,RESOLVED,0,1,,458543,,,0,Notholithocarpus densiflorus,DBH_BREAST_HEIGHT,N,5.0,1,1,0,0,,D08B_V01_FROZEN,SYNONYM_TO_ACCEPTED_SPECIES,RESOLVED
641,Maclura pomifera,Maclura pomifera,,NOT_AVAILABLE_IN_FROZEN_FIA_INPUT,2501306,Maclura pomifera,(Raf.) C.K.Schneid.,Accepted,Species,2501306,Maclura pomifera,(Raf.) C.K.Schneid.,Accepted,Species,2501306,Maclura pomifera,(Raf.) C.K.Schneid.,Accepted,Species,2501306,Maclura pomifera,(Raf.) C.K.Schneid.,Species,ACCEPTED_SPECIES,RESOLVED,0,1,,2501306,,,0,Maclura pomifera,DBH_BREAST_HEIGHT,N,5.0,1,1,0,0,,D08B_V01_FROZEN,ACCEPTED_SPECIES,RESOLVED
651,Magnolia acuminata,Magnolia acuminata,,NOT_AVAILABLE_IN_FROZEN_FIA_INPUT,117423,Magnolia acuminata,(L.) L.,Accepted,Species,117423,Magnolia acuminata,(L.) L.,Accepted,Species,117423,Magnolia acuminata,(L.) L.,Accepted,Species,117423,Magnolia acuminata,(L.) L.,Species,ACCEPTED_SPECIES,RESOLVED,0,1,,117423,,,0,Magnolia acuminata,DBH_BREAST_HEIGHT,N,5.0,1,1,0,0,,D08B_V01_FROZEN,ACCEPTED_SPECIES,RESOLVED
652,Magnolia grandiflora,Magnolia grandiflora,,NOT_AVAILABLE_IN_FROZEN_FIA_INPUT,117615,Magnolia grandiflora,L.,Accepted,Species,117615,Magnolia grandiflora,L.,Accepted,Species,117615,Magnolia grandiflora,L.,Accepted,Species,117615,Magnolia grandiflora,L.,Species,ACCEPTED_SPECIES,RESOLVED,0,1,,117615,,,0,Magnolia grandiflora,DBH_BREAST_HEIGHT,N,5.0,1,1,0,0,,D08B_V01_FROZEN,ACCEPTED_SPECIES,RESOLVED
653,Magnolia virginiana,Magnolia virginiana,,NOT_AVAILABLE_IN_FROZEN_FIA_INPUT,117883,Magnolia virginiana,L.,Accepted,Species,117883,Magnolia virginiana,L.,Accepted,Species,117883,Magnolia virginiana,L.,Accepted,Species,117883,Magnolia virginiana,L.,Species,ACCEPTED_SPECIES,RESOLVED,0,1,,117883,,,0,Magnolia virginiana,DBH_BREAST_HEIGHT,N,5.0,1,1,0,0,,D08B_V01_FROZEN,ACCEPTED_SPECIES,RESOLVED
654,Magnolia macrophylla,Magnolia macrophylla,,NOT_AVAILABLE_IN_FROZEN_FIA_INPUT,117698,Magnolia macrophylla,Michx.,Accepted,Species,117698,Magnolia macrophylla,Michx.,Accepted,Species,117698,Magnolia macrophylla,Michx.,Accepted,Species,117698,Magnolia macrophylla,Michx.,Species,ACCEPTED_SPECIES,RESOLVED,0,1,,117698,,,0,Magnolia macrophylla,DBH_BREAST_HEIGHT,N,5.0,1,1,0,0,,D08B_V01_FROZEN,ACCEPTED_SPECIES,RESOLVED
655,Magnolia fraseri,Magnolia fraseri,,NOT_AVAILABLE_IN_FROZEN_FIA_INPUT,117583,Magnolia fraseri,Walter,Accepted,Species,117583,Magnolia fraseri,Walter,Accepted,Species,117583,Magnolia fraseri,Walter,Accepted,Species,117583,Magnolia fraseri,Walter,Species,ACCEPTED_SPECIES,RESOLVED,0,1,,117583,,,0,Magnolia fraseri,DBH_BREAST_HEIGHT,N,5.0,1,1,0,0,,D08B_V01_FROZEN,ACCEPTED_SPECIES,RESOLVED
658,Magnolia tripetala,Magnolia tripetala,,NOT_AVAILABLE_IN_FROZEN_FIA_INPUT,117869,Magnolia tripetala,(L.) L.,Accepted,Species,117869,Magnolia tripetala,(L.) L.,Accepted,Species,117869,Magnolia tripetala,(L.) L.,Accepted,Species,117869,Magnolia tripetala,(L.) L.,Species,ACCEPTED_SPECIES,RESOLVED,0,1,,117869,,,0,Magnolia tripetala,DBH_BREAST_HEIGHT,N,5.0,1,1,0,0,,D08B_V01_FROZEN,ACCEPTED_SPECIES,RESOLVED
660,Malus spp.,Malus spp.,,NOT_AVAILABLE_IN_FROZEN_FIA_INPUT,,,,,,,,,,,,,,,,,,,,GENUS_OR_NON_SPECIES_AGGREGATE,CLASSIFIED_NON_SPECIES,0,0,FIA name is a genus/non-species aggregate or unknown object; no species assignment permitted.,,,,0,,DBH_BREAST_HEIGHT,N,5.0,1,1,0,0,,D08B_V01_FROZEN,GENUS_OR_NON_SPECIES_AGGREGATE,CLASSIFIED_NON_SPECIES
661,Malus fusca,Malus fusca,,NOT_AVAILABLE_IN_FROZEN_FIA_INPUT,2950658,Malus fusca,(Raf.) Raf.,Accepted,Species,2950658,Malus fusca,(Raf.) Raf.,Accepted,Species,2950658,Malus fusca,(Raf.) Raf.,Accepted,Species,2950658,Malus fusca,(Raf.) Raf.,Species,ACCEPTED_SPECIES,RESOLVED,0,1,,2950658,,,0,Malus fusca,DBH_BREAST_HEIGHT,N,5.0,1,1,0,0,,D08B_V01_FROZEN,ACCEPTED_SPECIES,RESOLVED
662,Malus angustifolia,Malus angustifolia,,NOT_AVAILABLE_IN_FROZEN_FIA_INPUT,2950397,Malus angustifolia,(Aiton) Michx.,Accepted,Species,2950397,Malus angustifolia,(Aiton) Michx.,Accepted,Species,2950397,Malus angustifolia,(Aiton) Michx.,Accepted,Species,2950397,Malus angustifolia,(Aiton) Michx.,Species,ACCEPTED_SPECIES,RESOLVED,0,1,,2950397,,,0,Malus angustifolia,DBH_BREAST_HEIGHT,N,5.0,1,1,0,0,,D08B_V01_FROZEN,ACCEPTED_SPECIES,RESOLVED
663,Malus coronaria,Malus coronaria,,NOT_AVAILABLE_IN_FROZEN_FIA_INPUT,2950548,Malus coronaria,(L.) Mill.,Accepted,Species,2950548,Malus coronaria,(L.) Mill.,Accepted,Species,2950548,Malus coronaria,(L.) Mill.,Accepted,Species,2950548,Malus coronaria,(L.) Mill.,Species,ACCEPTED_SPECIES,RESOLVED,0,1,,2950548,,,0,Malus coronaria,DBH_BREAST_HEIGHT,N,5.0,1,1,0,0,,D08B_V01_FROZEN,ACCEPTED_SPECIES,RESOLVED
681,Morus alba,Morus alba,,NOT_AVAILABLE_IN_FROZEN_FIA_INPUT,2501381,Morus alba,L.,Accepted,Species,2501381,Morus alba,L.,Accepted,Species,2501381,Morus alba,L.,Accepted,Species,2501381,Morus alba,L.,Species,ACCEPTED_SPECIES,RESOLVED,0,1,,2501381,,,0,Morus alba,DBH_BREAST_HEIGHT,N,5.0,1,1,0,0,,D08B_V01_FROZEN,ACCEPTED_SPECIES,RESOLVED
682,Morus rubra,Morus rubra,,NOT_AVAILABLE_IN_FROZEN_FIA_INPUT,2501906,Morus rubra,L.,Accepted,Species,2501906,Morus rubra,L.,Accepted,Species,2501906,Morus rubra,L.,Accepted,Species,2501906,Morus rubra,L.,Species,ACCEPTED_SPECIES,RESOLVED,0,1,,2501906,,,0,Morus rubra,DBH_BREAST_HEIGHT,N,5.0,1,1,0,0,,D08B_V01_FROZEN,ACCEPTED_SPECIES,RESOLVED
683,Morus microphylla,Morus microphylla,,NOT_AVAILABLE_IN_FROZEN_FIA_INPUT,2501836,Morus microphylla,Buckley,Accepted,Species,2501836,Morus microphylla,Buckley,Accepted,Species,2501836,Morus microphylla,Buckley,Accepted,Species,2501836,Morus microphylla,Buckley,Species,ACCEPTED_SPECIES,RESOLVED,0,1,,2501836,,,0,Morus microphylla,DBH_BREAST_HEIGHT,N,5.0,1,1,0,0,,D08B_V01_FROZEN,ACCEPTED_SPECIES,RESOLVED
691,Nyssa aquatica,Nyssa aquatica,,NOT_AVAILABLE_IN_FROZEN_FIA_INPUT,136188,Nyssa aquatica,L.,Accepted,Species,136188,Nyssa aquatica,L.,Accepted,Species,136188,Nyssa aquatica,L.,Accepted,Species,136188,Nyssa aquatica,L.,Species,ACCEPTED_SPECIES,RESOLVED,0,1,,136188,,,0,Nyssa aquatica,DBH_BREAST_HEIGHT,N,5.0,1,1,0,0,,D08B_V01_FROZEN,ACCEPTED_SPECIES,RESOLVED
692,Nyssa ogeche,Nyssa ogeche,,NOT_AVAILABLE_IN_FROZEN_FIA_INPUT,136212,Nyssa ogeche,W.Bartram ex Marshall,Accepted,Species,136212,Nyssa ogeche,W.Bartram ex Marshall,Accepted,Species,136212,Nyssa ogeche,W.Bartram ex Marshall,Accepted,Species,136212,Nyssa ogeche,W.Bartram ex Marshall,Species,ACCEPTED_SPECIES,RESOLVED,0,1,,136212,,,0,Nyssa ogeche,DBH_BREAST_HEIGHT,N,5.0,1,1,0,0,,D08B_V01_FROZEN,ACCEPTED_SPECIES,RESOLVED
693,Nyssa sylvatica,Nyssa sylvatica,,NOT_AVAILABLE_IN_FROZEN_FIA_INPUT,136221,Nyssa sylvatica,Marshall,Accepted,Species,136221,Nyssa sylvatica,Marshall,Accepted,Species,136221,Nyssa sylvatica,Marshall,Accepted,Species,136221,Nyssa sylvatica,Marshall,Species,ACCEPTED_SPECIES,RESOLVED,0,1,,136221,,,0,Nyssa sylvatica,DBH_BREAST_HEIGHT,N,5.0,1,1,0,0,,D08B_V01_FROZEN,ACCEPTED_SPECIES,RESOLVED
694,Nyssa biflora,Nyssa biflora,,NOT_AVAILABLE_IN_FROZEN_FIA_INPUT,136191,Nyssa biflora,Walter,Accepted,Species,136191,Nyssa biflora,Walter,Accepted,Species,136191,Nyssa biflora,Walter,Accepted,Species,136191,Nyssa biflora,Walter,Species,ACCEPTED_SPECIES,RESOLVED,0,1,,136191,,,0,Nyssa biflora,DBH_BREAST_HEIGHT,N,5.0,1,1,0,0,,D08B_V01_FROZEN,ACCEPTED_SPECIES,RESOLVED
701,Ostrya virginiana,Ostrya virginiana,,NOT_AVAILABLE_IN_FROZEN_FIA_INPUT,144637,Ostrya virginiana,(Mill.) K.Koch,Accepted,Species,144637,Ostrya virginiana,(Mill.) K.Koch,Accepted,Species,144637,Ostrya virginiana,(Mill.) K.Koch,Accepted,Species,144637,Ostrya virginiana,(Mill.) K.Koch,Species,ACCEPTED_SPECIES,RESOLVED,0,1,,144637,,,0,Ostrya virginiana,DBH_BREAST_HEIGHT,N,5.0,1,1,0,0,,D08B_V01_FROZEN,ACCEPTED_SPECIES,RESOLVED
711,Oxydendrum arboreum,Oxydendrum arboreum,,NOT_AVAILABLE_IN_FROZEN_FIA_INPUT,2387656,Oxydendrum arboreum,(L.) DC.,Accepted,Species,2387656,Oxydendrum arboreum,(L.) DC.,Accepted,Species,2387656,Oxydendrum arboreum,(L.) DC.,Accepted,Species,2387656,Oxydendrum arboreum,(L.) DC.,Species,ACCEPTED_SPECIES,RESOLVED,0,1,,2387656,,,0,Oxydendrum arboreum,DBH_BREAST_HEIGHT,N,5.0,1,1,0,0,,D08B_V01_FROZEN,ACCEPTED_SPECIES,RESOLVED
712,Paulownia tomentosa,Paulownia tomentosa,,NOT_AVAILABLE_IN_FROZEN_FIA_INPUT,2542391,Paulownia tomentosa,(Thunb.) Steud.,Accepted,Species,2542391,Paulownia tomentosa,(Thunb.) Steud.,Accepted,Species,2542391,Paulownia tomentosa,(Thunb.) Steud.,Accepted,Species,2542391,Paulownia tomentosa,(Thunb.) Steud.,Species,ACCEPTED_SPECIES,RESOLVED,0,1,,2542391,,,0,Paulownia tomentosa,DBH_BREAST_HEIGHT,N,5.0,1,1,0,0,,D08B_V01_FROZEN,ACCEPTED_SPECIES,RESOLVED
721,Persea borbonia,Persea borbonia,,NOT_AVAILABLE_IN_FROZEN_FIA_INPUT,2529931,Persea borbonia,(L.) Spreng.,Accepted,Species,2529931,Persea borbonia,(L.) Spreng.,Accepted,Species,2529931,Persea borbonia,(L.) Spreng.,Accepted,Species,2529931,Persea borbonia,(L.) Spreng.,Species,ACCEPTED_SPECIES,RESOLVED,0,1,,2529931,,,0,Persea borbonia,DBH_BREAST_HEIGHT,N,5.0,1,1,0,0,,D08B_V01_FROZEN,ACCEPTED_SPECIES,RESOLVED
722,Planera aquatica,Planera aquatica,,NOT_AVAILABLE_IN_FROZEN_FIA_INPUT,2551587,Planera aquatica,J.F.Gmel.,Accepted,Species,2551587,Planera aquatica,J.F.Gmel.,Accepted,Species,2551587,Planera aquatica,J.F.Gmel.,Accepted,Species,2551587,Planera aquatica,J.F.Gmel.,Species,ACCEPTED_SPECIES,RESOLVED,0,1,,2551587,,,0,Planera aquatica,DBH_BREAST_HEIGHT,N,5.0,1,1,0,0,,D08B_V01_FROZEN,ACCEPTED_SPECIES,RESOLVED
730,Platanus racemosa,Platanus racemosa,,NOT_AVAILABLE_IN_FROZEN_FIA_INPUT,2570467,Platanus racemosa,Nutt.,Accepted,Species,2570467,Platanus racemosa,Nutt.,Accepted,Species,2570467,Platanus racemosa,Nutt.,Accepted,Species,2570467,Platanus racemosa,Nutt.,Species,ACCEPTED_SPECIES,RESOLVED,0,1,,2570467,,,0,Platanus racemosa,DBH_BREAST_HEIGHT,N,5.0,1,1,0,0,,D08B_V01_FROZEN,ACCEPTED_SPECIES,RESOLVED
731,Platanus occidentalis,Platanus occidentalis,,NOT_AVAILABLE_IN_FROZEN_FIA_INPUT,2570459,Platanus occidentalis,L.,Accepted,Species,2570459,Platanus occidentalis,L.,Accepted,Species,2570459,Platanus occidentalis,L.,Accepted,Species,2570459,Platanus occidentalis,L.,Species,ACCEPTED_SPECIES,RESOLVED,0,1,,2570459,,,0,Platanus occidentalis,DBH_BREAST_HEIGHT,N,5.0,1,1,0,0,,D08B_V01_FROZEN,ACCEPTED_SPECIES,RESOLVED
732,Platanus wrightii,Platanus wrightii,,NOT_AVAILABLE_IN_FROZEN_FIA_INPUT,2570450,Platanus wrightii,S.Watson,Accepted,Species,2570450,Platanus wrightii,S.Watson,Accepted,Species,2570450,Platanus wrightii,S.Watson,Accepted,Species,2570450,Platanus wrightii,S.Watson,Species,ACCEPTED_SPECIES,RESOLVED,0,1,,2570450,,,0,Platanus wrightii,DBH_BREAST_HEIGHT,N,5.0,1,1,0,0,,D08B_V01_FROZEN,ACCEPTED_SPECIES,RESOLVED
741,Populus balsamifera,Populus balsamifera,,NOT_AVAILABLE_IN_FROZEN_FIA_INPUT,2917292,Populus balsamifera,L.,Accepted,Species,2917292,Populus balsamifera,L.,Accepted,Species,2917292,Populus balsamifera,L.,Accepted,Species,2917292,Populus balsamifera,L.,Species,ACCEPTED_SPECIES,RESOLVED,0,1,,2917292,,,0,Populus balsamifera,DBH_BREAST_HEIGHT,N,5.0,1,1,0,0,,D08B_V01_FROZEN,ACCEPTED_SPECIES,RESOLVED
742,Populus deltoides,Populus deltoides,,NOT_AVAILABLE_IN_FROZEN_FIA_INPUT,2917212,Populus deltoides,W.Bartram ex Marshall,Accepted,Species,2917212,Populus deltoides,W.Bartram ex Marshall,Accepted,Species,2917212,Populus deltoides,W.Bartram ex Marshall,Accepted,Species,2917212,Populus deltoides,W.Bartram ex Marshall,Species,ACCEPTED_SPECIES,RESOLVED,0,1,,2917212,,,0,Populus deltoides,DBH_BREAST_HEIGHT,N,5.0,1,1,0,0,,D08B_V01_FROZEN,ACCEPTED_SPECIES,RESOLVED
743,Populus grandidentata,Populus grandidentata,,NOT_AVAILABLE_IN_FROZEN_FIA_INPUT,2917577,Populus grandidentata,Michx.,Accepted,Species,2917577,Populus grandidentata,Michx.,Accepted,Species,2917577,Populus grandidentata,Michx.,Accepted,Species,2917577,Populus grandidentata,Michx.,Species,ACCEPTED_SPECIES,RESOLVED,0,1,,2917577,,,0,Populus grandidentata,DBH_BREAST_HEIGHT,N,5.0,1,1,0,0,,D08B_V01_FROZEN,ACCEPTED_SPECIES,RESOLVED
744,Populus heterophylla,Populus heterophylla,NOT PROVIDED IN FIA REF_SPECIES,AUTHOR_NOT_PROVIDED_OR_UNKNOWN,2917593,Populus heterophylla,L.,Accepted,Species,2917593,Populus heterophylla,L.,Accepted,Species,2917593,Populus heterophylla,L.,Accepted,Species,2917593,Populus heterophylla,L.,Species,AUTHOR_QUALIFIED_ACCEPTED_SPECIES,RESOLVED_MAINLINE_AUTHORIZED,0,1,,2917593,,,0,Populus heterophylla,DBH_BREAST_HEIGHT,N,5.0,1,1,0,1,ORDINARY_ACCEPTED,Q1_D08B_TAXONOMY_CORRECTION_MAINLINE_DECISION_v01_20260902.md,AMBIGUOUS,AMBIGUOUS
745,Populus deltoides ssp. monilifera,Populus deltoides ssp. monilifera,,NOT_AVAILABLE_IN_FROZEN_FIA_INPUT,2917429,Populus deltoides subsp. monilifera,(Aiton) Eckenw.,Accepted,Subspecies,2917429,Populus deltoides subsp. monilifera,(Aiton) Eckenw.,Accepted,Subspecies,2917429,Populus deltoides subsp. monilifera,(Aiton) Eckenw.,Accepted,Subspecies,2917212,Populus deltoides,W.Bartram ex Marshall,Species,ACCEPTED_INFRASPECIES_TO_PARENT_SPECIES,RESOLVED,0,1,,2917212,,,0,Populus deltoides,DBH_BREAST_HEIGHT,N,5.0,1,1,0,0,,D08B_V01_FROZEN,ACCEPTED_INFRASPECIES_TO_PARENT_SPECIES,RESOLVED
746,Populus tremuloides,Populus tremuloides,,NOT_AVAILABLE_IN_FROZEN_FIA_INPUT,2917451,Populus tremuloides,Michx.,Accepted,Species,2917451,Populus tremuloides,Michx.,Accepted,Species,2917451,Populus tremuloides,Michx.,Accepted,Species,2917451,Populus tremuloides,Michx.,Species,ACCEPTED_SPECIES,RESOLVED,0,1,,2917451,,,0,Populus tremuloides,DBH_BREAST_HEIGHT,N,5.0,1,1,0,0,,D08B_V01_FROZEN,ACCEPTED_SPECIES,RESOLVED
747,Populus balsamifera ssp. trichocarpa,Populus balsamifera ssp. trichocarpa,,NOT_AVAILABLE_IN_FROZEN_FIA_INPUT,2920807,Populus balsamifera subsp. trichocarpa,(Torr. & A.Gray ex Hook.) Brayshaw,Synonym,Subspecies,2917437,Populus tristis,Fisch.,Accepted,Species,2917437,Populus tristis,Fisch.,Accepted,Species,2917437,Populus tristis,Fisch.,Species,SYNONYM_TO_ACCEPTED_SPECIES,RESOLVED,0,1,,2917437,,,0,Populus tristis,DBH_BREAST_HEIGHT,N,5.0,1,1,0,0,,D08B_V01_FROZEN,SYNONYM_TO_ACCEPTED_SPECIES,RESOLVED
748,Populus fremontii,Populus fremontii,,NOT_AVAILABLE_IN_FROZEN_FIA_INPUT,2917269,Populus fremontii,S.Watson,Accepted,Species,2917269,Populus fremontii,S.Watson,Accepted,Species,2917269,Populus fremontii,S.Watson,Accepted,Species,2917269,Populus fremontii,S.Watson,Species,ACCEPTED_SPECIES,RESOLVED,0,1,,2917269,,,0,Populus fremontii,DBH_BREAST_HEIGHT,N,5.0,1,1,0,0,,D08B_V01_FROZEN,ACCEPTED_SPECIES,RESOLVED
749,Populus angustifolia,Populus angustifolia,,NOT_AVAILABLE_IN_FROZEN_FIA_INPUT,2921945,Populus angustifolia,E.James,Accepted,Species,2921945,Populus angustifolia,E.James,Accepted,Species,2921945,Populus angustifolia,E.James,Accepted,Species,2921945,Populus angustifolia,E.James,Species,ACCEPTED_SPECIES,RESOLVED,0,1,,2921945,,,0,Populus angustifolia,DBH_BREAST_HEIGHT,N,5.0,1,1,0,0,,D08B_V01_FROZEN,ACCEPTED_SPECIES,RESOLVED
752,Populus alba,Populus alba,,NOT_AVAILABLE_IN_FROZEN_FIA_INPUT,2917735,Populus alba,L.,Accepted,Species,2917735,Populus alba,L.,Accepted,Species,2917735,Populus alba,L.,Accepted,Species,2917735,Populus alba,L.,Species,ACCEPTED_SPECIES,RESOLVED,0,1,,2917735,,,0,Populus alba,DBH_BREAST_HEIGHT,N,5.0,1,1,0,0,,D08B_V01_FROZEN,ACCEPTED_SPECIES,RESOLVED
753,Populus nigra,Populus nigra,,NOT_AVAILABLE_IN_FROZEN_FIA_INPUT,2917497,Populus nigra,L.,Accepted,Species,2917497,Populus nigra,L.,Accepted,Species,2917497,Populus nigra,L.,Accepted,Species,2917497,Populus nigra,L.,Species,ACCEPTED_SPECIES,RESOLVED,0,1,,2917497,,,0,Populus nigra,DBH_BREAST_HEIGHT,N,5.0,1,1,0,0,,D08B_V01_FROZEN,ACCEPTED_SPECIES,RESOLVED
756,Prosopis glandulosa,Prosopis glandulosa,,NOT_AVAILABLE_IN_FROZEN_FIA_INPUT,2536023,Prosopis glandulosa,Torr.,Synonym,Species,2383853,Neltuma glandulosa,(Torr.) Britton & Rose,Accepted,Species,2383853,Neltuma glandulosa,(Torr.) Britton & Rose,Accepted,Species,2383853,Neltuma glandulosa,(Torr.) Britton & Rose,Species,SYNONYM_TO_ACCEPTED_SPECIES,RESOLVED,0,1,,2383853,,,0,Neltuma glandulosa,DRC_ROOT_COLLAR,Y,5.0,1,0,0,0,,D08B_V01_FROZEN,SYNONYM_TO_ACCEPTED_SPECIES,RESOLVED
757,Prosopis velutina,Prosopis velutina,,NOT_AVAILABLE_IN_FROZEN_FIA_INPUT,2536173,Prosopis velutina,Wooton,Synonym,Species,2383876,Neltuma velutina,(Wooton) Britton & Rose,Accepted,Species,2383876,Neltuma velutina,(Wooton) Britton & Rose,Accepted,Species,2383876,Neltuma velutina,(Wooton) Britton & Rose,Species,SYNONYM_TO_ACCEPTED_SPECIES,RESOLVED,0,1,,2383876,,,0,Neltuma velutina,DRC_ROOT_COLLAR,Y,5.0,1,0,0,0,,D08B_V01_FROZEN,SYNONYM_TO_ACCEPTED_SPECIES,RESOLVED
758,Prosopis pubescens,Prosopis pubescens,,NOT_AVAILABLE_IN_FROZEN_FIA_INPUT,2536030,Prosopis pubescens,Benth.,Synonym,Species,2596955,Strombocarpa pubescens,(Benth.) A.Gray,Accepted,Species,2596955,Strombocarpa pubescens,(Benth.) A.Gray,Accepted,Species,2596955,Strombocarpa pubescens,(Benth.) A.Gray,Species,SYNONYM_TO_ACCEPTED_SPECIES,RESOLVED,0,1,,2596955,,,0,Strombocarpa pubescens,DRC_ROOT_COLLAR,Y,5.0,1,0,0,0,,D08B_V01_FROZEN,SYNONYM_TO_ACCEPTED_SPECIES,RESOLVED
760,Prunus spp.,Prunus spp.,,NOT_AVAILABLE_IN_FROZEN_FIA_INPUT,,,,,,,,,,,,,,,,,,,,GENUS_OR_NON_SPECIES_AGGREGATE,CLASSIFIED_NON_SPECIES,0,0,FIA name is a genus/non-species aggregate or unknown object; no species assignment permitted.,,,,0,,DBH_BREAST_HEIGHT,N,5.0,1,1,0,0,,D08B_V01_FROZEN,GENUS_OR_NON_SPECIES_AGGREGATE,CLASSIFIED_NON_SPECIES
761,Prunus pensylvanica,Prunus pensylvanica,,NOT_AVAILABLE_IN_FROZEN_FIA_INPUT,2961130,Prunus pensylvanica,L.f.,Accepted,Species,2961130,Prunus pensylvanica,L.f.,Accepted,Species,2961130,Prunus pensylvanica,L.f.,Accepted,Species,2961130,Prunus pensylvanica,L.f.,Species,ACCEPTED_SPECIES,RESOLVED,0,1,,2961130,,,0,Prunus pensylvanica,DBH_BREAST_HEIGHT,N,5.0,1,1,0,0,,D08B_V01_FROZEN,ACCEPTED_SPECIES,RESOLVED
762,Prunus serotina,Prunus serotina,,NOT_AVAILABLE_IN_FROZEN_FIA_INPUT,2915966,Prunus serotina,Ehrh.,Accepted,Species,2915966,Prunus serotina,Ehrh.,Accepted,Species,2915966,Prunus serotina,Ehrh.,Accepted,Species,2915966,Prunus serotina,Ehrh.,Species,ACCEPTED_SPECIES,RESOLVED,0,1,,2915966,,,0,Prunus serotina,DBH_BREAST_HEIGHT,N,5.0,1,1,0,0,,D08B_V01_FROZEN,ACCEPTED_SPECIES,RESOLVED
763,Prunus virginiana,Prunus virginiana,,NOT_AVAILABLE_IN_FROZEN_FIA_INPUT,2962364,Prunus virginiana,L.,Accepted,Species,2962364,Prunus virginiana,L.,Accepted,Species,2962364,Prunus virginiana,L.,Accepted,Species,2962364,Prunus virginiana,L.,Species,ACCEPTED_SPECIES,RESOLVED,0,1,,2962364,,,0,Prunus virginiana,DBH_BREAST_HEIGHT,N,5.0,1,1,0,0,,D08B_V01_FROZEN,ACCEPTED_SPECIES,RESOLVED
764,Prunus persica,Prunus persica,,NOT_AVAILABLE_IN_FROZEN_FIA_INPUT,2901279,Prunus persica,(L.) Batsch,Accepted,Species,2901279,Prunus persica,(L.) Batsch,Accepted,Species,2901279,Prunus persica,(L.) Batsch,Accepted,Species,2901279,Prunus persica,(L.) Batsch,Species,ACCEPTED_SPECIES,RESOLVED,0,1,,2901279,,,0,Prunus persica,DBH_BREAST_HEIGHT,N,5.0,1,1,0,0,,D08B_V01_FROZEN,ACCEPTED_SPECIES,RESOLVED
766,Prunus americana,Prunus americana,,NOT_AVAILABLE_IN_FROZEN_FIA_INPUT,2958765,Prunus americana,Marshall,Accepted,Species,2958765,Prunus americana,Marshall,Accepted,Species,2958765,Prunus americana,Marshall,Accepted,Species,2958765,Prunus americana,Marshall,Species,ACCEPTED_SPECIES,RESOLVED,0,1,,2958765,,,0,Prunus americana,DBH_BREAST_HEIGHT,N,5.0,1,1,0,0,,D08B_V01_FROZEN,ACCEPTED_SPECIES,RESOLVED
768,Prunus emarginata,Prunus emarginata,,NOT_AVAILABLE_IN_FROZEN_FIA_INPUT,2959716,Prunus emarginata,(Douglas ex Hook.) Eaton,Accepted,Species,2959716,Prunus emarginata,(Douglas ex Hook.) Eaton,Accepted,Species,2959716,Prunus emarginata,(Douglas ex Hook.) Eaton,Accepted,Species,2959716,Prunus emarginata,(Douglas ex Hook.) Eaton,Species,ACCEPTED_SPECIES,RESOLVED,0,1,,2959716,,,0,Prunus emarginata,DBH_BREAST_HEIGHT,N,5.0,1,1,0,0,,D08B_V01_FROZEN,ACCEPTED_SPECIES,RESOLVED
771,Prunus avium,Prunus avium,,NOT_AVAILABLE_IN_FROZEN_FIA_INPUT,2917143,Prunus avium,(L.) L.,Accepted,Species,2917143,Prunus avium,(L.) L.,Accepted,Species,2917143,Prunus avium,(L.) L.,Accepted,Species,2917143,Prunus avium,(L.) L.,Species,ACCEPTED_SPECIES,RESOLVED,0,1,,2917143,,,0,Prunus avium,DBH_BREAST_HEIGHT,N,5.0,1,1,0,0,,D08B_V01_FROZEN,ACCEPTED_SPECIES,RESOLVED
773,Prunus domestica,Prunus domestica,,NOT_AVAILABLE_IN_FROZEN_FIA_INPUT,2959531,Prunus domestica,L.,Accepted,Species,2959531,Prunus domestica,L.,Accepted,Species,2959531,Prunus domestica,L.,Accepted,Species,2959531,Prunus domestica,L.,Species,ACCEPTED_SPECIES,RESOLVED,0,1,,2959531,as stabilized hybrids derived from P. cerasifera × P. spinosa,as stabilized hybrids derived from P. cerasifera × P. spinosa,1,Prunus domestica,DBH_BREAST_HEIGHT,N,5.0,1,1,0,0,,D08B_V01_FROZEN,ACCEPTED_SPECIES,RESOLVED
801,Quercus agrifolia,Quercus agrifolia,,NOT_AVAILABLE_IN_FROZEN_FIA_INPUT,171483,Quercus agrifolia,Née,Accepted,Species,171483,Quercus agrifolia,Née,Accepted,Species,171483,Quercus agrifolia,Née,Accepted,Species,171483,Quercus agrifolia,Née,Species,ACCEPTED_SPECIES,RESOLVED,0,1,,171483,,,0,Quercus agrifolia,DBH_BREAST_HEIGHT,N,5.0,1,1,0,0,,D08B_V01_FROZEN,ACCEPTED_SPECIES,RESOLVED
802,Quercus alba,Quercus alba,,NOT_AVAILABLE_IN_FROZEN_FIA_INPUT,171499,Quercus alba,L.,Accepted,Species,171499,Quercus alba,L.,Accepted,Species,171499,Quercus alba,L.,Accepted,Species,171499,Quercus alba,L.,Species,ACCEPTED_SPECIES,RESOLVED,0,1,,171499,,,0,Quercus alba,DBH_BREAST_HEIGHT,N,5.0,1,1,0,0,,D08B_V01_FROZEN,ACCEPTED_SPECIES,RESOLVED
803,Quercus arizonica,Quercus arizonica,,NOT_AVAILABLE_IN_FROZEN_FIA_INPUT,171655,Quercus arizonica,Sarg.,Accepted,Species,171655,Quercus arizonica,Sarg.,Accepted,Species,171655,Quercus arizonica,Sarg.,Accepted,Species,171655,Quercus arizonica,Sarg.,Species,ACCEPTED_SPECIES,RESOLVED,0,1,,171655,,,0,Quercus arizonica,DRC_ROOT_COLLAR,Y,5.0,1,0,0,0,,D08B_V01_FROZEN,ACCEPTED_SPECIES,RESOLVED
804,Quercus bicolor,Quercus bicolor,,NOT_AVAILABLE_IN_FROZEN_FIA_INPUT,171779,Quercus bicolor,Willd.,Accepted,Species,171779,Quercus bicolor,Willd.,Accepted,Species,171779,Quercus bicolor,Willd.,Accepted,Species,171779,Quercus bicolor,Willd.,Species,ACCEPTED_SPECIES,RESOLVED,0,1,,171779,,,0,Quercus bicolor,DBH_BREAST_HEIGHT,N,5.0,1,1,0,0,,D08B_V01_FROZEN,ACCEPTED_SPECIES,RESOLVED
805,Quercus chrysolepis,Quercus chrysolepis,,NOT_AVAILABLE_IN_FROZEN_FIA_INPUT,172147,Quercus chrysolepis,Liebm.,Accepted,Species,172147,Quercus chrysolepis,Liebm.,Accepted,Species,172147,Quercus chrysolepis,Liebm.,Accepted,Species,172147,Quercus chrysolepis,Liebm.,Species,ACCEPTED_SPECIES,RESOLVED,0,1,,172147,,,0,Quercus chrysolepis,DBH_BREAST_HEIGHT,N,5.0,1,1,0,0,,D08B_V01_FROZEN,ACCEPTED_SPECIES,RESOLVED
806,Quercus coccinea,Quercus coccinea,,NOT_AVAILABLE_IN_FROZEN_FIA_INPUT,172244,Quercus coccinea,Münchh.,Accepted,Species,172244,Quercus coccinea,Münchh.,Accepted,Species,172244,Quercus coccinea,Münchh.,Accepted,Species,172244,Quercus coccinea,Münchh.,Species,ACCEPTED_SPECIES,RESOLVED,0,1,,172244,,,0,Quercus coccinea,DBH_BREAST_HEIGHT,N,5.0,1,1,0,0,,D08B_V01_FROZEN,ACCEPTED_SPECIES,RESOLVED
807,Quercus douglasii,Quercus douglasii,,NOT_AVAILABLE_IN_FROZEN_FIA_INPUT,172538,Quercus douglasii,Hook. & Arn.,Accepted,Species,172538,Quercus douglasii,Hook. & Arn.,Accepted,Species,172538,Quercus douglasii,Hook. & Arn.,Accepted,Species,172538,Quercus douglasii,Hook. & Arn.,Species,ACCEPTED_SPECIES,RESOLVED,0,1,,172538,,,0,Quercus douglasii,DBH_BREAST_HEIGHT,N,5.0,1,1,0,0,,D08B_V01_FROZEN,ACCEPTED_SPECIES,RESOLVED
808,Quercus sinuata var. sinuata,Quercus sinuata var. sinuata,,NOT_AVAILABLE_IN_FROZEN_FIA_INPUT,175182,Quercus sinuata var. sinuata,,Accepted,Variety,175182,Quercus sinuata var. sinuata,,Accepted,Variety,175182,Quercus sinuata var. sinuata,,Accepted,Variety,175179,Quercus sinuata,Walter,Species,ACCEPTED_INFRASPECIES_TO_PARENT_SPECIES,RESOLVED,0,1,,175179,,,0,Quercus sinuata,DBH_BREAST_HEIGHT,N,5.0,1,1,0,0,,D08B_V01_FROZEN,ACCEPTED_INFRASPECIES_TO_PARENT_SPECIES,RESOLVED
809,Quercus ellipsoidalis,Quercus ellipsoidalis,,NOT_AVAILABLE_IN_FROZEN_FIA_INPUT,172621,Quercus ellipsoidalis,E.J.Hill,Accepted,Species,172621,Quercus ellipsoidalis,E.J.Hill,Accepted,Species,172621,Quercus ellipsoidalis,E.J.Hill,Accepted,Species,172621,Quercus ellipsoidalis,E.J.Hill,Species,ACCEPTED_SPECIES,RESOLVED,0,1,,172621,,,0,Quercus ellipsoidalis,DBH_BREAST_HEIGHT,N,5.0,1,1,0,0,,D08B_V01_FROZEN,ACCEPTED_SPECIES,RESOLVED
810,Quercus emoryi,Quercus emoryi,,NOT_AVAILABLE_IN_FROZEN_FIA_INPUT,172635,Quercus emoryi,Torr.,Accepted,Species,172635,Quercus emoryi,Torr.,Accepted,Species,172635,Quercus emoryi,Torr.,Accepted,Species,172635,Quercus emoryi,Torr.,Species,ACCEPTED_SPECIES,RESOLVED,0,1,,172635,,,0,Quercus emoryi,DRC_ROOT_COLLAR,Y,5.0,1,0,0,0,,D08B_V01_FROZEN,ACCEPTED_SPECIES,RESOLVED
811,Quercus engelmannii,Quercus engelmannii,,NOT_AVAILABLE_IN_FROZEN_FIA_INPUT,172644,Quercus engelmannii,Greene,Accepted,Species,172644,Quercus engelmannii,Greene,Accepted,Species,172644,Quercus engelmannii,Greene,Accepted,Species,172644,Quercus engelmannii,Greene,Species,ACCEPTED_SPECIES,RESOLVED,0,1,,172644,,,0,Quercus engelmannii,DBH_BREAST_HEIGHT,N,5.0,1,1,0,0,,D08B_V01_FROZEN,ACCEPTED_SPECIES,RESOLVED
812,Quercus falcata,Quercus falcata,,NOT_AVAILABLE_IN_FROZEN_FIA_INPUT,172729,Quercus falcata,Michx.,Accepted,Species,172729,Quercus falcata,Michx.,Accepted,Species,172729,Quercus falcata,Michx.,Accepted,Species,172729,Quercus falcata,Michx.,Species,ACCEPTED_SPECIES,RESOLVED,0,1,,172729,,,0,Quercus falcata,DBH_BREAST_HEIGHT,N,5.0,1,1,0,0,,D08B_V01_FROZEN,ACCEPTED_SPECIES,RESOLVED
813,Quercus pagoda,Quercus pagoda,,NOT_AVAILABLE_IN_FROZEN_FIA_INPUT,174226,Quercus pagoda,Raf.,Accepted,Species,174226,Quercus pagoda,Raf.,Accepted,Species,174226,Quercus pagoda,Raf.,Accepted,Species,174226,Quercus pagoda,Raf.,Species,ACCEPTED_SPECIES,RESOLVED,0,1,,174226,,,0,Quercus pagoda,DBH_BREAST_HEIGHT,N,5.0,1,1,0,0,,D08B_V01_FROZEN,ACCEPTED_SPECIES,RESOLVED
814,Quercus gambelii,Quercus gambelii,,NOT_AVAILABLE_IN_FROZEN_FIA_INPUT,172843,Quercus gambelii,Nutt.,Accepted,Species,172843,Quercus gambelii,Nutt.,Accepted,Species,172843,Quercus gambelii,Nutt.,Accepted,Species,172843,Quercus gambelii,Nutt.,Species,ACCEPTED_SPECIES,RESOLVED,0,1,,172843,,,0,Quercus gambelii,DRC_ROOT_COLLAR,Y,5.0,1,0,0,0,,D08B_V01_FROZEN,ACCEPTED_SPECIES,RESOLVED
815,Quercus garryana,Quercus garryana,,NOT_AVAILABLE_IN_FROZEN_FIA_INPUT,172855,Quercus garryana,Douglas ex Hook.,Accepted,Species,172855,Quercus garryana,Douglas ex Hook.,Accepted,Species,172855,Quercus garryana,Douglas ex Hook.,Accepted,Species,172855,Quercus garryana,Douglas ex Hook.,Species,ACCEPTED_SPECIES,RESOLVED,0,1,,172855,,,0,Quercus garryana,DBH_BREAST_HEIGHT,N,5.0,1,1,0,0,,D08B_V01_FROZEN,ACCEPTED_SPECIES,RESOLVED
816,Quercus ilicifolia,Quercus ilicifolia,,NOT_AVAILABLE_IN_FROZEN_FIA_INPUT,173293,Quercus ilicifolia,Wangenh.,Accepted,Species,173293,Quercus ilicifolia,Wangenh.,Accepted,Species,173293,Quercus ilicifolia,Wangenh.,Accepted,Species,173293,Quercus ilicifolia,Wangenh.,Species,ACCEPTED_SPECIES,RESOLVED,0,1,,173293,,,0,Quercus ilicifolia,DBH_BREAST_HEIGHT,N,5.0,1,1,0,0,,D08B_V01_FROZEN,ACCEPTED_SPECIES,RESOLVED
817,Quercus imbricaria,Quercus imbricaria,,NOT_AVAILABLE_IN_FROZEN_FIA_INPUT,173302,Quercus imbricaria,Michx.,Accepted,Species,173302,Quercus imbricaria,Michx.,Accepted,Species,173302,Quercus imbricaria,Michx.,Accepted,Species,173302,Quercus imbricaria,Michx.,Species,ACCEPTED_SPECIES,RESOLVED,0,1,,173302,,,0,Quercus imbricaria,DBH_BREAST_HEIGHT,N,5.0,1,1,0,0,,D08B_V01_FROZEN,ACCEPTED_SPECIES,RESOLVED
818,Quercus kelloggii,Quercus kelloggii,,NOT_AVAILABLE_IN_FROZEN_FIA_INPUT,173428,Quercus kelloggii,Newb.,Accepted,Species,173428,Quercus kelloggii,Newb.,Accepted,Species,173428,Quercus kelloggii,Newb.,Accepted,Species,173428,Quercus kelloggii,Newb.,Species,ACCEPTED_SPECIES,RESOLVED,0,1,,173428,,,0,Quercus kelloggii,DBH_BREAST_HEIGHT,N,5.0,1,1,0,0,,D08B_V01_FROZEN,ACCEPTED_SPECIES,RESOLVED
819,Quercus laevis,Quercus laevis,,NOT_AVAILABLE_IN_FROZEN_FIA_INPUT,173479,Quercus laevis,Walter,Accepted,Species,173479,Quercus laevis,Walter,Accepted,Species,173479,Quercus laevis,Walter,Accepted,Species,173479,Quercus laevis,Walter,Species,ACCEPTED_SPECIES,RESOLVED,0,1,,173479,,,0,Quercus laevis,DBH_BREAST_HEIGHT,N,5.0,1,1,0,0,,D08B_V01_FROZEN,ACCEPTED_SPECIES,RESOLVED
820,Quercus laurifolia,Quercus laurifolia,NOT PROVIDED IN FIA REF_SPECIES,AUTHOR_NOT_PROVIDED_OR_UNKNOWN,173587,Quercus laurifolia,Michx.,Accepted,Species,173587,Quercus laurifolia,Michx.,Accepted,Species,173587,Quercus laurifolia,Michx.,Accepted,Species,173587,Quercus laurifolia,Michx.,Species,AUTHOR_QUALIFIED_ACCEPTED_SPECIES,RESOLVED_MAINLINE_AUTHORIZED,0,1,,173587,,,0,Quercus laurifolia,DBH_BREAST_HEIGHT,N,5.0,1,1,0,1,ORDINARY_ACCEPTED,Q1_D08B_TAXONOMY_CORRECTION_MAINLINE_DECISION_v01_20260902.md,AMBIGUOUS,AMBIGUOUS
821,Quercus lobata,Quercus lobata,,NOT_AVAILABLE_IN_FROZEN_FIA_INPUT,173674,Quercus lobata,Née,Accepted,Species,173674,Quercus lobata,Née,Accepted,Species,173674,Quercus lobata,Née,Accepted,Species,173674,Quercus lobata,Née,Species,ACCEPTED_SPECIES,RESOLVED,0,1,,173674,,,0,Quercus lobata,DBH_BREAST_HEIGHT,N,5.0,1,1,0,0,,D08B_V01_FROZEN,ACCEPTED_SPECIES,RESOLVED
822,Quercus lyrata,Quercus lyrata,NOT PROVIDED IN FIA REF_SPECIES,AUTHOR_NOT_PROVIDED_OR_UNKNOWN,173795,Quercus lyrata,Walter,Accepted,Species,173795,Quercus lyrata,Walter,Accepted,Species,173795,Quercus lyrata,Walter,Accepted,Species,173795,Quercus lyrata,Walter,Species,AUTHOR_QUALIFIED_ACCEPTED_SPECIES,RESOLVED_MAINLINE_AUTHORIZED,0,1,,173795,,,0,Quercus lyrata,DBH_BREAST_HEIGHT,N,5.0,1,1,0,1,ORDINARY_ACCEPTED,Q1_D08B_TAXONOMY_CORRECTION_MAINLINE_DECISION_v01_20260902.md,AMBIGUOUS,AMBIGUOUS
823,Quercus macrocarpa,Quercus macrocarpa,,NOT_AVAILABLE_IN_FROZEN_FIA_INPUT,173817,Quercus macrocarpa,Michx.,Accepted,Species,173817,Quercus macrocarpa,Michx.,Accepted,Species,173817,Quercus macrocarpa,Michx.,Accepted,Species,173817,Quercus macrocarpa,Michx.,Species,ACCEPTED_SPECIES,RESOLVED,0,1,,173817,,,0,Quercus macrocarpa,DBH_BREAST_HEIGHT,N,5.0,1,1,0,0,,D08B_V01_FROZEN,ACCEPTED_SPECIES,RESOLVED
824,Quercus marilandica,Quercus marilandica,,NOT_AVAILABLE_IN_FROZEN_FIA_INPUT,173871,Quercus marilandica,Münchh.,Accepted,Species,173871,Quercus marilandica,Münchh.,Accepted,Species,173871,Quercus marilandica,Münchh.,Accepted,Species,173871,Quercus marilandica,Münchh.,Species,ACCEPTED_SPECIES,RESOLVED,0,1,,173871,,,0,Quercus marilandica,DBH_BREAST_HEIGHT,N,5.0,1,1,0,0,,D08B_V01_FROZEN,ACCEPTED_SPECIES,RESOLVED
825,Quercus michauxii,Quercus michauxii,,NOT_AVAILABLE_IN_FROZEN_FIA_INPUT,173929,Quercus michauxii,Nutt.,Accepted,Species,173929,Quercus michauxii,Nutt.,Accepted,Species,173929,Quercus michauxii,Nutt.,Accepted,Species,173929,Quercus michauxii,Nutt.,Species,ACCEPTED_SPECIES,RESOLVED,0,1,,173929,,,0,Quercus michauxii,DBH_BREAST_HEIGHT,N,5.0,1,1,0,0,,D08B_V01_FROZEN,ACCEPTED_SPECIES,RESOLVED
826,Quercus muehlenbergii,Quercus muehlenbergii,,NOT_AVAILABLE_IN_FROZEN_FIA_INPUT,174020,Quercus muehlenbergii,Engelm.,Accepted,Species,174020,Quercus muehlenbergii,Engelm.,Accepted,Species,174020,Quercus muehlenbergii,Engelm.,Accepted,Species,174020,Quercus muehlenbergii,Engelm.,Species,ACCEPTED_SPECIES,RESOLVED,0,1,,174020,,,0,Quercus muehlenbergii,DBH_BREAST_HEIGHT,N,5.0,1,1,0,0,,D08B_V01_FROZEN,ACCEPTED_SPECIES,RESOLVED
827,Quercus nigra,Quercus nigra,,NOT_AVAILABLE_IN_FROZEN_FIA_INPUT,174075,Quercus nigra,L.,Accepted,Species,174075,Quercus nigra,L.,Accepted,Species,174075,Quercus nigra,L.,Accepted,Species,174075,Quercus nigra,L.,Species,ACCEPTED_SPECIES,RESOLVED,0,1,,174075,,,0,Quercus nigra,DBH_BREAST_HEIGHT,N,5.0,1,1,0,0,,D08B_V01_FROZEN,ACCEPTED_SPECIES,RESOLVED
828,Quercus texana,Quercus texana,,NOT_AVAILABLE_IN_FROZEN_FIA_INPUT,175464,Quercus texana,Buckley,Accepted,Species,175464,Quercus texana,Buckley,Accepted,Species,175464,Quercus texana,Buckley,Accepted,Species,175464,Quercus texana,Buckley,Species,ACCEPTED_SPECIES,RESOLVED,0,1,,175464,,,0,Quercus texana,DBH_BREAST_HEIGHT,N,5.0,1,1,0,0,,D08B_V01_FROZEN,ACCEPTED_SPECIES,RESOLVED
829,Quercus oblongifolia,Quercus oblongifolia,,NOT_AVAILABLE_IN_FROZEN_FIA_INPUT,174136,Quercus oblongifolia,Torr.,Accepted,Species,174136,Quercus oblongifolia,Torr.,Accepted,Species,174136,Quercus oblongifolia,Torr.,Accepted,Species,174136,Quercus oblongifolia,Torr.,Species,ACCEPTED_SPECIES,RESOLVED,0,1,,174136,,,0,Quercus oblongifolia,DRC_ROOT_COLLAR,Y,5.0,1,0,0,0,,D08B_V01_FROZEN,ACCEPTED_SPECIES,RESOLVED
830,Quercus palustris,Quercus palustris,,NOT_AVAILABLE_IN_FROZEN_FIA_INPUT,174242,Quercus palustris,Münchh.,Accepted,Species,174242,Quercus palustris,Münchh.,Accepted,Species,174242,Quercus palustris,Münchh.,Accepted,Species,174242,Quercus palustris,Münchh.,Species,ACCEPTED_SPECIES,RESOLVED,0,1,,174242,,,0,Quercus palustris,DBH_BREAST_HEIGHT,N,5.0,1,1,0,0,,D08B_V01_FROZEN,ACCEPTED_SPECIES,RESOLVED
831,Quercus phellos,Quercus phellos,,NOT_AVAILABLE_IN_FROZEN_FIA_INPUT,174411,Quercus phellos,L.,Accepted,Species,174411,Quercus phellos,L.,Accepted,Species,174411,Quercus phellos,L.,Accepted,Species,174411,Quercus phellos,L.,Species,ACCEPTED_SPECIES,RESOLVED,0,1,,174411,,,0,Quercus phellos,DBH_BREAST_HEIGHT,N,5.0,1,1,0,0,,D08B_V01_FROZEN,ACCEPTED_SPECIES,RESOLVED
832,Quercus prinus,Quercus prinus,,NOT_AVAILABLE_IN_FROZEN_FIA_INPUT,174525,Quercus prinus,L.,Synonym,Species,173929,Quercus michauxii,Nutt.,Accepted,Species,173929,Quercus michauxii,Nutt.,Accepted,Species,173929,Quercus michauxii,Nutt.,Species,SYNONYM_TO_ACCEPTED_SPECIES,RESOLVED,0,1,,173929,,,0,Quercus michauxii,DBH_BREAST_HEIGHT,N,5.0,1,1,0,0,,D08B_V01_FROZEN,SYNONYM_TO_ACCEPTED_SPECIES,RESOLVED
833,Quercus rubra,Quercus rubra,,NOT_AVAILABLE_IN_FROZEN_FIA_INPUT,174902,Quercus rubra,L.,Accepted,Species,174902,Quercus rubra,L.,Accepted,Species,174902,Quercus rubra,L.,Accepted,Species,174902,Quercus rubra,L.,Species,ACCEPTED_SPECIES,RESOLVED,0,1,,174902,,,0,Quercus rubra,DBH_BREAST_HEIGHT,N,5.0,1,1,0,0,,D08B_V01_FROZEN,ACCEPTED_SPECIES,RESOLVED
834,Quercus shumardii,Quercus shumardii,,NOT_AVAILABLE_IN_FROZEN_FIA_INPUT,175148,Quercus shumardii,Buckley,Accepted,Species,175148,Quercus shumardii,Buckley,Accepted,Species,175148,Quercus shumardii,Buckley,Accepted,Species,175148,Quercus shumardii,Buckley,Species,ACCEPTED_SPECIES,RESOLVED,0,1,,175148,,,0,Quercus shumardii,DBH_BREAST_HEIGHT,N,5.0,1,1,0,0,,D08B_V01_FROZEN,ACCEPTED_SPECIES,RESOLVED
835,Quercus stellata,Quercus stellata,,NOT_AVAILABLE_IN_FROZEN_FIA_INPUT,175243,Quercus stellata,Wangenh.,Accepted,Species,175243,Quercus stellata,Wangenh.,Accepted,Species,175243,Quercus stellata,Wangenh.,Accepted,Species,175243,Quercus stellata,Wangenh.,Species,ACCEPTED_SPECIES,RESOLVED,0,1,,175243,,,0,Quercus stellata,DBH_BREAST_HEIGHT,N,5.0,1,1,0,0,,D08B_V01_FROZEN,ACCEPTED_SPECIES,RESOLVED
836,Quercus similis,Quercus similis,,NOT_AVAILABLE_IN_FROZEN_FIA_INPUT,175172,Quercus similis,Ashe,Accepted,Species,175172,Quercus similis,Ashe,Accepted,Species,175172,Quercus similis,Ashe,Accepted,Species,175172,Quercus similis,Ashe,Species,ACCEPTED_SPECIES,RESOLVED,0,1,,175172,,,0,Quercus similis,DBH_BREAST_HEIGHT,N,5.0,1,1,0,0,,D08B_V01_FROZEN,ACCEPTED_SPECIES,RESOLVED
837,Quercus velutina,Quercus velutina,,NOT_AVAILABLE_IN_FROZEN_FIA_INPUT,175672,Quercus velutina,Lam.,Accepted,Species,175672,Quercus velutina,Lam.,Accepted,Species,175672,Quercus velutina,Lam.,Accepted,Species,175672,Quercus velutina,Lam.,Species,ACCEPTED_SPECIES,RESOLVED,0,1,,175672,,,0,Quercus velutina,DBH_BREAST_HEIGHT,N,5.0,1,1,0,0,,D08B_V01_FROZEN,ACCEPTED_SPECIES,RESOLVED
838,Quercus virginiana,Quercus virginiana,,NOT_AVAILABLE_IN_FROZEN_FIA_INPUT,175726,Quercus virginiana,Mill.,Accepted,Species,175726,Quercus virginiana,Mill.,Accepted,Species,175726,Quercus virginiana,Mill.,Accepted,Species,175726,Quercus virginiana,Mill.,Species,ACCEPTED_SPECIES,RESOLVED,0,1,,175726,,,0,Quercus virginiana,DBH_BREAST_HEIGHT,N,5.0,1,1,0,0,,D08B_V01_FROZEN,ACCEPTED_SPECIES,RESOLVED
839,Quercus wislizeni,Quercus wislizeni,,NOT_AVAILABLE_IN_FROZEN_FIA_INPUT,175769,Quercus wislizeni,A.DC.,Accepted,Species,175769,Quercus wislizeni,A.DC.,Accepted,Species,175769,Quercus wislizeni,A.DC.,Accepted,Species,175769,Quercus wislizeni,A.DC.,Species,ACCEPTED_SPECIES,RESOLVED,0,1,,175769,,,0,Quercus wislizeni,DBH_BREAST_HEIGHT,N,5.0,1,1,0,0,,D08B_V01_FROZEN,ACCEPTED_SPECIES,RESOLVED
840,Quercus margarettiae,Quercus margarettiae,NOT PROVIDED IN FIA REF_SPECIES,AUTHOR_NOT_PROVIDED_OR_UNKNOWN,173863,Quercus margaretta,(Ashe) Small,Accepted,Species,173863,Quercus margaretta,(Ashe) Small,Accepted,Species,173863,Quercus margaretta,(Ashe) Small,Accepted,Species,173863,Quercus margaretta,(Ashe) Small,Species,AUTHORITATIVE_ORTHOGRAPHIC_TO_ACCEPTED_SPECIES,RESOLVED_MAINLINE_AUTHORIZED,0,1,,173863,,,0,Quercus margaretta,DBH_BREAST_HEIGHT,N,5.0,1,1,0,1,ORDINARY_ACCEPTED,Q1_D08B_TAXONOMY_CORRECTION_MAINLINE_DECISION_v01_20260902.md,UNRESOLVED,UNRESOLVED
841,Quercus minima,Quercus minima,,NOT_AVAILABLE_IN_FROZEN_FIA_INPUT,173948,Quercus minima,(Sarg.) Small,Accepted,Species,173948,Quercus minima,(Sarg.) Small,Accepted,Species,173948,Quercus minima,(Sarg.) Small,Accepted,Species,173948,Quercus minima,(Sarg.) Small,Species,ACCEPTED_SPECIES,RESOLVED,0,1,,173948,,,0,Quercus minima,DBH_BREAST_HEIGHT,N,5.0,1,1,0,0,,D08B_V01_FROZEN,ACCEPTED_SPECIES,RESOLVED
842,Quercus incana,Quercus incana,,NOT_AVAILABLE_IN_FROZEN_FIA_INPUT,173316,Quercus incana,W.Bartram,Accepted,Species,173316,Quercus incana,W.Bartram,Accepted,Species,173316,Quercus incana,W.Bartram,Accepted,Species,173316,Quercus incana,W.Bartram,Species,ACCEPTED_SPECIES,RESOLVED,0,1,,173316,,,0,Quercus incana,DBH_BREAST_HEIGHT,N,5.0,1,1,0,0,,D08B_V01_FROZEN,ACCEPTED_SPECIES,RESOLVED
843,Quercus hypoleucoides,Quercus hypoleucoides,,NOT_AVAILABLE_IN_FROZEN_FIA_INPUT,173145,Quercus hypoleucoides,A.Camus,Accepted,Species,173145,Quercus hypoleucoides,A.Camus,Accepted,Species,173145,Quercus hypoleucoides,A.Camus,Accepted,Species,173145,Quercus hypoleucoides,A.Camus,Species,ACCEPTED_SPECIES,RESOLVED,0,1,,173145,,,0,Quercus hypoleucoides,DRC_ROOT_COLLAR,Y,5.0,1,0,0,0,,D08B_V01_FROZEN,ACCEPTED_SPECIES,RESOLVED
844,Quercus oglethorpensis,Quercus oglethorpensis,,NOT_AVAILABLE_IN_FROZEN_FIA_INPUT,174176,Quercus oglethorpensis,W.H.Duncan,Accepted,Species,174176,Quercus oglethorpensis,W.H.Duncan,Accepted,Species,174176,Quercus oglethorpensis,W.H.Duncan,Accepted,Species,174176,Quercus oglethorpensis,W.H.Duncan,Species,ACCEPTED_SPECIES,RESOLVED,0,1,,174176,,,0,Quercus oglethorpensis,DBH_BREAST_HEIGHT,N,5.0,1,1,0,0,,D08B_V01_FROZEN,ACCEPTED_SPECIES,RESOLVED
845,Quercus prinoides,Quercus prinoides,,NOT_AVAILABLE_IN_FROZEN_FIA_INPUT,174518,Quercus prinoides,Willd.,Accepted,Species,174518,Quercus prinoides,Willd.,Accepted,Species,174518,Quercus prinoides,Willd.,Accepted,Species,174518,Quercus prinoides,Willd.,Species,ACCEPTED_SPECIES,RESOLVED,0,1,,174518,,,0,Quercus prinoides,DBH_BREAST_HEIGHT,N,5.0,1,1,0,0,,D08B_V01_FROZEN,ACCEPTED_SPECIES,RESOLVED
846,Quercus grisea,Quercus grisea,,NOT_AVAILABLE_IN_FROZEN_FIA_INPUT,172998,Quercus grisea,Liebm.,Accepted,Species,172998,Quercus grisea,Liebm.,Accepted,Species,172998,Quercus grisea,Liebm.,Accepted,Species,172998,Quercus grisea,Liebm.,Species,ACCEPTED_SPECIES,RESOLVED,0,1,,172998,,,0,Quercus grisea,DRC_ROOT_COLLAR,Y,5.0,1,0,0,0,,D08B_V01_FROZEN,ACCEPTED_SPECIES,RESOLVED
847,Quercus rugosa,Quercus rugosa,,NOT_AVAILABLE_IN_FROZEN_FIA_INPUT,174935,Quercus rugosa,Née,Accepted,Species,174935,Quercus rugosa,Née,Accepted,Species,174935,Quercus rugosa,Née,Accepted,Species,174935,Quercus rugosa,Née,Species,ACCEPTED_SPECIES,RESOLVED,0,1,,174935,,,0,Quercus rugosa,DRC_ROOT_COLLAR,Y,5.0,1,0,0,0,,D08B_V01_FROZEN,ACCEPTED_SPECIES,RESOLVED
851,Quercus graciliformis,Quercus graciliformis,,NOT_AVAILABLE_IN_FROZEN_FIA_INPUT,172964,Quercus graciliformis,C.H.Mull.,Accepted,Species,172964,Quercus graciliformis,C.H.Mull.,Accepted,Species,172964,Quercus graciliformis,C.H.Mull.,Accepted,Species,172964,Quercus graciliformis,C.H.Mull.,Species,ACCEPTED_SPECIES,RESOLVED,0,1,,172964,,,0,Quercus graciliformis,DBH_BREAST_HEIGHT,N,5.0,1,1,0,0,,D08B_V01_FROZEN,ACCEPTED_SPECIES,RESOLVED
853,Annona glabra,Annona glabra,,NOT_AVAILABLE_IN_FROZEN_FIA_INPUT,2640872,Annona glabra,L.,Accepted,Species,2640872,Annona glabra,L.,Accepted,Species,2640872,Annona glabra,L.,Accepted,Species,2640872,Annona glabra,L.,Species,ACCEPTED_SPECIES,RESOLVED,0,1,,2640872,,,0,Annona glabra,DBH_BREAST_HEIGHT,N,5.0,1,1,0,0,,D08B_V01_FROZEN,ACCEPTED_SPECIES,RESOLVED
854,Bursera simaruba,Bursera simaruba,,NOT_AVAILABLE_IN_FROZEN_FIA_INPUT,2687649,Bursera simaruba,(L.) Sarg.,Accepted,Species,2687649,Bursera simaruba,(L.) Sarg.,Accepted,Species,2687649,Bursera simaruba,(L.) Sarg.,Accepted,Species,2687649,Bursera simaruba,(L.) Sarg.,Species,ACCEPTED_SPECIES,RESOLVED,0,1,,2687649,,,0,Bursera simaruba,DBH_BREAST_HEIGHT,N,5.0,1,1,0,0,,D08B_V01_FROZEN,ACCEPTED_SPECIES,RESOLVED
858,Cinnamomum camphora,Cinnamomum camphora,,NOT_AVAILABLE_IN_FROZEN_FIA_INPUT,2721183,Cinnamomum camphora,(L.) J.Presl,Synonym,Species,2695178,Camphora officinarum,Boerh. ex Fabr.,Accepted,Species,2695178,Camphora officinarum,Boerh. ex Fabr.,Accepted,Species,2695178,Camphora officinarum,Boerh. ex Fabr.,Species,SYNONYM_TO_ACCEPTED_SPECIES,RESOLVED,0,1,,2695178,,,0,Camphora officinarum,DBH_BREAST_HEIGHT,N,5.0,1,1,0,0,,D08B_V01_FROZEN,SYNONYM_TO_ACCEPTED_SPECIES,RESOLVED
860,Citrus spp.,Citrus spp.,,NOT_AVAILABLE_IN_FROZEN_FIA_INPUT,,,,,,,,,,,,,,,,,,,,GENUS_OR_NON_SPECIES_AGGREGATE,CLASSIFIED_NON_SPECIES,0,0,FIA name is a genus/non-species aggregate or unknown object; no species assignment permitted.,,,,0,,DBH_BREAST_HEIGHT,N,5.0,1,1,0,0,,D08B_V01_FROZEN,GENUS_OR_NON_SPECIES_AGGREGATE,CLASSIFIED_NON_SPECIES
863,Coccoloba diversifolia,Coccoloba diversifolia,,NOT_AVAILABLE_IN_FROZEN_FIA_INPUT,2729242,Coccoloba diversifolia,Jacq.,Accepted,Species,2729242,Coccoloba diversifolia,Jacq.,Accepted,Species,2729242,Coccoloba diversifolia,Jacq.,Accepted,Species,2729242,Coccoloba diversifolia,Jacq.,Species,ACCEPTED_SPECIES,RESOLVED,0,1,,2729242,,,0,Coccoloba diversifolia,DBH_BREAST_HEIGHT,N,5.0,1,1,0,0,,D08B_V01_FROZEN,ACCEPTED_SPECIES,RESOLVED
867,Condalia hookeri,Condalia hookeri,,NOT_AVAILABLE_IN_FROZEN_FIA_INPUT,2733979,Condalia hookeri,M.C.Johnst.,Accepted,Species,2733979,Condalia hookeri,M.C.Johnst.,Accepted,Species,2733979,Condalia hookeri,M.C.Johnst.,Accepted,Species,2733979,Condalia hookeri,M.C.Johnst.,Species,ACCEPTED_SPECIES,RESOLVED,0,1,,2733979,,,0,Condalia hookeri,DRC_ROOT_COLLAR,Y,5.0,1,0,0,0,,D08B_V01_FROZEN,ACCEPTED_SPECIES,RESOLVED
868,Ebenopsis ebano,Ebenopsis ebano,,NOT_AVAILABLE_IN_FROZEN_FIA_INPUT,2780305,Ebenopsis ebano,(Berland.) Barneby & J.W.Grimes,Accepted,Species,2780305,Ebenopsis ebano,(Berland.) Barneby & J.W.Grimes,Accepted,Species,2780305,Ebenopsis ebano,(Berland.) Barneby & J.W.Grimes,Accepted,Species,2780305,Ebenopsis ebano,(Berland.) Barneby & J.W.Grimes,Species,ACCEPTED_SPECIES,RESOLVED,0,1,,2780305,,,0,Ebenopsis ebano,DBH_BREAST_HEIGHT,N,5.0,1,1,0,0,,D08B_V01_FROZEN,ACCEPTED_SPECIES,RESOLVED
869,Leucaena pulverulenta,Leucaena pulverulenta,,NOT_AVAILABLE_IN_FROZEN_FIA_INPUT,2346415,Leucaena pulverulenta,(Schltdl.) Benth.,Accepted,Species,2346415,Leucaena pulverulenta,(Schltdl.) Benth.,Accepted,Species,2346415,Leucaena pulverulenta,(Schltdl.) Benth.,Accepted,Species,2346415,Leucaena pulverulenta,(Schltdl.) Benth.,Species,ACCEPTED_SPECIES,RESOLVED,0,1,,2346415,,,0,Leucaena pulverulenta,DBH_BREAST_HEIGHT,N,5.0,1,1,0,0,,D08B_V01_FROZEN,ACCEPTED_SPECIES,RESOLVED
870,Sophora affinis,Sophora affinis,,NOT_AVAILABLE_IN_FROZEN_FIA_INPUT,2597421,Sophora affinis,Torr. & A.Gray,Synonym,Species,2598500,Styphnolobium affine,(Torr. & A.Gray) Walp.,Accepted,Species,2598500,Styphnolobium affine,(Torr. & A.Gray) Walp.,Accepted,Species,2598500,Styphnolobium affine,(Torr. & A.Gray) Walp.,Species,SYNONYM_TO_ACCEPTED_SPECIES,RESOLVED,0,1,,2598500,,,0,Styphnolobium affine,DBH_BREAST_HEIGHT,N,5.0,1,1,0,0,,D08B_V01_FROZEN,SYNONYM_TO_ACCEPTED_SPECIES,RESOLVED
876,Ficus aurea,Ficus aurea,,NOT_AVAILABLE_IN_FROZEN_FIA_INPUT,2809576,Ficus aurea,Nutt.,Accepted,Species,2809576,Ficus aurea,Nutt.,Accepted,Species,2809576,Ficus aurea,Nutt.,Accepted,Species,2809576,Ficus aurea,Nutt.,Species,ACCEPTED_SPECIES,RESOLVED,0,1,,2809576,,,0,Ficus aurea,DBH_BREAST_HEIGHT,N,5.0,1,1,0,0,,D08B_V01_FROZEN,ACCEPTED_SPECIES,RESOLVED
886,Metopium toxiferum,Metopium toxiferum,,NOT_AVAILABLE_IN_FROZEN_FIA_INPUT,2364578,Metopium toxiferum,(L.) Krug & Urb.,Accepted,Species,2364578,Metopium toxiferum,(L.) Krug & Urb.,Accepted,Species,2364578,Metopium toxiferum,(L.) Krug & Urb.,Accepted,Species,2364578,Metopium toxiferum,(L.) Krug & Urb.,Species,ACCEPTED_SPECIES,RESOLVED,0,1,,2364578,,,0,Metopium toxiferum,DBH_BREAST_HEIGHT,N,5.0,1,1,0,0,,D08B_V01_FROZEN,ACCEPTED_SPECIES,RESOLVED
887,Piscidia piscipula,Piscidia piscipula,,NOT_AVAILABLE_IN_FROZEN_FIA_INPUT,2540278,Piscidia piscipula,(L.) Sarg.,Accepted,Species,2540278,Piscidia piscipula,(L.) Sarg.,Accepted,Species,2540278,Piscidia piscipula,(L.) Sarg.,Accepted,Species,2540278,Piscidia piscipula,(L.) Sarg.,Species,ACCEPTED_SPECIES,RESOLVED,0,1,,2540278,,,0,Piscidia piscipula,DBH_BREAST_HEIGHT,N,5.0,1,1,0,0,,D08B_V01_FROZEN,ACCEPTED_SPECIES,RESOLVED
897,Tamarindus indica,Tamarindus indica,,NOT_AVAILABLE_IN_FROZEN_FIA_INPUT,2444682,Tamarindus indica,L.,Accepted,Species,2444682,Tamarindus indica,L.,Accepted,Species,2444682,Tamarindus indica,L.,Accepted,Species,2444682,Tamarindus indica,L.,Species,ACCEPTED_SPECIES,RESOLVED,0,1,,2444682,,,0,Tamarindus indica,DBH_BREAST_HEIGHT,N,5.0,1,1,0,0,,D08B_V01_FROZEN,ACCEPTED_SPECIES,RESOLVED
901,Robinia pseudoacacia,Robinia pseudoacacia,,NOT_AVAILABLE_IN_FROZEN_FIA_INPUT,2428246,Robinia pseudoacacia,L.,Accepted,Species,2428246,Robinia pseudoacacia,L.,Accepted,Species,2428246,Robinia pseudoacacia,L.,Accepted,Species,2428246,Robinia pseudoacacia,L.,Species,ACCEPTED_SPECIES,RESOLVED,0,1,,2428246,,,0,Robinia pseudoacacia,DBH_BREAST_HEIGHT,N,5.0,1,1,0,0,,D08B_V01_FROZEN,ACCEPTED_SPECIES,RESOLVED
909,Roystonea spp.,Roystonea spp.,,NOT_AVAILABLE_IN_FROZEN_FIA_INPUT,,,,,,,,,,,,,,,,,,,,GENUS_OR_NON_SPECIES_AGGREGATE,CLASSIFIED_NON_SPECIES,0,0,FIA name is a genus/non-species aggregate or unknown object; no species assignment permitted.,,,,0,,DBH_BREAST_HEIGHT,N,5.0,1,1,0,0,,D08B_V01_FROZEN,GENUS_OR_NON_SPECIES_AGGREGATE,CLASSIFIED_NON_SPECIES
912,Sabal palmetto,Sabal palmetto,,NOT_AVAILABLE_IN_FROZEN_FIA_INPUT,181053,Sabal palmetto,(Walter) Lodd. ex Schult. & Schult.f.,Accepted,Species,181053,Sabal palmetto,(Walter) Lodd. ex Schult. & Schult.f.,Accepted,Species,181053,Sabal palmetto,(Walter) Lodd. ex Schult. & Schult.f.,Accepted,Species,181053,Sabal palmetto,(Walter) Lodd. ex Schult. & Schult.f.,Species,ACCEPTED_SPECIES,RESOLVED,0,1,,181053,,,0,Sabal palmetto,DBH_BREAST_HEIGHT,N,5.0,1,1,0,0,,D08B_V01_FROZEN,ACCEPTED_SPECIES,RESOLVED
913,Thrinax morrisii,Thrinax morrisii,,NOT_AVAILABLE_IN_FROZEN_FIA_INPUT,203977,Thrinax morrisii,H.Wendl.,Synonym,Species,351387,Leucothrinax morrisii,(H.Wendl.) C.Lewis & Zona,Accepted,Species,351387,Leucothrinax morrisii,(H.Wendl.) C.Lewis & Zona,Accepted,Species,351387,Leucothrinax morrisii,(H.Wendl.) C.Lewis & Zona,Species,SYNONYM_TO_ACCEPTED_SPECIES,RESOLVED,0,1,,351387,,,0,Leucothrinax morrisii,DBH_BREAST_HEIGHT,N,5.0,1,1,0,0,,D08B_V01_FROZEN,SYNONYM_TO_ACCEPTED_SPECIES,RESOLVED
915,Areca spp.,Areca spp.,,NOT_AVAILABLE_IN_FROZEN_FIA_INPUT,,,,,,,,,,,,,,,,,,,,GENUS_OR_NON_SPECIES_AGGREGATE,CLASSIFIED_NON_SPECIES,0,0,FIA name is a genus/non-species aggregate or unknown object; no species assignment permitted.,,,,0,,DBH_BREAST_HEIGHT,N,5.0,1,1,0,0,,D08B_V01_FROZEN,GENUS_OR_NON_SPECIES_AGGREGATE,CLASSIFIED_NON_SPECIES
919,Sapindus saponaria var. drummondii,Sapindus saponaria var. drummondii,,NOT_AVAILABLE_IN_FROZEN_FIA_INPUT,2891923,Sapindus saponaria var. drummondii,(Hook. & Arn.) L.D.Benson,Synonym,Variety,2582296,Sapindus drummondii,Hook. & Arn.,Accepted,Species,2582296,Sapindus drummondii,Hook. & Arn.,Accepted,Species,2582296,Sapindus drummondii,Hook. & Arn.,Species,SYNONYM_TO_ACCEPTED_SPECIES,RESOLVED,0,1,,2582296,,,0,Sapindus drummondii,DBH_BREAST_HEIGHT,N,5.0,1,1,0,0,,D08B_V01_FROZEN,SYNONYM_TO_ACCEPTED_SPECIES,RESOLVED
920,Salix spp.,Salix spp.,,NOT_AVAILABLE_IN_FROZEN_FIA_INPUT,,,,,,,,,,,,,,,,,,,,GENUS_OR_NON_SPECIES_AGGREGATE,CLASSIFIED_NON_SPECIES,0,0,FIA name is a genus/non-species aggregate or unknown object; no species assignment permitted.,,,,0,,DBH_BREAST_HEIGHT,N,5.0,1,1,0,0,,D08B_V01_FROZEN,GENUS_OR_NON_SPECIES_AGGREGATE,CLASSIFIED_NON_SPECIES
921,Salix amygdaloides,Salix amygdaloides,,NOT_AVAILABLE_IN_FROZEN_FIA_INPUT,2918617,Salix amygdaloides,Andersson,Accepted,Species,2918617,Salix amygdaloides,Andersson,Accepted,Species,2918617,Salix amygdaloides,Andersson,Accepted,Species,2918617,Salix amygdaloides,Andersson,Species,ACCEPTED_SPECIES,RESOLVED,0,1,,2918617,,,0,Salix amygdaloides,DBH_BREAST_HEIGHT,N,5.0,1,1,0,0,,D08B_V01_FROZEN,ACCEPTED_SPECIES,RESOLVED
922,Salix nigra,Salix nigra,,NOT_AVAILABLE_IN_FROZEN_FIA_INPUT,2919837,Salix nigra,Marshall,Accepted,Species,2919837,Salix nigra,Marshall,Accepted,Species,2919837,Salix nigra,Marshall,Accepted,Species,2919837,Salix nigra,Marshall,Species,ACCEPTED_SPECIES,RESOLVED,0,1,,2919837,,,0,Salix nigra,DBH_BREAST_HEIGHT,N,5.0,1,1,0,0,,D08B_V01_FROZEN,ACCEPTED_SPECIES,RESOLVED
925,Salix caroliniana,Salix caroliniana,,NOT_AVAILABLE_IN_FROZEN_FIA_INPUT,2919167,Salix caroliniana,Michx.,Accepted,Species,2919167,Salix caroliniana,Michx.,Accepted,Species,2919167,Salix caroliniana,Michx.,Accepted,Species,2919167,Salix caroliniana,Michx.,Species,ACCEPTED_SPECIES,RESOLVED,0,1,,2919167,,,0,Salix caroliniana,DBH_BREAST_HEIGHT,N,5.0,1,1,0,0,,D08B_V01_FROZEN,ACCEPTED_SPECIES,RESOLVED
927,Salix alba,Salix alba,,NOT_AVAILABLE_IN_FROZEN_FIA_INPUT,2918804,Salix alba,L.,Accepted,Species,2918804,Salix alba,L.,Accepted,Species,2918804,Salix alba,L.,Accepted,Species,2918804,Salix alba,L.,Species,ACCEPTED_SPECIES,RESOLVED,0,1,,2918804,,,0,Salix alba,DBH_BREAST_HEIGHT,N,5.0,1,1,0,0,,D08B_V01_FROZEN,ACCEPTED_SPECIES,RESOLVED
929,Salix x sepulcralis,Salix x sepulcralis,,NOT_AVAILABLE_IN_FROZEN_FIA_INPUT,,,,,,,,,,,,,,,,,,,,HYBRID_OR_NOTHOTAXON,CLASSIFIED_HYBRID,1,0,Hybrid marker or WCVP artificial-hybrid evidence; no ordinary accepted-species assignment.,,,,0,,DBH_BREAST_HEIGHT,N,5.0,1,1,0,0,,D08B_V01_FROZEN,HYBRID_OR_NOTHOTAXON,CLASSIFIED_HYBRID
931,Sassafras albidum,Sassafras albidum,,NOT_AVAILABLE_IN_FROZEN_FIA_INPUT,2591964,Sassafras albidum,(Nutt.) Nees,Accepted,Species,2591964,Sassafras albidum,(Nutt.) Nees,Accepted,Species,2591964,Sassafras albidum,(Nutt.) Nees,Accepted,Species,2591964,Sassafras albidum,(Nutt.) Nees,Species,ACCEPTED_SPECIES,RESOLVED,0,1,,2591964,,,0,Sassafras albidum,DBH_BREAST_HEIGHT,N,5.0,1,1,0,0,,D08B_V01_FROZEN,ACCEPTED_SPECIES,RESOLVED
934,Sorbus spp.,Sorbus spp.,,NOT_AVAILABLE_IN_FROZEN_FIA_INPUT,,,,,,,,,,,,,,,,,,,,GENUS_OR_NON_SPECIES_AGGREGATE,CLASSIFIED_NON_SPECIES,0,0,FIA name is a genus/non-species aggregate or unknown object; no species assignment permitted.,,,,0,,DBH_BREAST_HEIGHT,N,5.0,1,1,0,0,,D08B_V01_FROZEN,GENUS_OR_NON_SPECIES_AGGREGATE,CLASSIFIED_NON_SPECIES
935,Sorbus americana,Sorbus americana,,NOT_AVAILABLE_IN_FROZEN_FIA_INPUT,2991391,Sorbus americana,Marshall,Accepted,Species,2991391,Sorbus americana,Marshall,Accepted,Species,2991391,Sorbus americana,Marshall,Accepted,Species,2991391,Sorbus americana,Marshall,Species,ACCEPTED_SPECIES,RESOLVED,0,1,,2991391,,,0,Sorbus americana,DBH_BREAST_HEIGHT,N,5.0,1,1,0,0,,D08B_V01_FROZEN,ACCEPTED_SPECIES,RESOLVED
937,Sorbus decora,Sorbus decora,,NOT_AVAILABLE_IN_FROZEN_FIA_INPUT,2991806,Sorbus decora,(Sarg.) C.K.Schneid.,Accepted,Species,2991806,Sorbus decora,(Sarg.) C.K.Schneid.,Accepted,Species,2991806,Sorbus decora,(Sarg.) C.K.Schneid.,Accepted,Species,2991806,Sorbus decora,(Sarg.) C.K.Schneid.,Species,ACCEPTED_SPECIES,RESOLVED,0,1,,2991806,,,0,Sorbus decora,DBH_BREAST_HEIGHT,N,5.0,1,1,0,0,,D08B_V01_FROZEN,ACCEPTED_SPECIES,RESOLVED
940,Swietenia mahagoni,Swietenia mahagoni,,NOT_AVAILABLE_IN_FROZEN_FIA_INPUT,2601502,Swietenia mahagoni,(L.) Jacq.,Accepted,Species,2601502,Swietenia mahagoni,(L.) Jacq.,Accepted,Species,2601502,Swietenia mahagoni,(L.) Jacq.,Accepted,Species,2601502,Swietenia mahagoni,(L.) Jacq.,Species,ACCEPTED_SPECIES,RESOLVED,0,1,,2601502,,,0,Swietenia mahagoni,DBH_BREAST_HEIGHT,N,5.0,1,1,0,0,,D08B_V01_FROZEN,ACCEPTED_SPECIES,RESOLVED
951,Tilia americana,Tilia americana,,NOT_AVAILABLE_IN_FROZEN_FIA_INPUT,2518218,Tilia americana,L.,Accepted,Species,2518218,Tilia americana,L.,Accepted,Species,2518218,Tilia americana,L.,Accepted,Species,2518218,Tilia americana,L.,Species,ACCEPTED_SPECIES,RESOLVED,0,1,,2518218,,,0,Tilia americana,DBH_BREAST_HEIGHT,N,5.0,1,1,0,0,,D08B_V01_FROZEN,ACCEPTED_SPECIES,RESOLVED
952,Tilia americana var. heterophylla,Tilia americana var. heterophylla,,NOT_AVAILABLE_IN_FROZEN_FIA_INPUT,2522340,Tilia americana var. heterophylla,(Vent.) Loudon,Synonym,Variety,2518218,Tilia americana,L.,Accepted,Species,2518218,Tilia americana,L.,Accepted,Species,2518218,Tilia americana,L.,Species,SYNONYM_TO_ACCEPTED_SPECIES,RESOLVED,0,1,,2518218,,,0,Tilia americana,DBH_BREAST_HEIGHT,N,5.0,1,1,0,0,,D08B_V01_FROZEN,SYNONYM_TO_ACCEPTED_SPECIES,RESOLVED
953,Tilia americana var. caroliniana,Tilia americana var. caroliniana,,NOT_AVAILABLE_IN_FROZEN_FIA_INPUT,2894086,Tilia americana var. caroliniana,(Mill.) Castigl.,Synonym,Variety,2518218,Tilia americana,L.,Accepted,Species,2518218,Tilia americana,L.,Accepted,Species,2518218,Tilia americana,L.,Species,SYNONYM_TO_ACCEPTED_SPECIES,RESOLVED,0,1,,2518218,,,0,Tilia americana,DBH_BREAST_HEIGHT,N,5.0,1,1,0,0,,D08B_V01_FROZEN,SYNONYM_TO_ACCEPTED_SPECIES,RESOLVED
971,Ulmus alata,Ulmus alata,,NOT_AVAILABLE_IN_FROZEN_FIA_INPUT,2450008,Ulmus alata,Michx.,Accepted,Species,2450008,Ulmus alata,Michx.,Accepted,Species,2450008,Ulmus alata,Michx.,Accepted,Species,2450008,Ulmus alata,Michx.,Species,ACCEPTED_SPECIES,RESOLVED,0,1,,2450008,,,0,Ulmus alata,DBH_BREAST_HEIGHT,N,5.0,1,1,0,0,,D08B_V01_FROZEN,ACCEPTED_SPECIES,RESOLVED
972,Ulmus americana,Ulmus americana,,NOT_AVAILABLE_IN_FROZEN_FIA_INPUT,2450019,Ulmus americana,L.,Accepted,Species,2450019,Ulmus americana,L.,Accepted,Species,2450019,Ulmus americana,L.,Accepted,Species,2450019,Ulmus americana,L.,Species,ACCEPTED_SPECIES,RESOLVED,0,1,,2450019,,,0,Ulmus americana,DBH_BREAST_HEIGHT,N,5.0,1,1,0,0,,D08B_V01_FROZEN,ACCEPTED_SPECIES,RESOLVED
973,Ulmus crassifolia,Ulmus crassifolia,,NOT_AVAILABLE_IN_FROZEN_FIA_INPUT,2449976,Ulmus crassifolia,Nutt.,Accepted,Species,2449976,Ulmus crassifolia,Nutt.,Accepted,Species,2449976,Ulmus crassifolia,Nutt.,Accepted,Species,2449976,Ulmus crassifolia,Nutt.,Species,ACCEPTED_SPECIES,RESOLVED,0,1,,2449976,,,0,Ulmus crassifolia,DBH_BREAST_HEIGHT,N,5.0,1,1,0,0,,D08B_V01_FROZEN,ACCEPTED_SPECIES,RESOLVED
974,Ulmus pumila,Ulmus pumila,,NOT_AVAILABLE_IN_FROZEN_FIA_INPUT,2448824,Ulmus pumila,L.,Accepted,Species,2448824,Ulmus pumila,L.,Accepted,Species,2448824,Ulmus pumila,L.,Accepted,Species,2448824,Ulmus pumila,L.,Species,ACCEPTED_SPECIES,RESOLVED,0,1,,2448824,,,0,Ulmus pumila,DBH_BREAST_HEIGHT,N,5.0,1,1,0,0,,D08B_V01_FROZEN,ACCEPTED_SPECIES,RESOLVED
975,Ulmus rubra,Ulmus rubra,,NOT_AVAILABLE_IN_FROZEN_FIA_INPUT,2448805,Ulmus rubra,Muhl.,Accepted,Species,2448805,Ulmus rubra,Muhl.,Accepted,Species,2448805,Ulmus rubra,Muhl.,Accepted,Species,2448805,Ulmus rubra,Muhl.,Species,ACCEPTED_SPECIES,RESOLVED,0,1,,2448805,,,0,Ulmus rubra,DBH_BREAST_HEIGHT,N,5.0,1,1,0,0,,D08B_V01_FROZEN,ACCEPTED_SPECIES,RESOLVED
976,Ulmus serotina,Ulmus serotina,,NOT_AVAILABLE_IN_FROZEN_FIA_INPUT,2448857,Ulmus serotina,Sarg.,Accepted,Species,2448857,Ulmus serotina,Sarg.,Accepted,Species,2448857,Ulmus serotina,Sarg.,Accepted,Species,2448857,Ulmus serotina,Sarg.,Species,ACCEPTED_SPECIES,RESOLVED,0,1,,2448857,,,0,Ulmus serotina,DBH_BREAST_HEIGHT,N,5.0,1,1,0,0,,D08B_V01_FROZEN,ACCEPTED_SPECIES,RESOLVED
977,Ulmus thomasii,Ulmus thomasii,,NOT_AVAILABLE_IN_FROZEN_FIA_INPUT,2448843,Ulmus thomasii,Sarg.,Accepted,Species,2448843,Ulmus thomasii,Sarg.,Accepted,Species,2448843,Ulmus thomasii,Sarg.,Accepted,Species,2448843,Ulmus thomasii,Sarg.,Species,ACCEPTED_SPECIES,RESOLVED,0,1,,2448843,,,0,Ulmus thomasii,DBH_BREAST_HEIGHT,N,5.0,1,1,0,0,,D08B_V01_FROZEN,ACCEPTED_SPECIES,RESOLVED
981,Umbellularia californica,Umbellularia californica,,NOT_AVAILABLE_IN_FROZEN_FIA_INPUT,2446614,Umbellularia californica,(Hook. & Arn.) Nutt.,Accepted,Species,2446614,Umbellularia californica,(Hook. & Arn.) Nutt.,Accepted,Species,2446614,Umbellularia californica,(Hook. & Arn.) Nutt.,Accepted,Species,2446614,Umbellularia californica,(Hook. & Arn.) Nutt.,Species,ACCEPTED_SPECIES,RESOLVED,0,1,,2446614,,,0,Umbellularia californica,DBH_BREAST_HEIGHT,N,5.0,1,1,0,0,,D08B_V01_FROZEN,ACCEPTED_SPECIES,RESOLVED
986,Avicennia germinans,Avicennia germinans,,NOT_AVAILABLE_IN_FROZEN_FIA_INPUT,18443,Avicennia germinans,(L.) L.,Accepted,Species,18443,Avicennia germinans,(L.) L.,Accepted,Species,18443,Avicennia germinans,(L.) L.,Accepted,Species,18443,Avicennia germinans,(L.) L.,Species,ACCEPTED_SPECIES,RESOLVED,0,1,,18443,,,0,Avicennia germinans,DBH_BREAST_HEIGHT,N,5.0,1,1,0,0,,D08B_V01_FROZEN,ACCEPTED_SPECIES,RESOLVED
987,Conocarpus erectus,Conocarpus erectus,,NOT_AVAILABLE_IN_FROZEN_FIA_INPUT,2734516,Conocarpus erectus,L.,Accepted,Species,2734516,Conocarpus erectus,L.,Accepted,Species,2734516,Conocarpus erectus,L.,Accepted,Species,2734516,Conocarpus erectus,L.,Species,ACCEPTED_SPECIES,RESOLVED,0,1,,2734516,,,0,Conocarpus erectus,DBH_BREAST_HEIGHT,N,5.0,1,1,0,0,,D08B_V01_FROZEN,ACCEPTED_SPECIES,RESOLVED
988,Laguncularia racemosa,Laguncularia racemosa,,NOT_AVAILABLE_IN_FROZEN_FIA_INPUT,2338852,Laguncularia racemosa,(L.) C.F.Gaertn.,Accepted,Species,2338852,Laguncularia racemosa,(L.) C.F.Gaertn.,Accepted,Species,2338852,Laguncularia racemosa,(L.) C.F.Gaertn.,Accepted,Species,2338852,Laguncularia racemosa,(L.) C.F.Gaertn.,Species,ACCEPTED_SPECIES,RESOLVED,0,1,,2338852,,,0,Laguncularia racemosa,DBH_BREAST_HEIGHT,N,5.0,1,1,0,0,,D08B_V01_FROZEN,ACCEPTED_SPECIES,RESOLVED
989,Rhizophora mangle,Rhizophora mangle,,NOT_AVAILABLE_IN_FROZEN_FIA_INPUT,2523199,Rhizophora mangle,L.,Accepted,Species,2523199,Rhizophora mangle,L.,Accepted,Species,2523199,Rhizophora mangle,L.,Accepted,Species,2523199,Rhizophora mangle,L.,Species,ACCEPTED_SPECIES,RESOLVED,0,1,,2523199,,,0,Rhizophora mangle,DBH_BREAST_HEIGHT,N,5.0,1,1,0,0,,D08B_V01_FROZEN,ACCEPTED_SPECIES,RESOLVED
990,Olneya tesota,Olneya tesota,,NOT_AVAILABLE_IN_FROZEN_FIA_INPUT,2389100,Olneya tesota,A.Gray,Accepted,Species,2389100,Olneya tesota,A.Gray,Accepted,Species,2389100,Olneya tesota,A.Gray,Accepted,Species,2389100,Olneya tesota,A.Gray,Species,ACCEPTED_SPECIES,RESOLVED,0,1,,2389100,,,0,Olneya tesota,DRC_ROOT_COLLAR,Y,5.0,1,0,0,0,,D08B_V01_FROZEN,ACCEPTED_SPECIES,RESOLVED
991,Tamarix spp.,Tamarix spp.,,NOT_AVAILABLE_IN_FROZEN_FIA_INPUT,,,,,,,,,,,,,,,,,,,,GENUS_OR_NON_SPECIES_AGGREGATE,CLASSIFIED_NON_SPECIES,0,0,FIA name is a genus/non-species aggregate or unknown object; no species assignment permitted.,,,,0,,DBH_BREAST_HEIGHT,N,5.0,1,1,0,0,,D08B_V01_FROZEN,GENUS_OR_NON_SPECIES_AGGREGATE,CLASSIFIED_NON_SPECIES
992,Melaleuca quinquenervia,Melaleuca quinquenervia,,NOT_AVAILABLE_IN_FROZEN_FIA_INPUT,123857,Melaleuca quinquenervia,(Cav.) S.T.Blake,Accepted,Species,123857,Melaleuca quinquenervia,(Cav.) S.T.Blake,Accepted,Species,123857,Melaleuca quinquenervia,(Cav.) S.T.Blake,Accepted,Species,123857,Melaleuca quinquenervia,(Cav.) S.T.Blake,Species,ACCEPTED_SPECIES,RESOLVED,0,1,,123857,,,0,Melaleuca quinquenervia,DBH_BREAST_HEIGHT,N,5.0,1,1,0,0,,D08B_V01_FROZEN,ACCEPTED_SPECIES,RESOLVED
993,Melia azedarach,Melia azedarach,,NOT_AVAILABLE_IN_FROZEN_FIA_INPUT,2505106,Melia azedarach,L.,Accepted,Species,2505106,Melia azedarach,L.,Accepted,Species,2505106,Melia azedarach,L.,Accepted,Species,2505106,Melia azedarach,L.,Species,ACCEPTED_SPECIES,RESOLVED,0,1,,2505106,,,0,Melia azedarach,DBH_BREAST_HEIGHT,N,5.0,1,1,0,0,,D08B_V01_FROZEN,ACCEPTED_SPECIES,RESOLVED
994,Triadica sebifera,Triadica sebifera,,NOT_AVAILABLE_IN_FROZEN_FIA_INPUT,207675,Triadica sebifera,(L.) Small,Accepted,Species,207675,Triadica sebifera,(L.) Small,Accepted,Species,207675,Triadica sebifera,(L.) Small,Accepted,Species,207675,Triadica sebifera,(L.) Small,Species,ACCEPTED_SPECIES,RESOLVED,0,1,,207675,,,0,Triadica sebifera,DBH_BREAST_HEIGHT,N,5.0,1,1,0,0,,D08B_V01_FROZEN,ACCEPTED_SPECIES,RESOLVED
995,Vernicia fordii,Vernicia fordii,,NOT_AVAILABLE_IN_FROZEN_FIA_INPUT,212845,Vernicia fordii,(Hemsl.) Airy Shaw,Accepted,Species,212845,Vernicia fordii,(Hemsl.) Airy Shaw,Accepted,Species,212845,Vernicia fordii,(Hemsl.) Airy Shaw,Accepted,Species,212845,Vernicia fordii,(Hemsl.) Airy Shaw,Species,ACCEPTED_SPECIES,RESOLVED,0,1,,212845,,,0,Vernicia fordii,DBH_BREAST_HEIGHT,N,5.0,1,1,0,0,,D08B_V01_FROZEN,ACCEPTED_SPECIES,RESOLVED
996,Cotinus obovatus,Cotinus obovatus,,NOT_AVAILABLE_IN_FROZEN_FIA_INPUT,2740014,Cotinus obovatus,Raf.,Accepted,Species,2740014,Cotinus obovatus,Raf.,Accepted,Species,2740014,Cotinus obovatus,Raf.,Accepted,Species,2740014,Cotinus obovatus,Raf.,Species,ACCEPTED_SPECIES,RESOLVED,0,1,,2740014,,,0,Cotinus obovatus,DBH_BREAST_HEIGHT,N,5.0,1,1,0,0,,D08B_V01_FROZEN,ACCEPTED_SPECIES,RESOLVED
997,Elaeagnus angustifolia,Elaeagnus angustifolia,,NOT_AVAILABLE_IN_FROZEN_FIA_INPUT,2784980,Elaeagnus angustifolia,L.,Accepted,Species,2784980,Elaeagnus angustifolia,L.,Accepted,Species,2784980,Elaeagnus angustifolia,L.,Accepted,Species,2784980,Elaeagnus angustifolia,L.,Species,ACCEPTED_SPECIES,RESOLVED,0,1,,2784980,,,0,Elaeagnus angustifolia,DBH_BREAST_HEIGHT,N,5.0,1,1,0,0,,D08B_V01_FROZEN,ACCEPTED_SPECIES,RESOLVED
999,Tree unknown,Tree unknown,,NOT_AVAILABLE_IN_FROZEN_FIA_INPUT,,,,,,,,,,,,,,,,,,,,GENUS_OR_NON_SPECIES_AGGREGATE,CLASSIFIED_NON_SPECIES,0,0,FIA name is a genus/non-species aggregate or unknown object; no species assignment permitted.,,,,0,,DBH_BREAST_HEIGHT,N,5.0,1,1,0,0,,D08B_V01_FROZEN,GENUS_OR_NON_SPECIES_AGGREGATE,CLASSIFIED_NON_SPECIES
5147,Acer ginnala,Acer ginnala,,NOT_AVAILABLE_IN_FROZEN_FIA_INPUT,2615658,Acer ginnala,Maxim.,Synonym,Species,2616532,Acer tataricum subsp. ginnala,(Maxim.) Wesm.,Accepted,Subspecies,2616532,Acer tataricum subsp. ginnala,(Maxim.) Wesm.,Accepted,Subspecies,2616524,Acer tataricum,L.,Species,SYNONYM_TO_ACCEPTED_INFRASPECIES_TO_PARENT_SPECIES,RESOLVED,0,1,,2616524,,,0,Acer tataricum,DBH_BREAST_HEIGHT,N,5.0,1,1,0,0,,D08B_V01_FROZEN,SYNONYM_TO_ACCEPTED_INFRASPECIES_TO_PARENT_SPECIES,RESOLVED
5151,Acer pseudoplatanus,Acer pseudoplatanus,,NOT_AVAILABLE_IN_FROZEN_FIA_INPUT,2616276,Acer pseudoplatanus,L.,Accepted,Species,2616276,Acer pseudoplatanus,L.,Accepted,Species,2616276,Acer pseudoplatanus,L.,Accepted,Species,2616276,Acer pseudoplatanus,L.,Species,ACCEPTED_SPECIES,RESOLVED,0,1,,2616276,,,0,Acer pseudoplatanus,DBH_BREAST_HEIGHT,N,5.0,1,1,0,0,,D08B_V01_FROZEN,ACCEPTED_SPECIES,RESOLVED
5203,Amelanchier laevis,Amelanchier laevis,,NOT_AVAILABLE_IN_FROZEN_FIA_INPUT,2940246,Amelanchier laevis,Wiegand,Accepted,Species,2940246,Amelanchier laevis,Wiegand,Accepted,Species,2940246,Amelanchier laevis,Wiegand,Accepted,Species,2940246,Amelanchier laevis,Wiegand,Species,ACCEPTED_SPECIES,RESOLVED,0,1,,2940246,,,0,Amelanchier laevis,DBH_BREAST_HEIGHT,N,5.0,1,1,0,0,,D08B_V01_FROZEN,ACCEPTED_SPECIES,RESOLVED
5491,Fraxinus berlandieriana,Fraxinus berlandieriana,,NOT_AVAILABLE_IN_FROZEN_FIA_INPUT,369564,Fraxinus berlandieriana,A.DC.,Accepted,Species,369564,Fraxinus berlandieriana,A.DC.,Accepted,Species,369564,Fraxinus berlandieriana,A.DC.,Accepted,Species,369564,Fraxinus berlandieriana,A.DC.,Species,ACCEPTED_SPECIES,RESOLVED,0,1,,369564,,,0,Fraxinus berlandieriana,DBH_BREAST_HEIGHT,N,5.0,1,1,0,0,,D08B_V01_FROZEN,ACCEPTED_SPECIES,RESOLVED
6262,Broussonetia papyrifera,Broussonetia papyrifera,,NOT_AVAILABLE_IN_FROZEN_FIA_INPUT,2683772,Broussonetia papyrifera,(L.) L'Hér. ex Vent.,Accepted,Species,2683772,Broussonetia papyrifera,(L.) L'Hér. ex Vent.,Accepted,Species,2683772,Broussonetia papyrifera,(L.) L'Hér. ex Vent.,Accepted,Species,2683772,Broussonetia papyrifera,(L.) L'Hér. ex Vent.,Species,ACCEPTED_SPECIES,RESOLVED,0,1,,2683772,,,0,Broussonetia papyrifera,DBH_BREAST_HEIGHT,N,5.0,1,1,0,0,,D08B_V01_FROZEN,ACCEPTED_SPECIES,RESOLVED
6511,Persea palustris,Persea palustris,(Raf.) Sarg.,AUTHOR_AVAILABLE_IN_ACCEPTED_CORRECTION_EVIDENCE,2531614,Persea palustris,(Raf.) Sarg.,Synonym,Species,,,,,,2442487,Tamala palustris,Raf.,Unplaced,Species,,,,,IDENTITY_RESOLVED_TARGET_UNPLACED,IDENTITY_RESOLVED_NO_ACCEPTED_ANALYSIS_SPECIES,0,0,Terminal target Tamala palustris Raf. is frozen-WCVP Unplaced; no Accepted replacement is fabricated.,,,,0,,DBH_BREAST_HEIGHT,N,5.0,1,1,0,1,TARGET_UNPLACED,Q1_D08B_TAXONOMY_CORRECTION_MAINLINE_DECISION_v01_20260902.md,UNRESOLVED,UNRESOLVED
6516,Phellodendron amurense,Phellodendron amurense,,NOT_AVAILABLE_IN_FROZEN_FIA_INPUT,2541602,Phellodendron amurense,Rupr.,Accepted,Species,2541602,Phellodendron amurense,Rupr.,Accepted,Species,2541602,Phellodendron amurense,Rupr.,Accepted,Species,2541602,Phellodendron amurense,Rupr.,Species,ACCEPTED_SPECIES,RESOLVED,0,1,,2541602,,,0,Phellodendron amurense,DBH_BREAST_HEIGHT,N,5.0,1,1,0,0,,D08B_V01_FROZEN,ACCEPTED_SPECIES,RESOLVED
6696,Prunus laurocerasus,Prunus laurocerasus,,NOT_AVAILABLE_IN_FROZEN_FIA_INPUT,2960451,Prunus laurocerasus,L.,Accepted,Species,2960451,Prunus laurocerasus,L.,Accepted,Species,2960451,Prunus laurocerasus,L.,Accepted,Species,2960451,Prunus laurocerasus,L.,Species,ACCEPTED_SPECIES,RESOLVED,0,1,,2960451,,,0,Prunus laurocerasus,DBH_BREAST_HEIGHT,N,5.0,1,1,0,0,,D08B_V01_FROZEN,ACCEPTED_SPECIES,RESOLVED
6707,Prunus serrulata,Prunus serrulata,,NOT_AVAILABLE_IN_FROZEN_FIA_INPUT,2961630,Prunus serrulata,Lindl.,Accepted,Species,2961630,Prunus serrulata,Lindl.,Accepted,Species,2961630,Prunus serrulata,Lindl.,Accepted,Species,2961630,Prunus serrulata,Lindl.,Species,ACCEPTED_SPECIES,RESOLVED,0,1,,2961630,,,0,Prunus serrulata,DBH_BREAST_HEIGHT,N,5.0,1,1,0,0,,D08B_V01_FROZEN,ACCEPTED_SPECIES,RESOLVED
6708,Prunus mexicana,Prunus mexicana,,NOT_AVAILABLE_IN_FROZEN_FIA_INPUT,2960673,Prunus mexicana,S.Watson,Accepted,Species,2960673,Prunus mexicana,S.Watson,Accepted,Species,2960673,Prunus mexicana,S.Watson,Accepted,Species,2960673,Prunus mexicana,S.Watson,Species,ACCEPTED_SPECIES,RESOLVED,0,1,,2960673,,,0,Prunus mexicana,DBH_BREAST_HEIGHT,N,5.0,1,1,0,0,,D08B_V01_FROZEN,ACCEPTED_SPECIES,RESOLVED
6768,Quercus arkansana,Quercus arkansana,,NOT_AVAILABLE_IN_FROZEN_FIA_INPUT,171657,Quercus arkansana,Sarg.,Accepted,Species,171657,Quercus arkansana,Sarg.,Accepted,Species,171657,Quercus arkansana,Sarg.,Accepted,Species,171657,Quercus arkansana,Sarg.,Species,ACCEPTED_SPECIES,RESOLVED,0,1,,171657,,,0,Quercus arkansana,DBH_BREAST_HEIGHT,N,5.0,1,1,0,0,,D08B_V01_FROZEN,ACCEPTED_SPECIES,RESOLVED
6782,Quercus georgiana,Quercus georgiana,,NOT_AVAILABLE_IN_FROZEN_FIA_INPUT,172875,Quercus georgiana,M.A.Curtis,Accepted,Species,172875,Quercus georgiana,M.A.Curtis,Accepted,Species,172875,Quercus georgiana,M.A.Curtis,Accepted,Species,172875,Quercus georgiana,M.A.Curtis,Species,ACCEPTED_SPECIES,RESOLVED,0,1,,172875,,,0,Quercus georgiana,DBH_BREAST_HEIGHT,N,5.0,1,1,0,0,,D08B_V01_FROZEN,ACCEPTED_SPECIES,RESOLVED
6791,Quercus myrtifolia,Quercus myrtifolia,,NOT_AVAILABLE_IN_FROZEN_FIA_INPUT,174037,Quercus myrtifolia,Willd.,Accepted,Species,174037,Quercus myrtifolia,Willd.,Accepted,Species,174037,Quercus myrtifolia,Willd.,Accepted,Species,174037,Quercus myrtifolia,Willd.,Species,ACCEPTED_SPECIES,RESOLVED,0,1,,174037,,,0,Quercus myrtifolia,DBH_BREAST_HEIGHT,N,5.0,1,1,0,0,,D08B_V01_FROZEN,ACCEPTED_SPECIES,RESOLVED
6799,Quercus sinuata,Quercus sinuata,,NOT_AVAILABLE_IN_FROZEN_FIA_INPUT,175179,Quercus sinuata,Walter,Accepted,Species,175179,Quercus sinuata,Walter,Accepted,Species,175179,Quercus sinuata,Walter,Accepted,Species,175179,Quercus sinuata,Walter,Species,ACCEPTED_SPECIES,RESOLVED,0,1,,175179,,,0,Quercus sinuata,DBH_BREAST_HEIGHT,N,5.0,1,1,0,0,,D08B_V01_FROZEN,ACCEPTED_SPECIES,RESOLVED
6918,Rhamnus cathartica,Rhamnus cathartica,,NOT_AVAILABLE_IN_FROZEN_FIA_INPUT,2523018,Rhamnus cathartica,L.,Accepted,Species,2523018,Rhamnus cathartica,L.,Accepted,Species,2523018,Rhamnus cathartica,L.,Accepted,Species,2523018,Rhamnus cathartica,L.,Species,ACCEPTED_SPECIES,RESOLVED,0,1,,2523018,,,0,Rhamnus cathartica,DBH_BREAST_HEIGHT,N,5.0,1,1,0,0,,D08B_V01_FROZEN,ACCEPTED_SPECIES,RESOLVED
6955,Salix fragilis,Salix fragilis,UNKNOWN FOR FIA CODE 6955,AUTHOR_NOT_PROVIDED_OR_UNKNOWN,,,,,,,,,,,,,,,,,,,,UNRESOLVED,UNKNOWN_MAINLINE_AUTHORIZED,0,0,FIA code 6955 remains UNKNOWN; no forced Salix mapping is permitted.,,,,0,,DBH_BREAST_HEIGHT,N,5.0,1,1,0,1,UNKNOWN,Q1_D08B_TAXONOMY_CORRECTION_MAINLINE_DECISION_v01_20260902.md,UNRESOLVED,UNRESOLVED
7151,Ficus carica,Ficus carica,,NOT_AVAILABLE_IN_FROZEN_FIA_INPUT,2809827,Ficus carica,L.,Accepted,Species,2809827,Ficus carica,L.,Accepted,Species,2809827,Ficus carica,L.,Accepted,Species,2809827,Ficus carica,L.,Species,ACCEPTED_SPECIES,RESOLVED,0,1,,2809827,,,0,Ficus carica,DBH_BREAST_HEIGHT,N,5.0,1,1,0,0,,D08B_V01_FROZEN,ACCEPTED_SPECIES,RESOLVED
7181,Firmiana simplex,Firmiana simplex,,NOT_AVAILABLE_IN_FROZEN_FIA_INPUT,2813006,Firmiana simplex,(L.) W.Wight,Accepted,Species,2813006,Firmiana simplex,(L.) W.Wight,Accepted,Species,2813006,Firmiana simplex,(L.) W.Wight,Accepted,Species,2813006,Firmiana simplex,(L.) W.Wight,Species,ACCEPTED_SPECIES,RESOLVED,0,1,,2813006,,,0,Firmiana simplex,DBH_BREAST_HEIGHT,N,5.0,1,1,0,0,,D08B_V01_FROZEN,ACCEPTED_SPECIES,RESOLVED
7328,Halesia tetraptera,Halesia tetraptera,,NOT_AVAILABLE_IN_FROZEN_FIA_INPUT,2838129,Halesia tetraptera,L.,Synonym,Species,2838104,Halesia carolina,L.,Accepted,Species,2838104,Halesia carolina,L.,Accepted,Species,2838104,Halesia carolina,L.,Species,SYNONYM_TO_ACCEPTED_SPECIES,RESOLVED,0,1,,2838104,,,0,Halesia carolina,DBH_BREAST_HEIGHT,N,5.0,1,1,0,0,,D08B_V01_FROZEN,SYNONYM_TO_ACCEPTED_SPECIES,RESOLVED
7454,Ilex aquifolium,Ilex aquifolium,,NOT_AVAILABLE_IN_FROZEN_FIA_INPUT,2860379,Ilex aquifolium,L.,Accepted,Species,2860379,Ilex aquifolium,L.,Accepted,Species,2860379,Ilex aquifolium,L.,Accepted,Species,2860379,Ilex aquifolium,L.,Species,ACCEPTED_SPECIES,RESOLVED,0,1,,2860379,,,0,Ilex aquifolium,DBH_BREAST_HEIGHT,N,5.0,1,1,0,0,,D08B_V01_FROZEN,ACCEPTED_SPECIES,RESOLVED
7455,Ilex cassine,Ilex cassine,,NOT_AVAILABLE_IN_FROZEN_FIA_INPUT,2860502,Ilex cassine,L.,Accepted,Species,2860502,Ilex cassine,L.,Accepted,Species,2860502,Ilex cassine,L.,Accepted,Species,2860502,Ilex cassine,L.,Species,ACCEPTED_SPECIES,RESOLVED,0,1,,2860502,,,0,Ilex cassine,DBH_BREAST_HEIGHT,N,5.0,1,1,0,0,,D08B_V01_FROZEN,ACCEPTED_SPECIES,RESOLVED
7469,Ilex vomitoria,Ilex vomitoria,,NOT_AVAILABLE_IN_FROZEN_FIA_INPUT,2861645,Ilex vomitoria,Aiton,Accepted,Species,2861645,Ilex vomitoria,Aiton,Accepted,Species,2861645,Ilex vomitoria,Aiton,Accepted,Species,2861645,Ilex vomitoria,Aiton,Species,ACCEPTED_SPECIES,RESOLVED,0,1,,2861645,,,0,Ilex vomitoria,DBH_BREAST_HEIGHT,N,5.0,1,1,0,0,,D08B_V01_FROZEN,ACCEPTED_SPECIES,RESOLVED
7565,Leucaena leucocephala,Leucaena leucocephala,,NOT_AVAILABLE_IN_FROZEN_FIA_INPUT,2346347,Leucaena leucocephala,(Lam.) de Wit,Accepted,Species,2346347,Leucaena leucocephala,(Lam.) de Wit,Accepted,Species,2346347,Leucaena leucocephala,(Lam.) de Wit,Accepted,Species,2346347,Leucaena leucocephala,(Lam.) de Wit,Species,ACCEPTED_SPECIES,RESOLVED,0,1,,2346347,,,0,Leucaena leucocephala,DBH_BREAST_HEIGHT,N,5.0,1,1,0,0,,D08B_V01_FROZEN,ACCEPTED_SPECIES,RESOLVED
7577,Ligustrum japonicum,Ligustrum japonicum,,NOT_AVAILABLE_IN_FROZEN_FIA_INPUT,354176,Ligustrum japonicum,Thunb.,Accepted,Species,354176,Ligustrum japonicum,Thunb.,Accepted,Species,354176,Ligustrum japonicum,Thunb.,Accepted,Species,354176,Ligustrum japonicum,Thunb.,Species,ACCEPTED_SPECIES,RESOLVED,0,1,,354176,,,0,Ligustrum japonicum,DRC_ROOT_COLLAR,Y,5.0,1,0,0,0,,D08B_V01_FROZEN,ACCEPTED_SPECIES,RESOLVED
7578,Ligustrum lucidum,Ligustrum lucidum,,NOT_AVAILABLE_IN_FROZEN_FIA_INPUT,354188,Ligustrum lucidum,W.T.Aiton,Accepted,Species,354188,Ligustrum lucidum,W.T.Aiton,Accepted,Species,354188,Ligustrum lucidum,W.T.Aiton,Accepted,Species,354188,Ligustrum lucidum,W.T.Aiton,Species,ACCEPTED_SPECIES,RESOLVED,0,1,,354188,,,0,Ligustrum lucidum,DRC_ROOT_COLLAR,Y,5.0,1,0,0,0,,D08B_V01_FROZEN,ACCEPTED_SPECIES,RESOLVED
7651,Malus pumila,Malus pumila,,NOT_AVAILABLE_IN_FROZEN_FIA_INPUT,2950864,Malus pumila,Mill.,Synonym,Species,2950597,Malus domestica,(Suckow) Borkh.,Accepted,Species,2950597,Malus domestica,(Suckow) Borkh.,Accepted,Species,2950597,Malus domestica,(Suckow) Borkh.,Species,SYNONYM_TO_ACCEPTED_SPECIES,RESOLVED,0,1,,2950597,,,0,Malus domestica,DBH_BREAST_HEIGHT,N,5.0,1,1,0,0,,D08B_V01_FROZEN,SYNONYM_TO_ACCEPTED_SPECIES,RESOLVED
7845,Morella cerifera,Morella cerifera,,NOT_AVAILABLE_IN_FROZEN_FIA_INPUT,2501792,Morella cerifera,(L.) Small,Synonym,Species,2500717,Myrica cerifera,L.,Accepted,Species,2500717,Myrica cerifera,L.,Accepted,Species,2500717,Myrica cerifera,L.,Species,SYNONYM_TO_ACCEPTED_SPECIES,RESOLVED,0,1,,2500717,,,0,Myrica cerifera,DBH_BREAST_HEIGHT,N,5.0,1,1,0,0,,D08B_V01_FROZEN,SYNONYM_TO_ACCEPTED_SPECIES,RESOLVED
8313,Populus x canadensis,Populus x canadensis,,NOT_AVAILABLE_IN_FROZEN_FIA_INPUT,,,,,,,,,,,,,,,,,,,,HYBRID_OR_NOTHOTAXON,CLASSIFIED_HYBRID,1,0,Hybrid marker or WCVP artificial-hybrid evidence; no ordinary accepted-species assignment.,,,,0,,DBH_BREAST_HEIGHT,N,5.0,1,1,0,0,,D08B_V01_FROZEN,HYBRID_OR_NOTHOTAXON,CLASSIFIED_HYBRID
8345,Prunus caroliniana,Prunus caroliniana,,NOT_AVAILABLE_IN_FROZEN_FIA_INPUT,2959079,Prunus caroliniana,(Mill.) Aiton,Accepted,Species,2959079,Prunus caroliniana,(Mill.) Aiton,Accepted,Species,2959079,Prunus caroliniana,(Mill.) Aiton,Accepted,Species,2959079,Prunus caroliniana,(Mill.) Aiton,Species,ACCEPTED_SPECIES,RESOLVED,0,1,,2959079,,,0,Prunus caroliniana,DBH_BREAST_HEIGHT,N,5.0,1,1,0,0,,D08B_V01_FROZEN,ACCEPTED_SPECIES,RESOLVED
8355,Psidium cattleianum,Psidium cattleianum,Sabine,AUTHOR_AVAILABLE_IN_ACCEPTED_CORRECTION_EVIDENCE,166659,Psidium cattleyanum,Sabine,Accepted,Species,166659,Psidium cattleyanum,Sabine,Accepted,Species,166659,Psidium cattleyanum,Sabine,Accepted,Species,166659,Psidium cattleyanum,Sabine,Species,AUTHORITATIVE_ORTHOGRAPHIC_TO_ACCEPTED_SPECIES,RESOLVED_MAINLINE_AUTHORIZED,0,1,,166659,,,0,Psidium cattleyanum,DBH_BREAST_HEIGHT,N,5.0,1,1,0,1,ORDINARY_ACCEPTED,Q1_D08B_TAXONOMY_CORRECTION_MAINLINE_DECISION_v01_20260902.md,UNRESOLVED,UNRESOLVED
8420,Pyrus spp.,Pyrus spp.,,NOT_AVAILABLE_IN_FROZEN_FIA_INPUT,,,,,,,,,,,,,,,,,,,,GENUS_OR_NON_SPECIES_AGGREGATE,CLASSIFIED_NON_SPECIES,0,0,FIA name is a genus/non-species aggregate or unknown object; no species assignment permitted.,,,,0,,DBH_BREAST_HEIGHT,N,5.0,1,1,0,0,,D08B_V01_FROZEN,GENUS_OR_NON_SPECIES_AGGREGATE,CLASSIFIED_NON_SPECIES
8421,Pyrus calleryana,Pyrus calleryana,,NOT_AVAILABLE_IN_FROZEN_FIA_INPUT,2963049,Pyrus calleryana,Decne.,Accepted,Species,2963049,Pyrus calleryana,Decne.,Accepted,Species,2963049,Pyrus calleryana,Decne.,Accepted,Species,2963049,Pyrus calleryana,Decne.,Species,ACCEPTED_SPECIES,RESOLVED,0,1,,2963049,,,0,Pyrus calleryana,DBH_BREAST_HEIGHT,N,5.0,1,1,0,0,,D08B_V01_FROZEN,ACCEPTED_SPECIES,RESOLVED
8423,Pyrus communis,Pyrus communis,,NOT_AVAILABLE_IN_FROZEN_FIA_INPUT,2963115,Pyrus communis,L.,Accepted,Species,2963115,Pyrus communis,L.,Accepted,Species,2963115,Pyrus communis,L.,Accepted,Species,2963115,Pyrus communis,L.,Species,ACCEPTED_SPECIES,RESOLVED,0,1,,2963115,,,0,Pyrus communis,DBH_BREAST_HEIGHT,N,5.0,1,1,0,0,,D08B_V01_FROZEN,ACCEPTED_SPECIES,RESOLVED
8427,Quercus acutissima,Quercus acutissima,,NOT_AVAILABLE_IN_FROZEN_FIA_INPUT,171430,Quercus acutissima,Carruth.,Accepted,Species,171430,Quercus acutissima,Carruth.,Accepted,Species,171430,Quercus acutissima,Carruth.,Accepted,Species,171430,Quercus acutissima,Carruth.,Species,ACCEPTED_SPECIES,RESOLVED,0,1,,171430,,,0,Quercus acutissima,DBH_BREAST_HEIGHT,N,5.0,1,1,0,0,,D08B_V01_FROZEN,ACCEPTED_SPECIES,RESOLVED
8441,Quercus geminata,Quercus geminata,,NOT_AVAILABLE_IN_FROZEN_FIA_INPUT,172866,Quercus geminata,Small,Accepted,Species,172866,Quercus geminata,Small,Accepted,Species,172866,Quercus geminata,Small,Accepted,Species,172866,Quercus geminata,Small,Species,ACCEPTED_SPECIES,RESOLVED,0,1,,172866,,,0,Quercus geminata,DBH_BREAST_HEIGHT,N,5.0,1,1,0,0,,D08B_V01_FROZEN,ACCEPTED_SPECIES,RESOLVED
8449,Quercus hemisphaerica,Quercus hemisphaerica,,NOT_AVAILABLE_IN_FROZEN_FIA_INPUT,173053,Quercus hemisphaerica,W.Bartram ex Willd.,Accepted,Species,173053,Quercus hemisphaerica,W.Bartram ex Willd.,Accepted,Species,173053,Quercus hemisphaerica,W.Bartram ex Willd.,Accepted,Species,173053,Quercus hemisphaerica,W.Bartram ex Willd.,Species,ACCEPTED_SPECIES,RESOLVED,0,1,,173053,,,0,Quercus hemisphaerica,DBH_BREAST_HEIGHT,N,5.0,1,1,0,0,,D08B_V01_FROZEN,ACCEPTED_SPECIES,RESOLVED
8487,Quercus sinuata var. breviloba,Quercus sinuata var. breviloba,,NOT_AVAILABLE_IN_FROZEN_FIA_INPUT,175181,Quercus sinuata var. breviloba,(Torr.) C.H.Mull.,Accepted,Variety,175181,Quercus sinuata var. breviloba,(Torr.) C.H.Mull.,Accepted,Variety,175181,Quercus sinuata var. breviloba,(Torr.) C.H.Mull.,Accepted,Variety,175179,Quercus sinuata,Walter,Species,ACCEPTED_INFRASPECIES_TO_PARENT_SPECIES,RESOLVED,0,1,,175179,,,0,Quercus sinuata,DBH_BREAST_HEIGHT,N,5.0,1,1,0,0,,D08B_V01_FROZEN,ACCEPTED_INFRASPECIES_TO_PARENT_SPECIES,RESOLVED
8511,Quercus gravesii,Quercus gravesii,,NOT_AVAILABLE_IN_FROZEN_FIA_INPUT,172990,Quercus gravesii,Sudw.,Accepted,Species,172990,Quercus gravesii,Sudw.,Accepted,Species,172990,Quercus gravesii,Sudw.,Accepted,Species,172990,Quercus gravesii,Sudw.,Species,ACCEPTED_SPECIES,RESOLVED,0,1,,172990,,,0,Quercus gravesii,DBH_BREAST_HEIGHT,N,5.0,1,1,0,0,,D08B_V01_FROZEN,ACCEPTED_SPECIES,RESOLVED
8513,Quercus buckleyi,Quercus buckleyi,,NOT_AVAILABLE_IN_FROZEN_FIA_INPUT,171890,Quercus buckleyi,Nixon & Dorr,Accepted,Species,171890,Quercus buckleyi,Nixon & Dorr,Accepted,Species,171890,Quercus buckleyi,Nixon & Dorr,Accepted,Species,171890,Quercus buckleyi,Nixon & Dorr,Species,ACCEPTED_SPECIES,RESOLVED,0,1,,171890,,,0,Quercus buckleyi,DBH_BREAST_HEIGHT,N,5.0,1,1,0,0,,D08B_V01_FROZEN,ACCEPTED_SPECIES,RESOLVED
8514,Quercus laceyi,Quercus laceyi,,NOT_AVAILABLE_IN_FROZEN_FIA_INPUT,173471,Quercus laceyi,Small,Accepted,Species,173471,Quercus laceyi,Small,Accepted,Species,173471,Quercus laceyi,Small,Accepted,Species,173471,Quercus laceyi,Small,Species,ACCEPTED_SPECIES,RESOLVED,0,1,,173471,,,0,Quercus laceyi,DBH_BREAST_HEIGHT,N,5.0,1,1,0,0,,D08B_V01_FROZEN,ACCEPTED_SPECIES,RESOLVED
8563,Schinus terebinthifolius,Schinus terebinthifolius,Raddi,AUTHOR_AVAILABLE_IN_ACCEPTED_CORRECTION_EVIDENCE,2480191,Schinus terebinthifolia,Raddi,Accepted,Species,2480191,Schinus terebinthifolia,Raddi,Accepted,Species,2480191,Schinus terebinthifolia,Raddi,Accepted,Species,2480191,Schinus terebinthifolia,Raddi,Species,AUTHORITATIVE_ORTHOGRAPHIC_TO_ACCEPTED_SPECIES,RESOLVED_MAINLINE_AUTHORIZED,0,1,,2480191,,,0,Schinus terebinthifolia,DBH_BREAST_HEIGHT,N,5.0,1,1,0,1,ORDINARY_ACCEPTED,Q1_D08B_TAXONOMY_CORRECTION_MAINLINE_DECISION_v01_20260902.md,UNRESOLVED,UNRESOLVED
8612,Sideroxylon celastrinum,Sideroxylon celastrinum,,NOT_AVAILABLE_IN_FROZEN_FIA_INPUT,191834,Sideroxylon celastrinum,(Kunth) T.D.Penn.,Accepted,Species,191834,Sideroxylon celastrinum,(Kunth) T.D.Penn.,Accepted,Species,191834,Sideroxylon celastrinum,(Kunth) T.D.Penn.,Accepted,Species,191834,Sideroxylon celastrinum,(Kunth) T.D.Penn.,Species,ACCEPTED_SPECIES,RESOLVED,0,1,,191834,,,0,Sideroxylon celastrinum,DBH_BREAST_HEIGHT,N,5.0,1,1,0,0,,D08B_V01_FROZEN,ACCEPTED_SPECIES,RESOLVED
8651,Cordia boissieri,Cordia boissieri,,NOT_AVAILABLE_IN_FROZEN_FIA_INPUT,2736585,Cordia boissieri,A.DC.,Accepted,Species,2736585,Cordia boissieri,A.DC.,Accepted,Species,2736585,Cordia boissieri,A.DC.,Accepted,Species,2736585,Cordia boissieri,A.DC.,Species,ACCEPTED_SPECIES,RESOLVED,0,1,,2736585,,,0,Cordia boissieri,DBH_BREAST_HEIGHT,N,5.0,1,1,0,0,,D08B_V01_FROZEN,ACCEPTED_SPECIES,RESOLVED
8813,Tilia cordata,Tilia cordata,,NOT_AVAILABLE_IN_FROZEN_FIA_INPUT,2518181,Tilia cordata,Mill.,Accepted,Species,2518181,Tilia cordata,Mill.,Accepted,Species,2518181,Tilia cordata,Mill.,Accepted,Species,2518181,Tilia cordata,Mill.,Species,ACCEPTED_SPECIES,RESOLVED,0,1,,2518181,,,0,Tilia cordata,DBH_BREAST_HEIGHT,N,5.0,1,1,0,0,,D08B_V01_FROZEN,ACCEPTED_SPECIES,RESOLVED
8851,Ulmus parvifolia,Ulmus parvifolia,,NOT_AVAILABLE_IN_FROZEN_FIA_INPUT,2448661,Ulmus parvifolia,Jacq.,Accepted,Species,2448661,Ulmus parvifolia,Jacq.,Accepted,Species,2448661,Ulmus parvifolia,Jacq.,Accepted,Species,2448661,Ulmus parvifolia,Jacq.,Species,ACCEPTED_SPECIES,RESOLVED,0,1,,2448661,,,0,Ulmus parvifolia,DBH_BREAST_HEIGHT,N,5.0,1,1,0,0,,D08B_V01_FROZEN,ACCEPTED_SPECIES,RESOLVED
8860,Vaccinium arboreum,Vaccinium arboreum,,NOT_AVAILABLE_IN_FROZEN_FIA_INPUT,2458798,Vaccinium arboreum,Marshall,Accepted,Species,2458798,Vaccinium arboreum,Marshall,Accepted,Species,2458798,Vaccinium arboreum,Marshall,Accepted,Species,2458798,Vaccinium arboreum,Marshall,Species,ACCEPTED_SPECIES,RESOLVED,0,1,,2458798,,,0,Vaccinium arboreum,DBH_BREAST_HEIGHT,N,5.0,1,1,0,0,,D08B_V01_FROZEN,ACCEPTED_SPECIES,RESOLVED
8944,Zanthoxylum clava-herculis,Zanthoxylum clava-herculis,,NOT_AVAILABLE_IN_FROZEN_FIA_INPUT,2469375,Zanthoxylum clava-herculis,L.,Accepted,Species,2469375,Zanthoxylum clava-herculis,L.,Accepted,Species,2469375,Zanthoxylum clava-herculis,L.,Accepted,Species,2469375,Zanthoxylum clava-herculis,L.,Species,ACCEPTED_SPECIES,RESOLVED,0,1,,2469375,,,0,Zanthoxylum clava-herculis,DBH_BREAST_HEIGHT,N,5.0,1,1,0,0,,D08B_V01_FROZEN,ACCEPTED_SPECIES,RESOLVED
