fia_species_code,fia_name_raw,fia_scientific_name,fia_input_taxon_rank,normalized_fia_name,wcvp_exact_name_match_count,wcvp_exact_match_ids,wcvp_exact_match_statuses,wcvp_usable_accepted_ids,matched_wcvp_plant_name_id,matched_wcvp_taxon_status,matched_wcvp_taxon_rank,matched_wcvp_taxon_name,accepted_taxon_id,accepted_taxon_name,accepted_taxon_rank,accepted_taxon_status,accepted_parent_species_id,accepted_parent_species_name,analysis_species_id,analysis_species_name,analysis_species_rank,mapping_class,taxonomy_resolution_status,ambiguity_alternatives,mapping_reason,distribution_query_plant_name_id,distribution_query_taxon_name,range_query_rule,wcvp_source_version,wcvp_source_sha256,wcvp_distribution_record_count,confirmed_current_native_record_count,confirmed_native_outside_USA_Canada,confirmed_native_outside_North_America,usgs_mapping_class,usgs_atlas_row_count,usgs_review_required_flag,usgs_canonical_layer_key,diameter_measurement_basis,woodland_indicator,dia_threshold_inches,large_tree_subplot_ge5_flag,main_analysis_candidate_retained_flag,dbh_only_sensitivity_component_flag,eligibility_usgs_mapping_type_audit_only,eligibility_global_queue_status_audit_only,fia_concept_author,fia_author_evidence_status,matched_wcvp_taxon_authors,accepted_taxon_authors,terminal_target_taxon_id,terminal_target_taxon_name,terminal_target_taxon_authors,terminal_target_taxon_rank,terminal_target_taxon_status,analysis_species_authors,taxonomic_status,hybrid_or_nothotaxon_flag,terminal_target_hybrid_formula,analysis_species_hybrid_formula,wcvp_hybrid_formula_present_flag,ordinary_analysis_species_flag,no_analysis_species_reason,supplementary_sensitivity_candidate_flag,d08b1_correction_applied_flag,d08b1_correction_case_class,d08b1_authority_source,v01_mapping_class,v01_taxonomy_resolution_status,v01_ambiguity_alternatives
11,Abies amabilis,Abies amabilis,species,Abies amabilis,1,381632,Accepted,381632,381632,Accepted,Species,Abies amabilis,381632,Abies amabilis,Species,Accepted,,,381632,Abies amabilis,Species,ACCEPTED_SPECIES,RESOLVED,,Direct WCVP Accepted species.,381632,Abies amabilis,ACCEPTED_ANALYSIS_SPECIES_ID_ONLY,16,d32ea2b3a85e489b14e83bcc9eae7274532e1d113753f7be290d4b2dfde573fa,6,5,FALSE,FALSE,SINGLE_SPECIES_LAYER,1,0,Abies_amabilis,DBH_BREAST_HEIGHT,N,5.0,1,1,1,exact,NOT_ASSESSED,,NOT_AVAILABLE_IN_FROZEN_FIA_INPUT,Douglas ex J.Forbes,Douglas ex J.Forbes,381632,Abies amabilis,Douglas ex J.Forbes,Species,Accepted,Douglas ex J.Forbes,Accepted,0,,,0,1,,0,0,,D08B_V01_FROZEN,ACCEPTED_SPECIES,RESOLVED,
12,Abies balsamea,Abies balsamea,species,Abies balsamea,1,381647,Accepted,381647,381647,Accepted,Species,Abies balsamea,381647,Abies balsamea,Species,Accepted,,,381647,Abies balsamea,Species,ACCEPTED_SPECIES,RESOLVED,,Direct WCVP Accepted species.,381647,Abies balsamea,ACCEPTED_ANALYSIS_SPECIES_ID_ONLY,16,d32ea2b3a85e489b14e83bcc9eae7274532e1d113753f7be290d4b2dfde573fa,29,25,FALSE,FALSE,SINGLE_SPECIES_LAYER,1,0,Abies_balsamea,DBH_BREAST_HEIGHT,N,5.0,1,1,1,exact,NOT_ASSESSED,,NOT_AVAILABLE_IN_FROZEN_FIA_INPUT,(L.) Mill.,(L.) Mill.,381647,Abies balsamea,(L.) Mill.,Species,Accepted,(L.) Mill.,Accepted,0,,,0,1,,0,0,,D08B_V01_FROZEN,ACCEPTED_SPECIES,RESOLVED,
15,Abies concolor,Abies concolor,species,Abies concolor,1,381713,Accepted,381713,381713,Accepted,Species,Abies concolor,381713,Abies concolor,Species,Accepted,,,381713,Abies concolor,Species,ACCEPTED_SPECIES,RESOLVED,,Direct WCVP Accepted species.,381713,Abies concolor,ACCEPTED_ANALYSIS_SPECIES_ID_ONLY,16,d32ea2b3a85e489b14e83bcc9eae7274532e1d113753f7be290d4b2dfde573fa,19,11,TRUE,FALSE,SINGLE_SPECIES_LAYER,1,0,Abies_concolor,DBH_BREAST_HEIGHT,N,5.0,1,1,1,exact,NOT_ASSESSED,,NOT_AVAILABLE_IN_FROZEN_FIA_INPUT,(Gordon & Glend.) Lindl. ex Hildebr.,(Gordon & Glend.) Lindl. ex Hildebr.,381713,Abies concolor,(Gordon & Glend.) Lindl. ex Hildebr.,Species,Accepted,(Gordon & Glend.) Lindl. ex Hildebr.,Accepted,0,,,0,1,,0,0,,D08B_V01_FROZEN,ACCEPTED_SPECIES,RESOLVED,
16,Abies fraseri,Abies fraseri,species,Abies fraseri,1,381792,Accepted,381792,381792,Accepted,Species,Abies fraseri,381792,Abies fraseri,Species,Accepted,,,381792,Abies fraseri,Species,ACCEPTED_SPECIES,RESOLVED,,Direct WCVP Accepted species.,381792,Abies fraseri,ACCEPTED_ANALYSIS_SPECIES_ID_ONLY,16,d32ea2b3a85e489b14e83bcc9eae7274532e1d113753f7be290d4b2dfde573fa,4,3,FALSE,FALSE,SINGLE_SPECIES_LAYER,1,0,Abies_fraseri,DBH_BREAST_HEIGHT,N,5.0,1,1,1,exact,NOT_ASSESSED,,NOT_AVAILABLE_IN_FROZEN_FIA_INPUT,(Pursh) Poir.,(Pursh) Poir.,381792,Abies fraseri,(Pursh) Poir.,Species,Accepted,(Pursh) Poir.,Accepted,0,,,0,1,,0,0,,D08B_V01_FROZEN,ACCEPTED_SPECIES,RESOLVED,
17,Abies grandis,Abies grandis,species,Abies grandis,2,381804;385867,Accepted;Illegitimate,381804,381804,Accepted,Species,Abies grandis,381804,Abies grandis,Species,Accepted,,,381804,Abies grandis,Species,ACCEPTED_SPECIES,RESOLVED,,Direct WCVP Accepted species.,381804,Abies grandis,ACCEPTED_ANALYSIS_SPECIES_ID_ONLY,16,d32ea2b3a85e489b14e83bcc9eae7274532e1d113753f7be290d4b2dfde573fa,16,6,FALSE,FALSE,SINGLE_SPECIES_LAYER,1,0,Abies_grandis,DBH_BREAST_HEIGHT,N,5.0,1,1,1,exact,NOT_ASSESSED,,NOT_AVAILABLE_IN_FROZEN_FIA_INPUT,(Douglas ex D.Don) Lindl.,(Douglas ex D.Don) Lindl.,381804,Abies grandis,(Douglas ex D.Don) Lindl.,Species,Accepted,(Douglas ex D.Don) Lindl.,Accepted,0,,,0,1,,0,0,,D08B_V01_FROZEN,ACCEPTED_SPECIES,RESOLVED,
18,Abies lasiocarpa var. arizonica,Abies lasiocarpa var. arizonica,infraspecies,Abies lasiocarpa var. arizonica,1,381854,Accepted,381854,381854,Accepted,Variety,Abies lasiocarpa var. arizonica,381854,Abies lasiocarpa var. arizonica,Variety,Accepted,381853,Abies lasiocarpa,381853,Abies lasiocarpa,Species,ACCEPTED_INFRASPECIES_TO_PARENT_SPECIES,RESOLVED,,Accepted infraspecific taxon mapped by parent_plant_name_id to its Accepted parent species.,381853,Abies lasiocarpa,ACCEPTED_ANALYSIS_SPECIES_ID_ONLY,16,d32ea2b3a85e489b14e83bcc9eae7274532e1d113753f7be290d4b2dfde573fa,19,15,FALSE,FALSE,SINGLE_SPECIES_LAYER,1,0,Abies_lasiocarpa,DBH_BREAST_HEIGHT,N,5.0,1,1,1,unresolved,NOT_ASSESSED,,NOT_AVAILABLE_IN_FROZEN_FIA_INPUT,(Merriam) Lemmon,(Merriam) Lemmon,381854,Abies lasiocarpa var. arizonica,(Merriam) Lemmon,Variety,Accepted,(Hook.) Nutt.,Accepted,0,,,0,1,,0,0,,D08B_V01_FROZEN,ACCEPTED_INFRASPECIES_TO_PARENT_SPECIES,RESOLVED,
19,Abies lasiocarpa,Abies lasiocarpa,species,Abies lasiocarpa,2,381852;381853,Accepted;Illegitimate,381853,381853,Accepted,Species,Abies lasiocarpa,381853,Abies lasiocarpa,Species,Accepted,,,381853,Abies lasiocarpa,Species,ACCEPTED_SPECIES,RESOLVED,,Direct WCVP Accepted species.,381853,Abies lasiocarpa,ACCEPTED_ANALYSIS_SPECIES_ID_ONLY,16,d32ea2b3a85e489b14e83bcc9eae7274532e1d113753f7be290d4b2dfde573fa,19,15,FALSE,FALSE,SINGLE_SPECIES_LAYER,1,0,Abies_lasiocarpa,DBH_BREAST_HEIGHT,N,5.0,1,1,1,exact,NOT_ASSESSED,,NOT_AVAILABLE_IN_FROZEN_FIA_INPUT,(Hook.) Nutt.,(Hook.) Nutt.,381853,Abies lasiocarpa,(Hook.) Nutt.,Species,Accepted,(Hook.) Nutt.,Accepted,0,,,0,1,,0,0,,D08B_V01_FROZEN,ACCEPTED_SPECIES,RESOLVED,
20,Abies magnifica,Abies magnifica,species,Abies magnifica,1,381868,Accepted,381868,381868,Accepted,Species,Abies magnifica,381868,Abies magnifica,Species,Accepted,,,381868,Abies magnifica,Species,ACCEPTED_SPECIES,RESOLVED,,Direct WCVP Accepted species.,381868,Abies magnifica,ACCEPTED_ANALYSIS_SPECIES_ID_ONLY,16,d32ea2b3a85e489b14e83bcc9eae7274532e1d113753f7be290d4b2dfde573fa,3,3,FALSE,FALSE,SINGLE_SPECIES_LAYER,1,0,Abies_magnifica,DBH_BREAST_HEIGHT,N,5.0,1,1,1,exact,NOT_ASSESSED,,NOT_AVAILABLE_IN_FROZEN_FIA_INPUT,A.Murray bis,A.Murray bis,381868,Abies magnifica,A.Murray bis,Species,Accepted,A.Murray bis,Accepted,0,,,0,1,,0,0,,D08B_V01_FROZEN,ACCEPTED_SPECIES,RESOLVED,
21,Abies shastensis,Abies shastensis,species,Abies shastensis,1,381999,Synonym,381872,381999,Synonym,Species,Abies shastensis,381872,Abies magnifica var. shastensis,Variety,Accepted,381868,Abies magnifica,381868,Abies magnifica,Species,SYNONYM_TO_ACCEPTED_INFRASPECIES_TO_PARENT_SPECIES,RESOLVED,,"WCVP Synonym resolved to an Accepted infraspecific taxon, then by parent_plant_name_id to its Accepted parent species.",381868,Abies magnifica,ACCEPTED_ANALYSIS_SPECIES_ID_ONLY,16,d32ea2b3a85e489b14e83bcc9eae7274532e1d113753f7be290d4b2dfde573fa,3,3,FALSE,FALSE,SINGLE_SPECIES_LAYER,1,0,Abies_magnifica,DBH_BREAST_HEIGHT,N,5.0,1,1,1,unresolved,NOT_ASSESSED,,NOT_AVAILABLE_IN_FROZEN_FIA_INPUT,(Lemmon) Lemmon,Lemmon,381872,Abies magnifica var. shastensis,Lemmon,Variety,Accepted,A.Murray bis,Accepted,0,,,0,1,,0,0,,D08B_V01_FROZEN,SYNONYM_TO_ACCEPTED_INFRASPECIES_TO_PARENT_SPECIES,RESOLVED,
22,Abies procera,Abies procera,species,Abies procera,1,381974,Accepted,381974,381974,Accepted,Species,Abies procera,381974,Abies procera,Species,Accepted,,,381974,Abies procera,Species,ACCEPTED_SPECIES,RESOLVED,,Direct WCVP Accepted species.,381974,Abies procera,ACCEPTED_ANALYSIS_SPECIES_ID_ONLY,16,d32ea2b3a85e489b14e83bcc9eae7274532e1d113753f7be290d4b2dfde573fa,10,3,FALSE,FALSE,SINGLE_SPECIES_LAYER,1,0,Abies_procera,DBH_BREAST_HEIGHT,N,5.0,1,1,1,exact,NOT_ASSESSED,,NOT_AVAILABLE_IN_FROZEN_FIA_INPUT,Rehder,Rehder,381974,Abies procera,Rehder,Species,Accepted,Rehder,Accepted,0,,,0,1,,0,0,,D08B_V01_FROZEN,ACCEPTED_SPECIES,RESOLVED,
41,Chamaecyparis lawsoniana,Chamaecyparis lawsoniana,species,Chamaecyparis lawsoniana,1,382830,Accepted,382830,382830,Accepted,Species,Chamaecyparis lawsoniana,382830,Chamaecyparis lawsoniana,Species,Accepted,,,382830,Chamaecyparis lawsoniana,Species,ACCEPTED_SPECIES,RESOLVED,,Direct WCVP Accepted species.,382830,Chamaecyparis lawsoniana,ACCEPTED_ANALYSIS_SPECIES_ID_ONLY,16,d32ea2b3a85e489b14e83bcc9eae7274532e1d113753f7be290d4b2dfde573fa,20,2,FALSE,FALSE,UNRESOLVED,0,1,,DBH_BREAST_HEIGHT,N,5.0,1,1,1,exact,NOT_ASSESSED,,NOT_AVAILABLE_IN_FROZEN_FIA_INPUT,(A.Murray bis) Oerst.,(A.Murray bis) Oerst.,382830,Chamaecyparis lawsoniana,(A.Murray bis) Oerst.,Species,Accepted,(A.Murray bis) Oerst.,Accepted,0,,,0,1,,0,0,,D08B_V01_FROZEN,ACCEPTED_SPECIES,RESOLVED,
42,Chamaecyparis nootkatensis,Chamaecyparis nootkatensis,species,Chamaecyparis nootkatensis,1,382839,Synonym,456789,382839,Synonym,Species,Chamaecyparis nootkatensis,456789,Callitropsis nootkatensis,Species,Accepted,,,456789,Callitropsis nootkatensis,Species,SYNONYM_TO_ACCEPTED_SPECIES,RESOLVED,,Exact WCVP Synonym resolved by accepted_plant_name_id to an Accepted species.,456789,Callitropsis nootkatensis,ACCEPTED_ANALYSIS_SPECIES_ID_ONLY,16,d32ea2b3a85e489b14e83bcc9eae7274532e1d113753f7be290d4b2dfde573fa,9,5,FALSE,FALSE,UNRESOLVED,0,1,,DBH_BREAST_HEIGHT,N,5.0,1,1,1,exact,NOT_ASSESSED,,NOT_AVAILABLE_IN_FROZEN_FIA_INPUT,(D.Don) Spach,(D.Don) Oerst.,456789,Callitropsis nootkatensis,(D.Don) Oerst.,Species,Accepted,(D.Don) Oerst.,Accepted,0,,,0,1,,0,0,,D08B_V01_FROZEN,SYNONYM_TO_ACCEPTED_SPECIES,RESOLVED,
43,Chamaecyparis thyoides,Chamaecyparis thyoides,species,Chamaecyparis thyoides,1,382860,Accepted,382860,382860,Accepted,Species,Chamaecyparis thyoides,382860,Chamaecyparis thyoides,Species,Accepted,,,382860,Chamaecyparis thyoides,Species,ACCEPTED_SPECIES,RESOLVED,,Direct WCVP Accepted species.,382860,Chamaecyparis thyoides,ACCEPTED_ANALYSIS_SPECIES_ID_ONLY,16,d32ea2b3a85e489b14e83bcc9eae7274532e1d113753f7be290d4b2dfde573fa,17,16,FALSE,FALSE,UNRESOLVED,0,1,,DBH_BREAST_HEIGHT,N,5.0,1,1,1,exact,NOT_ASSESSED,,NOT_AVAILABLE_IN_FROZEN_FIA_INPUT,(L.) Oerst.,(L.) Oerst.,382860,Chamaecyparis thyoides,(L.) Oerst.,Species,Accepted,(L.) Oerst.,Accepted,0,,,0,1,,0,0,,D08B_V01_FROZEN,ACCEPTED_SPECIES,RESOLVED,
51,Cupressus arizonica,Cupressus arizonica,species,Cupressus arizonica,1,383039,Synonym,457902,383039,Synonym,Species,Cupressus arizonica,457902,Hesperocyparis arizonica,Species,Accepted,,,457902,Hesperocyparis arizonica,Species,SYNONYM_TO_ACCEPTED_SPECIES,RESOLVED,,Exact WCVP Synonym resolved by accepted_plant_name_id to an Accepted species.,457902,Hesperocyparis arizonica,ACCEPTED_ANALYSIS_SPECIES_ID_ONLY,16,d32ea2b3a85e489b14e83bcc9eae7274532e1d113753f7be290d4b2dfde573fa,12,5,TRUE,FALSE,AMBIGUOUS,1,1,,DBH_BREAST_HEIGHT,N,5.0,1,1,1,exact,NOT_ASSESSED,,NOT_AVAILABLE_IN_FROZEN_FIA_INPUT,Greene,(Greene) Bartel,457902,Hesperocyparis arizonica,(Greene) Bartel,Species,Accepted,(Greene) Bartel,Accepted,0,,,0,1,,0,0,,D08B_V01_FROZEN,SYNONYM_TO_ACCEPTED_SPECIES,RESOLVED,
52,Cupressus bakeri,Cupressus bakeri,species,Cupressus bakeri,1,383062,Synonym,457903,383062,Synonym,Species,Cupressus bakeri,457903,Hesperocyparis bakeri,Species,Accepted,,,457903,Hesperocyparis bakeri,Species,SYNONYM_TO_ACCEPTED_SPECIES,RESOLVED,,Exact WCVP Synonym resolved by accepted_plant_name_id to an Accepted species.,457903,Hesperocyparis bakeri,ACCEPTED_ANALYSIS_SPECIES_ID_ONLY,16,d32ea2b3a85e489b14e83bcc9eae7274532e1d113753f7be290d4b2dfde573fa,2,2,FALSE,FALSE,UNRESOLVED,0,1,,DBH_BREAST_HEIGHT,N,5.0,1,1,1,unresolved,NOT_ASSESSED,,NOT_AVAILABLE_IN_FROZEN_FIA_INPUT,Jeps.,(Jeps.) Bartel,457903,Hesperocyparis bakeri,(Jeps.) Bartel,Species,Accepted,(Jeps.) Bartel,Accepted,0,,,0,1,,0,0,,D08B_V01_FROZEN,SYNONYM_TO_ACCEPTED_SPECIES,RESOLVED,
54,Cupressus macrocarpa,Cupressus macrocarpa,species,Cupressus macrocarpa,1,383187,Synonym,457913,383187,Synonym,Species,Cupressus macrocarpa,457913,Hesperocyparis macrocarpa,Species,Accepted,,,457913,Hesperocyparis macrocarpa,Species,SYNONYM_TO_ACCEPTED_SPECIES,RESOLVED,,Exact WCVP Synonym resolved by accepted_plant_name_id to an Accepted species.,457913,Hesperocyparis macrocarpa,ACCEPTED_ANALYSIS_SPECIES_ID_ONLY,16,d32ea2b3a85e489b14e83bcc9eae7274532e1d113753f7be290d4b2dfde573fa,20,1,FALSE,FALSE,UNRESOLVED,0,1,,DBH_BREAST_HEIGHT,N,5.0,1,1,1,unresolved,NOT_ASSESSED,,NOT_AVAILABLE_IN_FROZEN_FIA_INPUT,Hartw.,(Hartw.) Bartel,457913,Hesperocyparis macrocarpa,(Hartw.) Bartel,Species,Accepted,(Hartw.) Bartel,Accepted,0,,,0,1,,0,0,,D08B_V01_FROZEN,SYNONYM_TO_ACCEPTED_SPECIES,RESOLVED,
55,Cupressus sargentii,Cupressus sargentii,species,Cupressus sargentii,1,383229,Synonym,457918,383229,Synonym,Species,Cupressus sargentii,457918,Hesperocyparis sargentii,Species,Accepted,,,457918,Hesperocyparis sargentii,Species,SYNONYM_TO_ACCEPTED_SPECIES,RESOLVED,,Exact WCVP Synonym resolved by accepted_plant_name_id to an Accepted species.,457918,Hesperocyparis sargentii,ACCEPTED_ANALYSIS_SPECIES_ID_ONLY,16,d32ea2b3a85e489b14e83bcc9eae7274532e1d113753f7be290d4b2dfde573fa,1,1,FALSE,FALSE,SINGLE_OFFICIAL_ALIAS_LAYER,1,0,Cupressus_sargentii,DBH_BREAST_HEIGHT,N,5.0,1,1,1,exact,NOT_ASSESSED,,NOT_AVAILABLE_IN_FROZEN_FIA_INPUT,Jeps.,(Jeps.) Bartel,457918,Hesperocyparis sargentii,(Jeps.) Bartel,Species,Accepted,(Jeps.) Bartel,Accepted,0,,,0,1,,0,0,,D08B_V01_FROZEN,SYNONYM_TO_ACCEPTED_SPECIES,RESOLVED,
58,Juniperus pinchotii,Juniperus pinchotii,species,Juniperus pinchotii,1,377678,Accepted,377678,377678,Accepted,Species,Juniperus pinchotii,377678,Juniperus pinchotii,Species,Accepted,,,377678,Juniperus pinchotii,Species,ACCEPTED_SPECIES,RESOLVED,,Direct WCVP Accepted species.,377678,Juniperus pinchotii,ACCEPTED_ANALYSIS_SPECIES_ID_ONLY,16,d32ea2b3a85e489b14e83bcc9eae7274532e1d113753f7be290d4b2dfde573fa,6,6,TRUE,FALSE,SINGLE_SPECIES_LAYER,1,0,Juniperus_pinchotii,DRC_ROOT_COLLAR,Y,5.0,1,1,0,exact,NOT_ASSESSED,,NOT_AVAILABLE_IN_FROZEN_FIA_INPUT,Sudw.,Sudw.,377678,Juniperus pinchotii,Sudw.,Species,Accepted,Sudw.,Accepted,0,,,0,1,,0,0,,D08B_V01_FROZEN,ACCEPTED_SPECIES,RESOLVED,
59,Juniperus coahuilensis,Juniperus coahuilensis,species,Juniperus coahuilensis,1,377511,Accepted,377511,377511,Accepted,Species,Juniperus coahuilensis,377511,Juniperus coahuilensis,Species,Accepted,,,377511,Juniperus coahuilensis,Species,ACCEPTED_SPECIES,RESOLVED,,Direct WCVP Accepted species.,377511,Juniperus coahuilensis,ACCEPTED_ANALYSIS_SPECIES_ID_ONLY,16,d32ea2b3a85e489b14e83bcc9eae7274532e1d113753f7be290d4b2dfde573fa,3,3,TRUE,FALSE,SINGLE_OFFICIAL_ALIAS_LAYER,1,0,Juniperus_erythrocarpa,DRC_ROOT_COLLAR,Y,5.0,1,1,0,unresolved,NOT_ASSESSED,,NOT_AVAILABLE_IN_FROZEN_FIA_INPUT,(Martínez) Gaussen ex R.P.Adams,(Martínez) Gaussen ex R.P.Adams,377511,Juniperus coahuilensis,(Martínez) Gaussen ex R.P.Adams,Species,Accepted,(Martínez) Gaussen ex R.P.Adams,Accepted,0,,,0,1,,0,0,,D08B_V01_FROZEN,ACCEPTED_SPECIES,RESOLVED,
60,Juniperus flaccida,Juniperus flaccida,species,Juniperus flaccida,1,377397,Accepted,377397,377397,Accepted,Species,Juniperus flaccida,377397,Juniperus flaccida,Species,Accepted,,,377397,Juniperus flaccida,Species,ACCEPTED_SPECIES,RESOLVED,,Direct WCVP Accepted species.,377397,Juniperus flaccida,ACCEPTED_ANALYSIS_SPECIES_ID_ONLY,16,d32ea2b3a85e489b14e83bcc9eae7274532e1d113753f7be290d4b2dfde573fa,6,6,TRUE,FALSE,UNRESOLVED,0,1,,DRC_ROOT_COLLAR,Y,5.0,1,1,0,unresolved,NOT_ASSESSED,,NOT_AVAILABLE_IN_FROZEN_FIA_INPUT,Schltdl.,Schltdl.,377397,Juniperus flaccida,Schltdl.,Species,Accepted,Schltdl.,Accepted,0,,,0,1,,0,0,,D08B_V01_FROZEN,ACCEPTED_SPECIES,RESOLVED,
61,Juniperus ashei,Juniperus ashei,species,Juniperus ashei,1,377454,Accepted,377454,377454,Accepted,Species,Juniperus ashei,377454,Juniperus ashei,Species,Accepted,,,377454,Juniperus ashei,Species,ACCEPTED_SPECIES,RESOLVED,,Direct WCVP Accepted species.,377454,Juniperus ashei,ACCEPTED_ANALYSIS_SPECIES_ID_ONLY,16,d32ea2b3a85e489b14e83bcc9eae7274532e1d113753f7be290d4b2dfde573fa,5,5,TRUE,FALSE,SINGLE_SPECIES_LAYER,1,0,Juniperus_ashei,DRC_ROOT_COLLAR,Y,5.0,1,1,0,exact,NOT_ASSESSED,,NOT_AVAILABLE_IN_FROZEN_FIA_INPUT,J.Buchholz,J.Buchholz,377454,Juniperus ashei,J.Buchholz,Species,Accepted,J.Buchholz,Accepted,0,,,0,1,,0,0,,D08B_V01_FROZEN,ACCEPTED_SPECIES,RESOLVED,
62,Juniperus californica,Juniperus californica,species,Juniperus californica,1,377520,Accepted,377520,377520,Accepted,Species,Juniperus californica,377520,Juniperus californica,Species,Accepted,,,377520,Juniperus californica,Species,ACCEPTED_SPECIES,RESOLVED,,Direct WCVP Accepted species.,377520,Juniperus californica,ACCEPTED_ANALYSIS_SPECIES_ID_ONLY,16,d32ea2b3a85e489b14e83bcc9eae7274532e1d113753f7be290d4b2dfde573fa,5,4,TRUE,FALSE,SINGLE_SPECIES_LAYER,1,0,Juniperus_californica,DRC_ROOT_COLLAR,Y,5.0,1,1,0,exact,NOT_ASSESSED,,NOT_AVAILABLE_IN_FROZEN_FIA_INPUT,Carrière,Carrière,377520,Juniperus californica,Carrière,Species,Accepted,Carrière,Accepted,0,,,0,1,,0,0,,D08B_V01_FROZEN,ACCEPTED_SPECIES,RESOLVED,
63,Juniperus deppeana,Juniperus deppeana,species,Juniperus deppeana,1,377371,Accepted,377371,377371,Accepted,Species,Juniperus deppeana,377371,Juniperus deppeana,Species,Accepted,,,377371,Juniperus deppeana,Species,ACCEPTED_SPECIES,RESOLVED,,Direct WCVP Accepted species.,377371,Juniperus deppeana,ACCEPTED_ANALYSIS_SPECIES_ID_ONLY,16,d32ea2b3a85e489b14e83bcc9eae7274532e1d113753f7be290d4b2dfde573fa,8,8,TRUE,FALSE,SINGLE_SPECIES_LAYER,1,0,Juniperus_deppeana,DRC_ROOT_COLLAR,Y,5.0,1,1,0,exact,NOT_ASSESSED,,NOT_AVAILABLE_IN_FROZEN_FIA_INPUT,Steud.,Steud.,377371,Juniperus deppeana,Steud.,Species,Accepted,Steud.,Accepted,0,,,0,1,,0,0,,D08B_V01_FROZEN,ACCEPTED_SPECIES,RESOLVED,
64,Juniperus occidentalis,Juniperus occidentalis,species,Juniperus occidentalis,2,377584;377592,Accepted;Illegitimate,377592,377592,Accepted,Species,Juniperus occidentalis,377592,Juniperus occidentalis,Species,Accepted,,,377592,Juniperus occidentalis,Species,ACCEPTED_SPECIES,RESOLVED,,Direct WCVP Accepted species.,377592,Juniperus occidentalis,ACCEPTED_ANALYSIS_SPECIES_ID_ONLY,16,d32ea2b3a85e489b14e83bcc9eae7274532e1d113753f7be290d4b2dfde573fa,5,5,FALSE,FALSE,SINGLE_SPECIES_LAYER,1,0,Juniperus_occidentalis,DBH_BREAST_HEIGHT,N,5.0,1,1,1,exact,NOT_ASSESSED,,NOT_AVAILABLE_IN_FROZEN_FIA_INPUT,Hook.,Hook.,377592,Juniperus occidentalis,Hook.,Species,Accepted,Hook.,Accepted,0,,,0,1,,0,0,,D08B_V01_FROZEN,ACCEPTED_SPECIES,RESOLVED,
65,Juniperus osteosperma,Juniperus osteosperma,species,Juniperus osteosperma,1,377597,Accepted,377597,377597,Accepted,Species,Juniperus osteosperma,377597,Juniperus osteosperma,Species,Accepted,,,377597,Juniperus osteosperma,Species,ACCEPTED_SPECIES,RESOLVED,,Direct WCVP Accepted species.,377597,Juniperus osteosperma,ACCEPTED_ANALYSIS_SPECIES_ID_ONLY,16,d32ea2b3a85e489b14e83bcc9eae7274532e1d113753f7be290d4b2dfde573fa,9,9,FALSE,FALSE,SINGLE_SPECIES_LAYER,1,0,Juniperus_osteosperma,DRC_ROOT_COLLAR,Y,5.0,1,1,0,exact,NOT_ASSESSED,,NOT_AVAILABLE_IN_FROZEN_FIA_INPUT,(Torr.) Little,(Torr.) Little,377597,Juniperus osteosperma,(Torr.) Little,Species,Accepted,(Torr.) Little,Accepted,0,,,0,1,,0,0,,D08B_V01_FROZEN,ACCEPTED_SPECIES,RESOLVED,
66,Juniperus scopulorum,Juniperus scopulorum,species,Juniperus scopulorum,1,377330,Accepted,377330,377330,Accepted,Species,Juniperus scopulorum,377330,Juniperus scopulorum,Species,Accepted,,,377330,Juniperus scopulorum,Species,ACCEPTED_SPECIES,RESOLVED,,Direct WCVP Accepted species.,377330,Juniperus scopulorum,ACCEPTED_ANALYSIS_SPECIES_ID_ONLY,16,d32ea2b3a85e489b14e83bcc9eae7274532e1d113753f7be290d4b2dfde573fa,17,17,TRUE,FALSE,SINGLE_SPECIES_LAYER,1,0,Juniperus_scopulorum,DRC_ROOT_COLLAR,Y,5.0,1,1,0,exact,NOT_ASSESSED,,NOT_AVAILABLE_IN_FROZEN_FIA_INPUT,Sarg.,Sarg.,377330,Juniperus scopulorum,Sarg.,Species,Accepted,Sarg.,Accepted,0,,,0,1,,0,0,,D08B_V01_FROZEN,ACCEPTED_SPECIES,RESOLVED,
67,Juniperus virginiana var. silicicola,Juniperus virginiana var. silicicola,infraspecies,Juniperus virginiana var. silicicola,1,377291,Accepted,377291,377291,Accepted,Variety,Juniperus virginiana var. silicicola,377291,Juniperus virginiana var. silicicola,Variety,Accepted,377287,Juniperus virginiana,377287,Juniperus virginiana,Species,ACCEPTED_INFRASPECIES_TO_PARENT_SPECIES,RESOLVED,,Accepted infraspecific taxon mapped by parent_plant_name_id to its Accepted parent species.,377287,Juniperus virginiana,ACCEPTED_ANALYSIS_SPECIES_ID_ONLY,16,d32ea2b3a85e489b14e83bcc9eae7274532e1d113753f7be290d4b2dfde573fa,52,42,TRUE,FALSE,MULTIPLE_OTHER_LAYERS,2,1,,DBH_BREAST_HEIGHT,N,5.0,1,1,1,unresolved,NOT_ASSESSED,,NOT_AVAILABLE_IN_FROZEN_FIA_INPUT,(Small) A.E.Murray,(Small) A.E.Murray,377291,Juniperus virginiana var. silicicola,(Small) A.E.Murray,Variety,Accepted,L.,Accepted,0,,,0,1,,0,0,,D08B_V01_FROZEN,ACCEPTED_INFRASPECIES_TO_PARENT_SPECIES,RESOLVED,
68,Juniperus virginiana,Juniperus virginiana,species,Juniperus virginiana,1,377287,Accepted,377287,377287,Accepted,Species,Juniperus virginiana,377287,Juniperus virginiana,Species,Accepted,,,377287,Juniperus virginiana,Species,ACCEPTED_SPECIES,RESOLVED,,Direct WCVP Accepted species.,377287,Juniperus virginiana,ACCEPTED_ANALYSIS_SPECIES_ID_ONLY,16,d32ea2b3a85e489b14e83bcc9eae7274532e1d113753f7be290d4b2dfde573fa,52,42,TRUE,FALSE,MULTIPLE_OTHER_LAYERS,2,1,,DBH_BREAST_HEIGHT,N,5.0,1,1,1,exact,NOT_ASSESSED,,NOT_AVAILABLE_IN_FROZEN_FIA_INPUT,L.,L.,377287,Juniperus virginiana,L.,Species,Accepted,L.,Accepted,0,,,0,1,,0,0,,D08B_V01_FROZEN,ACCEPTED_SPECIES,RESOLVED,
69,Juniperus monosperma,Juniperus monosperma,species,Juniperus monosperma,1,377543,Accepted,377543,377543,Accepted,Species,Juniperus monosperma,377543,Juniperus monosperma,Species,Accepted,,,377543,Juniperus monosperma,Species,ACCEPTED_SPECIES,RESOLVED,,Direct WCVP Accepted species.,377543,Juniperus monosperma,ACCEPTED_ANALYSIS_SPECIES_ID_ONLY,16,d32ea2b3a85e489b14e83bcc9eae7274532e1d113753f7be290d4b2dfde573fa,7,7,TRUE,FALSE,SINGLE_SPECIES_LAYER,1,0,Juniperus_monosperma,DRC_ROOT_COLLAR,Y,5.0,1,1,0,exact,NOT_ASSESSED,,NOT_AVAILABLE_IN_FROZEN_FIA_INPUT,(Engelm.) Sarg.,(Engelm.) Sarg.,377543,Juniperus monosperma,(Engelm.) Sarg.,Species,Accepted,(Engelm.) Sarg.,Accepted,0,,,0,1,,0,0,,D08B_V01_FROZEN,ACCEPTED_SPECIES,RESOLVED,
70,Larix spp.,Larix spp.,species,Larix spp.,0,,,,,,,,,,,,,,,,,GENUS_OR_NON_SPECIES_AGGREGATE,CLASSIFIED_NON_SPECIES,,FIA name is a genus/non-species aggregate or unknown object; no species assignment permitted.,,,NOT_APPLICABLE_NO_ANALYSIS_SPECIES,16,d32ea2b3a85e489b14e83bcc9eae7274532e1d113753f7be290d4b2dfde573fa,,,,,NOT_APPLICABLE_NO_ORDINARY_ANALYSIS_SPECIES,0,0,,DBH_BREAST_HEIGHT,N,5.0,1,1,1,unresolved,NOT_ASSESSED,,NOT_AVAILABLE_IN_FROZEN_FIA_INPUT,,,,,,,,,,0,,,0,0,FIA name is a genus/non-species aggregate or unknown object; no species assignment permitted.,0,0,,D08B_V01_FROZEN,GENUS_OR_NON_SPECIES_AGGREGATE,CLASSIFIED_NON_SPECIES,
71,Larix laricina,Larix laricina,species,Larix laricina,1,379072,Accepted,379072,379072,Accepted,Species,Larix laricina,379072,Larix laricina,Species,Accepted,,,379072,Larix laricina,Species,ACCEPTED_SPECIES,RESOLVED,,Direct WCVP Accepted species.,379072,Larix laricina,ACCEPTED_ANALYSIS_SPECIES_ID_ONLY,16,d32ea2b3a85e489b14e83bcc9eae7274532e1d113753f7be290d4b2dfde573fa,34,32,FALSE,FALSE,SINGLE_SPECIES_LAYER,1,0,Larix_laricina,DBH_BREAST_HEIGHT,N,5.0,1,1,1,exact,NOT_ASSESSED,,NOT_AVAILABLE_IN_FROZEN_FIA_INPUT,(Du Roi) K.Koch,(Du Roi) K.Koch,379072,Larix laricina,(Du Roi) K.Koch,Species,Accepted,(Du Roi) K.Koch,Accepted,0,,,0,1,,0,0,,D08B_V01_FROZEN,ACCEPTED_SPECIES,RESOLVED,
72,Larix lyallii,Larix lyallii,species,Larix lyallii,1,379089,Accepted,379089,379089,Accepted,Species,Larix lyallii,379089,Larix lyallii,Species,Accepted,,,379089,Larix lyallii,Species,ACCEPTED_SPECIES,RESOLVED,,Direct WCVP Accepted species.,379089,Larix lyallii,ACCEPTED_ANALYSIS_SPECIES_ID_ONLY,16,d32ea2b3a85e489b14e83bcc9eae7274532e1d113753f7be290d4b2dfde573fa,5,5,FALSE,FALSE,SINGLE_SPECIES_LAYER,1,0,Larix_lyallii,DBH_BREAST_HEIGHT,N,5.0,1,1,1,exact,NOT_ASSESSED,,NOT_AVAILABLE_IN_FROZEN_FIA_INPUT,Parl.,Parl.,379089,Larix lyallii,Parl.,Species,Accepted,Parl.,Accepted,0,,,0,1,,0,0,,D08B_V01_FROZEN,ACCEPTED_SPECIES,RESOLVED,
73,Larix occidentalis,Larix occidentalis,species,Larix occidentalis,1,379096,Accepted,379096,379096,Accepted,Species,Larix occidentalis,379096,Larix occidentalis,Species,Accepted,,,379096,Larix occidentalis,Species,ACCEPTED_SPECIES,RESOLVED,,Direct WCVP Accepted species.,379096,Larix occidentalis,ACCEPTED_ANALYSIS_SPECIES_ID_ONLY,16,d32ea2b3a85e489b14e83bcc9eae7274532e1d113753f7be290d4b2dfde573fa,6,6,FALSE,FALSE,SINGLE_SPECIES_LAYER,1,0,Larix_occidentalis,DBH_BREAST_HEIGHT,N,5.0,1,1,1,exact,NOT_ASSESSED,,NOT_AVAILABLE_IN_FROZEN_FIA_INPUT,Nutt.,Nutt.,379096,Larix occidentalis,Nutt.,Species,Accepted,Nutt.,Accepted,0,,,0,1,,0,0,,D08B_V01_FROZEN,ACCEPTED_SPECIES,RESOLVED,
81,Calocedrus decurrens,Calocedrus decurrens,species,Calocedrus decurrens,1,382424,Accepted,382424,382424,Accepted,Species,Calocedrus decurrens,382424,Calocedrus decurrens,Species,Accepted,,,382424,Calocedrus decurrens,Species,ACCEPTED_SPECIES,RESOLVED,,Direct WCVP Accepted species.,382424,Calocedrus decurrens,ACCEPTED_ANALYSIS_SPECIES_ID_ONLY,16,d32ea2b3a85e489b14e83bcc9eae7274532e1d113753f7be290d4b2dfde573fa,6,3,TRUE,FALSE,SINGLE_OFFICIAL_ALIAS_LAYER,1,0,Libocedrus_decurrens,DBH_BREAST_HEIGHT,N,5.0,1,1,1,unresolved,NOT_ASSESSED,,NOT_AVAILABLE_IN_FROZEN_FIA_INPUT,(Torr.) Florin,(Torr.) Florin,382424,Calocedrus decurrens,(Torr.) Florin,Species,Accepted,(Torr.) Florin,Accepted,0,,,0,1,,0,0,,D08B_V01_FROZEN,ACCEPTED_SPECIES,RESOLVED,
91,Picea abies,Picea abies,species,Picea abies,1,380406,Accepted,380406,380406,Accepted,Species,Picea abies,380406,Picea abies,Species,Accepted,,,380406,Picea abies,Species,ACCEPTED_SPECIES,RESOLVED,,Direct WCVP Accepted species.,380406,Picea abies,ACCEPTED_ANALYSIS_SPECIES_ID_ONLY,16,d32ea2b3a85e489b14e83bcc9eae7274532e1d113753f7be290d4b2dfde573fa,58,24,TRUE,TRUE,NOT_APPLICABLE_CONUS_NONNATIVE,0,0,,DBH_BREAST_HEIGHT,N,5.0,1,1,1,unresolved,NOT_ASSESSED,,NOT_AVAILABLE_IN_FROZEN_FIA_INPUT,(L.) H.Karst.,(L.) H.Karst.,380406,Picea abies,(L.) H.Karst.,Species,Accepted,(L.) H.Karst.,Accepted,0,,,0,1,,0,0,,D08B_V01_FROZEN,ACCEPTED_SPECIES,RESOLVED,
92,Picea breweriana,Picea breweriana,species,Picea breweriana,1,380618,Accepted,380618,380618,Accepted,Species,Picea breweriana,380618,Picea breweriana,Species,Accepted,,,380618,Picea breweriana,Species,ACCEPTED_SPECIES,RESOLVED,,Direct WCVP Accepted species.,380618,Picea breweriana,ACCEPTED_ANALYSIS_SPECIES_ID_ONLY,16,d32ea2b3a85e489b14e83bcc9eae7274532e1d113753f7be290d4b2dfde573fa,2,2,FALSE,FALSE,SINGLE_SPECIES_LAYER,1,0,Picea_breweriana,DBH_BREAST_HEIGHT,N,5.0,1,1,1,exact,NOT_ASSESSED,,NOT_AVAILABLE_IN_FROZEN_FIA_INPUT,S.Watson,S.Watson,380618,Picea breweriana,S.Watson,Species,Accepted,S.Watson,Accepted,0,,,0,1,,0,0,,D08B_V01_FROZEN,ACCEPTED_SPECIES,RESOLVED,
93,Picea engelmannii,Picea engelmannii,species,Picea engelmannii,1,380614,Accepted,380614,380614,Accepted,Species,Picea engelmannii,380614,Picea engelmannii,Species,Accepted,,,380614,Picea engelmannii,Species,ACCEPTED_SPECIES,RESOLVED,,Direct WCVP Accepted species.,380614,Picea engelmannii,ACCEPTED_ANALYSIS_SPECIES_ID_ONLY,16,d32ea2b3a85e489b14e83bcc9eae7274532e1d113753f7be290d4b2dfde573fa,22,14,TRUE,FALSE,UNRESOLVED,0,1,,DBH_BREAST_HEIGHT,N,5.0,1,1,1,exact,NOT_ASSESSED,,NOT_AVAILABLE_IN_FROZEN_FIA_INPUT,Engelm.,Engelm.,380614,Picea engelmannii,Engelm.,Species,Accepted,Engelm.,Accepted,0,,,0,1,,0,0,,D08B_V01_FROZEN,ACCEPTED_SPECIES,RESOLVED,
94,Picea glauca,Picea glauca,species,Picea glauca,1,380651,Synonym,381078,380651,Synonym,Species,Picea glauca,381078,Picea laxa,Species,Accepted,,,381078,Picea laxa,Species,SYNONYM_TO_ACCEPTED_SPECIES,RESOLVED,,Exact WCVP Synonym resolved by accepted_plant_name_id to an Accepted species.,381078,Picea laxa,ACCEPTED_ANALYSIS_SPECIES_ID_ONLY,16,d32ea2b3a85e489b14e83bcc9eae7274532e1d113753f7be290d4b2dfde573fa,37,26,FALSE,FALSE,SINGLE_OFFICIAL_ALIAS_LAYER,1,0,Picea_glauca,DBH_BREAST_HEIGHT,N,5.0,1,1,1,exact,NOT_ASSESSED,,NOT_AVAILABLE_IN_FROZEN_FIA_INPUT,(Moench) Voss,(Münchh.) Sarg.,381078,Picea laxa,(Münchh.) Sarg.,Species,Accepted,(Münchh.) Sarg.,Accepted,0,,,0,1,,0,0,,D08B_V01_FROZEN,SYNONYM_TO_ACCEPTED_SPECIES,RESOLVED,
95,Picea mariana,Picea mariana,species,Picea mariana,1,380589,Accepted,380589,380589,Accepted,Species,Picea mariana,380589,Picea mariana,Species,Accepted,,,380589,Picea mariana,Species,ACCEPTED_SPECIES,RESOLVED,,Direct WCVP Accepted species.,380589,Picea mariana,ACCEPTED_ANALYSIS_SPECIES_ID_ONLY,16,d32ea2b3a85e489b14e83bcc9eae7274532e1d113753f7be290d4b2dfde573fa,30,28,FALSE,FALSE,SINGLE_SPECIES_LAYER,1,0,Picea_mariana,DBH_BREAST_HEIGHT,N,5.0,1,1,1,exact,NOT_ASSESSED,,NOT_AVAILABLE_IN_FROZEN_FIA_INPUT,"(Mill.) Britton, Sterns & Poggenb.","(Mill.) Britton, Sterns & Poggenb.",380589,Picea mariana,"(Mill.) Britton, Sterns & Poggenb.",Species,Accepted,"(Mill.) Britton, Sterns & Poggenb.",Accepted,0,,,0,1,,0,0,,D08B_V01_FROZEN,ACCEPTED_SPECIES,RESOLVED,
96,Picea pungens,Picea pungens,species,Picea pungens,1,380719,Accepted,380719,380719,Accepted,Species,Picea pungens,380719,Picea pungens,Species,Accepted,,,380719,Picea pungens,Species,ACCEPTED_SPECIES,RESOLVED,,Direct WCVP Accepted species.,380719,Picea pungens,ACCEPTED_ANALYSIS_SPECIES_ID_ONLY,16,d32ea2b3a85e489b14e83bcc9eae7274532e1d113753f7be290d4b2dfde573fa,25,7,FALSE,FALSE,SINGLE_SPECIES_LAYER,1,0,Picea_pungens,DBH_BREAST_HEIGHT,N,5.0,1,1,1,exact,NOT_ASSESSED,,NOT_AVAILABLE_IN_FROZEN_FIA_INPUT,Engelm.,Engelm.,380719,Picea pungens,Engelm.,Species,Accepted,Engelm.,Accepted,0,,,0,1,,0,0,,D08B_V01_FROZEN,ACCEPTED_SPECIES,RESOLVED,
97,Picea rubens,Picea rubens,species,Picea rubens,2,380751;3322503,Accepted;Illegitimate,380751,380751,Accepted,Species,Picea rubens,380751,Picea rubens,Species,Accepted,,,380751,Picea rubens,Species,ACCEPTED_SPECIES,RESOLVED,,Direct WCVP Accepted species.,380751,Picea rubens,ACCEPTED_ANALYSIS_SPECIES_ID_ONLY,16,d32ea2b3a85e489b14e83bcc9eae7274532e1d113753f7be290d4b2dfde573fa,19,19,FALSE,FALSE,SINGLE_SPECIES_LAYER,1,0,Picea_rubens,DBH_BREAST_HEIGHT,N,5.0,1,1,1,exact,NOT_ASSESSED,,NOT_AVAILABLE_IN_FROZEN_FIA_INPUT,Sarg.,Sarg.,380751,Picea rubens,Sarg.,Species,Accepted,Sarg.,Accepted,0,,,0,1,,0,0,,D08B_V01_FROZEN,ACCEPTED_SPECIES,RESOLVED,
98,Picea sitchensis,Picea sitchensis,species,Picea sitchensis,1,380741,Accepted,380741,380741,Accepted,Species,Picea sitchensis,380741,Picea sitchensis,Species,Accepted,,,380741,Picea sitchensis,Species,ACCEPTED_SPECIES,RESOLVED,,Direct WCVP Accepted species.,380741,Picea sitchensis,ACCEPTED_ANALYSIS_SPECIES_ID_ONLY,16,d32ea2b3a85e489b14e83bcc9eae7274532e1d113753f7be290d4b2dfde573fa,20,5,FALSE,FALSE,SINGLE_SPECIES_LAYER,1,0,Picea_sitchensis,DBH_BREAST_HEIGHT,N,5.0,1,1,1,exact,NOT_ASSESSED,,NOT_AVAILABLE_IN_FROZEN_FIA_INPUT,(Bong.) Carrière,(Bong.) Carrière,380741,Picea sitchensis,(Bong.) Carrière,Species,Accepted,(Bong.) Carrière,Accepted,0,,,0,1,,0,0,,D08B_V01_FROZEN,ACCEPTED_SPECIES,RESOLVED,
101,Pinus albicaulis,Pinus albicaulis,species,Pinus albicaulis,1,380705,Accepted,380705,380705,Accepted,Species,Pinus albicaulis,380705,Pinus albicaulis,Species,Accepted,,,380705,Pinus albicaulis,Species,ACCEPTED_SPECIES,RESOLVED,,Direct WCVP Accepted species.,380705,Pinus albicaulis,ACCEPTED_ANALYSIS_SPECIES_ID_ONLY,16,d32ea2b3a85e489b14e83bcc9eae7274532e1d113753f7be290d4b2dfde573fa,9,9,FALSE,FALSE,SINGLE_SPECIES_LAYER,1,0,Pinus_albicaulis,DBH_BREAST_HEIGHT,N,5.0,1,1,1,exact,NOT_ASSESSED,,NOT_AVAILABLE_IN_FROZEN_FIA_INPUT,Engelm.,Engelm.,380705,Pinus albicaulis,Engelm.,Species,Accepted,Engelm.,Accepted,0,,,0,1,,0,0,,D08B_V01_FROZEN,ACCEPTED_SPECIES,RESOLVED,
102,Pinus aristata,Pinus aristata,species,Pinus aristata,1,380723,Accepted,380723,380723,Accepted,Species,Pinus aristata,380723,Pinus aristata,Species,Accepted,,,380723,Pinus aristata,Species,ACCEPTED_SPECIES,RESOLVED,,Direct WCVP Accepted species.,380723,Pinus aristata,ACCEPTED_ANALYSIS_SPECIES_ID_ONLY,16,d32ea2b3a85e489b14e83bcc9eae7274532e1d113753f7be290d4b2dfde573fa,3,3,FALSE,FALSE,SINGLE_SPECIES_LAYER,1,1,,DBH_BREAST_HEIGHT,N,5.0,1,1,1,exact,NOT_ASSESSED,,NOT_AVAILABLE_IN_FROZEN_FIA_INPUT,Engelm.,Engelm.,380723,Pinus aristata,Engelm.,Species,Accepted,Engelm.,Accepted,0,,,0,1,,0,0,,D08B_V01_FROZEN,ACCEPTED_SPECIES,RESOLVED,
103,Pinus attenuata,Pinus attenuata,species,Pinus attenuata,1,381057,Accepted,381057,381057,Accepted,Species,Pinus attenuata,381057,Pinus attenuata,Species,Accepted,,,381057,Pinus attenuata,Species,ACCEPTED_SPECIES,RESOLVED,,Direct WCVP Accepted species.,381057,Pinus attenuata,ACCEPTED_ANALYSIS_SPECIES_ID_ONLY,16,d32ea2b3a85e489b14e83bcc9eae7274532e1d113753f7be290d4b2dfde573fa,3,3,TRUE,FALSE,SINGLE_SPECIES_LAYER,1,0,Pinus_attenuata,DBH_BREAST_HEIGHT,N,5.0,1,1,1,exact,NOT_ASSESSED,,NOT_AVAILABLE_IN_FROZEN_FIA_INPUT,Lemmon,Lemmon,381057,Pinus attenuata,Lemmon,Species,Accepted,Lemmon,Accepted,0,,,0,1,,0,0,,D08B_V01_FROZEN,ACCEPTED_SPECIES,RESOLVED,
104,Pinus balfouriana,Pinus balfouriana,species,Pinus balfouriana,1,380514,Accepted,380514,380514,Accepted,Species,Pinus balfouriana,380514,Pinus balfouriana,Species,Accepted,,,380514,Pinus balfouriana,Species,ACCEPTED_SPECIES,RESOLVED,,Direct WCVP Accepted species.,380514,Pinus balfouriana,ACCEPTED_ANALYSIS_SPECIES_ID_ONLY,16,d32ea2b3a85e489b14e83bcc9eae7274532e1d113753f7be290d4b2dfde573fa,1,1,FALSE,FALSE,SINGLE_SPECIES_LAYER,1,0,Pinus_balfouriana,DBH_BREAST_HEIGHT,N,5.0,1,1,1,exact,NOT_ASSESSED,,NOT_AVAILABLE_IN_FROZEN_FIA_INPUT,Balf.,Balf.,380514,Pinus balfouriana,Balf.,Species,Accepted,Balf.,Accepted,0,,,0,1,,0,0,,D08B_V01_FROZEN,ACCEPTED_SPECIES,RESOLVED,
105,Pinus banksiana,Pinus banksiana,species,Pinus banksiana,1,380544,Accepted,380544,380544,Accepted,Species,Pinus banksiana,380544,Pinus banksiana,Species,Accepted,,,380544,Pinus banksiana,Species,ACCEPTED_SPECIES,RESOLVED,,Direct WCVP Accepted species.,380544,Pinus banksiana,ACCEPTED_ANALYSIS_SPECIES_ID_ONLY,16,d32ea2b3a85e489b14e83bcc9eae7274532e1d113753f7be290d4b2dfde573fa,40,27,FALSE,FALSE,SINGLE_SPECIES_LAYER,1,0,Pinus_banksiana,DBH_BREAST_HEIGHT,N,5.0,1,1,1,exact,NOT_ASSESSED,,NOT_AVAILABLE_IN_FROZEN_FIA_INPUT,Lamb.,Lamb.,380544,Pinus banksiana,Lamb.,Species,Accepted,Lamb.,Accepted,0,,,0,1,,0,0,,D08B_V01_FROZEN,ACCEPTED_SPECIES,RESOLVED,
106,Pinus edulis,Pinus edulis,species,Pinus edulis,1,379820,Accepted,379820,379820,Accepted,Species,Pinus edulis,379820,Pinus edulis,Species,Accepted,,,379820,Pinus edulis,Species,ACCEPTED_SPECIES,RESOLVED,,Direct WCVP Accepted species.,379820,Pinus edulis,ACCEPTED_ANALYSIS_SPECIES_ID_ONLY,16,d32ea2b3a85e489b14e83bcc9eae7274532e1d113753f7be290d4b2dfde573fa,8,8,FALSE,FALSE,SINGLE_SPECIES_LAYER,1,0,Pinus_edulis,DRC_ROOT_COLLAR,Y,5.0,1,1,0,exact,NOT_ASSESSED,,NOT_AVAILABLE_IN_FROZEN_FIA_INPUT,Engelm.,Engelm.,379820,Pinus edulis,Engelm.,Species,Accepted,Engelm.,Accepted,0,,,0,1,,0,0,,D08B_V01_FROZEN,ACCEPTED_SPECIES,RESOLVED,
107,Pinus clausa,Pinus clausa,species,Pinus clausa,1,379871,Accepted,379871,379871,Accepted,Species,Pinus clausa,379871,Pinus clausa,Species,Accepted,,,379871,Pinus clausa,Species,ACCEPTED_SPECIES,RESOLVED,,Direct WCVP Accepted species.,379871,Pinus clausa,ACCEPTED_ANALYSIS_SPECIES_ID_ONLY,16,d32ea2b3a85e489b14e83bcc9eae7274532e1d113753f7be290d4b2dfde573fa,2,2,FALSE,FALSE,UNRESOLVED,0,1,,DBH_BREAST_HEIGHT,N,5.0,1,1,1,exact,NOT_ASSESSED,,NOT_AVAILABLE_IN_FROZEN_FIA_INPUT,(Chapm. ex Engelm.) Vasey ex Sarg.,(Chapm. ex Engelm.) Vasey ex Sarg.,379871,Pinus clausa,(Chapm. ex Engelm.) Vasey ex Sarg.,Species,Accepted,(Chapm. ex Engelm.) Vasey ex Sarg.,Accepted,0,,,0,1,,0,0,,D08B_V01_FROZEN,ACCEPTED_SPECIES,RESOLVED,
108,Pinus contorta,Pinus contorta,species,Pinus contorta,1,379843,Accepted,379843,379843,Accepted,Species,Pinus contorta,379843,Pinus contorta,Species,Accepted,,,379843,Pinus contorta,Species,ACCEPTED_SPECIES,RESOLVED,,Direct WCVP Accepted species.,379843,Pinus contorta,ACCEPTED_ANALYSIS_SPECIES_ID_ONLY,16,d32ea2b3a85e489b14e83bcc9eae7274532e1d113753f7be290d4b2dfde573fa,34,17,TRUE,FALSE,SINGLE_SPECIES_LAYER,1,0,Pinus_contorta,DBH_BREAST_HEIGHT,N,5.0,1,1,1,exact,NOT_ASSESSED,,NOT_AVAILABLE_IN_FROZEN_FIA_INPUT,Douglas ex Loudon,Douglas ex Loudon,379843,Pinus contorta,Douglas ex Loudon,Species,Accepted,Douglas ex Loudon,Accepted,0,,,0,1,,0,0,,D08B_V01_FROZEN,ACCEPTED_SPECIES,RESOLVED,
109,Pinus coulteri,Pinus coulteri,species,Pinus coulteri,1,379852,Accepted,379852,379852,Accepted,Species,Pinus coulteri,379852,Pinus coulteri,Species,Accepted,,,379852,Pinus coulteri,Species,ACCEPTED_SPECIES,RESOLVED,,Direct WCVP Accepted species.,379852,Pinus coulteri,ACCEPTED_ANALYSIS_SPECIES_ID_ONLY,16,d32ea2b3a85e489b14e83bcc9eae7274532e1d113753f7be290d4b2dfde573fa,5,2,TRUE,FALSE,UNRESOLVED,0,1,,DBH_BREAST_HEIGHT,N,5.0,1,1,1,exact,NOT_ASSESSED,,NOT_AVAILABLE_IN_FROZEN_FIA_INPUT,D.Don,D.Don,379852,Pinus coulteri,D.Don,Species,Accepted,D.Don,Accepted,0,,,0,1,,0,0,,D08B_V01_FROZEN,ACCEPTED_SPECIES,RESOLVED,
110,Pinus echinata,Pinus echinata,species,Pinus echinata,2,379809;379818,Accepted;Invalid,379818,379818,Accepted,Species,Pinus echinata,379818,Pinus echinata,Species,Accepted,,,379818,Pinus echinata,Species,ACCEPTED_SPECIES,RESOLVED,,Direct WCVP Accepted species.,379818,Pinus echinata,ACCEPTED_ANALYSIS_SPECIES_ID_ONLY,16,d32ea2b3a85e489b14e83bcc9eae7274532e1d113753f7be290d4b2dfde573fa,24,24,FALSE,FALSE,SINGLE_SPECIES_LAYER,1,0,Pinus_echinata,DBH_BREAST_HEIGHT,N,5.0,1,1,1,exact,NOT_ASSESSED,,NOT_AVAILABLE_IN_FROZEN_FIA_INPUT,Mill.,Mill.,379818,Pinus echinata,Mill.,Species,Accepted,Mill.,Accepted,0,,,0,1,,0,0,,D08B_V01_FROZEN,ACCEPTED_SPECIES,RESOLVED,
111,Pinus elliottii,Pinus elliottii,species,Pinus elliottii,1,379943,Accepted,379943,379943,Accepted,Species,Pinus elliottii,379943,Pinus elliottii,Species,Accepted,,,379943,Pinus elliottii,Species,ACCEPTED_SPECIES,RESOLVED,,Direct WCVP Accepted species.,379943,Pinus elliottii,ACCEPTED_ANALYSIS_SPECIES_ID_ONLY,16,d32ea2b3a85e489b14e83bcc9eae7274532e1d113753f7be290d4b2dfde573fa,13,6,FALSE,FALSE,SINGLE_SPECIES_LAYER,1,0,Pinus_elliottii,DBH_BREAST_HEIGHT,N,5.0,1,1,1,exact,NOT_ASSESSED,,NOT_AVAILABLE_IN_FROZEN_FIA_INPUT,Engelm.,Engelm.,379943,Pinus elliottii,Engelm.,Species,Accepted,Engelm.,Accepted,0,,,0,1,,0,0,,D08B_V01_FROZEN,ACCEPTED_SPECIES,RESOLVED,
112,Pinus engelmannii,Pinus engelmannii,species,Pinus engelmannii,2,379946;379947,Accepted;Illegitimate,379946,379946,Accepted,Species,Pinus engelmannii,379946,Pinus engelmannii,Species,Accepted,,,379946,Pinus engelmannii,Species,ACCEPTED_SPECIES,RESOLVED,,Direct WCVP Accepted species.,379946,Pinus engelmannii,ACCEPTED_ANALYSIS_SPECIES_ID_ONLY,16,d32ea2b3a85e489b14e83bcc9eae7274532e1d113753f7be290d4b2dfde573fa,4,4,TRUE,FALSE,SINGLE_SPECIES_LAYER,1,0,Pinus_engelmannii,DBH_BREAST_HEIGHT,N,5.0,1,1,1,exact,NOT_ASSESSED,,NOT_AVAILABLE_IN_FROZEN_FIA_INPUT,Carrière,Carrière,379946,Pinus engelmannii,Carrière,Species,Accepted,Carrière,Accepted,0,,,0,1,,0,0,,D08B_V01_FROZEN,ACCEPTED_SPECIES,RESOLVED,
113,Pinus flexilis,Pinus flexilis,species,Pinus flexilis,1,379971,Accepted,379971,379971,Accepted,Species,Pinus flexilis,379971,Pinus flexilis,Species,Accepted,,,379971,Pinus flexilis,Species,ACCEPTED_SPECIES,RESOLVED,,Direct WCVP Accepted species.,379971,Pinus flexilis,ACCEPTED_ANALYSIS_SPECIES_ID_ONLY,16,d32ea2b3a85e489b14e83bcc9eae7274532e1d113753f7be290d4b2dfde573fa,15,15,FALSE,FALSE,UNRESOLVED,0,1,,DBH_BREAST_HEIGHT,N,5.0,1,1,1,exact,NOT_ASSESSED,,NOT_AVAILABLE_IN_FROZEN_FIA_INPUT,E.James,E.James,379971,Pinus flexilis,E.James,Species,Accepted,E.James,Accepted,0,,,0,1,,0,0,,D08B_V01_FROZEN,ACCEPTED_SPECIES,RESOLVED,
114,Pinus strobiformis,Pinus strobiformis,species,Pinus strobiformis,1,380012,Accepted,380012,380012,Accepted,Species,Pinus strobiformis,380012,Pinus strobiformis,Species,Accepted,,,380012,Pinus strobiformis,Species,ACCEPTED_SPECIES,RESOLVED,,Direct WCVP Accepted species.,380012,Pinus strobiformis,ACCEPTED_ANALYSIS_SPECIES_ID_ONLY,16,d32ea2b3a85e489b14e83bcc9eae7274532e1d113753f7be290d4b2dfde573fa,3,3,TRUE,FALSE,SINGLE_SPECIES_LAYER,1,0,Pinus_strobiformis,DBH_BREAST_HEIGHT,N,5.0,1,1,1,exact,NOT_ASSESSED,,NOT_AVAILABLE_IN_FROZEN_FIA_INPUT,Engelm.,Engelm.,380012,Pinus strobiformis,Engelm.,Species,Accepted,Engelm.,Accepted,0,,,0,1,,0,0,,D08B_V01_FROZEN,ACCEPTED_SPECIES,RESOLVED,
115,Pinus glabra,Pinus glabra,species,Pinus glabra,1,379966,Accepted,379966,379966,Accepted,Species,Pinus glabra,379966,Pinus glabra,Species,Accepted,,,379966,Pinus glabra,Species,ACCEPTED_SPECIES,RESOLVED,,Direct WCVP Accepted species.,379966,Pinus glabra,ACCEPTED_ANALYSIS_SPECIES_ID_ONLY,16,d32ea2b3a85e489b14e83bcc9eae7274532e1d113753f7be290d4b2dfde573fa,6,6,FALSE,FALSE,SINGLE_SPECIES_LAYER,1,0,Pinus_glabra,DBH_BREAST_HEIGHT,N,5.0,1,1,1,exact,NOT_ASSESSED,,NOT_AVAILABLE_IN_FROZEN_FIA_INPUT,Walter,Walter,379966,Pinus glabra,Walter,Species,Accepted,Walter,Accepted,0,,,0,1,,0,0,,D08B_V01_FROZEN,ACCEPTED_SPECIES,RESOLVED,
116,Pinus jeffreyi,Pinus jeffreyi,species,Pinus jeffreyi,1,379708,Accepted,379708,379708,Accepted,Species,Pinus jeffreyi,379708,Pinus jeffreyi,Species,Accepted,,,379708,Pinus jeffreyi,Species,ACCEPTED_SPECIES,RESOLVED,,Direct WCVP Accepted species.,379708,Pinus jeffreyi,ACCEPTED_ANALYSIS_SPECIES_ID_ONLY,16,d32ea2b3a85e489b14e83bcc9eae7274532e1d113753f7be290d4b2dfde573fa,4,4,TRUE,FALSE,SINGLE_SPECIES_LAYER,1,0,Pinus_jeffreyi,DBH_BREAST_HEIGHT,N,5.0,1,1,1,exact,NOT_ASSESSED,,NOT_AVAILABLE_IN_FROZEN_FIA_INPUT,Balf.,Balf.,379708,Pinus jeffreyi,Balf.,Species,Accepted,Balf.,Accepted,0,,,0,1,,0,0,,D08B_V01_FROZEN,ACCEPTED_SPECIES,RESOLVED,
117,Pinus lambertiana,Pinus lambertiana,species,Pinus lambertiana,1,379703,Accepted,379703,379703,Accepted,Species,Pinus lambertiana,379703,Pinus lambertiana,Species,Accepted,,,379703,Pinus lambertiana,Species,ACCEPTED_SPECIES,RESOLVED,,Direct WCVP Accepted species.,379703,Pinus lambertiana,ACCEPTED_ANALYSIS_SPECIES_ID_ONLY,16,d32ea2b3a85e489b14e83bcc9eae7274532e1d113753f7be290d4b2dfde573fa,4,4,TRUE,FALSE,SINGLE_SPECIES_LAYER,1,0,Pinus_lambertiana,DBH_BREAST_HEIGHT,N,5.0,1,1,1,exact,NOT_ASSESSED,,NOT_AVAILABLE_IN_FROZEN_FIA_INPUT,Douglas,Douglas,379703,Pinus lambertiana,Douglas,Species,Accepted,Douglas,Accepted,0,,,0,1,,0,0,,D08B_V01_FROZEN,ACCEPTED_SPECIES,RESOLVED,
118,Pinus leiophylla,Pinus leiophylla,species,Pinus leiophylla,1,379770,Accepted,379770,379770,Accepted,Species,Pinus leiophylla,379770,Pinus leiophylla,Species,Accepted,,,379770,Pinus leiophylla,Species,ACCEPTED_SPECIES,RESOLVED,,Direct WCVP Accepted species.,379770,Pinus leiophylla,ACCEPTED_ANALYSIS_SPECIES_ID_ONLY,16,d32ea2b3a85e489b14e83bcc9eae7274532e1d113753f7be290d4b2dfde573fa,7,7,TRUE,FALSE,SINGLE_SPECIES_LAYER,1,0,Pinus_leiophylla,DBH_BREAST_HEIGHT,N,5.0,1,1,1,exact,NOT_ASSESSED,,NOT_AVAILABLE_IN_FROZEN_FIA_INPUT,Schiede ex Schltdl. & Cham.,Schiede ex Schltdl. & Cham.,379770,Pinus leiophylla,Schiede ex Schltdl. & Cham.,Species,Accepted,Schiede ex Schltdl. & Cham.,Accepted,0,,,0,1,,0,0,,D08B_V01_FROZEN,ACCEPTED_SPECIES,RESOLVED,
119,Pinus monticola,Pinus monticola,species,Pinus monticola,1,380255,Accepted,380255,380255,Accepted,Species,Pinus monticola,380255,Pinus monticola,Species,Accepted,,,380255,Pinus monticola,Species,ACCEPTED_SPECIES,RESOLVED,,Direct WCVP Accepted species.,380255,Pinus monticola,ACCEPTED_ANALYSIS_SPECIES_ID_ONLY,16,d32ea2b3a85e489b14e83bcc9eae7274532e1d113753f7be290d4b2dfde573fa,8,8,FALSE,FALSE,SINGLE_SPECIES_LAYER,1,0,Pinus_monticola,DBH_BREAST_HEIGHT,N,5.0,1,1,1,exact,NOT_ASSESSED,,NOT_AVAILABLE_IN_FROZEN_FIA_INPUT,Douglas ex D.Don,Douglas ex D.Don,380255,Pinus monticola,Douglas ex D.Don,Species,Accepted,Douglas ex D.Don,Accepted,0,,,0,1,,0,0,,D08B_V01_FROZEN,ACCEPTED_SPECIES,RESOLVED,
120,Pinus muricata,Pinus muricata,species,Pinus muricata,2,380239;380261,Accepted;Illegitimate,380239,380239,Accepted,Species,Pinus muricata,380239,Pinus muricata,Species,Accepted,,,380239,Pinus muricata,Species,ACCEPTED_SPECIES,RESOLVED,,Direct WCVP Accepted species.,380239,Pinus muricata,ACCEPTED_ANALYSIS_SPECIES_ID_ONLY,16,d32ea2b3a85e489b14e83bcc9eae7274532e1d113753f7be290d4b2dfde573fa,4,2,TRUE,FALSE,SINGLE_SPECIES_LAYER,1,0,Pinus_muricata,DBH_BREAST_HEIGHT,N,5.0,1,1,1,exact,NOT_ASSESSED,,NOT_AVAILABLE_IN_FROZEN_FIA_INPUT,D.Don,D.Don,380239,Pinus muricata,D.Don,Species,Accepted,D.Don,Accepted,0,,,0,1,,0,0,,D08B_V01_FROZEN,ACCEPTED_SPECIES,RESOLVED,
121,Pinus palustris,Pinus palustris,species,Pinus palustris,1,380268,Accepted,380268,380268,Accepted,Species,Pinus palustris,380268,Pinus palustris,Species,Accepted,,,380268,Pinus palustris,Species,ACCEPTED_SPECIES,RESOLVED,,Direct WCVP Accepted species.,380268,Pinus palustris,ACCEPTED_ANALYSIS_SPECIES_ID_ONLY,16,d32ea2b3a85e489b14e83bcc9eae7274532e1d113753f7be290d4b2dfde573fa,11,9,FALSE,FALSE,SINGLE_SPECIES_LAYER,1,0,Pinus_palustris,DBH_BREAST_HEIGHT,N,5.0,1,1,1,exact,NOT_ASSESSED,,NOT_AVAILABLE_IN_FROZEN_FIA_INPUT,Mill.,Mill.,380268,Pinus palustris,Mill.,Species,Accepted,Mill.,Accepted,0,,,0,1,,0,0,,D08B_V01_FROZEN,ACCEPTED_SPECIES,RESOLVED,
122,Pinus ponderosa,Pinus ponderosa,species,Pinus ponderosa,1,380358,Accepted,380358,380358,Accepted,Species,Pinus ponderosa,380358,Pinus ponderosa,Species,Accepted,,,380358,Pinus ponderosa,Species,ACCEPTED_SPECIES,RESOLVED,,Direct WCVP Accepted species.,380358,Pinus ponderosa,ACCEPTED_ANALYSIS_SPECIES_ID_ONLY,16,d32ea2b3a85e489b14e83bcc9eae7274532e1d113753f7be290d4b2dfde573fa,18,7,FALSE,FALSE,UNRESOLVED,0,1,,DBH_BREAST_HEIGHT,N,5.0,1,1,1,exact,NOT_ASSESSED,,NOT_AVAILABLE_IN_FROZEN_FIA_INPUT,Douglas ex C.Lawson,Douglas ex C.Lawson,380358,Pinus ponderosa,Douglas ex C.Lawson,Species,Accepted,Douglas ex C.Lawson,Accepted,0,,,0,1,,0,0,,D08B_V01_FROZEN,ACCEPTED_SPECIES,RESOLVED,
123,Pinus pungens,Pinus pungens,species,Pinus pungens,1,380272,Accepted,380272,380272,Accepted,Species,Pinus pungens,380272,Pinus pungens,Species,Accepted,,,380272,Pinus pungens,Species,ACCEPTED_SPECIES,RESOLVED,,Direct WCVP Accepted species.,380272,Pinus pungens,ACCEPTED_ANALYSIS_SPECIES_ID_ONLY,16,d32ea2b3a85e489b14e83bcc9eae7274532e1d113753f7be290d4b2dfde573fa,9,8,FALSE,FALSE,SINGLE_SPECIES_LAYER,1,0,Pinus_pungens,DBH_BREAST_HEIGHT,N,5.0,1,1,1,exact,NOT_ASSESSED,,NOT_AVAILABLE_IN_FROZEN_FIA_INPUT,Lamb.,Lamb.,380272,Pinus pungens,Lamb.,Species,Accepted,Lamb.,Accepted,0,,,0,1,,0,0,,D08B_V01_FROZEN,ACCEPTED_SPECIES,RESOLVED,
124,Pinus radiata,Pinus radiata,species,Pinus radiata,1,380297,Accepted,380297,380297,Accepted,Species,Pinus radiata,380297,Pinus radiata,Species,Accepted,,,380297,Pinus radiata,Species,ACCEPTED_SPECIES,RESOLVED,,Direct WCVP Accepted species.,380297,Pinus radiata,ACCEPTED_ANALYSIS_SPECIES_ID_ONLY,16,d32ea2b3a85e489b14e83bcc9eae7274532e1d113753f7be290d4b2dfde573fa,25,3,TRUE,FALSE,UNRESOLVED,0,1,,DBH_BREAST_HEIGHT,N,5.0,1,1,1,unresolved,NOT_ASSESSED,,NOT_AVAILABLE_IN_FROZEN_FIA_INPUT,D.Don,D.Don,380297,Pinus radiata,D.Don,Species,Accepted,D.Don,Accepted,0,,,0,1,,0,0,,D08B_V01_FROZEN,ACCEPTED_SPECIES,RESOLVED,
125,Pinus resinosa,Pinus resinosa,species,Pinus resinosa,4,380302;380311;380312;386417,Accepted;Illegitimate,380302,380302,Accepted,Species,Pinus resinosa,380302,Pinus resinosa,Species,Accepted,,,380302,Pinus resinosa,Species,ACCEPTED_SPECIES,RESOLVED,,Direct WCVP Accepted species.,380302,Pinus resinosa,ACCEPTED_ANALYSIS_SPECIES_ID_ONLY,16,d32ea2b3a85e489b14e83bcc9eae7274532e1d113753f7be290d4b2dfde573fa,20,19,FALSE,FALSE,SINGLE_SPECIES_LAYER,1,0,Pinus_resinosa,DBH_BREAST_HEIGHT,N,5.0,1,1,1,exact,NOT_ASSESSED,,NOT_AVAILABLE_IN_FROZEN_FIA_INPUT,Aiton,Aiton,380302,Pinus resinosa,Aiton,Species,Accepted,Aiton,Accepted,0,,,0,1,,0,0,,D08B_V01_FROZEN,ACCEPTED_SPECIES,RESOLVED,
126,Pinus rigida,Pinus rigida,species,Pinus rigida,2,380293;380294,Accepted;Illegitimate,380293,380293,Accepted,Species,Pinus rigida,380293,Pinus rigida,Species,Accepted,,,380293,Pinus rigida,Species,ACCEPTED_SPECIES,RESOLVED,,Direct WCVP Accepted species.,380293,Pinus rigida,ACCEPTED_ANALYSIS_SPECIES_ID_ONLY,16,d32ea2b3a85e489b14e83bcc9eae7274532e1d113753f7be290d4b2dfde573fa,26,20,FALSE,FALSE,SINGLE_SPECIES_LAYER,1,0,Pinus_rigida,DBH_BREAST_HEIGHT,N,5.0,1,1,1,exact,NOT_ASSESSED,,NOT_AVAILABLE_IN_FROZEN_FIA_INPUT,Mill.,Mill.,380293,Pinus rigida,Mill.,Species,Accepted,Mill.,Accepted,0,,,0,1,,0,0,,D08B_V01_FROZEN,ACCEPTED_SPECIES,RESOLVED,
127,Pinus sabiniana,Pinus sabiniana,species,Pinus sabiniana,1,380011,Accepted,380011,380011,Accepted,Species,Pinus sabiniana,380011,Pinus sabiniana,Species,Accepted,,,380011,Pinus sabiniana,Species,ACCEPTED_SPECIES,RESOLVED,,Direct WCVP Accepted species.,380011,Pinus sabiniana,ACCEPTED_ANALYSIS_SPECIES_ID_ONLY,16,d32ea2b3a85e489b14e83bcc9eae7274532e1d113753f7be290d4b2dfde573fa,1,1,FALSE,FALSE,UNRESOLVED,0,1,,DBH_BREAST_HEIGHT,N,5.0,1,1,1,exact,NOT_ASSESSED,,NOT_AVAILABLE_IN_FROZEN_FIA_INPUT,Douglas,Douglas,380011,Pinus sabiniana,Douglas,Species,Accepted,Douglas,Accepted,0,,,0,1,,0,0,,D08B_V01_FROZEN,ACCEPTED_SPECIES,RESOLVED,
128,Pinus serotina,Pinus serotina,species,Pinus serotina,1,379991,Accepted,379991,379991,Accepted,Species,Pinus serotina,379991,Pinus serotina,Species,Accepted,,,379991,Pinus serotina,Species,ACCEPTED_SPECIES,RESOLVED,,Direct WCVP Accepted species.,379991,Pinus serotina,ACCEPTED_ANALYSIS_SPECIES_ID_ONLY,16,d32ea2b3a85e489b14e83bcc9eae7274532e1d113753f7be290d4b2dfde573fa,9,9,FALSE,FALSE,SINGLE_SPECIES_LAYER,1,0,Pinus_serotina,DBH_BREAST_HEIGHT,N,5.0,1,1,1,exact,NOT_ASSESSED,,NOT_AVAILABLE_IN_FROZEN_FIA_INPUT,Michx.,Michx.,379991,Pinus serotina,Michx.,Species,Accepted,Michx.,Accepted,0,,,0,1,,0,0,,D08B_V01_FROZEN,ACCEPTED_SPECIES,RESOLVED,
129,Pinus strobus,Pinus strobus,species,Pinus strobus,2,380022;380023,Accepted;Misapplied,380022,380022,Accepted,Species,Pinus strobus,380022,Pinus strobus,Species,Accepted,,,380022,Pinus strobus,Species,ACCEPTED_SPECIES,RESOLVED,,Direct WCVP Accepted species.,380022,Pinus strobus,ACCEPTED_ANALYSIS_SPECIES_ID_ONLY,16,d32ea2b3a85e489b14e83bcc9eae7274532e1d113753f7be290d4b2dfde573fa,55,33,FALSE,FALSE,SINGLE_SPECIES_LAYER,1,0,Pinus_strobus,DBH_BREAST_HEIGHT,N,5.0,1,1,1,exact,NOT_ASSESSED,,NOT_AVAILABLE_IN_FROZEN_FIA_INPUT,L.,L.,380022,Pinus strobus,L.,Species,Accepted,L.,Accepted,0,,,0,1,,0,0,,D08B_V01_FROZEN,ACCEPTED_SPECIES,RESOLVED,
130,Pinus sylvestris,Pinus sylvestris,species,Pinus sylvestris,2,380124;380126,Accepted;Misapplied,380126,380126,Accepted,Species,Pinus sylvestris,380126,Pinus sylvestris,Species,Accepted,,,380126,Pinus sylvestris,Species,ACCEPTED_SPECIES,RESOLVED,,Direct WCVP Accepted species.,380126,Pinus sylvestris,ACCEPTED_ANALYSIS_SPECIES_ID_ONLY,16,d32ea2b3a85e489b14e83bcc9eae7274532e1d113753f7be290d4b2dfde573fa,61,47,TRUE,TRUE,NOT_APPLICABLE_CONUS_NONNATIVE,0,0,,DBH_BREAST_HEIGHT,N,5.0,1,1,1,unresolved,NOT_ASSESSED,,NOT_AVAILABLE_IN_FROZEN_FIA_INPUT,L.,L.,380126,Pinus sylvestris,L.,Species,Accepted,L.,Accepted,0,,,0,1,,0,0,,D08B_V01_FROZEN,ACCEPTED_SPECIES,RESOLVED,
131,Pinus taeda,Pinus taeda,species,Pinus taeda,2,380110;380129,Accepted;Illegitimate,380129,380129,Accepted,Species,Pinus taeda,380129,Pinus taeda,Species,Accepted,,,380129,Pinus taeda,Species,ACCEPTED_SPECIES,RESOLVED,,Direct WCVP Accepted species.,380129,Pinus taeda,ACCEPTED_ANALYSIS_SPECIES_ID_ONLY,16,d32ea2b3a85e489b14e83bcc9eae7274532e1d113753f7be290d4b2dfde573fa,23,16,FALSE,FALSE,SINGLE_SPECIES_LAYER,1,0,Pinus_taeda,DBH_BREAST_HEIGHT,N,5.0,1,1,1,exact,NOT_ASSESSED,,NOT_AVAILABLE_IN_FROZEN_FIA_INPUT,L.,L.,380129,Pinus taeda,L.,Species,Accepted,L.,Accepted,0,,,0,1,,0,0,,D08B_V01_FROZEN,ACCEPTED_SPECIES,RESOLVED,
132,Pinus virginiana,Pinus virginiana,species,Pinus virginiana,1,380091,Accepted,380091,380091,Accepted,Species,Pinus virginiana,380091,Pinus virginiana,Species,Accepted,,,380091,Pinus virginiana,Species,ACCEPTED_SPECIES,RESOLVED,,Direct WCVP Accepted species.,380091,Pinus virginiana,ACCEPTED_ANALYSIS_SPECIES_ID_ONLY,16,d32ea2b3a85e489b14e83bcc9eae7274532e1d113753f7be290d4b2dfde573fa,18,16,FALSE,FALSE,SINGLE_SPECIES_LAYER,1,0,Pinus_virginiana,DBH_BREAST_HEIGHT,N,5.0,1,1,1,exact,NOT_ASSESSED,,NOT_AVAILABLE_IN_FROZEN_FIA_INPUT,Mill.,Mill.,380091,Pinus virginiana,Mill.,Species,Accepted,Mill.,Accepted,0,,,0,1,,0,0,,D08B_V01_FROZEN,ACCEPTED_SPECIES,RESOLVED,
133,Pinus monophylla,Pinus monophylla,species,Pinus monophylla,1,380231,Accepted,380231,380231,Accepted,Species,Pinus monophylla,380231,Pinus monophylla,Species,Accepted,,,380231,Pinus monophylla,Species,ACCEPTED_SPECIES,RESOLVED,,Direct WCVP Accepted species.,380231,Pinus monophylla,ACCEPTED_ANALYSIS_SPECIES_ID_ONLY,16,d32ea2b3a85e489b14e83bcc9eae7274532e1d113753f7be290d4b2dfde573fa,5,5,FALSE,FALSE,SINGLE_SPECIES_LAYER,1,0,Pinus_monophylla,DRC_ROOT_COLLAR,Y,5.0,1,1,0,exact,NOT_ASSESSED,,NOT_AVAILABLE_IN_FROZEN_FIA_INPUT,Torr. & Frém.,Torr. & Frém.,380231,Pinus monophylla,Torr. & Frém.,Species,Accepted,Torr. & Frém.,Accepted,0,,,0,1,,0,0,,D08B_V01_FROZEN,ACCEPTED_SPECIES,RESOLVED,
134,Pinus discolor,Pinus discolor,species,Pinus discolor,1,379837,Accepted,379837,379837,Accepted,Species,Pinus discolor,379837,Pinus discolor,Species,Accepted,,,379837,Pinus discolor,Species,ACCEPTED_SPECIES,RESOLVED,,Direct WCVP Accepted species.,379837,Pinus discolor,ACCEPTED_ANALYSIS_SPECIES_ID_ONLY,16,d32ea2b3a85e489b14e83bcc9eae7274532e1d113753f7be290d4b2dfde573fa,4,4,TRUE,FALSE,UNRESOLVED,0,1,,DRC_ROOT_COLLAR,Y,5.0,1,1,0,unresolved,NOT_ASSESSED,,NOT_AVAILABLE_IN_FROZEN_FIA_INPUT,D.K.Bailey & Hawksw.,D.K.Bailey & Hawksw.,379837,Pinus discolor,D.K.Bailey & Hawksw.,Species,Accepted,D.K.Bailey & Hawksw.,Accepted,0,,,0,1,,0,0,,D08B_V01_FROZEN,ACCEPTED_SPECIES,RESOLVED,
135,Pinus arizonica,Pinus arizonica,species,Pinus arizonica,1,380503,Accepted,380503,380503,Accepted,Species,Pinus arizonica,380503,Pinus arizonica,Species,Accepted,,,380503,Pinus arizonica,Species,ACCEPTED_SPECIES,RESOLVED,,Direct WCVP Accepted species.,380503,Pinus arizonica,ACCEPTED_ANALYSIS_SPECIES_ID_ONLY,16,d32ea2b3a85e489b14e83bcc9eae7274532e1d113753f7be290d4b2dfde573fa,4,4,TRUE,FALSE,UNRESOLVED,0,1,,DBH_BREAST_HEIGHT,N,5.0,1,1,1,unresolved,NOT_ASSESSED,,NOT_AVAILABLE_IN_FROZEN_FIA_INPUT,Engelm.,Engelm.,380503,Pinus arizonica,Engelm.,Species,Accepted,Engelm.,Accepted,0,,,0,1,,0,0,,D08B_V01_FROZEN,ACCEPTED_SPECIES,RESOLVED,
136,Pinus nigra,Pinus nigra,species,Pinus nigra,3,380170;380171;380172,Accepted;Illegitimate,380171,380171,Accepted,Species,Pinus nigra,380171,Pinus nigra,Species,Accepted,,,380171,Pinus nigra,Species,ACCEPTED_SPECIES,RESOLVED,,Direct WCVP Accepted species.,380171,Pinus nigra,ACCEPTED_ANALYSIS_SPECIES_ID_ONLY,16,d32ea2b3a85e489b14e83bcc9eae7274532e1d113753f7be290d4b2dfde573fa,37,19,TRUE,TRUE,NOT_APPLICABLE_CONUS_NONNATIVE,0,0,,DBH_BREAST_HEIGHT,N,5.0,1,1,1,unresolved,NOT_ASSESSED,,NOT_AVAILABLE_IN_FROZEN_FIA_INPUT,J.F.Arnold,J.F.Arnold,380171,Pinus nigra,J.F.Arnold,Species,Accepted,J.F.Arnold,Accepted,0,,,0,1,,0,0,,D08B_V01_FROZEN,ACCEPTED_SPECIES,RESOLVED,
137,Pinus washoensis,Pinus washoensis,species,Pinus washoensis,1,380101,Synonym,466122,380101,Synonym,Species,Pinus washoensis,466122,Pinus ponderosa var. washoensis,Variety,Accepted,380358,Pinus ponderosa,380358,Pinus ponderosa,Species,SYNONYM_TO_ACCEPTED_INFRASPECIES_TO_PARENT_SPECIES,RESOLVED,,"WCVP Synonym resolved to an Accepted infraspecific taxon, then by parent_plant_name_id to its Accepted parent species.",380358,Pinus ponderosa,ACCEPTED_ANALYSIS_SPECIES_ID_ONLY,16,d32ea2b3a85e489b14e83bcc9eae7274532e1d113753f7be290d4b2dfde573fa,18,7,FALSE,FALSE,UNRESOLVED,0,1,,DBH_BREAST_HEIGHT,N,5.0,1,1,1,unresolved,NOT_ASSESSED,,NOT_AVAILABLE_IN_FROZEN_FIA_INPUT,H.Mason & Stockw.,(H.Mason & Stockw.) J.R.Haller & Vivrette,466122,Pinus ponderosa var. washoensis,(H.Mason & Stockw.) J.R.Haller & Vivrette,Variety,Accepted,Douglas ex C.Lawson,Accepted,0,,,0,1,,0,0,,D08B_V01_FROZEN,SYNONYM_TO_ACCEPTED_INFRASPECIES_TO_PARENT_SPECIES,RESOLVED,
140,Pinus cembroides,Pinus cembroides,species,Pinus cembroides,2,380484;380485,Accepted;Illegitimate,380484,380484,Accepted,Species,Pinus cembroides,380484,Pinus cembroides,Species,Accepted,,,380484,Pinus cembroides,Species,ACCEPTED_SPECIES,RESOLVED,,Direct WCVP Accepted species.,380484,Pinus cembroides,ACCEPTED_ANALYSIS_SPECIES_ID_ONLY,16,d32ea2b3a85e489b14e83bcc9eae7274532e1d113753f7be290d4b2dfde573fa,7,7,TRUE,FALSE,SINGLE_SPECIES_LAYER,1,1,,DRC_ROOT_COLLAR,Y,5.0,1,1,0,exact,NOT_ASSESSED,,NOT_AVAILABLE_IN_FROZEN_FIA_INPUT,Zucc.,Zucc.,380484,Pinus cembroides,Zucc.,Species,Accepted,Zucc.,Accepted,0,,,0,1,,0,0,,D08B_V01_FROZEN,ACCEPTED_SPECIES,RESOLVED,
141,Pinus remota,Pinus remota,species,Pinus remota,1,380317,Accepted,380317,380317,Accepted,Species,Pinus remota,380317,Pinus remota,Species,Accepted,,,380317,Pinus remota,Species,ACCEPTED_SPECIES,RESOLVED,,Direct WCVP Accepted species.,380317,Pinus remota,ACCEPTED_ANALYSIS_SPECIES_ID_ONLY,16,d32ea2b3a85e489b14e83bcc9eae7274532e1d113753f7be290d4b2dfde573fa,2,2,TRUE,FALSE,UNRESOLVED,0,1,,DRC_ROOT_COLLAR,Y,5.0,1,1,0,unresolved,NOT_ASSESSED,,NOT_AVAILABLE_IN_FROZEN_FIA_INPUT,(Little) D.K.Bailey & Hawksw.,(Little) D.K.Bailey & Hawksw.,380317,Pinus remota,(Little) D.K.Bailey & Hawksw.,Species,Accepted,(Little) D.K.Bailey & Hawksw.,Accepted,0,,,0,1,,0,0,,D08B_V01_FROZEN,ACCEPTED_SPECIES,RESOLVED,
142,Pinus longaeva,Pinus longaeva,species,Pinus longaeva,1,379762,Accepted,379762,379762,Accepted,Species,Pinus longaeva,379762,Pinus longaeva,Species,Accepted,,,379762,Pinus longaeva,Species,ACCEPTED_SPECIES,RESOLVED,,Direct WCVP Accepted species.,379762,Pinus longaeva,ACCEPTED_ANALYSIS_SPECIES_ID_ONLY,16,d32ea2b3a85e489b14e83bcc9eae7274532e1d113753f7be290d4b2dfde573fa,3,3,FALSE,FALSE,SINGLE_SPECIES_LAYER,1,1,,DBH_BREAST_HEIGHT,N,5.0,1,1,1,exact,NOT_ASSESSED,,NOT_AVAILABLE_IN_FROZEN_FIA_INPUT,D.K.Bailey,D.K.Bailey,379762,Pinus longaeva,D.K.Bailey,Species,Accepted,D.K.Bailey,Accepted,0,,,0,1,,0,0,,D08B_V01_FROZEN,ACCEPTED_SPECIES,RESOLVED,
143,Pinus monophylla var. fallax,Pinus monophylla var. fallax,infraspecies,Pinus monophylla var. fallax,1,380213,Synonym,3317681,380213,Synonym,Variety,Pinus monophylla var. fallax,3317681,Pinus × kohae,Species,Accepted,,,,,,ACCEPTED_HYBRID_NONCORE,RESOLVED_ACCEPTED_HYBRID_NONCORE,,FIA code/common-name concept matches the WCVP synonym; frozen WCVP IDs and POWO both resolve to Pinus × kohae.,,,AUDIT_ONLY_ACCEPTED_HYBRID_ID,16,d32ea2b3a85e489b14e83bcc9eae7274532e1d113753f7be290d4b2dfde573fa,,,,,NOT_APPLICABLE_NO_ORDINARY_ANALYSIS_SPECIES,0,0,,DRC_ROOT_COLLAR,Y,5.0,1,0,0,unresolved,NOT_ASSESSED,(Little) Silba [author from external authority; FIA species list itself omits author],AUTHOR_AVAILABLE_IN_ACCEPTED_CORRECTION_EVIDENCE,(Little) Silba,Frankis,3317681,Pinus × kohae,Frankis,Species,Accepted,,Accepted,1,P. californiarum × P. edulis,,1,0,Accepted hybrid/non-core object; excluded from ordinary accepted-species master.,1,1,ACCEPTED_HYBRID_NONCORE,Q1_D08B_TAXONOMY_CORRECTION_MAINLINE_DECISION_v01_20260902.md,SYNONYM_TO_ACCEPTED_SPECIES,RESOLVED,
201,Pseudotsuga macrocarpa,Pseudotsuga macrocarpa,species,Pseudotsuga macrocarpa,1,378313,Accepted,378313,378313,Accepted,Species,Pseudotsuga macrocarpa,378313,Pseudotsuga macrocarpa,Species,Accepted,,,378313,Pseudotsuga macrocarpa,Species,ACCEPTED_SPECIES,RESOLVED,,Direct WCVP Accepted species.,378313,Pseudotsuga macrocarpa,ACCEPTED_ANALYSIS_SPECIES_ID_ONLY,16,d32ea2b3a85e489b14e83bcc9eae7274532e1d113753f7be290d4b2dfde573fa,1,1,FALSE,FALSE,SINGLE_SPECIES_LAYER,1,0,Pseudotsuga_macrocarpa,DBH_BREAST_HEIGHT,N,5.0,1,1,1,exact,NOT_ASSESSED,,NOT_AVAILABLE_IN_FROZEN_FIA_INPUT,(Vasey) Mayr,(Vasey) Mayr,378313,Pseudotsuga macrocarpa,(Vasey) Mayr,Species,Accepted,(Vasey) Mayr,Accepted,0,,,0,1,,0,0,,D08B_V01_FROZEN,ACCEPTED_SPECIES,RESOLVED,
202,Pseudotsuga menziesii,Pseudotsuga menziesii,species,Pseudotsuga menziesii,1,379633,Accepted,379633,379633,Accepted,Species,Pseudotsuga menziesii,379633,Pseudotsuga menziesii,Species,Accepted,,,379633,Pseudotsuga menziesii,Species,ACCEPTED_SPECIES,RESOLVED,,Direct WCVP Accepted species.,379633,Pseudotsuga menziesii,ACCEPTED_ANALYSIS_SPECIES_ID_ONLY,16,d32ea2b3a85e489b14e83bcc9eae7274532e1d113753f7be290d4b2dfde573fa,45,19,TRUE,FALSE,SINGLE_SPECIES_LAYER,1,0,Pseudotsuga_menziesii,DBH_BREAST_HEIGHT,N,5.0,1,1,1,exact,NOT_ASSESSED,,NOT_AVAILABLE_IN_FROZEN_FIA_INPUT,(Mirb.) Franco,(Mirb.) Franco,379633,Pseudotsuga menziesii,(Mirb.) Franco,Species,Accepted,(Mirb.) Franco,Accepted,0,,,0,1,,0,0,,D08B_V01_FROZEN,ACCEPTED_SPECIES,RESOLVED,
211,Sequoia sempervirens,Sequoia sempervirens,species,Sequoia sempervirens,1,378988,Accepted,378988,378988,Accepted,Species,Sequoia sempervirens,378988,Sequoia sempervirens,Species,Accepted,,,378988,Sequoia sempervirens,Species,ACCEPTED_SPECIES,RESOLVED,,Direct WCVP Accepted species.,378988,Sequoia sempervirens,ACCEPTED_ANALYSIS_SPECIES_ID_ONLY,16,d32ea2b3a85e489b14e83bcc9eae7274532e1d113753f7be290d4b2dfde573fa,6,2,FALSE,FALSE,SINGLE_SPECIES_LAYER,1,0,Sequoia_sempervirens,DBH_BREAST_HEIGHT,N,5.0,1,1,1,exact,NOT_ASSESSED,,NOT_AVAILABLE_IN_FROZEN_FIA_INPUT,(D.Don) Endl.,(D.Don) Endl.,378988,Sequoia sempervirens,(D.Don) Endl.,Species,Accepted,(D.Don) Endl.,Accepted,0,,,0,1,,0,0,,D08B_V01_FROZEN,ACCEPTED_SPECIES,RESOLVED,
212,Sequoiadendron giganteum,Sequoiadendron giganteum,species,Sequoiadendron giganteum,1,381300,Accepted,381300,381300,Accepted,Species,Sequoiadendron giganteum,381300,Sequoiadendron giganteum,Species,Accepted,,,381300,Sequoiadendron giganteum,Species,ACCEPTED_SPECIES,RESOLVED,,Direct WCVP Accepted species.,381300,Sequoiadendron giganteum,ACCEPTED_ANALYSIS_SPECIES_ID_ONLY,16,d32ea2b3a85e489b14e83bcc9eae7274532e1d113753f7be290d4b2dfde573fa,6,1,FALSE,FALSE,SINGLE_SPECIES_LAYER,1,0,Sequoiadendron_giganteum,DBH_BREAST_HEIGHT,N,5.0,1,1,1,exact,NOT_ASSESSED,,NOT_AVAILABLE_IN_FROZEN_FIA_INPUT,(Lindl.) J.Buchholz,(Lindl.) J.Buchholz,381300,Sequoiadendron giganteum,(Lindl.) J.Buchholz,Species,Accepted,(Lindl.) J.Buchholz,Accepted,0,,,0,1,,0,0,,D08B_V01_FROZEN,ACCEPTED_SPECIES,RESOLVED,
221,Taxodium distichum,Taxodium distichum,species,Taxodium distichum,1,378596,Accepted,378596,378596,Accepted,Species,Taxodium distichum,378596,Taxodium distichum,Species,Accepted,,,378596,Taxodium distichum,Species,ACCEPTED_SPECIES,RESOLVED,,Direct WCVP Accepted species.,378596,Taxodium distichum,ACCEPTED_ANALYSIS_SPECIES_ID_ONLY,16,d32ea2b3a85e489b14e83bcc9eae7274532e1d113753f7be290d4b2dfde573fa,36,25,TRUE,FALSE,SINGLE_SPECIES_LAYER,1,0,Taxodium_distichum,DBH_BREAST_HEIGHT,N,5.0,1,1,1,exact,NOT_ASSESSED,,NOT_AVAILABLE_IN_FROZEN_FIA_INPUT,(L.) Rich.,(L.) Rich.,378596,Taxodium distichum,(L.) Rich.,Species,Accepted,(L.) Rich.,Accepted,0,,,0,1,,0,0,,D08B_V01_FROZEN,ACCEPTED_SPECIES,RESOLVED,
222,Taxodium ascendens,Taxodium ascendens,species,Taxodium ascendens,1,378594,Synonym,385841,378594,Synonym,Species,Taxodium ascendens,385841,Taxodium distichum var. imbricarium,Variety,Accepted,378596,Taxodium distichum,378596,Taxodium distichum,Species,SYNONYM_TO_ACCEPTED_INFRASPECIES_TO_PARENT_SPECIES,RESOLVED,,"WCVP Synonym resolved to an Accepted infraspecific taxon, then by parent_plant_name_id to its Accepted parent species.",378596,Taxodium distichum,ACCEPTED_ANALYSIS_SPECIES_ID_ONLY,16,d32ea2b3a85e489b14e83bcc9eae7274532e1d113753f7be290d4b2dfde573fa,36,25,TRUE,FALSE,SINGLE_SPECIES_LAYER,1,0,Taxodium_distichum,DBH_BREAST_HEIGHT,N,5.0,1,1,1,unresolved,NOT_ASSESSED,,NOT_AVAILABLE_IN_FROZEN_FIA_INPUT,Brongn.,(Nutt.) Croom,385841,Taxodium distichum var. imbricarium,(Nutt.) Croom,Variety,Accepted,(L.) Rich.,Accepted,0,,,0,1,,0,0,,D08B_V01_FROZEN,SYNONYM_TO_ACCEPTED_INFRASPECIES_TO_PARENT_SPECIES,RESOLVED,
231,Taxus brevifolia,Taxus brevifolia,species,Taxus brevifolia,1,378623,Accepted,378623,378623,Accepted,Species,Taxus brevifolia,378623,Taxus brevifolia,Species,Accepted,,,378623,Taxus brevifolia,Species,ACCEPTED_SPECIES,RESOLVED,,Direct WCVP Accepted species.,378623,Taxus brevifolia,ACCEPTED_ANALYSIS_SPECIES_ID_ONLY,16,d32ea2b3a85e489b14e83bcc9eae7274532e1d113753f7be290d4b2dfde573fa,8,8,FALSE,FALSE,SINGLE_SPECIES_LAYER,1,0,Taxus_brevifolia,DBH_BREAST_HEIGHT,N,5.0,1,1,1,exact,NOT_ASSESSED,,NOT_AVAILABLE_IN_FROZEN_FIA_INPUT,Nutt.,Nutt.,378623,Taxus brevifolia,Nutt.,Species,Accepted,Nutt.,Accepted,0,,,0,1,,0,0,,D08B_V01_FROZEN,ACCEPTED_SPECIES,RESOLVED,
241,Thuja occidentalis,Thuja occidentalis,species,Thuja occidentalis,1,378542,Accepted,378542,378542,Accepted,Species,Thuja occidentalis,378542,Thuja occidentalis,Species,Accepted,,,378542,Thuja occidentalis,Species,ACCEPTED_SPECIES,RESOLVED,,Direct WCVP Accepted species.,378542,Thuja occidentalis,ACCEPTED_ANALYSIS_SPECIES_ID_ONLY,16,d32ea2b3a85e489b14e83bcc9eae7274532e1d113753f7be290d4b2dfde573fa,44,27,FALSE,FALSE,SINGLE_SPECIES_LAYER,1,0,Thuja_occidentalis,DBH_BREAST_HEIGHT,N,5.0,1,1,1,exact,NOT_ASSESSED,,NOT_AVAILABLE_IN_FROZEN_FIA_INPUT,L.,L.,378542,Thuja occidentalis,L.,Species,Accepted,L.,Accepted,0,,,0,1,,0,0,,D08B_V01_FROZEN,ACCEPTED_SPECIES,RESOLVED,
242,Thuja plicata,Thuja plicata,species,Thuja plicata,1,378546,Accepted,378546,378546,Accepted,Species,Thuja plicata,378546,Thuja plicata,Species,Accepted,,,378546,Thuja plicata,Species,ACCEPTED_SPECIES,RESOLVED,,Direct WCVP Accepted species.,378546,Thuja plicata,ACCEPTED_ANALYSIS_SPECIES_ID_ONLY,16,d32ea2b3a85e489b14e83bcc9eae7274532e1d113753f7be290d4b2dfde573fa,20,8,FALSE,FALSE,SINGLE_SPECIES_LAYER,1,0,Thuja_plicata,DBH_BREAST_HEIGHT,N,5.0,1,1,1,exact,NOT_ASSESSED,,NOT_AVAILABLE_IN_FROZEN_FIA_INPUT,Donn ex D.Don,Donn ex D.Don,378546,Thuja plicata,Donn ex D.Don,Species,Accepted,Donn ex D.Don,Accepted,0,,,0,1,,0,0,,D08B_V01_FROZEN,ACCEPTED_SPECIES,RESOLVED,
251,Torreya californica,Torreya californica,species,Torreya californica,1,378636,Accepted,378636,378636,Accepted,Species,Torreya californica,378636,Torreya californica,Species,Accepted,,,378636,Torreya californica,Species,ACCEPTED_SPECIES,RESOLVED,,Direct WCVP Accepted species.,378636,Torreya californica,ACCEPTED_ANALYSIS_SPECIES_ID_ONLY,16,d32ea2b3a85e489b14e83bcc9eae7274532e1d113753f7be290d4b2dfde573fa,1,1,FALSE,FALSE,SINGLE_SPECIES_LAYER,1,0,Torreya_californica,DBH_BREAST_HEIGHT,N,5.0,1,1,1,exact,NOT_ASSESSED,,NOT_AVAILABLE_IN_FROZEN_FIA_INPUT,Torr.,Torr.,378636,Torreya californica,Torr.,Species,Accepted,Torr.,Accepted,0,,,0,1,,0,0,,D08B_V01_FROZEN,ACCEPTED_SPECIES,RESOLVED,
261,Tsuga canadensis,Tsuga canadensis,species,Tsuga canadensis,1,379363,Accepted,379363,379363,Accepted,Species,Tsuga canadensis,379363,Tsuga canadensis,Species,Accepted,,,379363,Tsuga canadensis,Species,ACCEPTED_SPECIES,RESOLVED,,Direct WCVP Accepted species.,379363,Tsuga canadensis,ACCEPTED_ANALYSIS_SPECIES_ID_ONLY,16,d32ea2b3a85e489b14e83bcc9eae7274532e1d113753f7be290d4b2dfde573fa,32,28,FALSE,FALSE,SINGLE_SPECIES_LAYER,1,0,Tsuga_canadensis,DBH_BREAST_HEIGHT,N,5.0,1,1,1,exact,NOT_ASSESSED,,NOT_AVAILABLE_IN_FROZEN_FIA_INPUT,(L.) Carrière,(L.) Carrière,379363,Tsuga canadensis,(L.) Carrière,Species,Accepted,(L.) Carrière,Accepted,0,,,0,1,,0,0,,D08B_V01_FROZEN,ACCEPTED_SPECIES,RESOLVED,
262,Tsuga caroliniana,Tsuga caroliniana,species,Tsuga caroliniana,1,379383,Accepted,379383,379383,Accepted,Species,Tsuga caroliniana,379383,Tsuga caroliniana,Species,Accepted,,,379383,Tsuga caroliniana,Species,ACCEPTED_SPECIES,RESOLVED,,Direct WCVP Accepted species.,379383,Tsuga caroliniana,ACCEPTED_ANALYSIS_SPECIES_ID_ONLY,16,d32ea2b3a85e489b14e83bcc9eae7274532e1d113753f7be290d4b2dfde573fa,5,5,FALSE,FALSE,SINGLE_SPECIES_LAYER,1,0,Tsuga_caroliniana,DBH_BREAST_HEIGHT,N,5.0,1,1,1,exact,NOT_ASSESSED,,NOT_AVAILABLE_IN_FROZEN_FIA_INPUT,Engelm.,Engelm.,379383,Tsuga caroliniana,Engelm.,Species,Accepted,Engelm.,Accepted,0,,,0,1,,0,0,,D08B_V01_FROZEN,ACCEPTED_SPECIES,RESOLVED,
263,Tsuga heterophylla,Tsuga heterophylla,species,Tsuga heterophylla,1,379395,Accepted,379395,379395,Accepted,Species,Tsuga heterophylla,379395,Tsuga heterophylla,Species,Accepted,,,379395,Tsuga heterophylla,Species,ACCEPTED_SPECIES,RESOLVED,,Direct WCVP Accepted species.,379395,Tsuga heterophylla,ACCEPTED_ANALYSIS_SPECIES_ID_ONLY,16,d32ea2b3a85e489b14e83bcc9eae7274532e1d113753f7be290d4b2dfde573fa,15,8,FALSE,FALSE,SINGLE_SPECIES_LAYER,1,0,Tsuga_heterophylla,DBH_BREAST_HEIGHT,N,5.0,1,1,1,exact,NOT_ASSESSED,,NOT_AVAILABLE_IN_FROZEN_FIA_INPUT,(Raf.) Sarg.,(Raf.) Sarg.,379395,Tsuga heterophylla,(Raf.) Sarg.,Species,Accepted,(Raf.) Sarg.,Accepted,0,,,0,1,,0,0,,D08B_V01_FROZEN,ACCEPTED_SPECIES,RESOLVED,
264,Tsuga mertensiana,Tsuga mertensiana,species,Tsuga mertensiana,1,379433,Accepted,379433,379433,Accepted,Species,Tsuga mertensiana,379433,Tsuga mertensiana,Species,Accepted,,,379433,Tsuga mertensiana,Species,ACCEPTED_SPECIES,RESOLVED,,Direct WCVP Accepted species.,379433,Tsuga mertensiana,ACCEPTED_ANALYSIS_SPECIES_ID_ONLY,16,d32ea2b3a85e489b14e83bcc9eae7274532e1d113753f7be290d4b2dfde573fa,10,8,FALSE,FALSE,UNRESOLVED,0,1,,DBH_BREAST_HEIGHT,N,5.0,1,1,1,exact,NOT_ASSESSED,,NOT_AVAILABLE_IN_FROZEN_FIA_INPUT,(Bong.) Oerst.,(Bong.) Oerst.,379433,Tsuga mertensiana,(Bong.) Oerst.,Species,Accepted,(Bong.) Oerst.,Accepted,0,,,0,1,,0,0,,D08B_V01_FROZEN,ACCEPTED_SPECIES,RESOLVED,
303,Acacia farnesiana,Acacia farnesiana,species,Acacia farnesiana,1,2612172,Synonym,2452405,2612172,Synonym,Species,Acacia farnesiana,2452405,Vachellia farnesiana,Species,Accepted,,,2452405,Vachellia farnesiana,Species,SYNONYM_TO_ACCEPTED_SPECIES,RESOLVED,,Exact WCVP Synonym resolved by accepted_plant_name_id to an Accepted species.,2452405,Vachellia farnesiana,ACCEPTED_ANALYSIS_SPECIES_ID_ONLY,16,d32ea2b3a85e489b14e83bcc9eae7274532e1d113753f7be290d4b2dfde573fa,133,50,TRUE,TRUE,SINGLE_OFFICIAL_ALIAS_LAYER,1,0,Acacia_farnesiana,DRC_ROOT_COLLAR,Y,5.0,1,1,0,exact,NOT_ASSESSED,,NOT_AVAILABLE_IN_FROZEN_FIA_INPUT,(L.) Willd.,(L.) Wight & Arn.,2452405,Vachellia farnesiana,(L.) Wight & Arn.,Species,Accepted,(L.) Wight & Arn.,Accepted,0,,,0,1,,0,0,,D08B_V01_FROZEN,SYNONYM_TO_ACCEPTED_SPECIES,RESOLVED,
311,Acer barbatum,Acer barbatum,species,Acer barbatum,2,2615386;2615387,Misapplied;Synonym,3261559,2615386,Synonym,Species,Acer barbatum,3261559,Acer saccharum var. saccharum,Variety,Accepted,2616387,Acer saccharum,2616387,Acer saccharum,Species,SYNONYM_TO_ACCEPTED_INFRASPECIES_TO_PARENT_SPECIES,RESOLVED,,"WCVP Synonym resolved to an Accepted infraspecific taxon, then by parent_plant_name_id to its Accepted parent species.",2616387,Acer saccharum,ACCEPTED_ANALYSIS_SPECIES_ID_ONLY,16,d32ea2b3a85e489b14e83bcc9eae7274532e1d113753f7be290d4b2dfde573fa,46,42,FALSE,FALSE,SINGLE_SPECIES_LAYER,1,0,Acer_saccharum,DBH_BREAST_HEIGHT,N,5.0,1,1,1,exact,NOT_ASSESSED,,NOT_AVAILABLE_IN_FROZEN_FIA_INPUT,Michx.,,3261559,Acer saccharum var. saccharum,,Variety,Accepted,Marshall,Accepted,0,,,0,1,,0,0,,D08B_V01_FROZEN,SYNONYM_TO_ACCEPTED_INFRASPECIES_TO_PARENT_SPECIES,RESOLVED,
312,Acer macrophyllum,Acer macrophyllum,species,Acer macrophyllum,1,2615900,Accepted,2615900,2615900,Accepted,Species,Acer macrophyllum,2615900,Acer macrophyllum,Species,Accepted,,,2615900,Acer macrophyllum,Species,ACCEPTED_SPECIES,RESOLVED,,Direct WCVP Accepted species.,2615900,Acer macrophyllum,ACCEPTED_ANALYSIS_SPECIES_ID_ONLY,16,d32ea2b3a85e489b14e83bcc9eae7274532e1d113753f7be290d4b2dfde573fa,4,4,FALSE,FALSE,SINGLE_SPECIES_LAYER,1,0,Acer_macrophyllum,DBH_BREAST_HEIGHT,N,5.0,1,1,1,exact,NOT_ASSESSED,,NOT_AVAILABLE_IN_FROZEN_FIA_INPUT,Pursh,Pursh,2615900,Acer macrophyllum,Pursh,Species,Accepted,Pursh,Accepted,0,,,0,1,,0,0,,D08B_V01_FROZEN,ACCEPTED_SPECIES,RESOLVED,
313,Acer negundo,Acer negundo,species,Acer negundo,1,2616024,Accepted,2616024,2616024,Accepted,Species,Acer negundo,2616024,Acer negundo,Species,Accepted,,,2616024,Acer negundo,Species,ACCEPTED_SPECIES,RESOLVED,,Direct WCVP Accepted species.,2616024,Acer negundo,ACCEPTED_ANALYSIS_SPECIES_ID_ONLY,16,d32ea2b3a85e489b14e83bcc9eae7274532e1d113753f7be290d4b2dfde573fa,120,68,TRUE,FALSE,SINGLE_SPECIES_LAYER,1,0,Acer_negundo,DBH_BREAST_HEIGHT,N,5.0,1,1,1,exact,NOT_ASSESSED,,NOT_AVAILABLE_IN_FROZEN_FIA_INPUT,L.,L.,2616024,Acer negundo,L.,Species,Accepted,L.,Accepted,0,,,0,1,,0,0,,D08B_V01_FROZEN,ACCEPTED_SPECIES,RESOLVED,
314,Acer nigrum,Acer nigrum,species,Acer nigrum,1,2616060,Accepted,2616060,2616060,Accepted,Species,Acer nigrum,2616060,Acer nigrum,Species,Accepted,,,2616060,Acer nigrum,Species,ACCEPTED_SPECIES,RESOLVED,,Direct WCVP Accepted species.,2616060,Acer nigrum,ACCEPTED_ANALYSIS_SPECIES_ID_ONLY,16,d32ea2b3a85e489b14e83bcc9eae7274532e1d113753f7be290d4b2dfde573fa,28,28,FALSE,FALSE,SINGLE_SPECIES_LAYER,1,0,Acer_nigrum,DBH_BREAST_HEIGHT,N,5.0,1,1,1,exact,NOT_ASSESSED,,NOT_AVAILABLE_IN_FROZEN_FIA_INPUT,F.Michx.,F.Michx.,2616060,Acer nigrum,F.Michx.,Species,Accepted,F.Michx.,Accepted,0,,,0,1,,0,0,,D08B_V01_FROZEN,ACCEPTED_SPECIES,RESOLVED,
315,Acer pensylvanicum,Acer pensylvanicum,species,Acer pensylvanicum,1,2616210,Accepted,2616210,2616210,Accepted,Species,Acer pensylvanicum,2616210,Acer pensylvanicum,Species,Accepted,,,2616210,Acer pensylvanicum,Species,ACCEPTED_SPECIES,RESOLVED,,Direct WCVP Accepted species.,2616210,Acer pensylvanicum,ACCEPTED_ANALYSIS_SPECIES_ID_ONLY,16,d32ea2b3a85e489b14e83bcc9eae7274532e1d113753f7be290d4b2dfde573fa,26,26,FALSE,FALSE,SINGLE_SPECIES_LAYER,1,0,Acer_pensylvanicum,DBH_BREAST_HEIGHT,N,5.0,1,1,1,exact,NOT_ASSESSED,,NOT_AVAILABLE_IN_FROZEN_FIA_INPUT,L.,L.,2616210,Acer pensylvanicum,L.,Species,Accepted,L.,Accepted,0,,,0,1,,0,0,,D08B_V01_FROZEN,ACCEPTED_SPECIES,RESOLVED,
316,Acer rubrum,Acer rubrum,species,Acer rubrum,1,2616329,Accepted,2616329,2616329,Accepted,Species,Acer rubrum,2616329,Acer rubrum,Species,Accepted,,,2616329,Acer rubrum,Species,ACCEPTED_SPECIES,RESOLVED,,Direct WCVP Accepted species.,2616329,Acer rubrum,ACCEPTED_ANALYSIS_SPECIES_ID_ONLY,16,d32ea2b3a85e489b14e83bcc9eae7274532e1d113753f7be290d4b2dfde573fa,50,43,FALSE,FALSE,SINGLE_SPECIES_LAYER,1,0,Acer_rubrum,DBH_BREAST_HEIGHT,N,5.0,1,1,1,exact,NOT_ASSESSED,,NOT_AVAILABLE_IN_FROZEN_FIA_INPUT,L.,L.,2616329,Acer rubrum,L.,Species,Accepted,L.,Accepted,0,,,0,1,,0,0,,D08B_V01_FROZEN,ACCEPTED_SPECIES,RESOLVED,
317,Acer saccharinum,Acer saccharinum,species,Acer saccharinum,1,2616367,Accepted,2616367,2616367,Accepted,Species,Acer saccharinum,2616367,Acer saccharinum,Species,Accepted,,,2616367,Acer saccharinum,Species,ACCEPTED_SPECIES,RESOLVED,,Direct WCVP Accepted species.,2616367,Acer saccharinum,ACCEPTED_ANALYSIS_SPECIES_ID_ONLY,16,d32ea2b3a85e489b14e83bcc9eae7274532e1d113753f7be290d4b2dfde573fa,63,42,FALSE,FALSE,SINGLE_SPECIES_LAYER,1,0,Acer_saccharinum,DBH_BREAST_HEIGHT,N,5.0,1,1,1,exact,NOT_ASSESSED,,NOT_AVAILABLE_IN_FROZEN_FIA_INPUT,L.,L.,2616367,Acer saccharinum,L.,Species,Accepted,L.,Accepted,0,,,0,1,,0,0,,D08B_V01_FROZEN,ACCEPTED_SPECIES,RESOLVED,
318,Acer saccharum,Acer saccharum,species,Acer saccharum,1,2616387,Accepted,2616387,2616387,Accepted,Species,Acer saccharum,2616387,Acer saccharum,Species,Accepted,,,2616387,Acer saccharum,Species,ACCEPTED_SPECIES,RESOLVED,,Direct WCVP Accepted species.,2616387,Acer saccharum,ACCEPTED_ANALYSIS_SPECIES_ID_ONLY,16,d32ea2b3a85e489b14e83bcc9eae7274532e1d113753f7be290d4b2dfde573fa,46,42,FALSE,FALSE,SINGLE_SPECIES_LAYER,1,0,Acer_saccharum,DBH_BREAST_HEIGHT,N,5.0,1,1,1,exact,NOT_ASSESSED,,NOT_AVAILABLE_IN_FROZEN_FIA_INPUT,Marshall,Marshall,2616387,Acer saccharum,Marshall,Species,Accepted,Marshall,Accepted,0,,,0,1,,0,0,,D08B_V01_FROZEN,ACCEPTED_SPECIES,RESOLVED,
319,Acer spicatum,Acer spicatum,species,Acer spicatum,1,2616481,Accepted,2616481,2616481,Accepted,Species,Acer spicatum,2616481,Acer spicatum,Species,Accepted,,,2616481,Acer spicatum,Species,ACCEPTED_SPECIES,RESOLVED,,Direct WCVP Accepted species.,2616481,Acer spicatum,ACCEPTED_ANALYSIS_SPECIES_ID_ONLY,16,d32ea2b3a85e489b14e83bcc9eae7274532e1d113753f7be290d4b2dfde573fa,32,32,FALSE,FALSE,SINGLE_SPECIES_LAYER,1,0,Acer_spicatum,DBH_BREAST_HEIGHT,N,5.0,1,1,1,exact,NOT_ASSESSED,,NOT_AVAILABLE_IN_FROZEN_FIA_INPUT,Lam.,Lam.,2616481,Acer spicatum,Lam.,Species,Accepted,Lam.,Accepted,0,,,0,1,,0,0,,D08B_V01_FROZEN,ACCEPTED_SPECIES,RESOLVED,
320,Acer platanoides,Acer platanoides,species,Acer platanoides,1,2616254,Accepted,2616254,2616254,Accepted,Species,Acer platanoides,2616254,Acer platanoides,Species,Accepted,,,2616254,Acer platanoides,Species,ACCEPTED_SPECIES,RESOLVED,,Direct WCVP Accepted species.,2616254,Acer platanoides,ACCEPTED_ANALYSIS_SPECIES_ID_ONLY,16,d32ea2b3a85e489b14e83bcc9eae7274532e1d113753f7be290d4b2dfde573fa,76,35,TRUE,TRUE,NOT_APPLICABLE_CONUS_NONNATIVE,0,0,,DBH_BREAST_HEIGHT,N,5.0,1,1,1,unresolved,NOT_ASSESSED,,NOT_AVAILABLE_IN_FROZEN_FIA_INPUT,L.,L.,2616254,Acer platanoides,L.,Species,Accepted,L.,Accepted,0,,,0,1,,0,0,,D08B_V01_FROZEN,ACCEPTED_SPECIES,RESOLVED,
322,Acer grandidentatum,Acer grandidentatum,species,Acer grandidentatum,1,2615689,Accepted,2615689,2615689,Accepted,Species,Acer grandidentatum,2615689,Acer grandidentatum,Species,Accepted,,,2615689,Acer grandidentatum,Species,ACCEPTED_SPECIES,RESOLVED,,Direct WCVP Accepted species.,2615689,Acer grandidentatum,ACCEPTED_ANALYSIS_SPECIES_ID_ONLY,16,d32ea2b3a85e489b14e83bcc9eae7274532e1d113753f7be290d4b2dfde573fa,12,12,TRUE,FALSE,SINGLE_SPECIES_LAYER,1,0,Acer_grandidentatum,DRC_ROOT_COLLAR,Y,5.0,1,1,0,exact,NOT_ASSESSED,,NOT_AVAILABLE_IN_FROZEN_FIA_INPUT,Nutt.,Nutt.,2615689,Acer grandidentatum,Nutt.,Species,Accepted,Nutt.,Accepted,0,,,0,1,,0,0,,D08B_V01_FROZEN,ACCEPTED_SPECIES,RESOLVED,
323,Acer leucoderme,Acer leucoderme,species,Acer leucoderme,1,2615862,Accepted,2615862,2615862,Accepted,Species,Acer leucoderme,2615862,Acer leucoderme,Species,Accepted,,,2615862,Acer leucoderme,Species,ACCEPTED_SPECIES,RESOLVED,,Direct WCVP Accepted species.,2615862,Acer leucoderme,ACCEPTED_ANALYSIS_SPECIES_ID_ONLY,16,d32ea2b3a85e489b14e83bcc9eae7274532e1d113753f7be290d4b2dfde573fa,11,11,FALSE,FALSE,SINGLE_SPECIES_LAYER,1,0,Acer_leucoderme,DBH_BREAST_HEIGHT,N,5.0,1,1,1,exact,NOT_ASSESSED,,NOT_AVAILABLE_IN_FROZEN_FIA_INPUT,Small,Small,2615862,Acer leucoderme,Small,Species,Accepted,Small,Accepted,0,,,0,1,,0,0,,D08B_V01_FROZEN,ACCEPTED_SPECIES,RESOLVED,
331,Aesculus glabra,Aesculus glabra,species,Aesculus glabra,1,2624506,Accepted,2624506,2624506,Accepted,Species,Aesculus glabra,2624506,Aesculus glabra,Species,Accepted,,,2624506,Aesculus glabra,Species,ACCEPTED_SPECIES,RESOLVED,,Direct WCVP Accepted species.,2624506,Aesculus glabra,ACCEPTED_ANALYSIS_SPECIES_ID_ONLY,16,d32ea2b3a85e489b14e83bcc9eae7274532e1d113753f7be290d4b2dfde573fa,26,25,FALSE,FALSE,SINGLE_SPECIES_LAYER,1,0,Aesculus_glabra,DBH_BREAST_HEIGHT,N,5.0,1,1,1,exact,NOT_ASSESSED,,NOT_AVAILABLE_IN_FROZEN_FIA_INPUT,Willd.,Willd.,2624506,Aesculus glabra,Willd.,Species,Accepted,Willd.,Accepted,0,,,0,1,,0,0,,D08B_V01_FROZEN,ACCEPTED_SPECIES,RESOLVED,
332,Aesculus flava,Aesculus flava,species,Aesculus flava,1,2624500,Accepted,2624500,2624500,Accepted,Species,Aesculus flava,2624500,Aesculus flava,Species,Accepted,,,2624500,Aesculus flava,Species,ACCEPTED_SPECIES,RESOLVED,,Direct WCVP Accepted species.,2624500,Aesculus flava,ACCEPTED_ANALYSIS_SPECIES_ID_ONLY,16,d32ea2b3a85e489b14e83bcc9eae7274532e1d113753f7be290d4b2dfde573fa,16,13,FALSE,FALSE,SINGLE_OFFICIAL_ALIAS_LAYER,1,0,Aesculus_octandra,DBH_BREAST_HEIGHT,N,5.0,1,1,1,unresolved,NOT_ASSESSED,,NOT_AVAILABLE_IN_FROZEN_FIA_INPUT,Sol.,Sol.,2624500,Aesculus flava,Sol.,Species,Accepted,Sol.,Accepted,0,,,0,1,,0,0,,D08B_V01_FROZEN,ACCEPTED_SPECIES,RESOLVED,
333,Aesculus californica,Aesculus californica,species,Aesculus californica,1,2624481,Accepted,2624481,2624481,Accepted,Species,Aesculus californica,2624481,Aesculus californica,Species,Accepted,,,2624481,Aesculus californica,Species,ACCEPTED_SPECIES,RESOLVED,,Direct WCVP Accepted species.,2624481,Aesculus californica,ACCEPTED_ANALYSIS_SPECIES_ID_ONLY,16,d32ea2b3a85e489b14e83bcc9eae7274532e1d113753f7be290d4b2dfde573fa,1,1,FALSE,FALSE,SINGLE_SPECIES_LAYER,1,0,Aesculus_californica,DBH_BREAST_HEIGHT,N,5.0,1,1,1,exact,NOT_ASSESSED,,NOT_AVAILABLE_IN_FROZEN_FIA_INPUT,(Spach) Nutt.,(Spach) Nutt.,2624481,Aesculus californica,(Spach) Nutt.,Species,Accepted,(Spach) Nutt.,Accepted,0,,,0,1,,0,0,,D08B_V01_FROZEN,ACCEPTED_SPECIES,RESOLVED,
334,Aesculus glabra var. arguta,Aesculus glabra var. arguta,infraspecies,Aesculus glabra var. arguta,1,2624507,Accepted,2624507,2624507,Accepted,Variety,Aesculus glabra var. arguta,2624507,Aesculus glabra var. arguta,Variety,Accepted,2624506,Aesculus glabra,2624506,Aesculus glabra,Species,ACCEPTED_INFRASPECIES_TO_PARENT_SPECIES,RESOLVED,,Accepted infraspecific taxon mapped by parent_plant_name_id to its Accepted parent species.,2624506,Aesculus glabra,ACCEPTED_ANALYSIS_SPECIES_ID_ONLY,16,d32ea2b3a85e489b14e83bcc9eae7274532e1d113753f7be290d4b2dfde573fa,26,25,FALSE,FALSE,SINGLE_SPECIES_LAYER,1,0,Aesculus_glabra,DBH_BREAST_HEIGHT,N,5.0,1,1,1,unresolved,NOT_ASSESSED,,NOT_AVAILABLE_IN_FROZEN_FIA_INPUT,(Buckley) Rob.,(Buckley) Rob.,2624507,Aesculus glabra var. arguta,(Buckley) Rob.,Variety,Accepted,Willd.,Accepted,0,,,0,1,,0,0,,D08B_V01_FROZEN,ACCEPTED_INFRASPECIES_TO_PARENT_SPECIES,RESOLVED,
341,Ailanthus altissima,Ailanthus altissima,species,Ailanthus altissima,1,2626815,Accepted,2626815,2626815,Accepted,Species,Ailanthus altissima,2626815,Ailanthus altissima,Species,Accepted,,,2626815,Ailanthus altissima,Species,ACCEPTED_SPECIES,RESOLVED,,Direct WCVP Accepted species.,2626815,Ailanthus altissima,ACCEPTED_ANALYSIS_SPECIES_ID_ONLY,16,d32ea2b3a85e489b14e83bcc9eae7274532e1d113753f7be290d4b2dfde573fa,120,8,TRUE,TRUE,NOT_APPLICABLE_CONUS_NONNATIVE,0,0,,DBH_BREAST_HEIGHT,N,5.0,1,1,1,unresolved,NOT_ASSESSED,,NOT_AVAILABLE_IN_FROZEN_FIA_INPUT,(Mill.) Swingle,(Mill.) Swingle,2626815,Ailanthus altissima,(Mill.) Swingle,Species,Accepted,(Mill.) Swingle,Accepted,0,,,0,1,,0,0,,D08B_V01_FROZEN,ACCEPTED_SPECIES,RESOLVED,
345,Albizia julibrissin,Albizia julibrissin,species,Albizia julibrissin,1,2627374,Accepted,2627374,2627374,Accepted,Species,Albizia julibrissin,2627374,Albizia julibrissin,Species,Accepted,,,2627374,Albizia julibrissin,Species,ACCEPTED_SPECIES,RESOLVED,,Direct WCVP Accepted species.,2627374,Albizia julibrissin,ACCEPTED_ANALYSIS_SPECIES_ID_ONLY,16,d32ea2b3a85e489b14e83bcc9eae7274532e1d113753f7be290d4b2dfde573fa,66,16,TRUE,TRUE,NOT_APPLICABLE_CONUS_NONNATIVE,0,0,,DBH_BREAST_HEIGHT,N,5.0,1,1,1,unresolved,NOT_ASSESSED,,NOT_AVAILABLE_IN_FROZEN_FIA_INPUT,Durazz.,Durazz.,2627374,Albizia julibrissin,Durazz.,Species,Accepted,Durazz.,Accepted,0,,,0,1,,0,0,,D08B_V01_FROZEN,ACCEPTED_SPECIES,RESOLVED,
350,Alnus spp.,Alnus spp.,species,Alnus spp.,0,,,,,,,,,,,,,,,,,GENUS_OR_NON_SPECIES_AGGREGATE,CLASSIFIED_NON_SPECIES,,FIA name is a genus/non-species aggregate or unknown object; no species assignment permitted.,,,NOT_APPLICABLE_NO_ANALYSIS_SPECIES,16,d32ea2b3a85e489b14e83bcc9eae7274532e1d113753f7be290d4b2dfde573fa,,,,,NOT_APPLICABLE_NO_ORDINARY_ANALYSIS_SPECIES,0,0,,DBH_BREAST_HEIGHT,N,5.0,1,1,1,unresolved,NOT_ASSESSED,,NOT_AVAILABLE_IN_FROZEN_FIA_INPUT,,,,,,,,,,0,,,0,0,FIA name is a genus/non-species aggregate or unknown object; no species assignment permitted.,0,0,,D08B_V01_FROZEN,GENUS_OR_NON_SPECIES_AGGREGATE,CLASSIFIED_NON_SPECIES,
351,Alnus rubra,Alnus rubra,species,Alnus rubra,2,6584;6585,Accepted;Illegitimate,6584,6584,Accepted,Species,Alnus rubra,6584,Alnus rubra,Species,Accepted,,,6584,Alnus rubra,Species,ACCEPTED_SPECIES,RESOLVED,,Direct WCVP Accepted species.,6584,Alnus rubra,ACCEPTED_ANALYSIS_SPECIES_ID_ONLY,16,d32ea2b3a85e489b14e83bcc9eae7274532e1d113753f7be290d4b2dfde573fa,10,8,FALSE,FALSE,SINGLE_SPECIES_LAYER,1,0,Alnus_rubra,DBH_BREAST_HEIGHT,N,5.0,1,1,1,exact,NOT_ASSESSED,,NOT_AVAILABLE_IN_FROZEN_FIA_INPUT,Bong.,Bong.,6584,Alnus rubra,Bong.,Species,Accepted,Bong.,Accepted,0,,,0,1,,0,0,,D08B_V01_FROZEN,ACCEPTED_SPECIES,RESOLVED,
352,Alnus rhombifolia,Alnus rhombifolia,species,Alnus rhombifolia,1,6578,Accepted,6578,6578,Accepted,Species,Alnus rhombifolia,6578,Alnus rhombifolia,Species,Accepted,,,6578,Alnus rhombifolia,Species,ACCEPTED_SPECIES,RESOLVED,,Direct WCVP Accepted species.,6578,Alnus rhombifolia,ACCEPTED_ANALYSIS_SPECIES_ID_ONLY,16,d32ea2b3a85e489b14e83bcc9eae7274532e1d113753f7be290d4b2dfde573fa,6,6,TRUE,FALSE,SINGLE_SPECIES_LAYER,1,0,Alnus_rhombifolia,DBH_BREAST_HEIGHT,N,5.0,1,1,1,exact,NOT_ASSESSED,,NOT_AVAILABLE_IN_FROZEN_FIA_INPUT,Nutt.,Nutt.,6578,Alnus rhombifolia,Nutt.,Species,Accepted,Nutt.,Accepted,0,,,0,1,,0,0,,D08B_V01_FROZEN,ACCEPTED_SPECIES,RESOLVED,
353,Alnus oblongifolia,Alnus oblongifolia,species,Alnus oblongifolia,1,6544,Accepted,6544,6544,Accepted,Species,Alnus oblongifolia,6544,Alnus oblongifolia,Species,Accepted,,,6544,Alnus oblongifolia,Species,ACCEPTED_SPECIES,RESOLVED,,Direct WCVP Accepted species.,6544,Alnus oblongifolia,ACCEPTED_ANALYSIS_SPECIES_ID_ONLY,16,d32ea2b3a85e489b14e83bcc9eae7274532e1d113753f7be290d4b2dfde573fa,4,4,TRUE,FALSE,SINGLE_SPECIES_LAYER,1,0,Alnus_oblongifolia,DBH_BREAST_HEIGHT,N,5.0,1,1,1,exact,NOT_ASSESSED,,NOT_AVAILABLE_IN_FROZEN_FIA_INPUT,Torr.,Torr.,6544,Alnus oblongifolia,Torr.,Species,Accepted,Torr.,Accepted,0,,,0,1,,0,0,,D08B_V01_FROZEN,ACCEPTED_SPECIES,RESOLVED,
355,Alnus glutinosa,Alnus glutinosa,species,Alnus glutinosa,1,6364,Accepted,6364,6364,Accepted,Species,Alnus glutinosa,6364,Alnus glutinosa,Species,Accepted,,,6364,Alnus glutinosa,Species,ACCEPTED_SPECIES,RESOLVED,,Direct WCVP Accepted species.,6364,Alnus glutinosa,ACCEPTED_ANALYSIS_SPECIES_ID_ONLY,16,d32ea2b3a85e489b14e83bcc9eae7274532e1d113753f7be290d4b2dfde573fa,73,46,TRUE,TRUE,NOT_APPLICABLE_CONUS_NONNATIVE,0,0,,DBH_BREAST_HEIGHT,N,5.0,1,1,1,unresolved,NOT_ASSESSED,,NOT_AVAILABLE_IN_FROZEN_FIA_INPUT,(L.) Gaertn.,(L.) Gaertn.,6364,Alnus glutinosa,(L.) Gaertn.,Species,Accepted,(L.) Gaertn.,Accepted,0,,,0,1,,0,0,,D08B_V01_FROZEN,ACCEPTED_SPECIES,RESOLVED,
356,Amelanchier spp.,Amelanchier spp.,species,Amelanchier spp.,0,,,,,,,,,,,,,,,,,GENUS_OR_NON_SPECIES_AGGREGATE,CLASSIFIED_NON_SPECIES,,FIA name is a genus/non-species aggregate or unknown object; no species assignment permitted.,,,NOT_APPLICABLE_NO_ANALYSIS_SPECIES,16,d32ea2b3a85e489b14e83bcc9eae7274532e1d113753f7be290d4b2dfde573fa,,,,,NOT_APPLICABLE_NO_ORDINARY_ANALYSIS_SPECIES,0,0,,DBH_BREAST_HEIGHT,N,5.0,1,1,1,unresolved,NOT_ASSESSED,,NOT_AVAILABLE_IN_FROZEN_FIA_INPUT,,,,,,,,,,0,,,0,0,FIA name is a genus/non-species aggregate or unknown object; no species assignment permitted.,0,0,,D08B_V01_FROZEN,GENUS_OR_NON_SPECIES_AGGREGATE,CLASSIFIED_NON_SPECIES,
357,Amelanchier arborea,Amelanchier arborea,species,Amelanchier arborea,1,2940130,Accepted,2940130,2940130,Accepted,Species,Amelanchier arborea,2940130,Amelanchier arborea,Species,Accepted,,,2940130,Amelanchier arborea,Species,ACCEPTED_SPECIES,RESOLVED,,Direct WCVP Accepted species.,2940130,Amelanchier arborea,ACCEPTED_ANALYSIS_SPECIES_ID_ONLY,16,d32ea2b3a85e489b14e83bcc9eae7274532e1d113753f7be290d4b2dfde573fa,40,40,FALSE,FALSE,SINGLE_SPECIES_LAYER,1,0,Amelanchier_arborea,DBH_BREAST_HEIGHT,N,5.0,1,1,1,exact,NOT_ASSESSED,,NOT_AVAILABLE_IN_FROZEN_FIA_INPUT,(F.Michx.) Fernald,(F.Michx.) Fernald,2940130,Amelanchier arborea,(F.Michx.) Fernald,Species,Accepted,(F.Michx.) Fernald,Accepted,0,,,0,1,,0,0,,D08B_V01_FROZEN,ACCEPTED_SPECIES,RESOLVED,
361,Arbutus menziesii,Arbutus menziesii,species,Arbutus menziesii,1,2646696,Accepted,2646696,2646696,Accepted,Species,Arbutus menziesii,2646696,Arbutus menziesii,Species,Accepted,,,2646696,Arbutus menziesii,Species,ACCEPTED_SPECIES,RESOLVED,,Direct WCVP Accepted species.,2646696,Arbutus menziesii,ACCEPTED_ANALYSIS_SPECIES_ID_ONLY,16,d32ea2b3a85e489b14e83bcc9eae7274532e1d113753f7be290d4b2dfde573fa,5,5,TRUE,FALSE,SINGLE_SPECIES_LAYER,1,0,Arbutus_menziesii,DBH_BREAST_HEIGHT,N,5.0,1,1,1,exact,NOT_ASSESSED,,NOT_AVAILABLE_IN_FROZEN_FIA_INPUT,Pursh,Pursh,2646696,Arbutus menziesii,Pursh,Species,Accepted,Pursh,Accepted,0,,,0,1,,0,0,,D08B_V01_FROZEN,ACCEPTED_SPECIES,RESOLVED,
362,Arbutus arizonica,Arbutus arizonica,species,Arbutus arizonica,1,2646656,Accepted,2646656,2646656,Accepted,Species,Arbutus arizonica,2646656,Arbutus arizonica,Species,Accepted,,,2646656,Arbutus arizonica,Species,ACCEPTED_SPECIES,RESOLVED,,Direct WCVP Accepted species.,2646656,Arbutus arizonica,ACCEPTED_ANALYSIS_SPECIES_ID_ONLY,16,d32ea2b3a85e489b14e83bcc9eae7274532e1d113753f7be290d4b2dfde573fa,6,6,TRUE,FALSE,SINGLE_SPECIES_LAYER,1,0,Arbutus_arizonica,DBH_BREAST_HEIGHT,N,5.0,1,1,1,exact,NOT_ASSESSED,,NOT_AVAILABLE_IN_FROZEN_FIA_INPUT,(A.Gray) Sarg.,(A.Gray) Sarg.,2646656,Arbutus arizonica,(A.Gray) Sarg.,Species,Accepted,(A.Gray) Sarg.,Accepted,0,,,0,1,,0,0,,D08B_V01_FROZEN,ACCEPTED_SPECIES,RESOLVED,
363,Arbutus xalapensis,Arbutus xalapensis,species,Arbutus xalapensis,2,2646755;2646756,Accepted;Synonym,2646755;3262971,2646755,Accepted,Species,Arbutus xalapensis,2646755,Arbutus xalapensis,Species,Accepted,,,2646755,Arbutus xalapensis,Species,AUTHOR_QUALIFIED_ACCEPTED_SPECIES,RESOLVED_MAINLINE_AUTHORIZED,,"FIA code concept is North American Texas madrone, selecting the Kunth accepted taxon rather than the Andrews ex Hook. homonym leading to a Mexican Comarostaphylis subspecies.",2646755,Arbutus xalapensis,ACCEPTED_ANALYSIS_SPECIES_ID_ONLY,16,d32ea2b3a85e489b14e83bcc9eae7274532e1d113753f7be290d4b2dfde573fa,12,12,TRUE,FALSE,SINGLE_OFFICIAL_ALIAS_LAYER,1,0,Arbutus_texana,DRC_ROOT_COLLAR,Y,5.0,1,1,0,unresolved,NOT_ASSESSED,NOT PROVIDED IN FIA REF_SPECIES,AUTHOR_NOT_PROVIDED_OR_UNKNOWN,Kunth,Kunth,2646755,Arbutus xalapensis,Kunth,Species,Accepted,Kunth,Accepted,0,,,0,1,,0,1,ORDINARY_ACCEPTED,Q1_D08B_TAXONOMY_CORRECTION_MAINLINE_DECISION_v01_20260902.md,AMBIGUOUS,AMBIGUOUS,2646755:Arbutus xalapensis:Species:Accepted;3262971:Comarostaphylis polifolia subsp. polifolia:Subspecies:Accepted
367,Asimina triloba,Asimina triloba,species,Asimina triloba,1,2655435,Accepted,2655435,2655435,Accepted,Species,Asimina triloba,2655435,Asimina triloba,Species,Accepted,,,2655435,Asimina triloba,Species,ACCEPTED_SPECIES,RESOLVED,,Direct WCVP Accepted species.,2655435,Asimina triloba,ACCEPTED_ANALYSIS_SPECIES_ID_ONLY,16,d32ea2b3a85e489b14e83bcc9eae7274532e1d113753f7be290d4b2dfde573fa,30,30,FALSE,FALSE,SINGLE_SPECIES_LAYER,1,0,Asimina_triloba,DBH_BREAST_HEIGHT,N,5.0,1,1,1,exact,NOT_ASSESSED,,NOT_AVAILABLE_IN_FROZEN_FIA_INPUT,(L.) Dunal,(L.) Dunal,2655435,Asimina triloba,(L.) Dunal,Species,Accepted,(L.) Dunal,Accepted,0,,,0,1,,0,0,,D08B_V01_FROZEN,ACCEPTED_SPECIES,RESOLVED,
371,Betula alleghaniensis,Betula alleghaniensis,species,Betula alleghaniensis,1,21135,Accepted,21135,21135,Accepted,Species,Betula alleghaniensis,21135,Betula alleghaniensis,Species,Accepted,,,21135,Betula alleghaniensis,Species,ACCEPTED_SPECIES,RESOLVED,,Direct WCVP Accepted species.,21135,Betula alleghaniensis,ACCEPTED_ANALYSIS_SPECIES_ID_ONLY,16,d32ea2b3a85e489b14e83bcc9eae7274532e1d113753f7be290d4b2dfde573fa,31,31,FALSE,FALSE,SINGLE_SPECIES_LAYER,1,0,Betula_alleghaniensis,DBH_BREAST_HEIGHT,N,5.0,1,1,1,exact,NOT_ASSESSED,,NOT_AVAILABLE_IN_FROZEN_FIA_INPUT,Britton,Britton,21135,Betula alleghaniensis,Britton,Species,Accepted,Britton,Accepted,0,,,0,1,,0,0,,D08B_V01_FROZEN,ACCEPTED_SPECIES,RESOLVED,
372,Betula lenta,Betula lenta,species,Betula lenta,2,21442;21443,Accepted;Synonym,21443;21658,21443,Accepted,Species,Betula lenta,21443,Betula lenta,Species,Accepted,,,21443,Betula lenta,Species,AUTHOR_QUALIFIED_ACCEPTED_SPECIES,RESOLVED_MAINLINE_AUTHORIZED,,"FIA sweet-birch concept is eastern North American Betula lenta L., not the Du Roi homonym resolving to B. pubescens var. pubescens.",21443,Betula lenta,ACCEPTED_ANALYSIS_SPECIES_ID_ONLY,16,d32ea2b3a85e489b14e83bcc9eae7274532e1d113753f7be290d4b2dfde573fa,22,21,FALSE,FALSE,SINGLE_SPECIES_LAYER,1,0,Betula_lenta,DBH_BREAST_HEIGHT,N,5.0,1,1,1,exact,NOT_ASSESSED,NOT PROVIDED IN FIA REF_SPECIES,AUTHOR_NOT_PROVIDED_OR_UNKNOWN,L.,L.,21443,Betula lenta,L.,Species,Accepted,L.,Accepted,0,,,0,1,,0,1,ORDINARY_ACCEPTED,Q1_D08B_TAXONOMY_CORRECTION_MAINLINE_DECISION_v01_20260902.md,AMBIGUOUS,AMBIGUOUS,21443:Betula lenta:Species:Accepted;21658:Betula pubescens var. pubescens:Variety:Accepted
373,Betula nigra,Betula nigra,species,Betula nigra,1,21527,Accepted,21527,21527,Accepted,Species,Betula nigra,21527,Betula nigra,Species,Accepted,,,21527,Betula nigra,Species,ACCEPTED_SPECIES,RESOLVED,,Direct WCVP Accepted species.,21527,Betula nigra,ACCEPTED_ANALYSIS_SPECIES_ID_ONLY,16,d32ea2b3a85e489b14e83bcc9eae7274532e1d113753f7be290d4b2dfde573fa,30,30,FALSE,FALSE,SINGLE_SPECIES_LAYER,1,0,Betula_nigra,DBH_BREAST_HEIGHT,N,5.0,1,1,1,exact,NOT_ASSESSED,,NOT_AVAILABLE_IN_FROZEN_FIA_INPUT,L.,L.,21527,Betula nigra,L.,Species,Accepted,L.,Accepted,0,,,0,1,,0,0,,D08B_V01_FROZEN,ACCEPTED_SPECIES,RESOLVED,
374,Betula occidentalis,Betula occidentalis,species,Betula occidentalis,1,21535,Accepted,21535,21535,Accepted,Species,Betula occidentalis,21535,Betula occidentalis,Species,Accepted,,,21535,Betula occidentalis,Species,ACCEPTED_SPECIES,RESOLVED,,Direct WCVP Accepted species.,21535,Betula occidentalis,ACCEPTED_ANALYSIS_SPECIES_ID_ONLY,16,d32ea2b3a85e489b14e83bcc9eae7274532e1d113753f7be290d4b2dfde573fa,22,22,FALSE,FALSE,SINGLE_SPECIES_LAYER,1,0,Betula_occidentalis,DBH_BREAST_HEIGHT,N,5.0,1,1,1,exact,NOT_ASSESSED,,NOT_AVAILABLE_IN_FROZEN_FIA_INPUT,Hook.,Hook.,21535,Betula occidentalis,Hook.,Species,Accepted,Hook.,Accepted,0,,,0,1,,0,0,,D08B_V01_FROZEN,ACCEPTED_SPECIES,RESOLVED,
375,Betula papyrifera,Betula papyrifera,species,Betula papyrifera,1,21557,Accepted,21557,21557,Accepted,Species,Betula papyrifera,21557,Betula papyrifera,Species,Accepted,,,21557,Betula papyrifera,Species,ACCEPTED_SPECIES,RESOLVED,,Direct WCVP Accepted species.,21557,Betula papyrifera,ACCEPTED_ANALYSIS_SPECIES_ID_ONLY,16,d32ea2b3a85e489b14e83bcc9eae7274532e1d113753f7be290d4b2dfde573fa,43,41,FALSE,FALSE,SINGLE_SPECIES_LAYER,1,0,Betula_papyrifera,DBH_BREAST_HEIGHT,N,5.0,1,1,1,exact,NOT_ASSESSED,,NOT_AVAILABLE_IN_FROZEN_FIA_INPUT,Marshall,Marshall,21557,Betula papyrifera,Marshall,Species,Accepted,Marshall,Accepted,0,,,0,1,,0,0,,D08B_V01_FROZEN,ACCEPTED_SPECIES,RESOLVED,
379,Betula populifolia,Betula populifolia,species,Betula populifolia,2,21619;21620,Accepted;Illegitimate,21620,21620,Accepted,Species,Betula populifolia,21620,Betula populifolia,Species,Accepted,,,21620,Betula populifolia,Species,ACCEPTED_SPECIES,RESOLVED,,Direct WCVP Accepted species.,21620,Betula populifolia,ACCEPTED_ANALYSIS_SPECIES_ID_ONLY,16,d32ea2b3a85e489b14e83bcc9eae7274532e1d113753f7be290d4b2dfde573fa,22,22,FALSE,FALSE,SINGLE_SPECIES_LAYER,1,0,Betula_populifolia,DBH_BREAST_HEIGHT,N,5.0,1,1,1,exact,NOT_ASSESSED,,NOT_AVAILABLE_IN_FROZEN_FIA_INPUT,Marshall,Marshall,21620,Betula populifolia,Marshall,Species,Accepted,Marshall,Accepted,0,,,0,1,,0,0,,D08B_V01_FROZEN,ACCEPTED_SPECIES,RESOLVED,
381,Sideroxylon lanuginosum ssp. lanuginosum,Sideroxylon lanuginosum ssp. lanuginosum,infraspecies,Sideroxylon lanuginosum subsp. lanuginosum,1,191967,Accepted,191967,191967,Accepted,Subspecies,Sideroxylon lanuginosum subsp. lanuginosum,191967,Sideroxylon lanuginosum subsp. lanuginosum,Subspecies,Accepted,191965,Sideroxylon lanuginosum,191965,Sideroxylon lanuginosum,Species,ACCEPTED_INFRASPECIES_TO_PARENT_SPECIES,RESOLVED,,Accepted infraspecific taxon mapped by parent_plant_name_id to its Accepted parent species.,191965,Sideroxylon lanuginosum,ACCEPTED_ANALYSIS_SPECIES_ID_ONLY,16,d32ea2b3a85e489b14e83bcc9eae7274532e1d113753f7be290d4b2dfde573fa,19,19,TRUE,FALSE,SINGLE_OFFICIAL_ALIAS_LAYER,1,0,Bumelia_lanuginosa,DBH_BREAST_HEIGHT,N,5.0,1,1,1,unresolved,NOT_ASSESSED,,NOT_AVAILABLE_IN_FROZEN_FIA_INPUT,,,191967,Sideroxylon lanuginosum subsp. lanuginosum,,Subspecies,Accepted,Michx.,Accepted,0,,,0,1,,0,0,,D08B_V01_FROZEN,ACCEPTED_INFRASPECIES_TO_PARENT_SPECIES,RESOLVED,
391,Carpinus caroliniana,Carpinus caroliniana,species,Carpinus caroliniana,1,34302,Accepted,34302,34302,Accepted,Species,Carpinus caroliniana,34302,Carpinus caroliniana,Species,Accepted,,,34302,Carpinus caroliniana,Species,ACCEPTED_SPECIES,RESOLVED,,Direct WCVP Accepted species.,34302,Carpinus caroliniana,ACCEPTED_ANALYSIS_SPECIES_ID_ONLY,16,d32ea2b3a85e489b14e83bcc9eae7274532e1d113753f7be290d4b2dfde573fa,36,36,FALSE,FALSE,SINGLE_SPECIES_LAYER,1,0,Carpinus_caroliniana,DBH_BREAST_HEIGHT,N,5.0,1,1,1,exact,NOT_ASSESSED,,NOT_AVAILABLE_IN_FROZEN_FIA_INPUT,Walter,Walter,34302,Carpinus caroliniana,Walter,Species,Accepted,Walter,Accepted,0,,,0,1,,0,0,,D08B_V01_FROZEN,ACCEPTED_SPECIES,RESOLVED,
401,Carya aquatica,Carya aquatica,species,Carya aquatica,1,2701748,Accepted,2701748,2701748,Accepted,Species,Carya aquatica,2701748,Carya aquatica,Species,Accepted,,,2701748,Carya aquatica,Species,ACCEPTED_SPECIES,RESOLVED,,Direct WCVP Accepted species.,2701748,Carya aquatica,ACCEPTED_ANALYSIS_SPECIES_ID_ONLY,16,d32ea2b3a85e489b14e83bcc9eae7274532e1d113753f7be290d4b2dfde573fa,15,15,FALSE,FALSE,UNRESOLVED,0,1,,DBH_BREAST_HEIGHT,N,5.0,1,1,1,exact,NOT_ASSESSED,,NOT_AVAILABLE_IN_FROZEN_FIA_INPUT,(F.Michx.) Nutt. ex Elliott,(F.Michx.) Nutt. ex Elliott,2701748,Carya aquatica,(F.Michx.) Nutt. ex Elliott,Species,Accepted,(F.Michx.) Nutt. ex Elliott,Accepted,0,,,0,1,,0,0,,D08B_V01_FROZEN,ACCEPTED_SPECIES,RESOLVED,
402,Carya cordiformis,Carya cordiformis,species,Carya cordiformis,1,2701766,Accepted,2701766,2701766,Accepted,Species,Carya cordiformis,2701766,Carya cordiformis,Species,Accepted,,,2701766,Carya cordiformis,Species,ACCEPTED_SPECIES,RESOLVED,,Direct WCVP Accepted species.,2701766,Carya cordiformis,ACCEPTED_ANALYSIS_SPECIES_ID_ONLY,16,d32ea2b3a85e489b14e83bcc9eae7274532e1d113753f7be290d4b2dfde573fa,42,38,FALSE,FALSE,SINGLE_SPECIES_LAYER,1,0,Carya_cordiformis,DBH_BREAST_HEIGHT,N,5.0,1,1,1,exact,NOT_ASSESSED,,NOT_AVAILABLE_IN_FROZEN_FIA_INPUT,(Wangenh.) K.Koch,(Wangenh.) K.Koch,2701766,Carya cordiformis,(Wangenh.) K.Koch,Species,Accepted,(Wangenh.) K.Koch,Accepted,0,,,0,1,,0,0,,D08B_V01_FROZEN,ACCEPTED_SPECIES,RESOLVED,
403,Carya glabra,Carya glabra,species,Carya glabra,1,2701775,Accepted,2701775,2701775,Accepted,Species,Carya glabra,2701775,Carya glabra,Species,Accepted,,,2701775,Carya glabra,Species,ACCEPTED_SPECIES,RESOLVED,,Direct WCVP Accepted species.,2701775,Carya glabra,ACCEPTED_ANALYSIS_SPECIES_ID_ONLY,16,d32ea2b3a85e489b14e83bcc9eae7274532e1d113753f7be290d4b2dfde573fa,35,33,FALSE,FALSE,SINGLE_SPECIES_LAYER,1,0,Carya_glabra,DBH_BREAST_HEIGHT,N,5.0,1,1,1,exact,NOT_ASSESSED,,NOT_AVAILABLE_IN_FROZEN_FIA_INPUT,(Mill.) Sweet,(Mill.) Sweet,2701775,Carya glabra,(Mill.) Sweet,Species,Accepted,(Mill.) Sweet,Accepted,0,,,0,1,,0,0,,D08B_V01_FROZEN,ACCEPTED_SPECIES,RESOLVED,
404,Carya illinoinensis,Carya illinoinensis,species,Carya illinoinensis,1,2701784,Accepted,2701784,2701784,Accepted,Species,Carya illinoinensis,2701784,Carya illinoinensis,Species,Accepted,,,2701784,Carya illinoinensis,Species,ACCEPTED_SPECIES,RESOLVED,,Direct WCVP Accepted species.,2701784,Carya illinoinensis,ACCEPTED_ANALYSIS_SPECIES_ID_ONLY,16,d32ea2b3a85e489b14e83bcc9eae7274532e1d113753f7be290d4b2dfde573fa,25,16,TRUE,FALSE,SINGLE_OFFICIAL_ALIAS_LAYER,1,0,Carya_illinoensis,DBH_BREAST_HEIGHT,N,5.0,1,1,1,unresolved,NOT_ASSESSED,,NOT_AVAILABLE_IN_FROZEN_FIA_INPUT,(Wangenh.) K.Koch,(Wangenh.) K.Koch,2701784,Carya illinoinensis,(Wangenh.) K.Koch,Species,Accepted,(Wangenh.) K.Koch,Accepted,0,,,0,1,,0,0,,D08B_V01_FROZEN,ACCEPTED_SPECIES,RESOLVED,
405,Carya laciniosa,Carya laciniosa,species,Carya laciniosa,1,2701789,Accepted,2701789,2701789,Accepted,Species,Carya laciniosa,2701789,Carya laciniosa,Species,Accepted,,,2701789,Carya laciniosa,Species,ACCEPTED_SPECIES,RESOLVED,,Direct WCVP Accepted species.,2701789,Carya laciniosa,ACCEPTED_ANALYSIS_SPECIES_ID_ONLY,16,d32ea2b3a85e489b14e83bcc9eae7274532e1d113753f7be290d4b2dfde573fa,24,24,FALSE,FALSE,UNRESOLVED,0,1,,DBH_BREAST_HEIGHT,N,5.0,1,1,1,exact,NOT_ASSESSED,,NOT_AVAILABLE_IN_FROZEN_FIA_INPUT,(F.Michx.) G.Don,(F.Michx.) G.Don,2701789,Carya laciniosa,(F.Michx.) G.Don,Species,Accepted,(F.Michx.) G.Don,Accepted,0,,,0,1,,0,0,,D08B_V01_FROZEN,ACCEPTED_SPECIES,RESOLVED,
406,Carya myristiciformis,Carya myristiciformis,species,Carya myristiciformis,1,2701803,Accepted,2701803,2701803,Accepted,Species,Carya myristiciformis,2701803,Carya myristiciformis,Species,Accepted,,,2701803,Carya myristiciformis,Species,ACCEPTED_SPECIES,RESOLVED,,Direct WCVP Accepted species.,2701803,Carya myristiciformis,ACCEPTED_ANALYSIS_SPECIES_ID_ONLY,16,d32ea2b3a85e489b14e83bcc9eae7274532e1d113753f7be290d4b2dfde573fa,9,9,TRUE,FALSE,UNRESOLVED,0,1,,DBH_BREAST_HEIGHT,N,5.0,1,1,1,unresolved,NOT_ASSESSED,,NOT_AVAILABLE_IN_FROZEN_FIA_INPUT,(F.Michx.) Nutt. ex Elliott,(F.Michx.) Nutt. ex Elliott,2701803,Carya myristiciformis,(F.Michx.) Nutt. ex Elliott,Species,Accepted,(F.Michx.) Nutt. ex Elliott,Accepted,0,,,0,1,,0,0,,D08B_V01_FROZEN,ACCEPTED_SPECIES,RESOLVED,
407,Carya ovata,Carya ovata,species,Carya ovata,1,2701831,Accepted,2701831,2701831,Accepted,Species,Carya ovata,2701831,Carya ovata,Species,Accepted,,,2701831,Carya ovata,Species,ACCEPTED_SPECIES,RESOLVED,,Direct WCVP Accepted species.,2701831,Carya ovata,ACCEPTED_ANALYSIS_SPECIES_ID_ONLY,16,d32ea2b3a85e489b14e83bcc9eae7274532e1d113753f7be290d4b2dfde573fa,45,41,TRUE,FALSE,SINGLE_SPECIES_LAYER,1,0,Carya_ovata,DBH_BREAST_HEIGHT,N,5.0,1,1,1,exact,NOT_ASSESSED,,NOT_AVAILABLE_IN_FROZEN_FIA_INPUT,(Mill.) K.Koch,(Mill.) K.Koch,2701831,Carya ovata,(Mill.) K.Koch,Species,Accepted,(Mill.) K.Koch,Accepted,0,,,0,1,,0,0,,D08B_V01_FROZEN,ACCEPTED_SPECIES,RESOLVED,
408,Carya texana,Carya texana,species,Carya texana,1,2701863,Accepted,2701863,2701863,Accepted,Species,Carya texana,2701863,Carya texana,Species,Accepted,,,2701863,Carya texana,Species,ACCEPTED_SPECIES,RESOLVED,,Direct WCVP Accepted species.,2701863,Carya texana,ACCEPTED_ANALYSIS_SPECIES_ID_ONLY,16,d32ea2b3a85e489b14e83bcc9eae7274532e1d113753f7be290d4b2dfde573fa,9,9,FALSE,FALSE,SINGLE_SPECIES_LAYER,1,0,Carya_texana,DBH_BREAST_HEIGHT,N,5.0,1,1,1,exact,NOT_ASSESSED,,NOT_AVAILABLE_IN_FROZEN_FIA_INPUT,Buckley,Buckley,2701863,Carya texana,Buckley,Species,Accepted,Buckley,Accepted,0,,,0,1,,0,0,,D08B_V01_FROZEN,ACCEPTED_SPECIES,RESOLVED,
409,Carya alba,Carya alba,species,Carya alba,1,2701739,Synonym,2701867,2701739,Synonym,Species,Carya alba,2701867,Carya tomentosa,Species,Accepted,,,2701867,Carya tomentosa,Species,SYNONYM_TO_ACCEPTED_SPECIES,RESOLVED,,Exact WCVP Synonym resolved by accepted_plant_name_id to an Accepted species.,2701867,Carya tomentosa,ACCEPTED_ANALYSIS_SPECIES_ID_ONLY,16,d32ea2b3a85e489b14e83bcc9eae7274532e1d113753f7be290d4b2dfde573fa,34,29,FALSE,FALSE,UNRESOLVED,0,1,,DBH_BREAST_HEIGHT,N,5.0,1,1,1,unresolved,NOT_ASSESSED,,NOT_AVAILABLE_IN_FROZEN_FIA_INPUT,(L.) Nutt. ex Elliott,(Lam.) Nutt.,2701867,Carya tomentosa,(Lam.) Nutt.,Species,Accepted,(Lam.) Nutt.,Accepted,0,,,0,1,,0,0,,D08B_V01_FROZEN,SYNONYM_TO_ACCEPTED_SPECIES,RESOLVED,
410,Carya pallida,Carya pallida,species,Carya pallida,1,2701846,Accepted,2701846,2701846,Accepted,Species,Carya pallida,2701846,Carya pallida,Species,Accepted,,,2701846,Carya pallida,Species,ACCEPTED_SPECIES,RESOLVED,,Direct WCVP Accepted species.,2701846,Carya pallida,ACCEPTED_ANALYSIS_SPECIES_ID_ONLY,16,d32ea2b3a85e489b14e83bcc9eae7274532e1d113753f7be290d4b2dfde573fa,17,17,FALSE,FALSE,UNRESOLVED,0,1,,DBH_BREAST_HEIGHT,N,5.0,1,1,1,exact,NOT_ASSESSED,,NOT_AVAILABLE_IN_FROZEN_FIA_INPUT,(Ashe) Engelm. & Graebn.,(Ashe) Engelm. & Graebn.,2701846,Carya pallida,(Ashe) Engelm. & Graebn.,Species,Accepted,(Ashe) Engelm. & Graebn.,Accepted,0,,,0,1,,0,0,,D08B_V01_FROZEN,ACCEPTED_SPECIES,RESOLVED,
411,Carya floridana,Carya floridana,species,Carya floridana,1,2701774,Accepted,2701774,2701774,Accepted,Species,Carya floridana,2701774,Carya floridana,Species,Accepted,,,2701774,Carya floridana,Species,ACCEPTED_SPECIES,RESOLVED,,Direct WCVP Accepted species.,2701774,Carya floridana,ACCEPTED_ANALYSIS_SPECIES_ID_ONLY,16,d32ea2b3a85e489b14e83bcc9eae7274532e1d113753f7be290d4b2dfde573fa,1,1,FALSE,FALSE,SINGLE_SPECIES_LAYER,1,0,Carya_floridana,DBH_BREAST_HEIGHT,N,5.0,1,1,1,exact,NOT_ASSESSED,,NOT_AVAILABLE_IN_FROZEN_FIA_INPUT,Sarg.,Sarg.,2701774,Carya floridana,Sarg.,Species,Accepted,Sarg.,Accepted,0,,,0,1,,0,0,,D08B_V01_FROZEN,ACCEPTED_SPECIES,RESOLVED,
412,Carya ovalis,Carya ovalis,species,Carya ovalis,1,2701807,Synonym,2701780,2701807,Synonym,Species,Carya ovalis,2701780,Carya glabra var. odorata,Variety,Accepted,2701775,Carya glabra,2701775,Carya glabra,Species,SYNONYM_TO_ACCEPTED_INFRASPECIES_TO_PARENT_SPECIES,RESOLVED,,"WCVP Synonym resolved to an Accepted infraspecific taxon, then by parent_plant_name_id to its Accepted parent species.",2701775,Carya glabra,ACCEPTED_ANALYSIS_SPECIES_ID_ONLY,16,d32ea2b3a85e489b14e83bcc9eae7274532e1d113753f7be290d4b2dfde573fa,35,33,FALSE,FALSE,SINGLE_SPECIES_LAYER,1,0,Carya_glabra,DBH_BREAST_HEIGHT,N,5.0,1,1,1,unresolved,NOT_ASSESSED,,NOT_AVAILABLE_IN_FROZEN_FIA_INPUT,(Wangenh.) Sarg.,(Marshall) Little,2701780,Carya glabra var. odorata,(Marshall) Little,Variety,Accepted,(Mill.) Sweet,Accepted,0,,,0,1,,0,0,,D08B_V01_FROZEN,SYNONYM_TO_ACCEPTED_INFRASPECIES_TO_PARENT_SPECIES,RESOLVED,
413,Carya carolinae-septentrionalis,Carya carolinae-septentrionalis,species,Carya carolinae-septentrionalis,1,2701762,Synonym,2701832,2701762,Synonym,Species,Carya carolinae-septentrionalis,2701832,Carya ovata var. australis,Variety,Accepted,2701831,Carya ovata,2701831,Carya ovata,Species,SYNONYM_TO_ACCEPTED_INFRASPECIES_TO_PARENT_SPECIES,RESOLVED,,"WCVP Synonym resolved to an Accepted infraspecific taxon, then by parent_plant_name_id to its Accepted parent species.",2701831,Carya ovata,ACCEPTED_ANALYSIS_SPECIES_ID_ONLY,16,d32ea2b3a85e489b14e83bcc9eae7274532e1d113753f7be290d4b2dfde573fa,45,41,TRUE,FALSE,SINGLE_SPECIES_LAYER,1,0,Carya_ovata,DBH_BREAST_HEIGHT,N,5.0,1,1,1,unresolved,NOT_ASSESSED,,NOT_AVAILABLE_IN_FROZEN_FIA_INPUT,(Ashe) Engl. & Graebn.,(Ashe) Little,2701832,Carya ovata var. australis,(Ashe) Little,Variety,Accepted,(Mill.) K.Koch,Accepted,0,,,0,1,,0,0,,D08B_V01_FROZEN,SYNONYM_TO_ACCEPTED_INFRASPECIES_TO_PARENT_SPECIES,RESOLVED,
421,Castanea dentata,Castanea dentata,species,Castanea dentata,1,34965,Accepted,34965,34965,Accepted,Species,Castanea dentata,34965,Castanea dentata,Species,Accepted,,,34965,Castanea dentata,Species,ACCEPTED_SPECIES,RESOLVED,,Direct WCVP Accepted species.,34965,Castanea dentata,ACCEPTED_ANALYSIS_SPECIES_ID_ONLY,16,d32ea2b3a85e489b14e83bcc9eae7274532e1d113753f7be290d4b2dfde573fa,29,29,FALSE,FALSE,SINGLE_SPECIES_LAYER,1,0,Castanea_dentata,DBH_BREAST_HEIGHT,N,5.0,1,1,1,exact,NOT_ASSESSED,,NOT_AVAILABLE_IN_FROZEN_FIA_INPUT,(Marshall) Borkh.,(Marshall) Borkh.,34965,Castanea dentata,(Marshall) Borkh.,Species,Accepted,(Marshall) Borkh.,Accepted,0,,,0,1,,0,0,,D08B_V01_FROZEN,ACCEPTED_SPECIES,RESOLVED,
422,Castanea pumila,Castanea pumila,species,Castanea pumila,1,35028,Accepted,35028,35028,Accepted,Species,Castanea pumila,35028,Castanea pumila,Species,Accepted,,,35028,Castanea pumila,Species,ACCEPTED_SPECIES,RESOLVED,,Direct WCVP Accepted species.,35028,Castanea pumila,ACCEPTED_ANALYSIS_SPECIES_ID_ONLY,16,d32ea2b3a85e489b14e83bcc9eae7274532e1d113753f7be290d4b2dfde573fa,22,22,FALSE,FALSE,MULTIPLE_OTHER_LAYERS,2,1,,DBH_BREAST_HEIGHT,N,5.0,1,1,1,exact,NOT_ASSESSED,,NOT_AVAILABLE_IN_FROZEN_FIA_INPUT,(L.) Mill.,(L.) Mill.,35028,Castanea pumila,(L.) Mill.,Species,Accepted,(L.) Mill.,Accepted,0,,,0,1,,0,0,,D08B_V01_FROZEN,ACCEPTED_SPECIES,RESOLVED,
423,Castanea pumila var. ozarkensis,Castanea pumila var. ozarkensis,infraspecies,Castanea pumila var. ozarkensis,1,35034,Synonym,35021,35034,Synonym,Variety,Castanea pumila var. ozarkensis,35021,Castanea ozarkensis,Species,Accepted,,,35021,Castanea ozarkensis,Species,SYNONYM_TO_ACCEPTED_SPECIES,RESOLVED,,Exact WCVP Synonym resolved by accepted_plant_name_id to an Accepted species.,35021,Castanea ozarkensis,ACCEPTED_ANALYSIS_SPECIES_ID_ONLY,16,d32ea2b3a85e489b14e83bcc9eae7274532e1d113753f7be290d4b2dfde573fa,5,5,FALSE,FALSE,SINGLE_SPECIES_LAYER,1,0,Castanea_ozarkensis,DBH_BREAST_HEIGHT,N,5.0,1,1,1,unresolved,NOT_ASSESSED,,NOT_AVAILABLE_IN_FROZEN_FIA_INPUT,(Ashe) G.E.Tucker,Ashe,35021,Castanea ozarkensis,Ashe,Species,Accepted,Ashe,Accepted,0,,,0,1,,0,0,,D08B_V01_FROZEN,SYNONYM_TO_ACCEPTED_SPECIES,RESOLVED,
424,Castanea mollissima,Castanea mollissima,species,Castanea mollissima,1,35016,Accepted,35016,35016,Accepted,Species,Castanea mollissima,35016,Castanea mollissima,Species,Accepted,,,35016,Castanea mollissima,Species,ACCEPTED_SPECIES,RESOLVED,,Direct WCVP Accepted species.,35016,Castanea mollissima,ACCEPTED_ANALYSIS_SPECIES_ID_ONLY,16,d32ea2b3a85e489b14e83bcc9eae7274532e1d113753f7be290d4b2dfde573fa,14,5,TRUE,TRUE,NOT_APPLICABLE_CONUS_NONNATIVE,0,0,,DBH_BREAST_HEIGHT,N,5.0,1,1,1,unresolved,NOT_ASSESSED,,NOT_AVAILABLE_IN_FROZEN_FIA_INPUT,Blume,Blume,35016,Castanea mollissima,Blume,Species,Accepted,Blume,Accepted,0,,,0,1,,0,0,,D08B_V01_FROZEN,ACCEPTED_SPECIES,RESOLVED,
431,Chrysolepis chrysophylla var. chrysophylla,Chrysolepis chrysophylla var. chrysophylla,infraspecies,Chrysolepis chrysophylla var. chrysophylla,1,39928,Accepted,39928,39928,Accepted,Variety,Chrysolepis chrysophylla var. chrysophylla,39928,Chrysolepis chrysophylla var. chrysophylla,Variety,Accepted,39927,Chrysolepis chrysophylla,39927,Chrysolepis chrysophylla,Species,ACCEPTED_INFRASPECIES_TO_PARENT_SPECIES,RESOLVED,,Accepted infraspecific taxon mapped by parent_plant_name_id to its Accepted parent species.,39927,Chrysolepis chrysophylla,ACCEPTED_ANALYSIS_SPECIES_ID_ONLY,16,d32ea2b3a85e489b14e83bcc9eae7274532e1d113753f7be290d4b2dfde573fa,3,3,FALSE,FALSE,SINGLE_OFFICIAL_ALIAS_LAYER,1,0,Castanopsis_chrysophylla,DBH_BREAST_HEIGHT,N,5.0,1,1,1,unresolved,NOT_ASSESSED,,NOT_AVAILABLE_IN_FROZEN_FIA_INPUT,,,39928,Chrysolepis chrysophylla var. chrysophylla,,Variety,Accepted,(Douglas ex Hook.) Hjelmq.,Accepted,0,,,0,1,,0,0,,D08B_V01_FROZEN,ACCEPTED_INFRASPECIES_TO_PARENT_SPECIES,RESOLVED,
451,Catalpa bignonioides,Catalpa bignonioides,species,Catalpa bignonioides,1,320352,Accepted,320352,320352,Accepted,Species,Catalpa bignonioides,320352,Catalpa bignonioides,Species,Accepted,,,320352,Catalpa bignonioides,Species,ACCEPTED_SPECIES,RESOLVED,,Direct WCVP Accepted species.,320352,Catalpa bignonioides,ACCEPTED_ANALYSIS_SPECIES_ID_ONLY,16,d32ea2b3a85e489b14e83bcc9eae7274532e1d113753f7be290d4b2dfde573fa,28,6,FALSE,FALSE,UNRESOLVED,0,1,,DBH_BREAST_HEIGHT,N,5.0,1,1,1,unresolved,NOT_ASSESSED,,NOT_AVAILABLE_IN_FROZEN_FIA_INPUT,Walter,Walter,320352,Catalpa bignonioides,Walter,Species,Accepted,Walter,Accepted,0,,,0,1,,0,0,,D08B_V01_FROZEN,ACCEPTED_SPECIES,RESOLVED,
452,Catalpa speciosa,Catalpa speciosa,species,Catalpa speciosa,1,320410,Accepted,320410,320410,Accepted,Species,Catalpa speciosa,320410,Catalpa speciosa,Species,Accepted,,,320410,Catalpa speciosa,Species,ACCEPTED_SPECIES,RESOLVED,,Direct WCVP Accepted species.,320410,Catalpa speciosa,ACCEPTED_ANALYSIS_SPECIES_ID_ONLY,16,d32ea2b3a85e489b14e83bcc9eae7274532e1d113753f7be290d4b2dfde573fa,39,32,FALSE,FALSE,UNRESOLVED,0,1,,DBH_BREAST_HEIGHT,N,5.0,1,1,1,unresolved,NOT_ASSESSED,,NOT_AVAILABLE_IN_FROZEN_FIA_INPUT,Warder ex Teas,Warder ex Teas,320410,Catalpa speciosa,Warder ex Teas,Species,Accepted,Warder ex Teas,Accepted,0,,,0,1,,0,0,,D08B_V01_FROZEN,ACCEPTED_SPECIES,RESOLVED,
461,Celtis laevigata,Celtis laevigata,species,Celtis laevigata,3,2708323;2708324;2708325,Accepted;Illegitimate,2708323,2708323,Accepted,Species,Celtis laevigata,2708323,Celtis laevigata,Species,Accepted,,,2708323,Celtis laevigata,Species,ACCEPTED_SPECIES,RESOLVED,,Direct WCVP Accepted species.,2708323,Celtis laevigata,ACCEPTED_ANALYSIS_SPECIES_ID_ONLY,16,d32ea2b3a85e489b14e83bcc9eae7274532e1d113753f7be290d4b2dfde573fa,27,25,TRUE,FALSE,SINGLE_SPECIES_LAYER,1,0,Celtis_laevigata,DBH_BREAST_HEIGHT,N,5.0,1,1,1,exact,NOT_ASSESSED,,NOT_AVAILABLE_IN_FROZEN_FIA_INPUT,Willd.,Willd.,2708323,Celtis laevigata,Willd.,Species,Accepted,Willd.,Accepted,0,,,0,1,,0,0,,D08B_V01_FROZEN,ACCEPTED_SPECIES,RESOLVED,
462,Celtis occidentalis,Celtis occidentalis,species,Celtis occidentalis,1,2708380,Accepted,2708380,2708380,Accepted,Species,Celtis occidentalis,2708380,Celtis occidentalis,Species,Accepted,,,2708380,Celtis occidentalis,Species,ACCEPTED_SPECIES,RESOLVED,,Direct WCVP Accepted species.,2708380,Celtis occidentalis,ACCEPTED_ANALYSIS_SPECIES_ID_ONLY,16,d32ea2b3a85e489b14e83bcc9eae7274532e1d113753f7be290d4b2dfde573fa,52,42,FALSE,FALSE,SINGLE_SPECIES_LAYER,1,0,Celtis_occidentalis,DBH_BREAST_HEIGHT,N,5.0,1,1,1,exact,NOT_ASSESSED,,NOT_AVAILABLE_IN_FROZEN_FIA_INPUT,L.,L.,2708380,Celtis occidentalis,L.,Species,Accepted,L.,Accepted,0,,,0,1,,0,0,,D08B_V01_FROZEN,ACCEPTED_SPECIES,RESOLVED,
463,Celtis laevigata var. reticulata,Celtis laevigata var. reticulata,infraspecies,Celtis laevigata var. reticulata,1,2708331,Synonym,2708432,2708331,Synonym,Variety,Celtis laevigata var. reticulata,2708432,Celtis reticulata,Species,Accepted,,,2708432,Celtis reticulata,Species,SYNONYM_TO_ACCEPTED_SPECIES,RESOLVED,,Exact WCVP Synonym resolved by accepted_plant_name_id to an Accepted species.,2708432,Celtis reticulata,ACCEPTED_ANALYSIS_SPECIES_ID_ONLY,16,d32ea2b3a85e489b14e83bcc9eae7274532e1d113753f7be290d4b2dfde573fa,17,17,TRUE,FALSE,SINGLE_SPECIES_LAYER,1,0,Celtis_reticulata,DBH_BREAST_HEIGHT,N,5.0,1,1,1,unresolved,NOT_ASSESSED,,NOT_AVAILABLE_IN_FROZEN_FIA_INPUT,(Torr.) L.D.Benson,Torr.,2708432,Celtis reticulata,Torr.,Species,Accepted,Torr.,Accepted,0,,,0,1,,0,0,,D08B_V01_FROZEN,SYNONYM_TO_ACCEPTED_SPECIES,RESOLVED,
471,Cercis canadensis,Cercis canadensis,species,Cercis canadensis,1,2711403,Accepted,2711403,2711403,Accepted,Species,Cercis canadensis,2711403,Cercis canadensis,Species,Accepted,,,2711403,Cercis canadensis,Species,ACCEPTED_SPECIES,RESOLVED,,Direct WCVP Accepted species.,2711403,Cercis canadensis,ACCEPTED_ANALYSIS_SPECIES_ID_ONLY,16,d32ea2b3a85e489b14e83bcc9eae7274532e1d113753f7be290d4b2dfde573fa,38,35,TRUE,FALSE,SINGLE_SPECIES_LAYER,1,0,Cercis_canadensis,DBH_BREAST_HEIGHT,N,5.0,1,1,1,exact,NOT_ASSESSED,,NOT_AVAILABLE_IN_FROZEN_FIA_INPUT,L.,L.,2711403,Cercis canadensis,L.,Species,Accepted,L.,Accepted,0,,,0,1,,0,0,,D08B_V01_FROZEN,ACCEPTED_SPECIES,RESOLVED,
475,Cercocarpus ledifolius,Cercocarpus ledifolius,species,Cercocarpus ledifolius,1,2943367,Accepted,2943367,2943367,Accepted,Species,Cercocarpus ledifolius,2943367,Cercocarpus ledifolius,Species,Accepted,,,2943367,Cercocarpus ledifolius,Species,ACCEPTED_SPECIES,RESOLVED,,Direct WCVP Accepted species.,2943367,Cercocarpus ledifolius,ACCEPTED_ANALYSIS_SPECIES_ID_ONLY,16,d32ea2b3a85e489b14e83bcc9eae7274532e1d113753f7be290d4b2dfde573fa,11,11,TRUE,FALSE,SINGLE_SPECIES_LAYER,1,0,Cercocarpus_ledifolius,DRC_ROOT_COLLAR,Y,5.0,1,1,0,exact,NOT_ASSESSED,,NOT_AVAILABLE_IN_FROZEN_FIA_INPUT,Nutt.,Nutt.,2943367,Cercocarpus ledifolius,Nutt.,Species,Accepted,Nutt.,Accepted,0,,,0,1,,0,0,,D08B_V01_FROZEN,ACCEPTED_SPECIES,RESOLVED,
481,Cladrastis kentukea,Cladrastis kentukea,species,Cladrastis kentukea,1,2724586,Accepted,2724586,2724586,Accepted,Species,Cladrastis kentukea,2724586,Cladrastis kentukea,Species,Accepted,,,2724586,Cladrastis kentukea,Species,ACCEPTED_SPECIES,RESOLVED,,Direct WCVP Accepted species.,2724586,Cladrastis kentukea,ACCEPTED_ANALYSIS_SPECIES_ID_ONLY,16,d32ea2b3a85e489b14e83bcc9eae7274532e1d113753f7be290d4b2dfde573fa,32,13,FALSE,FALSE,SINGLE_SPECIES_LAYER,1,0,Cladrastis_kentukea,DBH_BREAST_HEIGHT,N,5.0,1,1,1,exact,NOT_ASSESSED,,NOT_AVAILABLE_IN_FROZEN_FIA_INPUT,(Dum.Cours.) Rudd,(Dum.Cours.) Rudd,2724586,Cladrastis kentukea,(Dum.Cours.) Rudd,Species,Accepted,(Dum.Cours.) Rudd,Accepted,0,,,0,1,,0,0,,D08B_V01_FROZEN,ACCEPTED_SPECIES,RESOLVED,
491,Cornus florida,Cornus florida,species,Cornus florida,1,47363,Accepted,47363,47363,Accepted,Species,Cornus florida,47363,Cornus florida,Species,Accepted,,,47363,Cornus florida,Species,ACCEPTED_SPECIES,RESOLVED,,Direct WCVP Accepted species.,47363,Cornus florida,ACCEPTED_ANALYSIS_SPECIES_ID_ONLY,16,d32ea2b3a85e489b14e83bcc9eae7274532e1d113753f7be290d4b2dfde573fa,35,35,TRUE,FALSE,SINGLE_SPECIES_LAYER,1,0,Cornus_florida,DBH_BREAST_HEIGHT,N,5.0,1,1,1,exact,NOT_ASSESSED,,NOT_AVAILABLE_IN_FROZEN_FIA_INPUT,L.,L.,47363,Cornus florida,L.,Species,Accepted,L.,Accepted,0,,,0,1,,0,0,,D08B_V01_FROZEN,ACCEPTED_SPECIES,RESOLVED,
492,Cornus nuttallii,Cornus nuttallii,species,Cornus nuttallii,1,47451,Accepted,47451,47451,Accepted,Species,Cornus nuttallii,47451,Cornus nuttallii,Species,Accepted,,,47451,Cornus nuttallii,Species,ACCEPTED_SPECIES,RESOLVED,,Direct WCVP Accepted species.,47451,Cornus nuttallii,ACCEPTED_ANALYSIS_SPECIES_ID_ONLY,16,d32ea2b3a85e489b14e83bcc9eae7274532e1d113753f7be290d4b2dfde573fa,5,5,FALSE,FALSE,UNRESOLVED,0,1,,DBH_BREAST_HEIGHT,N,5.0,1,1,1,exact,NOT_ASSESSED,,NOT_AVAILABLE_IN_FROZEN_FIA_INPUT,Audubon ex Torr. & A.Gray,Audubon ex Torr. & A.Gray,47451,Cornus nuttallii,Audubon ex Torr. & A.Gray,Species,Accepted,Audubon ex Torr. & A.Gray,Accepted,0,,,0,1,,0,0,,D08B_V01_FROZEN,ACCEPTED_SPECIES,RESOLVED,
500,Crataegus spp.,Crataegus spp.,species,Crataegus spp.,0,,,,,,,,,,,,,,,,,GENUS_OR_NON_SPECIES_AGGREGATE,CLASSIFIED_NON_SPECIES,,FIA name is a genus/non-species aggregate or unknown object; no species assignment permitted.,,,NOT_APPLICABLE_NO_ANALYSIS_SPECIES,16,d32ea2b3a85e489b14e83bcc9eae7274532e1d113753f7be290d4b2dfde573fa,,,,,NOT_APPLICABLE_NO_ORDINARY_ANALYSIS_SPECIES,0,0,,DBH_BREAST_HEIGHT,N,5.0,1,1,1,unresolved,NOT_ASSESSED,,NOT_AVAILABLE_IN_FROZEN_FIA_INPUT,,,,,,,,,,0,,,0,0,FIA name is a genus/non-species aggregate or unknown object; no species assignment permitted.,0,0,,D08B_V01_FROZEN,GENUS_OR_NON_SPECIES_AGGREGATE,CLASSIFIED_NON_SPECIES,
501,Crataegus crus-galli,Crataegus crus-galli,species,Crataegus crus-galli,2,2945308;2945309,Accepted;Illegitimate,2945308,2945308,Accepted,Species,Crataegus crus-galli,2945308,Crataegus crus-galli,Species,Accepted,,,2945308,Crataegus crus-galli,Species,ACCEPTED_SPECIES,RESOLVED,,Direct WCVP Accepted species.,2945308,Crataegus crus-galli,ACCEPTED_ANALYSIS_SPECIES_ID_ONLY,16,d32ea2b3a85e489b14e83bcc9eae7274532e1d113753f7be290d4b2dfde573fa,43,35,TRUE,FALSE,UNRESOLVED,0,1,,DBH_BREAST_HEIGHT,N,5.0,1,1,1,unresolved,NOT_ASSESSED,,NOT_AVAILABLE_IN_FROZEN_FIA_INPUT,L.,L.,2945308,Crataegus crus-galli,L.,Species,Accepted,L.,Accepted,0,,,0,1,,0,0,,D08B_V01_FROZEN,ACCEPTED_SPECIES,RESOLVED,
502,Crataegus mollis,Crataegus mollis,species,Crataegus mollis,2,2946180;2946181,Accepted;Illegitimate,2946180,2946180,Accepted,Species,Crataegus mollis,2946180,Crataegus mollis,Species,Accepted,,,2946180,Crataegus mollis,Species,ACCEPTED_SPECIES,RESOLVED,,Direct WCVP Accepted species.,2946180,Crataegus mollis,ACCEPTED_ANALYSIS_SPECIES_ID_ONLY,16,d32ea2b3a85e489b14e83bcc9eae7274532e1d113753f7be290d4b2dfde573fa,22,21,FALSE,FALSE,UNRESOLVED,0,1,,DBH_BREAST_HEIGHT,N,5.0,1,1,1,unresolved,NOT_ASSESSED,,NOT_AVAILABLE_IN_FROZEN_FIA_INPUT,(Torr. & A.Gray) Scheele,(Torr. & A.Gray) Scheele,2946180,Crataegus mollis,(Torr. & A.Gray) Scheele,Species,Accepted,(Torr. & A.Gray) Scheele,Accepted,0,,,0,1,,0,0,,D08B_V01_FROZEN,ACCEPTED_SPECIES,RESOLVED,
511,Eucalyptus globulus,Eucalyptus globulus,species,Eucalyptus globulus,1,73008,Accepted,73008,73008,Accepted,Species,Eucalyptus globulus,73008,Eucalyptus globulus,Species,Accepted,,,73008,Eucalyptus globulus,Species,ACCEPTED_SPECIES,RESOLVED,,Direct WCVP Accepted species.,73008,Eucalyptus globulus,ACCEPTED_ANALYSIS_SPECIES_ID_ONLY,16,d32ea2b3a85e489b14e83bcc9eae7274532e1d113753f7be290d4b2dfde573fa,51,2,TRUE,TRUE,NOT_APPLICABLE_CONUS_NONNATIVE,0,0,,DBH_BREAST_HEIGHT,N,5.0,1,1,1,unresolved,NOT_ASSESSED,,NOT_AVAILABLE_IN_FROZEN_FIA_INPUT,Labill.,Labill.,73008,Eucalyptus globulus,Labill.,Species,Accepted,Labill.,Accepted,0,,,0,1,,0,0,,D08B_V01_FROZEN,ACCEPTED_SPECIES,RESOLVED,
513,Eucalyptus grandis,Eucalyptus grandis,species,Eucalyptus grandis,1,73044,Accepted,73044,73044,Accepted,Species,Eucalyptus grandis,73044,Eucalyptus grandis,Species,Accepted,,,73044,Eucalyptus grandis,Species,ACCEPTED_SPECIES,RESOLVED,,Direct WCVP Accepted species.,73044,Eucalyptus grandis,ACCEPTED_ANALYSIS_SPECIES_ID_ONLY,16,d32ea2b3a85e489b14e83bcc9eae7274532e1d113753f7be290d4b2dfde573fa,21,2,TRUE,TRUE,NOT_APPLICABLE_CONUS_NONNATIVE,0,0,,DBH_BREAST_HEIGHT,N,5.0,1,1,1,unresolved,NOT_ASSESSED,,NOT_AVAILABLE_IN_FROZEN_FIA_INPUT,W.Hill ex Maiden,W.Hill ex Maiden,73044,Eucalyptus grandis,W.Hill ex Maiden,Species,Accepted,W.Hill ex Maiden,Accepted,0,,,0,1,,0,0,,D08B_V01_FROZEN,ACCEPTED_SPECIES,RESOLVED,
521,Diospyros virginiana,Diospyros virginiana,species,Diospyros virginiana,1,385000,Accepted,385000,385000,Accepted,Species,Diospyros virginiana,385000,Diospyros virginiana,Species,Accepted,,,385000,Diospyros virginiana,Species,ACCEPTED_SPECIES,RESOLVED,,Direct WCVP Accepted species.,385000,Diospyros virginiana,ACCEPTED_ANALYSIS_SPECIES_ID_ONLY,16,d32ea2b3a85e489b14e83bcc9eae7274532e1d113753f7be290d4b2dfde573fa,31,26,FALSE,FALSE,SINGLE_SPECIES_LAYER,1,0,Diospyros_virginiana,DBH_BREAST_HEIGHT,N,5.0,1,1,1,exact,NOT_ASSESSED,,NOT_AVAILABLE_IN_FROZEN_FIA_INPUT,L.,L.,385000,Diospyros virginiana,L.,Species,Accepted,L.,Accepted,0,,,0,1,,0,0,,D08B_V01_FROZEN,ACCEPTED_SPECIES,RESOLVED,
522,Diospyros texana,Diospyros texana,species,Diospyros texana,1,384904,Accepted,384904,384904,Accepted,Species,Diospyros texana,384904,Diospyros texana,Species,Accepted,,,384904,Diospyros texana,Species,ACCEPTED_SPECIES,RESOLVED,,Direct WCVP Accepted species.,384904,Diospyros texana,ACCEPTED_ANALYSIS_SPECIES_ID_ONLY,16,d32ea2b3a85e489b14e83bcc9eae7274532e1d113753f7be290d4b2dfde573fa,2,2,TRUE,FALSE,SINGLE_SPECIES_LAYER,1,0,Diospyros_texana,DRC_ROOT_COLLAR,Y,5.0,1,1,0,exact,NOT_ASSESSED,,NOT_AVAILABLE_IN_FROZEN_FIA_INPUT,Scheele,Scheele,384904,Diospyros texana,Scheele,Species,Accepted,Scheele,Accepted,0,,,0,1,,0,0,,D08B_V01_FROZEN,ACCEPTED_SPECIES,RESOLVED,
523,Ehretia anacua,Ehretia anacua,species,Ehretia anacua,1,2784654,Accepted,2784654,2784654,Accepted,Species,Ehretia anacua,2784654,Ehretia anacua,Species,Accepted,,,2784654,Ehretia anacua,Species,ACCEPTED_SPECIES,RESOLVED,,Direct WCVP Accepted species.,2784654,Ehretia anacua,ACCEPTED_ANALYSIS_SPECIES_ID_ONLY,16,d32ea2b3a85e489b14e83bcc9eae7274532e1d113753f7be290d4b2dfde573fa,4,4,TRUE,FALSE,SINGLE_SPECIES_LAYER,1,0,Ehretia_anacua,DRC_ROOT_COLLAR,Y,5.0,1,1,0,exact,NOT_ASSESSED,,NOT_AVAILABLE_IN_FROZEN_FIA_INPUT,(Terán & Berland.) I.M.Johnst.,(Terán & Berland.) I.M.Johnst.,2784654,Ehretia anacua,(Terán & Berland.) I.M.Johnst.,Species,Accepted,(Terán & Berland.) I.M.Johnst.,Accepted,0,,,0,1,,0,0,,D08B_V01_FROZEN,ACCEPTED_SPECIES,RESOLVED,
531,Fagus grandifolia,Fagus grandifolia,species,Fagus grandifolia,1,83824,Accepted,83824,83824,Accepted,Species,Fagus grandifolia,83824,Fagus grandifolia,Species,Accepted,,,83824,Fagus grandifolia,Species,ACCEPTED_SPECIES,RESOLVED,,Direct WCVP Accepted species.,83824,Fagus grandifolia,ACCEPTED_ANALYSIS_SPECIES_ID_ONLY,16,d32ea2b3a85e489b14e83bcc9eae7274532e1d113753f7be290d4b2dfde573fa,37,37,FALSE,FALSE,SINGLE_SPECIES_LAYER,1,0,Fagus_grandifolia,DBH_BREAST_HEIGHT,N,5.0,1,1,1,exact,NOT_ASSESSED,,NOT_AVAILABLE_IN_FROZEN_FIA_INPUT,Ehrh.,Ehrh.,83824,Fagus grandifolia,Ehrh.,Species,Accepted,Ehrh.,Accepted,0,,,0,1,,0,0,,D08B_V01_FROZEN,ACCEPTED_SPECIES,RESOLVED,
541,Fraxinus americana,Fraxinus americana,species,Fraxinus americana,1,369468,Accepted,369468,369468,Accepted,Species,Fraxinus americana,369468,Fraxinus americana,Species,Accepted,,,369468,Fraxinus americana,Species,ACCEPTED_SPECIES,RESOLVED,,Direct WCVP Accepted species.,369468,Fraxinus americana,ACCEPTED_ANALYSIS_SPECIES_ID_ONLY,16,d32ea2b3a85e489b14e83bcc9eae7274532e1d113753f7be290d4b2dfde573fa,49,42,TRUE,FALSE,SINGLE_SPECIES_LAYER,1,0,Fraxinus_americana,DBH_BREAST_HEIGHT,N,5.0,1,1,1,exact,NOT_ASSESSED,,NOT_AVAILABLE_IN_FROZEN_FIA_INPUT,L.,L.,369468,Fraxinus americana,L.,Species,Accepted,L.,Accepted,0,,,0,1,,0,0,,D08B_V01_FROZEN,ACCEPTED_SPECIES,RESOLVED,
542,Fraxinus latifolia,Fraxinus latifolia,species,Fraxinus latifolia,1,369836,Accepted,369836,369836,Accepted,Species,Fraxinus latifolia,369836,Fraxinus latifolia,Species,Accepted,,,369836,Fraxinus latifolia,Species,ACCEPTED_SPECIES,RESOLVED,,Direct WCVP Accepted species.,369836,Fraxinus latifolia,ACCEPTED_ANALYSIS_SPECIES_ID_ONLY,16,d32ea2b3a85e489b14e83bcc9eae7274532e1d113753f7be290d4b2dfde573fa,4,4,FALSE,FALSE,SINGLE_SPECIES_LAYER,1,0,Fraxinus_latifolia,DBH_BREAST_HEIGHT,N,5.0,1,1,1,exact,NOT_ASSESSED,,NOT_AVAILABLE_IN_FROZEN_FIA_INPUT,Benth.,Benth.,369836,Fraxinus latifolia,Benth.,Species,Accepted,Benth.,Accepted,0,,,0,1,,0,0,,D08B_V01_FROZEN,ACCEPTED_SPECIES,RESOLVED,
543,Fraxinus nigra,Fraxinus nigra,species,Fraxinus nigra,1,369888,Accepted,369888,369888,Accepted,Species,Fraxinus nigra,369888,Fraxinus nigra,Species,Accepted,,,369888,Fraxinus nigra,Species,ACCEPTED_SPECIES,RESOLVED,,Direct WCVP Accepted species.,369888,Fraxinus nigra,ACCEPTED_ANALYSIS_SPECIES_ID_ONLY,16,d32ea2b3a85e489b14e83bcc9eae7274532e1d113753f7be290d4b2dfde573fa,22,22,FALSE,FALSE,SINGLE_SPECIES_LAYER,1,0,Fraxinus_nigra,DBH_BREAST_HEIGHT,N,5.0,1,1,1,exact,NOT_ASSESSED,,NOT_AVAILABLE_IN_FROZEN_FIA_INPUT,Marshall,Marshall,369888,Fraxinus nigra,Marshall,Species,Accepted,Marshall,Accepted,0,,,0,1,,0,0,,D08B_V01_FROZEN,ACCEPTED_SPECIES,RESOLVED,
544,Fraxinus pennsylvanica,Fraxinus pennsylvanica,species,Fraxinus pennsylvanica,1,370006,Accepted,370006,370006,Accepted,Species,Fraxinus pennsylvanica,370006,Fraxinus pennsylvanica,Species,Accepted,,,370006,Fraxinus pennsylvanica,Species,ACCEPTED_SPECIES,RESOLVED,,Direct WCVP Accepted species.,370006,Fraxinus pennsylvanica,ACCEPTED_ANALYSIS_SPECIES_ID_ONLY,16,d32ea2b3a85e489b14e83bcc9eae7274532e1d113753f7be290d4b2dfde573fa,72,48,FALSE,FALSE,SINGLE_SPECIES_LAYER,1,0,Fraxinus_pennsylvanica,DBH_BREAST_HEIGHT,N,5.0,1,1,1,exact,NOT_ASSESSED,,NOT_AVAILABLE_IN_FROZEN_FIA_INPUT,Marshall,Marshall,370006,Fraxinus pennsylvanica,Marshall,Species,Accepted,Marshall,Accepted,0,,,0,1,,0,0,,D08B_V01_FROZEN,ACCEPTED_SPECIES,RESOLVED,
545,Fraxinus profunda,Fraxinus profunda,species,Fraxinus profunda,1,370051,Accepted,370051,370051,Accepted,Species,Fraxinus profunda,370051,Fraxinus profunda,Species,Accepted,,,370051,Fraxinus profunda,Species,ACCEPTED_SPECIES,RESOLVED,,Direct WCVP Accepted species.,370051,Fraxinus profunda,ACCEPTED_ANALYSIS_SPECIES_ID_ONLY,16,d32ea2b3a85e489b14e83bcc9eae7274532e1d113753f7be290d4b2dfde573fa,22,22,FALSE,FALSE,SINGLE_SPECIES_LAYER,1,0,Fraxinus_profunda,DBH_BREAST_HEIGHT,N,5.0,1,1,1,exact,NOT_ASSESSED,,NOT_AVAILABLE_IN_FROZEN_FIA_INPUT,(Bush) Bush,(Bush) Bush,370051,Fraxinus profunda,(Bush) Bush,Species,Accepted,(Bush) Bush,Accepted,0,,,0,1,,0,0,,D08B_V01_FROZEN,ACCEPTED_SPECIES,RESOLVED,
546,Fraxinus quadrangulata,Fraxinus quadrangulata,species,Fraxinus quadrangulata,1,370075,Accepted,370075,370075,Accepted,Species,Fraxinus quadrangulata,370075,Fraxinus quadrangulata,Species,Accepted,,,370075,Fraxinus quadrangulata,Species,ACCEPTED_SPECIES,RESOLVED,,Direct WCVP Accepted species.,370075,Fraxinus quadrangulata,ACCEPTED_ANALYSIS_SPECIES_ID_ONLY,16,d32ea2b3a85e489b14e83bcc9eae7274532e1d113753f7be290d4b2dfde573fa,19,19,FALSE,FALSE,SINGLE_SPECIES_LAYER,1,0,Fraxinus_quadrangulata,DBH_BREAST_HEIGHT,N,5.0,1,1,1,exact,NOT_ASSESSED,,NOT_AVAILABLE_IN_FROZEN_FIA_INPUT,Michx.,Michx.,370075,Fraxinus quadrangulata,Michx.,Species,Accepted,Michx.,Accepted,0,,,0,1,,0,0,,D08B_V01_FROZEN,ACCEPTED_SPECIES,RESOLVED,
547,Fraxinus velutina,Fraxinus velutina,species,Fraxinus velutina,2,370195;370196,Accepted;Illegitimate,370195,370195,Accepted,Species,Fraxinus velutina,370195,Fraxinus velutina,Species,Accepted,,,370195,Fraxinus velutina,Species,ACCEPTED_SPECIES,RESOLVED,,Direct WCVP Accepted species.,370195,Fraxinus velutina,ACCEPTED_ANALYSIS_SPECIES_ID_ONLY,16,d32ea2b3a85e489b14e83bcc9eae7274532e1d113753f7be290d4b2dfde573fa,12,11,TRUE,FALSE,SINGLE_SPECIES_LAYER,1,0,Fraxinus_velutina,DBH_BREAST_HEIGHT,N,5.0,1,1,1,exact,NOT_ASSESSED,,NOT_AVAILABLE_IN_FROZEN_FIA_INPUT,Torr.,Torr.,370195,Fraxinus velutina,Torr.,Species,Accepted,Torr.,Accepted,0,,,0,1,,0,0,,D08B_V01_FROZEN,ACCEPTED_SPECIES,RESOLVED,
548,Fraxinus caroliniana,Fraxinus caroliniana,species,Fraxinus caroliniana,2,369591;369592,Accepted;Illegitimate,369591,369591,Accepted,Species,Fraxinus caroliniana,369591,Fraxinus caroliniana,Species,Accepted,,,369591,Fraxinus caroliniana,Species,ACCEPTED_SPECIES,RESOLVED,,Direct WCVP Accepted species.,369591,Fraxinus caroliniana,ACCEPTED_ANALYSIS_SPECIES_ID_ONLY,16,d32ea2b3a85e489b14e83bcc9eae7274532e1d113753f7be290d4b2dfde573fa,12,11,TRUE,FALSE,SINGLE_SPECIES_LAYER,1,0,Fraxinus_caroliniana,DBH_BREAST_HEIGHT,N,5.0,1,1,1,exact,NOT_ASSESSED,,NOT_AVAILABLE_IN_FROZEN_FIA_INPUT,Mill.,Mill.,369591,Fraxinus caroliniana,Mill.,Species,Accepted,Mill.,Accepted,0,,,0,1,,0,0,,D08B_V01_FROZEN,ACCEPTED_SPECIES,RESOLVED,
549,Fraxinus texensis,Fraxinus texensis,species,Fraxinus texensis,1,370174,Synonym,369466,370174,Synonym,Species,Fraxinus texensis,369466,Fraxinus albicans,Species,Accepted,,,369466,Fraxinus albicans,Species,SYNONYM_TO_ACCEPTED_SPECIES,RESOLVED,,Exact WCVP Synonym resolved by accepted_plant_name_id to an Accepted species.,369466,Fraxinus albicans,ACCEPTED_ANALYSIS_SPECIES_ID_ONLY,16,d32ea2b3a85e489b14e83bcc9eae7274532e1d113753f7be290d4b2dfde573fa,3,3,TRUE,FALSE,SINGLE_OFFICIAL_ALIAS_LAYER,1,0,Fraxinus_texensis,DBH_BREAST_HEIGHT,N,5.0,1,1,1,exact,NOT_ASSESSED,,NOT_AVAILABLE_IN_FROZEN_FIA_INPUT,(A.Gray) Sarg.,Buckley,369466,Fraxinus albicans,Buckley,Species,Accepted,Buckley,Accepted,0,,,0,1,,0,0,,D08B_V01_FROZEN,SYNONYM_TO_ACCEPTED_SPECIES,RESOLVED,
551,Gleditsia aquatica,Gleditsia aquatica,species,Gleditsia aquatica,1,2826455,Accepted,2826455,2826455,Accepted,Species,Gleditsia aquatica,2826455,Gleditsia aquatica,Species,Accepted,,,2826455,Gleditsia aquatica,Species,ACCEPTED_SPECIES,RESOLVED,,Direct WCVP Accepted species.,2826455,Gleditsia aquatica,ACCEPTED_ANALYSIS_SPECIES_ID_ONLY,16,d32ea2b3a85e489b14e83bcc9eae7274532e1d113753f7be290d4b2dfde573fa,16,16,TRUE,FALSE,SINGLE_SPECIES_LAYER,1,0,Gleditsia_aquatica,DBH_BREAST_HEIGHT,N,5.0,1,1,1,exact,NOT_ASSESSED,,NOT_AVAILABLE_IN_FROZEN_FIA_INPUT,Marshall,Marshall,2826455,Gleditsia aquatica,Marshall,Species,Accepted,Marshall,Accepted,0,,,0,1,,0,0,,D08B_V01_FROZEN,ACCEPTED_SPECIES,RESOLVED,
552,Gleditsia triacanthos,Gleditsia triacanthos,species,Gleditsia triacanthos,1,2826513,Accepted,2826513,2826513,Accepted,Species,Gleditsia triacanthos,2826513,Gleditsia triacanthos,Species,Accepted,,,2826513,Gleditsia triacanthos,Species,ACCEPTED_SPECIES,RESOLVED,,Direct WCVP Accepted species.,2826513,Gleditsia triacanthos,ACCEPTED_ANALYSIS_SPECIES_ID_ONLY,16,d32ea2b3a85e489b14e83bcc9eae7274532e1d113753f7be290d4b2dfde573fa,100,43,TRUE,FALSE,SINGLE_SPECIES_LAYER,1,0,Gleditsia_triacanthos,DBH_BREAST_HEIGHT,N,5.0,1,1,1,exact,NOT_ASSESSED,,NOT_AVAILABLE_IN_FROZEN_FIA_INPUT,L.,L.,2826513,Gleditsia triacanthos,L.,Species,Accepted,L.,Accepted,0,,,0,1,,0,0,,D08B_V01_FROZEN,ACCEPTED_SPECIES,RESOLVED,
555,Gordonia lasianthus,Gordonia lasianthus,species,Gordonia lasianthus,1,2830846,Accepted,2830846,2830846,Accepted,Species,Gordonia lasianthus,2830846,Gordonia lasianthus,Species,Accepted,,,2830846,Gordonia lasianthus,Species,ACCEPTED_SPECIES,RESOLVED,,Direct WCVP Accepted species.,2830846,Gordonia lasianthus,ACCEPTED_ANALYSIS_SPECIES_ID_ONLY,16,d32ea2b3a85e489b14e83bcc9eae7274532e1d113753f7be290d4b2dfde573fa,6,6,FALSE,FALSE,UNRESOLVED,0,1,,DBH_BREAST_HEIGHT,N,5.0,1,1,1,exact,NOT_ASSESSED,,NOT_AVAILABLE_IN_FROZEN_FIA_INPUT,(L.) Ellis,(L.) Ellis,2830846,Gordonia lasianthus,(L.) Ellis,Species,Accepted,(L.) Ellis,Accepted,0,,,0,1,,0,0,,D08B_V01_FROZEN,ACCEPTED_SPECIES,RESOLVED,
561,Ginkgo biloba,Ginkgo biloba,species,Ginkgo biloba,1,334053,Accepted,334053,334053,Accepted,Species,Ginkgo biloba,334053,Ginkgo biloba,Species,Accepted,,,334053,Ginkgo biloba,Species,ACCEPTED_SPECIES,RESOLVED,,Direct WCVP Accepted species.,334053,Ginkgo biloba,ACCEPTED_ANALYSIS_SPECIES_ID_ONLY,16,d32ea2b3a85e489b14e83bcc9eae7274532e1d113753f7be290d4b2dfde573fa,8,1,TRUE,TRUE,NOT_APPLICABLE_CONUS_NONNATIVE,0,0,,DBH_BREAST_HEIGHT,N,5.0,1,1,1,unresolved,NOT_ASSESSED,,NOT_AVAILABLE_IN_FROZEN_FIA_INPUT,L.,L.,334053,Ginkgo biloba,L.,Species,Accepted,L.,Accepted,0,,,0,1,,0,0,,D08B_V01_FROZEN,ACCEPTED_SPECIES,RESOLVED,
571,Gymnocladus dioicus,Gymnocladus dioicus,species,Gymnocladus dioicus,1,2835921,Accepted,2835921,2835921,Accepted,Species,Gymnocladus dioicus,2835921,Gymnocladus dioicus,Species,Accepted,,,2835921,Gymnocladus dioicus,Species,ACCEPTED_SPECIES,RESOLVED,,Direct WCVP Accepted species.,2835921,Gymnocladus dioicus,ACCEPTED_ANALYSIS_SPECIES_ID_ONLY,16,d32ea2b3a85e489b14e83bcc9eae7274532e1d113753f7be290d4b2dfde573fa,47,25,FALSE,FALSE,SINGLE_SPECIES_LAYER,1,0,Gymnocladus_dioicus,DBH_BREAST_HEIGHT,N,5.0,1,1,1,exact,NOT_ASSESSED,,NOT_AVAILABLE_IN_FROZEN_FIA_INPUT,(L.) K.Koch,(L.) K.Koch,2835921,Gymnocladus dioicus,(L.) K.Koch,Species,Accepted,(L.) K.Koch,Accepted,0,,,0,1,,0,0,,D08B_V01_FROZEN,ACCEPTED_SPECIES,RESOLVED,
581,Halesia carolina,Halesia carolina,species,Halesia carolina,1,2838104,Accepted,2838104,2838104,Accepted,Species,Halesia carolina,2838104,Halesia carolina,Species,Accepted,,,2838104,Halesia carolina,Species,ACCEPTED_SPECIES,RESOLVED,,Direct WCVP Accepted species.,2838104,Halesia carolina,ACCEPTED_ANALYSIS_SPECIES_ID_ONLY,16,d32ea2b3a85e489b14e83bcc9eae7274532e1d113753f7be290d4b2dfde573fa,21,15,FALSE,FALSE,MULTIPLE_OTHER_LAYERS,2,1,,DBH_BREAST_HEIGHT,N,5.0,1,1,1,exact,NOT_ASSESSED,,NOT_AVAILABLE_IN_FROZEN_FIA_INPUT,L.,L.,2838104,Halesia carolina,L.,Species,Accepted,L.,Accepted,0,,,0,1,,0,0,,D08B_V01_FROZEN,ACCEPTED_SPECIES,RESOLVED,
582,Halesia diptera,Halesia diptera,species,Halesia diptera,1,2838115,Accepted,2838115,2838115,Accepted,Species,Halesia diptera,2838115,Halesia diptera,Species,Accepted,,,2838115,Halesia diptera,Species,ACCEPTED_SPECIES,RESOLVED,,Direct WCVP Accepted species.,2838115,Halesia diptera,ACCEPTED_ANALYSIS_SPECIES_ID_ONLY,16,d32ea2b3a85e489b14e83bcc9eae7274532e1d113753f7be290d4b2dfde573fa,8,8,FALSE,FALSE,UNRESOLVED,0,1,,DBH_BREAST_HEIGHT,N,5.0,1,1,1,exact,NOT_ASSESSED,,NOT_AVAILABLE_IN_FROZEN_FIA_INPUT,L.,L.,2838115,Halesia diptera,L.,Species,Accepted,L.,Accepted,0,,,0,1,,0,0,,D08B_V01_FROZEN,ACCEPTED_SPECIES,RESOLVED,
591,Ilex opaca,Ilex opaca,species,Ilex opaca,1,2861190,Accepted,2861190,2861190,Accepted,Species,Ilex opaca,2861190,Ilex opaca,Species,Accepted,,,2861190,Ilex opaca,Species,ACCEPTED_SPECIES,RESOLVED,,Direct WCVP Accepted species.,2861190,Ilex opaca,ACCEPTED_ANALYSIS_SPECIES_ID_ONLY,16,d32ea2b3a85e489b14e83bcc9eae7274532e1d113753f7be290d4b2dfde573fa,27,27,FALSE,FALSE,SINGLE_SPECIES_LAYER,1,0,Ilex_opaca,DBH_BREAST_HEIGHT,N,5.0,1,1,1,exact,NOT_ASSESSED,,NOT_AVAILABLE_IN_FROZEN_FIA_INPUT,Aiton,Aiton,2861190,Ilex opaca,Aiton,Species,Accepted,Aiton,Accepted,0,,,0,1,,0,0,,D08B_V01_FROZEN,ACCEPTED_SPECIES,RESOLVED,
601,Juglans cinerea,Juglans cinerea,species,Juglans cinerea,1,2331793,Accepted,2331793,2331793,Accepted,Species,Juglans cinerea,2331793,Juglans cinerea,Species,Accepted,,,2331793,Juglans cinerea,Species,ACCEPTED_SPECIES,RESOLVED,,Direct WCVP Accepted species.,2331793,Juglans cinerea,ACCEPTED_ANALYSIS_SPECIES_ID_ONLY,16,d32ea2b3a85e489b14e83bcc9eae7274532e1d113753f7be290d4b2dfde573fa,40,32,FALSE,FALSE,SINGLE_SPECIES_LAYER,1,0,Juglans_cinerea,DBH_BREAST_HEIGHT,N,5.0,1,1,1,exact,NOT_ASSESSED,,NOT_AVAILABLE_IN_FROZEN_FIA_INPUT,L.,L.,2331793,Juglans cinerea,L.,Species,Accepted,L.,Accepted,0,,,0,1,,0,0,,D08B_V01_FROZEN,ACCEPTED_SPECIES,RESOLVED,
602,Juglans nigra,Juglans nigra,species,Juglans nigra,1,2331834,Accepted,2331834,2331834,Accepted,Species,Juglans nigra,2331834,Juglans nigra,Species,Accepted,,,2331834,Juglans nigra,Species,ACCEPTED_SPECIES,RESOLVED,,Direct WCVP Accepted species.,2331834,Juglans nigra,ACCEPTED_ANALYSIS_SPECIES_ID_ONLY,16,d32ea2b3a85e489b14e83bcc9eae7274532e1d113753f7be290d4b2dfde573fa,52,35,FALSE,FALSE,SINGLE_SPECIES_LAYER,1,0,Juglans_nigra,DBH_BREAST_HEIGHT,N,5.0,1,1,1,exact,NOT_ASSESSED,,NOT_AVAILABLE_IN_FROZEN_FIA_INPUT,L.,L.,2331834,Juglans nigra,L.,Species,Accepted,L.,Accepted,0,,,0,1,,0,0,,D08B_V01_FROZEN,ACCEPTED_SPECIES,RESOLVED,
603,Juglans hindsii,Juglans hindsii,species,Juglans hindsii,1,2329229,Accepted,2329229,2329229,Accepted,Species,Juglans hindsii,2329229,Juglans hindsii,Species,Accepted,,,2329229,Juglans hindsii,Species,ACCEPTED_SPECIES,RESOLVED,,Direct WCVP Accepted species.,2329229,Juglans hindsii,ACCEPTED_ANALYSIS_SPECIES_ID_ONLY,16,d32ea2b3a85e489b14e83bcc9eae7274532e1d113753f7be290d4b2dfde573fa,4,1,FALSE,FALSE,UNRESOLVED,0,1,,DBH_BREAST_HEIGHT,N,5.0,1,1,1,unresolved,NOT_ASSESSED,,NOT_AVAILABLE_IN_FROZEN_FIA_INPUT,(Jeps.) Jeps. ex R.E.Sm.,(Jeps.) Jeps. ex R.E.Sm.,2329229,Juglans hindsii,(Jeps.) Jeps. ex R.E.Sm.,Species,Accepted,(Jeps.) Jeps. ex R.E.Sm.,Accepted,0,,,0,1,,0,0,,D08B_V01_FROZEN,ACCEPTED_SPECIES,RESOLVED,
604,Juglans californica,Juglans californica,species,Juglans californica,1,2331825,Accepted,2331825,2331825,Accepted,Species,Juglans californica,2331825,Juglans californica,Species,Accepted,,,2331825,Juglans californica,Species,ACCEPTED_SPECIES,RESOLVED,,Direct WCVP Accepted species.,2331825,Juglans californica,ACCEPTED_ANALYSIS_SPECIES_ID_ONLY,16,d32ea2b3a85e489b14e83bcc9eae7274532e1d113753f7be290d4b2dfde573fa,5,1,FALSE,FALSE,SINGLE_SPECIES_LAYER,1,0,Juglans_californica,DBH_BREAST_HEIGHT,N,5.0,1,1,1,exact,NOT_ASSESSED,,NOT_AVAILABLE_IN_FROZEN_FIA_INPUT,S.Watson,S.Watson,2331825,Juglans californica,S.Watson,Species,Accepted,S.Watson,Accepted,0,,,0,1,,0,0,,D08B_V01_FROZEN,ACCEPTED_SPECIES,RESOLVED,
605,Juglans microcarpa,Juglans microcarpa,species,Juglans microcarpa,1,2331862,Accepted,2331862,2331862,Accepted,Species,Juglans microcarpa,2331862,Juglans microcarpa,Species,Accepted,,,2331862,Juglans microcarpa,Species,ACCEPTED_SPECIES,RESOLVED,,Direct WCVP Accepted species.,2331862,Juglans microcarpa,ACCEPTED_ANALYSIS_SPECIES_ID_ONLY,16,d32ea2b3a85e489b14e83bcc9eae7274532e1d113753f7be290d4b2dfde573fa,8,5,TRUE,FALSE,SINGLE_SPECIES_LAYER,1,0,Juglans_microcarpa,DBH_BREAST_HEIGHT,N,5.0,1,1,1,exact,NOT_ASSESSED,,NOT_AVAILABLE_IN_FROZEN_FIA_INPUT,Berland.,Berland.,2331862,Juglans microcarpa,Berland.,Species,Accepted,Berland.,Accepted,0,,,0,1,,0,0,,D08B_V01_FROZEN,ACCEPTED_SPECIES,RESOLVED,
606,Juglans major,Juglans major,species,Juglans major,1,2331814,Accepted,2331814,2331814,Accepted,Species,Juglans major,2331814,Juglans major,Species,Accepted,,,2331814,Juglans major,Species,ACCEPTED_SPECIES,RESOLVED,,Direct WCVP Accepted species.,2331814,Juglans major,ACCEPTED_ANALYSIS_SPECIES_ID_ONLY,16,d32ea2b3a85e489b14e83bcc9eae7274532e1d113753f7be290d4b2dfde573fa,11,9,TRUE,FALSE,SINGLE_SPECIES_LAYER,1,0,Juglans_major,DBH_BREAST_HEIGHT,N,5.0,1,1,1,exact,NOT_ASSESSED,,NOT_AVAILABLE_IN_FROZEN_FIA_INPUT,(Torr.) A.Heller,(Torr.) A.Heller,2331814,Juglans major,(Torr.) A.Heller,Species,Accepted,(Torr.) A.Heller,Accepted,0,,,0,1,,0,0,,D08B_V01_FROZEN,ACCEPTED_SPECIES,RESOLVED,
611,Liquidambar styraciflua,Liquidambar styraciflua,species,Liquidambar styraciflua,1,500221,Accepted,500221,500221,Accepted,Species,Liquidambar styraciflua,500221,Liquidambar styraciflua,Species,Accepted,,,500221,Liquidambar styraciflua,Species,ACCEPTED_SPECIES,RESOLVED,,Direct WCVP Accepted species.,500221,Liquidambar styraciflua,ACCEPTED_ANALYSIS_SPECIES_ID_ONLY,16,d32ea2b3a85e489b14e83bcc9eae7274532e1d113753f7be290d4b2dfde573fa,33,29,TRUE,FALSE,SINGLE_SPECIES_LAYER,1,0,Liquidambar_styraciflua,DBH_BREAST_HEIGHT,N,5.0,1,1,1,exact,NOT_ASSESSED,,NOT_AVAILABLE_IN_FROZEN_FIA_INPUT,L.,L.,500221,Liquidambar styraciflua,L.,Species,Accepted,L.,Accepted,0,,,0,1,,0,0,,D08B_V01_FROZEN,ACCEPTED_SPECIES,RESOLVED,
621,Liriodendron tulipifera,Liriodendron tulipifera,species,Liriodendron tulipifera,1,113859,Accepted,113859,113859,Accepted,Species,Liriodendron tulipifera,113859,Liriodendron tulipifera,Species,Accepted,,,113859,Liriodendron tulipifera,Species,ACCEPTED_SPECIES,RESOLVED,,Direct WCVP Accepted species.,113859,Liriodendron tulipifera,ACCEPTED_ANALYSIS_SPECIES_ID_ONLY,16,d32ea2b3a85e489b14e83bcc9eae7274532e1d113753f7be290d4b2dfde573fa,31,28,FALSE,FALSE,SINGLE_SPECIES_LAYER,1,0,Liriodendron_tulipifera,DBH_BREAST_HEIGHT,N,5.0,1,1,1,exact,NOT_ASSESSED,,NOT_AVAILABLE_IN_FROZEN_FIA_INPUT,L.,L.,113859,Liriodendron tulipifera,L.,Species,Accepted,L.,Accepted,0,,,0,1,,0,0,,D08B_V01_FROZEN,ACCEPTED_SPECIES,RESOLVED,
631,Lithocarpus densiflorus,Lithocarpus densiflorus,species,Lithocarpus densiflorus,1,114425,Synonym,458543,114425,Synonym,Species,Lithocarpus densiflorus,458543,Notholithocarpus densiflorus,Species,Accepted,,,458543,Notholithocarpus densiflorus,Species,SYNONYM_TO_ACCEPTED_SPECIES,RESOLVED,,Exact WCVP Synonym resolved by accepted_plant_name_id to an Accepted species.,458543,Notholithocarpus densiflorus,ACCEPTED_ANALYSIS_SPECIES_ID_ONLY,16,d32ea2b3a85e489b14e83bcc9eae7274532e1d113753f7be290d4b2dfde573fa,2,2,FALSE,FALSE,SINGLE_OFFICIAL_ALIAS_LAYER,1,0,Lithocarpus_densiflorus,DBH_BREAST_HEIGHT,N,5.0,1,1,1,exact,NOT_ASSESSED,,NOT_AVAILABLE_IN_FROZEN_FIA_INPUT,(Hook. & Arn.) Rehder,"(Hook. & Arn.) Manos, Cannon & S.H.Oh",458543,Notholithocarpus densiflorus,"(Hook. & Arn.) Manos, Cannon & S.H.Oh",Species,Accepted,"(Hook. & Arn.) Manos, Cannon & S.H.Oh",Accepted,0,,,0,1,,0,0,,D08B_V01_FROZEN,SYNONYM_TO_ACCEPTED_SPECIES,RESOLVED,
641,Maclura pomifera,Maclura pomifera,species,Maclura pomifera,1,2501306,Accepted,2501306,2501306,Accepted,Species,Maclura pomifera,2501306,Maclura pomifera,Species,Accepted,,,2501306,Maclura pomifera,Species,ACCEPTED_SPECIES,RESOLVED,,Direct WCVP Accepted species.,2501306,Maclura pomifera,ACCEPTED_ANALYSIS_SPECIES_ID_ONLY,16,d32ea2b3a85e489b14e83bcc9eae7274532e1d113753f7be290d4b2dfde573fa,48,3,FALSE,FALSE,SINGLE_SPECIES_LAYER,1,0,Maclura_pomifera,DBH_BREAST_HEIGHT,N,5.0,1,1,1,exact,NOT_ASSESSED,,NOT_AVAILABLE_IN_FROZEN_FIA_INPUT,(Raf.) C.K.Schneid.,(Raf.) C.K.Schneid.,2501306,Maclura pomifera,(Raf.) C.K.Schneid.,Species,Accepted,(Raf.) C.K.Schneid.,Accepted,0,,,0,1,,0,0,,D08B_V01_FROZEN,ACCEPTED_SPECIES,RESOLVED,
651,Magnolia acuminata,Magnolia acuminata,species,Magnolia acuminata,1,117423,Accepted,117423,117423,Accepted,Species,Magnolia acuminata,117423,Magnolia acuminata,Species,Accepted,,,117423,Magnolia acuminata,Species,ACCEPTED_SPECIES,RESOLVED,,Direct WCVP Accepted species.,117423,Magnolia acuminata,ACCEPTED_ANALYSIS_SPECIES_ID_ONLY,16,d32ea2b3a85e489b14e83bcc9eae7274532e1d113753f7be290d4b2dfde573fa,23,23,FALSE,FALSE,SINGLE_SPECIES_LAYER,1,0,Magnolia_acuminata,DBH_BREAST_HEIGHT,N,5.0,1,1,1,exact,NOT_ASSESSED,,NOT_AVAILABLE_IN_FROZEN_FIA_INPUT,(L.) L.,(L.) L.,117423,Magnolia acuminata,(L.) L.,Species,Accepted,(L.) L.,Accepted,0,,,0,1,,0,0,,D08B_V01_FROZEN,ACCEPTED_SPECIES,RESOLVED,
652,Magnolia grandiflora,Magnolia grandiflora,species,Magnolia grandiflora,1,117615,Accepted,117615,117615,Accepted,Species,Magnolia grandiflora,117615,Magnolia grandiflora,Species,Accepted,,,117615,Magnolia grandiflora,Species,ACCEPTED_SPECIES,RESOLVED,,Direct WCVP Accepted species.,117615,Magnolia grandiflora,ACCEPTED_ANALYSIS_SPECIES_ID_ONLY,16,d32ea2b3a85e489b14e83bcc9eae7274532e1d113753f7be290d4b2dfde573fa,22,8,FALSE,FALSE,SINGLE_SPECIES_LAYER,1,0,Magnolia_grandiflora,DBH_BREAST_HEIGHT,N,5.0,1,1,1,exact,NOT_ASSESSED,,NOT_AVAILABLE_IN_FROZEN_FIA_INPUT,L.,L.,117615,Magnolia grandiflora,L.,Species,Accepted,L.,Accepted,0,,,0,1,,0,0,,D08B_V01_FROZEN,ACCEPTED_SPECIES,RESOLVED,
653,Magnolia virginiana,Magnolia virginiana,species,Magnolia virginiana,1,117883,Accepted,117883,117883,Accepted,Species,Magnolia virginiana,117883,Magnolia virginiana,Species,Accepted,,,117883,Magnolia virginiana,Species,ACCEPTED_SPECIES,RESOLVED,,Direct WCVP Accepted species.,117883,Magnolia virginiana,ACCEPTED_ANALYSIS_SPECIES_ID_ONLY,16,d32ea2b3a85e489b14e83bcc9eae7274532e1d113753f7be290d4b2dfde573fa,19,19,TRUE,FALSE,SINGLE_SPECIES_LAYER,1,0,Magnolia_virginiana,DBH_BREAST_HEIGHT,N,5.0,1,1,1,exact,NOT_ASSESSED,,NOT_AVAILABLE_IN_FROZEN_FIA_INPUT,L.,L.,117883,Magnolia virginiana,L.,Species,Accepted,L.,Accepted,0,,,0,1,,0,0,,D08B_V01_FROZEN,ACCEPTED_SPECIES,RESOLVED,
654,Magnolia macrophylla,Magnolia macrophylla,species,Magnolia macrophylla,1,117698,Accepted,117698,117698,Accepted,Species,Magnolia macrophylla,117698,Magnolia macrophylla,Species,Accepted,,,117698,Magnolia macrophylla,Species,ACCEPTED_SPECIES,RESOLVED,,Direct WCVP Accepted species.,117698,Magnolia macrophylla,ACCEPTED_ANALYSIS_SPECIES_ID_ONLY,16,d32ea2b3a85e489b14e83bcc9eae7274532e1d113753f7be290d4b2dfde573fa,16,11,FALSE,FALSE,SINGLE_SPECIES_LAYER,1,0,Magnolia_macrophylla,DBH_BREAST_HEIGHT,N,5.0,1,1,1,exact,NOT_ASSESSED,,NOT_AVAILABLE_IN_FROZEN_FIA_INPUT,Michx.,Michx.,117698,Magnolia macrophylla,Michx.,Species,Accepted,Michx.,Accepted,0,,,0,1,,0,0,,D08B_V01_FROZEN,ACCEPTED_SPECIES,RESOLVED,
655,Magnolia fraseri,Magnolia fraseri,species,Magnolia fraseri,1,117583,Accepted,117583,117583,Accepted,Species,Magnolia fraseri,117583,Magnolia fraseri,Species,Accepted,,,117583,Magnolia fraseri,Species,ACCEPTED_SPECIES,RESOLVED,,Direct WCVP Accepted species.,117583,Magnolia fraseri,ACCEPTED_ANALYSIS_SPECIES_ID_ONLY,16,d32ea2b3a85e489b14e83bcc9eae7274532e1d113753f7be290d4b2dfde573fa,12,12,FALSE,FALSE,MULTIPLE_OTHER_LAYERS,2,1,,DBH_BREAST_HEIGHT,N,5.0,1,1,1,exact,NOT_ASSESSED,,NOT_AVAILABLE_IN_FROZEN_FIA_INPUT,Walter,Walter,117583,Magnolia fraseri,Walter,Species,Accepted,Walter,Accepted,0,,,0,1,,0,0,,D08B_V01_FROZEN,ACCEPTED_SPECIES,RESOLVED,
658,Magnolia tripetala,Magnolia tripetala,species,Magnolia tripetala,1,117869,Accepted,117869,117869,Accepted,Species,Magnolia tripetala,117869,Magnolia tripetala,Species,Accepted,,,117869,Magnolia tripetala,Species,ACCEPTED_SPECIES,RESOLVED,,Direct WCVP Accepted species.,117869,Magnolia tripetala,ACCEPTED_ANALYSIS_SPECIES_ID_ONLY,16,d32ea2b3a85e489b14e83bcc9eae7274532e1d113753f7be290d4b2dfde573fa,18,17,FALSE,FALSE,SINGLE_SPECIES_LAYER,1,0,Magnolia_tripetala,DBH_BREAST_HEIGHT,N,5.0,1,1,1,exact,NOT_ASSESSED,,NOT_AVAILABLE_IN_FROZEN_FIA_INPUT,(L.) L.,(L.) L.,117869,Magnolia tripetala,(L.) L.,Species,Accepted,(L.) L.,Accepted,0,,,0,1,,0,0,,D08B_V01_FROZEN,ACCEPTED_SPECIES,RESOLVED,
660,Malus spp.,Malus spp.,species,Malus spp.,0,,,,,,,,,,,,,,,,,GENUS_OR_NON_SPECIES_AGGREGATE,CLASSIFIED_NON_SPECIES,,FIA name is a genus/non-species aggregate or unknown object; no species assignment permitted.,,,NOT_APPLICABLE_NO_ANALYSIS_SPECIES,16,d32ea2b3a85e489b14e83bcc9eae7274532e1d113753f7be290d4b2dfde573fa,,,,,NOT_APPLICABLE_NO_ORDINARY_ANALYSIS_SPECIES,0,0,,DBH_BREAST_HEIGHT,N,5.0,1,1,1,unresolved,NOT_ASSESSED,,NOT_AVAILABLE_IN_FROZEN_FIA_INPUT,,,,,,,,,,0,,,0,0,FIA name is a genus/non-species aggregate or unknown object; no species assignment permitted.,0,0,,D08B_V01_FROZEN,GENUS_OR_NON_SPECIES_AGGREGATE,CLASSIFIED_NON_SPECIES,
661,Malus fusca,Malus fusca,species,Malus fusca,1,2950658,Accepted,2950658,2950658,Accepted,Species,Malus fusca,2950658,Malus fusca,Species,Accepted,,,2950658,Malus fusca,Species,ACCEPTED_SPECIES,RESOLVED,,Direct WCVP Accepted species.,2950658,Malus fusca,ACCEPTED_ANALYSIS_SPECIES_ID_ONLY,16,d32ea2b3a85e489b14e83bcc9eae7274532e1d113753f7be290d4b2dfde573fa,5,5,FALSE,FALSE,UNRESOLVED,0,1,,DBH_BREAST_HEIGHT,N,5.0,1,1,1,unresolved,NOT_ASSESSED,,NOT_AVAILABLE_IN_FROZEN_FIA_INPUT,(Raf.) Raf.,(Raf.) Raf.,2950658,Malus fusca,(Raf.) Raf.,Species,Accepted,(Raf.) Raf.,Accepted,0,,,0,1,,0,0,,D08B_V01_FROZEN,ACCEPTED_SPECIES,RESOLVED,
662,Malus angustifolia,Malus angustifolia,species,Malus angustifolia,2,2950397;2950398,Accepted;Illegitimate,2950397,2950397,Accepted,Species,Malus angustifolia,2950397,Malus angustifolia,Species,Accepted,,,2950397,Malus angustifolia,Species,ACCEPTED_SPECIES,RESOLVED,,Direct WCVP Accepted species.,2950397,Malus angustifolia,ACCEPTED_ANALYSIS_SPECIES_ID_ONLY,16,d32ea2b3a85e489b14e83bcc9eae7274532e1d113753f7be290d4b2dfde573fa,20,20,FALSE,FALSE,SINGLE_SPECIES_LAYER,1,0,Malus_angustifolia,DBH_BREAST_HEIGHT,N,5.0,1,1,1,exact,NOT_ASSESSED,,NOT_AVAILABLE_IN_FROZEN_FIA_INPUT,(Aiton) Michx.,(Aiton) Michx.,2950397,Malus angustifolia,(Aiton) Michx.,Species,Accepted,(Aiton) Michx.,Accepted,0,,,0,1,,0,0,,D08B_V01_FROZEN,ACCEPTED_SPECIES,RESOLVED,
663,Malus coronaria,Malus coronaria,species,Malus coronaria,1,2950548,Accepted,2950548,2950548,Accepted,Species,Malus coronaria,2950548,Malus coronaria,Species,Accepted,,,2950548,Malus coronaria,Species,ACCEPTED_SPECIES,RESOLVED,,Direct WCVP Accepted species.,2950548,Malus coronaria,ACCEPTED_ANALYSIS_SPECIES_ID_ONLY,16,d32ea2b3a85e489b14e83bcc9eae7274532e1d113753f7be290d4b2dfde573fa,25,24,FALSE,FALSE,SINGLE_SPECIES_LAYER,1,0,Malus_coronaria,DBH_BREAST_HEIGHT,N,5.0,1,1,1,exact,NOT_ASSESSED,,NOT_AVAILABLE_IN_FROZEN_FIA_INPUT,(L.) Mill.,(L.) Mill.,2950548,Malus coronaria,(L.) Mill.,Species,Accepted,(L.) Mill.,Accepted,0,,,0,1,,0,0,,D08B_V01_FROZEN,ACCEPTED_SPECIES,RESOLVED,
681,Morus alba,Morus alba,species,Morus alba,1,2501381,Accepted,2501381,2501381,Accepted,Species,Morus alba,2501381,Morus alba,Species,Accepted,,,2501381,Morus alba,Species,ACCEPTED_SPECIES,RESOLVED,,Direct WCVP Accepted species.,2501381,Morus alba,ACCEPTED_ANALYSIS_SPECIES_ID_ONLY,16,d32ea2b3a85e489b14e83bcc9eae7274532e1d113753f7be290d4b2dfde573fa,128,2,TRUE,TRUE,NOT_APPLICABLE_CONUS_NONNATIVE,0,0,,DBH_BREAST_HEIGHT,N,5.0,1,1,1,unresolved,NOT_ASSESSED,,NOT_AVAILABLE_IN_FROZEN_FIA_INPUT,L.,L.,2501381,Morus alba,L.,Species,Accepted,L.,Accepted,0,,,0,1,,0,0,,D08B_V01_FROZEN,ACCEPTED_SPECIES,RESOLVED,
682,Morus rubra,Morus rubra,species,Morus rubra,1,2501906,Accepted,2501906,2501906,Accepted,Species,Morus rubra,2501906,Morus rubra,Species,Accepted,,,2501906,Morus rubra,Species,ACCEPTED_SPECIES,RESOLVED,,Direct WCVP Accepted species.,2501906,Morus rubra,ACCEPTED_ANALYSIS_SPECIES_ID_ONLY,16,d32ea2b3a85e489b14e83bcc9eae7274532e1d113753f7be290d4b2dfde573fa,38,34,FALSE,FALSE,SINGLE_SPECIES_LAYER,1,0,Morus_rubra,DBH_BREAST_HEIGHT,N,5.0,1,1,1,exact,NOT_ASSESSED,,NOT_AVAILABLE_IN_FROZEN_FIA_INPUT,L.,L.,2501906,Morus rubra,L.,Species,Accepted,L.,Accepted,0,,,0,1,,0,0,,D08B_V01_FROZEN,ACCEPTED_SPECIES,RESOLVED,
683,Morus microphylla,Morus microphylla,species,Morus microphylla,1,2501836,Accepted,2501836,2501836,Accepted,Species,Morus microphylla,2501836,Morus microphylla,Species,Accepted,,,2501836,Morus microphylla,Species,ACCEPTED_SPECIES,RESOLVED,,Direct WCVP Accepted species.,2501836,Morus microphylla,ACCEPTED_ANALYSIS_SPECIES_ID_ONLY,16,d32ea2b3a85e489b14e83bcc9eae7274532e1d113753f7be290d4b2dfde573fa,6,6,TRUE,FALSE,SINGLE_SPECIES_LAYER,1,0,Morus_microphylla,DBH_BREAST_HEIGHT,N,5.0,1,1,1,exact,NOT_ASSESSED,,NOT_AVAILABLE_IN_FROZEN_FIA_INPUT,Buckley,Buckley,2501836,Morus microphylla,Buckley,Species,Accepted,Buckley,Accepted,0,,,0,1,,0,0,,D08B_V01_FROZEN,ACCEPTED_SPECIES,RESOLVED,
691,Nyssa aquatica,Nyssa aquatica,species,Nyssa aquatica,1,136188,Accepted,136188,136188,Accepted,Species,Nyssa aquatica,136188,Nyssa aquatica,Species,Accepted,,,136188,Nyssa aquatica,Species,ACCEPTED_SPECIES,RESOLVED,,Direct WCVP Accepted species.,136188,Nyssa aquatica,ACCEPTED_ANALYSIS_SPECIES_ID_ONLY,16,d32ea2b3a85e489b14e83bcc9eae7274532e1d113753f7be290d4b2dfde573fa,15,15,FALSE,FALSE,SINGLE_SPECIES_LAYER,1,0,Nyssa_aquatica,DBH_BREAST_HEIGHT,N,5.0,1,1,1,exact,NOT_ASSESSED,,NOT_AVAILABLE_IN_FROZEN_FIA_INPUT,L.,L.,136188,Nyssa aquatica,L.,Species,Accepted,L.,Accepted,0,,,0,1,,0,0,,D08B_V01_FROZEN,ACCEPTED_SPECIES,RESOLVED,
692,Nyssa ogeche,Nyssa ogeche,species,Nyssa ogeche,1,136212,Accepted,136212,136212,Accepted,Species,Nyssa ogeche,136212,Nyssa ogeche,Species,Accepted,,,136212,Nyssa ogeche,Species,ACCEPTED_SPECIES,RESOLVED,,Direct WCVP Accepted species.,136212,Nyssa ogeche,ACCEPTED_ANALYSIS_SPECIES_ID_ONLY,16,d32ea2b3a85e489b14e83bcc9eae7274532e1d113753f7be290d4b2dfde573fa,4,4,FALSE,FALSE,UNRESOLVED,0,1,,DBH_BREAST_HEIGHT,N,5.0,1,1,1,exact,NOT_ASSESSED,,NOT_AVAILABLE_IN_FROZEN_FIA_INPUT,W.Bartram ex Marshall,W.Bartram ex Marshall,136212,Nyssa ogeche,W.Bartram ex Marshall,Species,Accepted,W.Bartram ex Marshall,Accepted,0,,,0,1,,0,0,,D08B_V01_FROZEN,ACCEPTED_SPECIES,RESOLVED,
693,Nyssa sylvatica,Nyssa sylvatica,species,Nyssa sylvatica,1,136221,Accepted,136221,136221,Accepted,Species,Nyssa sylvatica,136221,Nyssa sylvatica,Species,Accepted,,,136221,Nyssa sylvatica,Species,ACCEPTED_SPECIES,RESOLVED,,Direct WCVP Accepted species.,136221,Nyssa sylvatica,ACCEPTED_ANALYSIS_SPECIES_ID_ONLY,16,d32ea2b3a85e489b14e83bcc9eae7274532e1d113753f7be290d4b2dfde573fa,34,34,TRUE,FALSE,SINGLE_SPECIES_LAYER,1,0,Nyssa_sylvatica,DBH_BREAST_HEIGHT,N,5.0,1,1,1,exact,NOT_ASSESSED,,NOT_AVAILABLE_IN_FROZEN_FIA_INPUT,Marshall,Marshall,136221,Nyssa sylvatica,Marshall,Species,Accepted,Marshall,Accepted,0,,,0,1,,0,0,,D08B_V01_FROZEN,ACCEPTED_SPECIES,RESOLVED,
694,Nyssa biflora,Nyssa biflora,species,Nyssa biflora,1,136191,Accepted,136191,136191,Accepted,Species,Nyssa biflora,136191,Nyssa biflora,Species,Accepted,,,136191,Nyssa biflora,Species,ACCEPTED_SPECIES,RESOLVED,,Direct WCVP Accepted species.,136191,Nyssa biflora,ACCEPTED_ANALYSIS_SPECIES_ID_ONLY,16,d32ea2b3a85e489b14e83bcc9eae7274532e1d113753f7be290d4b2dfde573fa,17,17,FALSE,FALSE,UNRESOLVED,0,1,,DBH_BREAST_HEIGHT,N,5.0,1,1,1,unresolved,NOT_ASSESSED,,NOT_AVAILABLE_IN_FROZEN_FIA_INPUT,Walter,Walter,136191,Nyssa biflora,Walter,Species,Accepted,Walter,Accepted,0,,,0,1,,0,0,,D08B_V01_FROZEN,ACCEPTED_SPECIES,RESOLVED,
701,Ostrya virginiana,Ostrya virginiana,species,Ostrya virginiana,1,144637,Accepted,144637,144637,Accepted,Species,Ostrya virginiana,144637,Ostrya virginiana,Species,Accepted,,,144637,Ostrya virginiana,Species,ACCEPTED_SPECIES,RESOLVED,,Direct WCVP Accepted species.,144637,Ostrya virginiana,ACCEPTED_ANALYSIS_SPECIES_ID_ONLY,16,d32ea2b3a85e489b14e83bcc9eae7274532e1d113753f7be290d4b2dfde573fa,53,53,TRUE,FALSE,SINGLE_SPECIES_LAYER,1,0,Ostrya_virginiana,DBH_BREAST_HEIGHT,N,5.0,1,1,1,exact,NOT_ASSESSED,,NOT_AVAILABLE_IN_FROZEN_FIA_INPUT,(Mill.) K.Koch,(Mill.) K.Koch,144637,Ostrya virginiana,(Mill.) K.Koch,Species,Accepted,(Mill.) K.Koch,Accepted,0,,,0,1,,0,0,,D08B_V01_FROZEN,ACCEPTED_SPECIES,RESOLVED,
711,Oxydendrum arboreum,Oxydendrum arboreum,species,Oxydendrum arboreum,1,2387656,Accepted,2387656,2387656,Accepted,Species,Oxydendrum arboreum,2387656,Oxydendrum arboreum,Species,Accepted,,,2387656,Oxydendrum arboreum,Species,ACCEPTED_SPECIES,RESOLVED,,Direct WCVP Accepted species.,2387656,Oxydendrum arboreum,ACCEPTED_ANALYSIS_SPECIES_ID_ONLY,16,d32ea2b3a85e489b14e83bcc9eae7274532e1d113753f7be290d4b2dfde573fa,18,17,FALSE,FALSE,SINGLE_SPECIES_LAYER,1,0,Oxydendrum_arboreum,DBH_BREAST_HEIGHT,N,5.0,1,1,1,exact,NOT_ASSESSED,,NOT_AVAILABLE_IN_FROZEN_FIA_INPUT,(L.) DC.,(L.) DC.,2387656,Oxydendrum arboreum,(L.) DC.,Species,Accepted,(L.) DC.,Accepted,0,,,0,1,,0,0,,D08B_V01_FROZEN,ACCEPTED_SPECIES,RESOLVED,
712,Paulownia tomentosa,Paulownia tomentosa,species,Paulownia tomentosa,1,2542391,Accepted,2542391,2542391,Accepted,Species,Paulownia tomentosa,2542391,Paulownia tomentosa,Species,Accepted,,,2542391,Paulownia tomentosa,Species,ACCEPTED_SPECIES,RESOLVED,,Direct WCVP Accepted species.,2542391,Paulownia tomentosa,ACCEPTED_ANALYSIS_SPECIES_ID_ONLY,16,d32ea2b3a85e489b14e83bcc9eae7274532e1d113753f7be290d4b2dfde573fa,51,5,TRUE,TRUE,NOT_APPLICABLE_CONUS_NONNATIVE,0,0,,DBH_BREAST_HEIGHT,N,5.0,1,1,1,unresolved,NOT_ASSESSED,,NOT_AVAILABLE_IN_FROZEN_FIA_INPUT,(Thunb.) Steud.,(Thunb.) Steud.,2542391,Paulownia tomentosa,(Thunb.) Steud.,Species,Accepted,(Thunb.) Steud.,Accepted,0,,,0,1,,0,0,,D08B_V01_FROZEN,ACCEPTED_SPECIES,RESOLVED,
721,Persea borbonia,Persea borbonia,species,Persea borbonia,1,2529931,Accepted,2529931,2529931,Accepted,Species,Persea borbonia,2529931,Persea borbonia,Species,Accepted,,,2529931,Persea borbonia,Species,ACCEPTED_SPECIES,RESOLVED,,Direct WCVP Accepted species.,2529931,Persea borbonia,ACCEPTED_ANALYSIS_SPECIES_ID_ONLY,16,d32ea2b3a85e489b14e83bcc9eae7274532e1d113753f7be290d4b2dfde573fa,9,9,FALSE,FALSE,SINGLE_SPECIES_LAYER,1,0,Persea_borbonia,DBH_BREAST_HEIGHT,N,5.0,1,1,1,exact,NOT_ASSESSED,,NOT_AVAILABLE_IN_FROZEN_FIA_INPUT,(L.) Spreng.,(L.) Spreng.,2529931,Persea borbonia,(L.) Spreng.,Species,Accepted,(L.) Spreng.,Accepted,0,,,0,1,,0,0,,D08B_V01_FROZEN,ACCEPTED_SPECIES,RESOLVED,
722,Planera aquatica,Planera aquatica,species,Planera aquatica,1,2551587,Accepted,2551587,2551587,Accepted,Species,Planera aquatica,2551587,Planera aquatica,Species,Accepted,,,2551587,Planera aquatica,Species,ACCEPTED_SPECIES,RESOLVED,,Direct WCVP Accepted species.,2551587,Planera aquatica,ACCEPTED_ANALYSIS_SPECIES_ID_ONLY,16,d32ea2b3a85e489b14e83bcc9eae7274532e1d113753f7be290d4b2dfde573fa,14,14,FALSE,FALSE,SINGLE_SPECIES_LAYER,1,0,Planera_aquatica,DBH_BREAST_HEIGHT,N,5.0,1,1,1,exact,NOT_ASSESSED,,NOT_AVAILABLE_IN_FROZEN_FIA_INPUT,J.F.Gmel.,J.F.Gmel.,2551587,Planera aquatica,J.F.Gmel.,Species,Accepted,J.F.Gmel.,Accepted,0,,,0,1,,0,0,,D08B_V01_FROZEN,ACCEPTED_SPECIES,RESOLVED,
730,Platanus racemosa,Platanus racemosa,species,Platanus racemosa,1,2570467,Accepted,2570467,2570467,Accepted,Species,Platanus racemosa,2570467,Platanus racemosa,Species,Accepted,,,2570467,Platanus racemosa,Species,ACCEPTED_SPECIES,RESOLVED,,Direct WCVP Accepted species.,2570467,Platanus racemosa,ACCEPTED_ANALYSIS_SPECIES_ID_ONLY,16,d32ea2b3a85e489b14e83bcc9eae7274532e1d113753f7be290d4b2dfde573fa,2,2,TRUE,FALSE,SINGLE_SPECIES_LAYER,1,0,Platanus_racemosa,DBH_BREAST_HEIGHT,N,5.0,1,1,1,exact,NOT_ASSESSED,,NOT_AVAILABLE_IN_FROZEN_FIA_INPUT,Nutt.,Nutt.,2570467,Platanus racemosa,Nutt.,Species,Accepted,Nutt.,Accepted,0,,,0,1,,0,0,,D08B_V01_FROZEN,ACCEPTED_SPECIES,RESOLVED,
731,Platanus occidentalis,Platanus occidentalis,species,Platanus occidentalis,2,2570458;2570459,Accepted;Misapplied,2570459,2570459,Accepted,Species,Platanus occidentalis,2570459,Platanus occidentalis,Species,Accepted,,,2570459,Platanus occidentalis,Species,ACCEPTED_SPECIES,RESOLVED,,Direct WCVP Accepted species.,2570459,Platanus occidentalis,ACCEPTED_ANALYSIS_SPECIES_ID_ONLY,16,d32ea2b3a85e489b14e83bcc9eae7274532e1d113753f7be290d4b2dfde573fa,40,36,FALSE,FALSE,SINGLE_SPECIES_LAYER,1,0,Platanus_occidentalis,DBH_BREAST_HEIGHT,N,5.0,1,1,1,exact,NOT_ASSESSED,,NOT_AVAILABLE_IN_FROZEN_FIA_INPUT,L.,L.,2570459,Platanus occidentalis,L.,Species,Accepted,L.,Accepted,0,,,0,1,,0,0,,D08B_V01_FROZEN,ACCEPTED_SPECIES,RESOLVED,
732,Platanus wrightii,Platanus wrightii,species,Platanus wrightii,1,2570450,Accepted,2570450,2570450,Accepted,Species,Platanus wrightii,2570450,Platanus wrightii,Species,Accepted,,,2570450,Platanus wrightii,Species,ACCEPTED_SPECIES,RESOLVED,,Direct WCVP Accepted species.,2570450,Platanus wrightii,ACCEPTED_ANALYSIS_SPECIES_ID_ONLY,16,d32ea2b3a85e489b14e83bcc9eae7274532e1d113753f7be290d4b2dfde573fa,4,4,TRUE,FALSE,SINGLE_SPECIES_LAYER,1,0,Platanus_wrightii,DBH_BREAST_HEIGHT,N,5.0,1,1,1,exact,NOT_ASSESSED,,NOT_AVAILABLE_IN_FROZEN_FIA_INPUT,S.Watson,S.Watson,2570450,Platanus wrightii,S.Watson,Species,Accepted,S.Watson,Accepted,0,,,0,1,,0,0,,D08B_V01_FROZEN,ACCEPTED_SPECIES,RESOLVED,
741,Populus balsamifera,Populus balsamifera,species,Populus balsamifera,2,2917281;2917292,Accepted;Misapplied,2917292,2917292,Accepted,Species,Populus balsamifera,2917292,Populus balsamifera,Species,Accepted,,,2917292,Populus balsamifera,Species,ACCEPTED_SPECIES,RESOLVED,,Direct WCVP Accepted species.,2917292,Populus balsamifera,ACCEPTED_ANALYSIS_SPECIES_ID_ONLY,16,d32ea2b3a85e489b14e83bcc9eae7274532e1d113753f7be290d4b2dfde573fa,49,38,TRUE,TRUE,SINGLE_SPECIES_LAYER,1,0,Populus_balsamifera,DBH_BREAST_HEIGHT,N,5.0,1,1,1,exact,NOT_ASSESSED,,NOT_AVAILABLE_IN_FROZEN_FIA_INPUT,L.,L.,2917292,Populus balsamifera,L.,Species,Accepted,L.,Accepted,0,,,0,1,,0,0,,D08B_V01_FROZEN,ACCEPTED_SPECIES,RESOLVED,
742,Populus deltoides,Populus deltoides,species,Populus deltoides,1,2917212,Accepted,2917212,2917212,Accepted,Species,Populus deltoides,2917212,Populus deltoides,Species,Accepted,,,2917212,Populus deltoides,Species,ACCEPTED_SPECIES,RESOLVED,,Direct WCVP Accepted species.,2917212,Populus deltoides,ACCEPTED_ANALYSIS_SPECIES_ID_ONLY,16,d32ea2b3a85e489b14e83bcc9eae7274532e1d113753f7be290d4b2dfde573fa,81,54,TRUE,FALSE,SINGLE_SPECIES_LAYER,1,0,Populus_deltoides,DBH_BREAST_HEIGHT,N,5.0,1,1,1,exact,NOT_ASSESSED,,NOT_AVAILABLE_IN_FROZEN_FIA_INPUT,W.Bartram ex Marshall,W.Bartram ex Marshall,2917212,Populus deltoides,W.Bartram ex Marshall,Species,Accepted,W.Bartram ex Marshall,Accepted,0,,,0,1,,0,0,,D08B_V01_FROZEN,ACCEPTED_SPECIES,RESOLVED,
743,Populus grandidentata,Populus grandidentata,species,Populus grandidentata,1,2917577,Accepted,2917577,2917577,Accepted,Species,Populus grandidentata,2917577,Populus grandidentata,Species,Accepted,,,2917577,Populus grandidentata,Species,ACCEPTED_SPECIES,RESOLVED,,Direct WCVP Accepted species.,2917577,Populus grandidentata,ACCEPTED_ANALYSIS_SPECIES_ID_ONLY,16,d32ea2b3a85e489b14e83bcc9eae7274532e1d113753f7be290d4b2dfde573fa,32,31,FALSE,FALSE,SINGLE_SPECIES_LAYER,1,0,Populus_grandidentata,DBH_BREAST_HEIGHT,N,5.0,1,1,1,exact,NOT_ASSESSED,,NOT_AVAILABLE_IN_FROZEN_FIA_INPUT,Michx.,Michx.,2917577,Populus grandidentata,Michx.,Species,Accepted,Michx.,Accepted,0,,,0,1,,0,0,,D08B_V01_FROZEN,ACCEPTED_SPECIES,RESOLVED,
744,Populus heterophylla,Populus heterophylla,species,Populus heterophylla,3,2917593;2917602;2917603,Accepted;Invalid;Synonym,2917429;2917593,2917593,Accepted,Species,Populus heterophylla,2917593,Populus heterophylla,Species,Accepted,,,2917593,Populus heterophylla,Species,AUTHOR_QUALIFIED_ACCEPTED_SPECIES,RESOLVED_MAINLINE_AUTHORIZED,,"FIA explicitly separates swamp cottonwood 0744 from plains cottonwood 0745, excluding the Du Roi concept that resolves into P. deltoides.",2917593,Populus heterophylla,ACCEPTED_ANALYSIS_SPECIES_ID_ONLY,16,d32ea2b3a85e489b14e83bcc9eae7274532e1d113753f7be290d4b2dfde573fa,23,23,FALSE,FALSE,SINGLE_SPECIES_LAYER,1,0,Populus_heterophylla,DBH_BREAST_HEIGHT,N,5.0,1,1,1,exact,NOT_ASSESSED,NOT PROVIDED IN FIA REF_SPECIES,AUTHOR_NOT_PROVIDED_OR_UNKNOWN,L.,L.,2917593,Populus heterophylla,L.,Species,Accepted,L.,Accepted,0,,,0,1,,0,1,ORDINARY_ACCEPTED,Q1_D08B_TAXONOMY_CORRECTION_MAINLINE_DECISION_v01_20260902.md,AMBIGUOUS,AMBIGUOUS,2917429:Populus deltoides subsp. monilifera:Subspecies:Accepted;2917593:Populus heterophylla:Species:Accepted
745,Populus deltoides ssp. monilifera,Populus deltoides ssp. monilifera,infraspecies,Populus deltoides subsp. monilifera,1,2917429,Accepted,2917429,2917429,Accepted,Subspecies,Populus deltoides subsp. monilifera,2917429,Populus deltoides subsp. monilifera,Subspecies,Accepted,2917212,Populus deltoides,2917212,Populus deltoides,Species,ACCEPTED_INFRASPECIES_TO_PARENT_SPECIES,RESOLVED,,Accepted infraspecific taxon mapped by parent_plant_name_id to its Accepted parent species.,2917212,Populus deltoides,ACCEPTED_ANALYSIS_SPECIES_ID_ONLY,16,d32ea2b3a85e489b14e83bcc9eae7274532e1d113753f7be290d4b2dfde573fa,81,54,TRUE,FALSE,SINGLE_SPECIES_LAYER,1,0,Populus_deltoides,DBH_BREAST_HEIGHT,N,5.0,1,1,1,unresolved,NOT_ASSESSED,,NOT_AVAILABLE_IN_FROZEN_FIA_INPUT,(Aiton) Eckenw.,(Aiton) Eckenw.,2917429,Populus deltoides subsp. monilifera,(Aiton) Eckenw.,Subspecies,Accepted,W.Bartram ex Marshall,Accepted,0,,,0,1,,0,0,,D08B_V01_FROZEN,ACCEPTED_INFRASPECIES_TO_PARENT_SPECIES,RESOLVED,
746,Populus tremuloides,Populus tremuloides,species,Populus tremuloides,1,2917451,Accepted,2917451,2917451,Accepted,Species,Populus tremuloides,2917451,Populus tremuloides,Species,Accepted,,,2917451,Populus tremuloides,Species,ACCEPTED_SPECIES,RESOLVED,,Direct WCVP Accepted species.,2917451,Populus tremuloides,ACCEPTED_ANALYSIS_SPECIES_ID_ONLY,16,d32ea2b3a85e489b14e83bcc9eae7274532e1d113753f7be290d4b2dfde573fa,57,57,TRUE,FALSE,SINGLE_SPECIES_LAYER,1,0,Populus_tremuloides,DBH_BREAST_HEIGHT,N,5.0,1,1,1,exact,NOT_ASSESSED,,NOT_AVAILABLE_IN_FROZEN_FIA_INPUT,Michx.,Michx.,2917451,Populus tremuloides,Michx.,Species,Accepted,Michx.,Accepted,0,,,0,1,,0,0,,D08B_V01_FROZEN,ACCEPTED_SPECIES,RESOLVED,
747,Populus balsamifera ssp. trichocarpa,Populus balsamifera ssp. trichocarpa,infraspecies,Populus balsamifera subsp. trichocarpa,1,2920807,Synonym,2917437,2920807,Synonym,Subspecies,Populus balsamifera subsp. trichocarpa,2917437,Populus tristis,Species,Accepted,,,2917437,Populus tristis,Species,SYNONYM_TO_ACCEPTED_SPECIES,RESOLVED,,Exact WCVP Synonym resolved by accepted_plant_name_id to an Accepted species.,2917437,Populus tristis,ACCEPTED_ANALYSIS_SPECIES_ID_ONLY,16,d32ea2b3a85e489b14e83bcc9eae7274532e1d113753f7be290d4b2dfde573fa,19,12,TRUE,FALSE,UNRESOLVED,0,1,,DBH_BREAST_HEIGHT,N,5.0,1,1,1,unresolved,NOT_ASSESSED,,NOT_AVAILABLE_IN_FROZEN_FIA_INPUT,(Torr. & A.Gray ex Hook.) Brayshaw,Fisch.,2917437,Populus tristis,Fisch.,Species,Accepted,Fisch.,Accepted,0,,,0,1,,0,0,,D08B_V01_FROZEN,SYNONYM_TO_ACCEPTED_SPECIES,RESOLVED,
748,Populus fremontii,Populus fremontii,species,Populus fremontii,1,2917269,Accepted,2917269,2917269,Accepted,Species,Populus fremontii,2917269,Populus fremontii,Species,Accepted,,,2917269,Populus fremontii,Species,ACCEPTED_SPECIES,RESOLVED,,Direct WCVP Accepted species.,2917269,Populus fremontii,ACCEPTED_ANALYSIS_SPECIES_ID_ONLY,16,d32ea2b3a85e489b14e83bcc9eae7274532e1d113753f7be290d4b2dfde573fa,12,12,TRUE,FALSE,SINGLE_SPECIES_LAYER,1,1,,DBH_BREAST_HEIGHT,N,5.0,1,1,1,exact,NOT_ASSESSED,,NOT_AVAILABLE_IN_FROZEN_FIA_INPUT,S.Watson,S.Watson,2917269,Populus fremontii,S.Watson,Species,Accepted,S.Watson,Accepted,0,,,0,1,,0,0,,D08B_V01_FROZEN,ACCEPTED_SPECIES,RESOLVED,
749,Populus angustifolia,Populus angustifolia,species,Populus angustifolia,3,2917311;2917312;2921945,Accepted;Illegitimate;Invalid,2921945,2921945,Accepted,Species,Populus angustifolia,2921945,Populus angustifolia,Species,Accepted,,,2921945,Populus angustifolia,Species,ACCEPTED_SPECIES,RESOLVED,,Direct WCVP Accepted species.,2921945,Populus angustifolia,ACCEPTED_ANALYSIS_SPECIES_ID_ONLY,16,d32ea2b3a85e489b14e83bcc9eae7274532e1d113753f7be290d4b2dfde573fa,16,15,TRUE,FALSE,SINGLE_SPECIES_LAYER,1,0,Populus_angustifolia,DBH_BREAST_HEIGHT,N,5.0,1,1,1,exact,NOT_ASSESSED,,NOT_AVAILABLE_IN_FROZEN_FIA_INPUT,E.James,E.James,2921945,Populus angustifolia,E.James,Species,Accepted,E.James,Accepted,0,,,0,1,,0,0,,D08B_V01_FROZEN,ACCEPTED_SPECIES,RESOLVED,
752,Populus alba,Populus alba,species,Populus alba,1,2917735,Accepted,2917735,2917735,Accepted,Species,Populus alba,2917735,Populus alba,Species,Accepted,,,2917735,Populus alba,Species,ACCEPTED_SPECIES,RESOLVED,,Direct WCVP Accepted species.,2917735,Populus alba,ACCEPTED_ANALYSIS_SPECIES_ID_ONLY,16,d32ea2b3a85e489b14e83bcc9eae7274532e1d113753f7be290d4b2dfde573fa,98,43,TRUE,TRUE,NOT_APPLICABLE_CONUS_NONNATIVE,0,0,,DBH_BREAST_HEIGHT,N,5.0,1,1,1,unresolved,NOT_ASSESSED,,NOT_AVAILABLE_IN_FROZEN_FIA_INPUT,L.,L.,2917735,Populus alba,L.,Species,Accepted,L.,Accepted,0,,,0,1,,0,0,,D08B_V01_FROZEN,ACCEPTED_SPECIES,RESOLVED,
753,Populus nigra,Populus nigra,species,Populus nigra,2,2917497;2917498,Accepted;Illegitimate,2917497,2917497,Accepted,Species,Populus nigra,2917497,Populus nigra,Species,Accepted,,,2917497,Populus nigra,Species,ACCEPTED_SPECIES,RESOLVED,,Direct WCVP Accepted species.,2917497,Populus nigra,ACCEPTED_ANALYSIS_SPECIES_ID_ONLY,16,d32ea2b3a85e489b14e83bcc9eae7274532e1d113753f7be290d4b2dfde573fa,79,42,TRUE,TRUE,NOT_APPLICABLE_CONUS_NONNATIVE,0,0,,DBH_BREAST_HEIGHT,N,5.0,1,1,1,unresolved,NOT_ASSESSED,,NOT_AVAILABLE_IN_FROZEN_FIA_INPUT,L.,L.,2917497,Populus nigra,L.,Species,Accepted,L.,Accepted,0,,,0,1,,0,0,,D08B_V01_FROZEN,ACCEPTED_SPECIES,RESOLVED,
756,Prosopis glandulosa,Prosopis glandulosa,species,Prosopis glandulosa,1,2536023,Synonym,2383853,2536023,Synonym,Species,Prosopis glandulosa,2383853,Neltuma glandulosa,Species,Accepted,,,2383853,Neltuma glandulosa,Species,SYNONYM_TO_ACCEPTED_SPECIES,RESOLVED,,Exact WCVP Synonym resolved by accepted_plant_name_id to an Accepted species.,2383853,Neltuma glandulosa,ACCEPTED_ANALYSIS_SPECIES_ID_ONLY,16,d32ea2b3a85e489b14e83bcc9eae7274532e1d113753f7be290d4b2dfde573fa,41,11,TRUE,FALSE,SINGLE_OFFICIAL_ALIAS_LAYER,1,1,,DRC_ROOT_COLLAR,Y,5.0,1,1,0,exact,NOT_ASSESSED,,NOT_AVAILABLE_IN_FROZEN_FIA_INPUT,Torr.,(Torr.) Britton & Rose,2383853,Neltuma glandulosa,(Torr.) Britton & Rose,Species,Accepted,(Torr.) Britton & Rose,Accepted,0,,,0,1,,0,0,,D08B_V01_FROZEN,SYNONYM_TO_ACCEPTED_SPECIES,RESOLVED,
757,Prosopis velutina,Prosopis velutina,species,Prosopis velutina,1,2536173,Synonym,2383876,2536173,Synonym,Species,Prosopis velutina,2383876,Neltuma velutina,Species,Accepted,,,2383876,Neltuma velutina,Species,SYNONYM_TO_ACCEPTED_SPECIES,RESOLVED,,Exact WCVP Synonym resolved by accepted_plant_name_id to an Accepted species.,2383876,Neltuma velutina,ACCEPTED_ANALYSIS_SPECIES_ID_ONLY,16,d32ea2b3a85e489b14e83bcc9eae7274532e1d113753f7be290d4b2dfde573fa,13,4,TRUE,FALSE,SINGLE_OFFICIAL_ALIAS_LAYER,1,0,Prosopis_velutina,DRC_ROOT_COLLAR,Y,5.0,1,1,0,exact,NOT_ASSESSED,,NOT_AVAILABLE_IN_FROZEN_FIA_INPUT,Wooton,(Wooton) Britton & Rose,2383876,Neltuma velutina,(Wooton) Britton & Rose,Species,Accepted,(Wooton) Britton & Rose,Accepted,0,,,0,1,,0,0,,D08B_V01_FROZEN,SYNONYM_TO_ACCEPTED_SPECIES,RESOLVED,
758,Prosopis pubescens,Prosopis pubescens,species,Prosopis pubescens,1,2536030,Synonym,2596955,2536030,Synonym,Species,Prosopis pubescens,2596955,Strombocarpa pubescens,Species,Accepted,,,2596955,Strombocarpa pubescens,Species,SYNONYM_TO_ACCEPTED_SPECIES,RESOLVED,,Exact WCVP Synonym resolved by accepted_plant_name_id to an Accepted species.,2596955,Strombocarpa pubescens,ACCEPTED_ANALYSIS_SPECIES_ID_ONLY,16,d32ea2b3a85e489b14e83bcc9eae7274532e1d113753f7be290d4b2dfde573fa,9,8,TRUE,FALSE,SINGLE_OFFICIAL_ALIAS_LAYER,1,0,Prosopis_pubescens,DRC_ROOT_COLLAR,Y,5.0,1,1,0,exact,NOT_ASSESSED,,NOT_AVAILABLE_IN_FROZEN_FIA_INPUT,Benth.,(Benth.) A.Gray,2596955,Strombocarpa pubescens,(Benth.) A.Gray,Species,Accepted,(Benth.) A.Gray,Accepted,0,,,0,1,,0,0,,D08B_V01_FROZEN,SYNONYM_TO_ACCEPTED_SPECIES,RESOLVED,
760,Prunus spp.,Prunus spp.,species,Prunus spp.,0,,,,,,,,,,,,,,,,,GENUS_OR_NON_SPECIES_AGGREGATE,CLASSIFIED_NON_SPECIES,,FIA name is a genus/non-species aggregate or unknown object; no species assignment permitted.,,,NOT_APPLICABLE_NO_ANALYSIS_SPECIES,16,d32ea2b3a85e489b14e83bcc9eae7274532e1d113753f7be290d4b2dfde573fa,,,,,NOT_APPLICABLE_NO_ORDINARY_ANALYSIS_SPECIES,0,0,,DBH_BREAST_HEIGHT,N,5.0,1,1,1,unresolved,NOT_ASSESSED,,NOT_AVAILABLE_IN_FROZEN_FIA_INPUT,,,,,,,,,,0,,,0,0,FIA name is a genus/non-species aggregate or unknown object; no species assignment permitted.,0,0,,D08B_V01_FROZEN,GENUS_OR_NON_SPECIES_AGGREGATE,CLASSIFIED_NON_SPECIES,
761,Prunus pensylvanica,Prunus pensylvanica,species,Prunus pensylvanica,1,2961130,Accepted,2961130,2961130,Accepted,Species,Prunus pensylvanica,2961130,Prunus pensylvanica,Species,Accepted,,,2961130,Prunus pensylvanica,Species,ACCEPTED_SPECIES,RESOLVED,,Direct WCVP Accepted species.,2961130,Prunus pensylvanica,ACCEPTED_ANALYSIS_SPECIES_ID_ONLY,16,d32ea2b3a85e489b14e83bcc9eae7274532e1d113753f7be290d4b2dfde573fa,43,39,FALSE,FALSE,SINGLE_SPECIES_LAYER,1,0,Prunus_pensylvanica,DBH_BREAST_HEIGHT,N,5.0,1,1,1,exact,NOT_ASSESSED,,NOT_AVAILABLE_IN_FROZEN_FIA_INPUT,L.f.,L.f.,2961130,Prunus pensylvanica,L.f.,Species,Accepted,L.f.,Accepted,0,,,0,1,,0,0,,D08B_V01_FROZEN,ACCEPTED_SPECIES,RESOLVED,
762,Prunus serotina,Prunus serotina,species,Prunus serotina,2,2915966;2961587,Accepted;Misapplied,2915966,2915966,Accepted,Species,Prunus serotina,2915966,Prunus serotina,Species,Accepted,,,2915966,Prunus serotina,Species,ACCEPTED_SPECIES,RESOLVED,,Direct WCVP Accepted species.,2915966,Prunus serotina,ACCEPTED_ANALYSIS_SPECIES_ID_ONLY,16,d32ea2b3a85e489b14e83bcc9eae7274532e1d113753f7be290d4b2dfde573fa,87,56,TRUE,FALSE,SINGLE_SPECIES_LAYER,1,0,Prunus_serotina,DBH_BREAST_HEIGHT,N,5.0,1,1,1,exact,NOT_ASSESSED,,NOT_AVAILABLE_IN_FROZEN_FIA_INPUT,Ehrh.,Ehrh.,2915966,Prunus serotina,Ehrh.,Species,Accepted,Ehrh.,Accepted,0,,,0,1,,0,0,,D08B_V01_FROZEN,ACCEPTED_SPECIES,RESOLVED,
763,Prunus virginiana,Prunus virginiana,species,Prunus virginiana,1,2962364,Accepted,2962364,2962364,Accepted,Species,Prunus virginiana,2962364,Prunus virginiana,Species,Accepted,,,2962364,Prunus virginiana,Species,ACCEPTED_SPECIES,RESOLVED,,Direct WCVP Accepted species.,2962364,Prunus virginiana,ACCEPTED_ANALYSIS_SPECIES_ID_ONLY,16,d32ea2b3a85e489b14e83bcc9eae7274532e1d113753f7be290d4b2dfde573fa,65,55,TRUE,FALSE,SINGLE_SPECIES_LAYER,1,0,Prunus_virginiana,DBH_BREAST_HEIGHT,N,5.0,1,1,1,exact,NOT_ASSESSED,,NOT_AVAILABLE_IN_FROZEN_FIA_INPUT,L.,L.,2962364,Prunus virginiana,L.,Species,Accepted,L.,Accepted,0,,,0,1,,0,0,,D08B_V01_FROZEN,ACCEPTED_SPECIES,RESOLVED,
764,Prunus persica,Prunus persica,species,Prunus persica,1,2901279,Accepted,2901279,2901279,Accepted,Species,Prunus persica,2901279,Prunus persica,Species,Accepted,,,2901279,Prunus persica,Species,ACCEPTED_SPECIES,RESOLVED,,Direct WCVP Accepted species.,2901279,Prunus persica,ACCEPTED_ANALYSIS_SPECIES_ID_ONLY,16,d32ea2b3a85e489b14e83bcc9eae7274532e1d113753f7be290d4b2dfde573fa,106,1,TRUE,TRUE,NOT_APPLICABLE_CONUS_NONNATIVE,0,0,,DBH_BREAST_HEIGHT,N,5.0,1,1,1,unresolved,NOT_ASSESSED,,NOT_AVAILABLE_IN_FROZEN_FIA_INPUT,(L.) Batsch,(L.) Batsch,2901279,Prunus persica,(L.) Batsch,Species,Accepted,(L.) Batsch,Accepted,0,,,0,1,,0,0,,D08B_V01_FROZEN,ACCEPTED_SPECIES,RESOLVED,
766,Prunus americana,Prunus americana,species,Prunus americana,1,2958765,Accepted,2958765,2958765,Accepted,Species,Prunus americana,2958765,Prunus americana,Species,Accepted,,,2958765,Prunus americana,Species,ACCEPTED_SPECIES,RESOLVED,,Direct WCVP Accepted species.,2958765,Prunus americana,ACCEPTED_ANALYSIS_SPECIES_ID_ONLY,16,d32ea2b3a85e489b14e83bcc9eae7274532e1d113753f7be290d4b2dfde573fa,49,49,FALSE,FALSE,SINGLE_SPECIES_LAYER,1,0,Prunus_americana,DBH_BREAST_HEIGHT,N,5.0,1,1,1,exact,NOT_ASSESSED,,NOT_AVAILABLE_IN_FROZEN_FIA_INPUT,Marshall,Marshall,2958765,Prunus americana,Marshall,Species,Accepted,Marshall,Accepted,0,,,0,1,,0,0,,D08B_V01_FROZEN,ACCEPTED_SPECIES,RESOLVED,
768,Prunus emarginata,Prunus emarginata,species,Prunus emarginata,2,2959716;2959718,Accepted;Illegitimate,2959716,2959716,Accepted,Species,Prunus emarginata,2959716,Prunus emarginata,Species,Accepted,,,2959716,Prunus emarginata,Species,ACCEPTED_SPECIES,RESOLVED,,Direct WCVP Accepted species.,2959716,Prunus emarginata,ACCEPTED_ANALYSIS_SPECIES_ID_ONLY,16,d32ea2b3a85e489b14e83bcc9eae7274532e1d113753f7be290d4b2dfde573fa,11,11,TRUE,FALSE,UNRESOLVED,0,1,,DBH_BREAST_HEIGHT,N,5.0,1,1,1,exact,NOT_ASSESSED,,NOT_AVAILABLE_IN_FROZEN_FIA_INPUT,(Douglas ex Hook.) Eaton,(Douglas ex Hook.) Eaton,2959716,Prunus emarginata,(Douglas ex Hook.) Eaton,Species,Accepted,(Douglas ex Hook.) Eaton,Accepted,0,,,0,1,,0,0,,D08B_V01_FROZEN,ACCEPTED_SPECIES,RESOLVED,
771,Prunus avium,Prunus avium,species,Prunus avium,1,2917143,Accepted,2917143,2917143,Accepted,Species,Prunus avium,2917143,Prunus avium,Species,Accepted,,,2917143,Prunus avium,Species,ACCEPTED_SPECIES,RESOLVED,,Direct WCVP Accepted species.,2917143,Prunus avium,ACCEPTED_ANALYSIS_SPECIES_ID_ONLY,16,d32ea2b3a85e489b14e83bcc9eae7274532e1d113753f7be290d4b2dfde573fa,92,37,TRUE,TRUE,NOT_APPLICABLE_CONUS_NONNATIVE,0,0,,DBH_BREAST_HEIGHT,N,5.0,1,1,1,unresolved,NOT_ASSESSED,,NOT_AVAILABLE_IN_FROZEN_FIA_INPUT,(L.) L.,(L.) L.,2917143,Prunus avium,(L.) L.,Species,Accepted,(L.) L.,Accepted,0,,,0,1,,0,0,,D08B_V01_FROZEN,ACCEPTED_SPECIES,RESOLVED,
773,Prunus domestica,Prunus domestica,species,Prunus domestica,1,2959531,Accepted,2959531,2959531,Accepted,Species,Prunus domestica,2959531,Prunus domestica,Species,Accepted,,,2959531,Prunus domestica,Species,ACCEPTED_SPECIES,RESOLVED,,Direct WCVP Accepted species.,2959531,Prunus domestica,ACCEPTED_ANALYSIS_SPECIES_ID_ONLY,16,d32ea2b3a85e489b14e83bcc9eae7274532e1d113753f7be290d4b2dfde573fa,72,2,TRUE,TRUE,NOT_APPLICABLE_CONUS_NONNATIVE,0,0,,DBH_BREAST_HEIGHT,N,5.0,1,1,1,unresolved,NOT_ASSESSED,,NOT_AVAILABLE_IN_FROZEN_FIA_INPUT,L.,L.,2959531,Prunus domestica,L.,Species,Accepted,L.,Accepted,0,as stabilized hybrids derived from P. cerasifera × P. spinosa,as stabilized hybrids derived from P. cerasifera × P. spinosa,1,1,,0,0,,D08B_V01_FROZEN,ACCEPTED_SPECIES,RESOLVED,
801,Quercus agrifolia,Quercus agrifolia,species,Quercus agrifolia,1,171483,Accepted,171483,171483,Accepted,Species,Quercus agrifolia,171483,Quercus agrifolia,Species,Accepted,,,171483,Quercus agrifolia,Species,ACCEPTED_SPECIES,RESOLVED,,Direct WCVP Accepted species.,171483,Quercus agrifolia,ACCEPTED_ANALYSIS_SPECIES_ID_ONLY,16,d32ea2b3a85e489b14e83bcc9eae7274532e1d113753f7be290d4b2dfde573fa,2,2,TRUE,FALSE,SINGLE_SPECIES_LAYER,1,0,Quercus_agrifolia,DBH_BREAST_HEIGHT,N,5.0,1,1,1,exact,NOT_ASSESSED,,NOT_AVAILABLE_IN_FROZEN_FIA_INPUT,Née,Née,171483,Quercus agrifolia,Née,Species,Accepted,Née,Accepted,0,,,0,1,,0,0,,D08B_V01_FROZEN,ACCEPTED_SPECIES,RESOLVED,
802,Quercus alba,Quercus alba,species,Quercus alba,1,171499,Accepted,171499,171499,Accepted,Species,Quercus alba,171499,Quercus alba,Species,Accepted,,,171499,Quercus alba,Species,ACCEPTED_SPECIES,RESOLVED,,Direct WCVP Accepted species.,171499,Quercus alba,ACCEPTED_ANALYSIS_SPECIES_ID_ONLY,16,d32ea2b3a85e489b14e83bcc9eae7274532e1d113753f7be290d4b2dfde573fa,39,37,FALSE,FALSE,SINGLE_SPECIES_LAYER,1,0,Quercus_alba,DBH_BREAST_HEIGHT,N,5.0,1,1,1,exact,NOT_ASSESSED,,NOT_AVAILABLE_IN_FROZEN_FIA_INPUT,L.,L.,171499,Quercus alba,L.,Species,Accepted,L.,Accepted,0,,,0,1,,0,0,,D08B_V01_FROZEN,ACCEPTED_SPECIES,RESOLVED,
803,Quercus arizonica,Quercus arizonica,species,Quercus arizonica,1,171655,Accepted,171655,171655,Accepted,Species,Quercus arizonica,171655,Quercus arizonica,Species,Accepted,,,171655,Quercus arizonica,Species,ACCEPTED_SPECIES,RESOLVED,,Direct WCVP Accepted species.,171655,Quercus arizonica,ACCEPTED_ANALYSIS_SPECIES_ID_ONLY,16,d32ea2b3a85e489b14e83bcc9eae7274532e1d113753f7be290d4b2dfde573fa,5,5,TRUE,FALSE,SINGLE_SPECIES_LAYER,1,0,Quercus_arizonica,DRC_ROOT_COLLAR,Y,5.0,1,1,0,exact,NOT_ASSESSED,,NOT_AVAILABLE_IN_FROZEN_FIA_INPUT,Sarg.,Sarg.,171655,Quercus arizonica,Sarg.,Species,Accepted,Sarg.,Accepted,0,,,0,1,,0,0,,D08B_V01_FROZEN,ACCEPTED_SPECIES,RESOLVED,
804,Quercus bicolor,Quercus bicolor,species,Quercus bicolor,1,171779,Accepted,171779,171779,Accepted,Species,Quercus bicolor,171779,Quercus bicolor,Species,Accepted,,,171779,Quercus bicolor,Species,ACCEPTED_SPECIES,RESOLVED,,Direct WCVP Accepted species.,171779,Quercus bicolor,ACCEPTED_ANALYSIS_SPECIES_ID_ONLY,16,d32ea2b3a85e489b14e83bcc9eae7274532e1d113753f7be290d4b2dfde573fa,28,28,FALSE,FALSE,SINGLE_SPECIES_LAYER,1,0,Quercus_bicolor,DBH_BREAST_HEIGHT,N,5.0,1,1,1,exact,NOT_ASSESSED,,NOT_AVAILABLE_IN_FROZEN_FIA_INPUT,Willd.,Willd.,171779,Quercus bicolor,Willd.,Species,Accepted,Willd.,Accepted,0,,,0,1,,0,0,,D08B_V01_FROZEN,ACCEPTED_SPECIES,RESOLVED,
805,Quercus chrysolepis,Quercus chrysolepis,species,Quercus chrysolepis,1,172147,Accepted,172147,172147,Accepted,Species,Quercus chrysolepis,172147,Quercus chrysolepis,Species,Accepted,,,172147,Quercus chrysolepis,Species,ACCEPTED_SPECIES,RESOLVED,,Direct WCVP Accepted species.,172147,Quercus chrysolepis,ACCEPTED_ANALYSIS_SPECIES_ID_ONLY,16,d32ea2b3a85e489b14e83bcc9eae7274532e1d113753f7be290d4b2dfde573fa,7,7,TRUE,FALSE,SINGLE_SPECIES_LAYER,1,0,Quercus_chrysolepis,DBH_BREAST_HEIGHT,N,5.0,1,1,1,exact,NOT_ASSESSED,,NOT_AVAILABLE_IN_FROZEN_FIA_INPUT,Liebm.,Liebm.,172147,Quercus chrysolepis,Liebm.,Species,Accepted,Liebm.,Accepted,0,,,0,1,,0,0,,D08B_V01_FROZEN,ACCEPTED_SPECIES,RESOLVED,
806,Quercus coccinea,Quercus coccinea,species,Quercus coccinea,1,172244,Accepted,172244,172244,Accepted,Species,Quercus coccinea,172244,Quercus coccinea,Species,Accepted,,,172244,Quercus coccinea,Species,ACCEPTED_SPECIES,RESOLVED,,Direct WCVP Accepted species.,172244,Quercus coccinea,ACCEPTED_ANALYSIS_SPECIES_ID_ONLY,16,d32ea2b3a85e489b14e83bcc9eae7274532e1d113753f7be290d4b2dfde573fa,29,28,FALSE,FALSE,SINGLE_SPECIES_LAYER,1,0,Quercus_coccinea,DBH_BREAST_HEIGHT,N,5.0,1,1,1,exact,NOT_ASSESSED,,NOT_AVAILABLE_IN_FROZEN_FIA_INPUT,Münchh.,Münchh.,172244,Quercus coccinea,Münchh.,Species,Accepted,Münchh.,Accepted,0,,,0,1,,0,0,,D08B_V01_FROZEN,ACCEPTED_SPECIES,RESOLVED,
807,Quercus douglasii,Quercus douglasii,species,Quercus douglasii,1,172538,Accepted,172538,172538,Accepted,Species,Quercus douglasii,172538,Quercus douglasii,Species,Accepted,,,172538,Quercus douglasii,Species,ACCEPTED_SPECIES,RESOLVED,,Direct WCVP Accepted species.,172538,Quercus douglasii,ACCEPTED_ANALYSIS_SPECIES_ID_ONLY,16,d32ea2b3a85e489b14e83bcc9eae7274532e1d113753f7be290d4b2dfde573fa,1,1,FALSE,FALSE,SINGLE_SPECIES_LAYER,1,0,Quercus_douglasii,DBH_BREAST_HEIGHT,N,5.0,1,1,1,exact,NOT_ASSESSED,,NOT_AVAILABLE_IN_FROZEN_FIA_INPUT,Hook. & Arn.,Hook. & Arn.,172538,Quercus douglasii,Hook. & Arn.,Species,Accepted,Hook. & Arn.,Accepted,0,,,0,1,,0,0,,D08B_V01_FROZEN,ACCEPTED_SPECIES,RESOLVED,
808,Quercus sinuata var. sinuata,Quercus sinuata var. sinuata,infraspecies,Quercus sinuata var. sinuata,1,175182,Accepted,175182,175182,Accepted,Variety,Quercus sinuata var. sinuata,175182,Quercus sinuata var. sinuata,Variety,Accepted,175179,Quercus sinuata,175179,Quercus sinuata,Species,ACCEPTED_INFRASPECIES_TO_PARENT_SPECIES,RESOLVED,,Accepted infraspecific taxon mapped by parent_plant_name_id to its Accepted parent species.,175179,Quercus sinuata,ACCEPTED_ANALYSIS_SPECIES_ID_ONLY,16,d32ea2b3a85e489b14e83bcc9eae7274532e1d113753f7be290d4b2dfde573fa,11,11,TRUE,FALSE,SINGLE_OFFICIAL_ALIAS_LAYER,1,0,Quercus_durandii,DBH_BREAST_HEIGHT,N,5.0,1,1,1,unresolved,NOT_ASSESSED,,NOT_AVAILABLE_IN_FROZEN_FIA_INPUT,,,175182,Quercus sinuata var. sinuata,,Variety,Accepted,Walter,Accepted,0,,,0,1,,0,0,,D08B_V01_FROZEN,ACCEPTED_INFRASPECIES_TO_PARENT_SPECIES,RESOLVED,
809,Quercus ellipsoidalis,Quercus ellipsoidalis,species,Quercus ellipsoidalis,1,172621,Accepted,172621,172621,Accepted,Species,Quercus ellipsoidalis,172621,Quercus ellipsoidalis,Species,Accepted,,,172621,Quercus ellipsoidalis,Species,ACCEPTED_SPECIES,RESOLVED,,Direct WCVP Accepted species.,172621,Quercus ellipsoidalis,ACCEPTED_ANALYSIS_SPECIES_ID_ONLY,16,d32ea2b3a85e489b14e83bcc9eae7274532e1d113753f7be290d4b2dfde573fa,8,8,FALSE,FALSE,SINGLE_SPECIES_LAYER,1,0,Quercus_ellipsoidalis,DBH_BREAST_HEIGHT,N,5.0,1,1,1,exact,NOT_ASSESSED,,NOT_AVAILABLE_IN_FROZEN_FIA_INPUT,E.J.Hill,E.J.Hill,172621,Quercus ellipsoidalis,E.J.Hill,Species,Accepted,E.J.Hill,Accepted,0,,,0,1,,0,0,,D08B_V01_FROZEN,ACCEPTED_SPECIES,RESOLVED,
810,Quercus emoryi,Quercus emoryi,species,Quercus emoryi,2,172634;172635,Accepted;Illegitimate,172635,172635,Accepted,Species,Quercus emoryi,172635,Quercus emoryi,Species,Accepted,,,172635,Quercus emoryi,Species,ACCEPTED_SPECIES,RESOLVED,,Direct WCVP Accepted species.,172635,Quercus emoryi,ACCEPTED_ANALYSIS_SPECIES_ID_ONLY,16,d32ea2b3a85e489b14e83bcc9eae7274532e1d113753f7be290d4b2dfde573fa,5,5,TRUE,FALSE,SINGLE_SPECIES_LAYER,1,0,Quercus_emoryi,DRC_ROOT_COLLAR,Y,5.0,1,1,0,exact,NOT_ASSESSED,,NOT_AVAILABLE_IN_FROZEN_FIA_INPUT,Torr.,Torr.,172635,Quercus emoryi,Torr.,Species,Accepted,Torr.,Accepted,0,,,0,1,,0,0,,D08B_V01_FROZEN,ACCEPTED_SPECIES,RESOLVED,
811,Quercus engelmannii,Quercus engelmannii,species,Quercus engelmannii,1,172644,Accepted,172644,172644,Accepted,Species,Quercus engelmannii,172644,Quercus engelmannii,Species,Accepted,,,172644,Quercus engelmannii,Species,ACCEPTED_SPECIES,RESOLVED,,Direct WCVP Accepted species.,172644,Quercus engelmannii,ACCEPTED_ANALYSIS_SPECIES_ID_ONLY,16,d32ea2b3a85e489b14e83bcc9eae7274532e1d113753f7be290d4b2dfde573fa,2,2,TRUE,FALSE,SINGLE_SPECIES_LAYER,1,0,Quercus_engelmannii,DBH_BREAST_HEIGHT,N,5.0,1,1,1,exact,NOT_ASSESSED,,NOT_AVAILABLE_IN_FROZEN_FIA_INPUT,Greene,Greene,172644,Quercus engelmannii,Greene,Species,Accepted,Greene,Accepted,0,,,0,1,,0,0,,D08B_V01_FROZEN,ACCEPTED_SPECIES,RESOLVED,
812,Quercus falcata,Quercus falcata,species,Quercus falcata,1,172729,Accepted,172729,172729,Accepted,Species,Quercus falcata,172729,Quercus falcata,Species,Accepted,,,172729,Quercus falcata,Species,ACCEPTED_SPECIES,RESOLVED,,Direct WCVP Accepted species.,172729,Quercus falcata,ACCEPTED_ANALYSIS_SPECIES_ID_ONLY,16,d32ea2b3a85e489b14e83bcc9eae7274532e1d113753f7be290d4b2dfde573fa,24,24,FALSE,FALSE,SINGLE_SPECIES_LAYER,1,0,Quercus_falcata,DBH_BREAST_HEIGHT,N,5.0,1,1,1,exact,NOT_ASSESSED,,NOT_AVAILABLE_IN_FROZEN_FIA_INPUT,Michx.,Michx.,172729,Quercus falcata,Michx.,Species,Accepted,Michx.,Accepted,0,,,0,1,,0,0,,D08B_V01_FROZEN,ACCEPTED_SPECIES,RESOLVED,
813,Quercus pagoda,Quercus pagoda,species,Quercus pagoda,1,174226,Accepted,174226,174226,Accepted,Species,Quercus pagoda,174226,Quercus pagoda,Species,Accepted,,,174226,Quercus pagoda,Species,ACCEPTED_SPECIES,RESOLVED,,Direct WCVP Accepted species.,174226,Quercus pagoda,ACCEPTED_ANALYSIS_SPECIES_ID_ONLY,16,d32ea2b3a85e489b14e83bcc9eae7274532e1d113753f7be290d4b2dfde573fa,17,17,FALSE,FALSE,UNRESOLVED,0,1,,DBH_BREAST_HEIGHT,N,5.0,1,1,1,unresolved,NOT_ASSESSED,,NOT_AVAILABLE_IN_FROZEN_FIA_INPUT,Raf.,Raf.,174226,Quercus pagoda,Raf.,Species,Accepted,Raf.,Accepted,0,,,0,1,,0,0,,D08B_V01_FROZEN,ACCEPTED_SPECIES,RESOLVED,
814,Quercus gambelii,Quercus gambelii,species,Quercus gambelii,2,172842;172843,Accepted;Illegitimate,172843,172843,Accepted,Species,Quercus gambelii,172843,Quercus gambelii,Species,Accepted,,,172843,Quercus gambelii,Species,ACCEPTED_SPECIES,RESOLVED,,Direct WCVP Accepted species.,172843,Quercus gambelii,ACCEPTED_ANALYSIS_SPECIES_ID_ONLY,16,d32ea2b3a85e489b14e83bcc9eae7274532e1d113753f7be290d4b2dfde573fa,10,10,TRUE,FALSE,SINGLE_SPECIES_LAYER,1,0,Quercus_gambelii,DRC_ROOT_COLLAR,Y,5.0,1,1,0,exact,NOT_ASSESSED,,NOT_AVAILABLE_IN_FROZEN_FIA_INPUT,Nutt.,Nutt.,172843,Quercus gambelii,Nutt.,Species,Accepted,Nutt.,Accepted,0,,,0,1,,0,0,,D08B_V01_FROZEN,ACCEPTED_SPECIES,RESOLVED,
815,Quercus garryana,Quercus garryana,species,Quercus garryana,1,172855,Accepted,172855,172855,Accepted,Species,Quercus garryana,172855,Quercus garryana,Species,Accepted,,,172855,Quercus garryana,Species,ACCEPTED_SPECIES,RESOLVED,,Direct WCVP Accepted species.,172855,Quercus garryana,ACCEPTED_ANALYSIS_SPECIES_ID_ONLY,16,d32ea2b3a85e489b14e83bcc9eae7274532e1d113753f7be290d4b2dfde573fa,4,4,FALSE,FALSE,SINGLE_SPECIES_LAYER,1,0,Quercus_garryana,DBH_BREAST_HEIGHT,N,5.0,1,1,1,exact,NOT_ASSESSED,,NOT_AVAILABLE_IN_FROZEN_FIA_INPUT,Douglas ex Hook.,Douglas ex Hook.,172855,Quercus garryana,Douglas ex Hook.,Species,Accepted,Douglas ex Hook.,Accepted,0,,,0,1,,0,0,,D08B_V01_FROZEN,ACCEPTED_SPECIES,RESOLVED,
816,Quercus ilicifolia,Quercus ilicifolia,species,Quercus ilicifolia,4,173293;173294;173295;173297,Accepted;Illegitimate;Invalid,173293,173293,Accepted,Species,Quercus ilicifolia,173293,Quercus ilicifolia,Species,Accepted,,,173293,Quercus ilicifolia,Species,ACCEPTED_SPECIES,RESOLVED,,Direct WCVP Accepted species.,173293,Quercus ilicifolia,ACCEPTED_ANALYSIS_SPECIES_ID_ONLY,16,d32ea2b3a85e489b14e83bcc9eae7274532e1d113753f7be290d4b2dfde573fa,16,16,FALSE,FALSE,SINGLE_SPECIES_LAYER,1,0,Quercus_ilicifolia,DBH_BREAST_HEIGHT,N,5.0,1,1,1,exact,NOT_ASSESSED,,NOT_AVAILABLE_IN_FROZEN_FIA_INPUT,Wangenh.,Wangenh.,173293,Quercus ilicifolia,Wangenh.,Species,Accepted,Wangenh.,Accepted,0,,,0,1,,0,0,,D08B_V01_FROZEN,ACCEPTED_SPECIES,RESOLVED,
817,Quercus imbricaria,Quercus imbricaria,species,Quercus imbricaria,1,173302,Accepted,173302,173302,Accepted,Species,Quercus imbricaria,173302,Quercus imbricaria,Species,Accepted,,,173302,Quercus imbricaria,Species,ACCEPTED_SPECIES,RESOLVED,,Direct WCVP Accepted species.,173302,Quercus imbricaria,ACCEPTED_ANALYSIS_SPECIES_ID_ONLY,16,d32ea2b3a85e489b14e83bcc9eae7274532e1d113753f7be290d4b2dfde573fa,22,22,FALSE,FALSE,SINGLE_SPECIES_LAYER,1,0,Quercus_imbricaria,DBH_BREAST_HEIGHT,N,5.0,1,1,1,exact,NOT_ASSESSED,,NOT_AVAILABLE_IN_FROZEN_FIA_INPUT,Michx.,Michx.,173302,Quercus imbricaria,Michx.,Species,Accepted,Michx.,Accepted,0,,,0,1,,0,0,,D08B_V01_FROZEN,ACCEPTED_SPECIES,RESOLVED,
818,Quercus kelloggii,Quercus kelloggii,species,Quercus kelloggii,1,173428,Accepted,173428,173428,Accepted,Species,Quercus kelloggii,173428,Quercus kelloggii,Species,Accepted,,,173428,Quercus kelloggii,Species,ACCEPTED_SPECIES,RESOLVED,,Direct WCVP Accepted species.,173428,Quercus kelloggii,ACCEPTED_ANALYSIS_SPECIES_ID_ONLY,16,d32ea2b3a85e489b14e83bcc9eae7274532e1d113753f7be290d4b2dfde573fa,3,3,TRUE,FALSE,SINGLE_SPECIES_LAYER,1,0,Quercus_kelloggii,DBH_BREAST_HEIGHT,N,5.0,1,1,1,exact,NOT_ASSESSED,,NOT_AVAILABLE_IN_FROZEN_FIA_INPUT,Newb.,Newb.,173428,Quercus kelloggii,Newb.,Species,Accepted,Newb.,Accepted,0,,,0,1,,0,0,,D08B_V01_FROZEN,ACCEPTED_SPECIES,RESOLVED,
819,Quercus laevis,Quercus laevis,species,Quercus laevis,1,173479,Accepted,173479,173479,Accepted,Species,Quercus laevis,173479,Quercus laevis,Species,Accepted,,,173479,Quercus laevis,Species,ACCEPTED_SPECIES,RESOLVED,,Direct WCVP Accepted species.,173479,Quercus laevis,ACCEPTED_ANALYSIS_SPECIES_ID_ONLY,16,d32ea2b3a85e489b14e83bcc9eae7274532e1d113753f7be290d4b2dfde573fa,8,8,FALSE,FALSE,SINGLE_SPECIES_LAYER,1,0,Quercus_laevis,DBH_BREAST_HEIGHT,N,5.0,1,1,1,exact,NOT_ASSESSED,,NOT_AVAILABLE_IN_FROZEN_FIA_INPUT,Walter,Walter,173479,Quercus laevis,Walter,Species,Accepted,Walter,Accepted,0,,,0,1,,0,0,,D08B_V01_FROZEN,ACCEPTED_SPECIES,RESOLVED,
820,Quercus laurifolia,Quercus laurifolia,species,Quercus laurifolia,2,173587;173588,Accepted;Synonym,114563;173587,173587,Accepted,Species,Quercus laurifolia,173587,Quercus laurifolia,Species,Accepted,,,173587,Quercus laurifolia,Species,AUTHOR_QUALIFIED_ACCEPTED_SPECIES,RESOLVED_MAINLINE_AUTHORIZED,,FIA southeastern-U.S. laurel oak uniquely fits Q. laurifolia Michx.; the Miq. homonym is an Asian Lithocarpus concept.,173587,Quercus laurifolia,ACCEPTED_ANALYSIS_SPECIES_ID_ONLY,16,d32ea2b3a85e489b14e83bcc9eae7274532e1d113753f7be290d4b2dfde573fa,10,10,FALSE,FALSE,SINGLE_SPECIES_LAYER,1,0,Quercus_laurifolia,DBH_BREAST_HEIGHT,N,5.0,1,1,1,exact,NOT_ASSESSED,NOT PROVIDED IN FIA REF_SPECIES,AUTHOR_NOT_PROVIDED_OR_UNKNOWN,Michx.,Michx.,173587,Quercus laurifolia,Michx.,Species,Accepted,Michx.,Accepted,0,,,0,1,,0,1,ORDINARY_ACCEPTED,Q1_D08B_TAXONOMY_CORRECTION_MAINLINE_DECISION_v01_20260902.md,AMBIGUOUS,AMBIGUOUS,114563:Lithocarpus korthalsii:Species:Accepted;173587:Quercus laurifolia:Species:Accepted
821,Quercus lobata,Quercus lobata,species,Quercus lobata,1,173674,Accepted,173674,173674,Accepted,Species,Quercus lobata,173674,Quercus lobata,Species,Accepted,,,173674,Quercus lobata,Species,ACCEPTED_SPECIES,RESOLVED,,Direct WCVP Accepted species.,173674,Quercus lobata,ACCEPTED_ANALYSIS_SPECIES_ID_ONLY,16,d32ea2b3a85e489b14e83bcc9eae7274532e1d113753f7be290d4b2dfde573fa,1,1,FALSE,FALSE,SINGLE_SPECIES_LAYER,1,0,Quercus_lobata,DBH_BREAST_HEIGHT,N,5.0,1,1,1,exact,NOT_ASSESSED,,NOT_AVAILABLE_IN_FROZEN_FIA_INPUT,Née,Née,173674,Quercus lobata,Née,Species,Accepted,Née,Accepted,0,,,0,1,,0,0,,D08B_V01_FROZEN,ACCEPTED_SPECIES,RESOLVED,
822,Quercus lyrata,Quercus lyrata,species,Quercus lyrata,2,173795;173796,Accepted;Synonym,173674;173795,173795,Accepted,Species,Quercus lyrata,173795,Quercus lyrata,Species,Accepted,,,173795,Quercus lyrata,Species,AUTHOR_QUALIFIED_ACCEPTED_SPECIES,RESOLVED_MAINLINE_AUTHORIZED,,"FIA itself keeps Q. lobata at 0821 and overcup oak Q. lyrata at 0822, selecting the Walter concept.",173795,Quercus lyrata,ACCEPTED_ANALYSIS_SPECIES_ID_ONLY,16,d32ea2b3a85e489b14e83bcc9eae7274532e1d113753f7be290d4b2dfde573fa,19,19,FALSE,FALSE,SINGLE_SPECIES_LAYER,1,0,Quercus_lyrata,DBH_BREAST_HEIGHT,N,5.0,1,1,1,exact,NOT_ASSESSED,NOT PROVIDED IN FIA REF_SPECIES,AUTHOR_NOT_PROVIDED_OR_UNKNOWN,Walter,Walter,173795,Quercus lyrata,Walter,Species,Accepted,Walter,Accepted,0,,,0,1,,0,1,ORDINARY_ACCEPTED,Q1_D08B_TAXONOMY_CORRECTION_MAINLINE_DECISION_v01_20260902.md,AMBIGUOUS,AMBIGUOUS,173674:Quercus lobata:Species:Accepted;173795:Quercus lyrata:Species:Accepted
823,Quercus macrocarpa,Quercus macrocarpa,species,Quercus macrocarpa,2,173816;173817,Accepted;Illegitimate,173817,173817,Accepted,Species,Quercus macrocarpa,173817,Quercus macrocarpa,Species,Accepted,,,173817,Quercus macrocarpa,Species,ACCEPTED_SPECIES,RESOLVED,,Direct WCVP Accepted species.,173817,Quercus macrocarpa,ACCEPTED_ANALYSIS_SPECIES_ID_ONLY,16,d32ea2b3a85e489b14e83bcc9eae7274532e1d113753f7be290d4b2dfde573fa,36,36,FALSE,FALSE,UNRESOLVED,0,1,,DBH_BREAST_HEIGHT,N,5.0,1,1,1,exact,NOT_ASSESSED,,NOT_AVAILABLE_IN_FROZEN_FIA_INPUT,Michx.,Michx.,173817,Quercus macrocarpa,Michx.,Species,Accepted,Michx.,Accepted,0,,,0,1,,0,0,,D08B_V01_FROZEN,ACCEPTED_SPECIES,RESOLVED,
824,Quercus marilandica,Quercus marilandica,species,Quercus marilandica,1,173871,Accepted,173871,173871,Accepted,Species,Quercus marilandica,173871,Quercus marilandica,Species,Accepted,,,173871,Quercus marilandica,Species,ACCEPTED_SPECIES,RESOLVED,,Direct WCVP Accepted species.,173871,Quercus marilandica,ACCEPTED_ANALYSIS_SPECIES_ID_ONLY,16,d32ea2b3a85e489b14e83bcc9eae7274532e1d113753f7be290d4b2dfde573fa,27,27,FALSE,FALSE,SINGLE_SPECIES_LAYER,1,0,Quercus_marilandica,DBH_BREAST_HEIGHT,N,5.0,1,1,1,exact,NOT_ASSESSED,,NOT_AVAILABLE_IN_FROZEN_FIA_INPUT,Münchh.,Münchh.,173871,Quercus marilandica,Münchh.,Species,Accepted,Münchh.,Accepted,0,,,0,1,,0,0,,D08B_V01_FROZEN,ACCEPTED_SPECIES,RESOLVED,
825,Quercus michauxii,Quercus michauxii,species,Quercus michauxii,2,173929;545483,Accepted;Illegitimate,173929,173929,Accepted,Species,Quercus michauxii,173929,Quercus michauxii,Species,Accepted,,,173929,Quercus michauxii,Species,ACCEPTED_SPECIES,RESOLVED,,Direct WCVP Accepted species.,173929,Quercus michauxii,ACCEPTED_ANALYSIS_SPECIES_ID_ONLY,16,d32ea2b3a85e489b14e83bcc9eae7274532e1d113753f7be290d4b2dfde573fa,20,20,FALSE,FALSE,UNRESOLVED,0,1,,DBH_BREAST_HEIGHT,N,5.0,1,1,1,exact,NOT_ASSESSED,,NOT_AVAILABLE_IN_FROZEN_FIA_INPUT,Nutt.,Nutt.,173929,Quercus michauxii,Nutt.,Species,Accepted,Nutt.,Accepted,0,,,0,1,,0,0,,D08B_V01_FROZEN,ACCEPTED_SPECIES,RESOLVED,
826,Quercus muehlenbergii,Quercus muehlenbergii,species,Quercus muehlenbergii,1,174020,Accepted,174020,174020,Accepted,Species,Quercus muehlenbergii,174020,Quercus muehlenbergii,Species,Accepted,,,174020,Quercus muehlenbergii,Species,ACCEPTED_SPECIES,RESOLVED,,Direct WCVP Accepted species.,174020,Quercus muehlenbergii,ACCEPTED_ANALYSIS_SPECIES_ID_ONLY,16,d32ea2b3a85e489b14e83bcc9eae7274532e1d113753f7be290d4b2dfde573fa,35,35,TRUE,FALSE,SINGLE_SPECIES_LAYER,1,0,Quercus_muehlenbergii,DBH_BREAST_HEIGHT,N,5.0,1,1,1,exact,NOT_ASSESSED,,NOT_AVAILABLE_IN_FROZEN_FIA_INPUT,Engelm.,Engelm.,174020,Quercus muehlenbergii,Engelm.,Species,Accepted,Engelm.,Accepted,0,,,0,1,,0,0,,D08B_V01_FROZEN,ACCEPTED_SPECIES,RESOLVED,
827,Quercus nigra,Quercus nigra,species,Quercus nigra,1,174075,Accepted,174075,174075,Accepted,Species,Quercus nigra,174075,Quercus nigra,Species,Accepted,,,174075,Quercus nigra,Species,ACCEPTED_SPECIES,RESOLVED,,Direct WCVP Accepted species.,174075,Quercus nigra,ACCEPTED_ANALYSIS_SPECIES_ID_ONLY,16,d32ea2b3a85e489b14e83bcc9eae7274532e1d113753f7be290d4b2dfde573fa,17,17,FALSE,FALSE,SINGLE_SPECIES_LAYER,1,0,Quercus_nigra,DBH_BREAST_HEIGHT,N,5.0,1,1,1,exact,NOT_ASSESSED,,NOT_AVAILABLE_IN_FROZEN_FIA_INPUT,L.,L.,174075,Quercus nigra,L.,Species,Accepted,L.,Accepted,0,,,0,1,,0,0,,D08B_V01_FROZEN,ACCEPTED_SPECIES,RESOLVED,
828,Quercus texana,Quercus texana,species,Quercus texana,2,175463;175464,Accepted;Misapplied,175464,175464,Accepted,Species,Quercus texana,175464,Quercus texana,Species,Accepted,,,175464,Quercus texana,Species,ACCEPTED_SPECIES,RESOLVED,,Direct WCVP Accepted species.,175464,Quercus texana,ACCEPTED_ANALYSIS_SPECIES_ID_ONLY,16,d32ea2b3a85e489b14e83bcc9eae7274532e1d113753f7be290d4b2dfde573fa,9,9,FALSE,FALSE,SINGLE_OFFICIAL_ALIAS_LAYER,1,0,Quercus_nuttallii,DBH_BREAST_HEIGHT,N,5.0,1,1,1,unresolved,NOT_ASSESSED,,NOT_AVAILABLE_IN_FROZEN_FIA_INPUT,Buckley,Buckley,175464,Quercus texana,Buckley,Species,Accepted,Buckley,Accepted,0,,,0,1,,0,0,,D08B_V01_FROZEN,ACCEPTED_SPECIES,RESOLVED,
829,Quercus oblongifolia,Quercus oblongifolia,species,Quercus oblongifolia,2,174135;174136,Accepted;Illegitimate,174136,174136,Accepted,Species,Quercus oblongifolia,174136,Quercus oblongifolia,Species,Accepted,,,174136,Quercus oblongifolia,Species,ACCEPTED_SPECIES,RESOLVED,,Direct WCVP Accepted species.,174136,Quercus oblongifolia,ACCEPTED_ANALYSIS_SPECIES_ID_ONLY,16,d32ea2b3a85e489b14e83bcc9eae7274532e1d113753f7be290d4b2dfde573fa,5,5,TRUE,FALSE,SINGLE_SPECIES_LAYER,1,0,Quercus_oblongifolia,DRC_ROOT_COLLAR,Y,5.0,1,1,0,exact,NOT_ASSESSED,,NOT_AVAILABLE_IN_FROZEN_FIA_INPUT,Torr.,Torr.,174136,Quercus oblongifolia,Torr.,Species,Accepted,Torr.,Accepted,0,,,0,1,,0,0,,D08B_V01_FROZEN,ACCEPTED_SPECIES,RESOLVED,
830,Quercus palustris,Quercus palustris,species,Quercus palustris,2,174241;174242,Accepted;Invalid,174242,174242,Accepted,Species,Quercus palustris,174242,Quercus palustris,Species,Accepted,,,174242,Quercus palustris,Species,ACCEPTED_SPECIES,RESOLVED,,Direct WCVP Accepted species.,174242,Quercus palustris,ACCEPTED_ANALYSIS_SPECIES_ID_ONLY,16,d32ea2b3a85e489b14e83bcc9eae7274532e1d113753f7be290d4b2dfde573fa,33,27,FALSE,FALSE,SINGLE_SPECIES_LAYER,1,0,Quercus_palustris,DBH_BREAST_HEIGHT,N,5.0,1,1,1,exact,NOT_ASSESSED,,NOT_AVAILABLE_IN_FROZEN_FIA_INPUT,Münchh.,Münchh.,174242,Quercus palustris,Münchh.,Species,Accepted,Münchh.,Accepted,0,,,0,1,,0,0,,D08B_V01_FROZEN,ACCEPTED_SPECIES,RESOLVED,
831,Quercus phellos,Quercus phellos,species,Quercus phellos,1,174411,Accepted,174411,174411,Accepted,Species,Quercus phellos,174411,Quercus phellos,Species,Accepted,,,174411,Quercus phellos,Species,ACCEPTED_SPECIES,RESOLVED,,Direct WCVP Accepted species.,174411,Quercus phellos,ACCEPTED_ANALYSIS_SPECIES_ID_ONLY,16,d32ea2b3a85e489b14e83bcc9eae7274532e1d113753f7be290d4b2dfde573fa,21,21,FALSE,FALSE,SINGLE_SPECIES_LAYER,1,0,Quercus_phellos,DBH_BREAST_HEIGHT,N,5.0,1,1,1,exact,NOT_ASSESSED,,NOT_AVAILABLE_IN_FROZEN_FIA_INPUT,L.,L.,174411,Quercus phellos,L.,Species,Accepted,L.,Accepted,0,,,0,1,,0,0,,D08B_V01_FROZEN,ACCEPTED_SPECIES,RESOLVED,
832,Quercus prinus,Quercus prinus,species,Quercus prinus,1,174525,Synonym,173929,174525,Synonym,Species,Quercus prinus,173929,Quercus michauxii,Species,Accepted,,,173929,Quercus michauxii,Species,SYNONYM_TO_ACCEPTED_SPECIES,RESOLVED,,Exact WCVP Synonym resolved by accepted_plant_name_id to an Accepted species.,173929,Quercus michauxii,ACCEPTED_ANALYSIS_SPECIES_ID_ONLY,16,d32ea2b3a85e489b14e83bcc9eae7274532e1d113753f7be290d4b2dfde573fa,20,20,FALSE,FALSE,UNRESOLVED,0,1,,DBH_BREAST_HEIGHT,N,5.0,1,1,1,exact,NOT_ASSESSED,,NOT_AVAILABLE_IN_FROZEN_FIA_INPUT,L.,Nutt.,173929,Quercus michauxii,Nutt.,Species,Accepted,Nutt.,Accepted,0,,,0,1,,0,0,,D08B_V01_FROZEN,SYNONYM_TO_ACCEPTED_SPECIES,RESOLVED,
833,Quercus rubra,Quercus rubra,species,Quercus rubra,1,174902,Accepted,174902,174902,Accepted,Species,Quercus rubra,174902,Quercus rubra,Species,Accepted,,,174902,Quercus rubra,Species,ACCEPTED_SPECIES,RESOLVED,,Direct WCVP Accepted species.,174902,Quercus rubra,ACCEPTED_ANALYSIS_SPECIES_ID_ONLY,16,d32ea2b3a85e489b14e83bcc9eae7274532e1d113753f7be290d4b2dfde573fa,65,39,FALSE,FALSE,SINGLE_SPECIES_LAYER,1,0,Quercus_rubra,DBH_BREAST_HEIGHT,N,5.0,1,1,1,exact,NOT_ASSESSED,,NOT_AVAILABLE_IN_FROZEN_FIA_INPUT,L.,L.,174902,Quercus rubra,L.,Species,Accepted,L.,Accepted,0,,,0,1,,0,0,,D08B_V01_FROZEN,ACCEPTED_SPECIES,RESOLVED,
834,Quercus shumardii,Quercus shumardii,species,Quercus shumardii,1,175148,Accepted,175148,175148,Accepted,Species,Quercus shumardii,175148,Quercus shumardii,Species,Accepted,,,175148,Quercus shumardii,Species,ACCEPTED_SPECIES,RESOLVED,,Direct WCVP Accepted species.,175148,Quercus shumardii,ACCEPTED_ANALYSIS_SPECIES_ID_ONLY,16,d32ea2b3a85e489b14e83bcc9eae7274532e1d113753f7be290d4b2dfde573fa,25,25,FALSE,FALSE,SINGLE_SPECIES_LAYER,1,0,Quercus_shumardii,DBH_BREAST_HEIGHT,N,5.0,1,1,1,exact,NOT_ASSESSED,,NOT_AVAILABLE_IN_FROZEN_FIA_INPUT,Buckley,Buckley,175148,Quercus shumardii,Buckley,Species,Accepted,Buckley,Accepted,0,,,0,1,,0,0,,D08B_V01_FROZEN,ACCEPTED_SPECIES,RESOLVED,
835,Quercus stellata,Quercus stellata,species,Quercus stellata,1,175243,Accepted,175243,175243,Accepted,Species,Quercus stellata,175243,Quercus stellata,Species,Accepted,,,175243,Quercus stellata,Species,ACCEPTED_SPECIES,RESOLVED,,Direct WCVP Accepted species.,175243,Quercus stellata,ACCEPTED_ANALYSIS_SPECIES_ID_ONLY,16,d32ea2b3a85e489b14e83bcc9eae7274532e1d113753f7be290d4b2dfde573fa,28,28,FALSE,FALSE,SINGLE_SPECIES_LAYER,1,0,Quercus_stellata,DBH_BREAST_HEIGHT,N,5.0,1,1,1,exact,NOT_ASSESSED,,NOT_AVAILABLE_IN_FROZEN_FIA_INPUT,Wangenh.,Wangenh.,175243,Quercus stellata,Wangenh.,Species,Accepted,Wangenh.,Accepted,0,,,0,1,,0,0,,D08B_V01_FROZEN,ACCEPTED_SPECIES,RESOLVED,
836,Quercus similis,Quercus similis,species,Quercus similis,1,175172,Accepted,175172,175172,Accepted,Species,Quercus similis,175172,Quercus similis,Species,Accepted,,,175172,Quercus similis,Species,ACCEPTED_SPECIES,RESOLVED,,Direct WCVP Accepted species.,175172,Quercus similis,ACCEPTED_ANALYSIS_SPECIES_ID_ONLY,16,d32ea2b3a85e489b14e83bcc9eae7274532e1d113753f7be290d4b2dfde573fa,9,9,FALSE,FALSE,UNRESOLVED,0,1,,DBH_BREAST_HEIGHT,N,5.0,1,1,1,unresolved,NOT_ASSESSED,,NOT_AVAILABLE_IN_FROZEN_FIA_INPUT,Ashe,Ashe,175172,Quercus similis,Ashe,Species,Accepted,Ashe,Accepted,0,,,0,1,,0,0,,D08B_V01_FROZEN,ACCEPTED_SPECIES,RESOLVED,
837,Quercus velutina,Quercus velutina,species,Quercus velutina,3,175670;175671;175672,Accepted;Illegitimate,175672,175672,Accepted,Species,Quercus velutina,175672,Quercus velutina,Species,Accepted,,,175672,Quercus velutina,Species,ACCEPTED_SPECIES,RESOLVED,,Direct WCVP Accepted species.,175672,Quercus velutina,ACCEPTED_ANALYSIS_SPECIES_ID_ONLY,16,d32ea2b3a85e489b14e83bcc9eae7274532e1d113753f7be290d4b2dfde573fa,37,37,FALSE,FALSE,SINGLE_SPECIES_LAYER,1,0,Quercus_velutina,DBH_BREAST_HEIGHT,N,5.0,1,1,1,exact,NOT_ASSESSED,,NOT_AVAILABLE_IN_FROZEN_FIA_INPUT,Lam.,Lam.,175672,Quercus velutina,Lam.,Species,Accepted,Lam.,Accepted,0,,,0,1,,0,0,,D08B_V01_FROZEN,ACCEPTED_SPECIES,RESOLVED,
838,Quercus virginiana,Quercus virginiana,species,Quercus virginiana,1,175726,Accepted,175726,175726,Accepted,Species,Quercus virginiana,175726,Quercus virginiana,Species,Accepted,,,175726,Quercus virginiana,Species,ACCEPTED_SPECIES,RESOLVED,,Direct WCVP Accepted species.,175726,Quercus virginiana,ACCEPTED_ANALYSIS_SPECIES_ID_ONLY,16,d32ea2b3a85e489b14e83bcc9eae7274532e1d113753f7be290d4b2dfde573fa,10,9,FALSE,FALSE,SINGLE_SPECIES_LAYER,1,0,Quercus_virginiana,DBH_BREAST_HEIGHT,N,5.0,1,1,1,exact,NOT_ASSESSED,,NOT_AVAILABLE_IN_FROZEN_FIA_INPUT,Mill.,Mill.,175726,Quercus virginiana,Mill.,Species,Accepted,Mill.,Accepted,0,,,0,1,,0,0,,D08B_V01_FROZEN,ACCEPTED_SPECIES,RESOLVED,
839,Quercus wislizeni,Quercus wislizeni,species,Quercus wislizeni,1,175769,Accepted,175769,175769,Accepted,Species,Quercus wislizeni,175769,Quercus wislizeni,Species,Accepted,,,175769,Quercus wislizeni,Species,ACCEPTED_SPECIES,RESOLVED,,Direct WCVP Accepted species.,175769,Quercus wislizeni,ACCEPTED_ANALYSIS_SPECIES_ID_ONLY,16,d32ea2b3a85e489b14e83bcc9eae7274532e1d113753f7be290d4b2dfde573fa,2,2,TRUE,FALSE,SINGLE_SPECIES_LAYER,1,0,Quercus_wislizeni,DBH_BREAST_HEIGHT,N,5.0,1,1,1,exact,NOT_ASSESSED,,NOT_AVAILABLE_IN_FROZEN_FIA_INPUT,A.DC.,A.DC.,175769,Quercus wislizeni,A.DC.,Species,Accepted,A.DC.,Accepted,0,,,0,1,,0,0,,D08B_V01_FROZEN,ACCEPTED_SPECIES,RESOLVED,
840,Quercus margarettiae,Quercus margarettiae,species,Quercus margarettiae,0,,,,173863,Accepted,Species,Quercus margaretta,173863,Quercus margaretta,Species,Accepted,,,173863,Quercus margaretta,Species,AUTHORITATIVE_ORTHOGRAPHIC_TO_ACCEPTED_SPECIES,RESOLVED_MAINLINE_AUTHORIZED,,Code 840 and common-name continuity establish the concept; POWO supplies current accepted spelling and author.,173863,Quercus margaretta,ACCEPTED_ANALYSIS_SPECIES_ID_ONLY,16,d32ea2b3a85e489b14e83bcc9eae7274532e1d113753f7be290d4b2dfde573fa,14,13,FALSE,FALSE,UNRESOLVED,0,1,,DBH_BREAST_HEIGHT,N,5.0,1,1,1,unresolved,NOT_ASSESSED,NOT PROVIDED IN FIA REF_SPECIES,AUTHOR_NOT_PROVIDED_OR_UNKNOWN,(Ashe) Small,(Ashe) Small,173863,Quercus margaretta,(Ashe) Small,Species,Accepted,(Ashe) Small,Accepted,0,,,0,1,,0,1,ORDINARY_ACCEPTED,Q1_D08B_TAXONOMY_CORRECTION_MAINLINE_DECISION_v01_20260902.md,UNRESOLVED,UNRESOLVED,
841,Quercus minima,Quercus minima,species,Quercus minima,1,173948,Accepted,173948,173948,Accepted,Species,Quercus minima,173948,Quercus minima,Species,Accepted,,,173948,Quercus minima,Species,ACCEPTED_SPECIES,RESOLVED,,Direct WCVP Accepted species.,173948,Quercus minima,ACCEPTED_ANALYSIS_SPECIES_ID_ONLY,16,d32ea2b3a85e489b14e83bcc9eae7274532e1d113753f7be290d4b2dfde573fa,6,6,FALSE,FALSE,UNRESOLVED,0,1,,DBH_BREAST_HEIGHT,N,5.0,1,1,1,unresolved,NOT_ASSESSED,,NOT_AVAILABLE_IN_FROZEN_FIA_INPUT,(Sarg.) Small,(Sarg.) Small,173948,Quercus minima,(Sarg.) Small,Species,Accepted,(Sarg.) Small,Accepted,0,,,0,1,,0,0,,D08B_V01_FROZEN,ACCEPTED_SPECIES,RESOLVED,
842,Quercus incana,Quercus incana,species,Quercus incana,2,173316;173317,Accepted;Illegitimate,173316,173316,Accepted,Species,Quercus incana,173316,Quercus incana,Species,Accepted,,,173316,Quercus incana,Species,ACCEPTED_SPECIES,RESOLVED,,Direct WCVP Accepted species.,173316,Quercus incana,ACCEPTED_ANALYSIS_SPECIES_ID_ONLY,16,d32ea2b3a85e489b14e83bcc9eae7274532e1d113753f7be290d4b2dfde573fa,11,11,FALSE,FALSE,SINGLE_SPECIES_LAYER,1,0,Quercus_incana,DBH_BREAST_HEIGHT,N,5.0,1,1,1,exact,NOT_ASSESSED,,NOT_AVAILABLE_IN_FROZEN_FIA_INPUT,W.Bartram,W.Bartram,173316,Quercus incana,W.Bartram,Species,Accepted,W.Bartram,Accepted,0,,,0,1,,0,0,,D08B_V01_FROZEN,ACCEPTED_SPECIES,RESOLVED,
843,Quercus hypoleucoides,Quercus hypoleucoides,species,Quercus hypoleucoides,1,173145,Accepted,173145,173145,Accepted,Species,Quercus hypoleucoides,173145,Quercus hypoleucoides,Species,Accepted,,,173145,Quercus hypoleucoides,Species,ACCEPTED_SPECIES,RESOLVED,,Direct WCVP Accepted species.,173145,Quercus hypoleucoides,ACCEPTED_ANALYSIS_SPECIES_ID_ONLY,16,d32ea2b3a85e489b14e83bcc9eae7274532e1d113753f7be290d4b2dfde573fa,5,5,TRUE,FALSE,SINGLE_SPECIES_LAYER,1,0,Quercus_hypoleucoides,DRC_ROOT_COLLAR,Y,5.0,1,1,0,exact,NOT_ASSESSED,,NOT_AVAILABLE_IN_FROZEN_FIA_INPUT,A.Camus,A.Camus,173145,Quercus hypoleucoides,A.Camus,Species,Accepted,A.Camus,Accepted,0,,,0,1,,0,0,,D08B_V01_FROZEN,ACCEPTED_SPECIES,RESOLVED,
844,Quercus oglethorpensis,Quercus oglethorpensis,species,Quercus oglethorpensis,1,174176,Accepted,174176,174176,Accepted,Species,Quercus oglethorpensis,174176,Quercus oglethorpensis,Species,Accepted,,,174176,Quercus oglethorpensis,Species,ACCEPTED_SPECIES,RESOLVED,,Direct WCVP Accepted species.,174176,Quercus oglethorpensis,ACCEPTED_ANALYSIS_SPECIES_ID_ONLY,16,d32ea2b3a85e489b14e83bcc9eae7274532e1d113753f7be290d4b2dfde573fa,5,5,FALSE,FALSE,SINGLE_SPECIES_LAYER,1,0,Quercus_oglethorpensis,DBH_BREAST_HEIGHT,N,5.0,1,1,1,exact,NOT_ASSESSED,,NOT_AVAILABLE_IN_FROZEN_FIA_INPUT,W.H.Duncan,W.H.Duncan,174176,Quercus oglethorpensis,W.H.Duncan,Species,Accepted,W.H.Duncan,Accepted,0,,,0,1,,0,0,,D08B_V01_FROZEN,ACCEPTED_SPECIES,RESOLVED,
845,Quercus prinoides,Quercus prinoides,species,Quercus prinoides,2,174518;174519,Accepted;Illegitimate,174518,174518,Accepted,Species,Quercus prinoides,174518,Quercus prinoides,Species,Accepted,,,174518,Quercus prinoides,Species,ACCEPTED_SPECIES,RESOLVED,,Direct WCVP Accepted species.,174518,Quercus prinoides,ACCEPTED_ANALYSIS_SPECIES_ID_ONLY,16,d32ea2b3a85e489b14e83bcc9eae7274532e1d113753f7be290d4b2dfde573fa,27,27,FALSE,FALSE,UNRESOLVED,0,1,,DBH_BREAST_HEIGHT,N,5.0,1,1,1,unresolved,NOT_ASSESSED,,NOT_AVAILABLE_IN_FROZEN_FIA_INPUT,Willd.,Willd.,174518,Quercus prinoides,Willd.,Species,Accepted,Willd.,Accepted,0,,,0,1,,0,0,,D08B_V01_FROZEN,ACCEPTED_SPECIES,RESOLVED,
846,Quercus grisea,Quercus grisea,species,Quercus grisea,1,172998,Accepted,172998,172998,Accepted,Species,Quercus grisea,172998,Quercus grisea,Species,Accepted,,,172998,Quercus grisea,Species,ACCEPTED_SPECIES,RESOLVED,,Direct WCVP Accepted species.,172998,Quercus grisea,ACCEPTED_ANALYSIS_SPECIES_ID_ONLY,16,d32ea2b3a85e489b14e83bcc9eae7274532e1d113753f7be290d4b2dfde573fa,8,8,TRUE,FALSE,SINGLE_SPECIES_LAYER,1,0,Quercus_grisea,DRC_ROOT_COLLAR,Y,5.0,1,1,0,exact,NOT_ASSESSED,,NOT_AVAILABLE_IN_FROZEN_FIA_INPUT,Liebm.,Liebm.,172998,Quercus grisea,Liebm.,Species,Accepted,Liebm.,Accepted,0,,,0,1,,0,0,,D08B_V01_FROZEN,ACCEPTED_SPECIES,RESOLVED,
847,Quercus rugosa,Quercus rugosa,species,Quercus rugosa,2,174934;174935,Accepted;Illegitimate,174935,174935,Accepted,Species,Quercus rugosa,174935,Quercus rugosa,Species,Accepted,,,174935,Quercus rugosa,Species,ACCEPTED_SPECIES,RESOLVED,,Direct WCVP Accepted species.,174935,Quercus rugosa,ACCEPTED_ANALYSIS_SPECIES_ID_ONLY,16,d32ea2b3a85e489b14e83bcc9eae7274532e1d113753f7be290d4b2dfde573fa,11,11,TRUE,FALSE,SINGLE_SPECIES_LAYER,1,0,Quercus_rugosa,DRC_ROOT_COLLAR,Y,5.0,1,1,0,exact,NOT_ASSESSED,,NOT_AVAILABLE_IN_FROZEN_FIA_INPUT,Née,Née,174935,Quercus rugosa,Née,Species,Accepted,Née,Accepted,0,,,0,1,,0,0,,D08B_V01_FROZEN,ACCEPTED_SPECIES,RESOLVED,
851,Quercus graciliformis,Quercus graciliformis,species,Quercus graciliformis,1,172964,Accepted,172964,172964,Accepted,Species,Quercus graciliformis,172964,Quercus graciliformis,Species,Accepted,,,172964,Quercus graciliformis,Species,ACCEPTED_SPECIES,RESOLVED,,Direct WCVP Accepted species.,172964,Quercus graciliformis,ACCEPTED_ANALYSIS_SPECIES_ID_ONLY,16,d32ea2b3a85e489b14e83bcc9eae7274532e1d113753f7be290d4b2dfde573fa,1,1,FALSE,FALSE,UNRESOLVED,0,1,,DBH_BREAST_HEIGHT,N,5.0,1,1,1,unresolved,NOT_ASSESSED,,NOT_AVAILABLE_IN_FROZEN_FIA_INPUT,C.H.Mull.,C.H.Mull.,172964,Quercus graciliformis,C.H.Mull.,Species,Accepted,C.H.Mull.,Accepted,0,,,0,1,,0,0,,D08B_V01_FROZEN,ACCEPTED_SPECIES,RESOLVED,
853,Annona glabra,Annona glabra,species,Annona glabra,2,2640872;2640873,Accepted;Illegitimate,2640872,2640872,Accepted,Species,Annona glabra,2640872,Annona glabra,Species,Accepted,,,2640872,Annona glabra,Species,ACCEPTED_SPECIES,RESOLVED,,Direct WCVP Accepted species.,2640872,Annona glabra,ACCEPTED_ANALYSIS_SPECIES_ID_ONLY,16,d32ea2b3a85e489b14e83bcc9eae7274532e1d113753f7be290d4b2dfde573fa,66,49,TRUE,TRUE,SINGLE_SPECIES_LAYER,1,0,Annona_glabra,DBH_BREAST_HEIGHT,N,5.0,1,1,1,exact,NOT_ASSESSED,,NOT_AVAILABLE_IN_FROZEN_FIA_INPUT,L.,L.,2640872,Annona glabra,L.,Species,Accepted,L.,Accepted,0,,,0,1,,0,0,,D08B_V01_FROZEN,ACCEPTED_SPECIES,RESOLVED,
854,Bursera simaruba,Bursera simaruba,species,Bursera simaruba,1,2687649,Accepted,2687649,2687649,Accepted,Species,Bursera simaruba,2687649,Bursera simaruba,Species,Accepted,,,2687649,Bursera simaruba,Species,ACCEPTED_SPECIES,RESOLVED,,Direct WCVP Accepted species.,2687649,Bursera simaruba,ACCEPTED_ANALYSIS_SPECIES_ID_ONLY,16,d32ea2b3a85e489b14e83bcc9eae7274532e1d113753f7be290d4b2dfde573fa,34,34,TRUE,TRUE,SINGLE_SPECIES_LAYER,1,0,Bursera_simaruba,DBH_BREAST_HEIGHT,N,5.0,1,1,1,exact,NOT_ASSESSED,,NOT_AVAILABLE_IN_FROZEN_FIA_INPUT,(L.) Sarg.,(L.) Sarg.,2687649,Bursera simaruba,(L.) Sarg.,Species,Accepted,(L.) Sarg.,Accepted,0,,,0,1,,0,0,,D08B_V01_FROZEN,ACCEPTED_SPECIES,RESOLVED,
858,Cinnamomum camphora,Cinnamomum camphora,species,Cinnamomum camphora,1,2721183,Synonym,2695178,2721183,Synonym,Species,Cinnamomum camphora,2695178,Camphora officinarum,Species,Accepted,,,2695178,Camphora officinarum,Species,SYNONYM_TO_ACCEPTED_SPECIES,RESOLVED,,Exact WCVP Synonym resolved by accepted_plant_name_id to an Accepted species.,2695178,Camphora officinarum,ACCEPTED_ANALYSIS_SPECIES_ID_ONLY,16,d32ea2b3a85e489b14e83bcc9eae7274532e1d113753f7be290d4b2dfde573fa,42,4,TRUE,TRUE,NOT_APPLICABLE_CONUS_NONNATIVE,0,0,,DBH_BREAST_HEIGHT,N,5.0,1,1,1,unresolved,NOT_ASSESSED,,NOT_AVAILABLE_IN_FROZEN_FIA_INPUT,(L.) J.Presl,Boerh. ex Fabr.,2695178,Camphora officinarum,Boerh. ex Fabr.,Species,Accepted,Boerh. ex Fabr.,Accepted,0,,,0,1,,0,0,,D08B_V01_FROZEN,SYNONYM_TO_ACCEPTED_SPECIES,RESOLVED,
860,Citrus spp.,Citrus spp.,species,Citrus spp.,0,,,,,,,,,,,,,,,,,GENUS_OR_NON_SPECIES_AGGREGATE,CLASSIFIED_NON_SPECIES,,FIA name is a genus/non-species aggregate or unknown object; no species assignment permitted.,,,NOT_APPLICABLE_NO_ANALYSIS_SPECIES,16,d32ea2b3a85e489b14e83bcc9eae7274532e1d113753f7be290d4b2dfde573fa,,,,,NOT_APPLICABLE_NO_ORDINARY_ANALYSIS_SPECIES,0,0,,DBH_BREAST_HEIGHT,N,5.0,1,1,1,unresolved,NOT_ASSESSED,,NOT_AVAILABLE_IN_FROZEN_FIA_INPUT,,,,,,,,,,0,,,0,0,FIA name is a genus/non-species aggregate or unknown object; no species assignment permitted.,0,0,,D08B_V01_FROZEN,GENUS_OR_NON_SPECIES_AGGREGATE,CLASSIFIED_NON_SPECIES,
863,Coccoloba diversifolia,Coccoloba diversifolia,species,Coccoloba diversifolia,1,2729242,Accepted,2729242,2729242,Accepted,Species,Coccoloba diversifolia,2729242,Coccoloba diversifolia,Species,Accepted,,,2729242,Coccoloba diversifolia,Species,ACCEPTED_SPECIES,RESOLVED,,Direct WCVP Accepted species.,2729242,Coccoloba diversifolia,ACCEPTED_ANALYSIS_SPECIES_ID_ONLY,16,d32ea2b3a85e489b14e83bcc9eae7274532e1d113753f7be290d4b2dfde573fa,21,21,TRUE,TRUE,SINGLE_SPECIES_LAYER,1,0,Coccoloba_diversifolia,DBH_BREAST_HEIGHT,N,5.0,1,1,1,exact,NOT_ASSESSED,,NOT_AVAILABLE_IN_FROZEN_FIA_INPUT,Jacq.,Jacq.,2729242,Coccoloba diversifolia,Jacq.,Species,Accepted,Jacq.,Accepted,0,,,0,1,,0,0,,D08B_V01_FROZEN,ACCEPTED_SPECIES,RESOLVED,
867,Condalia hookeri,Condalia hookeri,species,Condalia hookeri,1,2733979,Accepted,2733979,2733979,Accepted,Species,Condalia hookeri,2733979,Condalia hookeri,Species,Accepted,,,2733979,Condalia hookeri,Species,ACCEPTED_SPECIES,RESOLVED,,Direct WCVP Accepted species.,2733979,Condalia hookeri,ACCEPTED_ANALYSIS_SPECIES_ID_ONLY,16,d32ea2b3a85e489b14e83bcc9eae7274532e1d113753f7be290d4b2dfde573fa,3,3,TRUE,FALSE,SINGLE_SPECIES_LAYER,1,0,Condalia_hookeri,DRC_ROOT_COLLAR,Y,5.0,1,1,0,exact,NOT_ASSESSED,,NOT_AVAILABLE_IN_FROZEN_FIA_INPUT,M.C.Johnst.,M.C.Johnst.,2733979,Condalia hookeri,M.C.Johnst.,Species,Accepted,M.C.Johnst.,Accepted,0,,,0,1,,0,0,,D08B_V01_FROZEN,ACCEPTED_SPECIES,RESOLVED,
868,Ebenopsis ebano,Ebenopsis ebano,species,Ebenopsis ebano,1,2780305,Accepted,2780305,2780305,Accepted,Species,Ebenopsis ebano,2780305,Ebenopsis ebano,Species,Accepted,,,2780305,Ebenopsis ebano,Species,ACCEPTED_SPECIES,RESOLVED,,Direct WCVP Accepted species.,2780305,Ebenopsis ebano,ACCEPTED_ANALYSIS_SPECIES_ID_ONLY,16,d32ea2b3a85e489b14e83bcc9eae7274532e1d113753f7be290d4b2dfde573fa,6,6,TRUE,FALSE,SINGLE_OFFICIAL_ALIAS_LAYER,1,0,Pithecellobium_flexicaule,DBH_BREAST_HEIGHT,N,5.0,1,1,1,unresolved,NOT_ASSESSED,,NOT_AVAILABLE_IN_FROZEN_FIA_INPUT,(Berland.) Barneby & J.W.Grimes,(Berland.) Barneby & J.W.Grimes,2780305,Ebenopsis ebano,(Berland.) Barneby & J.W.Grimes,Species,Accepted,(Berland.) Barneby & J.W.Grimes,Accepted,0,,,0,1,,0,0,,D08B_V01_FROZEN,ACCEPTED_SPECIES,RESOLVED,
869,Leucaena pulverulenta,Leucaena pulverulenta,species,Leucaena pulverulenta,1,2346415,Accepted,2346415,2346415,Accepted,Species,Leucaena pulverulenta,2346415,Leucaena pulverulenta,Species,Accepted,,,2346415,Leucaena pulverulenta,Species,ACCEPTED_SPECIES,RESOLVED,,Direct WCVP Accepted species.,2346415,Leucaena pulverulenta,ACCEPTED_ANALYSIS_SPECIES_ID_ONLY,16,d32ea2b3a85e489b14e83bcc9eae7274532e1d113753f7be290d4b2dfde573fa,7,5,TRUE,FALSE,SINGLE_SPECIES_LAYER,1,0,Leucaena_pulverulenta,DBH_BREAST_HEIGHT,N,5.0,1,1,1,exact,NOT_ASSESSED,,NOT_AVAILABLE_IN_FROZEN_FIA_INPUT,(Schltdl.) Benth.,(Schltdl.) Benth.,2346415,Leucaena pulverulenta,(Schltdl.) Benth.,Species,Accepted,(Schltdl.) Benth.,Accepted,0,,,0,1,,0,0,,D08B_V01_FROZEN,ACCEPTED_SPECIES,RESOLVED,
870,Sophora affinis,Sophora affinis,species,Sophora affinis,1,2597421,Synonym,2598500,2597421,Synonym,Species,Sophora affinis,2598500,Styphnolobium affine,Species,Accepted,,,2598500,Styphnolobium affine,Species,SYNONYM_TO_ACCEPTED_SPECIES,RESOLVED,,Exact WCVP Synonym resolved by accepted_plant_name_id to an Accepted species.,2598500,Styphnolobium affine,ACCEPTED_ANALYSIS_SPECIES_ID_ONLY,16,d32ea2b3a85e489b14e83bcc9eae7274532e1d113753f7be290d4b2dfde573fa,4,4,FALSE,FALSE,SINGLE_OFFICIAL_ALIAS_LAYER,1,0,Sophora_affinis,DBH_BREAST_HEIGHT,N,5.0,1,1,1,exact,NOT_ASSESSED,,NOT_AVAILABLE_IN_FROZEN_FIA_INPUT,Torr. & A.Gray,(Torr. & A.Gray) Walp.,2598500,Styphnolobium affine,(Torr. & A.Gray) Walp.,Species,Accepted,(Torr. & A.Gray) Walp.,Accepted,0,,,0,1,,0,0,,D08B_V01_FROZEN,SYNONYM_TO_ACCEPTED_SPECIES,RESOLVED,
876,Ficus aurea,Ficus aurea,species,Ficus aurea,1,2809576,Accepted,2809576,2809576,Accepted,Species,Ficus aurea,2809576,Ficus aurea,Species,Accepted,,,2809576,Ficus aurea,Species,ACCEPTED_SPECIES,RESOLVED,,Direct WCVP Accepted species.,2809576,Ficus aurea,ACCEPTED_ANALYSIS_SPECIES_ID_ONLY,16,d32ea2b3a85e489b14e83bcc9eae7274532e1d113753f7be290d4b2dfde573fa,20,20,TRUE,FALSE,SINGLE_SPECIES_LAYER,1,0,Ficus_aurea,DBH_BREAST_HEIGHT,N,5.0,1,1,1,exact,NOT_ASSESSED,,NOT_AVAILABLE_IN_FROZEN_FIA_INPUT,Nutt.,Nutt.,2809576,Ficus aurea,Nutt.,Species,Accepted,Nutt.,Accepted,0,,,0,1,,0,0,,D08B_V01_FROZEN,ACCEPTED_SPECIES,RESOLVED,
886,Metopium toxiferum,Metopium toxiferum,species,Metopium toxiferum,1,2364578,Accepted,2364578,2364578,Accepted,Species,Metopium toxiferum,2364578,Metopium toxiferum,Species,Accepted,,,2364578,Metopium toxiferum,Species,ACCEPTED_SPECIES,RESOLVED,,Direct WCVP Accepted species.,2364578,Metopium toxiferum,ACCEPTED_ANALYSIS_SPECIES_ID_ONLY,16,d32ea2b3a85e489b14e83bcc9eae7274532e1d113753f7be290d4b2dfde573fa,9,9,TRUE,FALSE,SINGLE_SPECIES_LAYER,1,0,Metopium_toxiferum,DBH_BREAST_HEIGHT,N,5.0,1,1,1,exact,NOT_ASSESSED,,NOT_AVAILABLE_IN_FROZEN_FIA_INPUT,(L.) Krug & Urb.,(L.) Krug & Urb.,2364578,Metopium toxiferum,(L.) Krug & Urb.,Species,Accepted,(L.) Krug & Urb.,Accepted,0,,,0,1,,0,0,,D08B_V01_FROZEN,ACCEPTED_SPECIES,RESOLVED,
887,Piscidia piscipula,Piscidia piscipula,species,Piscidia piscipula,1,2540278,Accepted,2540278,2540278,Accepted,Species,Piscidia piscipula,2540278,Piscidia piscipula,Species,Accepted,,,2540278,Piscidia piscipula,Species,ACCEPTED_SPECIES,RESOLVED,,Direct WCVP Accepted species.,2540278,Piscidia piscipula,ACCEPTED_ANALYSIS_SPECIES_ID_ONLY,16,d32ea2b3a85e489b14e83bcc9eae7274532e1d113753f7be290d4b2dfde573fa,19,17,TRUE,FALSE,UNRESOLVED,0,1,,DBH_BREAST_HEIGHT,N,5.0,1,1,1,unresolved,NOT_ASSESSED,,NOT_AVAILABLE_IN_FROZEN_FIA_INPUT,(L.) Sarg.,(L.) Sarg.,2540278,Piscidia piscipula,(L.) Sarg.,Species,Accepted,(L.) Sarg.,Accepted,0,,,0,1,,0,0,,D08B_V01_FROZEN,ACCEPTED_SPECIES,RESOLVED,
897,Tamarindus indica,Tamarindus indica,species,Tamarindus indica,1,2444682,Accepted,2444682,2444682,Accepted,Species,Tamarindus indica,2444682,Tamarindus indica,Species,Accepted,,,2444682,Tamarindus indica,Species,ACCEPTED_SPECIES,RESOLVED,,Direct WCVP Accepted species.,2444682,Tamarindus indica,ACCEPTED_ANALYSIS_SPECIES_ID_ONLY,16,d32ea2b3a85e489b14e83bcc9eae7274532e1d113753f7be290d4b2dfde573fa,119,2,TRUE,TRUE,NOT_APPLICABLE_CONUS_NONNATIVE,0,0,,DBH_BREAST_HEIGHT,N,5.0,1,1,1,unresolved,NOT_ASSESSED,,NOT_AVAILABLE_IN_FROZEN_FIA_INPUT,L.,L.,2444682,Tamarindus indica,L.,Species,Accepted,L.,Accepted,0,,,0,1,,0,0,,D08B_V01_FROZEN,ACCEPTED_SPECIES,RESOLVED,
901,Robinia pseudoacacia,Robinia pseudoacacia,species,Robinia pseudoacacia,1,2428246,Accepted,2428246,2428246,Accepted,Species,Robinia pseudoacacia,2428246,Robinia pseudoacacia,Species,Accepted,,,2428246,Robinia pseudoacacia,Species,ACCEPTED_SPECIES,RESOLVED,,Direct WCVP Accepted species.,2428246,Robinia pseudoacacia,ACCEPTED_ANALYSIS_SPECIES_ID_ONLY,16,d32ea2b3a85e489b14e83bcc9eae7274532e1d113753f7be290d4b2dfde573fa,138,10,FALSE,FALSE,SINGLE_SPECIES_LAYER,1,0,Robinia_pseudoacacia,DBH_BREAST_HEIGHT,N,5.0,1,1,1,exact,NOT_ASSESSED,,NOT_AVAILABLE_IN_FROZEN_FIA_INPUT,L.,L.,2428246,Robinia pseudoacacia,L.,Species,Accepted,L.,Accepted,0,,,0,1,,0,0,,D08B_V01_FROZEN,ACCEPTED_SPECIES,RESOLVED,
909,Roystonea spp.,Roystonea spp.,species,Roystonea spp.,0,,,,,,,,,,,,,,,,,GENUS_OR_NON_SPECIES_AGGREGATE,CLASSIFIED_NON_SPECIES,,FIA name is a genus/non-species aggregate or unknown object; no species assignment permitted.,,,NOT_APPLICABLE_NO_ANALYSIS_SPECIES,16,d32ea2b3a85e489b14e83bcc9eae7274532e1d113753f7be290d4b2dfde573fa,,,,,NOT_APPLICABLE_NO_ORDINARY_ANALYSIS_SPECIES,0,0,,DBH_BREAST_HEIGHT,N,5.0,1,1,1,unresolved,NOT_ASSESSED,,NOT_AVAILABLE_IN_FROZEN_FIA_INPUT,,,,,,,,,,0,,,0,0,FIA name is a genus/non-species aggregate or unknown object; no species assignment permitted.,0,0,,D08B_V01_FROZEN,GENUS_OR_NON_SPECIES_AGGREGATE,CLASSIFIED_NON_SPECIES,
912,Sabal palmetto,Sabal palmetto,species,Sabal palmetto,1,181053,Accepted,181053,181053,Accepted,Species,Sabal palmetto,181053,Sabal palmetto,Species,Accepted,,,181053,Sabal palmetto,Species,ACCEPTED_SPECIES,RESOLVED,,Direct WCVP Accepted species.,181053,Sabal palmetto,ACCEPTED_ANALYSIS_SPECIES_ID_ONLY,16,d32ea2b3a85e489b14e83bcc9eae7274532e1d113753f7be290d4b2dfde573fa,9,8,TRUE,FALSE,SINGLE_SPECIES_LAYER,1,0,Sabal_palmetto,DBH_BREAST_HEIGHT,N,5.0,1,1,1,exact,NOT_ASSESSED,,NOT_AVAILABLE_IN_FROZEN_FIA_INPUT,(Walter) Lodd. ex Schult. & Schult.f.,(Walter) Lodd. ex Schult. & Schult.f.,181053,Sabal palmetto,(Walter) Lodd. ex Schult. & Schult.f.,Species,Accepted,(Walter) Lodd. ex Schult. & Schult.f.,Accepted,0,,,0,1,,0,0,,D08B_V01_FROZEN,ACCEPTED_SPECIES,RESOLVED,
913,Thrinax morrisii,Thrinax morrisii,species,Thrinax morrisii,1,203977,Synonym,351387,203977,Synonym,Species,Thrinax morrisii,351387,Leucothrinax morrisii,Species,Accepted,,,351387,Leucothrinax morrisii,Species,SYNONYM_TO_ACCEPTED_SPECIES,RESOLVED,,Exact WCVP Synonym resolved by accepted_plant_name_id to an Accepted species.,351387,Leucothrinax morrisii,ACCEPTED_ANALYSIS_SPECIES_ID_ONLY,16,d32ea2b3a85e489b14e83bcc9eae7274532e1d113753f7be290d4b2dfde573fa,8,7,TRUE,FALSE,UNRESOLVED,0,1,,DBH_BREAST_HEIGHT,N,5.0,1,1,1,unresolved,NOT_ASSESSED,,NOT_AVAILABLE_IN_FROZEN_FIA_INPUT,H.Wendl.,(H.Wendl.) C.Lewis & Zona,351387,Leucothrinax morrisii,(H.Wendl.) C.Lewis & Zona,Species,Accepted,(H.Wendl.) C.Lewis & Zona,Accepted,0,,,0,1,,0,0,,D08B_V01_FROZEN,SYNONYM_TO_ACCEPTED_SPECIES,RESOLVED,
915,Areca spp.,Areca spp.,species,Areca spp.,0,,,,,,,,,,,,,,,,,GENUS_OR_NON_SPECIES_AGGREGATE,CLASSIFIED_NON_SPECIES,,FIA name is a genus/non-species aggregate or unknown object; no species assignment permitted.,,,NOT_APPLICABLE_NO_ANALYSIS_SPECIES,16,d32ea2b3a85e489b14e83bcc9eae7274532e1d113753f7be290d4b2dfde573fa,,,,,NOT_APPLICABLE_NO_ORDINARY_ANALYSIS_SPECIES,0,0,,DBH_BREAST_HEIGHT,N,5.0,1,1,1,unresolved,NOT_ASSESSED,,NOT_AVAILABLE_IN_FROZEN_FIA_INPUT,,,,,,,,,,0,,,0,0,FIA name is a genus/non-species aggregate or unknown object; no species assignment permitted.,0,0,,D08B_V01_FROZEN,GENUS_OR_NON_SPECIES_AGGREGATE,CLASSIFIED_NON_SPECIES,
919,Sapindus saponaria var. drummondii,Sapindus saponaria var. drummondii,infraspecies,Sapindus saponaria var. drummondii,1,2891923,Synonym,2582296,2891923,Synonym,Variety,Sapindus saponaria var. drummondii,2582296,Sapindus drummondii,Species,Accepted,,,2582296,Sapindus drummondii,Species,SYNONYM_TO_ACCEPTED_SPECIES,RESOLVED,,Exact WCVP Synonym resolved by accepted_plant_name_id to an Accepted species.,2582296,Sapindus drummondii,ACCEPTED_ANALYSIS_SPECIES_ID_ONLY,16,d32ea2b3a85e489b14e83bcc9eae7274532e1d113753f7be290d4b2dfde573fa,13,13,TRUE,FALSE,SINGLE_SPECIES_LAYER,1,0,Sapindus_drummondii,DBH_BREAST_HEIGHT,N,5.0,1,1,1,unresolved,NOT_ASSESSED,,NOT_AVAILABLE_IN_FROZEN_FIA_INPUT,(Hook. & Arn.) L.D.Benson,Hook. & Arn.,2582296,Sapindus drummondii,Hook. & Arn.,Species,Accepted,Hook. & Arn.,Accepted,0,,,0,1,,0,0,,D08B_V01_FROZEN,SYNONYM_TO_ACCEPTED_SPECIES,RESOLVED,
920,Salix spp.,Salix spp.,species,Salix spp.,0,,,,,,,,,,,,,,,,,GENUS_OR_NON_SPECIES_AGGREGATE,CLASSIFIED_NON_SPECIES,,FIA name is a genus/non-species aggregate or unknown object; no species assignment permitted.,,,NOT_APPLICABLE_NO_ANALYSIS_SPECIES,16,d32ea2b3a85e489b14e83bcc9eae7274532e1d113753f7be290d4b2dfde573fa,,,,,NOT_APPLICABLE_NO_ORDINARY_ANALYSIS_SPECIES,0,0,,DBH_BREAST_HEIGHT,N,5.0,1,1,1,unresolved,NOT_ASSESSED,,NOT_AVAILABLE_IN_FROZEN_FIA_INPUT,,,,,,,,,,0,,,0,0,FIA name is a genus/non-species aggregate or unknown object; no species assignment permitted.,0,0,,D08B_V01_FROZEN,GENUS_OR_NON_SPECIES_AGGREGATE,CLASSIFIED_NON_SPECIES,
921,Salix amygdaloides,Salix amygdaloides,species,Salix amygdaloides,1,2918617,Accepted,2918617,2918617,Accepted,Species,Salix amygdaloides,2918617,Salix amygdaloides,Species,Accepted,,,2918617,Salix amygdaloides,Species,ACCEPTED_SPECIES,RESOLVED,,Direct WCVP Accepted species.,2918617,Salix amygdaloides,ACCEPTED_ANALYSIS_SPECIES_ID_ONLY,16,d32ea2b3a85e489b14e83bcc9eae7274532e1d113753f7be290d4b2dfde573fa,34,34,FALSE,FALSE,SINGLE_SPECIES_LAYER,1,0,Salix_amygdaloides,DBH_BREAST_HEIGHT,N,5.0,1,1,1,exact,NOT_ASSESSED,,NOT_AVAILABLE_IN_FROZEN_FIA_INPUT,Andersson,Andersson,2918617,Salix amygdaloides,Andersson,Species,Accepted,Andersson,Accepted,0,,,0,1,,0,0,,D08B_V01_FROZEN,ACCEPTED_SPECIES,RESOLVED,
922,Salix nigra,Salix nigra,species,Salix nigra,1,2919837,Accepted,2919837,2919837,Accepted,Species,Salix nigra,2919837,Salix nigra,Species,Accepted,,,2919837,Salix nigra,Species,ACCEPTED_SPECIES,RESOLVED,,Direct WCVP Accepted species.,2919837,Salix nigra,ACCEPTED_ANALYSIS_SPECIES_ID_ONLY,16,d32ea2b3a85e489b14e83bcc9eae7274532e1d113753f7be290d4b2dfde573fa,43,43,TRUE,FALSE,AMBIGUOUS,1,1,,DBH_BREAST_HEIGHT,N,5.0,1,1,1,exact,NOT_ASSESSED,,NOT_AVAILABLE_IN_FROZEN_FIA_INPUT,Marshall,Marshall,2919837,Salix nigra,Marshall,Species,Accepted,Marshall,Accepted,0,,,0,1,,0,0,,D08B_V01_FROZEN,ACCEPTED_SPECIES,RESOLVED,
925,Salix caroliniana,Salix caroliniana,species,Salix caroliniana,1,2919167,Accepted,2919167,2919167,Accepted,Species,Salix caroliniana,2919167,Salix caroliniana,Species,Accepted,,,2919167,Salix caroliniana,Species,ACCEPTED_SPECIES,RESOLVED,,Direct WCVP Accepted species.,2919167,Salix caroliniana,ACCEPTED_ANALYSIS_SPECIES_ID_ONLY,16,d32ea2b3a85e489b14e83bcc9eae7274532e1d113753f7be290d4b2dfde573fa,25,24,TRUE,FALSE,SINGLE_SPECIES_LAYER,1,0,Salix_caroliniana,DBH_BREAST_HEIGHT,N,5.0,1,1,1,exact,NOT_ASSESSED,,NOT_AVAILABLE_IN_FROZEN_FIA_INPUT,Michx.,Michx.,2919167,Salix caroliniana,Michx.,Species,Accepted,Michx.,Accepted,0,,,0,1,,0,0,,D08B_V01_FROZEN,ACCEPTED_SPECIES,RESOLVED,
927,Salix alba,Salix alba,species,Salix alba,2,2918804;2918805,Accepted;Misapplied,2918804,2918804,Accepted,Species,Salix alba,2918804,Salix alba,Species,Accepted,,,2918804,Salix alba,Species,ACCEPTED_SPECIES,RESOLVED,,Direct WCVP Accepted species.,2918804,Salix alba,ACCEPTED_ANALYSIS_SPECIES_ID_ONLY,16,d32ea2b3a85e489b14e83bcc9eae7274532e1d113753f7be290d4b2dfde573fa,107,51,TRUE,TRUE,NOT_APPLICABLE_CONUS_NONNATIVE,0,0,,DBH_BREAST_HEIGHT,N,5.0,1,1,1,unresolved,NOT_ASSESSED,,NOT_AVAILABLE_IN_FROZEN_FIA_INPUT,L.,L.,2918804,Salix alba,L.,Species,Accepted,L.,Accepted,0,,,0,1,,0,0,,D08B_V01_FROZEN,ACCEPTED_SPECIES,RESOLVED,
929,Salix x sepulcralis,Salix x sepulcralis,species,Salix × sepulcralis,1,2920502,Synonym,,,,,,,,,,,,,,,HYBRID_OR_NOTHOTAXON,CLASSIFIED_HYBRID,,Hybrid marker or WCVP artificial-hybrid evidence; no ordinary accepted-species assignment.,,,NOT_APPLICABLE_NO_ANALYSIS_SPECIES,16,d32ea2b3a85e489b14e83bcc9eae7274532e1d113753f7be290d4b2dfde573fa,,,,,NOT_APPLICABLE_NO_ORDINARY_ANALYSIS_SPECIES,0,0,,DBH_BREAST_HEIGHT,N,5.0,1,1,1,unresolved,NOT_ASSESSED,,NOT_AVAILABLE_IN_FROZEN_FIA_INPUT,,,,,,,,,,1,,,0,0,Hybrid marker or WCVP artificial-hybrid evidence; no ordinary accepted-species assignment.,0,0,,D08B_V01_FROZEN,HYBRID_OR_NOTHOTAXON,CLASSIFIED_HYBRID,
931,Sassafras albidum,Sassafras albidum,species,Sassafras albidum,1,2591964,Accepted,2591964,2591964,Accepted,Species,Sassafras albidum,2591964,Sassafras albidum,Species,Accepted,,,2591964,Sassafras albidum,Species,ACCEPTED_SPECIES,RESOLVED,,Direct WCVP Accepted species.,2591964,Sassafras albidum,ACCEPTED_ANALYSIS_SPECIES_ID_ONLY,16,d32ea2b3a85e489b14e83bcc9eae7274532e1d113753f7be290d4b2dfde573fa,36,34,FALSE,FALSE,SINGLE_SPECIES_LAYER,1,0,Sassafras_albidum,DBH_BREAST_HEIGHT,N,5.0,1,1,1,exact,NOT_ASSESSED,,NOT_AVAILABLE_IN_FROZEN_FIA_INPUT,(Nutt.) Nees,(Nutt.) Nees,2591964,Sassafras albidum,(Nutt.) Nees,Species,Accepted,(Nutt.) Nees,Accepted,0,,,0,1,,0,0,,D08B_V01_FROZEN,ACCEPTED_SPECIES,RESOLVED,
934,Sorbus spp.,Sorbus spp.,species,Sorbus spp.,0,,,,,,,,,,,,,,,,,GENUS_OR_NON_SPECIES_AGGREGATE,CLASSIFIED_NON_SPECIES,,FIA name is a genus/non-species aggregate or unknown object; no species assignment permitted.,,,NOT_APPLICABLE_NO_ANALYSIS_SPECIES,16,d32ea2b3a85e489b14e83bcc9eae7274532e1d113753f7be290d4b2dfde573fa,,,,,NOT_APPLICABLE_NO_ORDINARY_ANALYSIS_SPECIES,0,0,,DBH_BREAST_HEIGHT,N,5.0,1,1,1,unresolved,NOT_ASSESSED,,NOT_AVAILABLE_IN_FROZEN_FIA_INPUT,,,,,,,,,,0,,,0,0,FIA name is a genus/non-species aggregate or unknown object; no species assignment permitted.,0,0,,D08B_V01_FROZEN,GENUS_OR_NON_SPECIES_AGGREGATE,CLASSIFIED_NON_SPECIES,
935,Sorbus americana,Sorbus americana,species,Sorbus americana,2,2991391;2991393,Accepted;Illegitimate,2991391,2991391,Accepted,Species,Sorbus americana,2991391,Sorbus americana,Species,Accepted,,,2991391,Sorbus americana,Species,ACCEPTED_SPECIES,RESOLVED,,Direct WCVP Accepted species.,2991391,Sorbus americana,ACCEPTED_ANALYSIS_SPECIES_ID_ONLY,16,d32ea2b3a85e489b14e83bcc9eae7274532e1d113753f7be290d4b2dfde573fa,26,26,FALSE,FALSE,SINGLE_SPECIES_LAYER,1,0,Sorbus_americana,DBH_BREAST_HEIGHT,N,5.0,1,1,1,exact,NOT_ASSESSED,,NOT_AVAILABLE_IN_FROZEN_FIA_INPUT,Marshall,Marshall,2991391,Sorbus americana,Marshall,Species,Accepted,Marshall,Accepted,0,,,0,1,,0,0,,D08B_V01_FROZEN,ACCEPTED_SPECIES,RESOLVED,
937,Sorbus decora,Sorbus decora,species,Sorbus decora,1,2991806,Accepted,2991806,2991806,Accepted,Species,Sorbus decora,2991806,Sorbus decora,Species,Accepted,,,2991806,Sorbus decora,Species,ACCEPTED_SPECIES,RESOLVED,,Direct WCVP Accepted species.,2991806,Sorbus decora,ACCEPTED_ANALYSIS_SPECIES_ID_ONLY,16,d32ea2b3a85e489b14e83bcc9eae7274532e1d113753f7be290d4b2dfde573fa,25,25,TRUE,FALSE,SINGLE_SPECIES_LAYER,1,0,Sorbus_decora,DBH_BREAST_HEIGHT,N,5.0,1,1,1,exact,NOT_ASSESSED,,NOT_AVAILABLE_IN_FROZEN_FIA_INPUT,(Sarg.) C.K.Schneid.,(Sarg.) C.K.Schneid.,2991806,Sorbus decora,(Sarg.) C.K.Schneid.,Species,Accepted,(Sarg.) C.K.Schneid.,Accepted,0,,,0,1,,0,0,,D08B_V01_FROZEN,ACCEPTED_SPECIES,RESOLVED,
940,Swietenia mahagoni,Swietenia mahagoni,species,Swietenia mahagoni,1,2601502,Accepted,2601502,2601502,Accepted,Species,Swietenia mahagoni,2601502,Swietenia mahagoni,Species,Accepted,,,2601502,Swietenia mahagoni,Species,ACCEPTED_SPECIES,RESOLVED,,Direct WCVP Accepted species.,2601502,Swietenia mahagoni,ACCEPTED_ANALYSIS_SPECIES_ID_ONLY,16,d32ea2b3a85e489b14e83bcc9eae7274532e1d113753f7be290d4b2dfde573fa,31,8,TRUE,FALSE,UNRESOLVED,0,1,,DBH_BREAST_HEIGHT,N,5.0,1,1,1,unresolved,NOT_ASSESSED,,NOT_AVAILABLE_IN_FROZEN_FIA_INPUT,(L.) Jacq.,(L.) Jacq.,2601502,Swietenia mahagoni,(L.) Jacq.,Species,Accepted,(L.) Jacq.,Accepted,0,,,0,1,,0,0,,D08B_V01_FROZEN,ACCEPTED_SPECIES,RESOLVED,
951,Tilia americana,Tilia americana,species,Tilia americana,1,2518218,Accepted,2518218,2518218,Accepted,Species,Tilia americana,2518218,Tilia americana,Species,Accepted,,,2518218,Tilia americana,Species,ACCEPTED_SPECIES,RESOLVED,,Direct WCVP Accepted species.,2518218,Tilia americana,ACCEPTED_ANALYSIS_SPECIES_ID_ONLY,16,d32ea2b3a85e489b14e83bcc9eae7274532e1d113753f7be290d4b2dfde573fa,51,49,TRUE,FALSE,UNRESOLVED,0,1,,DBH_BREAST_HEIGHT,N,5.0,1,1,1,exact,NOT_ASSESSED,,NOT_AVAILABLE_IN_FROZEN_FIA_INPUT,L.,L.,2518218,Tilia americana,L.,Species,Accepted,L.,Accepted,0,,,0,1,,0,0,,D08B_V01_FROZEN,ACCEPTED_SPECIES,RESOLVED,
952,Tilia americana var. heterophylla,Tilia americana var. heterophylla,infraspecies,Tilia americana var. heterophylla,1,2522340,Synonym,2518218,2522340,Synonym,Variety,Tilia americana var. heterophylla,2518218,Tilia americana,Species,Accepted,,,2518218,Tilia americana,Species,SYNONYM_TO_ACCEPTED_SPECIES,RESOLVED,,Exact WCVP Synonym resolved by accepted_plant_name_id to an Accepted species.,2518218,Tilia americana,ACCEPTED_ANALYSIS_SPECIES_ID_ONLY,16,d32ea2b3a85e489b14e83bcc9eae7274532e1d113753f7be290d4b2dfde573fa,51,49,TRUE,FALSE,UNRESOLVED,0,1,,DBH_BREAST_HEIGHT,N,5.0,1,1,1,unresolved,NOT_ASSESSED,,NOT_AVAILABLE_IN_FROZEN_FIA_INPUT,(Vent.) Loudon,L.,2518218,Tilia americana,L.,Species,Accepted,L.,Accepted,0,,,0,1,,0,0,,D08B_V01_FROZEN,SYNONYM_TO_ACCEPTED_SPECIES,RESOLVED,
953,Tilia americana var. caroliniana,Tilia americana var. caroliniana,infraspecies,Tilia americana var. caroliniana,1,2894086,Synonym,2518218,2894086,Synonym,Variety,Tilia americana var. caroliniana,2518218,Tilia americana,Species,Accepted,,,2518218,Tilia americana,Species,SYNONYM_TO_ACCEPTED_SPECIES,RESOLVED,,Exact WCVP Synonym resolved by accepted_plant_name_id to an Accepted species.,2518218,Tilia americana,ACCEPTED_ANALYSIS_SPECIES_ID_ONLY,16,d32ea2b3a85e489b14e83bcc9eae7274532e1d113753f7be290d4b2dfde573fa,51,49,TRUE,FALSE,UNRESOLVED,0,1,,DBH_BREAST_HEIGHT,N,5.0,1,1,1,unresolved,NOT_ASSESSED,,NOT_AVAILABLE_IN_FROZEN_FIA_INPUT,(Mill.) Castigl.,L.,2518218,Tilia americana,L.,Species,Accepted,L.,Accepted,0,,,0,1,,0,0,,D08B_V01_FROZEN,SYNONYM_TO_ACCEPTED_SPECIES,RESOLVED,
971,Ulmus alata,Ulmus alata,species,Ulmus alata,1,2450008,Accepted,2450008,2450008,Accepted,Species,Ulmus alata,2450008,Ulmus alata,Species,Accepted,,,2450008,Ulmus alata,Species,ACCEPTED_SPECIES,RESOLVED,,Direct WCVP Accepted species.,2450008,Ulmus alata,ACCEPTED_ANALYSIS_SPECIES_ID_ONLY,16,d32ea2b3a85e489b14e83bcc9eae7274532e1d113753f7be290d4b2dfde573fa,19,18,FALSE,FALSE,SINGLE_SPECIES_LAYER,1,0,Ulmus_alata,DBH_BREAST_HEIGHT,N,5.0,1,1,1,exact,NOT_ASSESSED,,NOT_AVAILABLE_IN_FROZEN_FIA_INPUT,Michx.,Michx.,2450008,Ulmus alata,Michx.,Species,Accepted,Michx.,Accepted,0,,,0,1,,0,0,,D08B_V01_FROZEN,ACCEPTED_SPECIES,RESOLVED,
972,Ulmus americana,Ulmus americana,species,Ulmus americana,1,2450019,Accepted,2450019,2450019,Accepted,Species,Ulmus americana,2450019,Ulmus americana,Species,Accepted,,,2450019,Ulmus americana,Species,ACCEPTED_SPECIES,RESOLVED,,Direct WCVP Accepted species.,2450019,Ulmus americana,ACCEPTED_ANALYSIS_SPECIES_ID_ONLY,16,d32ea2b3a85e489b14e83bcc9eae7274532e1d113753f7be290d4b2dfde573fa,50,49,TRUE,FALSE,SINGLE_SPECIES_LAYER,1,0,Ulmus_americana,DBH_BREAST_HEIGHT,N,5.0,1,1,1,exact,NOT_ASSESSED,,NOT_AVAILABLE_IN_FROZEN_FIA_INPUT,L.,L.,2450019,Ulmus americana,L.,Species,Accepted,L.,Accepted,0,,,0,1,,0,0,,D08B_V01_FROZEN,ACCEPTED_SPECIES,RESOLVED,
973,Ulmus crassifolia,Ulmus crassifolia,species,Ulmus crassifolia,1,2449976,Accepted,2449976,2449976,Accepted,Species,Ulmus crassifolia,2449976,Ulmus crassifolia,Species,Accepted,,,2449976,Ulmus crassifolia,Species,ACCEPTED_SPECIES,RESOLVED,,Direct WCVP Accepted species.,2449976,Ulmus crassifolia,ACCEPTED_ANALYSIS_SPECIES_ID_ONLY,16,d32ea2b3a85e489b14e83bcc9eae7274532e1d113753f7be290d4b2dfde573fa,8,8,TRUE,FALSE,SINGLE_SPECIES_LAYER,1,0,Ulmus_crassifolia,DBH_BREAST_HEIGHT,N,5.0,1,1,1,exact,NOT_ASSESSED,,NOT_AVAILABLE_IN_FROZEN_FIA_INPUT,Nutt.,Nutt.,2449976,Ulmus crassifolia,Nutt.,Species,Accepted,Nutt.,Accepted,0,,,0,1,,0,0,,D08B_V01_FROZEN,ACCEPTED_SPECIES,RESOLVED,
974,Ulmus pumila,Ulmus pumila,species,Ulmus pumila,2,2448824;2448830,Accepted;Illegitimate,2448824,2448824,Accepted,Species,Ulmus pumila,2448824,Ulmus pumila,Species,Accepted,,,2448824,Ulmus pumila,Species,ACCEPTED_SPECIES,RESOLVED,,Direct WCVP Accepted species.,2448824,Ulmus pumila,ACCEPTED_ANALYSIS_SPECIES_ID_ONLY,16,d32ea2b3a85e489b14e83bcc9eae7274532e1d113753f7be290d4b2dfde573fa,80,17,TRUE,TRUE,NOT_APPLICABLE_CONUS_NONNATIVE,0,0,,DBH_BREAST_HEIGHT,N,5.0,1,1,1,unresolved,NOT_ASSESSED,,NOT_AVAILABLE_IN_FROZEN_FIA_INPUT,L.,L.,2448824,Ulmus pumila,L.,Species,Accepted,L.,Accepted,0,,,0,1,,0,0,,D08B_V01_FROZEN,ACCEPTED_SPECIES,RESOLVED,
975,Ulmus rubra,Ulmus rubra,species,Ulmus rubra,1,2448805,Accepted,2448805,2448805,Accepted,Species,Ulmus rubra,2448805,Ulmus rubra,Species,Accepted,,,2448805,Ulmus rubra,Species,ACCEPTED_SPECIES,RESOLVED,,Direct WCVP Accepted species.,2448805,Ulmus rubra,ACCEPTED_ANALYSIS_SPECIES_ID_ONLY,16,d32ea2b3a85e489b14e83bcc9eae7274532e1d113753f7be290d4b2dfde573fa,39,39,FALSE,FALSE,SINGLE_SPECIES_LAYER,1,0,Ulmus_rubra,DBH_BREAST_HEIGHT,N,5.0,1,1,1,exact,NOT_ASSESSED,,NOT_AVAILABLE_IN_FROZEN_FIA_INPUT,Muhl.,Muhl.,2448805,Ulmus rubra,Muhl.,Species,Accepted,Muhl.,Accepted,0,,,0,1,,0,0,,D08B_V01_FROZEN,ACCEPTED_SPECIES,RESOLVED,
976,Ulmus serotina,Ulmus serotina,species,Ulmus serotina,1,2448857,Accepted,2448857,2448857,Accepted,Species,Ulmus serotina,2448857,Ulmus serotina,Species,Accepted,,,2448857,Ulmus serotina,Species,ACCEPTED_SPECIES,RESOLVED,,Direct WCVP Accepted species.,2448857,Ulmus serotina,ACCEPTED_ANALYSIS_SPECIES_ID_ONLY,16,d32ea2b3a85e489b14e83bcc9eae7274532e1d113753f7be290d4b2dfde573fa,9,9,TRUE,FALSE,SINGLE_SPECIES_LAYER,1,0,Ulmus_serotina,DBH_BREAST_HEIGHT,N,5.0,1,1,1,exact,NOT_ASSESSED,,NOT_AVAILABLE_IN_FROZEN_FIA_INPUT,Sarg.,Sarg.,2448857,Ulmus serotina,Sarg.,Species,Accepted,Sarg.,Accepted,0,,,0,1,,0,0,,D08B_V01_FROZEN,ACCEPTED_SPECIES,RESOLVED,
977,Ulmus thomasii,Ulmus thomasii,species,Ulmus thomasii,1,2448843,Accepted,2448843,2448843,Accepted,Species,Ulmus thomasii,2448843,Ulmus thomasii,Species,Accepted,,,2448843,Ulmus thomasii,Species,ACCEPTED_SPECIES,RESOLVED,,Direct WCVP Accepted species.,2448843,Ulmus thomasii,ACCEPTED_ANALYSIS_SPECIES_ID_ONLY,16,d32ea2b3a85e489b14e83bcc9eae7274532e1d113753f7be290d4b2dfde573fa,20,20,FALSE,FALSE,SINGLE_SPECIES_LAYER,1,0,Ulmus_thomasii,DBH_BREAST_HEIGHT,N,5.0,1,1,1,exact,NOT_ASSESSED,,NOT_AVAILABLE_IN_FROZEN_FIA_INPUT,Sarg.,Sarg.,2448843,Ulmus thomasii,Sarg.,Species,Accepted,Sarg.,Accepted,0,,,0,1,,0,0,,D08B_V01_FROZEN,ACCEPTED_SPECIES,RESOLVED,
981,Umbellularia californica,Umbellularia californica,species,Umbellularia californica,1,2446614,Accepted,2446614,2446614,Accepted,Species,Umbellularia californica,2446614,Umbellularia californica,Species,Accepted,,,2446614,Umbellularia californica,Species,ACCEPTED_SPECIES,RESOLVED,,Direct WCVP Accepted species.,2446614,Umbellularia californica,ACCEPTED_ANALYSIS_SPECIES_ID_ONLY,16,d32ea2b3a85e489b14e83bcc9eae7274532e1d113753f7be290d4b2dfde573fa,3,3,TRUE,FALSE,SINGLE_SPECIES_LAYER,1,0,Umbellularia_californica,DBH_BREAST_HEIGHT,N,5.0,1,1,1,exact,NOT_ASSESSED,,NOT_AVAILABLE_IN_FROZEN_FIA_INPUT,(Hook. & Arn.) Nutt.,(Hook. & Arn.) Nutt.,2446614,Umbellularia californica,(Hook. & Arn.) Nutt.,Species,Accepted,(Hook. & Arn.) Nutt.,Accepted,0,,,0,1,,0,0,,D08B_V01_FROZEN,ACCEPTED_SPECIES,RESOLVED,
986,Avicennia germinans,Avicennia germinans,species,Avicennia germinans,1,18443,Accepted,18443,18443,Accepted,Species,Avicennia germinans,18443,Avicennia germinans,Species,Accepted,,,18443,Avicennia germinans,Species,ACCEPTED_SPECIES,RESOLVED,,Direct WCVP Accepted species.,18443,Avicennia germinans,ACCEPTED_ANALYSIS_SPECIES_ID_ONLY,16,d32ea2b3a85e489b14e83bcc9eae7274532e1d113753f7be290d4b2dfde573fa,65,65,TRUE,TRUE,SINGLE_SPECIES_LAYER,1,0,Avicennia_germinans,DBH_BREAST_HEIGHT,N,5.0,1,1,1,exact,NOT_ASSESSED,,NOT_AVAILABLE_IN_FROZEN_FIA_INPUT,(L.) L.,(L.) L.,18443,Avicennia germinans,(L.) L.,Species,Accepted,(L.) L.,Accepted,0,,,0,1,,0,0,,D08B_V01_FROZEN,ACCEPTED_SPECIES,RESOLVED,
987,Conocarpus erectus,Conocarpus erectus,species,Conocarpus erectus,1,2734516,Accepted,2734516,2734516,Accepted,Species,Conocarpus erectus,2734516,Conocarpus erectus,Species,Accepted,,,2734516,Conocarpus erectus,Species,ACCEPTED_SPECIES,RESOLVED,,Direct WCVP Accepted species.,2734516,Conocarpus erectus,ACCEPTED_ANALYSIS_SPECIES_ID_ONLY,16,d32ea2b3a85e489b14e83bcc9eae7274532e1d113753f7be290d4b2dfde573fa,74,62,TRUE,TRUE,SINGLE_SPECIES_LAYER,1,0,Conocarpus_erectus,DBH_BREAST_HEIGHT,N,5.0,1,1,1,exact,NOT_ASSESSED,,NOT_AVAILABLE_IN_FROZEN_FIA_INPUT,L.,L.,2734516,Conocarpus erectus,L.,Species,Accepted,L.,Accepted,0,,,0,1,,0,0,,D08B_V01_FROZEN,ACCEPTED_SPECIES,RESOLVED,
988,Laguncularia racemosa,Laguncularia racemosa,species,Laguncularia racemosa,1,2338852,Accepted,2338852,2338852,Accepted,Species,Laguncularia racemosa,2338852,Laguncularia racemosa,Species,Accepted,,,2338852,Laguncularia racemosa,Species,ACCEPTED_SPECIES,RESOLVED,,Direct WCVP Accepted species.,2338852,Laguncularia racemosa,ACCEPTED_ANALYSIS_SPECIES_ID_ONLY,16,d32ea2b3a85e489b14e83bcc9eae7274532e1d113753f7be290d4b2dfde573fa,55,55,TRUE,TRUE,SINGLE_SPECIES_LAYER,1,0,Laguncularia_racemosa,DBH_BREAST_HEIGHT,N,5.0,1,1,1,exact,NOT_ASSESSED,,NOT_AVAILABLE_IN_FROZEN_FIA_INPUT,(L.) C.F.Gaertn.,(L.) C.F.Gaertn.,2338852,Laguncularia racemosa,(L.) C.F.Gaertn.,Species,Accepted,(L.) C.F.Gaertn.,Accepted,0,,,0,1,,0,0,,D08B_V01_FROZEN,ACCEPTED_SPECIES,RESOLVED,
989,Rhizophora mangle,Rhizophora mangle,species,Rhizophora mangle,1,2523199,Accepted,2523199,2523199,Accepted,Species,Rhizophora mangle,2523199,Rhizophora mangle,Species,Accepted,,,2523199,Rhizophora mangle,Species,ACCEPTED_SPECIES,RESOLVED,,Direct WCVP Accepted species.,2523199,Rhizophora mangle,ACCEPTED_ANALYSIS_SPECIES_ID_ONLY,16,d32ea2b3a85e489b14e83bcc9eae7274532e1d113753f7be290d4b2dfde573fa,57,55,TRUE,TRUE,SINGLE_SPECIES_LAYER,1,0,Rhizophora_mangle,DBH_BREAST_HEIGHT,N,5.0,1,1,1,exact,NOT_ASSESSED,,NOT_AVAILABLE_IN_FROZEN_FIA_INPUT,L.,L.,2523199,Rhizophora mangle,L.,Species,Accepted,L.,Accepted,0,,,0,1,,0,0,,D08B_V01_FROZEN,ACCEPTED_SPECIES,RESOLVED,
990,Olneya tesota,Olneya tesota,species,Olneya tesota,1,2389100,Accepted,2389100,2389100,Accepted,Species,Olneya tesota,2389100,Olneya tesota,Species,Accepted,,,2389100,Olneya tesota,Species,ACCEPTED_SPECIES,RESOLVED,,Direct WCVP Accepted species.,2389100,Olneya tesota,ACCEPTED_ANALYSIS_SPECIES_ID_ONLY,16,d32ea2b3a85e489b14e83bcc9eae7274532e1d113753f7be290d4b2dfde573fa,3,3,TRUE,FALSE,SINGLE_SPECIES_LAYER,1,0,Olneya_tesota,DRC_ROOT_COLLAR,Y,5.0,1,1,0,exact,NOT_ASSESSED,,NOT_AVAILABLE_IN_FROZEN_FIA_INPUT,A.Gray,A.Gray,2389100,Olneya tesota,A.Gray,Species,Accepted,A.Gray,Accepted,0,,,0,1,,0,0,,D08B_V01_FROZEN,ACCEPTED_SPECIES,RESOLVED,
991,Tamarix spp.,Tamarix spp.,species,Tamarix spp.,0,,,,,,,,,,,,,,,,,GENUS_OR_NON_SPECIES_AGGREGATE,CLASSIFIED_NON_SPECIES,,FIA name is a genus/non-species aggregate or unknown object; no species assignment permitted.,,,NOT_APPLICABLE_NO_ANALYSIS_SPECIES,16,d32ea2b3a85e489b14e83bcc9eae7274532e1d113753f7be290d4b2dfde573fa,,,,,NOT_APPLICABLE_NO_ORDINARY_ANALYSIS_SPECIES,0,0,,DBH_BREAST_HEIGHT,N,5.0,1,1,1,unresolved,NOT_ASSESSED,,NOT_AVAILABLE_IN_FROZEN_FIA_INPUT,,,,,,,,,,0,,,0,0,FIA name is a genus/non-species aggregate or unknown object; no species assignment permitted.,0,0,,D08B_V01_FROZEN,GENUS_OR_NON_SPECIES_AGGREGATE,CLASSIFIED_NON_SPECIES,
992,Melaleuca quinquenervia,Melaleuca quinquenervia,species,Melaleuca quinquenervia,1,123857,Accepted,123857,123857,Accepted,Species,Melaleuca quinquenervia,123857,Melaleuca quinquenervia,Species,Accepted,,,123857,Melaleuca quinquenervia,Species,ACCEPTED_SPECIES,RESOLVED,,Direct WCVP Accepted species.,123857,Melaleuca quinquenervia,ACCEPTED_ANALYSIS_SPECIES_ID_ONLY,16,d32ea2b3a85e489b14e83bcc9eae7274532e1d113753f7be290d4b2dfde573fa,19,4,TRUE,TRUE,NOT_APPLICABLE_CONUS_NONNATIVE,0,0,,DBH_BREAST_HEIGHT,N,5.0,1,1,1,unresolved,NOT_ASSESSED,,NOT_AVAILABLE_IN_FROZEN_FIA_INPUT,(Cav.) S.T.Blake,(Cav.) S.T.Blake,123857,Melaleuca quinquenervia,(Cav.) S.T.Blake,Species,Accepted,(Cav.) S.T.Blake,Accepted,0,,,0,1,,0,0,,D08B_V01_FROZEN,ACCEPTED_SPECIES,RESOLVED,
993,Melia azedarach,Melia azedarach,species,Melia azedarach,1,2505106,Accepted,2505106,2505106,Accepted,Species,Melia azedarach,2505106,Melia azedarach,Species,Accepted,,,2505106,Melia azedarach,Species,ACCEPTED_SPECIES,RESOLVED,,Direct WCVP Accepted species.,2505106,Melia azedarach,ACCEPTED_ANALYSIS_SPECIES_ID_ONLY,16,d32ea2b3a85e489b14e83bcc9eae7274532e1d113753f7be290d4b2dfde573fa,165,28,TRUE,TRUE,NOT_APPLICABLE_CONUS_NONNATIVE,0,0,,DBH_BREAST_HEIGHT,N,5.0,1,1,1,unresolved,NOT_ASSESSED,,NOT_AVAILABLE_IN_FROZEN_FIA_INPUT,L.,L.,2505106,Melia azedarach,L.,Species,Accepted,L.,Accepted,0,,,0,1,,0,0,,D08B_V01_FROZEN,ACCEPTED_SPECIES,RESOLVED,
994,Triadica sebifera,Triadica sebifera,species,Triadica sebifera,1,207675,Accepted,207675,207675,Accepted,Species,Triadica sebifera,207675,Triadica sebifera,Species,Accepted,,,207675,Triadica sebifera,Species,ACCEPTED_SPECIES,RESOLVED,,Direct WCVP Accepted species.,207675,Triadica sebifera,ACCEPTED_ANALYSIS_SPECIES_ID_ONLY,16,d32ea2b3a85e489b14e83bcc9eae7274532e1d113753f7be290d4b2dfde573fa,25,7,TRUE,TRUE,NOT_APPLICABLE_CONUS_NONNATIVE,0,0,,DBH_BREAST_HEIGHT,N,5.0,1,1,1,unresolved,NOT_ASSESSED,,NOT_AVAILABLE_IN_FROZEN_FIA_INPUT,(L.) Small,(L.) Small,207675,Triadica sebifera,(L.) Small,Species,Accepted,(L.) Small,Accepted,0,,,0,1,,0,0,,D08B_V01_FROZEN,ACCEPTED_SPECIES,RESOLVED,
995,Vernicia fordii,Vernicia fordii,species,Vernicia fordii,1,212845,Accepted,212845,212845,Accepted,Species,Vernicia fordii,212845,Vernicia fordii,Species,Accepted,,,212845,Vernicia fordii,Species,ACCEPTED_SPECIES,RESOLVED,,Direct WCVP Accepted species.,212845,Vernicia fordii,ACCEPTED_ANALYSIS_SPECIES_ID_ONLY,16,d32ea2b3a85e489b14e83bcc9eae7274532e1d113753f7be290d4b2dfde573fa,28,6,TRUE,TRUE,NOT_APPLICABLE_CONUS_NONNATIVE,0,0,,DBH_BREAST_HEIGHT,N,5.0,1,1,1,unresolved,NOT_ASSESSED,,NOT_AVAILABLE_IN_FROZEN_FIA_INPUT,(Hemsl.) Airy Shaw,(Hemsl.) Airy Shaw,212845,Vernicia fordii,(Hemsl.) Airy Shaw,Species,Accepted,(Hemsl.) Airy Shaw,Accepted,0,,,0,1,,0,0,,D08B_V01_FROZEN,ACCEPTED_SPECIES,RESOLVED,
996,Cotinus obovatus,Cotinus obovatus,species,Cotinus obovatus,1,2740014,Accepted,2740014,2740014,Accepted,Species,Cotinus obovatus,2740014,Cotinus obovatus,Species,Accepted,,,2740014,Cotinus obovatus,Species,ACCEPTED_SPECIES,RESOLVED,,Direct WCVP Accepted species.,2740014,Cotinus obovatus,ACCEPTED_ANALYSIS_SPECIES_ID_ONLY,16,d32ea2b3a85e489b14e83bcc9eae7274532e1d113753f7be290d4b2dfde573fa,8,7,FALSE,FALSE,SINGLE_SPECIES_LAYER,1,0,Cotinus_obovatus,DBH_BREAST_HEIGHT,N,5.0,1,1,1,exact,NOT_ASSESSED,,NOT_AVAILABLE_IN_FROZEN_FIA_INPUT,Raf.,Raf.,2740014,Cotinus obovatus,Raf.,Species,Accepted,Raf.,Accepted,0,,,0,1,,0,0,,D08B_V01_FROZEN,ACCEPTED_SPECIES,RESOLVED,
997,Elaeagnus angustifolia,Elaeagnus angustifolia,species,Elaeagnus angustifolia,2,2784980;2784981,Accepted;Illegitimate,2784980,2784980,Accepted,Species,Elaeagnus angustifolia,2784980,Elaeagnus angustifolia,Species,Accepted,,,2784980,Elaeagnus angustifolia,Species,ACCEPTED_SPECIES,RESOLVED,,Direct WCVP Accepted species.,2784980,Elaeagnus angustifolia,ACCEPTED_ANALYSIS_SPECIES_ID_ONLY,16,d32ea2b3a85e489b14e83bcc9eae7274532e1d113753f7be290d4b2dfde573fa,108,30,TRUE,TRUE,NOT_APPLICABLE_CONUS_NONNATIVE,0,0,,DBH_BREAST_HEIGHT,N,5.0,1,1,1,unresolved,NOT_ASSESSED,,NOT_AVAILABLE_IN_FROZEN_FIA_INPUT,L.,L.,2784980,Elaeagnus angustifolia,L.,Species,Accepted,L.,Accepted,0,,,0,1,,0,0,,D08B_V01_FROZEN,ACCEPTED_SPECIES,RESOLVED,
999,Tree unknown,Tree unknown,species,Tree unknown,0,,,,,,,,,,,,,,,,,GENUS_OR_NON_SPECIES_AGGREGATE,CLASSIFIED_NON_SPECIES,,FIA name is a genus/non-species aggregate or unknown object; no species assignment permitted.,,,NOT_APPLICABLE_NO_ANALYSIS_SPECIES,16,d32ea2b3a85e489b14e83bcc9eae7274532e1d113753f7be290d4b2dfde573fa,,,,,NOT_APPLICABLE_NO_ORDINARY_ANALYSIS_SPECIES,0,0,,DBH_BREAST_HEIGHT,N,5.0,1,1,1,unresolved,NOT_ASSESSED,,NOT_AVAILABLE_IN_FROZEN_FIA_INPUT,,,,,,,,,,0,,,0,0,FIA name is a genus/non-species aggregate or unknown object; no species assignment permitted.,0,0,,D08B_V01_FROZEN,GENUS_OR_NON_SPECIES_AGGREGATE,CLASSIFIED_NON_SPECIES,
5147,Acer ginnala,Acer ginnala,species,Acer ginnala,1,2615658,Synonym,2616532,2615658,Synonym,Species,Acer ginnala,2616532,Acer tataricum subsp. ginnala,Subspecies,Accepted,2616524,Acer tataricum,2616524,Acer tataricum,Species,SYNONYM_TO_ACCEPTED_INFRASPECIES_TO_PARENT_SPECIES,RESOLVED,,"WCVP Synonym resolved to an Accepted infraspecific taxon, then by parent_plant_name_id to its Accepted parent species.",2616524,Acer tataricum,ACCEPTED_ANALYSIS_SPECIES_ID_ONLY,16,d32ea2b3a85e489b14e83bcc9eae7274532e1d113753f7be290d4b2dfde573fa,72,35,TRUE,TRUE,NOT_APPLICABLE_CONUS_NONNATIVE,0,0,,DBH_BREAST_HEIGHT,N,5.0,1,1,1,unresolved,NOT_ASSESSED,,NOT_AVAILABLE_IN_FROZEN_FIA_INPUT,Maxim.,(Maxim.) Wesm.,2616532,Acer tataricum subsp. ginnala,(Maxim.) Wesm.,Subspecies,Accepted,L.,Accepted,0,,,0,1,,0,0,,D08B_V01_FROZEN,SYNONYM_TO_ACCEPTED_INFRASPECIES_TO_PARENT_SPECIES,RESOLVED,
5151,Acer pseudoplatanus,Acer pseudoplatanus,species,Acer pseudoplatanus,1,2616276,Accepted,2616276,2616276,Accepted,Species,Acer pseudoplatanus,2616276,Acer pseudoplatanus,Species,Accepted,,,2616276,Acer pseudoplatanus,Species,ACCEPTED_SPECIES,RESOLVED,,Direct WCVP Accepted species.,2616276,Acer pseudoplatanus,ACCEPTED_ANALYSIS_SPECIES_ID_ONLY,16,d32ea2b3a85e489b14e83bcc9eae7274532e1d113753f7be290d4b2dfde573fa,65,21,TRUE,TRUE,NOT_APPLICABLE_CONUS_NONNATIVE,0,0,,DBH_BREAST_HEIGHT,N,5.0,1,1,1,unresolved,NOT_ASSESSED,,NOT_AVAILABLE_IN_FROZEN_FIA_INPUT,L.,L.,2616276,Acer pseudoplatanus,L.,Species,Accepted,L.,Accepted,0,,,0,1,,0,0,,D08B_V01_FROZEN,ACCEPTED_SPECIES,RESOLVED,
5203,Amelanchier laevis,Amelanchier laevis,species,Amelanchier laevis,1,2940246,Accepted,2940246,2940246,Accepted,Species,Amelanchier laevis,2940246,Amelanchier laevis,Species,Accepted,,,2940246,Amelanchier laevis,Species,ACCEPTED_SPECIES,RESOLVED,,Direct WCVP Accepted species.,2940246,Amelanchier laevis,ACCEPTED_ANALYSIS_SPECIES_ID_ONLY,16,d32ea2b3a85e489b14e83bcc9eae7274532e1d113753f7be290d4b2dfde573fa,32,32,FALSE,FALSE,UNRESOLVED,0,1,,DBH_BREAST_HEIGHT,N,5.0,1,1,1,unresolved,NOT_ASSESSED,,NOT_AVAILABLE_IN_FROZEN_FIA_INPUT,Wiegand,Wiegand,2940246,Amelanchier laevis,Wiegand,Species,Accepted,Wiegand,Accepted,0,,,0,1,,0,0,,D08B_V01_FROZEN,ACCEPTED_SPECIES,RESOLVED,
5491,Fraxinus berlandieriana,Fraxinus berlandieriana,species,Fraxinus berlandieriana,1,369564,Accepted,369564,369564,Accepted,Species,Fraxinus berlandieriana,369564,Fraxinus berlandieriana,Species,Accepted,,,369564,Fraxinus berlandieriana,Species,ACCEPTED_SPECIES,RESOLVED,,Direct WCVP Accepted species.,369564,Fraxinus berlandieriana,ACCEPTED_ANALYSIS_SPECIES_ID_ONLY,16,d32ea2b3a85e489b14e83bcc9eae7274532e1d113753f7be290d4b2dfde573fa,4,4,TRUE,FALSE,SINGLE_SPECIES_LAYER,1,0,Fraxinus_berlandieriana,DBH_BREAST_HEIGHT,N,5.0,1,1,1,exact,NOT_ASSESSED,,NOT_AVAILABLE_IN_FROZEN_FIA_INPUT,A.DC.,A.DC.,369564,Fraxinus berlandieriana,A.DC.,Species,Accepted,A.DC.,Accepted,0,,,0,1,,0,0,,D08B_V01_FROZEN,ACCEPTED_SPECIES,RESOLVED,
6262,Broussonetia papyrifera,Broussonetia papyrifera,species,Broussonetia papyrifera,1,2683772,Accepted,2683772,2683772,Accepted,Species,Broussonetia papyrifera,2683772,Broussonetia papyrifera,Species,Accepted,,,2683772,Broussonetia papyrifera,Species,ACCEPTED_SPECIES,RESOLVED,,Direct WCVP Accepted species.,2683772,Broussonetia papyrifera,ACCEPTED_ANALYSIS_SPECIES_ID_ONLY,16,d32ea2b3a85e489b14e83bcc9eae7274532e1d113753f7be290d4b2dfde573fa,88,15,TRUE,TRUE,NOT_APPLICABLE_CONUS_NONNATIVE,0,0,,DBH_BREAST_HEIGHT,N,5.0,1,1,1,unresolved,NOT_ASSESSED,,NOT_AVAILABLE_IN_FROZEN_FIA_INPUT,(L.) L'Hér. ex Vent.,(L.) L'Hér. ex Vent.,2683772,Broussonetia papyrifera,(L.) L'Hér. ex Vent.,Species,Accepted,(L.) L'Hér. ex Vent.,Accepted,0,,,0,1,,0,0,,D08B_V01_FROZEN,ACCEPTED_SPECIES,RESOLVED,
6511,Persea palustris,Persea palustris,species,Persea palustris,1,2531614,Synonym,2442487,2531614,Synonym,Species,Persea palustris,,,,,,,,,,IDENTITY_RESOLVED_TARGET_UNPLACED,IDENTITY_RESOLVED_NO_ACCEPTED_ANALYSIS_SPECIES,,"FIA/USFS identity and WCVP/POWO synonym path are closed, but the chain does not produce a current Accepted taxon because the target is Unplaced.",,,NOT_APPLICABLE_NO_ACCEPTED_ANALYSIS_SPECIES,16,d32ea2b3a85e489b14e83bcc9eae7274532e1d113753f7be290d4b2dfde573fa,,,,,NOT_APPLICABLE_NO_ORDINARY_ANALYSIS_SPECIES,0,0,,DBH_BREAST_HEIGHT,N,5.0,1,1,1,unresolved,NOT_ASSESSED,(Raf.) Sarg.,AUTHOR_AVAILABLE_IN_ACCEPTED_CORRECTION_EVIDENCE,(Raf.) Sarg.,,2442487,Tamala palustris,Raf.,Species,Unplaced,,Unplaced,0,,,0,0,Terminal target Tamala palustris Raf. is frozen-WCVP Unplaced; no Accepted replacement is fabricated.,0,1,TARGET_UNPLACED,Q1_D08B_TAXONOMY_CORRECTION_MAINLINE_DECISION_v01_20260902.md,UNRESOLVED,UNRESOLVED,
6516,Phellodendron amurense,Phellodendron amurense,species,Phellodendron amurense,1,2541602,Accepted,2541602,2541602,Accepted,Species,Phellodendron amurense,2541602,Phellodendron amurense,Species,Accepted,,,2541602,Phellodendron amurense,Species,ACCEPTED_SPECIES,RESOLVED,,Direct WCVP Accepted species.,2541602,Phellodendron amurense,ACCEPTED_ANALYSIS_SPECIES_ID_ONLY,16,d32ea2b3a85e489b14e83bcc9eae7274532e1d113753f7be290d4b2dfde573fa,39,12,TRUE,TRUE,NOT_APPLICABLE_CONUS_NONNATIVE,0,0,,DBH_BREAST_HEIGHT,N,5.0,1,1,1,unresolved,NOT_ASSESSED,,NOT_AVAILABLE_IN_FROZEN_FIA_INPUT,Rupr.,Rupr.,2541602,Phellodendron amurense,Rupr.,Species,Accepted,Rupr.,Accepted,0,,,0,1,,0,0,,D08B_V01_FROZEN,ACCEPTED_SPECIES,RESOLVED,
6696,Prunus laurocerasus,Prunus laurocerasus,species,Prunus laurocerasus,1,2960451,Accepted,2960451,2960451,Accepted,Species,Prunus laurocerasus,2960451,Prunus laurocerasus,Species,Accepted,,,2960451,Prunus laurocerasus,Species,ACCEPTED_SPECIES,RESOLVED,,Direct WCVP Accepted species.,2960451,Prunus laurocerasus,ACCEPTED_ANALYSIS_SPECIES_ID_ONLY,16,d32ea2b3a85e489b14e83bcc9eae7274532e1d113753f7be290d4b2dfde573fa,41,11,TRUE,TRUE,NOT_APPLICABLE_CONUS_NONNATIVE,0,0,,DBH_BREAST_HEIGHT,N,5.0,1,1,1,unresolved,NOT_ASSESSED,,NOT_AVAILABLE_IN_FROZEN_FIA_INPUT,L.,L.,2960451,Prunus laurocerasus,L.,Species,Accepted,L.,Accepted,0,,,0,1,,0,0,,D08B_V01_FROZEN,ACCEPTED_SPECIES,RESOLVED,
6707,Prunus serrulata,Prunus serrulata,species,Prunus serrulata,1,2961630,Accepted,2961630,2961630,Accepted,Species,Prunus serrulata,2961630,Prunus serrulata,Species,Accepted,,,2961630,Prunus serrulata,Species,ACCEPTED_SPECIES,RESOLVED,,Direct WCVP Accepted species.,2961630,Prunus serrulata,ACCEPTED_ANALYSIS_SPECIES_ID_ONLY,16,d32ea2b3a85e489b14e83bcc9eae7274532e1d113753f7be290d4b2dfde573fa,5,4,TRUE,TRUE,UNRESOLVED,0,1,,DBH_BREAST_HEIGHT,N,5.0,1,1,1,unresolved,NOT_ASSESSED,,NOT_AVAILABLE_IN_FROZEN_FIA_INPUT,Lindl.,Lindl.,2961630,Prunus serrulata,Lindl.,Species,Accepted,Lindl.,Accepted,0,,,0,1,,0,0,,D08B_V01_FROZEN,ACCEPTED_SPECIES,RESOLVED,
6708,Prunus mexicana,Prunus mexicana,species,Prunus mexicana,1,2960673,Accepted,2960673,2960673,Accepted,Species,Prunus mexicana,2960673,Prunus mexicana,Species,Accepted,,,2960673,Prunus mexicana,Species,ACCEPTED_SPECIES,RESOLVED,,Direct WCVP Accepted species.,2960673,Prunus mexicana,ACCEPTED_ANALYSIS_SPECIES_ID_ONLY,16,d32ea2b3a85e489b14e83bcc9eae7274532e1d113753f7be290d4b2dfde573fa,14,14,TRUE,FALSE,SINGLE_SPECIES_LAYER,1,0,Prunus_mexicana,DBH_BREAST_HEIGHT,N,5.0,1,1,1,exact,NOT_ASSESSED,,NOT_AVAILABLE_IN_FROZEN_FIA_INPUT,S.Watson,S.Watson,2960673,Prunus mexicana,S.Watson,Species,Accepted,S.Watson,Accepted,0,,,0,1,,0,0,,D08B_V01_FROZEN,ACCEPTED_SPECIES,RESOLVED,
6768,Quercus arkansana,Quercus arkansana,species,Quercus arkansana,1,171657,Accepted,171657,171657,Accepted,Species,Quercus arkansana,171657,Quercus arkansana,Species,Accepted,,,171657,Quercus arkansana,Species,ACCEPTED_SPECIES,RESOLVED,,Direct WCVP Accepted species.,171657,Quercus arkansana,ACCEPTED_ANALYSIS_SPECIES_ID_ONLY,16,d32ea2b3a85e489b14e83bcc9eae7274532e1d113753f7be290d4b2dfde573fa,7,6,FALSE,FALSE,SINGLE_SPECIES_LAYER,1,0,Quercus_arkansana,DBH_BREAST_HEIGHT,N,5.0,1,1,1,exact,NOT_ASSESSED,,NOT_AVAILABLE_IN_FROZEN_FIA_INPUT,Sarg.,Sarg.,171657,Quercus arkansana,Sarg.,Species,Accepted,Sarg.,Accepted,0,,,0,1,,0,0,,D08B_V01_FROZEN,ACCEPTED_SPECIES,RESOLVED,
6782,Quercus georgiana,Quercus georgiana,species,Quercus georgiana,1,172875,Accepted,172875,172875,Accepted,Species,Quercus georgiana,172875,Quercus georgiana,Species,Accepted,,,172875,Quercus georgiana,Species,ACCEPTED_SPECIES,RESOLVED,,Direct WCVP Accepted species.,172875,Quercus georgiana,ACCEPTED_ANALYSIS_SPECIES_ID_ONLY,16,d32ea2b3a85e489b14e83bcc9eae7274532e1d113753f7be290d4b2dfde573fa,4,3,FALSE,FALSE,SINGLE_SPECIES_LAYER,1,0,Quercus_georgiana,DBH_BREAST_HEIGHT,N,5.0,1,1,1,exact,NOT_ASSESSED,,NOT_AVAILABLE_IN_FROZEN_FIA_INPUT,M.A.Curtis,M.A.Curtis,172875,Quercus georgiana,M.A.Curtis,Species,Accepted,M.A.Curtis,Accepted,0,,,0,1,,0,0,,D08B_V01_FROZEN,ACCEPTED_SPECIES,RESOLVED,
6791,Quercus myrtifolia,Quercus myrtifolia,species,Quercus myrtifolia,1,174037,Accepted,174037,174037,Accepted,Species,Quercus myrtifolia,174037,Quercus myrtifolia,Species,Accepted,,,174037,Quercus myrtifolia,Species,ACCEPTED_SPECIES,RESOLVED,,Direct WCVP Accepted species.,174037,Quercus myrtifolia,ACCEPTED_ANALYSIS_SPECIES_ID_ONLY,16,d32ea2b3a85e489b14e83bcc9eae7274532e1d113753f7be290d4b2dfde573fa,5,5,FALSE,FALSE,SINGLE_SPECIES_LAYER,1,0,Quercus_myrtifolia,DBH_BREAST_HEIGHT,N,5.0,1,1,1,exact,NOT_ASSESSED,,NOT_AVAILABLE_IN_FROZEN_FIA_INPUT,Willd.,Willd.,174037,Quercus myrtifolia,Willd.,Species,Accepted,Willd.,Accepted,0,,,0,1,,0,0,,D08B_V01_FROZEN,ACCEPTED_SPECIES,RESOLVED,
6799,Quercus sinuata,Quercus sinuata,species,Quercus sinuata,2,175178;175179,Accepted;Illegitimate,175179,175179,Accepted,Species,Quercus sinuata,175179,Quercus sinuata,Species,Accepted,,,175179,Quercus sinuata,Species,ACCEPTED_SPECIES,RESOLVED,,Direct WCVP Accepted species.,175179,Quercus sinuata,ACCEPTED_ANALYSIS_SPECIES_ID_ONLY,16,d32ea2b3a85e489b14e83bcc9eae7274532e1d113753f7be290d4b2dfde573fa,11,11,TRUE,FALSE,SINGLE_OFFICIAL_ALIAS_LAYER,1,0,Quercus_durandii,DBH_BREAST_HEIGHT,N,5.0,1,1,1,unresolved,NOT_ASSESSED,,NOT_AVAILABLE_IN_FROZEN_FIA_INPUT,Walter,Walter,175179,Quercus sinuata,Walter,Species,Accepted,Walter,Accepted,0,,,0,1,,0,0,,D08B_V01_FROZEN,ACCEPTED_SPECIES,RESOLVED,
6918,Rhamnus cathartica,Rhamnus cathartica,species,Rhamnus cathartica,1,2523018,Accepted,2523018,2523018,Accepted,Species,Rhamnus cathartica,2523018,Rhamnus cathartica,Species,Accepted,,,2523018,Rhamnus cathartica,Species,ACCEPTED_SPECIES,RESOLVED,,Direct WCVP Accepted species.,2523018,Rhamnus cathartica,ACCEPTED_ANALYSIS_SPECIES_ID_ONLY,16,d32ea2b3a85e489b14e83bcc9eae7274532e1d113753f7be290d4b2dfde573fa,91,46,TRUE,TRUE,NOT_APPLICABLE_CONUS_NONNATIVE,0,0,,DBH_BREAST_HEIGHT,N,5.0,1,1,1,unresolved,NOT_ASSESSED,,NOT_AVAILABLE_IN_FROZEN_FIA_INPUT,L.,L.,2523018,Rhamnus cathartica,L.,Species,Accepted,L.,Accepted,0,,,0,1,,0,0,,D08B_V01_FROZEN,ACCEPTED_SPECIES,RESOLVED,
6955,Salix fragilis,Salix fragilis,species,Salix fragilis,2,2917719;2921957,Misapplied,,,,,,,,,,,,,,,UNRESOLVED,UNKNOWN_MAINLINE_AUTHORIZED,,Special-rule requirement is unmet: accessible FIA evidence did not recover code 6955 author/reference concept. General Forest Service use of Salix fragilis L. cannot replace code-specific evidence.,,,NOT_APPLICABLE_NO_ANALYSIS_SPECIES,16,d32ea2b3a85e489b14e83bcc9eae7274532e1d113753f7be290d4b2dfde573fa,,,,,NOT_APPLICABLE_NO_ORDINARY_ANALYSIS_SPECIES,0,0,,DBH_BREAST_HEIGHT,N,5.0,1,1,1,unresolved,NOT_ASSESSED,UNKNOWN FOR FIA CODE 6955,AUTHOR_NOT_PROVIDED_OR_UNKNOWN,,,,,,,,,UNKNOWN,0,,,0,0,FIA code 6955 remains UNKNOWN; no forced Salix mapping is permitted.,0,1,UNKNOWN,Q1_D08B_TAXONOMY_CORRECTION_MAINLINE_DECISION_v01_20260902.md,UNRESOLVED,UNRESOLVED,
7151,Ficus carica,Ficus carica,species,Ficus carica,1,2809827,Accepted,2809827,2809827,Accepted,Species,Ficus carica,2809827,Ficus carica,Species,Accepted,,,2809827,Ficus carica,Species,ACCEPTED_SPECIES,RESOLVED,,Direct WCVP Accepted species.,2809827,Ficus carica,ACCEPTED_ANALYSIS_SPECIES_ID_ONLY,16,d32ea2b3a85e489b14e83bcc9eae7274532e1d113753f7be290d4b2dfde573fa,99,15,TRUE,TRUE,NOT_APPLICABLE_CONUS_NONNATIVE,0,0,,DBH_BREAST_HEIGHT,N,5.0,1,1,1,unresolved,NOT_ASSESSED,,NOT_AVAILABLE_IN_FROZEN_FIA_INPUT,L.,L.,2809827,Ficus carica,L.,Species,Accepted,L.,Accepted,0,,,0,1,,0,0,,D08B_V01_FROZEN,ACCEPTED_SPECIES,RESOLVED,
7181,Firmiana simplex,Firmiana simplex,species,Firmiana simplex,1,2813006,Accepted,2813006,2813006,Accepted,Species,Firmiana simplex,2813006,Firmiana simplex,Species,Accepted,,,2813006,Firmiana simplex,Species,ACCEPTED_SPECIES,RESOLVED,,Direct WCVP Accepted species.,2813006,Firmiana simplex,ACCEPTED_ANALYSIS_SPECIES_ID_ONLY,16,d32ea2b3a85e489b14e83bcc9eae7274532e1d113753f7be290d4b2dfde573fa,23,9,TRUE,TRUE,NOT_APPLICABLE_CONUS_NONNATIVE,0,0,,DBH_BREAST_HEIGHT,N,5.0,1,1,1,unresolved,NOT_ASSESSED,,NOT_AVAILABLE_IN_FROZEN_FIA_INPUT,(L.) W.Wight,(L.) W.Wight,2813006,Firmiana simplex,(L.) W.Wight,Species,Accepted,(L.) W.Wight,Accepted,0,,,0,1,,0,0,,D08B_V01_FROZEN,ACCEPTED_SPECIES,RESOLVED,
7328,Halesia tetraptera,Halesia tetraptera,species,Halesia tetraptera,1,2838129,Synonym,2838104,2838129,Synonym,Species,Halesia tetraptera,2838104,Halesia carolina,Species,Accepted,,,2838104,Halesia carolina,Species,SYNONYM_TO_ACCEPTED_SPECIES,RESOLVED,,Exact WCVP Synonym resolved by accepted_plant_name_id to an Accepted species.,2838104,Halesia carolina,ACCEPTED_ANALYSIS_SPECIES_ID_ONLY,16,d32ea2b3a85e489b14e83bcc9eae7274532e1d113753f7be290d4b2dfde573fa,21,15,FALSE,FALSE,MULTIPLE_OTHER_LAYERS,2,1,,DBH_BREAST_HEIGHT,N,5.0,1,1,1,unresolved,NOT_ASSESSED,,NOT_AVAILABLE_IN_FROZEN_FIA_INPUT,L.,L.,2838104,Halesia carolina,L.,Species,Accepted,L.,Accepted,0,,,0,1,,0,0,,D08B_V01_FROZEN,SYNONYM_TO_ACCEPTED_SPECIES,RESOLVED,
7454,Ilex aquifolium,Ilex aquifolium,species,Ilex aquifolium,2,2860379;2860380,Accepted;Illegitimate,2860379,2860379,Accepted,Species,Ilex aquifolium,2860379,Ilex aquifolium,Species,Accepted,,,2860379,Ilex aquifolium,Species,ACCEPTED_SPECIES,RESOLVED,,Direct WCVP Accepted species.,2860379,Ilex aquifolium,ACCEPTED_ANALYSIS_SPECIES_ID_ONLY,16,d32ea2b3a85e489b14e83bcc9eae7274532e1d113753f7be290d4b2dfde573fa,44,25,TRUE,TRUE,NOT_APPLICABLE_CONUS_NONNATIVE,0,0,,DBH_BREAST_HEIGHT,N,5.0,1,1,1,unresolved,NOT_ASSESSED,,NOT_AVAILABLE_IN_FROZEN_FIA_INPUT,L.,L.,2860379,Ilex aquifolium,L.,Species,Accepted,L.,Accepted,0,,,0,1,,0,0,,D08B_V01_FROZEN,ACCEPTED_SPECIES,RESOLVED,
7455,Ilex cassine,Ilex cassine,species,Ilex cassine,1,2860502,Accepted,2860502,2860502,Accepted,Species,Ilex cassine,2860502,Ilex cassine,Species,Accepted,,,2860502,Ilex cassine,Species,ACCEPTED_SPECIES,RESOLVED,,Direct WCVP Accepted species.,2860502,Ilex cassine,ACCEPTED_ANALYSIS_SPECIES_ID_ONLY,16,d32ea2b3a85e489b14e83bcc9eae7274532e1d113753f7be290d4b2dfde573fa,15,15,TRUE,FALSE,SINGLE_SPECIES_LAYER,1,0,Ilex_cassine,DBH_BREAST_HEIGHT,N,5.0,1,1,1,exact,NOT_ASSESSED,,NOT_AVAILABLE_IN_FROZEN_FIA_INPUT,L.,L.,2860502,Ilex cassine,L.,Species,Accepted,L.,Accepted,0,,,0,1,,0,0,,D08B_V01_FROZEN,ACCEPTED_SPECIES,RESOLVED,
7469,Ilex vomitoria,Ilex vomitoria,species,Ilex vomitoria,1,2861645,Accepted,2861645,2861645,Accepted,Species,Ilex vomitoria,2861645,Ilex vomitoria,Species,Accepted,,,2861645,Ilex vomitoria,Species,ACCEPTED_SPECIES,RESOLVED,,Direct WCVP Accepted species.,2861645,Ilex vomitoria,ACCEPTED_ANALYSIS_SPECIES_ID_ONLY,16,d32ea2b3a85e489b14e83bcc9eae7274532e1d113753f7be290d4b2dfde573fa,14,13,TRUE,FALSE,SINGLE_SPECIES_LAYER,1,0,Ilex_vomitoria,DBH_BREAST_HEIGHT,N,5.0,1,1,1,exact,NOT_ASSESSED,,NOT_AVAILABLE_IN_FROZEN_FIA_INPUT,Aiton,Aiton,2861645,Ilex vomitoria,Aiton,Species,Accepted,Aiton,Accepted,0,,,0,1,,0,0,,D08B_V01_FROZEN,ACCEPTED_SPECIES,RESOLVED,
7565,Leucaena leucocephala,Leucaena leucocephala,species,Leucaena leucocephala,1,2346347,Accepted,2346347,2346347,Accepted,Species,Leucaena leucocephala,2346347,Leucaena leucocephala,Species,Accepted,,,2346347,Leucaena leucocephala,Species,ACCEPTED_SPECIES,RESOLVED,,Direct WCVP Accepted species.,2346347,Leucaena leucocephala,ACCEPTED_ANALYSIS_SPECIES_ID_ONLY,16,d32ea2b3a85e489b14e83bcc9eae7274532e1d113753f7be290d4b2dfde573fa,172,9,TRUE,FALSE,NOT_APPLICABLE_CONUS_NONNATIVE,0,0,,DBH_BREAST_HEIGHT,N,5.0,1,1,1,unresolved,NOT_ASSESSED,,NOT_AVAILABLE_IN_FROZEN_FIA_INPUT,(Lam.) de Wit,(Lam.) de Wit,2346347,Leucaena leucocephala,(Lam.) de Wit,Species,Accepted,(Lam.) de Wit,Accepted,0,,,0,1,,0,0,,D08B_V01_FROZEN,ACCEPTED_SPECIES,RESOLVED,
7577,Ligustrum japonicum,Ligustrum japonicum,species,Ligustrum japonicum,1,354176,Accepted,354176,354176,Accepted,Species,Ligustrum japonicum,354176,Ligustrum japonicum,Species,Accepted,,,354176,Ligustrum japonicum,Species,ACCEPTED_SPECIES,RESOLVED,,Direct WCVP Accepted species.,354176,Ligustrum japonicum,ACCEPTED_ANALYSIS_SPECIES_ID_ONLY,16,d32ea2b3a85e489b14e83bcc9eae7274532e1d113753f7be290d4b2dfde573fa,10,5,TRUE,TRUE,NOT_APPLICABLE_CONUS_NONNATIVE,0,0,,DRC_ROOT_COLLAR,Y,5.0,1,1,0,unresolved,NOT_ASSESSED,,NOT_AVAILABLE_IN_FROZEN_FIA_INPUT,Thunb.,Thunb.,354176,Ligustrum japonicum,Thunb.,Species,Accepted,Thunb.,Accepted,0,,,0,1,,0,0,,D08B_V01_FROZEN,ACCEPTED_SPECIES,RESOLVED,
7578,Ligustrum lucidum,Ligustrum lucidum,species,Ligustrum lucidum,1,354188,Accepted,354188,354188,Accepted,Species,Ligustrum lucidum,354188,Ligustrum lucidum,Species,Accepted,,,354188,Ligustrum lucidum,Species,ACCEPTED_SPECIES,RESOLVED,,Direct WCVP Accepted species.,354188,Ligustrum lucidum,ACCEPTED_ANALYSIS_SPECIES_ID_ONLY,16,d32ea2b3a85e489b14e83bcc9eae7274532e1d113753f7be290d4b2dfde573fa,29,8,TRUE,TRUE,NOT_APPLICABLE_CONUS_NONNATIVE,0,0,,DRC_ROOT_COLLAR,Y,5.0,1,1,0,unresolved,NOT_ASSESSED,,NOT_AVAILABLE_IN_FROZEN_FIA_INPUT,W.T.Aiton,W.T.Aiton,354188,Ligustrum lucidum,W.T.Aiton,Species,Accepted,W.T.Aiton,Accepted,0,,,0,1,,0,0,,D08B_V01_FROZEN,ACCEPTED_SPECIES,RESOLVED,
7651,Malus pumila,Malus pumila,species,Malus pumila,1,2950864,Synonym,2950597,2950864,Synonym,Species,Malus pumila,2950597,Malus domestica,Species,Accepted,,,2950597,Malus domestica,Species,SYNONYM_TO_ACCEPTED_SPECIES,RESOLVED,,Exact WCVP Synonym resolved by accepted_plant_name_id to an Accepted species.,2950597,Malus domestica,ACCEPTED_ANALYSIS_SPECIES_ID_ONLY,16,d32ea2b3a85e489b14e83bcc9eae7274532e1d113753f7be290d4b2dfde573fa,106,8,TRUE,TRUE,NOT_APPLICABLE_CONUS_NONNATIVE,0,0,,DBH_BREAST_HEIGHT,N,5.0,1,1,1,unresolved,NOT_ASSESSED,,NOT_AVAILABLE_IN_FROZEN_FIA_INPUT,Mill.,(Suckow) Borkh.,2950597,Malus domestica,(Suckow) Borkh.,Species,Accepted,(Suckow) Borkh.,Accepted,0,,,0,1,,0,0,,D08B_V01_FROZEN,SYNONYM_TO_ACCEPTED_SPECIES,RESOLVED,
7845,Morella cerifera,Morella cerifera,species,Morella cerifera,1,2501792,Synonym,2500717,2501792,Synonym,Species,Morella cerifera,2500717,Myrica cerifera,Species,Accepted,,,2500717,Myrica cerifera,Species,SYNONYM_TO_ACCEPTED_SPECIES,RESOLVED,,Exact WCVP Synonym resolved by accepted_plant_name_id to an Accepted species.,2500717,Myrica cerifera,ACCEPTED_ANALYSIS_SPECIES_ID_ONLY,16,d32ea2b3a85e489b14e83bcc9eae7274532e1d113753f7be290d4b2dfde573fa,38,36,TRUE,FALSE,SINGLE_SPECIES_LAYER,1,0,Myrica_cerifera,DBH_BREAST_HEIGHT,N,5.0,1,1,1,unresolved,NOT_ASSESSED,,NOT_AVAILABLE_IN_FROZEN_FIA_INPUT,(L.) Small,L.,2500717,Myrica cerifera,L.,Species,Accepted,L.,Accepted,0,,,0,1,,0,0,,D08B_V01_FROZEN,SYNONYM_TO_ACCEPTED_SPECIES,RESOLVED,
8313,Populus x canadensis,Populus x canadensis,species,Populus × canadensis,1,2921452,Artificial Hybrid,,,,,,,,,,,,,,,HYBRID_OR_NOTHOTAXON,CLASSIFIED_HYBRID,,Hybrid marker or WCVP artificial-hybrid evidence; no ordinary accepted-species assignment.,,,NOT_APPLICABLE_NO_ANALYSIS_SPECIES,16,d32ea2b3a85e489b14e83bcc9eae7274532e1d113753f7be290d4b2dfde573fa,,,,,NOT_APPLICABLE_NO_ORDINARY_ANALYSIS_SPECIES,0,0,,DBH_BREAST_HEIGHT,N,5.0,1,1,1,unresolved,NOT_ASSESSED,,NOT_AVAILABLE_IN_FROZEN_FIA_INPUT,,,,,,,,,,1,,,0,0,Hybrid marker or WCVP artificial-hybrid evidence; no ordinary accepted-species assignment.,0,0,,D08B_V01_FROZEN,HYBRID_OR_NOTHOTAXON,CLASSIFIED_HYBRID,
8345,Prunus caroliniana,Prunus caroliniana,species,Prunus caroliniana,1,2959079,Accepted,2959079,2959079,Accepted,Species,Prunus caroliniana,2959079,Prunus caroliniana,Species,Accepted,,,2959079,Prunus caroliniana,Species,ACCEPTED_SPECIES,RESOLVED,,Direct WCVP Accepted species.,2959079,Prunus caroliniana,ACCEPTED_ANALYSIS_SPECIES_ID_ONLY,16,d32ea2b3a85e489b14e83bcc9eae7274532e1d113753f7be290d4b2dfde573fa,10,9,FALSE,FALSE,SINGLE_SPECIES_LAYER,1,0,Prunus_caroliniana,DBH_BREAST_HEIGHT,N,5.0,1,1,1,exact,NOT_ASSESSED,,NOT_AVAILABLE_IN_FROZEN_FIA_INPUT,(Mill.) Aiton,(Mill.) Aiton,2959079,Prunus caroliniana,(Mill.) Aiton,Species,Accepted,(Mill.) Aiton,Accepted,0,,,0,1,,0,0,,D08B_V01_FROZEN,ACCEPTED_SPECIES,RESOLVED,
8355,Psidium cattleianum,Psidium cattleianum,species,Psidium cattleianum,0,,,,166659,Accepted,Species,Psidium cattleyanum,166659,Psidium cattleyanum,Species,Accepted,,,166659,Psidium cattleyanum,Species,AUTHORITATIVE_ORTHOGRAPHIC_TO_ACCEPTED_SPECIES,RESOLVED_MAINLINE_AUTHORIZED,,"Author and common-name concept match; discrepancy is spelling standardization, not a competing taxonomic concept.",166659,Psidium cattleyanum,ACCEPTED_ANALYSIS_SPECIES_ID_ONLY,16,d32ea2b3a85e489b14e83bcc9eae7274532e1d113753f7be290d4b2dfde573fa,62,4,TRUE,TRUE,NOT_APPLICABLE_CONUS_NONNATIVE,0,0,,DBH_BREAST_HEIGHT,N,5.0,1,1,1,unresolved,NOT_ASSESSED,Sabine,AUTHOR_AVAILABLE_IN_ACCEPTED_CORRECTION_EVIDENCE,Sabine,Sabine,166659,Psidium cattleyanum,Sabine,Species,Accepted,Sabine,Accepted,0,,,0,1,,0,1,ORDINARY_ACCEPTED,Q1_D08B_TAXONOMY_CORRECTION_MAINLINE_DECISION_v01_20260902.md,UNRESOLVED,UNRESOLVED,
8420,Pyrus spp.,Pyrus spp.,species,Pyrus spp.,0,,,,,,,,,,,,,,,,,GENUS_OR_NON_SPECIES_AGGREGATE,CLASSIFIED_NON_SPECIES,,FIA name is a genus/non-species aggregate or unknown object; no species assignment permitted.,,,NOT_APPLICABLE_NO_ANALYSIS_SPECIES,16,d32ea2b3a85e489b14e83bcc9eae7274532e1d113753f7be290d4b2dfde573fa,,,,,NOT_APPLICABLE_NO_ORDINARY_ANALYSIS_SPECIES,0,0,,DBH_BREAST_HEIGHT,N,5.0,1,1,1,unresolved,NOT_ASSESSED,,NOT_AVAILABLE_IN_FROZEN_FIA_INPUT,,,,,,,,,,0,,,0,0,FIA name is a genus/non-species aggregate or unknown object; no species assignment permitted.,0,0,,D08B_V01_FROZEN,GENUS_OR_NON_SPECIES_AGGREGATE,CLASSIFIED_NON_SPECIES,
8421,Pyrus calleryana,Pyrus calleryana,species,Pyrus calleryana,1,2963049,Accepted,2963049,2963049,Accepted,Species,Pyrus calleryana,2963049,Pyrus calleryana,Species,Accepted,,,2963049,Pyrus calleryana,Species,ACCEPTED_SPECIES,RESOLVED,,Direct WCVP Accepted species.,2963049,Pyrus calleryana,ACCEPTED_ANALYSIS_SPECIES_ID_ONLY,16,d32ea2b3a85e489b14e83bcc9eae7274532e1d113753f7be290d4b2dfde573fa,34,7,TRUE,TRUE,NOT_APPLICABLE_CONUS_NONNATIVE,0,0,,DBH_BREAST_HEIGHT,N,5.0,1,1,1,unresolved,NOT_ASSESSED,,NOT_AVAILABLE_IN_FROZEN_FIA_INPUT,Decne.,Decne.,2963049,Pyrus calleryana,Decne.,Species,Accepted,Decne.,Accepted,0,,,0,1,,0,0,,D08B_V01_FROZEN,ACCEPTED_SPECIES,RESOLVED,
8423,Pyrus communis,Pyrus communis,species,Pyrus communis,1,2963115,Accepted,2963115,2963115,Accepted,Species,Pyrus communis,2963115,Pyrus communis,Species,Accepted,,,2963115,Pyrus communis,Species,ACCEPTED_SPECIES,RESOLVED,,Direct WCVP Accepted species.,2963115,Pyrus communis,ACCEPTED_ANALYSIS_SPECIES_ID_ONLY,16,d32ea2b3a85e489b14e83bcc9eae7274532e1d113753f7be290d4b2dfde573fa,96,33,TRUE,TRUE,NOT_APPLICABLE_CONUS_NONNATIVE,0,0,,DBH_BREAST_HEIGHT,N,5.0,1,1,1,unresolved,NOT_ASSESSED,,NOT_AVAILABLE_IN_FROZEN_FIA_INPUT,L.,L.,2963115,Pyrus communis,L.,Species,Accepted,L.,Accepted,0,,,0,1,,0,0,,D08B_V01_FROZEN,ACCEPTED_SPECIES,RESOLVED,
8427,Quercus acutissima,Quercus acutissima,species,Quercus acutissima,1,171430,Accepted,171430,171430,Accepted,Species,Quercus acutissima,171430,Quercus acutissima,Species,Accepted,,,171430,Quercus acutissima,Species,ACCEPTED_SPECIES,RESOLVED,,Direct WCVP Accepted species.,171430,Quercus acutissima,ACCEPTED_ANALYSIS_SPECIES_ID_ONLY,16,d32ea2b3a85e489b14e83bcc9eae7274532e1d113753f7be290d4b2dfde573fa,25,13,TRUE,TRUE,NOT_APPLICABLE_CONUS_NONNATIVE,0,0,,DBH_BREAST_HEIGHT,N,5.0,1,1,1,unresolved,NOT_ASSESSED,,NOT_AVAILABLE_IN_FROZEN_FIA_INPUT,Carruth.,Carruth.,171430,Quercus acutissima,Carruth.,Species,Accepted,Carruth.,Accepted,0,,,0,1,,0,0,,D08B_V01_FROZEN,ACCEPTED_SPECIES,RESOLVED,
8441,Quercus geminata,Quercus geminata,species,Quercus geminata,2,172865;172866,Accepted;Illegitimate,172866,172866,Accepted,Species,Quercus geminata,172866,Quercus geminata,Species,Accepted,,,172866,Quercus geminata,Species,ACCEPTED_SPECIES,RESOLVED,,Direct WCVP Accepted species.,172866,Quercus geminata,ACCEPTED_ANALYSIS_SPECIES_ID_ONLY,16,d32ea2b3a85e489b14e83bcc9eae7274532e1d113753f7be290d4b2dfde573fa,7,7,FALSE,FALSE,UNRESOLVED,0,1,,DBH_BREAST_HEIGHT,N,5.0,1,1,1,unresolved,NOT_ASSESSED,,NOT_AVAILABLE_IN_FROZEN_FIA_INPUT,Small,Small,172866,Quercus geminata,Small,Species,Accepted,Small,Accepted,0,,,0,1,,0,0,,D08B_V01_FROZEN,ACCEPTED_SPECIES,RESOLVED,
8449,Quercus hemisphaerica,Quercus hemisphaerica,species,Quercus hemisphaerica,3,173052;173053;173054,Accepted;Illegitimate,173053,173053,Accepted,Species,Quercus hemisphaerica,173053,Quercus hemisphaerica,Species,Accepted,,,173053,Quercus hemisphaerica,Species,ACCEPTED_SPECIES,RESOLVED,,Direct WCVP Accepted species.,173053,Quercus hemisphaerica,ACCEPTED_ANALYSIS_SPECIES_ID_ONLY,16,d32ea2b3a85e489b14e83bcc9eae7274532e1d113753f7be290d4b2dfde573fa,10,10,FALSE,FALSE,UNRESOLVED,0,1,,DBH_BREAST_HEIGHT,N,5.0,1,1,1,unresolved,NOT_ASSESSED,,NOT_AVAILABLE_IN_FROZEN_FIA_INPUT,W.Bartram ex Willd.,W.Bartram ex Willd.,173053,Quercus hemisphaerica,W.Bartram ex Willd.,Species,Accepted,W.Bartram ex Willd.,Accepted,0,,,0,1,,0,0,,D08B_V01_FROZEN,ACCEPTED_SPECIES,RESOLVED,
8487,Quercus sinuata var. breviloba,Quercus sinuata var. breviloba,infraspecies,Quercus sinuata var. breviloba,1,175181,Accepted,175181,175181,Accepted,Variety,Quercus sinuata var. breviloba,175181,Quercus sinuata var. breviloba,Variety,Accepted,175179,Quercus sinuata,175179,Quercus sinuata,Species,ACCEPTED_INFRASPECIES_TO_PARENT_SPECIES,RESOLVED,,Accepted infraspecific taxon mapped by parent_plant_name_id to its Accepted parent species.,175179,Quercus sinuata,ACCEPTED_ANALYSIS_SPECIES_ID_ONLY,16,d32ea2b3a85e489b14e83bcc9eae7274532e1d113753f7be290d4b2dfde573fa,11,11,TRUE,FALSE,SINGLE_OFFICIAL_ALIAS_LAYER,1,0,Quercus_durandii,DBH_BREAST_HEIGHT,N,5.0,1,1,1,unresolved,NOT_ASSESSED,,NOT_AVAILABLE_IN_FROZEN_FIA_INPUT,(Torr.) C.H.Mull.,(Torr.) C.H.Mull.,175181,Quercus sinuata var. breviloba,(Torr.) C.H.Mull.,Variety,Accepted,Walter,Accepted,0,,,0,1,,0,0,,D08B_V01_FROZEN,ACCEPTED_INFRASPECIES_TO_PARENT_SPECIES,RESOLVED,
8511,Quercus gravesii,Quercus gravesii,species,Quercus gravesii,1,172990,Accepted,172990,172990,Accepted,Species,Quercus gravesii,172990,Quercus gravesii,Species,Accepted,,,172990,Quercus gravesii,Species,ACCEPTED_SPECIES,RESOLVED,,Direct WCVP Accepted species.,172990,Quercus gravesii,ACCEPTED_ANALYSIS_SPECIES_ID_ONLY,16,d32ea2b3a85e489b14e83bcc9eae7274532e1d113753f7be290d4b2dfde573fa,2,2,TRUE,FALSE,SINGLE_SPECIES_LAYER,1,0,Quercus_gravesii,DBH_BREAST_HEIGHT,N,5.0,1,1,1,exact,NOT_ASSESSED,,NOT_AVAILABLE_IN_FROZEN_FIA_INPUT,Sudw.,Sudw.,172990,Quercus gravesii,Sudw.,Species,Accepted,Sudw.,Accepted,0,,,0,1,,0,0,,D08B_V01_FROZEN,ACCEPTED_SPECIES,RESOLVED,
8513,Quercus buckleyi,Quercus buckleyi,species,Quercus buckleyi,1,171890,Accepted,171890,171890,Accepted,Species,Quercus buckleyi,171890,Quercus buckleyi,Species,Accepted,,,171890,Quercus buckleyi,Species,ACCEPTED_SPECIES,RESOLVED,,Direct WCVP Accepted species.,171890,Quercus buckleyi,ACCEPTED_ANALYSIS_SPECIES_ID_ONLY,16,d32ea2b3a85e489b14e83bcc9eae7274532e1d113753f7be290d4b2dfde573fa,2,2,FALSE,FALSE,UNRESOLVED,0,1,,DBH_BREAST_HEIGHT,N,5.0,1,1,1,unresolved,NOT_ASSESSED,,NOT_AVAILABLE_IN_FROZEN_FIA_INPUT,Nixon & Dorr,Nixon & Dorr,171890,Quercus buckleyi,Nixon & Dorr,Species,Accepted,Nixon & Dorr,Accepted,0,,,0,1,,0,0,,D08B_V01_FROZEN,ACCEPTED_SPECIES,RESOLVED,
8514,Quercus laceyi,Quercus laceyi,species,Quercus laceyi,1,173471,Accepted,173471,173471,Accepted,Species,Quercus laceyi,173471,Quercus laceyi,Species,Accepted,,,173471,Quercus laceyi,Species,ACCEPTED_SPECIES,RESOLVED,,Direct WCVP Accepted species.,173471,Quercus laceyi,ACCEPTED_ANALYSIS_SPECIES_ID_ONLY,16,d32ea2b3a85e489b14e83bcc9eae7274532e1d113753f7be290d4b2dfde573fa,2,2,TRUE,FALSE,SINGLE_OFFICIAL_ALIAS_LAYER,1,0,Quercus_glaucoides,DBH_BREAST_HEIGHT,N,5.0,1,1,1,unresolved,NOT_ASSESSED,,NOT_AVAILABLE_IN_FROZEN_FIA_INPUT,Small,Small,173471,Quercus laceyi,Small,Species,Accepted,Small,Accepted,0,,,0,1,,0,0,,D08B_V01_FROZEN,ACCEPTED_SPECIES,RESOLVED,
8563,Schinus terebinthifolius,Schinus terebinthifolius,species,Schinus terebinthifolius,0,,,,2480191,Accepted,Species,Schinus terebinthifolia,2480191,Schinus terebinthifolia,Species,Accepted,,,2480191,Schinus terebinthifolia,Species,AUTHORITATIVE_ORTHOGRAPHIC_TO_ACCEPTED_SPECIES,RESOLVED_MAINLINE_AUTHORIZED,,FIA code/common name/PLANTS symbol fix the concept; POWO accepts the same author under corrected epithet.,2480191,Schinus terebinthifolia,ACCEPTED_ANALYSIS_SPECIES_ID_ONLY,16,d32ea2b3a85e489b14e83bcc9eae7274532e1d113753f7be290d4b2dfde573fa,61,6,TRUE,TRUE,NOT_APPLICABLE_CONUS_NONNATIVE,0,0,,DBH_BREAST_HEIGHT,N,5.0,1,1,1,unresolved,NOT_ASSESSED,Raddi,AUTHOR_AVAILABLE_IN_ACCEPTED_CORRECTION_EVIDENCE,Raddi,Raddi,2480191,Schinus terebinthifolia,Raddi,Species,Accepted,Raddi,Accepted,0,,,0,1,,0,1,ORDINARY_ACCEPTED,Q1_D08B_TAXONOMY_CORRECTION_MAINLINE_DECISION_v01_20260902.md,UNRESOLVED,UNRESOLVED,
8612,Sideroxylon celastrinum,Sideroxylon celastrinum,species,Sideroxylon celastrinum,1,191834,Accepted,191834,191834,Accepted,Species,Sideroxylon celastrinum,191834,Sideroxylon celastrinum,Species,Accepted,,,191834,Sideroxylon celastrinum,Species,ACCEPTED_SPECIES,RESOLVED,,Direct WCVP Accepted species.,191834,Sideroxylon celastrinum,ACCEPTED_ANALYSIS_SPECIES_ID_ONLY,16,d32ea2b3a85e489b14e83bcc9eae7274532e1d113753f7be290d4b2dfde573fa,17,17,TRUE,TRUE,SINGLE_OFFICIAL_ALIAS_LAYER,1,0,Bumelia_celastrina,DBH_BREAST_HEIGHT,N,5.0,1,1,1,unresolved,NOT_ASSESSED,,NOT_AVAILABLE_IN_FROZEN_FIA_INPUT,(Kunth) T.D.Penn.,(Kunth) T.D.Penn.,191834,Sideroxylon celastrinum,(Kunth) T.D.Penn.,Species,Accepted,(Kunth) T.D.Penn.,Accepted,0,,,0,1,,0,0,,D08B_V01_FROZEN,ACCEPTED_SPECIES,RESOLVED,
8651,Cordia boissieri,Cordia boissieri,species,Cordia boissieri,1,2736585,Accepted,2736585,2736585,Accepted,Species,Cordia boissieri,2736585,Cordia boissieri,Species,Accepted,,,2736585,Cordia boissieri,Species,ACCEPTED_SPECIES,RESOLVED,,Direct WCVP Accepted species.,2736585,Cordia boissieri,ACCEPTED_ANALYSIS_SPECIES_ID_ONLY,16,d32ea2b3a85e489b14e83bcc9eae7274532e1d113753f7be290d4b2dfde573fa,3,3,TRUE,FALSE,SINGLE_SPECIES_LAYER,1,0,Cordia_boissieri,DBH_BREAST_HEIGHT,N,5.0,1,1,1,exact,NOT_ASSESSED,,NOT_AVAILABLE_IN_FROZEN_FIA_INPUT,A.DC.,A.DC.,2736585,Cordia boissieri,A.DC.,Species,Accepted,A.DC.,Accepted,0,,,0,1,,0,0,,D08B_V01_FROZEN,ACCEPTED_SPECIES,RESOLVED,
8813,Tilia cordata,Tilia cordata,species,Tilia cordata,1,2518181,Accepted,2518181,2518181,Accepted,Species,Tilia cordata,2518181,Tilia cordata,Species,Accepted,,,2518181,Tilia cordata,Species,ACCEPTED_SPECIES,RESOLVED,,Direct WCVP Accepted species.,2518181,Tilia cordata,ACCEPTED_ANALYSIS_SPECIES_ID_ONLY,16,d32ea2b3a85e489b14e83bcc9eae7274532e1d113753f7be290d4b2dfde573fa,45,39,TRUE,TRUE,NOT_APPLICABLE_CONUS_NONNATIVE,0,0,,DBH_BREAST_HEIGHT,N,5.0,1,1,1,unresolved,NOT_ASSESSED,,NOT_AVAILABLE_IN_FROZEN_FIA_INPUT,Mill.,Mill.,2518181,Tilia cordata,Mill.,Species,Accepted,Mill.,Accepted,0,,,0,1,,0,0,,D08B_V01_FROZEN,ACCEPTED_SPECIES,RESOLVED,
8851,Ulmus parvifolia,Ulmus parvifolia,species,Ulmus parvifolia,1,2448661,Accepted,2448661,2448661,Accepted,Species,Ulmus parvifolia,2448661,Ulmus parvifolia,Species,Accepted,,,2448661,Ulmus parvifolia,Species,ACCEPTED_SPECIES,RESOLVED,,Direct WCVP Accepted species.,2448661,Ulmus parvifolia,ACCEPTED_ANALYSIS_SPECIES_ID_ONLY,16,d32ea2b3a85e489b14e83bcc9eae7274532e1d113753f7be290d4b2dfde573fa,24,8,TRUE,TRUE,NOT_APPLICABLE_CONUS_NONNATIVE,0,0,,DBH_BREAST_HEIGHT,N,5.0,1,1,1,unresolved,NOT_ASSESSED,,NOT_AVAILABLE_IN_FROZEN_FIA_INPUT,Jacq.,Jacq.,2448661,Ulmus parvifolia,Jacq.,Species,Accepted,Jacq.,Accepted,0,,,0,1,,0,0,,D08B_V01_FROZEN,ACCEPTED_SPECIES,RESOLVED,
8860,Vaccinium arboreum,Vaccinium arboreum,species,Vaccinium arboreum,2,2458798;2458814,Accepted;Invalid,2458798,2458798,Accepted,Species,Vaccinium arboreum,2458798,Vaccinium arboreum,Species,Accepted,,,2458798,Vaccinium arboreum,Species,ACCEPTED_SPECIES,RESOLVED,,Direct WCVP Accepted species.,2458798,Vaccinium arboreum,ACCEPTED_ANALYSIS_SPECIES_ID_ONLY,16,d32ea2b3a85e489b14e83bcc9eae7274532e1d113753f7be290d4b2dfde573fa,17,17,FALSE,FALSE,SINGLE_SPECIES_LAYER,1,0,Vaccinium_arboreum,DBH_BREAST_HEIGHT,N,5.0,1,1,1,exact,NOT_ASSESSED,,NOT_AVAILABLE_IN_FROZEN_FIA_INPUT,Marshall,Marshall,2458798,Vaccinium arboreum,Marshall,Species,Accepted,Marshall,Accepted,0,,,0,1,,0,0,,D08B_V01_FROZEN,ACCEPTED_SPECIES,RESOLVED,
8944,Zanthoxylum clava-herculis,Zanthoxylum clava-herculis,species,Zanthoxylum clava-herculis,1,2469375,Accepted,2469375,2469375,Accepted,Species,Zanthoxylum clava-herculis,2469375,Zanthoxylum clava-herculis,Species,Accepted,,,2469375,Zanthoxylum clava-herculis,Species,ACCEPTED_SPECIES,RESOLVED,,Direct WCVP Accepted species.,2469375,Zanthoxylum clava-herculis,ACCEPTED_ANALYSIS_SPECIES_ID_ONLY,16,d32ea2b3a85e489b14e83bcc9eae7274532e1d113753f7be290d4b2dfde573fa,13,13,TRUE,FALSE,MULTIPLE_OTHER_LAYERS,2,1,,DBH_BREAST_HEIGHT,N,5.0,1,1,1,exact,NOT_ASSESSED,,NOT_AVAILABLE_IN_FROZEN_FIA_INPUT,L.,L.,2469375,Zanthoxylum clava-herculis,L.,Species,Accepted,L.,Accepted,0,,,0,1,,0,0,,D08B_V01_FROZEN,ACCEPTED_SPECIES,RESOLVED,
