analysis_species_id,analysis_species_name,analysis_species_authors,usgs_mapping_class,usgs_review_required_flag,canonical_layer_flag,canonical_layer_key,atlas_table1_row_id,atlas_original_source_name,atlas_current_accepted_name_field,atlas_current_name_authors,atlas_layer_rank,atlas_layer_href,atlas_layer_key,atlas_number_gridpoints,atlas_primary_source,atlas_unique_sources,atlas_notes,atlas_status,atlas_shared_resolved_species_count,atlas_unresolved_components,atlas_resolved_species_ids,atlas_resolved_species_names,atlas_component_names,atlas_component_authors_canonical,atlas_component_wcvp_match_ids,atlas_component_wcvp_match_authors,atlas_component_wcvp_match_statuses,atlas_component_resolution_statuses,atlas_component_resolution_reasons,decision_status,review_reason
6364,Alnus glutinosa,(L.) Gaertn.,NOT_APPLICABLE_CONUS_NONNATIVE,0,0,,,,,,,,,,,,,,0,,,,,,,,,,,NOT_APPLICABLE_CONUS_NONNATIVE,WCVP confirms no native CONUS distribution and introduced CONUS occurrence; Little natural-range mapping is not applicable.
6544,Alnus oblongifolia,Torr.,SINGLE_SPECIES_LAYER,0,1,Alnus_oblongifolia,ATLASG-0042,Alnus oblongifolia,Alnus oblongifolia,Torr.,SPECIES,individual_taxa/atlas_pages/Alnus_oblongifolia.pdf,Alnus_oblongifolia,42,Little (1976),,,redigitized,1,,6544,Alnus oblongifolia,Alnus oblongifolia,Torr.,6544,Torr.,Accepted,RESOLVED,Exact name plus losslessly canonical author resolved to WCVP Accepted species.,CANONICAL_SINGLE_LAYER,
6578,Alnus rhombifolia,Nutt.,SINGLE_SPECIES_LAYER,0,1,Alnus_rhombifolia,ATLASG-0043,Alnus rhombifolia,Alnus rhombifolia,Nutt.,SPECIES,individual_taxa/atlas_pages/Alnus_rhombifolia.pdf,Alnus_rhombifolia,210,Little (1976),,,redigitized,1,,6578,Alnus rhombifolia,Alnus rhombifolia,Nutt.,6578,Nutt.,Accepted,RESOLVED,Exact name plus losslessly canonical author resolved to WCVP Accepted species.,CANONICAL_SINGLE_LAYER,
6584,Alnus rubra,Bong.,SINGLE_SPECIES_LAYER,0,1,Alnus_rubra,ATLASG-0044,Alnus rubra,Alnus rubra,Bong.,SPECIES,individual_taxa/atlas_pages/Alnus_rubra.pdf,Alnus_rubra,441,Little (1971); Viereck and Little (1975),,,redigitized,1,,6584,Alnus rubra,Alnus rubra,Bong.,6584,Bong.,Accepted,RESOLVED,Exact name plus losslessly canonical author resolved to WCVP Accepted species.,CANONICAL_SINGLE_LAYER,
18443,Avicennia germinans,(L.) L.,SINGLE_SPECIES_LAYER,0,1,Avicennia_germinans,ATLASG-0078,Avicennia germinans,Avicennia germinans,(L.) L.,SPECIES,individual_taxa/atlas_pages/Avicennia_germinans.pdf,Avicennia_germinans,16,"Little (1977, 1978)",,,redigitized,1,,18443,Avicennia germinans,Avicennia germinans,(L.)L.,18443,(L.) L.,Accepted,RESOLVED,Exact name plus losslessly canonical author resolved to WCVP Accepted species.,CANONICAL_SINGLE_LAYER,
21135,Betula alleghaniensis,Britton,SINGLE_SPECIES_LAYER,0,1,Betula_alleghaniensis,ATLASG-0085,Betula alleghaniensis,Betula alleghaniensis,Britton,SPECIES,individual_taxa/atlas_pages/Betula_alleghaniensis.pdf,Betula_alleghaniensis,2270,Little (1971),,,redigitized,1,,21135,Betula alleghaniensis,Betula alleghaniensis,Britton,21135,Britton,Accepted,RESOLVED,Exact name plus losslessly canonical author resolved to WCVP Accepted species.,CANONICAL_SINGLE_LAYER,
21443,Betula lenta,L.,SINGLE_SPECIES_LAYER,0,1,Betula_lenta,ATLASG-0086,Betula lenta,Betula lenta,L.,SPECIES,individual_taxa/atlas_pages/Betula_lenta.pdf,Betula_lenta,757,Little (1971),,,redigitized,1,,21443,Betula lenta,Betula lenta,L.,21443,L.,Accepted,RESOLVED,Exact name plus losslessly canonical author resolved to WCVP Accepted species.,CANONICAL_SINGLE_LAYER,
21527,Betula nigra,L.,SINGLE_SPECIES_LAYER,0,1,Betula_nigra,ATLASG-0088,Betula nigra,Betula nigra,L.,SPECIES,individual_taxa/atlas_pages/Betula_nigra.pdf,Betula_nigra,2132,Little (1971),,,redigitized,1,,21527,Betula nigra,Betula nigra,L.,21527,L.,Accepted,RESOLVED,Exact name plus losslessly canonical author resolved to WCVP Accepted species.,CANONICAL_SINGLE_LAYER,
21535,Betula occidentalis,Hook.,SINGLE_SPECIES_LAYER,0,1,Betula_occidentalis,ATLASG-0089,Betula occidentalis,Betula occidentalis,Hook.,SPECIES,individual_taxa/atlas_pages/Betula_occidentalis.pdf,Betula_occidentalis,1091,Little (1976),,,redigitized,1,,21535,Betula occidentalis,Betula occidentalis,Hook.,21535,Hook.,Accepted,RESOLVED,Exact name plus losslessly canonical author resolved to WCVP Accepted species.,CANONICAL_SINGLE_LAYER,
21557,Betula papyrifera,Marshall,SINGLE_SPECIES_LAYER,0,1,Betula_papyrifera,ATLASG-0090,Betula papyrifera,Betula papyrifera,Marshall,SPECIES,individual_taxa/atlas_pages/Betula_papyrifera.pdf,Betula_papyrifera,10090,Little (1971); Viereck and Little (1975),,,redigitized,1,,21557,Betula papyrifera,Betula papyrifera,Marshall,21557,Marshall,Accepted,RESOLVED,Exact name plus losslessly canonical author resolved to WCVP Accepted species.,CANONICAL_SINGLE_LAYER,
21620,Betula populifolia,Marshall,SINGLE_SPECIES_LAYER,0,1,Betula_populifolia,ATLASG-0091,Betula populifolia,Betula populifolia,Marshall,SPECIES,individual_taxa/atlas_pages/Betula_populifolia.pdf,Betula_populifolia,639,Little (1971),,,redigitized,1,,21620,Betula populifolia,Betula populifolia,Marshall,21620,Marshall,Accepted,RESOLVED,Exact name plus losslessly canonical author resolved to WCVP Accepted species.,CANONICAL_SINGLE_LAYER,
34302,Carpinus caroliniana,Walter,SINGLE_SPECIES_LAYER,0,1,Carpinus_caroliniana,ATLASG-0108,Carpinus caroliniana,Carpinus caroliniana,Walter,SPECIES,individual_taxa/atlas_pages/Carpinus_caroliniana.pdf,Carpinus_caroliniana,3758,Little (1971),,,redigitized,1,,34302,Carpinus caroliniana,Carpinus caroliniana,Walter,34302,Walter,Accepted,RESOLVED,Exact name plus losslessly canonical author resolved to WCVP Accepted species.,CANONICAL_SINGLE_LAYER,
34965,Castanea dentata,(Marshall) Borkh.,SINGLE_SPECIES_LAYER,0,1,Castanea_dentata,ATLASG-0121,Castanea dentata,Castanea dentata,(Marshall) Borkh.,SPECIES,individual_taxa/atlas_pages/Castanea_dentata.pdf,Castanea_dentata,1158,Little (1977),,,redigitized,1,,34965,Castanea dentata,Castanea dentata,(Marshall)Borkh.,34965,(Marshall) Borkh.,Accepted,RESOLVED,Exact name plus losslessly canonical author resolved to WCVP Accepted species.,CANONICAL_SINGLE_LAYER,
35016,Castanea mollissima,Blume,NOT_APPLICABLE_CONUS_NONNATIVE,0,0,,,,,,,,,,,,,,0,,,,,,,,,,,NOT_APPLICABLE_CONUS_NONNATIVE,WCVP confirms no native CONUS distribution and introduced CONUS occurrence; Little natural-range mapping is not applicable.
35021,Castanea ozarkensis,Ashe,SINGLE_SPECIES_LAYER,0,1,Castanea_ozarkensis,ATLASG-0122,Castanea ozarkensis,Castanea ozarkensis,Ashe,SPECIES,individual_taxa/atlas_pages/Castanea_ozarkensis.pdf,Castanea_ozarkensis,85,Little (1977),,,redigitized,1,,35021,Castanea ozarkensis,Castanea ozarkensis,Ashe,35021,Ashe,Accepted,RESOLVED,Exact name plus losslessly canonical author resolved to WCVP Accepted species.,CANONICAL_SINGLE_LAYER,
35028,Castanea pumila,(L.) Mill.,MULTIPLE_OTHER_LAYERS,1,0,,ATLASG-0120,Castanea alnifolia,Castanea pumila,(L.) Mill.,SPECIES,individual_taxa/atlas_pages/Castanea_alnifolia.pdf,Castanea_alnifolia,74,Little (1977),,,redigitized,1,,35028,Castanea pumila,Castanea pumila,(L.)Mill.,35028,(L.) Mill.,Accepted,RESOLVED,Exact name plus losslessly canonical author resolved to WCVP Accepted species.,MAINLINE_REVIEW_REQUIRED,MULTIPLE_OTHER_LAYERS
35028,Castanea pumila,(L.) Mill.,MULTIPLE_OTHER_LAYERS,1,0,,ATLASG-0123,Castanea pumila,Castanea pumila,(L.) Mill.,SPECIES,individual_taxa/atlas_pages/Castanea_pumila.pdf,Castanea_pumila,1340,Little (1977),,,redigitized,1,,35028,Castanea pumila,Castanea pumila,(L.)Mill.,35028,(L.) Mill.,Accepted,RESOLVED,Exact name plus losslessly canonical author resolved to WCVP Accepted species.,MAINLINE_REVIEW_REQUIRED,MULTIPLE_OTHER_LAYERS
39927,Chrysolepis chrysophylla,(Douglas ex Hook.) Hjelmq.,SINGLE_OFFICIAL_ALIAS_LAYER,0,1,Castanopsis_chrysophylla,ATLASG-0124,Castanopsis chrysophylla,Chrysolepis chrysophylla,(Douglas ex Hook.) Hjelmq.,SPECIES,individual_taxa/atlas_pages/Castanopsis_chrysophylla.pdf,Castanopsis_chrysophylla,119,Little (1971),,,redigitized,1,,39927,Chrysolepis chrysophylla,Chrysolepis chrysophylla,(Douglas ex Hook.)Hjelmq.,39927,(Douglas ex Hook.) Hjelmq.,Accepted,RESOLVED,Exact name plus losslessly canonical author resolved to WCVP Accepted species.,CANONICAL_SINGLE_LAYER,
47363,Cornus florida,L.,SINGLE_SPECIES_LAYER,0,1,Cornus_florida,ATLASG-0181,Cornus florida,Cornus florida,L.,SPECIES,individual_taxa/atlas_pages/Cornus_florida.pdf,Cornus_florida,2910,Little (1971),,,redigitized,1,,47363,Cornus florida,Cornus florida,L.,47363,L.,Accepted,RESOLVED,Exact name plus losslessly canonical author resolved to WCVP Accepted species.,CANONICAL_SINGLE_LAYER,
47451,Cornus nuttallii,Audubon ex Torr. & A.Gray,UNRESOLVED,1,0,,,,,,,,,,,,,,0,,,,,,,,,,,MAINLINE_REVIEW_REQUIRED,No Atlas row resolved by exact name plus author to this accepted ordinary species.
73008,Eucalyptus globulus,Labill.,NOT_APPLICABLE_CONUS_NONNATIVE,0,0,,,,,,,,,,,,,,0,,,,,,,,,,,NOT_APPLICABLE_CONUS_NONNATIVE,WCVP confirms no native CONUS distribution and introduced CONUS occurrence; Little natural-range mapping is not applicable.
73044,Eucalyptus grandis,W.Hill ex Maiden,NOT_APPLICABLE_CONUS_NONNATIVE,0,0,,,,,,,,,,,,,,0,,,,,,,,,,,NOT_APPLICABLE_CONUS_NONNATIVE,WCVP confirms no native CONUS distribution and introduced CONUS occurrence; Little natural-range mapping is not applicable.
83824,Fagus grandifolia,Ehrh.,SINGLE_SPECIES_LAYER,0,1,Fagus_grandifolia,ATLASG-0240,Fagus grandifolia,Fagus grandifolia,Ehrh.,SPECIES,individual_taxa/atlas_pages/Fagus_grandifolia.pdf,Fagus_grandifolia,3364,Little (1971),,,redigitized,1,,83824,Fagus grandifolia,Fagus grandifolia,Ehrh.,83824,Ehrh.,Accepted,RESOLVED,Exact name plus losslessly canonical author resolved to WCVP Accepted species.,CANONICAL_SINGLE_LAYER,
113859,Liriodendron tulipifera,L.,SINGLE_SPECIES_LAYER,0,1,Liriodendron_tulipifera,ATLASG-0342,Liriodendron tulipifera,Liriodendron tulipifera,L.,SPECIES,individual_taxa/atlas_pages/Liriodendron_tulipifera.pdf,Liriodendron_tulipifera,2329,Little (1971),,,redigitized,1,,113859,Liriodendron tulipifera,Liriodendron tulipifera,L.,113859,L.,Accepted,RESOLVED,Exact name plus losslessly canonical author resolved to WCVP Accepted species.,CANONICAL_SINGLE_LAYER,
117423,Magnolia acuminata,(L.) L.,SINGLE_SPECIES_LAYER,0,1,Magnolia_acuminata,ATLASG-0354,Magnolia acuminata,Magnolia acuminata,(L.) L.,SPECIES,individual_taxa/atlas_pages/Magnolia_acuminata.pdf,Magnolia_acuminata,740,Little (1971),,,redigitized,1,,117423,Magnolia acuminata,Magnolia acuminata,(L.)L.,117423,(L.) L.,Accepted,RESOLVED,Exact name plus losslessly canonical author resolved to WCVP Accepted species.,CANONICAL_SINGLE_LAYER,
117583,Magnolia fraseri,Walter,MULTIPLE_OTHER_LAYERS,1,0,,ATLASG-0356,Magnolia fraseri,Magnolia fraseri,Walter,SPECIES,individual_taxa/atlas_pages/Magnolia_fraseri.pdf,Magnolia_fraseri,117,Little (1977),,,redigitized,1,,117583,Magnolia fraseri,Magnolia fraseri,Walter,117583,Walter,Accepted,RESOLVED,Exact name plus losslessly canonical author resolved to WCVP Accepted species.,MAINLINE_REVIEW_REQUIRED,MULTIPLE_OTHER_LAYERS
117583,Magnolia fraseri,Walter,MULTIPLE_OTHER_LAYERS,1,0,,ATLASG-0359,Magnolia pyramidata,Magnolia pyramidata,W. Bartram,SPECIES,individual_taxa/atlas_pages/Magnolia_pyramidata.pdf,Magnolia_pyramidata,60,Little (1977),,,redigitized,1,,117583,Magnolia fraseri,Magnolia pyramidata,W.Bartram,117798,W.Bartram,Synonym,RESOLVED,Exact authored infraspecific component resolved through explicit parent to WCVP Accepted species.,MAINLINE_REVIEW_REQUIRED,MULTIPLE_OTHER_LAYERS
117615,Magnolia grandiflora,L.,SINGLE_SPECIES_LAYER,0,1,Magnolia_grandiflora,ATLASG-0357,Magnolia grandiflora,Magnolia grandiflora,L.,SPECIES,individual_taxa/atlas_pages/Magnolia_grandiflora.pdf,Magnolia_grandiflora,582,Little (1971),,,redigitized,1,,117615,Magnolia grandiflora,Magnolia grandiflora,L.,117615,L.,Accepted,RESOLVED,Exact name plus losslessly canonical author resolved to WCVP Accepted species.,CANONICAL_SINGLE_LAYER,
117698,Magnolia macrophylla,Michx.,SINGLE_SPECIES_LAYER,0,1,Magnolia_macrophylla,ATLASG-0358,Magnolia macrophylla,Magnolia macrophylla,Michx.,SPECIES,individual_taxa/atlas_pages/Magnolia_macrophylla.pdf,Magnolia_macrophylla,231,Little (1977),,,redigitized,1,,117698,Magnolia macrophylla,Magnolia macrophylla,Michx.,117698,Michx.,Accepted,RESOLVED,Exact name plus losslessly canonical author resolved to WCVP Accepted species.,CANONICAL_SINGLE_LAYER,
117869,Magnolia tripetala,(L.) L.,SINGLE_SPECIES_LAYER,0,1,Magnolia_tripetala,ATLASG-0360,Magnolia tripetala,Magnolia tripetala,(L.) L.,SPECIES,individual_taxa/atlas_pages/Magnolia_tripetala.pdf,Magnolia_tripetala,277,Little (1977),,,redigitized,1,,117869,Magnolia tripetala,Magnolia tripetala,(L.)L.,117869,(L.) L.,Accepted,RESOLVED,Exact name plus losslessly canonical author resolved to WCVP Accepted species.,CANONICAL_SINGLE_LAYER,
117883,Magnolia virginiana,L.,SINGLE_SPECIES_LAYER,0,1,Magnolia_virginiana,ATLASG-0361,Magnolia virginiana,Magnolia virginiana,L.,SPECIES,individual_taxa/atlas_pages/Magnolia_virginiana.pdf,Magnolia_virginiana,1036,Little (1971),,,redigitized,1,,117883,Magnolia virginiana,Magnolia virginiana,L.,117883,L.,Accepted,RESOLVED,Exact name plus losslessly canonical author resolved to WCVP Accepted species.,CANONICAL_SINGLE_LAYER,
123857,Melaleuca quinquenervia,(Cav.) S.T.Blake,NOT_APPLICABLE_CONUS_NONNATIVE,0,0,,,,,,,,,,,,,,0,,,,,,,,,,,NOT_APPLICABLE_CONUS_NONNATIVE,WCVP confirms no native CONUS distribution and introduced CONUS occurrence; Little natural-range mapping is not applicable.
136188,Nyssa aquatica,L.,SINGLE_SPECIES_LAYER,0,1,Nyssa_aquatica,ATLASG-0388,Nyssa aquatica,Nyssa aquatica,L.,SPECIES,individual_taxa/atlas_pages/Nyssa_aquatica.pdf,Nyssa_aquatica,689,Little (1971),,,redigitized,1,,136188,Nyssa aquatica,Nyssa aquatica,L.,136188,L.,Accepted,RESOLVED,Exact name plus losslessly canonical author resolved to WCVP Accepted species.,CANONICAL_SINGLE_LAYER,
136191,Nyssa biflora,Walter,UNRESOLVED,1,0,,,,,,,,,,,,,,0,,,,,,,,,,,MAINLINE_REVIEW_REQUIRED,No Atlas row resolved by exact name plus author to this accepted ordinary species.
136212,Nyssa ogeche,W.Bartram ex Marshall,UNRESOLVED,1,0,,,,,,,,,,,,,,0,,,,,,,,,,,MAINLINE_REVIEW_REQUIRED,No Atlas row resolved by exact name plus author to this accepted ordinary species.
136221,Nyssa sylvatica,Marshall,SINGLE_SPECIES_LAYER,0,1,Nyssa_sylvatica,ATLASG-0390,Nyssa sylvatica,Nyssa sylvatica,Marshall,SPECIES,individual_taxa/atlas_pages/Nyssa_sylvatica.pdf,Nyssa_sylvatica,2940,Little (1971),,,redigitized,1,,136221,Nyssa sylvatica,Nyssa sylvatica,Marshall,136221,Marshall,Accepted,RESOLVED,Exact name plus losslessly canonical author resolved to WCVP Accepted species.,CANONICAL_SINGLE_LAYER,
144637,Ostrya virginiana,(Mill.) K.Koch,SINGLE_SPECIES_LAYER,0,1,Ostrya_virginiana,ATLASG-0396,Ostrya virginiana,Ostrya virginiana,(Mill.) K. Koch,SPECIES,individual_taxa/atlas_pages/Ostrya_virginiana.pdf,Ostrya_virginiana,4491,Little (1971),,,redigitized,1,,144637,Ostrya virginiana,Ostrya virginiana,(Mill.)K.Koch,144637,(Mill.) K.Koch,Accepted,RESOLVED,Exact name plus losslessly canonical author resolved to WCVP Accepted species.,CANONICAL_SINGLE_LAYER,
166659,Psidium cattleyanum,Sabine,NOT_APPLICABLE_CONUS_NONNATIVE,0,0,,,,,,,,,,,,,,0,,,,,,,,,,,NOT_APPLICABLE_CONUS_NONNATIVE,WCVP confirms no native CONUS distribution and introduced CONUS occurrence; Little natural-range mapping is not applicable.
171430,Quercus acutissima,Carruth.,NOT_APPLICABLE_CONUS_NONNATIVE,0,0,,,,,,,,,,,,,,0,,,,,,,,,,,NOT_APPLICABLE_CONUS_NONNATIVE,WCVP confirms no native CONUS distribution and introduced CONUS occurrence; Little natural-range mapping is not applicable.
171483,Quercus agrifolia,Née,SINGLE_SPECIES_LAYER,0,1,Quercus_agrifolia,ATLASG-0487,Quercus agrifolia,Quercus agrifolia,Née,SPECIES,individual_taxa/atlas_pages/Quercus_agrifolia.pdf,Quercus_agrifolia,81,Little (1971),,,redigitized,1,,171483,Quercus agrifolia,Quercus agrifolia,Née,171483,Née,Accepted,RESOLVED,Exact name plus losslessly canonical author resolved to WCVP Accepted species.,CANONICAL_SINGLE_LAYER,
171499,Quercus alba,L.,SINGLE_SPECIES_LAYER,0,1,Quercus_alba,ATLASG-0488,Quercus alba,Quercus alba,L.,SPECIES,individual_taxa/atlas_pages/Quercus_alba.pdf,Quercus_alba,3747,Little (1971),,,redigitized,1,,171499,Quercus alba,Quercus alba,L.,171499,L.,Accepted,RESOLVED,Exact name plus losslessly canonical author resolved to WCVP Accepted species.,CANONICAL_SINGLE_LAYER,
171655,Quercus arizonica,Sarg.,SINGLE_SPECIES_LAYER,0,1,Quercus_arizonica,ATLASG-0489,Quercus arizonica,Quercus arizonica,Sarg.,SPECIES,individual_taxa/atlas_pages/Quercus_arizonica.pdf,Quercus_arizonica,64,Little (1976),,,redigitized,1,,171655,Quercus arizonica,Quercus arizonica,Sarg.,171655,Sarg.,Accepted,RESOLVED,Exact name plus losslessly canonical author resolved to WCVP Accepted species.,CANONICAL_SINGLE_LAYER,
171657,Quercus arkansana,Sarg.,SINGLE_SPECIES_LAYER,0,1,Quercus_arkansana,ATLASG-0490,Quercus arkansana,Quercus arkansana,Sarg.,SPECIES,individual_taxa/atlas_pages/Quercus_arkansana.pdf,Quercus_arkansana,20,Little (1977),,,redigitized,1,,171657,Quercus arkansana,Quercus arkansana,Sarg.,171657,Sarg.,Accepted,RESOLVED,Exact name plus losslessly canonical author resolved to WCVP Accepted species.,CANONICAL_SINGLE_LAYER,
171779,Quercus bicolor,Willd.,SINGLE_SPECIES_LAYER,0,1,Quercus_bicolor,ATLASG-0491,Quercus bicolor,Quercus bicolor,Willd.,SPECIES,individual_taxa/atlas_pages/Quercus_bicolor.pdf,Quercus_bicolor,1306,Little (1971),,,redigitized,1,,171779,Quercus bicolor,Quercus bicolor,Willd.,171779,Willd.,Accepted,RESOLVED,Exact name plus losslessly canonical author resolved to WCVP Accepted species.,CANONICAL_SINGLE_LAYER,
171890,Quercus buckleyi,Nixon & Dorr,UNRESOLVED,1,0,,,,,,,,,,,,,,0,,,,,,,,,,,MAINLINE_REVIEW_REQUIRED,No Atlas row resolved by exact name plus author to this accepted ordinary species.
172147,Quercus chrysolepis,Liebm.,SINGLE_SPECIES_LAYER,0,1,Quercus_chrysolepis,ATLASG-0493,Quercus chrysolepis,Quercus chrysolepis,Liebm.,SPECIES,individual_taxa/atlas_pages/Quercus_chrysolepis.pdf,Quercus_chrysolepis,170,Little (1971),,,redigitized,1,,172147,Quercus chrysolepis,Quercus chrysolepis,Liebm.,172147,Liebm.,Accepted,RESOLVED,Exact name plus losslessly canonical author resolved to WCVP Accepted species.,CANONICAL_SINGLE_LAYER,
172244,Quercus coccinea,Münchh.,SINGLE_SPECIES_LAYER,0,1,Quercus_coccinea,ATLASG-0494,Quercus coccinea,Quercus coccinea,Münchh.,SPECIES,individual_taxa/atlas_pages/Quercus_coccinea.pdf,Quercus_coccinea,1399,Little (1971),,,redigitized,1,,172244,Quercus coccinea,Quercus coccinea,Münchh.,172244,Münchh.,Accepted,RESOLVED,Exact name plus losslessly canonical author resolved to WCVP Accepted species.,CANONICAL_SINGLE_LAYER,
172538,Quercus douglasii,Hook. & Arn.,SINGLE_SPECIES_LAYER,0,1,Quercus_douglasii,ATLASG-0496,Quercus douglasii,Quercus douglasii,Hook. & Arn.,SPECIES,individual_taxa/atlas_pages/Quercus_douglasii.pdf,Quercus_douglasii,92,Little (1971),,,redigitized,1,,172538,Quercus douglasii,Quercus douglasii,Hook.& Arn.,172538,Hook. & Arn.,Accepted,RESOLVED,Exact name plus losslessly canonical author resolved to WCVP Accepted species.,CANONICAL_SINGLE_LAYER,
172621,Quercus ellipsoidalis,E.J.Hill,SINGLE_SPECIES_LAYER,0,1,Quercus_ellipsoidalis,ATLASG-0499,Quercus ellipsoidalis,Quercus ellipsoidalis,E.J. Hill,SPECIES,individual_taxa/atlas_pages/Quercus_ellipsoidalis.pdf,Quercus_ellipsoidalis,433,Little (1971),,,redigitized,1,,172621,Quercus ellipsoidalis,Quercus ellipsoidalis,E.J.Hill,172621,E.J.Hill,Accepted,RESOLVED,Exact name plus losslessly canonical author resolved to WCVP Accepted species.,CANONICAL_SINGLE_LAYER,
172635,Quercus emoryi,Torr.,SINGLE_SPECIES_LAYER,0,1,Quercus_emoryi,ATLASG-0500,Quercus emoryi,Quercus emoryi,Torr.,SPECIES,individual_taxa/atlas_pages/Quercus_emoryi.pdf,Quercus_emoryi,45,Little (1971),,,redigitized,1,,172635,Quercus emoryi,Quercus emoryi,Torr.,172635,Torr.,Accepted,RESOLVED,Exact name plus losslessly canonical author resolved to WCVP Accepted species.,CANONICAL_SINGLE_LAYER,
172644,Quercus engelmannii,Greene,SINGLE_SPECIES_LAYER,0,1,Quercus_engelmannii,ATLASG-0501,Quercus engelmannii,Quercus engelmannii,Greene,SPECIES,individual_taxa/atlas_pages/Quercus_engelmannii.pdf,Quercus_engelmannii,7,Little (1976),,,redigitized,1,,172644,Quercus engelmannii,Quercus engelmannii,Greene,172644,Greene,Accepted,RESOLVED,Exact name plus losslessly canonical author resolved to WCVP Accepted species.,CANONICAL_SINGLE_LAYER,
172729,Quercus falcata,Michx.,SINGLE_SPECIES_LAYER,0,1,Quercus_falcata,ATLASG-0502,Quercus falcata,Quercus falcata,Michx.,SPECIES,individual_taxa/atlas_pages/Quercus_falcata.pdf,Quercus_falcata,2003,Little (1971),,,redigitized,1,,172729,Quercus falcata,Quercus falcata,Michx.,172729,Michx.,Accepted,RESOLVED,Exact name plus losslessly canonical author resolved to WCVP Accepted species.,CANONICAL_SINGLE_LAYER,
172843,Quercus gambelii,Nutt.,SINGLE_SPECIES_LAYER,0,1,Quercus_gambelii,ATLASG-0503,Quercus gambelii,Quercus gambelii,Nutt.,SPECIES,individual_taxa/atlas_pages/Quercus_gambelii.pdf,Quercus_gambelii,578,Little (1971); SEINet (2013),,,remapped,1,,172843,Quercus gambelii,Quercus gambelii,Nutt.,172843,Nutt.,Accepted,RESOLVED,Exact name plus losslessly canonical author resolved to WCVP Accepted species.,CANONICAL_SINGLE_LAYER,
172855,Quercus garryana,Douglas ex Hook.,SINGLE_SPECIES_LAYER,0,1,Quercus_garryana,ATLASG-0504,Quercus garryana,Quercus garryana,Douglas ex Hook.,SPECIES,individual_taxa/atlas_pages/Quercus_garryana.pdf,Quercus_garryana,188,Little (1971),,,redigitized,1,,172855,Quercus garryana,Quercus garryana,Douglas ex Hook.,172855,Douglas ex Hook.,Accepted,RESOLVED,Exact name plus losslessly canonical author resolved to WCVP Accepted species.,CANONICAL_SINGLE_LAYER,
172866,Quercus geminata,Small,UNRESOLVED,1,0,,,,,,,,,,,,,,0,,,,,,,,,,,MAINLINE_REVIEW_REQUIRED,No Atlas row resolved by exact name plus author to this accepted ordinary species.
172875,Quercus georgiana,M.A.Curtis,SINGLE_SPECIES_LAYER,0,1,Quercus_georgiana,ATLASG-0505,Quercus georgiana,Quercus georgiana,M.A. Curtis,SPECIES,individual_taxa/atlas_pages/Quercus_georgiana.pdf,Quercus_georgiana,5,Little (1977),,,redigitized,1,,172875,Quercus georgiana,Quercus georgiana,M.A.Curtis,172875,M.A.Curtis,Accepted,RESOLVED,Exact name plus losslessly canonical author resolved to WCVP Accepted species.,CANONICAL_SINGLE_LAYER,
172964,Quercus graciliformis,C.H.Mull.,UNRESOLVED,1,0,,,,,,,,,,,,,,0,,,,,,,,,,,MAINLINE_REVIEW_REQUIRED,No Atlas row resolved by exact name plus author to this accepted ordinary species.
172990,Quercus gravesii,Sudw.,SINGLE_SPECIES_LAYER,0,1,Quercus_gravesii,ATLASG-0507,Quercus gravesii,Quercus gravesii,Sudw.,SPECIES,individual_taxa/atlas_pages/Quercus_gravesii.pdf,Quercus_gravesii,7,Little (1976),,,redigitized,1,,172990,Quercus gravesii,Quercus gravesii,Sudw.,172990,Sudw.,Accepted,RESOLVED,Exact name plus losslessly canonical author resolved to WCVP Accepted species.,CANONICAL_SINGLE_LAYER,
172998,Quercus grisea,Liebm.,SINGLE_SPECIES_LAYER,0,1,Quercus_grisea,ATLASG-0508,Quercus grisea,Quercus grisea,Liebm.,SPECIES,individual_taxa/atlas_pages/Quercus_grisea.pdf,Quercus_grisea,41,Little (1976),,,redigitized,1,,172998,Quercus grisea,Quercus grisea,Liebm.,172998,Liebm.,Accepted,RESOLVED,Exact name plus losslessly canonical author resolved to WCVP Accepted species.,CANONICAL_SINGLE_LAYER,
173053,Quercus hemisphaerica,W.Bartram ex Willd.,UNRESOLVED,1,0,,,,,,,,,,,,,,0,,,,,,,,,,,MAINLINE_REVIEW_REQUIRED,No Atlas row resolved by exact name plus author to this accepted ordinary species.
173145,Quercus hypoleucoides,A.Camus,SINGLE_SPECIES_LAYER,0,1,Quercus_hypoleucoides,ATLASG-0511,Quercus hypoleucoides,Quercus hypoleucoides,A. Camus,SPECIES,individual_taxa/atlas_pages/Quercus_hypoleucoides.pdf,Quercus_hypoleucoides,18,Little (1976),,,redigitized,1,,173145,Quercus hypoleucoides,Quercus hypoleucoides,A.Camus,173145,A.Camus,Accepted,RESOLVED,Exact name plus losslessly canonical author resolved to WCVP Accepted species.,CANONICAL_SINGLE_LAYER,
173293,Quercus ilicifolia,Wangenh.,SINGLE_SPECIES_LAYER,0,1,Quercus_ilicifolia,ATLASG-0512,Quercus ilicifolia,Quercus ilicifolia,Wangenh.,SPECIES,individual_taxa/atlas_pages/Quercus_ilicifolia.pdf,Quercus_ilicifolia,309,Little (1977),,,redigitized,1,,173293,Quercus ilicifolia,Quercus ilicifolia,Wangenh.,173293,Wangenh.,Accepted,RESOLVED,Exact name plus losslessly canonical author resolved to WCVP Accepted species.,CANONICAL_SINGLE_LAYER,
173302,Quercus imbricaria,Michx.,SINGLE_SPECIES_LAYER,0,1,Quercus_imbricaria,ATLASG-0513,Quercus imbricaria,Quercus imbricaria,Michx.,SPECIES,individual_taxa/atlas_pages/Quercus_imbricaria.pdf,Quercus_imbricaria,987,Little (1977),,,redigitized,1,,173302,Quercus imbricaria,Quercus imbricaria,Michx.,173302,Michx.,Accepted,RESOLVED,Exact name plus losslessly canonical author resolved to WCVP Accepted species.,CANONICAL_SINGLE_LAYER,
173316,Quercus incana,W.Bartram,SINGLE_SPECIES_LAYER,0,1,Quercus_incana,ATLASG-0514,Quercus incana,Quercus incana,W. Bartram,SPECIES,individual_taxa/atlas_pages/Quercus_incana.pdf,Quercus_incana,587,Little (1977),,,redigitized,1,,173316,Quercus incana,Quercus incana,W.Bartram,173316,W.Bartram,Accepted,RESOLVED,Exact name plus losslessly canonical author resolved to WCVP Accepted species.,CANONICAL_SINGLE_LAYER,
173428,Quercus kelloggii,Newb.,SINGLE_SPECIES_LAYER,0,1,Quercus_kelloggii,ATLASG-0516,Quercus kelloggii,Quercus kelloggii,Newb.,SPECIES,individual_taxa/atlas_pages/Quercus_kelloggii.pdf,Quercus_kelloggii,125,Little (1971),,,redigitized,1,,173428,Quercus kelloggii,Quercus kelloggii,Newb.,173428,Newb.,Accepted,RESOLVED,Exact name plus losslessly canonical author resolved to WCVP Accepted species.,CANONICAL_SINGLE_LAYER,
173471,Quercus laceyi,Small,SINGLE_OFFICIAL_ALIAS_LAYER,0,1,Quercus_glaucoides,ATLASG-0506,Quercus glaucoides,Quercus laceyi,Small,SPECIES,individual_taxa/atlas_pages/Quercus_glaucoides.pdf,Quercus_glaucoides,24,Little (1976),,,redigitized,1,,173471,Quercus laceyi,Quercus laceyi,Small,173471,Small,Accepted,RESOLVED,Exact name plus losslessly canonical author resolved to WCVP Accepted species.,CANONICAL_SINGLE_LAYER,
173479,Quercus laevis,Walter,SINGLE_SPECIES_LAYER,0,1,Quercus_laevis,ATLASG-0517,Quercus laevis,Quercus laevis,Walter,SPECIES,individual_taxa/atlas_pages/Quercus_laevis.pdf,Quercus_laevis,560,Little (1977),,,redigitized,1,,173479,Quercus laevis,Quercus laevis,Walter,173479,Walter,Accepted,RESOLVED,Exact name plus losslessly canonical author resolved to WCVP Accepted species.,CANONICAL_SINGLE_LAYER,
173587,Quercus laurifolia,Michx.,SINGLE_SPECIES_LAYER,0,1,Quercus_laurifolia,ATLASG-0518,Quercus laurifolia,Quercus laurifolia,Michx.,SPECIES,individual_taxa/atlas_pages/Quercus_laurifolia.pdf,Quercus_laurifolia,768,Little (1971),,,redigitized,1,,173587,Quercus laurifolia,Quercus laurifolia,Michx.,173587,Michx.,Accepted,RESOLVED,Exact name plus losslessly canonical author resolved to WCVP Accepted species.,CANONICAL_SINGLE_LAYER,
173674,Quercus lobata,Née,SINGLE_SPECIES_LAYER,0,1,Quercus_lobata,ATLASG-0519,Quercus lobata,Quercus lobata,Née,SPECIES,individual_taxa/atlas_pages/Quercus_lobata.pdf,Quercus_lobata,142,Little (1971),,,redigitized,1,,173674,Quercus lobata,Quercus lobata,Née,173674,Née,Accepted,RESOLVED,Exact name plus losslessly canonical author resolved to WCVP Accepted species.,CANONICAL_SINGLE_LAYER,
173795,Quercus lyrata,Walter,SINGLE_SPECIES_LAYER,0,1,Quercus_lyrata,ATLASG-0520,Quercus lyrata,Quercus lyrata,Walter,SPECIES,individual_taxa/atlas_pages/Quercus_lyrata.pdf,Quercus_lyrata,1358,Little (1971),,,redigitized,1,,173795,Quercus lyrata,Quercus lyrata,Walter,173795,Walter,Accepted,RESOLVED,Exact name plus losslessly canonical author resolved to WCVP Accepted species.,CANONICAL_SINGLE_LAYER,
173817,Quercus macrocarpa,Michx.,UNRESOLVED,1,0,,,,,,,,,,,,,,0,,,,,,,,,,,MAINLINE_REVIEW_REQUIRED,No Atlas row resolved by exact name plus author to this accepted ordinary species.
173863,Quercus margaretta,(Ashe) Small,UNRESOLVED,1,0,,,,,,,,,,,,,,0,,,,,,,,,,,MAINLINE_REVIEW_REQUIRED,No Atlas row resolved by exact name plus author to this accepted ordinary species.
173871,Quercus marilandica,Münchh.,SINGLE_SPECIES_LAYER,0,1,Quercus_marilandica,ATLASG-0522,Quercus marilandica,Quercus marilandica,Münchh.,SPECIES,individual_taxa/atlas_pages/Quercus_marilandica.pdf,Quercus_marilandica,2757,Little (1971),,,redigitized,1,,173871,Quercus marilandica,Quercus marilandica,Münchh.,173871,Münchh.,Accepted,RESOLVED,Exact name plus losslessly canonical author resolved to WCVP Accepted species.,CANONICAL_SINGLE_LAYER,
173929,Quercus michauxii,Nutt.,UNRESOLVED,1,0,,,,,,,,,,,,,,0,,,,,,,,,,,MAINLINE_REVIEW_REQUIRED,No Atlas row resolved by exact name plus author to this accepted ordinary species.
173948,Quercus minima,(Sarg.) Small,UNRESOLVED,1,0,,,,,,,,,,,,,,0,,,,,,,,,,,MAINLINE_REVIEW_REQUIRED,No Atlas row resolved by exact name plus author to this accepted ordinary species.
174020,Quercus muehlenbergii,Engelm.,SINGLE_SPECIES_LAYER,0,1,Quercus_muehlenbergii,ATLASG-0525,Quercus muehlenbergii,Quercus muehlenbergii,Engelm.,SPECIES,individual_taxa/atlas_pages/Quercus_muehlenbergii.pdf,Quercus_muehlenbergii,2588,Little (1971),,,redigitized,1,,174020,Quercus muehlenbergii,Quercus muehlenbergii,Engelm.,174020,Engelm.,Accepted,RESOLVED,Exact name plus losslessly canonical author resolved to WCVP Accepted species.,CANONICAL_SINGLE_LAYER,
174037,Quercus myrtifolia,Willd.,SINGLE_SPECIES_LAYER,0,1,Quercus_myrtifolia,ATLASG-0526,Quercus myrtifolia,Quercus myrtifolia,Willd.,SPECIES,individual_taxa/atlas_pages/Quercus_myrtifolia.pdf,Quercus_myrtifolia,145,Little (1977),,,redigitized,1,,174037,Quercus myrtifolia,Quercus myrtifolia,Willd.,174037,Willd.,Accepted,RESOLVED,Exact name plus losslessly canonical author resolved to WCVP Accepted species.,CANONICAL_SINGLE_LAYER,
174075,Quercus nigra,L.,SINGLE_SPECIES_LAYER,0,1,Quercus_nigra,ATLASG-0527,Quercus nigra,Quercus nigra,L.,SPECIES,individual_taxa/atlas_pages/Quercus_nigra.pdf,Quercus_nigra,1575,Little (1971),,,redigitized,1,,174075,Quercus nigra,Quercus nigra,L.,174075,L.,Accepted,RESOLVED,Exact name plus losslessly canonical author resolved to WCVP Accepted species.,CANONICAL_SINGLE_LAYER,
174136,Quercus oblongifolia,Torr.,SINGLE_SPECIES_LAYER,0,1,Quercus_oblongifolia,ATLASG-0529,Quercus oblongifolia,Quercus oblongifolia,Torr.,SPECIES,individual_taxa/atlas_pages/Quercus_oblongifolia.pdf,Quercus_oblongifolia,8,Little (1976),,,redigitized,1,,174136,Quercus oblongifolia,Quercus oblongifolia,Torr.,174136,Torr.,Accepted,RESOLVED,Exact name plus losslessly canonical author resolved to WCVP Accepted species.,CANONICAL_SINGLE_LAYER,
174176,Quercus oglethorpensis,W.H.Duncan,SINGLE_SPECIES_LAYER,0,1,Quercus_oglethorpensis,ATLASG-0530,Quercus oglethorpensis,Quercus oglethorpensis,W.H. Duncan,SPECIES,individual_taxa/atlas_pages/Quercus_oglethorpensis.pdf,Quercus_oglethorpensis,8,Little (1977),,,redigitized,1,,174176,Quercus oglethorpensis,Quercus oglethorpensis,W.H.Duncan,174176,W.H.Duncan,Accepted,RESOLVED,Exact name plus losslessly canonical author resolved to WCVP Accepted species.,CANONICAL_SINGLE_LAYER,
174226,Quercus pagoda,Raf.,UNRESOLVED,1,0,,,,,,,,,,,,,,0,,,,,,,,,,,MAINLINE_REVIEW_REQUIRED,No Atlas row resolved by exact name plus author to this accepted ordinary species.
174242,Quercus palustris,Münchh.,SINGLE_SPECIES_LAYER,0,1,Quercus_palustris,ATLASG-0531,Quercus palustris,Quercus palustris,Münchh.,SPECIES,individual_taxa/atlas_pages/Quercus_palustris.pdf,Quercus_palustris,1360,Little (1971),,,redigitized,1,,174242,Quercus palustris,Quercus palustris,Münchh.,174242,Münchh.,Accepted,RESOLVED,Exact name plus losslessly canonical author resolved to WCVP Accepted species.,CANONICAL_SINGLE_LAYER,
174411,Quercus phellos,L.,SINGLE_SPECIES_LAYER,0,1,Quercus_phellos,ATLASG-0532,Quercus phellos,Quercus phellos,L.,SPECIES,individual_taxa/atlas_pages/Quercus_phellos.pdf,Quercus_phellos,1500,Little (1971),,,redigitized,1,,174411,Quercus phellos,Quercus phellos,L.,174411,L.,Accepted,RESOLVED,Exact name plus losslessly canonical author resolved to WCVP Accepted species.,CANONICAL_SINGLE_LAYER,
174518,Quercus prinoides,Willd.,UNRESOLVED,1,0,,,,,,,,,,,,,,0,,,,,,,,,,,MAINLINE_REVIEW_REQUIRED,No Atlas row resolved by exact name plus author to this accepted ordinary species.
174902,Quercus rubra,L.,SINGLE_SPECIES_LAYER,0,1,Quercus_rubra,ATLASG-0535,Quercus rubra,Quercus rubra,L.,SPECIES,individual_taxa/atlas_pages/Quercus_rubra.pdf,Quercus_rubra,4325,Little (1971),,,redigitized,1,,174902,Quercus rubra,Quercus rubra,L.,174902,L.,Accepted,RESOLVED,Exact name plus losslessly canonical author resolved to WCVP Accepted species.,CANONICAL_SINGLE_LAYER,
174935,Quercus rugosa,Née,SINGLE_SPECIES_LAYER,0,1,Quercus_rugosa,ATLASG-0536,Quercus rugosa,Quercus rugosa,Née,SPECIES,individual_taxa/atlas_pages/Quercus_rugosa.pdf,Quercus_rugosa,12,Little (1976),,,redigitized,1,,174935,Quercus rugosa,Quercus rugosa,Née,174935,Née,Accepted,RESOLVED,Exact name plus losslessly canonical author resolved to WCVP Accepted species.,CANONICAL_SINGLE_LAYER,
175148,Quercus shumardii,Buckley,SINGLE_SPECIES_LAYER,0,1,Quercus_shumardii,ATLASG-0537,Quercus shumardii,Quercus shumardii,Buckley,SPECIES,individual_taxa/atlas_pages/Quercus_shumardii.pdf,Quercus_shumardii,2206,Little (1971),,,redigitized,1,,175148,Quercus shumardii,Quercus shumardii,Buckley,175148,Buckley,Accepted,RESOLVED,Exact name plus losslessly canonical author resolved to WCVP Accepted species.,CANONICAL_SINGLE_LAYER,
175172,Quercus similis,Ashe,UNRESOLVED,1,0,,,,,,,,,,,,,,0,,,,,,,,,,,MAINLINE_REVIEW_REQUIRED,No Atlas row resolved by exact name plus author to this accepted ordinary species.
175179,Quercus sinuata,Walter,SINGLE_OFFICIAL_ALIAS_LAYER,0,1,Quercus_durandii,ATLASG-0498,Quercus durandii,Quercus sinuata,Walter,SPECIES,individual_taxa/atlas_pages/Quercus_durandii.pdf,Quercus_durandii,272,Little (1977),,,redigitized,1,,175179,Quercus sinuata,Quercus sinuata,Walter,175179,Walter,Accepted,RESOLVED,Exact name plus losslessly canonical author resolved to WCVP Accepted species.,CANONICAL_SINGLE_LAYER,
175243,Quercus stellata,Wangenh.,SINGLE_SPECIES_LAYER,0,1,Quercus_stellata,ATLASG-0538,Quercus stellata,Quercus stellata,Wangenh.,SPECIES,individual_taxa/atlas_pages/Quercus_stellata.pdf,Quercus_stellata,3195,Little (1971),,,redigitized,1,,175243,Quercus stellata,Quercus stellata,Wangenh.,175243,Wangenh.,Accepted,RESOLVED,Exact name plus losslessly canonical author resolved to WCVP Accepted species.,CANONICAL_SINGLE_LAYER,
175464,Quercus texana,Buckley,SINGLE_OFFICIAL_ALIAS_LAYER,0,1,Quercus_nuttallii,ATLASG-0528,Quercus nuttallii,Quercus texana,Buckley,SPECIES,individual_taxa/atlas_pages/Quercus_nuttallii.pdf,Quercus_nuttallii,406,Little (1971),,,redigitized,1,,175464,Quercus texana,Quercus texana,Buckley,175463;175464,Buckley,Accepted;Misapplied,RESOLVED,Exact name plus losslessly canonical author resolved to WCVP Accepted species.,CANONICAL_SINGLE_LAYER,
175672,Quercus velutina,Lam.,SINGLE_SPECIES_LAYER,0,1,Quercus_velutina,ATLASG-0542,Quercus velutina,Quercus velutina,Lam.,SPECIES,individual_taxa/atlas_pages/Quercus_velutina.pdf,Quercus_velutina,3429,Little (1971),,,redigitized,1,,175672,Quercus velutina,Quercus velutina,Lam.,175672,Lam.,Accepted,RESOLVED,Exact name plus losslessly canonical author resolved to WCVP Accepted species.,CANONICAL_SINGLE_LAYER,
175726,Quercus virginiana,Mill.,SINGLE_SPECIES_LAYER,0,1,Quercus_virginiana,ATLASG-0543,Quercus virginiana,Quercus virginiana,Mill.,SPECIES,individual_taxa/atlas_pages/Quercus_virginiana.pdf,Quercus_virginiana,757,Little (1971),,,redigitized,1,,175726,Quercus virginiana,Quercus virginiana,Mill.,175726,Mill.,Accepted,RESOLVED,Exact name plus losslessly canonical author resolved to WCVP Accepted species.,CANONICAL_SINGLE_LAYER,
175769,Quercus wislizeni,A.DC.,SINGLE_SPECIES_LAYER,0,1,Quercus_wislizeni,ATLASG-0544,Quercus wislizeni,Quercus wislizeni,A. DC.,SPECIES,individual_taxa/atlas_pages/Quercus_wislizeni.pdf,Quercus_wislizeni,117,Little (1976),,,redigitized,1,,175769,Quercus wislizeni,Quercus wislizeni,A.DC.,175769,A.DC.,Accepted,RESOLVED,Exact name plus losslessly canonical author resolved to WCVP Accepted species.,CANONICAL_SINGLE_LAYER,
181053,Sabal palmetto,(Walter) Lodd. ex Schult. & Schult.f.,SINGLE_SPECIES_LAYER,0,1,Sabal_palmetto,ATLASG-0570,Sabal palmetto,Sabal palmetto,(Walter) Lodd. ex Schult. & Schult. f.,SPECIES,individual_taxa/atlas_pages/Sabal_palmetto.pdf,Sabal_palmetto,170,Little (1971),,,redigitized,1,,181053,Sabal palmetto,Sabal palmetto,(Walter)Lodd.ex Schult.& Schult.f.,181053,(Walter) Lodd. ex Schult. & Schult.f.,Accepted,RESOLVED,Exact name plus losslessly canonical author resolved to WCVP Accepted species.,CANONICAL_SINGLE_LAYER,
191834,Sideroxylon celastrinum,(Kunth) T.D.Penn.,SINGLE_OFFICIAL_ALIAS_LAYER,0,1,Bumelia_celastrina,ATLASG-0098,Bumelia celastrina,Sideroxylon celastrinum,(Kunth) T.D. Penn.,SPECIES,individual_taxa/atlas_pages/Bumelia_celastrina.pdf,Bumelia_celastrina,69,"Little (1976, 1978)",,,redigitized,1,,191834,Sideroxylon celastrinum,Sideroxylon celastrinum,(Kunth)T.D.Penn.,191834,(Kunth) T.D.Penn.,Accepted,RESOLVED,Exact name plus losslessly canonical author resolved to WCVP Accepted species.,CANONICAL_SINGLE_LAYER,
191965,Sideroxylon lanuginosum,Michx.,SINGLE_OFFICIAL_ALIAS_LAYER,0,1,Bumelia_lanuginosa,ATLASG-0099,Bumelia lanuginosa,Sideroxylon lanuginosum,Michx.,SPECIES,individual_taxa/atlas_pages/Bumelia_lanuginosa.pdf,Bumelia_lanuginosa,1603,"Little (1976, 1977)",,,redigitized,1,,191965,Sideroxylon lanuginosum,Sideroxylon lanuginosum,Michx.,191965,Michx.,Accepted,RESOLVED,Exact name plus losslessly canonical author resolved to WCVP Accepted species.,CANONICAL_SINGLE_LAYER,
207675,Triadica sebifera,(L.) Small,NOT_APPLICABLE_CONUS_NONNATIVE,0,0,,,,,,,,,,,,,,0,,,,,,,,,,,NOT_APPLICABLE_CONUS_NONNATIVE,WCVP confirms no native CONUS distribution and introduced CONUS occurrence; Little natural-range mapping is not applicable.
212845,Vernicia fordii,(Hemsl.) Airy Shaw,NOT_APPLICABLE_CONUS_NONNATIVE,0,0,,,,,,,,,,,,,,0,,,,,,,,,,,NOT_APPLICABLE_CONUS_NONNATIVE,WCVP confirms no native CONUS distribution and introduced CONUS occurrence; Little natural-range mapping is not applicable.
320352,Catalpa bignonioides,Walter,UNRESOLVED,1,0,,,,,,,,,,,,,,0,,,,,,,,,,,MAINLINE_REVIEW_REQUIRED,No Atlas row resolved by exact name plus author to this accepted ordinary species.
320410,Catalpa speciosa,Warder ex Teas,UNRESOLVED,1,0,,,,,,,,,,,,,,0,,,,,,,,,,,MAINLINE_REVIEW_REQUIRED,No Atlas row resolved by exact name plus author to this accepted ordinary species.
334053,Ginkgo biloba,L.,NOT_APPLICABLE_CONUS_NONNATIVE,0,0,,,,,,,,,,,,,,0,,,,,,,,,,,NOT_APPLICABLE_CONUS_NONNATIVE,WCVP confirms no native CONUS distribution and introduced CONUS occurrence; Little natural-range mapping is not applicable.
351387,Leucothrinax morrisii,(H.Wendl.) C.Lewis & Zona,UNRESOLVED,1,0,,,,,,,,,,,,,,0,,,,,,,,,,,MAINLINE_REVIEW_REQUIRED,No Atlas row resolved by exact name plus author to this accepted ordinary species.
354176,Ligustrum japonicum,Thunb.,NOT_APPLICABLE_CONUS_NONNATIVE,0,0,,,,,,,,,,,,,,0,,,,,,,,,,,NOT_APPLICABLE_CONUS_NONNATIVE,WCVP confirms no native CONUS distribution and introduced CONUS occurrence; Little natural-range mapping is not applicable.
354188,Ligustrum lucidum,W.T.Aiton,NOT_APPLICABLE_CONUS_NONNATIVE,0,0,,,,,,,,,,,,,,0,,,,,,,,,,,NOT_APPLICABLE_CONUS_NONNATIVE,WCVP confirms no native CONUS distribution and introduced CONUS occurrence; Little natural-range mapping is not applicable.
369466,Fraxinus albicans,Buckley,SINGLE_OFFICIAL_ALIAS_LAYER,0,1,Fraxinus_texensis,ATLASG-0264,Fraxinus texensis,Fraxinus texensis,(A. Gray) Sarg.,SPECIES,individual_taxa/atlas_pages/Fraxinus_texensis.pdf,Fraxinus_texensis,38,Little (1976),,,redigitized,1,,369466,Fraxinus albicans,Fraxinus texensis,(A.Gray)Sarg.,370174,(A.Gray) Sarg.,Synonym,RESOLVED,Exact name plus losslessly canonical author resolved to WCVP Accepted species.,CANONICAL_SINGLE_LAYER,
369468,Fraxinus americana,L.,SINGLE_SPECIES_LAYER,0,1,Fraxinus_americana,ATLASG-0252,Fraxinus americana,Fraxinus americana,L.,SPECIES,individual_taxa/atlas_pages/Fraxinus_americana.pdf,Fraxinus_americana,4264,Little (1971),,,redigitized,1,,369468,Fraxinus americana,Fraxinus americana,L.,369468,L.,Accepted,RESOLVED,Exact name plus losslessly canonical author resolved to WCVP Accepted species.,CANONICAL_SINGLE_LAYER,
369564,Fraxinus berlandieriana,A.DC.,SINGLE_SPECIES_LAYER,0,1,Fraxinus_berlandieriana,ATLASG-0254,Fraxinus berlandieriana,Fraxinus berlandieriana,A. DC.,SPECIES,individual_taxa/atlas_pages/Fraxinus_berlandieriana.pdf,Fraxinus_berlandieriana,104,Little (1976),,,redigitized,1,,369564,Fraxinus berlandieriana,Fraxinus berlandieriana,A.DC.,369564,A.DC.,Accepted,RESOLVED,Exact name plus losslessly canonical author resolved to WCVP Accepted species.,CANONICAL_SINGLE_LAYER,
369591,Fraxinus caroliniana,Mill.,SINGLE_SPECIES_LAYER,0,1,Fraxinus_caroliniana,ATLASG-0255,Fraxinus caroliniana,Fraxinus caroliniana,Mill.,SPECIES,individual_taxa/atlas_pages/Fraxinus_caroliniana.pdf,Fraxinus_caroliniana,661,Little (1977),,,redigitized,1,,369591,Fraxinus caroliniana,Fraxinus caroliniana,Mill.,369591,Mill.,Accepted,RESOLVED,Exact name plus losslessly canonical author resolved to WCVP Accepted species.,CANONICAL_SINGLE_LAYER,
369836,Fraxinus latifolia,Benth.,SINGLE_SPECIES_LAYER,0,1,Fraxinus_latifolia,ATLASG-0259,Fraxinus latifolia,Fraxinus latifolia,Benth.,SPECIES,individual_taxa/atlas_pages/Fraxinus_latifolia.pdf,Fraxinus_latifolia,227,Little (1971),,,redigitized,1,,369836,Fraxinus latifolia,Fraxinus latifolia,Benth.,369836,Benth.,Accepted,RESOLVED,Exact name plus losslessly canonical author resolved to WCVP Accepted species.,CANONICAL_SINGLE_LAYER,
369888,Fraxinus nigra,Marshall,SINGLE_SPECIES_LAYER,0,1,Fraxinus_nigra,ATLASG-0260,Fraxinus nigra,Fraxinus nigra,Marshall,SPECIES,individual_taxa/atlas_pages/Fraxinus_nigra.pdf,Fraxinus_nigra,2923,Little (1971),,,redigitized,1,,369888,Fraxinus nigra,Fraxinus nigra,Marshall,369888,Marshall,Accepted,RESOLVED,Exact name plus losslessly canonical author resolved to WCVP Accepted species.,CANONICAL_SINGLE_LAYER,
370006,Fraxinus pennsylvanica,Marshall,SINGLE_SPECIES_LAYER,0,1,Fraxinus_pennsylvanica,ATLASG-0261,Fraxinus pennsylvanica,Fraxinus pennsylvanica,Marshall,SPECIES,individual_taxa/atlas_pages/Fraxinus_pennsylvanica.pdf,Fraxinus_pennsylvanica,7310,Little (1971),,,redigitized,1,,370006,Fraxinus pennsylvanica,Fraxinus pennsylvanica,Marshall,370006,Marshall,Accepted,RESOLVED,Exact name plus losslessly canonical author resolved to WCVP Accepted species.,CANONICAL_SINGLE_LAYER,
370051,Fraxinus profunda,(Bush) Bush,SINGLE_SPECIES_LAYER,0,1,Fraxinus_profunda,ATLASG-0262,Fraxinus profunda,Fraxinus profunda,(Bush) Bush,SPECIES,individual_taxa/atlas_pages/Fraxinus_profunda.pdf,Fraxinus_profunda,246,Little (1977),,,redigitized,1,,370051,Fraxinus profunda,Fraxinus profunda,(Bush)Bush,370051,(Bush) Bush,Accepted,RESOLVED,Exact name plus losslessly canonical author resolved to WCVP Accepted species.,CANONICAL_SINGLE_LAYER,
370075,Fraxinus quadrangulata,Michx.,SINGLE_SPECIES_LAYER,0,1,Fraxinus_quadrangulata,ATLASG-0263,Fraxinus quadrangulata,Fraxinus quadrangulata,Michx.,SPECIES,individual_taxa/atlas_pages/Fraxinus_quadrangulata.pdf,Fraxinus_quadrangulata,516,Little (1971),,,redigitized,1,,370075,Fraxinus quadrangulata,Fraxinus quadrangulata,Michx.,370075,Michx.,Accepted,RESOLVED,Exact name plus losslessly canonical author resolved to WCVP Accepted species.,CANONICAL_SINGLE_LAYER,
370195,Fraxinus velutina,Torr.,SINGLE_SPECIES_LAYER,0,1,Fraxinus_velutina,ATLASG-0265,Fraxinus velutina,Fraxinus velutina,Torr.,SPECIES,individual_taxa/atlas_pages/Fraxinus_velutina.pdf,Fraxinus_velutina,119,Little (1976),,,redigitized,1,,370195,Fraxinus velutina,Fraxinus velutina,Torr.,370195,Torr.,Accepted,RESOLVED,Exact name plus losslessly canonical author resolved to WCVP Accepted species.,CANONICAL_SINGLE_LAYER,
377287,Juniperus virginiana,L.,MULTIPLE_OTHER_LAYERS,1,0,,ATLASG-0325,Juniperus silicicola,Juniperus virginiana var. silicicola,(Small) A.E. Murray,SPECIES,individual_taxa/atlas_pages/Juniperus_silicicola.pdf,Juniperus_silicicola,207,Little (1971),,,redigitized,1,,377287,Juniperus virginiana,Juniperus virginiana var. silicicola,(Small)A.E.Murray,377291,(Small) A.E.Murray,Accepted,RESOLVED,Exact authored infraspecific component resolved through explicit parent to WCVP Accepted species.,MAINLINE_REVIEW_REQUIRED,MULTIPLE_OTHER_LAYERS
377287,Juniperus virginiana,L.,MULTIPLE_OTHER_LAYERS,1,0,,ATLASG-0326,Juniperus virginiana,Juniperus virginiana,L.,SPECIES,individual_taxa/atlas_pages/Juniperus_virginiana.pdf,Juniperus_virginiana,4197,Little (1971),,,redigitized,1,,377287,Juniperus virginiana,Juniperus virginiana,L.,377287,L.,Accepted,RESOLVED,Exact name plus losslessly canonical author resolved to WCVP Accepted species.,MAINLINE_REVIEW_REQUIRED,MULTIPLE_OTHER_LAYERS
377330,Juniperus scopulorum,Sarg.,SINGLE_SPECIES_LAYER,0,1,Juniperus_scopulorum,ATLASG-0324,Juniperus scopulorum,Juniperus scopulorum,Sarg.,SPECIES,individual_taxa/atlas_pages/Juniperus_scopulorum.pdf,Juniperus_scopulorum,844,Little (1971),,,redigitized,1,,377330,Juniperus scopulorum,Juniperus scopulorum,Sarg.,377330,Sarg.,Accepted,RESOLVED,Exact name plus losslessly canonical author resolved to WCVP Accepted species.,CANONICAL_SINGLE_LAYER,
377371,Juniperus deppeana,Steud.,SINGLE_SPECIES_LAYER,0,1,Juniperus_deppeana,ATLASG-0317,Juniperus deppeana,Juniperus deppeana,Steud.,SPECIES,individual_taxa/atlas_pages/Juniperus_deppeana.pdf,Juniperus_deppeana,80,Little (1971),,,redigitized,1,,377371,Juniperus deppeana,Juniperus deppeana,Steud.,377371,Steud.,Accepted,RESOLVED,Exact name plus losslessly canonical author resolved to WCVP Accepted species.,CANONICAL_SINGLE_LAYER,
377397,Juniperus flaccida,Schltdl.,UNRESOLVED,1,0,,,,,,,,,,,,,,0,,,,,,,,,,,MAINLINE_REVIEW_REQUIRED,No Atlas row resolved by exact name plus author to this accepted ordinary species.
377454,Juniperus ashei,J.Buchholz,SINGLE_SPECIES_LAYER,0,1,Juniperus_ashei,ATLASG-0314,Juniperus ashei,Juniperus ashei,J. Buchholz,SPECIES,individual_taxa/atlas_pages/Juniperus_ashei.pdf,Juniperus_ashei,66,Little (1971),,,redigitized,1,,377454,Juniperus ashei,Juniperus ashei,J.Buchholz,377454,J.Buchholz,Accepted,RESOLVED,Exact name plus losslessly canonical author resolved to WCVP Accepted species.,CANONICAL_SINGLE_LAYER,
377511,Juniperus coahuilensis,(Martínez) Gaussen ex R.P.Adams,SINGLE_OFFICIAL_ALIAS_LAYER,0,1,Juniperus_erythrocarpa,ATLASG-0318,Juniperus erythrocarpa,Juniperus coahuilensis,(Martínez) Gaussen ex R.P. Adams,SPECIES,individual_taxa/atlas_pages/Juniperus_erythrocarpa.pdf,Juniperus_erythrocarpa,34,Little (1981),,,redigitized,1,,377511,Juniperus coahuilensis,Juniperus coahuilensis,(Martínez)Gaussen ex R.P.Adams,377511,(Martínez) Gaussen ex R.P.Adams,Accepted,RESOLVED,Exact name plus losslessly canonical author resolved to WCVP Accepted species.,CANONICAL_SINGLE_LAYER,
377520,Juniperus californica,Carrière,SINGLE_SPECIES_LAYER,0,1,Juniperus_californica,ATLASG-0315,Juniperus californica,Juniperus californica,Carrière,SPECIES,individual_taxa/atlas_pages/Juniperus_californica.pdf,Juniperus_californica,125,Little (1971); Calflora (2013),,,remapped,1,,377520,Juniperus californica,Juniperus californica,Carrière,377520,Carrière,Accepted,RESOLVED,Exact name plus losslessly canonical author resolved to WCVP Accepted species.,CANONICAL_SINGLE_LAYER,
377543,Juniperus monosperma,(Engelm.) Sarg.,SINGLE_SPECIES_LAYER,0,1,Juniperus_monosperma,ATLASG-0320,Juniperus monosperma,Juniperus monosperma,(Engelm.) Sarg.,SPECIES,individual_taxa/atlas_pages/Juniperus_monosperma.pdf,Juniperus_monosperma,212,Little (1971),,,redigitized,1,,377543,Juniperus monosperma,Juniperus monosperma,(Engelm.)Sarg.,377543,(Engelm.) Sarg.,Accepted,RESOLVED,Exact name plus losslessly canonical author resolved to WCVP Accepted species.,CANONICAL_SINGLE_LAYER,
377592,Juniperus occidentalis,Hook.,SINGLE_SPECIES_LAYER,0,1,Juniperus_occidentalis,ATLASG-0321,Juniperus occidentalis,Juniperus occidentalis,Hook.,SPECIES,individual_taxa/atlas_pages/Juniperus_occidentalis.pdf,Juniperus_occidentalis,165,Little (1971),,,redigitized,1,,377592,Juniperus occidentalis,Juniperus occidentalis,Hook.,377592,Hook.,Accepted,RESOLVED,Exact name plus losslessly canonical author resolved to WCVP Accepted species.,CANONICAL_SINGLE_LAYER,
377597,Juniperus osteosperma,(Torr.) Little,SINGLE_SPECIES_LAYER,0,1,Juniperus_osteosperma,ATLASG-0322,Juniperus osteosperma,Juniperus osteosperma,(Torr.) Little,SPECIES,individual_taxa/atlas_pages/Juniperus_osteosperma.pdf,Juniperus_osteosperma,415,Little (1971),,,redigitized,1,,377597,Juniperus osteosperma,Juniperus osteosperma,(Torr.)Little,377597,(Torr.) Little,Accepted,RESOLVED,Exact name plus losslessly canonical author resolved to WCVP Accepted species.,CANONICAL_SINGLE_LAYER,
377678,Juniperus pinchotii,Sudw.,SINGLE_SPECIES_LAYER,0,1,Juniperus_pinchotii,ATLASG-0323,Juniperus pinchotii,Juniperus pinchotii,Sudw.,SPECIES,individual_taxa/atlas_pages/Juniperus_pinchotii.pdf,Juniperus_pinchotii,144,Little (1971),,,redigitized,1,,377678,Juniperus pinchotii,Juniperus pinchotii,Sudw.,377678,Sudw.,Accepted,RESOLVED,Exact name plus losslessly canonical author resolved to WCVP Accepted species.,CANONICAL_SINGLE_LAYER,
378313,Pseudotsuga macrocarpa,(Vasey) Mayr,SINGLE_SPECIES_LAYER,0,1,Pseudotsuga_macrocarpa,ATLASG-0481,Pseudotsuga macrocarpa,Pseudotsuga macrocarpa,(Vasey) Mayr,SPECIES,individual_taxa/atlas_pages/Pseudotsuga_macrocarpa.pdf,Pseudotsuga_macrocarpa,11,Little (1971),,,redigitized,1,,378313,Pseudotsuga macrocarpa,Pseudotsuga macrocarpa,(Vasey)Mayr,378313,(Vasey) Mayr,Accepted,RESOLVED,Exact name plus losslessly canonical author resolved to WCVP Accepted species.,CANONICAL_SINGLE_LAYER,
378542,Thuja occidentalis,L.,SINGLE_SPECIES_LAYER,0,1,Thuja_occidentalis,ATLASG-0644,Thuja occidentalis,Thuja occidentalis,L.,SPECIES,individual_taxa/atlas_pages/Thuja_occidentalis.pdf,Thuja_occidentalis,2420,Little (1971),,,redigitized,1,,378542,Thuja occidentalis,Thuja occidentalis,L.,378542,L.,Accepted,RESOLVED,Exact name plus losslessly canonical author resolved to WCVP Accepted species.,CANONICAL_SINGLE_LAYER,
378546,Thuja plicata,Donn ex D.Don,SINGLE_SPECIES_LAYER,0,1,Thuja_plicata,ATLASG-0645,Thuja plicata,Thuja plicata,Donn ex D. Don,SPECIES,individual_taxa/atlas_pages/Thuja_plicata.pdf,Thuja_plicata,607,Little (1971); Viereck and Little (1975),,,redigitized,1,,378546,Thuja plicata,Thuja plicata,Donn ex D.Don,378546,Donn ex D.Don,Accepted,RESOLVED,Exact name plus losslessly canonical author resolved to WCVP Accepted species.,CANONICAL_SINGLE_LAYER,
378596,Taxodium distichum,(L.) Rich.,SINGLE_SPECIES_LAYER,0,1,Taxodium_distichum,ATLASG-0638,Taxodium distichum,Taxodium distichum,(L.) Rich.,SPECIES,individual_taxa/atlas_pages/Taxodium_distichum.pdf,Taxodium_distichum,1311,Little (1971),,,redigitized,1,,378596,Taxodium distichum,Taxodium distichum,(L.)Rich.,378596,(L.) Rich.,Accepted,RESOLVED,Exact name plus losslessly canonical author resolved to WCVP Accepted species.,CANONICAL_SINGLE_LAYER,
378623,Taxus brevifolia,Nutt.,SINGLE_SPECIES_LAYER,0,1,Taxus_brevifolia,ATLASG-0639,Taxus brevifolia,Taxus brevifolia,Nutt.,SPECIES,individual_taxa/atlas_pages/Taxus_brevifolia.pdf,Taxus_brevifolia,566,Little (1971); Viereck and Little (1975),,,redigitized,1,,378623,Taxus brevifolia,Taxus brevifolia,Nutt.,378623,Nutt.,Accepted,RESOLVED,Exact name plus losslessly canonical author resolved to WCVP Accepted species.,CANONICAL_SINGLE_LAYER,
378636,Torreya californica,Torr.,SINGLE_SPECIES_LAYER,0,1,Torreya_californica,ATLASG-0649,Torreya californica,Torreya californica,Torr.,SPECIES,individual_taxa/atlas_pages/Torreya_californica.pdf,Torreya_californica,4,Little (1971),,,redigitized,1,,378636,Torreya californica,Torreya californica,Torr.,378636,Torr.,Accepted,RESOLVED,Exact name plus losslessly canonical author resolved to WCVP Accepted species.,CANONICAL_SINGLE_LAYER,
378988,Sequoia sempervirens,(D.Don) Endl.,SINGLE_SPECIES_LAYER,0,1,Sequoia_sempervirens,ATLASG-0613,Sequoia sempervirens,Sequoia sempervirens,(D. Don) Endl.,SPECIES,individual_taxa/atlas_pages/Sequoia_sempervirens.pdf,Sequoia_sempervirens,18,Little (1971),,,redigitized,1,,378988,Sequoia sempervirens,Sequoia sempervirens,(D.Don)Endl.,378988,(D.Don) Endl.,Accepted,RESOLVED,Exact name plus losslessly canonical author resolved to WCVP Accepted species.,CANONICAL_SINGLE_LAYER,
379072,Larix laricina,(Du Roi) K.Koch,SINGLE_SPECIES_LAYER,0,1,Larix_laricina,ATLASG-0332,Larix laricina,Larix laricina,(Du Roi) K. Koch,SPECIES,individual_taxa/atlas_pages/Larix_laricina.pdf,Larix_laricina,8762,Little (1971); Viereck and Little (1975),,,redigitized,1,,379072,Larix laricina,Larix laricina,(Du Roi)K.Koch,379072,(Du Roi) K.Koch,Accepted,RESOLVED,Exact name plus losslessly canonical author resolved to WCVP Accepted species.,CANONICAL_SINGLE_LAYER,
379089,Larix lyallii,Parl.,SINGLE_SPECIES_LAYER,0,1,Larix_lyallii,ATLASG-0333,Larix lyallii,Larix lyallii,Parl.,SPECIES,individual_taxa/atlas_pages/Larix_lyallii.pdf,Larix_lyallii,50,Little (1971),,,redigitized,1,,379089,Larix lyallii,Larix lyallii,Parl.,379089,Parl.,Accepted,RESOLVED,Exact name plus losslessly canonical author resolved to WCVP Accepted species.,CANONICAL_SINGLE_LAYER,
379096,Larix occidentalis,Nutt.,SINGLE_SPECIES_LAYER,0,1,Larix_occidentalis,ATLASG-0334,Larix occidentalis,Larix occidentalis,Nutt.,SPECIES,individual_taxa/atlas_pages/Larix_occidentalis.pdf,Larix_occidentalis,245,Little (1971),,,redigitized,1,,379096,Larix occidentalis,Larix occidentalis,Nutt.,379096,Nutt.,Accepted,RESOLVED,Exact name plus losslessly canonical author resolved to WCVP Accepted species.,CANONICAL_SINGLE_LAYER,
379363,Tsuga canadensis,(L.) Carrière,SINGLE_SPECIES_LAYER,0,1,Tsuga_canadensis,ATLASG-0653,Tsuga canadensis,Tsuga canadensis,(L.) Carrière,SPECIES,individual_taxa/atlas_pages/Tsuga_canadensis.pdf,Tsuga_canadensis,1790,Little (1971),,,redigitized,1,,379363,Tsuga canadensis,Tsuga canadensis,(L.)Carrière,379363,(L.) Carrière,Accepted,RESOLVED,Exact name plus losslessly canonical author resolved to WCVP Accepted species.,CANONICAL_SINGLE_LAYER,
379383,Tsuga caroliniana,Engelm.,SINGLE_SPECIES_LAYER,0,1,Tsuga_caroliniana,ATLASG-0654,Tsuga caroliniana,Tsuga caroliniana,Engelm.,SPECIES,individual_taxa/atlas_pages/Tsuga_caroliniana.pdf,Tsuga_caroliniana,27,Little (1971),,,redigitized,1,,379383,Tsuga caroliniana,Tsuga caroliniana,Engelm.,379383,Engelm.,Accepted,RESOLVED,Exact name plus losslessly canonical author resolved to WCVP Accepted species.,CANONICAL_SINGLE_LAYER,
379395,Tsuga heterophylla,(Raf.) Sarg.,SINGLE_SPECIES_LAYER,0,1,Tsuga_heterophylla,ATLASG-0655,Tsuga heterophylla,Tsuga heterophylla,(Raf.) Sarg.,SPECIES,individual_taxa/atlas_pages/Tsuga_heterophylla.pdf,Tsuga_heterophylla,647,Little (1971); Viereck and Little (1975),,,redigitized,1,,379395,Tsuga heterophylla,Tsuga heterophylla,(Raf.)Sarg.,379395,(Raf.) Sarg.,Accepted,RESOLVED,Exact name plus losslessly canonical author resolved to WCVP Accepted species.,CANONICAL_SINGLE_LAYER,
379433,Tsuga mertensiana,(Bong.) Oerst.,UNRESOLVED,1,0,,,,,,,,,,,,,,0,,,,,,,,,,,MAINLINE_REVIEW_REQUIRED,No Atlas row resolved by exact name plus author to this accepted ordinary species.
379633,Pseudotsuga menziesii,(Mirb.) Franco,SINGLE_SPECIES_LAYER,0,1,Pseudotsuga_menziesii,ATLASG-0482,Pseudotsuga menziesii,Pseudotsuga menziesii,(Mirb.) Franco,SPECIES,individual_taxa/atlas_pages/Pseudotsuga_menziesii.pdf,Pseudotsuga_menziesii,1543,Little (1971),,,redigitized,1,,379633,Pseudotsuga menziesii,Pseudotsuga menziesii,(Mirb.)Franco,379633,(Mirb.) Franco,Accepted,RESOLVED,Exact name plus losslessly canonical author resolved to WCVP Accepted species.,CANONICAL_SINGLE_LAYER,
379703,Pinus lambertiana,Douglas,SINGLE_SPECIES_LAYER,0,1,Pinus_lambertiana,ATLASG-0429,Pinus lambertiana,Pinus lambertiana,Douglas,SPECIES,individual_taxa/atlas_pages/Pinus_lambertiana.pdf,Pinus_lambertiana,157,Little (1971),,,redigitized,1,,379703,Pinus lambertiana,Pinus lambertiana,Douglas,379703,Douglas,Accepted,RESOLVED,Exact name plus losslessly canonical author resolved to WCVP Accepted species.,CANONICAL_SINGLE_LAYER,
379708,Pinus jeffreyi,Balf.,SINGLE_SPECIES_LAYER,0,1,Pinus_jeffreyi,ATLASG-0428,Pinus jeffreyi,Pinus jeffreyi,Balf.,SPECIES,individual_taxa/atlas_pages/Pinus_jeffreyi.pdf,Pinus_jeffreyi,115,Little (1971),,,redigitized,1,,379708,Pinus jeffreyi,Pinus jeffreyi,Balf.,379708,Balf.,Accepted,RESOLVED,Exact name plus losslessly canonical author resolved to WCVP Accepted species.,CANONICAL_SINGLE_LAYER,
379762,Pinus longaeva,D.K.Bailey,SINGLE_SPECIES_LAYER,1,0,,ATLASG-0431,Pinus longaeva,Pinus longaeva,D.K. Bailey,SPECIES,individual_taxa/atlas_pages/Pinus_longaeva.pdf,Pinus_longaeva,33,Bailey (1970); Little (1971),"Bailey, 1970",We follow Bailey (1970) in the division of what was Pinus aristata (as mapped in Little [1971]) into Pinus aristata and Pinus longaeva. We further revised the distribution of Pinus longaeva based on newer sources,remapped,1,,379762,Pinus longaeva,Pinus longaeva,D.K.Bailey,379762,D.K.Bailey,Accepted,RESOLVED,Exact name plus losslessly canonical author resolved to WCVP Accepted species.,MAINLINE_REVIEW_REQUIRED,ATLAS_NOTES_NONBLANK
379770,Pinus leiophylla,Schiede ex Schltdl. & Cham.,SINGLE_SPECIES_LAYER,0,1,Pinus_leiophylla,ATLASG-0430,Pinus leiophylla,Pinus leiophylla,Schiede ex Schltdl. & Cham.,SPECIES,individual_taxa/atlas_pages/Pinus_leiophylla.pdf,Pinus_leiophylla,13,Little (1971); Critchfield & Little (1966),,,redigitized,1,,379770,Pinus leiophylla,Pinus leiophylla,Schiede ex Schltdl.& Cham.,379770,Schiede ex Schltdl. & Cham.,Accepted,RESOLVED,Exact name plus losslessly canonical author resolved to WCVP Accepted species.,CANONICAL_SINGLE_LAYER,
379818,Pinus echinata,Mill.,SINGLE_SPECIES_LAYER,0,1,Pinus_echinata,ATLASG-0422,Pinus echinata,Pinus echinata,Mill.,SPECIES,individual_taxa/atlas_pages/Pinus_echinata.pdf,Pinus_echinata,1645,Little (1971),,,redigitized,1,,379818,Pinus echinata,Pinus echinata,Mill.,379818,Mill.,Accepted,RESOLVED,Exact name plus losslessly canonical author resolved to WCVP Accepted species.,CANONICAL_SINGLE_LAYER,
379820,Pinus edulis,Engelm.,SINGLE_SPECIES_LAYER,0,1,Pinus_edulis,ATLASG-0423,Pinus edulis,Pinus edulis,Engelm.,SPECIES,individual_taxa/atlas_pages/Pinus_edulis.pdf,Pinus_edulis,364,Little (1971),,,redigitized,1,,379820,Pinus edulis,Pinus edulis,Engelm.,379820,Engelm.,Accepted,RESOLVED,Exact name plus losslessly canonical author resolved to WCVP Accepted species.,CANONICAL_SINGLE_LAYER,
379837,Pinus discolor,D.K.Bailey & Hawksw.,UNRESOLVED,1,0,,,,,,,,,,,,,,0,,,,,,,,,,,MAINLINE_REVIEW_REQUIRED,No Atlas row resolved by exact name plus author to this accepted ordinary species.
379843,Pinus contorta,Douglas ex Loudon,SINGLE_SPECIES_LAYER,0,1,Pinus_contorta,ATLASG-0420,Pinus contorta,Pinus contorta,Douglas ex Loudon,SPECIES,individual_taxa/atlas_pages/Pinus_contorta.pdf,Pinus_contorta,2319,Little (1971); Viereck and Little (1975),,,redigitized,1,,379843,Pinus contorta,Pinus contorta,Douglas ex Loudon,379843,Douglas ex Loudon,Accepted,RESOLVED,Exact name plus losslessly canonical author resolved to WCVP Accepted species.,CANONICAL_SINGLE_LAYER,
379852,Pinus coulteri,D.Don,UNRESOLVED,1,0,,,,,,,,,,,,,,0,,,,,,,,,,,MAINLINE_REVIEW_REQUIRED,No Atlas row resolved by exact name plus author to this accepted ordinary species.
379871,Pinus clausa,(Chapm. ex Engelm.) Vasey ex Sarg.,UNRESOLVED,1,0,,,,,,,,,,,,,,0,,,,,,,,,,,MAINLINE_REVIEW_REQUIRED,No Atlas row resolved by exact name plus author to this accepted ordinary species.
379943,Pinus elliottii,Engelm.,SINGLE_SPECIES_LAYER,0,1,Pinus_elliottii,ATLASG-0424,Pinus elliottii,Pinus elliottii,Engelm.,SPECIES,individual_taxa/atlas_pages/Pinus_elliottii.pdf,Pinus_elliottii,379,Little (1971),,,redigitized,1,,379943,Pinus elliottii,Pinus elliottii,Engelm.,379943,Engelm.,Accepted,RESOLVED,Exact name plus losslessly canonical author resolved to WCVP Accepted species.,CANONICAL_SINGLE_LAYER,
379946,Pinus engelmannii,Carrière,SINGLE_SPECIES_LAYER,0,1,Pinus_engelmannii,ATLASG-0425,Pinus engelmannii,Pinus engelmannii,Carrière,SPECIES,individual_taxa/atlas_pages/Pinus_engelmannii.pdf,Pinus_engelmannii,7,Little (1971),,,redigitized,1,,379946,Pinus engelmannii,Pinus engelmannii,Carrière,379946,Carrière,Accepted,RESOLVED,Exact name plus losslessly canonical author resolved to WCVP Accepted species.,CANONICAL_SINGLE_LAYER,
379966,Pinus glabra,Walter,SINGLE_SPECIES_LAYER,0,1,Pinus_glabra,ATLASG-0427,Pinus glabra,Pinus glabra,Walter,SPECIES,individual_taxa/atlas_pages/Pinus_glabra.pdf,Pinus_glabra,337,Little (1971),,,redigitized,1,,379966,Pinus glabra,Pinus glabra,Walter,379966,Walter,Accepted,RESOLVED,Exact name plus losslessly canonical author resolved to WCVP Accepted species.,CANONICAL_SINGLE_LAYER,
379971,Pinus flexilis,E.James,UNRESOLVED,1,0,,,,,,,,,,,,,,0,,,,,,,,,,,MAINLINE_REVIEW_REQUIRED,No Atlas row resolved by exact name plus author to this accepted ordinary species.
379991,Pinus serotina,Michx.,SINGLE_SPECIES_LAYER,0,1,Pinus_serotina,ATLASG-0442,Pinus serotina,Pinus serotina,Michx.,SPECIES,individual_taxa/atlas_pages/Pinus_serotina.pdf,Pinus_serotina,465,Little (1971),,,redigitized,1,,379991,Pinus serotina,Pinus serotina,Michx.,379991,Michx.,Accepted,RESOLVED,Exact name plus losslessly canonical author resolved to WCVP Accepted species.,CANONICAL_SINGLE_LAYER,
380011,Pinus sabiniana,Douglas,UNRESOLVED,1,0,,,,,,,,,,,,,,0,,,,,,,,,,,MAINLINE_REVIEW_REQUIRED,No Atlas row resolved by exact name plus author to this accepted ordinary species.
380012,Pinus strobiformis,Engelm.,SINGLE_SPECIES_LAYER,0,1,Pinus_strobiformis,ATLASG-0443,Pinus strobiformis,Pinus strobiformis,Engelm.,SPECIES,individual_taxa/atlas_pages/Pinus_strobiformis.pdf,Pinus_strobiformis,23,Little (1971); Critchfield and Little (1966),,,redigitized,1,,380012,Pinus strobiformis,Pinus strobiformis,Engelm.,380012,Engelm.,Accepted,RESOLVED,Exact name plus losslessly canonical author resolved to WCVP Accepted species.,CANONICAL_SINGLE_LAYER,
380022,Pinus strobus,L.,SINGLE_SPECIES_LAYER,0,1,Pinus_strobus,ATLASG-0444,Pinus strobus,Pinus strobus,L.,SPECIES,individual_taxa/atlas_pages/Pinus_strobus.pdf,Pinus_strobus,2763,Little (1971),,,redigitized,1,,380022,Pinus strobus,Pinus strobus,L.,380022,L.,Accepted,RESOLVED,Exact name plus losslessly canonical author resolved to WCVP Accepted species.,CANONICAL_SINGLE_LAYER,
380091,Pinus virginiana,Mill.,SINGLE_SPECIES_LAYER,0,1,Pinus_virginiana,ATLASG-0446,Pinus virginiana,Pinus virginiana,Mill.,SPECIES,individual_taxa/atlas_pages/Pinus_virginiana.pdf,Pinus_virginiana,796,Little (1971),,,redigitized,1,,380091,Pinus virginiana,Pinus virginiana,Mill.,380091,Mill.,Accepted,RESOLVED,Exact name plus losslessly canonical author resolved to WCVP Accepted species.,CANONICAL_SINGLE_LAYER,
380126,Pinus sylvestris,L.,NOT_APPLICABLE_CONUS_NONNATIVE,0,0,,,,,,,,,,,,,,0,,,,,,,,,,,NOT_APPLICABLE_CONUS_NONNATIVE,WCVP confirms no native CONUS distribution and introduced CONUS occurrence; Little natural-range mapping is not applicable.
380129,Pinus taeda,L.,SINGLE_SPECIES_LAYER,0,1,Pinus_taeda,ATLASG-0445,Pinus taeda,Pinus taeda,L.,SPECIES,individual_taxa/atlas_pages/Pinus_taeda.pdf,Pinus_taeda,1287,Little (1971),,,redigitized,1,,380129,Pinus taeda,Pinus taeda,L.,380129,L.,Accepted,RESOLVED,Exact name plus losslessly canonical author resolved to WCVP Accepted species.,CANONICAL_SINGLE_LAYER,
380171,Pinus nigra,J.F.Arnold,NOT_APPLICABLE_CONUS_NONNATIVE,0,0,,,,,,,,,,,,,,0,,,,,,,,,,,NOT_APPLICABLE_CONUS_NONNATIVE,WCVP confirms no native CONUS distribution and introduced CONUS occurrence; Little natural-range mapping is not applicable.
380231,Pinus monophylla,Torr. & Frém.,SINGLE_SPECIES_LAYER,0,1,Pinus_monophylla,ATLASG-0432,Pinus monophylla,Pinus monophylla,Torr. & Frém.,SPECIES,individual_taxa/atlas_pages/Pinus_monophylla.pdf,Pinus_monophylla,120,Little (1971),,,redigitized,1,,380231,Pinus monophylla,Pinus monophylla,Torr.& Frém.,380231,Torr. & Frém.,Accepted,RESOLVED,Exact name plus losslessly canonical author resolved to WCVP Accepted species.,CANONICAL_SINGLE_LAYER,
380239,Pinus muricata,D.Don,SINGLE_SPECIES_LAYER,0,1,Pinus_muricata,ATLASG-0434,Pinus muricata,Pinus muricata,D. Don,SPECIES,individual_taxa/atlas_pages/Pinus_muricata.pdf,Pinus_muricata,3,Little (1971),,,redigitized,1,,380239,Pinus muricata,Pinus muricata,D.Don,380239,D.Don,Accepted,RESOLVED,Exact name plus losslessly canonical author resolved to WCVP Accepted species.,CANONICAL_SINGLE_LAYER,
380255,Pinus monticola,Douglas ex D.Don,SINGLE_SPECIES_LAYER,0,1,Pinus_monticola,ATLASG-0433,Pinus monticola,Pinus monticola,Douglas ex D. Don,SPECIES,individual_taxa/atlas_pages/Pinus_monticola.pdf,Pinus_monticola,462,Little (1971),,,redigitized,1,,380255,Pinus monticola,Pinus monticola,Douglas ex D.Don,380255,Douglas ex D.Don,Accepted,RESOLVED,Exact name plus losslessly canonical author resolved to WCVP Accepted species.,CANONICAL_SINGLE_LAYER,
380268,Pinus palustris,Mill.,SINGLE_SPECIES_LAYER,0,1,Pinus_palustris,ATLASG-0435,Pinus palustris,Pinus palustris,Mill.,SPECIES,individual_taxa/atlas_pages/Pinus_palustris.pdf,Pinus_palustris,773,Little (1971),,,redigitized,1,,380268,Pinus palustris,Pinus palustris,Mill.,380268,Mill.,Accepted,RESOLVED,Exact name plus losslessly canonical author resolved to WCVP Accepted species.,CANONICAL_SINGLE_LAYER,
380272,Pinus pungens,Lamb.,SINGLE_SPECIES_LAYER,0,1,Pinus_pungens,ATLASG-0437,Pinus pungens,Pinus pungens,Lamb.,SPECIES,individual_taxa/atlas_pages/Pinus_pungens.pdf,Pinus_pungens,132,Little (1971),,,redigitized,1,,380272,Pinus pungens,Pinus pungens,Lamb.,380272,Lamb.,Accepted,RESOLVED,Exact name plus losslessly canonical author resolved to WCVP Accepted species.,CANONICAL_SINGLE_LAYER,
380293,Pinus rigida,Mill.,SINGLE_SPECIES_LAYER,0,1,Pinus_rigida,ATLASG-0440,Pinus rigida,Pinus rigida,Mill.,SPECIES,individual_taxa/atlas_pages/Pinus_rigida.pdf,Pinus_rigida,714,Little (1971),,,redigitized,1,,380293,Pinus rigida,Pinus rigida,Mill.,380293,Mill.,Accepted,RESOLVED,Exact name plus losslessly canonical author resolved to WCVP Accepted species.,CANONICAL_SINGLE_LAYER,
380297,Pinus radiata,D.Don,UNRESOLVED,1,0,,,,,,,,,,,,,,0,,,,,,,,,,,MAINLINE_REVIEW_REQUIRED,No Atlas row resolved by exact name plus author to this accepted ordinary species.
380302,Pinus resinosa,Aiton,SINGLE_SPECIES_LAYER,0,1,Pinus_resinosa,ATLASG-0439,Pinus resinosa,Pinus resinosa,Aiton,SPECIES,individual_taxa/atlas_pages/Pinus_resinosa.pdf,Pinus_resinosa,1757,Little (1971),,,redigitized,1,,380302,Pinus resinosa,Pinus resinosa,Aiton,380302,Aiton,Accepted,RESOLVED,Exact name plus losslessly canonical author resolved to WCVP Accepted species.,CANONICAL_SINGLE_LAYER,
380317,Pinus remota,(Little) D.K.Bailey & Hawksw.,UNRESOLVED,1,0,,,,,,,,,,,,,,0,,,,,,,,,,,MAINLINE_REVIEW_REQUIRED,No Atlas row resolved by exact name plus author to this accepted ordinary species.
380358,Pinus ponderosa,Douglas ex C.Lawson,UNRESOLVED,1,0,,,,,,,,,,,,,,0,,,,,,,,,,,MAINLINE_REVIEW_REQUIRED,No Atlas row resolved by exact name plus author to this accepted ordinary species.
380406,Picea abies,(L.) H.Karst.,NOT_APPLICABLE_CONUS_NONNATIVE,0,0,,,,,,,,,,,,,,0,,,,,,,,,,,NOT_APPLICABLE_CONUS_NONNATIVE,WCVP confirms no native CONUS distribution and introduced CONUS occurrence; Little natural-range mapping is not applicable.
380484,Pinus cembroides,Zucc.,SINGLE_SPECIES_LAYER,1,0,,ATLASG-0418,Pinus cembroides,Pinus cembroides,Zucc.,SPECIES,individual_taxa/atlas_pages/Pinus_cembroides.pdf,Pinus_cembroides,41,Little (1971); eFloras (2013); SEINet (2013),,We follow eFloras and Little (1971) in treating Pinus discolor and Pinus remota as part of Pinus cembroides,remapped,1,,380484,Pinus cembroides,Pinus cembroides,Zucc.,380484,Zucc.,Accepted,RESOLVED,Exact name plus losslessly canonical author resolved to WCVP Accepted species.,MAINLINE_REVIEW_REQUIRED,ATLAS_NOTES_NONBLANK
380503,Pinus arizonica,Engelm.,UNRESOLVED,1,0,,,,,,,,,,,,,,0,,,,,,,,,,,MAINLINE_REVIEW_REQUIRED,No Atlas row resolved by exact name plus author to this accepted ordinary species.
380514,Pinus balfouriana,Balf.,SINGLE_SPECIES_LAYER,0,1,Pinus_balfouriana,ATLASG-0416,Pinus balfouriana,Pinus balfouriana,Balf.,SPECIES,individual_taxa/atlas_pages/Pinus_balfouriana.pdf,Pinus_balfouriana,5,Little (1971),,,redigitized,1,,380514,Pinus balfouriana,Pinus balfouriana,Balf.,380514,Balf.,Accepted,RESOLVED,Exact name plus losslessly canonical author resolved to WCVP Accepted species.,CANONICAL_SINGLE_LAYER,
380544,Pinus banksiana,Lamb.,SINGLE_SPECIES_LAYER,0,1,Pinus_banksiana,ATLASG-0417,Pinus banksiana,Pinus banksiana,Lamb.,SPECIES,individual_taxa/atlas_pages/Pinus_banksiana.pdf,Pinus_banksiana,4670,Little (1971),,,redigitized,1,,380544,Pinus banksiana,Pinus banksiana,Lamb.,380544,Lamb.,Accepted,RESOLVED,Exact name plus losslessly canonical author resolved to WCVP Accepted species.,CANONICAL_SINGLE_LAYER,
380589,Picea mariana,"(Mill.) Britton, Sterns & Poggenb.",SINGLE_SPECIES_LAYER,0,1,Picea_mariana,ATLASG-0408,Picea mariana,Picea mariana,"(Mill.) Britton, Sterns & Poggenb.",SPECIES,individual_taxa/atlas_pages/Picea_mariana.pdf,Picea_mariana,10036,Little (1971); Viereck and Little (1975),,,redigitized,1,,380589,Picea mariana,Picea mariana,"(Mill.)Britton,Sterns & Poggenb.",380589,"(Mill.) Britton, Sterns & Poggenb.",Accepted,RESOLVED,Exact name plus losslessly canonical author resolved to WCVP Accepted species.,CANONICAL_SINGLE_LAYER,
380614,Picea engelmannii,Engelm.,UNRESOLVED,1,0,,,,,,,,,,,,,,0,,,,,,,,,,,MAINLINE_REVIEW_REQUIRED,No Atlas row resolved by exact name plus author to this accepted ordinary species.
380618,Picea breweriana,S.Watson,SINGLE_SPECIES_LAYER,0,1,Picea_breweriana,ATLASG-0405,Picea breweriana,Picea breweriana,S. Watson,SPECIES,individual_taxa/atlas_pages/Picea_breweriana.pdf,Picea_breweriana,2,Little (1971),,,redigitized,1,,380618,Picea breweriana,Picea breweriana,S.Watson,380618,S.Watson,Accepted,RESOLVED,Exact name plus losslessly canonical author resolved to WCVP Accepted species.,CANONICAL_SINGLE_LAYER,
380705,Pinus albicaulis,Engelm.,SINGLE_SPECIES_LAYER,0,1,Pinus_albicaulis,ATLASG-0413,Pinus albicaulis,Pinus albicaulis,Engelm.,SPECIES,individual_taxa/atlas_pages/Pinus_albicaulis.pdf,Pinus_albicaulis,582,Little (1971),,,redigitized,1,,380705,Pinus albicaulis,Pinus albicaulis,Engelm.,380705,Engelm.,Accepted,RESOLVED,Exact name plus losslessly canonical author resolved to WCVP Accepted species.,CANONICAL_SINGLE_LAYER,
380719,Picea pungens,Engelm.,SINGLE_SPECIES_LAYER,0,1,Picea_pungens,ATLASG-0409,Picea pungens,Picea pungens,Engelm.,SPECIES,individual_taxa/atlas_pages/Picea_pungens.pdf,Picea_pungens,127,Little (1971),,,redigitized,1,,380719,Picea pungens,Picea pungens,Engelm.,380719,Engelm.,Accepted,RESOLVED,Exact name plus losslessly canonical author resolved to WCVP Accepted species.,CANONICAL_SINGLE_LAYER,
380723,Pinus aristata,Engelm.,SINGLE_SPECIES_LAYER,1,0,,ATLASG-0414,Pinus aristata,Pinus aristata,Engelm.,SPECIES,individual_taxa/atlas_pages/Pinus_aristata.pdf,Pinus_aristata,17,Little (1971),Bailey (1970),We follow Bailey (1970) in the division of what was Pinus aristata (as mapped in Little [1971]) into Pinus aristata and Pinus longaeva,redigitized,1,,380723,Pinus aristata,Pinus aristata,Engelm.,380723,Engelm.,Accepted,RESOLVED,Exact name plus losslessly canonical author resolved to WCVP Accepted species.,MAINLINE_REVIEW_REQUIRED,ATLAS_NOTES_NONBLANK
380741,Picea sitchensis,(Bong.) Carrière,SINGLE_SPECIES_LAYER,0,1,Picea_sitchensis,ATLASG-0411,Picea sitchensis,Picea sitchensis,(Bong.) Carrière,SPECIES,individual_taxa/atlas_pages/Picea_sitchensis.pdf,Picea_sitchensis,418,Little (1971); Viereck and Little (1975),,,redigitized,1,,380741,Picea sitchensis,Picea sitchensis,(Bong.)Carrière,380741,(Bong.) Carrière,Accepted,RESOLVED,Exact name plus losslessly canonical author resolved to WCVP Accepted species.,CANONICAL_SINGLE_LAYER,
380751,Picea rubens,Sarg.,SINGLE_SPECIES_LAYER,0,1,Picea_rubens,ATLASG-0410,Picea rubens,Picea rubens,Sarg.,SPECIES,individual_taxa/atlas_pages/Picea_rubens.pdf,Picea_rubens,599,Little (1971),,,redigitized,1,,380751,Picea rubens,Picea rubens,Sarg.,380751,Sarg.,Accepted,RESOLVED,Exact name plus losslessly canonical author resolved to WCVP Accepted species.,CANONICAL_SINGLE_LAYER,
381057,Pinus attenuata,Lemmon,SINGLE_SPECIES_LAYER,0,1,Pinus_attenuata,ATLASG-0415,Pinus attenuata,Pinus attenuata,Lemmon,SPECIES,individual_taxa/atlas_pages/Pinus_attenuata.pdf,Pinus_attenuata,26,Little (1971),,,redigitized,1,,381057,Pinus attenuata,Pinus attenuata,Lemmon,381057,Lemmon,Accepted,RESOLVED,Exact name plus losslessly canonical author resolved to WCVP Accepted species.,CANONICAL_SINGLE_LAYER,
381078,Picea laxa,(Münchh.) Sarg.,SINGLE_OFFICIAL_ALIAS_LAYER,0,1,Picea_glauca,ATLASG-0407,Picea glauca,Picea glauca,(Moench) Voss,SPECIES,individual_taxa/atlas_pages/Picea_glauca.pdf,Picea_glauca,9945,Little (1971); Viereck and Little (1975),,,redigitized,1,,381078,Picea laxa,Picea glauca,(Moench)Voss,380651,(Moench) Voss,Synonym,RESOLVED,Exact name plus losslessly canonical author resolved to WCVP Accepted species.,CANONICAL_SINGLE_LAYER,
381300,Sequoiadendron giganteum,(Lindl.) J.Buchholz,SINGLE_SPECIES_LAYER,0,1,Sequoiadendron_giganteum,ATLASG-0614,Sequoiadendron giganteum,Sequoiadendron giganteum,(Lindl.) J. Buchholz,SPECIES,individual_taxa/atlas_pages/Sequoiadendron_giganteum.pdf,Sequoiadendron_giganteum,14,Calflora (2013); Little (1971),,,remapped,1,,381300,Sequoiadendron giganteum,Sequoiadendron giganteum,(Lindl.)J.Buchholz,381300,(Lindl.) J.Buchholz,Accepted,RESOLVED,Exact name plus losslessly canonical author resolved to WCVP Accepted species.,CANONICAL_SINGLE_LAYER,
381632,Abies amabilis,Douglas ex J.Forbes,SINGLE_SPECIES_LAYER,0,1,Abies_amabilis,ATLASG-0001,Abies amabilis,Abies amabilis,Douglas ex J. Forbes,SPECIES,individual_taxa/atlas_pages/Abies_amabilis.pdf,Abies_amabilis,262,Little (1971); Viereck and Little (1975),,,redigitized,1,,381632,Abies amabilis,Abies amabilis,Douglas ex J.Forbes,381632,Douglas ex J.Forbes,Accepted,RESOLVED,Exact name plus losslessly canonical author resolved to WCVP Accepted species.,CANONICAL_SINGLE_LAYER,
381647,Abies balsamea,(L.) Mill.,SINGLE_SPECIES_LAYER,0,1,Abies_balsamea,ATLASG-0002,Abies balsamea,Abies balsamea,(L.) Mill.,SPECIES,individual_taxa/atlas_pages/Abies_balsamea.pdf,Abies_balsamea,4944,Little (1971),,,redigitized,1,,381647,Abies balsamea,Abies balsamea,(L.)Mill.,381647,(L.) Mill.,Accepted,RESOLVED,Exact name plus losslessly canonical author resolved to WCVP Accepted species.,CANONICAL_SINGLE_LAYER,
381713,Abies concolor,(Gordon & Glend.) Lindl. ex Hildebr.,SINGLE_SPECIES_LAYER,0,1,Abies_concolor,ATLASG-0003,Abies concolor,Abies concolor,(Gordon & Glend.) Lindl. ex Hildebr.,SPECIES,individual_taxa/atlas_pages/Abies_concolor.pdf,Abies_concolor,261,Little (1971),,,redigitized,1,,381713,Abies concolor,Abies concolor,(Gordon & Glend.)Lindl.ex Hildebr.,381713,(Gordon & Glend.) Lindl. ex Hildebr.,Accepted,RESOLVED,Exact name plus losslessly canonical author resolved to WCVP Accepted species.,CANONICAL_SINGLE_LAYER,
381792,Abies fraseri,(Pursh) Poir.,SINGLE_SPECIES_LAYER,0,1,Abies_fraseri,ATLASG-0004,Abies fraseri,Abies fraseri,(Pursh) Poir.,SPECIES,individual_taxa/atlas_pages/Abies_fraseri.pdf,Abies_fraseri,3,Little (1971),,,redigitized,1,,381792,Abies fraseri,Abies fraseri,(Pursh)Poir.,381792,(Pursh) Poir.,Accepted,RESOLVED,Exact name plus losslessly canonical author resolved to WCVP Accepted species.,CANONICAL_SINGLE_LAYER,
381804,Abies grandis,(Douglas ex D.Don) Lindl.,SINGLE_SPECIES_LAYER,0,1,Abies_grandis,ATLASG-0005,Abies grandis,Abies grandis,(Douglas ex D. Don) Lindl.,SPECIES,individual_taxa/atlas_pages/Abies_grandis.pdf,Abies_grandis,345,Little (1971),,,redigitized,1,,381804,Abies grandis,Abies grandis,(Douglas ex D.Don)Lindl.,381804,(Douglas ex D.Don) Lindl.,Accepted,RESOLVED,Exact name plus losslessly canonical author resolved to WCVP Accepted species.,CANONICAL_SINGLE_LAYER,
381853,Abies lasiocarpa,(Hook.) Nutt.,SINGLE_SPECIES_LAYER,0,1,Abies_lasiocarpa,ATLASG-0006,Abies lasiocarpa,Abies lasiocarpa,(Hook.) Nutt.,SPECIES,individual_taxa/atlas_pages/Abies_lasiocarpa.pdf,Abies_lasiocarpa,1851,Little (1971); Viereck and Little (1975),,,redigitized,1,,381853,Abies lasiocarpa,Abies lasiocarpa,(Hook.)Nutt.,381853,(Hook.) Nutt.,Accepted,RESOLVED,Exact name plus losslessly canonical author resolved to WCVP Accepted species.,CANONICAL_SINGLE_LAYER,
381868,Abies magnifica,A.Murray bis,SINGLE_SPECIES_LAYER,0,1,Abies_magnifica,ATLASG-0007,Abies magnifica,Abies magnifica,A. Murray bis,SPECIES,individual_taxa/atlas_pages/Abies_magnifica.pdf,Abies_magnifica,45,Little (1971),,,redigitized,1,,381868,Abies magnifica,Abies magnifica,A.Murray bis,381868,A.Murray bis,Accepted,RESOLVED,Exact name plus losslessly canonical author resolved to WCVP Accepted species.,CANONICAL_SINGLE_LAYER,
381974,Abies procera,Rehder,SINGLE_SPECIES_LAYER,0,1,Abies_procera,ATLASG-0008,Abies procera,Abies procera,Rehder,SPECIES,individual_taxa/atlas_pages/Abies_procera.pdf,Abies_procera,48,Little (1971),,,redigitized,1,,381974,Abies procera,Abies procera,Rehder,381974,Rehder,Accepted,RESOLVED,Exact name plus losslessly canonical author resolved to WCVP Accepted species.,CANONICAL_SINGLE_LAYER,
382424,Calocedrus decurrens,(Torr.) Florin,SINGLE_OFFICIAL_ALIAS_LAYER,0,1,Libocedrus_decurrens,ATLASG-0339,Libocedrus decurrens,Calocedrus decurrens,(Torr.) Florin,SPECIES,individual_taxa/atlas_pages/Libocedrus_decurrens.pdf,Libocedrus_decurrens,162,Little (1971),,,redigitized,1,,382424,Calocedrus decurrens,Calocedrus decurrens,(Torr.)Florin,382424,(Torr.) Florin,Accepted,RESOLVED,Exact name plus losslessly canonical author resolved to WCVP Accepted species.,CANONICAL_SINGLE_LAYER,
382830,Chamaecyparis lawsoniana,(A.Murray bis) Oerst.,UNRESOLVED,1,0,,,,,,,,,,,,,,0,,,,,,,,,,,MAINLINE_REVIEW_REQUIRED,No Atlas row resolved by exact name plus author to this accepted ordinary species.
382860,Chamaecyparis thyoides,(L.) Oerst.,UNRESOLVED,1,0,,,,,,,,,,,,,,0,,,,,,,,,,,MAINLINE_REVIEW_REQUIRED,No Atlas row resolved by exact name plus author to this accepted ordinary species.
384904,Diospyros texana,Scheele,SINGLE_SPECIES_LAYER,0,1,Diospyros_texana,ATLASG-0215,Diospyros texana,Diospyros texana,Scheele,SPECIES,individual_taxa/atlas_pages/Diospyros_texana.pdf,Diospyros_texana,301,Little (1976),,,redigitized,1,,384904,Diospyros texana,Diospyros texana,Scheele,384904,Scheele,Accepted,RESOLVED,Exact name plus losslessly canonical author resolved to WCVP Accepted species.,CANONICAL_SINGLE_LAYER,
385000,Diospyros virginiana,L.,SINGLE_SPECIES_LAYER,0,1,Diospyros_virginiana,ATLASG-0216,Diospyros virginiana,Diospyros virginiana,L.,SPECIES,individual_taxa/atlas_pages/Diospyros_virginiana.pdf,Diospyros_virginiana,2870,Little (1971),,,redigitized,1,,385000,Diospyros virginiana,Diospyros virginiana,L.,385000,L.,Accepted,RESOLVED,Exact name plus losslessly canonical author resolved to WCVP Accepted species.,CANONICAL_SINGLE_LAYER,
456789,Callitropsis nootkatensis,(D.Don) Oerst.,UNRESOLVED,1,0,,,,,,,,,,,,,,0,,,,,,,,,,,MAINLINE_REVIEW_REQUIRED,No Atlas row resolved by exact name plus author to this accepted ordinary species.
457902,Hesperocyparis arizonica,(Greene) Bartel,AMBIGUOUS,1,0,,ATLASG-0199,Cupressus arizonica,Hesperocyparis arizonica / Hesperocyparis glabra / Hesperocyparis stephensonii,(Greene) Bartel / (Sudw.) Bartel / (C.B. Wolf) Bartel,SPECIES,individual_taxa/atlas_pages/Cupressus_arizonica.pdf,Cupressus_arizonica,5,Little (1971),,,redigitized,3,,457902;457906;457919,Hesperocyparis arizonica;Hesperocyparis glabra;Hesperocyparis stephensonii,Hesperocyparis arizonica | Hesperocyparis glabra | Hesperocyparis stephensonii,(Greene)Bartel | (Sudw.)Bartel | (C.B.Wolf)Bartel,457902 | 457906 | 457919,(Greene) Bartel | (Sudw.) Bartel | (C.B.Wolf) Bartel,Accepted | Accepted | Accepted,RESOLVED | RESOLVED | RESOLVED,Exact name plus losslessly canonical author resolved to WCVP Accepted species. | Exact name plus losslessly canonical author resolved to WCVP Accepted species. | Exact name plus losslessly canonical author resolved to WCVP Accepted species.,MAINLINE_REVIEW_REQUIRED,AMBIGUOUS;SHARED_OR_MULTI_TAXON_LAYER
457903,Hesperocyparis bakeri,(Jeps.) Bartel,UNRESOLVED,1,0,,,,,,,,,,,,,,0,,,,,,,,,,,MAINLINE_REVIEW_REQUIRED,No Atlas row resolved by exact name plus author to this accepted ordinary species.
457913,Hesperocyparis macrocarpa,(Hartw.) Bartel,UNRESOLVED,1,0,,,,,,,,,,,,,,0,,,,,,,,,,,MAINLINE_REVIEW_REQUIRED,No Atlas row resolved by exact name plus author to this accepted ordinary species.
457918,Hesperocyparis sargentii,(Jeps.) Bartel,SINGLE_OFFICIAL_ALIAS_LAYER,0,1,Cupressus_sargentii,ATLASG-0201,Cupressus sargentii,Hesperocyparis sargentii,(Jeps.) Bartel,SPECIES,individual_taxa/atlas_pages/Cupressus_sargentii.pdf,Cupressus_sargentii,5,Little (1971),,,redigitized,1,,457918,Hesperocyparis sargentii,Hesperocyparis sargentii,(Jeps.)Bartel,457918,(Jeps.) Bartel,Accepted,RESOLVED,Exact name plus losslessly canonical author resolved to WCVP Accepted species.,CANONICAL_SINGLE_LAYER,
458543,Notholithocarpus densiflorus,"(Hook. & Arn.) Manos, Cannon & S.H.Oh",SINGLE_OFFICIAL_ALIAS_LAYER,0,1,Lithocarpus_densiflorus,ATLASG-0343,Lithocarpus densiflorus,Lithocarpus densiflorus,(Hook. & Arn.) Rehder,SPECIES,individual_taxa/atlas_pages/Lithocarpus_densiflorus.pdf,Lithocarpus_densiflorus,47,Little (1971),,,redigitized,1,,458543,Notholithocarpus densiflorus,Lithocarpus densiflorus,(Hook.& Arn.)Rehder,114425,(Hook. & Arn.) Rehder,Synonym,RESOLVED,Exact name plus losslessly canonical author resolved to WCVP Accepted species.,CANONICAL_SINGLE_LAYER,
500221,Liquidambar styraciflua,L.,SINGLE_SPECIES_LAYER,0,1,Liquidambar_styraciflua,ATLASG-0341,Liquidambar styraciflua,Liquidambar styraciflua,L.,SPECIES,individual_taxa/atlas_pages/Liquidambar_styraciflua.pdf,Liquidambar_styraciflua,2098,Little (1971),,,redigitized,1,,500221,Liquidambar styraciflua,Liquidambar styraciflua,L.,500221,L.,Accepted,RESOLVED,Exact name plus losslessly canonical author resolved to WCVP Accepted species.,CANONICAL_SINGLE_LAYER,
2329229,Juglans hindsii,(Jeps.) Jeps. ex R.E.Sm.,UNRESOLVED,1,0,,,,,,,,,,,,,,0,,,,,,,,,,,MAINLINE_REVIEW_REQUIRED,No Atlas row resolved by exact name plus author to this accepted ordinary species.
2331793,Juglans cinerea,L.,SINGLE_SPECIES_LAYER,0,1,Juglans_cinerea,ATLASG-0310,Juglans cinerea,Juglans cinerea,L.,SPECIES,individual_taxa/atlas_pages/Juglans_cinerea.pdf,Juglans_cinerea,2166,Little (1971),,,redigitized,1,,2331793,Juglans cinerea,Juglans cinerea,L.,2331793,L.,Accepted,RESOLVED,Exact name plus losslessly canonical author resolved to WCVP Accepted species.,CANONICAL_SINGLE_LAYER,
2331814,Juglans major,(Torr.) A.Heller,SINGLE_SPECIES_LAYER,0,1,Juglans_major,ATLASG-0311,Juglans major,Juglans major,(Torr.) A. Heller,SPECIES,individual_taxa/atlas_pages/Juglans_major.pdf,Juglans_major,83,Little (1976),,,redigitized,1,,2331814,Juglans major,Juglans major,(Torr.)A.Heller,2331814,(Torr.) A.Heller,Accepted,RESOLVED,Exact name plus losslessly canonical author resolved to WCVP Accepted species.,CANONICAL_SINGLE_LAYER,
2331825,Juglans californica,S.Watson,SINGLE_SPECIES_LAYER,0,1,Juglans_californica,ATLASG-0309,Juglans californica,Juglans californica,S. Watson,SPECIES,individual_taxa/atlas_pages/Juglans_californica.pdf,Juglans_californica,10,Little (1976),,,redigitized,1,,2331825,Juglans californica,Juglans californica,S.Watson,2331825,S.Watson,Accepted,RESOLVED,Exact name plus losslessly canonical author resolved to WCVP Accepted species.,CANONICAL_SINGLE_LAYER,
2331834,Juglans nigra,L.,SINGLE_SPECIES_LAYER,0,1,Juglans_nigra,ATLASG-0313,Juglans nigra,Juglans nigra,L.,SPECIES,individual_taxa/atlas_pages/Juglans_nigra.pdf,Juglans_nigra,3455,Little (1971),,,redigitized,1,,2331834,Juglans nigra,Juglans nigra,L.,2331834,L.,Accepted,RESOLVED,Exact name plus losslessly canonical author resolved to WCVP Accepted species.,CANONICAL_SINGLE_LAYER,
2331862,Juglans microcarpa,Berland.,SINGLE_SPECIES_LAYER,0,1,Juglans_microcarpa,ATLASG-0312,Juglans microcarpa,Juglans microcarpa,Berland.,SPECIES,individual_taxa/atlas_pages/Juglans_microcarpa.pdf,Juglans_microcarpa,50,Little (1976),,,redigitized,1,,2331862,Juglans microcarpa,Juglans microcarpa,Berland.,2331862,Berland.,Accepted,RESOLVED,Exact name plus losslessly canonical author resolved to WCVP Accepted species.,CANONICAL_SINGLE_LAYER,
2338852,Laguncularia racemosa,(L.) C.F.Gaertn.,SINGLE_SPECIES_LAYER,0,1,Laguncularia_racemosa,ATLASG-0331,Laguncularia racemosa,Laguncularia racemosa,(L.) C.F. Gaertn.,SPECIES,individual_taxa/atlas_pages/Laguncularia_racemosa.pdf,Laguncularia_racemosa,5,Little (1978),,,redigitized,1,,2338852,Laguncularia racemosa,Laguncularia racemosa,(L.)C.F.Gaertn.,2338852,(L.) C.F.Gaertn.,Accepted,RESOLVED,Exact name plus losslessly canonical author resolved to WCVP Accepted species.,CANONICAL_SINGLE_LAYER,
2346347,Leucaena leucocephala,(Lam.) de Wit,NOT_APPLICABLE_CONUS_NONNATIVE,0,0,,,,,,,,,,,,,,0,,,,,,,,,,,NOT_APPLICABLE_CONUS_NONNATIVE,WCVP confirms no native CONUS distribution and introduced CONUS occurrence; Little natural-range mapping is not applicable.
2346415,Leucaena pulverulenta,(Schltdl.) Benth.,SINGLE_SPECIES_LAYER,0,1,Leucaena_pulverulenta,ATLASG-0337,Leucaena pulverulenta,Leucaena pulverulenta,(Schltdl.) Benth.,SPECIES,individual_taxa/atlas_pages/Leucaena_pulverulenta.pdf,Leucaena_pulverulenta,12,Little (1976),,,redigitized,1,,2346415,Leucaena pulverulenta,Leucaena pulverulenta,(Schltdl.)Benth.,2346415,(Schltdl.) Benth.,Accepted,RESOLVED,Exact name plus losslessly canonical author resolved to WCVP Accepted species.,CANONICAL_SINGLE_LAYER,
2364578,Metopium toxiferum,(L.) Krug & Urb.,SINGLE_SPECIES_LAYER,0,1,Metopium_toxiferum,ATLASG-0369,Metopium toxiferum,Metopium toxiferum,(L.) Krug & Urb.,SPECIES,individual_taxa/atlas_pages/Metopium_toxiferum.pdf,Metopium_toxiferum,2,Little (1978),,,redigitized,1,,2364578,Metopium toxiferum,Metopium toxiferum,(L.)Krug & Urb.,2364578,(L.) Krug & Urb.,Accepted,RESOLVED,Exact name plus losslessly canonical author resolved to WCVP Accepted species.,CANONICAL_SINGLE_LAYER,
2383853,Neltuma glandulosa,(Torr.) Britton & Rose,SINGLE_OFFICIAL_ALIAS_LAYER,1,0,,ATLASG-0462,Prosopis glandulosa,Prosopis glandulosa,Torr.,SPECIES,individual_taxa/atlas_pages/Prosopis_glandulosa.pdf,Prosopis_glandulosa,1889,Benson and Darrow (1981); SEINet (2013); Calflora (2013),Burkart (1976),Prosopis glandulosa as used here includes what has been known as either Prosopis glandulosa var. torreyana or Prosopis juliflora var. torreyana,new,1,,2383853,Neltuma glandulosa,Prosopis glandulosa,Torr.,2536023,Torr.,Synonym,RESOLVED,Exact name plus losslessly canonical author resolved to WCVP Accepted species.,MAINLINE_REVIEW_REQUIRED,ATLAS_NOTES_NONBLANK
2383876,Neltuma velutina,(Wooton) Britton & Rose,SINGLE_OFFICIAL_ALIAS_LAYER,0,1,Prosopis_velutina,ATLASG-0464,Prosopis velutina,Prosopis velutina,Wooton,SPECIES,individual_taxa/atlas_pages/Prosopis_velutina.pdf,Prosopis_velutina,182,Turner and others (1995); Benson and Darrow (1981),Burkart (1976),,new,1,,2383876,Neltuma velutina,Prosopis velutina,Wooton,2536173,Wooton,Synonym,RESOLVED,Exact name plus losslessly canonical author resolved to WCVP Accepted species.,CANONICAL_SINGLE_LAYER,
2387656,Oxydendrum arboreum,(L.) DC.,SINGLE_SPECIES_LAYER,0,1,Oxydendrum_arboreum,ATLASG-0397,Oxydendrum arboreum,Oxydendrum arboreum,(L.) DC.,SPECIES,individual_taxa/atlas_pages/Oxydendrum_arboreum.pdf,Oxydendrum_arboreum,1090,Little (1977),,,redigitized,1,,2387656,Oxydendrum arboreum,Oxydendrum arboreum,(L.)DC.,2387656,(L.) DC.,Accepted,RESOLVED,Exact name plus losslessly canonical author resolved to WCVP Accepted species.,CANONICAL_SINGLE_LAYER,
2389100,Olneya tesota,A.Gray,SINGLE_SPECIES_LAYER,0,1,Olneya_tesota,ATLASG-0391,Olneya tesota,Olneya tesota,A. Gray,SPECIES,individual_taxa/atlas_pages/Olneya_tesota.pdf,Olneya_tesota,156,Little (1976),,,redigitized,1,,2389100,Olneya tesota,Olneya tesota,A.Gray,2389100,A.Gray,Accepted,RESOLVED,Exact name plus losslessly canonical author resolved to WCVP Accepted species.,CANONICAL_SINGLE_LAYER,
2428246,Robinia pseudoacacia,L.,SINGLE_SPECIES_LAYER,0,1,Robinia_pseudoacacia,ATLASG-0566,Robinia pseudoacacia,Robinia pseudoacacia,L.,SPECIES,individual_taxa/atlas_pages/Robinia_pseudoacacia.pdf,Robinia_pseudoacacia,653,Little (1971),,,redigitized,1,,2428246,Robinia pseudoacacia,Robinia pseudoacacia,L.,2428246,L.,Accepted,RESOLVED,Exact name plus losslessly canonical author resolved to WCVP Accepted species.,CANONICAL_SINGLE_LAYER,
2444682,Tamarindus indica,L.,NOT_APPLICABLE_CONUS_NONNATIVE,0,0,,,,,,,,,,,,,,0,,,,,,,,,,,NOT_APPLICABLE_CONUS_NONNATIVE,WCVP confirms no native CONUS distribution and introduced CONUS occurrence; Little natural-range mapping is not applicable.
2446614,Umbellularia californica,(Hook. & Arn.) Nutt.,SINGLE_SPECIES_LAYER,0,1,Umbellularia_californica,ATLASG-0663,Umbellularia californica,Umbellularia californica,(Hook. & Arn.) Nutt.,SPECIES,individual_taxa/atlas_pages/Umbellularia_californica.pdf,Umbellularia_californica,122,Little (1971),,,redigitized,1,,2446614,Umbellularia californica,Umbellularia californica,(Hook.& Arn.)Nutt.,2446614,(Hook. & Arn.) Nutt.,Accepted,RESOLVED,Exact name plus losslessly canonical author resolved to WCVP Accepted species.,CANONICAL_SINGLE_LAYER,
2448661,Ulmus parvifolia,Jacq.,NOT_APPLICABLE_CONUS_NONNATIVE,0,0,,,,,,,,,,,,,,0,,,,,,,,,,,NOT_APPLICABLE_CONUS_NONNATIVE,WCVP confirms no native CONUS distribution and introduced CONUS occurrence; Little natural-range mapping is not applicable.
2448805,Ulmus rubra,Muhl.,SINGLE_SPECIES_LAYER,0,1,Ulmus_rubra,ATLASG-0660,Ulmus rubra,Ulmus rubra,Muhl.,SPECIES,individual_taxa/atlas_pages/Ulmus_rubra.pdf,Ulmus_rubra,4198,Little (1971),,,redigitized,1,,2448805,Ulmus rubra,Ulmus rubra,Muhl.,2448805,Muhl.,Accepted,RESOLVED,Exact name plus losslessly canonical author resolved to WCVP Accepted species.,CANONICAL_SINGLE_LAYER,
2448824,Ulmus pumila,L.,NOT_APPLICABLE_CONUS_NONNATIVE,0,0,,,,,,,,,,,,,,0,,,,,,,,,,,NOT_APPLICABLE_CONUS_NONNATIVE,WCVP confirms no native CONUS distribution and introduced CONUS occurrence; Little natural-range mapping is not applicable.
2448843,Ulmus thomasii,Sarg.,SINGLE_SPECIES_LAYER,0,1,Ulmus_thomasii,ATLASG-0662,Ulmus thomasii,Ulmus thomasii,Sarg.,SPECIES,individual_taxa/atlas_pages/Ulmus_thomasii.pdf,Ulmus_thomasii,1187,Little (1971),,,redigitized,1,,2448843,Ulmus thomasii,Ulmus thomasii,Sarg.,2448843,Sarg.,Accepted,RESOLVED,Exact name plus losslessly canonical author resolved to WCVP Accepted species.,CANONICAL_SINGLE_LAYER,
2448857,Ulmus serotina,Sarg.,SINGLE_SPECIES_LAYER,0,1,Ulmus_serotina,ATLASG-0661,Ulmus serotina,Ulmus serotina,Sarg.,SPECIES,individual_taxa/atlas_pages/Ulmus_serotina.pdf,Ulmus_serotina,63,Little (1971),,,redigitized,1,,2448857,Ulmus serotina,Ulmus serotina,Sarg.,2448857,Sarg.,Accepted,RESOLVED,Exact name plus losslessly canonical author resolved to WCVP Accepted species.,CANONICAL_SINGLE_LAYER,
2449976,Ulmus crassifolia,Nutt.,SINGLE_SPECIES_LAYER,0,1,Ulmus_crassifolia,ATLASG-0659,Ulmus crassifolia,Ulmus crassifolia,Nutt.,SPECIES,individual_taxa/atlas_pages/Ulmus_crassifolia.pdf,Ulmus_crassifolia,643,Little (1971),,,redigitized,1,,2449976,Ulmus crassifolia,Ulmus crassifolia,Nutt.,2449976,Nutt.,Accepted,RESOLVED,Exact name plus losslessly canonical author resolved to WCVP Accepted species.,CANONICAL_SINGLE_LAYER,
2450008,Ulmus alata,Michx.,SINGLE_SPECIES_LAYER,0,1,Ulmus_alata,ATLASG-0657,Ulmus alata,Ulmus alata,Michx.,SPECIES,individual_taxa/atlas_pages/Ulmus_alata.pdf,Ulmus_alata,1810,Little (1971),,,redigitized,1,,2450008,Ulmus alata,Ulmus alata,Michx.,2450008,Michx.,Accepted,RESOLVED,Exact name plus losslessly canonical author resolved to WCVP Accepted species.,CANONICAL_SINGLE_LAYER,
2450019,Ulmus americana,L.,SINGLE_SPECIES_LAYER,0,1,Ulmus_americana,ATLASG-0658,Ulmus americana,Ulmus americana,L.,SPECIES,individual_taxa/atlas_pages/Ulmus_americana.pdf,Ulmus_americana,7780,Little (1971),,,redigitized,1,,2450019,Ulmus americana,Ulmus americana,L.,2450019,L.,Accepted,RESOLVED,Exact name plus losslessly canonical author resolved to WCVP Accepted species.,CANONICAL_SINGLE_LAYER,
2452405,Vachellia farnesiana,(L.) Wight & Arn.,SINGLE_OFFICIAL_ALIAS_LAYER,0,1,Acacia_farnesiana,ATLASG-0011,Acacia farnesiana,Vachellia farnesiana var. farnesiana,,SPECIES,individual_taxa/atlas_pages/Acacia_farnesiana.pdf,Acacia_farnesiana,106,Little (1976),,,redigitized,1,,2452405,Vachellia farnesiana,Vachellia farnesiana var. farnesiana,,3231372,,Accepted,RESOLVED,Exact authored infraspecific component resolved through explicit parent to WCVP Accepted species.,CANONICAL_SINGLE_LAYER,
2458798,Vaccinium arboreum,Marshall,SINGLE_SPECIES_LAYER,0,1,Vaccinium_arboreum,ATLASG-0665,Vaccinium arboreum,Vaccinium arboreum,Marshall,SPECIES,individual_taxa/atlas_pages/Vaccinium_arboreum.pdf,Vaccinium_arboreum,1638,Little (1977),,,redigitized,1,,2458798,Vaccinium arboreum,Vaccinium arboreum,Marshall,2458798,Marshall,Accepted,RESOLVED,Exact name plus losslessly canonical author resolved to WCVP Accepted species.,CANONICAL_SINGLE_LAYER,
2469375,Zanthoxylum clava-herculis,L.,MULTIPLE_OTHER_LAYERS,1,0,,ATLASG-0687,Zanthoxylum clava-herculis,Zanthoxylum clava-herculis,L.,SPECIES,individual_taxa/atlas_pages/Zanthoxylum_clava-herculis.pdf,Zanthoxylum_clava-herculis,545,Little (1977),,,redigitized,1,,2469375,Zanthoxylum clava-herculis,Zanthoxylum clava-herculis,L.,2469375,L.,Accepted,RESOLVED,Exact name plus losslessly canonical author resolved to WCVP Accepted species.,MAINLINE_REVIEW_REQUIRED,MULTIPLE_OTHER_LAYERS
2469375,Zanthoxylum clava-herculis,L.,MULTIPLE_OTHER_LAYERS,1,0,,ATLASG-0689,Zanthoxylum hirsutum,Zanthoxylum hirsutum,Buckley,SPECIES,individual_taxa/atlas_pages/Zanthoxylum_hirsutum.pdf,Zanthoxylum_hirsutum,180,Little (1977),,,redigitized,1,,2469375,Zanthoxylum clava-herculis,Zanthoxylum hirsutum,Buckley,2469455,Buckley,Synonym,RESOLVED,Exact authored infraspecific component resolved through explicit parent to WCVP Accepted species.,MAINLINE_REVIEW_REQUIRED,MULTIPLE_OTHER_LAYERS
2480191,Schinus terebinthifolia,Raddi,NOT_APPLICABLE_CONUS_NONNATIVE,0,0,,,,,,,,,,,,,,0,,,,,,,,,,,NOT_APPLICABLE_CONUS_NONNATIVE,WCVP confirms no native CONUS distribution and introduced CONUS occurrence; Little natural-range mapping is not applicable.
2500717,Myrica cerifera,L.,SINGLE_SPECIES_LAYER,0,1,Myrica_cerifera,ATLASG-0378,Myrica cerifera,Morella cerifera,(L.) Small,SPECIES,individual_taxa/atlas_pages/Myrica_cerifera.pdf,Myrica_cerifera,1040,Little (1977),,,redigitized,1,,2500717,Myrica cerifera,Morella cerifera,(L.)Small,2501792,(L.) Small,Synonym,RESOLVED,Exact name plus losslessly canonical author resolved to WCVP Accepted species.,CANONICAL_SINGLE_LAYER,
2501306,Maclura pomifera,(Raf.) C.K.Schneid.,SINGLE_SPECIES_LAYER,0,1,Maclura_pomifera,ATLASG-0353,Maclura pomifera,Maclura pomifera,(Raf.) C.K. Schneid.,SPECIES,individual_taxa/atlas_pages/Maclura_pomifera.pdf,Maclura_pomifera,175,Little (1971),,,redigitized,1,,2501306,Maclura pomifera,Maclura pomifera,(Raf.)C.K.Schneid.,2501306,(Raf.) C.K.Schneid.,Accepted,RESOLVED,Exact name plus losslessly canonical author resolved to WCVP Accepted species.,CANONICAL_SINGLE_LAYER,
2501381,Morus alba,L.,NOT_APPLICABLE_CONUS_NONNATIVE,0,0,,,,,,,,,,,,,,0,,,,,,,,,,,NOT_APPLICABLE_CONUS_NONNATIVE,WCVP confirms no native CONUS distribution and introduced CONUS occurrence; Little natural-range mapping is not applicable.
2501836,Morus microphylla,Buckley,SINGLE_SPECIES_LAYER,0,1,Morus_microphylla,ATLASG-0374,Morus microphylla,Morus microphylla,Buckley,SPECIES,individual_taxa/atlas_pages/Morus_microphylla.pdf,Morus_microphylla,110,Little (1976),,,redigitized,1,,2501836,Morus microphylla,Morus microphylla,Buckley,2501836,Buckley,Accepted,RESOLVED,Exact name plus losslessly canonical author resolved to WCVP Accepted species.,CANONICAL_SINGLE_LAYER,
2501906,Morus rubra,L.,SINGLE_SPECIES_LAYER,0,1,Morus_rubra,ATLASG-0375,Morus rubra,Morus rubra,L.,SPECIES,individual_taxa/atlas_pages/Morus_rubra.pdf,Morus_rubra,4171,Little (1971),,,redigitized,1,,2501906,Morus rubra,Morus rubra,L.,2501906,L.,Accepted,RESOLVED,Exact name plus losslessly canonical author resolved to WCVP Accepted species.,CANONICAL_SINGLE_LAYER,
2505106,Melia azedarach,L.,NOT_APPLICABLE_CONUS_NONNATIVE,0,0,,,,,,,,,,,,,,0,,,,,,,,,,,NOT_APPLICABLE_CONUS_NONNATIVE,WCVP confirms no native CONUS distribution and introduced CONUS occurrence; Little natural-range mapping is not applicable.
2518181,Tilia cordata,Mill.,NOT_APPLICABLE_CONUS_NONNATIVE,0,0,,,,,,,,,,,,,,0,,,,,,,,,,,NOT_APPLICABLE_CONUS_NONNATIVE,WCVP confirms no native CONUS distribution and introduced CONUS occurrence; Little natural-range mapping is not applicable.
2518218,Tilia americana,L.,UNRESOLVED,1,0,,,,,,,,,,,,,,0,,,,,,,,,,,MAINLINE_REVIEW_REQUIRED,No Atlas row resolved by exact name plus author to this accepted ordinary species.
2523018,Rhamnus cathartica,L.,NOT_APPLICABLE_CONUS_NONNATIVE,0,0,,,,,,,,,,,,,,0,,,,,,,,,,,NOT_APPLICABLE_CONUS_NONNATIVE,WCVP confirms no native CONUS distribution and introduced CONUS occurrence; Little natural-range mapping is not applicable.
2523199,Rhizophora mangle,L.,SINGLE_SPECIES_LAYER,0,1,Rhizophora_mangle,ATLASG-0551,Rhizophora mangle,Rhizophora mangle,L.,SPECIES,individual_taxa/atlas_pages/Rhizophora_mangle.pdf,Rhizophora_mangle,10,"Little (1971, 1978)",,,redigitized,1,,2523199,Rhizophora mangle,Rhizophora mangle,L.,2523199,L.,Accepted,RESOLVED,Exact name plus losslessly canonical author resolved to WCVP Accepted species.,CANONICAL_SINGLE_LAYER,
2529931,Persea borbonia,(L.) Spreng.,SINGLE_SPECIES_LAYER,0,1,Persea_borbonia,ATLASG-0401,Persea borbonia,Persea borbonia,(L.) Spreng.,SPECIES,individual_taxa/atlas_pages/Persea_borbonia.pdf,Persea_borbonia,720,Little (1977),,,redigitized,1,,2529931,Persea borbonia,Persea borbonia,(L.)Spreng.,2529931,(L.) Spreng.,Accepted,RESOLVED,Exact name plus losslessly canonical author resolved to WCVP Accepted species.,CANONICAL_SINGLE_LAYER,
2540278,Piscidia piscipula,(L.) Sarg.,UNRESOLVED,1,0,,,,,,,,,,,,,,0,,,,,,,,,,,MAINLINE_REVIEW_REQUIRED,No Atlas row resolved by exact name plus author to this accepted ordinary species.
2541602,Phellodendron amurense,Rupr.,NOT_APPLICABLE_CONUS_NONNATIVE,0,0,,,,,,,,,,,,,,0,,,,,,,,,,,NOT_APPLICABLE_CONUS_NONNATIVE,WCVP confirms no native CONUS distribution and introduced CONUS occurrence; Little natural-range mapping is not applicable.
2542391,Paulownia tomentosa,(Thunb.) Steud.,NOT_APPLICABLE_CONUS_NONNATIVE,0,0,,,,,,,,,,,,,,0,,,,,,,,,,,NOT_APPLICABLE_CONUS_NONNATIVE,WCVP confirms no native CONUS distribution and introduced CONUS occurrence; Little natural-range mapping is not applicable.
2551587,Planera aquatica,J.F.Gmel.,SINGLE_SPECIES_LAYER,0,1,Planera_aquatica,ATLASG-0450,Planera aquatica,Planera aquatica,J.F. Gmel.,SPECIES,individual_taxa/atlas_pages/Planera_aquatica.pdf,Planera_aquatica,635,Little (1977),,,redigitized,1,,2551587,Planera aquatica,Planera aquatica,J.F.Gmel.,2551587,J.F.Gmel.,Accepted,RESOLVED,Exact name plus losslessly canonical author resolved to WCVP Accepted species.,CANONICAL_SINGLE_LAYER,
2570450,Platanus wrightii,S.Watson,SINGLE_SPECIES_LAYER,0,1,Platanus_wrightii,ATLASG-0453,Platanus wrightii,Platanus wrightii,S. Watson,SPECIES,individual_taxa/atlas_pages/Platanus_wrightii.pdf,Platanus_wrightii,106,Little (1976),,,redigitized,1,,2570450,Platanus wrightii,Platanus wrightii,S.Watson,2570450,S.Watson,Accepted,RESOLVED,Exact name plus losslessly canonical author resolved to WCVP Accepted species.,CANONICAL_SINGLE_LAYER,
2570459,Platanus occidentalis,L.,SINGLE_SPECIES_LAYER,0,1,Platanus_occidentalis,ATLASG-0451,Platanus occidentalis,Platanus occidentalis,L.,SPECIES,individual_taxa/atlas_pages/Platanus_occidentalis.pdf,Platanus_occidentalis,3757,Little (1971),,,redigitized,1,,2570459,Platanus occidentalis,Platanus occidentalis,L.,2570459,L.,Accepted,RESOLVED,Exact name plus losslessly canonical author resolved to WCVP Accepted species.,CANONICAL_SINGLE_LAYER,
2570467,Platanus racemosa,Nutt.,SINGLE_SPECIES_LAYER,0,1,Platanus_racemosa,ATLASG-0452,Platanus racemosa,Platanus racemosa,Nutt.,SPECIES,individual_taxa/atlas_pages/Platanus_racemosa.pdf,Platanus_racemosa,86,Little (1976),,,redigitized,1,,2570467,Platanus racemosa,Platanus racemosa,Nutt.,2570467,Nutt.,Accepted,RESOLVED,Exact name plus losslessly canonical author resolved to WCVP Accepted species.,CANONICAL_SINGLE_LAYER,
2582296,Sapindus drummondii,Hook. & Arn.,SINGLE_SPECIES_LAYER,0,1,Sapindus_drummondii,ATLASG-0609,Sapindus drummondii,Sapindus saponaria var. drummondii,(Hook. & Arn.) L.D. Benson,SPECIES,individual_taxa/atlas_pages/Sapindus_drummondii.pdf,Sapindus_drummondii,1003,"Little (1976, 1977)",,,redigitized,1,,2582296,Sapindus drummondii,Sapindus saponaria var. drummondii,(Hook.& Arn.)L.D.Benson,2891923,(Hook. & Arn.) L.D.Benson,Synonym,RESOLVED,Exact name plus losslessly canonical author resolved to WCVP Accepted species.,CANONICAL_SINGLE_LAYER,
2591964,Sassafras albidum,(Nutt.) Nees,SINGLE_SPECIES_LAYER,0,1,Sassafras_albidum,ATLASG-0612,Sassafras albidum,Sassafras albidum,(Nutt.) Nees,SPECIES,individual_taxa/atlas_pages/Sassafras_albidum.pdf,Sassafras_albidum,3232,Little (1971),,,redigitized,1,,2591964,Sassafras albidum,Sassafras albidum,(Nutt.)Nees,2591964,(Nutt.) Nees,Accepted,RESOLVED,Exact name plus losslessly canonical author resolved to WCVP Accepted species.,CANONICAL_SINGLE_LAYER,
2596955,Strombocarpa pubescens,(Benth.) A.Gray,SINGLE_OFFICIAL_ALIAS_LAYER,0,1,Prosopis_pubescens,ATLASG-0463,Prosopis pubescens,Prosopis pubescens,Benth.,SPECIES,individual_taxa/atlas_pages/Prosopis_pubescens.pdf,Prosopis_pubescens,203,Little (1976),,,redigitized,1,,2596955,Strombocarpa pubescens,Prosopis pubescens,Benth.,2536030,Benth.,Synonym,RESOLVED,Exact name plus losslessly canonical author resolved to WCVP Accepted species.,CANONICAL_SINGLE_LAYER,
2598500,Styphnolobium affine,(Torr. & A.Gray) Walp.,SINGLE_OFFICIAL_ALIAS_LAYER,0,1,Sophora_affinis,ATLASG-0621,Sophora affinis,Styphnolobium affine,(Torr. & A. Gray) Walp.,SPECIES,individual_taxa/atlas_pages/Sophora_affinis.pdf,Sophora_affinis,117,Little (1977),,,redigitized,1,,2598500,Styphnolobium affine,Styphnolobium affine,(Torr.& A.Gray)Walp.,2598500,(Torr. & A.Gray) Walp.,Accepted,RESOLVED,Exact name plus losslessly canonical author resolved to WCVP Accepted species.,CANONICAL_SINGLE_LAYER,
2601502,Swietenia mahagoni,(L.) Jacq.,UNRESOLVED,1,0,,,,,,,,,,,,,,0,,,,,,,,,,,MAINLINE_REVIEW_REQUIRED,No Atlas row resolved by exact name plus author to this accepted ordinary species.
2615689,Acer grandidentatum,Nutt.,SINGLE_SPECIES_LAYER,0,1,Acer_grandidentatum,ATLASG-0020,Acer grandidentatum,Acer grandidentatum,Nutt.,SPECIES,individual_taxa/atlas_pages/Acer_grandidentatum.pdf,Acer_grandidentatum,116,Little (1976),,,redigitized,1,,2615689,Acer grandidentatum,Acer grandidentatum,Nutt.,2615689,Nutt.,Accepted,RESOLVED,Exact name plus losslessly canonical author resolved to WCVP Accepted species.,CANONICAL_SINGLE_LAYER,
2615862,Acer leucoderme,Small,SINGLE_SPECIES_LAYER,0,1,Acer_leucoderme,ATLASG-0021,Acer leucoderme,Acer leucoderme,Small,SPECIES,individual_taxa/atlas_pages/Acer_leucoderme.pdf,Acer_leucoderme,189,Little (1977),,,redigitized,1,,2615862,Acer leucoderme,Acer leucoderme,Small,2615862,Small,Accepted,RESOLVED,Exact name plus losslessly canonical author resolved to WCVP Accepted species.,CANONICAL_SINGLE_LAYER,
2615900,Acer macrophyllum,Pursh,SINGLE_SPECIES_LAYER,0,1,Acer_macrophyllum,ATLASG-0022,Acer macrophyllum,Acer macrophyllum,Pursh,SPECIES,individual_taxa/atlas_pages/Acer_macrophyllum.pdf,Acer_macrophyllum,432,Little (1971),,,redigitized,1,,2615900,Acer macrophyllum,Acer macrophyllum,Pursh,2615900,Pursh,Accepted,RESOLVED,Exact name plus losslessly canonical author resolved to WCVP Accepted species.,CANONICAL_SINGLE_LAYER,
2616024,Acer negundo,L.,SINGLE_SPECIES_LAYER,0,1,Acer_negundo,ATLASG-0023,Acer negundo,Acer negundo,L.,SPECIES,individual_taxa/atlas_pages/Acer_negundo.pdf,Acer_negundo,6399,Little (1971),,,redigitized,1,,2616024,Acer negundo,Acer negundo,L.,2616024,L.,Accepted,RESOLVED,Exact name plus losslessly canonical author resolved to WCVP Accepted species.,CANONICAL_SINGLE_LAYER,
2616060,Acer nigrum,F.Michx.,SINGLE_SPECIES_LAYER,0,1,Acer_nigrum,ATLASG-0024,Acer nigrum,Acer nigrum,F. Michx.,SPECIES,individual_taxa/atlas_pages/Acer_nigrum.pdf,Acer_nigrum,1474,Little (1971),,,redigitized,1,,2616060,Acer nigrum,Acer nigrum,F.Michx.,2616060,F.Michx.,Accepted,RESOLVED,Exact name plus losslessly canonical author resolved to WCVP Accepted species.,CANONICAL_SINGLE_LAYER,
2616210,Acer pensylvanicum,L.,SINGLE_SPECIES_LAYER,0,1,Acer_pensylvanicum,ATLASG-0025,Acer pensylvanicum,Acer pensylvanicum,L.,SPECIES,individual_taxa/atlas_pages/Acer_pensylvanicum.pdf,Acer_pensylvanicum,1117,Little (1977),,,redigitized,1,,2616210,Acer pensylvanicum,Acer pensylvanicum,L.,2616210,L.,Accepted,RESOLVED,Exact name plus losslessly canonical author resolved to WCVP Accepted species.,CANONICAL_SINGLE_LAYER,
2616254,Acer platanoides,L.,NOT_APPLICABLE_CONUS_NONNATIVE,0,0,,,,,,,,,,,,,,0,,,,,,,,,,,NOT_APPLICABLE_CONUS_NONNATIVE,WCVP confirms no native CONUS distribution and introduced CONUS occurrence; Little natural-range mapping is not applicable.
2616276,Acer pseudoplatanus,L.,NOT_APPLICABLE_CONUS_NONNATIVE,0,0,,,,,,,,,,,,,,0,,,,,,,,,,,NOT_APPLICABLE_CONUS_NONNATIVE,WCVP confirms no native CONUS distribution and introduced CONUS occurrence; Little natural-range mapping is not applicable.
2616329,Acer rubrum,L.,SINGLE_SPECIES_LAYER,0,1,Acer_rubrum,ATLASG-0026,Acer rubrum,Acer rubrum,L.,SPECIES,individual_taxa/atlas_pages/Acer_rubrum.pdf,Acer_rubrum,4828,Little (1971),,,redigitized,1,,2616329,Acer rubrum,Acer rubrum,L.,2616329,L.,Accepted,RESOLVED,Exact name plus losslessly canonical author resolved to WCVP Accepted species.,CANONICAL_SINGLE_LAYER,
2616367,Acer saccharinum,L.,SINGLE_SPECIES_LAYER,0,1,Acer_saccharinum,ATLASG-0027,Acer saccharinum,Acer saccharinum,L.,SPECIES,individual_taxa/atlas_pages/Acer_saccharinum.pdf,Acer_saccharinum,3728,Little (1971),,,redigitized,1,,2616367,Acer saccharinum,Acer saccharinum,L.,2616367,L.,Accepted,RESOLVED,Exact name plus losslessly canonical author resolved to WCVP Accepted species.,CANONICAL_SINGLE_LAYER,
2616387,Acer saccharum,Marshall,SINGLE_SPECIES_LAYER,0,1,Acer_saccharum,ATLASG-0028,Acer saccharum,Acer saccharum,Marshall,SPECIES,individual_taxa/atlas_pages/Acer_saccharum.pdf,Acer_saccharum,3404,Little (1971),,,redigitized,1,,2616387,Acer saccharum,Acer saccharum,Marshall,2616387,Marshall,Accepted,RESOLVED,Exact name plus losslessly canonical author resolved to WCVP Accepted species.,CANONICAL_SINGLE_LAYER,
2616481,Acer spicatum,Lam.,SINGLE_SPECIES_LAYER,0,1,Acer_spicatum,ATLASG-0029,Acer spicatum,Acer spicatum,Lam.,SPECIES,individual_taxa/atlas_pages/Acer_spicatum.pdf,Acer_spicatum,3100,Little (1977),,,redigitized,1,,2616481,Acer spicatum,Acer spicatum,Lam.,2616481,Lam.,Accepted,RESOLVED,Exact name plus losslessly canonical author resolved to WCVP Accepted species.,CANONICAL_SINGLE_LAYER,
2616524,Acer tataricum,L.,NOT_APPLICABLE_CONUS_NONNATIVE,0,0,,,,,,,,,,,,,,0,,,,,,,,,,,NOT_APPLICABLE_CONUS_NONNATIVE,WCVP confirms no native CONUS distribution and introduced CONUS occurrence; Little natural-range mapping is not applicable.
2624481,Aesculus californica,(Spach) Nutt.,SINGLE_SPECIES_LAYER,0,1,Aesculus_californica,ATLASG-0030,Aesculus californica,Aesculus californica,(Spach) Nutt.,SPECIES,individual_taxa/atlas_pages/Aesculus_californica.pdf,Aesculus_californica,101,Little (1976),,,redigitized,1,,2624481,Aesculus californica,Aesculus californica,(Spach)Nutt.,2624481,(Spach) Nutt.,Accepted,RESOLVED,Exact name plus losslessly canonical author resolved to WCVP Accepted species.,CANONICAL_SINGLE_LAYER,
2624500,Aesculus flava,Sol.,SINGLE_OFFICIAL_ALIAS_LAYER,0,1,Aesculus_octandra,ATLASG-0032,Aesculus octandra,Aesculus flava,Sol.,SPECIES,individual_taxa/atlas_pages/Aesculus_octandra.pdf,Aesculus_octandra,380,Little (1971),,,redigitized,1,,2624500,Aesculus flava,Aesculus flava,Sol.,2624500,Sol.,Accepted,RESOLVED,Exact name plus losslessly canonical author resolved to WCVP Accepted species.,CANONICAL_SINGLE_LAYER,
2624506,Aesculus glabra,Willd.,SINGLE_SPECIES_LAYER,0,1,Aesculus_glabra,ATLASG-0031,Aesculus glabra,Aesculus glabra,Willd.,SPECIES,individual_taxa/atlas_pages/Aesculus_glabra.pdf,Aesculus_glabra,1400,Little (1971),,,redigitized,1,,2624506,Aesculus glabra,Aesculus glabra,Willd.,2624506,Willd.,Accepted,RESOLVED,Exact name plus losslessly canonical author resolved to WCVP Accepted species.,CANONICAL_SINGLE_LAYER,
2626815,Ailanthus altissima,(Mill.) Swingle,NOT_APPLICABLE_CONUS_NONNATIVE,0,0,,,,,,,,,,,,,,0,,,,,,,,,,,NOT_APPLICABLE_CONUS_NONNATIVE,WCVP confirms no native CONUS distribution and introduced CONUS occurrence; Little natural-range mapping is not applicable.
2627374,Albizia julibrissin,Durazz.,NOT_APPLICABLE_CONUS_NONNATIVE,0,0,,,,,,,,,,,,,,0,,,,,,,,,,,NOT_APPLICABLE_CONUS_NONNATIVE,WCVP confirms no native CONUS distribution and introduced CONUS occurrence; Little natural-range mapping is not applicable.
2640872,Annona glabra,L.,SINGLE_SPECIES_LAYER,0,1,Annona_glabra,ATLASG-0058,Annona glabra,Annona glabra,L.,SPECIES,individual_taxa/atlas_pages/Annona_glabra.pdf,Annona_glabra,51,Little (1978),,,redigitized,1,,2640872,Annona glabra,Annona glabra,L.,2640872,L.,Accepted,RESOLVED,Exact name plus losslessly canonical author resolved to WCVP Accepted species.,CANONICAL_SINGLE_LAYER,
2646656,Arbutus arizonica,(A.Gray) Sarg.,SINGLE_SPECIES_LAYER,0,1,Arbutus_arizonica,ATLASG-0060,Arbutus arizonica,Arbutus arizonica,(A. Gray) Sarg.,SPECIES,individual_taxa/atlas_pages/Arbutus_arizonica.pdf,Arbutus_arizonica,6,Little (1976),,,redigitized,1,,2646656,Arbutus arizonica,Arbutus arizonica,(A.Gray)Sarg.,2646656,(A.Gray) Sarg.,Accepted,RESOLVED,Exact name plus losslessly canonical author resolved to WCVP Accepted species.,CANONICAL_SINGLE_LAYER,
2646696,Arbutus menziesii,Pursh,SINGLE_SPECIES_LAYER,0,1,Arbutus_menziesii,ATLASG-0061,Arbutus menziesii,Arbutus menziesii,Pursh,SPECIES,individual_taxa/atlas_pages/Arbutus_menziesii.pdf,Arbutus_menziesii,227,Little (1971),,,redigitized,1,,2646696,Arbutus menziesii,Arbutus menziesii,Pursh,2646696,Pursh,Accepted,RESOLVED,Exact name plus losslessly canonical author resolved to WCVP Accepted species.,CANONICAL_SINGLE_LAYER,
2646755,Arbutus xalapensis,Kunth,SINGLE_OFFICIAL_ALIAS_LAYER,0,1,Arbutus_texana,ATLASG-0062,Arbutus texana,Arbutus xalapensis,Kunth,SPECIES,individual_taxa/atlas_pages/Arbutus_texana.pdf,Arbutus_texana,15,Little (1976),,,redigitized,1,,2646755,Arbutus xalapensis,Arbutus xalapensis,Kunth,2646755,Kunth,Accepted,RESOLVED,Exact name plus losslessly canonical author resolved to WCVP Accepted species.,CANONICAL_SINGLE_LAYER,
2655435,Asimina triloba,(L.) Dunal,SINGLE_SPECIES_LAYER,0,1,Asimina_triloba,ATLASG-0072,Asimina triloba,Asimina triloba,(L.) Dunal,SPECIES,individual_taxa/atlas_pages/Asimina_triloba.pdf,Asimina_triloba,2371,Little (1977),,,redigitized,1,,2655435,Asimina triloba,Asimina triloba,(L.)Dunal,2655435,(L.) Dunal,Accepted,RESOLVED,Exact name plus losslessly canonical author resolved to WCVP Accepted species.,CANONICAL_SINGLE_LAYER,
2683772,Broussonetia papyrifera,(L.) L'Hér. ex Vent.,NOT_APPLICABLE_CONUS_NONNATIVE,0,0,,,,,,,,,,,,,,0,,,,,,,,,,,NOT_APPLICABLE_CONUS_NONNATIVE,WCVP confirms no native CONUS distribution and introduced CONUS occurrence; Little natural-range mapping is not applicable.
2687649,Bursera simaruba,(L.) Sarg.,SINGLE_SPECIES_LAYER,0,1,Bursera_simaruba,ATLASG-0103,Bursera simaruba,Bursera simaruba,(L.) Sarg.,SPECIES,individual_taxa/atlas_pages/Bursera_simaruba.pdf,Bursera_simaruba,24,Little (1978),,,redigitized,1,,2687649,Bursera simaruba,Bursera simaruba,(L.)Sarg.,2687649,(L.) Sarg.,Accepted,RESOLVED,Exact name plus losslessly canonical author resolved to WCVP Accepted species.,CANONICAL_SINGLE_LAYER,
2695178,Camphora officinarum,Boerh. ex Fabr.,NOT_APPLICABLE_CONUS_NONNATIVE,0,0,,,,,,,,,,,,,,0,,,,,,,,,,,NOT_APPLICABLE_CONUS_NONNATIVE,WCVP confirms no native CONUS distribution and introduced CONUS occurrence; Little natural-range mapping is not applicable.
2701748,Carya aquatica,(F.Michx.) Nutt. ex Elliott,UNRESOLVED,1,0,,,,,,,,,,,,,,0,,,,,,,,,,,MAINLINE_REVIEW_REQUIRED,No Atlas row resolved by exact name plus author to this accepted ordinary species.
2701766,Carya cordiformis,(Wangenh.) K.Koch,SINGLE_SPECIES_LAYER,0,1,Carya_cordiformis,ATLASG-0110,Carya cordiformis,Carya cordiformis,(Wangenh.) K. Koch,SPECIES,individual_taxa/atlas_pages/Carya_cordiformis.pdf,Carya_cordiformis,3751,Little (1971),,,redigitized,1,,2701766,Carya cordiformis,Carya cordiformis,(Wangenh.)K.Koch,2701766,(Wangenh.) K.Koch,Accepted,RESOLVED,Exact name plus losslessly canonical author resolved to WCVP Accepted species.,CANONICAL_SINGLE_LAYER,
2701774,Carya floridana,Sarg.,SINGLE_SPECIES_LAYER,0,1,Carya_floridana,ATLASG-0111,Carya floridana,Carya floridana,Sarg.,SPECIES,individual_taxa/atlas_pages/Carya_floridana.pdf,Carya_floridana,43,Little (1977),,,redigitized,1,,2701774,Carya floridana,Carya floridana,Sarg.,2701774,Sarg.,Accepted,RESOLVED,Exact name plus losslessly canonical author resolved to WCVP Accepted species.,CANONICAL_SINGLE_LAYER,
2701775,Carya glabra,(Mill.) Sweet,SINGLE_SPECIES_LAYER,0,1,Carya_glabra,ATLASG-0112,Carya glabra,Carya glabra,(Mill.) Sweet,SPECIES,individual_taxa/atlas_pages/Carya_glabra.pdf,Carya_glabra,2905,Little (1971),,,redigitized,1,,2701775,Carya glabra,Carya glabra,(Mill.)Sweet,2701775,(Mill.) Sweet,Accepted,RESOLVED,Exact name plus losslessly canonical author resolved to WCVP Accepted species.,CANONICAL_SINGLE_LAYER,
2701784,Carya illinoinensis,(Wangenh.) K.Koch,SINGLE_OFFICIAL_ALIAS_LAYER,0,1,Carya_illinoensis,ATLASG-0113,Carya illinoensis,Carya illinoinensis,(Wangenh.) K. Koch,SPECIES,individual_taxa/atlas_pages/Carya_illinoensis.pdf,Carya_illinoensis,1000,Little (1971),,,redigitized,1,,2701784,Carya illinoinensis,Carya illinoinensis,(Wangenh.)K.Koch,2701784,(Wangenh.) K.Koch,Accepted,RESOLVED,Exact name plus losslessly canonical author resolved to WCVP Accepted species.,CANONICAL_SINGLE_LAYER,
2701789,Carya laciniosa,(F.Michx.) G.Don,UNRESOLVED,1,0,,,,,,,,,,,,,,0,,,,,,,,,,,MAINLINE_REVIEW_REQUIRED,No Atlas row resolved by exact name plus author to this accepted ordinary species.
2701803,Carya myristiciformis,(F.Michx.) Nutt. ex Elliott,UNRESOLVED,1,0,,,,,,,,,,,,,,0,,,,,,,,,,,MAINLINE_REVIEW_REQUIRED,No Atlas row resolved by exact name plus author to this accepted ordinary species.
2701831,Carya ovata,(Mill.) K.Koch,SINGLE_SPECIES_LAYER,0,1,Carya_ovata,ATLASG-0116,Carya ovata,Carya ovata,(Mill.) K. Koch,SPECIES,individual_taxa/atlas_pages/Carya_ovata.pdf,Carya_ovata,3023,Little (1971),,,redigitized,1,,2701831,Carya ovata,Carya ovata,(Mill.)K.Koch,2701831,(Mill.) K.Koch,Accepted,RESOLVED,Exact name plus losslessly canonical author resolved to WCVP Accepted species.,CANONICAL_SINGLE_LAYER,
2701846,Carya pallida,(Ashe) Engelm. & Graebn.,UNRESOLVED,1,0,,,,,,,,,,,,,,0,,,,,,,,,,,MAINLINE_REVIEW_REQUIRED,No Atlas row resolved by exact name plus author to this accepted ordinary species.
2701863,Carya texana,Buckley,SINGLE_SPECIES_LAYER,0,1,Carya_texana,ATLASG-0118,Carya texana,Carya texana,Buckley,SPECIES,individual_taxa/atlas_pages/Carya_texana.pdf,Carya_texana,649,Little (1977),,,redigitized,1,,2701863,Carya texana,Carya texana,Buckley,2701863,Buckley,Accepted,RESOLVED,Exact name plus losslessly canonical author resolved to WCVP Accepted species.,CANONICAL_SINGLE_LAYER,
2701867,Carya tomentosa,(Lam.) Nutt.,UNRESOLVED,1,0,,,,,,,,,,,,,,0,,,,,,,,,,,MAINLINE_REVIEW_REQUIRED,No Atlas row resolved by exact name plus author to this accepted ordinary species.
2708323,Celtis laevigata,Willd.,SINGLE_SPECIES_LAYER,0,1,Celtis_laevigata,ATLASG-0127,Celtis laevigata,Celtis laevigata,Willd.,SPECIES,individual_taxa/atlas_pages/Celtis_laevigata.pdf,Celtis_laevigata,2421,Little (1971),,,redigitized,1,,2708323,Celtis laevigata,Celtis laevigata,Willd.,2708323;2708324,Willd.,Accepted;Illegitimate,RESOLVED,Exact name plus losslessly canonical author resolved to WCVP Accepted species.,CANONICAL_SINGLE_LAYER,
2708380,Celtis occidentalis,L.,SINGLE_SPECIES_LAYER,0,1,Celtis_occidentalis,ATLASG-0128,Celtis occidentalis,Celtis occidentalis,L.,SPECIES,individual_taxa/atlas_pages/Celtis_occidentalis.pdf,Celtis_occidentalis,3110,Little (1971),,,redigitized,1,,2708380,Celtis occidentalis,Celtis occidentalis,L.,2708380,L.,Accepted,RESOLVED,Exact name plus losslessly canonical author resolved to WCVP Accepted species.,CANONICAL_SINGLE_LAYER,
2708432,Celtis reticulata,Torr.,SINGLE_SPECIES_LAYER,0,1,Celtis_reticulata,ATLASG-0130,Celtis reticulata,Celtis reticulata,Torr.,SPECIES,individual_taxa/atlas_pages/Celtis_reticulata.pdf,Celtis_reticulata,667,Little (1976),,,redigitized,1,,2708432,Celtis reticulata,Celtis reticulata,Torr.,2708432,Torr.,Accepted,RESOLVED,Exact name plus losslessly canonical author resolved to WCVP Accepted species.,CANONICAL_SINGLE_LAYER,
2711403,Cercis canadensis,L.,SINGLE_SPECIES_LAYER,0,1,Cercis_canadensis,ATLASG-0136,Cercis canadensis,Cercis canadensis,L.,SPECIES,individual_taxa/atlas_pages/Cercis_canadensis.pdf,Cercis_canadensis,3029,"Little (1976, 1977)",,,redigitized,1,,2711403,Cercis canadensis,Cercis canadensis,L.,2711403,L.,Accepted,RESOLVED,Exact name plus losslessly canonical author resolved to WCVP Accepted species.,CANONICAL_SINGLE_LAYER,
2724586,Cladrastis kentukea,(Dum.Cours.) Rudd,SINGLE_SPECIES_LAYER,0,1,Cladrastis_kentukea,ATLASG-0167,Cladrastis kentukea,Cladrastis kentukea,(Dum. Cours.) Rudd,SPECIES,individual_taxa/atlas_pages/Cladrastis_kentukea.pdf,Cladrastis_kentukea,74,Little (1977),,,redigitized,1,,2724586,Cladrastis kentukea,Cladrastis kentukea,(Dum.Cours.)Rudd,2724586,(Dum.Cours.) Rudd,Accepted,RESOLVED,Exact name plus losslessly canonical author resolved to WCVP Accepted species.,CANONICAL_SINGLE_LAYER,
2729242,Coccoloba diversifolia,Jacq.,SINGLE_SPECIES_LAYER,0,1,Coccoloba_diversifolia,ATLASG-0170,Coccoloba diversifolia,Coccoloba diversifolia,Jacq.,SPECIES,individual_taxa/atlas_pages/Coccoloba_diversifolia.pdf,Coccoloba_diversifolia,9,Little (1978),,,redigitized,1,,2729242,Coccoloba diversifolia,Coccoloba diversifolia,Jacq.,2729242,Jacq.,Accepted,RESOLVED,Exact name plus losslessly canonical author resolved to WCVP Accepted species.,CANONICAL_SINGLE_LAYER,
2733979,Condalia hookeri,M.C.Johnst.,SINGLE_SPECIES_LAYER,0,1,Condalia_hookeri,ATLASG-0175,Condalia hookeri,Condalia hookeri,M.C. Johnst.,SPECIES,individual_taxa/atlas_pages/Condalia_hookeri.pdf,Condalia_hookeri,183,Little (1976),,,redigitized,1,,2733979,Condalia hookeri,Condalia hookeri,M.C.Johnst.,2733979,M.C.Johnst.,Accepted,RESOLVED,Exact name plus losslessly canonical author resolved to WCVP Accepted species.,CANONICAL_SINGLE_LAYER,
2734516,Conocarpus erectus,L.,SINGLE_SPECIES_LAYER,0,1,Conocarpus_erectus,ATLASG-0177,Conocarpus erectus,Conocarpus erectus,L.,SPECIES,individual_taxa/atlas_pages/Conocarpus_erectus.pdf,Conocarpus_erectus,7,Little (1978),,,redigitized,1,,2734516,Conocarpus erectus,Conocarpus erectus,L.,2734516,L.,Accepted,RESOLVED,Exact name plus losslessly canonical author resolved to WCVP Accepted species.,CANONICAL_SINGLE_LAYER,
2736585,Cordia boissieri,A.DC.,SINGLE_SPECIES_LAYER,0,1,Cordia_boissieri,ATLASG-0178,Cordia boissieri,Cordia boissieri,A. DC.,SPECIES,individual_taxa/atlas_pages/Cordia_boissieri.pdf,Cordia_boissieri,13,Little (1976),,,redigitized,1,,2736585,Cordia boissieri,Cordia boissieri,A.DC.,2736585,A.DC.,Accepted,RESOLVED,Exact name plus losslessly canonical author resolved to WCVP Accepted species.,CANONICAL_SINGLE_LAYER,
2740014,Cotinus obovatus,Raf.,SINGLE_SPECIES_LAYER,0,1,Cotinus_obovatus,ATLASG-0191,Cotinus obovatus,Cotinus obovatus,Raf.,SPECIES,individual_taxa/atlas_pages/Cotinus_obovatus.pdf,Cotinus_obovatus,43,Little (1977),,,redigitized,1,,2740014,Cotinus obovatus,Cotinus obovatus,Raf.,2740014,Raf.,Accepted,RESOLVED,Exact name plus losslessly canonical author resolved to WCVP Accepted species.,CANONICAL_SINGLE_LAYER,
2780305,Ebenopsis ebano,(Berland.) Barneby & J.W.Grimes,SINGLE_OFFICIAL_ALIAS_LAYER,0,1,Pithecellobium_flexicaule,ATLASG-0447,Pithecellobium flexicaule,Ebenopsis ebano,(Berland.) Barneby & J.W. Grimes,SPECIES,individual_taxa/atlas_pages/Pithecellobium_flexicaule.pdf,Pithecellobium_flexicaule,37,Little (1976),,,redigitized,1,,2780305,Ebenopsis ebano,Ebenopsis ebano,(Berland.)Barneby & J.W.Grimes,2780305,(Berland.) Barneby & J.W.Grimes,Accepted,RESOLVED,Exact name plus losslessly canonical author resolved to WCVP Accepted species.,CANONICAL_SINGLE_LAYER,
2784654,Ehretia anacua,(Terán & Berland.) I.M.Johnst.,SINGLE_SPECIES_LAYER,0,1,Ehretia_anacua,ATLASG-0221,Ehretia anacua,Ehretia anacua,(Terán & Berland.) I.M. Johnst.,SPECIES,individual_taxa/atlas_pages/Ehretia_anacua.pdf,Ehretia_anacua,49,Little (1976),,,redigitized,1,,2784654,Ehretia anacua,Ehretia anacua,(Terán & Berland.)I.M.Johnst.,2784654,(Terán & Berland.) I.M.Johnst.,Accepted,RESOLVED,Exact name plus losslessly canonical author resolved to WCVP Accepted species.,CANONICAL_SINGLE_LAYER,
2784980,Elaeagnus angustifolia,L.,NOT_APPLICABLE_CONUS_NONNATIVE,0,0,,,,,,,,,,,,,,0,,,,,,,,,,,NOT_APPLICABLE_CONUS_NONNATIVE,WCVP confirms no native CONUS distribution and introduced CONUS occurrence; Little natural-range mapping is not applicable.
2809576,Ficus aurea,Nutt.,SINGLE_SPECIES_LAYER,0,1,Ficus_aurea,ATLASG-0245,Ficus aurea,Ficus aurea,Nutt.,SPECIES,individual_taxa/atlas_pages/Ficus_aurea.pdf,Ficus_aurea,60,Little (1978),,,redigitized,1,,2809576,Ficus aurea,Ficus aurea,Nutt.,2809576,Nutt.,Accepted,RESOLVED,Exact name plus losslessly canonical author resolved to WCVP Accepted species.,CANONICAL_SINGLE_LAYER,
2809827,Ficus carica,L.,NOT_APPLICABLE_CONUS_NONNATIVE,0,0,,,,,,,,,,,,,,0,,,,,,,,,,,NOT_APPLICABLE_CONUS_NONNATIVE,WCVP confirms no native CONUS distribution and introduced CONUS occurrence; Little natural-range mapping is not applicable.
2813006,Firmiana simplex,(L.) W.Wight,NOT_APPLICABLE_CONUS_NONNATIVE,0,0,,,,,,,,,,,,,,0,,,,,,,,,,,NOT_APPLICABLE_CONUS_NONNATIVE,WCVP confirms no native CONUS distribution and introduced CONUS occurrence; Little natural-range mapping is not applicable.
2826455,Gleditsia aquatica,Marshall,SINGLE_SPECIES_LAYER,0,1,Gleditsia_aquatica,ATLASG-0268,Gleditsia aquatica,Gleditsia aquatica,Marshall,SPECIES,individual_taxa/atlas_pages/Gleditsia_aquatica.pdf,Gleditsia_aquatica,431,Little (1977),,,redigitized,1,,2826455,Gleditsia aquatica,Gleditsia aquatica,Marshall,2826455,Marshall,Accepted,RESOLVED,Exact name plus losslessly canonical author resolved to WCVP Accepted species.,CANONICAL_SINGLE_LAYER,
2826513,Gleditsia triacanthos,L.,SINGLE_SPECIES_LAYER,0,1,Gleditsia_triacanthos,ATLASG-0269,Gleditsia triacanthos,Gleditsia triacanthos,L.,SPECIES,individual_taxa/atlas_pages/Gleditsia_triacanthos.pdf,Gleditsia_triacanthos,2594,Little (1971),,,redigitized,1,,2826513,Gleditsia triacanthos,Gleditsia triacanthos,L.,2826513,L.,Accepted,RESOLVED,Exact name plus losslessly canonical author resolved to WCVP Accepted species.,CANONICAL_SINGLE_LAYER,
2830846,Gordonia lasianthus,(L.) Ellis,UNRESOLVED,1,0,,,,,,,,,,,,,,0,,,,,,,,,,,MAINLINE_REVIEW_REQUIRED,No Atlas row resolved by exact name plus author to this accepted ordinary species.
2835921,Gymnocladus dioicus,(L.) K.Koch,SINGLE_SPECIES_LAYER,0,1,Gymnocladus_dioicus,ATLASG-0276,Gymnocladus dioicus,Gymnocladus dioicus,(L.) K. Koch,SPECIES,individual_taxa/atlas_pages/Gymnocladus_dioicus.pdf,Gymnocladus_dioicus,1071,Little (1977),,,redigitized,1,,2835921,Gymnocladus dioicus,Gymnocladus dioicus,(L.)K.Koch,2835921,(L.) K.Koch,Accepted,RESOLVED,Exact name plus losslessly canonical author resolved to WCVP Accepted species.,CANONICAL_SINGLE_LAYER,
2838104,Halesia carolina,L.,MULTIPLE_OTHER_LAYERS,1,0,,ATLASG-0277,Halesia carolina,Halesia carolina,L.,SPECIES,individual_taxa/atlas_pages/Halesia_carolina.pdf,Halesia_carolina,309,Little (1977),,,redigitized,1,,2838104,Halesia carolina,Halesia carolina,L.,2838104,L.,Accepted,RESOLVED,Exact name plus losslessly canonical author resolved to WCVP Accepted species.,MAINLINE_REVIEW_REQUIRED,MULTIPLE_OTHER_LAYERS
2838104,Halesia carolina,L.,MULTIPLE_OTHER_LAYERS,1,0,,ATLASG-0279,Halesia parviflora,Halesia carolina,L.,SPECIES,individual_taxa/atlas_pages/Halesia_parviflora.pdf,Halesia_parviflora,32,Little (1977),,,redigitized,1,,2838104,Halesia carolina,Halesia carolina,L.,2838104,L.,Accepted,RESOLVED,Exact name plus losslessly canonical author resolved to WCVP Accepted species.,MAINLINE_REVIEW_REQUIRED,MULTIPLE_OTHER_LAYERS
2838115,Halesia diptera,L.,UNRESOLVED,1,0,,,,,,,,,,,,,,0,,,,,,,,,,,MAINLINE_REVIEW_REQUIRED,No Atlas row resolved by exact name plus author to this accepted ordinary species.
2860379,Ilex aquifolium,L.,NOT_APPLICABLE_CONUS_NONNATIVE,0,0,,,,,,,,,,,,,,0,,,,,,,,,,,NOT_APPLICABLE_CONUS_NONNATIVE,WCVP confirms no native CONUS distribution and introduced CONUS occurrence; Little natural-range mapping is not applicable.
2860502,Ilex cassine,L.,SINGLE_SPECIES_LAYER,0,1,Ilex_cassine,ATLASG-0295,Ilex cassine,Ilex cassine,L.,SPECIES,individual_taxa/atlas_pages/Ilex_cassine.pdf,Ilex_cassine,244,Little (1977),,,redigitized,1,,2860502,Ilex cassine,Ilex cassine,L.,2860502,L.,Accepted,RESOLVED,Exact name plus losslessly canonical author resolved to WCVP Accepted species.,CANONICAL_SINGLE_LAYER,
2861190,Ilex opaca,Aiton,SINGLE_SPECIES_LAYER,0,1,Ilex_opaca,ATLASG-0301,Ilex opaca,Ilex opaca,Aiton,SPECIES,individual_taxa/atlas_pages/Ilex_opaca.pdf,Ilex_opaca,1839,Little (1971),,,redigitized,1,,2861190,Ilex opaca,Ilex opaca,Aiton,2861190,Aiton,Accepted,RESOLVED,Exact name plus losslessly canonical author resolved to WCVP Accepted species.,CANONICAL_SINGLE_LAYER,
2861645,Ilex vomitoria,Aiton,SINGLE_SPECIES_LAYER,0,1,Ilex_vomitoria,ATLASG-0303,Ilex vomitoria,Ilex vomitoria,Aiton,SPECIES,individual_taxa/atlas_pages/Ilex_vomitoria.pdf,Ilex_vomitoria,629,Little (1977),,,redigitized,1,,2861645,Ilex vomitoria,Ilex vomitoria,Aiton,2861645,Aiton,Accepted,RESOLVED,Exact name plus losslessly canonical author resolved to WCVP Accepted species.,CANONICAL_SINGLE_LAYER,
2901279,Prunus persica,(L.) Batsch,NOT_APPLICABLE_CONUS_NONNATIVE,0,0,,,,,,,,,,,,,,0,,,,,,,,,,,NOT_APPLICABLE_CONUS_NONNATIVE,WCVP confirms no native CONUS distribution and introduced CONUS occurrence; Little natural-range mapping is not applicable.
2915966,Prunus serotina,Ehrh.,SINGLE_SPECIES_LAYER,0,1,Prunus_serotina,ATLASG-0477,Prunus serotina,Prunus serotina,Ehrh.,SPECIES,individual_taxa/atlas_pages/Prunus_serotina.pdf,Prunus_serotina,4671,Little (1971),,,redigitized,1,,2915966,Prunus serotina,Prunus serotina,Ehrh.,2915966,Ehrh.,Accepted,RESOLVED,Exact name plus losslessly canonical author resolved to WCVP Accepted species.,CANONICAL_SINGLE_LAYER,
2917143,Prunus avium,(L.) L.,NOT_APPLICABLE_CONUS_NONNATIVE,0,0,,,,,,,,,,,,,,0,,,,,,,,,,,NOT_APPLICABLE_CONUS_NONNATIVE,WCVP confirms no native CONUS distribution and introduced CONUS occurrence; Little natural-range mapping is not applicable.
2917212,Populus deltoides,W.Bartram ex Marshall,SINGLE_SPECIES_LAYER,0,1,Populus_deltoides,ATLASG-0456,Populus deltoides,Populus deltoides,W. Bartram ex Marshall,SPECIES,individual_taxa/atlas_pages/Populus_deltoides.pdf,Populus_deltoides,5749,Little (1971),,,redigitized,1,,2917212,Populus deltoides,Populus deltoides,W.Bartram ex Marshall,2917212,W.Bartram ex Marshall,Accepted,RESOLVED,Exact name plus losslessly canonical author resolved to WCVP Accepted species.,CANONICAL_SINGLE_LAYER,
2917269,Populus fremontii,S.Watson,SINGLE_SPECIES_LAYER,1,0,,ATLASG-0457,Populus fremontii,Populus fremontii,S. Watson,SPECIES,individual_taxa/atlas_pages/Populus_fremontii.pdf,Populus_fremontii,329,"Little (1971, 1976)",,P. fremontii now includes what Little (1976) mapped as P. arizonica,two species were merged,1,,2917269,Populus fremontii,Populus fremontii,S.Watson,2917269,S.Watson,Accepted,RESOLVED,Exact name plus losslessly canonical author resolved to WCVP Accepted species.,MAINLINE_REVIEW_REQUIRED,ATLAS_NOTES_NONBLANK
2917292,Populus balsamifera,L.,SINGLE_SPECIES_LAYER,0,1,Populus_balsamifera,ATLASG-0455,Populus balsamifera,Populus balsamifera,L.,SPECIES,individual_taxa/atlas_pages/Populus_balsamifera.pdf,Populus_balsamifera,8855,Little (1971); Viereck and Little (1975),,,redigitized,1,,2917292,Populus balsamifera,Populus balsamifera,L.,2917292,L.,Accepted,RESOLVED,Exact name plus losslessly canonical author resolved to WCVP Accepted species.,CANONICAL_SINGLE_LAYER,
2917437,Populus tristis,Fisch.,UNRESOLVED,1,0,,,,,,,,,,,,,,0,,,,,,,,,,,MAINLINE_REVIEW_REQUIRED,No Atlas row resolved by exact name plus author to this accepted ordinary species.
2917451,Populus tremuloides,Michx.,SINGLE_SPECIES_LAYER,0,1,Populus_tremuloides,ATLASG-0460,Populus tremuloides,Populus tremuloides,Michx.,SPECIES,individual_taxa/atlas_pages/Populus_tremuloides.pdf,Populus_tremuloides,10856,Little (1971); Viereck and Little (1975),,,redigitized,1,,2917451,Populus tremuloides,Populus tremuloides,Michx.,2917451,Michx.,Accepted,RESOLVED,Exact name plus losslessly canonical author resolved to WCVP Accepted species.,CANONICAL_SINGLE_LAYER,
2917497,Populus nigra,L.,NOT_APPLICABLE_CONUS_NONNATIVE,0,0,,,,,,,,,,,,,,0,,,,,,,,,,,NOT_APPLICABLE_CONUS_NONNATIVE,WCVP confirms no native CONUS distribution and introduced CONUS occurrence; Little natural-range mapping is not applicable.
2917577,Populus grandidentata,Michx.,SINGLE_SPECIES_LAYER,0,1,Populus_grandidentata,ATLASG-0458,Populus grandidentata,Populus grandidentata,Michx.,SPECIES,individual_taxa/atlas_pages/Populus_grandidentata.pdf,Populus_grandidentata,3028,Little (1971),,,redigitized,1,,2917577,Populus grandidentata,Populus grandidentata,Michx.,2917577,Michx.,Accepted,RESOLVED,Exact name plus losslessly canonical author resolved to WCVP Accepted species.,CANONICAL_SINGLE_LAYER,
2917593,Populus heterophylla,L.,SINGLE_SPECIES_LAYER,0,1,Populus_heterophylla,ATLASG-0459,Populus heterophylla,Populus heterophylla,L.,SPECIES,individual_taxa/atlas_pages/Populus_heterophylla.pdf,Populus_heterophylla,314,Little (1971),,,redigitized,1,,2917593,Populus heterophylla,Populus heterophylla,L.,2917593,L.,Accepted,RESOLVED,Exact name plus losslessly canonical author resolved to WCVP Accepted species.,CANONICAL_SINGLE_LAYER,
2917735,Populus alba,L.,NOT_APPLICABLE_CONUS_NONNATIVE,0,0,,,,,,,,,,,,,,0,,,,,,,,,,,NOT_APPLICABLE_CONUS_NONNATIVE,WCVP confirms no native CONUS distribution and introduced CONUS occurrence; Little natural-range mapping is not applicable.
2918617,Salix amygdaloides,Andersson,SINGLE_SPECIES_LAYER,0,1,Salix_amygdaloides,ATLASG-0573,Salix amygdaloides,Salix amygdaloides,Andersson,SPECIES,individual_taxa/atlas_pages/Salix_amygdaloides.pdf,Salix_amygdaloides,5018,Little (1971),,,redigitized,1,,2918617,Salix amygdaloides,Salix amygdaloides,Andersson,2918617,Andersson,Accepted,RESOLVED,Exact name plus losslessly canonical author resolved to WCVP Accepted species.,CANONICAL_SINGLE_LAYER,
2918804,Salix alba,L.,NOT_APPLICABLE_CONUS_NONNATIVE,0,0,,,,,,,,,,,,,,0,,,,,,,,,,,NOT_APPLICABLE_CONUS_NONNATIVE,WCVP confirms no native CONUS distribution and introduced CONUS occurrence; Little natural-range mapping is not applicable.
2919167,Salix caroliniana,Michx.,SINGLE_SPECIES_LAYER,0,1,Salix_caroliniana,ATLASG-0577,Salix caroliniana,Salix caroliniana,Michx.,SPECIES,individual_taxa/atlas_pages/Salix_caroliniana.pdf,Salix_caroliniana,893,Little (1977),,,redigitized,1,,2919167,Salix caroliniana,Salix caroliniana,Michx.,2919167,Michx.,Accepted,RESOLVED,Exact name plus losslessly canonical author resolved to WCVP Accepted species.,CANONICAL_SINGLE_LAYER,
2919837,Salix nigra,Marshall,AMBIGUOUS,1,0,,ATLASG-0590,Salix nigra,Salix nigra / Salix goodingii,Marshall / C.R. Ball,SPECIES,individual_taxa/atlas_pages/Salix_nigra.pdf,Salix_nigra,5011,"Little (1971, 1976)",,,redigitized,1,Salix goodingii,2919837,Salix nigra,Salix nigra | Salix goodingii,Marshall | C.R.Ball,2919837 | ,Marshall | ,Accepted | ,RESOLVED | UNRESOLVED,Exact name plus losslessly canonical author resolved to WCVP Accepted species. | No losslessly canonical author-qualified WCVP match; no other-author homonym substituted.,MAINLINE_REVIEW_REQUIRED,AMBIGUOUS;UNRESOLVED_ACCEPTED_NAME_COMPONENT
2921945,Populus angustifolia,E.James,SINGLE_SPECIES_LAYER,0,1,Populus_angustifolia,ATLASG-0454,Populus angustifolia,Populus angustifolia,E. James,SPECIES,individual_taxa/atlas_pages/Populus_angustifolia.pdf,Populus_angustifolia,464,Little (1976),,,redigitized,1,,2921945,Populus angustifolia,Populus angustifolia,E.James,2921945,E.James,Accepted,RESOLVED,Exact name plus losslessly canonical author resolved to WCVP Accepted species.,CANONICAL_SINGLE_LAYER,
2940130,Amelanchier arborea,(F.Michx.) Fernald,SINGLE_SPECIES_LAYER,0,1,Amelanchier_arborea,ATLASG-0053,Amelanchier arborea,Amelanchier arborea,(F. Michx.) Fernald,SPECIES,individual_taxa/atlas_pages/Amelanchier_arborea.pdf,Amelanchier_arborea,4140,Little (1977),,,redigitized,1,,2940130,Amelanchier arborea,Amelanchier arborea,(F.Michx.)Fernald,2940130,(F.Michx.) Fernald,Accepted,RESOLVED,Exact name plus losslessly canonical author resolved to WCVP Accepted species.,CANONICAL_SINGLE_LAYER,
2940246,Amelanchier laevis,Wiegand,UNRESOLVED,1,0,,,,,,,,,,,,,,0,,,,,,,,,,,MAINLINE_REVIEW_REQUIRED,No Atlas row resolved by exact name plus author to this accepted ordinary species.
2943367,Cercocarpus ledifolius,Nutt.,SINGLE_SPECIES_LAYER,0,1,Cercocarpus_ledifolius,ATLASG-0141,Cercocarpus ledifolius,Cercocarpus ledifolius var. ledifolius,,SPECIES,individual_taxa/atlas_pages/Cercocarpus_ledifolius.pdf,Cercocarpus_ledifolius,303,Little (1976),,,redigitized,1,,2943367,Cercocarpus ledifolius,Cercocarpus ledifolius var. ledifolius,,3265833,,Accepted,RESOLVED,Exact authored infraspecific component resolved through explicit parent to WCVP Accepted species.,CANONICAL_SINGLE_LAYER,
2945308,Crataegus crus-galli,L.,UNRESOLVED,1,0,,,,,,,,,,,,,,0,,,,,,,,,,,MAINLINE_REVIEW_REQUIRED,No Atlas row resolved by exact name plus author to this accepted ordinary species.
2946180,Crataegus mollis,(Torr. & A.Gray) Scheele,UNRESOLVED,1,0,,,,,,,,,,,,,,0,,,,,,,,,,,MAINLINE_REVIEW_REQUIRED,No Atlas row resolved by exact name plus author to this accepted ordinary species.
2950397,Malus angustifolia,(Aiton) Michx.,SINGLE_SPECIES_LAYER,0,1,Malus_angustifolia,ATLASG-0362,Malus angustifolia,Malus angustifolia,(Aiton) Michx.,SPECIES,individual_taxa/atlas_pages/Malus_angustifolia.pdf,Malus_angustifolia,630,Little (1977),,,redigitized,1,,2950397,Malus angustifolia,Malus angustifolia,(Aiton)Michx.,2950397,(Aiton) Michx.,Accepted,RESOLVED,Exact name plus losslessly canonical author resolved to WCVP Accepted species.,CANONICAL_SINGLE_LAYER,
2950548,Malus coronaria,(L.) Mill.,SINGLE_SPECIES_LAYER,0,1,Malus_coronaria,ATLASG-0363,Malus coronaria,Malus coronaria,(L.) Mill.,SPECIES,individual_taxa/atlas_pages/Malus_coronaria.pdf,Malus_coronaria,646,Little (1977),,,redigitized,1,,2950548,Malus coronaria,Malus coronaria,(L.)Mill.,2950548,(L.) Mill.,Accepted,RESOLVED,Exact name plus losslessly canonical author resolved to WCVP Accepted species.,CANONICAL_SINGLE_LAYER,
2950597,Malus domestica,(Suckow) Borkh.,NOT_APPLICABLE_CONUS_NONNATIVE,0,0,,,,,,,,,,,,,,0,,,,,,,,,,,NOT_APPLICABLE_CONUS_NONNATIVE,WCVP confirms no native CONUS distribution and introduced CONUS occurrence; Little natural-range mapping is not applicable.
2950658,Malus fusca,(Raf.) Raf.,UNRESOLVED,1,0,,,,,,,,,,,,,,0,,,,,,,,,,,MAINLINE_REVIEW_REQUIRED,No Atlas row resolved by exact name plus author to this accepted ordinary species.
2958765,Prunus americana,Marshall,SINGLE_SPECIES_LAYER,0,1,Prunus_americana,ATLASG-0466,Prunus americana,Prunus americana,Marshall,SPECIES,individual_taxa/atlas_pages/Prunus_americana.pdf,Prunus_americana,3656,"Little (1976, 1977)",,,redigitized,1,,2958765,Prunus americana,Prunus americana,Marshall,2958765,Marshall,Accepted,RESOLVED,Exact name plus losslessly canonical author resolved to WCVP Accepted species.,CANONICAL_SINGLE_LAYER,
2959079,Prunus caroliniana,(Mill.) Aiton,SINGLE_SPECIES_LAYER,0,1,Prunus_caroliniana,ATLASG-0467,Prunus caroliniana,Prunus caroliniana,(Mill.) Aiton,SPECIES,individual_taxa/atlas_pages/Prunus_caroliniana.pdf,Prunus_caroliniana,598,Little (1977),,,redigitized,1,,2959079,Prunus caroliniana,Prunus caroliniana,(Mill.)Aiton,2959079,(Mill.) Aiton,Accepted,RESOLVED,Exact name plus losslessly canonical author resolved to WCVP Accepted species.,CANONICAL_SINGLE_LAYER,
2959531,Prunus domestica,L.,NOT_APPLICABLE_CONUS_NONNATIVE,0,0,,,,,,,,,,,,,,0,,,,,,,,,,,NOT_APPLICABLE_CONUS_NONNATIVE,WCVP confirms no native CONUS distribution and introduced CONUS occurrence; Little natural-range mapping is not applicable.
2959716,Prunus emarginata,(Douglas ex Hook.) Eaton,UNRESOLVED,1,0,,,,,,,,,,,,,,0,,,,,,,,,,,MAINLINE_REVIEW_REQUIRED,No Atlas row resolved by exact name plus author to this accepted ordinary species.
2960451,Prunus laurocerasus,L.,NOT_APPLICABLE_CONUS_NONNATIVE,0,0,,,,,,,,,,,,,,0,,,,,,,,,,,NOT_APPLICABLE_CONUS_NONNATIVE,WCVP confirms no native CONUS distribution and introduced CONUS occurrence; Little natural-range mapping is not applicable.
2960673,Prunus mexicana,S.Watson,SINGLE_SPECIES_LAYER,0,1,Prunus_mexicana,ATLASG-0473,Prunus mexicana,Prunus mexicana,S. Watson,SPECIES,individual_taxa/atlas_pages/Prunus_mexicana.pdf,Prunus_mexicana,1043,Little (1977),,,redigitized,1,,2960673,Prunus mexicana,Prunus mexicana,S.Watson,2960673,S.Watson,Accepted,RESOLVED,Exact name plus losslessly canonical author resolved to WCVP Accepted species.,CANONICAL_SINGLE_LAYER,
2961130,Prunus pensylvanica,L.f.,SINGLE_SPECIES_LAYER,0,1,Prunus_pensylvanica,ATLASG-0476,Prunus pensylvanica,Prunus pensylvanica,L. f.,SPECIES,individual_taxa/atlas_pages/Prunus_pensylvanica.pdf,Prunus_pensylvanica,6746,"Little (1976, 1977)",,,redigitized,1,,2961130,Prunus pensylvanica,Prunus pensylvanica,L.f.,2961130,L.f.,Accepted,RESOLVED,Exact name plus losslessly canonical author resolved to WCVP Accepted species.,CANONICAL_SINGLE_LAYER,
2961630,Prunus serrulata,Lindl.,UNRESOLVED,1,0,,,,,,,,,,,,,,0,,,,,,,,,,,MAINLINE_REVIEW_REQUIRED,No Atlas row resolved by exact name plus author to this accepted ordinary species.
2962364,Prunus virginiana,L.,SINGLE_SPECIES_LAYER,0,1,Prunus_virginiana,ATLASG-0480,Prunus virginiana,Prunus virginiana,L.,SPECIES,individual_taxa/atlas_pages/Prunus_virginiana.pdf,Prunus_virginiana,8865,"Little (1976, 1977)",,,redigitized,1,,2962364,Prunus virginiana,Prunus virginiana,L.,2962364,L.,Accepted,RESOLVED,Exact name plus losslessly canonical author resolved to WCVP Accepted species.,CANONICAL_SINGLE_LAYER,
2963049,Pyrus calleryana,Decne.,NOT_APPLICABLE_CONUS_NONNATIVE,0,0,,,,,,,,,,,,,,0,,,,,,,,,,,NOT_APPLICABLE_CONUS_NONNATIVE,WCVP confirms no native CONUS distribution and introduced CONUS occurrence; Little natural-range mapping is not applicable.
2963115,Pyrus communis,L.,NOT_APPLICABLE_CONUS_NONNATIVE,0,0,,,,,,,,,,,,,,0,,,,,,,,,,,NOT_APPLICABLE_CONUS_NONNATIVE,WCVP confirms no native CONUS distribution and introduced CONUS occurrence; Little natural-range mapping is not applicable.
2991391,Sorbus americana,Marshall,SINGLE_SPECIES_LAYER,0,1,Sorbus_americana,ATLASG-0623,Sorbus americana,Sorbus americana,Marshall,SPECIES,individual_taxa/atlas_pages/Sorbus_americana.pdf,Sorbus_americana,2812,Little (1977),,,redigitized,1,,2991391,Sorbus americana,Sorbus americana,Marshall,2991391,Marshall,Accepted,RESOLVED,Exact name plus losslessly canonical author resolved to WCVP Accepted species.,CANONICAL_SINGLE_LAYER,
2991806,Sorbus decora,(Sarg.) C.K.Schneid.,SINGLE_SPECIES_LAYER,0,1,Sorbus_decora,ATLASG-0624,Sorbus decora,Sorbus decora,(Sarg.) C.K. Schneid.,SPECIES,individual_taxa/atlas_pages/Sorbus_decora.pdf,Sorbus_decora,3517,Little (1977),,,redigitized,1,,2991806,Sorbus decora,Sorbus decora,(Sarg.)C.K.Schneid.,2991806,(Sarg.) C.K.Schneid.,Accepted,RESOLVED,Exact name plus losslessly canonical author resolved to WCVP Accepted species.,CANONICAL_SINGLE_LAYER,
