analysis_species_id,analysis_species_name,v01_scientific_status,v01_class,v02_class,v01_reason_code,v02_reason_code,class_changed,change_explanation,semantic_attribution_status,confirmed_native_outside_North_America,transcontinental_circumboreal_global_extension_flag,transcontinental_semantic_role_v02,relevant_frozen_level3_external_evidence,frozen_outside_North_America_level3_evidence,frozen_other_NA_extension_level3_evidence,v01_classification_sha256,v02_classification_sha256
6544,Alnus oblongifolia,MAINLINE_CONTRACT_SEMANTICS_FAIL / COMPUTATIONAL_EXECUTION_PASS,BORDERLINE_MEXICO,BORDERLINE_MEXICO,CONFIRMED_NATIVE_MEXICO,CONFIRMED_NATIVE_MEXICO,NO,UNCHANGED_UNDER_CORRECTED_PRECEDENCE,PASS,FALSE,FALSE,DIAGNOSTIC_ONLY_ZERO_INDEPENDENT_ROUTING_AUTHORITY,MXE:Mexico Northeast;MXN:Mexico Northwest,NONE,NONE,243978406cb913c13898b333671000c30592079d076ef8b995822a1684f8a8cd,d0ff6281d3e5a8aa2cb1438fd70cc2650163b6c512ffe8299c24d3555ddfcb64
6578,Alnus rhombifolia,MAINLINE_CONTRACT_SEMANTICS_FAIL / COMPUTATIONAL_EXECUTION_PASS,BORDERLINE_MEXICO,BORDERLINE_MEXICO,CONFIRMED_NATIVE_MEXICO,CONFIRMED_NATIVE_MEXICO,NO,UNCHANGED_UNDER_CORRECTED_PRECEDENCE,PASS,FALSE,FALSE,DIAGNOSTIC_ONLY_ZERO_INDEPENDENT_ROUTING_AUTHORITY,MXN:Mexico Northwest,NONE,NONE,243978406cb913c13898b333671000c30592079d076ef8b995822a1684f8a8cd,d0ff6281d3e5a8aa2cb1438fd70cc2650163b6c512ffe8299c24d3555ddfcb64
6584,Alnus rubra,MAINLINE_CONTRACT_SEMANTICS_FAIL / COMPUTATIONAL_EXECUTION_PASS,RETAIN_USCA_AUDIT,RETAIN_USCA_AUDIT,CONFIRMED_NATIVE_CANADA_AND_ALASKA,CONFIRMED_NATIVE_CANADA_AND_ALASKA,NO,UNCHANGED_UNDER_CORRECTED_PRECEDENCE,PASS,FALSE,FALSE,DIAGNOSTIC_ONLY_ZERO_INDEPENDENT_ROUTING_AUTHORITY,NONE,NONE,NONE,243978406cb913c13898b333671000c30592079d076ef8b995822a1684f8a8cd,d0ff6281d3e5a8aa2cb1438fd70cc2650163b6c512ffe8299c24d3555ddfcb64
18443,Avicennia germinans,MAINLINE_CONTRACT_SEMANTICS_FAIL / COMPUTATIONAL_EXECUTION_PASS,FAIL_EXTRA_NA,FAIL_EXTRA_NA,EXTRA_NA_AND_TRANSCONTINENTAL,CONFIRMED_NATIVE_OUTSIDE_NORTH_AMERICA,NO,UNCHANGED_UNDER_CORRECTED_PRECEDENCE,PASS,TRUE,TRUE,DIAGNOSTIC_ONLY_ZERO_INDEPENDENT_ROUTING_AUTHORITY,ANG:Angola;ARU:Aruba;BAH:Bahamas;BEN:Benin;BER:Bermuda;BLZ:Belize;BZE:Brazil Northeast;BZL:Brazil Southeast;BZN:Brazil North;CAB:Cabinda;CAY:Cayman Is.;CLM:Colombia;CMN:Cameroon;CON:Congo;COS:Costa Rica;CUB:Cuba;DOM:Dominican Republic;ECU:Ecuador;ELS:El Salvador;EQG:Equatorial Guinea;FRG:French Guiana;GAB:Gabon;GAL:Galápagos;GAM:Gambia;GGI:Gulf of Guinea Is.;GHA:Ghana;GNB:Guinea-Bissau;GUA:Guatemala;GUI:Guinea;GUY:Guyana;HAI:Haiti;HON:Honduras;IVO:Ivory Coast;JAM:Jamaica;LBR:Liberia;LEE:Leeward Is.;MTN:Mauritania;MXE:Mexico Northeast;MXG:Mexico Gulf;MXN:Mexico Northwest;MXS:Mexico Southwest;MXT:Mexico Southeast;NGA:Nigeria;NIC:Nicaragua;NLA:Netherlands Antilles;PAN:Panamá;PER:Peru;PUE:Puerto Rico;SEN:Senegal;SIE:Sierra Leone;SUR:Suriname;SWC:Southwest Caribbean;TCI:Turks-Caicos Is.;TOG:Togo;TRT:Trinidad-Tobago;VEN:Venezuela;VNA:Venezuelan Antilles;WIN:Windward Is.;ZAI:DR Congo,ANG:Angola;BEN:Benin;BZE:Brazil Northeast;BZL:Brazil Southeast;BZN:Brazil North;CAB:Cabinda;CLM:Colombia;CMN:Cameroon;CON:Congo;ECU:Ecuador;EQG:Equatorial Guinea;FRG:French Guiana;GAB:Gabon;GAL:Galápagos;GAM:Gambia;GGI:Gulf of Guinea Is.;GHA:Ghana;GNB:Guinea-Bissau;GUI:Guinea;GUY:Guyana;IVO:Ivory Coast;LBR:Liberia;MTN:Mauritania;NGA:Nigeria;PER:Peru;SEN:Senegal;SIE:Sierra Leone;SUR:Suriname;TOG:Togo;VEN:Venezuela;ZAI:DR Congo,ARU:Aruba;BAH:Bahamas;BER:Bermuda;CAY:Cayman Is.;CUB:Cuba;DOM:Dominican Republic;HAI:Haiti;JAM:Jamaica;LEE:Leeward Is.;NLA:Netherlands Antilles;PUE:Puerto Rico;SWC:Southwest Caribbean;TCI:Turks-Caicos Is.;TRT:Trinidad-Tobago;VNA:Venezuelan Antilles;WIN:Windward Is.,243978406cb913c13898b333671000c30592079d076ef8b995822a1684f8a8cd,d0ff6281d3e5a8aa2cb1438fd70cc2650163b6c512ffe8299c24d3555ddfcb64
21135,Betula alleghaniensis,MAINLINE_CONTRACT_SEMANTICS_FAIL / COMPUTATIONAL_EXECUTION_PASS,RETAIN_USCA_AUDIT,RETAIN_USCA_AUDIT,CONFIRMED_NATIVE_CANADA,CONFIRMED_NATIVE_CANADA,NO,UNCHANGED_UNDER_CORRECTED_PRECEDENCE,PASS,FALSE,FALSE,DIAGNOSTIC_ONLY_ZERO_INDEPENDENT_ROUTING_AUTHORITY,NONE,NONE,NONE,243978406cb913c13898b333671000c30592079d076ef8b995822a1684f8a8cd,d0ff6281d3e5a8aa2cb1438fd70cc2650163b6c512ffe8299c24d3555ddfcb64
21443,Betula lenta,MAINLINE_CONTRACT_SEMANTICS_FAIL / COMPUTATIONAL_EXECUTION_PASS,RETAIN_USCA_AUDIT,RETAIN_USCA_AUDIT,CONFIRMED_NATIVE_CANADA,CONFIRMED_NATIVE_CANADA,NO,UNCHANGED_UNDER_CORRECTED_PRECEDENCE,PASS,FALSE,FALSE,DIAGNOSTIC_ONLY_ZERO_INDEPENDENT_ROUTING_AUTHORITY,NONE,NONE,NONE,243978406cb913c13898b333671000c30592079d076ef8b995822a1684f8a8cd,d0ff6281d3e5a8aa2cb1438fd70cc2650163b6c512ffe8299c24d3555ddfcb64
21527,Betula nigra,MAINLINE_CONTRACT_SEMANTICS_FAIL / COMPUTATIONAL_EXECUTION_PASS,PASS_COARSE,PASS_COARSE,NO_CONFIRMED_EXTERNAL_NATIVE_EXTENSION_IN_FROZEN_D08B1,NO_CONFIRMED_EXTERNAL_NATIVE_EXTENSION_IN_FROZEN_D08B1,NO,UNCHANGED_UNDER_CORRECTED_PRECEDENCE,PASS,FALSE,FALSE,DIAGNOSTIC_ONLY_ZERO_INDEPENDENT_ROUTING_AUTHORITY,NONE,NONE,NONE,243978406cb913c13898b333671000c30592079d076ef8b995822a1684f8a8cd,d0ff6281d3e5a8aa2cb1438fd70cc2650163b6c512ffe8299c24d3555ddfcb64
21535,Betula occidentalis,MAINLINE_CONTRACT_SEMANTICS_FAIL / COMPUTATIONAL_EXECUTION_PASS,RETAIN_USCA_AUDIT,RETAIN_USCA_AUDIT,CONFIRMED_NATIVE_CANADA_AND_ALASKA,CONFIRMED_NATIVE_CANADA_AND_ALASKA,NO,UNCHANGED_UNDER_CORRECTED_PRECEDENCE,PASS,FALSE,FALSE,DIAGNOSTIC_ONLY_ZERO_INDEPENDENT_ROUTING_AUTHORITY,NONE,NONE,NONE,243978406cb913c13898b333671000c30592079d076ef8b995822a1684f8a8cd,d0ff6281d3e5a8aa2cb1438fd70cc2650163b6c512ffe8299c24d3555ddfcb64
21557,Betula papyrifera,MAINLINE_CONTRACT_SEMANTICS_FAIL / COMPUTATIONAL_EXECUTION_PASS,RETAIN_USCA_AUDIT,RETAIN_USCA_AUDIT,CONFIRMED_NATIVE_CANADA_AND_ALASKA,CONFIRMED_NATIVE_CANADA_AND_ALASKA,NO,UNCHANGED_UNDER_CORRECTED_PRECEDENCE,PASS,FALSE,FALSE,DIAGNOSTIC_ONLY_ZERO_INDEPENDENT_ROUTING_AUTHORITY,NONE,NONE,NONE,243978406cb913c13898b333671000c30592079d076ef8b995822a1684f8a8cd,d0ff6281d3e5a8aa2cb1438fd70cc2650163b6c512ffe8299c24d3555ddfcb64
21620,Betula populifolia,MAINLINE_CONTRACT_SEMANTICS_FAIL / COMPUTATIONAL_EXECUTION_PASS,RETAIN_USCA_AUDIT,RETAIN_USCA_AUDIT,CONFIRMED_NATIVE_CANADA,CONFIRMED_NATIVE_CANADA,NO,UNCHANGED_UNDER_CORRECTED_PRECEDENCE,PASS,FALSE,FALSE,DIAGNOSTIC_ONLY_ZERO_INDEPENDENT_ROUTING_AUTHORITY,NONE,NONE,NONE,243978406cb913c13898b333671000c30592079d076ef8b995822a1684f8a8cd,d0ff6281d3e5a8aa2cb1438fd70cc2650163b6c512ffe8299c24d3555ddfcb64
34302,Carpinus caroliniana,MAINLINE_CONTRACT_SEMANTICS_FAIL / COMPUTATIONAL_EXECUTION_PASS,RETAIN_USCA_AUDIT,RETAIN_USCA_AUDIT,CONFIRMED_NATIVE_CANADA,CONFIRMED_NATIVE_CANADA,NO,UNCHANGED_UNDER_CORRECTED_PRECEDENCE,PASS,FALSE,FALSE,DIAGNOSTIC_ONLY_ZERO_INDEPENDENT_ROUTING_AUTHORITY,NONE,NONE,NONE,243978406cb913c13898b333671000c30592079d076ef8b995822a1684f8a8cd,d0ff6281d3e5a8aa2cb1438fd70cc2650163b6c512ffe8299c24d3555ddfcb64
34965,Castanea dentata,MAINLINE_CONTRACT_SEMANTICS_FAIL / COMPUTATIONAL_EXECUTION_PASS,RETAIN_USCA_AUDIT,RETAIN_USCA_AUDIT,CONFIRMED_NATIVE_CANADA,CONFIRMED_NATIVE_CANADA,NO,UNCHANGED_UNDER_CORRECTED_PRECEDENCE,PASS,FALSE,FALSE,DIAGNOSTIC_ONLY_ZERO_INDEPENDENT_ROUTING_AUTHORITY,NONE,NONE,NONE,243978406cb913c13898b333671000c30592079d076ef8b995822a1684f8a8cd,d0ff6281d3e5a8aa2cb1438fd70cc2650163b6c512ffe8299c24d3555ddfcb64
35021,Castanea ozarkensis,MAINLINE_CONTRACT_SEMANTICS_FAIL / COMPUTATIONAL_EXECUTION_PASS,PASS_COARSE,PASS_COARSE,NO_CONFIRMED_EXTERNAL_NATIVE_EXTENSION_IN_FROZEN_D08B1,NO_CONFIRMED_EXTERNAL_NATIVE_EXTENSION_IN_FROZEN_D08B1,NO,UNCHANGED_UNDER_CORRECTED_PRECEDENCE,PASS,FALSE,FALSE,DIAGNOSTIC_ONLY_ZERO_INDEPENDENT_ROUTING_AUTHORITY,NONE,NONE,NONE,243978406cb913c13898b333671000c30592079d076ef8b995822a1684f8a8cd,d0ff6281d3e5a8aa2cb1438fd70cc2650163b6c512ffe8299c24d3555ddfcb64
35028,Castanea pumila,MAINLINE_CONTRACT_SEMANTICS_FAIL / COMPUTATIONAL_EXECUTION_PASS,PASS_COARSE,PASS_COARSE,NO_CONFIRMED_EXTERNAL_NATIVE_EXTENSION_IN_FROZEN_D08B1,NO_CONFIRMED_EXTERNAL_NATIVE_EXTENSION_IN_FROZEN_D08B1,NO,UNCHANGED_UNDER_CORRECTED_PRECEDENCE,PASS,FALSE,FALSE,DIAGNOSTIC_ONLY_ZERO_INDEPENDENT_ROUTING_AUTHORITY,NONE,NONE,NONE,243978406cb913c13898b333671000c30592079d076ef8b995822a1684f8a8cd,d0ff6281d3e5a8aa2cb1438fd70cc2650163b6c512ffe8299c24d3555ddfcb64
39927,Chrysolepis chrysophylla,MAINLINE_CONTRACT_SEMANTICS_FAIL / COMPUTATIONAL_EXECUTION_PASS,PASS_COARSE,PASS_COARSE,NO_CONFIRMED_EXTERNAL_NATIVE_EXTENSION_IN_FROZEN_D08B1,NO_CONFIRMED_EXTERNAL_NATIVE_EXTENSION_IN_FROZEN_D08B1,NO,UNCHANGED_UNDER_CORRECTED_PRECEDENCE,PASS,FALSE,FALSE,DIAGNOSTIC_ONLY_ZERO_INDEPENDENT_ROUTING_AUTHORITY,NONE,NONE,NONE,243978406cb913c13898b333671000c30592079d076ef8b995822a1684f8a8cd,d0ff6281d3e5a8aa2cb1438fd70cc2650163b6c512ffe8299c24d3555ddfcb64
47363,Cornus florida,MAINLINE_CONTRACT_SEMANTICS_FAIL / COMPUTATIONAL_EXECUTION_PASS,BORDERLINE_MEXICO,BORDERLINE_MEXICO,CONFIRMED_NATIVE_MEXICO,CONFIRMED_NATIVE_MEXICO,NO,UNCHANGED_UNDER_CORRECTED_PRECEDENCE,PASS,FALSE,FALSE,DIAGNOSTIC_ONLY_ZERO_INDEPENDENT_ROUTING_AUTHORITY,MXE:Mexico Northeast;MXG:Mexico Gulf,NONE,NONE,243978406cb913c13898b333671000c30592079d076ef8b995822a1684f8a8cd,d0ff6281d3e5a8aa2cb1438fd70cc2650163b6c512ffe8299c24d3555ddfcb64
47451,Cornus nuttallii,MAINLINE_CONTRACT_SEMANTICS_FAIL / COMPUTATIONAL_EXECUTION_PASS,RETAIN_USCA_AUDIT,RETAIN_USCA_AUDIT,CONFIRMED_NATIVE_CANADA,CONFIRMED_NATIVE_CANADA,NO,UNCHANGED_UNDER_CORRECTED_PRECEDENCE,PASS,FALSE,FALSE,DIAGNOSTIC_ONLY_ZERO_INDEPENDENT_ROUTING_AUTHORITY,NONE,NONE,NONE,243978406cb913c13898b333671000c30592079d076ef8b995822a1684f8a8cd,d0ff6281d3e5a8aa2cb1438fd70cc2650163b6c512ffe8299c24d3555ddfcb64
83824,Fagus grandifolia,MAINLINE_CONTRACT_SEMANTICS_FAIL / COMPUTATIONAL_EXECUTION_PASS,RETAIN_USCA_AUDIT,RETAIN_USCA_AUDIT,CONFIRMED_NATIVE_CANADA,CONFIRMED_NATIVE_CANADA,NO,UNCHANGED_UNDER_CORRECTED_PRECEDENCE,PASS,FALSE,FALSE,DIAGNOSTIC_ONLY_ZERO_INDEPENDENT_ROUTING_AUTHORITY,NONE,NONE,NONE,243978406cb913c13898b333671000c30592079d076ef8b995822a1684f8a8cd,d0ff6281d3e5a8aa2cb1438fd70cc2650163b6c512ffe8299c24d3555ddfcb64
113859,Liriodendron tulipifera,MAINLINE_CONTRACT_SEMANTICS_FAIL / COMPUTATIONAL_EXECUTION_PASS,RETAIN_USCA_AUDIT,RETAIN_USCA_AUDIT,CONFIRMED_NATIVE_CANADA,CONFIRMED_NATIVE_CANADA,NO,UNCHANGED_UNDER_CORRECTED_PRECEDENCE,PASS,FALSE,FALSE,DIAGNOSTIC_ONLY_ZERO_INDEPENDENT_ROUTING_AUTHORITY,NONE,NONE,NONE,243978406cb913c13898b333671000c30592079d076ef8b995822a1684f8a8cd,d0ff6281d3e5a8aa2cb1438fd70cc2650163b6c512ffe8299c24d3555ddfcb64
117423,Magnolia acuminata,MAINLINE_CONTRACT_SEMANTICS_FAIL / COMPUTATIONAL_EXECUTION_PASS,RETAIN_USCA_AUDIT,RETAIN_USCA_AUDIT,CONFIRMED_NATIVE_CANADA,CONFIRMED_NATIVE_CANADA,NO,UNCHANGED_UNDER_CORRECTED_PRECEDENCE,PASS,FALSE,FALSE,DIAGNOSTIC_ONLY_ZERO_INDEPENDENT_ROUTING_AUTHORITY,NONE,NONE,NONE,243978406cb913c13898b333671000c30592079d076ef8b995822a1684f8a8cd,d0ff6281d3e5a8aa2cb1438fd70cc2650163b6c512ffe8299c24d3555ddfcb64
117583,Magnolia fraseri,MAINLINE_CONTRACT_SEMANTICS_FAIL / COMPUTATIONAL_EXECUTION_PASS,PASS_COARSE,PASS_COARSE,NO_CONFIRMED_EXTERNAL_NATIVE_EXTENSION_IN_FROZEN_D08B1,NO_CONFIRMED_EXTERNAL_NATIVE_EXTENSION_IN_FROZEN_D08B1,NO,UNCHANGED_UNDER_CORRECTED_PRECEDENCE,PASS,FALSE,FALSE,DIAGNOSTIC_ONLY_ZERO_INDEPENDENT_ROUTING_AUTHORITY,NONE,NONE,NONE,243978406cb913c13898b333671000c30592079d076ef8b995822a1684f8a8cd,d0ff6281d3e5a8aa2cb1438fd70cc2650163b6c512ffe8299c24d3555ddfcb64
117615,Magnolia grandiflora,MAINLINE_CONTRACT_SEMANTICS_FAIL / COMPUTATIONAL_EXECUTION_PASS,PASS_COARSE,PASS_COARSE,NO_CONFIRMED_EXTERNAL_NATIVE_EXTENSION_IN_FROZEN_D08B1,NO_CONFIRMED_EXTERNAL_NATIVE_EXTENSION_IN_FROZEN_D08B1,NO,UNCHANGED_UNDER_CORRECTED_PRECEDENCE,PASS,FALSE,FALSE,DIAGNOSTIC_ONLY_ZERO_INDEPENDENT_ROUTING_AUTHORITY,NONE,NONE,NONE,243978406cb913c13898b333671000c30592079d076ef8b995822a1684f8a8cd,d0ff6281d3e5a8aa2cb1438fd70cc2650163b6c512ffe8299c24d3555ddfcb64
117698,Magnolia macrophylla,MAINLINE_CONTRACT_SEMANTICS_FAIL / COMPUTATIONAL_EXECUTION_PASS,PASS_COARSE,PASS_COARSE,NO_CONFIRMED_EXTERNAL_NATIVE_EXTENSION_IN_FROZEN_D08B1,NO_CONFIRMED_EXTERNAL_NATIVE_EXTENSION_IN_FROZEN_D08B1,NO,UNCHANGED_UNDER_CORRECTED_PRECEDENCE,PASS,FALSE,FALSE,DIAGNOSTIC_ONLY_ZERO_INDEPENDENT_ROUTING_AUTHORITY,NONE,NONE,NONE,243978406cb913c13898b333671000c30592079d076ef8b995822a1684f8a8cd,d0ff6281d3e5a8aa2cb1438fd70cc2650163b6c512ffe8299c24d3555ddfcb64
117869,Magnolia tripetala,MAINLINE_CONTRACT_SEMANTICS_FAIL / COMPUTATIONAL_EXECUTION_PASS,PASS_COARSE,PASS_COARSE,NO_CONFIRMED_EXTERNAL_NATIVE_EXTENSION_IN_FROZEN_D08B1,NO_CONFIRMED_EXTERNAL_NATIVE_EXTENSION_IN_FROZEN_D08B1,NO,UNCHANGED_UNDER_CORRECTED_PRECEDENCE,PASS,FALSE,FALSE,DIAGNOSTIC_ONLY_ZERO_INDEPENDENT_ROUTING_AUTHORITY,NONE,NONE,NONE,243978406cb913c13898b333671000c30592079d076ef8b995822a1684f8a8cd,d0ff6281d3e5a8aa2cb1438fd70cc2650163b6c512ffe8299c24d3555ddfcb64
117883,Magnolia virginiana,MAINLINE_CONTRACT_SEMANTICS_FAIL / COMPUTATIONAL_EXECUTION_PASS,FAIL_EXTRA_NA,BORDERLINE_OTHER_NA,TRANSCONTINENTAL_EXTENSION,CONFIRMED_NATIVE_OTHER_NA_EXTENSION,YES,"V01 transcontinental-only Class-1 authority removed; explicit frozen evidence is North-America-side other extension, so corrected Class 2 controls.",PASS,FALSE,TRUE,DIAGNOSTIC_ONLY_ZERO_INDEPENDENT_ROUTING_AUTHORITY,CUB:Cuba,NONE,CUB:Cuba,243978406cb913c13898b333671000c30592079d076ef8b995822a1684f8a8cd,d0ff6281d3e5a8aa2cb1438fd70cc2650163b6c512ffe8299c24d3555ddfcb64
136188,Nyssa aquatica,MAINLINE_CONTRACT_SEMANTICS_FAIL / COMPUTATIONAL_EXECUTION_PASS,PASS_COARSE,PASS_COARSE,NO_CONFIRMED_EXTERNAL_NATIVE_EXTENSION_IN_FROZEN_D08B1,NO_CONFIRMED_EXTERNAL_NATIVE_EXTENSION_IN_FROZEN_D08B1,NO,UNCHANGED_UNDER_CORRECTED_PRECEDENCE,PASS,FALSE,FALSE,DIAGNOSTIC_ONLY_ZERO_INDEPENDENT_ROUTING_AUTHORITY,NONE,NONE,NONE,243978406cb913c13898b333671000c30592079d076ef8b995822a1684f8a8cd,d0ff6281d3e5a8aa2cb1438fd70cc2650163b6c512ffe8299c24d3555ddfcb64
136191,Nyssa biflora,MAINLINE_CONTRACT_SEMANTICS_FAIL / COMPUTATIONAL_EXECUTION_PASS,PASS_COARSE,PASS_COARSE,NO_CONFIRMED_EXTERNAL_NATIVE_EXTENSION_IN_FROZEN_D08B1,NO_CONFIRMED_EXTERNAL_NATIVE_EXTENSION_IN_FROZEN_D08B1,NO,UNCHANGED_UNDER_CORRECTED_PRECEDENCE,PASS,FALSE,FALSE,DIAGNOSTIC_ONLY_ZERO_INDEPENDENT_ROUTING_AUTHORITY,NONE,NONE,NONE,243978406cb913c13898b333671000c30592079d076ef8b995822a1684f8a8cd,d0ff6281d3e5a8aa2cb1438fd70cc2650163b6c512ffe8299c24d3555ddfcb64
136212,Nyssa ogeche,MAINLINE_CONTRACT_SEMANTICS_FAIL / COMPUTATIONAL_EXECUTION_PASS,PASS_COARSE,PASS_COARSE,NO_CONFIRMED_EXTERNAL_NATIVE_EXTENSION_IN_FROZEN_D08B1,NO_CONFIRMED_EXTERNAL_NATIVE_EXTENSION_IN_FROZEN_D08B1,NO,UNCHANGED_UNDER_CORRECTED_PRECEDENCE,PASS,FALSE,FALSE,DIAGNOSTIC_ONLY_ZERO_INDEPENDENT_ROUTING_AUTHORITY,NONE,NONE,NONE,243978406cb913c13898b333671000c30592079d076ef8b995822a1684f8a8cd,d0ff6281d3e5a8aa2cb1438fd70cc2650163b6c512ffe8299c24d3555ddfcb64
136221,Nyssa sylvatica,MAINLINE_CONTRACT_SEMANTICS_FAIL / COMPUTATIONAL_EXECUTION_PASS,BORDERLINE_MEXICO,BORDERLINE_MEXICO,CONFIRMED_NATIVE_MEXICO,CONFIRMED_NATIVE_MEXICO,NO,UNCHANGED_UNDER_CORRECTED_PRECEDENCE,PASS,FALSE,FALSE,DIAGNOSTIC_ONLY_ZERO_INDEPENDENT_ROUTING_AUTHORITY,MXC:Mexico Central;MXE:Mexico Northeast;MXG:Mexico Gulf;MXT:Mexico Southeast,NONE,NONE,243978406cb913c13898b333671000c30592079d076ef8b995822a1684f8a8cd,d0ff6281d3e5a8aa2cb1438fd70cc2650163b6c512ffe8299c24d3555ddfcb64
144637,Ostrya virginiana,MAINLINE_CONTRACT_SEMANTICS_FAIL / COMPUTATIONAL_EXECUTION_PASS,FAIL_EXTRA_NA,BORDERLINE_OTHER_NA,TRANSCONTINENTAL_EXTENSION,CONFIRMED_NATIVE_CENTRAL_AMERICA,YES,"V01 transcontinental-only Class-1 authority removed; explicit frozen evidence is North-America-side other extension, so corrected Class 2 controls.",PASS,FALSE,TRUE,DIAGNOSTIC_ONLY_ZERO_INDEPENDENT_ROUTING_AUTHORITY,ELS:El Salvador;GUA:Guatemala;HON:Honduras;MXC:Mexico Central;MXE:Mexico Northeast;MXG:Mexico Gulf;MXS:Mexico Southwest;MXT:Mexico Southeast,NONE,NONE,243978406cb913c13898b333671000c30592079d076ef8b995822a1684f8a8cd,d0ff6281d3e5a8aa2cb1438fd70cc2650163b6c512ffe8299c24d3555ddfcb64
171483,Quercus agrifolia,MAINLINE_CONTRACT_SEMANTICS_FAIL / COMPUTATIONAL_EXECUTION_PASS,BORDERLINE_MEXICO,BORDERLINE_MEXICO,CONFIRMED_NATIVE_MEXICO,CONFIRMED_NATIVE_MEXICO,NO,UNCHANGED_UNDER_CORRECTED_PRECEDENCE,PASS,FALSE,FALSE,DIAGNOSTIC_ONLY_ZERO_INDEPENDENT_ROUTING_AUTHORITY,MXN:Mexico Northwest,NONE,NONE,243978406cb913c13898b333671000c30592079d076ef8b995822a1684f8a8cd,d0ff6281d3e5a8aa2cb1438fd70cc2650163b6c512ffe8299c24d3555ddfcb64
171499,Quercus alba,MAINLINE_CONTRACT_SEMANTICS_FAIL / COMPUTATIONAL_EXECUTION_PASS,RETAIN_USCA_AUDIT,RETAIN_USCA_AUDIT,CONFIRMED_NATIVE_CANADA,CONFIRMED_NATIVE_CANADA,NO,UNCHANGED_UNDER_CORRECTED_PRECEDENCE,PASS,FALSE,FALSE,DIAGNOSTIC_ONLY_ZERO_INDEPENDENT_ROUTING_AUTHORITY,NONE,NONE,NONE,243978406cb913c13898b333671000c30592079d076ef8b995822a1684f8a8cd,d0ff6281d3e5a8aa2cb1438fd70cc2650163b6c512ffe8299c24d3555ddfcb64
171655,Quercus arizonica,MAINLINE_CONTRACT_SEMANTICS_FAIL / COMPUTATIONAL_EXECUTION_PASS,BORDERLINE_MEXICO,BORDERLINE_MEXICO,CONFIRMED_NATIVE_MEXICO,CONFIRMED_NATIVE_MEXICO,NO,UNCHANGED_UNDER_CORRECTED_PRECEDENCE,PASS,FALSE,FALSE,DIAGNOSTIC_ONLY_ZERO_INDEPENDENT_ROUTING_AUTHORITY,MXE:Mexico Northeast;MXN:Mexico Northwest,NONE,NONE,243978406cb913c13898b333671000c30592079d076ef8b995822a1684f8a8cd,d0ff6281d3e5a8aa2cb1438fd70cc2650163b6c512ffe8299c24d3555ddfcb64
171657,Quercus arkansana,MAINLINE_CONTRACT_SEMANTICS_FAIL / COMPUTATIONAL_EXECUTION_PASS,PASS_COARSE,PASS_COARSE,NO_CONFIRMED_EXTERNAL_NATIVE_EXTENSION_IN_FROZEN_D08B1,NO_CONFIRMED_EXTERNAL_NATIVE_EXTENSION_IN_FROZEN_D08B1,NO,UNCHANGED_UNDER_CORRECTED_PRECEDENCE,PASS,FALSE,FALSE,DIAGNOSTIC_ONLY_ZERO_INDEPENDENT_ROUTING_AUTHORITY,NONE,NONE,NONE,243978406cb913c13898b333671000c30592079d076ef8b995822a1684f8a8cd,d0ff6281d3e5a8aa2cb1438fd70cc2650163b6c512ffe8299c24d3555ddfcb64
171779,Quercus bicolor,MAINLINE_CONTRACT_SEMANTICS_FAIL / COMPUTATIONAL_EXECUTION_PASS,RETAIN_USCA_AUDIT,RETAIN_USCA_AUDIT,CONFIRMED_NATIVE_CANADA,CONFIRMED_NATIVE_CANADA,NO,UNCHANGED_UNDER_CORRECTED_PRECEDENCE,PASS,FALSE,FALSE,DIAGNOSTIC_ONLY_ZERO_INDEPENDENT_ROUTING_AUTHORITY,NONE,NONE,NONE,243978406cb913c13898b333671000c30592079d076ef8b995822a1684f8a8cd,d0ff6281d3e5a8aa2cb1438fd70cc2650163b6c512ffe8299c24d3555ddfcb64
171890,Quercus buckleyi,MAINLINE_CONTRACT_SEMANTICS_FAIL / COMPUTATIONAL_EXECUTION_PASS,PASS_COARSE,PASS_COARSE,NO_CONFIRMED_EXTERNAL_NATIVE_EXTENSION_IN_FROZEN_D08B1,NO_CONFIRMED_EXTERNAL_NATIVE_EXTENSION_IN_FROZEN_D08B1,NO,UNCHANGED_UNDER_CORRECTED_PRECEDENCE,PASS,FALSE,FALSE,DIAGNOSTIC_ONLY_ZERO_INDEPENDENT_ROUTING_AUTHORITY,NONE,NONE,NONE,243978406cb913c13898b333671000c30592079d076ef8b995822a1684f8a8cd,d0ff6281d3e5a8aa2cb1438fd70cc2650163b6c512ffe8299c24d3555ddfcb64
172147,Quercus chrysolepis,MAINLINE_CONTRACT_SEMANTICS_FAIL / COMPUTATIONAL_EXECUTION_PASS,BORDERLINE_MEXICO,BORDERLINE_MEXICO,CONFIRMED_NATIVE_MEXICO,CONFIRMED_NATIVE_MEXICO,NO,UNCHANGED_UNDER_CORRECTED_PRECEDENCE,PASS,FALSE,FALSE,DIAGNOSTIC_ONLY_ZERO_INDEPENDENT_ROUTING_AUTHORITY,MXE:Mexico Northeast;MXN:Mexico Northwest,NONE,NONE,243978406cb913c13898b333671000c30592079d076ef8b995822a1684f8a8cd,d0ff6281d3e5a8aa2cb1438fd70cc2650163b6c512ffe8299c24d3555ddfcb64
172244,Quercus coccinea,MAINLINE_CONTRACT_SEMANTICS_FAIL / COMPUTATIONAL_EXECUTION_PASS,PASS_COARSE,PASS_COARSE,NO_CONFIRMED_EXTERNAL_NATIVE_EXTENSION_IN_FROZEN_D08B1,NO_CONFIRMED_EXTERNAL_NATIVE_EXTENSION_IN_FROZEN_D08B1,NO,UNCHANGED_UNDER_CORRECTED_PRECEDENCE,PASS,FALSE,FALSE,DIAGNOSTIC_ONLY_ZERO_INDEPENDENT_ROUTING_AUTHORITY,NONE,NONE,NONE,243978406cb913c13898b333671000c30592079d076ef8b995822a1684f8a8cd,d0ff6281d3e5a8aa2cb1438fd70cc2650163b6c512ffe8299c24d3555ddfcb64
172538,Quercus douglasii,MAINLINE_CONTRACT_SEMANTICS_FAIL / COMPUTATIONAL_EXECUTION_PASS,PASS_COARSE,PASS_COARSE,NO_CONFIRMED_EXTERNAL_NATIVE_EXTENSION_IN_FROZEN_D08B1,NO_CONFIRMED_EXTERNAL_NATIVE_EXTENSION_IN_FROZEN_D08B1,NO,UNCHANGED_UNDER_CORRECTED_PRECEDENCE,PASS,FALSE,FALSE,DIAGNOSTIC_ONLY_ZERO_INDEPENDENT_ROUTING_AUTHORITY,NONE,NONE,NONE,243978406cb913c13898b333671000c30592079d076ef8b995822a1684f8a8cd,d0ff6281d3e5a8aa2cb1438fd70cc2650163b6c512ffe8299c24d3555ddfcb64
172621,Quercus ellipsoidalis,MAINLINE_CONTRACT_SEMANTICS_FAIL / COMPUTATIONAL_EXECUTION_PASS,RETAIN_USCA_AUDIT,RETAIN_USCA_AUDIT,CONFIRMED_NATIVE_CANADA,CONFIRMED_NATIVE_CANADA,NO,UNCHANGED_UNDER_CORRECTED_PRECEDENCE,PASS,FALSE,FALSE,DIAGNOSTIC_ONLY_ZERO_INDEPENDENT_ROUTING_AUTHORITY,NONE,NONE,NONE,243978406cb913c13898b333671000c30592079d076ef8b995822a1684f8a8cd,d0ff6281d3e5a8aa2cb1438fd70cc2650163b6c512ffe8299c24d3555ddfcb64
172635,Quercus emoryi,MAINLINE_CONTRACT_SEMANTICS_FAIL / COMPUTATIONAL_EXECUTION_PASS,BORDERLINE_MEXICO,BORDERLINE_MEXICO,CONFIRMED_NATIVE_MEXICO,CONFIRMED_NATIVE_MEXICO,NO,UNCHANGED_UNDER_CORRECTED_PRECEDENCE,PASS,FALSE,FALSE,DIAGNOSTIC_ONLY_ZERO_INDEPENDENT_ROUTING_AUTHORITY,MXE:Mexico Northeast;MXN:Mexico Northwest,NONE,NONE,243978406cb913c13898b333671000c30592079d076ef8b995822a1684f8a8cd,d0ff6281d3e5a8aa2cb1438fd70cc2650163b6c512ffe8299c24d3555ddfcb64
172644,Quercus engelmannii,MAINLINE_CONTRACT_SEMANTICS_FAIL / COMPUTATIONAL_EXECUTION_PASS,BORDERLINE_MEXICO,BORDERLINE_MEXICO,CONFIRMED_NATIVE_MEXICO,CONFIRMED_NATIVE_MEXICO,NO,UNCHANGED_UNDER_CORRECTED_PRECEDENCE,PASS,FALSE,FALSE,DIAGNOSTIC_ONLY_ZERO_INDEPENDENT_ROUTING_AUTHORITY,MXN:Mexico Northwest,NONE,NONE,243978406cb913c13898b333671000c30592079d076ef8b995822a1684f8a8cd,d0ff6281d3e5a8aa2cb1438fd70cc2650163b6c512ffe8299c24d3555ddfcb64
172729,Quercus falcata,MAINLINE_CONTRACT_SEMANTICS_FAIL / COMPUTATIONAL_EXECUTION_PASS,PASS_COARSE,PASS_COARSE,NO_CONFIRMED_EXTERNAL_NATIVE_EXTENSION_IN_FROZEN_D08B1,NO_CONFIRMED_EXTERNAL_NATIVE_EXTENSION_IN_FROZEN_D08B1,NO,UNCHANGED_UNDER_CORRECTED_PRECEDENCE,PASS,FALSE,FALSE,DIAGNOSTIC_ONLY_ZERO_INDEPENDENT_ROUTING_AUTHORITY,NONE,NONE,NONE,243978406cb913c13898b333671000c30592079d076ef8b995822a1684f8a8cd,d0ff6281d3e5a8aa2cb1438fd70cc2650163b6c512ffe8299c24d3555ddfcb64
172843,Quercus gambelii,MAINLINE_CONTRACT_SEMANTICS_FAIL / COMPUTATIONAL_EXECUTION_PASS,BORDERLINE_MEXICO,BORDERLINE_MEXICO,CONFIRMED_NATIVE_MEXICO,CONFIRMED_NATIVE_MEXICO,NO,UNCHANGED_UNDER_CORRECTED_PRECEDENCE,PASS,FALSE,FALSE,DIAGNOSTIC_ONLY_ZERO_INDEPENDENT_ROUTING_AUTHORITY,MXE:Mexico Northeast;MXN:Mexico Northwest,NONE,NONE,243978406cb913c13898b333671000c30592079d076ef8b995822a1684f8a8cd,d0ff6281d3e5a8aa2cb1438fd70cc2650163b6c512ffe8299c24d3555ddfcb64
172855,Quercus garryana,MAINLINE_CONTRACT_SEMANTICS_FAIL / COMPUTATIONAL_EXECUTION_PASS,RETAIN_USCA_AUDIT,RETAIN_USCA_AUDIT,CONFIRMED_NATIVE_CANADA,CONFIRMED_NATIVE_CANADA,NO,UNCHANGED_UNDER_CORRECTED_PRECEDENCE,PASS,FALSE,FALSE,DIAGNOSTIC_ONLY_ZERO_INDEPENDENT_ROUTING_AUTHORITY,NONE,NONE,NONE,243978406cb913c13898b333671000c30592079d076ef8b995822a1684f8a8cd,d0ff6281d3e5a8aa2cb1438fd70cc2650163b6c512ffe8299c24d3555ddfcb64
172866,Quercus geminata,MAINLINE_CONTRACT_SEMANTICS_FAIL / COMPUTATIONAL_EXECUTION_PASS,PASS_COARSE,PASS_COARSE,NO_CONFIRMED_EXTERNAL_NATIVE_EXTENSION_IN_FROZEN_D08B1,NO_CONFIRMED_EXTERNAL_NATIVE_EXTENSION_IN_FROZEN_D08B1,NO,UNCHANGED_UNDER_CORRECTED_PRECEDENCE,PASS,FALSE,FALSE,DIAGNOSTIC_ONLY_ZERO_INDEPENDENT_ROUTING_AUTHORITY,NONE,NONE,NONE,243978406cb913c13898b333671000c30592079d076ef8b995822a1684f8a8cd,d0ff6281d3e5a8aa2cb1438fd70cc2650163b6c512ffe8299c24d3555ddfcb64
172875,Quercus georgiana,MAINLINE_CONTRACT_SEMANTICS_FAIL / COMPUTATIONAL_EXECUTION_PASS,PASS_COARSE,PASS_COARSE,NO_CONFIRMED_EXTERNAL_NATIVE_EXTENSION_IN_FROZEN_D08B1,NO_CONFIRMED_EXTERNAL_NATIVE_EXTENSION_IN_FROZEN_D08B1,NO,UNCHANGED_UNDER_CORRECTED_PRECEDENCE,PASS,FALSE,FALSE,DIAGNOSTIC_ONLY_ZERO_INDEPENDENT_ROUTING_AUTHORITY,NONE,NONE,NONE,243978406cb913c13898b333671000c30592079d076ef8b995822a1684f8a8cd,d0ff6281d3e5a8aa2cb1438fd70cc2650163b6c512ffe8299c24d3555ddfcb64
172964,Quercus graciliformis,MAINLINE_CONTRACT_SEMANTICS_FAIL / COMPUTATIONAL_EXECUTION_PASS,PASS_COARSE,PASS_COARSE,NO_CONFIRMED_EXTERNAL_NATIVE_EXTENSION_IN_FROZEN_D08B1,NO_CONFIRMED_EXTERNAL_NATIVE_EXTENSION_IN_FROZEN_D08B1,NO,UNCHANGED_UNDER_CORRECTED_PRECEDENCE,PASS,FALSE,FALSE,DIAGNOSTIC_ONLY_ZERO_INDEPENDENT_ROUTING_AUTHORITY,NONE,NONE,NONE,243978406cb913c13898b333671000c30592079d076ef8b995822a1684f8a8cd,d0ff6281d3e5a8aa2cb1438fd70cc2650163b6c512ffe8299c24d3555ddfcb64
172990,Quercus gravesii,MAINLINE_CONTRACT_SEMANTICS_FAIL / COMPUTATIONAL_EXECUTION_PASS,BORDERLINE_MEXICO,BORDERLINE_MEXICO,CONFIRMED_NATIVE_MEXICO,CONFIRMED_NATIVE_MEXICO,NO,UNCHANGED_UNDER_CORRECTED_PRECEDENCE,PASS,FALSE,FALSE,DIAGNOSTIC_ONLY_ZERO_INDEPENDENT_ROUTING_AUTHORITY,MXE:Mexico Northeast,NONE,NONE,243978406cb913c13898b333671000c30592079d076ef8b995822a1684f8a8cd,d0ff6281d3e5a8aa2cb1438fd70cc2650163b6c512ffe8299c24d3555ddfcb64
172998,Quercus grisea,MAINLINE_CONTRACT_SEMANTICS_FAIL / COMPUTATIONAL_EXECUTION_PASS,BORDERLINE_MEXICO,BORDERLINE_MEXICO,CONFIRMED_NATIVE_MEXICO,CONFIRMED_NATIVE_MEXICO,NO,UNCHANGED_UNDER_CORRECTED_PRECEDENCE,PASS,FALSE,FALSE,DIAGNOSTIC_ONLY_ZERO_INDEPENDENT_ROUTING_AUTHORITY,MXE:Mexico Northeast;MXG:Mexico Gulf;MXN:Mexico Northwest;MXS:Mexico Southwest,NONE,NONE,243978406cb913c13898b333671000c30592079d076ef8b995822a1684f8a8cd,d0ff6281d3e5a8aa2cb1438fd70cc2650163b6c512ffe8299c24d3555ddfcb64
173053,Quercus hemisphaerica,MAINLINE_CONTRACT_SEMANTICS_FAIL / COMPUTATIONAL_EXECUTION_PASS,PASS_COARSE,PASS_COARSE,NO_CONFIRMED_EXTERNAL_NATIVE_EXTENSION_IN_FROZEN_D08B1,NO_CONFIRMED_EXTERNAL_NATIVE_EXTENSION_IN_FROZEN_D08B1,NO,UNCHANGED_UNDER_CORRECTED_PRECEDENCE,PASS,FALSE,FALSE,DIAGNOSTIC_ONLY_ZERO_INDEPENDENT_ROUTING_AUTHORITY,NONE,NONE,NONE,243978406cb913c13898b333671000c30592079d076ef8b995822a1684f8a8cd,d0ff6281d3e5a8aa2cb1438fd70cc2650163b6c512ffe8299c24d3555ddfcb64
173145,Quercus hypoleucoides,MAINLINE_CONTRACT_SEMANTICS_FAIL / COMPUTATIONAL_EXECUTION_PASS,BORDERLINE_MEXICO,BORDERLINE_MEXICO,CONFIRMED_NATIVE_MEXICO,CONFIRMED_NATIVE_MEXICO,NO,UNCHANGED_UNDER_CORRECTED_PRECEDENCE,PASS,FALSE,FALSE,DIAGNOSTIC_ONLY_ZERO_INDEPENDENT_ROUTING_AUTHORITY,MXE:Mexico Northeast;MXN:Mexico Northwest,NONE,NONE,243978406cb913c13898b333671000c30592079d076ef8b995822a1684f8a8cd,d0ff6281d3e5a8aa2cb1438fd70cc2650163b6c512ffe8299c24d3555ddfcb64
173293,Quercus ilicifolia,MAINLINE_CONTRACT_SEMANTICS_FAIL / COMPUTATIONAL_EXECUTION_PASS,RETAIN_USCA_AUDIT,RETAIN_USCA_AUDIT,CONFIRMED_NATIVE_CANADA,CONFIRMED_NATIVE_CANADA,NO,UNCHANGED_UNDER_CORRECTED_PRECEDENCE,PASS,FALSE,FALSE,DIAGNOSTIC_ONLY_ZERO_INDEPENDENT_ROUTING_AUTHORITY,NONE,NONE,NONE,243978406cb913c13898b333671000c30592079d076ef8b995822a1684f8a8cd,d0ff6281d3e5a8aa2cb1438fd70cc2650163b6c512ffe8299c24d3555ddfcb64
173302,Quercus imbricaria,MAINLINE_CONTRACT_SEMANTICS_FAIL / COMPUTATIONAL_EXECUTION_PASS,PASS_COARSE,PASS_COARSE,NO_CONFIRMED_EXTERNAL_NATIVE_EXTENSION_IN_FROZEN_D08B1,NO_CONFIRMED_EXTERNAL_NATIVE_EXTENSION_IN_FROZEN_D08B1,NO,UNCHANGED_UNDER_CORRECTED_PRECEDENCE,PASS,FALSE,FALSE,DIAGNOSTIC_ONLY_ZERO_INDEPENDENT_ROUTING_AUTHORITY,NONE,NONE,NONE,243978406cb913c13898b333671000c30592079d076ef8b995822a1684f8a8cd,d0ff6281d3e5a8aa2cb1438fd70cc2650163b6c512ffe8299c24d3555ddfcb64
173316,Quercus incana,MAINLINE_CONTRACT_SEMANTICS_FAIL / COMPUTATIONAL_EXECUTION_PASS,PASS_COARSE,PASS_COARSE,NO_CONFIRMED_EXTERNAL_NATIVE_EXTENSION_IN_FROZEN_D08B1,NO_CONFIRMED_EXTERNAL_NATIVE_EXTENSION_IN_FROZEN_D08B1,NO,UNCHANGED_UNDER_CORRECTED_PRECEDENCE,PASS,FALSE,FALSE,DIAGNOSTIC_ONLY_ZERO_INDEPENDENT_ROUTING_AUTHORITY,NONE,NONE,NONE,243978406cb913c13898b333671000c30592079d076ef8b995822a1684f8a8cd,d0ff6281d3e5a8aa2cb1438fd70cc2650163b6c512ffe8299c24d3555ddfcb64
173428,Quercus kelloggii,MAINLINE_CONTRACT_SEMANTICS_FAIL / COMPUTATIONAL_EXECUTION_PASS,BORDERLINE_MEXICO,BORDERLINE_MEXICO,CONFIRMED_NATIVE_MEXICO,CONFIRMED_NATIVE_MEXICO,NO,UNCHANGED_UNDER_CORRECTED_PRECEDENCE,PASS,FALSE,FALSE,DIAGNOSTIC_ONLY_ZERO_INDEPENDENT_ROUTING_AUTHORITY,MXN:Mexico Northwest,NONE,NONE,243978406cb913c13898b333671000c30592079d076ef8b995822a1684f8a8cd,d0ff6281d3e5a8aa2cb1438fd70cc2650163b6c512ffe8299c24d3555ddfcb64
173471,Quercus laceyi,MAINLINE_CONTRACT_SEMANTICS_FAIL / COMPUTATIONAL_EXECUTION_PASS,BORDERLINE_MEXICO,BORDERLINE_MEXICO,CONFIRMED_NATIVE_MEXICO,CONFIRMED_NATIVE_MEXICO,NO,UNCHANGED_UNDER_CORRECTED_PRECEDENCE,PASS,FALSE,FALSE,DIAGNOSTIC_ONLY_ZERO_INDEPENDENT_ROUTING_AUTHORITY,MXE:Mexico Northeast,NONE,NONE,243978406cb913c13898b333671000c30592079d076ef8b995822a1684f8a8cd,d0ff6281d3e5a8aa2cb1438fd70cc2650163b6c512ffe8299c24d3555ddfcb64
173479,Quercus laevis,MAINLINE_CONTRACT_SEMANTICS_FAIL / COMPUTATIONAL_EXECUTION_PASS,PASS_COARSE,PASS_COARSE,NO_CONFIRMED_EXTERNAL_NATIVE_EXTENSION_IN_FROZEN_D08B1,NO_CONFIRMED_EXTERNAL_NATIVE_EXTENSION_IN_FROZEN_D08B1,NO,UNCHANGED_UNDER_CORRECTED_PRECEDENCE,PASS,FALSE,FALSE,DIAGNOSTIC_ONLY_ZERO_INDEPENDENT_ROUTING_AUTHORITY,NONE,NONE,NONE,243978406cb913c13898b333671000c30592079d076ef8b995822a1684f8a8cd,d0ff6281d3e5a8aa2cb1438fd70cc2650163b6c512ffe8299c24d3555ddfcb64
173587,Quercus laurifolia,MAINLINE_CONTRACT_SEMANTICS_FAIL / COMPUTATIONAL_EXECUTION_PASS,PASS_COARSE,PASS_COARSE,NO_CONFIRMED_EXTERNAL_NATIVE_EXTENSION_IN_FROZEN_D08B1,NO_CONFIRMED_EXTERNAL_NATIVE_EXTENSION_IN_FROZEN_D08B1,NO,UNCHANGED_UNDER_CORRECTED_PRECEDENCE,PASS,FALSE,FALSE,DIAGNOSTIC_ONLY_ZERO_INDEPENDENT_ROUTING_AUTHORITY,NONE,NONE,NONE,243978406cb913c13898b333671000c30592079d076ef8b995822a1684f8a8cd,d0ff6281d3e5a8aa2cb1438fd70cc2650163b6c512ffe8299c24d3555ddfcb64
173674,Quercus lobata,MAINLINE_CONTRACT_SEMANTICS_FAIL / COMPUTATIONAL_EXECUTION_PASS,PASS_COARSE,PASS_COARSE,NO_CONFIRMED_EXTERNAL_NATIVE_EXTENSION_IN_FROZEN_D08B1,NO_CONFIRMED_EXTERNAL_NATIVE_EXTENSION_IN_FROZEN_D08B1,NO,UNCHANGED_UNDER_CORRECTED_PRECEDENCE,PASS,FALSE,FALSE,DIAGNOSTIC_ONLY_ZERO_INDEPENDENT_ROUTING_AUTHORITY,NONE,NONE,NONE,243978406cb913c13898b333671000c30592079d076ef8b995822a1684f8a8cd,d0ff6281d3e5a8aa2cb1438fd70cc2650163b6c512ffe8299c24d3555ddfcb64
173795,Quercus lyrata,MAINLINE_CONTRACT_SEMANTICS_FAIL / COMPUTATIONAL_EXECUTION_PASS,PASS_COARSE,PASS_COARSE,NO_CONFIRMED_EXTERNAL_NATIVE_EXTENSION_IN_FROZEN_D08B1,NO_CONFIRMED_EXTERNAL_NATIVE_EXTENSION_IN_FROZEN_D08B1,NO,UNCHANGED_UNDER_CORRECTED_PRECEDENCE,PASS,FALSE,FALSE,DIAGNOSTIC_ONLY_ZERO_INDEPENDENT_ROUTING_AUTHORITY,NONE,NONE,NONE,243978406cb913c13898b333671000c30592079d076ef8b995822a1684f8a8cd,d0ff6281d3e5a8aa2cb1438fd70cc2650163b6c512ffe8299c24d3555ddfcb64
173817,Quercus macrocarpa,MAINLINE_CONTRACT_SEMANTICS_FAIL / COMPUTATIONAL_EXECUTION_PASS,RETAIN_USCA_AUDIT,RETAIN_USCA_AUDIT,CONFIRMED_NATIVE_CANADA,CONFIRMED_NATIVE_CANADA,NO,UNCHANGED_UNDER_CORRECTED_PRECEDENCE,PASS,FALSE,FALSE,DIAGNOSTIC_ONLY_ZERO_INDEPENDENT_ROUTING_AUTHORITY,NONE,NONE,NONE,243978406cb913c13898b333671000c30592079d076ef8b995822a1684f8a8cd,d0ff6281d3e5a8aa2cb1438fd70cc2650163b6c512ffe8299c24d3555ddfcb64
173863,Quercus margaretta,MAINLINE_CONTRACT_SEMANTICS_FAIL / COMPUTATIONAL_EXECUTION_PASS,PASS_COARSE,PASS_COARSE,NO_CONFIRMED_EXTERNAL_NATIVE_EXTENSION_IN_FROZEN_D08B1,NO_CONFIRMED_EXTERNAL_NATIVE_EXTENSION_IN_FROZEN_D08B1,NO,UNCHANGED_UNDER_CORRECTED_PRECEDENCE,PASS,FALSE,FALSE,DIAGNOSTIC_ONLY_ZERO_INDEPENDENT_ROUTING_AUTHORITY,NONE,NONE,NONE,243978406cb913c13898b333671000c30592079d076ef8b995822a1684f8a8cd,d0ff6281d3e5a8aa2cb1438fd70cc2650163b6c512ffe8299c24d3555ddfcb64
173871,Quercus marilandica,MAINLINE_CONTRACT_SEMANTICS_FAIL / COMPUTATIONAL_EXECUTION_PASS,PASS_COARSE,PASS_COARSE,NO_CONFIRMED_EXTERNAL_NATIVE_EXTENSION_IN_FROZEN_D08B1,NO_CONFIRMED_EXTERNAL_NATIVE_EXTENSION_IN_FROZEN_D08B1,NO,UNCHANGED_UNDER_CORRECTED_PRECEDENCE,PASS,FALSE,FALSE,DIAGNOSTIC_ONLY_ZERO_INDEPENDENT_ROUTING_AUTHORITY,NONE,NONE,NONE,243978406cb913c13898b333671000c30592079d076ef8b995822a1684f8a8cd,d0ff6281d3e5a8aa2cb1438fd70cc2650163b6c512ffe8299c24d3555ddfcb64
173929,Quercus michauxii,MAINLINE_CONTRACT_SEMANTICS_FAIL / COMPUTATIONAL_EXECUTION_PASS,PASS_COARSE,PASS_COARSE,NO_CONFIRMED_EXTERNAL_NATIVE_EXTENSION_IN_FROZEN_D08B1,NO_CONFIRMED_EXTERNAL_NATIVE_EXTENSION_IN_FROZEN_D08B1,NO,UNCHANGED_UNDER_CORRECTED_PRECEDENCE,PASS,FALSE,FALSE,DIAGNOSTIC_ONLY_ZERO_INDEPENDENT_ROUTING_AUTHORITY,NONE,NONE,NONE,243978406cb913c13898b333671000c30592079d076ef8b995822a1684f8a8cd,d0ff6281d3e5a8aa2cb1438fd70cc2650163b6c512ffe8299c24d3555ddfcb64
173948,Quercus minima,MAINLINE_CONTRACT_SEMANTICS_FAIL / COMPUTATIONAL_EXECUTION_PASS,PASS_COARSE,PASS_COARSE,NO_CONFIRMED_EXTERNAL_NATIVE_EXTENSION_IN_FROZEN_D08B1,NO_CONFIRMED_EXTERNAL_NATIVE_EXTENSION_IN_FROZEN_D08B1,NO,UNCHANGED_UNDER_CORRECTED_PRECEDENCE,PASS,FALSE,FALSE,DIAGNOSTIC_ONLY_ZERO_INDEPENDENT_ROUTING_AUTHORITY,NONE,NONE,NONE,243978406cb913c13898b333671000c30592079d076ef8b995822a1684f8a8cd,d0ff6281d3e5a8aa2cb1438fd70cc2650163b6c512ffe8299c24d3555ddfcb64
174020,Quercus muehlenbergii,MAINLINE_CONTRACT_SEMANTICS_FAIL / COMPUTATIONAL_EXECUTION_PASS,BORDERLINE_MEXICO,BORDERLINE_MEXICO,CONFIRMED_NATIVE_MEXICO,CONFIRMED_NATIVE_MEXICO,NO,UNCHANGED_UNDER_CORRECTED_PRECEDENCE,PASS,FALSE,FALSE,DIAGNOSTIC_ONLY_ZERO_INDEPENDENT_ROUTING_AUTHORITY,MXE:Mexico Northeast;MXG:Mexico Gulf,NONE,NONE,243978406cb913c13898b333671000c30592079d076ef8b995822a1684f8a8cd,d0ff6281d3e5a8aa2cb1438fd70cc2650163b6c512ffe8299c24d3555ddfcb64
174037,Quercus myrtifolia,MAINLINE_CONTRACT_SEMANTICS_FAIL / COMPUTATIONAL_EXECUTION_PASS,PASS_COARSE,PASS_COARSE,NO_CONFIRMED_EXTERNAL_NATIVE_EXTENSION_IN_FROZEN_D08B1,NO_CONFIRMED_EXTERNAL_NATIVE_EXTENSION_IN_FROZEN_D08B1,NO,UNCHANGED_UNDER_CORRECTED_PRECEDENCE,PASS,FALSE,FALSE,DIAGNOSTIC_ONLY_ZERO_INDEPENDENT_ROUTING_AUTHORITY,NONE,NONE,NONE,243978406cb913c13898b333671000c30592079d076ef8b995822a1684f8a8cd,d0ff6281d3e5a8aa2cb1438fd70cc2650163b6c512ffe8299c24d3555ddfcb64
174075,Quercus nigra,MAINLINE_CONTRACT_SEMANTICS_FAIL / COMPUTATIONAL_EXECUTION_PASS,PASS_COARSE,PASS_COARSE,NO_CONFIRMED_EXTERNAL_NATIVE_EXTENSION_IN_FROZEN_D08B1,NO_CONFIRMED_EXTERNAL_NATIVE_EXTENSION_IN_FROZEN_D08B1,NO,UNCHANGED_UNDER_CORRECTED_PRECEDENCE,PASS,FALSE,FALSE,DIAGNOSTIC_ONLY_ZERO_INDEPENDENT_ROUTING_AUTHORITY,NONE,NONE,NONE,243978406cb913c13898b333671000c30592079d076ef8b995822a1684f8a8cd,d0ff6281d3e5a8aa2cb1438fd70cc2650163b6c512ffe8299c24d3555ddfcb64
174136,Quercus oblongifolia,MAINLINE_CONTRACT_SEMANTICS_FAIL / COMPUTATIONAL_EXECUTION_PASS,BORDERLINE_MEXICO,BORDERLINE_MEXICO,CONFIRMED_NATIVE_MEXICO,CONFIRMED_NATIVE_MEXICO,NO,UNCHANGED_UNDER_CORRECTED_PRECEDENCE,PASS,FALSE,FALSE,DIAGNOSTIC_ONLY_ZERO_INDEPENDENT_ROUTING_AUTHORITY,MXE:Mexico Northeast;MXN:Mexico Northwest,NONE,NONE,243978406cb913c13898b333671000c30592079d076ef8b995822a1684f8a8cd,d0ff6281d3e5a8aa2cb1438fd70cc2650163b6c512ffe8299c24d3555ddfcb64
174176,Quercus oglethorpensis,MAINLINE_CONTRACT_SEMANTICS_FAIL / COMPUTATIONAL_EXECUTION_PASS,PASS_COARSE,PASS_COARSE,NO_CONFIRMED_EXTERNAL_NATIVE_EXTENSION_IN_FROZEN_D08B1,NO_CONFIRMED_EXTERNAL_NATIVE_EXTENSION_IN_FROZEN_D08B1,NO,UNCHANGED_UNDER_CORRECTED_PRECEDENCE,PASS,FALSE,FALSE,DIAGNOSTIC_ONLY_ZERO_INDEPENDENT_ROUTING_AUTHORITY,NONE,NONE,NONE,243978406cb913c13898b333671000c30592079d076ef8b995822a1684f8a8cd,d0ff6281d3e5a8aa2cb1438fd70cc2650163b6c512ffe8299c24d3555ddfcb64
174226,Quercus pagoda,MAINLINE_CONTRACT_SEMANTICS_FAIL / COMPUTATIONAL_EXECUTION_PASS,PASS_COARSE,PASS_COARSE,NO_CONFIRMED_EXTERNAL_NATIVE_EXTENSION_IN_FROZEN_D08B1,NO_CONFIRMED_EXTERNAL_NATIVE_EXTENSION_IN_FROZEN_D08B1,NO,UNCHANGED_UNDER_CORRECTED_PRECEDENCE,PASS,FALSE,FALSE,DIAGNOSTIC_ONLY_ZERO_INDEPENDENT_ROUTING_AUTHORITY,NONE,NONE,NONE,243978406cb913c13898b333671000c30592079d076ef8b995822a1684f8a8cd,d0ff6281d3e5a8aa2cb1438fd70cc2650163b6c512ffe8299c24d3555ddfcb64
174242,Quercus palustris,MAINLINE_CONTRACT_SEMANTICS_FAIL / COMPUTATIONAL_EXECUTION_PASS,RETAIN_USCA_AUDIT,RETAIN_USCA_AUDIT,CONFIRMED_NATIVE_CANADA,CONFIRMED_NATIVE_CANADA,NO,UNCHANGED_UNDER_CORRECTED_PRECEDENCE,PASS,FALSE,FALSE,DIAGNOSTIC_ONLY_ZERO_INDEPENDENT_ROUTING_AUTHORITY,NONE,NONE,NONE,243978406cb913c13898b333671000c30592079d076ef8b995822a1684f8a8cd,d0ff6281d3e5a8aa2cb1438fd70cc2650163b6c512ffe8299c24d3555ddfcb64
174411,Quercus phellos,MAINLINE_CONTRACT_SEMANTICS_FAIL / COMPUTATIONAL_EXECUTION_PASS,PASS_COARSE,PASS_COARSE,NO_CONFIRMED_EXTERNAL_NATIVE_EXTENSION_IN_FROZEN_D08B1,NO_CONFIRMED_EXTERNAL_NATIVE_EXTENSION_IN_FROZEN_D08B1,NO,UNCHANGED_UNDER_CORRECTED_PRECEDENCE,PASS,FALSE,FALSE,DIAGNOSTIC_ONLY_ZERO_INDEPENDENT_ROUTING_AUTHORITY,NONE,NONE,NONE,243978406cb913c13898b333671000c30592079d076ef8b995822a1684f8a8cd,d0ff6281d3e5a8aa2cb1438fd70cc2650163b6c512ffe8299c24d3555ddfcb64
174518,Quercus prinoides,MAINLINE_CONTRACT_SEMANTICS_FAIL / COMPUTATIONAL_EXECUTION_PASS,RETAIN_USCA_AUDIT,RETAIN_USCA_AUDIT,CONFIRMED_NATIVE_CANADA,CONFIRMED_NATIVE_CANADA,NO,UNCHANGED_UNDER_CORRECTED_PRECEDENCE,PASS,FALSE,FALSE,DIAGNOSTIC_ONLY_ZERO_INDEPENDENT_ROUTING_AUTHORITY,NONE,NONE,NONE,243978406cb913c13898b333671000c30592079d076ef8b995822a1684f8a8cd,d0ff6281d3e5a8aa2cb1438fd70cc2650163b6c512ffe8299c24d3555ddfcb64
174902,Quercus rubra,MAINLINE_CONTRACT_SEMANTICS_FAIL / COMPUTATIONAL_EXECUTION_PASS,RETAIN_USCA_AUDIT,RETAIN_USCA_AUDIT,CONFIRMED_NATIVE_CANADA,CONFIRMED_NATIVE_CANADA,NO,UNCHANGED_UNDER_CORRECTED_PRECEDENCE,PASS,FALSE,FALSE,DIAGNOSTIC_ONLY_ZERO_INDEPENDENT_ROUTING_AUTHORITY,NONE,NONE,NONE,243978406cb913c13898b333671000c30592079d076ef8b995822a1684f8a8cd,d0ff6281d3e5a8aa2cb1438fd70cc2650163b6c512ffe8299c24d3555ddfcb64
174935,Quercus rugosa,MAINLINE_CONTRACT_SEMANTICS_FAIL / COMPUTATIONAL_EXECUTION_PASS,FAIL_EXTRA_NA,BORDERLINE_OTHER_NA,TRANSCONTINENTAL_EXTENSION,CONFIRMED_NATIVE_CENTRAL_AMERICA,YES,"V01 transcontinental-only Class-1 authority removed; explicit frozen evidence is North-America-side other extension, so corrected Class 2 controls.",PASS,FALSE,TRUE,DIAGNOSTIC_ONLY_ZERO_INDEPENDENT_ROUTING_AUTHORITY,GUA:Guatemala;HON:Honduras;MXC:Mexico Central;MXE:Mexico Northeast;MXG:Mexico Gulf;MXN:Mexico Northwest;MXS:Mexico Southwest;MXT:Mexico Southeast,NONE,NONE,243978406cb913c13898b333671000c30592079d076ef8b995822a1684f8a8cd,d0ff6281d3e5a8aa2cb1438fd70cc2650163b6c512ffe8299c24d3555ddfcb64
175148,Quercus shumardii,MAINLINE_CONTRACT_SEMANTICS_FAIL / COMPUTATIONAL_EXECUTION_PASS,RETAIN_USCA_AUDIT,RETAIN_USCA_AUDIT,CONFIRMED_NATIVE_CANADA,CONFIRMED_NATIVE_CANADA,NO,UNCHANGED_UNDER_CORRECTED_PRECEDENCE,PASS,FALSE,FALSE,DIAGNOSTIC_ONLY_ZERO_INDEPENDENT_ROUTING_AUTHORITY,NONE,NONE,NONE,243978406cb913c13898b333671000c30592079d076ef8b995822a1684f8a8cd,d0ff6281d3e5a8aa2cb1438fd70cc2650163b6c512ffe8299c24d3555ddfcb64
175172,Quercus similis,MAINLINE_CONTRACT_SEMANTICS_FAIL / COMPUTATIONAL_EXECUTION_PASS,PASS_COARSE,PASS_COARSE,NO_CONFIRMED_EXTERNAL_NATIVE_EXTENSION_IN_FROZEN_D08B1,NO_CONFIRMED_EXTERNAL_NATIVE_EXTENSION_IN_FROZEN_D08B1,NO,UNCHANGED_UNDER_CORRECTED_PRECEDENCE,PASS,FALSE,FALSE,DIAGNOSTIC_ONLY_ZERO_INDEPENDENT_ROUTING_AUTHORITY,NONE,NONE,NONE,243978406cb913c13898b333671000c30592079d076ef8b995822a1684f8a8cd,d0ff6281d3e5a8aa2cb1438fd70cc2650163b6c512ffe8299c24d3555ddfcb64
175179,Quercus sinuata,MAINLINE_CONTRACT_SEMANTICS_FAIL / COMPUTATIONAL_EXECUTION_PASS,BORDERLINE_MEXICO,BORDERLINE_MEXICO,CONFIRMED_NATIVE_MEXICO,CONFIRMED_NATIVE_MEXICO,NO,UNCHANGED_UNDER_CORRECTED_PRECEDENCE,PASS,FALSE,FALSE,DIAGNOSTIC_ONLY_ZERO_INDEPENDENT_ROUTING_AUTHORITY,MXE:Mexico Northeast,NONE,NONE,243978406cb913c13898b333671000c30592079d076ef8b995822a1684f8a8cd,d0ff6281d3e5a8aa2cb1438fd70cc2650163b6c512ffe8299c24d3555ddfcb64
175243,Quercus stellata,MAINLINE_CONTRACT_SEMANTICS_FAIL / COMPUTATIONAL_EXECUTION_PASS,PASS_COARSE,PASS_COARSE,NO_CONFIRMED_EXTERNAL_NATIVE_EXTENSION_IN_FROZEN_D08B1,NO_CONFIRMED_EXTERNAL_NATIVE_EXTENSION_IN_FROZEN_D08B1,NO,UNCHANGED_UNDER_CORRECTED_PRECEDENCE,PASS,FALSE,FALSE,DIAGNOSTIC_ONLY_ZERO_INDEPENDENT_ROUTING_AUTHORITY,NONE,NONE,NONE,243978406cb913c13898b333671000c30592079d076ef8b995822a1684f8a8cd,d0ff6281d3e5a8aa2cb1438fd70cc2650163b6c512ffe8299c24d3555ddfcb64
175464,Quercus texana,MAINLINE_CONTRACT_SEMANTICS_FAIL / COMPUTATIONAL_EXECUTION_PASS,PASS_COARSE,PASS_COARSE,NO_CONFIRMED_EXTERNAL_NATIVE_EXTENSION_IN_FROZEN_D08B1,NO_CONFIRMED_EXTERNAL_NATIVE_EXTENSION_IN_FROZEN_D08B1,NO,UNCHANGED_UNDER_CORRECTED_PRECEDENCE,PASS,FALSE,FALSE,DIAGNOSTIC_ONLY_ZERO_INDEPENDENT_ROUTING_AUTHORITY,NONE,NONE,NONE,243978406cb913c13898b333671000c30592079d076ef8b995822a1684f8a8cd,d0ff6281d3e5a8aa2cb1438fd70cc2650163b6c512ffe8299c24d3555ddfcb64
175672,Quercus velutina,MAINLINE_CONTRACT_SEMANTICS_FAIL / COMPUTATIONAL_EXECUTION_PASS,RETAIN_USCA_AUDIT,RETAIN_USCA_AUDIT,CONFIRMED_NATIVE_CANADA,CONFIRMED_NATIVE_CANADA,NO,UNCHANGED_UNDER_CORRECTED_PRECEDENCE,PASS,FALSE,FALSE,DIAGNOSTIC_ONLY_ZERO_INDEPENDENT_ROUTING_AUTHORITY,NONE,NONE,NONE,243978406cb913c13898b333671000c30592079d076ef8b995822a1684f8a8cd,d0ff6281d3e5a8aa2cb1438fd70cc2650163b6c512ffe8299c24d3555ddfcb64
175726,Quercus virginiana,MAINLINE_CONTRACT_SEMANTICS_FAIL / COMPUTATIONAL_EXECUTION_PASS,PASS_COARSE,PASS_COARSE,NO_CONFIRMED_EXTERNAL_NATIVE_EXTENSION_IN_FROZEN_D08B1,NO_CONFIRMED_EXTERNAL_NATIVE_EXTENSION_IN_FROZEN_D08B1,NO,UNCHANGED_UNDER_CORRECTED_PRECEDENCE,PASS,FALSE,FALSE,DIAGNOSTIC_ONLY_ZERO_INDEPENDENT_ROUTING_AUTHORITY,NONE,NONE,NONE,243978406cb913c13898b333671000c30592079d076ef8b995822a1684f8a8cd,d0ff6281d3e5a8aa2cb1438fd70cc2650163b6c512ffe8299c24d3555ddfcb64
175769,Quercus wislizeni,MAINLINE_CONTRACT_SEMANTICS_FAIL / COMPUTATIONAL_EXECUTION_PASS,BORDERLINE_MEXICO,BORDERLINE_MEXICO,CONFIRMED_NATIVE_MEXICO,CONFIRMED_NATIVE_MEXICO,NO,UNCHANGED_UNDER_CORRECTED_PRECEDENCE,PASS,FALSE,FALSE,DIAGNOSTIC_ONLY_ZERO_INDEPENDENT_ROUTING_AUTHORITY,MXN:Mexico Northwest,NONE,NONE,243978406cb913c13898b333671000c30592079d076ef8b995822a1684f8a8cd,d0ff6281d3e5a8aa2cb1438fd70cc2650163b6c512ffe8299c24d3555ddfcb64
181053,Sabal palmetto,MAINLINE_CONTRACT_SEMANTICS_FAIL / COMPUTATIONAL_EXECUTION_PASS,FAIL_EXTRA_NA,BORDERLINE_OTHER_NA,TRANSCONTINENTAL_EXTENSION,CONFIRMED_NATIVE_OTHER_NA_EXTENSION,YES,"V01 transcontinental-only Class-1 authority removed; explicit frozen evidence is North-America-side other extension, so corrected Class 2 controls.",PASS,FALSE,TRUE,DIAGNOSTIC_ONLY_ZERO_INDEPENDENT_ROUTING_AUTHORITY,BAH:Bahamas;CUB:Cuba;TCI:Turks-Caicos Is.,NONE,BAH:Bahamas;CUB:Cuba;TCI:Turks-Caicos Is.,243978406cb913c13898b333671000c30592079d076ef8b995822a1684f8a8cd,d0ff6281d3e5a8aa2cb1438fd70cc2650163b6c512ffe8299c24d3555ddfcb64
191834,Sideroxylon celastrinum,MAINLINE_CONTRACT_SEMANTICS_FAIL / COMPUTATIONAL_EXECUTION_PASS,FAIL_EXTRA_NA,FAIL_EXTRA_NA,EXTRA_NA_AND_TRANSCONTINENTAL,CONFIRMED_NATIVE_OUTSIDE_NORTH_AMERICA,NO,UNCHANGED_UNDER_CORRECTED_PRECEDENCE,PASS,TRUE,TRUE,DIAGNOSTIC_ONLY_ZERO_INDEPENDENT_ROUTING_AUTHORITY,BAH:Bahamas;CLM:Colombia;COS:Costa Rica;CUB:Cuba;ELS:El Salvador;GUA:Guatemala;HON:Honduras;MXE:Mexico Northeast;MXG:Mexico Gulf;MXN:Mexico Northwest;MXS:Mexico Southwest;MXT:Mexico Southeast;NIC:Nicaragua;VEN:Venezuela,CLM:Colombia;VEN:Venezuela,BAH:Bahamas;CUB:Cuba,243978406cb913c13898b333671000c30592079d076ef8b995822a1684f8a8cd,d0ff6281d3e5a8aa2cb1438fd70cc2650163b6c512ffe8299c24d3555ddfcb64
191965,Sideroxylon lanuginosum,MAINLINE_CONTRACT_SEMANTICS_FAIL / COMPUTATIONAL_EXECUTION_PASS,BORDERLINE_MEXICO,BORDERLINE_MEXICO,CONFIRMED_NATIVE_MEXICO,CONFIRMED_NATIVE_MEXICO,NO,UNCHANGED_UNDER_CORRECTED_PRECEDENCE,PASS,FALSE,FALSE,DIAGNOSTIC_ONLY_ZERO_INDEPENDENT_ROUTING_AUTHORITY,MXE:Mexico Northeast;MXG:Mexico Gulf;MXN:Mexico Northwest;MXS:Mexico Southwest,NONE,NONE,243978406cb913c13898b333671000c30592079d076ef8b995822a1684f8a8cd,d0ff6281d3e5a8aa2cb1438fd70cc2650163b6c512ffe8299c24d3555ddfcb64
320352,Catalpa bignonioides,MAINLINE_CONTRACT_SEMANTICS_FAIL / COMPUTATIONAL_EXECUTION_PASS,PASS_COARSE,PASS_COARSE,NO_CONFIRMED_EXTERNAL_NATIVE_EXTENSION_IN_FROZEN_D08B1,NO_CONFIRMED_EXTERNAL_NATIVE_EXTENSION_IN_FROZEN_D08B1,NO,UNCHANGED_UNDER_CORRECTED_PRECEDENCE,PASS,FALSE,FALSE,DIAGNOSTIC_ONLY_ZERO_INDEPENDENT_ROUTING_AUTHORITY,NONE,NONE,NONE,243978406cb913c13898b333671000c30592079d076ef8b995822a1684f8a8cd,d0ff6281d3e5a8aa2cb1438fd70cc2650163b6c512ffe8299c24d3555ddfcb64
320410,Catalpa speciosa,MAINLINE_CONTRACT_SEMANTICS_FAIL / COMPUTATIONAL_EXECUTION_PASS,PASS_COARSE,PASS_COARSE,NO_CONFIRMED_EXTERNAL_NATIVE_EXTENSION_IN_FROZEN_D08B1,NO_CONFIRMED_EXTERNAL_NATIVE_EXTENSION_IN_FROZEN_D08B1,NO,UNCHANGED_UNDER_CORRECTED_PRECEDENCE,PASS,FALSE,FALSE,DIAGNOSTIC_ONLY_ZERO_INDEPENDENT_ROUTING_AUTHORITY,NONE,NONE,NONE,243978406cb913c13898b333671000c30592079d076ef8b995822a1684f8a8cd,d0ff6281d3e5a8aa2cb1438fd70cc2650163b6c512ffe8299c24d3555ddfcb64
351387,Leucothrinax morrisii,MAINLINE_CONTRACT_SEMANTICS_FAIL / COMPUTATIONAL_EXECUTION_PASS,FAIL_EXTRA_NA,BORDERLINE_OTHER_NA,TRANSCONTINENTAL_EXTENSION,CONFIRMED_NATIVE_OTHER_NA_EXTENSION,YES,"V01 transcontinental-only Class-1 authority removed; explicit frozen evidence is North-America-side other extension, so corrected Class 2 controls.",PASS,FALSE,TRUE,DIAGNOSTIC_ONLY_ZERO_INDEPENDENT_ROUTING_AUTHORITY,BAH:Bahamas;CUB:Cuba;HAI:Haiti;LEE:Leeward Is.;PUE:Puerto Rico;TCI:Turks-Caicos Is.,NONE,BAH:Bahamas;CUB:Cuba;HAI:Haiti;LEE:Leeward Is.;PUE:Puerto Rico;TCI:Turks-Caicos Is.,243978406cb913c13898b333671000c30592079d076ef8b995822a1684f8a8cd,d0ff6281d3e5a8aa2cb1438fd70cc2650163b6c512ffe8299c24d3555ddfcb64
369466,Fraxinus albicans,MAINLINE_CONTRACT_SEMANTICS_FAIL / COMPUTATIONAL_EXECUTION_PASS,BORDERLINE_MEXICO,BORDERLINE_MEXICO,CONFIRMED_NATIVE_MEXICO,CONFIRMED_NATIVE_MEXICO,NO,UNCHANGED_UNDER_CORRECTED_PRECEDENCE,PASS,FALSE,FALSE,DIAGNOSTIC_ONLY_ZERO_INDEPENDENT_ROUTING_AUTHORITY,MXE:Mexico Northeast,NONE,NONE,243978406cb913c13898b333671000c30592079d076ef8b995822a1684f8a8cd,d0ff6281d3e5a8aa2cb1438fd70cc2650163b6c512ffe8299c24d3555ddfcb64
369468,Fraxinus americana,MAINLINE_CONTRACT_SEMANTICS_FAIL / COMPUTATIONAL_EXECUTION_PASS,BORDERLINE_MEXICO,BORDERLINE_MEXICO,CONFIRMED_NATIVE_MEXICO,CONFIRMED_NATIVE_MEXICO,NO,UNCHANGED_UNDER_CORRECTED_PRECEDENCE,PASS,FALSE,FALSE,DIAGNOSTIC_ONLY_ZERO_INDEPENDENT_ROUTING_AUTHORITY,MXE:Mexico Northeast,NONE,NONE,243978406cb913c13898b333671000c30592079d076ef8b995822a1684f8a8cd,d0ff6281d3e5a8aa2cb1438fd70cc2650163b6c512ffe8299c24d3555ddfcb64
369564,Fraxinus berlandieriana,MAINLINE_CONTRACT_SEMANTICS_FAIL / COMPUTATIONAL_EXECUTION_PASS,BORDERLINE_MEXICO,BORDERLINE_MEXICO,CONFIRMED_NATIVE_MEXICO,CONFIRMED_NATIVE_MEXICO,NO,UNCHANGED_UNDER_CORRECTED_PRECEDENCE,PASS,FALSE,FALSE,DIAGNOSTIC_ONLY_ZERO_INDEPENDENT_ROUTING_AUTHORITY,MXE:Mexico Northeast;MXG:Mexico Gulf,NONE,NONE,243978406cb913c13898b333671000c30592079d076ef8b995822a1684f8a8cd,d0ff6281d3e5a8aa2cb1438fd70cc2650163b6c512ffe8299c24d3555ddfcb64
369591,Fraxinus caroliniana,MAINLINE_CONTRACT_SEMANTICS_FAIL / COMPUTATIONAL_EXECUTION_PASS,FAIL_EXTRA_NA,BORDERLINE_OTHER_NA,TRANSCONTINENTAL_EXTENSION,CONFIRMED_NATIVE_OTHER_NA_EXTENSION,YES,"V01 transcontinental-only Class-1 authority removed; explicit frozen evidence is North-America-side other extension, so corrected Class 2 controls.",PASS,FALSE,TRUE,DIAGNOSTIC_ONLY_ZERO_INDEPENDENT_ROUTING_AUTHORITY,CUB:Cuba,NONE,CUB:Cuba,243978406cb913c13898b333671000c30592079d076ef8b995822a1684f8a8cd,d0ff6281d3e5a8aa2cb1438fd70cc2650163b6c512ffe8299c24d3555ddfcb64
369836,Fraxinus latifolia,MAINLINE_CONTRACT_SEMANTICS_FAIL / COMPUTATIONAL_EXECUTION_PASS,RETAIN_USCA_AUDIT,RETAIN_USCA_AUDIT,CONFIRMED_NATIVE_CANADA,CONFIRMED_NATIVE_CANADA,NO,UNCHANGED_UNDER_CORRECTED_PRECEDENCE,PASS,FALSE,FALSE,DIAGNOSTIC_ONLY_ZERO_INDEPENDENT_ROUTING_AUTHORITY,NONE,NONE,NONE,243978406cb913c13898b333671000c30592079d076ef8b995822a1684f8a8cd,d0ff6281d3e5a8aa2cb1438fd70cc2650163b6c512ffe8299c24d3555ddfcb64
369888,Fraxinus nigra,MAINLINE_CONTRACT_SEMANTICS_FAIL / COMPUTATIONAL_EXECUTION_PASS,RETAIN_USCA_AUDIT,RETAIN_USCA_AUDIT,CONFIRMED_NATIVE_CANADA,CONFIRMED_NATIVE_CANADA,NO,UNCHANGED_UNDER_CORRECTED_PRECEDENCE,PASS,FALSE,FALSE,DIAGNOSTIC_ONLY_ZERO_INDEPENDENT_ROUTING_AUTHORITY,NONE,NONE,NONE,243978406cb913c13898b333671000c30592079d076ef8b995822a1684f8a8cd,d0ff6281d3e5a8aa2cb1438fd70cc2650163b6c512ffe8299c24d3555ddfcb64
370006,Fraxinus pennsylvanica,MAINLINE_CONTRACT_SEMANTICS_FAIL / COMPUTATIONAL_EXECUTION_PASS,RETAIN_USCA_AUDIT,RETAIN_USCA_AUDIT,CONFIRMED_NATIVE_CANADA,CONFIRMED_NATIVE_CANADA,NO,UNCHANGED_UNDER_CORRECTED_PRECEDENCE,PASS,FALSE,FALSE,DIAGNOSTIC_ONLY_ZERO_INDEPENDENT_ROUTING_AUTHORITY,NONE,NONE,NONE,243978406cb913c13898b333671000c30592079d076ef8b995822a1684f8a8cd,d0ff6281d3e5a8aa2cb1438fd70cc2650163b6c512ffe8299c24d3555ddfcb64
370051,Fraxinus profunda,MAINLINE_CONTRACT_SEMANTICS_FAIL / COMPUTATIONAL_EXECUTION_PASS,PASS_COARSE,PASS_COARSE,NO_CONFIRMED_EXTERNAL_NATIVE_EXTENSION_IN_FROZEN_D08B1,NO_CONFIRMED_EXTERNAL_NATIVE_EXTENSION_IN_FROZEN_D08B1,NO,UNCHANGED_UNDER_CORRECTED_PRECEDENCE,PASS,FALSE,FALSE,DIAGNOSTIC_ONLY_ZERO_INDEPENDENT_ROUTING_AUTHORITY,NONE,NONE,NONE,243978406cb913c13898b333671000c30592079d076ef8b995822a1684f8a8cd,d0ff6281d3e5a8aa2cb1438fd70cc2650163b6c512ffe8299c24d3555ddfcb64
370075,Fraxinus quadrangulata,MAINLINE_CONTRACT_SEMANTICS_FAIL / COMPUTATIONAL_EXECUTION_PASS,RETAIN_USCA_AUDIT,RETAIN_USCA_AUDIT,CONFIRMED_NATIVE_CANADA,CONFIRMED_NATIVE_CANADA,NO,UNCHANGED_UNDER_CORRECTED_PRECEDENCE,PASS,FALSE,FALSE,DIAGNOSTIC_ONLY_ZERO_INDEPENDENT_ROUTING_AUTHORITY,NONE,NONE,NONE,243978406cb913c13898b333671000c30592079d076ef8b995822a1684f8a8cd,d0ff6281d3e5a8aa2cb1438fd70cc2650163b6c512ffe8299c24d3555ddfcb64
370195,Fraxinus velutina,MAINLINE_CONTRACT_SEMANTICS_FAIL / COMPUTATIONAL_EXECUTION_PASS,BORDERLINE_MEXICO,BORDERLINE_MEXICO,CONFIRMED_NATIVE_MEXICO,CONFIRMED_NATIVE_MEXICO,NO,UNCHANGED_UNDER_CORRECTED_PRECEDENCE,PASS,FALSE,FALSE,DIAGNOSTIC_ONLY_ZERO_INDEPENDENT_ROUTING_AUTHORITY,MXC:Mexico Central;MXE:Mexico Northeast;MXG:Mexico Gulf;MXN:Mexico Northwest;MXT:Mexico Southeast,NONE,NONE,243978406cb913c13898b333671000c30592079d076ef8b995822a1684f8a8cd,d0ff6281d3e5a8aa2cb1438fd70cc2650163b6c512ffe8299c24d3555ddfcb64
377287,Juniperus virginiana,MAINLINE_CONTRACT_SEMANTICS_FAIL / COMPUTATIONAL_EXECUTION_PASS,BORDERLINE_MEXICO,BORDERLINE_MEXICO,CONFIRMED_NATIVE_MEXICO,CONFIRMED_NATIVE_MEXICO,NO,UNCHANGED_UNDER_CORRECTED_PRECEDENCE,PASS,FALSE,FALSE,DIAGNOSTIC_ONLY_ZERO_INDEPENDENT_ROUTING_AUTHORITY,MXE:Mexico Northeast,NONE,NONE,243978406cb913c13898b333671000c30592079d076ef8b995822a1684f8a8cd,d0ff6281d3e5a8aa2cb1438fd70cc2650163b6c512ffe8299c24d3555ddfcb64
377330,Juniperus scopulorum,MAINLINE_CONTRACT_SEMANTICS_FAIL / COMPUTATIONAL_EXECUTION_PASS,BORDERLINE_MEXICO,BORDERLINE_MEXICO,CONFIRMED_NATIVE_MEXICO,CONFIRMED_NATIVE_MEXICO,NO,UNCHANGED_UNDER_CORRECTED_PRECEDENCE,PASS,FALSE,FALSE,DIAGNOSTIC_ONLY_ZERO_INDEPENDENT_ROUTING_AUTHORITY,MXE:Mexico Northeast;MXN:Mexico Northwest,NONE,NONE,243978406cb913c13898b333671000c30592079d076ef8b995822a1684f8a8cd,d0ff6281d3e5a8aa2cb1438fd70cc2650163b6c512ffe8299c24d3555ddfcb64
377371,Juniperus deppeana,MAINLINE_CONTRACT_SEMANTICS_FAIL / COMPUTATIONAL_EXECUTION_PASS,BORDERLINE_MEXICO,BORDERLINE_MEXICO,CONFIRMED_NATIVE_MEXICO,CONFIRMED_NATIVE_MEXICO,NO,UNCHANGED_UNDER_CORRECTED_PRECEDENCE,PASS,FALSE,FALSE,DIAGNOSTIC_ONLY_ZERO_INDEPENDENT_ROUTING_AUTHORITY,MXC:Mexico Central;MXE:Mexico Northeast;MXG:Mexico Gulf;MXN:Mexico Northwest;MXS:Mexico Southwest,NONE,NONE,243978406cb913c13898b333671000c30592079d076ef8b995822a1684f8a8cd,d0ff6281d3e5a8aa2cb1438fd70cc2650163b6c512ffe8299c24d3555ddfcb64
377397,Juniperus flaccida,MAINLINE_CONTRACT_SEMANTICS_FAIL / COMPUTATIONAL_EXECUTION_PASS,BORDERLINE_MEXICO,BORDERLINE_MEXICO,CONFIRMED_NATIVE_MEXICO,CONFIRMED_NATIVE_MEXICO,NO,UNCHANGED_UNDER_CORRECTED_PRECEDENCE,PASS,FALSE,FALSE,DIAGNOSTIC_ONLY_ZERO_INDEPENDENT_ROUTING_AUTHORITY,MXC:Mexico Central;MXE:Mexico Northeast;MXG:Mexico Gulf;MXN:Mexico Northwest;MXS:Mexico Southwest,NONE,NONE,243978406cb913c13898b333671000c30592079d076ef8b995822a1684f8a8cd,d0ff6281d3e5a8aa2cb1438fd70cc2650163b6c512ffe8299c24d3555ddfcb64
377454,Juniperus ashei,MAINLINE_CONTRACT_SEMANTICS_FAIL / COMPUTATIONAL_EXECUTION_PASS,BORDERLINE_MEXICO,BORDERLINE_MEXICO,CONFIRMED_NATIVE_MEXICO,CONFIRMED_NATIVE_MEXICO,NO,UNCHANGED_UNDER_CORRECTED_PRECEDENCE,PASS,FALSE,FALSE,DIAGNOSTIC_ONLY_ZERO_INDEPENDENT_ROUTING_AUTHORITY,MXE:Mexico Northeast,NONE,NONE,243978406cb913c13898b333671000c30592079d076ef8b995822a1684f8a8cd,d0ff6281d3e5a8aa2cb1438fd70cc2650163b6c512ffe8299c24d3555ddfcb64
377511,Juniperus coahuilensis,MAINLINE_CONTRACT_SEMANTICS_FAIL / COMPUTATIONAL_EXECUTION_PASS,BORDERLINE_MEXICO,BORDERLINE_MEXICO,CONFIRMED_NATIVE_MEXICO,CONFIRMED_NATIVE_MEXICO,NO,UNCHANGED_UNDER_CORRECTED_PRECEDENCE,PASS,FALSE,FALSE,DIAGNOSTIC_ONLY_ZERO_INDEPENDENT_ROUTING_AUTHORITY,MXE:Mexico Northeast;MXS:Mexico Southwest,NONE,NONE,243978406cb913c13898b333671000c30592079d076ef8b995822a1684f8a8cd,d0ff6281d3e5a8aa2cb1438fd70cc2650163b6c512ffe8299c24d3555ddfcb64
377520,Juniperus californica,MAINLINE_CONTRACT_SEMANTICS_FAIL / COMPUTATIONAL_EXECUTION_PASS,BORDERLINE_MEXICO,BORDERLINE_MEXICO,CONFIRMED_NATIVE_MEXICO,CONFIRMED_NATIVE_MEXICO,NO,UNCHANGED_UNDER_CORRECTED_PRECEDENCE,PASS,FALSE,FALSE,DIAGNOSTIC_ONLY_ZERO_INDEPENDENT_ROUTING_AUTHORITY,MXN:Mexico Northwest,NONE,NONE,243978406cb913c13898b333671000c30592079d076ef8b995822a1684f8a8cd,d0ff6281d3e5a8aa2cb1438fd70cc2650163b6c512ffe8299c24d3555ddfcb64
377543,Juniperus monosperma,MAINLINE_CONTRACT_SEMANTICS_FAIL / COMPUTATIONAL_EXECUTION_PASS,BORDERLINE_MEXICO,BORDERLINE_MEXICO,CONFIRMED_NATIVE_MEXICO,CONFIRMED_NATIVE_MEXICO,NO,UNCHANGED_UNDER_CORRECTED_PRECEDENCE,PASS,FALSE,FALSE,DIAGNOSTIC_ONLY_ZERO_INDEPENDENT_ROUTING_AUTHORITY,MXE:Mexico Northeast,NONE,NONE,243978406cb913c13898b333671000c30592079d076ef8b995822a1684f8a8cd,d0ff6281d3e5a8aa2cb1438fd70cc2650163b6c512ffe8299c24d3555ddfcb64
377592,Juniperus occidentalis,MAINLINE_CONTRACT_SEMANTICS_FAIL / COMPUTATIONAL_EXECUTION_PASS,PASS_COARSE,PASS_COARSE,NO_CONFIRMED_EXTERNAL_NATIVE_EXTENSION_IN_FROZEN_D08B1,NO_CONFIRMED_EXTERNAL_NATIVE_EXTENSION_IN_FROZEN_D08B1,NO,UNCHANGED_UNDER_CORRECTED_PRECEDENCE,PASS,FALSE,FALSE,DIAGNOSTIC_ONLY_ZERO_INDEPENDENT_ROUTING_AUTHORITY,NONE,NONE,NONE,243978406cb913c13898b333671000c30592079d076ef8b995822a1684f8a8cd,d0ff6281d3e5a8aa2cb1438fd70cc2650163b6c512ffe8299c24d3555ddfcb64
377597,Juniperus osteosperma,MAINLINE_CONTRACT_SEMANTICS_FAIL / COMPUTATIONAL_EXECUTION_PASS,PASS_COARSE,PASS_COARSE,NO_CONFIRMED_EXTERNAL_NATIVE_EXTENSION_IN_FROZEN_D08B1,NO_CONFIRMED_EXTERNAL_NATIVE_EXTENSION_IN_FROZEN_D08B1,NO,UNCHANGED_UNDER_CORRECTED_PRECEDENCE,PASS,FALSE,FALSE,DIAGNOSTIC_ONLY_ZERO_INDEPENDENT_ROUTING_AUTHORITY,NONE,NONE,NONE,243978406cb913c13898b333671000c30592079d076ef8b995822a1684f8a8cd,d0ff6281d3e5a8aa2cb1438fd70cc2650163b6c512ffe8299c24d3555ddfcb64
377678,Juniperus pinchotii,MAINLINE_CONTRACT_SEMANTICS_FAIL / COMPUTATIONAL_EXECUTION_PASS,BORDERLINE_MEXICO,BORDERLINE_MEXICO,CONFIRMED_NATIVE_MEXICO,CONFIRMED_NATIVE_MEXICO,NO,UNCHANGED_UNDER_CORRECTED_PRECEDENCE,PASS,FALSE,FALSE,DIAGNOSTIC_ONLY_ZERO_INDEPENDENT_ROUTING_AUTHORITY,MXE:Mexico Northeast;MXN:Mexico Northwest,NONE,NONE,243978406cb913c13898b333671000c30592079d076ef8b995822a1684f8a8cd,d0ff6281d3e5a8aa2cb1438fd70cc2650163b6c512ffe8299c24d3555ddfcb64
378313,Pseudotsuga macrocarpa,MAINLINE_CONTRACT_SEMANTICS_FAIL / COMPUTATIONAL_EXECUTION_PASS,PASS_COARSE,PASS_COARSE,NO_CONFIRMED_EXTERNAL_NATIVE_EXTENSION_IN_FROZEN_D08B1,NO_CONFIRMED_EXTERNAL_NATIVE_EXTENSION_IN_FROZEN_D08B1,NO,UNCHANGED_UNDER_CORRECTED_PRECEDENCE,PASS,FALSE,FALSE,DIAGNOSTIC_ONLY_ZERO_INDEPENDENT_ROUTING_AUTHORITY,NONE,NONE,NONE,243978406cb913c13898b333671000c30592079d076ef8b995822a1684f8a8cd,d0ff6281d3e5a8aa2cb1438fd70cc2650163b6c512ffe8299c24d3555ddfcb64
378542,Thuja occidentalis,MAINLINE_CONTRACT_SEMANTICS_FAIL / COMPUTATIONAL_EXECUTION_PASS,RETAIN_USCA_AUDIT,RETAIN_USCA_AUDIT,CONFIRMED_NATIVE_CANADA,CONFIRMED_NATIVE_CANADA,NO,UNCHANGED_UNDER_CORRECTED_PRECEDENCE,PASS,FALSE,FALSE,DIAGNOSTIC_ONLY_ZERO_INDEPENDENT_ROUTING_AUTHORITY,NONE,NONE,NONE,243978406cb913c13898b333671000c30592079d076ef8b995822a1684f8a8cd,d0ff6281d3e5a8aa2cb1438fd70cc2650163b6c512ffe8299c24d3555ddfcb64
378546,Thuja plicata,MAINLINE_CONTRACT_SEMANTICS_FAIL / COMPUTATIONAL_EXECUTION_PASS,RETAIN_USCA_AUDIT,RETAIN_USCA_AUDIT,CONFIRMED_NATIVE_CANADA_AND_ALASKA,CONFIRMED_NATIVE_CANADA_AND_ALASKA,NO,UNCHANGED_UNDER_CORRECTED_PRECEDENCE,PASS,FALSE,FALSE,DIAGNOSTIC_ONLY_ZERO_INDEPENDENT_ROUTING_AUTHORITY,NONE,NONE,NONE,243978406cb913c13898b333671000c30592079d076ef8b995822a1684f8a8cd,d0ff6281d3e5a8aa2cb1438fd70cc2650163b6c512ffe8299c24d3555ddfcb64
378596,Taxodium distichum,MAINLINE_CONTRACT_SEMANTICS_FAIL / COMPUTATIONAL_EXECUTION_PASS,FAIL_EXTRA_NA,BORDERLINE_OTHER_NA,TRANSCONTINENTAL_EXTENSION,CONFIRMED_NATIVE_CENTRAL_AMERICA,YES,"V01 transcontinental-only Class-1 authority removed; explicit frozen evidence is North-America-side other extension, so corrected Class 2 controls.",PASS,FALSE,TRUE,DIAGNOSTIC_ONLY_ZERO_INDEPENDENT_ROUTING_AUTHORITY,GUA:Guatemala;MXC:Mexico Central;MXE:Mexico Northeast;MXG:Mexico Gulf;MXN:Mexico Northwest;MXS:Mexico Southwest,NONE,NONE,243978406cb913c13898b333671000c30592079d076ef8b995822a1684f8a8cd,d0ff6281d3e5a8aa2cb1438fd70cc2650163b6c512ffe8299c24d3555ddfcb64
378623,Taxus brevifolia,MAINLINE_CONTRACT_SEMANTICS_FAIL / COMPUTATIONAL_EXECUTION_PASS,RETAIN_USCA_AUDIT,RETAIN_USCA_AUDIT,CONFIRMED_NATIVE_CANADA_AND_ALASKA,CONFIRMED_NATIVE_CANADA_AND_ALASKA,NO,UNCHANGED_UNDER_CORRECTED_PRECEDENCE,PASS,FALSE,FALSE,DIAGNOSTIC_ONLY_ZERO_INDEPENDENT_ROUTING_AUTHORITY,NONE,NONE,NONE,243978406cb913c13898b333671000c30592079d076ef8b995822a1684f8a8cd,d0ff6281d3e5a8aa2cb1438fd70cc2650163b6c512ffe8299c24d3555ddfcb64
378636,Torreya californica,MAINLINE_CONTRACT_SEMANTICS_FAIL / COMPUTATIONAL_EXECUTION_PASS,PASS_COARSE,PASS_COARSE,NO_CONFIRMED_EXTERNAL_NATIVE_EXTENSION_IN_FROZEN_D08B1,NO_CONFIRMED_EXTERNAL_NATIVE_EXTENSION_IN_FROZEN_D08B1,NO,UNCHANGED_UNDER_CORRECTED_PRECEDENCE,PASS,FALSE,FALSE,DIAGNOSTIC_ONLY_ZERO_INDEPENDENT_ROUTING_AUTHORITY,NONE,NONE,NONE,243978406cb913c13898b333671000c30592079d076ef8b995822a1684f8a8cd,d0ff6281d3e5a8aa2cb1438fd70cc2650163b6c512ffe8299c24d3555ddfcb64
378988,Sequoia sempervirens,MAINLINE_CONTRACT_SEMANTICS_FAIL / COMPUTATIONAL_EXECUTION_PASS,PASS_COARSE,PASS_COARSE,NO_CONFIRMED_EXTERNAL_NATIVE_EXTENSION_IN_FROZEN_D08B1,NO_CONFIRMED_EXTERNAL_NATIVE_EXTENSION_IN_FROZEN_D08B1,NO,UNCHANGED_UNDER_CORRECTED_PRECEDENCE,PASS,FALSE,FALSE,DIAGNOSTIC_ONLY_ZERO_INDEPENDENT_ROUTING_AUTHORITY,NONE,NONE,NONE,243978406cb913c13898b333671000c30592079d076ef8b995822a1684f8a8cd,d0ff6281d3e5a8aa2cb1438fd70cc2650163b6c512ffe8299c24d3555ddfcb64
379072,Larix laricina,MAINLINE_CONTRACT_SEMANTICS_FAIL / COMPUTATIONAL_EXECUTION_PASS,RETAIN_USCA_AUDIT,RETAIN_USCA_AUDIT,CONFIRMED_NATIVE_CANADA_AND_ALASKA,CONFIRMED_NATIVE_CANADA_AND_ALASKA,NO,UNCHANGED_UNDER_CORRECTED_PRECEDENCE,PASS,FALSE,FALSE,DIAGNOSTIC_ONLY_ZERO_INDEPENDENT_ROUTING_AUTHORITY,NONE,NONE,NONE,243978406cb913c13898b333671000c30592079d076ef8b995822a1684f8a8cd,d0ff6281d3e5a8aa2cb1438fd70cc2650163b6c512ffe8299c24d3555ddfcb64
379089,Larix lyallii,MAINLINE_CONTRACT_SEMANTICS_FAIL / COMPUTATIONAL_EXECUTION_PASS,RETAIN_USCA_AUDIT,RETAIN_USCA_AUDIT,CONFIRMED_NATIVE_CANADA,CONFIRMED_NATIVE_CANADA,NO,UNCHANGED_UNDER_CORRECTED_PRECEDENCE,PASS,FALSE,FALSE,DIAGNOSTIC_ONLY_ZERO_INDEPENDENT_ROUTING_AUTHORITY,NONE,NONE,NONE,243978406cb913c13898b333671000c30592079d076ef8b995822a1684f8a8cd,d0ff6281d3e5a8aa2cb1438fd70cc2650163b6c512ffe8299c24d3555ddfcb64
379096,Larix occidentalis,MAINLINE_CONTRACT_SEMANTICS_FAIL / COMPUTATIONAL_EXECUTION_PASS,RETAIN_USCA_AUDIT,RETAIN_USCA_AUDIT,CONFIRMED_NATIVE_CANADA,CONFIRMED_NATIVE_CANADA,NO,UNCHANGED_UNDER_CORRECTED_PRECEDENCE,PASS,FALSE,FALSE,DIAGNOSTIC_ONLY_ZERO_INDEPENDENT_ROUTING_AUTHORITY,NONE,NONE,NONE,243978406cb913c13898b333671000c30592079d076ef8b995822a1684f8a8cd,d0ff6281d3e5a8aa2cb1438fd70cc2650163b6c512ffe8299c24d3555ddfcb64
379363,Tsuga canadensis,MAINLINE_CONTRACT_SEMANTICS_FAIL / COMPUTATIONAL_EXECUTION_PASS,RETAIN_USCA_AUDIT,RETAIN_USCA_AUDIT,CONFIRMED_NATIVE_CANADA,CONFIRMED_NATIVE_CANADA,NO,UNCHANGED_UNDER_CORRECTED_PRECEDENCE,PASS,FALSE,FALSE,DIAGNOSTIC_ONLY_ZERO_INDEPENDENT_ROUTING_AUTHORITY,NONE,NONE,NONE,243978406cb913c13898b333671000c30592079d076ef8b995822a1684f8a8cd,d0ff6281d3e5a8aa2cb1438fd70cc2650163b6c512ffe8299c24d3555ddfcb64
379383,Tsuga caroliniana,MAINLINE_CONTRACT_SEMANTICS_FAIL / COMPUTATIONAL_EXECUTION_PASS,PASS_COARSE,PASS_COARSE,NO_CONFIRMED_EXTERNAL_NATIVE_EXTENSION_IN_FROZEN_D08B1,NO_CONFIRMED_EXTERNAL_NATIVE_EXTENSION_IN_FROZEN_D08B1,NO,UNCHANGED_UNDER_CORRECTED_PRECEDENCE,PASS,FALSE,FALSE,DIAGNOSTIC_ONLY_ZERO_INDEPENDENT_ROUTING_AUTHORITY,NONE,NONE,NONE,243978406cb913c13898b333671000c30592079d076ef8b995822a1684f8a8cd,d0ff6281d3e5a8aa2cb1438fd70cc2650163b6c512ffe8299c24d3555ddfcb64
379395,Tsuga heterophylla,MAINLINE_CONTRACT_SEMANTICS_FAIL / COMPUTATIONAL_EXECUTION_PASS,RETAIN_USCA_AUDIT,RETAIN_USCA_AUDIT,CONFIRMED_NATIVE_CANADA_AND_ALASKA,CONFIRMED_NATIVE_CANADA_AND_ALASKA,NO,UNCHANGED_UNDER_CORRECTED_PRECEDENCE,PASS,FALSE,FALSE,DIAGNOSTIC_ONLY_ZERO_INDEPENDENT_ROUTING_AUTHORITY,NONE,NONE,NONE,243978406cb913c13898b333671000c30592079d076ef8b995822a1684f8a8cd,d0ff6281d3e5a8aa2cb1438fd70cc2650163b6c512ffe8299c24d3555ddfcb64
379433,Tsuga mertensiana,MAINLINE_CONTRACT_SEMANTICS_FAIL / COMPUTATIONAL_EXECUTION_PASS,RETAIN_USCA_AUDIT,RETAIN_USCA_AUDIT,CONFIRMED_NATIVE_CANADA_AND_ALASKA,CONFIRMED_NATIVE_CANADA_AND_ALASKA,NO,UNCHANGED_UNDER_CORRECTED_PRECEDENCE,PASS,FALSE,FALSE,DIAGNOSTIC_ONLY_ZERO_INDEPENDENT_ROUTING_AUTHORITY,NONE,NONE,NONE,243978406cb913c13898b333671000c30592079d076ef8b995822a1684f8a8cd,d0ff6281d3e5a8aa2cb1438fd70cc2650163b6c512ffe8299c24d3555ddfcb64
379633,Pseudotsuga menziesii,MAINLINE_CONTRACT_SEMANTICS_FAIL / COMPUTATIONAL_EXECUTION_PASS,BORDERLINE_MEXICO,BORDERLINE_MEXICO,CONFIRMED_NATIVE_MEXICO,CONFIRMED_NATIVE_MEXICO,NO,UNCHANGED_UNDER_CORRECTED_PRECEDENCE,PASS,FALSE,FALSE,DIAGNOSTIC_ONLY_ZERO_INDEPENDENT_ROUTING_AUTHORITY,MXC:Mexico Central;MXE:Mexico Northeast;MXN:Mexico Northwest;MXS:Mexico Southwest,NONE,NONE,243978406cb913c13898b333671000c30592079d076ef8b995822a1684f8a8cd,d0ff6281d3e5a8aa2cb1438fd70cc2650163b6c512ffe8299c24d3555ddfcb64
379703,Pinus lambertiana,MAINLINE_CONTRACT_SEMANTICS_FAIL / COMPUTATIONAL_EXECUTION_PASS,BORDERLINE_MEXICO,BORDERLINE_MEXICO,CONFIRMED_NATIVE_MEXICO,CONFIRMED_NATIVE_MEXICO,NO,UNCHANGED_UNDER_CORRECTED_PRECEDENCE,PASS,FALSE,FALSE,DIAGNOSTIC_ONLY_ZERO_INDEPENDENT_ROUTING_AUTHORITY,MXN:Mexico Northwest,NONE,NONE,243978406cb913c13898b333671000c30592079d076ef8b995822a1684f8a8cd,d0ff6281d3e5a8aa2cb1438fd70cc2650163b6c512ffe8299c24d3555ddfcb64
379708,Pinus jeffreyi,MAINLINE_CONTRACT_SEMANTICS_FAIL / COMPUTATIONAL_EXECUTION_PASS,BORDERLINE_MEXICO,BORDERLINE_MEXICO,CONFIRMED_NATIVE_MEXICO,CONFIRMED_NATIVE_MEXICO,NO,UNCHANGED_UNDER_CORRECTED_PRECEDENCE,PASS,FALSE,FALSE,DIAGNOSTIC_ONLY_ZERO_INDEPENDENT_ROUTING_AUTHORITY,MXN:Mexico Northwest,NONE,NONE,243978406cb913c13898b333671000c30592079d076ef8b995822a1684f8a8cd,d0ff6281d3e5a8aa2cb1438fd70cc2650163b6c512ffe8299c24d3555ddfcb64
379762,Pinus longaeva,MAINLINE_CONTRACT_SEMANTICS_FAIL / COMPUTATIONAL_EXECUTION_PASS,PASS_COARSE,PASS_COARSE,NO_CONFIRMED_EXTERNAL_NATIVE_EXTENSION_IN_FROZEN_D08B1,NO_CONFIRMED_EXTERNAL_NATIVE_EXTENSION_IN_FROZEN_D08B1,NO,UNCHANGED_UNDER_CORRECTED_PRECEDENCE,PASS,FALSE,FALSE,DIAGNOSTIC_ONLY_ZERO_INDEPENDENT_ROUTING_AUTHORITY,NONE,NONE,NONE,243978406cb913c13898b333671000c30592079d076ef8b995822a1684f8a8cd,d0ff6281d3e5a8aa2cb1438fd70cc2650163b6c512ffe8299c24d3555ddfcb64
379770,Pinus leiophylla,MAINLINE_CONTRACT_SEMANTICS_FAIL / COMPUTATIONAL_EXECUTION_PASS,BORDERLINE_MEXICO,BORDERLINE_MEXICO,CONFIRMED_NATIVE_MEXICO,CONFIRMED_NATIVE_MEXICO,NO,UNCHANGED_UNDER_CORRECTED_PRECEDENCE,PASS,FALSE,FALSE,DIAGNOSTIC_ONLY_ZERO_INDEPENDENT_ROUTING_AUTHORITY,MXC:Mexico Central;MXE:Mexico Northeast;MXG:Mexico Gulf;MXN:Mexico Northwest;MXS:Mexico Southwest,NONE,NONE,243978406cb913c13898b333671000c30592079d076ef8b995822a1684f8a8cd,d0ff6281d3e5a8aa2cb1438fd70cc2650163b6c512ffe8299c24d3555ddfcb64
379818,Pinus echinata,MAINLINE_CONTRACT_SEMANTICS_FAIL / COMPUTATIONAL_EXECUTION_PASS,PASS_COARSE,PASS_COARSE,NO_CONFIRMED_EXTERNAL_NATIVE_EXTENSION_IN_FROZEN_D08B1,NO_CONFIRMED_EXTERNAL_NATIVE_EXTENSION_IN_FROZEN_D08B1,NO,UNCHANGED_UNDER_CORRECTED_PRECEDENCE,PASS,FALSE,FALSE,DIAGNOSTIC_ONLY_ZERO_INDEPENDENT_ROUTING_AUTHORITY,NONE,NONE,NONE,243978406cb913c13898b333671000c30592079d076ef8b995822a1684f8a8cd,d0ff6281d3e5a8aa2cb1438fd70cc2650163b6c512ffe8299c24d3555ddfcb64
379820,Pinus edulis,MAINLINE_CONTRACT_SEMANTICS_FAIL / COMPUTATIONAL_EXECUTION_PASS,PASS_COARSE,PASS_COARSE,NO_CONFIRMED_EXTERNAL_NATIVE_EXTENSION_IN_FROZEN_D08B1,NO_CONFIRMED_EXTERNAL_NATIVE_EXTENSION_IN_FROZEN_D08B1,NO,UNCHANGED_UNDER_CORRECTED_PRECEDENCE,PASS,FALSE,FALSE,DIAGNOSTIC_ONLY_ZERO_INDEPENDENT_ROUTING_AUTHORITY,NONE,NONE,NONE,243978406cb913c13898b333671000c30592079d076ef8b995822a1684f8a8cd,d0ff6281d3e5a8aa2cb1438fd70cc2650163b6c512ffe8299c24d3555ddfcb64
379837,Pinus discolor,MAINLINE_CONTRACT_SEMANTICS_FAIL / COMPUTATIONAL_EXECUTION_PASS,BORDERLINE_MEXICO,BORDERLINE_MEXICO,CONFIRMED_NATIVE_MEXICO,CONFIRMED_NATIVE_MEXICO,NO,UNCHANGED_UNDER_CORRECTED_PRECEDENCE,PASS,FALSE,FALSE,DIAGNOSTIC_ONLY_ZERO_INDEPENDENT_ROUTING_AUTHORITY,MXE:Mexico Northeast;MXN:Mexico Northwest,NONE,NONE,243978406cb913c13898b333671000c30592079d076ef8b995822a1684f8a8cd,d0ff6281d3e5a8aa2cb1438fd70cc2650163b6c512ffe8299c24d3555ddfcb64
379843,Pinus contorta,MAINLINE_CONTRACT_SEMANTICS_FAIL / COMPUTATIONAL_EXECUTION_PASS,BORDERLINE_MEXICO,BORDERLINE_MEXICO,CONFIRMED_NATIVE_MEXICO,CONFIRMED_NATIVE_MEXICO,NO,UNCHANGED_UNDER_CORRECTED_PRECEDENCE,PASS,FALSE,FALSE,DIAGNOSTIC_ONLY_ZERO_INDEPENDENT_ROUTING_AUTHORITY,MXN:Mexico Northwest,NONE,NONE,243978406cb913c13898b333671000c30592079d076ef8b995822a1684f8a8cd,d0ff6281d3e5a8aa2cb1438fd70cc2650163b6c512ffe8299c24d3555ddfcb64
379852,Pinus coulteri,MAINLINE_CONTRACT_SEMANTICS_FAIL / COMPUTATIONAL_EXECUTION_PASS,BORDERLINE_MEXICO,BORDERLINE_MEXICO,CONFIRMED_NATIVE_MEXICO,CONFIRMED_NATIVE_MEXICO,NO,UNCHANGED_UNDER_CORRECTED_PRECEDENCE,PASS,FALSE,FALSE,DIAGNOSTIC_ONLY_ZERO_INDEPENDENT_ROUTING_AUTHORITY,MXN:Mexico Northwest,NONE,NONE,243978406cb913c13898b333671000c30592079d076ef8b995822a1684f8a8cd,d0ff6281d3e5a8aa2cb1438fd70cc2650163b6c512ffe8299c24d3555ddfcb64
379871,Pinus clausa,MAINLINE_CONTRACT_SEMANTICS_FAIL / COMPUTATIONAL_EXECUTION_PASS,PASS_COARSE,PASS_COARSE,NO_CONFIRMED_EXTERNAL_NATIVE_EXTENSION_IN_FROZEN_D08B1,NO_CONFIRMED_EXTERNAL_NATIVE_EXTENSION_IN_FROZEN_D08B1,NO,UNCHANGED_UNDER_CORRECTED_PRECEDENCE,PASS,FALSE,FALSE,DIAGNOSTIC_ONLY_ZERO_INDEPENDENT_ROUTING_AUTHORITY,NONE,NONE,NONE,243978406cb913c13898b333671000c30592079d076ef8b995822a1684f8a8cd,d0ff6281d3e5a8aa2cb1438fd70cc2650163b6c512ffe8299c24d3555ddfcb64
379943,Pinus elliottii,MAINLINE_CONTRACT_SEMANTICS_FAIL / COMPUTATIONAL_EXECUTION_PASS,PASS_COARSE,PASS_COARSE,NO_CONFIRMED_EXTERNAL_NATIVE_EXTENSION_IN_FROZEN_D08B1,NO_CONFIRMED_EXTERNAL_NATIVE_EXTENSION_IN_FROZEN_D08B1,NO,UNCHANGED_UNDER_CORRECTED_PRECEDENCE,PASS,FALSE,FALSE,DIAGNOSTIC_ONLY_ZERO_INDEPENDENT_ROUTING_AUTHORITY,NONE,NONE,NONE,243978406cb913c13898b333671000c30592079d076ef8b995822a1684f8a8cd,d0ff6281d3e5a8aa2cb1438fd70cc2650163b6c512ffe8299c24d3555ddfcb64
379946,Pinus engelmannii,MAINLINE_CONTRACT_SEMANTICS_FAIL / COMPUTATIONAL_EXECUTION_PASS,BORDERLINE_MEXICO,BORDERLINE_MEXICO,CONFIRMED_NATIVE_MEXICO,CONFIRMED_NATIVE_MEXICO,NO,UNCHANGED_UNDER_CORRECTED_PRECEDENCE,PASS,FALSE,FALSE,DIAGNOSTIC_ONLY_ZERO_INDEPENDENT_ROUTING_AUTHORITY,MXE:Mexico Northeast;MXN:Mexico Northwest,NONE,NONE,243978406cb913c13898b333671000c30592079d076ef8b995822a1684f8a8cd,d0ff6281d3e5a8aa2cb1438fd70cc2650163b6c512ffe8299c24d3555ddfcb64
379966,Pinus glabra,MAINLINE_CONTRACT_SEMANTICS_FAIL / COMPUTATIONAL_EXECUTION_PASS,PASS_COARSE,PASS_COARSE,NO_CONFIRMED_EXTERNAL_NATIVE_EXTENSION_IN_FROZEN_D08B1,NO_CONFIRMED_EXTERNAL_NATIVE_EXTENSION_IN_FROZEN_D08B1,NO,UNCHANGED_UNDER_CORRECTED_PRECEDENCE,PASS,FALSE,FALSE,DIAGNOSTIC_ONLY_ZERO_INDEPENDENT_ROUTING_AUTHORITY,NONE,NONE,NONE,243978406cb913c13898b333671000c30592079d076ef8b995822a1684f8a8cd,d0ff6281d3e5a8aa2cb1438fd70cc2650163b6c512ffe8299c24d3555ddfcb64
379971,Pinus flexilis,MAINLINE_CONTRACT_SEMANTICS_FAIL / COMPUTATIONAL_EXECUTION_PASS,RETAIN_USCA_AUDIT,RETAIN_USCA_AUDIT,CONFIRMED_NATIVE_CANADA,CONFIRMED_NATIVE_CANADA,NO,UNCHANGED_UNDER_CORRECTED_PRECEDENCE,PASS,FALSE,FALSE,DIAGNOSTIC_ONLY_ZERO_INDEPENDENT_ROUTING_AUTHORITY,NONE,NONE,NONE,243978406cb913c13898b333671000c30592079d076ef8b995822a1684f8a8cd,d0ff6281d3e5a8aa2cb1438fd70cc2650163b6c512ffe8299c24d3555ddfcb64
379991,Pinus serotina,MAINLINE_CONTRACT_SEMANTICS_FAIL / COMPUTATIONAL_EXECUTION_PASS,PASS_COARSE,PASS_COARSE,NO_CONFIRMED_EXTERNAL_NATIVE_EXTENSION_IN_FROZEN_D08B1,NO_CONFIRMED_EXTERNAL_NATIVE_EXTENSION_IN_FROZEN_D08B1,NO,UNCHANGED_UNDER_CORRECTED_PRECEDENCE,PASS,FALSE,FALSE,DIAGNOSTIC_ONLY_ZERO_INDEPENDENT_ROUTING_AUTHORITY,NONE,NONE,NONE,243978406cb913c13898b333671000c30592079d076ef8b995822a1684f8a8cd,d0ff6281d3e5a8aa2cb1438fd70cc2650163b6c512ffe8299c24d3555ddfcb64
380011,Pinus sabiniana,MAINLINE_CONTRACT_SEMANTICS_FAIL / COMPUTATIONAL_EXECUTION_PASS,PASS_COARSE,PASS_COARSE,NO_CONFIRMED_EXTERNAL_NATIVE_EXTENSION_IN_FROZEN_D08B1,NO_CONFIRMED_EXTERNAL_NATIVE_EXTENSION_IN_FROZEN_D08B1,NO,UNCHANGED_UNDER_CORRECTED_PRECEDENCE,PASS,FALSE,FALSE,DIAGNOSTIC_ONLY_ZERO_INDEPENDENT_ROUTING_AUTHORITY,NONE,NONE,NONE,243978406cb913c13898b333671000c30592079d076ef8b995822a1684f8a8cd,d0ff6281d3e5a8aa2cb1438fd70cc2650163b6c512ffe8299c24d3555ddfcb64
380022,Pinus strobus,MAINLINE_CONTRACT_SEMANTICS_FAIL / COMPUTATIONAL_EXECUTION_PASS,RETAIN_USCA_AUDIT,RETAIN_USCA_AUDIT,CONFIRMED_NATIVE_CANADA,CONFIRMED_NATIVE_CANADA,NO,UNCHANGED_UNDER_CORRECTED_PRECEDENCE,PASS,FALSE,FALSE,DIAGNOSTIC_ONLY_ZERO_INDEPENDENT_ROUTING_AUTHORITY,NONE,NONE,NONE,243978406cb913c13898b333671000c30592079d076ef8b995822a1684f8a8cd,d0ff6281d3e5a8aa2cb1438fd70cc2650163b6c512ffe8299c24d3555ddfcb64
380091,Pinus virginiana,MAINLINE_CONTRACT_SEMANTICS_FAIL / COMPUTATIONAL_EXECUTION_PASS,PASS_COARSE,PASS_COARSE,NO_CONFIRMED_EXTERNAL_NATIVE_EXTENSION_IN_FROZEN_D08B1,NO_CONFIRMED_EXTERNAL_NATIVE_EXTENSION_IN_FROZEN_D08B1,NO,UNCHANGED_UNDER_CORRECTED_PRECEDENCE,PASS,FALSE,FALSE,DIAGNOSTIC_ONLY_ZERO_INDEPENDENT_ROUTING_AUTHORITY,NONE,NONE,NONE,243978406cb913c13898b333671000c30592079d076ef8b995822a1684f8a8cd,d0ff6281d3e5a8aa2cb1438fd70cc2650163b6c512ffe8299c24d3555ddfcb64
380129,Pinus taeda,MAINLINE_CONTRACT_SEMANTICS_FAIL / COMPUTATIONAL_EXECUTION_PASS,PASS_COARSE,PASS_COARSE,NO_CONFIRMED_EXTERNAL_NATIVE_EXTENSION_IN_FROZEN_D08B1,NO_CONFIRMED_EXTERNAL_NATIVE_EXTENSION_IN_FROZEN_D08B1,NO,UNCHANGED_UNDER_CORRECTED_PRECEDENCE,PASS,FALSE,FALSE,DIAGNOSTIC_ONLY_ZERO_INDEPENDENT_ROUTING_AUTHORITY,NONE,NONE,NONE,243978406cb913c13898b333671000c30592079d076ef8b995822a1684f8a8cd,d0ff6281d3e5a8aa2cb1438fd70cc2650163b6c512ffe8299c24d3555ddfcb64
380231,Pinus monophylla,MAINLINE_CONTRACT_SEMANTICS_FAIL / COMPUTATIONAL_EXECUTION_PASS,PASS_COARSE,PASS_COARSE,NO_CONFIRMED_EXTERNAL_NATIVE_EXTENSION_IN_FROZEN_D08B1,NO_CONFIRMED_EXTERNAL_NATIVE_EXTENSION_IN_FROZEN_D08B1,NO,UNCHANGED_UNDER_CORRECTED_PRECEDENCE,PASS,FALSE,FALSE,DIAGNOSTIC_ONLY_ZERO_INDEPENDENT_ROUTING_AUTHORITY,NONE,NONE,NONE,243978406cb913c13898b333671000c30592079d076ef8b995822a1684f8a8cd,d0ff6281d3e5a8aa2cb1438fd70cc2650163b6c512ffe8299c24d3555ddfcb64
380239,Pinus muricata,MAINLINE_CONTRACT_SEMANTICS_FAIL / COMPUTATIONAL_EXECUTION_PASS,BORDERLINE_MEXICO,BORDERLINE_MEXICO,CONFIRMED_NATIVE_MEXICO,CONFIRMED_NATIVE_MEXICO,NO,UNCHANGED_UNDER_CORRECTED_PRECEDENCE,PASS,FALSE,FALSE,DIAGNOSTIC_ONLY_ZERO_INDEPENDENT_ROUTING_AUTHORITY,MXN:Mexico Northwest,NONE,NONE,243978406cb913c13898b333671000c30592079d076ef8b995822a1684f8a8cd,d0ff6281d3e5a8aa2cb1438fd70cc2650163b6c512ffe8299c24d3555ddfcb64
380255,Pinus monticola,MAINLINE_CONTRACT_SEMANTICS_FAIL / COMPUTATIONAL_EXECUTION_PASS,RETAIN_USCA_AUDIT,RETAIN_USCA_AUDIT,CONFIRMED_NATIVE_CANADA,CONFIRMED_NATIVE_CANADA,NO,UNCHANGED_UNDER_CORRECTED_PRECEDENCE,PASS,FALSE,FALSE,DIAGNOSTIC_ONLY_ZERO_INDEPENDENT_ROUTING_AUTHORITY,NONE,NONE,NONE,243978406cb913c13898b333671000c30592079d076ef8b995822a1684f8a8cd,d0ff6281d3e5a8aa2cb1438fd70cc2650163b6c512ffe8299c24d3555ddfcb64
380268,Pinus palustris,MAINLINE_CONTRACT_SEMANTICS_FAIL / COMPUTATIONAL_EXECUTION_PASS,PASS_COARSE,PASS_COARSE,NO_CONFIRMED_EXTERNAL_NATIVE_EXTENSION_IN_FROZEN_D08B1,NO_CONFIRMED_EXTERNAL_NATIVE_EXTENSION_IN_FROZEN_D08B1,NO,UNCHANGED_UNDER_CORRECTED_PRECEDENCE,PASS,FALSE,FALSE,DIAGNOSTIC_ONLY_ZERO_INDEPENDENT_ROUTING_AUTHORITY,NONE,NONE,NONE,243978406cb913c13898b333671000c30592079d076ef8b995822a1684f8a8cd,d0ff6281d3e5a8aa2cb1438fd70cc2650163b6c512ffe8299c24d3555ddfcb64
380272,Pinus pungens,MAINLINE_CONTRACT_SEMANTICS_FAIL / COMPUTATIONAL_EXECUTION_PASS,PASS_COARSE,PASS_COARSE,NO_CONFIRMED_EXTERNAL_NATIVE_EXTENSION_IN_FROZEN_D08B1,NO_CONFIRMED_EXTERNAL_NATIVE_EXTENSION_IN_FROZEN_D08B1,NO,UNCHANGED_UNDER_CORRECTED_PRECEDENCE,PASS,FALSE,FALSE,DIAGNOSTIC_ONLY_ZERO_INDEPENDENT_ROUTING_AUTHORITY,NONE,NONE,NONE,243978406cb913c13898b333671000c30592079d076ef8b995822a1684f8a8cd,d0ff6281d3e5a8aa2cb1438fd70cc2650163b6c512ffe8299c24d3555ddfcb64
380293,Pinus rigida,MAINLINE_CONTRACT_SEMANTICS_FAIL / COMPUTATIONAL_EXECUTION_PASS,RETAIN_USCA_AUDIT,RETAIN_USCA_AUDIT,CONFIRMED_NATIVE_CANADA,CONFIRMED_NATIVE_CANADA,NO,UNCHANGED_UNDER_CORRECTED_PRECEDENCE,PASS,FALSE,FALSE,DIAGNOSTIC_ONLY_ZERO_INDEPENDENT_ROUTING_AUTHORITY,NONE,NONE,NONE,243978406cb913c13898b333671000c30592079d076ef8b995822a1684f8a8cd,d0ff6281d3e5a8aa2cb1438fd70cc2650163b6c512ffe8299c24d3555ddfcb64
380297,Pinus radiata,MAINLINE_CONTRACT_SEMANTICS_FAIL / COMPUTATIONAL_EXECUTION_PASS,BORDERLINE_MEXICO,BORDERLINE_MEXICO,CONFIRMED_NATIVE_MEXICO,CONFIRMED_NATIVE_MEXICO,NO,UNCHANGED_UNDER_CORRECTED_PRECEDENCE,PASS,FALSE,FALSE,DIAGNOSTIC_ONLY_ZERO_INDEPENDENT_ROUTING_AUTHORITY,MXI:Mexican Pacific Is.;MXN:Mexico Northwest,NONE,NONE,243978406cb913c13898b333671000c30592079d076ef8b995822a1684f8a8cd,d0ff6281d3e5a8aa2cb1438fd70cc2650163b6c512ffe8299c24d3555ddfcb64
380302,Pinus resinosa,MAINLINE_CONTRACT_SEMANTICS_FAIL / COMPUTATIONAL_EXECUTION_PASS,RETAIN_USCA_AUDIT,RETAIN_USCA_AUDIT,CONFIRMED_NATIVE_CANADA,CONFIRMED_NATIVE_CANADA,NO,UNCHANGED_UNDER_CORRECTED_PRECEDENCE,PASS,FALSE,FALSE,DIAGNOSTIC_ONLY_ZERO_INDEPENDENT_ROUTING_AUTHORITY,NONE,NONE,NONE,243978406cb913c13898b333671000c30592079d076ef8b995822a1684f8a8cd,d0ff6281d3e5a8aa2cb1438fd70cc2650163b6c512ffe8299c24d3555ddfcb64
380317,Pinus remota,MAINLINE_CONTRACT_SEMANTICS_FAIL / COMPUTATIONAL_EXECUTION_PASS,BORDERLINE_MEXICO,BORDERLINE_MEXICO,CONFIRMED_NATIVE_MEXICO,CONFIRMED_NATIVE_MEXICO,NO,UNCHANGED_UNDER_CORRECTED_PRECEDENCE,PASS,FALSE,FALSE,DIAGNOSTIC_ONLY_ZERO_INDEPENDENT_ROUTING_AUTHORITY,MXE:Mexico Northeast,NONE,NONE,243978406cb913c13898b333671000c30592079d076ef8b995822a1684f8a8cd,d0ff6281d3e5a8aa2cb1438fd70cc2650163b6c512ffe8299c24d3555ddfcb64
380358,Pinus ponderosa,MAINLINE_CONTRACT_SEMANTICS_FAIL / COMPUTATIONAL_EXECUTION_PASS,RETAIN_USCA_AUDIT,RETAIN_USCA_AUDIT,CONFIRMED_NATIVE_CANADA,CONFIRMED_NATIVE_CANADA,NO,UNCHANGED_UNDER_CORRECTED_PRECEDENCE,PASS,FALSE,FALSE,DIAGNOSTIC_ONLY_ZERO_INDEPENDENT_ROUTING_AUTHORITY,NONE,NONE,NONE,243978406cb913c13898b333671000c30592079d076ef8b995822a1684f8a8cd,d0ff6281d3e5a8aa2cb1438fd70cc2650163b6c512ffe8299c24d3555ddfcb64
380484,Pinus cembroides,MAINLINE_CONTRACT_SEMANTICS_FAIL / COMPUTATIONAL_EXECUTION_PASS,BORDERLINE_MEXICO,BORDERLINE_MEXICO,CONFIRMED_NATIVE_MEXICO,CONFIRMED_NATIVE_MEXICO,NO,UNCHANGED_UNDER_CORRECTED_PRECEDENCE,PASS,FALSE,FALSE,DIAGNOSTIC_ONLY_ZERO_INDEPENDENT_ROUTING_AUTHORITY,MXC:Mexico Central;MXE:Mexico Northeast;MXG:Mexico Gulf;MXN:Mexico Northwest,NONE,NONE,243978406cb913c13898b333671000c30592079d076ef8b995822a1684f8a8cd,d0ff6281d3e5a8aa2cb1438fd70cc2650163b6c512ffe8299c24d3555ddfcb64
380503,Pinus arizonica,MAINLINE_CONTRACT_SEMANTICS_FAIL / COMPUTATIONAL_EXECUTION_PASS,BORDERLINE_MEXICO,BORDERLINE_MEXICO,CONFIRMED_NATIVE_MEXICO,CONFIRMED_NATIVE_MEXICO,NO,UNCHANGED_UNDER_CORRECTED_PRECEDENCE,PASS,FALSE,FALSE,DIAGNOSTIC_ONLY_ZERO_INDEPENDENT_ROUTING_AUTHORITY,MXE:Mexico Northeast;MXN:Mexico Northwest,NONE,NONE,243978406cb913c13898b333671000c30592079d076ef8b995822a1684f8a8cd,d0ff6281d3e5a8aa2cb1438fd70cc2650163b6c512ffe8299c24d3555ddfcb64
380514,Pinus balfouriana,MAINLINE_CONTRACT_SEMANTICS_FAIL / COMPUTATIONAL_EXECUTION_PASS,PASS_COARSE,PASS_COARSE,NO_CONFIRMED_EXTERNAL_NATIVE_EXTENSION_IN_FROZEN_D08B1,NO_CONFIRMED_EXTERNAL_NATIVE_EXTENSION_IN_FROZEN_D08B1,NO,UNCHANGED_UNDER_CORRECTED_PRECEDENCE,PASS,FALSE,FALSE,DIAGNOSTIC_ONLY_ZERO_INDEPENDENT_ROUTING_AUTHORITY,NONE,NONE,NONE,243978406cb913c13898b333671000c30592079d076ef8b995822a1684f8a8cd,d0ff6281d3e5a8aa2cb1438fd70cc2650163b6c512ffe8299c24d3555ddfcb64
380544,Pinus banksiana,MAINLINE_CONTRACT_SEMANTICS_FAIL / COMPUTATIONAL_EXECUTION_PASS,RETAIN_USCA_AUDIT,RETAIN_USCA_AUDIT,CONFIRMED_NATIVE_CANADA,CONFIRMED_NATIVE_CANADA,NO,UNCHANGED_UNDER_CORRECTED_PRECEDENCE,PASS,FALSE,FALSE,DIAGNOSTIC_ONLY_ZERO_INDEPENDENT_ROUTING_AUTHORITY,NONE,NONE,NONE,243978406cb913c13898b333671000c30592079d076ef8b995822a1684f8a8cd,d0ff6281d3e5a8aa2cb1438fd70cc2650163b6c512ffe8299c24d3555ddfcb64
380589,Picea mariana,MAINLINE_CONTRACT_SEMANTICS_FAIL / COMPUTATIONAL_EXECUTION_PASS,RETAIN_USCA_AUDIT,RETAIN_USCA_AUDIT,CONFIRMED_NATIVE_CANADA_AND_ALASKA,CONFIRMED_NATIVE_CANADA_AND_ALASKA,NO,UNCHANGED_UNDER_CORRECTED_PRECEDENCE,PASS,FALSE,FALSE,DIAGNOSTIC_ONLY_ZERO_INDEPENDENT_ROUTING_AUTHORITY,NONE,NONE,NONE,243978406cb913c13898b333671000c30592079d076ef8b995822a1684f8a8cd,d0ff6281d3e5a8aa2cb1438fd70cc2650163b6c512ffe8299c24d3555ddfcb64
380614,Picea engelmannii,MAINLINE_CONTRACT_SEMANTICS_FAIL / COMPUTATIONAL_EXECUTION_PASS,BORDERLINE_MEXICO,BORDERLINE_MEXICO,CONFIRMED_NATIVE_MEXICO,CONFIRMED_NATIVE_MEXICO,NO,UNCHANGED_UNDER_CORRECTED_PRECEDENCE,PASS,FALSE,FALSE,DIAGNOSTIC_ONLY_ZERO_INDEPENDENT_ROUTING_AUTHORITY,MXE:Mexico Northeast,NONE,NONE,243978406cb913c13898b333671000c30592079d076ef8b995822a1684f8a8cd,d0ff6281d3e5a8aa2cb1438fd70cc2650163b6c512ffe8299c24d3555ddfcb64
380618,Picea breweriana,MAINLINE_CONTRACT_SEMANTICS_FAIL / COMPUTATIONAL_EXECUTION_PASS,PASS_COARSE,PASS_COARSE,NO_CONFIRMED_EXTERNAL_NATIVE_EXTENSION_IN_FROZEN_D08B1,NO_CONFIRMED_EXTERNAL_NATIVE_EXTENSION_IN_FROZEN_D08B1,NO,UNCHANGED_UNDER_CORRECTED_PRECEDENCE,PASS,FALSE,FALSE,DIAGNOSTIC_ONLY_ZERO_INDEPENDENT_ROUTING_AUTHORITY,NONE,NONE,NONE,243978406cb913c13898b333671000c30592079d076ef8b995822a1684f8a8cd,d0ff6281d3e5a8aa2cb1438fd70cc2650163b6c512ffe8299c24d3555ddfcb64
380705,Pinus albicaulis,MAINLINE_CONTRACT_SEMANTICS_FAIL / COMPUTATIONAL_EXECUTION_PASS,RETAIN_USCA_AUDIT,RETAIN_USCA_AUDIT,CONFIRMED_NATIVE_CANADA,CONFIRMED_NATIVE_CANADA,NO,UNCHANGED_UNDER_CORRECTED_PRECEDENCE,PASS,FALSE,FALSE,DIAGNOSTIC_ONLY_ZERO_INDEPENDENT_ROUTING_AUTHORITY,NONE,NONE,NONE,243978406cb913c13898b333671000c30592079d076ef8b995822a1684f8a8cd,d0ff6281d3e5a8aa2cb1438fd70cc2650163b6c512ffe8299c24d3555ddfcb64
380719,Picea pungens,MAINLINE_CONTRACT_SEMANTICS_FAIL / COMPUTATIONAL_EXECUTION_PASS,PASS_COARSE,PASS_COARSE,NO_CONFIRMED_EXTERNAL_NATIVE_EXTENSION_IN_FROZEN_D08B1,NO_CONFIRMED_EXTERNAL_NATIVE_EXTENSION_IN_FROZEN_D08B1,NO,UNCHANGED_UNDER_CORRECTED_PRECEDENCE,PASS,FALSE,FALSE,DIAGNOSTIC_ONLY_ZERO_INDEPENDENT_ROUTING_AUTHORITY,NONE,NONE,NONE,243978406cb913c13898b333671000c30592079d076ef8b995822a1684f8a8cd,d0ff6281d3e5a8aa2cb1438fd70cc2650163b6c512ffe8299c24d3555ddfcb64
380723,Pinus aristata,MAINLINE_CONTRACT_SEMANTICS_FAIL / COMPUTATIONAL_EXECUTION_PASS,PASS_COARSE,PASS_COARSE,NO_CONFIRMED_EXTERNAL_NATIVE_EXTENSION_IN_FROZEN_D08B1,NO_CONFIRMED_EXTERNAL_NATIVE_EXTENSION_IN_FROZEN_D08B1,NO,UNCHANGED_UNDER_CORRECTED_PRECEDENCE,PASS,FALSE,FALSE,DIAGNOSTIC_ONLY_ZERO_INDEPENDENT_ROUTING_AUTHORITY,NONE,NONE,NONE,243978406cb913c13898b333671000c30592079d076ef8b995822a1684f8a8cd,d0ff6281d3e5a8aa2cb1438fd70cc2650163b6c512ffe8299c24d3555ddfcb64
380741,Picea sitchensis,MAINLINE_CONTRACT_SEMANTICS_FAIL / COMPUTATIONAL_EXECUTION_PASS,RETAIN_USCA_AUDIT,RETAIN_USCA_AUDIT,CONFIRMED_NATIVE_CANADA_AND_ALASKA,CONFIRMED_NATIVE_CANADA_AND_ALASKA,NO,UNCHANGED_UNDER_CORRECTED_PRECEDENCE,PASS,FALSE,FALSE,DIAGNOSTIC_ONLY_ZERO_INDEPENDENT_ROUTING_AUTHORITY,NONE,NONE,NONE,243978406cb913c13898b333671000c30592079d076ef8b995822a1684f8a8cd,d0ff6281d3e5a8aa2cb1438fd70cc2650163b6c512ffe8299c24d3555ddfcb64
380751,Picea rubens,MAINLINE_CONTRACT_SEMANTICS_FAIL / COMPUTATIONAL_EXECUTION_PASS,RETAIN_USCA_AUDIT,RETAIN_USCA_AUDIT,CONFIRMED_NATIVE_CANADA,CONFIRMED_NATIVE_CANADA,NO,UNCHANGED_UNDER_CORRECTED_PRECEDENCE,PASS,FALSE,FALSE,DIAGNOSTIC_ONLY_ZERO_INDEPENDENT_ROUTING_AUTHORITY,NONE,NONE,NONE,243978406cb913c13898b333671000c30592079d076ef8b995822a1684f8a8cd,d0ff6281d3e5a8aa2cb1438fd70cc2650163b6c512ffe8299c24d3555ddfcb64
381057,Pinus attenuata,MAINLINE_CONTRACT_SEMANTICS_FAIL / COMPUTATIONAL_EXECUTION_PASS,BORDERLINE_MEXICO,BORDERLINE_MEXICO,CONFIRMED_NATIVE_MEXICO,CONFIRMED_NATIVE_MEXICO,NO,UNCHANGED_UNDER_CORRECTED_PRECEDENCE,PASS,FALSE,FALSE,DIAGNOSTIC_ONLY_ZERO_INDEPENDENT_ROUTING_AUTHORITY,MXN:Mexico Northwest,NONE,NONE,243978406cb913c13898b333671000c30592079d076ef8b995822a1684f8a8cd,d0ff6281d3e5a8aa2cb1438fd70cc2650163b6c512ffe8299c24d3555ddfcb64
381078,Picea laxa,MAINLINE_CONTRACT_SEMANTICS_FAIL / COMPUTATIONAL_EXECUTION_PASS,RETAIN_USCA_AUDIT,RETAIN_USCA_AUDIT,CONFIRMED_NATIVE_CANADA_AND_ALASKA,CONFIRMED_NATIVE_CANADA_AND_ALASKA,NO,UNCHANGED_UNDER_CORRECTED_PRECEDENCE,PASS,FALSE,FALSE,DIAGNOSTIC_ONLY_ZERO_INDEPENDENT_ROUTING_AUTHORITY,NONE,NONE,NONE,243978406cb913c13898b333671000c30592079d076ef8b995822a1684f8a8cd,d0ff6281d3e5a8aa2cb1438fd70cc2650163b6c512ffe8299c24d3555ddfcb64
381300,Sequoiadendron giganteum,MAINLINE_CONTRACT_SEMANTICS_FAIL / COMPUTATIONAL_EXECUTION_PASS,PASS_COARSE,PASS_COARSE,NO_CONFIRMED_EXTERNAL_NATIVE_EXTENSION_IN_FROZEN_D08B1,NO_CONFIRMED_EXTERNAL_NATIVE_EXTENSION_IN_FROZEN_D08B1,NO,UNCHANGED_UNDER_CORRECTED_PRECEDENCE,PASS,FALSE,FALSE,DIAGNOSTIC_ONLY_ZERO_INDEPENDENT_ROUTING_AUTHORITY,NONE,NONE,NONE,243978406cb913c13898b333671000c30592079d076ef8b995822a1684f8a8cd,d0ff6281d3e5a8aa2cb1438fd70cc2650163b6c512ffe8299c24d3555ddfcb64
381632,Abies amabilis,MAINLINE_CONTRACT_SEMANTICS_FAIL / COMPUTATIONAL_EXECUTION_PASS,RETAIN_USCA_AUDIT,RETAIN_USCA_AUDIT,CONFIRMED_NATIVE_CANADA_AND_ALASKA,CONFIRMED_NATIVE_CANADA_AND_ALASKA,NO,UNCHANGED_UNDER_CORRECTED_PRECEDENCE,PASS,FALSE,FALSE,DIAGNOSTIC_ONLY_ZERO_INDEPENDENT_ROUTING_AUTHORITY,NONE,NONE,NONE,243978406cb913c13898b333671000c30592079d076ef8b995822a1684f8a8cd,d0ff6281d3e5a8aa2cb1438fd70cc2650163b6c512ffe8299c24d3555ddfcb64
381647,Abies balsamea,MAINLINE_CONTRACT_SEMANTICS_FAIL / COMPUTATIONAL_EXECUTION_PASS,RETAIN_USCA_AUDIT,RETAIN_USCA_AUDIT,CONFIRMED_NATIVE_CANADA,CONFIRMED_NATIVE_CANADA,NO,UNCHANGED_UNDER_CORRECTED_PRECEDENCE,PASS,FALSE,FALSE,DIAGNOSTIC_ONLY_ZERO_INDEPENDENT_ROUTING_AUTHORITY,NONE,NONE,NONE,243978406cb913c13898b333671000c30592079d076ef8b995822a1684f8a8cd,d0ff6281d3e5a8aa2cb1438fd70cc2650163b6c512ffe8299c24d3555ddfcb64
381713,Abies concolor,MAINLINE_CONTRACT_SEMANTICS_FAIL / COMPUTATIONAL_EXECUTION_PASS,BORDERLINE_MEXICO,BORDERLINE_MEXICO,CONFIRMED_NATIVE_MEXICO,CONFIRMED_NATIVE_MEXICO,NO,UNCHANGED_UNDER_CORRECTED_PRECEDENCE,PASS,FALSE,FALSE,DIAGNOSTIC_ONLY_ZERO_INDEPENDENT_ROUTING_AUTHORITY,MXE:Mexico Northeast;MXN:Mexico Northwest,NONE,NONE,243978406cb913c13898b333671000c30592079d076ef8b995822a1684f8a8cd,d0ff6281d3e5a8aa2cb1438fd70cc2650163b6c512ffe8299c24d3555ddfcb64
381792,Abies fraseri,MAINLINE_CONTRACT_SEMANTICS_FAIL / COMPUTATIONAL_EXECUTION_PASS,PASS_COARSE,PASS_COARSE,NO_CONFIRMED_EXTERNAL_NATIVE_EXTENSION_IN_FROZEN_D08B1,NO_CONFIRMED_EXTERNAL_NATIVE_EXTENSION_IN_FROZEN_D08B1,NO,UNCHANGED_UNDER_CORRECTED_PRECEDENCE,PASS,FALSE,FALSE,DIAGNOSTIC_ONLY_ZERO_INDEPENDENT_ROUTING_AUTHORITY,NONE,NONE,NONE,243978406cb913c13898b333671000c30592079d076ef8b995822a1684f8a8cd,d0ff6281d3e5a8aa2cb1438fd70cc2650163b6c512ffe8299c24d3555ddfcb64
381804,Abies grandis,MAINLINE_CONTRACT_SEMANTICS_FAIL / COMPUTATIONAL_EXECUTION_PASS,RETAIN_USCA_AUDIT,RETAIN_USCA_AUDIT,CONFIRMED_NATIVE_CANADA,CONFIRMED_NATIVE_CANADA,NO,UNCHANGED_UNDER_CORRECTED_PRECEDENCE,PASS,FALSE,FALSE,DIAGNOSTIC_ONLY_ZERO_INDEPENDENT_ROUTING_AUTHORITY,NONE,NONE,NONE,243978406cb913c13898b333671000c30592079d076ef8b995822a1684f8a8cd,d0ff6281d3e5a8aa2cb1438fd70cc2650163b6c512ffe8299c24d3555ddfcb64
381853,Abies lasiocarpa,MAINLINE_CONTRACT_SEMANTICS_FAIL / COMPUTATIONAL_EXECUTION_PASS,RETAIN_USCA_AUDIT,RETAIN_USCA_AUDIT,CONFIRMED_NATIVE_CANADA_AND_ALASKA,CONFIRMED_NATIVE_CANADA_AND_ALASKA,NO,UNCHANGED_UNDER_CORRECTED_PRECEDENCE,PASS,FALSE,FALSE,DIAGNOSTIC_ONLY_ZERO_INDEPENDENT_ROUTING_AUTHORITY,NONE,NONE,NONE,243978406cb913c13898b333671000c30592079d076ef8b995822a1684f8a8cd,d0ff6281d3e5a8aa2cb1438fd70cc2650163b6c512ffe8299c24d3555ddfcb64
381868,Abies magnifica,MAINLINE_CONTRACT_SEMANTICS_FAIL / COMPUTATIONAL_EXECUTION_PASS,PASS_COARSE,PASS_COARSE,NO_CONFIRMED_EXTERNAL_NATIVE_EXTENSION_IN_FROZEN_D08B1,NO_CONFIRMED_EXTERNAL_NATIVE_EXTENSION_IN_FROZEN_D08B1,NO,UNCHANGED_UNDER_CORRECTED_PRECEDENCE,PASS,FALSE,FALSE,DIAGNOSTIC_ONLY_ZERO_INDEPENDENT_ROUTING_AUTHORITY,NONE,NONE,NONE,243978406cb913c13898b333671000c30592079d076ef8b995822a1684f8a8cd,d0ff6281d3e5a8aa2cb1438fd70cc2650163b6c512ffe8299c24d3555ddfcb64
381974,Abies procera,MAINLINE_CONTRACT_SEMANTICS_FAIL / COMPUTATIONAL_EXECUTION_PASS,PASS_COARSE,PASS_COARSE,NO_CONFIRMED_EXTERNAL_NATIVE_EXTENSION_IN_FROZEN_D08B1,NO_CONFIRMED_EXTERNAL_NATIVE_EXTENSION_IN_FROZEN_D08B1,NO,UNCHANGED_UNDER_CORRECTED_PRECEDENCE,PASS,FALSE,FALSE,DIAGNOSTIC_ONLY_ZERO_INDEPENDENT_ROUTING_AUTHORITY,NONE,NONE,NONE,243978406cb913c13898b333671000c30592079d076ef8b995822a1684f8a8cd,d0ff6281d3e5a8aa2cb1438fd70cc2650163b6c512ffe8299c24d3555ddfcb64
382424,Calocedrus decurrens,MAINLINE_CONTRACT_SEMANTICS_FAIL / COMPUTATIONAL_EXECUTION_PASS,BORDERLINE_MEXICO,BORDERLINE_MEXICO,CONFIRMED_NATIVE_MEXICO,CONFIRMED_NATIVE_MEXICO,NO,UNCHANGED_UNDER_CORRECTED_PRECEDENCE,PASS,FALSE,FALSE,DIAGNOSTIC_ONLY_ZERO_INDEPENDENT_ROUTING_AUTHORITY,MXN:Mexico Northwest,NONE,NONE,243978406cb913c13898b333671000c30592079d076ef8b995822a1684f8a8cd,d0ff6281d3e5a8aa2cb1438fd70cc2650163b6c512ffe8299c24d3555ddfcb64
382830,Chamaecyparis lawsoniana,MAINLINE_CONTRACT_SEMANTICS_FAIL / COMPUTATIONAL_EXECUTION_PASS,PASS_COARSE,PASS_COARSE,NO_CONFIRMED_EXTERNAL_NATIVE_EXTENSION_IN_FROZEN_D08B1,NO_CONFIRMED_EXTERNAL_NATIVE_EXTENSION_IN_FROZEN_D08B1,NO,UNCHANGED_UNDER_CORRECTED_PRECEDENCE,PASS,FALSE,FALSE,DIAGNOSTIC_ONLY_ZERO_INDEPENDENT_ROUTING_AUTHORITY,NONE,NONE,NONE,243978406cb913c13898b333671000c30592079d076ef8b995822a1684f8a8cd,d0ff6281d3e5a8aa2cb1438fd70cc2650163b6c512ffe8299c24d3555ddfcb64
382860,Chamaecyparis thyoides,MAINLINE_CONTRACT_SEMANTICS_FAIL / COMPUTATIONAL_EXECUTION_PASS,PASS_COARSE,PASS_COARSE,NO_CONFIRMED_EXTERNAL_NATIVE_EXTENSION_IN_FROZEN_D08B1,NO_CONFIRMED_EXTERNAL_NATIVE_EXTENSION_IN_FROZEN_D08B1,NO,UNCHANGED_UNDER_CORRECTED_PRECEDENCE,PASS,FALSE,FALSE,DIAGNOSTIC_ONLY_ZERO_INDEPENDENT_ROUTING_AUTHORITY,NONE,NONE,NONE,243978406cb913c13898b333671000c30592079d076ef8b995822a1684f8a8cd,d0ff6281d3e5a8aa2cb1438fd70cc2650163b6c512ffe8299c24d3555ddfcb64
384904,Diospyros texana,MAINLINE_CONTRACT_SEMANTICS_FAIL / COMPUTATIONAL_EXECUTION_PASS,BORDERLINE_MEXICO,BORDERLINE_MEXICO,CONFIRMED_NATIVE_MEXICO,CONFIRMED_NATIVE_MEXICO,NO,UNCHANGED_UNDER_CORRECTED_PRECEDENCE,PASS,FALSE,FALSE,DIAGNOSTIC_ONLY_ZERO_INDEPENDENT_ROUTING_AUTHORITY,MXE:Mexico Northeast,NONE,NONE,243978406cb913c13898b333671000c30592079d076ef8b995822a1684f8a8cd,d0ff6281d3e5a8aa2cb1438fd70cc2650163b6c512ffe8299c24d3555ddfcb64
385000,Diospyros virginiana,MAINLINE_CONTRACT_SEMANTICS_FAIL / COMPUTATIONAL_EXECUTION_PASS,PASS_COARSE,PASS_COARSE,NO_CONFIRMED_EXTERNAL_NATIVE_EXTENSION_IN_FROZEN_D08B1,NO_CONFIRMED_EXTERNAL_NATIVE_EXTENSION_IN_FROZEN_D08B1,NO,UNCHANGED_UNDER_CORRECTED_PRECEDENCE,PASS,FALSE,FALSE,DIAGNOSTIC_ONLY_ZERO_INDEPENDENT_ROUTING_AUTHORITY,NONE,NONE,NONE,243978406cb913c13898b333671000c30592079d076ef8b995822a1684f8a8cd,d0ff6281d3e5a8aa2cb1438fd70cc2650163b6c512ffe8299c24d3555ddfcb64
456789,Callitropsis nootkatensis,MAINLINE_CONTRACT_SEMANTICS_FAIL / COMPUTATIONAL_EXECUTION_PASS,RETAIN_USCA_AUDIT,RETAIN_USCA_AUDIT,CONFIRMED_NATIVE_CANADA_AND_ALASKA,CONFIRMED_NATIVE_CANADA_AND_ALASKA,NO,UNCHANGED_UNDER_CORRECTED_PRECEDENCE,PASS,FALSE,FALSE,DIAGNOSTIC_ONLY_ZERO_INDEPENDENT_ROUTING_AUTHORITY,NONE,NONE,NONE,243978406cb913c13898b333671000c30592079d076ef8b995822a1684f8a8cd,d0ff6281d3e5a8aa2cb1438fd70cc2650163b6c512ffe8299c24d3555ddfcb64
457902,Hesperocyparis arizonica,MAINLINE_CONTRACT_SEMANTICS_FAIL / COMPUTATIONAL_EXECUTION_PASS,BORDERLINE_MEXICO,BORDERLINE_MEXICO,CONFIRMED_NATIVE_MEXICO,CONFIRMED_NATIVE_MEXICO,NO,UNCHANGED_UNDER_CORRECTED_PRECEDENCE,PASS,FALSE,FALSE,DIAGNOSTIC_ONLY_ZERO_INDEPENDENT_ROUTING_AUTHORITY,MXE:Mexico Northeast;MXN:Mexico Northwest,NONE,NONE,243978406cb913c13898b333671000c30592079d076ef8b995822a1684f8a8cd,d0ff6281d3e5a8aa2cb1438fd70cc2650163b6c512ffe8299c24d3555ddfcb64
457903,Hesperocyparis bakeri,MAINLINE_CONTRACT_SEMANTICS_FAIL / COMPUTATIONAL_EXECUTION_PASS,PASS_COARSE,PASS_COARSE,NO_CONFIRMED_EXTERNAL_NATIVE_EXTENSION_IN_FROZEN_D08B1,NO_CONFIRMED_EXTERNAL_NATIVE_EXTENSION_IN_FROZEN_D08B1,NO,UNCHANGED_UNDER_CORRECTED_PRECEDENCE,PASS,FALSE,FALSE,DIAGNOSTIC_ONLY_ZERO_INDEPENDENT_ROUTING_AUTHORITY,NONE,NONE,NONE,243978406cb913c13898b333671000c30592079d076ef8b995822a1684f8a8cd,d0ff6281d3e5a8aa2cb1438fd70cc2650163b6c512ffe8299c24d3555ddfcb64
457913,Hesperocyparis macrocarpa,MAINLINE_CONTRACT_SEMANTICS_FAIL / COMPUTATIONAL_EXECUTION_PASS,PASS_COARSE,PASS_COARSE,NO_CONFIRMED_EXTERNAL_NATIVE_EXTENSION_IN_FROZEN_D08B1,NO_CONFIRMED_EXTERNAL_NATIVE_EXTENSION_IN_FROZEN_D08B1,NO,UNCHANGED_UNDER_CORRECTED_PRECEDENCE,PASS,FALSE,FALSE,DIAGNOSTIC_ONLY_ZERO_INDEPENDENT_ROUTING_AUTHORITY,NONE,NONE,NONE,243978406cb913c13898b333671000c30592079d076ef8b995822a1684f8a8cd,d0ff6281d3e5a8aa2cb1438fd70cc2650163b6c512ffe8299c24d3555ddfcb64
457918,Hesperocyparis sargentii,MAINLINE_CONTRACT_SEMANTICS_FAIL / COMPUTATIONAL_EXECUTION_PASS,PASS_COARSE,PASS_COARSE,NO_CONFIRMED_EXTERNAL_NATIVE_EXTENSION_IN_FROZEN_D08B1,NO_CONFIRMED_EXTERNAL_NATIVE_EXTENSION_IN_FROZEN_D08B1,NO,UNCHANGED_UNDER_CORRECTED_PRECEDENCE,PASS,FALSE,FALSE,DIAGNOSTIC_ONLY_ZERO_INDEPENDENT_ROUTING_AUTHORITY,NONE,NONE,NONE,243978406cb913c13898b333671000c30592079d076ef8b995822a1684f8a8cd,d0ff6281d3e5a8aa2cb1438fd70cc2650163b6c512ffe8299c24d3555ddfcb64
458543,Notholithocarpus densiflorus,MAINLINE_CONTRACT_SEMANTICS_FAIL / COMPUTATIONAL_EXECUTION_PASS,PASS_COARSE,PASS_COARSE,NO_CONFIRMED_EXTERNAL_NATIVE_EXTENSION_IN_FROZEN_D08B1,NO_CONFIRMED_EXTERNAL_NATIVE_EXTENSION_IN_FROZEN_D08B1,NO,UNCHANGED_UNDER_CORRECTED_PRECEDENCE,PASS,FALSE,FALSE,DIAGNOSTIC_ONLY_ZERO_INDEPENDENT_ROUTING_AUTHORITY,NONE,NONE,NONE,243978406cb913c13898b333671000c30592079d076ef8b995822a1684f8a8cd,d0ff6281d3e5a8aa2cb1438fd70cc2650163b6c512ffe8299c24d3555ddfcb64
500221,Liquidambar styraciflua,MAINLINE_CONTRACT_SEMANTICS_FAIL / COMPUTATIONAL_EXECUTION_PASS,FAIL_EXTRA_NA,BORDERLINE_OTHER_NA,TRANSCONTINENTAL_EXTENSION,CONFIRMED_NATIVE_CENTRAL_AMERICA,YES,"V01 transcontinental-only Class-1 authority removed; explicit frozen evidence is North-America-side other extension, so corrected Class 2 controls.",PASS,FALSE,TRUE,DIAGNOSTIC_ONLY_ZERO_INDEPENDENT_ROUTING_AUTHORITY,BLZ:Belize;ELS:El Salvador;GUA:Guatemala;HON:Honduras;MXC:Mexico Central;MXE:Mexico Northeast;MXG:Mexico Gulf;MXS:Mexico Southwest;MXT:Mexico Southeast;NIC:Nicaragua,NONE,NONE,243978406cb913c13898b333671000c30592079d076ef8b995822a1684f8a8cd,d0ff6281d3e5a8aa2cb1438fd70cc2650163b6c512ffe8299c24d3555ddfcb64
2329229,Juglans hindsii,MAINLINE_CONTRACT_SEMANTICS_FAIL / COMPUTATIONAL_EXECUTION_PASS,PASS_COARSE,PASS_COARSE,NO_CONFIRMED_EXTERNAL_NATIVE_EXTENSION_IN_FROZEN_D08B1,NO_CONFIRMED_EXTERNAL_NATIVE_EXTENSION_IN_FROZEN_D08B1,NO,UNCHANGED_UNDER_CORRECTED_PRECEDENCE,PASS,FALSE,FALSE,DIAGNOSTIC_ONLY_ZERO_INDEPENDENT_ROUTING_AUTHORITY,NONE,NONE,NONE,243978406cb913c13898b333671000c30592079d076ef8b995822a1684f8a8cd,d0ff6281d3e5a8aa2cb1438fd70cc2650163b6c512ffe8299c24d3555ddfcb64
2331793,Juglans cinerea,MAINLINE_CONTRACT_SEMANTICS_FAIL / COMPUTATIONAL_EXECUTION_PASS,RETAIN_USCA_AUDIT,RETAIN_USCA_AUDIT,CONFIRMED_NATIVE_CANADA,CONFIRMED_NATIVE_CANADA,NO,UNCHANGED_UNDER_CORRECTED_PRECEDENCE,PASS,FALSE,FALSE,DIAGNOSTIC_ONLY_ZERO_INDEPENDENT_ROUTING_AUTHORITY,NONE,NONE,NONE,243978406cb913c13898b333671000c30592079d076ef8b995822a1684f8a8cd,d0ff6281d3e5a8aa2cb1438fd70cc2650163b6c512ffe8299c24d3555ddfcb64
2331814,Juglans major,MAINLINE_CONTRACT_SEMANTICS_FAIL / COMPUTATIONAL_EXECUTION_PASS,BORDERLINE_MEXICO,BORDERLINE_MEXICO,CONFIRMED_NATIVE_MEXICO,CONFIRMED_NATIVE_MEXICO,NO,UNCHANGED_UNDER_CORRECTED_PRECEDENCE,PASS,FALSE,FALSE,DIAGNOSTIC_ONLY_ZERO_INDEPENDENT_ROUTING_AUTHORITY,MXC:Mexico Central;MXE:Mexico Northeast;MXG:Mexico Gulf;MXN:Mexico Northwest;MXS:Mexico Southwest,NONE,NONE,243978406cb913c13898b333671000c30592079d076ef8b995822a1684f8a8cd,d0ff6281d3e5a8aa2cb1438fd70cc2650163b6c512ffe8299c24d3555ddfcb64
2331825,Juglans californica,MAINLINE_CONTRACT_SEMANTICS_FAIL / COMPUTATIONAL_EXECUTION_PASS,PASS_COARSE,PASS_COARSE,NO_CONFIRMED_EXTERNAL_NATIVE_EXTENSION_IN_FROZEN_D08B1,NO_CONFIRMED_EXTERNAL_NATIVE_EXTENSION_IN_FROZEN_D08B1,NO,UNCHANGED_UNDER_CORRECTED_PRECEDENCE,PASS,FALSE,FALSE,DIAGNOSTIC_ONLY_ZERO_INDEPENDENT_ROUTING_AUTHORITY,NONE,NONE,NONE,243978406cb913c13898b333671000c30592079d076ef8b995822a1684f8a8cd,d0ff6281d3e5a8aa2cb1438fd70cc2650163b6c512ffe8299c24d3555ddfcb64
2331834,Juglans nigra,MAINLINE_CONTRACT_SEMANTICS_FAIL / COMPUTATIONAL_EXECUTION_PASS,RETAIN_USCA_AUDIT,RETAIN_USCA_AUDIT,CONFIRMED_NATIVE_CANADA,CONFIRMED_NATIVE_CANADA,NO,UNCHANGED_UNDER_CORRECTED_PRECEDENCE,PASS,FALSE,FALSE,DIAGNOSTIC_ONLY_ZERO_INDEPENDENT_ROUTING_AUTHORITY,NONE,NONE,NONE,243978406cb913c13898b333671000c30592079d076ef8b995822a1684f8a8cd,d0ff6281d3e5a8aa2cb1438fd70cc2650163b6c512ffe8299c24d3555ddfcb64
2331862,Juglans microcarpa,MAINLINE_CONTRACT_SEMANTICS_FAIL / COMPUTATIONAL_EXECUTION_PASS,BORDERLINE_MEXICO,BORDERLINE_MEXICO,CONFIRMED_NATIVE_MEXICO,CONFIRMED_NATIVE_MEXICO,NO,UNCHANGED_UNDER_CORRECTED_PRECEDENCE,PASS,FALSE,FALSE,DIAGNOSTIC_ONLY_ZERO_INDEPENDENT_ROUTING_AUTHORITY,MXE:Mexico Northeast,NONE,NONE,243978406cb913c13898b333671000c30592079d076ef8b995822a1684f8a8cd,d0ff6281d3e5a8aa2cb1438fd70cc2650163b6c512ffe8299c24d3555ddfcb64
2338852,Laguncularia racemosa,MAINLINE_CONTRACT_SEMANTICS_FAIL / COMPUTATIONAL_EXECUTION_PASS,FAIL_EXTRA_NA,FAIL_EXTRA_NA,EXTRA_NA_AND_TRANSCONTINENTAL,CONFIRMED_NATIVE_OUTSIDE_NORTH_AMERICA,NO,UNCHANGED_UNDER_CORRECTED_PRECEDENCE,PASS,TRUE,TRUE,DIAGNOSTIC_ONLY_ZERO_INDEPENDENT_ROUTING_AUTHORITY,ANG:Angola;ARU:Aruba;BAH:Bahamas;BEN:Benin;BLZ:Belize;BZE:Brazil Northeast;BZL:Brazil Southeast;BZN:Brazil North;BZS:Brazil South;CAY:Cayman Is.;CLM:Colombia;CMN:Cameroon;COS:Costa Rica;CUB:Cuba;DOM:Dominican Republic;ECU:Ecuador;ELS:El Salvador;FRG:French Guiana;GAB:Gabon;GAL:Galápagos;GAM:Gambia;GGI:Gulf of Guinea Is.;GHA:Ghana;GNB:Guinea-Bissau;GUA:Guatemala;GUI:Guinea;GUY:Guyana;HAI:Haiti;HON:Honduras;JAM:Jamaica;LBR:Liberia;LEE:Leeward Is.;MXC:Mexico Central;MXE:Mexico Northeast;MXG:Mexico Gulf;MXN:Mexico Northwest;MXS:Mexico Southwest;MXT:Mexico Southeast;NGA:Nigeria;NIC:Nicaragua;NLA:Netherlands Antilles;PAN:Panamá;PER:Peru;PUE:Puerto Rico;SEN:Senegal;SIE:Sierra Leone;SUR:Suriname;SWC:Southwest Caribbean;TCI:Turks-Caicos Is.;TRT:Trinidad-Tobago;VEN:Venezuela;VNA:Venezuelan Antilles;WIN:Windward Is.,ANG:Angola;BEN:Benin;BZE:Brazil Northeast;BZL:Brazil Southeast;BZN:Brazil North;BZS:Brazil South;CLM:Colombia;CMN:Cameroon;ECU:Ecuador;FRG:French Guiana;GAB:Gabon;GAL:Galápagos;GAM:Gambia;GGI:Gulf of Guinea Is.;GHA:Ghana;GNB:Guinea-Bissau;GUI:Guinea;GUY:Guyana;LBR:Liberia;NGA:Nigeria;PER:Peru;SEN:Senegal;SIE:Sierra Leone;SUR:Suriname;VEN:Venezuela,ARU:Aruba;BAH:Bahamas;CAY:Cayman Is.;CUB:Cuba;DOM:Dominican Republic;HAI:Haiti;JAM:Jamaica;LEE:Leeward Is.;NLA:Netherlands Antilles;PUE:Puerto Rico;SWC:Southwest Caribbean;TCI:Turks-Caicos Is.;TRT:Trinidad-Tobago;VNA:Venezuelan Antilles;WIN:Windward Is.,243978406cb913c13898b333671000c30592079d076ef8b995822a1684f8a8cd,d0ff6281d3e5a8aa2cb1438fd70cc2650163b6c512ffe8299c24d3555ddfcb64
2346415,Leucaena pulverulenta,MAINLINE_CONTRACT_SEMANTICS_FAIL / COMPUTATIONAL_EXECUTION_PASS,BORDERLINE_MEXICO,BORDERLINE_MEXICO,CONFIRMED_NATIVE_MEXICO,CONFIRMED_NATIVE_MEXICO,NO,UNCHANGED_UNDER_CORRECTED_PRECEDENCE,PASS,FALSE,FALSE,DIAGNOSTIC_ONLY_ZERO_INDEPENDENT_ROUTING_AUTHORITY,MXC:Mexico Central;MXE:Mexico Northeast;MXG:Mexico Gulf;MXS:Mexico Southwest,NONE,NONE,243978406cb913c13898b333671000c30592079d076ef8b995822a1684f8a8cd,d0ff6281d3e5a8aa2cb1438fd70cc2650163b6c512ffe8299c24d3555ddfcb64
2364578,Metopium toxiferum,MAINLINE_CONTRACT_SEMANTICS_FAIL / COMPUTATIONAL_EXECUTION_PASS,FAIL_EXTRA_NA,BORDERLINE_OTHER_NA,TRANSCONTINENTAL_EXTENSION,CONFIRMED_NATIVE_OTHER_NA_EXTENSION,YES,"V01 transcontinental-only Class-1 authority removed; explicit frozen evidence is North-America-side other extension, so corrected Class 2 controls.",PASS,FALSE,TRUE,DIAGNOSTIC_ONLY_ZERO_INDEPENDENT_ROUTING_AUTHORITY,BAH:Bahamas;CAY:Cayman Is.;CUB:Cuba;DOM:Dominican Republic;HAI:Haiti;PUE:Puerto Rico;TCI:Turks-Caicos Is.;WIN:Windward Is.,NONE,BAH:Bahamas;CAY:Cayman Is.;CUB:Cuba;DOM:Dominican Republic;HAI:Haiti;PUE:Puerto Rico;TCI:Turks-Caicos Is.;WIN:Windward Is.,243978406cb913c13898b333671000c30592079d076ef8b995822a1684f8a8cd,d0ff6281d3e5a8aa2cb1438fd70cc2650163b6c512ffe8299c24d3555ddfcb64
2383853,Neltuma glandulosa,MAINLINE_CONTRACT_SEMANTICS_FAIL / COMPUTATIONAL_EXECUTION_PASS,BORDERLINE_MEXICO,BORDERLINE_MEXICO,CONFIRMED_NATIVE_MEXICO,CONFIRMED_NATIVE_MEXICO,NO,UNCHANGED_UNDER_CORRECTED_PRECEDENCE,PASS,FALSE,FALSE,DIAGNOSTIC_ONLY_ZERO_INDEPENDENT_ROUTING_AUTHORITY,MXE:Mexico Northeast;MXG:Mexico Gulf;MXN:Mexico Northwest;MXS:Mexico Southwest;MXT:Mexico Southeast,NONE,NONE,243978406cb913c13898b333671000c30592079d076ef8b995822a1684f8a8cd,d0ff6281d3e5a8aa2cb1438fd70cc2650163b6c512ffe8299c24d3555ddfcb64
2383876,Neltuma velutina,MAINLINE_CONTRACT_SEMANTICS_FAIL / COMPUTATIONAL_EXECUTION_PASS,BORDERLINE_MEXICO,BORDERLINE_MEXICO,CONFIRMED_NATIVE_MEXICO,CONFIRMED_NATIVE_MEXICO,NO,UNCHANGED_UNDER_CORRECTED_PRECEDENCE,PASS,FALSE,FALSE,DIAGNOSTIC_ONLY_ZERO_INDEPENDENT_ROUTING_AUTHORITY,MXE:Mexico Northeast;MXN:Mexico Northwest,NONE,NONE,243978406cb913c13898b333671000c30592079d076ef8b995822a1684f8a8cd,d0ff6281d3e5a8aa2cb1438fd70cc2650163b6c512ffe8299c24d3555ddfcb64
2387656,Oxydendrum arboreum,MAINLINE_CONTRACT_SEMANTICS_FAIL / COMPUTATIONAL_EXECUTION_PASS,PASS_COARSE,PASS_COARSE,NO_CONFIRMED_EXTERNAL_NATIVE_EXTENSION_IN_FROZEN_D08B1,NO_CONFIRMED_EXTERNAL_NATIVE_EXTENSION_IN_FROZEN_D08B1,NO,UNCHANGED_UNDER_CORRECTED_PRECEDENCE,PASS,FALSE,FALSE,DIAGNOSTIC_ONLY_ZERO_INDEPENDENT_ROUTING_AUTHORITY,NONE,NONE,NONE,243978406cb913c13898b333671000c30592079d076ef8b995822a1684f8a8cd,d0ff6281d3e5a8aa2cb1438fd70cc2650163b6c512ffe8299c24d3555ddfcb64
2389100,Olneya tesota,MAINLINE_CONTRACT_SEMANTICS_FAIL / COMPUTATIONAL_EXECUTION_PASS,BORDERLINE_MEXICO,BORDERLINE_MEXICO,CONFIRMED_NATIVE_MEXICO,CONFIRMED_NATIVE_MEXICO,NO,UNCHANGED_UNDER_CORRECTED_PRECEDENCE,PASS,FALSE,FALSE,DIAGNOSTIC_ONLY_ZERO_INDEPENDENT_ROUTING_AUTHORITY,MXN:Mexico Northwest,NONE,NONE,243978406cb913c13898b333671000c30592079d076ef8b995822a1684f8a8cd,d0ff6281d3e5a8aa2cb1438fd70cc2650163b6c512ffe8299c24d3555ddfcb64
2428246,Robinia pseudoacacia,MAINLINE_CONTRACT_SEMANTICS_FAIL / COMPUTATIONAL_EXECUTION_PASS,PASS_COARSE,PASS_COARSE,NO_CONFIRMED_EXTERNAL_NATIVE_EXTENSION_IN_FROZEN_D08B1,NO_CONFIRMED_EXTERNAL_NATIVE_EXTENSION_IN_FROZEN_D08B1,NO,UNCHANGED_UNDER_CORRECTED_PRECEDENCE,PASS,FALSE,FALSE,DIAGNOSTIC_ONLY_ZERO_INDEPENDENT_ROUTING_AUTHORITY,NONE,NONE,NONE,243978406cb913c13898b333671000c30592079d076ef8b995822a1684f8a8cd,d0ff6281d3e5a8aa2cb1438fd70cc2650163b6c512ffe8299c24d3555ddfcb64
2446614,Umbellularia californica,MAINLINE_CONTRACT_SEMANTICS_FAIL / COMPUTATIONAL_EXECUTION_PASS,BORDERLINE_MEXICO,BORDERLINE_MEXICO,CONFIRMED_NATIVE_MEXICO,CONFIRMED_NATIVE_MEXICO,NO,UNCHANGED_UNDER_CORRECTED_PRECEDENCE,PASS,FALSE,FALSE,DIAGNOSTIC_ONLY_ZERO_INDEPENDENT_ROUTING_AUTHORITY,MXN:Mexico Northwest,NONE,NONE,243978406cb913c13898b333671000c30592079d076ef8b995822a1684f8a8cd,d0ff6281d3e5a8aa2cb1438fd70cc2650163b6c512ffe8299c24d3555ddfcb64
2448805,Ulmus rubra,MAINLINE_CONTRACT_SEMANTICS_FAIL / COMPUTATIONAL_EXECUTION_PASS,RETAIN_USCA_AUDIT,RETAIN_USCA_AUDIT,CONFIRMED_NATIVE_CANADA,CONFIRMED_NATIVE_CANADA,NO,UNCHANGED_UNDER_CORRECTED_PRECEDENCE,PASS,FALSE,FALSE,DIAGNOSTIC_ONLY_ZERO_INDEPENDENT_ROUTING_AUTHORITY,NONE,NONE,NONE,243978406cb913c13898b333671000c30592079d076ef8b995822a1684f8a8cd,d0ff6281d3e5a8aa2cb1438fd70cc2650163b6c512ffe8299c24d3555ddfcb64
2448843,Ulmus thomasii,MAINLINE_CONTRACT_SEMANTICS_FAIL / COMPUTATIONAL_EXECUTION_PASS,RETAIN_USCA_AUDIT,RETAIN_USCA_AUDIT,CONFIRMED_NATIVE_CANADA,CONFIRMED_NATIVE_CANADA,NO,UNCHANGED_UNDER_CORRECTED_PRECEDENCE,PASS,FALSE,FALSE,DIAGNOSTIC_ONLY_ZERO_INDEPENDENT_ROUTING_AUTHORITY,NONE,NONE,NONE,243978406cb913c13898b333671000c30592079d076ef8b995822a1684f8a8cd,d0ff6281d3e5a8aa2cb1438fd70cc2650163b6c512ffe8299c24d3555ddfcb64
2448857,Ulmus serotina,MAINLINE_CONTRACT_SEMANTICS_FAIL / COMPUTATIONAL_EXECUTION_PASS,BORDERLINE_MEXICO,BORDERLINE_MEXICO,CONFIRMED_NATIVE_MEXICO,CONFIRMED_NATIVE_MEXICO,NO,UNCHANGED_UNDER_CORRECTED_PRECEDENCE,PASS,FALSE,FALSE,DIAGNOSTIC_ONLY_ZERO_INDEPENDENT_ROUTING_AUTHORITY,MXE:Mexico Northeast,NONE,NONE,243978406cb913c13898b333671000c30592079d076ef8b995822a1684f8a8cd,d0ff6281d3e5a8aa2cb1438fd70cc2650163b6c512ffe8299c24d3555ddfcb64
2449976,Ulmus crassifolia,MAINLINE_CONTRACT_SEMANTICS_FAIL / COMPUTATIONAL_EXECUTION_PASS,BORDERLINE_MEXICO,BORDERLINE_MEXICO,CONFIRMED_NATIVE_MEXICO,CONFIRMED_NATIVE_MEXICO,NO,UNCHANGED_UNDER_CORRECTED_PRECEDENCE,PASS,FALSE,FALSE,DIAGNOSTIC_ONLY_ZERO_INDEPENDENT_ROUTING_AUTHORITY,MXE:Mexico Northeast,NONE,NONE,243978406cb913c13898b333671000c30592079d076ef8b995822a1684f8a8cd,d0ff6281d3e5a8aa2cb1438fd70cc2650163b6c512ffe8299c24d3555ddfcb64
2450008,Ulmus alata,MAINLINE_CONTRACT_SEMANTICS_FAIL / COMPUTATIONAL_EXECUTION_PASS,PASS_COARSE,PASS_COARSE,NO_CONFIRMED_EXTERNAL_NATIVE_EXTENSION_IN_FROZEN_D08B1,NO_CONFIRMED_EXTERNAL_NATIVE_EXTENSION_IN_FROZEN_D08B1,NO,UNCHANGED_UNDER_CORRECTED_PRECEDENCE,PASS,FALSE,FALSE,DIAGNOSTIC_ONLY_ZERO_INDEPENDENT_ROUTING_AUTHORITY,NONE,NONE,NONE,243978406cb913c13898b333671000c30592079d076ef8b995822a1684f8a8cd,d0ff6281d3e5a8aa2cb1438fd70cc2650163b6c512ffe8299c24d3555ddfcb64
2450019,Ulmus americana,MAINLINE_CONTRACT_SEMANTICS_FAIL / COMPUTATIONAL_EXECUTION_PASS,BORDERLINE_MEXICO,BORDERLINE_MEXICO,CONFIRMED_NATIVE_MEXICO,CONFIRMED_NATIVE_MEXICO,NO,UNCHANGED_UNDER_CORRECTED_PRECEDENCE,PASS,FALSE,FALSE,DIAGNOSTIC_ONLY_ZERO_INDEPENDENT_ROUTING_AUTHORITY,MXE:Mexico Northeast;MXN:Mexico Northwest,NONE,NONE,243978406cb913c13898b333671000c30592079d076ef8b995822a1684f8a8cd,d0ff6281d3e5a8aa2cb1438fd70cc2650163b6c512ffe8299c24d3555ddfcb64
2452405,Vachellia farnesiana,MAINLINE_CONTRACT_SEMANTICS_FAIL / COMPUTATIONAL_EXECUTION_PASS,FAIL_EXTRA_NA,FAIL_EXTRA_NA,EXTRA_NA_AND_TRANSCONTINENTAL,CONFIRMED_NATIVE_OUTSIDE_NORTH_AMERICA,NO,UNCHANGED_UNDER_CORRECTED_PRECEDENCE,PASS,TRUE,TRUE,DIAGNOSTIC_ONLY_ZERO_INDEPENDENT_ROUTING_AUTHORITY,AGE:Argentina Northeast;BAH:Bahamas;BLZ:Belize;BOL:Bolivia;BZC:Brazil West-Central;BZE:Brazil Northeast;BZL:Brazil Southeast;BZN:Brazil North;BZS:Brazil South;CAY:Cayman Is.;CLM:Colombia;COS:Costa Rica;CUB:Cuba;DOM:Dominican Republic;ECU:Ecuador;ELS:El Salvador;FRG:French Guiana;GUA:Guatemala;GUY:Guyana;HAI:Haiti;HON:Honduras;JAM:Jamaica;LEE:Leeward Is.;MXC:Mexico Central;MXE:Mexico Northeast;MXG:Mexico Gulf;MXN:Mexico Northwest;MXS:Mexico Southwest;MXT:Mexico Southeast;NIC:Nicaragua;PAN:Panamá;PAR:Paraguay;PER:Peru;PUE:Puerto Rico;SUR:Suriname;TCI:Turks-Caicos Is.;TRT:Trinidad-Tobago;URU:Uruguay;VEN:Venezuela;WIN:Windward Is.,AGE:Argentina Northeast;BOL:Bolivia;BZC:Brazil West-Central;BZE:Brazil Northeast;BZL:Brazil Southeast;BZN:Brazil North;BZS:Brazil South;CLM:Colombia;ECU:Ecuador;FRG:French Guiana;GUY:Guyana;PAR:Paraguay;PER:Peru;SUR:Suriname;URU:Uruguay;VEN:Venezuela,BAH:Bahamas;CAY:Cayman Is.;CUB:Cuba;DOM:Dominican Republic;HAI:Haiti;JAM:Jamaica;LEE:Leeward Is.;PUE:Puerto Rico;TCI:Turks-Caicos Is.;TRT:Trinidad-Tobago;WIN:Windward Is.,243978406cb913c13898b333671000c30592079d076ef8b995822a1684f8a8cd,d0ff6281d3e5a8aa2cb1438fd70cc2650163b6c512ffe8299c24d3555ddfcb64
2458798,Vaccinium arboreum,MAINLINE_CONTRACT_SEMANTICS_FAIL / COMPUTATIONAL_EXECUTION_PASS,PASS_COARSE,PASS_COARSE,NO_CONFIRMED_EXTERNAL_NATIVE_EXTENSION_IN_FROZEN_D08B1,NO_CONFIRMED_EXTERNAL_NATIVE_EXTENSION_IN_FROZEN_D08B1,NO,UNCHANGED_UNDER_CORRECTED_PRECEDENCE,PASS,FALSE,FALSE,DIAGNOSTIC_ONLY_ZERO_INDEPENDENT_ROUTING_AUTHORITY,NONE,NONE,NONE,243978406cb913c13898b333671000c30592079d076ef8b995822a1684f8a8cd,d0ff6281d3e5a8aa2cb1438fd70cc2650163b6c512ffe8299c24d3555ddfcb64
2469375,Zanthoxylum clava-herculis,MAINLINE_CONTRACT_SEMANTICS_FAIL / COMPUTATIONAL_EXECUTION_PASS,BORDERLINE_MEXICO,BORDERLINE_MEXICO,CONFIRMED_NATIVE_MEXICO,CONFIRMED_NATIVE_MEXICO,NO,UNCHANGED_UNDER_CORRECTED_PRECEDENCE,PASS,FALSE,FALSE,DIAGNOSTIC_ONLY_ZERO_INDEPENDENT_ROUTING_AUTHORITY,MXE:Mexico Northeast;MXG:Mexico Gulf,NONE,NONE,243978406cb913c13898b333671000c30592079d076ef8b995822a1684f8a8cd,d0ff6281d3e5a8aa2cb1438fd70cc2650163b6c512ffe8299c24d3555ddfcb64
2500717,Myrica cerifera,MAINLINE_CONTRACT_SEMANTICS_FAIL / COMPUTATIONAL_EXECUTION_PASS,FAIL_EXTRA_NA,BORDERLINE_OTHER_NA,TRANSCONTINENTAL_EXTENSION,CONFIRMED_NATIVE_CENTRAL_AMERICA,YES,"V01 transcontinental-only Class-1 authority removed; explicit frozen evidence is North-America-side other extension, so corrected Class 2 controls.",PASS,FALSE,TRUE,DIAGNOSTIC_ONLY_ZERO_INDEPENDENT_ROUTING_AUTHORITY,BAH:Bahamas;BER:Bermuda;BLZ:Belize;CAY:Cayman Is.;COS:Costa Rica;CUB:Cuba;DOM:Dominican Republic;ELS:El Salvador;GUA:Guatemala;HAI:Haiti;HON:Honduras;JAM:Jamaica;MXC:Mexico Central;MXE:Mexico Northeast;MXG:Mexico Gulf;MXS:Mexico Southwest;MXT:Mexico Southeast;NIC:Nicaragua;PAN:Panamá;PUE:Puerto Rico;SWC:Southwest Caribbean;TCI:Turks-Caicos Is.,NONE,BAH:Bahamas;BER:Bermuda;CAY:Cayman Is.;CUB:Cuba;DOM:Dominican Republic;HAI:Haiti;JAM:Jamaica;PUE:Puerto Rico;SWC:Southwest Caribbean;TCI:Turks-Caicos Is.,243978406cb913c13898b333671000c30592079d076ef8b995822a1684f8a8cd,d0ff6281d3e5a8aa2cb1438fd70cc2650163b6c512ffe8299c24d3555ddfcb64
2501306,Maclura pomifera,MAINLINE_CONTRACT_SEMANTICS_FAIL / COMPUTATIONAL_EXECUTION_PASS,PASS_COARSE,PASS_COARSE,NO_CONFIRMED_EXTERNAL_NATIVE_EXTENSION_IN_FROZEN_D08B1,NO_CONFIRMED_EXTERNAL_NATIVE_EXTENSION_IN_FROZEN_D08B1,NO,UNCHANGED_UNDER_CORRECTED_PRECEDENCE,PASS,FALSE,FALSE,DIAGNOSTIC_ONLY_ZERO_INDEPENDENT_ROUTING_AUTHORITY,NONE,NONE,NONE,243978406cb913c13898b333671000c30592079d076ef8b995822a1684f8a8cd,d0ff6281d3e5a8aa2cb1438fd70cc2650163b6c512ffe8299c24d3555ddfcb64
2501836,Morus microphylla,MAINLINE_CONTRACT_SEMANTICS_FAIL / COMPUTATIONAL_EXECUTION_PASS,BORDERLINE_MEXICO,BORDERLINE_MEXICO,CONFIRMED_NATIVE_MEXICO,CONFIRMED_NATIVE_MEXICO,NO,UNCHANGED_UNDER_CORRECTED_PRECEDENCE,PASS,FALSE,FALSE,DIAGNOSTIC_ONLY_ZERO_INDEPENDENT_ROUTING_AUTHORITY,MXE:Mexico Northeast;MXN:Mexico Northwest,NONE,NONE,243978406cb913c13898b333671000c30592079d076ef8b995822a1684f8a8cd,d0ff6281d3e5a8aa2cb1438fd70cc2650163b6c512ffe8299c24d3555ddfcb64
2501906,Morus rubra,MAINLINE_CONTRACT_SEMANTICS_FAIL / COMPUTATIONAL_EXECUTION_PASS,RETAIN_USCA_AUDIT,RETAIN_USCA_AUDIT,CONFIRMED_NATIVE_CANADA,CONFIRMED_NATIVE_CANADA,NO,UNCHANGED_UNDER_CORRECTED_PRECEDENCE,PASS,FALSE,FALSE,DIAGNOSTIC_ONLY_ZERO_INDEPENDENT_ROUTING_AUTHORITY,NONE,NONE,NONE,243978406cb913c13898b333671000c30592079d076ef8b995822a1684f8a8cd,d0ff6281d3e5a8aa2cb1438fd70cc2650163b6c512ffe8299c24d3555ddfcb64
2518218,Tilia americana,MAINLINE_CONTRACT_SEMANTICS_FAIL / COMPUTATIONAL_EXECUTION_PASS,BORDERLINE_MEXICO,BORDERLINE_MEXICO,CONFIRMED_NATIVE_MEXICO,CONFIRMED_NATIVE_MEXICO,NO,UNCHANGED_UNDER_CORRECTED_PRECEDENCE,PASS,FALSE,FALSE,DIAGNOSTIC_ONLY_ZERO_INDEPENDENT_ROUTING_AUTHORITY,MXC:Mexico Central;MXE:Mexico Northeast;MXG:Mexico Gulf;MXN:Mexico Northwest;MXS:Mexico Southwest;MXT:Mexico Southeast,NONE,NONE,243978406cb913c13898b333671000c30592079d076ef8b995822a1684f8a8cd,d0ff6281d3e5a8aa2cb1438fd70cc2650163b6c512ffe8299c24d3555ddfcb64
2523199,Rhizophora mangle,MAINLINE_CONTRACT_SEMANTICS_FAIL / COMPUTATIONAL_EXECUTION_PASS,FAIL_EXTRA_NA,FAIL_EXTRA_NA,EXTRA_NA_AND_TRANSCONTINENTAL,CONFIRMED_NATIVE_OUTSIDE_NORTH_AMERICA,NO,UNCHANGED_UNDER_CORRECTED_PRECEDENCE,PASS,TRUE,TRUE,DIAGNOSTIC_ONLY_ZERO_INDEPENDENT_ROUTING_AUTHORITY,ANG:Angola;ARU:Aruba;BAH:Bahamas;BEN:Benin;BER:Bermuda;BLZ:Belize;BZE:Brazil Northeast;BZL:Brazil Southeast;BZN:Brazil North;BZS:Brazil South;CAY:Cayman Is.;CLM:Colombia;CMN:Cameroon;COS:Costa Rica;CUB:Cuba;DOM:Dominican Republic;ECU:Ecuador;ELS:El Salvador;FRG:French Guiana;GAB:Gabon;GAL:Galápagos;GAM:Gambia;GGI:Gulf of Guinea Is.;GNB:Guinea-Bissau;GUA:Guatemala;GUI:Guinea;GUY:Guyana;HAI:Haiti;HON:Honduras;JAM:Jamaica;LBR:Liberia;LEE:Leeward Is.;MTN:Mauritania;MXC:Mexico Central;MXE:Mexico Northeast;MXG:Mexico Gulf;MXN:Mexico Northwest;MXS:Mexico Southwest;MXT:Mexico Southeast;NGA:Nigeria;NIC:Nicaragua;NLA:Netherlands Antilles;PAN:Panamá;PER:Peru;PUE:Puerto Rico;SEN:Senegal;SIE:Sierra Leone;SUR:Suriname;SWC:Southwest Caribbean;TCI:Turks-Caicos Is.;TRT:Trinidad-Tobago;VEN:Venezuela;VNA:Venezuelan Antilles;WIN:Windward Is.,ANG:Angola;BEN:Benin;BZE:Brazil Northeast;BZL:Brazil Southeast;BZN:Brazil North;BZS:Brazil South;CLM:Colombia;CMN:Cameroon;ECU:Ecuador;FRG:French Guiana;GAB:Gabon;GAL:Galápagos;GAM:Gambia;GGI:Gulf of Guinea Is.;GNB:Guinea-Bissau;GUI:Guinea;GUY:Guyana;LBR:Liberia;MTN:Mauritania;NGA:Nigeria;PER:Peru;SEN:Senegal;SIE:Sierra Leone;SUR:Suriname;VEN:Venezuela,ARU:Aruba;BAH:Bahamas;BER:Bermuda;CAY:Cayman Is.;CUB:Cuba;DOM:Dominican Republic;HAI:Haiti;JAM:Jamaica;LEE:Leeward Is.;NLA:Netherlands Antilles;PUE:Puerto Rico;SWC:Southwest Caribbean;TCI:Turks-Caicos Is.;TRT:Trinidad-Tobago;VNA:Venezuelan Antilles;WIN:Windward Is.,243978406cb913c13898b333671000c30592079d076ef8b995822a1684f8a8cd,d0ff6281d3e5a8aa2cb1438fd70cc2650163b6c512ffe8299c24d3555ddfcb64
2529931,Persea borbonia,MAINLINE_CONTRACT_SEMANTICS_FAIL / COMPUTATIONAL_EXECUTION_PASS,PASS_COARSE,PASS_COARSE,NO_CONFIRMED_EXTERNAL_NATIVE_EXTENSION_IN_FROZEN_D08B1,NO_CONFIRMED_EXTERNAL_NATIVE_EXTENSION_IN_FROZEN_D08B1,NO,UNCHANGED_UNDER_CORRECTED_PRECEDENCE,PASS,FALSE,FALSE,DIAGNOSTIC_ONLY_ZERO_INDEPENDENT_ROUTING_AUTHORITY,NONE,NONE,NONE,243978406cb913c13898b333671000c30592079d076ef8b995822a1684f8a8cd,d0ff6281d3e5a8aa2cb1438fd70cc2650163b6c512ffe8299c24d3555ddfcb64
2540278,Piscidia piscipula,MAINLINE_CONTRACT_SEMANTICS_FAIL / COMPUTATIONAL_EXECUTION_PASS,FAIL_EXTRA_NA,BORDERLINE_OTHER_NA,TRANSCONTINENTAL_EXTENSION,CONFIRMED_NATIVE_CENTRAL_AMERICA,YES,"V01 transcontinental-only Class-1 authority removed; explicit frozen evidence is North-America-side other extension, so corrected Class 2 controls.",PASS,FALSE,TRUE,DIAGNOSTIC_ONLY_ZERO_INDEPENDENT_ROUTING_AUTHORITY,BAH:Bahamas;BLZ:Belize;CAY:Cayman Is.;CUB:Cuba;DOM:Dominican Republic;GUA:Guatemala;HON:Honduras;JAM:Jamaica;MXC:Mexico Central;MXE:Mexico Northeast;MXG:Mexico Gulf;MXS:Mexico Southwest;MXT:Mexico Southeast;PAN:Panamá;SWC:Southwest Caribbean;VNA:Venezuelan Antilles,NONE,BAH:Bahamas;CAY:Cayman Is.;CUB:Cuba;DOM:Dominican Republic;JAM:Jamaica;SWC:Southwest Caribbean;VNA:Venezuelan Antilles,243978406cb913c13898b333671000c30592079d076ef8b995822a1684f8a8cd,d0ff6281d3e5a8aa2cb1438fd70cc2650163b6c512ffe8299c24d3555ddfcb64
2551587,Planera aquatica,MAINLINE_CONTRACT_SEMANTICS_FAIL / COMPUTATIONAL_EXECUTION_PASS,PASS_COARSE,PASS_COARSE,NO_CONFIRMED_EXTERNAL_NATIVE_EXTENSION_IN_FROZEN_D08B1,NO_CONFIRMED_EXTERNAL_NATIVE_EXTENSION_IN_FROZEN_D08B1,NO,UNCHANGED_UNDER_CORRECTED_PRECEDENCE,PASS,FALSE,FALSE,DIAGNOSTIC_ONLY_ZERO_INDEPENDENT_ROUTING_AUTHORITY,NONE,NONE,NONE,243978406cb913c13898b333671000c30592079d076ef8b995822a1684f8a8cd,d0ff6281d3e5a8aa2cb1438fd70cc2650163b6c512ffe8299c24d3555ddfcb64
2570450,Platanus wrightii,MAINLINE_CONTRACT_SEMANTICS_FAIL / COMPUTATIONAL_EXECUTION_PASS,BORDERLINE_MEXICO,BORDERLINE_MEXICO,CONFIRMED_NATIVE_MEXICO,CONFIRMED_NATIVE_MEXICO,NO,UNCHANGED_UNDER_CORRECTED_PRECEDENCE,PASS,FALSE,FALSE,DIAGNOSTIC_ONLY_ZERO_INDEPENDENT_ROUTING_AUTHORITY,MXE:Mexico Northeast;MXN:Mexico Northwest,NONE,NONE,243978406cb913c13898b333671000c30592079d076ef8b995822a1684f8a8cd,d0ff6281d3e5a8aa2cb1438fd70cc2650163b6c512ffe8299c24d3555ddfcb64
2570459,Platanus occidentalis,MAINLINE_CONTRACT_SEMANTICS_FAIL / COMPUTATIONAL_EXECUTION_PASS,RETAIN_USCA_AUDIT,RETAIN_USCA_AUDIT,CONFIRMED_NATIVE_CANADA,CONFIRMED_NATIVE_CANADA,NO,UNCHANGED_UNDER_CORRECTED_PRECEDENCE,PASS,FALSE,FALSE,DIAGNOSTIC_ONLY_ZERO_INDEPENDENT_ROUTING_AUTHORITY,NONE,NONE,NONE,243978406cb913c13898b333671000c30592079d076ef8b995822a1684f8a8cd,d0ff6281d3e5a8aa2cb1438fd70cc2650163b6c512ffe8299c24d3555ddfcb64
2570467,Platanus racemosa,MAINLINE_CONTRACT_SEMANTICS_FAIL / COMPUTATIONAL_EXECUTION_PASS,BORDERLINE_MEXICO,BORDERLINE_MEXICO,CONFIRMED_NATIVE_MEXICO,CONFIRMED_NATIVE_MEXICO,NO,UNCHANGED_UNDER_CORRECTED_PRECEDENCE,PASS,FALSE,FALSE,DIAGNOSTIC_ONLY_ZERO_INDEPENDENT_ROUTING_AUTHORITY,MXN:Mexico Northwest,NONE,NONE,243978406cb913c13898b333671000c30592079d076ef8b995822a1684f8a8cd,d0ff6281d3e5a8aa2cb1438fd70cc2650163b6c512ffe8299c24d3555ddfcb64
2582296,Sapindus drummondii,MAINLINE_CONTRACT_SEMANTICS_FAIL / COMPUTATIONAL_EXECUTION_PASS,BORDERLINE_MEXICO,BORDERLINE_MEXICO,CONFIRMED_NATIVE_MEXICO,CONFIRMED_NATIVE_MEXICO,NO,UNCHANGED_UNDER_CORRECTED_PRECEDENCE,PASS,FALSE,FALSE,DIAGNOSTIC_ONLY_ZERO_INDEPENDENT_ROUTING_AUTHORITY,MXE:Mexico Northeast;MXG:Mexico Gulf;MXN:Mexico Northwest,NONE,NONE,243978406cb913c13898b333671000c30592079d076ef8b995822a1684f8a8cd,d0ff6281d3e5a8aa2cb1438fd70cc2650163b6c512ffe8299c24d3555ddfcb64
2591964,Sassafras albidum,MAINLINE_CONTRACT_SEMANTICS_FAIL / COMPUTATIONAL_EXECUTION_PASS,RETAIN_USCA_AUDIT,RETAIN_USCA_AUDIT,CONFIRMED_NATIVE_CANADA,CONFIRMED_NATIVE_CANADA,NO,UNCHANGED_UNDER_CORRECTED_PRECEDENCE,PASS,FALSE,FALSE,DIAGNOSTIC_ONLY_ZERO_INDEPENDENT_ROUTING_AUTHORITY,NONE,NONE,NONE,243978406cb913c13898b333671000c30592079d076ef8b995822a1684f8a8cd,d0ff6281d3e5a8aa2cb1438fd70cc2650163b6c512ffe8299c24d3555ddfcb64
2596955,Strombocarpa pubescens,MAINLINE_CONTRACT_SEMANTICS_FAIL / COMPUTATIONAL_EXECUTION_PASS,BORDERLINE_MEXICO,BORDERLINE_MEXICO,CONFIRMED_NATIVE_MEXICO,CONFIRMED_NATIVE_MEXICO,NO,UNCHANGED_UNDER_CORRECTED_PRECEDENCE,PASS,FALSE,FALSE,DIAGNOSTIC_ONLY_ZERO_INDEPENDENT_ROUTING_AUTHORITY,MXE:Mexico Northeast;MXN:Mexico Northwest,NONE,NONE,243978406cb913c13898b333671000c30592079d076ef8b995822a1684f8a8cd,d0ff6281d3e5a8aa2cb1438fd70cc2650163b6c512ffe8299c24d3555ddfcb64
2598500,Styphnolobium affine,MAINLINE_CONTRACT_SEMANTICS_FAIL / COMPUTATIONAL_EXECUTION_PASS,PASS_COARSE,PASS_COARSE,NO_CONFIRMED_EXTERNAL_NATIVE_EXTENSION_IN_FROZEN_D08B1,NO_CONFIRMED_EXTERNAL_NATIVE_EXTENSION_IN_FROZEN_D08B1,NO,UNCHANGED_UNDER_CORRECTED_PRECEDENCE,PASS,FALSE,FALSE,DIAGNOSTIC_ONLY_ZERO_INDEPENDENT_ROUTING_AUTHORITY,NONE,NONE,NONE,243978406cb913c13898b333671000c30592079d076ef8b995822a1684f8a8cd,d0ff6281d3e5a8aa2cb1438fd70cc2650163b6c512ffe8299c24d3555ddfcb64
2601502,Swietenia mahagoni,MAINLINE_CONTRACT_SEMANTICS_FAIL / COMPUTATIONAL_EXECUTION_PASS,FAIL_EXTRA_NA,BORDERLINE_OTHER_NA,TRANSCONTINENTAL_EXTENSION,CONFIRMED_NATIVE_OTHER_NA_EXTENSION,YES,"V01 transcontinental-only Class-1 authority removed; explicit frozen evidence is North-America-side other extension, so corrected Class 2 controls.",PASS,FALSE,TRUE,DIAGNOSTIC_ONLY_ZERO_INDEPENDENT_ROUTING_AUTHORITY,BAH:Bahamas;CAY:Cayman Is.;CUB:Cuba;DOM:Dominican Republic;HAI:Haiti;JAM:Jamaica;TCI:Turks-Caicos Is.,NONE,BAH:Bahamas;CAY:Cayman Is.;CUB:Cuba;DOM:Dominican Republic;HAI:Haiti;JAM:Jamaica;TCI:Turks-Caicos Is.,243978406cb913c13898b333671000c30592079d076ef8b995822a1684f8a8cd,d0ff6281d3e5a8aa2cb1438fd70cc2650163b6c512ffe8299c24d3555ddfcb64
2615689,Acer grandidentatum,MAINLINE_CONTRACT_SEMANTICS_FAIL / COMPUTATIONAL_EXECUTION_PASS,BORDERLINE_MEXICO,BORDERLINE_MEXICO,CONFIRMED_NATIVE_MEXICO,CONFIRMED_NATIVE_MEXICO,NO,UNCHANGED_UNDER_CORRECTED_PRECEDENCE,PASS,FALSE,FALSE,DIAGNOSTIC_ONLY_ZERO_INDEPENDENT_ROUTING_AUTHORITY,MXE:Mexico Northeast;MXN:Mexico Northwest,NONE,NONE,243978406cb913c13898b333671000c30592079d076ef8b995822a1684f8a8cd,d0ff6281d3e5a8aa2cb1438fd70cc2650163b6c512ffe8299c24d3555ddfcb64
2615862,Acer leucoderme,MAINLINE_CONTRACT_SEMANTICS_FAIL / COMPUTATIONAL_EXECUTION_PASS,PASS_COARSE,PASS_COARSE,NO_CONFIRMED_EXTERNAL_NATIVE_EXTENSION_IN_FROZEN_D08B1,NO_CONFIRMED_EXTERNAL_NATIVE_EXTENSION_IN_FROZEN_D08B1,NO,UNCHANGED_UNDER_CORRECTED_PRECEDENCE,PASS,FALSE,FALSE,DIAGNOSTIC_ONLY_ZERO_INDEPENDENT_ROUTING_AUTHORITY,NONE,NONE,NONE,243978406cb913c13898b333671000c30592079d076ef8b995822a1684f8a8cd,d0ff6281d3e5a8aa2cb1438fd70cc2650163b6c512ffe8299c24d3555ddfcb64
2615900,Acer macrophyllum,MAINLINE_CONTRACT_SEMANTICS_FAIL / COMPUTATIONAL_EXECUTION_PASS,RETAIN_USCA_AUDIT,RETAIN_USCA_AUDIT,CONFIRMED_NATIVE_CANADA,CONFIRMED_NATIVE_CANADA,NO,UNCHANGED_UNDER_CORRECTED_PRECEDENCE,PASS,FALSE,FALSE,DIAGNOSTIC_ONLY_ZERO_INDEPENDENT_ROUTING_AUTHORITY,NONE,NONE,NONE,243978406cb913c13898b333671000c30592079d076ef8b995822a1684f8a8cd,d0ff6281d3e5a8aa2cb1438fd70cc2650163b6c512ffe8299c24d3555ddfcb64
2616024,Acer negundo,MAINLINE_CONTRACT_SEMANTICS_FAIL / COMPUTATIONAL_EXECUTION_PASS,FAIL_EXTRA_NA,BORDERLINE_OTHER_NA,TRANSCONTINENTAL_EXTENSION,CONFIRMED_NATIVE_CENTRAL_AMERICA,YES,"V01 transcontinental-only Class-1 authority removed; explicit frozen evidence is North-America-side other extension, so corrected Class 2 controls.",PASS,FALSE,TRUE,DIAGNOSTIC_ONLY_ZERO_INDEPENDENT_ROUTING_AUTHORITY,GUA:Guatemala;HON:Honduras;MXC:Mexico Central;MXE:Mexico Northeast;MXG:Mexico Gulf;MXN:Mexico Northwest;MXS:Mexico Southwest;MXT:Mexico Southeast,NONE,NONE,243978406cb913c13898b333671000c30592079d076ef8b995822a1684f8a8cd,d0ff6281d3e5a8aa2cb1438fd70cc2650163b6c512ffe8299c24d3555ddfcb64
2616060,Acer nigrum,MAINLINE_CONTRACT_SEMANTICS_FAIL / COMPUTATIONAL_EXECUTION_PASS,RETAIN_USCA_AUDIT,RETAIN_USCA_AUDIT,CONFIRMED_NATIVE_CANADA,CONFIRMED_NATIVE_CANADA,NO,UNCHANGED_UNDER_CORRECTED_PRECEDENCE,PASS,FALSE,FALSE,DIAGNOSTIC_ONLY_ZERO_INDEPENDENT_ROUTING_AUTHORITY,NONE,NONE,NONE,243978406cb913c13898b333671000c30592079d076ef8b995822a1684f8a8cd,d0ff6281d3e5a8aa2cb1438fd70cc2650163b6c512ffe8299c24d3555ddfcb64
2616210,Acer pensylvanicum,MAINLINE_CONTRACT_SEMANTICS_FAIL / COMPUTATIONAL_EXECUTION_PASS,RETAIN_USCA_AUDIT,RETAIN_USCA_AUDIT,CONFIRMED_NATIVE_CANADA,CONFIRMED_NATIVE_CANADA,NO,UNCHANGED_UNDER_CORRECTED_PRECEDENCE,PASS,FALSE,FALSE,DIAGNOSTIC_ONLY_ZERO_INDEPENDENT_ROUTING_AUTHORITY,NONE,NONE,NONE,243978406cb913c13898b333671000c30592079d076ef8b995822a1684f8a8cd,d0ff6281d3e5a8aa2cb1438fd70cc2650163b6c512ffe8299c24d3555ddfcb64
2616329,Acer rubrum,MAINLINE_CONTRACT_SEMANTICS_FAIL / COMPUTATIONAL_EXECUTION_PASS,RETAIN_USCA_AUDIT,RETAIN_USCA_AUDIT,CONFIRMED_NATIVE_CANADA,CONFIRMED_NATIVE_CANADA,NO,UNCHANGED_UNDER_CORRECTED_PRECEDENCE,PASS,FALSE,FALSE,DIAGNOSTIC_ONLY_ZERO_INDEPENDENT_ROUTING_AUTHORITY,NONE,NONE,NONE,243978406cb913c13898b333671000c30592079d076ef8b995822a1684f8a8cd,d0ff6281d3e5a8aa2cb1438fd70cc2650163b6c512ffe8299c24d3555ddfcb64
2616367,Acer saccharinum,MAINLINE_CONTRACT_SEMANTICS_FAIL / COMPUTATIONAL_EXECUTION_PASS,RETAIN_USCA_AUDIT,RETAIN_USCA_AUDIT,CONFIRMED_NATIVE_CANADA,CONFIRMED_NATIVE_CANADA,NO,UNCHANGED_UNDER_CORRECTED_PRECEDENCE,PASS,FALSE,FALSE,DIAGNOSTIC_ONLY_ZERO_INDEPENDENT_ROUTING_AUTHORITY,NONE,NONE,NONE,243978406cb913c13898b333671000c30592079d076ef8b995822a1684f8a8cd,d0ff6281d3e5a8aa2cb1438fd70cc2650163b6c512ffe8299c24d3555ddfcb64
2616387,Acer saccharum,MAINLINE_CONTRACT_SEMANTICS_FAIL / COMPUTATIONAL_EXECUTION_PASS,RETAIN_USCA_AUDIT,RETAIN_USCA_AUDIT,CONFIRMED_NATIVE_CANADA,CONFIRMED_NATIVE_CANADA,NO,UNCHANGED_UNDER_CORRECTED_PRECEDENCE,PASS,FALSE,FALSE,DIAGNOSTIC_ONLY_ZERO_INDEPENDENT_ROUTING_AUTHORITY,NONE,NONE,NONE,243978406cb913c13898b333671000c30592079d076ef8b995822a1684f8a8cd,d0ff6281d3e5a8aa2cb1438fd70cc2650163b6c512ffe8299c24d3555ddfcb64
2616481,Acer spicatum,MAINLINE_CONTRACT_SEMANTICS_FAIL / COMPUTATIONAL_EXECUTION_PASS,RETAIN_USCA_AUDIT,RETAIN_USCA_AUDIT,CONFIRMED_NATIVE_CANADA,CONFIRMED_NATIVE_CANADA,NO,UNCHANGED_UNDER_CORRECTED_PRECEDENCE,PASS,FALSE,FALSE,DIAGNOSTIC_ONLY_ZERO_INDEPENDENT_ROUTING_AUTHORITY,NONE,NONE,NONE,243978406cb913c13898b333671000c30592079d076ef8b995822a1684f8a8cd,d0ff6281d3e5a8aa2cb1438fd70cc2650163b6c512ffe8299c24d3555ddfcb64
2624481,Aesculus californica,MAINLINE_CONTRACT_SEMANTICS_FAIL / COMPUTATIONAL_EXECUTION_PASS,PASS_COARSE,PASS_COARSE,NO_CONFIRMED_EXTERNAL_NATIVE_EXTENSION_IN_FROZEN_D08B1,NO_CONFIRMED_EXTERNAL_NATIVE_EXTENSION_IN_FROZEN_D08B1,NO,UNCHANGED_UNDER_CORRECTED_PRECEDENCE,PASS,FALSE,FALSE,DIAGNOSTIC_ONLY_ZERO_INDEPENDENT_ROUTING_AUTHORITY,NONE,NONE,NONE,243978406cb913c13898b333671000c30592079d076ef8b995822a1684f8a8cd,d0ff6281d3e5a8aa2cb1438fd70cc2650163b6c512ffe8299c24d3555ddfcb64
2624500,Aesculus flava,MAINLINE_CONTRACT_SEMANTICS_FAIL / COMPUTATIONAL_EXECUTION_PASS,PASS_COARSE,PASS_COARSE,NO_CONFIRMED_EXTERNAL_NATIVE_EXTENSION_IN_FROZEN_D08B1,NO_CONFIRMED_EXTERNAL_NATIVE_EXTENSION_IN_FROZEN_D08B1,NO,UNCHANGED_UNDER_CORRECTED_PRECEDENCE,PASS,FALSE,FALSE,DIAGNOSTIC_ONLY_ZERO_INDEPENDENT_ROUTING_AUTHORITY,NONE,NONE,NONE,243978406cb913c13898b333671000c30592079d076ef8b995822a1684f8a8cd,d0ff6281d3e5a8aa2cb1438fd70cc2650163b6c512ffe8299c24d3555ddfcb64
2624506,Aesculus glabra,MAINLINE_CONTRACT_SEMANTICS_FAIL / COMPUTATIONAL_EXECUTION_PASS,RETAIN_USCA_AUDIT,RETAIN_USCA_AUDIT,CONFIRMED_NATIVE_CANADA,CONFIRMED_NATIVE_CANADA,NO,UNCHANGED_UNDER_CORRECTED_PRECEDENCE,PASS,FALSE,FALSE,DIAGNOSTIC_ONLY_ZERO_INDEPENDENT_ROUTING_AUTHORITY,NONE,NONE,NONE,243978406cb913c13898b333671000c30592079d076ef8b995822a1684f8a8cd,d0ff6281d3e5a8aa2cb1438fd70cc2650163b6c512ffe8299c24d3555ddfcb64
2640872,Annona glabra,MAINLINE_CONTRACT_SEMANTICS_FAIL / COMPUTATIONAL_EXECUTION_PASS,FAIL_EXTRA_NA,FAIL_EXTRA_NA,EXTRA_NA_AND_TRANSCONTINENTAL,CONFIRMED_NATIVE_OUTSIDE_NORTH_AMERICA,NO,UNCHANGED_UNDER_CORRECTED_PRECEDENCE,PASS,TRUE,TRUE,DIAGNOSTIC_ONLY_ZERO_INDEPENDENT_ROUTING_AUTHORITY,BAH:Bahamas;BLZ:Belize;BZE:Brazil Northeast;BZL:Brazil Southeast;BZN:Brazil North;BZS:Brazil South;CAY:Cayman Is.;CLM:Colombia;CMN:Cameroon;CON:Congo;COS:Costa Rica;CPI:Central American Pacific Is.;CUB:Cuba;DOM:Dominican Republic;ECU:Ecuador;ELS:El Salvador;FRG:French Guiana;GAB:Gabon;GAM:Gambia;GGI:Gulf of Guinea Is.;GNB:Guinea-Bissau;GUA:Guatemala;GUI:Guinea;GUY:Guyana;HAI:Haiti;HON:Honduras;IVO:Ivory Coast;JAM:Jamaica;LBR:Liberia;LEE:Leeward Is.;MXE:Mexico Northeast;MXG:Mexico Gulf;MXS:Mexico Southwest;MXT:Mexico Southeast;NGA:Nigeria;NIC:Nicaragua;NLA:Netherlands Antilles;PAN:Panamá;PUE:Puerto Rico;SEN:Senegal;SIE:Sierra Leone;SUR:Suriname;SWC:Southwest Caribbean;TRT:Trinidad-Tobago;VEN:Venezuela;VNA:Venezuelan Antilles;WIN:Windward Is.;ZAI:DR Congo,BZE:Brazil Northeast;BZL:Brazil Southeast;BZN:Brazil North;BZS:Brazil South;CLM:Colombia;CMN:Cameroon;CON:Congo;ECU:Ecuador;FRG:French Guiana;GAB:Gabon;GAM:Gambia;GGI:Gulf of Guinea Is.;GNB:Guinea-Bissau;GUI:Guinea;GUY:Guyana;IVO:Ivory Coast;LBR:Liberia;NGA:Nigeria;SEN:Senegal;SIE:Sierra Leone;SUR:Suriname;VEN:Venezuela;ZAI:DR Congo,BAH:Bahamas;CAY:Cayman Is.;CUB:Cuba;DOM:Dominican Republic;HAI:Haiti;JAM:Jamaica;LEE:Leeward Is.;NLA:Netherlands Antilles;PUE:Puerto Rico;SWC:Southwest Caribbean;TRT:Trinidad-Tobago;VNA:Venezuelan Antilles;WIN:Windward Is.,243978406cb913c13898b333671000c30592079d076ef8b995822a1684f8a8cd,d0ff6281d3e5a8aa2cb1438fd70cc2650163b6c512ffe8299c24d3555ddfcb64
2646656,Arbutus arizonica,MAINLINE_CONTRACT_SEMANTICS_FAIL / COMPUTATIONAL_EXECUTION_PASS,BORDERLINE_MEXICO,BORDERLINE_MEXICO,CONFIRMED_NATIVE_MEXICO,CONFIRMED_NATIVE_MEXICO,NO,UNCHANGED_UNDER_CORRECTED_PRECEDENCE,PASS,FALSE,FALSE,DIAGNOSTIC_ONLY_ZERO_INDEPENDENT_ROUTING_AUTHORITY,MXC:Mexico Central;MXE:Mexico Northeast;MXN:Mexico Northwest;MXS:Mexico Southwest,NONE,NONE,243978406cb913c13898b333671000c30592079d076ef8b995822a1684f8a8cd,d0ff6281d3e5a8aa2cb1438fd70cc2650163b6c512ffe8299c24d3555ddfcb64
2646696,Arbutus menziesii,MAINLINE_CONTRACT_SEMANTICS_FAIL / COMPUTATIONAL_EXECUTION_PASS,BORDERLINE_MEXICO,BORDERLINE_MEXICO,CONFIRMED_NATIVE_MEXICO,CONFIRMED_NATIVE_MEXICO,NO,UNCHANGED_UNDER_CORRECTED_PRECEDENCE,PASS,FALSE,FALSE,DIAGNOSTIC_ONLY_ZERO_INDEPENDENT_ROUTING_AUTHORITY,MXN:Mexico Northwest,NONE,NONE,243978406cb913c13898b333671000c30592079d076ef8b995822a1684f8a8cd,d0ff6281d3e5a8aa2cb1438fd70cc2650163b6c512ffe8299c24d3555ddfcb64
2646755,Arbutus xalapensis,MAINLINE_CONTRACT_SEMANTICS_FAIL / COMPUTATIONAL_EXECUTION_PASS,FAIL_EXTRA_NA,BORDERLINE_OTHER_NA,TRANSCONTINENTAL_EXTENSION,CONFIRMED_NATIVE_CENTRAL_AMERICA,YES,"V01 transcontinental-only Class-1 authority removed; explicit frozen evidence is North-America-side other extension, so corrected Class 2 controls.",PASS,FALSE,TRUE,DIAGNOSTIC_ONLY_ZERO_INDEPENDENT_ROUTING_AUTHORITY,ELS:El Salvador;GUA:Guatemala;HON:Honduras;MXC:Mexico Central;MXE:Mexico Northeast;MXG:Mexico Gulf;MXN:Mexico Northwest;MXS:Mexico Southwest;MXT:Mexico Southeast;NIC:Nicaragua,NONE,NONE,243978406cb913c13898b333671000c30592079d076ef8b995822a1684f8a8cd,d0ff6281d3e5a8aa2cb1438fd70cc2650163b6c512ffe8299c24d3555ddfcb64
2655435,Asimina triloba,MAINLINE_CONTRACT_SEMANTICS_FAIL / COMPUTATIONAL_EXECUTION_PASS,RETAIN_USCA_AUDIT,RETAIN_USCA_AUDIT,CONFIRMED_NATIVE_CANADA,CONFIRMED_NATIVE_CANADA,NO,UNCHANGED_UNDER_CORRECTED_PRECEDENCE,PASS,FALSE,FALSE,DIAGNOSTIC_ONLY_ZERO_INDEPENDENT_ROUTING_AUTHORITY,NONE,NONE,NONE,243978406cb913c13898b333671000c30592079d076ef8b995822a1684f8a8cd,d0ff6281d3e5a8aa2cb1438fd70cc2650163b6c512ffe8299c24d3555ddfcb64
2687649,Bursera simaruba,MAINLINE_CONTRACT_SEMANTICS_FAIL / COMPUTATIONAL_EXECUTION_PASS,FAIL_EXTRA_NA,FAIL_EXTRA_NA,EXTRA_NA_AND_TRANSCONTINENTAL,CONFIRMED_NATIVE_OUTSIDE_NORTH_AMERICA,NO,UNCHANGED_UNDER_CORRECTED_PRECEDENCE,PASS,TRUE,TRUE,DIAGNOSTIC_ONLY_ZERO_INDEPENDENT_ROUTING_AUTHORITY,ARU:Aruba;BAH:Bahamas;BLZ:Belize;BZN:Brazil North;CAY:Cayman Is.;CLM:Colombia;COS:Costa Rica;CUB:Cuba;DOM:Dominican Republic;ELS:El Salvador;FRG:French Guiana;GUA:Guatemala;GUY:Guyana;HON:Honduras;JAM:Jamaica;LEE:Leeward Is.;MXC:Mexico Central;MXE:Mexico Northeast;MXG:Mexico Gulf;MXN:Mexico Northwest;MXS:Mexico Southwest;MXT:Mexico Southeast;NIC:Nicaragua;NLA:Netherlands Antilles;PAN:Panamá;PER:Peru;PUE:Puerto Rico;SWC:Southwest Caribbean;TCI:Turks-Caicos Is.;TRT:Trinidad-Tobago;VEN:Venezuela;VNA:Venezuelan Antilles;WIN:Windward Is.,BZN:Brazil North;CLM:Colombia;FRG:French Guiana;GUY:Guyana;PER:Peru;VEN:Venezuela,ARU:Aruba;BAH:Bahamas;CAY:Cayman Is.;CUB:Cuba;DOM:Dominican Republic;JAM:Jamaica;LEE:Leeward Is.;NLA:Netherlands Antilles;PUE:Puerto Rico;SWC:Southwest Caribbean;TCI:Turks-Caicos Is.;TRT:Trinidad-Tobago;VNA:Venezuelan Antilles;WIN:Windward Is.,243978406cb913c13898b333671000c30592079d076ef8b995822a1684f8a8cd,d0ff6281d3e5a8aa2cb1438fd70cc2650163b6c512ffe8299c24d3555ddfcb64
2701748,Carya aquatica,MAINLINE_CONTRACT_SEMANTICS_FAIL / COMPUTATIONAL_EXECUTION_PASS,PASS_COARSE,PASS_COARSE,NO_CONFIRMED_EXTERNAL_NATIVE_EXTENSION_IN_FROZEN_D08B1,NO_CONFIRMED_EXTERNAL_NATIVE_EXTENSION_IN_FROZEN_D08B1,NO,UNCHANGED_UNDER_CORRECTED_PRECEDENCE,PASS,FALSE,FALSE,DIAGNOSTIC_ONLY_ZERO_INDEPENDENT_ROUTING_AUTHORITY,NONE,NONE,NONE,243978406cb913c13898b333671000c30592079d076ef8b995822a1684f8a8cd,d0ff6281d3e5a8aa2cb1438fd70cc2650163b6c512ffe8299c24d3555ddfcb64
2701766,Carya cordiformis,MAINLINE_CONTRACT_SEMANTICS_FAIL / COMPUTATIONAL_EXECUTION_PASS,RETAIN_USCA_AUDIT,RETAIN_USCA_AUDIT,CONFIRMED_NATIVE_CANADA,CONFIRMED_NATIVE_CANADA,NO,UNCHANGED_UNDER_CORRECTED_PRECEDENCE,PASS,FALSE,FALSE,DIAGNOSTIC_ONLY_ZERO_INDEPENDENT_ROUTING_AUTHORITY,NONE,NONE,NONE,243978406cb913c13898b333671000c30592079d076ef8b995822a1684f8a8cd,d0ff6281d3e5a8aa2cb1438fd70cc2650163b6c512ffe8299c24d3555ddfcb64
2701774,Carya floridana,MAINLINE_CONTRACT_SEMANTICS_FAIL / COMPUTATIONAL_EXECUTION_PASS,PASS_COARSE,PASS_COARSE,NO_CONFIRMED_EXTERNAL_NATIVE_EXTENSION_IN_FROZEN_D08B1,NO_CONFIRMED_EXTERNAL_NATIVE_EXTENSION_IN_FROZEN_D08B1,NO,UNCHANGED_UNDER_CORRECTED_PRECEDENCE,PASS,FALSE,FALSE,DIAGNOSTIC_ONLY_ZERO_INDEPENDENT_ROUTING_AUTHORITY,NONE,NONE,NONE,243978406cb913c13898b333671000c30592079d076ef8b995822a1684f8a8cd,d0ff6281d3e5a8aa2cb1438fd70cc2650163b6c512ffe8299c24d3555ddfcb64
2701775,Carya glabra,MAINLINE_CONTRACT_SEMANTICS_FAIL / COMPUTATIONAL_EXECUTION_PASS,RETAIN_USCA_AUDIT,RETAIN_USCA_AUDIT,CONFIRMED_NATIVE_CANADA,CONFIRMED_NATIVE_CANADA,NO,UNCHANGED_UNDER_CORRECTED_PRECEDENCE,PASS,FALSE,FALSE,DIAGNOSTIC_ONLY_ZERO_INDEPENDENT_ROUTING_AUTHORITY,NONE,NONE,NONE,243978406cb913c13898b333671000c30592079d076ef8b995822a1684f8a8cd,d0ff6281d3e5a8aa2cb1438fd70cc2650163b6c512ffe8299c24d3555ddfcb64
2701784,Carya illinoinensis,MAINLINE_CONTRACT_SEMANTICS_FAIL / COMPUTATIONAL_EXECUTION_PASS,BORDERLINE_MEXICO,BORDERLINE_MEXICO,CONFIRMED_NATIVE_MEXICO,CONFIRMED_NATIVE_MEXICO,NO,UNCHANGED_UNDER_CORRECTED_PRECEDENCE,PASS,FALSE,FALSE,DIAGNOSTIC_ONLY_ZERO_INDEPENDENT_ROUTING_AUTHORITY,MXC:Mexico Central;MXE:Mexico Northeast;MXG:Mexico Gulf;MXS:Mexico Southwest,NONE,NONE,243978406cb913c13898b333671000c30592079d076ef8b995822a1684f8a8cd,d0ff6281d3e5a8aa2cb1438fd70cc2650163b6c512ffe8299c24d3555ddfcb64
2701789,Carya laciniosa,MAINLINE_CONTRACT_SEMANTICS_FAIL / COMPUTATIONAL_EXECUTION_PASS,RETAIN_USCA_AUDIT,RETAIN_USCA_AUDIT,CONFIRMED_NATIVE_CANADA,CONFIRMED_NATIVE_CANADA,NO,UNCHANGED_UNDER_CORRECTED_PRECEDENCE,PASS,FALSE,FALSE,DIAGNOSTIC_ONLY_ZERO_INDEPENDENT_ROUTING_AUTHORITY,NONE,NONE,NONE,243978406cb913c13898b333671000c30592079d076ef8b995822a1684f8a8cd,d0ff6281d3e5a8aa2cb1438fd70cc2650163b6c512ffe8299c24d3555ddfcb64
2701803,Carya myristiciformis,MAINLINE_CONTRACT_SEMANTICS_FAIL / COMPUTATIONAL_EXECUTION_PASS,BORDERLINE_MEXICO,BORDERLINE_MEXICO,CONFIRMED_NATIVE_MEXICO,CONFIRMED_NATIVE_MEXICO,NO,UNCHANGED_UNDER_CORRECTED_PRECEDENCE,PASS,FALSE,FALSE,DIAGNOSTIC_ONLY_ZERO_INDEPENDENT_ROUTING_AUTHORITY,MXE:Mexico Northeast,NONE,NONE,243978406cb913c13898b333671000c30592079d076ef8b995822a1684f8a8cd,d0ff6281d3e5a8aa2cb1438fd70cc2650163b6c512ffe8299c24d3555ddfcb64
2701831,Carya ovata,MAINLINE_CONTRACT_SEMANTICS_FAIL / COMPUTATIONAL_EXECUTION_PASS,BORDERLINE_MEXICO,BORDERLINE_MEXICO,CONFIRMED_NATIVE_MEXICO,CONFIRMED_NATIVE_MEXICO,NO,UNCHANGED_UNDER_CORRECTED_PRECEDENCE,PASS,FALSE,FALSE,DIAGNOSTIC_ONLY_ZERO_INDEPENDENT_ROUTING_AUTHORITY,MXC:Mexico Central;MXE:Mexico Northeast;MXG:Mexico Gulf;MXS:Mexico Southwest,NONE,NONE,243978406cb913c13898b333671000c30592079d076ef8b995822a1684f8a8cd,d0ff6281d3e5a8aa2cb1438fd70cc2650163b6c512ffe8299c24d3555ddfcb64
2701846,Carya pallida,MAINLINE_CONTRACT_SEMANTICS_FAIL / COMPUTATIONAL_EXECUTION_PASS,PASS_COARSE,PASS_COARSE,NO_CONFIRMED_EXTERNAL_NATIVE_EXTENSION_IN_FROZEN_D08B1,NO_CONFIRMED_EXTERNAL_NATIVE_EXTENSION_IN_FROZEN_D08B1,NO,UNCHANGED_UNDER_CORRECTED_PRECEDENCE,PASS,FALSE,FALSE,DIAGNOSTIC_ONLY_ZERO_INDEPENDENT_ROUTING_AUTHORITY,NONE,NONE,NONE,243978406cb913c13898b333671000c30592079d076ef8b995822a1684f8a8cd,d0ff6281d3e5a8aa2cb1438fd70cc2650163b6c512ffe8299c24d3555ddfcb64
2701863,Carya texana,MAINLINE_CONTRACT_SEMANTICS_FAIL / COMPUTATIONAL_EXECUTION_PASS,PASS_COARSE,PASS_COARSE,NO_CONFIRMED_EXTERNAL_NATIVE_EXTENSION_IN_FROZEN_D08B1,NO_CONFIRMED_EXTERNAL_NATIVE_EXTENSION_IN_FROZEN_D08B1,NO,UNCHANGED_UNDER_CORRECTED_PRECEDENCE,PASS,FALSE,FALSE,DIAGNOSTIC_ONLY_ZERO_INDEPENDENT_ROUTING_AUTHORITY,NONE,NONE,NONE,243978406cb913c13898b333671000c30592079d076ef8b995822a1684f8a8cd,d0ff6281d3e5a8aa2cb1438fd70cc2650163b6c512ffe8299c24d3555ddfcb64
2701867,Carya tomentosa,MAINLINE_CONTRACT_SEMANTICS_FAIL / COMPUTATIONAL_EXECUTION_PASS,RETAIN_USCA_AUDIT,RETAIN_USCA_AUDIT,CONFIRMED_NATIVE_CANADA,CONFIRMED_NATIVE_CANADA,NO,UNCHANGED_UNDER_CORRECTED_PRECEDENCE,PASS,FALSE,FALSE,DIAGNOSTIC_ONLY_ZERO_INDEPENDENT_ROUTING_AUTHORITY,NONE,NONE,NONE,243978406cb913c13898b333671000c30592079d076ef8b995822a1684f8a8cd,d0ff6281d3e5a8aa2cb1438fd70cc2650163b6c512ffe8299c24d3555ddfcb64
2708323,Celtis laevigata,MAINLINE_CONTRACT_SEMANTICS_FAIL / COMPUTATIONAL_EXECUTION_PASS,FAIL_EXTRA_NA,BORDERLINE_OTHER_NA,TRANSCONTINENTAL_EXTENSION,CONFIRMED_NATIVE_OTHER_NA_EXTENSION,YES,"V01 transcontinental-only Class-1 authority removed; explicit frozen evidence is North-America-side other extension, so corrected Class 2 controls.",PASS,FALSE,TRUE,DIAGNOSTIC_ONLY_ZERO_INDEPENDENT_ROUTING_AUTHORITY,BER:Bermuda;MXE:Mexico Northeast;MXG:Mexico Gulf;MXN:Mexico Northwest;MXS:Mexico Southwest,NONE,BER:Bermuda,243978406cb913c13898b333671000c30592079d076ef8b995822a1684f8a8cd,d0ff6281d3e5a8aa2cb1438fd70cc2650163b6c512ffe8299c24d3555ddfcb64
2708380,Celtis occidentalis,MAINLINE_CONTRACT_SEMANTICS_FAIL / COMPUTATIONAL_EXECUTION_PASS,RETAIN_USCA_AUDIT,RETAIN_USCA_AUDIT,CONFIRMED_NATIVE_CANADA,CONFIRMED_NATIVE_CANADA,NO,UNCHANGED_UNDER_CORRECTED_PRECEDENCE,PASS,FALSE,FALSE,DIAGNOSTIC_ONLY_ZERO_INDEPENDENT_ROUTING_AUTHORITY,NONE,NONE,NONE,243978406cb913c13898b333671000c30592079d076ef8b995822a1684f8a8cd,d0ff6281d3e5a8aa2cb1438fd70cc2650163b6c512ffe8299c24d3555ddfcb64
2708432,Celtis reticulata,MAINLINE_CONTRACT_SEMANTICS_FAIL / COMPUTATIONAL_EXECUTION_PASS,BORDERLINE_MEXICO,BORDERLINE_MEXICO,CONFIRMED_NATIVE_MEXICO,CONFIRMED_NATIVE_MEXICO,NO,UNCHANGED_UNDER_CORRECTED_PRECEDENCE,PASS,FALSE,FALSE,DIAGNOSTIC_ONLY_ZERO_INDEPENDENT_ROUTING_AUTHORITY,MXC:Mexico Central;MXE:Mexico Northeast;MXN:Mexico Northwest;MXS:Mexico Southwest,NONE,NONE,243978406cb913c13898b333671000c30592079d076ef8b995822a1684f8a8cd,d0ff6281d3e5a8aa2cb1438fd70cc2650163b6c512ffe8299c24d3555ddfcb64
2711403,Cercis canadensis,MAINLINE_CONTRACT_SEMANTICS_FAIL / COMPUTATIONAL_EXECUTION_PASS,BORDERLINE_MEXICO,BORDERLINE_MEXICO,CONFIRMED_NATIVE_MEXICO,CONFIRMED_NATIVE_MEXICO,NO,UNCHANGED_UNDER_CORRECTED_PRECEDENCE,PASS,FALSE,FALSE,DIAGNOSTIC_ONLY_ZERO_INDEPENDENT_ROUTING_AUTHORITY,MXC:Mexico Central;MXE:Mexico Northeast;MXG:Mexico Gulf,NONE,NONE,243978406cb913c13898b333671000c30592079d076ef8b995822a1684f8a8cd,d0ff6281d3e5a8aa2cb1438fd70cc2650163b6c512ffe8299c24d3555ddfcb64
2724586,Cladrastis kentukea,MAINLINE_CONTRACT_SEMANTICS_FAIL / COMPUTATIONAL_EXECUTION_PASS,PASS_COARSE,PASS_COARSE,NO_CONFIRMED_EXTERNAL_NATIVE_EXTENSION_IN_FROZEN_D08B1,NO_CONFIRMED_EXTERNAL_NATIVE_EXTENSION_IN_FROZEN_D08B1,NO,UNCHANGED_UNDER_CORRECTED_PRECEDENCE,PASS,FALSE,FALSE,DIAGNOSTIC_ONLY_ZERO_INDEPENDENT_ROUTING_AUTHORITY,NONE,NONE,NONE,243978406cb913c13898b333671000c30592079d076ef8b995822a1684f8a8cd,d0ff6281d3e5a8aa2cb1438fd70cc2650163b6c512ffe8299c24d3555ddfcb64
2729242,Coccoloba diversifolia,MAINLINE_CONTRACT_SEMANTICS_FAIL / COMPUTATIONAL_EXECUTION_PASS,FAIL_EXTRA_NA,FAIL_EXTRA_NA,EXTRA_NA_AND_TRANSCONTINENTAL,CONFIRMED_NATIVE_OUTSIDE_NORTH_AMERICA,NO,UNCHANGED_UNDER_CORRECTED_PRECEDENCE,PASS,TRUE,TRUE,DIAGNOSTIC_ONLY_ZERO_INDEPENDENT_ROUTING_AUTHORITY,ARU:Aruba;BAH:Bahamas;BLZ:Belize;CUB:Cuba;DOM:Dominican Republic;GUA:Guatemala;HAI:Haiti;HON:Honduras;JAM:Jamaica;LEE:Leeward Is.;MXE:Mexico Northeast;MXG:Mexico Gulf;MXS:Mexico Southwest;MXT:Mexico Southeast;NLA:Netherlands Antilles;PUE:Puerto Rico;SWC:Southwest Caribbean;TCI:Turks-Caicos Is.;VEN:Venezuela;WIN:Windward Is.,VEN:Venezuela,ARU:Aruba;BAH:Bahamas;CUB:Cuba;DOM:Dominican Republic;HAI:Haiti;JAM:Jamaica;LEE:Leeward Is.;NLA:Netherlands Antilles;PUE:Puerto Rico;SWC:Southwest Caribbean;TCI:Turks-Caicos Is.;WIN:Windward Is.,243978406cb913c13898b333671000c30592079d076ef8b995822a1684f8a8cd,d0ff6281d3e5a8aa2cb1438fd70cc2650163b6c512ffe8299c24d3555ddfcb64
2733979,Condalia hookeri,MAINLINE_CONTRACT_SEMANTICS_FAIL / COMPUTATIONAL_EXECUTION_PASS,BORDERLINE_MEXICO,BORDERLINE_MEXICO,CONFIRMED_NATIVE_MEXICO,CONFIRMED_NATIVE_MEXICO,NO,UNCHANGED_UNDER_CORRECTED_PRECEDENCE,PASS,FALSE,FALSE,DIAGNOSTIC_ONLY_ZERO_INDEPENDENT_ROUTING_AUTHORITY,MXE:Mexico Northeast;MXG:Mexico Gulf,NONE,NONE,243978406cb913c13898b333671000c30592079d076ef8b995822a1684f8a8cd,d0ff6281d3e5a8aa2cb1438fd70cc2650163b6c512ffe8299c24d3555ddfcb64
2734516,Conocarpus erectus,MAINLINE_CONTRACT_SEMANTICS_FAIL / COMPUTATIONAL_EXECUTION_PASS,FAIL_EXTRA_NA,FAIL_EXTRA_NA,EXTRA_NA_AND_TRANSCONTINENTAL,CONFIRMED_NATIVE_OUTSIDE_NORTH_AMERICA,NO,UNCHANGED_UNDER_CORRECTED_PRECEDENCE,PASS,TRUE,TRUE,DIAGNOSTIC_ONLY_ZERO_INDEPENDENT_ROUTING_AUTHORITY,ANG:Angola;ARU:Aruba;BAH:Bahamas;BEN:Benin;BER:Bermuda;BLZ:Belize;BZE:Brazil Northeast;BZL:Brazil Southeast;BZN:Brazil North;BZS:Brazil South;CAB:Cabinda;CAY:Cayman Is.;CLM:Colombia;CMN:Cameroon;CON:Congo;COS:Costa Rica;CPI:Central American Pacific Is.;CUB:Cuba;DOM:Dominican Republic;ECU:Ecuador;ELS:El Salvador;FRG:French Guiana;GAB:Gabon;GAL:Galápagos;GAM:Gambia;GGI:Gulf of Guinea Is.;GHA:Ghana;GNB:Guinea-Bissau;GUA:Guatemala;GUI:Guinea;GUY:Guyana;HAI:Haiti;HON:Honduras;IVO:Ivory Coast;JAM:Jamaica;LBR:Liberia;LEE:Leeward Is.;MXC:Mexico Central;MXE:Mexico Northeast;MXG:Mexico Gulf;MXI:Mexican Pacific Is.;MXN:Mexico Northwest;MXS:Mexico Southwest;MXT:Mexico Southeast;NGA:Nigeria;NIC:Nicaragua;NLA:Netherlands Antilles;PAN:Panamá;PER:Peru;PUE:Puerto Rico;SEN:Senegal;SIE:Sierra Leone;SUR:Suriname;SWC:Southwest Caribbean;TCI:Turks-Caicos Is.;TRT:Trinidad-Tobago;VEN:Venezuela;VNA:Venezuelan Antilles;WIN:Windward Is.;ZAI:DR Congo,ANG:Angola;BEN:Benin;BZE:Brazil Northeast;BZL:Brazil Southeast;BZN:Brazil North;BZS:Brazil South;CAB:Cabinda;CLM:Colombia;CMN:Cameroon;CON:Congo;ECU:Ecuador;FRG:French Guiana;GAB:Gabon;GAL:Galápagos;GAM:Gambia;GGI:Gulf of Guinea Is.;GHA:Ghana;GNB:Guinea-Bissau;GUI:Guinea;GUY:Guyana;IVO:Ivory Coast;LBR:Liberia;NGA:Nigeria;PER:Peru;SEN:Senegal;SIE:Sierra Leone;SUR:Suriname;VEN:Venezuela;ZAI:DR Congo,ARU:Aruba;BAH:Bahamas;BER:Bermuda;CAY:Cayman Is.;CUB:Cuba;DOM:Dominican Republic;HAI:Haiti;JAM:Jamaica;LEE:Leeward Is.;NLA:Netherlands Antilles;PUE:Puerto Rico;SWC:Southwest Caribbean;TCI:Turks-Caicos Is.;TRT:Trinidad-Tobago;VNA:Venezuelan Antilles;WIN:Windward Is.,243978406cb913c13898b333671000c30592079d076ef8b995822a1684f8a8cd,d0ff6281d3e5a8aa2cb1438fd70cc2650163b6c512ffe8299c24d3555ddfcb64
2736585,Cordia boissieri,MAINLINE_CONTRACT_SEMANTICS_FAIL / COMPUTATIONAL_EXECUTION_PASS,BORDERLINE_MEXICO,BORDERLINE_MEXICO,CONFIRMED_NATIVE_MEXICO,CONFIRMED_NATIVE_MEXICO,NO,UNCHANGED_UNDER_CORRECTED_PRECEDENCE,PASS,FALSE,FALSE,DIAGNOSTIC_ONLY_ZERO_INDEPENDENT_ROUTING_AUTHORITY,MXE:Mexico Northeast;MXG:Mexico Gulf,NONE,NONE,243978406cb913c13898b333671000c30592079d076ef8b995822a1684f8a8cd,d0ff6281d3e5a8aa2cb1438fd70cc2650163b6c512ffe8299c24d3555ddfcb64
2740014,Cotinus obovatus,MAINLINE_CONTRACT_SEMANTICS_FAIL / COMPUTATIONAL_EXECUTION_PASS,PASS_COARSE,PASS_COARSE,NO_CONFIRMED_EXTERNAL_NATIVE_EXTENSION_IN_FROZEN_D08B1,NO_CONFIRMED_EXTERNAL_NATIVE_EXTENSION_IN_FROZEN_D08B1,NO,UNCHANGED_UNDER_CORRECTED_PRECEDENCE,PASS,FALSE,FALSE,DIAGNOSTIC_ONLY_ZERO_INDEPENDENT_ROUTING_AUTHORITY,NONE,NONE,NONE,243978406cb913c13898b333671000c30592079d076ef8b995822a1684f8a8cd,d0ff6281d3e5a8aa2cb1438fd70cc2650163b6c512ffe8299c24d3555ddfcb64
2780305,Ebenopsis ebano,MAINLINE_CONTRACT_SEMANTICS_FAIL / COMPUTATIONAL_EXECUTION_PASS,BORDERLINE_MEXICO,BORDERLINE_MEXICO,CONFIRMED_NATIVE_MEXICO,CONFIRMED_NATIVE_MEXICO,NO,UNCHANGED_UNDER_CORRECTED_PRECEDENCE,PASS,FALSE,FALSE,DIAGNOSTIC_ONLY_ZERO_INDEPENDENT_ROUTING_AUTHORITY,MXE:Mexico Northeast;MXG:Mexico Gulf;MXN:Mexico Northwest;MXS:Mexico Southwest;MXT:Mexico Southeast,NONE,NONE,243978406cb913c13898b333671000c30592079d076ef8b995822a1684f8a8cd,d0ff6281d3e5a8aa2cb1438fd70cc2650163b6c512ffe8299c24d3555ddfcb64
2784654,Ehretia anacua,MAINLINE_CONTRACT_SEMANTICS_FAIL / COMPUTATIONAL_EXECUTION_PASS,BORDERLINE_MEXICO,BORDERLINE_MEXICO,CONFIRMED_NATIVE_MEXICO,CONFIRMED_NATIVE_MEXICO,NO,UNCHANGED_UNDER_CORRECTED_PRECEDENCE,PASS,FALSE,FALSE,DIAGNOSTIC_ONLY_ZERO_INDEPENDENT_ROUTING_AUTHORITY,MXE:Mexico Northeast;MXG:Mexico Gulf;MXS:Mexico Southwest,NONE,NONE,243978406cb913c13898b333671000c30592079d076ef8b995822a1684f8a8cd,d0ff6281d3e5a8aa2cb1438fd70cc2650163b6c512ffe8299c24d3555ddfcb64
2809576,Ficus aurea,MAINLINE_CONTRACT_SEMANTICS_FAIL / COMPUTATIONAL_EXECUTION_PASS,FAIL_EXTRA_NA,BORDERLINE_OTHER_NA,TRANSCONTINENTAL_EXTENSION,CONFIRMED_NATIVE_CENTRAL_AMERICA,YES,"V01 transcontinental-only Class-1 authority removed; explicit frozen evidence is North-America-side other extension, so corrected Class 2 controls.",PASS,FALSE,TRUE,DIAGNOSTIC_ONLY_ZERO_INDEPENDENT_ROUTING_AUTHORITY,BAH:Bahamas;BLZ:Belize;CAY:Cayman Is.;COS:Costa Rica;CPI:Central American Pacific Is.;CUB:Cuba;DOM:Dominican Republic;ELS:El Salvador;GUA:Guatemala;HAI:Haiti;HON:Honduras;JAM:Jamaica;MXG:Mexico Gulf;MXS:Mexico Southwest;MXT:Mexico Southeast;NIC:Nicaragua;PAN:Panamá;SWC:Southwest Caribbean;TCI:Turks-Caicos Is.,NONE,BAH:Bahamas;CAY:Cayman Is.;CUB:Cuba;DOM:Dominican Republic;HAI:Haiti;JAM:Jamaica;SWC:Southwest Caribbean;TCI:Turks-Caicos Is.,243978406cb913c13898b333671000c30592079d076ef8b995822a1684f8a8cd,d0ff6281d3e5a8aa2cb1438fd70cc2650163b6c512ffe8299c24d3555ddfcb64
2826455,Gleditsia aquatica,MAINLINE_CONTRACT_SEMANTICS_FAIL / COMPUTATIONAL_EXECUTION_PASS,BORDERLINE_MEXICO,BORDERLINE_MEXICO,CONFIRMED_NATIVE_MEXICO,CONFIRMED_NATIVE_MEXICO,NO,UNCHANGED_UNDER_CORRECTED_PRECEDENCE,PASS,FALSE,FALSE,DIAGNOSTIC_ONLY_ZERO_INDEPENDENT_ROUTING_AUTHORITY,MXE:Mexico Northeast,NONE,NONE,243978406cb913c13898b333671000c30592079d076ef8b995822a1684f8a8cd,d0ff6281d3e5a8aa2cb1438fd70cc2650163b6c512ffe8299c24d3555ddfcb64
2826513,Gleditsia triacanthos,MAINLINE_CONTRACT_SEMANTICS_FAIL / COMPUTATIONAL_EXECUTION_PASS,BORDERLINE_MEXICO,BORDERLINE_MEXICO,CONFIRMED_NATIVE_MEXICO,CONFIRMED_NATIVE_MEXICO,NO,UNCHANGED_UNDER_CORRECTED_PRECEDENCE,PASS,FALSE,FALSE,DIAGNOSTIC_ONLY_ZERO_INDEPENDENT_ROUTING_AUTHORITY,MXE:Mexico Northeast;MXN:Mexico Northwest,NONE,NONE,243978406cb913c13898b333671000c30592079d076ef8b995822a1684f8a8cd,d0ff6281d3e5a8aa2cb1438fd70cc2650163b6c512ffe8299c24d3555ddfcb64
2830846,Gordonia lasianthus,MAINLINE_CONTRACT_SEMANTICS_FAIL / COMPUTATIONAL_EXECUTION_PASS,PASS_COARSE,PASS_COARSE,NO_CONFIRMED_EXTERNAL_NATIVE_EXTENSION_IN_FROZEN_D08B1,NO_CONFIRMED_EXTERNAL_NATIVE_EXTENSION_IN_FROZEN_D08B1,NO,UNCHANGED_UNDER_CORRECTED_PRECEDENCE,PASS,FALSE,FALSE,DIAGNOSTIC_ONLY_ZERO_INDEPENDENT_ROUTING_AUTHORITY,NONE,NONE,NONE,243978406cb913c13898b333671000c30592079d076ef8b995822a1684f8a8cd,d0ff6281d3e5a8aa2cb1438fd70cc2650163b6c512ffe8299c24d3555ddfcb64
2835921,Gymnocladus dioicus,MAINLINE_CONTRACT_SEMANTICS_FAIL / COMPUTATIONAL_EXECUTION_PASS,RETAIN_USCA_AUDIT,RETAIN_USCA_AUDIT,CONFIRMED_NATIVE_CANADA,CONFIRMED_NATIVE_CANADA,NO,UNCHANGED_UNDER_CORRECTED_PRECEDENCE,PASS,FALSE,FALSE,DIAGNOSTIC_ONLY_ZERO_INDEPENDENT_ROUTING_AUTHORITY,NONE,NONE,NONE,243978406cb913c13898b333671000c30592079d076ef8b995822a1684f8a8cd,d0ff6281d3e5a8aa2cb1438fd70cc2650163b6c512ffe8299c24d3555ddfcb64
2838104,Halesia carolina,MAINLINE_CONTRACT_SEMANTICS_FAIL / COMPUTATIONAL_EXECUTION_PASS,PASS_COARSE,PASS_COARSE,NO_CONFIRMED_EXTERNAL_NATIVE_EXTENSION_IN_FROZEN_D08B1,NO_CONFIRMED_EXTERNAL_NATIVE_EXTENSION_IN_FROZEN_D08B1,NO,UNCHANGED_UNDER_CORRECTED_PRECEDENCE,PASS,FALSE,FALSE,DIAGNOSTIC_ONLY_ZERO_INDEPENDENT_ROUTING_AUTHORITY,NONE,NONE,NONE,243978406cb913c13898b333671000c30592079d076ef8b995822a1684f8a8cd,d0ff6281d3e5a8aa2cb1438fd70cc2650163b6c512ffe8299c24d3555ddfcb64
2838115,Halesia diptera,MAINLINE_CONTRACT_SEMANTICS_FAIL / COMPUTATIONAL_EXECUTION_PASS,PASS_COARSE,PASS_COARSE,NO_CONFIRMED_EXTERNAL_NATIVE_EXTENSION_IN_FROZEN_D08B1,NO_CONFIRMED_EXTERNAL_NATIVE_EXTENSION_IN_FROZEN_D08B1,NO,UNCHANGED_UNDER_CORRECTED_PRECEDENCE,PASS,FALSE,FALSE,DIAGNOSTIC_ONLY_ZERO_INDEPENDENT_ROUTING_AUTHORITY,NONE,NONE,NONE,243978406cb913c13898b333671000c30592079d076ef8b995822a1684f8a8cd,d0ff6281d3e5a8aa2cb1438fd70cc2650163b6c512ffe8299c24d3555ddfcb64
2860502,Ilex cassine,MAINLINE_CONTRACT_SEMANTICS_FAIL / COMPUTATIONAL_EXECUTION_PASS,FAIL_EXTRA_NA,BORDERLINE_OTHER_NA,TRANSCONTINENTAL_EXTENSION,CONFIRMED_NATIVE_OTHER_NA_EXTENSION,YES,"V01 transcontinental-only Class-1 authority removed; explicit frozen evidence is North-America-side other extension, so corrected Class 2 controls.",PASS,FALSE,TRUE,DIAGNOSTIC_ONLY_ZERO_INDEPENDENT_ROUTING_AUTHORITY,BAH:Bahamas;CUB:Cuba;MXC:Mexico Central;MXE:Mexico Northeast;MXG:Mexico Gulf;MXN:Mexico Northwest;MXS:Mexico Southwest,NONE,BAH:Bahamas;CUB:Cuba,243978406cb913c13898b333671000c30592079d076ef8b995822a1684f8a8cd,d0ff6281d3e5a8aa2cb1438fd70cc2650163b6c512ffe8299c24d3555ddfcb64
2861190,Ilex opaca,MAINLINE_CONTRACT_SEMANTICS_FAIL / COMPUTATIONAL_EXECUTION_PASS,PASS_COARSE,PASS_COARSE,NO_CONFIRMED_EXTERNAL_NATIVE_EXTENSION_IN_FROZEN_D08B1,NO_CONFIRMED_EXTERNAL_NATIVE_EXTENSION_IN_FROZEN_D08B1,NO,UNCHANGED_UNDER_CORRECTED_PRECEDENCE,PASS,FALSE,FALSE,DIAGNOSTIC_ONLY_ZERO_INDEPENDENT_ROUTING_AUTHORITY,NONE,NONE,NONE,243978406cb913c13898b333671000c30592079d076ef8b995822a1684f8a8cd,d0ff6281d3e5a8aa2cb1438fd70cc2650163b6c512ffe8299c24d3555ddfcb64
2861645,Ilex vomitoria,MAINLINE_CONTRACT_SEMANTICS_FAIL / COMPUTATIONAL_EXECUTION_PASS,FAIL_EXTRA_NA,BORDERLINE_OTHER_NA,TRANSCONTINENTAL_EXTENSION,CONFIRMED_NATIVE_OTHER_NA_EXTENSION,YES,"V01 transcontinental-only Class-1 authority removed; explicit frozen evidence is North-America-side other extension, so corrected Class 2 controls.",PASS,FALSE,TRUE,DIAGNOSTIC_ONLY_ZERO_INDEPENDENT_ROUTING_AUTHORITY,CUB:Cuba;MXT:Mexico Southeast,NONE,CUB:Cuba,243978406cb913c13898b333671000c30592079d076ef8b995822a1684f8a8cd,d0ff6281d3e5a8aa2cb1438fd70cc2650163b6c512ffe8299c24d3555ddfcb64
2915966,Prunus serotina,MAINLINE_CONTRACT_SEMANTICS_FAIL / COMPUTATIONAL_EXECUTION_PASS,FAIL_EXTRA_NA,BORDERLINE_OTHER_NA,TRANSCONTINENTAL_EXTENSION,CONFIRMED_NATIVE_CENTRAL_AMERICA,YES,"V01 transcontinental-only Class-1 authority removed; explicit frozen evidence is North-America-side other extension, so corrected Class 2 controls.",PASS,FALSE,TRUE,DIAGNOSTIC_ONLY_ZERO_INDEPENDENT_ROUTING_AUTHORITY,ELS:El Salvador;GUA:Guatemala;HON:Honduras;MXC:Mexico Central;MXE:Mexico Northeast;MXG:Mexico Gulf;MXI:Mexican Pacific Is.;MXN:Mexico Northwest;MXS:Mexico Southwest;MXT:Mexico Southeast;PAN:Panamá,NONE,NONE,243978406cb913c13898b333671000c30592079d076ef8b995822a1684f8a8cd,d0ff6281d3e5a8aa2cb1438fd70cc2650163b6c512ffe8299c24d3555ddfcb64
2917212,Populus deltoides,MAINLINE_CONTRACT_SEMANTICS_FAIL / COMPUTATIONAL_EXECUTION_PASS,BORDERLINE_MEXICO,BORDERLINE_MEXICO,CONFIRMED_NATIVE_MEXICO,CONFIRMED_NATIVE_MEXICO,NO,UNCHANGED_UNDER_CORRECTED_PRECEDENCE,PASS,FALSE,FALSE,DIAGNOSTIC_ONLY_ZERO_INDEPENDENT_ROUTING_AUTHORITY,MXE:Mexico Northeast;MXG:Mexico Gulf;MXN:Mexico Northwest;MXS:Mexico Southwest,NONE,NONE,243978406cb913c13898b333671000c30592079d076ef8b995822a1684f8a8cd,d0ff6281d3e5a8aa2cb1438fd70cc2650163b6c512ffe8299c24d3555ddfcb64
2917269,Populus fremontii,MAINLINE_CONTRACT_SEMANTICS_FAIL / COMPUTATIONAL_EXECUTION_PASS,BORDERLINE_MEXICO,BORDERLINE_MEXICO,CONFIRMED_NATIVE_MEXICO,CONFIRMED_NATIVE_MEXICO,NO,UNCHANGED_UNDER_CORRECTED_PRECEDENCE,PASS,FALSE,FALSE,DIAGNOSTIC_ONLY_ZERO_INDEPENDENT_ROUTING_AUTHORITY,MXC:Mexico Central;MXE:Mexico Northeast;MXN:Mexico Northwest;MXS:Mexico Southwest;MXT:Mexico Southeast,NONE,NONE,243978406cb913c13898b333671000c30592079d076ef8b995822a1684f8a8cd,d0ff6281d3e5a8aa2cb1438fd70cc2650163b6c512ffe8299c24d3555ddfcb64
2917292,Populus balsamifera,MAINLINE_CONTRACT_SEMANTICS_FAIL / COMPUTATIONAL_EXECUTION_PASS,FAIL_EXTRA_NA,FAIL_EXTRA_NA,EXTRA_NA_AND_TRANSCONTINENTAL,CONFIRMED_NATIVE_OUTSIDE_NORTH_AMERICA,NO,UNCHANGED_UNDER_CORRECTED_PRECEDENCE,PASS,TRUE,TRUE,DIAGNOSTIC_ONLY_ZERO_INDEPENDENT_ROUTING_AUTHORITY,MAG:Magadan,MAG:Magadan,NONE,243978406cb913c13898b333671000c30592079d076ef8b995822a1684f8a8cd,d0ff6281d3e5a8aa2cb1438fd70cc2650163b6c512ffe8299c24d3555ddfcb64
2917437,Populus tristis,MAINLINE_CONTRACT_SEMANTICS_FAIL / COMPUTATIONAL_EXECUTION_PASS,BORDERLINE_MEXICO,BORDERLINE_MEXICO,CONFIRMED_NATIVE_MEXICO,CONFIRMED_NATIVE_MEXICO,NO,UNCHANGED_UNDER_CORRECTED_PRECEDENCE,PASS,FALSE,FALSE,DIAGNOSTIC_ONLY_ZERO_INDEPENDENT_ROUTING_AUTHORITY,MXN:Mexico Northwest,NONE,NONE,243978406cb913c13898b333671000c30592079d076ef8b995822a1684f8a8cd,d0ff6281d3e5a8aa2cb1438fd70cc2650163b6c512ffe8299c24d3555ddfcb64
2917451,Populus tremuloides,MAINLINE_CONTRACT_SEMANTICS_FAIL / COMPUTATIONAL_EXECUTION_PASS,BORDERLINE_MEXICO,BORDERLINE_MEXICO,CONFIRMED_NATIVE_MEXICO,CONFIRMED_NATIVE_MEXICO,NO,UNCHANGED_UNDER_CORRECTED_PRECEDENCE,PASS,FALSE,FALSE,DIAGNOSTIC_ONLY_ZERO_INDEPENDENT_ROUTING_AUTHORITY,MXC:Mexico Central;MXE:Mexico Northeast;MXG:Mexico Gulf;MXN:Mexico Northwest;MXS:Mexico Southwest,NONE,NONE,243978406cb913c13898b333671000c30592079d076ef8b995822a1684f8a8cd,d0ff6281d3e5a8aa2cb1438fd70cc2650163b6c512ffe8299c24d3555ddfcb64
2917577,Populus grandidentata,MAINLINE_CONTRACT_SEMANTICS_FAIL / COMPUTATIONAL_EXECUTION_PASS,RETAIN_USCA_AUDIT,RETAIN_USCA_AUDIT,CONFIRMED_NATIVE_CANADA,CONFIRMED_NATIVE_CANADA,NO,UNCHANGED_UNDER_CORRECTED_PRECEDENCE,PASS,FALSE,FALSE,DIAGNOSTIC_ONLY_ZERO_INDEPENDENT_ROUTING_AUTHORITY,NONE,NONE,NONE,243978406cb913c13898b333671000c30592079d076ef8b995822a1684f8a8cd,d0ff6281d3e5a8aa2cb1438fd70cc2650163b6c512ffe8299c24d3555ddfcb64
2917593,Populus heterophylla,MAINLINE_CONTRACT_SEMANTICS_FAIL / COMPUTATIONAL_EXECUTION_PASS,RETAIN_USCA_AUDIT,RETAIN_USCA_AUDIT,CONFIRMED_NATIVE_CANADA,CONFIRMED_NATIVE_CANADA,NO,UNCHANGED_UNDER_CORRECTED_PRECEDENCE,PASS,FALSE,FALSE,DIAGNOSTIC_ONLY_ZERO_INDEPENDENT_ROUTING_AUTHORITY,NONE,NONE,NONE,243978406cb913c13898b333671000c30592079d076ef8b995822a1684f8a8cd,d0ff6281d3e5a8aa2cb1438fd70cc2650163b6c512ffe8299c24d3555ddfcb64
2918617,Salix amygdaloides,MAINLINE_CONTRACT_SEMANTICS_FAIL / COMPUTATIONAL_EXECUTION_PASS,RETAIN_USCA_AUDIT,RETAIN_USCA_AUDIT,CONFIRMED_NATIVE_CANADA,CONFIRMED_NATIVE_CANADA,NO,UNCHANGED_UNDER_CORRECTED_PRECEDENCE,PASS,FALSE,FALSE,DIAGNOSTIC_ONLY_ZERO_INDEPENDENT_ROUTING_AUTHORITY,NONE,NONE,NONE,243978406cb913c13898b333671000c30592079d076ef8b995822a1684f8a8cd,d0ff6281d3e5a8aa2cb1438fd70cc2650163b6c512ffe8299c24d3555ddfcb64
2919167,Salix caroliniana,MAINLINE_CONTRACT_SEMANTICS_FAIL / COMPUTATIONAL_EXECUTION_PASS,FAIL_EXTRA_NA,BORDERLINE_OTHER_NA,TRANSCONTINENTAL_EXTENSION,CONFIRMED_NATIVE_CENTRAL_AMERICA,YES,"V01 transcontinental-only Class-1 authority removed; explicit frozen evidence is North-America-side other extension, so corrected Class 2 controls.",PASS,FALSE,TRUE,DIAGNOSTIC_ONLY_ZERO_INDEPENDENT_ROUTING_AUTHORITY,GUA:Guatemala;MXE:Mexico Northeast,NONE,NONE,243978406cb913c13898b333671000c30592079d076ef8b995822a1684f8a8cd,d0ff6281d3e5a8aa2cb1438fd70cc2650163b6c512ffe8299c24d3555ddfcb64
2919837,Salix nigra,MAINLINE_CONTRACT_SEMANTICS_FAIL / COMPUTATIONAL_EXECUTION_PASS,BORDERLINE_MEXICO,BORDERLINE_MEXICO,CONFIRMED_NATIVE_MEXICO,CONFIRMED_NATIVE_MEXICO,NO,UNCHANGED_UNDER_CORRECTED_PRECEDENCE,PASS,FALSE,FALSE,DIAGNOSTIC_ONLY_ZERO_INDEPENDENT_ROUTING_AUTHORITY,MXC:Mexico Central;MXE:Mexico Northeast;MXN:Mexico Northwest;MXS:Mexico Southwest,NONE,NONE,243978406cb913c13898b333671000c30592079d076ef8b995822a1684f8a8cd,d0ff6281d3e5a8aa2cb1438fd70cc2650163b6c512ffe8299c24d3555ddfcb64
2921945,Populus angustifolia,MAINLINE_CONTRACT_SEMANTICS_FAIL / COMPUTATIONAL_EXECUTION_PASS,BORDERLINE_MEXICO,BORDERLINE_MEXICO,CONFIRMED_NATIVE_MEXICO,CONFIRMED_NATIVE_MEXICO,NO,UNCHANGED_UNDER_CORRECTED_PRECEDENCE,PASS,FALSE,FALSE,DIAGNOSTIC_ONLY_ZERO_INDEPENDENT_ROUTING_AUTHORITY,MXE:Mexico Northeast;MXN:Mexico Northwest,NONE,NONE,243978406cb913c13898b333671000c30592079d076ef8b995822a1684f8a8cd,d0ff6281d3e5a8aa2cb1438fd70cc2650163b6c512ffe8299c24d3555ddfcb64
2940130,Amelanchier arborea,MAINLINE_CONTRACT_SEMANTICS_FAIL / COMPUTATIONAL_EXECUTION_PASS,RETAIN_USCA_AUDIT,RETAIN_USCA_AUDIT,CONFIRMED_NATIVE_CANADA,CONFIRMED_NATIVE_CANADA,NO,UNCHANGED_UNDER_CORRECTED_PRECEDENCE,PASS,FALSE,FALSE,DIAGNOSTIC_ONLY_ZERO_INDEPENDENT_ROUTING_AUTHORITY,NONE,NONE,NONE,243978406cb913c13898b333671000c30592079d076ef8b995822a1684f8a8cd,d0ff6281d3e5a8aa2cb1438fd70cc2650163b6c512ffe8299c24d3555ddfcb64
2940246,Amelanchier laevis,MAINLINE_CONTRACT_SEMANTICS_FAIL / COMPUTATIONAL_EXECUTION_PASS,RETAIN_USCA_AUDIT,RETAIN_USCA_AUDIT,CONFIRMED_NATIVE_CANADA,CONFIRMED_NATIVE_CANADA,NO,UNCHANGED_UNDER_CORRECTED_PRECEDENCE,PASS,FALSE,FALSE,DIAGNOSTIC_ONLY_ZERO_INDEPENDENT_ROUTING_AUTHORITY,NONE,NONE,NONE,243978406cb913c13898b333671000c30592079d076ef8b995822a1684f8a8cd,d0ff6281d3e5a8aa2cb1438fd70cc2650163b6c512ffe8299c24d3555ddfcb64
2943367,Cercocarpus ledifolius,MAINLINE_CONTRACT_SEMANTICS_FAIL / COMPUTATIONAL_EXECUTION_PASS,BORDERLINE_MEXICO,BORDERLINE_MEXICO,CONFIRMED_NATIVE_MEXICO,CONFIRMED_NATIVE_MEXICO,NO,UNCHANGED_UNDER_CORRECTED_PRECEDENCE,PASS,FALSE,FALSE,DIAGNOSTIC_ONLY_ZERO_INDEPENDENT_ROUTING_AUTHORITY,MXN:Mexico Northwest,NONE,NONE,243978406cb913c13898b333671000c30592079d076ef8b995822a1684f8a8cd,d0ff6281d3e5a8aa2cb1438fd70cc2650163b6c512ffe8299c24d3555ddfcb64
2945308,Crataegus crus-galli,MAINLINE_CONTRACT_SEMANTICS_FAIL / COMPUTATIONAL_EXECUTION_PASS,BORDERLINE_MEXICO,BORDERLINE_MEXICO,CONFIRMED_NATIVE_MEXICO,CONFIRMED_NATIVE_MEXICO,NO,UNCHANGED_UNDER_CORRECTED_PRECEDENCE,PASS,FALSE,FALSE,DIAGNOSTIC_ONLY_ZERO_INDEPENDENT_ROUTING_AUTHORITY,MXE:Mexico Northeast,NONE,NONE,243978406cb913c13898b333671000c30592079d076ef8b995822a1684f8a8cd,d0ff6281d3e5a8aa2cb1438fd70cc2650163b6c512ffe8299c24d3555ddfcb64
2946180,Crataegus mollis,MAINLINE_CONTRACT_SEMANTICS_FAIL / COMPUTATIONAL_EXECUTION_PASS,RETAIN_USCA_AUDIT,RETAIN_USCA_AUDIT,CONFIRMED_NATIVE_CANADA,CONFIRMED_NATIVE_CANADA,NO,UNCHANGED_UNDER_CORRECTED_PRECEDENCE,PASS,FALSE,FALSE,DIAGNOSTIC_ONLY_ZERO_INDEPENDENT_ROUTING_AUTHORITY,NONE,NONE,NONE,243978406cb913c13898b333671000c30592079d076ef8b995822a1684f8a8cd,d0ff6281d3e5a8aa2cb1438fd70cc2650163b6c512ffe8299c24d3555ddfcb64
2950397,Malus angustifolia,MAINLINE_CONTRACT_SEMANTICS_FAIL / COMPUTATIONAL_EXECUTION_PASS,PASS_COARSE,PASS_COARSE,NO_CONFIRMED_EXTERNAL_NATIVE_EXTENSION_IN_FROZEN_D08B1,NO_CONFIRMED_EXTERNAL_NATIVE_EXTENSION_IN_FROZEN_D08B1,NO,UNCHANGED_UNDER_CORRECTED_PRECEDENCE,PASS,FALSE,FALSE,DIAGNOSTIC_ONLY_ZERO_INDEPENDENT_ROUTING_AUTHORITY,NONE,NONE,NONE,243978406cb913c13898b333671000c30592079d076ef8b995822a1684f8a8cd,d0ff6281d3e5a8aa2cb1438fd70cc2650163b6c512ffe8299c24d3555ddfcb64
2950548,Malus coronaria,MAINLINE_CONTRACT_SEMANTICS_FAIL / COMPUTATIONAL_EXECUTION_PASS,RETAIN_USCA_AUDIT,RETAIN_USCA_AUDIT,CONFIRMED_NATIVE_CANADA,CONFIRMED_NATIVE_CANADA,NO,UNCHANGED_UNDER_CORRECTED_PRECEDENCE,PASS,FALSE,FALSE,DIAGNOSTIC_ONLY_ZERO_INDEPENDENT_ROUTING_AUTHORITY,NONE,NONE,NONE,243978406cb913c13898b333671000c30592079d076ef8b995822a1684f8a8cd,d0ff6281d3e5a8aa2cb1438fd70cc2650163b6c512ffe8299c24d3555ddfcb64
2950658,Malus fusca,MAINLINE_CONTRACT_SEMANTICS_FAIL / COMPUTATIONAL_EXECUTION_PASS,RETAIN_USCA_AUDIT,RETAIN_USCA_AUDIT,CONFIRMED_NATIVE_CANADA_AND_ALASKA,CONFIRMED_NATIVE_CANADA_AND_ALASKA,NO,UNCHANGED_UNDER_CORRECTED_PRECEDENCE,PASS,FALSE,FALSE,DIAGNOSTIC_ONLY_ZERO_INDEPENDENT_ROUTING_AUTHORITY,NONE,NONE,NONE,243978406cb913c13898b333671000c30592079d076ef8b995822a1684f8a8cd,d0ff6281d3e5a8aa2cb1438fd70cc2650163b6c512ffe8299c24d3555ddfcb64
2958765,Prunus americana,MAINLINE_CONTRACT_SEMANTICS_FAIL / COMPUTATIONAL_EXECUTION_PASS,RETAIN_USCA_AUDIT,RETAIN_USCA_AUDIT,CONFIRMED_NATIVE_CANADA,CONFIRMED_NATIVE_CANADA,NO,UNCHANGED_UNDER_CORRECTED_PRECEDENCE,PASS,FALSE,FALSE,DIAGNOSTIC_ONLY_ZERO_INDEPENDENT_ROUTING_AUTHORITY,NONE,NONE,NONE,243978406cb913c13898b333671000c30592079d076ef8b995822a1684f8a8cd,d0ff6281d3e5a8aa2cb1438fd70cc2650163b6c512ffe8299c24d3555ddfcb64
2959079,Prunus caroliniana,MAINLINE_CONTRACT_SEMANTICS_FAIL / COMPUTATIONAL_EXECUTION_PASS,PASS_COARSE,PASS_COARSE,NO_CONFIRMED_EXTERNAL_NATIVE_EXTENSION_IN_FROZEN_D08B1,NO_CONFIRMED_EXTERNAL_NATIVE_EXTENSION_IN_FROZEN_D08B1,NO,UNCHANGED_UNDER_CORRECTED_PRECEDENCE,PASS,FALSE,FALSE,DIAGNOSTIC_ONLY_ZERO_INDEPENDENT_ROUTING_AUTHORITY,NONE,NONE,NONE,243978406cb913c13898b333671000c30592079d076ef8b995822a1684f8a8cd,d0ff6281d3e5a8aa2cb1438fd70cc2650163b6c512ffe8299c24d3555ddfcb64
2959716,Prunus emarginata,MAINLINE_CONTRACT_SEMANTICS_FAIL / COMPUTATIONAL_EXECUTION_PASS,BORDERLINE_MEXICO,BORDERLINE_MEXICO,CONFIRMED_NATIVE_MEXICO,CONFIRMED_NATIVE_MEXICO,NO,UNCHANGED_UNDER_CORRECTED_PRECEDENCE,PASS,FALSE,FALSE,DIAGNOSTIC_ONLY_ZERO_INDEPENDENT_ROUTING_AUTHORITY,MXN:Mexico Northwest,NONE,NONE,243978406cb913c13898b333671000c30592079d076ef8b995822a1684f8a8cd,d0ff6281d3e5a8aa2cb1438fd70cc2650163b6c512ffe8299c24d3555ddfcb64
2960673,Prunus mexicana,MAINLINE_CONTRACT_SEMANTICS_FAIL / COMPUTATIONAL_EXECUTION_PASS,BORDERLINE_MEXICO,BORDERLINE_MEXICO,CONFIRMED_NATIVE_MEXICO,CONFIRMED_NATIVE_MEXICO,NO,UNCHANGED_UNDER_CORRECTED_PRECEDENCE,PASS,FALSE,FALSE,DIAGNOSTIC_ONLY_ZERO_INDEPENDENT_ROUTING_AUTHORITY,MXE:Mexico Northeast,NONE,NONE,243978406cb913c13898b333671000c30592079d076ef8b995822a1684f8a8cd,d0ff6281d3e5a8aa2cb1438fd70cc2650163b6c512ffe8299c24d3555ddfcb64
2961130,Prunus pensylvanica,MAINLINE_CONTRACT_SEMANTICS_FAIL / COMPUTATIONAL_EXECUTION_PASS,RETAIN_USCA_AUDIT,RETAIN_USCA_AUDIT,CONFIRMED_NATIVE_CANADA,CONFIRMED_NATIVE_CANADA,NO,UNCHANGED_UNDER_CORRECTED_PRECEDENCE,PASS,FALSE,FALSE,DIAGNOSTIC_ONLY_ZERO_INDEPENDENT_ROUTING_AUTHORITY,NONE,NONE,NONE,243978406cb913c13898b333671000c30592079d076ef8b995822a1684f8a8cd,d0ff6281d3e5a8aa2cb1438fd70cc2650163b6c512ffe8299c24d3555ddfcb64
2962364,Prunus virginiana,MAINLINE_CONTRACT_SEMANTICS_FAIL / COMPUTATIONAL_EXECUTION_PASS,BORDERLINE_MEXICO,BORDERLINE_MEXICO,CONFIRMED_NATIVE_MEXICO,CONFIRMED_NATIVE_MEXICO,NO,UNCHANGED_UNDER_CORRECTED_PRECEDENCE,PASS,FALSE,FALSE,DIAGNOSTIC_ONLY_ZERO_INDEPENDENT_ROUTING_AUTHORITY,MXN:Mexico Northwest,NONE,NONE,243978406cb913c13898b333671000c30592079d076ef8b995822a1684f8a8cd,d0ff6281d3e5a8aa2cb1438fd70cc2650163b6c512ffe8299c24d3555ddfcb64
2991391,Sorbus americana,MAINLINE_CONTRACT_SEMANTICS_FAIL / COMPUTATIONAL_EXECUTION_PASS,RETAIN_USCA_AUDIT,RETAIN_USCA_AUDIT,CONFIRMED_NATIVE_CANADA,CONFIRMED_NATIVE_CANADA,NO,UNCHANGED_UNDER_CORRECTED_PRECEDENCE,PASS,FALSE,FALSE,DIAGNOSTIC_ONLY_ZERO_INDEPENDENT_ROUTING_AUTHORITY,NONE,NONE,NONE,243978406cb913c13898b333671000c30592079d076ef8b995822a1684f8a8cd,d0ff6281d3e5a8aa2cb1438fd70cc2650163b6c512ffe8299c24d3555ddfcb64
2991806,Sorbus decora,MAINLINE_CONTRACT_SEMANTICS_FAIL / COMPUTATIONAL_EXECUTION_PASS,BORDERLINE_SOUTH,BORDERLINE_OTHER_NA,CONFIRMED_NATIVE_OTHER_NA_SOUTH_OR_ISLAND,CONFIRMED_NATIVE_OTHER_NA_EXTENSION,YES,Class 2 was renamed and broadened to the corrected frozen semantic label BORDERLINE_OTHER_NA; underlying frozen external evidence remains North-America-side.,PASS,FALSE,FALSE,DIAGNOSTIC_ONLY_ZERO_INDEPENDENT_ROUTING_AUTHORITY,GNL:Greenland,NONE,GNL:Greenland,243978406cb913c13898b333671000c30592079d076ef8b995822a1684f8a8cd,d0ff6281d3e5a8aa2cb1438fd70cc2650163b6c512ffe8299c24d3555ddfcb64
