analysis_species_id,analysis_species_name,confirmed_native_CONUS,confirmed_native_Canada,confirmed_native_Alaska,confirmed_native_Mexico,confirmed_native_Central_America,confirmed_native_outside_USA_Canada,confirmed_native_outside_North_America,transcontinental_circumboreal_global_extension_flag,transcontinental_semantic_role,transcontinental_independent_trigger_used,all_distribution_flags_valid_binary,macro_region_rule_version,confirmed_native_level3_areas,confirmed_native_outside_USA_Canada_level3_areas,confirmed_native_outside_North_America_level3_areas,other_na_extension_level3_areas,doubtful_native_outside_primary_CONUS_level3_areas,routing_reconciliation_status,routing_reconciliation_fields,transcontinental_diagnostic_reconciliation,range_gate0_v02_class,range_gate0_v02_reason_code,range_gate0_v02_evidence_text,whole_range_core_route,requires_future_usca_little_audit,requires_future_external_range_audit,range_gate0_final_cohort_flag,source_global_range_flags_sha256,source_native_distribution_long_sha256
6544,Alnus oblongifolia,TRUE,FALSE,FALSE,TRUE,FALSE,TRUE,FALSE,FALSE,DIAGNOSTIC_ONLY_ZERO_INDEPENDENT_ROUTING_AUTHORITY,0,1,TAXON_RANGE_BUILD_CONTRACT_v01,ARI:Arizona;MXE:Mexico Northeast;MXN:Mexico Northwest;NWM:New Mexico,MXE:Mexico Northeast;MXN:Mexico Northwest,,,,MATCH,,MATCH,BORDERLINE_MEXICO,CONFIRMED_NATIVE_MEXICO,"D08B1 routing flags: Canada=FALSE, Alaska=FALSE, Mexico=TRUE, Central_America=FALSE, outside_USA_Canada=TRUE, outside_North_America=FALSE. Transcontinental diagnostic=FALSE; diagnostic-only with zero independent routing authority. Confirmed native Level-3 categorical evidence: ARI:Arizona;MXE:Mexico Northeast;MXN:Mexico Northwest;NWM:New Mexico. Outside USA+Canada units: MXE:Mexico Northeast;MXN:Mexico Northwest. No Level-3 count was interpreted as area/share/severity; no geometry was inferred.",HOLD_TARGETED_EXTERNAL_RANGE_AUDIT,0,1,0,dc64778032ed9bd301bfc7c14818fc3ba71a3b2621bb4e8b33ec558ecdf3d16d,559a2d6f7b0d67ad886468a2c0098e117c824f196f0a85d3bb7d99c466649017
6578,Alnus rhombifolia,TRUE,FALSE,FALSE,TRUE,FALSE,TRUE,FALSE,FALSE,DIAGNOSTIC_ONLY_ZERO_INDEPENDENT_ROUTING_AUTHORITY,0,1,TAXON_RANGE_BUILD_CONTRACT_v01,CAL:California;IDA:Idaho;MNT:Montana;MXN:Mexico Northwest;ORE:Oregon;WAS:Washington,MXN:Mexico Northwest,,,,MATCH,,MATCH,BORDERLINE_MEXICO,CONFIRMED_NATIVE_MEXICO,"D08B1 routing flags: Canada=FALSE, Alaska=FALSE, Mexico=TRUE, Central_America=FALSE, outside_USA_Canada=TRUE, outside_North_America=FALSE. Transcontinental diagnostic=FALSE; diagnostic-only with zero independent routing authority. Confirmed native Level-3 categorical evidence: CAL:California;IDA:Idaho;MNT:Montana;MXN:Mexico Northwest;ORE:Oregon;WAS:Washington. Outside USA+Canada units: MXN:Mexico Northwest. No Level-3 count was interpreted as area/share/severity; no geometry was inferred.",HOLD_TARGETED_EXTERNAL_RANGE_AUDIT,0,1,0,dc64778032ed9bd301bfc7c14818fc3ba71a3b2621bb4e8b33ec558ecdf3d16d,559a2d6f7b0d67ad886468a2c0098e117c824f196f0a85d3bb7d99c466649017
6584,Alnus rubra,TRUE,TRUE,TRUE,FALSE,FALSE,FALSE,FALSE,FALSE,DIAGNOSTIC_ONLY_ZERO_INDEPENDENT_ROUTING_AUTHORITY,0,1,TAXON_RANGE_BUILD_CONTRACT_v01,ASK:Alaska;BRC:British Columbia;CAL:California;IDA:Idaho;MNT:Montana;ORE:Oregon;WAS:Washington;YUK:Yukon,,,,,MATCH,,MATCH,RETAIN_USCA_AUDIT,CONFIRMED_NATIVE_CANADA_AND_ALASKA,"D08B1 routing flags: Canada=TRUE, Alaska=TRUE, Mexico=FALSE, Central_America=FALSE, outside_USA_Canada=FALSE, outside_North_America=FALSE. Transcontinental diagnostic=FALSE; diagnostic-only with zero independent routing authority. Confirmed native Level-3 categorical evidence: ASK:Alaska;BRC:British Columbia;CAL:California;IDA:Idaho;MNT:Montana;ORE:Oregon;WAS:Washington;YUK:Yukon. No Level-3 count was interpreted as area/share/severity; no geometry was inferred.",RETAIN_FOR_LITTLE_OR_USCA_TRUNCATION_AUDIT,1,0,0,dc64778032ed9bd301bfc7c14818fc3ba71a3b2621bb4e8b33ec558ecdf3d16d,559a2d6f7b0d67ad886468a2c0098e117c824f196f0a85d3bb7d99c466649017
21135,Betula alleghaniensis,TRUE,TRUE,FALSE,FALSE,FALSE,FALSE,FALSE,FALSE,DIAGNOSTIC_ONLY_ZERO_INDEPENDENT_ROUTING_AUTHORITY,0,1,TAXON_RANGE_BUILD_CONTRACT_v01,ALA:Alabama;CNT:Connecticut;GEO:Georgia;ILL:Illinois;INI:Indiana;IOW:Iowa;KTY:Kentucky;MAI:Maine;MAS:Massachusetts;MIC:Michigan;MIN:Minnesota;MRY:Maryland;NBR:New Brunswick;NCA:North Carolina;NFL:Newfoundland;NSC:Nova Scotia;NWH:New Hampshire;NWJ:New Jersey;NWY:New York;OHI:Ohio;ONT:Ontario;PEI:Prince Edward I.;PEN:Pennsylvania;QUE:Québec;RHO:Rhode I.;SCA:South Carolina;TEN:Tennessee;VER:Vermont;VRG:Virginia;WIS:Wisconsin;WVA:West Virginia,,,,,MATCH,,MATCH,RETAIN_USCA_AUDIT,CONFIRMED_NATIVE_CANADA,"D08B1 routing flags: Canada=TRUE, Alaska=FALSE, Mexico=FALSE, Central_America=FALSE, outside_USA_Canada=FALSE, outside_North_America=FALSE. Transcontinental diagnostic=FALSE; diagnostic-only with zero independent routing authority. Confirmed native Level-3 categorical evidence: ALA:Alabama;CNT:Connecticut;GEO:Georgia;ILL:Illinois;INI:Indiana;IOW:Iowa;KTY:Kentucky;MAI:Maine;MAS:Massachusetts;MIC:Michigan;MIN:Minnesota;MRY:Maryland;NBR:New Brunswick;NCA:North Carolina;NFL:Newfoundland;NSC:Nova Scotia;NWH:New Hampshire;NWJ:New Jersey;NWY:New York;OHI:Ohio;ONT:Ontario;PEI:Prince Edward I.;PEN:Pennsylvania;QUE:Québec;RHO:Rhode I.;SCA:South Carolina;TEN:Tennessee;VER:Vermont;VRG:Virginia;WIS:Wisconsin;WVA:West Virginia. No Level-3 count was interpreted as area/share/severity; no geometry was inferred.",RETAIN_FOR_LITTLE_OR_USCA_TRUNCATION_AUDIT,1,0,0,dc64778032ed9bd301bfc7c14818fc3ba71a3b2621bb4e8b33ec558ecdf3d16d,559a2d6f7b0d67ad886468a2c0098e117c824f196f0a85d3bb7d99c466649017
21443,Betula lenta,TRUE,TRUE,FALSE,FALSE,FALSE,FALSE,FALSE,FALSE,DIAGNOSTIC_ONLY_ZERO_INDEPENDENT_ROUTING_AUTHORITY,0,1,TAXON_RANGE_BUILD_CONTRACT_v01_SEMANTICS_UNCHANGED,ALA:Alabama;CNT:Connecticut;GEO:Georgia;KTY:Kentucky;MAI:Maine;MAS:Massachusetts;MRY:Maryland;MSI:Mississippi;NCA:North Carolina;NWH:New Hampshire;NWJ:New Jersey;NWY:New York;OHI:Ohio;ONT:Ontario;PEN:Pennsylvania;RHO:Rhode I.;SCA:South Carolina;TEN:Tennessee;VER:Vermont;VRG:Virginia;WVA:West Virginia,,,,,MATCH,,MATCH,RETAIN_USCA_AUDIT,CONFIRMED_NATIVE_CANADA,"D08B1 routing flags: Canada=TRUE, Alaska=FALSE, Mexico=FALSE, Central_America=FALSE, outside_USA_Canada=FALSE, outside_North_America=FALSE. Transcontinental diagnostic=FALSE; diagnostic-only with zero independent routing authority. Confirmed native Level-3 categorical evidence: ALA:Alabama;CNT:Connecticut;GEO:Georgia;KTY:Kentucky;MAI:Maine;MAS:Massachusetts;MRY:Maryland;MSI:Mississippi;NCA:North Carolina;NWH:New Hampshire;NWJ:New Jersey;NWY:New York;OHI:Ohio;ONT:Ontario;PEN:Pennsylvania;RHO:Rhode I.;SCA:South Carolina;TEN:Tennessee;VER:Vermont;VRG:Virginia;WVA:West Virginia. No Level-3 count was interpreted as area/share/severity; no geometry was inferred.",RETAIN_FOR_LITTLE_OR_USCA_TRUNCATION_AUDIT,1,0,0,dc64778032ed9bd301bfc7c14818fc3ba71a3b2621bb4e8b33ec558ecdf3d16d,559a2d6f7b0d67ad886468a2c0098e117c824f196f0a85d3bb7d99c466649017
21535,Betula occidentalis,TRUE,TRUE,TRUE,FALSE,FALSE,FALSE,FALSE,FALSE,DIAGNOSTIC_ONLY_ZERO_INDEPENDENT_ROUTING_AUTHORITY,0,1,TAXON_RANGE_BUILD_CONTRACT_v01,ABT:Alberta;ARI:Arizona;ASK:Alaska;BRC:British Columbia;CAL:California;COL:Colorado;IDA:Idaho;MAN:Manitoba;MNT:Montana;NDA:North Dakota;NEB:Nebraska;NEV:Nevada;NWM:New Mexico;NWT:Northwest Territories;ONT:Ontario;ORE:Oregon;SAS:Saskatchewan;SDA:South Dakota;UTA:Utah;WAS:Washington;WYO:Wyoming;YUK:Yukon,,,,,MATCH,,MATCH,RETAIN_USCA_AUDIT,CONFIRMED_NATIVE_CANADA_AND_ALASKA,"D08B1 routing flags: Canada=TRUE, Alaska=TRUE, Mexico=FALSE, Central_America=FALSE, outside_USA_Canada=FALSE, outside_North_America=FALSE. Transcontinental diagnostic=FALSE; diagnostic-only with zero independent routing authority. Confirmed native Level-3 categorical evidence: ABT:Alberta;ARI:Arizona;ASK:Alaska;BRC:British Columbia;CAL:California;COL:Colorado;IDA:Idaho;MAN:Manitoba;MNT:Montana;NDA:North Dakota;NEB:Nebraska;NEV:Nevada;NWM:New Mexico;NWT:Northwest Territories;ONT:Ontario;ORE:Oregon;SAS:Saskatchewan;SDA:South Dakota;UTA:Utah;WAS:Washington;WYO:Wyoming;YUK:Yukon. No Level-3 count was interpreted as area/share/severity; no geometry was inferred.",RETAIN_FOR_LITTLE_OR_USCA_TRUNCATION_AUDIT,1,0,0,dc64778032ed9bd301bfc7c14818fc3ba71a3b2621bb4e8b33ec558ecdf3d16d,559a2d6f7b0d67ad886468a2c0098e117c824f196f0a85d3bb7d99c466649017
21557,Betula papyrifera,TRUE,TRUE,TRUE,FALSE,FALSE,FALSE,FALSE,FALSE,DIAGNOSTIC_ONLY_ZERO_INDEPENDENT_ROUTING_AUTHORITY,0,1,TAXON_RANGE_BUILD_CONTRACT_v01,ABT:Alberta;ASK:Alaska;BRC:British Columbia;CNT:Connecticut;COL:Colorado;IDA:Idaho;ILL:Illinois;INI:Indiana;IOW:Iowa;LAB:Labrador;MAI:Maine;MAN:Manitoba;MAS:Massachusetts;MIC:Michigan;MIN:Minnesota;MNT:Montana;NBR:New Brunswick;NDA:North Dakota;NEB:Nebraska;NFL:Newfoundland;NSC:Nova Scotia;NWH:New Hampshire;NWJ:New Jersey;NWT:Northwest Territories;NWY:New York;OHI:Ohio;ONT:Ontario;ORE:Oregon;PEI:Prince Edward I.;PEN:Pennsylvania;QUE:Québec;RHO:Rhode I.;SAS:Saskatchewan;SDA:South Dakota;VER:Vermont;VRG:Virginia;WAS:Washington;WIS:Wisconsin;WVA:West Virginia;WYO:Wyoming;YUK:Yukon,,,,,MATCH,,MATCH,RETAIN_USCA_AUDIT,CONFIRMED_NATIVE_CANADA_AND_ALASKA,"D08B1 routing flags: Canada=TRUE, Alaska=TRUE, Mexico=FALSE, Central_America=FALSE, outside_USA_Canada=FALSE, outside_North_America=FALSE. Transcontinental diagnostic=FALSE; diagnostic-only with zero independent routing authority. Confirmed native Level-3 categorical evidence: ABT:Alberta;ASK:Alaska;BRC:British Columbia;CNT:Connecticut;COL:Colorado;IDA:Idaho;ILL:Illinois;INI:Indiana;IOW:Iowa;LAB:Labrador;MAI:Maine;MAN:Manitoba;MAS:Massachusetts;MIC:Michigan;MIN:Minnesota;MNT:Montana;NBR:New Brunswick;NDA:North Dakota;NEB:Nebraska;NFL:Newfoundland;NSC:Nova Scotia;NWH:New Hampshire;NWJ:New Jersey;NWT:Northwest Territories;NWY:New York;OHI:Ohio;ONT:Ontario;ORE:Oregon;PEI:Prince Edward I.;PEN:Pennsylvania;QUE:Québec;RHO:Rhode I.;SAS:Saskatchewan;SDA:South Dakota;VER:Vermont;VRG:Virginia;WAS:Washington;WIS:Wisconsin;WVA:West Virginia;WYO:Wyoming;YUK:Yukon. No Level-3 count was interpreted as area/share/severity; no geometry was inferred.",RETAIN_FOR_LITTLE_OR_USCA_TRUNCATION_AUDIT,1,0,0,dc64778032ed9bd301bfc7c14818fc3ba71a3b2621bb4e8b33ec558ecdf3d16d,559a2d6f7b0d67ad886468a2c0098e117c824f196f0a85d3bb7d99c466649017
21620,Betula populifolia,TRUE,TRUE,FALSE,FALSE,FALSE,FALSE,FALSE,FALSE,DIAGNOSTIC_ONLY_ZERO_INDEPENDENT_ROUTING_AUTHORITY,0,1,TAXON_RANGE_BUILD_CONTRACT_v01,CNT:Connecticut;DEL:Delaware;ILL:Illinois;INI:Indiana;MAI:Maine;MAS:Massachusetts;MRY:Maryland;NBR:New Brunswick;NCA:North Carolina;NSC:Nova Scotia;NWH:New Hampshire;NWJ:New Jersey;NWY:New York;OHI:Ohio;ONT:Ontario;PEI:Prince Edward I.;PEN:Pennsylvania;QUE:Québec;RHO:Rhode I.;SCA:South Carolina;VER:Vermont;VRG:Virginia,,,,,MATCH,,MATCH,RETAIN_USCA_AUDIT,CONFIRMED_NATIVE_CANADA,"D08B1 routing flags: Canada=TRUE, Alaska=FALSE, Mexico=FALSE, Central_America=FALSE, outside_USA_Canada=FALSE, outside_North_America=FALSE. Transcontinental diagnostic=FALSE; diagnostic-only with zero independent routing authority. Confirmed native Level-3 categorical evidence: CNT:Connecticut;DEL:Delaware;ILL:Illinois;INI:Indiana;MAI:Maine;MAS:Massachusetts;MRY:Maryland;NBR:New Brunswick;NCA:North Carolina;NSC:Nova Scotia;NWH:New Hampshire;NWJ:New Jersey;NWY:New York;OHI:Ohio;ONT:Ontario;PEI:Prince Edward I.;PEN:Pennsylvania;QUE:Québec;RHO:Rhode I.;SCA:South Carolina;VER:Vermont;VRG:Virginia. No Level-3 count was interpreted as area/share/severity; no geometry was inferred.",RETAIN_FOR_LITTLE_OR_USCA_TRUNCATION_AUDIT,1,0,0,dc64778032ed9bd301bfc7c14818fc3ba71a3b2621bb4e8b33ec558ecdf3d16d,559a2d6f7b0d67ad886468a2c0098e117c824f196f0a85d3bb7d99c466649017
34302,Carpinus caroliniana,TRUE,TRUE,FALSE,FALSE,FALSE,FALSE,FALSE,FALSE,DIAGNOSTIC_ONLY_ZERO_INDEPENDENT_ROUTING_AUTHORITY,0,1,TAXON_RANGE_BUILD_CONTRACT_v01,ALA:Alabama;ARK:Arkansas;CNT:Connecticut;DEL:Delaware;FLA:Florida;GEO:Georgia;ILL:Illinois;INI:Indiana;IOW:Iowa;KAN:Kansas;KTY:Kentucky;LOU:Louisiana;MAI:Maine;MAS:Massachusetts;MIC:Michigan;MIN:Minnesota;MRY:Maryland;MSI:Mississippi;MSO:Missouri;NCA:North Carolina;NWH:New Hampshire;NWJ:New Jersey;NWY:New York;OHI:Ohio;OKL:Oklahoma;ONT:Ontario;PEN:Pennsylvania;QUE:Québec;RHO:Rhode I.;SCA:South Carolina;TEN:Tennessee;TEX:Texas;VER:Vermont;VRG:Virginia;WIS:Wisconsin;WVA:West Virginia,,,,,MATCH,,MATCH,RETAIN_USCA_AUDIT,CONFIRMED_NATIVE_CANADA,"D08B1 routing flags: Canada=TRUE, Alaska=FALSE, Mexico=FALSE, Central_America=FALSE, outside_USA_Canada=FALSE, outside_North_America=FALSE. Transcontinental diagnostic=FALSE; diagnostic-only with zero independent routing authority. Confirmed native Level-3 categorical evidence: ALA:Alabama;ARK:Arkansas;CNT:Connecticut;DEL:Delaware;FLA:Florida;GEO:Georgia;ILL:Illinois;INI:Indiana;IOW:Iowa;KAN:Kansas;KTY:Kentucky;LOU:Louisiana;MAI:Maine;MAS:Massachusetts;MIC:Michigan;MIN:Minnesota;MRY:Maryland;MSI:Mississippi;MSO:Missouri;NCA:North Carolina;NWH:New Hampshire;NWJ:New Jersey;NWY:New York;OHI:Ohio;OKL:Oklahoma;ONT:Ontario;PEN:Pennsylvania;QUE:Québec;RHO:Rhode I.;SCA:South Carolina;TEN:Tennessee;TEX:Texas;VER:Vermont;VRG:Virginia;WIS:Wisconsin;WVA:West Virginia. No Level-3 count was interpreted as area/share/severity; no geometry was inferred.",RETAIN_FOR_LITTLE_OR_USCA_TRUNCATION_AUDIT,1,0,0,dc64778032ed9bd301bfc7c14818fc3ba71a3b2621bb4e8b33ec558ecdf3d16d,559a2d6f7b0d67ad886468a2c0098e117c824f196f0a85d3bb7d99c466649017
34965,Castanea dentata,TRUE,TRUE,FALSE,FALSE,FALSE,FALSE,FALSE,FALSE,DIAGNOSTIC_ONLY_ZERO_INDEPENDENT_ROUTING_AUTHORITY,0,1,TAXON_RANGE_BUILD_CONTRACT_v01,ALA:Alabama;CNT:Connecticut;DEL:Delaware;FLA:Florida;GEO:Georgia;ILL:Illinois;INI:Indiana;KTY:Kentucky;LOU:Louisiana;MAI:Maine;MAS:Massachusetts;MIC:Michigan;MRY:Maryland;MSI:Mississippi;MSO:Missouri;NCA:North Carolina;NWH:New Hampshire;NWJ:New Jersey;NWY:New York;OHI:Ohio;ONT:Ontario;PEN:Pennsylvania;RHO:Rhode I.;SCA:South Carolina;TEN:Tennessee;VER:Vermont;VRG:Virginia;WIS:Wisconsin;WVA:West Virginia,,,,,MATCH,,MATCH,RETAIN_USCA_AUDIT,CONFIRMED_NATIVE_CANADA,"D08B1 routing flags: Canada=TRUE, Alaska=FALSE, Mexico=FALSE, Central_America=FALSE, outside_USA_Canada=FALSE, outside_North_America=FALSE. Transcontinental diagnostic=FALSE; diagnostic-only with zero independent routing authority. Confirmed native Level-3 categorical evidence: ALA:Alabama;CNT:Connecticut;DEL:Delaware;FLA:Florida;GEO:Georgia;ILL:Illinois;INI:Indiana;KTY:Kentucky;LOU:Louisiana;MAI:Maine;MAS:Massachusetts;MIC:Michigan;MRY:Maryland;MSI:Mississippi;MSO:Missouri;NCA:North Carolina;NWH:New Hampshire;NWJ:New Jersey;NWY:New York;OHI:Ohio;ONT:Ontario;PEN:Pennsylvania;RHO:Rhode I.;SCA:South Carolina;TEN:Tennessee;VER:Vermont;VRG:Virginia;WIS:Wisconsin;WVA:West Virginia. No Level-3 count was interpreted as area/share/severity; no geometry was inferred.",RETAIN_FOR_LITTLE_OR_USCA_TRUNCATION_AUDIT,1,0,0,dc64778032ed9bd301bfc7c14818fc3ba71a3b2621bb4e8b33ec558ecdf3d16d,559a2d6f7b0d67ad886468a2c0098e117c824f196f0a85d3bb7d99c466649017
47363,Cornus florida,TRUE,TRUE,FALSE,TRUE,FALSE,TRUE,FALSE,FALSE,DIAGNOSTIC_ONLY_ZERO_INDEPENDENT_ROUTING_AUTHORITY,0,1,TAXON_RANGE_BUILD_CONTRACT_v01,ALA:Alabama;ARK:Arkansas;CNT:Connecticut;DEL:Delaware;FLA:Florida;GEO:Georgia;ILL:Illinois;INI:Indiana;KAN:Kansas;KTY:Kentucky;LOU:Louisiana;MAI:Maine;MAS:Massachusetts;MIC:Michigan;MRY:Maryland;MSI:Mississippi;MSO:Missouri;MXE:Mexico Northeast;MXG:Mexico Gulf;NCA:North Carolina;NWH:New Hampshire;NWJ:New Jersey;NWY:New York;OHI:Ohio;OKL:Oklahoma;ONT:Ontario;PEN:Pennsylvania;RHO:Rhode I.;SCA:South Carolina;TEN:Tennessee;TEX:Texas;VER:Vermont;VRG:Virginia;WDC:District of Columbia;WVA:West Virginia,MXE:Mexico Northeast;MXG:Mexico Gulf,,,,MATCH,,MATCH,BORDERLINE_MEXICO,CONFIRMED_NATIVE_MEXICO,"D08B1 routing flags: Canada=TRUE, Alaska=FALSE, Mexico=TRUE, Central_America=FALSE, outside_USA_Canada=TRUE, outside_North_America=FALSE. Transcontinental diagnostic=FALSE; diagnostic-only with zero independent routing authority. Confirmed native Level-3 categorical evidence: ALA:Alabama;ARK:Arkansas;CNT:Connecticut;DEL:Delaware;FLA:Florida;GEO:Georgia;ILL:Illinois;INI:Indiana;KAN:Kansas;KTY:Kentucky;LOU:Louisiana;MAI:Maine;MAS:Massachusetts;MIC:Michigan;MRY:Maryland;MSI:Mississippi;MSO:Missouri;MXE:Mexico Northeast;MXG:Mexico Gulf;NCA:North Carolina;NWH:New Hampshire;NWJ:New Jersey;NWY:New York;OHI:Ohio;OKL:Oklahoma;ONT:Ontario;PEN:Pennsylvania;RHO:Rhode I.;SCA:South Carolina;TEN:Tennessee;TEX:Texas;VER:Vermont;VRG:Virginia;WDC:District of Columbia;WVA:West Virginia. Outside USA+Canada units: MXE:Mexico Northeast;MXG:Mexico Gulf. No Level-3 count was interpreted as area/share/severity; no geometry was inferred.",HOLD_TARGETED_EXTERNAL_RANGE_AUDIT,0,1,0,dc64778032ed9bd301bfc7c14818fc3ba71a3b2621bb4e8b33ec558ecdf3d16d,559a2d6f7b0d67ad886468a2c0098e117c824f196f0a85d3bb7d99c466649017
47451,Cornus nuttallii,TRUE,TRUE,FALSE,FALSE,FALSE,FALSE,FALSE,FALSE,DIAGNOSTIC_ONLY_ZERO_INDEPENDENT_ROUTING_AUTHORITY,0,1,TAXON_RANGE_BUILD_CONTRACT_v01,BRC:British Columbia;CAL:California;IDA:Idaho;ORE:Oregon;WAS:Washington,,,,,MATCH,,MATCH,RETAIN_USCA_AUDIT,CONFIRMED_NATIVE_CANADA,"D08B1 routing flags: Canada=TRUE, Alaska=FALSE, Mexico=FALSE, Central_America=FALSE, outside_USA_Canada=FALSE, outside_North_America=FALSE. Transcontinental diagnostic=FALSE; diagnostic-only with zero independent routing authority. Confirmed native Level-3 categorical evidence: BRC:British Columbia;CAL:California;IDA:Idaho;ORE:Oregon;WAS:Washington. No Level-3 count was interpreted as area/share/severity; no geometry was inferred.",RETAIN_FOR_LITTLE_OR_USCA_TRUNCATION_AUDIT,1,0,0,dc64778032ed9bd301bfc7c14818fc3ba71a3b2621bb4e8b33ec558ecdf3d16d,559a2d6f7b0d67ad886468a2c0098e117c824f196f0a85d3bb7d99c466649017
83824,Fagus grandifolia,TRUE,TRUE,FALSE,FALSE,FALSE,FALSE,FALSE,FALSE,DIAGNOSTIC_ONLY_ZERO_INDEPENDENT_ROUTING_AUTHORITY,0,1,TAXON_RANGE_BUILD_CONTRACT_v01,ALA:Alabama;ARK:Arkansas;CNT:Connecticut;DEL:Delaware;FLA:Florida;GEO:Georgia;ILL:Illinois;INI:Indiana;KTY:Kentucky;LOU:Louisiana;MAI:Maine;MAS:Massachusetts;MIC:Michigan;MRY:Maryland;MSI:Mississippi;MSO:Missouri;NBR:New Brunswick;NCA:North Carolina;NSC:Nova Scotia;NWH:New Hampshire;NWJ:New Jersey;NWY:New York;OHI:Ohio;OKL:Oklahoma;ONT:Ontario;PEI:Prince Edward I.;PEN:Pennsylvania;QUE:Québec;RHO:Rhode I.;SCA:South Carolina;TEN:Tennessee;TEX:Texas;VER:Vermont;VRG:Virginia;WDC:District of Columbia;WIS:Wisconsin;WVA:West Virginia,,,,,MATCH,,MATCH,RETAIN_USCA_AUDIT,CONFIRMED_NATIVE_CANADA,"D08B1 routing flags: Canada=TRUE, Alaska=FALSE, Mexico=FALSE, Central_America=FALSE, outside_USA_Canada=FALSE, outside_North_America=FALSE. Transcontinental diagnostic=FALSE; diagnostic-only with zero independent routing authority. Confirmed native Level-3 categorical evidence: ALA:Alabama;ARK:Arkansas;CNT:Connecticut;DEL:Delaware;FLA:Florida;GEO:Georgia;ILL:Illinois;INI:Indiana;KTY:Kentucky;LOU:Louisiana;MAI:Maine;MAS:Massachusetts;MIC:Michigan;MRY:Maryland;MSI:Mississippi;MSO:Missouri;NBR:New Brunswick;NCA:North Carolina;NSC:Nova Scotia;NWH:New Hampshire;NWJ:New Jersey;NWY:New York;OHI:Ohio;OKL:Oklahoma;ONT:Ontario;PEI:Prince Edward I.;PEN:Pennsylvania;QUE:Québec;RHO:Rhode I.;SCA:South Carolina;TEN:Tennessee;TEX:Texas;VER:Vermont;VRG:Virginia;WDC:District of Columbia;WIS:Wisconsin;WVA:West Virginia. No Level-3 count was interpreted as area/share/severity; no geometry was inferred.",RETAIN_FOR_LITTLE_OR_USCA_TRUNCATION_AUDIT,1,0,0,dc64778032ed9bd301bfc7c14818fc3ba71a3b2621bb4e8b33ec558ecdf3d16d,559a2d6f7b0d67ad886468a2c0098e117c824f196f0a85d3bb7d99c466649017
113859,Liriodendron tulipifera,TRUE,TRUE,FALSE,FALSE,FALSE,FALSE,FALSE,FALSE,DIAGNOSTIC_ONLY_ZERO_INDEPENDENT_ROUTING_AUTHORITY,0,1,TAXON_RANGE_BUILD_CONTRACT_v01,ALA:Alabama;ARK:Arkansas;CNT:Connecticut;DEL:Delaware;FLA:Florida;GEO:Georgia;ILL:Illinois;INI:Indiana;KTY:Kentucky;LOU:Louisiana;MAS:Massachusetts;MIC:Michigan;MRY:Maryland;MSI:Mississippi;MSO:Missouri;NCA:North Carolina;NWJ:New Jersey;NWY:New York;OHI:Ohio;ONT:Ontario;PEN:Pennsylvania;RHO:Rhode I.;SCA:South Carolina;TEN:Tennessee;VER:Vermont;VRG:Virginia;WDC:District of Columbia;WVA:West Virginia,,,,,MATCH,,MATCH,RETAIN_USCA_AUDIT,CONFIRMED_NATIVE_CANADA,"D08B1 routing flags: Canada=TRUE, Alaska=FALSE, Mexico=FALSE, Central_America=FALSE, outside_USA_Canada=FALSE, outside_North_America=FALSE. Transcontinental diagnostic=FALSE; diagnostic-only with zero independent routing authority. Confirmed native Level-3 categorical evidence: ALA:Alabama;ARK:Arkansas;CNT:Connecticut;DEL:Delaware;FLA:Florida;GEO:Georgia;ILL:Illinois;INI:Indiana;KTY:Kentucky;LOU:Louisiana;MAS:Massachusetts;MIC:Michigan;MRY:Maryland;MSI:Mississippi;MSO:Missouri;NCA:North Carolina;NWJ:New Jersey;NWY:New York;OHI:Ohio;ONT:Ontario;PEN:Pennsylvania;RHO:Rhode I.;SCA:South Carolina;TEN:Tennessee;VER:Vermont;VRG:Virginia;WDC:District of Columbia;WVA:West Virginia. No Level-3 count was interpreted as area/share/severity; no geometry was inferred.",RETAIN_FOR_LITTLE_OR_USCA_TRUNCATION_AUDIT,1,0,0,dc64778032ed9bd301bfc7c14818fc3ba71a3b2621bb4e8b33ec558ecdf3d16d,559a2d6f7b0d67ad886468a2c0098e117c824f196f0a85d3bb7d99c466649017
117423,Magnolia acuminata,TRUE,TRUE,FALSE,FALSE,FALSE,FALSE,FALSE,FALSE,DIAGNOSTIC_ONLY_ZERO_INDEPENDENT_ROUTING_AUTHORITY,0,1,TAXON_RANGE_BUILD_CONTRACT_v01,ALA:Alabama;ARK:Arkansas;FLA:Florida;GEO:Georgia;ILL:Illinois;INI:Indiana;KTY:Kentucky;LOU:Louisiana;MRY:Maryland;MSI:Mississippi;MSO:Missouri;NCA:North Carolina;NWJ:New Jersey;NWY:New York;OHI:Ohio;OKL:Oklahoma;ONT:Ontario;PEN:Pennsylvania;SCA:South Carolina;TEN:Tennessee;VRG:Virginia;WDC:District of Columbia;WVA:West Virginia,,,,,MATCH,,MATCH,RETAIN_USCA_AUDIT,CONFIRMED_NATIVE_CANADA,"D08B1 routing flags: Canada=TRUE, Alaska=FALSE, Mexico=FALSE, Central_America=FALSE, outside_USA_Canada=FALSE, outside_North_America=FALSE. Transcontinental diagnostic=FALSE; diagnostic-only with zero independent routing authority. Confirmed native Level-3 categorical evidence: ALA:Alabama;ARK:Arkansas;FLA:Florida;GEO:Georgia;ILL:Illinois;INI:Indiana;KTY:Kentucky;LOU:Louisiana;MRY:Maryland;MSI:Mississippi;MSO:Missouri;NCA:North Carolina;NWJ:New Jersey;NWY:New York;OHI:Ohio;OKL:Oklahoma;ONT:Ontario;PEN:Pennsylvania;SCA:South Carolina;TEN:Tennessee;VRG:Virginia;WDC:District of Columbia;WVA:West Virginia. No Level-3 count was interpreted as area/share/severity; no geometry was inferred.",RETAIN_FOR_LITTLE_OR_USCA_TRUNCATION_AUDIT,1,0,0,dc64778032ed9bd301bfc7c14818fc3ba71a3b2621bb4e8b33ec558ecdf3d16d,559a2d6f7b0d67ad886468a2c0098e117c824f196f0a85d3bb7d99c466649017
117883,Magnolia virginiana,TRUE,FALSE,FALSE,FALSE,FALSE,TRUE,FALSE,TRUE,DIAGNOSTIC_ONLY_ZERO_INDEPENDENT_ROUTING_AUTHORITY,0,1,TAXON_RANGE_BUILD_CONTRACT_v01,ALA:Alabama;ARK:Arkansas;CUB:Cuba;DEL:Delaware;FLA:Florida;GEO:Georgia;LOU:Louisiana;MAS:Massachusetts;MRY:Maryland;MSI:Mississippi;NCA:North Carolina;NWJ:New Jersey;NWY:New York;PEN:Pennsylvania;SCA:South Carolina;TEN:Tennessee;TEX:Texas;VRG:Virginia;WDC:District of Columbia,CUB:Cuba,,CUB:Cuba,,MATCH,,MATCH,BORDERLINE_OTHER_NA,CONFIRMED_NATIVE_OTHER_NA_EXTENSION,"D08B1 routing flags: Canada=FALSE, Alaska=FALSE, Mexico=FALSE, Central_America=FALSE, outside_USA_Canada=TRUE, outside_North_America=FALSE. Transcontinental diagnostic=TRUE; diagnostic-only with zero independent routing authority. Confirmed native Level-3 categorical evidence: ALA:Alabama;ARK:Arkansas;CUB:Cuba;DEL:Delaware;FLA:Florida;GEO:Georgia;LOU:Louisiana;MAS:Massachusetts;MRY:Maryland;MSI:Mississippi;NCA:North Carolina;NWJ:New Jersey;NWY:New York;PEN:Pennsylvania;SCA:South Carolina;TEN:Tennessee;TEX:Texas;VRG:Virginia;WDC:District of Columbia. Outside USA+Canada units: CUB:Cuba. Other North-America-side units: CUB:Cuba. No Level-3 count was interpreted as area/share/severity; no geometry was inferred.",HOLD_TARGETED_EXTERNAL_RANGE_AUDIT,0,1,0,dc64778032ed9bd301bfc7c14818fc3ba71a3b2621bb4e8b33ec558ecdf3d16d,559a2d6f7b0d67ad886468a2c0098e117c824f196f0a85d3bb7d99c466649017
136221,Nyssa sylvatica,TRUE,TRUE,FALSE,TRUE,FALSE,TRUE,FALSE,FALSE,DIAGNOSTIC_ONLY_ZERO_INDEPENDENT_ROUTING_AUTHORITY,0,1,TAXON_RANGE_BUILD_CONTRACT_v01,ALA:Alabama;ARK:Arkansas;CNT:Connecticut;FLA:Florida;GEO:Georgia;ILL:Illinois;KAN:Kansas;KTY:Kentucky;LOU:Louisiana;MAI:Maine;MAS:Massachusetts;MIC:Michigan;MRY:Maryland;MSI:Mississippi;MSO:Missouri;MXC:Mexico Central;MXE:Mexico Northeast;MXG:Mexico Gulf;MXT:Mexico Southeast;NCA:North Carolina;NWH:New Hampshire;NWJ:New Jersey;NWY:New York;OHI:Ohio;OKL:Oklahoma;ONT:Ontario;PEN:Pennsylvania;RHO:Rhode I.;SCA:South Carolina;TEN:Tennessee;TEX:Texas;VER:Vermont;VRG:Virginia;WIS:Wisconsin,MXC:Mexico Central;MXE:Mexico Northeast;MXG:Mexico Gulf;MXT:Mexico Southeast,,,,MATCH,,MATCH,BORDERLINE_MEXICO,CONFIRMED_NATIVE_MEXICO,"D08B1 routing flags: Canada=TRUE, Alaska=FALSE, Mexico=TRUE, Central_America=FALSE, outside_USA_Canada=TRUE, outside_North_America=FALSE. Transcontinental diagnostic=FALSE; diagnostic-only with zero independent routing authority. Confirmed native Level-3 categorical evidence: ALA:Alabama;ARK:Arkansas;CNT:Connecticut;FLA:Florida;GEO:Georgia;ILL:Illinois;KAN:Kansas;KTY:Kentucky;LOU:Louisiana;MAI:Maine;MAS:Massachusetts;MIC:Michigan;MRY:Maryland;MSI:Mississippi;MSO:Missouri;MXC:Mexico Central;MXE:Mexico Northeast;MXG:Mexico Gulf;MXT:Mexico Southeast;NCA:North Carolina;NWH:New Hampshire;NWJ:New Jersey;NWY:New York;OHI:Ohio;OKL:Oklahoma;ONT:Ontario;PEN:Pennsylvania;RHO:Rhode I.;SCA:South Carolina;TEN:Tennessee;TEX:Texas;VER:Vermont;VRG:Virginia;WIS:Wisconsin. Outside USA+Canada units: MXC:Mexico Central;MXE:Mexico Northeast;MXG:Mexico Gulf;MXT:Mexico Southeast. No Level-3 count was interpreted as area/share/severity; no geometry was inferred.",HOLD_TARGETED_EXTERNAL_RANGE_AUDIT,0,1,0,dc64778032ed9bd301bfc7c14818fc3ba71a3b2621bb4e8b33ec558ecdf3d16d,559a2d6f7b0d67ad886468a2c0098e117c824f196f0a85d3bb7d99c466649017
144637,Ostrya virginiana,TRUE,TRUE,FALSE,TRUE,TRUE,TRUE,FALSE,TRUE,DIAGNOSTIC_ONLY_ZERO_INDEPENDENT_ROUTING_AUTHORITY,0,1,TAXON_RANGE_BUILD_CONTRACT_v01,ALA:Alabama;ARK:Arkansas;CNT:Connecticut;DEL:Delaware;ELS:El Salvador;FLA:Florida;GEO:Georgia;GUA:Guatemala;HON:Honduras;ILL:Illinois;INI:Indiana;IOW:Iowa;KAN:Kansas;KTY:Kentucky;LOU:Louisiana;MAI:Maine;MAN:Manitoba;MAS:Massachusetts;MIC:Michigan;MIN:Minnesota;MRY:Maryland;MSI:Mississippi;MSO:Missouri;MXC:Mexico Central;MXE:Mexico Northeast;MXG:Mexico Gulf;MXS:Mexico Southwest;MXT:Mexico Southeast;NBR:New Brunswick;NCA:North Carolina;NDA:North Dakota;NEB:Nebraska;NSC:Nova Scotia;NWH:New Hampshire;NWJ:New Jersey;NWY:New York;OHI:Ohio;OKL:Oklahoma;ONT:Ontario;PEI:Prince Edward I.;PEN:Pennsylvania;QUE:Québec;RHO:Rhode I.;SCA:South Carolina;SDA:South Dakota;TEN:Tennessee;TEX:Texas;VER:Vermont;VRG:Virginia;WDC:District of Columbia;WIS:Wisconsin;WVA:West Virginia;WYO:Wyoming,ELS:El Salvador;GUA:Guatemala;HON:Honduras;MXC:Mexico Central;MXE:Mexico Northeast;MXG:Mexico Gulf;MXS:Mexico Southwest;MXT:Mexico Southeast,,,,MATCH,,MATCH,BORDERLINE_OTHER_NA,CONFIRMED_NATIVE_CENTRAL_AMERICA,"D08B1 routing flags: Canada=TRUE, Alaska=FALSE, Mexico=TRUE, Central_America=TRUE, outside_USA_Canada=TRUE, outside_North_America=FALSE. Transcontinental diagnostic=TRUE; diagnostic-only with zero independent routing authority. Confirmed native Level-3 categorical evidence: ALA:Alabama;ARK:Arkansas;CNT:Connecticut;DEL:Delaware;ELS:El Salvador;FLA:Florida;GEO:Georgia;GUA:Guatemala;HON:Honduras;ILL:Illinois;INI:Indiana;IOW:Iowa;KAN:Kansas;KTY:Kentucky;LOU:Louisiana;MAI:Maine;MAN:Manitoba;MAS:Massachusetts;MIC:Michigan;MIN:Minnesota;MRY:Maryland;MSI:Mississippi;MSO:Missouri;MXC:Mexico Central;MXE:Mexico Northeast;MXG:Mexico Gulf;MXS:Mexico Southwest;MXT:Mexico Southeast;NBR:New Brunswick;NCA:North Carolina;NDA:North Dakota;NEB:Nebraska;NSC:Nova Scotia;NWH:New Hampshire;NWJ:New Jersey;NWY:New York;OHI:Ohio;OKL:Oklahoma;ONT:Ontario;PEI:Prince Edward I.;PEN:Pennsylvania;QUE:Québec;RHO:Rhode I.;SCA:South Carolina;SDA:South Dakota;TEN:Tennessee;TEX:Texas;VER:Vermont;VRG:Virginia;WDC:District of Columbia;WIS:Wisconsin;WVA:West Virginia;WYO:Wyoming. Outside USA+Canada units: ELS:El Salvador;GUA:Guatemala;HON:Honduras;MXC:Mexico Central;MXE:Mexico Northeast;MXG:Mexico Gulf;MXS:Mexico Southwest;MXT:Mexico Southeast. No Level-3 count was interpreted as area/share/severity; no geometry was inferred.",HOLD_TARGETED_EXTERNAL_RANGE_AUDIT,0,1,0,dc64778032ed9bd301bfc7c14818fc3ba71a3b2621bb4e8b33ec558ecdf3d16d,559a2d6f7b0d67ad886468a2c0098e117c824f196f0a85d3bb7d99c466649017
171483,Quercus agrifolia,TRUE,FALSE,FALSE,TRUE,FALSE,TRUE,FALSE,FALSE,DIAGNOSTIC_ONLY_ZERO_INDEPENDENT_ROUTING_AUTHORITY,0,1,TAXON_RANGE_BUILD_CONTRACT_v01,CAL:California;MXN:Mexico Northwest,MXN:Mexico Northwest,,,,MATCH,,MATCH,BORDERLINE_MEXICO,CONFIRMED_NATIVE_MEXICO,"D08B1 routing flags: Canada=FALSE, Alaska=FALSE, Mexico=TRUE, Central_America=FALSE, outside_USA_Canada=TRUE, outside_North_America=FALSE. Transcontinental diagnostic=FALSE; diagnostic-only with zero independent routing authority. Confirmed native Level-3 categorical evidence: CAL:California;MXN:Mexico Northwest. Outside USA+Canada units: MXN:Mexico Northwest. No Level-3 count was interpreted as area/share/severity; no geometry was inferred.",HOLD_TARGETED_EXTERNAL_RANGE_AUDIT,0,1,0,dc64778032ed9bd301bfc7c14818fc3ba71a3b2621bb4e8b33ec558ecdf3d16d,559a2d6f7b0d67ad886468a2c0098e117c824f196f0a85d3bb7d99c466649017
171499,Quercus alba,TRUE,TRUE,FALSE,FALSE,FALSE,FALSE,FALSE,FALSE,DIAGNOSTIC_ONLY_ZERO_INDEPENDENT_ROUTING_AUTHORITY,0,1,TAXON_RANGE_BUILD_CONTRACT_v01,ALA:Alabama;ARK:Arkansas;CNT:Connecticut;DEL:Delaware;FLA:Florida;GEO:Georgia;ILL:Illinois;INI:Indiana;IOW:Iowa;KAN:Kansas;KTY:Kentucky;LOU:Louisiana;MAI:Maine;MAS:Massachusetts;MIC:Michigan;MIN:Minnesota;MRY:Maryland;MSI:Mississippi;MSO:Missouri;NCA:North Carolina;NEB:Nebraska;NWH:New Hampshire;NWJ:New Jersey;NWY:New York;OHI:Ohio;OKL:Oklahoma;ONT:Ontario;PEN:Pennsylvania;QUE:Québec;RHO:Rhode I.;SCA:South Carolina;TEN:Tennessee;TEX:Texas;VER:Vermont;VRG:Virginia;WIS:Wisconsin;WVA:West Virginia,,,,,MATCH,,MATCH,RETAIN_USCA_AUDIT,CONFIRMED_NATIVE_CANADA,"D08B1 routing flags: Canada=TRUE, Alaska=FALSE, Mexico=FALSE, Central_America=FALSE, outside_USA_Canada=FALSE, outside_North_America=FALSE. Transcontinental diagnostic=FALSE; diagnostic-only with zero independent routing authority. Confirmed native Level-3 categorical evidence: ALA:Alabama;ARK:Arkansas;CNT:Connecticut;DEL:Delaware;FLA:Florida;GEO:Georgia;ILL:Illinois;INI:Indiana;IOW:Iowa;KAN:Kansas;KTY:Kentucky;LOU:Louisiana;MAI:Maine;MAS:Massachusetts;MIC:Michigan;MIN:Minnesota;MRY:Maryland;MSI:Mississippi;MSO:Missouri;NCA:North Carolina;NEB:Nebraska;NWH:New Hampshire;NWJ:New Jersey;NWY:New York;OHI:Ohio;OKL:Oklahoma;ONT:Ontario;PEN:Pennsylvania;QUE:Québec;RHO:Rhode I.;SCA:South Carolina;TEN:Tennessee;TEX:Texas;VER:Vermont;VRG:Virginia;WIS:Wisconsin;WVA:West Virginia. No Level-3 count was interpreted as area/share/severity; no geometry was inferred.",RETAIN_FOR_LITTLE_OR_USCA_TRUNCATION_AUDIT,1,0,0,dc64778032ed9bd301bfc7c14818fc3ba71a3b2621bb4e8b33ec558ecdf3d16d,559a2d6f7b0d67ad886468a2c0098e117c824f196f0a85d3bb7d99c466649017
171655,Quercus arizonica,TRUE,FALSE,FALSE,TRUE,FALSE,TRUE,FALSE,FALSE,DIAGNOSTIC_ONLY_ZERO_INDEPENDENT_ROUTING_AUTHORITY,0,1,TAXON_RANGE_BUILD_CONTRACT_v01,ARI:Arizona;MXE:Mexico Northeast;MXN:Mexico Northwest;NWM:New Mexico;TEX:Texas,MXE:Mexico Northeast;MXN:Mexico Northwest,,,,MATCH,,MATCH,BORDERLINE_MEXICO,CONFIRMED_NATIVE_MEXICO,"D08B1 routing flags: Canada=FALSE, Alaska=FALSE, Mexico=TRUE, Central_America=FALSE, outside_USA_Canada=TRUE, outside_North_America=FALSE. Transcontinental diagnostic=FALSE; diagnostic-only with zero independent routing authority. Confirmed native Level-3 categorical evidence: ARI:Arizona;MXE:Mexico Northeast;MXN:Mexico Northwest;NWM:New Mexico;TEX:Texas. Outside USA+Canada units: MXE:Mexico Northeast;MXN:Mexico Northwest. No Level-3 count was interpreted as area/share/severity; no geometry was inferred.",HOLD_TARGETED_EXTERNAL_RANGE_AUDIT,0,1,0,dc64778032ed9bd301bfc7c14818fc3ba71a3b2621bb4e8b33ec558ecdf3d16d,559a2d6f7b0d67ad886468a2c0098e117c824f196f0a85d3bb7d99c466649017
171779,Quercus bicolor,TRUE,TRUE,FALSE,FALSE,FALSE,FALSE,FALSE,FALSE,DIAGNOSTIC_ONLY_ZERO_INDEPENDENT_ROUTING_AUTHORITY,0,1,TAXON_RANGE_BUILD_CONTRACT_v01,ALA:Alabama;CNT:Connecticut;DEL:Delaware;ILL:Illinois;INI:Indiana;IOW:Iowa;KAN:Kansas;KTY:Kentucky;MAI:Maine;MAS:Massachusetts;MIC:Michigan;MIN:Minnesota;MRY:Maryland;MSO:Missouri;NCA:North Carolina;NWH:New Hampshire;NWJ:New Jersey;NWY:New York;OHI:Ohio;ONT:Ontario;PEN:Pennsylvania;QUE:Québec;RHO:Rhode I.;TEN:Tennessee;VER:Vermont;VRG:Virginia;WIS:Wisconsin;WVA:West Virginia,,,,,MATCH,,MATCH,RETAIN_USCA_AUDIT,CONFIRMED_NATIVE_CANADA,"D08B1 routing flags: Canada=TRUE, Alaska=FALSE, Mexico=FALSE, Central_America=FALSE, outside_USA_Canada=FALSE, outside_North_America=FALSE. Transcontinental diagnostic=FALSE; diagnostic-only with zero independent routing authority. Confirmed native Level-3 categorical evidence: ALA:Alabama;CNT:Connecticut;DEL:Delaware;ILL:Illinois;INI:Indiana;IOW:Iowa;KAN:Kansas;KTY:Kentucky;MAI:Maine;MAS:Massachusetts;MIC:Michigan;MIN:Minnesota;MRY:Maryland;MSO:Missouri;NCA:North Carolina;NWH:New Hampshire;NWJ:New Jersey;NWY:New York;OHI:Ohio;ONT:Ontario;PEN:Pennsylvania;QUE:Québec;RHO:Rhode I.;TEN:Tennessee;VER:Vermont;VRG:Virginia;WIS:Wisconsin;WVA:West Virginia. No Level-3 count was interpreted as area/share/severity; no geometry was inferred.",RETAIN_FOR_LITTLE_OR_USCA_TRUNCATION_AUDIT,1,0,0,dc64778032ed9bd301bfc7c14818fc3ba71a3b2621bb4e8b33ec558ecdf3d16d,559a2d6f7b0d67ad886468a2c0098e117c824f196f0a85d3bb7d99c466649017
172147,Quercus chrysolepis,TRUE,FALSE,FALSE,TRUE,FALSE,TRUE,FALSE,FALSE,DIAGNOSTIC_ONLY_ZERO_INDEPENDENT_ROUTING_AUTHORITY,0,1,TAXON_RANGE_BUILD_CONTRACT_v01,ARI:Arizona;CAL:California;MXE:Mexico Northeast;MXN:Mexico Northwest;NEV:Nevada;NWM:New Mexico;ORE:Oregon,MXE:Mexico Northeast;MXN:Mexico Northwest,,,,MATCH,,MATCH,BORDERLINE_MEXICO,CONFIRMED_NATIVE_MEXICO,"D08B1 routing flags: Canada=FALSE, Alaska=FALSE, Mexico=TRUE, Central_America=FALSE, outside_USA_Canada=TRUE, outside_North_America=FALSE. Transcontinental diagnostic=FALSE; diagnostic-only with zero independent routing authority. Confirmed native Level-3 categorical evidence: ARI:Arizona;CAL:California;MXE:Mexico Northeast;MXN:Mexico Northwest;NEV:Nevada;NWM:New Mexico;ORE:Oregon. Outside USA+Canada units: MXE:Mexico Northeast;MXN:Mexico Northwest. No Level-3 count was interpreted as area/share/severity; no geometry was inferred.",HOLD_TARGETED_EXTERNAL_RANGE_AUDIT,0,1,0,dc64778032ed9bd301bfc7c14818fc3ba71a3b2621bb4e8b33ec558ecdf3d16d,559a2d6f7b0d67ad886468a2c0098e117c824f196f0a85d3bb7d99c466649017
172621,Quercus ellipsoidalis,TRUE,TRUE,FALSE,FALSE,FALSE,FALSE,FALSE,FALSE,DIAGNOSTIC_ONLY_ZERO_INDEPENDENT_ROUTING_AUTHORITY,0,1,TAXON_RANGE_BUILD_CONTRACT_v01,ILL:Illinois;INI:Indiana;IOW:Iowa;MIC:Michigan;MIN:Minnesota;OHI:Ohio;ONT:Ontario;WIS:Wisconsin,,,,,MATCH,,MATCH,RETAIN_USCA_AUDIT,CONFIRMED_NATIVE_CANADA,"D08B1 routing flags: Canada=TRUE, Alaska=FALSE, Mexico=FALSE, Central_America=FALSE, outside_USA_Canada=FALSE, outside_North_America=FALSE. Transcontinental diagnostic=FALSE; diagnostic-only with zero independent routing authority. Confirmed native Level-3 categorical evidence: ILL:Illinois;INI:Indiana;IOW:Iowa;MIC:Michigan;MIN:Minnesota;OHI:Ohio;ONT:Ontario;WIS:Wisconsin. No Level-3 count was interpreted as area/share/severity; no geometry was inferred.",RETAIN_FOR_LITTLE_OR_USCA_TRUNCATION_AUDIT,1,0,0,dc64778032ed9bd301bfc7c14818fc3ba71a3b2621bb4e8b33ec558ecdf3d16d,559a2d6f7b0d67ad886468a2c0098e117c824f196f0a85d3bb7d99c466649017
172635,Quercus emoryi,TRUE,FALSE,FALSE,TRUE,FALSE,TRUE,FALSE,FALSE,DIAGNOSTIC_ONLY_ZERO_INDEPENDENT_ROUTING_AUTHORITY,0,1,TAXON_RANGE_BUILD_CONTRACT_v01,ARI:Arizona;MXE:Mexico Northeast;MXN:Mexico Northwest;NWM:New Mexico;TEX:Texas,MXE:Mexico Northeast;MXN:Mexico Northwest,,,,MATCH,,MATCH,BORDERLINE_MEXICO,CONFIRMED_NATIVE_MEXICO,"D08B1 routing flags: Canada=FALSE, Alaska=FALSE, Mexico=TRUE, Central_America=FALSE, outside_USA_Canada=TRUE, outside_North_America=FALSE. Transcontinental diagnostic=FALSE; diagnostic-only with zero independent routing authority. Confirmed native Level-3 categorical evidence: ARI:Arizona;MXE:Mexico Northeast;MXN:Mexico Northwest;NWM:New Mexico;TEX:Texas. Outside USA+Canada units: MXE:Mexico Northeast;MXN:Mexico Northwest. No Level-3 count was interpreted as area/share/severity; no geometry was inferred.",HOLD_TARGETED_EXTERNAL_RANGE_AUDIT,0,1,0,dc64778032ed9bd301bfc7c14818fc3ba71a3b2621bb4e8b33ec558ecdf3d16d,559a2d6f7b0d67ad886468a2c0098e117c824f196f0a85d3bb7d99c466649017
172644,Quercus engelmannii,TRUE,FALSE,FALSE,TRUE,FALSE,TRUE,FALSE,FALSE,DIAGNOSTIC_ONLY_ZERO_INDEPENDENT_ROUTING_AUTHORITY,0,1,TAXON_RANGE_BUILD_CONTRACT_v01,CAL:California;MXN:Mexico Northwest,MXN:Mexico Northwest,,,,MATCH,,MATCH,BORDERLINE_MEXICO,CONFIRMED_NATIVE_MEXICO,"D08B1 routing flags: Canada=FALSE, Alaska=FALSE, Mexico=TRUE, Central_America=FALSE, outside_USA_Canada=TRUE, outside_North_America=FALSE. Transcontinental diagnostic=FALSE; diagnostic-only with zero independent routing authority. Confirmed native Level-3 categorical evidence: CAL:California;MXN:Mexico Northwest. Outside USA+Canada units: MXN:Mexico Northwest. No Level-3 count was interpreted as area/share/severity; no geometry was inferred.",HOLD_TARGETED_EXTERNAL_RANGE_AUDIT,0,1,0,dc64778032ed9bd301bfc7c14818fc3ba71a3b2621bb4e8b33ec558ecdf3d16d,559a2d6f7b0d67ad886468a2c0098e117c824f196f0a85d3bb7d99c466649017
172843,Quercus gambelii,TRUE,FALSE,FALSE,TRUE,FALSE,TRUE,FALSE,FALSE,DIAGNOSTIC_ONLY_ZERO_INDEPENDENT_ROUTING_AUTHORITY,0,1,TAXON_RANGE_BUILD_CONTRACT_v01,ARI:Arizona;COL:Colorado;MXE:Mexico Northeast;MXN:Mexico Northwest;NEV:Nevada;NWM:New Mexico;OKL:Oklahoma;TEX:Texas;UTA:Utah;WYO:Wyoming,MXE:Mexico Northeast;MXN:Mexico Northwest,,,,MATCH,,MATCH,BORDERLINE_MEXICO,CONFIRMED_NATIVE_MEXICO,"D08B1 routing flags: Canada=FALSE, Alaska=FALSE, Mexico=TRUE, Central_America=FALSE, outside_USA_Canada=TRUE, outside_North_America=FALSE. Transcontinental diagnostic=FALSE; diagnostic-only with zero independent routing authority. Confirmed native Level-3 categorical evidence: ARI:Arizona;COL:Colorado;MXE:Mexico Northeast;MXN:Mexico Northwest;NEV:Nevada;NWM:New Mexico;OKL:Oklahoma;TEX:Texas;UTA:Utah;WYO:Wyoming. Outside USA+Canada units: MXE:Mexico Northeast;MXN:Mexico Northwest. No Level-3 count was interpreted as area/share/severity; no geometry was inferred.",HOLD_TARGETED_EXTERNAL_RANGE_AUDIT,0,1,0,dc64778032ed9bd301bfc7c14818fc3ba71a3b2621bb4e8b33ec558ecdf3d16d,559a2d6f7b0d67ad886468a2c0098e117c824f196f0a85d3bb7d99c466649017
172855,Quercus garryana,TRUE,TRUE,FALSE,FALSE,FALSE,FALSE,FALSE,FALSE,DIAGNOSTIC_ONLY_ZERO_INDEPENDENT_ROUTING_AUTHORITY,0,1,TAXON_RANGE_BUILD_CONTRACT_v01,BRC:British Columbia;CAL:California;ORE:Oregon;WAS:Washington,,,,,MATCH,,MATCH,RETAIN_USCA_AUDIT,CONFIRMED_NATIVE_CANADA,"D08B1 routing flags: Canada=TRUE, Alaska=FALSE, Mexico=FALSE, Central_America=FALSE, outside_USA_Canada=FALSE, outside_North_America=FALSE. Transcontinental diagnostic=FALSE; diagnostic-only with zero independent routing authority. Confirmed native Level-3 categorical evidence: BRC:British Columbia;CAL:California;ORE:Oregon;WAS:Washington. No Level-3 count was interpreted as area/share/severity; no geometry was inferred.",RETAIN_FOR_LITTLE_OR_USCA_TRUNCATION_AUDIT,1,0,0,dc64778032ed9bd301bfc7c14818fc3ba71a3b2621bb4e8b33ec558ecdf3d16d,559a2d6f7b0d67ad886468a2c0098e117c824f196f0a85d3bb7d99c466649017
172990,Quercus gravesii,TRUE,FALSE,FALSE,TRUE,FALSE,TRUE,FALSE,FALSE,DIAGNOSTIC_ONLY_ZERO_INDEPENDENT_ROUTING_AUTHORITY,0,1,TAXON_RANGE_BUILD_CONTRACT_v01,MXE:Mexico Northeast;TEX:Texas,MXE:Mexico Northeast,,,,MATCH,,MATCH,BORDERLINE_MEXICO,CONFIRMED_NATIVE_MEXICO,"D08B1 routing flags: Canada=FALSE, Alaska=FALSE, Mexico=TRUE, Central_America=FALSE, outside_USA_Canada=TRUE, outside_North_America=FALSE. Transcontinental diagnostic=FALSE; diagnostic-only with zero independent routing authority. Confirmed native Level-3 categorical evidence: MXE:Mexico Northeast;TEX:Texas. Outside USA+Canada units: MXE:Mexico Northeast. No Level-3 count was interpreted as area/share/severity; no geometry was inferred.",HOLD_TARGETED_EXTERNAL_RANGE_AUDIT,0,1,0,dc64778032ed9bd301bfc7c14818fc3ba71a3b2621bb4e8b33ec558ecdf3d16d,559a2d6f7b0d67ad886468a2c0098e117c824f196f0a85d3bb7d99c466649017
172998,Quercus grisea,TRUE,FALSE,FALSE,TRUE,FALSE,TRUE,FALSE,FALSE,DIAGNOSTIC_ONLY_ZERO_INDEPENDENT_ROUTING_AUTHORITY,0,1,TAXON_RANGE_BUILD_CONTRACT_v01,ARI:Arizona;COL:Colorado;MXE:Mexico Northeast;MXG:Mexico Gulf;MXN:Mexico Northwest;MXS:Mexico Southwest;NWM:New Mexico;TEX:Texas,MXE:Mexico Northeast;MXG:Mexico Gulf;MXN:Mexico Northwest;MXS:Mexico Southwest,,,,MATCH,,MATCH,BORDERLINE_MEXICO,CONFIRMED_NATIVE_MEXICO,"D08B1 routing flags: Canada=FALSE, Alaska=FALSE, Mexico=TRUE, Central_America=FALSE, outside_USA_Canada=TRUE, outside_North_America=FALSE. Transcontinental diagnostic=FALSE; diagnostic-only with zero independent routing authority. Confirmed native Level-3 categorical evidence: ARI:Arizona;COL:Colorado;MXE:Mexico Northeast;MXG:Mexico Gulf;MXN:Mexico Northwest;MXS:Mexico Southwest;NWM:New Mexico;TEX:Texas. Outside USA+Canada units: MXE:Mexico Northeast;MXG:Mexico Gulf;MXN:Mexico Northwest;MXS:Mexico Southwest. No Level-3 count was interpreted as area/share/severity; no geometry was inferred.",HOLD_TARGETED_EXTERNAL_RANGE_AUDIT,0,1,0,dc64778032ed9bd301bfc7c14818fc3ba71a3b2621bb4e8b33ec558ecdf3d16d,559a2d6f7b0d67ad886468a2c0098e117c824f196f0a85d3bb7d99c466649017
173145,Quercus hypoleucoides,TRUE,FALSE,FALSE,TRUE,FALSE,TRUE,FALSE,FALSE,DIAGNOSTIC_ONLY_ZERO_INDEPENDENT_ROUTING_AUTHORITY,0,1,TAXON_RANGE_BUILD_CONTRACT_v01,ARI:Arizona;MXE:Mexico Northeast;MXN:Mexico Northwest;NWM:New Mexico;TEX:Texas,MXE:Mexico Northeast;MXN:Mexico Northwest,,,,MATCH,,MATCH,BORDERLINE_MEXICO,CONFIRMED_NATIVE_MEXICO,"D08B1 routing flags: Canada=FALSE, Alaska=FALSE, Mexico=TRUE, Central_America=FALSE, outside_USA_Canada=TRUE, outside_North_America=FALSE. Transcontinental diagnostic=FALSE; diagnostic-only with zero independent routing authority. Confirmed native Level-3 categorical evidence: ARI:Arizona;MXE:Mexico Northeast;MXN:Mexico Northwest;NWM:New Mexico;TEX:Texas. Outside USA+Canada units: MXE:Mexico Northeast;MXN:Mexico Northwest. No Level-3 count was interpreted as area/share/severity; no geometry was inferred.",HOLD_TARGETED_EXTERNAL_RANGE_AUDIT,0,1,0,dc64778032ed9bd301bfc7c14818fc3ba71a3b2621bb4e8b33ec558ecdf3d16d,559a2d6f7b0d67ad886468a2c0098e117c824f196f0a85d3bb7d99c466649017
173293,Quercus ilicifolia,TRUE,TRUE,FALSE,FALSE,FALSE,FALSE,FALSE,FALSE,DIAGNOSTIC_ONLY_ZERO_INDEPENDENT_ROUTING_AUTHORITY,0,1,TAXON_RANGE_BUILD_CONTRACT_v01,CNT:Connecticut;DEL:Delaware;KTY:Kentucky;MAI:Maine;MAS:Massachusetts;MRY:Maryland;NCA:North Carolina;NWH:New Hampshire;NWJ:New Jersey;NWY:New York;ONT:Ontario;PEN:Pennsylvania;RHO:Rhode I.;VER:Vermont;VRG:Virginia;WVA:West Virginia,,,,,MATCH,,MATCH,RETAIN_USCA_AUDIT,CONFIRMED_NATIVE_CANADA,"D08B1 routing flags: Canada=TRUE, Alaska=FALSE, Mexico=FALSE, Central_America=FALSE, outside_USA_Canada=FALSE, outside_North_America=FALSE. Transcontinental diagnostic=FALSE; diagnostic-only with zero independent routing authority. Confirmed native Level-3 categorical evidence: CNT:Connecticut;DEL:Delaware;KTY:Kentucky;MAI:Maine;MAS:Massachusetts;MRY:Maryland;NCA:North Carolina;NWH:New Hampshire;NWJ:New Jersey;NWY:New York;ONT:Ontario;PEN:Pennsylvania;RHO:Rhode I.;VER:Vermont;VRG:Virginia;WVA:West Virginia. No Level-3 count was interpreted as area/share/severity; no geometry was inferred.",RETAIN_FOR_LITTLE_OR_USCA_TRUNCATION_AUDIT,1,0,0,dc64778032ed9bd301bfc7c14818fc3ba71a3b2621bb4e8b33ec558ecdf3d16d,559a2d6f7b0d67ad886468a2c0098e117c824f196f0a85d3bb7d99c466649017
173428,Quercus kelloggii,TRUE,FALSE,FALSE,TRUE,FALSE,TRUE,FALSE,FALSE,DIAGNOSTIC_ONLY_ZERO_INDEPENDENT_ROUTING_AUTHORITY,0,1,TAXON_RANGE_BUILD_CONTRACT_v01,CAL:California;MXN:Mexico Northwest;ORE:Oregon,MXN:Mexico Northwest,,,,MATCH,,MATCH,BORDERLINE_MEXICO,CONFIRMED_NATIVE_MEXICO,"D08B1 routing flags: Canada=FALSE, Alaska=FALSE, Mexico=TRUE, Central_America=FALSE, outside_USA_Canada=TRUE, outside_North_America=FALSE. Transcontinental diagnostic=FALSE; diagnostic-only with zero independent routing authority. Confirmed native Level-3 categorical evidence: CAL:California;MXN:Mexico Northwest;ORE:Oregon. Outside USA+Canada units: MXN:Mexico Northwest. No Level-3 count was interpreted as area/share/severity; no geometry was inferred.",HOLD_TARGETED_EXTERNAL_RANGE_AUDIT,0,1,0,dc64778032ed9bd301bfc7c14818fc3ba71a3b2621bb4e8b33ec558ecdf3d16d,559a2d6f7b0d67ad886468a2c0098e117c824f196f0a85d3bb7d99c466649017
173471,Quercus laceyi,TRUE,FALSE,FALSE,TRUE,FALSE,TRUE,FALSE,FALSE,DIAGNOSTIC_ONLY_ZERO_INDEPENDENT_ROUTING_AUTHORITY,0,1,TAXON_RANGE_BUILD_CONTRACT_v01,MXE:Mexico Northeast;TEX:Texas,MXE:Mexico Northeast,,,,MATCH,,MATCH,BORDERLINE_MEXICO,CONFIRMED_NATIVE_MEXICO,"D08B1 routing flags: Canada=FALSE, Alaska=FALSE, Mexico=TRUE, Central_America=FALSE, outside_USA_Canada=TRUE, outside_North_America=FALSE. Transcontinental diagnostic=FALSE; diagnostic-only with zero independent routing authority. Confirmed native Level-3 categorical evidence: MXE:Mexico Northeast;TEX:Texas. Outside USA+Canada units: MXE:Mexico Northeast. No Level-3 count was interpreted as area/share/severity; no geometry was inferred.",HOLD_TARGETED_EXTERNAL_RANGE_AUDIT,0,1,0,dc64778032ed9bd301bfc7c14818fc3ba71a3b2621bb4e8b33ec558ecdf3d16d,559a2d6f7b0d67ad886468a2c0098e117c824f196f0a85d3bb7d99c466649017
173817,Quercus macrocarpa,TRUE,TRUE,FALSE,FALSE,FALSE,FALSE,FALSE,FALSE,DIAGNOSTIC_ONLY_ZERO_INDEPENDENT_ROUTING_AUTHORITY,0,1,TAXON_RANGE_BUILD_CONTRACT_v01,ABT:Alberta;ALA:Alabama;ARK:Arkansas;CNT:Connecticut;ILL:Illinois;INI:Indiana;IOW:Iowa;KAN:Kansas;KTY:Kentucky;LOU:Louisiana;MAI:Maine;MAN:Manitoba;MAS:Massachusetts;MIC:Michigan;MIN:Minnesota;MNT:Montana;MRY:Maryland;MSO:Missouri;NBR:New Brunswick;NDA:North Dakota;NEB:Nebraska;NWY:New York;OHI:Ohio;OKL:Oklahoma;ONT:Ontario;PEN:Pennsylvania;QUE:Québec;SAS:Saskatchewan;SDA:South Dakota;TEN:Tennessee;TEX:Texas;VER:Vermont;VRG:Virginia;WIS:Wisconsin;WVA:West Virginia;WYO:Wyoming,,,,,MATCH,,MATCH,RETAIN_USCA_AUDIT,CONFIRMED_NATIVE_CANADA,"D08B1 routing flags: Canada=TRUE, Alaska=FALSE, Mexico=FALSE, Central_America=FALSE, outside_USA_Canada=FALSE, outside_North_America=FALSE. Transcontinental diagnostic=FALSE; diagnostic-only with zero independent routing authority. Confirmed native Level-3 categorical evidence: ABT:Alberta;ALA:Alabama;ARK:Arkansas;CNT:Connecticut;ILL:Illinois;INI:Indiana;IOW:Iowa;KAN:Kansas;KTY:Kentucky;LOU:Louisiana;MAI:Maine;MAN:Manitoba;MAS:Massachusetts;MIC:Michigan;MIN:Minnesota;MNT:Montana;MRY:Maryland;MSO:Missouri;NBR:New Brunswick;NDA:North Dakota;NEB:Nebraska;NWY:New York;OHI:Ohio;OKL:Oklahoma;ONT:Ontario;PEN:Pennsylvania;QUE:Québec;SAS:Saskatchewan;SDA:South Dakota;TEN:Tennessee;TEX:Texas;VER:Vermont;VRG:Virginia;WIS:Wisconsin;WVA:West Virginia;WYO:Wyoming. No Level-3 count was interpreted as area/share/severity; no geometry was inferred.",RETAIN_FOR_LITTLE_OR_USCA_TRUNCATION_AUDIT,1,0,0,dc64778032ed9bd301bfc7c14818fc3ba71a3b2621bb4e8b33ec558ecdf3d16d,559a2d6f7b0d67ad886468a2c0098e117c824f196f0a85d3bb7d99c466649017
174020,Quercus muehlenbergii,TRUE,TRUE,FALSE,TRUE,FALSE,TRUE,FALSE,FALSE,DIAGNOSTIC_ONLY_ZERO_INDEPENDENT_ROUTING_AUTHORITY,0,1,TAXON_RANGE_BUILD_CONTRACT_v01,ALA:Alabama;ARK:Arkansas;CNT:Connecticut;FLA:Florida;GEO:Georgia;ILL:Illinois;INI:Indiana;IOW:Iowa;KAN:Kansas;KTY:Kentucky;LOU:Louisiana;MAS:Massachusetts;MIC:Michigan;MIN:Minnesota;MRY:Maryland;MSI:Mississippi;MSO:Missouri;MXE:Mexico Northeast;MXG:Mexico Gulf;NCA:North Carolina;NEB:Nebraska;NWJ:New Jersey;NWM:New Mexico;NWY:New York;OHI:Ohio;OKL:Oklahoma;ONT:Ontario;PEN:Pennsylvania;SCA:South Carolina;TEN:Tennessee;TEX:Texas;VER:Vermont;VRG:Virginia;WIS:Wisconsin;WVA:West Virginia,MXE:Mexico Northeast;MXG:Mexico Gulf,,,,MATCH,,MATCH,BORDERLINE_MEXICO,CONFIRMED_NATIVE_MEXICO,"D08B1 routing flags: Canada=TRUE, Alaska=FALSE, Mexico=TRUE, Central_America=FALSE, outside_USA_Canada=TRUE, outside_North_America=FALSE. Transcontinental diagnostic=FALSE; diagnostic-only with zero independent routing authority. Confirmed native Level-3 categorical evidence: ALA:Alabama;ARK:Arkansas;CNT:Connecticut;FLA:Florida;GEO:Georgia;ILL:Illinois;INI:Indiana;IOW:Iowa;KAN:Kansas;KTY:Kentucky;LOU:Louisiana;MAS:Massachusetts;MIC:Michigan;MIN:Minnesota;MRY:Maryland;MSI:Mississippi;MSO:Missouri;MXE:Mexico Northeast;MXG:Mexico Gulf;NCA:North Carolina;NEB:Nebraska;NWJ:New Jersey;NWM:New Mexico;NWY:New York;OHI:Ohio;OKL:Oklahoma;ONT:Ontario;PEN:Pennsylvania;SCA:South Carolina;TEN:Tennessee;TEX:Texas;VER:Vermont;VRG:Virginia;WIS:Wisconsin;WVA:West Virginia. Outside USA+Canada units: MXE:Mexico Northeast;MXG:Mexico Gulf. No Level-3 count was interpreted as area/share/severity; no geometry was inferred.",HOLD_TARGETED_EXTERNAL_RANGE_AUDIT,0,1,0,dc64778032ed9bd301bfc7c14818fc3ba71a3b2621bb4e8b33ec558ecdf3d16d,559a2d6f7b0d67ad886468a2c0098e117c824f196f0a85d3bb7d99c466649017
174136,Quercus oblongifolia,TRUE,FALSE,FALSE,TRUE,FALSE,TRUE,FALSE,FALSE,DIAGNOSTIC_ONLY_ZERO_INDEPENDENT_ROUTING_AUTHORITY,0,1,TAXON_RANGE_BUILD_CONTRACT_v01,ARI:Arizona;MXE:Mexico Northeast;MXN:Mexico Northwest;NWM:New Mexico;TEX:Texas,MXE:Mexico Northeast;MXN:Mexico Northwest,,,,MATCH,,MATCH,BORDERLINE_MEXICO,CONFIRMED_NATIVE_MEXICO,"D08B1 routing flags: Canada=FALSE, Alaska=FALSE, Mexico=TRUE, Central_America=FALSE, outside_USA_Canada=TRUE, outside_North_America=FALSE. Transcontinental diagnostic=FALSE; diagnostic-only with zero independent routing authority. Confirmed native Level-3 categorical evidence: ARI:Arizona;MXE:Mexico Northeast;MXN:Mexico Northwest;NWM:New Mexico;TEX:Texas. Outside USA+Canada units: MXE:Mexico Northeast;MXN:Mexico Northwest. No Level-3 count was interpreted as area/share/severity; no geometry was inferred.",HOLD_TARGETED_EXTERNAL_RANGE_AUDIT,0,1,0,dc64778032ed9bd301bfc7c14818fc3ba71a3b2621bb4e8b33ec558ecdf3d16d,559a2d6f7b0d67ad886468a2c0098e117c824f196f0a85d3bb7d99c466649017
174242,Quercus palustris,TRUE,TRUE,FALSE,FALSE,FALSE,FALSE,FALSE,FALSE,DIAGNOSTIC_ONLY_ZERO_INDEPENDENT_ROUTING_AUTHORITY,0,1,TAXON_RANGE_BUILD_CONTRACT_v01,ALA:Alabama;ARK:Arkansas;CNT:Connecticut;DEL:Delaware;ILL:Illinois;INI:Indiana;IOW:Iowa;KAN:Kansas;KTY:Kentucky;MAS:Massachusetts;MIC:Michigan;MRY:Maryland;MSO:Missouri;NCA:North Carolina;NWJ:New Jersey;NWY:New York;OHI:Ohio;OKL:Oklahoma;ONT:Ontario;PEN:Pennsylvania;RHO:Rhode I.;TEN:Tennessee;VER:Vermont;VRG:Virginia;WDC:District of Columbia;WIS:Wisconsin;WVA:West Virginia,,,,,MATCH,,MATCH,RETAIN_USCA_AUDIT,CONFIRMED_NATIVE_CANADA,"D08B1 routing flags: Canada=TRUE, Alaska=FALSE, Mexico=FALSE, Central_America=FALSE, outside_USA_Canada=FALSE, outside_North_America=FALSE. Transcontinental diagnostic=FALSE; diagnostic-only with zero independent routing authority. Confirmed native Level-3 categorical evidence: ALA:Alabama;ARK:Arkansas;CNT:Connecticut;DEL:Delaware;ILL:Illinois;INI:Indiana;IOW:Iowa;KAN:Kansas;KTY:Kentucky;MAS:Massachusetts;MIC:Michigan;MRY:Maryland;MSO:Missouri;NCA:North Carolina;NWJ:New Jersey;NWY:New York;OHI:Ohio;OKL:Oklahoma;ONT:Ontario;PEN:Pennsylvania;RHO:Rhode I.;TEN:Tennessee;VER:Vermont;VRG:Virginia;WDC:District of Columbia;WIS:Wisconsin;WVA:West Virginia. No Level-3 count was interpreted as area/share/severity; no geometry was inferred.",RETAIN_FOR_LITTLE_OR_USCA_TRUNCATION_AUDIT,1,0,0,dc64778032ed9bd301bfc7c14818fc3ba71a3b2621bb4e8b33ec558ecdf3d16d,559a2d6f7b0d67ad886468a2c0098e117c824f196f0a85d3bb7d99c466649017
174518,Quercus prinoides,TRUE,TRUE,FALSE,FALSE,FALSE,FALSE,FALSE,FALSE,DIAGNOSTIC_ONLY_ZERO_INDEPENDENT_ROUTING_AUTHORITY,0,1,TAXON_RANGE_BUILD_CONTRACT_v01,ALA:Alabama;ARK:Arkansas;CNT:Connecticut;GEO:Georgia;ILL:Illinois;INI:Indiana;IOW:Iowa;KTY:Kentucky;MAS:Massachusetts;MIC:Michigan;MRY:Maryland;MSO:Missouri;NCA:North Carolina;NWH:New Hampshire;NWJ:New Jersey;NWY:New York;OHI:Ohio;OKL:Oklahoma;ONT:Ontario;PEN:Pennsylvania;RHO:Rhode I.;SCA:South Carolina;TEN:Tennessee;TEX:Texas;VER:Vermont;VRG:Virginia;WVA:West Virginia,,,,,MATCH,,MATCH,RETAIN_USCA_AUDIT,CONFIRMED_NATIVE_CANADA,"D08B1 routing flags: Canada=TRUE, Alaska=FALSE, Mexico=FALSE, Central_America=FALSE, outside_USA_Canada=FALSE, outside_North_America=FALSE. Transcontinental diagnostic=FALSE; diagnostic-only with zero independent routing authority. Confirmed native Level-3 categorical evidence: ALA:Alabama;ARK:Arkansas;CNT:Connecticut;GEO:Georgia;ILL:Illinois;INI:Indiana;IOW:Iowa;KTY:Kentucky;MAS:Massachusetts;MIC:Michigan;MRY:Maryland;MSO:Missouri;NCA:North Carolina;NWH:New Hampshire;NWJ:New Jersey;NWY:New York;OHI:Ohio;OKL:Oklahoma;ONT:Ontario;PEN:Pennsylvania;RHO:Rhode I.;SCA:South Carolina;TEN:Tennessee;TEX:Texas;VER:Vermont;VRG:Virginia;WVA:West Virginia. No Level-3 count was interpreted as area/share/severity; no geometry was inferred.",RETAIN_FOR_LITTLE_OR_USCA_TRUNCATION_AUDIT,1,0,0,dc64778032ed9bd301bfc7c14818fc3ba71a3b2621bb4e8b33ec558ecdf3d16d,559a2d6f7b0d67ad886468a2c0098e117c824f196f0a85d3bb7d99c466649017
174902,Quercus rubra,TRUE,TRUE,FALSE,FALSE,FALSE,FALSE,FALSE,FALSE,DIAGNOSTIC_ONLY_ZERO_INDEPENDENT_ROUTING_AUTHORITY,0,1,TAXON_RANGE_BUILD_CONTRACT_v01,ALA:Alabama;ARK:Arkansas;CNT:Connecticut;DEL:Delaware;GEO:Georgia;ILL:Illinois;INI:Indiana;IOW:Iowa;KAN:Kansas;KTY:Kentucky;LOU:Louisiana;MAI:Maine;MAS:Massachusetts;MIC:Michigan;MIN:Minnesota;MRY:Maryland;MSI:Mississippi;MSO:Missouri;NBR:New Brunswick;NCA:North Carolina;NEB:Nebraska;NSC:Nova Scotia;NWH:New Hampshire;NWJ:New Jersey;NWY:New York;OHI:Ohio;OKL:Oklahoma;ONT:Ontario;PEI:Prince Edward I.;PEN:Pennsylvania;QUE:Québec;RHO:Rhode I.;SCA:South Carolina;TEN:Tennessee;VER:Vermont;VRG:Virginia;WDC:District of Columbia;WIS:Wisconsin;WVA:West Virginia,,,,,MATCH,,MATCH,RETAIN_USCA_AUDIT,CONFIRMED_NATIVE_CANADA,"D08B1 routing flags: Canada=TRUE, Alaska=FALSE, Mexico=FALSE, Central_America=FALSE, outside_USA_Canada=FALSE, outside_North_America=FALSE. Transcontinental diagnostic=FALSE; diagnostic-only with zero independent routing authority. Confirmed native Level-3 categorical evidence: ALA:Alabama;ARK:Arkansas;CNT:Connecticut;DEL:Delaware;GEO:Georgia;ILL:Illinois;INI:Indiana;IOW:Iowa;KAN:Kansas;KTY:Kentucky;LOU:Louisiana;MAI:Maine;MAS:Massachusetts;MIC:Michigan;MIN:Minnesota;MRY:Maryland;MSI:Mississippi;MSO:Missouri;NBR:New Brunswick;NCA:North Carolina;NEB:Nebraska;NSC:Nova Scotia;NWH:New Hampshire;NWJ:New Jersey;NWY:New York;OHI:Ohio;OKL:Oklahoma;ONT:Ontario;PEI:Prince Edward I.;PEN:Pennsylvania;QUE:Québec;RHO:Rhode I.;SCA:South Carolina;TEN:Tennessee;VER:Vermont;VRG:Virginia;WDC:District of Columbia;WIS:Wisconsin;WVA:West Virginia. No Level-3 count was interpreted as area/share/severity; no geometry was inferred.",RETAIN_FOR_LITTLE_OR_USCA_TRUNCATION_AUDIT,1,0,0,dc64778032ed9bd301bfc7c14818fc3ba71a3b2621bb4e8b33ec558ecdf3d16d,559a2d6f7b0d67ad886468a2c0098e117c824f196f0a85d3bb7d99c466649017
174935,Quercus rugosa,TRUE,FALSE,FALSE,TRUE,TRUE,TRUE,FALSE,TRUE,DIAGNOSTIC_ONLY_ZERO_INDEPENDENT_ROUTING_AUTHORITY,0,1,TAXON_RANGE_BUILD_CONTRACT_v01,ARI:Arizona;GUA:Guatemala;HON:Honduras;MXC:Mexico Central;MXE:Mexico Northeast;MXG:Mexico Gulf;MXN:Mexico Northwest;MXS:Mexico Southwest;MXT:Mexico Southeast;NWM:New Mexico;TEX:Texas,GUA:Guatemala;HON:Honduras;MXC:Mexico Central;MXE:Mexico Northeast;MXG:Mexico Gulf;MXN:Mexico Northwest;MXS:Mexico Southwest;MXT:Mexico Southeast,,,,MATCH,,MATCH,BORDERLINE_OTHER_NA,CONFIRMED_NATIVE_CENTRAL_AMERICA,"D08B1 routing flags: Canada=FALSE, Alaska=FALSE, Mexico=TRUE, Central_America=TRUE, outside_USA_Canada=TRUE, outside_North_America=FALSE. Transcontinental diagnostic=TRUE; diagnostic-only with zero independent routing authority. Confirmed native Level-3 categorical evidence: ARI:Arizona;GUA:Guatemala;HON:Honduras;MXC:Mexico Central;MXE:Mexico Northeast;MXG:Mexico Gulf;MXN:Mexico Northwest;MXS:Mexico Southwest;MXT:Mexico Southeast;NWM:New Mexico;TEX:Texas. Outside USA+Canada units: GUA:Guatemala;HON:Honduras;MXC:Mexico Central;MXE:Mexico Northeast;MXG:Mexico Gulf;MXN:Mexico Northwest;MXS:Mexico Southwest;MXT:Mexico Southeast. No Level-3 count was interpreted as area/share/severity; no geometry was inferred.",HOLD_TARGETED_EXTERNAL_RANGE_AUDIT,0,1,0,dc64778032ed9bd301bfc7c14818fc3ba71a3b2621bb4e8b33ec558ecdf3d16d,559a2d6f7b0d67ad886468a2c0098e117c824f196f0a85d3bb7d99c466649017
175148,Quercus shumardii,TRUE,TRUE,FALSE,FALSE,FALSE,FALSE,FALSE,FALSE,DIAGNOSTIC_ONLY_ZERO_INDEPENDENT_ROUTING_AUTHORITY,0,1,TAXON_RANGE_BUILD_CONTRACT_v01,ALA:Alabama;ARK:Arkansas;FLA:Florida;GEO:Georgia;ILL:Illinois;INI:Indiana;KAN:Kansas;KTY:Kentucky;LOU:Louisiana;MIC:Michigan;MRY:Maryland;MSI:Mississippi;MSO:Missouri;NCA:North Carolina;NEB:Nebraska;NWY:New York;OHI:Ohio;OKL:Oklahoma;ONT:Ontario;PEN:Pennsylvania;SCA:South Carolina;TEN:Tennessee;TEX:Texas;VRG:Virginia;WVA:West Virginia,,,,,MATCH,,MATCH,RETAIN_USCA_AUDIT,CONFIRMED_NATIVE_CANADA,"D08B1 routing flags: Canada=TRUE, Alaska=FALSE, Mexico=FALSE, Central_America=FALSE, outside_USA_Canada=FALSE, outside_North_America=FALSE. Transcontinental diagnostic=FALSE; diagnostic-only with zero independent routing authority. Confirmed native Level-3 categorical evidence: ALA:Alabama;ARK:Arkansas;FLA:Florida;GEO:Georgia;ILL:Illinois;INI:Indiana;KAN:Kansas;KTY:Kentucky;LOU:Louisiana;MIC:Michigan;MRY:Maryland;MSI:Mississippi;MSO:Missouri;NCA:North Carolina;NEB:Nebraska;NWY:New York;OHI:Ohio;OKL:Oklahoma;ONT:Ontario;PEN:Pennsylvania;SCA:South Carolina;TEN:Tennessee;TEX:Texas;VRG:Virginia;WVA:West Virginia. No Level-3 count was interpreted as area/share/severity; no geometry was inferred.",RETAIN_FOR_LITTLE_OR_USCA_TRUNCATION_AUDIT,1,0,0,dc64778032ed9bd301bfc7c14818fc3ba71a3b2621bb4e8b33ec558ecdf3d16d,559a2d6f7b0d67ad886468a2c0098e117c824f196f0a85d3bb7d99c466649017
175179,Quercus sinuata,TRUE,FALSE,FALSE,TRUE,FALSE,TRUE,FALSE,FALSE,DIAGNOSTIC_ONLY_ZERO_INDEPENDENT_ROUTING_AUTHORITY,0,1,TAXON_RANGE_BUILD_CONTRACT_v01,ALA:Alabama;ARK:Arkansas;FLA:Florida;GEO:Georgia;LOU:Louisiana;MSI:Mississippi;MXE:Mexico Northeast;NCA:North Carolina;OKL:Oklahoma;SCA:South Carolina;TEX:Texas,MXE:Mexico Northeast,,,,MATCH,,MATCH,BORDERLINE_MEXICO,CONFIRMED_NATIVE_MEXICO,"D08B1 routing flags: Canada=FALSE, Alaska=FALSE, Mexico=TRUE, Central_America=FALSE, outside_USA_Canada=TRUE, outside_North_America=FALSE. Transcontinental diagnostic=FALSE; diagnostic-only with zero independent routing authority. Confirmed native Level-3 categorical evidence: ALA:Alabama;ARK:Arkansas;FLA:Florida;GEO:Georgia;LOU:Louisiana;MSI:Mississippi;MXE:Mexico Northeast;NCA:North Carolina;OKL:Oklahoma;SCA:South Carolina;TEX:Texas. Outside USA+Canada units: MXE:Mexico Northeast. No Level-3 count was interpreted as area/share/severity; no geometry was inferred.",HOLD_TARGETED_EXTERNAL_RANGE_AUDIT,0,1,0,dc64778032ed9bd301bfc7c14818fc3ba71a3b2621bb4e8b33ec558ecdf3d16d,559a2d6f7b0d67ad886468a2c0098e117c824f196f0a85d3bb7d99c466649017
175672,Quercus velutina,TRUE,TRUE,FALSE,FALSE,FALSE,FALSE,FALSE,FALSE,DIAGNOSTIC_ONLY_ZERO_INDEPENDENT_ROUTING_AUTHORITY,0,1,TAXON_RANGE_BUILD_CONTRACT_v01,ALA:Alabama;ARK:Arkansas;CNT:Connecticut;DEL:Delaware;FLA:Florida;GEO:Georgia;ILL:Illinois;INI:Indiana;IOW:Iowa;KAN:Kansas;KTY:Kentucky;LOU:Louisiana;MAI:Maine;MAS:Massachusetts;MIC:Michigan;MIN:Minnesota;MRY:Maryland;MSI:Mississippi;MSO:Missouri;NCA:North Carolina;NEB:Nebraska;NWH:New Hampshire;NWJ:New Jersey;NWY:New York;OHI:Ohio;OKL:Oklahoma;ONT:Ontario;PEN:Pennsylvania;RHO:Rhode I.;SCA:South Carolina;TEN:Tennessee;TEX:Texas;VER:Vermont;VRG:Virginia;WDC:District of Columbia;WIS:Wisconsin;WVA:West Virginia,,,,,MATCH,,MATCH,RETAIN_USCA_AUDIT,CONFIRMED_NATIVE_CANADA,"D08B1 routing flags: Canada=TRUE, Alaska=FALSE, Mexico=FALSE, Central_America=FALSE, outside_USA_Canada=FALSE, outside_North_America=FALSE. Transcontinental diagnostic=FALSE; diagnostic-only with zero independent routing authority. Confirmed native Level-3 categorical evidence: ALA:Alabama;ARK:Arkansas;CNT:Connecticut;DEL:Delaware;FLA:Florida;GEO:Georgia;ILL:Illinois;INI:Indiana;IOW:Iowa;KAN:Kansas;KTY:Kentucky;LOU:Louisiana;MAI:Maine;MAS:Massachusetts;MIC:Michigan;MIN:Minnesota;MRY:Maryland;MSI:Mississippi;MSO:Missouri;NCA:North Carolina;NEB:Nebraska;NWH:New Hampshire;NWJ:New Jersey;NWY:New York;OHI:Ohio;OKL:Oklahoma;ONT:Ontario;PEN:Pennsylvania;RHO:Rhode I.;SCA:South Carolina;TEN:Tennessee;TEX:Texas;VER:Vermont;VRG:Virginia;WDC:District of Columbia;WIS:Wisconsin;WVA:West Virginia. No Level-3 count was interpreted as area/share/severity; no geometry was inferred.",RETAIN_FOR_LITTLE_OR_USCA_TRUNCATION_AUDIT,1,0,0,dc64778032ed9bd301bfc7c14818fc3ba71a3b2621bb4e8b33ec558ecdf3d16d,559a2d6f7b0d67ad886468a2c0098e117c824f196f0a85d3bb7d99c466649017
175769,Quercus wislizeni,TRUE,FALSE,FALSE,TRUE,FALSE,TRUE,FALSE,FALSE,DIAGNOSTIC_ONLY_ZERO_INDEPENDENT_ROUTING_AUTHORITY,0,1,TAXON_RANGE_BUILD_CONTRACT_v01,CAL:California;MXN:Mexico Northwest,MXN:Mexico Northwest,,,,MATCH,,MATCH,BORDERLINE_MEXICO,CONFIRMED_NATIVE_MEXICO,"D08B1 routing flags: Canada=FALSE, Alaska=FALSE, Mexico=TRUE, Central_America=FALSE, outside_USA_Canada=TRUE, outside_North_America=FALSE. Transcontinental diagnostic=FALSE; diagnostic-only with zero independent routing authority. Confirmed native Level-3 categorical evidence: CAL:California;MXN:Mexico Northwest. Outside USA+Canada units: MXN:Mexico Northwest. No Level-3 count was interpreted as area/share/severity; no geometry was inferred.",HOLD_TARGETED_EXTERNAL_RANGE_AUDIT,0,1,0,dc64778032ed9bd301bfc7c14818fc3ba71a3b2621bb4e8b33ec558ecdf3d16d,559a2d6f7b0d67ad886468a2c0098e117c824f196f0a85d3bb7d99c466649017
181053,Sabal palmetto,TRUE,FALSE,FALSE,FALSE,FALSE,TRUE,FALSE,TRUE,DIAGNOSTIC_ONLY_ZERO_INDEPENDENT_ROUTING_AUTHORITY,0,1,TAXON_RANGE_BUILD_CONTRACT_v01,ALA:Alabama;BAH:Bahamas;CUB:Cuba;FLA:Florida;GEO:Georgia;NCA:North Carolina;SCA:South Carolina;TCI:Turks-Caicos Is.,BAH:Bahamas;CUB:Cuba;TCI:Turks-Caicos Is.,,BAH:Bahamas;CUB:Cuba;TCI:Turks-Caicos Is.,,MATCH,,MATCH,BORDERLINE_OTHER_NA,CONFIRMED_NATIVE_OTHER_NA_EXTENSION,"D08B1 routing flags: Canada=FALSE, Alaska=FALSE, Mexico=FALSE, Central_America=FALSE, outside_USA_Canada=TRUE, outside_North_America=FALSE. Transcontinental diagnostic=TRUE; diagnostic-only with zero independent routing authority. Confirmed native Level-3 categorical evidence: ALA:Alabama;BAH:Bahamas;CUB:Cuba;FLA:Florida;GEO:Georgia;NCA:North Carolina;SCA:South Carolina;TCI:Turks-Caicos Is.. Outside USA+Canada units: BAH:Bahamas;CUB:Cuba;TCI:Turks-Caicos Is.. Other North-America-side units: BAH:Bahamas;CUB:Cuba;TCI:Turks-Caicos Is.. No Level-3 count was interpreted as area/share/severity; no geometry was inferred.",HOLD_TARGETED_EXTERNAL_RANGE_AUDIT,0,1,0,dc64778032ed9bd301bfc7c14818fc3ba71a3b2621bb4e8b33ec558ecdf3d16d,559a2d6f7b0d67ad886468a2c0098e117c824f196f0a85d3bb7d99c466649017
191965,Sideroxylon lanuginosum,TRUE,FALSE,FALSE,TRUE,FALSE,TRUE,FALSE,FALSE,DIAGNOSTIC_ONLY_ZERO_INDEPENDENT_ROUTING_AUTHORITY,0,1,TAXON_RANGE_BUILD_CONTRACT_v01,ALA:Alabama;ARI:Arizona;ARK:Arkansas;FLA:Florida;GEO:Georgia;ILL:Illinois;KAN:Kansas;KTY:Kentucky;LOU:Louisiana;MSI:Mississippi;MSO:Missouri;MXE:Mexico Northeast;MXG:Mexico Gulf;MXN:Mexico Northwest;MXS:Mexico Southwest;NWM:New Mexico;OKL:Oklahoma;SCA:South Carolina;TEX:Texas,MXE:Mexico Northeast;MXG:Mexico Gulf;MXN:Mexico Northwest;MXS:Mexico Southwest,,,,MATCH,,MATCH,BORDERLINE_MEXICO,CONFIRMED_NATIVE_MEXICO,"D08B1 routing flags: Canada=FALSE, Alaska=FALSE, Mexico=TRUE, Central_America=FALSE, outside_USA_Canada=TRUE, outside_North_America=FALSE. Transcontinental diagnostic=FALSE; diagnostic-only with zero independent routing authority. Confirmed native Level-3 categorical evidence: ALA:Alabama;ARI:Arizona;ARK:Arkansas;FLA:Florida;GEO:Georgia;ILL:Illinois;KAN:Kansas;KTY:Kentucky;LOU:Louisiana;MSI:Mississippi;MSO:Missouri;MXE:Mexico Northeast;MXG:Mexico Gulf;MXN:Mexico Northwest;MXS:Mexico Southwest;NWM:New Mexico;OKL:Oklahoma;SCA:South Carolina;TEX:Texas. Outside USA+Canada units: MXE:Mexico Northeast;MXG:Mexico Gulf;MXN:Mexico Northwest;MXS:Mexico Southwest. No Level-3 count was interpreted as area/share/severity; no geometry was inferred.",HOLD_TARGETED_EXTERNAL_RANGE_AUDIT,0,1,0,dc64778032ed9bd301bfc7c14818fc3ba71a3b2621bb4e8b33ec558ecdf3d16d,559a2d6f7b0d67ad886468a2c0098e117c824f196f0a85d3bb7d99c466649017
351387,Leucothrinax morrisii,TRUE,FALSE,FALSE,FALSE,FALSE,TRUE,FALSE,TRUE,DIAGNOSTIC_ONLY_ZERO_INDEPENDENT_ROUTING_AUTHORITY,0,1,TAXON_RANGE_BUILD_CONTRACT_v01,BAH:Bahamas;CUB:Cuba;FLA:Florida;HAI:Haiti;LEE:Leeward Is.;PUE:Puerto Rico;TCI:Turks-Caicos Is.,BAH:Bahamas;CUB:Cuba;HAI:Haiti;LEE:Leeward Is.;PUE:Puerto Rico;TCI:Turks-Caicos Is.,,BAH:Bahamas;CUB:Cuba;HAI:Haiti;LEE:Leeward Is.;PUE:Puerto Rico;TCI:Turks-Caicos Is.,,MATCH,,MATCH,BORDERLINE_OTHER_NA,CONFIRMED_NATIVE_OTHER_NA_EXTENSION,"D08B1 routing flags: Canada=FALSE, Alaska=FALSE, Mexico=FALSE, Central_America=FALSE, outside_USA_Canada=TRUE, outside_North_America=FALSE. Transcontinental diagnostic=TRUE; diagnostic-only with zero independent routing authority. Confirmed native Level-3 categorical evidence: BAH:Bahamas;CUB:Cuba;FLA:Florida;HAI:Haiti;LEE:Leeward Is.;PUE:Puerto Rico;TCI:Turks-Caicos Is.. Outside USA+Canada units: BAH:Bahamas;CUB:Cuba;HAI:Haiti;LEE:Leeward Is.;PUE:Puerto Rico;TCI:Turks-Caicos Is.. Other North-America-side units: BAH:Bahamas;CUB:Cuba;HAI:Haiti;LEE:Leeward Is.;PUE:Puerto Rico;TCI:Turks-Caicos Is.. No Level-3 count was interpreted as area/share/severity; no geometry was inferred.",HOLD_TARGETED_EXTERNAL_RANGE_AUDIT,0,1,0,dc64778032ed9bd301bfc7c14818fc3ba71a3b2621bb4e8b33ec558ecdf3d16d,559a2d6f7b0d67ad886468a2c0098e117c824f196f0a85d3bb7d99c466649017
369466,Fraxinus albicans,TRUE,FALSE,FALSE,TRUE,FALSE,TRUE,FALSE,FALSE,DIAGNOSTIC_ONLY_ZERO_INDEPENDENT_ROUTING_AUTHORITY,0,1,TAXON_RANGE_BUILD_CONTRACT_v01,MXE:Mexico Northeast;OKL:Oklahoma;TEX:Texas,MXE:Mexico Northeast,,,,MATCH,,MATCH,BORDERLINE_MEXICO,CONFIRMED_NATIVE_MEXICO,"D08B1 routing flags: Canada=FALSE, Alaska=FALSE, Mexico=TRUE, Central_America=FALSE, outside_USA_Canada=TRUE, outside_North_America=FALSE. Transcontinental diagnostic=FALSE; diagnostic-only with zero independent routing authority. Confirmed native Level-3 categorical evidence: MXE:Mexico Northeast;OKL:Oklahoma;TEX:Texas. Outside USA+Canada units: MXE:Mexico Northeast. No Level-3 count was interpreted as area/share/severity; no geometry was inferred.",HOLD_TARGETED_EXTERNAL_RANGE_AUDIT,0,1,0,dc64778032ed9bd301bfc7c14818fc3ba71a3b2621bb4e8b33ec558ecdf3d16d,559a2d6f7b0d67ad886468a2c0098e117c824f196f0a85d3bb7d99c466649017
369468,Fraxinus americana,TRUE,TRUE,FALSE,TRUE,FALSE,TRUE,FALSE,FALSE,DIAGNOSTIC_ONLY_ZERO_INDEPENDENT_ROUTING_AUTHORITY,0,1,TAXON_RANGE_BUILD_CONTRACT_v01,ALA:Alabama;ARK:Arkansas;CNT:Connecticut;DEL:Delaware;FLA:Florida;GEO:Georgia;ILL:Illinois;INI:Indiana;IOW:Iowa;KAN:Kansas;KTY:Kentucky;LOU:Louisiana;MAI:Maine;MAS:Massachusetts;MIC:Michigan;MIN:Minnesota;MRY:Maryland;MSI:Mississippi;MSO:Missouri;MXE:Mexico Northeast;NBR:New Brunswick;NCA:North Carolina;NEB:Nebraska;NSC:Nova Scotia;NWH:New Hampshire;NWJ:New Jersey;NWY:New York;OHI:Ohio;OKL:Oklahoma;ONT:Ontario;PEI:Prince Edward I.;PEN:Pennsylvania;QUE:Québec;RHO:Rhode I.;SCA:South Carolina;TEN:Tennessee;TEX:Texas;VER:Vermont;VRG:Virginia;WDC:District of Columbia;WIS:Wisconsin;WVA:West Virginia,MXE:Mexico Northeast,,,,MATCH,,MATCH,BORDERLINE_MEXICO,CONFIRMED_NATIVE_MEXICO,"D08B1 routing flags: Canada=TRUE, Alaska=FALSE, Mexico=TRUE, Central_America=FALSE, outside_USA_Canada=TRUE, outside_North_America=FALSE. Transcontinental diagnostic=FALSE; diagnostic-only with zero independent routing authority. Confirmed native Level-3 categorical evidence: ALA:Alabama;ARK:Arkansas;CNT:Connecticut;DEL:Delaware;FLA:Florida;GEO:Georgia;ILL:Illinois;INI:Indiana;IOW:Iowa;KAN:Kansas;KTY:Kentucky;LOU:Louisiana;MAI:Maine;MAS:Massachusetts;MIC:Michigan;MIN:Minnesota;MRY:Maryland;MSI:Mississippi;MSO:Missouri;MXE:Mexico Northeast;NBR:New Brunswick;NCA:North Carolina;NEB:Nebraska;NSC:Nova Scotia;NWH:New Hampshire;NWJ:New Jersey;NWY:New York;OHI:Ohio;OKL:Oklahoma;ONT:Ontario;PEI:Prince Edward I.;PEN:Pennsylvania;QUE:Québec;RHO:Rhode I.;SCA:South Carolina;TEN:Tennessee;TEX:Texas;VER:Vermont;VRG:Virginia;WDC:District of Columbia;WIS:Wisconsin;WVA:West Virginia. Outside USA+Canada units: MXE:Mexico Northeast. No Level-3 count was interpreted as area/share/severity; no geometry was inferred.",HOLD_TARGETED_EXTERNAL_RANGE_AUDIT,0,1,0,dc64778032ed9bd301bfc7c14818fc3ba71a3b2621bb4e8b33ec558ecdf3d16d,559a2d6f7b0d67ad886468a2c0098e117c824f196f0a85d3bb7d99c466649017
369564,Fraxinus berlandieriana,TRUE,FALSE,FALSE,TRUE,FALSE,TRUE,FALSE,FALSE,DIAGNOSTIC_ONLY_ZERO_INDEPENDENT_ROUTING_AUTHORITY,0,1,TAXON_RANGE_BUILD_CONTRACT_v01,LOU:Louisiana;MXE:Mexico Northeast;MXG:Mexico Gulf;TEX:Texas,MXE:Mexico Northeast;MXG:Mexico Gulf,,,,MATCH,,MATCH,BORDERLINE_MEXICO,CONFIRMED_NATIVE_MEXICO,"D08B1 routing flags: Canada=FALSE, Alaska=FALSE, Mexico=TRUE, Central_America=FALSE, outside_USA_Canada=TRUE, outside_North_America=FALSE. Transcontinental diagnostic=FALSE; diagnostic-only with zero independent routing authority. Confirmed native Level-3 categorical evidence: LOU:Louisiana;MXE:Mexico Northeast;MXG:Mexico Gulf;TEX:Texas. Outside USA+Canada units: MXE:Mexico Northeast;MXG:Mexico Gulf. No Level-3 count was interpreted as area/share/severity; no geometry was inferred.",HOLD_TARGETED_EXTERNAL_RANGE_AUDIT,0,1,0,dc64778032ed9bd301bfc7c14818fc3ba71a3b2621bb4e8b33ec558ecdf3d16d,559a2d6f7b0d67ad886468a2c0098e117c824f196f0a85d3bb7d99c466649017
369591,Fraxinus caroliniana,TRUE,FALSE,FALSE,FALSE,FALSE,TRUE,FALSE,TRUE,DIAGNOSTIC_ONLY_ZERO_INDEPENDENT_ROUTING_AUTHORITY,0,1,TAXON_RANGE_BUILD_CONTRACT_v01,ALA:Alabama;ARK:Arkansas;CUB:Cuba;FLA:Florida;GEO:Georgia;LOU:Louisiana;MSI:Mississippi;NCA:North Carolina;SCA:South Carolina;TEX:Texas;VRG:Virginia,CUB:Cuba,,CUB:Cuba,,MATCH,,MATCH,BORDERLINE_OTHER_NA,CONFIRMED_NATIVE_OTHER_NA_EXTENSION,"D08B1 routing flags: Canada=FALSE, Alaska=FALSE, Mexico=FALSE, Central_America=FALSE, outside_USA_Canada=TRUE, outside_North_America=FALSE. Transcontinental diagnostic=TRUE; diagnostic-only with zero independent routing authority. Confirmed native Level-3 categorical evidence: ALA:Alabama;ARK:Arkansas;CUB:Cuba;FLA:Florida;GEO:Georgia;LOU:Louisiana;MSI:Mississippi;NCA:North Carolina;SCA:South Carolina;TEX:Texas;VRG:Virginia. Outside USA+Canada units: CUB:Cuba. Other North-America-side units: CUB:Cuba. No Level-3 count was interpreted as area/share/severity; no geometry was inferred.",HOLD_TARGETED_EXTERNAL_RANGE_AUDIT,0,1,0,dc64778032ed9bd301bfc7c14818fc3ba71a3b2621bb4e8b33ec558ecdf3d16d,559a2d6f7b0d67ad886468a2c0098e117c824f196f0a85d3bb7d99c466649017
369836,Fraxinus latifolia,TRUE,TRUE,FALSE,FALSE,FALSE,FALSE,FALSE,FALSE,DIAGNOSTIC_ONLY_ZERO_INDEPENDENT_ROUTING_AUTHORITY,0,1,TAXON_RANGE_BUILD_CONTRACT_v01,BRC:British Columbia;CAL:California;ORE:Oregon;WAS:Washington,,,,,MATCH,,MATCH,RETAIN_USCA_AUDIT,CONFIRMED_NATIVE_CANADA,"D08B1 routing flags: Canada=TRUE, Alaska=FALSE, Mexico=FALSE, Central_America=FALSE, outside_USA_Canada=FALSE, outside_North_America=FALSE. Transcontinental diagnostic=FALSE; diagnostic-only with zero independent routing authority. Confirmed native Level-3 categorical evidence: BRC:British Columbia;CAL:California;ORE:Oregon;WAS:Washington. No Level-3 count was interpreted as area/share/severity; no geometry was inferred.",RETAIN_FOR_LITTLE_OR_USCA_TRUNCATION_AUDIT,1,0,0,dc64778032ed9bd301bfc7c14818fc3ba71a3b2621bb4e8b33ec558ecdf3d16d,559a2d6f7b0d67ad886468a2c0098e117c824f196f0a85d3bb7d99c466649017
369888,Fraxinus nigra,TRUE,TRUE,FALSE,FALSE,FALSE,FALSE,FALSE,FALSE,DIAGNOSTIC_ONLY_ZERO_INDEPENDENT_ROUTING_AUTHORITY,0,1,TAXON_RANGE_BUILD_CONTRACT_v01,CNT:Connecticut;DEL:Delaware;ILL:Illinois;INI:Indiana;IOW:Iowa;MAI:Maine;MAS:Massachusetts;MIC:Michigan;MIN:Minnesota;MRY:Maryland;NDA:North Dakota;NFL:Newfoundland;NWH:New Hampshire;NWJ:New Jersey;NWY:New York;OHI:Ohio;ONT:Ontario;PEN:Pennsylvania;RHO:Rhode I.;VER:Vermont;WIS:Wisconsin;WVA:West Virginia,,,,,MATCH,,MATCH,RETAIN_USCA_AUDIT,CONFIRMED_NATIVE_CANADA,"D08B1 routing flags: Canada=TRUE, Alaska=FALSE, Mexico=FALSE, Central_America=FALSE, outside_USA_Canada=FALSE, outside_North_America=FALSE. Transcontinental diagnostic=FALSE; diagnostic-only with zero independent routing authority. Confirmed native Level-3 categorical evidence: CNT:Connecticut;DEL:Delaware;ILL:Illinois;INI:Indiana;IOW:Iowa;MAI:Maine;MAS:Massachusetts;MIC:Michigan;MIN:Minnesota;MRY:Maryland;NDA:North Dakota;NFL:Newfoundland;NWH:New Hampshire;NWJ:New Jersey;NWY:New York;OHI:Ohio;ONT:Ontario;PEN:Pennsylvania;RHO:Rhode I.;VER:Vermont;WIS:Wisconsin;WVA:West Virginia. No Level-3 count was interpreted as area/share/severity; no geometry was inferred.",RETAIN_FOR_LITTLE_OR_USCA_TRUNCATION_AUDIT,1,0,0,dc64778032ed9bd301bfc7c14818fc3ba71a3b2621bb4e8b33ec558ecdf3d16d,559a2d6f7b0d67ad886468a2c0098e117c824f196f0a85d3bb7d99c466649017
370006,Fraxinus pennsylvanica,TRUE,TRUE,FALSE,FALSE,FALSE,FALSE,FALSE,FALSE,DIAGNOSTIC_ONLY_ZERO_INDEPENDENT_ROUTING_AUTHORITY,0,1,TAXON_RANGE_BUILD_CONTRACT_v01,ALA:Alabama;ARK:Arkansas;CNT:Connecticut;COL:Colorado;DEL:Delaware;FLA:Florida;GEO:Georgia;ILL:Illinois;INI:Indiana;IOW:Iowa;KAN:Kansas;KTY:Kentucky;LOU:Louisiana;MAI:Maine;MAN:Manitoba;MAS:Massachusetts;MIC:Michigan;MIN:Minnesota;MNT:Montana;MRY:Maryland;MSI:Mississippi;MSO:Missouri;NBR:New Brunswick;NCA:North Carolina;NDA:North Dakota;NEB:Nebraska;NSC:Nova Scotia;NWH:New Hampshire;NWJ:New Jersey;NWY:New York;OHI:Ohio;OKL:Oklahoma;ONT:Ontario;PEN:Pennsylvania;QUE:Québec;RHO:Rhode I.;SAS:Saskatchewan;SCA:South Carolina;SDA:South Dakota;TEN:Tennessee;TEX:Texas;UTA:Utah;VER:Vermont;VRG:Virginia;WDC:District of Columbia;WIS:Wisconsin;WVA:West Virginia;WYO:Wyoming,,,,,MATCH,,MATCH,RETAIN_USCA_AUDIT,CONFIRMED_NATIVE_CANADA,"D08B1 routing flags: Canada=TRUE, Alaska=FALSE, Mexico=FALSE, Central_America=FALSE, outside_USA_Canada=FALSE, outside_North_America=FALSE. Transcontinental diagnostic=FALSE; diagnostic-only with zero independent routing authority. Confirmed native Level-3 categorical evidence: ALA:Alabama;ARK:Arkansas;CNT:Connecticut;COL:Colorado;DEL:Delaware;FLA:Florida;GEO:Georgia;ILL:Illinois;INI:Indiana;IOW:Iowa;KAN:Kansas;KTY:Kentucky;LOU:Louisiana;MAI:Maine;MAN:Manitoba;MAS:Massachusetts;MIC:Michigan;MIN:Minnesota;MNT:Montana;MRY:Maryland;MSI:Mississippi;MSO:Missouri;NBR:New Brunswick;NCA:North Carolina;NDA:North Dakota;NEB:Nebraska;NSC:Nova Scotia;NWH:New Hampshire;NWJ:New Jersey;NWY:New York;OHI:Ohio;OKL:Oklahoma;ONT:Ontario;PEN:Pennsylvania;QUE:Québec;RHO:Rhode I.;SAS:Saskatchewan;SCA:South Carolina;SDA:South Dakota;TEN:Tennessee;TEX:Texas;UTA:Utah;VER:Vermont;VRG:Virginia;WDC:District of Columbia;WIS:Wisconsin;WVA:West Virginia;WYO:Wyoming. No Level-3 count was interpreted as area/share/severity; no geometry was inferred.",RETAIN_FOR_LITTLE_OR_USCA_TRUNCATION_AUDIT,1,0,0,dc64778032ed9bd301bfc7c14818fc3ba71a3b2621bb4e8b33ec558ecdf3d16d,559a2d6f7b0d67ad886468a2c0098e117c824f196f0a85d3bb7d99c466649017
370075,Fraxinus quadrangulata,TRUE,TRUE,FALSE,FALSE,FALSE,FALSE,FALSE,FALSE,DIAGNOSTIC_ONLY_ZERO_INDEPENDENT_ROUTING_AUTHORITY,0,1,TAXON_RANGE_BUILD_CONTRACT_v01,ALA:Alabama;ARK:Arkansas;GEO:Georgia;ILL:Illinois;INI:Indiana;IOW:Iowa;KAN:Kansas;KTY:Kentucky;MIC:Michigan;MIN:Minnesota;MSI:Mississippi;MSO:Missouri;OHI:Ohio;OKL:Oklahoma;ONT:Ontario;TEN:Tennessee;VRG:Virginia;WIS:Wisconsin;WVA:West Virginia,,,,,MATCH,,MATCH,RETAIN_USCA_AUDIT,CONFIRMED_NATIVE_CANADA,"D08B1 routing flags: Canada=TRUE, Alaska=FALSE, Mexico=FALSE, Central_America=FALSE, outside_USA_Canada=FALSE, outside_North_America=FALSE. Transcontinental diagnostic=FALSE; diagnostic-only with zero independent routing authority. Confirmed native Level-3 categorical evidence: ALA:Alabama;ARK:Arkansas;GEO:Georgia;ILL:Illinois;INI:Indiana;IOW:Iowa;KAN:Kansas;KTY:Kentucky;MIC:Michigan;MIN:Minnesota;MSI:Mississippi;MSO:Missouri;OHI:Ohio;OKL:Oklahoma;ONT:Ontario;TEN:Tennessee;VRG:Virginia;WIS:Wisconsin;WVA:West Virginia. No Level-3 count was interpreted as area/share/severity; no geometry was inferred.",RETAIN_FOR_LITTLE_OR_USCA_TRUNCATION_AUDIT,1,0,0,dc64778032ed9bd301bfc7c14818fc3ba71a3b2621bb4e8b33ec558ecdf3d16d,559a2d6f7b0d67ad886468a2c0098e117c824f196f0a85d3bb7d99c466649017
370195,Fraxinus velutina,TRUE,FALSE,FALSE,TRUE,FALSE,TRUE,FALSE,FALSE,DIAGNOSTIC_ONLY_ZERO_INDEPENDENT_ROUTING_AUTHORITY,0,1,TAXON_RANGE_BUILD_CONTRACT_v01,ARI:Arizona;CAL:California;MXC:Mexico Central;MXE:Mexico Northeast;MXG:Mexico Gulf;MXN:Mexico Northwest;MXT:Mexico Southeast;NEV:Nevada;NWM:New Mexico;TEX:Texas;UTA:Utah,MXC:Mexico Central;MXE:Mexico Northeast;MXG:Mexico Gulf;MXN:Mexico Northwest;MXT:Mexico Southeast,,,,MATCH,,MATCH,BORDERLINE_MEXICO,CONFIRMED_NATIVE_MEXICO,"D08B1 routing flags: Canada=FALSE, Alaska=FALSE, Mexico=TRUE, Central_America=FALSE, outside_USA_Canada=TRUE, outside_North_America=FALSE. Transcontinental diagnostic=FALSE; diagnostic-only with zero independent routing authority. Confirmed native Level-3 categorical evidence: ARI:Arizona;CAL:California;MXC:Mexico Central;MXE:Mexico Northeast;MXG:Mexico Gulf;MXN:Mexico Northwest;MXT:Mexico Southeast;NEV:Nevada;NWM:New Mexico;TEX:Texas;UTA:Utah. Outside USA+Canada units: MXC:Mexico Central;MXE:Mexico Northeast;MXG:Mexico Gulf;MXN:Mexico Northwest;MXT:Mexico Southeast. No Level-3 count was interpreted as area/share/severity; no geometry was inferred.",HOLD_TARGETED_EXTERNAL_RANGE_AUDIT,0,1,0,dc64778032ed9bd301bfc7c14818fc3ba71a3b2621bb4e8b33ec558ecdf3d16d,559a2d6f7b0d67ad886468a2c0098e117c824f196f0a85d3bb7d99c466649017
377287,Juniperus virginiana,TRUE,TRUE,FALSE,TRUE,FALSE,TRUE,FALSE,FALSE,DIAGNOSTIC_ONLY_ZERO_INDEPENDENT_ROUTING_AUTHORITY,0,1,TAXON_RANGE_BUILD_CONTRACT_v01,ALA:Alabama;ARK:Arkansas;CNT:Connecticut;COL:Colorado;DEL:Delaware;FLA:Florida;GEO:Georgia;ILL:Illinois;INI:Indiana;IOW:Iowa;KAN:Kansas;KTY:Kentucky;LOU:Louisiana;MAI:Maine;MAS:Massachusetts;MIC:Michigan;MIN:Minnesota;MRY:Maryland;MSI:Mississippi;MSO:Missouri;MXE:Mexico Northeast;NCA:North Carolina;NDA:North Dakota;NEB:Nebraska;NWH:New Hampshire;NWJ:New Jersey;NWY:New York;OHI:Ohio;OKL:Oklahoma;ONT:Ontario;PEN:Pennsylvania;QUE:Québec;RHO:Rhode I.;SCA:South Carolina;SDA:South Dakota;TEN:Tennessee;TEX:Texas;VER:Vermont;VRG:Virginia;WDC:District of Columbia;WIS:Wisconsin;WVA:West Virginia,MXE:Mexico Northeast,,,,MATCH,,MATCH,BORDERLINE_MEXICO,CONFIRMED_NATIVE_MEXICO,"D08B1 routing flags: Canada=TRUE, Alaska=FALSE, Mexico=TRUE, Central_America=FALSE, outside_USA_Canada=TRUE, outside_North_America=FALSE. Transcontinental diagnostic=FALSE; diagnostic-only with zero independent routing authority. Confirmed native Level-3 categorical evidence: ALA:Alabama;ARK:Arkansas;CNT:Connecticut;COL:Colorado;DEL:Delaware;FLA:Florida;GEO:Georgia;ILL:Illinois;INI:Indiana;IOW:Iowa;KAN:Kansas;KTY:Kentucky;LOU:Louisiana;MAI:Maine;MAS:Massachusetts;MIC:Michigan;MIN:Minnesota;MRY:Maryland;MSI:Mississippi;MSO:Missouri;MXE:Mexico Northeast;NCA:North Carolina;NDA:North Dakota;NEB:Nebraska;NWH:New Hampshire;NWJ:New Jersey;NWY:New York;OHI:Ohio;OKL:Oklahoma;ONT:Ontario;PEN:Pennsylvania;QUE:Québec;RHO:Rhode I.;SCA:South Carolina;SDA:South Dakota;TEN:Tennessee;TEX:Texas;VER:Vermont;VRG:Virginia;WDC:District of Columbia;WIS:Wisconsin;WVA:West Virginia. Outside USA+Canada units: MXE:Mexico Northeast. No Level-3 count was interpreted as area/share/severity; no geometry was inferred.",HOLD_TARGETED_EXTERNAL_RANGE_AUDIT,0,1,0,dc64778032ed9bd301bfc7c14818fc3ba71a3b2621bb4e8b33ec558ecdf3d16d,559a2d6f7b0d67ad886468a2c0098e117c824f196f0a85d3bb7d99c466649017
377330,Juniperus scopulorum,TRUE,TRUE,FALSE,TRUE,FALSE,TRUE,FALSE,FALSE,DIAGNOSTIC_ONLY_ZERO_INDEPENDENT_ROUTING_AUTHORITY,0,1,TAXON_RANGE_BUILD_CONTRACT_v01,ABT:Alberta;ARI:Arizona;BRC:British Columbia;COL:Colorado;IDA:Idaho;MNT:Montana;MXE:Mexico Northeast;MXN:Mexico Northwest;NDA:North Dakota;NEB:Nebraska;NEV:Nevada;NWM:New Mexico;ORE:Oregon;SDA:South Dakota;UTA:Utah;WAS:Washington;WYO:Wyoming,MXE:Mexico Northeast;MXN:Mexico Northwest,,,,MATCH,,MATCH,BORDERLINE_MEXICO,CONFIRMED_NATIVE_MEXICO,"D08B1 routing flags: Canada=TRUE, Alaska=FALSE, Mexico=TRUE, Central_America=FALSE, outside_USA_Canada=TRUE, outside_North_America=FALSE. Transcontinental diagnostic=FALSE; diagnostic-only with zero independent routing authority. Confirmed native Level-3 categorical evidence: ABT:Alberta;ARI:Arizona;BRC:British Columbia;COL:Colorado;IDA:Idaho;MNT:Montana;MXE:Mexico Northeast;MXN:Mexico Northwest;NDA:North Dakota;NEB:Nebraska;NEV:Nevada;NWM:New Mexico;ORE:Oregon;SDA:South Dakota;UTA:Utah;WAS:Washington;WYO:Wyoming. Outside USA+Canada units: MXE:Mexico Northeast;MXN:Mexico Northwest. No Level-3 count was interpreted as area/share/severity; no geometry was inferred.",HOLD_TARGETED_EXTERNAL_RANGE_AUDIT,0,1,0,dc64778032ed9bd301bfc7c14818fc3ba71a3b2621bb4e8b33ec558ecdf3d16d,559a2d6f7b0d67ad886468a2c0098e117c824f196f0a85d3bb7d99c466649017
377371,Juniperus deppeana,TRUE,FALSE,FALSE,TRUE,FALSE,TRUE,FALSE,FALSE,DIAGNOSTIC_ONLY_ZERO_INDEPENDENT_ROUTING_AUTHORITY,0,1,TAXON_RANGE_BUILD_CONTRACT_v01,ARI:Arizona;MXC:Mexico Central;MXE:Mexico Northeast;MXG:Mexico Gulf;MXN:Mexico Northwest;MXS:Mexico Southwest;NWM:New Mexico;TEX:Texas,MXC:Mexico Central;MXE:Mexico Northeast;MXG:Mexico Gulf;MXN:Mexico Northwest;MXS:Mexico Southwest,,,,MATCH,,MATCH,BORDERLINE_MEXICO,CONFIRMED_NATIVE_MEXICO,"D08B1 routing flags: Canada=FALSE, Alaska=FALSE, Mexico=TRUE, Central_America=FALSE, outside_USA_Canada=TRUE, outside_North_America=FALSE. Transcontinental diagnostic=FALSE; diagnostic-only with zero independent routing authority. Confirmed native Level-3 categorical evidence: ARI:Arizona;MXC:Mexico Central;MXE:Mexico Northeast;MXG:Mexico Gulf;MXN:Mexico Northwest;MXS:Mexico Southwest;NWM:New Mexico;TEX:Texas. Outside USA+Canada units: MXC:Mexico Central;MXE:Mexico Northeast;MXG:Mexico Gulf;MXN:Mexico Northwest;MXS:Mexico Southwest. No Level-3 count was interpreted as area/share/severity; no geometry was inferred.",HOLD_TARGETED_EXTERNAL_RANGE_AUDIT,0,1,0,dc64778032ed9bd301bfc7c14818fc3ba71a3b2621bb4e8b33ec558ecdf3d16d,559a2d6f7b0d67ad886468a2c0098e117c824f196f0a85d3bb7d99c466649017
377397,Juniperus flaccida,TRUE,FALSE,FALSE,TRUE,FALSE,TRUE,FALSE,FALSE,DIAGNOSTIC_ONLY_ZERO_INDEPENDENT_ROUTING_AUTHORITY,0,1,TAXON_RANGE_BUILD_CONTRACT_v01,MXC:Mexico Central;MXE:Mexico Northeast;MXG:Mexico Gulf;MXN:Mexico Northwest;MXS:Mexico Southwest;TEX:Texas,MXC:Mexico Central;MXE:Mexico Northeast;MXG:Mexico Gulf;MXN:Mexico Northwest;MXS:Mexico Southwest,,,,MATCH,,MATCH,BORDERLINE_MEXICO,CONFIRMED_NATIVE_MEXICO,"D08B1 routing flags: Canada=FALSE, Alaska=FALSE, Mexico=TRUE, Central_America=FALSE, outside_USA_Canada=TRUE, outside_North_America=FALSE. Transcontinental diagnostic=FALSE; diagnostic-only with zero independent routing authority. Confirmed native Level-3 categorical evidence: MXC:Mexico Central;MXE:Mexico Northeast;MXG:Mexico Gulf;MXN:Mexico Northwest;MXS:Mexico Southwest;TEX:Texas. Outside USA+Canada units: MXC:Mexico Central;MXE:Mexico Northeast;MXG:Mexico Gulf;MXN:Mexico Northwest;MXS:Mexico Southwest. No Level-3 count was interpreted as area/share/severity; no geometry was inferred.",HOLD_TARGETED_EXTERNAL_RANGE_AUDIT,0,1,0,dc64778032ed9bd301bfc7c14818fc3ba71a3b2621bb4e8b33ec558ecdf3d16d,559a2d6f7b0d67ad886468a2c0098e117c824f196f0a85d3bb7d99c466649017
377454,Juniperus ashei,TRUE,FALSE,FALSE,TRUE,FALSE,TRUE,FALSE,FALSE,DIAGNOSTIC_ONLY_ZERO_INDEPENDENT_ROUTING_AUTHORITY,0,1,TAXON_RANGE_BUILD_CONTRACT_v01,ARK:Arkansas;MSO:Missouri;MXE:Mexico Northeast;OKL:Oklahoma;TEX:Texas,MXE:Mexico Northeast,,,,MATCH,,MATCH,BORDERLINE_MEXICO,CONFIRMED_NATIVE_MEXICO,"D08B1 routing flags: Canada=FALSE, Alaska=FALSE, Mexico=TRUE, Central_America=FALSE, outside_USA_Canada=TRUE, outside_North_America=FALSE. Transcontinental diagnostic=FALSE; diagnostic-only with zero independent routing authority. Confirmed native Level-3 categorical evidence: ARK:Arkansas;MSO:Missouri;MXE:Mexico Northeast;OKL:Oklahoma;TEX:Texas. Outside USA+Canada units: MXE:Mexico Northeast. No Level-3 count was interpreted as area/share/severity; no geometry was inferred.",HOLD_TARGETED_EXTERNAL_RANGE_AUDIT,0,1,0,dc64778032ed9bd301bfc7c14818fc3ba71a3b2621bb4e8b33ec558ecdf3d16d,559a2d6f7b0d67ad886468a2c0098e117c824f196f0a85d3bb7d99c466649017
377511,Juniperus coahuilensis,TRUE,FALSE,FALSE,TRUE,FALSE,TRUE,FALSE,FALSE,DIAGNOSTIC_ONLY_ZERO_INDEPENDENT_ROUTING_AUTHORITY,0,1,TAXON_RANGE_BUILD_CONTRACT_v01,MXE:Mexico Northeast;MXS:Mexico Southwest;TEX:Texas,MXE:Mexico Northeast;MXS:Mexico Southwest,,,,MATCH,,MATCH,BORDERLINE_MEXICO,CONFIRMED_NATIVE_MEXICO,"D08B1 routing flags: Canada=FALSE, Alaska=FALSE, Mexico=TRUE, Central_America=FALSE, outside_USA_Canada=TRUE, outside_North_America=FALSE. Transcontinental diagnostic=FALSE; diagnostic-only with zero independent routing authority. Confirmed native Level-3 categorical evidence: MXE:Mexico Northeast;MXS:Mexico Southwest;TEX:Texas. Outside USA+Canada units: MXE:Mexico Northeast;MXS:Mexico Southwest. No Level-3 count was interpreted as area/share/severity; no geometry was inferred.",HOLD_TARGETED_EXTERNAL_RANGE_AUDIT,0,1,0,dc64778032ed9bd301bfc7c14818fc3ba71a3b2621bb4e8b33ec558ecdf3d16d,559a2d6f7b0d67ad886468a2c0098e117c824f196f0a85d3bb7d99c466649017
377520,Juniperus californica,TRUE,FALSE,FALSE,TRUE,FALSE,TRUE,FALSE,FALSE,DIAGNOSTIC_ONLY_ZERO_INDEPENDENT_ROUTING_AUTHORITY,0,1,TAXON_RANGE_BUILD_CONTRACT_v01,ARI:Arizona;CAL:California;MXN:Mexico Northwest;NEV:Nevada,MXN:Mexico Northwest,,,,MATCH,,MATCH,BORDERLINE_MEXICO,CONFIRMED_NATIVE_MEXICO,"D08B1 routing flags: Canada=FALSE, Alaska=FALSE, Mexico=TRUE, Central_America=FALSE, outside_USA_Canada=TRUE, outside_North_America=FALSE. Transcontinental diagnostic=FALSE; diagnostic-only with zero independent routing authority. Confirmed native Level-3 categorical evidence: ARI:Arizona;CAL:California;MXN:Mexico Northwest;NEV:Nevada. Outside USA+Canada units: MXN:Mexico Northwest. No Level-3 count was interpreted as area/share/severity; no geometry was inferred.",HOLD_TARGETED_EXTERNAL_RANGE_AUDIT,0,1,0,dc64778032ed9bd301bfc7c14818fc3ba71a3b2621bb4e8b33ec558ecdf3d16d,559a2d6f7b0d67ad886468a2c0098e117c824f196f0a85d3bb7d99c466649017
377543,Juniperus monosperma,TRUE,FALSE,FALSE,TRUE,FALSE,TRUE,FALSE,FALSE,DIAGNOSTIC_ONLY_ZERO_INDEPENDENT_ROUTING_AUTHORITY,0,1,TAXON_RANGE_BUILD_CONTRACT_v01,ARI:Arizona;COL:Colorado;MXE:Mexico Northeast;NEV:Nevada;NWM:New Mexico;OKL:Oklahoma;TEX:Texas,MXE:Mexico Northeast,,,,MATCH,,MATCH,BORDERLINE_MEXICO,CONFIRMED_NATIVE_MEXICO,"D08B1 routing flags: Canada=FALSE, Alaska=FALSE, Mexico=TRUE, Central_America=FALSE, outside_USA_Canada=TRUE, outside_North_America=FALSE. Transcontinental diagnostic=FALSE; diagnostic-only with zero independent routing authority. Confirmed native Level-3 categorical evidence: ARI:Arizona;COL:Colorado;MXE:Mexico Northeast;NEV:Nevada;NWM:New Mexico;OKL:Oklahoma;TEX:Texas. Outside USA+Canada units: MXE:Mexico Northeast. No Level-3 count was interpreted as area/share/severity; no geometry was inferred.",HOLD_TARGETED_EXTERNAL_RANGE_AUDIT,0,1,0,dc64778032ed9bd301bfc7c14818fc3ba71a3b2621bb4e8b33ec558ecdf3d16d,559a2d6f7b0d67ad886468a2c0098e117c824f196f0a85d3bb7d99c466649017
377678,Juniperus pinchotii,TRUE,FALSE,FALSE,TRUE,FALSE,TRUE,FALSE,FALSE,DIAGNOSTIC_ONLY_ZERO_INDEPENDENT_ROUTING_AUTHORITY,0,1,TAXON_RANGE_BUILD_CONTRACT_v01,ARI:Arizona;MXE:Mexico Northeast;MXN:Mexico Northwest;NWM:New Mexico;OKL:Oklahoma;TEX:Texas,MXE:Mexico Northeast;MXN:Mexico Northwest,,,,MATCH,,MATCH,BORDERLINE_MEXICO,CONFIRMED_NATIVE_MEXICO,"D08B1 routing flags: Canada=FALSE, Alaska=FALSE, Mexico=TRUE, Central_America=FALSE, outside_USA_Canada=TRUE, outside_North_America=FALSE. Transcontinental diagnostic=FALSE; diagnostic-only with zero independent routing authority. Confirmed native Level-3 categorical evidence: ARI:Arizona;MXE:Mexico Northeast;MXN:Mexico Northwest;NWM:New Mexico;OKL:Oklahoma;TEX:Texas. Outside USA+Canada units: MXE:Mexico Northeast;MXN:Mexico Northwest. No Level-3 count was interpreted as area/share/severity; no geometry was inferred.",HOLD_TARGETED_EXTERNAL_RANGE_AUDIT,0,1,0,dc64778032ed9bd301bfc7c14818fc3ba71a3b2621bb4e8b33ec558ecdf3d16d,559a2d6f7b0d67ad886468a2c0098e117c824f196f0a85d3bb7d99c466649017
378542,Thuja occidentalis,TRUE,TRUE,FALSE,FALSE,FALSE,FALSE,FALSE,FALSE,DIAGNOSTIC_ONLY_ZERO_INDEPENDENT_ROUTING_AUTHORITY,0,1,TAXON_RANGE_BUILD_CONTRACT_v01,CNT:Connecticut;ILL:Illinois;INI:Indiana;KTY:Kentucky;MAI:Maine;MAN:Manitoba;MAS:Massachusetts;MIC:Michigan;MIN:Minnesota;MRY:Maryland;NBR:New Brunswick;NCA:North Carolina;NSC:Nova Scotia;NWH:New Hampshire;NWJ:New Jersey;NWY:New York;OHI:Ohio;ONT:Ontario;PEI:Prince Edward I.;PEN:Pennsylvania;QUE:Québec;RHO:Rhode I.;TEN:Tennessee;VER:Vermont;VRG:Virginia;WIS:Wisconsin;WVA:West Virginia,,,,,MATCH,,MATCH,RETAIN_USCA_AUDIT,CONFIRMED_NATIVE_CANADA,"D08B1 routing flags: Canada=TRUE, Alaska=FALSE, Mexico=FALSE, Central_America=FALSE, outside_USA_Canada=FALSE, outside_North_America=FALSE. Transcontinental diagnostic=FALSE; diagnostic-only with zero independent routing authority. Confirmed native Level-3 categorical evidence: CNT:Connecticut;ILL:Illinois;INI:Indiana;KTY:Kentucky;MAI:Maine;MAN:Manitoba;MAS:Massachusetts;MIC:Michigan;MIN:Minnesota;MRY:Maryland;NBR:New Brunswick;NCA:North Carolina;NSC:Nova Scotia;NWH:New Hampshire;NWJ:New Jersey;NWY:New York;OHI:Ohio;ONT:Ontario;PEI:Prince Edward I.;PEN:Pennsylvania;QUE:Québec;RHO:Rhode I.;TEN:Tennessee;VER:Vermont;VRG:Virginia;WIS:Wisconsin;WVA:West Virginia. No Level-3 count was interpreted as area/share/severity; no geometry was inferred.",RETAIN_FOR_LITTLE_OR_USCA_TRUNCATION_AUDIT,1,0,0,dc64778032ed9bd301bfc7c14818fc3ba71a3b2621bb4e8b33ec558ecdf3d16d,559a2d6f7b0d67ad886468a2c0098e117c824f196f0a85d3bb7d99c466649017
378546,Thuja plicata,TRUE,TRUE,TRUE,FALSE,FALSE,FALSE,FALSE,FALSE,DIAGNOSTIC_ONLY_ZERO_INDEPENDENT_ROUTING_AUTHORITY,0,1,TAXON_RANGE_BUILD_CONTRACT_v01,ABT:Alberta;ASK:Alaska;BRC:British Columbia;CAL:California;IDA:Idaho;MNT:Montana;ORE:Oregon;WAS:Washington,,,,,MATCH,,MATCH,RETAIN_USCA_AUDIT,CONFIRMED_NATIVE_CANADA_AND_ALASKA,"D08B1 routing flags: Canada=TRUE, Alaska=TRUE, Mexico=FALSE, Central_America=FALSE, outside_USA_Canada=FALSE, outside_North_America=FALSE. Transcontinental diagnostic=FALSE; diagnostic-only with zero independent routing authority. Confirmed native Level-3 categorical evidence: ABT:Alberta;ASK:Alaska;BRC:British Columbia;CAL:California;IDA:Idaho;MNT:Montana;ORE:Oregon;WAS:Washington. No Level-3 count was interpreted as area/share/severity; no geometry was inferred.",RETAIN_FOR_LITTLE_OR_USCA_TRUNCATION_AUDIT,1,0,0,dc64778032ed9bd301bfc7c14818fc3ba71a3b2621bb4e8b33ec558ecdf3d16d,559a2d6f7b0d67ad886468a2c0098e117c824f196f0a85d3bb7d99c466649017
378596,Taxodium distichum,TRUE,FALSE,FALSE,TRUE,TRUE,TRUE,FALSE,TRUE,DIAGNOSTIC_ONLY_ZERO_INDEPENDENT_ROUTING_AUTHORITY,0,1,TAXON_RANGE_BUILD_CONTRACT_v01,ALA:Alabama;ARK:Arkansas;DEL:Delaware;FLA:Florida;GEO:Georgia;GUA:Guatemala;ILL:Illinois;INI:Indiana;KTY:Kentucky;LOU:Louisiana;MRY:Maryland;MSI:Mississippi;MSO:Missouri;MXC:Mexico Central;MXE:Mexico Northeast;MXG:Mexico Gulf;MXN:Mexico Northwest;MXS:Mexico Southwest;NCA:North Carolina;NWY:New York;OKL:Oklahoma;SCA:South Carolina;TEN:Tennessee;TEX:Texas;VRG:Virginia,GUA:Guatemala;MXC:Mexico Central;MXE:Mexico Northeast;MXG:Mexico Gulf;MXN:Mexico Northwest;MXS:Mexico Southwest,,,,MATCH,,MATCH,BORDERLINE_OTHER_NA,CONFIRMED_NATIVE_CENTRAL_AMERICA,"D08B1 routing flags: Canada=FALSE, Alaska=FALSE, Mexico=TRUE, Central_America=TRUE, outside_USA_Canada=TRUE, outside_North_America=FALSE. Transcontinental diagnostic=TRUE; diagnostic-only with zero independent routing authority. Confirmed native Level-3 categorical evidence: ALA:Alabama;ARK:Arkansas;DEL:Delaware;FLA:Florida;GEO:Georgia;GUA:Guatemala;ILL:Illinois;INI:Indiana;KTY:Kentucky;LOU:Louisiana;MRY:Maryland;MSI:Mississippi;MSO:Missouri;MXC:Mexico Central;MXE:Mexico Northeast;MXG:Mexico Gulf;MXN:Mexico Northwest;MXS:Mexico Southwest;NCA:North Carolina;NWY:New York;OKL:Oklahoma;SCA:South Carolina;TEN:Tennessee;TEX:Texas;VRG:Virginia. Outside USA+Canada units: GUA:Guatemala;MXC:Mexico Central;MXE:Mexico Northeast;MXG:Mexico Gulf;MXN:Mexico Northwest;MXS:Mexico Southwest. No Level-3 count was interpreted as area/share/severity; no geometry was inferred.",HOLD_TARGETED_EXTERNAL_RANGE_AUDIT,0,1,0,dc64778032ed9bd301bfc7c14818fc3ba71a3b2621bb4e8b33ec558ecdf3d16d,559a2d6f7b0d67ad886468a2c0098e117c824f196f0a85d3bb7d99c466649017
378623,Taxus brevifolia,TRUE,TRUE,TRUE,FALSE,FALSE,FALSE,FALSE,FALSE,DIAGNOSTIC_ONLY_ZERO_INDEPENDENT_ROUTING_AUTHORITY,0,1,TAXON_RANGE_BUILD_CONTRACT_v01,ABT:Alberta;ASK:Alaska;BRC:British Columbia;CAL:California;IDA:Idaho;MNT:Montana;ORE:Oregon;WAS:Washington,,,,,MATCH,,MATCH,RETAIN_USCA_AUDIT,CONFIRMED_NATIVE_CANADA_AND_ALASKA,"D08B1 routing flags: Canada=TRUE, Alaska=TRUE, Mexico=FALSE, Central_America=FALSE, outside_USA_Canada=FALSE, outside_North_America=FALSE. Transcontinental diagnostic=FALSE; diagnostic-only with zero independent routing authority. Confirmed native Level-3 categorical evidence: ABT:Alberta;ASK:Alaska;BRC:British Columbia;CAL:California;IDA:Idaho;MNT:Montana;ORE:Oregon;WAS:Washington. No Level-3 count was interpreted as area/share/severity; no geometry was inferred.",RETAIN_FOR_LITTLE_OR_USCA_TRUNCATION_AUDIT,1,0,0,dc64778032ed9bd301bfc7c14818fc3ba71a3b2621bb4e8b33ec558ecdf3d16d,559a2d6f7b0d67ad886468a2c0098e117c824f196f0a85d3bb7d99c466649017
379072,Larix laricina,TRUE,TRUE,TRUE,FALSE,FALSE,FALSE,FALSE,FALSE,DIAGNOSTIC_ONLY_ZERO_INDEPENDENT_ROUTING_AUTHORITY,0,1,TAXON_RANGE_BUILD_CONTRACT_v01,ABT:Alberta;ASK:Alaska;BRC:British Columbia;CNT:Connecticut;ILL:Illinois;INI:Indiana;LAB:Labrador;MAI:Maine;MAN:Manitoba;MAS:Massachusetts;MIC:Michigan;MIN:Minnesota;MRY:Maryland;NBR:New Brunswick;NFL:Newfoundland;NSC:Nova Scotia;NUN:Nunavut;NWH:New Hampshire;NWJ:New Jersey;NWT:Northwest Territories;NWY:New York;OHI:Ohio;ONT:Ontario;PEI:Prince Edward I.;PEN:Pennsylvania;QUE:Québec;RHO:Rhode I.;SAS:Saskatchewan;VER:Vermont;WIS:Wisconsin;WVA:West Virginia;YUK:Yukon,,,,,MATCH,,MATCH,RETAIN_USCA_AUDIT,CONFIRMED_NATIVE_CANADA_AND_ALASKA,"D08B1 routing flags: Canada=TRUE, Alaska=TRUE, Mexico=FALSE, Central_America=FALSE, outside_USA_Canada=FALSE, outside_North_America=FALSE. Transcontinental diagnostic=FALSE; diagnostic-only with zero independent routing authority. Confirmed native Level-3 categorical evidence: ABT:Alberta;ASK:Alaska;BRC:British Columbia;CNT:Connecticut;ILL:Illinois;INI:Indiana;LAB:Labrador;MAI:Maine;MAN:Manitoba;MAS:Massachusetts;MIC:Michigan;MIN:Minnesota;MRY:Maryland;NBR:New Brunswick;NFL:Newfoundland;NSC:Nova Scotia;NUN:Nunavut;NWH:New Hampshire;NWJ:New Jersey;NWT:Northwest Territories;NWY:New York;OHI:Ohio;ONT:Ontario;PEI:Prince Edward I.;PEN:Pennsylvania;QUE:Québec;RHO:Rhode I.;SAS:Saskatchewan;VER:Vermont;WIS:Wisconsin;WVA:West Virginia;YUK:Yukon. No Level-3 count was interpreted as area/share/severity; no geometry was inferred.",RETAIN_FOR_LITTLE_OR_USCA_TRUNCATION_AUDIT,1,0,0,dc64778032ed9bd301bfc7c14818fc3ba71a3b2621bb4e8b33ec558ecdf3d16d,559a2d6f7b0d67ad886468a2c0098e117c824f196f0a85d3bb7d99c466649017
379089,Larix lyallii,TRUE,TRUE,FALSE,FALSE,FALSE,FALSE,FALSE,FALSE,DIAGNOSTIC_ONLY_ZERO_INDEPENDENT_ROUTING_AUTHORITY,0,1,TAXON_RANGE_BUILD_CONTRACT_v01,ABT:Alberta;BRC:British Columbia;IDA:Idaho;MNT:Montana;WAS:Washington,,,,,MATCH,,MATCH,RETAIN_USCA_AUDIT,CONFIRMED_NATIVE_CANADA,"D08B1 routing flags: Canada=TRUE, Alaska=FALSE, Mexico=FALSE, Central_America=FALSE, outside_USA_Canada=FALSE, outside_North_America=FALSE. Transcontinental diagnostic=FALSE; diagnostic-only with zero independent routing authority. Confirmed native Level-3 categorical evidence: ABT:Alberta;BRC:British Columbia;IDA:Idaho;MNT:Montana;WAS:Washington. No Level-3 count was interpreted as area/share/severity; no geometry was inferred.",RETAIN_FOR_LITTLE_OR_USCA_TRUNCATION_AUDIT,1,0,0,dc64778032ed9bd301bfc7c14818fc3ba71a3b2621bb4e8b33ec558ecdf3d16d,559a2d6f7b0d67ad886468a2c0098e117c824f196f0a85d3bb7d99c466649017
379096,Larix occidentalis,TRUE,TRUE,FALSE,FALSE,FALSE,FALSE,FALSE,FALSE,DIAGNOSTIC_ONLY_ZERO_INDEPENDENT_ROUTING_AUTHORITY,0,1,TAXON_RANGE_BUILD_CONTRACT_v01,ABT:Alberta;BRC:British Columbia;IDA:Idaho;MNT:Montana;ORE:Oregon;WAS:Washington,,,,,MATCH,,MATCH,RETAIN_USCA_AUDIT,CONFIRMED_NATIVE_CANADA,"D08B1 routing flags: Canada=TRUE, Alaska=FALSE, Mexico=FALSE, Central_America=FALSE, outside_USA_Canada=FALSE, outside_North_America=FALSE. Transcontinental diagnostic=FALSE; diagnostic-only with zero independent routing authority. Confirmed native Level-3 categorical evidence: ABT:Alberta;BRC:British Columbia;IDA:Idaho;MNT:Montana;ORE:Oregon;WAS:Washington. No Level-3 count was interpreted as area/share/severity; no geometry was inferred.",RETAIN_FOR_LITTLE_OR_USCA_TRUNCATION_AUDIT,1,0,0,dc64778032ed9bd301bfc7c14818fc3ba71a3b2621bb4e8b33ec558ecdf3d16d,559a2d6f7b0d67ad886468a2c0098e117c824f196f0a85d3bb7d99c466649017
379363,Tsuga canadensis,TRUE,TRUE,FALSE,FALSE,FALSE,FALSE,FALSE,FALSE,DIAGNOSTIC_ONLY_ZERO_INDEPENDENT_ROUTING_AUTHORITY,0,1,TAXON_RANGE_BUILD_CONTRACT_v01,ALA:Alabama;CNT:Connecticut;GEO:Georgia;INI:Indiana;KTY:Kentucky;MAI:Maine;MAS:Massachusetts;MIC:Michigan;MIN:Minnesota;MRY:Maryland;NBR:New Brunswick;NCA:North Carolina;NSC:Nova Scotia;NWH:New Hampshire;NWJ:New Jersey;NWY:New York;OHI:Ohio;ONT:Ontario;PEI:Prince Edward I.;PEN:Pennsylvania;QUE:Québec;RHO:Rhode I.;SCA:South Carolina;TEN:Tennessee;VER:Vermont;VRG:Virginia;WIS:Wisconsin;WVA:West Virginia,,,,,MATCH,,MATCH,RETAIN_USCA_AUDIT,CONFIRMED_NATIVE_CANADA,"D08B1 routing flags: Canada=TRUE, Alaska=FALSE, Mexico=FALSE, Central_America=FALSE, outside_USA_Canada=FALSE, outside_North_America=FALSE. Transcontinental diagnostic=FALSE; diagnostic-only with zero independent routing authority. Confirmed native Level-3 categorical evidence: ALA:Alabama;CNT:Connecticut;GEO:Georgia;INI:Indiana;KTY:Kentucky;MAI:Maine;MAS:Massachusetts;MIC:Michigan;MIN:Minnesota;MRY:Maryland;NBR:New Brunswick;NCA:North Carolina;NSC:Nova Scotia;NWH:New Hampshire;NWJ:New Jersey;NWY:New York;OHI:Ohio;ONT:Ontario;PEI:Prince Edward I.;PEN:Pennsylvania;QUE:Québec;RHO:Rhode I.;SCA:South Carolina;TEN:Tennessee;VER:Vermont;VRG:Virginia;WIS:Wisconsin;WVA:West Virginia. No Level-3 count was interpreted as area/share/severity; no geometry was inferred.",RETAIN_FOR_LITTLE_OR_USCA_TRUNCATION_AUDIT,1,0,0,dc64778032ed9bd301bfc7c14818fc3ba71a3b2621bb4e8b33ec558ecdf3d16d,559a2d6f7b0d67ad886468a2c0098e117c824f196f0a85d3bb7d99c466649017
379395,Tsuga heterophylla,TRUE,TRUE,TRUE,FALSE,FALSE,FALSE,FALSE,FALSE,DIAGNOSTIC_ONLY_ZERO_INDEPENDENT_ROUTING_AUTHORITY,0,1,TAXON_RANGE_BUILD_CONTRACT_v01,ABT:Alberta;ASK:Alaska;BRC:British Columbia;CAL:California;IDA:Idaho;MNT:Montana;ORE:Oregon;WAS:Washington,,,,,MATCH,,MATCH,RETAIN_USCA_AUDIT,CONFIRMED_NATIVE_CANADA_AND_ALASKA,"D08B1 routing flags: Canada=TRUE, Alaska=TRUE, Mexico=FALSE, Central_America=FALSE, outside_USA_Canada=FALSE, outside_North_America=FALSE. Transcontinental diagnostic=FALSE; diagnostic-only with zero independent routing authority. Confirmed native Level-3 categorical evidence: ABT:Alberta;ASK:Alaska;BRC:British Columbia;CAL:California;IDA:Idaho;MNT:Montana;ORE:Oregon;WAS:Washington. No Level-3 count was interpreted as area/share/severity; no geometry was inferred.",RETAIN_FOR_LITTLE_OR_USCA_TRUNCATION_AUDIT,1,0,0,dc64778032ed9bd301bfc7c14818fc3ba71a3b2621bb4e8b33ec558ecdf3d16d,559a2d6f7b0d67ad886468a2c0098e117c824f196f0a85d3bb7d99c466649017
379433,Tsuga mertensiana,TRUE,TRUE,TRUE,FALSE,FALSE,FALSE,FALSE,FALSE,DIAGNOSTIC_ONLY_ZERO_INDEPENDENT_ROUTING_AUTHORITY,0,1,TAXON_RANGE_BUILD_CONTRACT_v01,ASK:Alaska;BRC:British Columbia;CAL:California;IDA:Idaho;MNT:Montana;NEV:Nevada;ORE:Oregon;WAS:Washington,,,,,MATCH,,MATCH,RETAIN_USCA_AUDIT,CONFIRMED_NATIVE_CANADA_AND_ALASKA,"D08B1 routing flags: Canada=TRUE, Alaska=TRUE, Mexico=FALSE, Central_America=FALSE, outside_USA_Canada=FALSE, outside_North_America=FALSE. Transcontinental diagnostic=FALSE; diagnostic-only with zero independent routing authority. Confirmed native Level-3 categorical evidence: ASK:Alaska;BRC:British Columbia;CAL:California;IDA:Idaho;MNT:Montana;NEV:Nevada;ORE:Oregon;WAS:Washington. No Level-3 count was interpreted as area/share/severity; no geometry was inferred.",RETAIN_FOR_LITTLE_OR_USCA_TRUNCATION_AUDIT,1,0,0,dc64778032ed9bd301bfc7c14818fc3ba71a3b2621bb4e8b33ec558ecdf3d16d,559a2d6f7b0d67ad886468a2c0098e117c824f196f0a85d3bb7d99c466649017
379633,Pseudotsuga menziesii,TRUE,TRUE,TRUE,TRUE,FALSE,TRUE,FALSE,FALSE,DIAGNOSTIC_ONLY_ZERO_INDEPENDENT_ROUTING_AUTHORITY,0,1,TAXON_RANGE_BUILD_CONTRACT_v01,ABT:Alberta;ARI:Arizona;ASK:Alaska;BRC:British Columbia;CAL:California;COL:Colorado;IDA:Idaho;MNT:Montana;MXC:Mexico Central;MXE:Mexico Northeast;MXN:Mexico Northwest;MXS:Mexico Southwest;NEV:Nevada;NWM:New Mexico;ORE:Oregon;TEX:Texas;UTA:Utah;WAS:Washington;WYO:Wyoming,MXC:Mexico Central;MXE:Mexico Northeast;MXN:Mexico Northwest;MXS:Mexico Southwest,,,,MATCH,,MATCH,BORDERLINE_MEXICO,CONFIRMED_NATIVE_MEXICO,"D08B1 routing flags: Canada=TRUE, Alaska=TRUE, Mexico=TRUE, Central_America=FALSE, outside_USA_Canada=TRUE, outside_North_America=FALSE. Transcontinental diagnostic=FALSE; diagnostic-only with zero independent routing authority. Confirmed native Level-3 categorical evidence: ABT:Alberta;ARI:Arizona;ASK:Alaska;BRC:British Columbia;CAL:California;COL:Colorado;IDA:Idaho;MNT:Montana;MXC:Mexico Central;MXE:Mexico Northeast;MXN:Mexico Northwest;MXS:Mexico Southwest;NEV:Nevada;NWM:New Mexico;ORE:Oregon;TEX:Texas;UTA:Utah;WAS:Washington;WYO:Wyoming. Outside USA+Canada units: MXC:Mexico Central;MXE:Mexico Northeast;MXN:Mexico Northwest;MXS:Mexico Southwest. No Level-3 count was interpreted as area/share/severity; no geometry was inferred.",HOLD_TARGETED_EXTERNAL_RANGE_AUDIT,0,1,0,dc64778032ed9bd301bfc7c14818fc3ba71a3b2621bb4e8b33ec558ecdf3d16d,559a2d6f7b0d67ad886468a2c0098e117c824f196f0a85d3bb7d99c466649017
379703,Pinus lambertiana,TRUE,FALSE,FALSE,TRUE,FALSE,TRUE,FALSE,FALSE,DIAGNOSTIC_ONLY_ZERO_INDEPENDENT_ROUTING_AUTHORITY,0,1,TAXON_RANGE_BUILD_CONTRACT_v01,CAL:California;MXN:Mexico Northwest;NEV:Nevada;ORE:Oregon,MXN:Mexico Northwest,,,,MATCH,,MATCH,BORDERLINE_MEXICO,CONFIRMED_NATIVE_MEXICO,"D08B1 routing flags: Canada=FALSE, Alaska=FALSE, Mexico=TRUE, Central_America=FALSE, outside_USA_Canada=TRUE, outside_North_America=FALSE. Transcontinental diagnostic=FALSE; diagnostic-only with zero independent routing authority. Confirmed native Level-3 categorical evidence: CAL:California;MXN:Mexico Northwest;NEV:Nevada;ORE:Oregon. Outside USA+Canada units: MXN:Mexico Northwest. No Level-3 count was interpreted as area/share/severity; no geometry was inferred.",HOLD_TARGETED_EXTERNAL_RANGE_AUDIT,0,1,0,dc64778032ed9bd301bfc7c14818fc3ba71a3b2621bb4e8b33ec558ecdf3d16d,559a2d6f7b0d67ad886468a2c0098e117c824f196f0a85d3bb7d99c466649017
379708,Pinus jeffreyi,TRUE,FALSE,FALSE,TRUE,FALSE,TRUE,FALSE,FALSE,DIAGNOSTIC_ONLY_ZERO_INDEPENDENT_ROUTING_AUTHORITY,0,1,TAXON_RANGE_BUILD_CONTRACT_v01,CAL:California;MXN:Mexico Northwest;NEV:Nevada;ORE:Oregon,MXN:Mexico Northwest,,,,MATCH,,MATCH,BORDERLINE_MEXICO,CONFIRMED_NATIVE_MEXICO,"D08B1 routing flags: Canada=FALSE, Alaska=FALSE, Mexico=TRUE, Central_America=FALSE, outside_USA_Canada=TRUE, outside_North_America=FALSE. Transcontinental diagnostic=FALSE; diagnostic-only with zero independent routing authority. Confirmed native Level-3 categorical evidence: CAL:California;MXN:Mexico Northwest;NEV:Nevada;ORE:Oregon. Outside USA+Canada units: MXN:Mexico Northwest. No Level-3 count was interpreted as area/share/severity; no geometry was inferred.",HOLD_TARGETED_EXTERNAL_RANGE_AUDIT,0,1,0,dc64778032ed9bd301bfc7c14818fc3ba71a3b2621bb4e8b33ec558ecdf3d16d,559a2d6f7b0d67ad886468a2c0098e117c824f196f0a85d3bb7d99c466649017
379770,Pinus leiophylla,TRUE,FALSE,FALSE,TRUE,FALSE,TRUE,FALSE,FALSE,DIAGNOSTIC_ONLY_ZERO_INDEPENDENT_ROUTING_AUTHORITY,0,1,TAXON_RANGE_BUILD_CONTRACT_v01,ARI:Arizona;MXC:Mexico Central;MXE:Mexico Northeast;MXG:Mexico Gulf;MXN:Mexico Northwest;MXS:Mexico Southwest;NWM:New Mexico,MXC:Mexico Central;MXE:Mexico Northeast;MXG:Mexico Gulf;MXN:Mexico Northwest;MXS:Mexico Southwest,,,,MATCH,,MATCH,BORDERLINE_MEXICO,CONFIRMED_NATIVE_MEXICO,"D08B1 routing flags: Canada=FALSE, Alaska=FALSE, Mexico=TRUE, Central_America=FALSE, outside_USA_Canada=TRUE, outside_North_America=FALSE. Transcontinental diagnostic=FALSE; diagnostic-only with zero independent routing authority. Confirmed native Level-3 categorical evidence: ARI:Arizona;MXC:Mexico Central;MXE:Mexico Northeast;MXG:Mexico Gulf;MXN:Mexico Northwest;MXS:Mexico Southwest;NWM:New Mexico. Outside USA+Canada units: MXC:Mexico Central;MXE:Mexico Northeast;MXG:Mexico Gulf;MXN:Mexico Northwest;MXS:Mexico Southwest. No Level-3 count was interpreted as area/share/severity; no geometry was inferred.",HOLD_TARGETED_EXTERNAL_RANGE_AUDIT,0,1,0,dc64778032ed9bd301bfc7c14818fc3ba71a3b2621bb4e8b33ec558ecdf3d16d,559a2d6f7b0d67ad886468a2c0098e117c824f196f0a85d3bb7d99c466649017
379837,Pinus discolor,TRUE,FALSE,FALSE,TRUE,FALSE,TRUE,FALSE,FALSE,DIAGNOSTIC_ONLY_ZERO_INDEPENDENT_ROUTING_AUTHORITY,0,1,TAXON_RANGE_BUILD_CONTRACT_v01,ARI:Arizona;MXE:Mexico Northeast;MXN:Mexico Northwest;NWM:New Mexico,MXE:Mexico Northeast;MXN:Mexico Northwest,,,,MATCH,,MATCH,BORDERLINE_MEXICO,CONFIRMED_NATIVE_MEXICO,"D08B1 routing flags: Canada=FALSE, Alaska=FALSE, Mexico=TRUE, Central_America=FALSE, outside_USA_Canada=TRUE, outside_North_America=FALSE. Transcontinental diagnostic=FALSE; diagnostic-only with zero independent routing authority. Confirmed native Level-3 categorical evidence: ARI:Arizona;MXE:Mexico Northeast;MXN:Mexico Northwest;NWM:New Mexico. Outside USA+Canada units: MXE:Mexico Northeast;MXN:Mexico Northwest. No Level-3 count was interpreted as area/share/severity; no geometry was inferred.",HOLD_TARGETED_EXTERNAL_RANGE_AUDIT,0,1,0,dc64778032ed9bd301bfc7c14818fc3ba71a3b2621bb4e8b33ec558ecdf3d16d,559a2d6f7b0d67ad886468a2c0098e117c824f196f0a85d3bb7d99c466649017
379843,Pinus contorta,TRUE,TRUE,TRUE,TRUE,FALSE,TRUE,FALSE,FALSE,DIAGNOSTIC_ONLY_ZERO_INDEPENDENT_ROUTING_AUTHORITY,0,1,TAXON_RANGE_BUILD_CONTRACT_v01,ABT:Alberta;ASK:Alaska;BRC:British Columbia;CAL:California;COL:Colorado;IDA:Idaho;MNT:Montana;MXN:Mexico Northwest;NEV:Nevada;NWT:Northwest Territories;ORE:Oregon;SAS:Saskatchewan;SDA:South Dakota;UTA:Utah;WAS:Washington;WYO:Wyoming;YUK:Yukon,MXN:Mexico Northwest,,,,MATCH,,MATCH,BORDERLINE_MEXICO,CONFIRMED_NATIVE_MEXICO,"D08B1 routing flags: Canada=TRUE, Alaska=TRUE, Mexico=TRUE, Central_America=FALSE, outside_USA_Canada=TRUE, outside_North_America=FALSE. Transcontinental diagnostic=FALSE; diagnostic-only with zero independent routing authority. Confirmed native Level-3 categorical evidence: ABT:Alberta;ASK:Alaska;BRC:British Columbia;CAL:California;COL:Colorado;IDA:Idaho;MNT:Montana;MXN:Mexico Northwest;NEV:Nevada;NWT:Northwest Territories;ORE:Oregon;SAS:Saskatchewan;SDA:South Dakota;UTA:Utah;WAS:Washington;WYO:Wyoming;YUK:Yukon. Outside USA+Canada units: MXN:Mexico Northwest. No Level-3 count was interpreted as area/share/severity; no geometry was inferred.",HOLD_TARGETED_EXTERNAL_RANGE_AUDIT,0,1,0,dc64778032ed9bd301bfc7c14818fc3ba71a3b2621bb4e8b33ec558ecdf3d16d,559a2d6f7b0d67ad886468a2c0098e117c824f196f0a85d3bb7d99c466649017
379852,Pinus coulteri,TRUE,FALSE,FALSE,TRUE,FALSE,TRUE,FALSE,FALSE,DIAGNOSTIC_ONLY_ZERO_INDEPENDENT_ROUTING_AUTHORITY,0,1,TAXON_RANGE_BUILD_CONTRACT_v01,CAL:California;MXN:Mexico Northwest,MXN:Mexico Northwest,,,,MATCH,,MATCH,BORDERLINE_MEXICO,CONFIRMED_NATIVE_MEXICO,"D08B1 routing flags: Canada=FALSE, Alaska=FALSE, Mexico=TRUE, Central_America=FALSE, outside_USA_Canada=TRUE, outside_North_America=FALSE. Transcontinental diagnostic=FALSE; diagnostic-only with zero independent routing authority. Confirmed native Level-3 categorical evidence: CAL:California;MXN:Mexico Northwest. Outside USA+Canada units: MXN:Mexico Northwest. No Level-3 count was interpreted as area/share/severity; no geometry was inferred.",HOLD_TARGETED_EXTERNAL_RANGE_AUDIT,0,1,0,dc64778032ed9bd301bfc7c14818fc3ba71a3b2621bb4e8b33ec558ecdf3d16d,559a2d6f7b0d67ad886468a2c0098e117c824f196f0a85d3bb7d99c466649017
379946,Pinus engelmannii,TRUE,FALSE,FALSE,TRUE,FALSE,TRUE,FALSE,FALSE,DIAGNOSTIC_ONLY_ZERO_INDEPENDENT_ROUTING_AUTHORITY,0,1,TAXON_RANGE_BUILD_CONTRACT_v01,ARI:Arizona;MXE:Mexico Northeast;MXN:Mexico Northwest;NWM:New Mexico,MXE:Mexico Northeast;MXN:Mexico Northwest,,,,MATCH,,MATCH,BORDERLINE_MEXICO,CONFIRMED_NATIVE_MEXICO,"D08B1 routing flags: Canada=FALSE, Alaska=FALSE, Mexico=TRUE, Central_America=FALSE, outside_USA_Canada=TRUE, outside_North_America=FALSE. Transcontinental diagnostic=FALSE; diagnostic-only with zero independent routing authority. Confirmed native Level-3 categorical evidence: ARI:Arizona;MXE:Mexico Northeast;MXN:Mexico Northwest;NWM:New Mexico. Outside USA+Canada units: MXE:Mexico Northeast;MXN:Mexico Northwest. No Level-3 count was interpreted as area/share/severity; no geometry was inferred.",HOLD_TARGETED_EXTERNAL_RANGE_AUDIT,0,1,0,dc64778032ed9bd301bfc7c14818fc3ba71a3b2621bb4e8b33ec558ecdf3d16d,559a2d6f7b0d67ad886468a2c0098e117c824f196f0a85d3bb7d99c466649017
379971,Pinus flexilis,TRUE,TRUE,FALSE,FALSE,FALSE,FALSE,FALSE,FALSE,DIAGNOSTIC_ONLY_ZERO_INDEPENDENT_ROUTING_AUTHORITY,0,1,TAXON_RANGE_BUILD_CONTRACT_v01,ABT:Alberta;ARI:Arizona;BRC:British Columbia;CAL:California;COL:Colorado;IDA:Idaho;MNT:Montana;NDA:North Dakota;NEB:Nebraska;NEV:Nevada;NWM:New Mexico;ORE:Oregon;SDA:South Dakota;UTA:Utah;WYO:Wyoming,,,,,MATCH,,MATCH,RETAIN_USCA_AUDIT,CONFIRMED_NATIVE_CANADA,"D08B1 routing flags: Canada=TRUE, Alaska=FALSE, Mexico=FALSE, Central_America=FALSE, outside_USA_Canada=FALSE, outside_North_America=FALSE. Transcontinental diagnostic=FALSE; diagnostic-only with zero independent routing authority. Confirmed native Level-3 categorical evidence: ABT:Alberta;ARI:Arizona;BRC:British Columbia;CAL:California;COL:Colorado;IDA:Idaho;MNT:Montana;NDA:North Dakota;NEB:Nebraska;NEV:Nevada;NWM:New Mexico;ORE:Oregon;SDA:South Dakota;UTA:Utah;WYO:Wyoming. No Level-3 count was interpreted as area/share/severity; no geometry was inferred.",RETAIN_FOR_LITTLE_OR_USCA_TRUNCATION_AUDIT,1,0,0,dc64778032ed9bd301bfc7c14818fc3ba71a3b2621bb4e8b33ec558ecdf3d16d,559a2d6f7b0d67ad886468a2c0098e117c824f196f0a85d3bb7d99c466649017
380022,Pinus strobus,TRUE,TRUE,FALSE,FALSE,FALSE,FALSE,FALSE,FALSE,DIAGNOSTIC_ONLY_ZERO_INDEPENDENT_ROUTING_AUTHORITY,0,1,TAXON_RANGE_BUILD_CONTRACT_v01,ALA:Alabama;CNT:Connecticut;DEL:Delaware;GEO:Georgia;ILL:Illinois;INI:Indiana;IOW:Iowa;KTY:Kentucky;MAI:Maine;MAN:Manitoba;MAS:Massachusetts;MIC:Michigan;MIN:Minnesota;MRY:Maryland;NBR:New Brunswick;NCA:North Carolina;NFL:Newfoundland;NSC:Nova Scotia;NWH:New Hampshire;NWJ:New Jersey;NWY:New York;OHI:Ohio;ONT:Ontario;PEI:Prince Edward I.;PEN:Pennsylvania;QUE:Québec;RHO:Rhode I.;SCA:South Carolina;TEN:Tennessee;VER:Vermont;VRG:Virginia;WIS:Wisconsin;WVA:West Virginia,,,,,MATCH,,MATCH,RETAIN_USCA_AUDIT,CONFIRMED_NATIVE_CANADA,"D08B1 routing flags: Canada=TRUE, Alaska=FALSE, Mexico=FALSE, Central_America=FALSE, outside_USA_Canada=FALSE, outside_North_America=FALSE. Transcontinental diagnostic=FALSE; diagnostic-only with zero independent routing authority. Confirmed native Level-3 categorical evidence: ALA:Alabama;CNT:Connecticut;DEL:Delaware;GEO:Georgia;ILL:Illinois;INI:Indiana;IOW:Iowa;KTY:Kentucky;MAI:Maine;MAN:Manitoba;MAS:Massachusetts;MIC:Michigan;MIN:Minnesota;MRY:Maryland;NBR:New Brunswick;NCA:North Carolina;NFL:Newfoundland;NSC:Nova Scotia;NWH:New Hampshire;NWJ:New Jersey;NWY:New York;OHI:Ohio;ONT:Ontario;PEI:Prince Edward I.;PEN:Pennsylvania;QUE:Québec;RHO:Rhode I.;SCA:South Carolina;TEN:Tennessee;VER:Vermont;VRG:Virginia;WIS:Wisconsin;WVA:West Virginia. No Level-3 count was interpreted as area/share/severity; no geometry was inferred.",RETAIN_FOR_LITTLE_OR_USCA_TRUNCATION_AUDIT,1,0,0,dc64778032ed9bd301bfc7c14818fc3ba71a3b2621bb4e8b33ec558ecdf3d16d,559a2d6f7b0d67ad886468a2c0098e117c824f196f0a85d3bb7d99c466649017
380239,Pinus muricata,TRUE,FALSE,FALSE,TRUE,FALSE,TRUE,FALSE,FALSE,DIAGNOSTIC_ONLY_ZERO_INDEPENDENT_ROUTING_AUTHORITY,0,1,TAXON_RANGE_BUILD_CONTRACT_v01,CAL:California;MXN:Mexico Northwest,MXN:Mexico Northwest,,,,MATCH,,MATCH,BORDERLINE_MEXICO,CONFIRMED_NATIVE_MEXICO,"D08B1 routing flags: Canada=FALSE, Alaska=FALSE, Mexico=TRUE, Central_America=FALSE, outside_USA_Canada=TRUE, outside_North_America=FALSE. Transcontinental diagnostic=FALSE; diagnostic-only with zero independent routing authority. Confirmed native Level-3 categorical evidence: CAL:California;MXN:Mexico Northwest. Outside USA+Canada units: MXN:Mexico Northwest. No Level-3 count was interpreted as area/share/severity; no geometry was inferred.",HOLD_TARGETED_EXTERNAL_RANGE_AUDIT,0,1,0,dc64778032ed9bd301bfc7c14818fc3ba71a3b2621bb4e8b33ec558ecdf3d16d,559a2d6f7b0d67ad886468a2c0098e117c824f196f0a85d3bb7d99c466649017
380255,Pinus monticola,TRUE,TRUE,FALSE,FALSE,FALSE,FALSE,FALSE,FALSE,DIAGNOSTIC_ONLY_ZERO_INDEPENDENT_ROUTING_AUTHORITY,0,1,TAXON_RANGE_BUILD_CONTRACT_v01,ABT:Alberta;BRC:British Columbia;CAL:California;IDA:Idaho;MNT:Montana;NEV:Nevada;ORE:Oregon;WAS:Washington,,,,,MATCH,,MATCH,RETAIN_USCA_AUDIT,CONFIRMED_NATIVE_CANADA,"D08B1 routing flags: Canada=TRUE, Alaska=FALSE, Mexico=FALSE, Central_America=FALSE, outside_USA_Canada=FALSE, outside_North_America=FALSE. Transcontinental diagnostic=FALSE; diagnostic-only with zero independent routing authority. Confirmed native Level-3 categorical evidence: ABT:Alberta;BRC:British Columbia;CAL:California;IDA:Idaho;MNT:Montana;NEV:Nevada;ORE:Oregon;WAS:Washington. No Level-3 count was interpreted as area/share/severity; no geometry was inferred.",RETAIN_FOR_LITTLE_OR_USCA_TRUNCATION_AUDIT,1,0,0,dc64778032ed9bd301bfc7c14818fc3ba71a3b2621bb4e8b33ec558ecdf3d16d,559a2d6f7b0d67ad886468a2c0098e117c824f196f0a85d3bb7d99c466649017
380293,Pinus rigida,TRUE,TRUE,FALSE,FALSE,FALSE,FALSE,FALSE,FALSE,DIAGNOSTIC_ONLY_ZERO_INDEPENDENT_ROUTING_AUTHORITY,0,1,TAXON_RANGE_BUILD_CONTRACT_v01,CNT:Connecticut;GEO:Georgia;KTY:Kentucky;MAI:Maine;MAS:Massachusetts;MRY:Maryland;NCA:North Carolina;NWH:New Hampshire;NWJ:New Jersey;NWY:New York;OHI:Ohio;ONT:Ontario;PEN:Pennsylvania;QUE:Québec;RHO:Rhode I.;SCA:South Carolina;TEN:Tennessee;VER:Vermont;VRG:Virginia;WVA:West Virginia,,,,,MATCH,,MATCH,RETAIN_USCA_AUDIT,CONFIRMED_NATIVE_CANADA,"D08B1 routing flags: Canada=TRUE, Alaska=FALSE, Mexico=FALSE, Central_America=FALSE, outside_USA_Canada=FALSE, outside_North_America=FALSE. Transcontinental diagnostic=FALSE; diagnostic-only with zero independent routing authority. Confirmed native Level-3 categorical evidence: CNT:Connecticut;GEO:Georgia;KTY:Kentucky;MAI:Maine;MAS:Massachusetts;MRY:Maryland;NCA:North Carolina;NWH:New Hampshire;NWJ:New Jersey;NWY:New York;OHI:Ohio;ONT:Ontario;PEN:Pennsylvania;QUE:Québec;RHO:Rhode I.;SCA:South Carolina;TEN:Tennessee;VER:Vermont;VRG:Virginia;WVA:West Virginia. No Level-3 count was interpreted as area/share/severity; no geometry was inferred.",RETAIN_FOR_LITTLE_OR_USCA_TRUNCATION_AUDIT,1,0,0,dc64778032ed9bd301bfc7c14818fc3ba71a3b2621bb4e8b33ec558ecdf3d16d,559a2d6f7b0d67ad886468a2c0098e117c824f196f0a85d3bb7d99c466649017
380297,Pinus radiata,TRUE,FALSE,FALSE,TRUE,FALSE,TRUE,FALSE,FALSE,DIAGNOSTIC_ONLY_ZERO_INDEPENDENT_ROUTING_AUTHORITY,0,1,TAXON_RANGE_BUILD_CONTRACT_v01,CAL:California;MXI:Mexican Pacific Is.;MXN:Mexico Northwest,MXI:Mexican Pacific Is.;MXN:Mexico Northwest,,,,MATCH,,MATCH,BORDERLINE_MEXICO,CONFIRMED_NATIVE_MEXICO,"D08B1 routing flags: Canada=FALSE, Alaska=FALSE, Mexico=TRUE, Central_America=FALSE, outside_USA_Canada=TRUE, outside_North_America=FALSE. Transcontinental diagnostic=FALSE; diagnostic-only with zero independent routing authority. Confirmed native Level-3 categorical evidence: CAL:California;MXI:Mexican Pacific Is.;MXN:Mexico Northwest. Outside USA+Canada units: MXI:Mexican Pacific Is.;MXN:Mexico Northwest. No Level-3 count was interpreted as area/share/severity; no geometry was inferred.",HOLD_TARGETED_EXTERNAL_RANGE_AUDIT,0,1,0,dc64778032ed9bd301bfc7c14818fc3ba71a3b2621bb4e8b33ec558ecdf3d16d,559a2d6f7b0d67ad886468a2c0098e117c824f196f0a85d3bb7d99c466649017
380302,Pinus resinosa,TRUE,TRUE,FALSE,FALSE,FALSE,FALSE,FALSE,FALSE,DIAGNOSTIC_ONLY_ZERO_INDEPENDENT_ROUTING_AUTHORITY,0,1,TAXON_RANGE_BUILD_CONTRACT_v01,CNT:Connecticut;ILL:Illinois;MAI:Maine;MAN:Manitoba;MAS:Massachusetts;MIC:Michigan;MIN:Minnesota;NBR:New Brunswick;NFL:Newfoundland;NSC:Nova Scotia;NWH:New Hampshire;NWJ:New Jersey;NWY:New York;ONT:Ontario;PEN:Pennsylvania;QUE:Québec;VER:Vermont;WIS:Wisconsin;WVA:West Virginia,,,,,MATCH,,MATCH,RETAIN_USCA_AUDIT,CONFIRMED_NATIVE_CANADA,"D08B1 routing flags: Canada=TRUE, Alaska=FALSE, Mexico=FALSE, Central_America=FALSE, outside_USA_Canada=FALSE, outside_North_America=FALSE. Transcontinental diagnostic=FALSE; diagnostic-only with zero independent routing authority. Confirmed native Level-3 categorical evidence: CNT:Connecticut;ILL:Illinois;MAI:Maine;MAN:Manitoba;MAS:Massachusetts;MIC:Michigan;MIN:Minnesota;NBR:New Brunswick;NFL:Newfoundland;NSC:Nova Scotia;NWH:New Hampshire;NWJ:New Jersey;NWY:New York;ONT:Ontario;PEN:Pennsylvania;QUE:Québec;VER:Vermont;WIS:Wisconsin;WVA:West Virginia. No Level-3 count was interpreted as area/share/severity; no geometry was inferred.",RETAIN_FOR_LITTLE_OR_USCA_TRUNCATION_AUDIT,1,0,0,dc64778032ed9bd301bfc7c14818fc3ba71a3b2621bb4e8b33ec558ecdf3d16d,559a2d6f7b0d67ad886468a2c0098e117c824f196f0a85d3bb7d99c466649017
380317,Pinus remota,TRUE,FALSE,FALSE,TRUE,FALSE,TRUE,FALSE,FALSE,DIAGNOSTIC_ONLY_ZERO_INDEPENDENT_ROUTING_AUTHORITY,0,1,TAXON_RANGE_BUILD_CONTRACT_v01,MXE:Mexico Northeast;TEX:Texas,MXE:Mexico Northeast,,,,MATCH,,MATCH,BORDERLINE_MEXICO,CONFIRMED_NATIVE_MEXICO,"D08B1 routing flags: Canada=FALSE, Alaska=FALSE, Mexico=TRUE, Central_America=FALSE, outside_USA_Canada=TRUE, outside_North_America=FALSE. Transcontinental diagnostic=FALSE; diagnostic-only with zero independent routing authority. Confirmed native Level-3 categorical evidence: MXE:Mexico Northeast;TEX:Texas. Outside USA+Canada units: MXE:Mexico Northeast. No Level-3 count was interpreted as area/share/severity; no geometry was inferred.",HOLD_TARGETED_EXTERNAL_RANGE_AUDIT,0,1,0,dc64778032ed9bd301bfc7c14818fc3ba71a3b2621bb4e8b33ec558ecdf3d16d,559a2d6f7b0d67ad886468a2c0098e117c824f196f0a85d3bb7d99c466649017
380358,Pinus ponderosa,TRUE,TRUE,FALSE,FALSE,FALSE,FALSE,FALSE,FALSE,DIAGNOSTIC_ONLY_ZERO_INDEPENDENT_ROUTING_AUTHORITY,0,1,TAXON_RANGE_BUILD_CONTRACT_v01,BRC:British Columbia;CAL:California;IDA:Idaho;MNT:Montana;NEV:Nevada;ORE:Oregon;WAS:Washington,,,,,MATCH,,MATCH,RETAIN_USCA_AUDIT,CONFIRMED_NATIVE_CANADA,"D08B1 routing flags: Canada=TRUE, Alaska=FALSE, Mexico=FALSE, Central_America=FALSE, outside_USA_Canada=FALSE, outside_North_America=FALSE. Transcontinental diagnostic=FALSE; diagnostic-only with zero independent routing authority. Confirmed native Level-3 categorical evidence: BRC:British Columbia;CAL:California;IDA:Idaho;MNT:Montana;NEV:Nevada;ORE:Oregon;WAS:Washington. No Level-3 count was interpreted as area/share/severity; no geometry was inferred.",RETAIN_FOR_LITTLE_OR_USCA_TRUNCATION_AUDIT,1,0,0,dc64778032ed9bd301bfc7c14818fc3ba71a3b2621bb4e8b33ec558ecdf3d16d,559a2d6f7b0d67ad886468a2c0098e117c824f196f0a85d3bb7d99c466649017
380484,Pinus cembroides,TRUE,FALSE,FALSE,TRUE,FALSE,TRUE,FALSE,FALSE,DIAGNOSTIC_ONLY_ZERO_INDEPENDENT_ROUTING_AUTHORITY,0,1,TAXON_RANGE_BUILD_CONTRACT_v01,ARI:Arizona;MXC:Mexico Central;MXE:Mexico Northeast;MXG:Mexico Gulf;MXN:Mexico Northwest;NWM:New Mexico;TEX:Texas,MXC:Mexico Central;MXE:Mexico Northeast;MXG:Mexico Gulf;MXN:Mexico Northwest,,,,MATCH,,MATCH,BORDERLINE_MEXICO,CONFIRMED_NATIVE_MEXICO,"D08B1 routing flags: Canada=FALSE, Alaska=FALSE, Mexico=TRUE, Central_America=FALSE, outside_USA_Canada=TRUE, outside_North_America=FALSE. Transcontinental diagnostic=FALSE; diagnostic-only with zero independent routing authority. Confirmed native Level-3 categorical evidence: ARI:Arizona;MXC:Mexico Central;MXE:Mexico Northeast;MXG:Mexico Gulf;MXN:Mexico Northwest;NWM:New Mexico;TEX:Texas. Outside USA+Canada units: MXC:Mexico Central;MXE:Mexico Northeast;MXG:Mexico Gulf;MXN:Mexico Northwest. No Level-3 count was interpreted as area/share/severity; no geometry was inferred.",HOLD_TARGETED_EXTERNAL_RANGE_AUDIT,0,1,0,dc64778032ed9bd301bfc7c14818fc3ba71a3b2621bb4e8b33ec558ecdf3d16d,559a2d6f7b0d67ad886468a2c0098e117c824f196f0a85d3bb7d99c466649017
380503,Pinus arizonica,TRUE,FALSE,FALSE,TRUE,FALSE,TRUE,FALSE,FALSE,DIAGNOSTIC_ONLY_ZERO_INDEPENDENT_ROUTING_AUTHORITY,0,1,TAXON_RANGE_BUILD_CONTRACT_v01,ARI:Arizona;MXE:Mexico Northeast;MXN:Mexico Northwest;NWM:New Mexico,MXE:Mexico Northeast;MXN:Mexico Northwest,,,,MATCH,,MATCH,BORDERLINE_MEXICO,CONFIRMED_NATIVE_MEXICO,"D08B1 routing flags: Canada=FALSE, Alaska=FALSE, Mexico=TRUE, Central_America=FALSE, outside_USA_Canada=TRUE, outside_North_America=FALSE. Transcontinental diagnostic=FALSE; diagnostic-only with zero independent routing authority. Confirmed native Level-3 categorical evidence: ARI:Arizona;MXE:Mexico Northeast;MXN:Mexico Northwest;NWM:New Mexico. Outside USA+Canada units: MXE:Mexico Northeast;MXN:Mexico Northwest. No Level-3 count was interpreted as area/share/severity; no geometry was inferred.",HOLD_TARGETED_EXTERNAL_RANGE_AUDIT,0,1,0,dc64778032ed9bd301bfc7c14818fc3ba71a3b2621bb4e8b33ec558ecdf3d16d,559a2d6f7b0d67ad886468a2c0098e117c824f196f0a85d3bb7d99c466649017
380544,Pinus banksiana,TRUE,TRUE,FALSE,FALSE,FALSE,FALSE,FALSE,FALSE,DIAGNOSTIC_ONLY_ZERO_INDEPENDENT_ROUTING_AUTHORITY,0,1,TAXON_RANGE_BUILD_CONTRACT_v01,ABT:Alberta;BRC:British Columbia;ILL:Illinois;INI:Indiana;LAB:Labrador;MAI:Maine;MAN:Manitoba;MAS:Massachusetts;MIC:Michigan;MIN:Minnesota;MSO:Missouri;NBR:New Brunswick;NDA:North Dakota;NSC:Nova Scotia;NUN:Nunavut;NWH:New Hampshire;NWT:Northwest Territories;NWY:New York;OHI:Ohio;ONT:Ontario;PEN:Pennsylvania;QUE:Québec;RHO:Rhode I.;SAS:Saskatchewan;VER:Vermont;WIS:Wisconsin;WVA:West Virginia,,,,,MATCH,,MATCH,RETAIN_USCA_AUDIT,CONFIRMED_NATIVE_CANADA,"D08B1 routing flags: Canada=TRUE, Alaska=FALSE, Mexico=FALSE, Central_America=FALSE, outside_USA_Canada=FALSE, outside_North_America=FALSE. Transcontinental diagnostic=FALSE; diagnostic-only with zero independent routing authority. Confirmed native Level-3 categorical evidence: ABT:Alberta;BRC:British Columbia;ILL:Illinois;INI:Indiana;LAB:Labrador;MAI:Maine;MAN:Manitoba;MAS:Massachusetts;MIC:Michigan;MIN:Minnesota;MSO:Missouri;NBR:New Brunswick;NDA:North Dakota;NSC:Nova Scotia;NUN:Nunavut;NWH:New Hampshire;NWT:Northwest Territories;NWY:New York;OHI:Ohio;ONT:Ontario;PEN:Pennsylvania;QUE:Québec;RHO:Rhode I.;SAS:Saskatchewan;VER:Vermont;WIS:Wisconsin;WVA:West Virginia. No Level-3 count was interpreted as area/share/severity; no geometry was inferred.",RETAIN_FOR_LITTLE_OR_USCA_TRUNCATION_AUDIT,1,0,0,dc64778032ed9bd301bfc7c14818fc3ba71a3b2621bb4e8b33ec558ecdf3d16d,559a2d6f7b0d67ad886468a2c0098e117c824f196f0a85d3bb7d99c466649017
380589,Picea mariana,TRUE,TRUE,TRUE,FALSE,FALSE,FALSE,FALSE,FALSE,DIAGNOSTIC_ONLY_ZERO_INDEPENDENT_ROUTING_AUTHORITY,0,1,TAXON_RANGE_BUILD_CONTRACT_v01,ABT:Alberta;ASK:Alaska;BRC:British Columbia;CNT:Connecticut;ILL:Illinois;LAB:Labrador;MAI:Maine;MAN:Manitoba;MAS:Massachusetts;MIC:Michigan;MIN:Minnesota;NBR:New Brunswick;NFL:Newfoundland;NSC:Nova Scotia;NUN:Nunavut;NWH:New Hampshire;NWJ:New Jersey;NWT:Northwest Territories;NWY:New York;ONT:Ontario;PEI:Prince Edward I.;PEN:Pennsylvania;QUE:Québec;RHO:Rhode I.;SAS:Saskatchewan;VER:Vermont;WIS:Wisconsin;YUK:Yukon,,,,,MATCH,,MATCH,RETAIN_USCA_AUDIT,CONFIRMED_NATIVE_CANADA_AND_ALASKA,"D08B1 routing flags: Canada=TRUE, Alaska=TRUE, Mexico=FALSE, Central_America=FALSE, outside_USA_Canada=FALSE, outside_North_America=FALSE. Transcontinental diagnostic=FALSE; diagnostic-only with zero independent routing authority. Confirmed native Level-3 categorical evidence: ABT:Alberta;ASK:Alaska;BRC:British Columbia;CNT:Connecticut;ILL:Illinois;LAB:Labrador;MAI:Maine;MAN:Manitoba;MAS:Massachusetts;MIC:Michigan;MIN:Minnesota;NBR:New Brunswick;NFL:Newfoundland;NSC:Nova Scotia;NUN:Nunavut;NWH:New Hampshire;NWJ:New Jersey;NWT:Northwest Territories;NWY:New York;ONT:Ontario;PEI:Prince Edward I.;PEN:Pennsylvania;QUE:Québec;RHO:Rhode I.;SAS:Saskatchewan;VER:Vermont;WIS:Wisconsin;YUK:Yukon. No Level-3 count was interpreted as area/share/severity; no geometry was inferred.",RETAIN_FOR_LITTLE_OR_USCA_TRUNCATION_AUDIT,1,0,0,dc64778032ed9bd301bfc7c14818fc3ba71a3b2621bb4e8b33ec558ecdf3d16d,559a2d6f7b0d67ad886468a2c0098e117c824f196f0a85d3bb7d99c466649017
380614,Picea engelmannii,TRUE,TRUE,FALSE,TRUE,FALSE,TRUE,FALSE,FALSE,DIAGNOSTIC_ONLY_ZERO_INDEPENDENT_ROUTING_AUTHORITY,0,1,TAXON_RANGE_BUILD_CONTRACT_v01,ABT:Alberta;ARI:Arizona;BRC:British Columbia;CAL:California;COL:Colorado;IDA:Idaho;MNT:Montana;MXE:Mexico Northeast;NEV:Nevada;NWM:New Mexico;ORE:Oregon;UTA:Utah;WAS:Washington;WYO:Wyoming,MXE:Mexico Northeast,,,,MATCH,,MATCH,BORDERLINE_MEXICO,CONFIRMED_NATIVE_MEXICO,"D08B1 routing flags: Canada=TRUE, Alaska=FALSE, Mexico=TRUE, Central_America=FALSE, outside_USA_Canada=TRUE, outside_North_America=FALSE. Transcontinental diagnostic=FALSE; diagnostic-only with zero independent routing authority. Confirmed native Level-3 categorical evidence: ABT:Alberta;ARI:Arizona;BRC:British Columbia;CAL:California;COL:Colorado;IDA:Idaho;MNT:Montana;MXE:Mexico Northeast;NEV:Nevada;NWM:New Mexico;ORE:Oregon;UTA:Utah;WAS:Washington;WYO:Wyoming. Outside USA+Canada units: MXE:Mexico Northeast. No Level-3 count was interpreted as area/share/severity; no geometry was inferred.",HOLD_TARGETED_EXTERNAL_RANGE_AUDIT,0,1,0,dc64778032ed9bd301bfc7c14818fc3ba71a3b2621bb4e8b33ec558ecdf3d16d,559a2d6f7b0d67ad886468a2c0098e117c824f196f0a85d3bb7d99c466649017
380705,Pinus albicaulis,TRUE,TRUE,FALSE,FALSE,FALSE,FALSE,FALSE,FALSE,DIAGNOSTIC_ONLY_ZERO_INDEPENDENT_ROUTING_AUTHORITY,0,1,TAXON_RANGE_BUILD_CONTRACT_v01,ABT:Alberta;BRC:British Columbia;CAL:California;IDA:Idaho;MNT:Montana;NEV:Nevada;ORE:Oregon;WAS:Washington;WYO:Wyoming,,,,,MATCH,,MATCH,RETAIN_USCA_AUDIT,CONFIRMED_NATIVE_CANADA,"D08B1 routing flags: Canada=TRUE, Alaska=FALSE, Mexico=FALSE, Central_America=FALSE, outside_USA_Canada=FALSE, outside_North_America=FALSE. Transcontinental diagnostic=FALSE; diagnostic-only with zero independent routing authority. Confirmed native Level-3 categorical evidence: ABT:Alberta;BRC:British Columbia;CAL:California;IDA:Idaho;MNT:Montana;NEV:Nevada;ORE:Oregon;WAS:Washington;WYO:Wyoming. No Level-3 count was interpreted as area/share/severity; no geometry was inferred.",RETAIN_FOR_LITTLE_OR_USCA_TRUNCATION_AUDIT,1,0,0,dc64778032ed9bd301bfc7c14818fc3ba71a3b2621bb4e8b33ec558ecdf3d16d,559a2d6f7b0d67ad886468a2c0098e117c824f196f0a85d3bb7d99c466649017
380741,Picea sitchensis,TRUE,TRUE,TRUE,FALSE,FALSE,FALSE,FALSE,FALSE,DIAGNOSTIC_ONLY_ZERO_INDEPENDENT_ROUTING_AUTHORITY,0,1,TAXON_RANGE_BUILD_CONTRACT_v01,ASK:Alaska;BRC:British Columbia;CAL:California;ORE:Oregon;WAS:Washington,,,,,MATCH,,MATCH,RETAIN_USCA_AUDIT,CONFIRMED_NATIVE_CANADA_AND_ALASKA,"D08B1 routing flags: Canada=TRUE, Alaska=TRUE, Mexico=FALSE, Central_America=FALSE, outside_USA_Canada=FALSE, outside_North_America=FALSE. Transcontinental diagnostic=FALSE; diagnostic-only with zero independent routing authority. Confirmed native Level-3 categorical evidence: ASK:Alaska;BRC:British Columbia;CAL:California;ORE:Oregon;WAS:Washington. No Level-3 count was interpreted as area/share/severity; no geometry was inferred.",RETAIN_FOR_LITTLE_OR_USCA_TRUNCATION_AUDIT,1,0,0,dc64778032ed9bd301bfc7c14818fc3ba71a3b2621bb4e8b33ec558ecdf3d16d,559a2d6f7b0d67ad886468a2c0098e117c824f196f0a85d3bb7d99c466649017
380751,Picea rubens,TRUE,TRUE,FALSE,FALSE,FALSE,FALSE,FALSE,FALSE,DIAGNOSTIC_ONLY_ZERO_INDEPENDENT_ROUTING_AUTHORITY,0,1,TAXON_RANGE_BUILD_CONTRACT_v01,CNT:Connecticut;MAI:Maine;MAS:Massachusetts;MRY:Maryland;NBR:New Brunswick;NCA:North Carolina;NFL:Newfoundland;NSC:Nova Scotia;NWH:New Hampshire;NWJ:New Jersey;NWY:New York;ONT:Ontario;PEI:Prince Edward I.;PEN:Pennsylvania;QUE:Québec;TEN:Tennessee;VER:Vermont;VRG:Virginia;WVA:West Virginia,,,,,MATCH,,MATCH,RETAIN_USCA_AUDIT,CONFIRMED_NATIVE_CANADA,"D08B1 routing flags: Canada=TRUE, Alaska=FALSE, Mexico=FALSE, Central_America=FALSE, outside_USA_Canada=FALSE, outside_North_America=FALSE. Transcontinental diagnostic=FALSE; diagnostic-only with zero independent routing authority. Confirmed native Level-3 categorical evidence: CNT:Connecticut;MAI:Maine;MAS:Massachusetts;MRY:Maryland;NBR:New Brunswick;NCA:North Carolina;NFL:Newfoundland;NSC:Nova Scotia;NWH:New Hampshire;NWJ:New Jersey;NWY:New York;ONT:Ontario;PEI:Prince Edward I.;PEN:Pennsylvania;QUE:Québec;TEN:Tennessee;VER:Vermont;VRG:Virginia;WVA:West Virginia. No Level-3 count was interpreted as area/share/severity; no geometry was inferred.",RETAIN_FOR_LITTLE_OR_USCA_TRUNCATION_AUDIT,1,0,0,dc64778032ed9bd301bfc7c14818fc3ba71a3b2621bb4e8b33ec558ecdf3d16d,559a2d6f7b0d67ad886468a2c0098e117c824f196f0a85d3bb7d99c466649017
381057,Pinus attenuata,TRUE,FALSE,FALSE,TRUE,FALSE,TRUE,FALSE,FALSE,DIAGNOSTIC_ONLY_ZERO_INDEPENDENT_ROUTING_AUTHORITY,0,1,TAXON_RANGE_BUILD_CONTRACT_v01,CAL:California;MXN:Mexico Northwest;ORE:Oregon,MXN:Mexico Northwest,,,,MATCH,,MATCH,BORDERLINE_MEXICO,CONFIRMED_NATIVE_MEXICO,"D08B1 routing flags: Canada=FALSE, Alaska=FALSE, Mexico=TRUE, Central_America=FALSE, outside_USA_Canada=TRUE, outside_North_America=FALSE. Transcontinental diagnostic=FALSE; diagnostic-only with zero independent routing authority. Confirmed native Level-3 categorical evidence: CAL:California;MXN:Mexico Northwest;ORE:Oregon. Outside USA+Canada units: MXN:Mexico Northwest. No Level-3 count was interpreted as area/share/severity; no geometry was inferred.",HOLD_TARGETED_EXTERNAL_RANGE_AUDIT,0,1,0,dc64778032ed9bd301bfc7c14818fc3ba71a3b2621bb4e8b33ec558ecdf3d16d,559a2d6f7b0d67ad886468a2c0098e117c824f196f0a85d3bb7d99c466649017
381078,Picea laxa,TRUE,TRUE,TRUE,FALSE,FALSE,FALSE,FALSE,FALSE,DIAGNOSTIC_ONLY_ZERO_INDEPENDENT_ROUTING_AUTHORITY,0,1,TAXON_RANGE_BUILD_CONTRACT_v01,ABT:Alberta;ASK:Alaska;BRC:British Columbia;IDA:Idaho;LAB:Labrador;MAI:Maine;MAN:Manitoba;MIC:Michigan;MIN:Minnesota;MNT:Montana;NBR:New Brunswick;NFL:Newfoundland;NSC:Nova Scotia;NUN:Nunavut;NWH:New Hampshire;NWT:Northwest Territories;NWY:New York;ONT:Ontario;PEI:Prince Edward I.;QUE:Québec;SAS:Saskatchewan;SDA:South Dakota;VER:Vermont;WIS:Wisconsin;WYO:Wyoming;YUK:Yukon,,,,,MATCH,,MATCH,RETAIN_USCA_AUDIT,CONFIRMED_NATIVE_CANADA_AND_ALASKA,"D08B1 routing flags: Canada=TRUE, Alaska=TRUE, Mexico=FALSE, Central_America=FALSE, outside_USA_Canada=FALSE, outside_North_America=FALSE. Transcontinental diagnostic=FALSE; diagnostic-only with zero independent routing authority. Confirmed native Level-3 categorical evidence: ABT:Alberta;ASK:Alaska;BRC:British Columbia;IDA:Idaho;LAB:Labrador;MAI:Maine;MAN:Manitoba;MIC:Michigan;MIN:Minnesota;MNT:Montana;NBR:New Brunswick;NFL:Newfoundland;NSC:Nova Scotia;NUN:Nunavut;NWH:New Hampshire;NWT:Northwest Territories;NWY:New York;ONT:Ontario;PEI:Prince Edward I.;QUE:Québec;SAS:Saskatchewan;SDA:South Dakota;VER:Vermont;WIS:Wisconsin;WYO:Wyoming;YUK:Yukon. No Level-3 count was interpreted as area/share/severity; no geometry was inferred.",RETAIN_FOR_LITTLE_OR_USCA_TRUNCATION_AUDIT,1,0,0,dc64778032ed9bd301bfc7c14818fc3ba71a3b2621bb4e8b33ec558ecdf3d16d,559a2d6f7b0d67ad886468a2c0098e117c824f196f0a85d3bb7d99c466649017
381632,Abies amabilis,TRUE,TRUE,TRUE,FALSE,FALSE,FALSE,FALSE,FALSE,DIAGNOSTIC_ONLY_ZERO_INDEPENDENT_ROUTING_AUTHORITY,0,1,TAXON_RANGE_BUILD_CONTRACT_v01,ASK:Alaska;BRC:British Columbia;CAL:California;ORE:Oregon;WAS:Washington,,,,,MATCH,,MATCH,RETAIN_USCA_AUDIT,CONFIRMED_NATIVE_CANADA_AND_ALASKA,"D08B1 routing flags: Canada=TRUE, Alaska=TRUE, Mexico=FALSE, Central_America=FALSE, outside_USA_Canada=FALSE, outside_North_America=FALSE. Transcontinental diagnostic=FALSE; diagnostic-only with zero independent routing authority. Confirmed native Level-3 categorical evidence: ASK:Alaska;BRC:British Columbia;CAL:California;ORE:Oregon;WAS:Washington. No Level-3 count was interpreted as area/share/severity; no geometry was inferred.",RETAIN_FOR_LITTLE_OR_USCA_TRUNCATION_AUDIT,1,0,0,dc64778032ed9bd301bfc7c14818fc3ba71a3b2621bb4e8b33ec558ecdf3d16d,559a2d6f7b0d67ad886468a2c0098e117c824f196f0a85d3bb7d99c466649017
381647,Abies balsamea,TRUE,TRUE,FALSE,FALSE,FALSE,FALSE,FALSE,FALSE,DIAGNOSTIC_ONLY_ZERO_INDEPENDENT_ROUTING_AUTHORITY,0,1,TAXON_RANGE_BUILD_CONTRACT_v01,ABT:Alberta;CNT:Connecticut;IOW:Iowa;LAB:Labrador;MAI:Maine;MAN:Manitoba;MAS:Massachusetts;MIC:Michigan;MIN:Minnesota;MRY:Maryland;NBR:New Brunswick;NFL:Newfoundland;NSC:Nova Scotia;NWH:New Hampshire;NWJ:New Jersey;NWY:New York;ONT:Ontario;PEI:Prince Edward I.;PEN:Pennsylvania;QUE:Québec;SAS:Saskatchewan;VER:Vermont;VRG:Virginia;WIS:Wisconsin;WVA:West Virginia,,,,,MATCH,,MATCH,RETAIN_USCA_AUDIT,CONFIRMED_NATIVE_CANADA,"D08B1 routing flags: Canada=TRUE, Alaska=FALSE, Mexico=FALSE, Central_America=FALSE, outside_USA_Canada=FALSE, outside_North_America=FALSE. Transcontinental diagnostic=FALSE; diagnostic-only with zero independent routing authority. Confirmed native Level-3 categorical evidence: ABT:Alberta;CNT:Connecticut;IOW:Iowa;LAB:Labrador;MAI:Maine;MAN:Manitoba;MAS:Massachusetts;MIC:Michigan;MIN:Minnesota;MRY:Maryland;NBR:New Brunswick;NFL:Newfoundland;NSC:Nova Scotia;NWH:New Hampshire;NWJ:New Jersey;NWY:New York;ONT:Ontario;PEI:Prince Edward I.;PEN:Pennsylvania;QUE:Québec;SAS:Saskatchewan;VER:Vermont;VRG:Virginia;WIS:Wisconsin;WVA:West Virginia. No Level-3 count was interpreted as area/share/severity; no geometry was inferred.",RETAIN_FOR_LITTLE_OR_USCA_TRUNCATION_AUDIT,1,0,0,dc64778032ed9bd301bfc7c14818fc3ba71a3b2621bb4e8b33ec558ecdf3d16d,559a2d6f7b0d67ad886468a2c0098e117c824f196f0a85d3bb7d99c466649017
381713,Abies concolor,TRUE,FALSE,FALSE,TRUE,FALSE,TRUE,FALSE,FALSE,DIAGNOSTIC_ONLY_ZERO_INDEPENDENT_ROUTING_AUTHORITY,0,1,TAXON_RANGE_BUILD_CONTRACT_v01,ARI:Arizona;CAL:California;COL:Colorado;IDA:Idaho;MXE:Mexico Northeast;MXN:Mexico Northwest;NEV:Nevada;NWM:New Mexico;ORE:Oregon;UTA:Utah;WYO:Wyoming,MXE:Mexico Northeast;MXN:Mexico Northwest,,,,MATCH,,MATCH,BORDERLINE_MEXICO,CONFIRMED_NATIVE_MEXICO,"D08B1 routing flags: Canada=FALSE, Alaska=FALSE, Mexico=TRUE, Central_America=FALSE, outside_USA_Canada=TRUE, outside_North_America=FALSE. Transcontinental diagnostic=FALSE; diagnostic-only with zero independent routing authority. Confirmed native Level-3 categorical evidence: ARI:Arizona;CAL:California;COL:Colorado;IDA:Idaho;MXE:Mexico Northeast;MXN:Mexico Northwest;NEV:Nevada;NWM:New Mexico;ORE:Oregon;UTA:Utah;WYO:Wyoming. Outside USA+Canada units: MXE:Mexico Northeast;MXN:Mexico Northwest. No Level-3 count was interpreted as area/share/severity; no geometry was inferred.",HOLD_TARGETED_EXTERNAL_RANGE_AUDIT,0,1,0,dc64778032ed9bd301bfc7c14818fc3ba71a3b2621bb4e8b33ec558ecdf3d16d,559a2d6f7b0d67ad886468a2c0098e117c824f196f0a85d3bb7d99c466649017
381804,Abies grandis,TRUE,TRUE,FALSE,FALSE,FALSE,FALSE,FALSE,FALSE,DIAGNOSTIC_ONLY_ZERO_INDEPENDENT_ROUTING_AUTHORITY,0,1,TAXON_RANGE_BUILD_CONTRACT_v01,BRC:British Columbia;CAL:California;IDA:Idaho;MNT:Montana;ORE:Oregon;WAS:Washington,,,,,MATCH,,MATCH,RETAIN_USCA_AUDIT,CONFIRMED_NATIVE_CANADA,"D08B1 routing flags: Canada=TRUE, Alaska=FALSE, Mexico=FALSE, Central_America=FALSE, outside_USA_Canada=FALSE, outside_North_America=FALSE. Transcontinental diagnostic=FALSE; diagnostic-only with zero independent routing authority. Confirmed native Level-3 categorical evidence: BRC:British Columbia;CAL:California;IDA:Idaho;MNT:Montana;ORE:Oregon;WAS:Washington. No Level-3 count was interpreted as area/share/severity; no geometry was inferred.",RETAIN_FOR_LITTLE_OR_USCA_TRUNCATION_AUDIT,1,0,0,dc64778032ed9bd301bfc7c14818fc3ba71a3b2621bb4e8b33ec558ecdf3d16d,559a2d6f7b0d67ad886468a2c0098e117c824f196f0a85d3bb7d99c466649017
381853,Abies lasiocarpa,TRUE,TRUE,TRUE,FALSE,FALSE,FALSE,FALSE,FALSE,DIAGNOSTIC_ONLY_ZERO_INDEPENDENT_ROUTING_AUTHORITY,0,1,TAXON_RANGE_BUILD_CONTRACT_v01,ABT:Alberta;ARI:Arizona;ASK:Alaska;BRC:British Columbia;CAL:California;COL:Colorado;IDA:Idaho;MNT:Montana;NEV:Nevada;NWM:New Mexico;NWT:Northwest Territories;ORE:Oregon;WAS:Washington;WYO:Wyoming;YUK:Yukon,,,,,MATCH,,MATCH,RETAIN_USCA_AUDIT,CONFIRMED_NATIVE_CANADA_AND_ALASKA,"D08B1 routing flags: Canada=TRUE, Alaska=TRUE, Mexico=FALSE, Central_America=FALSE, outside_USA_Canada=FALSE, outside_North_America=FALSE. Transcontinental diagnostic=FALSE; diagnostic-only with zero independent routing authority. Confirmed native Level-3 categorical evidence: ABT:Alberta;ARI:Arizona;ASK:Alaska;BRC:British Columbia;CAL:California;COL:Colorado;IDA:Idaho;MNT:Montana;NEV:Nevada;NWM:New Mexico;NWT:Northwest Territories;ORE:Oregon;WAS:Washington;WYO:Wyoming;YUK:Yukon. No Level-3 count was interpreted as area/share/severity; no geometry was inferred.",RETAIN_FOR_LITTLE_OR_USCA_TRUNCATION_AUDIT,1,0,0,dc64778032ed9bd301bfc7c14818fc3ba71a3b2621bb4e8b33ec558ecdf3d16d,559a2d6f7b0d67ad886468a2c0098e117c824f196f0a85d3bb7d99c466649017
382424,Calocedrus decurrens,TRUE,FALSE,FALSE,TRUE,FALSE,TRUE,FALSE,FALSE,DIAGNOSTIC_ONLY_ZERO_INDEPENDENT_ROUTING_AUTHORITY,0,1,TAXON_RANGE_BUILD_CONTRACT_v01,CAL:California;MXN:Mexico Northwest;ORE:Oregon,MXN:Mexico Northwest,,,,MATCH,,MATCH,BORDERLINE_MEXICO,CONFIRMED_NATIVE_MEXICO,"D08B1 routing flags: Canada=FALSE, Alaska=FALSE, Mexico=TRUE, Central_America=FALSE, outside_USA_Canada=TRUE, outside_North_America=FALSE. Transcontinental diagnostic=FALSE; diagnostic-only with zero independent routing authority. Confirmed native Level-3 categorical evidence: CAL:California;MXN:Mexico Northwest;ORE:Oregon. Outside USA+Canada units: MXN:Mexico Northwest. No Level-3 count was interpreted as area/share/severity; no geometry was inferred.",HOLD_TARGETED_EXTERNAL_RANGE_AUDIT,0,1,0,dc64778032ed9bd301bfc7c14818fc3ba71a3b2621bb4e8b33ec558ecdf3d16d,559a2d6f7b0d67ad886468a2c0098e117c824f196f0a85d3bb7d99c466649017
384904,Diospyros texana,TRUE,FALSE,FALSE,TRUE,FALSE,TRUE,FALSE,FALSE,DIAGNOSTIC_ONLY_ZERO_INDEPENDENT_ROUTING_AUTHORITY,0,1,TAXON_RANGE_BUILD_CONTRACT_v01,MXE:Mexico Northeast;TEX:Texas,MXE:Mexico Northeast,,,,MATCH,,MATCH,BORDERLINE_MEXICO,CONFIRMED_NATIVE_MEXICO,"D08B1 routing flags: Canada=FALSE, Alaska=FALSE, Mexico=TRUE, Central_America=FALSE, outside_USA_Canada=TRUE, outside_North_America=FALSE. Transcontinental diagnostic=FALSE; diagnostic-only with zero independent routing authority. Confirmed native Level-3 categorical evidence: MXE:Mexico Northeast;TEX:Texas. Outside USA+Canada units: MXE:Mexico Northeast. No Level-3 count was interpreted as area/share/severity; no geometry was inferred.",HOLD_TARGETED_EXTERNAL_RANGE_AUDIT,0,1,0,dc64778032ed9bd301bfc7c14818fc3ba71a3b2621bb4e8b33ec558ecdf3d16d,559a2d6f7b0d67ad886468a2c0098e117c824f196f0a85d3bb7d99c466649017
456789,Callitropsis nootkatensis,TRUE,TRUE,TRUE,FALSE,FALSE,FALSE,FALSE,FALSE,DIAGNOSTIC_ONLY_ZERO_INDEPENDENT_ROUTING_AUTHORITY,0,1,TAXON_RANGE_BUILD_CONTRACT_v01,ASK:Alaska;BRC:British Columbia;CAL:California;ORE:Oregon;WAS:Washington,,,,,MATCH,,MATCH,RETAIN_USCA_AUDIT,CONFIRMED_NATIVE_CANADA_AND_ALASKA,"D08B1 routing flags: Canada=TRUE, Alaska=TRUE, Mexico=FALSE, Central_America=FALSE, outside_USA_Canada=FALSE, outside_North_America=FALSE. Transcontinental diagnostic=FALSE; diagnostic-only with zero independent routing authority. Confirmed native Level-3 categorical evidence: ASK:Alaska;BRC:British Columbia;CAL:California;ORE:Oregon;WAS:Washington. No Level-3 count was interpreted as area/share/severity; no geometry was inferred.",RETAIN_FOR_LITTLE_OR_USCA_TRUNCATION_AUDIT,1,0,0,dc64778032ed9bd301bfc7c14818fc3ba71a3b2621bb4e8b33ec558ecdf3d16d,559a2d6f7b0d67ad886468a2c0098e117c824f196f0a85d3bb7d99c466649017
457902,Hesperocyparis arizonica,TRUE,FALSE,FALSE,TRUE,FALSE,TRUE,FALSE,FALSE,DIAGNOSTIC_ONLY_ZERO_INDEPENDENT_ROUTING_AUTHORITY,0,1,TAXON_RANGE_BUILD_CONTRACT_v01,ARI:Arizona;MXE:Mexico Northeast;MXN:Mexico Northwest;NWM:New Mexico;TEX:Texas,MXE:Mexico Northeast;MXN:Mexico Northwest,,,,MATCH,,MATCH,BORDERLINE_MEXICO,CONFIRMED_NATIVE_MEXICO,"D08B1 routing flags: Canada=FALSE, Alaska=FALSE, Mexico=TRUE, Central_America=FALSE, outside_USA_Canada=TRUE, outside_North_America=FALSE. Transcontinental diagnostic=FALSE; diagnostic-only with zero independent routing authority. Confirmed native Level-3 categorical evidence: ARI:Arizona;MXE:Mexico Northeast;MXN:Mexico Northwest;NWM:New Mexico;TEX:Texas. Outside USA+Canada units: MXE:Mexico Northeast;MXN:Mexico Northwest. No Level-3 count was interpreted as area/share/severity; no geometry was inferred.",HOLD_TARGETED_EXTERNAL_RANGE_AUDIT,0,1,0,dc64778032ed9bd301bfc7c14818fc3ba71a3b2621bb4e8b33ec558ecdf3d16d,559a2d6f7b0d67ad886468a2c0098e117c824f196f0a85d3bb7d99c466649017
500221,Liquidambar styraciflua,TRUE,FALSE,FALSE,TRUE,TRUE,TRUE,FALSE,TRUE,DIAGNOSTIC_ONLY_ZERO_INDEPENDENT_ROUTING_AUTHORITY,0,1,TAXON_RANGE_BUILD_CONTRACT_v01,ALA:Alabama;ARK:Arkansas;BLZ:Belize;CNT:Connecticut;ELS:El Salvador;FLA:Florida;GEO:Georgia;GUA:Guatemala;HON:Honduras;ILL:Illinois;INI:Indiana;KTY:Kentucky;LOU:Louisiana;MRY:Maryland;MSI:Mississippi;MSO:Missouri;MXC:Mexico Central;MXE:Mexico Northeast;MXG:Mexico Gulf;MXS:Mexico Southwest;MXT:Mexico Southeast;NCA:North Carolina;NIC:Nicaragua;OKL:Oklahoma;PEN:Pennsylvania;SCA:South Carolina;TEN:Tennessee;TEX:Texas;WVA:West Virginia,BLZ:Belize;ELS:El Salvador;GUA:Guatemala;HON:Honduras;MXC:Mexico Central;MXE:Mexico Northeast;MXG:Mexico Gulf;MXS:Mexico Southwest;MXT:Mexico Southeast;NIC:Nicaragua,,,,MATCH,,MATCH,BORDERLINE_OTHER_NA,CONFIRMED_NATIVE_CENTRAL_AMERICA,"D08B1 routing flags: Canada=FALSE, Alaska=FALSE, Mexico=TRUE, Central_America=TRUE, outside_USA_Canada=TRUE, outside_North_America=FALSE. Transcontinental diagnostic=TRUE; diagnostic-only with zero independent routing authority. Confirmed native Level-3 categorical evidence: ALA:Alabama;ARK:Arkansas;BLZ:Belize;CNT:Connecticut;ELS:El Salvador;FLA:Florida;GEO:Georgia;GUA:Guatemala;HON:Honduras;ILL:Illinois;INI:Indiana;KTY:Kentucky;LOU:Louisiana;MRY:Maryland;MSI:Mississippi;MSO:Missouri;MXC:Mexico Central;MXE:Mexico Northeast;MXG:Mexico Gulf;MXS:Mexico Southwest;MXT:Mexico Southeast;NCA:North Carolina;NIC:Nicaragua;OKL:Oklahoma;PEN:Pennsylvania;SCA:South Carolina;TEN:Tennessee;TEX:Texas;WVA:West Virginia. Outside USA+Canada units: BLZ:Belize;ELS:El Salvador;GUA:Guatemala;HON:Honduras;MXC:Mexico Central;MXE:Mexico Northeast;MXG:Mexico Gulf;MXS:Mexico Southwest;MXT:Mexico Southeast;NIC:Nicaragua. No Level-3 count was interpreted as area/share/severity; no geometry was inferred.",HOLD_TARGETED_EXTERNAL_RANGE_AUDIT,0,1,0,dc64778032ed9bd301bfc7c14818fc3ba71a3b2621bb4e8b33ec558ecdf3d16d,559a2d6f7b0d67ad886468a2c0098e117c824f196f0a85d3bb7d99c466649017
2331793,Juglans cinerea,TRUE,TRUE,FALSE,FALSE,FALSE,FALSE,FALSE,FALSE,DIAGNOSTIC_ONLY_ZERO_INDEPENDENT_ROUTING_AUTHORITY,0,1,TAXON_RANGE_BUILD_CONTRACT_v01,ALA:Alabama;ARK:Arkansas;CNT:Connecticut;DEL:Delaware;GEO:Georgia;ILL:Illinois;INI:Indiana;IOW:Iowa;KTY:Kentucky;MAI:Maine;MAS:Massachusetts;MIC:Michigan;MIN:Minnesota;MRY:Maryland;MSI:Mississippi;MSO:Missouri;NBR:New Brunswick;NCA:North Carolina;NWH:New Hampshire;NWJ:New Jersey;NWY:New York;OHI:Ohio;ONT:Ontario;PEN:Pennsylvania;QUE:Québec;RHO:Rhode I.;SCA:South Carolina;TEN:Tennessee;VER:Vermont;VRG:Virginia;WIS:Wisconsin;WVA:West Virginia,,,,,MATCH,,MATCH,RETAIN_USCA_AUDIT,CONFIRMED_NATIVE_CANADA,"D08B1 routing flags: Canada=TRUE, Alaska=FALSE, Mexico=FALSE, Central_America=FALSE, outside_USA_Canada=FALSE, outside_North_America=FALSE. Transcontinental diagnostic=FALSE; diagnostic-only with zero independent routing authority. Confirmed native Level-3 categorical evidence: ALA:Alabama;ARK:Arkansas;CNT:Connecticut;DEL:Delaware;GEO:Georgia;ILL:Illinois;INI:Indiana;IOW:Iowa;KTY:Kentucky;MAI:Maine;MAS:Massachusetts;MIC:Michigan;MIN:Minnesota;MRY:Maryland;MSI:Mississippi;MSO:Missouri;NBR:New Brunswick;NCA:North Carolina;NWH:New Hampshire;NWJ:New Jersey;NWY:New York;OHI:Ohio;ONT:Ontario;PEN:Pennsylvania;QUE:Québec;RHO:Rhode I.;SCA:South Carolina;TEN:Tennessee;VER:Vermont;VRG:Virginia;WIS:Wisconsin;WVA:West Virginia. No Level-3 count was interpreted as area/share/severity; no geometry was inferred.",RETAIN_FOR_LITTLE_OR_USCA_TRUNCATION_AUDIT,1,0,0,dc64778032ed9bd301bfc7c14818fc3ba71a3b2621bb4e8b33ec558ecdf3d16d,559a2d6f7b0d67ad886468a2c0098e117c824f196f0a85d3bb7d99c466649017
2331814,Juglans major,TRUE,FALSE,FALSE,TRUE,FALSE,TRUE,FALSE,FALSE,DIAGNOSTIC_ONLY_ZERO_INDEPENDENT_ROUTING_AUTHORITY,0,1,TAXON_RANGE_BUILD_CONTRACT_v01,ARI:Arizona;MXC:Mexico Central;MXE:Mexico Northeast;MXG:Mexico Gulf;MXN:Mexico Northwest;MXS:Mexico Southwest;NWM:New Mexico;OKL:Oklahoma;TEX:Texas,MXC:Mexico Central;MXE:Mexico Northeast;MXG:Mexico Gulf;MXN:Mexico Northwest;MXS:Mexico Southwest,,,,MATCH,,MATCH,BORDERLINE_MEXICO,CONFIRMED_NATIVE_MEXICO,"D08B1 routing flags: Canada=FALSE, Alaska=FALSE, Mexico=TRUE, Central_America=FALSE, outside_USA_Canada=TRUE, outside_North_America=FALSE. Transcontinental diagnostic=FALSE; diagnostic-only with zero independent routing authority. Confirmed native Level-3 categorical evidence: ARI:Arizona;MXC:Mexico Central;MXE:Mexico Northeast;MXG:Mexico Gulf;MXN:Mexico Northwest;MXS:Mexico Southwest;NWM:New Mexico;OKL:Oklahoma;TEX:Texas. Outside USA+Canada units: MXC:Mexico Central;MXE:Mexico Northeast;MXG:Mexico Gulf;MXN:Mexico Northwest;MXS:Mexico Southwest. No Level-3 count was interpreted as area/share/severity; no geometry was inferred.",HOLD_TARGETED_EXTERNAL_RANGE_AUDIT,0,1,0,dc64778032ed9bd301bfc7c14818fc3ba71a3b2621bb4e8b33ec558ecdf3d16d,559a2d6f7b0d67ad886468a2c0098e117c824f196f0a85d3bb7d99c466649017
2331834,Juglans nigra,TRUE,TRUE,FALSE,FALSE,FALSE,FALSE,FALSE,FALSE,DIAGNOSTIC_ONLY_ZERO_INDEPENDENT_ROUTING_AUTHORITY,0,1,TAXON_RANGE_BUILD_CONTRACT_v01,ALA:Alabama;ARK:Arkansas;CNT:Connecticut;DEL:Delaware;FLA:Florida;GEO:Georgia;ILL:Illinois;INI:Indiana;IOW:Iowa;KAN:Kansas;KTY:Kentucky;LOU:Louisiana;MAS:Massachusetts;MIC:Michigan;MIN:Minnesota;MRY:Maryland;MSI:Mississippi;MSO:Missouri;NCA:North Carolina;NEB:Nebraska;NWJ:New Jersey;NWY:New York;OHI:Ohio;OKL:Oklahoma;ONT:Ontario;PEN:Pennsylvania;RHO:Rhode I.;SCA:South Carolina;SDA:South Dakota;TEN:Tennessee;TEX:Texas;VRG:Virginia;WDC:District of Columbia;WIS:Wisconsin;WVA:West Virginia,,,,,MATCH,,MATCH,RETAIN_USCA_AUDIT,CONFIRMED_NATIVE_CANADA,"D08B1 routing flags: Canada=TRUE, Alaska=FALSE, Mexico=FALSE, Central_America=FALSE, outside_USA_Canada=FALSE, outside_North_America=FALSE. Transcontinental diagnostic=FALSE; diagnostic-only with zero independent routing authority. Confirmed native Level-3 categorical evidence: ALA:Alabama;ARK:Arkansas;CNT:Connecticut;DEL:Delaware;FLA:Florida;GEO:Georgia;ILL:Illinois;INI:Indiana;IOW:Iowa;KAN:Kansas;KTY:Kentucky;LOU:Louisiana;MAS:Massachusetts;MIC:Michigan;MIN:Minnesota;MRY:Maryland;MSI:Mississippi;MSO:Missouri;NCA:North Carolina;NEB:Nebraska;NWJ:New Jersey;NWY:New York;OHI:Ohio;OKL:Oklahoma;ONT:Ontario;PEN:Pennsylvania;RHO:Rhode I.;SCA:South Carolina;SDA:South Dakota;TEN:Tennessee;TEX:Texas;VRG:Virginia;WDC:District of Columbia;WIS:Wisconsin;WVA:West Virginia. No Level-3 count was interpreted as area/share/severity; no geometry was inferred.",RETAIN_FOR_LITTLE_OR_USCA_TRUNCATION_AUDIT,1,0,0,dc64778032ed9bd301bfc7c14818fc3ba71a3b2621bb4e8b33ec558ecdf3d16d,559a2d6f7b0d67ad886468a2c0098e117c824f196f0a85d3bb7d99c466649017
2331862,Juglans microcarpa,TRUE,FALSE,FALSE,TRUE,FALSE,TRUE,FALSE,FALSE,DIAGNOSTIC_ONLY_ZERO_INDEPENDENT_ROUTING_AUTHORITY,0,1,TAXON_RANGE_BUILD_CONTRACT_v01,KAN:Kansas;MXE:Mexico Northeast;NWM:New Mexico;OKL:Oklahoma;TEX:Texas,MXE:Mexico Northeast,,,,MATCH,,MATCH,BORDERLINE_MEXICO,CONFIRMED_NATIVE_MEXICO,"D08B1 routing flags: Canada=FALSE, Alaska=FALSE, Mexico=TRUE, Central_America=FALSE, outside_USA_Canada=TRUE, outside_North_America=FALSE. Transcontinental diagnostic=FALSE; diagnostic-only with zero independent routing authority. Confirmed native Level-3 categorical evidence: KAN:Kansas;MXE:Mexico Northeast;NWM:New Mexico;OKL:Oklahoma;TEX:Texas. Outside USA+Canada units: MXE:Mexico Northeast. No Level-3 count was interpreted as area/share/severity; no geometry was inferred.",HOLD_TARGETED_EXTERNAL_RANGE_AUDIT,0,1,0,dc64778032ed9bd301bfc7c14818fc3ba71a3b2621bb4e8b33ec558ecdf3d16d,559a2d6f7b0d67ad886468a2c0098e117c824f196f0a85d3bb7d99c466649017
2346415,Leucaena pulverulenta,TRUE,FALSE,FALSE,TRUE,FALSE,TRUE,FALSE,FALSE,DIAGNOSTIC_ONLY_ZERO_INDEPENDENT_ROUTING_AUTHORITY,0,1,TAXON_RANGE_BUILD_CONTRACT_v01,MXC:Mexico Central;MXE:Mexico Northeast;MXG:Mexico Gulf;MXS:Mexico Southwest;TEX:Texas,MXC:Mexico Central;MXE:Mexico Northeast;MXG:Mexico Gulf;MXS:Mexico Southwest,,,,MATCH,,MATCH,BORDERLINE_MEXICO,CONFIRMED_NATIVE_MEXICO,"D08B1 routing flags: Canada=FALSE, Alaska=FALSE, Mexico=TRUE, Central_America=FALSE, outside_USA_Canada=TRUE, outside_North_America=FALSE. Transcontinental diagnostic=FALSE; diagnostic-only with zero independent routing authority. Confirmed native Level-3 categorical evidence: MXC:Mexico Central;MXE:Mexico Northeast;MXG:Mexico Gulf;MXS:Mexico Southwest;TEX:Texas. Outside USA+Canada units: MXC:Mexico Central;MXE:Mexico Northeast;MXG:Mexico Gulf;MXS:Mexico Southwest. No Level-3 count was interpreted as area/share/severity; no geometry was inferred.",HOLD_TARGETED_EXTERNAL_RANGE_AUDIT,0,1,0,dc64778032ed9bd301bfc7c14818fc3ba71a3b2621bb4e8b33ec558ecdf3d16d,559a2d6f7b0d67ad886468a2c0098e117c824f196f0a85d3bb7d99c466649017
2364578,Metopium toxiferum,TRUE,FALSE,FALSE,FALSE,FALSE,TRUE,FALSE,TRUE,DIAGNOSTIC_ONLY_ZERO_INDEPENDENT_ROUTING_AUTHORITY,0,1,TAXON_RANGE_BUILD_CONTRACT_v01,BAH:Bahamas;CAY:Cayman Is.;CUB:Cuba;DOM:Dominican Republic;FLA:Florida;HAI:Haiti;PUE:Puerto Rico;TCI:Turks-Caicos Is.;WIN:Windward Is.,BAH:Bahamas;CAY:Cayman Is.;CUB:Cuba;DOM:Dominican Republic;HAI:Haiti;PUE:Puerto Rico;TCI:Turks-Caicos Is.;WIN:Windward Is.,,BAH:Bahamas;CAY:Cayman Is.;CUB:Cuba;DOM:Dominican Republic;HAI:Haiti;PUE:Puerto Rico;TCI:Turks-Caicos Is.;WIN:Windward Is.,,MATCH,,MATCH,BORDERLINE_OTHER_NA,CONFIRMED_NATIVE_OTHER_NA_EXTENSION,"D08B1 routing flags: Canada=FALSE, Alaska=FALSE, Mexico=FALSE, Central_America=FALSE, outside_USA_Canada=TRUE, outside_North_America=FALSE. Transcontinental diagnostic=TRUE; diagnostic-only with zero independent routing authority. Confirmed native Level-3 categorical evidence: BAH:Bahamas;CAY:Cayman Is.;CUB:Cuba;DOM:Dominican Republic;FLA:Florida;HAI:Haiti;PUE:Puerto Rico;TCI:Turks-Caicos Is.;WIN:Windward Is.. Outside USA+Canada units: BAH:Bahamas;CAY:Cayman Is.;CUB:Cuba;DOM:Dominican Republic;HAI:Haiti;PUE:Puerto Rico;TCI:Turks-Caicos Is.;WIN:Windward Is.. Other North-America-side units: BAH:Bahamas;CAY:Cayman Is.;CUB:Cuba;DOM:Dominican Republic;HAI:Haiti;PUE:Puerto Rico;TCI:Turks-Caicos Is.;WIN:Windward Is.. No Level-3 count was interpreted as area/share/severity; no geometry was inferred.",HOLD_TARGETED_EXTERNAL_RANGE_AUDIT,0,1,0,dc64778032ed9bd301bfc7c14818fc3ba71a3b2621bb4e8b33ec558ecdf3d16d,559a2d6f7b0d67ad886468a2c0098e117c824f196f0a85d3bb7d99c466649017
2383853,Neltuma glandulosa,TRUE,FALSE,FALSE,TRUE,FALSE,TRUE,FALSE,FALSE,DIAGNOSTIC_ONLY_ZERO_INDEPENDENT_ROUTING_AUTHORITY,0,1,TAXON_RANGE_BUILD_CONTRACT_v01,COL:Colorado;KAN:Kansas;LOU:Louisiana;MXE:Mexico Northeast;MXG:Mexico Gulf;MXN:Mexico Northwest;MXS:Mexico Southwest;MXT:Mexico Southeast;NWM:New Mexico;OKL:Oklahoma;TEX:Texas,MXE:Mexico Northeast;MXG:Mexico Gulf;MXN:Mexico Northwest;MXS:Mexico Southwest;MXT:Mexico Southeast,,,,MATCH,,MATCH,BORDERLINE_MEXICO,CONFIRMED_NATIVE_MEXICO,"D08B1 routing flags: Canada=FALSE, Alaska=FALSE, Mexico=TRUE, Central_America=FALSE, outside_USA_Canada=TRUE, outside_North_America=FALSE. Transcontinental diagnostic=FALSE; diagnostic-only with zero independent routing authority. Confirmed native Level-3 categorical evidence: COL:Colorado;KAN:Kansas;LOU:Louisiana;MXE:Mexico Northeast;MXG:Mexico Gulf;MXN:Mexico Northwest;MXS:Mexico Southwest;MXT:Mexico Southeast;NWM:New Mexico;OKL:Oklahoma;TEX:Texas. Outside USA+Canada units: MXE:Mexico Northeast;MXG:Mexico Gulf;MXN:Mexico Northwest;MXS:Mexico Southwest;MXT:Mexico Southeast. No Level-3 count was interpreted as area/share/severity; no geometry was inferred.",HOLD_TARGETED_EXTERNAL_RANGE_AUDIT,0,1,0,dc64778032ed9bd301bfc7c14818fc3ba71a3b2621bb4e8b33ec558ecdf3d16d,559a2d6f7b0d67ad886468a2c0098e117c824f196f0a85d3bb7d99c466649017
2383876,Neltuma velutina,TRUE,FALSE,FALSE,TRUE,FALSE,TRUE,FALSE,FALSE,DIAGNOSTIC_ONLY_ZERO_INDEPENDENT_ROUTING_AUTHORITY,0,1,TAXON_RANGE_BUILD_CONTRACT_v01,ARI:Arizona;MXE:Mexico Northeast;MXN:Mexico Northwest;NWM:New Mexico,MXE:Mexico Northeast;MXN:Mexico Northwest,,,,MATCH,,MATCH,BORDERLINE_MEXICO,CONFIRMED_NATIVE_MEXICO,"D08B1 routing flags: Canada=FALSE, Alaska=FALSE, Mexico=TRUE, Central_America=FALSE, outside_USA_Canada=TRUE, outside_North_America=FALSE. Transcontinental diagnostic=FALSE; diagnostic-only with zero independent routing authority. Confirmed native Level-3 categorical evidence: ARI:Arizona;MXE:Mexico Northeast;MXN:Mexico Northwest;NWM:New Mexico. Outside USA+Canada units: MXE:Mexico Northeast;MXN:Mexico Northwest. No Level-3 count was interpreted as area/share/severity; no geometry was inferred.",HOLD_TARGETED_EXTERNAL_RANGE_AUDIT,0,1,0,dc64778032ed9bd301bfc7c14818fc3ba71a3b2621bb4e8b33ec558ecdf3d16d,559a2d6f7b0d67ad886468a2c0098e117c824f196f0a85d3bb7d99c466649017
2389100,Olneya tesota,TRUE,FALSE,FALSE,TRUE,FALSE,TRUE,FALSE,FALSE,DIAGNOSTIC_ONLY_ZERO_INDEPENDENT_ROUTING_AUTHORITY,0,1,TAXON_RANGE_BUILD_CONTRACT_v01,ARI:Arizona;CAL:California;MXN:Mexico Northwest,MXN:Mexico Northwest,,,,MATCH,,MATCH,BORDERLINE_MEXICO,CONFIRMED_NATIVE_MEXICO,"D08B1 routing flags: Canada=FALSE, Alaska=FALSE, Mexico=TRUE, Central_America=FALSE, outside_USA_Canada=TRUE, outside_North_America=FALSE. Transcontinental diagnostic=FALSE; diagnostic-only with zero independent routing authority. Confirmed native Level-3 categorical evidence: ARI:Arizona;CAL:California;MXN:Mexico Northwest. Outside USA+Canada units: MXN:Mexico Northwest. No Level-3 count was interpreted as area/share/severity; no geometry was inferred.",HOLD_TARGETED_EXTERNAL_RANGE_AUDIT,0,1,0,dc64778032ed9bd301bfc7c14818fc3ba71a3b2621bb4e8b33ec558ecdf3d16d,559a2d6f7b0d67ad886468a2c0098e117c824f196f0a85d3bb7d99c466649017
2446614,Umbellularia californica,TRUE,FALSE,FALSE,TRUE,FALSE,TRUE,FALSE,FALSE,DIAGNOSTIC_ONLY_ZERO_INDEPENDENT_ROUTING_AUTHORITY,0,1,TAXON_RANGE_BUILD_CONTRACT_v01,CAL:California;MXN:Mexico Northwest;ORE:Oregon,MXN:Mexico Northwest,,,,MATCH,,MATCH,BORDERLINE_MEXICO,CONFIRMED_NATIVE_MEXICO,"D08B1 routing flags: Canada=FALSE, Alaska=FALSE, Mexico=TRUE, Central_America=FALSE, outside_USA_Canada=TRUE, outside_North_America=FALSE. Transcontinental diagnostic=FALSE; diagnostic-only with zero independent routing authority. Confirmed native Level-3 categorical evidence: CAL:California;MXN:Mexico Northwest;ORE:Oregon. Outside USA+Canada units: MXN:Mexico Northwest. No Level-3 count was interpreted as area/share/severity; no geometry was inferred.",HOLD_TARGETED_EXTERNAL_RANGE_AUDIT,0,1,0,dc64778032ed9bd301bfc7c14818fc3ba71a3b2621bb4e8b33ec558ecdf3d16d,559a2d6f7b0d67ad886468a2c0098e117c824f196f0a85d3bb7d99c466649017
2448805,Ulmus rubra,TRUE,TRUE,FALSE,FALSE,FALSE,FALSE,FALSE,FALSE,DIAGNOSTIC_ONLY_ZERO_INDEPENDENT_ROUTING_AUTHORITY,0,1,TAXON_RANGE_BUILD_CONTRACT_v01,ALA:Alabama;ARK:Arkansas;CNT:Connecticut;DEL:Delaware;FLA:Florida;GEO:Georgia;ILL:Illinois;INI:Indiana;IOW:Iowa;KAN:Kansas;KTY:Kentucky;LOU:Louisiana;MAI:Maine;MAS:Massachusetts;MIC:Michigan;MIN:Minnesota;MRY:Maryland;MSI:Mississippi;MSO:Missouri;NCA:North Carolina;NDA:North Dakota;NEB:Nebraska;NWH:New Hampshire;NWJ:New Jersey;NWY:New York;OHI:Ohio;OKL:Oklahoma;ONT:Ontario;PEN:Pennsylvania;QUE:Québec;SCA:South Carolina;SDA:South Dakota;TEN:Tennessee;TEX:Texas;VER:Vermont;VRG:Virginia;WDC:District of Columbia;WIS:Wisconsin;WVA:West Virginia,,,,,MATCH,,MATCH,RETAIN_USCA_AUDIT,CONFIRMED_NATIVE_CANADA,"D08B1 routing flags: Canada=TRUE, Alaska=FALSE, Mexico=FALSE, Central_America=FALSE, outside_USA_Canada=FALSE, outside_North_America=FALSE. Transcontinental diagnostic=FALSE; diagnostic-only with zero independent routing authority. Confirmed native Level-3 categorical evidence: ALA:Alabama;ARK:Arkansas;CNT:Connecticut;DEL:Delaware;FLA:Florida;GEO:Georgia;ILL:Illinois;INI:Indiana;IOW:Iowa;KAN:Kansas;KTY:Kentucky;LOU:Louisiana;MAI:Maine;MAS:Massachusetts;MIC:Michigan;MIN:Minnesota;MRY:Maryland;MSI:Mississippi;MSO:Missouri;NCA:North Carolina;NDA:North Dakota;NEB:Nebraska;NWH:New Hampshire;NWJ:New Jersey;NWY:New York;OHI:Ohio;OKL:Oklahoma;ONT:Ontario;PEN:Pennsylvania;QUE:Québec;SCA:South Carolina;SDA:South Dakota;TEN:Tennessee;TEX:Texas;VER:Vermont;VRG:Virginia;WDC:District of Columbia;WIS:Wisconsin;WVA:West Virginia. No Level-3 count was interpreted as area/share/severity; no geometry was inferred.",RETAIN_FOR_LITTLE_OR_USCA_TRUNCATION_AUDIT,1,0,0,dc64778032ed9bd301bfc7c14818fc3ba71a3b2621bb4e8b33ec558ecdf3d16d,559a2d6f7b0d67ad886468a2c0098e117c824f196f0a85d3bb7d99c466649017
2448843,Ulmus thomasii,TRUE,TRUE,FALSE,FALSE,FALSE,FALSE,FALSE,FALSE,DIAGNOSTIC_ONLY_ZERO_INDEPENDENT_ROUTING_AUTHORITY,0,1,TAXON_RANGE_BUILD_CONTRACT_v01,ARK:Arkansas;ILL:Illinois;INI:Indiana;IOW:Iowa;KAN:Kansas;KTY:Kentucky;MIC:Michigan;MIN:Minnesota;MSO:Missouri;NEB:Nebraska;NWH:New Hampshire;NWJ:New Jersey;NWY:New York;OHI:Ohio;ONT:Ontario;SDA:South Dakota;TEN:Tennessee;VER:Vermont;WIS:Wisconsin;WVA:West Virginia,,,,,MATCH,,MATCH,RETAIN_USCA_AUDIT,CONFIRMED_NATIVE_CANADA,"D08B1 routing flags: Canada=TRUE, Alaska=FALSE, Mexico=FALSE, Central_America=FALSE, outside_USA_Canada=FALSE, outside_North_America=FALSE. Transcontinental diagnostic=FALSE; diagnostic-only with zero independent routing authority. Confirmed native Level-3 categorical evidence: ARK:Arkansas;ILL:Illinois;INI:Indiana;IOW:Iowa;KAN:Kansas;KTY:Kentucky;MIC:Michigan;MIN:Minnesota;MSO:Missouri;NEB:Nebraska;NWH:New Hampshire;NWJ:New Jersey;NWY:New York;OHI:Ohio;ONT:Ontario;SDA:South Dakota;TEN:Tennessee;VER:Vermont;WIS:Wisconsin;WVA:West Virginia. No Level-3 count was interpreted as area/share/severity; no geometry was inferred.",RETAIN_FOR_LITTLE_OR_USCA_TRUNCATION_AUDIT,1,0,0,dc64778032ed9bd301bfc7c14818fc3ba71a3b2621bb4e8b33ec558ecdf3d16d,559a2d6f7b0d67ad886468a2c0098e117c824f196f0a85d3bb7d99c466649017
2448857,Ulmus serotina,TRUE,FALSE,FALSE,TRUE,FALSE,TRUE,FALSE,FALSE,DIAGNOSTIC_ONLY_ZERO_INDEPENDENT_ROUTING_AUTHORITY,0,1,TAXON_RANGE_BUILD_CONTRACT_v01,ALA:Alabama;ARK:Arkansas;GEO:Georgia;KTY:Kentucky;MSI:Mississippi;MXE:Mexico Northeast;OKL:Oklahoma;TEN:Tennessee;TEX:Texas,MXE:Mexico Northeast,,,,MATCH,,MATCH,BORDERLINE_MEXICO,CONFIRMED_NATIVE_MEXICO,"D08B1 routing flags: Canada=FALSE, Alaska=FALSE, Mexico=TRUE, Central_America=FALSE, outside_USA_Canada=TRUE, outside_North_America=FALSE. Transcontinental diagnostic=FALSE; diagnostic-only with zero independent routing authority. Confirmed native Level-3 categorical evidence: ALA:Alabama;ARK:Arkansas;GEO:Georgia;KTY:Kentucky;MSI:Mississippi;MXE:Mexico Northeast;OKL:Oklahoma;TEN:Tennessee;TEX:Texas. Outside USA+Canada units: MXE:Mexico Northeast. No Level-3 count was interpreted as area/share/severity; no geometry was inferred.",HOLD_TARGETED_EXTERNAL_RANGE_AUDIT,0,1,0,dc64778032ed9bd301bfc7c14818fc3ba71a3b2621bb4e8b33ec558ecdf3d16d,559a2d6f7b0d67ad886468a2c0098e117c824f196f0a85d3bb7d99c466649017
2449976,Ulmus crassifolia,TRUE,FALSE,FALSE,TRUE,FALSE,TRUE,FALSE,FALSE,DIAGNOSTIC_ONLY_ZERO_INDEPENDENT_ROUTING_AUTHORITY,0,1,TAXON_RANGE_BUILD_CONTRACT_v01,ARK:Arkansas;FLA:Florida;LOU:Louisiana;MSI:Mississippi;MXE:Mexico Northeast;OKL:Oklahoma;TEN:Tennessee;TEX:Texas,MXE:Mexico Northeast,,,,MATCH,,MATCH,BORDERLINE_MEXICO,CONFIRMED_NATIVE_MEXICO,"D08B1 routing flags: Canada=FALSE, Alaska=FALSE, Mexico=TRUE, Central_America=FALSE, outside_USA_Canada=TRUE, outside_North_America=FALSE. Transcontinental diagnostic=FALSE; diagnostic-only with zero independent routing authority. Confirmed native Level-3 categorical evidence: ARK:Arkansas;FLA:Florida;LOU:Louisiana;MSI:Mississippi;MXE:Mexico Northeast;OKL:Oklahoma;TEN:Tennessee;TEX:Texas. Outside USA+Canada units: MXE:Mexico Northeast. No Level-3 count was interpreted as area/share/severity; no geometry was inferred.",HOLD_TARGETED_EXTERNAL_RANGE_AUDIT,0,1,0,dc64778032ed9bd301bfc7c14818fc3ba71a3b2621bb4e8b33ec558ecdf3d16d,559a2d6f7b0d67ad886468a2c0098e117c824f196f0a85d3bb7d99c466649017
2450019,Ulmus americana,TRUE,TRUE,FALSE,TRUE,FALSE,TRUE,FALSE,FALSE,DIAGNOSTIC_ONLY_ZERO_INDEPENDENT_ROUTING_AUTHORITY,0,1,TAXON_RANGE_BUILD_CONTRACT_v01,ALA:Alabama;ARK:Arkansas;CNT:Connecticut;DEL:Delaware;FLA:Florida;GEO:Georgia;ILL:Illinois;INI:Indiana;IOW:Iowa;KAN:Kansas;KTY:Kentucky;LOU:Louisiana;MAI:Maine;MAN:Manitoba;MAS:Massachusetts;MIC:Michigan;MIN:Minnesota;MNT:Montana;MRY:Maryland;MSI:Mississippi;MSO:Missouri;MXE:Mexico Northeast;MXN:Mexico Northwest;NBR:New Brunswick;NCA:North Carolina;NDA:North Dakota;NEB:Nebraska;NSC:Nova Scotia;NWH:New Hampshire;NWJ:New Jersey;NWY:New York;OHI:Ohio;OKL:Oklahoma;ONT:Ontario;PEI:Prince Edward I.;PEN:Pennsylvania;QUE:Québec;RHO:Rhode I.;SAS:Saskatchewan;SCA:South Carolina;SDA:South Dakota;TEN:Tennessee;TEX:Texas;VER:Vermont;VRG:Virginia;WDC:District of Columbia;WIS:Wisconsin;WVA:West Virginia;WYO:Wyoming,MXE:Mexico Northeast;MXN:Mexico Northwest,,,,MATCH,,MATCH,BORDERLINE_MEXICO,CONFIRMED_NATIVE_MEXICO,"D08B1 routing flags: Canada=TRUE, Alaska=FALSE, Mexico=TRUE, Central_America=FALSE, outside_USA_Canada=TRUE, outside_North_America=FALSE. Transcontinental diagnostic=FALSE; diagnostic-only with zero independent routing authority. Confirmed native Level-3 categorical evidence: ALA:Alabama;ARK:Arkansas;CNT:Connecticut;DEL:Delaware;FLA:Florida;GEO:Georgia;ILL:Illinois;INI:Indiana;IOW:Iowa;KAN:Kansas;KTY:Kentucky;LOU:Louisiana;MAI:Maine;MAN:Manitoba;MAS:Massachusetts;MIC:Michigan;MIN:Minnesota;MNT:Montana;MRY:Maryland;MSI:Mississippi;MSO:Missouri;MXE:Mexico Northeast;MXN:Mexico Northwest;NBR:New Brunswick;NCA:North Carolina;NDA:North Dakota;NEB:Nebraska;NSC:Nova Scotia;NWH:New Hampshire;NWJ:New Jersey;NWY:New York;OHI:Ohio;OKL:Oklahoma;ONT:Ontario;PEI:Prince Edward I.;PEN:Pennsylvania;QUE:Québec;RHO:Rhode I.;SAS:Saskatchewan;SCA:South Carolina;SDA:South Dakota;TEN:Tennessee;TEX:Texas;VER:Vermont;VRG:Virginia;WDC:District of Columbia;WIS:Wisconsin;WVA:West Virginia;WYO:Wyoming. Outside USA+Canada units: MXE:Mexico Northeast;MXN:Mexico Northwest. No Level-3 count was interpreted as area/share/severity; no geometry was inferred.",HOLD_TARGETED_EXTERNAL_RANGE_AUDIT,0,1,0,dc64778032ed9bd301bfc7c14818fc3ba71a3b2621bb4e8b33ec558ecdf3d16d,559a2d6f7b0d67ad886468a2c0098e117c824f196f0a85d3bb7d99c466649017
2469375,Zanthoxylum clava-herculis,TRUE,FALSE,FALSE,TRUE,FALSE,TRUE,FALSE,FALSE,DIAGNOSTIC_ONLY_ZERO_INDEPENDENT_ROUTING_AUTHORITY,0,1,TAXON_RANGE_BUILD_CONTRACT_v01,ALA:Alabama;ARK:Arkansas;FLA:Florida;GEO:Georgia;LOU:Louisiana;MSI:Mississippi;MXE:Mexico Northeast;MXG:Mexico Gulf;NCA:North Carolina;OKL:Oklahoma;SCA:South Carolina;TEX:Texas;VRG:Virginia,MXE:Mexico Northeast;MXG:Mexico Gulf,,,,MATCH,,MATCH,BORDERLINE_MEXICO,CONFIRMED_NATIVE_MEXICO,"D08B1 routing flags: Canada=FALSE, Alaska=FALSE, Mexico=TRUE, Central_America=FALSE, outside_USA_Canada=TRUE, outside_North_America=FALSE. Transcontinental diagnostic=FALSE; diagnostic-only with zero independent routing authority. Confirmed native Level-3 categorical evidence: ALA:Alabama;ARK:Arkansas;FLA:Florida;GEO:Georgia;LOU:Louisiana;MSI:Mississippi;MXE:Mexico Northeast;MXG:Mexico Gulf;NCA:North Carolina;OKL:Oklahoma;SCA:South Carolina;TEX:Texas;VRG:Virginia. Outside USA+Canada units: MXE:Mexico Northeast;MXG:Mexico Gulf. No Level-3 count was interpreted as area/share/severity; no geometry was inferred.",HOLD_TARGETED_EXTERNAL_RANGE_AUDIT,0,1,0,dc64778032ed9bd301bfc7c14818fc3ba71a3b2621bb4e8b33ec558ecdf3d16d,559a2d6f7b0d67ad886468a2c0098e117c824f196f0a85d3bb7d99c466649017
2500717,Myrica cerifera,TRUE,FALSE,FALSE,TRUE,TRUE,TRUE,FALSE,TRUE,DIAGNOSTIC_ONLY_ZERO_INDEPENDENT_ROUTING_AUTHORITY,0,1,TAXON_RANGE_BUILD_CONTRACT_v01,ALA:Alabama;ARK:Arkansas;BAH:Bahamas;BER:Bermuda;BLZ:Belize;CAY:Cayman Is.;COS:Costa Rica;CUB:Cuba;DEL:Delaware;DOM:Dominican Republic;ELS:El Salvador;FLA:Florida;GEO:Georgia;GUA:Guatemala;HAI:Haiti;HON:Honduras;JAM:Jamaica;LOU:Louisiana;MRY:Maryland;MSI:Mississippi;MXC:Mexico Central;MXE:Mexico Northeast;MXG:Mexico Gulf;MXS:Mexico Southwest;MXT:Mexico Southeast;NCA:North Carolina;NIC:Nicaragua;NWJ:New Jersey;OKL:Oklahoma;PAN:Panamá;PUE:Puerto Rico;SCA:South Carolina;SWC:Southwest Caribbean;TCI:Turks-Caicos Is.;TEX:Texas;VRG:Virginia,BAH:Bahamas;BER:Bermuda;BLZ:Belize;CAY:Cayman Is.;COS:Costa Rica;CUB:Cuba;DOM:Dominican Republic;ELS:El Salvador;GUA:Guatemala;HAI:Haiti;HON:Honduras;JAM:Jamaica;MXC:Mexico Central;MXE:Mexico Northeast;MXG:Mexico Gulf;MXS:Mexico Southwest;MXT:Mexico Southeast;NIC:Nicaragua;PAN:Panamá;PUE:Puerto Rico;SWC:Southwest Caribbean;TCI:Turks-Caicos Is.,,BAH:Bahamas;BER:Bermuda;CAY:Cayman Is.;CUB:Cuba;DOM:Dominican Republic;HAI:Haiti;JAM:Jamaica;PUE:Puerto Rico;SWC:Southwest Caribbean;TCI:Turks-Caicos Is.,,MATCH,,MATCH,BORDERLINE_OTHER_NA,CONFIRMED_NATIVE_CENTRAL_AMERICA,"D08B1 routing flags: Canada=FALSE, Alaska=FALSE, Mexico=TRUE, Central_America=TRUE, outside_USA_Canada=TRUE, outside_North_America=FALSE. Transcontinental diagnostic=TRUE; diagnostic-only with zero independent routing authority. Confirmed native Level-3 categorical evidence: ALA:Alabama;ARK:Arkansas;BAH:Bahamas;BER:Bermuda;BLZ:Belize;CAY:Cayman Is.;COS:Costa Rica;CUB:Cuba;DEL:Delaware;DOM:Dominican Republic;ELS:El Salvador;FLA:Florida;GEO:Georgia;GUA:Guatemala;HAI:Haiti;HON:Honduras;JAM:Jamaica;LOU:Louisiana;MRY:Maryland;MSI:Mississippi;MXC:Mexico Central;MXE:Mexico Northeast;MXG:Mexico Gulf;MXS:Mexico Southwest;MXT:Mexico Southeast;NCA:North Carolina;NIC:Nicaragua;NWJ:New Jersey;OKL:Oklahoma;PAN:Panamá;PUE:Puerto Rico;SCA:South Carolina;SWC:Southwest Caribbean;TCI:Turks-Caicos Is.;TEX:Texas;VRG:Virginia. Outside USA+Canada units: BAH:Bahamas;BER:Bermuda;BLZ:Belize;CAY:Cayman Is.;COS:Costa Rica;CUB:Cuba;DOM:Dominican Republic;ELS:El Salvador;GUA:Guatemala;HAI:Haiti;HON:Honduras;JAM:Jamaica;MXC:Mexico Central;MXE:Mexico Northeast;MXG:Mexico Gulf;MXS:Mexico Southwest;MXT:Mexico Southeast;NIC:Nicaragua;PAN:Panamá;PUE:Puerto Rico;SWC:Southwest Caribbean;TCI:Turks-Caicos Is.. Other North-America-side units: BAH:Bahamas;BER:Bermuda;CAY:Cayman Is.;CUB:Cuba;DOM:Dominican Republic;HAI:Haiti;JAM:Jamaica;PUE:Puerto Rico;SWC:Southwest Caribbean;TCI:Turks-Caicos Is.. No Level-3 count was interpreted as area/share/severity; no geometry was inferred.",HOLD_TARGETED_EXTERNAL_RANGE_AUDIT,0,1,0,dc64778032ed9bd301bfc7c14818fc3ba71a3b2621bb4e8b33ec558ecdf3d16d,559a2d6f7b0d67ad886468a2c0098e117c824f196f0a85d3bb7d99c466649017
2501836,Morus microphylla,TRUE,FALSE,FALSE,TRUE,FALSE,TRUE,FALSE,FALSE,DIAGNOSTIC_ONLY_ZERO_INDEPENDENT_ROUTING_AUTHORITY,0,1,TAXON_RANGE_BUILD_CONTRACT_v01,ARI:Arizona;MXE:Mexico Northeast;MXN:Mexico Northwest;NWM:New Mexico;OKL:Oklahoma;TEX:Texas,MXE:Mexico Northeast;MXN:Mexico Northwest,,,,MATCH,,MATCH,BORDERLINE_MEXICO,CONFIRMED_NATIVE_MEXICO,"D08B1 routing flags: Canada=FALSE, Alaska=FALSE, Mexico=TRUE, Central_America=FALSE, outside_USA_Canada=TRUE, outside_North_America=FALSE. Transcontinental diagnostic=FALSE; diagnostic-only with zero independent routing authority. Confirmed native Level-3 categorical evidence: ARI:Arizona;MXE:Mexico Northeast;MXN:Mexico Northwest;NWM:New Mexico;OKL:Oklahoma;TEX:Texas. Outside USA+Canada units: MXE:Mexico Northeast;MXN:Mexico Northwest. No Level-3 count was interpreted as area/share/severity; no geometry was inferred.",HOLD_TARGETED_EXTERNAL_RANGE_AUDIT,0,1,0,dc64778032ed9bd301bfc7c14818fc3ba71a3b2621bb4e8b33ec558ecdf3d16d,559a2d6f7b0d67ad886468a2c0098e117c824f196f0a85d3bb7d99c466649017
2501906,Morus rubra,TRUE,TRUE,FALSE,FALSE,FALSE,FALSE,FALSE,FALSE,DIAGNOSTIC_ONLY_ZERO_INDEPENDENT_ROUTING_AUTHORITY,0,1,TAXON_RANGE_BUILD_CONTRACT_v01,ALA:Alabama;ARK:Arkansas;CNT:Connecticut;FLA:Florida;GEO:Georgia;ILL:Illinois;INI:Indiana;IOW:Iowa;KAN:Kansas;KTY:Kentucky;LOU:Louisiana;MAS:Massachusetts;MIC:Michigan;MIN:Minnesota;MRY:Maryland;MSI:Mississippi;MSO:Missouri;NCA:North Carolina;NEB:Nebraska;NWJ:New Jersey;NWY:New York;OHI:Ohio;OKL:Oklahoma;ONT:Ontario;PEN:Pennsylvania;RHO:Rhode I.;SCA:South Carolina;TEN:Tennessee;TEX:Texas;VER:Vermont;VRG:Virginia;WDC:District of Columbia;WIS:Wisconsin;WVA:West Virginia,,,,,MATCH,,MATCH,RETAIN_USCA_AUDIT,CONFIRMED_NATIVE_CANADA,"D08B1 routing flags: Canada=TRUE, Alaska=FALSE, Mexico=FALSE, Central_America=FALSE, outside_USA_Canada=FALSE, outside_North_America=FALSE. Transcontinental diagnostic=FALSE; diagnostic-only with zero independent routing authority. Confirmed native Level-3 categorical evidence: ALA:Alabama;ARK:Arkansas;CNT:Connecticut;FLA:Florida;GEO:Georgia;ILL:Illinois;INI:Indiana;IOW:Iowa;KAN:Kansas;KTY:Kentucky;LOU:Louisiana;MAS:Massachusetts;MIC:Michigan;MIN:Minnesota;MRY:Maryland;MSI:Mississippi;MSO:Missouri;NCA:North Carolina;NEB:Nebraska;NWJ:New Jersey;NWY:New York;OHI:Ohio;OKL:Oklahoma;ONT:Ontario;PEN:Pennsylvania;RHO:Rhode I.;SCA:South Carolina;TEN:Tennessee;TEX:Texas;VER:Vermont;VRG:Virginia;WDC:District of Columbia;WIS:Wisconsin;WVA:West Virginia. No Level-3 count was interpreted as area/share/severity; no geometry was inferred.",RETAIN_FOR_LITTLE_OR_USCA_TRUNCATION_AUDIT,1,0,0,dc64778032ed9bd301bfc7c14818fc3ba71a3b2621bb4e8b33ec558ecdf3d16d,559a2d6f7b0d67ad886468a2c0098e117c824f196f0a85d3bb7d99c466649017
2518218,Tilia americana,TRUE,TRUE,FALSE,TRUE,FALSE,TRUE,FALSE,FALSE,DIAGNOSTIC_ONLY_ZERO_INDEPENDENT_ROUTING_AUTHORITY,0,1,TAXON_RANGE_BUILD_CONTRACT_v01,ALA:Alabama;ARK:Arkansas;CNT:Connecticut;DEL:Delaware;FLA:Florida;GEO:Georgia;ILL:Illinois;INI:Indiana;IOW:Iowa;KAN:Kansas;KTY:Kentucky;LOU:Louisiana;MAI:Maine;MAN:Manitoba;MAS:Massachusetts;MIC:Michigan;MIN:Minnesota;MRY:Maryland;MSI:Mississippi;MSO:Missouri;MXC:Mexico Central;MXE:Mexico Northeast;MXG:Mexico Gulf;MXN:Mexico Northwest;MXS:Mexico Southwest;MXT:Mexico Southeast;NBR:New Brunswick;NCA:North Carolina;NDA:North Dakota;NEB:Nebraska;NWH:New Hampshire;NWJ:New Jersey;NWY:New York;OHI:Ohio;OKL:Oklahoma;ONT:Ontario;PEN:Pennsylvania;QUE:Québec;RHO:Rhode I.;SAS:Saskatchewan;SCA:South Carolina;SDA:South Dakota;TEN:Tennessee;TEX:Texas;VER:Vermont;VRG:Virginia;WDC:District of Columbia;WIS:Wisconsin;WVA:West Virginia,MXC:Mexico Central;MXE:Mexico Northeast;MXG:Mexico Gulf;MXN:Mexico Northwest;MXS:Mexico Southwest;MXT:Mexico Southeast,,,,MATCH,,MATCH,BORDERLINE_MEXICO,CONFIRMED_NATIVE_MEXICO,"D08B1 routing flags: Canada=TRUE, Alaska=FALSE, Mexico=TRUE, Central_America=FALSE, outside_USA_Canada=TRUE, outside_North_America=FALSE. Transcontinental diagnostic=FALSE; diagnostic-only with zero independent routing authority. Confirmed native Level-3 categorical evidence: ALA:Alabama;ARK:Arkansas;CNT:Connecticut;DEL:Delaware;FLA:Florida;GEO:Georgia;ILL:Illinois;INI:Indiana;IOW:Iowa;KAN:Kansas;KTY:Kentucky;LOU:Louisiana;MAI:Maine;MAN:Manitoba;MAS:Massachusetts;MIC:Michigan;MIN:Minnesota;MRY:Maryland;MSI:Mississippi;MSO:Missouri;MXC:Mexico Central;MXE:Mexico Northeast;MXG:Mexico Gulf;MXN:Mexico Northwest;MXS:Mexico Southwest;MXT:Mexico Southeast;NBR:New Brunswick;NCA:North Carolina;NDA:North Dakota;NEB:Nebraska;NWH:New Hampshire;NWJ:New Jersey;NWY:New York;OHI:Ohio;OKL:Oklahoma;ONT:Ontario;PEN:Pennsylvania;QUE:Québec;RHO:Rhode I.;SAS:Saskatchewan;SCA:South Carolina;SDA:South Dakota;TEN:Tennessee;TEX:Texas;VER:Vermont;VRG:Virginia;WDC:District of Columbia;WIS:Wisconsin;WVA:West Virginia. Outside USA+Canada units: MXC:Mexico Central;MXE:Mexico Northeast;MXG:Mexico Gulf;MXN:Mexico Northwest;MXS:Mexico Southwest;MXT:Mexico Southeast. No Level-3 count was interpreted as area/share/severity; no geometry was inferred.",HOLD_TARGETED_EXTERNAL_RANGE_AUDIT,0,1,0,dc64778032ed9bd301bfc7c14818fc3ba71a3b2621bb4e8b33ec558ecdf3d16d,559a2d6f7b0d67ad886468a2c0098e117c824f196f0a85d3bb7d99c466649017
2540278,Piscidia piscipula,TRUE,FALSE,FALSE,TRUE,TRUE,TRUE,FALSE,TRUE,DIAGNOSTIC_ONLY_ZERO_INDEPENDENT_ROUTING_AUTHORITY,0,1,TAXON_RANGE_BUILD_CONTRACT_v01,BAH:Bahamas;BLZ:Belize;CAY:Cayman Is.;CUB:Cuba;DOM:Dominican Republic;FLA:Florida;GUA:Guatemala;HON:Honduras;JAM:Jamaica;MXC:Mexico Central;MXE:Mexico Northeast;MXG:Mexico Gulf;MXS:Mexico Southwest;MXT:Mexico Southeast;PAN:Panamá;SWC:Southwest Caribbean;VNA:Venezuelan Antilles,BAH:Bahamas;BLZ:Belize;CAY:Cayman Is.;CUB:Cuba;DOM:Dominican Republic;GUA:Guatemala;HON:Honduras;JAM:Jamaica;MXC:Mexico Central;MXE:Mexico Northeast;MXG:Mexico Gulf;MXS:Mexico Southwest;MXT:Mexico Southeast;PAN:Panamá;SWC:Southwest Caribbean;VNA:Venezuelan Antilles,,BAH:Bahamas;CAY:Cayman Is.;CUB:Cuba;DOM:Dominican Republic;JAM:Jamaica;SWC:Southwest Caribbean;VNA:Venezuelan Antilles,,MATCH,,MATCH,BORDERLINE_OTHER_NA,CONFIRMED_NATIVE_CENTRAL_AMERICA,"D08B1 routing flags: Canada=FALSE, Alaska=FALSE, Mexico=TRUE, Central_America=TRUE, outside_USA_Canada=TRUE, outside_North_America=FALSE. Transcontinental diagnostic=TRUE; diagnostic-only with zero independent routing authority. Confirmed native Level-3 categorical evidence: BAH:Bahamas;BLZ:Belize;CAY:Cayman Is.;CUB:Cuba;DOM:Dominican Republic;FLA:Florida;GUA:Guatemala;HON:Honduras;JAM:Jamaica;MXC:Mexico Central;MXE:Mexico Northeast;MXG:Mexico Gulf;MXS:Mexico Southwest;MXT:Mexico Southeast;PAN:Panamá;SWC:Southwest Caribbean;VNA:Venezuelan Antilles. Outside USA+Canada units: BAH:Bahamas;BLZ:Belize;CAY:Cayman Is.;CUB:Cuba;DOM:Dominican Republic;GUA:Guatemala;HON:Honduras;JAM:Jamaica;MXC:Mexico Central;MXE:Mexico Northeast;MXG:Mexico Gulf;MXS:Mexico Southwest;MXT:Mexico Southeast;PAN:Panamá;SWC:Southwest Caribbean;VNA:Venezuelan Antilles. Other North-America-side units: BAH:Bahamas;CAY:Cayman Is.;CUB:Cuba;DOM:Dominican Republic;JAM:Jamaica;SWC:Southwest Caribbean;VNA:Venezuelan Antilles. No Level-3 count was interpreted as area/share/severity; no geometry was inferred.",HOLD_TARGETED_EXTERNAL_RANGE_AUDIT,0,1,0,dc64778032ed9bd301bfc7c14818fc3ba71a3b2621bb4e8b33ec558ecdf3d16d,559a2d6f7b0d67ad886468a2c0098e117c824f196f0a85d3bb7d99c466649017
2570450,Platanus wrightii,TRUE,FALSE,FALSE,TRUE,FALSE,TRUE,FALSE,FALSE,DIAGNOSTIC_ONLY_ZERO_INDEPENDENT_ROUTING_AUTHORITY,0,1,TAXON_RANGE_BUILD_CONTRACT_v01,ARI:Arizona;MXE:Mexico Northeast;MXN:Mexico Northwest;NWM:New Mexico,MXE:Mexico Northeast;MXN:Mexico Northwest,,,,MATCH,,MATCH,BORDERLINE_MEXICO,CONFIRMED_NATIVE_MEXICO,"D08B1 routing flags: Canada=FALSE, Alaska=FALSE, Mexico=TRUE, Central_America=FALSE, outside_USA_Canada=TRUE, outside_North_America=FALSE. Transcontinental diagnostic=FALSE; diagnostic-only with zero independent routing authority. Confirmed native Level-3 categorical evidence: ARI:Arizona;MXE:Mexico Northeast;MXN:Mexico Northwest;NWM:New Mexico. Outside USA+Canada units: MXE:Mexico Northeast;MXN:Mexico Northwest. No Level-3 count was interpreted as area/share/severity; no geometry was inferred.",HOLD_TARGETED_EXTERNAL_RANGE_AUDIT,0,1,0,dc64778032ed9bd301bfc7c14818fc3ba71a3b2621bb4e8b33ec558ecdf3d16d,559a2d6f7b0d67ad886468a2c0098e117c824f196f0a85d3bb7d99c466649017
2570459,Platanus occidentalis,TRUE,TRUE,FALSE,FALSE,FALSE,FALSE,FALSE,FALSE,DIAGNOSTIC_ONLY_ZERO_INDEPENDENT_ROUTING_AUTHORITY,0,1,TAXON_RANGE_BUILD_CONTRACT_v01,ALA:Alabama;ARK:Arkansas;CNT:Connecticut;DEL:Delaware;FLA:Florida;GEO:Georgia;ILL:Illinois;INI:Indiana;IOW:Iowa;KAN:Kansas;KTY:Kentucky;LOU:Louisiana;MAI:Maine;MAS:Massachusetts;MIC:Michigan;MRY:Maryland;MSI:Mississippi;MSO:Missouri;NCA:North Carolina;NEB:Nebraska;NWH:New Hampshire;NWJ:New Jersey;NWY:New York;OHI:Ohio;OKL:Oklahoma;ONT:Ontario;PEN:Pennsylvania;RHO:Rhode I.;SCA:South Carolina;TEN:Tennessee;TEX:Texas;VER:Vermont;VRG:Virginia;WDC:District of Columbia;WIS:Wisconsin;WVA:West Virginia,,,,,MATCH,,MATCH,RETAIN_USCA_AUDIT,CONFIRMED_NATIVE_CANADA,"D08B1 routing flags: Canada=TRUE, Alaska=FALSE, Mexico=FALSE, Central_America=FALSE, outside_USA_Canada=FALSE, outside_North_America=FALSE. Transcontinental diagnostic=FALSE; diagnostic-only with zero independent routing authority. Confirmed native Level-3 categorical evidence: ALA:Alabama;ARK:Arkansas;CNT:Connecticut;DEL:Delaware;FLA:Florida;GEO:Georgia;ILL:Illinois;INI:Indiana;IOW:Iowa;KAN:Kansas;KTY:Kentucky;LOU:Louisiana;MAI:Maine;MAS:Massachusetts;MIC:Michigan;MRY:Maryland;MSI:Mississippi;MSO:Missouri;NCA:North Carolina;NEB:Nebraska;NWH:New Hampshire;NWJ:New Jersey;NWY:New York;OHI:Ohio;OKL:Oklahoma;ONT:Ontario;PEN:Pennsylvania;RHO:Rhode I.;SCA:South Carolina;TEN:Tennessee;TEX:Texas;VER:Vermont;VRG:Virginia;WDC:District of Columbia;WIS:Wisconsin;WVA:West Virginia. No Level-3 count was interpreted as area/share/severity; no geometry was inferred.",RETAIN_FOR_LITTLE_OR_USCA_TRUNCATION_AUDIT,1,0,0,dc64778032ed9bd301bfc7c14818fc3ba71a3b2621bb4e8b33ec558ecdf3d16d,559a2d6f7b0d67ad886468a2c0098e117c824f196f0a85d3bb7d99c466649017
2570467,Platanus racemosa,TRUE,FALSE,FALSE,TRUE,FALSE,TRUE,FALSE,FALSE,DIAGNOSTIC_ONLY_ZERO_INDEPENDENT_ROUTING_AUTHORITY,0,1,TAXON_RANGE_BUILD_CONTRACT_v01,CAL:California;MXN:Mexico Northwest,MXN:Mexico Northwest,,,,MATCH,,MATCH,BORDERLINE_MEXICO,CONFIRMED_NATIVE_MEXICO,"D08B1 routing flags: Canada=FALSE, Alaska=FALSE, Mexico=TRUE, Central_America=FALSE, outside_USA_Canada=TRUE, outside_North_America=FALSE. Transcontinental diagnostic=FALSE; diagnostic-only with zero independent routing authority. Confirmed native Level-3 categorical evidence: CAL:California;MXN:Mexico Northwest. Outside USA+Canada units: MXN:Mexico Northwest. No Level-3 count was interpreted as area/share/severity; no geometry was inferred.",HOLD_TARGETED_EXTERNAL_RANGE_AUDIT,0,1,0,dc64778032ed9bd301bfc7c14818fc3ba71a3b2621bb4e8b33ec558ecdf3d16d,559a2d6f7b0d67ad886468a2c0098e117c824f196f0a85d3bb7d99c466649017
2582296,Sapindus drummondii,TRUE,FALSE,FALSE,TRUE,FALSE,TRUE,FALSE,FALSE,DIAGNOSTIC_ONLY_ZERO_INDEPENDENT_ROUTING_AUTHORITY,0,1,TAXON_RANGE_BUILD_CONTRACT_v01,ALA:Alabama;ARI:Arizona;ARK:Arkansas;COL:Colorado;KAN:Kansas;LOU:Louisiana;MSO:Missouri;MXE:Mexico Northeast;MXG:Mexico Gulf;MXN:Mexico Northwest;NWM:New Mexico;OKL:Oklahoma;TEX:Texas,MXE:Mexico Northeast;MXG:Mexico Gulf;MXN:Mexico Northwest,,,,MATCH,,MATCH,BORDERLINE_MEXICO,CONFIRMED_NATIVE_MEXICO,"D08B1 routing flags: Canada=FALSE, Alaska=FALSE, Mexico=TRUE, Central_America=FALSE, outside_USA_Canada=TRUE, outside_North_America=FALSE. Transcontinental diagnostic=FALSE; diagnostic-only with zero independent routing authority. Confirmed native Level-3 categorical evidence: ALA:Alabama;ARI:Arizona;ARK:Arkansas;COL:Colorado;KAN:Kansas;LOU:Louisiana;MSO:Missouri;MXE:Mexico Northeast;MXG:Mexico Gulf;MXN:Mexico Northwest;NWM:New Mexico;OKL:Oklahoma;TEX:Texas. Outside USA+Canada units: MXE:Mexico Northeast;MXG:Mexico Gulf;MXN:Mexico Northwest. No Level-3 count was interpreted as area/share/severity; no geometry was inferred.",HOLD_TARGETED_EXTERNAL_RANGE_AUDIT,0,1,0,dc64778032ed9bd301bfc7c14818fc3ba71a3b2621bb4e8b33ec558ecdf3d16d,559a2d6f7b0d67ad886468a2c0098e117c824f196f0a85d3bb7d99c466649017
2591964,Sassafras albidum,TRUE,TRUE,FALSE,FALSE,FALSE,FALSE,FALSE,FALSE,DIAGNOSTIC_ONLY_ZERO_INDEPENDENT_ROUTING_AUTHORITY,0,1,TAXON_RANGE_BUILD_CONTRACT_v01,ALA:Alabama;ARK:Arkansas;CNT:Connecticut;DEL:Delaware;FLA:Florida;GEO:Georgia;ILL:Illinois;INI:Indiana;IOW:Iowa;KAN:Kansas;KTY:Kentucky;LOU:Louisiana;MAI:Maine;MAS:Massachusetts;MIC:Michigan;MRY:Maryland;MSI:Mississippi;MSO:Missouri;NCA:North Carolina;NWH:New Hampshire;NWJ:New Jersey;NWY:New York;OHI:Ohio;OKL:Oklahoma;ONT:Ontario;PEN:Pennsylvania;RHO:Rhode I.;SCA:South Carolina;TEN:Tennessee;TEX:Texas;VER:Vermont;VRG:Virginia;WDC:District of Columbia;WVA:West Virginia,,,,,MATCH,,MATCH,RETAIN_USCA_AUDIT,CONFIRMED_NATIVE_CANADA,"D08B1 routing flags: Canada=TRUE, Alaska=FALSE, Mexico=FALSE, Central_America=FALSE, outside_USA_Canada=FALSE, outside_North_America=FALSE. Transcontinental diagnostic=FALSE; diagnostic-only with zero independent routing authority. Confirmed native Level-3 categorical evidence: ALA:Alabama;ARK:Arkansas;CNT:Connecticut;DEL:Delaware;FLA:Florida;GEO:Georgia;ILL:Illinois;INI:Indiana;IOW:Iowa;KAN:Kansas;KTY:Kentucky;LOU:Louisiana;MAI:Maine;MAS:Massachusetts;MIC:Michigan;MRY:Maryland;MSI:Mississippi;MSO:Missouri;NCA:North Carolina;NWH:New Hampshire;NWJ:New Jersey;NWY:New York;OHI:Ohio;OKL:Oklahoma;ONT:Ontario;PEN:Pennsylvania;RHO:Rhode I.;SCA:South Carolina;TEN:Tennessee;TEX:Texas;VER:Vermont;VRG:Virginia;WDC:District of Columbia;WVA:West Virginia. No Level-3 count was interpreted as area/share/severity; no geometry was inferred.",RETAIN_FOR_LITTLE_OR_USCA_TRUNCATION_AUDIT,1,0,0,dc64778032ed9bd301bfc7c14818fc3ba71a3b2621bb4e8b33ec558ecdf3d16d,559a2d6f7b0d67ad886468a2c0098e117c824f196f0a85d3bb7d99c466649017
2596955,Strombocarpa pubescens,TRUE,FALSE,FALSE,TRUE,FALSE,TRUE,FALSE,FALSE,DIAGNOSTIC_ONLY_ZERO_INDEPENDENT_ROUTING_AUTHORITY,0,1,TAXON_RANGE_BUILD_CONTRACT_v01,ARI:Arizona;CAL:California;MXE:Mexico Northeast;MXN:Mexico Northwest;NEV:Nevada;NWM:New Mexico;TEX:Texas;UTA:Utah,MXE:Mexico Northeast;MXN:Mexico Northwest,,,,MATCH,,MATCH,BORDERLINE_MEXICO,CONFIRMED_NATIVE_MEXICO,"D08B1 routing flags: Canada=FALSE, Alaska=FALSE, Mexico=TRUE, Central_America=FALSE, outside_USA_Canada=TRUE, outside_North_America=FALSE. Transcontinental diagnostic=FALSE; diagnostic-only with zero independent routing authority. Confirmed native Level-3 categorical evidence: ARI:Arizona;CAL:California;MXE:Mexico Northeast;MXN:Mexico Northwest;NEV:Nevada;NWM:New Mexico;TEX:Texas;UTA:Utah. Outside USA+Canada units: MXE:Mexico Northeast;MXN:Mexico Northwest. No Level-3 count was interpreted as area/share/severity; no geometry was inferred.",HOLD_TARGETED_EXTERNAL_RANGE_AUDIT,0,1,0,dc64778032ed9bd301bfc7c14818fc3ba71a3b2621bb4e8b33ec558ecdf3d16d,559a2d6f7b0d67ad886468a2c0098e117c824f196f0a85d3bb7d99c466649017
2601502,Swietenia mahagoni,TRUE,FALSE,FALSE,FALSE,FALSE,TRUE,FALSE,TRUE,DIAGNOSTIC_ONLY_ZERO_INDEPENDENT_ROUTING_AUTHORITY,0,1,TAXON_RANGE_BUILD_CONTRACT_v01,BAH:Bahamas;CAY:Cayman Is.;CUB:Cuba;DOM:Dominican Republic;FLA:Florida;HAI:Haiti;JAM:Jamaica;TCI:Turks-Caicos Is.,BAH:Bahamas;CAY:Cayman Is.;CUB:Cuba;DOM:Dominican Republic;HAI:Haiti;JAM:Jamaica;TCI:Turks-Caicos Is.,,BAH:Bahamas;CAY:Cayman Is.;CUB:Cuba;DOM:Dominican Republic;HAI:Haiti;JAM:Jamaica;TCI:Turks-Caicos Is.,,MATCH,,MATCH,BORDERLINE_OTHER_NA,CONFIRMED_NATIVE_OTHER_NA_EXTENSION,"D08B1 routing flags: Canada=FALSE, Alaska=FALSE, Mexico=FALSE, Central_America=FALSE, outside_USA_Canada=TRUE, outside_North_America=FALSE. Transcontinental diagnostic=TRUE; diagnostic-only with zero independent routing authority. Confirmed native Level-3 categorical evidence: BAH:Bahamas;CAY:Cayman Is.;CUB:Cuba;DOM:Dominican Republic;FLA:Florida;HAI:Haiti;JAM:Jamaica;TCI:Turks-Caicos Is.. Outside USA+Canada units: BAH:Bahamas;CAY:Cayman Is.;CUB:Cuba;DOM:Dominican Republic;HAI:Haiti;JAM:Jamaica;TCI:Turks-Caicos Is.. Other North-America-side units: BAH:Bahamas;CAY:Cayman Is.;CUB:Cuba;DOM:Dominican Republic;HAI:Haiti;JAM:Jamaica;TCI:Turks-Caicos Is.. No Level-3 count was interpreted as area/share/severity; no geometry was inferred.",HOLD_TARGETED_EXTERNAL_RANGE_AUDIT,0,1,0,dc64778032ed9bd301bfc7c14818fc3ba71a3b2621bb4e8b33ec558ecdf3d16d,559a2d6f7b0d67ad886468a2c0098e117c824f196f0a85d3bb7d99c466649017
2615689,Acer grandidentatum,TRUE,FALSE,FALSE,TRUE,FALSE,TRUE,FALSE,FALSE,DIAGNOSTIC_ONLY_ZERO_INDEPENDENT_ROUTING_AUTHORITY,0,1,TAXON_RANGE_BUILD_CONTRACT_v01,ARI:Arizona;COL:Colorado;IDA:Idaho;MNT:Montana;MXE:Mexico Northeast;MXN:Mexico Northwest;NEV:Nevada;NWM:New Mexico;OKL:Oklahoma;TEX:Texas;UTA:Utah;WYO:Wyoming,MXE:Mexico Northeast;MXN:Mexico Northwest,,,,MATCH,,MATCH,BORDERLINE_MEXICO,CONFIRMED_NATIVE_MEXICO,"D08B1 routing flags: Canada=FALSE, Alaska=FALSE, Mexico=TRUE, Central_America=FALSE, outside_USA_Canada=TRUE, outside_North_America=FALSE. Transcontinental diagnostic=FALSE; diagnostic-only with zero independent routing authority. Confirmed native Level-3 categorical evidence: ARI:Arizona;COL:Colorado;IDA:Idaho;MNT:Montana;MXE:Mexico Northeast;MXN:Mexico Northwest;NEV:Nevada;NWM:New Mexico;OKL:Oklahoma;TEX:Texas;UTA:Utah;WYO:Wyoming. Outside USA+Canada units: MXE:Mexico Northeast;MXN:Mexico Northwest. No Level-3 count was interpreted as area/share/severity; no geometry was inferred.",HOLD_TARGETED_EXTERNAL_RANGE_AUDIT,0,1,0,dc64778032ed9bd301bfc7c14818fc3ba71a3b2621bb4e8b33ec558ecdf3d16d,559a2d6f7b0d67ad886468a2c0098e117c824f196f0a85d3bb7d99c466649017
2615900,Acer macrophyllum,TRUE,TRUE,FALSE,FALSE,FALSE,FALSE,FALSE,FALSE,DIAGNOSTIC_ONLY_ZERO_INDEPENDENT_ROUTING_AUTHORITY,0,1,TAXON_RANGE_BUILD_CONTRACT_v01,BRC:British Columbia;CAL:California;ORE:Oregon;WAS:Washington,,,,,MATCH,,MATCH,RETAIN_USCA_AUDIT,CONFIRMED_NATIVE_CANADA,"D08B1 routing flags: Canada=TRUE, Alaska=FALSE, Mexico=FALSE, Central_America=FALSE, outside_USA_Canada=FALSE, outside_North_America=FALSE. Transcontinental diagnostic=FALSE; diagnostic-only with zero independent routing authority. Confirmed native Level-3 categorical evidence: BRC:British Columbia;CAL:California;ORE:Oregon;WAS:Washington. No Level-3 count was interpreted as area/share/severity; no geometry was inferred.",RETAIN_FOR_LITTLE_OR_USCA_TRUNCATION_AUDIT,1,0,0,dc64778032ed9bd301bfc7c14818fc3ba71a3b2621bb4e8b33ec558ecdf3d16d,559a2d6f7b0d67ad886468a2c0098e117c824f196f0a85d3bb7d99c466649017
2616024,Acer negundo,TRUE,TRUE,FALSE,TRUE,TRUE,TRUE,FALSE,TRUE,DIAGNOSTIC_ONLY_ZERO_INDEPENDENT_ROUTING_AUTHORITY,0,1,TAXON_RANGE_BUILD_CONTRACT_v01,ABT:Alberta;ALA:Alabama;ARI:Arizona;ARK:Arkansas;BRC:British Columbia;CAL:California;CNT:Connecticut;COL:Colorado;DEL:Delaware;FLA:Florida;GEO:Georgia;GUA:Guatemala;HON:Honduras;IDA:Idaho;ILL:Illinois;INI:Indiana;IOW:Iowa;KAN:Kansas;KTY:Kentucky;LOU:Louisiana;MAI:Maine;MAN:Manitoba;MAS:Massachusetts;MIC:Michigan;MIN:Minnesota;MNT:Montana;MRY:Maryland;MSI:Mississippi;MSO:Missouri;MXC:Mexico Central;MXE:Mexico Northeast;MXG:Mexico Gulf;MXN:Mexico Northwest;MXS:Mexico Southwest;MXT:Mexico Southeast;NBR:New Brunswick;NCA:North Carolina;NDA:North Dakota;NEB:Nebraska;NEV:Nevada;NSC:Nova Scotia;NWH:New Hampshire;NWJ:New Jersey;NWM:New Mexico;NWT:Northwest Territories;NWY:New York;OHI:Ohio;OKL:Oklahoma;ONT:Ontario;ORE:Oregon;PEI:Prince Edward I.;PEN:Pennsylvania;QUE:Québec;RHO:Rhode I.;SAS:Saskatchewan;SCA:South Carolina;SDA:South Dakota;TEN:Tennessee;TEX:Texas;UTA:Utah;VER:Vermont;VRG:Virginia;WAS:Washington;WDC:District of Columbia;WIS:Wisconsin;WVA:West Virginia;WYO:Wyoming;YUK:Yukon,GUA:Guatemala;HON:Honduras;MXC:Mexico Central;MXE:Mexico Northeast;MXG:Mexico Gulf;MXN:Mexico Northwest;MXS:Mexico Southwest;MXT:Mexico Southeast,,,,MATCH,,MATCH,BORDERLINE_OTHER_NA,CONFIRMED_NATIVE_CENTRAL_AMERICA,"D08B1 routing flags: Canada=TRUE, Alaska=FALSE, Mexico=TRUE, Central_America=TRUE, outside_USA_Canada=TRUE, outside_North_America=FALSE. Transcontinental diagnostic=TRUE; diagnostic-only with zero independent routing authority. Confirmed native Level-3 categorical evidence: ABT:Alberta;ALA:Alabama;ARI:Arizona;ARK:Arkansas;BRC:British Columbia;CAL:California;CNT:Connecticut;COL:Colorado;DEL:Delaware;FLA:Florida;GEO:Georgia;GUA:Guatemala;HON:Honduras;IDA:Idaho;ILL:Illinois;INI:Indiana;IOW:Iowa;KAN:Kansas;KTY:Kentucky;LOU:Louisiana;MAI:Maine;MAN:Manitoba;MAS:Massachusetts;MIC:Michigan;MIN:Minnesota;MNT:Montana;MRY:Maryland;MSI:Mississippi;MSO:Missouri;MXC:Mexico Central;MXE:Mexico Northeast;MXG:Mexico Gulf;MXN:Mexico Northwest;MXS:Mexico Southwest;MXT:Mexico Southeast;NBR:New Brunswick;NCA:North Carolina;NDA:North Dakota;NEB:Nebraska;NEV:Nevada;NSC:Nova Scotia;NWH:New Hampshire;NWJ:New Jersey;NWM:New Mexico;NWT:Northwest Territories;NWY:New York;OHI:Ohio;OKL:Oklahoma;ONT:Ontario;ORE:Oregon;PEI:Prince Edward I.;PEN:Pennsylvania;QUE:Québec;RHO:Rhode I.;SAS:Saskatchewan;SCA:South Carolina;SDA:South Dakota;TEN:Tennessee;TEX:Texas;UTA:Utah;VER:Vermont;VRG:Virginia;WAS:Washington;WDC:District of Columbia;WIS:Wisconsin;WVA:West Virginia;WYO:Wyoming;YUK:Yukon. Outside USA+Canada units: GUA:Guatemala;HON:Honduras;MXC:Mexico Central;MXE:Mexico Northeast;MXG:Mexico Gulf;MXN:Mexico Northwest;MXS:Mexico Southwest;MXT:Mexico Southeast. No Level-3 count was interpreted as area/share/severity; no geometry was inferred.",HOLD_TARGETED_EXTERNAL_RANGE_AUDIT,0,1,0,dc64778032ed9bd301bfc7c14818fc3ba71a3b2621bb4e8b33ec558ecdf3d16d,559a2d6f7b0d67ad886468a2c0098e117c824f196f0a85d3bb7d99c466649017
2616060,Acer nigrum,TRUE,TRUE,FALSE,FALSE,FALSE,FALSE,FALSE,FALSE,DIAGNOSTIC_ONLY_ZERO_INDEPENDENT_ROUTING_AUTHORITY,0,1,TAXON_RANGE_BUILD_CONTRACT_v01,ALA:Alabama;ARK:Arkansas;CNT:Connecticut;DEL:Delaware;GEO:Georgia;ILL:Illinois;INI:Indiana;IOW:Iowa;KAN:Kansas;KTY:Kentucky;MAS:Massachusetts;MIC:Michigan;MIN:Minnesota;MRY:Maryland;MSO:Missouri;NCA:North Carolina;NWH:New Hampshire;NWJ:New Jersey;NWY:New York;OHI:Ohio;ONT:Ontario;PEN:Pennsylvania;QUE:Québec;TEN:Tennessee;VER:Vermont;VRG:Virginia;WIS:Wisconsin;WVA:West Virginia,,,,,MATCH,,MATCH,RETAIN_USCA_AUDIT,CONFIRMED_NATIVE_CANADA,"D08B1 routing flags: Canada=TRUE, Alaska=FALSE, Mexico=FALSE, Central_America=FALSE, outside_USA_Canada=FALSE, outside_North_America=FALSE. Transcontinental diagnostic=FALSE; diagnostic-only with zero independent routing authority. Confirmed native Level-3 categorical evidence: ALA:Alabama;ARK:Arkansas;CNT:Connecticut;DEL:Delaware;GEO:Georgia;ILL:Illinois;INI:Indiana;IOW:Iowa;KAN:Kansas;KTY:Kentucky;MAS:Massachusetts;MIC:Michigan;MIN:Minnesota;MRY:Maryland;MSO:Missouri;NCA:North Carolina;NWH:New Hampshire;NWJ:New Jersey;NWY:New York;OHI:Ohio;ONT:Ontario;PEN:Pennsylvania;QUE:Québec;TEN:Tennessee;VER:Vermont;VRG:Virginia;WIS:Wisconsin;WVA:West Virginia. No Level-3 count was interpreted as area/share/severity; no geometry was inferred.",RETAIN_FOR_LITTLE_OR_USCA_TRUNCATION_AUDIT,1,0,0,dc64778032ed9bd301bfc7c14818fc3ba71a3b2621bb4e8b33ec558ecdf3d16d,559a2d6f7b0d67ad886468a2c0098e117c824f196f0a85d3bb7d99c466649017
2616210,Acer pensylvanicum,TRUE,TRUE,FALSE,FALSE,FALSE,FALSE,FALSE,FALSE,DIAGNOSTIC_ONLY_ZERO_INDEPENDENT_ROUTING_AUTHORITY,0,1,TAXON_RANGE_BUILD_CONTRACT_v01,CNT:Connecticut;GEO:Georgia;KTY:Kentucky;MAI:Maine;MAS:Massachusetts;MIC:Michigan;MIN:Minnesota;MRY:Maryland;NBR:New Brunswick;NCA:North Carolina;NSC:Nova Scotia;NWH:New Hampshire;NWJ:New Jersey;NWY:New York;OHI:Ohio;ONT:Ontario;PEI:Prince Edward I.;PEN:Pennsylvania;QUE:Québec;RHO:Rhode I.;SCA:South Carolina;TEN:Tennessee;VER:Vermont;VRG:Virginia;WIS:Wisconsin;WVA:West Virginia,,,,,MATCH,,MATCH,RETAIN_USCA_AUDIT,CONFIRMED_NATIVE_CANADA,"D08B1 routing flags: Canada=TRUE, Alaska=FALSE, Mexico=FALSE, Central_America=FALSE, outside_USA_Canada=FALSE, outside_North_America=FALSE. Transcontinental diagnostic=FALSE; diagnostic-only with zero independent routing authority. Confirmed native Level-3 categorical evidence: CNT:Connecticut;GEO:Georgia;KTY:Kentucky;MAI:Maine;MAS:Massachusetts;MIC:Michigan;MIN:Minnesota;MRY:Maryland;NBR:New Brunswick;NCA:North Carolina;NSC:Nova Scotia;NWH:New Hampshire;NWJ:New Jersey;NWY:New York;OHI:Ohio;ONT:Ontario;PEI:Prince Edward I.;PEN:Pennsylvania;QUE:Québec;RHO:Rhode I.;SCA:South Carolina;TEN:Tennessee;VER:Vermont;VRG:Virginia;WIS:Wisconsin;WVA:West Virginia. No Level-3 count was interpreted as area/share/severity; no geometry was inferred.",RETAIN_FOR_LITTLE_OR_USCA_TRUNCATION_AUDIT,1,0,0,dc64778032ed9bd301bfc7c14818fc3ba71a3b2621bb4e8b33ec558ecdf3d16d,559a2d6f7b0d67ad886468a2c0098e117c824f196f0a85d3bb7d99c466649017
2616329,Acer rubrum,TRUE,TRUE,FALSE,FALSE,FALSE,FALSE,FALSE,FALSE,DIAGNOSTIC_ONLY_ZERO_INDEPENDENT_ROUTING_AUTHORITY,0,1,TAXON_RANGE_BUILD_CONTRACT_v01,ALA:Alabama;ARK:Arkansas;CNT:Connecticut;DEL:Delaware;FLA:Florida;GEO:Georgia;ILL:Illinois;INI:Indiana;IOW:Iowa;KTY:Kentucky;LOU:Louisiana;MAI:Maine;MAS:Massachusetts;MIC:Michigan;MIN:Minnesota;MRY:Maryland;MSI:Mississippi;MSO:Missouri;NBR:New Brunswick;NCA:North Carolina;NDA:North Dakota;NFL:Newfoundland;NSC:Nova Scotia;NWH:New Hampshire;NWJ:New Jersey;NWM:New Mexico;NWY:New York;OHI:Ohio;OKL:Oklahoma;ONT:Ontario;PEI:Prince Edward I.;PEN:Pennsylvania;QUE:Québec;RHO:Rhode I.;SCA:South Carolina;SDA:South Dakota;TEN:Tennessee;TEX:Texas;VER:Vermont;VRG:Virginia;WDC:District of Columbia;WIS:Wisconsin;WVA:West Virginia,,,,,MATCH,,MATCH,RETAIN_USCA_AUDIT,CONFIRMED_NATIVE_CANADA,"D08B1 routing flags: Canada=TRUE, Alaska=FALSE, Mexico=FALSE, Central_America=FALSE, outside_USA_Canada=FALSE, outside_North_America=FALSE. Transcontinental diagnostic=FALSE; diagnostic-only with zero independent routing authority. Confirmed native Level-3 categorical evidence: ALA:Alabama;ARK:Arkansas;CNT:Connecticut;DEL:Delaware;FLA:Florida;GEO:Georgia;ILL:Illinois;INI:Indiana;IOW:Iowa;KTY:Kentucky;LOU:Louisiana;MAI:Maine;MAS:Massachusetts;MIC:Michigan;MIN:Minnesota;MRY:Maryland;MSI:Mississippi;MSO:Missouri;NBR:New Brunswick;NCA:North Carolina;NDA:North Dakota;NFL:Newfoundland;NSC:Nova Scotia;NWH:New Hampshire;NWJ:New Jersey;NWM:New Mexico;NWY:New York;OHI:Ohio;OKL:Oklahoma;ONT:Ontario;PEI:Prince Edward I.;PEN:Pennsylvania;QUE:Québec;RHO:Rhode I.;SCA:South Carolina;SDA:South Dakota;TEN:Tennessee;TEX:Texas;VER:Vermont;VRG:Virginia;WDC:District of Columbia;WIS:Wisconsin;WVA:West Virginia. No Level-3 count was interpreted as area/share/severity; no geometry was inferred.",RETAIN_FOR_LITTLE_OR_USCA_TRUNCATION_AUDIT,1,0,0,dc64778032ed9bd301bfc7c14818fc3ba71a3b2621bb4e8b33ec558ecdf3d16d,559a2d6f7b0d67ad886468a2c0098e117c824f196f0a85d3bb7d99c466649017
2616367,Acer saccharinum,TRUE,TRUE,FALSE,FALSE,FALSE,FALSE,FALSE,FALSE,DIAGNOSTIC_ONLY_ZERO_INDEPENDENT_ROUTING_AUTHORITY,0,1,TAXON_RANGE_BUILD_CONTRACT_v01,ALA:Alabama;ARK:Arkansas;CNT:Connecticut;DEL:Delaware;FLA:Florida;GEO:Georgia;ILL:Illinois;INI:Indiana;IOW:Iowa;KAN:Kansas;KTY:Kentucky;LOU:Louisiana;MAI:Maine;MAS:Massachusetts;MIC:Michigan;MIN:Minnesota;MRY:Maryland;MSI:Mississippi;MSO:Missouri;NBR:New Brunswick;NCA:North Carolina;NDA:North Dakota;NEB:Nebraska;NSC:Nova Scotia;NWH:New Hampshire;NWJ:New Jersey;NWY:New York;OHI:Ohio;OKL:Oklahoma;ONT:Ontario;PEN:Pennsylvania;QUE:Québec;RHO:Rhode I.;SCA:South Carolina;SDA:South Dakota;TEN:Tennessee;TEX:Texas;VER:Vermont;VRG:Virginia;WDC:District of Columbia;WIS:Wisconsin;WVA:West Virginia,,,,,MATCH,,MATCH,RETAIN_USCA_AUDIT,CONFIRMED_NATIVE_CANADA,"D08B1 routing flags: Canada=TRUE, Alaska=FALSE, Mexico=FALSE, Central_America=FALSE, outside_USA_Canada=FALSE, outside_North_America=FALSE. Transcontinental diagnostic=FALSE; diagnostic-only with zero independent routing authority. Confirmed native Level-3 categorical evidence: ALA:Alabama;ARK:Arkansas;CNT:Connecticut;DEL:Delaware;FLA:Florida;GEO:Georgia;ILL:Illinois;INI:Indiana;IOW:Iowa;KAN:Kansas;KTY:Kentucky;LOU:Louisiana;MAI:Maine;MAS:Massachusetts;MIC:Michigan;MIN:Minnesota;MRY:Maryland;MSI:Mississippi;MSO:Missouri;NBR:New Brunswick;NCA:North Carolina;NDA:North Dakota;NEB:Nebraska;NSC:Nova Scotia;NWH:New Hampshire;NWJ:New Jersey;NWY:New York;OHI:Ohio;OKL:Oklahoma;ONT:Ontario;PEN:Pennsylvania;QUE:Québec;RHO:Rhode I.;SCA:South Carolina;SDA:South Dakota;TEN:Tennessee;TEX:Texas;VER:Vermont;VRG:Virginia;WDC:District of Columbia;WIS:Wisconsin;WVA:West Virginia. No Level-3 count was interpreted as area/share/severity; no geometry was inferred.",RETAIN_FOR_LITTLE_OR_USCA_TRUNCATION_AUDIT,1,0,0,dc64778032ed9bd301bfc7c14818fc3ba71a3b2621bb4e8b33ec558ecdf3d16d,559a2d6f7b0d67ad886468a2c0098e117c824f196f0a85d3bb7d99c466649017
2616387,Acer saccharum,TRUE,TRUE,FALSE,FALSE,FALSE,FALSE,FALSE,FALSE,DIAGNOSTIC_ONLY_ZERO_INDEPENDENT_ROUTING_AUTHORITY,0,1,TAXON_RANGE_BUILD_CONTRACT_v01,ALA:Alabama;ARK:Arkansas;CNT:Connecticut;DEL:Delaware;GEO:Georgia;ILL:Illinois;INI:Indiana;IOW:Iowa;KAN:Kansas;KTY:Kentucky;LOU:Louisiana;MAI:Maine;MAS:Massachusetts;MIC:Michigan;MIN:Minnesota;MRY:Maryland;MSI:Mississippi;MSO:Missouri;NBR:New Brunswick;NCA:North Carolina;NDA:North Dakota;NEB:Nebraska;NSC:Nova Scotia;NWH:New Hampshire;NWJ:New Jersey;NWY:New York;OHI:Ohio;OKL:Oklahoma;ONT:Ontario;PEI:Prince Edward I.;PEN:Pennsylvania;QUE:Québec;RHO:Rhode I.;SCA:South Carolina;SDA:South Dakota;TEN:Tennessee;TEX:Texas;VER:Vermont;VRG:Virginia;WDC:District of Columbia;WIS:Wisconsin;WVA:West Virginia,,,,,MATCH,,MATCH,RETAIN_USCA_AUDIT,CONFIRMED_NATIVE_CANADA,"D08B1 routing flags: Canada=TRUE, Alaska=FALSE, Mexico=FALSE, Central_America=FALSE, outside_USA_Canada=FALSE, outside_North_America=FALSE. Transcontinental diagnostic=FALSE; diagnostic-only with zero independent routing authority. Confirmed native Level-3 categorical evidence: ALA:Alabama;ARK:Arkansas;CNT:Connecticut;DEL:Delaware;GEO:Georgia;ILL:Illinois;INI:Indiana;IOW:Iowa;KAN:Kansas;KTY:Kentucky;LOU:Louisiana;MAI:Maine;MAS:Massachusetts;MIC:Michigan;MIN:Minnesota;MRY:Maryland;MSI:Mississippi;MSO:Missouri;NBR:New Brunswick;NCA:North Carolina;NDA:North Dakota;NEB:Nebraska;NSC:Nova Scotia;NWH:New Hampshire;NWJ:New Jersey;NWY:New York;OHI:Ohio;OKL:Oklahoma;ONT:Ontario;PEI:Prince Edward I.;PEN:Pennsylvania;QUE:Québec;RHO:Rhode I.;SCA:South Carolina;SDA:South Dakota;TEN:Tennessee;TEX:Texas;VER:Vermont;VRG:Virginia;WDC:District of Columbia;WIS:Wisconsin;WVA:West Virginia. No Level-3 count was interpreted as area/share/severity; no geometry was inferred.",RETAIN_FOR_LITTLE_OR_USCA_TRUNCATION_AUDIT,1,0,0,dc64778032ed9bd301bfc7c14818fc3ba71a3b2621bb4e8b33ec558ecdf3d16d,559a2d6f7b0d67ad886468a2c0098e117c824f196f0a85d3bb7d99c466649017
2616481,Acer spicatum,TRUE,TRUE,FALSE,FALSE,FALSE,FALSE,FALSE,FALSE,DIAGNOSTIC_ONLY_ZERO_INDEPENDENT_ROUTING_AUTHORITY,0,1,TAXON_RANGE_BUILD_CONTRACT_v01,ALA:Alabama;CNT:Connecticut;GEO:Georgia;INI:Indiana;IOW:Iowa;KTY:Kentucky;LAB:Labrador;MAI:Maine;MAN:Manitoba;MAS:Massachusetts;MIC:Michigan;MIN:Minnesota;MRY:Maryland;NBR:New Brunswick;NCA:North Carolina;NFL:Newfoundland;NSC:Nova Scotia;NWH:New Hampshire;NWJ:New Jersey;NWY:New York;OHI:Ohio;ONT:Ontario;PEI:Prince Edward I.;PEN:Pennsylvania;QUE:Québec;RHO:Rhode I.;SAS:Saskatchewan;TEN:Tennessee;VER:Vermont;VRG:Virginia;WIS:Wisconsin;WVA:West Virginia,,,,,MATCH,,MATCH,RETAIN_USCA_AUDIT,CONFIRMED_NATIVE_CANADA,"D08B1 routing flags: Canada=TRUE, Alaska=FALSE, Mexico=FALSE, Central_America=FALSE, outside_USA_Canada=FALSE, outside_North_America=FALSE. Transcontinental diagnostic=FALSE; diagnostic-only with zero independent routing authority. Confirmed native Level-3 categorical evidence: ALA:Alabama;CNT:Connecticut;GEO:Georgia;INI:Indiana;IOW:Iowa;KTY:Kentucky;LAB:Labrador;MAI:Maine;MAN:Manitoba;MAS:Massachusetts;MIC:Michigan;MIN:Minnesota;MRY:Maryland;NBR:New Brunswick;NCA:North Carolina;NFL:Newfoundland;NSC:Nova Scotia;NWH:New Hampshire;NWJ:New Jersey;NWY:New York;OHI:Ohio;ONT:Ontario;PEI:Prince Edward I.;PEN:Pennsylvania;QUE:Québec;RHO:Rhode I.;SAS:Saskatchewan;TEN:Tennessee;VER:Vermont;VRG:Virginia;WIS:Wisconsin;WVA:West Virginia. No Level-3 count was interpreted as area/share/severity; no geometry was inferred.",RETAIN_FOR_LITTLE_OR_USCA_TRUNCATION_AUDIT,1,0,0,dc64778032ed9bd301bfc7c14818fc3ba71a3b2621bb4e8b33ec558ecdf3d16d,559a2d6f7b0d67ad886468a2c0098e117c824f196f0a85d3bb7d99c466649017
2624506,Aesculus glabra,TRUE,TRUE,FALSE,FALSE,FALSE,FALSE,FALSE,FALSE,DIAGNOSTIC_ONLY_ZERO_INDEPENDENT_ROUTING_AUTHORITY,0,1,TAXON_RANGE_BUILD_CONTRACT_v01,ALA:Alabama;ARK:Arkansas;GEO:Georgia;ILL:Illinois;INI:Indiana;IOW:Iowa;KAN:Kansas;KTY:Kentucky;MAI:Maine;MIC:Michigan;MIN:Minnesota;MRY:Maryland;MSI:Mississippi;MSO:Missouri;NEB:Nebraska;NWH:New Hampshire;NWJ:New Jersey;NWY:New York;OHI:Ohio;OKL:Oklahoma;ONT:Ontario;PEN:Pennsylvania;TEN:Tennessee;TEX:Texas;WVA:West Virginia,,,,,MATCH,,MATCH,RETAIN_USCA_AUDIT,CONFIRMED_NATIVE_CANADA,"D08B1 routing flags: Canada=TRUE, Alaska=FALSE, Mexico=FALSE, Central_America=FALSE, outside_USA_Canada=FALSE, outside_North_America=FALSE. Transcontinental diagnostic=FALSE; diagnostic-only with zero independent routing authority. Confirmed native Level-3 categorical evidence: ALA:Alabama;ARK:Arkansas;GEO:Georgia;ILL:Illinois;INI:Indiana;IOW:Iowa;KAN:Kansas;KTY:Kentucky;MAI:Maine;MIC:Michigan;MIN:Minnesota;MRY:Maryland;MSI:Mississippi;MSO:Missouri;NEB:Nebraska;NWH:New Hampshire;NWJ:New Jersey;NWY:New York;OHI:Ohio;OKL:Oklahoma;ONT:Ontario;PEN:Pennsylvania;TEN:Tennessee;TEX:Texas;WVA:West Virginia. No Level-3 count was interpreted as area/share/severity; no geometry was inferred.",RETAIN_FOR_LITTLE_OR_USCA_TRUNCATION_AUDIT,1,0,0,dc64778032ed9bd301bfc7c14818fc3ba71a3b2621bb4e8b33ec558ecdf3d16d,559a2d6f7b0d67ad886468a2c0098e117c824f196f0a85d3bb7d99c466649017
2646656,Arbutus arizonica,TRUE,FALSE,FALSE,TRUE,FALSE,TRUE,FALSE,FALSE,DIAGNOSTIC_ONLY_ZERO_INDEPENDENT_ROUTING_AUTHORITY,0,1,TAXON_RANGE_BUILD_CONTRACT_v01,ARI:Arizona;MXC:Mexico Central;MXE:Mexico Northeast;MXN:Mexico Northwest;MXS:Mexico Southwest;NWM:New Mexico,MXC:Mexico Central;MXE:Mexico Northeast;MXN:Mexico Northwest;MXS:Mexico Southwest,,,,MATCH,,MATCH,BORDERLINE_MEXICO,CONFIRMED_NATIVE_MEXICO,"D08B1 routing flags: Canada=FALSE, Alaska=FALSE, Mexico=TRUE, Central_America=FALSE, outside_USA_Canada=TRUE, outside_North_America=FALSE. Transcontinental diagnostic=FALSE; diagnostic-only with zero independent routing authority. Confirmed native Level-3 categorical evidence: ARI:Arizona;MXC:Mexico Central;MXE:Mexico Northeast;MXN:Mexico Northwest;MXS:Mexico Southwest;NWM:New Mexico. Outside USA+Canada units: MXC:Mexico Central;MXE:Mexico Northeast;MXN:Mexico Northwest;MXS:Mexico Southwest. No Level-3 count was interpreted as area/share/severity; no geometry was inferred.",HOLD_TARGETED_EXTERNAL_RANGE_AUDIT,0,1,0,dc64778032ed9bd301bfc7c14818fc3ba71a3b2621bb4e8b33ec558ecdf3d16d,559a2d6f7b0d67ad886468a2c0098e117c824f196f0a85d3bb7d99c466649017
2646696,Arbutus menziesii,TRUE,TRUE,FALSE,TRUE,FALSE,TRUE,FALSE,FALSE,DIAGNOSTIC_ONLY_ZERO_INDEPENDENT_ROUTING_AUTHORITY,0,1,TAXON_RANGE_BUILD_CONTRACT_v01,BRC:British Columbia;CAL:California;MXN:Mexico Northwest;ORE:Oregon;WAS:Washington,MXN:Mexico Northwest,,,,MATCH,,MATCH,BORDERLINE_MEXICO,CONFIRMED_NATIVE_MEXICO,"D08B1 routing flags: Canada=TRUE, Alaska=FALSE, Mexico=TRUE, Central_America=FALSE, outside_USA_Canada=TRUE, outside_North_America=FALSE. Transcontinental diagnostic=FALSE; diagnostic-only with zero independent routing authority. Confirmed native Level-3 categorical evidence: BRC:British Columbia;CAL:California;MXN:Mexico Northwest;ORE:Oregon;WAS:Washington. Outside USA+Canada units: MXN:Mexico Northwest. No Level-3 count was interpreted as area/share/severity; no geometry was inferred.",HOLD_TARGETED_EXTERNAL_RANGE_AUDIT,0,1,0,dc64778032ed9bd301bfc7c14818fc3ba71a3b2621bb4e8b33ec558ecdf3d16d,559a2d6f7b0d67ad886468a2c0098e117c824f196f0a85d3bb7d99c466649017
2646755,Arbutus xalapensis,TRUE,FALSE,FALSE,TRUE,TRUE,TRUE,FALSE,TRUE,DIAGNOSTIC_ONLY_ZERO_INDEPENDENT_ROUTING_AUTHORITY,0,1,TAXON_RANGE_BUILD_CONTRACT_v01_SEMANTICS_UNCHANGED,ELS:El Salvador;GUA:Guatemala;HON:Honduras;MXC:Mexico Central;MXE:Mexico Northeast;MXG:Mexico Gulf;MXN:Mexico Northwest;MXS:Mexico Southwest;MXT:Mexico Southeast;NIC:Nicaragua;NWM:New Mexico;TEX:Texas,ELS:El Salvador;GUA:Guatemala;HON:Honduras;MXC:Mexico Central;MXE:Mexico Northeast;MXG:Mexico Gulf;MXN:Mexico Northwest;MXS:Mexico Southwest;MXT:Mexico Southeast;NIC:Nicaragua,,,,MATCH,,MATCH,BORDERLINE_OTHER_NA,CONFIRMED_NATIVE_CENTRAL_AMERICA,"D08B1 routing flags: Canada=FALSE, Alaska=FALSE, Mexico=TRUE, Central_America=TRUE, outside_USA_Canada=TRUE, outside_North_America=FALSE. Transcontinental diagnostic=TRUE; diagnostic-only with zero independent routing authority. Confirmed native Level-3 categorical evidence: ELS:El Salvador;GUA:Guatemala;HON:Honduras;MXC:Mexico Central;MXE:Mexico Northeast;MXG:Mexico Gulf;MXN:Mexico Northwest;MXS:Mexico Southwest;MXT:Mexico Southeast;NIC:Nicaragua;NWM:New Mexico;TEX:Texas. Outside USA+Canada units: ELS:El Salvador;GUA:Guatemala;HON:Honduras;MXC:Mexico Central;MXE:Mexico Northeast;MXG:Mexico Gulf;MXN:Mexico Northwest;MXS:Mexico Southwest;MXT:Mexico Southeast;NIC:Nicaragua. No Level-3 count was interpreted as area/share/severity; no geometry was inferred.",HOLD_TARGETED_EXTERNAL_RANGE_AUDIT,0,1,0,dc64778032ed9bd301bfc7c14818fc3ba71a3b2621bb4e8b33ec558ecdf3d16d,559a2d6f7b0d67ad886468a2c0098e117c824f196f0a85d3bb7d99c466649017
2655435,Asimina triloba,TRUE,TRUE,FALSE,FALSE,FALSE,FALSE,FALSE,FALSE,DIAGNOSTIC_ONLY_ZERO_INDEPENDENT_ROUTING_AUTHORITY,0,1,TAXON_RANGE_BUILD_CONTRACT_v01,ALA:Alabama;ARK:Arkansas;DEL:Delaware;FLA:Florida;GEO:Georgia;ILL:Illinois;INI:Indiana;IOW:Iowa;KAN:Kansas;KTY:Kentucky;LOU:Louisiana;MIC:Michigan;MRY:Maryland;MSI:Mississippi;MSO:Missouri;NCA:North Carolina;NEB:Nebraska;NWJ:New Jersey;NWY:New York;OHI:Ohio;OKL:Oklahoma;ONT:Ontario;PEN:Pennsylvania;SCA:South Carolina;TEN:Tennessee;TEX:Texas;VRG:Virginia;WDC:District of Columbia;WIS:Wisconsin;WVA:West Virginia,,,,,MATCH,,MATCH,RETAIN_USCA_AUDIT,CONFIRMED_NATIVE_CANADA,"D08B1 routing flags: Canada=TRUE, Alaska=FALSE, Mexico=FALSE, Central_America=FALSE, outside_USA_Canada=FALSE, outside_North_America=FALSE. Transcontinental diagnostic=FALSE; diagnostic-only with zero independent routing authority. Confirmed native Level-3 categorical evidence: ALA:Alabama;ARK:Arkansas;DEL:Delaware;FLA:Florida;GEO:Georgia;ILL:Illinois;INI:Indiana;IOW:Iowa;KAN:Kansas;KTY:Kentucky;LOU:Louisiana;MIC:Michigan;MRY:Maryland;MSI:Mississippi;MSO:Missouri;NCA:North Carolina;NEB:Nebraska;NWJ:New Jersey;NWY:New York;OHI:Ohio;OKL:Oklahoma;ONT:Ontario;PEN:Pennsylvania;SCA:South Carolina;TEN:Tennessee;TEX:Texas;VRG:Virginia;WDC:District of Columbia;WIS:Wisconsin;WVA:West Virginia. No Level-3 count was interpreted as area/share/severity; no geometry was inferred.",RETAIN_FOR_LITTLE_OR_USCA_TRUNCATION_AUDIT,1,0,0,dc64778032ed9bd301bfc7c14818fc3ba71a3b2621bb4e8b33ec558ecdf3d16d,559a2d6f7b0d67ad886468a2c0098e117c824f196f0a85d3bb7d99c466649017
2701766,Carya cordiformis,TRUE,TRUE,FALSE,FALSE,FALSE,FALSE,FALSE,FALSE,DIAGNOSTIC_ONLY_ZERO_INDEPENDENT_ROUTING_AUTHORITY,0,1,TAXON_RANGE_BUILD_CONTRACT_v01,ALA:Alabama;ARK:Arkansas;CNT:Connecticut;DEL:Delaware;FLA:Florida;GEO:Georgia;ILL:Illinois;INI:Indiana;IOW:Iowa;KAN:Kansas;KTY:Kentucky;LOU:Louisiana;MAI:Maine;MAS:Massachusetts;MIC:Michigan;MIN:Minnesota;MRY:Maryland;MSI:Mississippi;MSO:Missouri;NCA:North Carolina;NEB:Nebraska;NWH:New Hampshire;NWJ:New Jersey;NWY:New York;OHI:Ohio;OKL:Oklahoma;ONT:Ontario;PEN:Pennsylvania;QUE:Québec;RHO:Rhode I.;SCA:South Carolina;TEN:Tennessee;TEX:Texas;VER:Vermont;VRG:Virginia;WDC:District of Columbia;WIS:Wisconsin;WVA:West Virginia,,,,,MATCH,,MATCH,RETAIN_USCA_AUDIT,CONFIRMED_NATIVE_CANADA,"D08B1 routing flags: Canada=TRUE, Alaska=FALSE, Mexico=FALSE, Central_America=FALSE, outside_USA_Canada=FALSE, outside_North_America=FALSE. Transcontinental diagnostic=FALSE; diagnostic-only with zero independent routing authority. Confirmed native Level-3 categorical evidence: ALA:Alabama;ARK:Arkansas;CNT:Connecticut;DEL:Delaware;FLA:Florida;GEO:Georgia;ILL:Illinois;INI:Indiana;IOW:Iowa;KAN:Kansas;KTY:Kentucky;LOU:Louisiana;MAI:Maine;MAS:Massachusetts;MIC:Michigan;MIN:Minnesota;MRY:Maryland;MSI:Mississippi;MSO:Missouri;NCA:North Carolina;NEB:Nebraska;NWH:New Hampshire;NWJ:New Jersey;NWY:New York;OHI:Ohio;OKL:Oklahoma;ONT:Ontario;PEN:Pennsylvania;QUE:Québec;RHO:Rhode I.;SCA:South Carolina;TEN:Tennessee;TEX:Texas;VER:Vermont;VRG:Virginia;WDC:District of Columbia;WIS:Wisconsin;WVA:West Virginia. No Level-3 count was interpreted as area/share/severity; no geometry was inferred.",RETAIN_FOR_LITTLE_OR_USCA_TRUNCATION_AUDIT,1,0,0,dc64778032ed9bd301bfc7c14818fc3ba71a3b2621bb4e8b33ec558ecdf3d16d,559a2d6f7b0d67ad886468a2c0098e117c824f196f0a85d3bb7d99c466649017
2701775,Carya glabra,TRUE,TRUE,FALSE,FALSE,FALSE,FALSE,FALSE,FALSE,DIAGNOSTIC_ONLY_ZERO_INDEPENDENT_ROUTING_AUTHORITY,0,1,TAXON_RANGE_BUILD_CONTRACT_v01,ALA:Alabama;ARK:Arkansas;CNT:Connecticut;DEL:Delaware;FLA:Florida;GEO:Georgia;ILL:Illinois;INI:Indiana;IOW:Iowa;KAN:Kansas;KTY:Kentucky;LOU:Louisiana;MAS:Massachusetts;MIC:Michigan;MRY:Maryland;MSI:Mississippi;MSO:Missouri;NCA:North Carolina;NWH:New Hampshire;NWJ:New Jersey;NWY:New York;OHI:Ohio;ONT:Ontario;PEN:Pennsylvania;RHO:Rhode I.;SCA:South Carolina;TEN:Tennessee;TEX:Texas;VER:Vermont;VRG:Virginia;WDC:District of Columbia;WIS:Wisconsin;WVA:West Virginia,,,,,MATCH,,MATCH,RETAIN_USCA_AUDIT,CONFIRMED_NATIVE_CANADA,"D08B1 routing flags: Canada=TRUE, Alaska=FALSE, Mexico=FALSE, Central_America=FALSE, outside_USA_Canada=FALSE, outside_North_America=FALSE. Transcontinental diagnostic=FALSE; diagnostic-only with zero independent routing authority. Confirmed native Level-3 categorical evidence: ALA:Alabama;ARK:Arkansas;CNT:Connecticut;DEL:Delaware;FLA:Florida;GEO:Georgia;ILL:Illinois;INI:Indiana;IOW:Iowa;KAN:Kansas;KTY:Kentucky;LOU:Louisiana;MAS:Massachusetts;MIC:Michigan;MRY:Maryland;MSI:Mississippi;MSO:Missouri;NCA:North Carolina;NWH:New Hampshire;NWJ:New Jersey;NWY:New York;OHI:Ohio;ONT:Ontario;PEN:Pennsylvania;RHO:Rhode I.;SCA:South Carolina;TEN:Tennessee;TEX:Texas;VER:Vermont;VRG:Virginia;WDC:District of Columbia;WIS:Wisconsin;WVA:West Virginia. No Level-3 count was interpreted as area/share/severity; no geometry was inferred.",RETAIN_FOR_LITTLE_OR_USCA_TRUNCATION_AUDIT,1,0,0,dc64778032ed9bd301bfc7c14818fc3ba71a3b2621bb4e8b33ec558ecdf3d16d,559a2d6f7b0d67ad886468a2c0098e117c824f196f0a85d3bb7d99c466649017
2701784,Carya illinoinensis,TRUE,FALSE,FALSE,TRUE,FALSE,TRUE,FALSE,FALSE,DIAGNOSTIC_ONLY_ZERO_INDEPENDENT_ROUTING_AUTHORITY,0,1,TAXON_RANGE_BUILD_CONTRACT_v01,ARK:Arkansas;ILL:Illinois;INI:Indiana;IOW:Iowa;KAN:Kansas;KTY:Kentucky;LOU:Louisiana;MSI:Mississippi;MSO:Missouri;MXC:Mexico Central;MXE:Mexico Northeast;MXG:Mexico Gulf;MXS:Mexico Southwest;OKL:Oklahoma;TEN:Tennessee;TEX:Texas,MXC:Mexico Central;MXE:Mexico Northeast;MXG:Mexico Gulf;MXS:Mexico Southwest,,,,MATCH,,MATCH,BORDERLINE_MEXICO,CONFIRMED_NATIVE_MEXICO,"D08B1 routing flags: Canada=FALSE, Alaska=FALSE, Mexico=TRUE, Central_America=FALSE, outside_USA_Canada=TRUE, outside_North_America=FALSE. Transcontinental diagnostic=FALSE; diagnostic-only with zero independent routing authority. Confirmed native Level-3 categorical evidence: ARK:Arkansas;ILL:Illinois;INI:Indiana;IOW:Iowa;KAN:Kansas;KTY:Kentucky;LOU:Louisiana;MSI:Mississippi;MSO:Missouri;MXC:Mexico Central;MXE:Mexico Northeast;MXG:Mexico Gulf;MXS:Mexico Southwest;OKL:Oklahoma;TEN:Tennessee;TEX:Texas. Outside USA+Canada units: MXC:Mexico Central;MXE:Mexico Northeast;MXG:Mexico Gulf;MXS:Mexico Southwest. No Level-3 count was interpreted as area/share/severity; no geometry was inferred.",HOLD_TARGETED_EXTERNAL_RANGE_AUDIT,0,1,0,dc64778032ed9bd301bfc7c14818fc3ba71a3b2621bb4e8b33ec558ecdf3d16d,559a2d6f7b0d67ad886468a2c0098e117c824f196f0a85d3bb7d99c466649017
2701789,Carya laciniosa,TRUE,TRUE,FALSE,FALSE,FALSE,FALSE,FALSE,FALSE,DIAGNOSTIC_ONLY_ZERO_INDEPENDENT_ROUTING_AUTHORITY,0,1,TAXON_RANGE_BUILD_CONTRACT_v01,ALA:Alabama;ARK:Arkansas;DEL:Delaware;GEO:Georgia;ILL:Illinois;INI:Indiana;IOW:Iowa;KAN:Kansas;KTY:Kentucky;MIC:Michigan;MRY:Maryland;MSI:Mississippi;MSO:Missouri;NCA:North Carolina;NWY:New York;OHI:Ohio;OKL:Oklahoma;ONT:Ontario;PEN:Pennsylvania;SCA:South Carolina;TEN:Tennessee;TEX:Texas;VRG:Virginia;WVA:West Virginia,,,,,MATCH,,MATCH,RETAIN_USCA_AUDIT,CONFIRMED_NATIVE_CANADA,"D08B1 routing flags: Canada=TRUE, Alaska=FALSE, Mexico=FALSE, Central_America=FALSE, outside_USA_Canada=FALSE, outside_North_America=FALSE. Transcontinental diagnostic=FALSE; diagnostic-only with zero independent routing authority. Confirmed native Level-3 categorical evidence: ALA:Alabama;ARK:Arkansas;DEL:Delaware;GEO:Georgia;ILL:Illinois;INI:Indiana;IOW:Iowa;KAN:Kansas;KTY:Kentucky;MIC:Michigan;MRY:Maryland;MSI:Mississippi;MSO:Missouri;NCA:North Carolina;NWY:New York;OHI:Ohio;OKL:Oklahoma;ONT:Ontario;PEN:Pennsylvania;SCA:South Carolina;TEN:Tennessee;TEX:Texas;VRG:Virginia;WVA:West Virginia. No Level-3 count was interpreted as area/share/severity; no geometry was inferred.",RETAIN_FOR_LITTLE_OR_USCA_TRUNCATION_AUDIT,1,0,0,dc64778032ed9bd301bfc7c14818fc3ba71a3b2621bb4e8b33ec558ecdf3d16d,559a2d6f7b0d67ad886468a2c0098e117c824f196f0a85d3bb7d99c466649017
2701803,Carya myristiciformis,TRUE,FALSE,FALSE,TRUE,FALSE,TRUE,FALSE,FALSE,DIAGNOSTIC_ONLY_ZERO_INDEPENDENT_ROUTING_AUTHORITY,0,1,TAXON_RANGE_BUILD_CONTRACT_v01,ALA:Alabama;ARK:Arkansas;LOU:Louisiana;MSI:Mississippi;MXE:Mexico Northeast;NCA:North Carolina;OKL:Oklahoma;SCA:South Carolina;TEX:Texas,MXE:Mexico Northeast,,,,MATCH,,MATCH,BORDERLINE_MEXICO,CONFIRMED_NATIVE_MEXICO,"D08B1 routing flags: Canada=FALSE, Alaska=FALSE, Mexico=TRUE, Central_America=FALSE, outside_USA_Canada=TRUE, outside_North_America=FALSE. Transcontinental diagnostic=FALSE; diagnostic-only with zero independent routing authority. Confirmed native Level-3 categorical evidence: ALA:Alabama;ARK:Arkansas;LOU:Louisiana;MSI:Mississippi;MXE:Mexico Northeast;NCA:North Carolina;OKL:Oklahoma;SCA:South Carolina;TEX:Texas. Outside USA+Canada units: MXE:Mexico Northeast. No Level-3 count was interpreted as area/share/severity; no geometry was inferred.",HOLD_TARGETED_EXTERNAL_RANGE_AUDIT,0,1,0,dc64778032ed9bd301bfc7c14818fc3ba71a3b2621bb4e8b33ec558ecdf3d16d,559a2d6f7b0d67ad886468a2c0098e117c824f196f0a85d3bb7d99c466649017
2701831,Carya ovata,TRUE,TRUE,FALSE,TRUE,FALSE,TRUE,FALSE,FALSE,DIAGNOSTIC_ONLY_ZERO_INDEPENDENT_ROUTING_AUTHORITY,0,1,TAXON_RANGE_BUILD_CONTRACT_v01,ALA:Alabama;ARK:Arkansas;CNT:Connecticut;DEL:Delaware;GEO:Georgia;ILL:Illinois;INI:Indiana;IOW:Iowa;KAN:Kansas;KTY:Kentucky;LOU:Louisiana;MAI:Maine;MAS:Massachusetts;MIC:Michigan;MIN:Minnesota;MRY:Maryland;MSI:Mississippi;MSO:Missouri;MXC:Mexico Central;MXE:Mexico Northeast;MXG:Mexico Gulf;MXS:Mexico Southwest;NCA:North Carolina;NEB:Nebraska;NWH:New Hampshire;NWJ:New Jersey;NWY:New York;OHI:Ohio;OKL:Oklahoma;ONT:Ontario;PEN:Pennsylvania;QUE:Québec;RHO:Rhode I.;SCA:South Carolina;TEN:Tennessee;TEX:Texas;VER:Vermont;VRG:Virginia;WDC:District of Columbia;WIS:Wisconsin;WVA:West Virginia,MXC:Mexico Central;MXE:Mexico Northeast;MXG:Mexico Gulf;MXS:Mexico Southwest,,,,MATCH,,MATCH,BORDERLINE_MEXICO,CONFIRMED_NATIVE_MEXICO,"D08B1 routing flags: Canada=TRUE, Alaska=FALSE, Mexico=TRUE, Central_America=FALSE, outside_USA_Canada=TRUE, outside_North_America=FALSE. Transcontinental diagnostic=FALSE; diagnostic-only with zero independent routing authority. Confirmed native Level-3 categorical evidence: ALA:Alabama;ARK:Arkansas;CNT:Connecticut;DEL:Delaware;GEO:Georgia;ILL:Illinois;INI:Indiana;IOW:Iowa;KAN:Kansas;KTY:Kentucky;LOU:Louisiana;MAI:Maine;MAS:Massachusetts;MIC:Michigan;MIN:Minnesota;MRY:Maryland;MSI:Mississippi;MSO:Missouri;MXC:Mexico Central;MXE:Mexico Northeast;MXG:Mexico Gulf;MXS:Mexico Southwest;NCA:North Carolina;NEB:Nebraska;NWH:New Hampshire;NWJ:New Jersey;NWY:New York;OHI:Ohio;OKL:Oklahoma;ONT:Ontario;PEN:Pennsylvania;QUE:Québec;RHO:Rhode I.;SCA:South Carolina;TEN:Tennessee;TEX:Texas;VER:Vermont;VRG:Virginia;WDC:District of Columbia;WIS:Wisconsin;WVA:West Virginia. Outside USA+Canada units: MXC:Mexico Central;MXE:Mexico Northeast;MXG:Mexico Gulf;MXS:Mexico Southwest. No Level-3 count was interpreted as area/share/severity; no geometry was inferred.",HOLD_TARGETED_EXTERNAL_RANGE_AUDIT,0,1,0,dc64778032ed9bd301bfc7c14818fc3ba71a3b2621bb4e8b33ec558ecdf3d16d,559a2d6f7b0d67ad886468a2c0098e117c824f196f0a85d3bb7d99c466649017
2701867,Carya tomentosa,TRUE,TRUE,FALSE,FALSE,FALSE,FALSE,FALSE,FALSE,DIAGNOSTIC_ONLY_ZERO_INDEPENDENT_ROUTING_AUTHORITY,0,1,TAXON_RANGE_BUILD_CONTRACT_v01,ALA:Alabama;ARK:Arkansas;CNT:Connecticut;DEL:Delaware;FLA:Florida;GEO:Georgia;ILL:Illinois;INI:Indiana;IOW:Iowa;KAN:Kansas;KTY:Kentucky;LOU:Louisiana;MAS:Massachusetts;MRY:Maryland;MSI:Mississippi;MSO:Missouri;NCA:North Carolina;NWJ:New Jersey;NWY:New York;OHI:Ohio;OKL:Oklahoma;ONT:Ontario;PEN:Pennsylvania;RHO:Rhode I.;SCA:South Carolina;TEN:Tennessee;TEX:Texas;VRG:Virginia;WVA:West Virginia,,,,,MATCH,,MATCH,RETAIN_USCA_AUDIT,CONFIRMED_NATIVE_CANADA,"D08B1 routing flags: Canada=TRUE, Alaska=FALSE, Mexico=FALSE, Central_America=FALSE, outside_USA_Canada=FALSE, outside_North_America=FALSE. Transcontinental diagnostic=FALSE; diagnostic-only with zero independent routing authority. Confirmed native Level-3 categorical evidence: ALA:Alabama;ARK:Arkansas;CNT:Connecticut;DEL:Delaware;FLA:Florida;GEO:Georgia;ILL:Illinois;INI:Indiana;IOW:Iowa;KAN:Kansas;KTY:Kentucky;LOU:Louisiana;MAS:Massachusetts;MRY:Maryland;MSI:Mississippi;MSO:Missouri;NCA:North Carolina;NWJ:New Jersey;NWY:New York;OHI:Ohio;OKL:Oklahoma;ONT:Ontario;PEN:Pennsylvania;RHO:Rhode I.;SCA:South Carolina;TEN:Tennessee;TEX:Texas;VRG:Virginia;WVA:West Virginia. No Level-3 count was interpreted as area/share/severity; no geometry was inferred.",RETAIN_FOR_LITTLE_OR_USCA_TRUNCATION_AUDIT,1,0,0,dc64778032ed9bd301bfc7c14818fc3ba71a3b2621bb4e8b33ec558ecdf3d16d,559a2d6f7b0d67ad886468a2c0098e117c824f196f0a85d3bb7d99c466649017
2708323,Celtis laevigata,TRUE,FALSE,FALSE,TRUE,FALSE,TRUE,FALSE,TRUE,DIAGNOSTIC_ONLY_ZERO_INDEPENDENT_ROUTING_AUTHORITY,0,1,TAXON_RANGE_BUILD_CONTRACT_v01,ALA:Alabama;ARK:Arkansas;BER:Bermuda;FLA:Florida;GEO:Georgia;ILL:Illinois;INI:Indiana;KAN:Kansas;KTY:Kentucky;LOU:Louisiana;MRY:Maryland;MSI:Mississippi;MSO:Missouri;MXE:Mexico Northeast;MXG:Mexico Gulf;MXN:Mexico Northwest;MXS:Mexico Southwest;NCA:North Carolina;NWM:New Mexico;OKL:Oklahoma;SCA:South Carolina;TEN:Tennessee;TEX:Texas;VRG:Virginia;WVA:West Virginia,BER:Bermuda;MXE:Mexico Northeast;MXG:Mexico Gulf;MXN:Mexico Northwest;MXS:Mexico Southwest,,BER:Bermuda,,MATCH,,MATCH,BORDERLINE_OTHER_NA,CONFIRMED_NATIVE_OTHER_NA_EXTENSION,"D08B1 routing flags: Canada=FALSE, Alaska=FALSE, Mexico=TRUE, Central_America=FALSE, outside_USA_Canada=TRUE, outside_North_America=FALSE. Transcontinental diagnostic=TRUE; diagnostic-only with zero independent routing authority. Confirmed native Level-3 categorical evidence: ALA:Alabama;ARK:Arkansas;BER:Bermuda;FLA:Florida;GEO:Georgia;ILL:Illinois;INI:Indiana;KAN:Kansas;KTY:Kentucky;LOU:Louisiana;MRY:Maryland;MSI:Mississippi;MSO:Missouri;MXE:Mexico Northeast;MXG:Mexico Gulf;MXN:Mexico Northwest;MXS:Mexico Southwest;NCA:North Carolina;NWM:New Mexico;OKL:Oklahoma;SCA:South Carolina;TEN:Tennessee;TEX:Texas;VRG:Virginia;WVA:West Virginia. Outside USA+Canada units: BER:Bermuda;MXE:Mexico Northeast;MXG:Mexico Gulf;MXN:Mexico Northwest;MXS:Mexico Southwest. Other North-America-side units: BER:Bermuda. No Level-3 count was interpreted as area/share/severity; no geometry was inferred.",HOLD_TARGETED_EXTERNAL_RANGE_AUDIT,0,1,0,dc64778032ed9bd301bfc7c14818fc3ba71a3b2621bb4e8b33ec558ecdf3d16d,559a2d6f7b0d67ad886468a2c0098e117c824f196f0a85d3bb7d99c466649017
2708380,Celtis occidentalis,TRUE,TRUE,FALSE,FALSE,FALSE,FALSE,FALSE,FALSE,DIAGNOSTIC_ONLY_ZERO_INDEPENDENT_ROUTING_AUTHORITY,0,1,TAXON_RANGE_BUILD_CONTRACT_v01,ALA:Alabama;ARK:Arkansas;CNT:Connecticut;COL:Colorado;DEL:Delaware;GEO:Georgia;ILL:Illinois;INI:Indiana;IOW:Iowa;KAN:Kansas;KTY:Kentucky;MAI:Maine;MAN:Manitoba;MAS:Massachusetts;MIC:Michigan;MIN:Minnesota;MRY:Maryland;MSI:Mississippi;MSO:Missouri;NCA:North Carolina;NDA:North Dakota;NEB:Nebraska;NWH:New Hampshire;NWJ:New Jersey;NWM:New Mexico;NWY:New York;OHI:Ohio;OKL:Oklahoma;ONT:Ontario;PEN:Pennsylvania;QUE:Québec;RHO:Rhode I.;SCA:South Carolina;SDA:South Dakota;TEN:Tennessee;TEX:Texas;VER:Vermont;VRG:Virginia;WDC:District of Columbia;WIS:Wisconsin;WVA:West Virginia;WYO:Wyoming,,,,,MATCH,,MATCH,RETAIN_USCA_AUDIT,CONFIRMED_NATIVE_CANADA,"D08B1 routing flags: Canada=TRUE, Alaska=FALSE, Mexico=FALSE, Central_America=FALSE, outside_USA_Canada=FALSE, outside_North_America=FALSE. Transcontinental diagnostic=FALSE; diagnostic-only with zero independent routing authority. Confirmed native Level-3 categorical evidence: ALA:Alabama;ARK:Arkansas;CNT:Connecticut;COL:Colorado;DEL:Delaware;GEO:Georgia;ILL:Illinois;INI:Indiana;IOW:Iowa;KAN:Kansas;KTY:Kentucky;MAI:Maine;MAN:Manitoba;MAS:Massachusetts;MIC:Michigan;MIN:Minnesota;MRY:Maryland;MSI:Mississippi;MSO:Missouri;NCA:North Carolina;NDA:North Dakota;NEB:Nebraska;NWH:New Hampshire;NWJ:New Jersey;NWM:New Mexico;NWY:New York;OHI:Ohio;OKL:Oklahoma;ONT:Ontario;PEN:Pennsylvania;QUE:Québec;RHO:Rhode I.;SCA:South Carolina;SDA:South Dakota;TEN:Tennessee;TEX:Texas;VER:Vermont;VRG:Virginia;WDC:District of Columbia;WIS:Wisconsin;WVA:West Virginia;WYO:Wyoming. No Level-3 count was interpreted as area/share/severity; no geometry was inferred.",RETAIN_FOR_LITTLE_OR_USCA_TRUNCATION_AUDIT,1,0,0,dc64778032ed9bd301bfc7c14818fc3ba71a3b2621bb4e8b33ec558ecdf3d16d,559a2d6f7b0d67ad886468a2c0098e117c824f196f0a85d3bb7d99c466649017
2708432,Celtis reticulata,TRUE,FALSE,FALSE,TRUE,FALSE,TRUE,FALSE,FALSE,DIAGNOSTIC_ONLY_ZERO_INDEPENDENT_ROUTING_AUTHORITY,0,1,TAXON_RANGE_BUILD_CONTRACT_v01,ARI:Arizona;CAL:California;COL:Colorado;IDA:Idaho;KAN:Kansas;MXC:Mexico Central;MXE:Mexico Northeast;MXN:Mexico Northwest;MXS:Mexico Southwest;NEV:Nevada;NWM:New Mexico;OKL:Oklahoma;ORE:Oregon;TEX:Texas;UTA:Utah;WAS:Washington;WYO:Wyoming,MXC:Mexico Central;MXE:Mexico Northeast;MXN:Mexico Northwest;MXS:Mexico Southwest,,,,MATCH,,MATCH,BORDERLINE_MEXICO,CONFIRMED_NATIVE_MEXICO,"D08B1 routing flags: Canada=FALSE, Alaska=FALSE, Mexico=TRUE, Central_America=FALSE, outside_USA_Canada=TRUE, outside_North_America=FALSE. Transcontinental diagnostic=FALSE; diagnostic-only with zero independent routing authority. Confirmed native Level-3 categorical evidence: ARI:Arizona;CAL:California;COL:Colorado;IDA:Idaho;KAN:Kansas;MXC:Mexico Central;MXE:Mexico Northeast;MXN:Mexico Northwest;MXS:Mexico Southwest;NEV:Nevada;NWM:New Mexico;OKL:Oklahoma;ORE:Oregon;TEX:Texas;UTA:Utah;WAS:Washington;WYO:Wyoming. Outside USA+Canada units: MXC:Mexico Central;MXE:Mexico Northeast;MXN:Mexico Northwest;MXS:Mexico Southwest. No Level-3 count was interpreted as area/share/severity; no geometry was inferred.",HOLD_TARGETED_EXTERNAL_RANGE_AUDIT,0,1,0,dc64778032ed9bd301bfc7c14818fc3ba71a3b2621bb4e8b33ec558ecdf3d16d,559a2d6f7b0d67ad886468a2c0098e117c824f196f0a85d3bb7d99c466649017
2711403,Cercis canadensis,TRUE,FALSE,FALSE,TRUE,FALSE,TRUE,FALSE,FALSE,DIAGNOSTIC_ONLY_ZERO_INDEPENDENT_ROUTING_AUTHORITY,0,1,TAXON_RANGE_BUILD_CONTRACT_v01,ALA:Alabama;ARK:Arkansas;CNT:Connecticut;DEL:Delaware;FLA:Florida;GEO:Georgia;ILL:Illinois;INI:Indiana;IOW:Iowa;KAN:Kansas;KTY:Kentucky;LOU:Louisiana;MAS:Massachusetts;MIC:Michigan;MRY:Maryland;MSI:Mississippi;MSO:Missouri;MXC:Mexico Central;MXE:Mexico Northeast;MXG:Mexico Gulf;NCA:North Carolina;NEB:Nebraska;NWJ:New Jersey;NWM:New Mexico;NWY:New York;OHI:Ohio;OKL:Oklahoma;PEN:Pennsylvania;SCA:South Carolina;TEN:Tennessee;TEX:Texas;VRG:Virginia;WDC:District of Columbia;WIS:Wisconsin;WVA:West Virginia,MXC:Mexico Central;MXE:Mexico Northeast;MXG:Mexico Gulf,,,,MATCH,,MATCH,BORDERLINE_MEXICO,CONFIRMED_NATIVE_MEXICO,"D08B1 routing flags: Canada=FALSE, Alaska=FALSE, Mexico=TRUE, Central_America=FALSE, outside_USA_Canada=TRUE, outside_North_America=FALSE. Transcontinental diagnostic=FALSE; diagnostic-only with zero independent routing authority. Confirmed native Level-3 categorical evidence: ALA:Alabama;ARK:Arkansas;CNT:Connecticut;DEL:Delaware;FLA:Florida;GEO:Georgia;ILL:Illinois;INI:Indiana;IOW:Iowa;KAN:Kansas;KTY:Kentucky;LOU:Louisiana;MAS:Massachusetts;MIC:Michigan;MRY:Maryland;MSI:Mississippi;MSO:Missouri;MXC:Mexico Central;MXE:Mexico Northeast;MXG:Mexico Gulf;NCA:North Carolina;NEB:Nebraska;NWJ:New Jersey;NWM:New Mexico;NWY:New York;OHI:Ohio;OKL:Oklahoma;PEN:Pennsylvania;SCA:South Carolina;TEN:Tennessee;TEX:Texas;VRG:Virginia;WDC:District of Columbia;WIS:Wisconsin;WVA:West Virginia. Outside USA+Canada units: MXC:Mexico Central;MXE:Mexico Northeast;MXG:Mexico Gulf. No Level-3 count was interpreted as area/share/severity; no geometry was inferred.",HOLD_TARGETED_EXTERNAL_RANGE_AUDIT,0,1,0,dc64778032ed9bd301bfc7c14818fc3ba71a3b2621bb4e8b33ec558ecdf3d16d,559a2d6f7b0d67ad886468a2c0098e117c824f196f0a85d3bb7d99c466649017
2733979,Condalia hookeri,TRUE,FALSE,FALSE,TRUE,FALSE,TRUE,FALSE,FALSE,DIAGNOSTIC_ONLY_ZERO_INDEPENDENT_ROUTING_AUTHORITY,0,1,TAXON_RANGE_BUILD_CONTRACT_v01,MXE:Mexico Northeast;MXG:Mexico Gulf;TEX:Texas,MXE:Mexico Northeast;MXG:Mexico Gulf,,,,MATCH,,MATCH,BORDERLINE_MEXICO,CONFIRMED_NATIVE_MEXICO,"D08B1 routing flags: Canada=FALSE, Alaska=FALSE, Mexico=TRUE, Central_America=FALSE, outside_USA_Canada=TRUE, outside_North_America=FALSE. Transcontinental diagnostic=FALSE; diagnostic-only with zero independent routing authority. Confirmed native Level-3 categorical evidence: MXE:Mexico Northeast;MXG:Mexico Gulf;TEX:Texas. Outside USA+Canada units: MXE:Mexico Northeast;MXG:Mexico Gulf. No Level-3 count was interpreted as area/share/severity; no geometry was inferred.",HOLD_TARGETED_EXTERNAL_RANGE_AUDIT,0,1,0,dc64778032ed9bd301bfc7c14818fc3ba71a3b2621bb4e8b33ec558ecdf3d16d,559a2d6f7b0d67ad886468a2c0098e117c824f196f0a85d3bb7d99c466649017
2736585,Cordia boissieri,TRUE,FALSE,FALSE,TRUE,FALSE,TRUE,FALSE,FALSE,DIAGNOSTIC_ONLY_ZERO_INDEPENDENT_ROUTING_AUTHORITY,0,1,TAXON_RANGE_BUILD_CONTRACT_v01,MXE:Mexico Northeast;MXG:Mexico Gulf;TEX:Texas,MXE:Mexico Northeast;MXG:Mexico Gulf,,,,MATCH,,MATCH,BORDERLINE_MEXICO,CONFIRMED_NATIVE_MEXICO,"D08B1 routing flags: Canada=FALSE, Alaska=FALSE, Mexico=TRUE, Central_America=FALSE, outside_USA_Canada=TRUE, outside_North_America=FALSE. Transcontinental diagnostic=FALSE; diagnostic-only with zero independent routing authority. Confirmed native Level-3 categorical evidence: MXE:Mexico Northeast;MXG:Mexico Gulf;TEX:Texas. Outside USA+Canada units: MXE:Mexico Northeast;MXG:Mexico Gulf. No Level-3 count was interpreted as area/share/severity; no geometry was inferred.",HOLD_TARGETED_EXTERNAL_RANGE_AUDIT,0,1,0,dc64778032ed9bd301bfc7c14818fc3ba71a3b2621bb4e8b33ec558ecdf3d16d,559a2d6f7b0d67ad886468a2c0098e117c824f196f0a85d3bb7d99c466649017
2780305,Ebenopsis ebano,TRUE,FALSE,FALSE,TRUE,FALSE,TRUE,FALSE,FALSE,DIAGNOSTIC_ONLY_ZERO_INDEPENDENT_ROUTING_AUTHORITY,0,1,TAXON_RANGE_BUILD_CONTRACT_v01,MXE:Mexico Northeast;MXG:Mexico Gulf;MXN:Mexico Northwest;MXS:Mexico Southwest;MXT:Mexico Southeast;TEX:Texas,MXE:Mexico Northeast;MXG:Mexico Gulf;MXN:Mexico Northwest;MXS:Mexico Southwest;MXT:Mexico Southeast,,,,MATCH,,MATCH,BORDERLINE_MEXICO,CONFIRMED_NATIVE_MEXICO,"D08B1 routing flags: Canada=FALSE, Alaska=FALSE, Mexico=TRUE, Central_America=FALSE, outside_USA_Canada=TRUE, outside_North_America=FALSE. Transcontinental diagnostic=FALSE; diagnostic-only with zero independent routing authority. Confirmed native Level-3 categorical evidence: MXE:Mexico Northeast;MXG:Mexico Gulf;MXN:Mexico Northwest;MXS:Mexico Southwest;MXT:Mexico Southeast;TEX:Texas. Outside USA+Canada units: MXE:Mexico Northeast;MXG:Mexico Gulf;MXN:Mexico Northwest;MXS:Mexico Southwest;MXT:Mexico Southeast. No Level-3 count was interpreted as area/share/severity; no geometry was inferred.",HOLD_TARGETED_EXTERNAL_RANGE_AUDIT,0,1,0,dc64778032ed9bd301bfc7c14818fc3ba71a3b2621bb4e8b33ec558ecdf3d16d,559a2d6f7b0d67ad886468a2c0098e117c824f196f0a85d3bb7d99c466649017
2784654,Ehretia anacua,TRUE,FALSE,FALSE,TRUE,FALSE,TRUE,FALSE,FALSE,DIAGNOSTIC_ONLY_ZERO_INDEPENDENT_ROUTING_AUTHORITY,0,1,TAXON_RANGE_BUILD_CONTRACT_v01,MXE:Mexico Northeast;MXG:Mexico Gulf;MXS:Mexico Southwest;TEX:Texas,MXE:Mexico Northeast;MXG:Mexico Gulf;MXS:Mexico Southwest,,,,MATCH,,MATCH,BORDERLINE_MEXICO,CONFIRMED_NATIVE_MEXICO,"D08B1 routing flags: Canada=FALSE, Alaska=FALSE, Mexico=TRUE, Central_America=FALSE, outside_USA_Canada=TRUE, outside_North_America=FALSE. Transcontinental diagnostic=FALSE; diagnostic-only with zero independent routing authority. Confirmed native Level-3 categorical evidence: MXE:Mexico Northeast;MXG:Mexico Gulf;MXS:Mexico Southwest;TEX:Texas. Outside USA+Canada units: MXE:Mexico Northeast;MXG:Mexico Gulf;MXS:Mexico Southwest. No Level-3 count was interpreted as area/share/severity; no geometry was inferred.",HOLD_TARGETED_EXTERNAL_RANGE_AUDIT,0,1,0,dc64778032ed9bd301bfc7c14818fc3ba71a3b2621bb4e8b33ec558ecdf3d16d,559a2d6f7b0d67ad886468a2c0098e117c824f196f0a85d3bb7d99c466649017
2809576,Ficus aurea,TRUE,FALSE,FALSE,TRUE,TRUE,TRUE,FALSE,TRUE,DIAGNOSTIC_ONLY_ZERO_INDEPENDENT_ROUTING_AUTHORITY,0,1,TAXON_RANGE_BUILD_CONTRACT_v01,BAH:Bahamas;BLZ:Belize;CAY:Cayman Is.;COS:Costa Rica;CPI:Central American Pacific Is.;CUB:Cuba;DOM:Dominican Republic;ELS:El Salvador;FLA:Florida;GUA:Guatemala;HAI:Haiti;HON:Honduras;JAM:Jamaica;MXG:Mexico Gulf;MXS:Mexico Southwest;MXT:Mexico Southeast;NIC:Nicaragua;PAN:Panamá;SWC:Southwest Caribbean;TCI:Turks-Caicos Is.,BAH:Bahamas;BLZ:Belize;CAY:Cayman Is.;COS:Costa Rica;CPI:Central American Pacific Is.;CUB:Cuba;DOM:Dominican Republic;ELS:El Salvador;GUA:Guatemala;HAI:Haiti;HON:Honduras;JAM:Jamaica;MXG:Mexico Gulf;MXS:Mexico Southwest;MXT:Mexico Southeast;NIC:Nicaragua;PAN:Panamá;SWC:Southwest Caribbean;TCI:Turks-Caicos Is.,,BAH:Bahamas;CAY:Cayman Is.;CUB:Cuba;DOM:Dominican Republic;HAI:Haiti;JAM:Jamaica;SWC:Southwest Caribbean;TCI:Turks-Caicos Is.,,MATCH,,MATCH,BORDERLINE_OTHER_NA,CONFIRMED_NATIVE_CENTRAL_AMERICA,"D08B1 routing flags: Canada=FALSE, Alaska=FALSE, Mexico=TRUE, Central_America=TRUE, outside_USA_Canada=TRUE, outside_North_America=FALSE. Transcontinental diagnostic=TRUE; diagnostic-only with zero independent routing authority. Confirmed native Level-3 categorical evidence: BAH:Bahamas;BLZ:Belize;CAY:Cayman Is.;COS:Costa Rica;CPI:Central American Pacific Is.;CUB:Cuba;DOM:Dominican Republic;ELS:El Salvador;FLA:Florida;GUA:Guatemala;HAI:Haiti;HON:Honduras;JAM:Jamaica;MXG:Mexico Gulf;MXS:Mexico Southwest;MXT:Mexico Southeast;NIC:Nicaragua;PAN:Panamá;SWC:Southwest Caribbean;TCI:Turks-Caicos Is.. Outside USA+Canada units: BAH:Bahamas;BLZ:Belize;CAY:Cayman Is.;COS:Costa Rica;CPI:Central American Pacific Is.;CUB:Cuba;DOM:Dominican Republic;ELS:El Salvador;GUA:Guatemala;HAI:Haiti;HON:Honduras;JAM:Jamaica;MXG:Mexico Gulf;MXS:Mexico Southwest;MXT:Mexico Southeast;NIC:Nicaragua;PAN:Panamá;SWC:Southwest Caribbean;TCI:Turks-Caicos Is.. Other North-America-side units: BAH:Bahamas;CAY:Cayman Is.;CUB:Cuba;DOM:Dominican Republic;HAI:Haiti;JAM:Jamaica;SWC:Southwest Caribbean;TCI:Turks-Caicos Is.. No Level-3 count was interpreted as area/share/severity; no geometry was inferred.",HOLD_TARGETED_EXTERNAL_RANGE_AUDIT,0,1,0,dc64778032ed9bd301bfc7c14818fc3ba71a3b2621bb4e8b33ec558ecdf3d16d,559a2d6f7b0d67ad886468a2c0098e117c824f196f0a85d3bb7d99c466649017
2826455,Gleditsia aquatica,TRUE,FALSE,FALSE,TRUE,FALSE,TRUE,FALSE,FALSE,DIAGNOSTIC_ONLY_ZERO_INDEPENDENT_ROUTING_AUTHORITY,0,1,TAXON_RANGE_BUILD_CONTRACT_v01,ALA:Alabama;ARK:Arkansas;FLA:Florida;GEO:Georgia;ILL:Illinois;INI:Indiana;KTY:Kentucky;LOU:Louisiana;MSI:Mississippi;MSO:Missouri;MXE:Mexico Northeast;NWY:New York;SCA:South Carolina;TEN:Tennessee;TEX:Texas;WVA:West Virginia,MXE:Mexico Northeast,,,,MATCH,,MATCH,BORDERLINE_MEXICO,CONFIRMED_NATIVE_MEXICO,"D08B1 routing flags: Canada=FALSE, Alaska=FALSE, Mexico=TRUE, Central_America=FALSE, outside_USA_Canada=TRUE, outside_North_America=FALSE. Transcontinental diagnostic=FALSE; diagnostic-only with zero independent routing authority. Confirmed native Level-3 categorical evidence: ALA:Alabama;ARK:Arkansas;FLA:Florida;GEO:Georgia;ILL:Illinois;INI:Indiana;KTY:Kentucky;LOU:Louisiana;MSI:Mississippi;MSO:Missouri;MXE:Mexico Northeast;NWY:New York;SCA:South Carolina;TEN:Tennessee;TEX:Texas;WVA:West Virginia. Outside USA+Canada units: MXE:Mexico Northeast. No Level-3 count was interpreted as area/share/severity; no geometry was inferred.",HOLD_TARGETED_EXTERNAL_RANGE_AUDIT,0,1,0,dc64778032ed9bd301bfc7c14818fc3ba71a3b2621bb4e8b33ec558ecdf3d16d,559a2d6f7b0d67ad886468a2c0098e117c824f196f0a85d3bb7d99c466649017
2826513,Gleditsia triacanthos,TRUE,FALSE,FALSE,TRUE,FALSE,TRUE,FALSE,FALSE,DIAGNOSTIC_ONLY_ZERO_INDEPENDENT_ROUTING_AUTHORITY,0,1,TAXON_RANGE_BUILD_CONTRACT_v01,ALA:Alabama;ARK:Arkansas;CNT:Connecticut;DEL:Delaware;FLA:Florida;GEO:Georgia;ILL:Illinois;INI:Indiana;IOW:Iowa;KAN:Kansas;KTY:Kentucky;LOU:Louisiana;MAI:Maine;MAS:Massachusetts;MIC:Michigan;MIN:Minnesota;MRY:Maryland;MSI:Mississippi;MSO:Missouri;MXE:Mexico Northeast;MXN:Mexico Northwest;NCA:North Carolina;NDA:North Dakota;NEB:Nebraska;NEV:Nevada;NWH:New Hampshire;NWJ:New Jersey;NWY:New York;OHI:Ohio;OKL:Oklahoma;PEN:Pennsylvania;RHO:Rhode I.;SCA:South Carolina;SDA:South Dakota;TEN:Tennessee;TEX:Texas;UTA:Utah;VER:Vermont;VRG:Virginia;WDC:District of Columbia;WIS:Wisconsin;WVA:West Virginia;WYO:Wyoming,MXE:Mexico Northeast;MXN:Mexico Northwest,,,,MATCH,,MATCH,BORDERLINE_MEXICO,CONFIRMED_NATIVE_MEXICO,"D08B1 routing flags: Canada=FALSE, Alaska=FALSE, Mexico=TRUE, Central_America=FALSE, outside_USA_Canada=TRUE, outside_North_America=FALSE. Transcontinental diagnostic=FALSE; diagnostic-only with zero independent routing authority. Confirmed native Level-3 categorical evidence: ALA:Alabama;ARK:Arkansas;CNT:Connecticut;DEL:Delaware;FLA:Florida;GEO:Georgia;ILL:Illinois;INI:Indiana;IOW:Iowa;KAN:Kansas;KTY:Kentucky;LOU:Louisiana;MAI:Maine;MAS:Massachusetts;MIC:Michigan;MIN:Minnesota;MRY:Maryland;MSI:Mississippi;MSO:Missouri;MXE:Mexico Northeast;MXN:Mexico Northwest;NCA:North Carolina;NDA:North Dakota;NEB:Nebraska;NEV:Nevada;NWH:New Hampshire;NWJ:New Jersey;NWY:New York;OHI:Ohio;OKL:Oklahoma;PEN:Pennsylvania;RHO:Rhode I.;SCA:South Carolina;SDA:South Dakota;TEN:Tennessee;TEX:Texas;UTA:Utah;VER:Vermont;VRG:Virginia;WDC:District of Columbia;WIS:Wisconsin;WVA:West Virginia;WYO:Wyoming. Outside USA+Canada units: MXE:Mexico Northeast;MXN:Mexico Northwest. No Level-3 count was interpreted as area/share/severity; no geometry was inferred.",HOLD_TARGETED_EXTERNAL_RANGE_AUDIT,0,1,0,dc64778032ed9bd301bfc7c14818fc3ba71a3b2621bb4e8b33ec558ecdf3d16d,559a2d6f7b0d67ad886468a2c0098e117c824f196f0a85d3bb7d99c466649017
2835921,Gymnocladus dioicus,TRUE,TRUE,FALSE,FALSE,FALSE,FALSE,FALSE,FALSE,DIAGNOSTIC_ONLY_ZERO_INDEPENDENT_ROUTING_AUTHORITY,0,1,TAXON_RANGE_BUILD_CONTRACT_v01,ARK:Arkansas;CNT:Connecticut;ILL:Illinois;INI:Indiana;IOW:Iowa;KAN:Kansas;KTY:Kentucky;MAS:Massachusetts;MIC:Michigan;MIN:Minnesota;MRY:Maryland;MSI:Mississippi;MSO:Missouri;NEB:Nebraska;NWY:New York;OHI:Ohio;OKL:Oklahoma;ONT:Ontario;PEN:Pennsylvania;SDA:South Dakota;TEN:Tennessee;TEX:Texas;VRG:Virginia;WIS:Wisconsin;WVA:West Virginia,,,,,MATCH,,MATCH,RETAIN_USCA_AUDIT,CONFIRMED_NATIVE_CANADA,"D08B1 routing flags: Canada=TRUE, Alaska=FALSE, Mexico=FALSE, Central_America=FALSE, outside_USA_Canada=FALSE, outside_North_America=FALSE. Transcontinental diagnostic=FALSE; diagnostic-only with zero independent routing authority. Confirmed native Level-3 categorical evidence: ARK:Arkansas;CNT:Connecticut;ILL:Illinois;INI:Indiana;IOW:Iowa;KAN:Kansas;KTY:Kentucky;MAS:Massachusetts;MIC:Michigan;MIN:Minnesota;MRY:Maryland;MSI:Mississippi;MSO:Missouri;NEB:Nebraska;NWY:New York;OHI:Ohio;OKL:Oklahoma;ONT:Ontario;PEN:Pennsylvania;SDA:South Dakota;TEN:Tennessee;TEX:Texas;VRG:Virginia;WIS:Wisconsin;WVA:West Virginia. No Level-3 count was interpreted as area/share/severity; no geometry was inferred.",RETAIN_FOR_LITTLE_OR_USCA_TRUNCATION_AUDIT,1,0,0,dc64778032ed9bd301bfc7c14818fc3ba71a3b2621bb4e8b33ec558ecdf3d16d,559a2d6f7b0d67ad886468a2c0098e117c824f196f0a85d3bb7d99c466649017
2860502,Ilex cassine,TRUE,FALSE,FALSE,TRUE,FALSE,TRUE,FALSE,TRUE,DIAGNOSTIC_ONLY_ZERO_INDEPENDENT_ROUTING_AUTHORITY,0,1,TAXON_RANGE_BUILD_CONTRACT_v01,ALA:Alabama;BAH:Bahamas;CUB:Cuba;FLA:Florida;GEO:Georgia;LOU:Louisiana;MSI:Mississippi;MXC:Mexico Central;MXE:Mexico Northeast;MXG:Mexico Gulf;MXN:Mexico Northwest;MXS:Mexico Southwest;NCA:North Carolina;SCA:South Carolina;TEX:Texas,BAH:Bahamas;CUB:Cuba;MXC:Mexico Central;MXE:Mexico Northeast;MXG:Mexico Gulf;MXN:Mexico Northwest;MXS:Mexico Southwest,,BAH:Bahamas;CUB:Cuba,,MATCH,,MATCH,BORDERLINE_OTHER_NA,CONFIRMED_NATIVE_OTHER_NA_EXTENSION,"D08B1 routing flags: Canada=FALSE, Alaska=FALSE, Mexico=TRUE, Central_America=FALSE, outside_USA_Canada=TRUE, outside_North_America=FALSE. Transcontinental diagnostic=TRUE; diagnostic-only with zero independent routing authority. Confirmed native Level-3 categorical evidence: ALA:Alabama;BAH:Bahamas;CUB:Cuba;FLA:Florida;GEO:Georgia;LOU:Louisiana;MSI:Mississippi;MXC:Mexico Central;MXE:Mexico Northeast;MXG:Mexico Gulf;MXN:Mexico Northwest;MXS:Mexico Southwest;NCA:North Carolina;SCA:South Carolina;TEX:Texas. Outside USA+Canada units: BAH:Bahamas;CUB:Cuba;MXC:Mexico Central;MXE:Mexico Northeast;MXG:Mexico Gulf;MXN:Mexico Northwest;MXS:Mexico Southwest. Other North-America-side units: BAH:Bahamas;CUB:Cuba. No Level-3 count was interpreted as area/share/severity; no geometry was inferred.",HOLD_TARGETED_EXTERNAL_RANGE_AUDIT,0,1,0,dc64778032ed9bd301bfc7c14818fc3ba71a3b2621bb4e8b33ec558ecdf3d16d,559a2d6f7b0d67ad886468a2c0098e117c824f196f0a85d3bb7d99c466649017
2861645,Ilex vomitoria,TRUE,FALSE,FALSE,TRUE,FALSE,TRUE,FALSE,TRUE,DIAGNOSTIC_ONLY_ZERO_INDEPENDENT_ROUTING_AUTHORITY,0,1,TAXON_RANGE_BUILD_CONTRACT_v01,ALA:Alabama;ARK:Arkansas;CUB:Cuba;FLA:Florida;GEO:Georgia;LOU:Louisiana;MSI:Mississippi;MXT:Mexico Southeast;NCA:North Carolina;OKL:Oklahoma;SCA:South Carolina;TEX:Texas;VRG:Virginia,CUB:Cuba;MXT:Mexico Southeast,,CUB:Cuba,,MATCH,,MATCH,BORDERLINE_OTHER_NA,CONFIRMED_NATIVE_OTHER_NA_EXTENSION,"D08B1 routing flags: Canada=FALSE, Alaska=FALSE, Mexico=TRUE, Central_America=FALSE, outside_USA_Canada=TRUE, outside_North_America=FALSE. Transcontinental diagnostic=TRUE; diagnostic-only with zero independent routing authority. Confirmed native Level-3 categorical evidence: ALA:Alabama;ARK:Arkansas;CUB:Cuba;FLA:Florida;GEO:Georgia;LOU:Louisiana;MSI:Mississippi;MXT:Mexico Southeast;NCA:North Carolina;OKL:Oklahoma;SCA:South Carolina;TEX:Texas;VRG:Virginia. Outside USA+Canada units: CUB:Cuba;MXT:Mexico Southeast. Other North-America-side units: CUB:Cuba. No Level-3 count was interpreted as area/share/severity; no geometry was inferred.",HOLD_TARGETED_EXTERNAL_RANGE_AUDIT,0,1,0,dc64778032ed9bd301bfc7c14818fc3ba71a3b2621bb4e8b33ec558ecdf3d16d,559a2d6f7b0d67ad886468a2c0098e117c824f196f0a85d3bb7d99c466649017
2915966,Prunus serotina,TRUE,TRUE,FALSE,TRUE,TRUE,TRUE,FALSE,TRUE,DIAGNOSTIC_ONLY_ZERO_INDEPENDENT_ROUTING_AUTHORITY,0,1,TAXON_RANGE_BUILD_CONTRACT_v01,ALA:Alabama;ARI:Arizona;ARK:Arkansas;BRC:British Columbia;CNT:Connecticut;COL:Colorado;DEL:Delaware;ELS:El Salvador;FLA:Florida;GEO:Georgia;GUA:Guatemala;HON:Honduras;ILL:Illinois;INI:Indiana;IOW:Iowa;KAN:Kansas;KTY:Kentucky;LOU:Louisiana;MAI:Maine;MAS:Massachusetts;MIC:Michigan;MIN:Minnesota;MRY:Maryland;MSI:Mississippi;MSO:Missouri;MXC:Mexico Central;MXE:Mexico Northeast;MXG:Mexico Gulf;MXI:Mexican Pacific Is.;MXN:Mexico Northwest;MXS:Mexico Southwest;MXT:Mexico Southeast;NBR:New Brunswick;NCA:North Carolina;NEB:Nebraska;NSC:Nova Scotia;NWH:New Hampshire;NWJ:New Jersey;NWM:New Mexico;NWY:New York;OHI:Ohio;OKL:Oklahoma;ONT:Ontario;PAN:Panamá;PEN:Pennsylvania;QUE:Québec;RHO:Rhode I.;SCA:South Carolina;TEN:Tennessee;TEX:Texas;VER:Vermont;VRG:Virginia;WAS:Washington;WDC:District of Columbia;WIS:Wisconsin;WVA:West Virginia,ELS:El Salvador;GUA:Guatemala;HON:Honduras;MXC:Mexico Central;MXE:Mexico Northeast;MXG:Mexico Gulf;MXI:Mexican Pacific Is.;MXN:Mexico Northwest;MXS:Mexico Southwest;MXT:Mexico Southeast;PAN:Panamá,,,,MATCH,,MATCH,BORDERLINE_OTHER_NA,CONFIRMED_NATIVE_CENTRAL_AMERICA,"D08B1 routing flags: Canada=TRUE, Alaska=FALSE, Mexico=TRUE, Central_America=TRUE, outside_USA_Canada=TRUE, outside_North_America=FALSE. Transcontinental diagnostic=TRUE; diagnostic-only with zero independent routing authority. Confirmed native Level-3 categorical evidence: ALA:Alabama;ARI:Arizona;ARK:Arkansas;BRC:British Columbia;CNT:Connecticut;COL:Colorado;DEL:Delaware;ELS:El Salvador;FLA:Florida;GEO:Georgia;GUA:Guatemala;HON:Honduras;ILL:Illinois;INI:Indiana;IOW:Iowa;KAN:Kansas;KTY:Kentucky;LOU:Louisiana;MAI:Maine;MAS:Massachusetts;MIC:Michigan;MIN:Minnesota;MRY:Maryland;MSI:Mississippi;MSO:Missouri;MXC:Mexico Central;MXE:Mexico Northeast;MXG:Mexico Gulf;MXI:Mexican Pacific Is.;MXN:Mexico Northwest;MXS:Mexico Southwest;MXT:Mexico Southeast;NBR:New Brunswick;NCA:North Carolina;NEB:Nebraska;NSC:Nova Scotia;NWH:New Hampshire;NWJ:New Jersey;NWM:New Mexico;NWY:New York;OHI:Ohio;OKL:Oklahoma;ONT:Ontario;PAN:Panamá;PEN:Pennsylvania;QUE:Québec;RHO:Rhode I.;SCA:South Carolina;TEN:Tennessee;TEX:Texas;VER:Vermont;VRG:Virginia;WAS:Washington;WDC:District of Columbia;WIS:Wisconsin;WVA:West Virginia. Outside USA+Canada units: ELS:El Salvador;GUA:Guatemala;HON:Honduras;MXC:Mexico Central;MXE:Mexico Northeast;MXG:Mexico Gulf;MXI:Mexican Pacific Is.;MXN:Mexico Northwest;MXS:Mexico Southwest;MXT:Mexico Southeast;PAN:Panamá. No Level-3 count was interpreted as area/share/severity; no geometry was inferred.",HOLD_TARGETED_EXTERNAL_RANGE_AUDIT,0,1,0,dc64778032ed9bd301bfc7c14818fc3ba71a3b2621bb4e8b33ec558ecdf3d16d,559a2d6f7b0d67ad886468a2c0098e117c824f196f0a85d3bb7d99c466649017
2917212,Populus deltoides,TRUE,TRUE,FALSE,TRUE,FALSE,TRUE,FALSE,FALSE,DIAGNOSTIC_ONLY_ZERO_INDEPENDENT_ROUTING_AUTHORITY,0,1,TAXON_RANGE_BUILD_CONTRACT_v01,ABT:Alberta;ALA:Alabama;ARI:Arizona;ARK:Arkansas;CNT:Connecticut;COL:Colorado;DEL:Delaware;FLA:Florida;GEO:Georgia;IDA:Idaho;ILL:Illinois;INI:Indiana;IOW:Iowa;KAN:Kansas;KTY:Kentucky;LOU:Louisiana;MAN:Manitoba;MAS:Massachusetts;MIC:Michigan;MIN:Minnesota;MNT:Montana;MRY:Maryland;MSI:Mississippi;MSO:Missouri;MXE:Mexico Northeast;MXG:Mexico Gulf;MXN:Mexico Northwest;MXS:Mexico Southwest;NCA:North Carolina;NDA:North Dakota;NEB:Nebraska;NWH:New Hampshire;NWJ:New Jersey;NWM:New Mexico;NWY:New York;OHI:Ohio;OKL:Oklahoma;ONT:Ontario;ORE:Oregon;PEN:Pennsylvania;QUE:Québec;SAS:Saskatchewan;SCA:South Carolina;SDA:South Dakota;TEN:Tennessee;TEX:Texas;UTA:Utah;VER:Vermont;VRG:Virginia;WAS:Washington;WDC:District of Columbia;WIS:Wisconsin;WVA:West Virginia;WYO:Wyoming,MXE:Mexico Northeast;MXG:Mexico Gulf;MXN:Mexico Northwest;MXS:Mexico Southwest,,,,MATCH,,MATCH,BORDERLINE_MEXICO,CONFIRMED_NATIVE_MEXICO,"D08B1 routing flags: Canada=TRUE, Alaska=FALSE, Mexico=TRUE, Central_America=FALSE, outside_USA_Canada=TRUE, outside_North_America=FALSE. Transcontinental diagnostic=FALSE; diagnostic-only with zero independent routing authority. Confirmed native Level-3 categorical evidence: ABT:Alberta;ALA:Alabama;ARI:Arizona;ARK:Arkansas;CNT:Connecticut;COL:Colorado;DEL:Delaware;FLA:Florida;GEO:Georgia;IDA:Idaho;ILL:Illinois;INI:Indiana;IOW:Iowa;KAN:Kansas;KTY:Kentucky;LOU:Louisiana;MAN:Manitoba;MAS:Massachusetts;MIC:Michigan;MIN:Minnesota;MNT:Montana;MRY:Maryland;MSI:Mississippi;MSO:Missouri;MXE:Mexico Northeast;MXG:Mexico Gulf;MXN:Mexico Northwest;MXS:Mexico Southwest;NCA:North Carolina;NDA:North Dakota;NEB:Nebraska;NWH:New Hampshire;NWJ:New Jersey;NWM:New Mexico;NWY:New York;OHI:Ohio;OKL:Oklahoma;ONT:Ontario;ORE:Oregon;PEN:Pennsylvania;QUE:Québec;SAS:Saskatchewan;SCA:South Carolina;SDA:South Dakota;TEN:Tennessee;TEX:Texas;UTA:Utah;VER:Vermont;VRG:Virginia;WAS:Washington;WDC:District of Columbia;WIS:Wisconsin;WVA:West Virginia;WYO:Wyoming. Outside USA+Canada units: MXE:Mexico Northeast;MXG:Mexico Gulf;MXN:Mexico Northwest;MXS:Mexico Southwest. No Level-3 count was interpreted as area/share/severity; no geometry was inferred.",HOLD_TARGETED_EXTERNAL_RANGE_AUDIT,0,1,0,dc64778032ed9bd301bfc7c14818fc3ba71a3b2621bb4e8b33ec558ecdf3d16d,559a2d6f7b0d67ad886468a2c0098e117c824f196f0a85d3bb7d99c466649017
2917269,Populus fremontii,TRUE,FALSE,FALSE,TRUE,FALSE,TRUE,FALSE,FALSE,DIAGNOSTIC_ONLY_ZERO_INDEPENDENT_ROUTING_AUTHORITY,0,1,TAXON_RANGE_BUILD_CONTRACT_v01,ARI:Arizona;CAL:California;IDA:Idaho;MXC:Mexico Central;MXE:Mexico Northeast;MXN:Mexico Northwest;MXS:Mexico Southwest;MXT:Mexico Southeast;NEV:Nevada;NWM:New Mexico;TEX:Texas;UTA:Utah,MXC:Mexico Central;MXE:Mexico Northeast;MXN:Mexico Northwest;MXS:Mexico Southwest;MXT:Mexico Southeast,,,,MATCH,,MATCH,BORDERLINE_MEXICO,CONFIRMED_NATIVE_MEXICO,"D08B1 routing flags: Canada=FALSE, Alaska=FALSE, Mexico=TRUE, Central_America=FALSE, outside_USA_Canada=TRUE, outside_North_America=FALSE. Transcontinental diagnostic=FALSE; diagnostic-only with zero independent routing authority. Confirmed native Level-3 categorical evidence: ARI:Arizona;CAL:California;IDA:Idaho;MXC:Mexico Central;MXE:Mexico Northeast;MXN:Mexico Northwest;MXS:Mexico Southwest;MXT:Mexico Southeast;NEV:Nevada;NWM:New Mexico;TEX:Texas;UTA:Utah. Outside USA+Canada units: MXC:Mexico Central;MXE:Mexico Northeast;MXN:Mexico Northwest;MXS:Mexico Southwest;MXT:Mexico Southeast. No Level-3 count was interpreted as area/share/severity; no geometry was inferred.",HOLD_TARGETED_EXTERNAL_RANGE_AUDIT,0,1,0,dc64778032ed9bd301bfc7c14818fc3ba71a3b2621bb4e8b33ec558ecdf3d16d,559a2d6f7b0d67ad886468a2c0098e117c824f196f0a85d3bb7d99c466649017
2917437,Populus tristis,TRUE,TRUE,TRUE,TRUE,FALSE,TRUE,FALSE,FALSE,DIAGNOSTIC_ONLY_ZERO_INDEPENDENT_ROUTING_AUTHORITY,0,1,TAXON_RANGE_BUILD_CONTRACT_v01,ABT:Alberta;ASK:Alaska;BRC:British Columbia;CAL:California;IDA:Idaho;MNT:Montana;MXN:Mexico Northwest;NEV:Nevada;ORE:Oregon;UTA:Utah;WAS:Washington;WYO:Wyoming,MXN:Mexico Northwest,,,,MATCH,,MATCH,BORDERLINE_MEXICO,CONFIRMED_NATIVE_MEXICO,"D08B1 routing flags: Canada=TRUE, Alaska=TRUE, Mexico=TRUE, Central_America=FALSE, outside_USA_Canada=TRUE, outside_North_America=FALSE. Transcontinental diagnostic=FALSE; diagnostic-only with zero independent routing authority. Confirmed native Level-3 categorical evidence: ABT:Alberta;ASK:Alaska;BRC:British Columbia;CAL:California;IDA:Idaho;MNT:Montana;MXN:Mexico Northwest;NEV:Nevada;ORE:Oregon;UTA:Utah;WAS:Washington;WYO:Wyoming. Outside USA+Canada units: MXN:Mexico Northwest. No Level-3 count was interpreted as area/share/severity; no geometry was inferred.",HOLD_TARGETED_EXTERNAL_RANGE_AUDIT,0,1,0,dc64778032ed9bd301bfc7c14818fc3ba71a3b2621bb4e8b33ec558ecdf3d16d,559a2d6f7b0d67ad886468a2c0098e117c824f196f0a85d3bb7d99c466649017
2917451,Populus tremuloides,TRUE,TRUE,TRUE,TRUE,FALSE,TRUE,FALSE,FALSE,DIAGNOSTIC_ONLY_ZERO_INDEPENDENT_ROUTING_AUTHORITY,0,1,TAXON_RANGE_BUILD_CONTRACT_v01,ABT:Alberta;ARI:Arizona;ASK:Alaska;BRC:British Columbia;CAL:California;CNT:Connecticut;COL:Colorado;DEL:Delaware;IDA:Idaho;ILL:Illinois;INI:Indiana;IOW:Iowa;LAB:Labrador;MAI:Maine;MAN:Manitoba;MAS:Massachusetts;MIC:Michigan;MIN:Minnesota;MNT:Montana;MRY:Maryland;MSO:Missouri;MXC:Mexico Central;MXE:Mexico Northeast;MXG:Mexico Gulf;MXN:Mexico Northwest;MXS:Mexico Southwest;NBR:New Brunswick;NCA:North Carolina;NDA:North Dakota;NEB:Nebraska;NEV:Nevada;NFL:Newfoundland;NSC:Nova Scotia;NUN:Nunavut;NWH:New Hampshire;NWJ:New Jersey;NWM:New Mexico;NWT:Northwest Territories;NWY:New York;OHI:Ohio;ONT:Ontario;ORE:Oregon;PEI:Prince Edward I.;PEN:Pennsylvania;QUE:Québec;RHO:Rhode I.;SAS:Saskatchewan;SDA:South Dakota;TEX:Texas;UTA:Utah;VER:Vermont;VRG:Virginia;WAS:Washington;WIS:Wisconsin;WVA:West Virginia;WYO:Wyoming;YUK:Yukon,MXC:Mexico Central;MXE:Mexico Northeast;MXG:Mexico Gulf;MXN:Mexico Northwest;MXS:Mexico Southwest,,,,MATCH,,MATCH,BORDERLINE_MEXICO,CONFIRMED_NATIVE_MEXICO,"D08B1 routing flags: Canada=TRUE, Alaska=TRUE, Mexico=TRUE, Central_America=FALSE, outside_USA_Canada=TRUE, outside_North_America=FALSE. Transcontinental diagnostic=FALSE; diagnostic-only with zero independent routing authority. Confirmed native Level-3 categorical evidence: ABT:Alberta;ARI:Arizona;ASK:Alaska;BRC:British Columbia;CAL:California;CNT:Connecticut;COL:Colorado;DEL:Delaware;IDA:Idaho;ILL:Illinois;INI:Indiana;IOW:Iowa;LAB:Labrador;MAI:Maine;MAN:Manitoba;MAS:Massachusetts;MIC:Michigan;MIN:Minnesota;MNT:Montana;MRY:Maryland;MSO:Missouri;MXC:Mexico Central;MXE:Mexico Northeast;MXG:Mexico Gulf;MXN:Mexico Northwest;MXS:Mexico Southwest;NBR:New Brunswick;NCA:North Carolina;NDA:North Dakota;NEB:Nebraska;NEV:Nevada;NFL:Newfoundland;NSC:Nova Scotia;NUN:Nunavut;NWH:New Hampshire;NWJ:New Jersey;NWM:New Mexico;NWT:Northwest Territories;NWY:New York;OHI:Ohio;ONT:Ontario;ORE:Oregon;PEI:Prince Edward I.;PEN:Pennsylvania;QUE:Québec;RHO:Rhode I.;SAS:Saskatchewan;SDA:South Dakota;TEX:Texas;UTA:Utah;VER:Vermont;VRG:Virginia;WAS:Washington;WIS:Wisconsin;WVA:West Virginia;WYO:Wyoming;YUK:Yukon. Outside USA+Canada units: MXC:Mexico Central;MXE:Mexico Northeast;MXG:Mexico Gulf;MXN:Mexico Northwest;MXS:Mexico Southwest. No Level-3 count was interpreted as area/share/severity; no geometry was inferred.",HOLD_TARGETED_EXTERNAL_RANGE_AUDIT,0,1,0,dc64778032ed9bd301bfc7c14818fc3ba71a3b2621bb4e8b33ec558ecdf3d16d,559a2d6f7b0d67ad886468a2c0098e117c824f196f0a85d3bb7d99c466649017
2917577,Populus grandidentata,TRUE,TRUE,FALSE,FALSE,FALSE,FALSE,FALSE,FALSE,DIAGNOSTIC_ONLY_ZERO_INDEPENDENT_ROUTING_AUTHORITY,0,1,TAXON_RANGE_BUILD_CONTRACT_v01,CNT:Connecticut;DEL:Delaware;ILL:Illinois;INI:Indiana;IOW:Iowa;KTY:Kentucky;MAI:Maine;MAN:Manitoba;MAS:Massachusetts;MIC:Michigan;MIN:Minnesota;MRY:Maryland;MSO:Missouri;NBR:New Brunswick;NCA:North Carolina;NSC:Nova Scotia;NWH:New Hampshire;NWJ:New Jersey;NWY:New York;OHI:Ohio;ONT:Ontario;PEI:Prince Edward I.;PEN:Pennsylvania;QUE:Québec;RHO:Rhode I.;TEN:Tennessee;VER:Vermont;VRG:Virginia;WDC:District of Columbia;WIS:Wisconsin;WVA:West Virginia,,,,,MATCH,,MATCH,RETAIN_USCA_AUDIT,CONFIRMED_NATIVE_CANADA,"D08B1 routing flags: Canada=TRUE, Alaska=FALSE, Mexico=FALSE, Central_America=FALSE, outside_USA_Canada=FALSE, outside_North_America=FALSE. Transcontinental diagnostic=FALSE; diagnostic-only with zero independent routing authority. Confirmed native Level-3 categorical evidence: CNT:Connecticut;DEL:Delaware;ILL:Illinois;INI:Indiana;IOW:Iowa;KTY:Kentucky;MAI:Maine;MAN:Manitoba;MAS:Massachusetts;MIC:Michigan;MIN:Minnesota;MRY:Maryland;MSO:Missouri;NBR:New Brunswick;NCA:North Carolina;NSC:Nova Scotia;NWH:New Hampshire;NWJ:New Jersey;NWY:New York;OHI:Ohio;ONT:Ontario;PEI:Prince Edward I.;PEN:Pennsylvania;QUE:Québec;RHO:Rhode I.;TEN:Tennessee;VER:Vermont;VRG:Virginia;WDC:District of Columbia;WIS:Wisconsin;WVA:West Virginia. No Level-3 count was interpreted as area/share/severity; no geometry was inferred.",RETAIN_FOR_LITTLE_OR_USCA_TRUNCATION_AUDIT,1,0,0,dc64778032ed9bd301bfc7c14818fc3ba71a3b2621bb4e8b33ec558ecdf3d16d,559a2d6f7b0d67ad886468a2c0098e117c824f196f0a85d3bb7d99c466649017
2917593,Populus heterophylla,TRUE,TRUE,FALSE,FALSE,FALSE,FALSE,FALSE,FALSE,DIAGNOSTIC_ONLY_ZERO_INDEPENDENT_ROUTING_AUTHORITY,0,1,TAXON_RANGE_BUILD_CONTRACT_v01_SEMANTICS_UNCHANGED,ALA:Alabama;ARK:Arkansas;CNT:Connecticut;DEL:Delaware;FLA:Florida;GEO:Georgia;ILL:Illinois;INI:Indiana;KTY:Kentucky;LOU:Louisiana;MIC:Michigan;MRY:Maryland;MSI:Mississippi;MSO:Missouri;NCA:North Carolina;NWJ:New Jersey;NWY:New York;OHI:Ohio;ONT:Ontario;SCA:South Carolina;TEN:Tennessee;VRG:Virginia;WDC:District of Columbia,,,,,MATCH,,MATCH,RETAIN_USCA_AUDIT,CONFIRMED_NATIVE_CANADA,"D08B1 routing flags: Canada=TRUE, Alaska=FALSE, Mexico=FALSE, Central_America=FALSE, outside_USA_Canada=FALSE, outside_North_America=FALSE. Transcontinental diagnostic=FALSE; diagnostic-only with zero independent routing authority. Confirmed native Level-3 categorical evidence: ALA:Alabama;ARK:Arkansas;CNT:Connecticut;DEL:Delaware;FLA:Florida;GEO:Georgia;ILL:Illinois;INI:Indiana;KTY:Kentucky;LOU:Louisiana;MIC:Michigan;MRY:Maryland;MSI:Mississippi;MSO:Missouri;NCA:North Carolina;NWJ:New Jersey;NWY:New York;OHI:Ohio;ONT:Ontario;SCA:South Carolina;TEN:Tennessee;VRG:Virginia;WDC:District of Columbia. No Level-3 count was interpreted as area/share/severity; no geometry was inferred.",RETAIN_FOR_LITTLE_OR_USCA_TRUNCATION_AUDIT,1,0,0,dc64778032ed9bd301bfc7c14818fc3ba71a3b2621bb4e8b33ec558ecdf3d16d,559a2d6f7b0d67ad886468a2c0098e117c824f196f0a85d3bb7d99c466649017
2918617,Salix amygdaloides,TRUE,TRUE,FALSE,FALSE,FALSE,FALSE,FALSE,FALSE,DIAGNOSTIC_ONLY_ZERO_INDEPENDENT_ROUTING_AUTHORITY,0,1,TAXON_RANGE_BUILD_CONTRACT_v01,ABT:Alberta;ARI:Arizona;BRC:British Columbia;COL:Colorado;IDA:Idaho;ILL:Illinois;INI:Indiana;IOW:Iowa;KAN:Kansas;KTY:Kentucky;MAN:Manitoba;MIC:Michigan;MIN:Minnesota;MNT:Montana;MSO:Missouri;NDA:North Dakota;NEB:Nebraska;NEV:Nevada;NWM:New Mexico;NWY:New York;OHI:Ohio;OKL:Oklahoma;ONT:Ontario;ORE:Oregon;PEN:Pennsylvania;QUE:Québec;SAS:Saskatchewan;SDA:South Dakota;TEX:Texas;UTA:Utah;VER:Vermont;WAS:Washington;WIS:Wisconsin;WYO:Wyoming,,,,,MATCH,,MATCH,RETAIN_USCA_AUDIT,CONFIRMED_NATIVE_CANADA,"D08B1 routing flags: Canada=TRUE, Alaska=FALSE, Mexico=FALSE, Central_America=FALSE, outside_USA_Canada=FALSE, outside_North_America=FALSE. Transcontinental diagnostic=FALSE; diagnostic-only with zero independent routing authority. Confirmed native Level-3 categorical evidence: ABT:Alberta;ARI:Arizona;BRC:British Columbia;COL:Colorado;IDA:Idaho;ILL:Illinois;INI:Indiana;IOW:Iowa;KAN:Kansas;KTY:Kentucky;MAN:Manitoba;MIC:Michigan;MIN:Minnesota;MNT:Montana;MSO:Missouri;NDA:North Dakota;NEB:Nebraska;NEV:Nevada;NWM:New Mexico;NWY:New York;OHI:Ohio;OKL:Oklahoma;ONT:Ontario;ORE:Oregon;PEN:Pennsylvania;QUE:Québec;SAS:Saskatchewan;SDA:South Dakota;TEX:Texas;UTA:Utah;VER:Vermont;WAS:Washington;WIS:Wisconsin;WYO:Wyoming. No Level-3 count was interpreted as area/share/severity; no geometry was inferred.",RETAIN_FOR_LITTLE_OR_USCA_TRUNCATION_AUDIT,1,0,0,dc64778032ed9bd301bfc7c14818fc3ba71a3b2621bb4e8b33ec558ecdf3d16d,559a2d6f7b0d67ad886468a2c0098e117c824f196f0a85d3bb7d99c466649017
2919167,Salix caroliniana,TRUE,FALSE,FALSE,TRUE,TRUE,TRUE,FALSE,TRUE,DIAGNOSTIC_ONLY_ZERO_INDEPENDENT_ROUTING_AUTHORITY,0,1,TAXON_RANGE_BUILD_CONTRACT_v01,ALA:Alabama;ARK:Arkansas;FLA:Florida;GEO:Georgia;GUA:Guatemala;ILL:Illinois;INI:Indiana;KAN:Kansas;KTY:Kentucky;LOU:Louisiana;MRY:Maryland;MSI:Mississippi;MSO:Missouri;MXE:Mexico Northeast;NCA:North Carolina;OHI:Ohio;OKL:Oklahoma;PEN:Pennsylvania;SCA:South Carolina;TEN:Tennessee;TEX:Texas;VRG:Virginia;WDC:District of Columbia;WVA:West Virginia,GUA:Guatemala;MXE:Mexico Northeast,,,,MATCH,,MATCH,BORDERLINE_OTHER_NA,CONFIRMED_NATIVE_CENTRAL_AMERICA,"D08B1 routing flags: Canada=FALSE, Alaska=FALSE, Mexico=TRUE, Central_America=TRUE, outside_USA_Canada=TRUE, outside_North_America=FALSE. Transcontinental diagnostic=TRUE; diagnostic-only with zero independent routing authority. Confirmed native Level-3 categorical evidence: ALA:Alabama;ARK:Arkansas;FLA:Florida;GEO:Georgia;GUA:Guatemala;ILL:Illinois;INI:Indiana;KAN:Kansas;KTY:Kentucky;LOU:Louisiana;MRY:Maryland;MSI:Mississippi;MSO:Missouri;MXE:Mexico Northeast;NCA:North Carolina;OHI:Ohio;OKL:Oklahoma;PEN:Pennsylvania;SCA:South Carolina;TEN:Tennessee;TEX:Texas;VRG:Virginia;WDC:District of Columbia;WVA:West Virginia. Outside USA+Canada units: GUA:Guatemala;MXE:Mexico Northeast. No Level-3 count was interpreted as area/share/severity; no geometry was inferred.",HOLD_TARGETED_EXTERNAL_RANGE_AUDIT,0,1,0,dc64778032ed9bd301bfc7c14818fc3ba71a3b2621bb4e8b33ec558ecdf3d16d,559a2d6f7b0d67ad886468a2c0098e117c824f196f0a85d3bb7d99c466649017
2919837,Salix nigra,TRUE,TRUE,FALSE,TRUE,FALSE,TRUE,FALSE,FALSE,DIAGNOSTIC_ONLY_ZERO_INDEPENDENT_ROUTING_AUTHORITY,0,1,TAXON_RANGE_BUILD_CONTRACT_v01,ALA:Alabama;ARK:Arkansas;CNT:Connecticut;DEL:Delaware;FLA:Florida;GEO:Georgia;ILL:Illinois;INI:Indiana;IOW:Iowa;KAN:Kansas;KTY:Kentucky;LOU:Louisiana;MAI:Maine;MAS:Massachusetts;MIC:Michigan;MIN:Minnesota;MRY:Maryland;MSI:Mississippi;MSO:Missouri;MXC:Mexico Central;MXE:Mexico Northeast;MXN:Mexico Northwest;MXS:Mexico Southwest;NBR:New Brunswick;NCA:North Carolina;NEB:Nebraska;NWH:New Hampshire;NWJ:New Jersey;NWM:New Mexico;NWY:New York;OHI:Ohio;OKL:Oklahoma;ONT:Ontario;PEN:Pennsylvania;QUE:Québec;RHO:Rhode I.;SCA:South Carolina;TEN:Tennessee;TEX:Texas;VER:Vermont;VRG:Virginia;WDC:District of Columbia;WIS:Wisconsin,MXC:Mexico Central;MXE:Mexico Northeast;MXN:Mexico Northwest;MXS:Mexico Southwest,,,,MATCH,,MATCH,BORDERLINE_MEXICO,CONFIRMED_NATIVE_MEXICO,"D08B1 routing flags: Canada=TRUE, Alaska=FALSE, Mexico=TRUE, Central_America=FALSE, outside_USA_Canada=TRUE, outside_North_America=FALSE. Transcontinental diagnostic=FALSE; diagnostic-only with zero independent routing authority. Confirmed native Level-3 categorical evidence: ALA:Alabama;ARK:Arkansas;CNT:Connecticut;DEL:Delaware;FLA:Florida;GEO:Georgia;ILL:Illinois;INI:Indiana;IOW:Iowa;KAN:Kansas;KTY:Kentucky;LOU:Louisiana;MAI:Maine;MAS:Massachusetts;MIC:Michigan;MIN:Minnesota;MRY:Maryland;MSI:Mississippi;MSO:Missouri;MXC:Mexico Central;MXE:Mexico Northeast;MXN:Mexico Northwest;MXS:Mexico Southwest;NBR:New Brunswick;NCA:North Carolina;NEB:Nebraska;NWH:New Hampshire;NWJ:New Jersey;NWM:New Mexico;NWY:New York;OHI:Ohio;OKL:Oklahoma;ONT:Ontario;PEN:Pennsylvania;QUE:Québec;RHO:Rhode I.;SCA:South Carolina;TEN:Tennessee;TEX:Texas;VER:Vermont;VRG:Virginia;WDC:District of Columbia;WIS:Wisconsin. Outside USA+Canada units: MXC:Mexico Central;MXE:Mexico Northeast;MXN:Mexico Northwest;MXS:Mexico Southwest. No Level-3 count was interpreted as area/share/severity; no geometry was inferred.",HOLD_TARGETED_EXTERNAL_RANGE_AUDIT,0,1,0,dc64778032ed9bd301bfc7c14818fc3ba71a3b2621bb4e8b33ec558ecdf3d16d,559a2d6f7b0d67ad886468a2c0098e117c824f196f0a85d3bb7d99c466649017
2921945,Populus angustifolia,TRUE,TRUE,FALSE,TRUE,FALSE,TRUE,FALSE,FALSE,DIAGNOSTIC_ONLY_ZERO_INDEPENDENT_ROUTING_AUTHORITY,0,1,TAXON_RANGE_BUILD_CONTRACT_v01,ABT:Alberta;ARI:Arizona;COL:Colorado;IDA:Idaho;MNT:Montana;MXE:Mexico Northeast;MXN:Mexico Northwest;NEB:Nebraska;NEV:Nevada;NWM:New Mexico;SAS:Saskatchewan;SDA:South Dakota;TEX:Texas;UTA:Utah;WYO:Wyoming,MXE:Mexico Northeast;MXN:Mexico Northwest,,,,MATCH,,MATCH,BORDERLINE_MEXICO,CONFIRMED_NATIVE_MEXICO,"D08B1 routing flags: Canada=TRUE, Alaska=FALSE, Mexico=TRUE, Central_America=FALSE, outside_USA_Canada=TRUE, outside_North_America=FALSE. Transcontinental diagnostic=FALSE; diagnostic-only with zero independent routing authority. Confirmed native Level-3 categorical evidence: ABT:Alberta;ARI:Arizona;COL:Colorado;IDA:Idaho;MNT:Montana;MXE:Mexico Northeast;MXN:Mexico Northwest;NEB:Nebraska;NEV:Nevada;NWM:New Mexico;SAS:Saskatchewan;SDA:South Dakota;TEX:Texas;UTA:Utah;WYO:Wyoming. Outside USA+Canada units: MXE:Mexico Northeast;MXN:Mexico Northwest. No Level-3 count was interpreted as area/share/severity; no geometry was inferred.",HOLD_TARGETED_EXTERNAL_RANGE_AUDIT,0,1,0,dc64778032ed9bd301bfc7c14818fc3ba71a3b2621bb4e8b33ec558ecdf3d16d,559a2d6f7b0d67ad886468a2c0098e117c824f196f0a85d3bb7d99c466649017
2940130,Amelanchier arborea,TRUE,TRUE,FALSE,FALSE,FALSE,FALSE,FALSE,FALSE,DIAGNOSTIC_ONLY_ZERO_INDEPENDENT_ROUTING_AUTHORITY,0,1,TAXON_RANGE_BUILD_CONTRACT_v01,ALA:Alabama;ARK:Arkansas;CNT:Connecticut;DEL:Delaware;FLA:Florida;GEO:Georgia;ILL:Illinois;INI:Indiana;IOW:Iowa;KAN:Kansas;KTY:Kentucky;LOU:Louisiana;MAI:Maine;MAS:Massachusetts;MIC:Michigan;MIN:Minnesota;MRY:Maryland;MSI:Mississippi;MSO:Missouri;NBR:New Brunswick;NCA:North Carolina;NEB:Nebraska;NSC:Nova Scotia;NWH:New Hampshire;NWJ:New Jersey;NWY:New York;OHI:Ohio;OKL:Oklahoma;ONT:Ontario;PEN:Pennsylvania;QUE:Québec;RHO:Rhode I.;SCA:South Carolina;TEN:Tennessee;TEX:Texas;VER:Vermont;VRG:Virginia;WDC:District of Columbia;WIS:Wisconsin;WVA:West Virginia,,,,,MATCH,,MATCH,RETAIN_USCA_AUDIT,CONFIRMED_NATIVE_CANADA,"D08B1 routing flags: Canada=TRUE, Alaska=FALSE, Mexico=FALSE, Central_America=FALSE, outside_USA_Canada=FALSE, outside_North_America=FALSE. Transcontinental diagnostic=FALSE; diagnostic-only with zero independent routing authority. Confirmed native Level-3 categorical evidence: ALA:Alabama;ARK:Arkansas;CNT:Connecticut;DEL:Delaware;FLA:Florida;GEO:Georgia;ILL:Illinois;INI:Indiana;IOW:Iowa;KAN:Kansas;KTY:Kentucky;LOU:Louisiana;MAI:Maine;MAS:Massachusetts;MIC:Michigan;MIN:Minnesota;MRY:Maryland;MSI:Mississippi;MSO:Missouri;NBR:New Brunswick;NCA:North Carolina;NEB:Nebraska;NSC:Nova Scotia;NWH:New Hampshire;NWJ:New Jersey;NWY:New York;OHI:Ohio;OKL:Oklahoma;ONT:Ontario;PEN:Pennsylvania;QUE:Québec;RHO:Rhode I.;SCA:South Carolina;TEN:Tennessee;TEX:Texas;VER:Vermont;VRG:Virginia;WDC:District of Columbia;WIS:Wisconsin;WVA:West Virginia. No Level-3 count was interpreted as area/share/severity; no geometry was inferred.",RETAIN_FOR_LITTLE_OR_USCA_TRUNCATION_AUDIT,1,0,0,dc64778032ed9bd301bfc7c14818fc3ba71a3b2621bb4e8b33ec558ecdf3d16d,559a2d6f7b0d67ad886468a2c0098e117c824f196f0a85d3bb7d99c466649017
2940246,Amelanchier laevis,TRUE,TRUE,FALSE,FALSE,FALSE,FALSE,FALSE,FALSE,DIAGNOSTIC_ONLY_ZERO_INDEPENDENT_ROUTING_AUTHORITY,0,1,TAXON_RANGE_BUILD_CONTRACT_v01,ALA:Alabama;CNT:Connecticut;DEL:Delaware;GEO:Georgia;ILL:Illinois;INI:Indiana;IOW:Iowa;KTY:Kentucky;MAI:Maine;MAS:Massachusetts;MIC:Michigan;MIN:Minnesota;MRY:Maryland;NBR:New Brunswick;NFL:Newfoundland;NSC:Nova Scotia;NWH:New Hampshire;NWJ:New Jersey;NWY:New York;OHI:Ohio;ONT:Ontario;PEI:Prince Edward I.;PEN:Pennsylvania;QUE:Québec;RHO:Rhode I.;SCA:South Carolina;TEN:Tennessee;VER:Vermont;VRG:Virginia;WDC:District of Columbia;WIS:Wisconsin;WVA:West Virginia,,,,,MATCH,,MATCH,RETAIN_USCA_AUDIT,CONFIRMED_NATIVE_CANADA,"D08B1 routing flags: Canada=TRUE, Alaska=FALSE, Mexico=FALSE, Central_America=FALSE, outside_USA_Canada=FALSE, outside_North_America=FALSE. Transcontinental diagnostic=FALSE; diagnostic-only with zero independent routing authority. Confirmed native Level-3 categorical evidence: ALA:Alabama;CNT:Connecticut;DEL:Delaware;GEO:Georgia;ILL:Illinois;INI:Indiana;IOW:Iowa;KTY:Kentucky;MAI:Maine;MAS:Massachusetts;MIC:Michigan;MIN:Minnesota;MRY:Maryland;NBR:New Brunswick;NFL:Newfoundland;NSC:Nova Scotia;NWH:New Hampshire;NWJ:New Jersey;NWY:New York;OHI:Ohio;ONT:Ontario;PEI:Prince Edward I.;PEN:Pennsylvania;QUE:Québec;RHO:Rhode I.;SCA:South Carolina;TEN:Tennessee;VER:Vermont;VRG:Virginia;WDC:District of Columbia;WIS:Wisconsin;WVA:West Virginia. No Level-3 count was interpreted as area/share/severity; no geometry was inferred.",RETAIN_FOR_LITTLE_OR_USCA_TRUNCATION_AUDIT,1,0,0,dc64778032ed9bd301bfc7c14818fc3ba71a3b2621bb4e8b33ec558ecdf3d16d,559a2d6f7b0d67ad886468a2c0098e117c824f196f0a85d3bb7d99c466649017
2943367,Cercocarpus ledifolius,TRUE,FALSE,FALSE,TRUE,FALSE,TRUE,FALSE,FALSE,DIAGNOSTIC_ONLY_ZERO_INDEPENDENT_ROUTING_AUTHORITY,0,1,TAXON_RANGE_BUILD_CONTRACT_v01,ARI:Arizona;CAL:California;COL:Colorado;IDA:Idaho;MNT:Montana;MXN:Mexico Northwest;NEV:Nevada;ORE:Oregon;UTA:Utah;WAS:Washington;WYO:Wyoming,MXN:Mexico Northwest,,,,MATCH,,MATCH,BORDERLINE_MEXICO,CONFIRMED_NATIVE_MEXICO,"D08B1 routing flags: Canada=FALSE, Alaska=FALSE, Mexico=TRUE, Central_America=FALSE, outside_USA_Canada=TRUE, outside_North_America=FALSE. Transcontinental diagnostic=FALSE; diagnostic-only with zero independent routing authority. Confirmed native Level-3 categorical evidence: ARI:Arizona;CAL:California;COL:Colorado;IDA:Idaho;MNT:Montana;MXN:Mexico Northwest;NEV:Nevada;ORE:Oregon;UTA:Utah;WAS:Washington;WYO:Wyoming. Outside USA+Canada units: MXN:Mexico Northwest. No Level-3 count was interpreted as area/share/severity; no geometry was inferred.",HOLD_TARGETED_EXTERNAL_RANGE_AUDIT,0,1,0,dc64778032ed9bd301bfc7c14818fc3ba71a3b2621bb4e8b33ec558ecdf3d16d,559a2d6f7b0d67ad886468a2c0098e117c824f196f0a85d3bb7d99c466649017
2945308,Crataegus crus-galli,TRUE,TRUE,FALSE,TRUE,FALSE,TRUE,FALSE,FALSE,DIAGNOSTIC_ONLY_ZERO_INDEPENDENT_ROUTING_AUTHORITY,0,1,TAXON_RANGE_BUILD_CONTRACT_v01,ALA:Alabama;ARK:Arkansas;CNT:Connecticut;DEL:Delaware;FLA:Florida;GEO:Georgia;ILL:Illinois;INI:Indiana;IOW:Iowa;KAN:Kansas;KTY:Kentucky;LOU:Louisiana;MAS:Massachusetts;MIC:Michigan;MIN:Minnesota;MRY:Maryland;MSI:Mississippi;MSO:Missouri;MXE:Mexico Northeast;NCA:North Carolina;NWJ:New Jersey;NWY:New York;OKL:Oklahoma;ONT:Ontario;PEN:Pennsylvania;QUE:Québec;RHO:Rhode I.;SCA:South Carolina;TEN:Tennessee;TEX:Texas;VER:Vermont;VRG:Virginia;WDC:District of Columbia;WIS:Wisconsin;WVA:West Virginia,MXE:Mexico Northeast,,,,MATCH,,MATCH,BORDERLINE_MEXICO,CONFIRMED_NATIVE_MEXICO,"D08B1 routing flags: Canada=TRUE, Alaska=FALSE, Mexico=TRUE, Central_America=FALSE, outside_USA_Canada=TRUE, outside_North_America=FALSE. Transcontinental diagnostic=FALSE; diagnostic-only with zero independent routing authority. Confirmed native Level-3 categorical evidence: ALA:Alabama;ARK:Arkansas;CNT:Connecticut;DEL:Delaware;FLA:Florida;GEO:Georgia;ILL:Illinois;INI:Indiana;IOW:Iowa;KAN:Kansas;KTY:Kentucky;LOU:Louisiana;MAS:Massachusetts;MIC:Michigan;MIN:Minnesota;MRY:Maryland;MSI:Mississippi;MSO:Missouri;MXE:Mexico Northeast;NCA:North Carolina;NWJ:New Jersey;NWY:New York;OKL:Oklahoma;ONT:Ontario;PEN:Pennsylvania;QUE:Québec;RHO:Rhode I.;SCA:South Carolina;TEN:Tennessee;TEX:Texas;VER:Vermont;VRG:Virginia;WDC:District of Columbia;WIS:Wisconsin;WVA:West Virginia. Outside USA+Canada units: MXE:Mexico Northeast. No Level-3 count was interpreted as area/share/severity; no geometry was inferred.",HOLD_TARGETED_EXTERNAL_RANGE_AUDIT,0,1,0,dc64778032ed9bd301bfc7c14818fc3ba71a3b2621bb4e8b33ec558ecdf3d16d,559a2d6f7b0d67ad886468a2c0098e117c824f196f0a85d3bb7d99c466649017
2946180,Crataegus mollis,TRUE,TRUE,FALSE,FALSE,FALSE,FALSE,FALSE,FALSE,DIAGNOSTIC_ONLY_ZERO_INDEPENDENT_ROUTING_AUTHORITY,0,1,TAXON_RANGE_BUILD_CONTRACT_v01,ALA:Alabama;ARK:Arkansas;ILL:Illinois;INI:Indiana;IOW:Iowa;KAN:Kansas;KTY:Kentucky;LOU:Louisiana;MIC:Michigan;MIN:Minnesota;MSI:Mississippi;MSO:Missouri;NDA:North Dakota;NEB:Nebraska;OHI:Ohio;OKL:Oklahoma;ONT:Ontario;SDA:South Dakota;TEN:Tennessee;TEX:Texas;WIS:Wisconsin,,,,,MATCH,,MATCH,RETAIN_USCA_AUDIT,CONFIRMED_NATIVE_CANADA,"D08B1 routing flags: Canada=TRUE, Alaska=FALSE, Mexico=FALSE, Central_America=FALSE, outside_USA_Canada=FALSE, outside_North_America=FALSE. Transcontinental diagnostic=FALSE; diagnostic-only with zero independent routing authority. Confirmed native Level-3 categorical evidence: ALA:Alabama;ARK:Arkansas;ILL:Illinois;INI:Indiana;IOW:Iowa;KAN:Kansas;KTY:Kentucky;LOU:Louisiana;MIC:Michigan;MIN:Minnesota;MSI:Mississippi;MSO:Missouri;NDA:North Dakota;NEB:Nebraska;OHI:Ohio;OKL:Oklahoma;ONT:Ontario;SDA:South Dakota;TEN:Tennessee;TEX:Texas;WIS:Wisconsin. No Level-3 count was interpreted as area/share/severity; no geometry was inferred.",RETAIN_FOR_LITTLE_OR_USCA_TRUNCATION_AUDIT,1,0,0,dc64778032ed9bd301bfc7c14818fc3ba71a3b2621bb4e8b33ec558ecdf3d16d,559a2d6f7b0d67ad886468a2c0098e117c824f196f0a85d3bb7d99c466649017
2950548,Malus coronaria,TRUE,TRUE,FALSE,FALSE,FALSE,FALSE,FALSE,FALSE,DIAGNOSTIC_ONLY_ZERO_INDEPENDENT_ROUTING_AUTHORITY,0,1,TAXON_RANGE_BUILD_CONTRACT_v01,ALA:Alabama;ARK:Arkansas;DEL:Delaware;GEO:Georgia;ILL:Illinois;INI:Indiana;KAN:Kansas;KTY:Kentucky;LOU:Louisiana;MIC:Michigan;MRY:Maryland;MSO:Missouri;NCA:North Carolina;NWJ:New Jersey;NWY:New York;OHI:Ohio;ONT:Ontario;PEN:Pennsylvania;SCA:South Carolina;TEN:Tennessee;VRG:Virginia;WDC:District of Columbia;WIS:Wisconsin;WVA:West Virginia,,,,,MATCH,,MATCH,RETAIN_USCA_AUDIT,CONFIRMED_NATIVE_CANADA,"D08B1 routing flags: Canada=TRUE, Alaska=FALSE, Mexico=FALSE, Central_America=FALSE, outside_USA_Canada=FALSE, outside_North_America=FALSE. Transcontinental diagnostic=FALSE; diagnostic-only with zero independent routing authority. Confirmed native Level-3 categorical evidence: ALA:Alabama;ARK:Arkansas;DEL:Delaware;GEO:Georgia;ILL:Illinois;INI:Indiana;KAN:Kansas;KTY:Kentucky;LOU:Louisiana;MIC:Michigan;MRY:Maryland;MSO:Missouri;NCA:North Carolina;NWJ:New Jersey;NWY:New York;OHI:Ohio;ONT:Ontario;PEN:Pennsylvania;SCA:South Carolina;TEN:Tennessee;VRG:Virginia;WDC:District of Columbia;WIS:Wisconsin;WVA:West Virginia. No Level-3 count was interpreted as area/share/severity; no geometry was inferred.",RETAIN_FOR_LITTLE_OR_USCA_TRUNCATION_AUDIT,1,0,0,dc64778032ed9bd301bfc7c14818fc3ba71a3b2621bb4e8b33ec558ecdf3d16d,559a2d6f7b0d67ad886468a2c0098e117c824f196f0a85d3bb7d99c466649017
2950658,Malus fusca,TRUE,TRUE,TRUE,FALSE,FALSE,FALSE,FALSE,FALSE,DIAGNOSTIC_ONLY_ZERO_INDEPENDENT_ROUTING_AUTHORITY,0,1,TAXON_RANGE_BUILD_CONTRACT_v01,ASK:Alaska;BRC:British Columbia;CAL:California;ORE:Oregon;WAS:Washington,,,,,MATCH,,MATCH,RETAIN_USCA_AUDIT,CONFIRMED_NATIVE_CANADA_AND_ALASKA,"D08B1 routing flags: Canada=TRUE, Alaska=TRUE, Mexico=FALSE, Central_America=FALSE, outside_USA_Canada=FALSE, outside_North_America=FALSE. Transcontinental diagnostic=FALSE; diagnostic-only with zero independent routing authority. Confirmed native Level-3 categorical evidence: ASK:Alaska;BRC:British Columbia;CAL:California;ORE:Oregon;WAS:Washington. No Level-3 count was interpreted as area/share/severity; no geometry was inferred.",RETAIN_FOR_LITTLE_OR_USCA_TRUNCATION_AUDIT,1,0,0,dc64778032ed9bd301bfc7c14818fc3ba71a3b2621bb4e8b33ec558ecdf3d16d,559a2d6f7b0d67ad886468a2c0098e117c824f196f0a85d3bb7d99c466649017
2958765,Prunus americana,TRUE,TRUE,FALSE,FALSE,FALSE,FALSE,FALSE,FALSE,DIAGNOSTIC_ONLY_ZERO_INDEPENDENT_ROUTING_AUTHORITY,0,1,TAXON_RANGE_BUILD_CONTRACT_v01,ALA:Alabama;ARK:Arkansas;CNT:Connecticut;COL:Colorado;DEL:Delaware;FLA:Florida;GEO:Georgia;IDA:Idaho;ILL:Illinois;INI:Indiana;KAN:Kansas;KTY:Kentucky;LOU:Louisiana;MAI:Maine;MAN:Manitoba;MAS:Massachusetts;MIC:Michigan;MIN:Minnesota;MNT:Montana;MRY:Maryland;MSI:Mississippi;MSO:Missouri;NBR:New Brunswick;NCA:North Carolina;NDA:North Dakota;NEB:Nebraska;NWH:New Hampshire;NWJ:New Jersey;NWM:New Mexico;NWY:New York;OHI:Ohio;OKL:Oklahoma;ONT:Ontario;ORE:Oregon;PEN:Pennsylvania;QUE:Québec;RHO:Rhode I.;SAS:Saskatchewan;SCA:South Carolina;SDA:South Dakota;TEN:Tennessee;UTA:Utah;VER:Vermont;VRG:Virginia;WAS:Washington;WDC:District of Columbia;WIS:Wisconsin;WVA:West Virginia;WYO:Wyoming,,,,,MATCH,,MATCH,RETAIN_USCA_AUDIT,CONFIRMED_NATIVE_CANADA,"D08B1 routing flags: Canada=TRUE, Alaska=FALSE, Mexico=FALSE, Central_America=FALSE, outside_USA_Canada=FALSE, outside_North_America=FALSE. Transcontinental diagnostic=FALSE; diagnostic-only with zero independent routing authority. Confirmed native Level-3 categorical evidence: ALA:Alabama;ARK:Arkansas;CNT:Connecticut;COL:Colorado;DEL:Delaware;FLA:Florida;GEO:Georgia;IDA:Idaho;ILL:Illinois;INI:Indiana;KAN:Kansas;KTY:Kentucky;LOU:Louisiana;MAI:Maine;MAN:Manitoba;MAS:Massachusetts;MIC:Michigan;MIN:Minnesota;MNT:Montana;MRY:Maryland;MSI:Mississippi;MSO:Missouri;NBR:New Brunswick;NCA:North Carolina;NDA:North Dakota;NEB:Nebraska;NWH:New Hampshire;NWJ:New Jersey;NWM:New Mexico;NWY:New York;OHI:Ohio;OKL:Oklahoma;ONT:Ontario;ORE:Oregon;PEN:Pennsylvania;QUE:Québec;RHO:Rhode I.;SAS:Saskatchewan;SCA:South Carolina;SDA:South Dakota;TEN:Tennessee;UTA:Utah;VER:Vermont;VRG:Virginia;WAS:Washington;WDC:District of Columbia;WIS:Wisconsin;WVA:West Virginia;WYO:Wyoming. No Level-3 count was interpreted as area/share/severity; no geometry was inferred.",RETAIN_FOR_LITTLE_OR_USCA_TRUNCATION_AUDIT,1,0,0,dc64778032ed9bd301bfc7c14818fc3ba71a3b2621bb4e8b33ec558ecdf3d16d,559a2d6f7b0d67ad886468a2c0098e117c824f196f0a85d3bb7d99c466649017
2959716,Prunus emarginata,TRUE,TRUE,FALSE,TRUE,FALSE,TRUE,FALSE,FALSE,DIAGNOSTIC_ONLY_ZERO_INDEPENDENT_ROUTING_AUTHORITY,0,1,TAXON_RANGE_BUILD_CONTRACT_v01,ARI:Arizona;BRC:British Columbia;CAL:California;IDA:Idaho;MNT:Montana;MXN:Mexico Northwest;NEV:Nevada;NWM:New Mexico;ORE:Oregon;UTA:Utah;WAS:Washington,MXN:Mexico Northwest,,,,MATCH,,MATCH,BORDERLINE_MEXICO,CONFIRMED_NATIVE_MEXICO,"D08B1 routing flags: Canada=TRUE, Alaska=FALSE, Mexico=TRUE, Central_America=FALSE, outside_USA_Canada=TRUE, outside_North_America=FALSE. Transcontinental diagnostic=FALSE; diagnostic-only with zero independent routing authority. Confirmed native Level-3 categorical evidence: ARI:Arizona;BRC:British Columbia;CAL:California;IDA:Idaho;MNT:Montana;MXN:Mexico Northwest;NEV:Nevada;NWM:New Mexico;ORE:Oregon;UTA:Utah;WAS:Washington. Outside USA+Canada units: MXN:Mexico Northwest. No Level-3 count was interpreted as area/share/severity; no geometry was inferred.",HOLD_TARGETED_EXTERNAL_RANGE_AUDIT,0,1,0,dc64778032ed9bd301bfc7c14818fc3ba71a3b2621bb4e8b33ec558ecdf3d16d,559a2d6f7b0d67ad886468a2c0098e117c824f196f0a85d3bb7d99c466649017
2960673,Prunus mexicana,TRUE,FALSE,FALSE,TRUE,FALSE,TRUE,FALSE,FALSE,DIAGNOSTIC_ONLY_ZERO_INDEPENDENT_ROUTING_AUTHORITY,0,1,TAXON_RANGE_BUILD_CONTRACT_v01,ALA:Alabama;ARK:Arkansas;ILL:Illinois;INI:Indiana;IOW:Iowa;KAN:Kansas;KTY:Kentucky;LOU:Louisiana;MSI:Mississippi;MSO:Missouri;MXE:Mexico Northeast;OKL:Oklahoma;TEN:Tennessee;TEX:Texas,MXE:Mexico Northeast,,,,MATCH,,MATCH,BORDERLINE_MEXICO,CONFIRMED_NATIVE_MEXICO,"D08B1 routing flags: Canada=FALSE, Alaska=FALSE, Mexico=TRUE, Central_America=FALSE, outside_USA_Canada=TRUE, outside_North_America=FALSE. Transcontinental diagnostic=FALSE; diagnostic-only with zero independent routing authority. Confirmed native Level-3 categorical evidence: ALA:Alabama;ARK:Arkansas;ILL:Illinois;INI:Indiana;IOW:Iowa;KAN:Kansas;KTY:Kentucky;LOU:Louisiana;MSI:Mississippi;MSO:Missouri;MXE:Mexico Northeast;OKL:Oklahoma;TEN:Tennessee;TEX:Texas. Outside USA+Canada units: MXE:Mexico Northeast. No Level-3 count was interpreted as area/share/severity; no geometry was inferred.",HOLD_TARGETED_EXTERNAL_RANGE_AUDIT,0,1,0,dc64778032ed9bd301bfc7c14818fc3ba71a3b2621bb4e8b33ec558ecdf3d16d,559a2d6f7b0d67ad886468a2c0098e117c824f196f0a85d3bb7d99c466649017
2961130,Prunus pensylvanica,TRUE,TRUE,FALSE,FALSE,FALSE,FALSE,FALSE,FALSE,DIAGNOSTIC_ONLY_ZERO_INDEPENDENT_ROUTING_AUTHORITY,0,1,TAXON_RANGE_BUILD_CONTRACT_v01,ABT:Alberta;BRC:British Columbia;CNT:Connecticut;COL:Colorado;GEO:Georgia;ILL:Illinois;INI:Indiana;IOW:Iowa;LAB:Labrador;MAI:Maine;MAN:Manitoba;MAS:Massachusetts;MIC:Michigan;MIN:Minnesota;MNT:Montana;MRY:Maryland;NBR:New Brunswick;NCA:North Carolina;NDA:North Dakota;NFL:Newfoundland;NSC:Nova Scotia;NWH:New Hampshire;NWJ:New Jersey;NWT:Northwest Territories;NWY:New York;OHI:Ohio;ONT:Ontario;PEI:Prince Edward I.;PEN:Pennsylvania;QUE:Québec;RHO:Rhode I.;SAS:Saskatchewan;SDA:South Dakota;TEN:Tennessee;VER:Vermont;VRG:Virginia;WIS:Wisconsin;WVA:West Virginia;WYO:Wyoming,,,,,MATCH,,MATCH,RETAIN_USCA_AUDIT,CONFIRMED_NATIVE_CANADA,"D08B1 routing flags: Canada=TRUE, Alaska=FALSE, Mexico=FALSE, Central_America=FALSE, outside_USA_Canada=FALSE, outside_North_America=FALSE. Transcontinental diagnostic=FALSE; diagnostic-only with zero independent routing authority. Confirmed native Level-3 categorical evidence: ABT:Alberta;BRC:British Columbia;CNT:Connecticut;COL:Colorado;GEO:Georgia;ILL:Illinois;INI:Indiana;IOW:Iowa;LAB:Labrador;MAI:Maine;MAN:Manitoba;MAS:Massachusetts;MIC:Michigan;MIN:Minnesota;MNT:Montana;MRY:Maryland;NBR:New Brunswick;NCA:North Carolina;NDA:North Dakota;NFL:Newfoundland;NSC:Nova Scotia;NWH:New Hampshire;NWJ:New Jersey;NWT:Northwest Territories;NWY:New York;OHI:Ohio;ONT:Ontario;PEI:Prince Edward I.;PEN:Pennsylvania;QUE:Québec;RHO:Rhode I.;SAS:Saskatchewan;SDA:South Dakota;TEN:Tennessee;VER:Vermont;VRG:Virginia;WIS:Wisconsin;WVA:West Virginia;WYO:Wyoming. No Level-3 count was interpreted as area/share/severity; no geometry was inferred.",RETAIN_FOR_LITTLE_OR_USCA_TRUNCATION_AUDIT,1,0,0,dc64778032ed9bd301bfc7c14818fc3ba71a3b2621bb4e8b33ec558ecdf3d16d,559a2d6f7b0d67ad886468a2c0098e117c824f196f0a85d3bb7d99c466649017
2962364,Prunus virginiana,TRUE,TRUE,FALSE,TRUE,FALSE,TRUE,FALSE,FALSE,DIAGNOSTIC_ONLY_ZERO_INDEPENDENT_ROUTING_AUTHORITY,0,1,TAXON_RANGE_BUILD_CONTRACT_v01,ABT:Alberta;ARI:Arizona;ARK:Arkansas;BRC:British Columbia;CAL:California;CNT:Connecticut;COL:Colorado;DEL:Delaware;GEO:Georgia;IDA:Idaho;ILL:Illinois;INI:Indiana;IOW:Iowa;KAN:Kansas;KTY:Kentucky;MAI:Maine;MAN:Manitoba;MAS:Massachusetts;MIC:Michigan;MIN:Minnesota;MNT:Montana;MRY:Maryland;MSO:Missouri;MXN:Mexico Northwest;NBR:New Brunswick;NCA:North Carolina;NDA:North Dakota;NEB:Nebraska;NEV:Nevada;NFL:Newfoundland;NSC:Nova Scotia;NWH:New Hampshire;NWM:New Mexico;NWT:Northwest Territories;NWY:New York;OHI:Ohio;OKL:Oklahoma;ONT:Ontario;ORE:Oregon;PEI:Prince Edward I.;PEN:Pennsylvania;QUE:Québec;RHO:Rhode I.;SAS:Saskatchewan;SDA:South Dakota;TEN:Tennessee;TEX:Texas;UTA:Utah;VER:Vermont;VRG:Virginia;WAS:Washington;WDC:District of Columbia;WIS:Wisconsin;WVA:West Virginia;WYO:Wyoming,MXN:Mexico Northwest,,,,MATCH,,MATCH,BORDERLINE_MEXICO,CONFIRMED_NATIVE_MEXICO,"D08B1 routing flags: Canada=TRUE, Alaska=FALSE, Mexico=TRUE, Central_America=FALSE, outside_USA_Canada=TRUE, outside_North_America=FALSE. Transcontinental diagnostic=FALSE; diagnostic-only with zero independent routing authority. Confirmed native Level-3 categorical evidence: ABT:Alberta;ARI:Arizona;ARK:Arkansas;BRC:British Columbia;CAL:California;CNT:Connecticut;COL:Colorado;DEL:Delaware;GEO:Georgia;IDA:Idaho;ILL:Illinois;INI:Indiana;IOW:Iowa;KAN:Kansas;KTY:Kentucky;MAI:Maine;MAN:Manitoba;MAS:Massachusetts;MIC:Michigan;MIN:Minnesota;MNT:Montana;MRY:Maryland;MSO:Missouri;MXN:Mexico Northwest;NBR:New Brunswick;NCA:North Carolina;NDA:North Dakota;NEB:Nebraska;NEV:Nevada;NFL:Newfoundland;NSC:Nova Scotia;NWH:New Hampshire;NWM:New Mexico;NWT:Northwest Territories;NWY:New York;OHI:Ohio;OKL:Oklahoma;ONT:Ontario;ORE:Oregon;PEI:Prince Edward I.;PEN:Pennsylvania;QUE:Québec;RHO:Rhode I.;SAS:Saskatchewan;SDA:South Dakota;TEN:Tennessee;TEX:Texas;UTA:Utah;VER:Vermont;VRG:Virginia;WAS:Washington;WDC:District of Columbia;WIS:Wisconsin;WVA:West Virginia;WYO:Wyoming. Outside USA+Canada units: MXN:Mexico Northwest. No Level-3 count was interpreted as area/share/severity; no geometry was inferred.",HOLD_TARGETED_EXTERNAL_RANGE_AUDIT,0,1,0,dc64778032ed9bd301bfc7c14818fc3ba71a3b2621bb4e8b33ec558ecdf3d16d,559a2d6f7b0d67ad886468a2c0098e117c824f196f0a85d3bb7d99c466649017
2991391,Sorbus americana,TRUE,TRUE,FALSE,FALSE,FALSE,FALSE,FALSE,FALSE,DIAGNOSTIC_ONLY_ZERO_INDEPENDENT_ROUTING_AUTHORITY,0,1,TAXON_RANGE_BUILD_CONTRACT_v01,CNT:Connecticut;GEO:Georgia;ILL:Illinois;MAI:Maine;MAS:Massachusetts;MIC:Michigan;MIN:Minnesota;MRY:Maryland;NBR:New Brunswick;NCA:North Carolina;NFL:Newfoundland;NSC:Nova Scotia;NWH:New Hampshire;NWJ:New Jersey;NWY:New York;ONT:Ontario;PEI:Prince Edward I.;PEN:Pennsylvania;QUE:Québec;RHO:Rhode I.;SCA:South Carolina;TEN:Tennessee;VER:Vermont;VRG:Virginia;WIS:Wisconsin;WVA:West Virginia,,,,,MATCH,,MATCH,RETAIN_USCA_AUDIT,CONFIRMED_NATIVE_CANADA,"D08B1 routing flags: Canada=TRUE, Alaska=FALSE, Mexico=FALSE, Central_America=FALSE, outside_USA_Canada=FALSE, outside_North_America=FALSE. Transcontinental diagnostic=FALSE; diagnostic-only with zero independent routing authority. Confirmed native Level-3 categorical evidence: CNT:Connecticut;GEO:Georgia;ILL:Illinois;MAI:Maine;MAS:Massachusetts;MIC:Michigan;MIN:Minnesota;MRY:Maryland;NBR:New Brunswick;NCA:North Carolina;NFL:Newfoundland;NSC:Nova Scotia;NWH:New Hampshire;NWJ:New Jersey;NWY:New York;ONT:Ontario;PEI:Prince Edward I.;PEN:Pennsylvania;QUE:Québec;RHO:Rhode I.;SCA:South Carolina;TEN:Tennessee;VER:Vermont;VRG:Virginia;WIS:Wisconsin;WVA:West Virginia. No Level-3 count was interpreted as area/share/severity; no geometry was inferred.",RETAIN_FOR_LITTLE_OR_USCA_TRUNCATION_AUDIT,1,0,0,dc64778032ed9bd301bfc7c14818fc3ba71a3b2621bb4e8b33ec558ecdf3d16d,559a2d6f7b0d67ad886468a2c0098e117c824f196f0a85d3bb7d99c466649017
2991806,Sorbus decora,TRUE,TRUE,FALSE,FALSE,FALSE,TRUE,FALSE,FALSE,DIAGNOSTIC_ONLY_ZERO_INDEPENDENT_ROUTING_AUTHORITY,0,1,TAXON_RANGE_BUILD_CONTRACT_v01,CNT:Connecticut;GNL:Greenland;ILL:Illinois;INI:Indiana;IOW:Iowa;LAB:Labrador;MAI:Maine;MAN:Manitoba;MAS:Massachusetts;MIC:Michigan;MIN:Minnesota;NBR:New Brunswick;NFL:Newfoundland;NSC:Nova Scotia;NUN:Nunavut;NWH:New Hampshire;NWY:New York;OHI:Ohio;ONT:Ontario;PEI:Prince Edward I.;PEN:Pennsylvania;QUE:Québec;SAS:Saskatchewan;VER:Vermont;WIS:Wisconsin,GNL:Greenland,,GNL:Greenland,,MATCH,,MATCH,BORDERLINE_OTHER_NA,CONFIRMED_NATIVE_OTHER_NA_EXTENSION,"D08B1 routing flags: Canada=TRUE, Alaska=FALSE, Mexico=FALSE, Central_America=FALSE, outside_USA_Canada=TRUE, outside_North_America=FALSE. Transcontinental diagnostic=FALSE; diagnostic-only with zero independent routing authority. Confirmed native Level-3 categorical evidence: CNT:Connecticut;GNL:Greenland;ILL:Illinois;INI:Indiana;IOW:Iowa;LAB:Labrador;MAI:Maine;MAN:Manitoba;MAS:Massachusetts;MIC:Michigan;MIN:Minnesota;NBR:New Brunswick;NFL:Newfoundland;NSC:Nova Scotia;NUN:Nunavut;NWH:New Hampshire;NWY:New York;OHI:Ohio;ONT:Ontario;PEI:Prince Edward I.;PEN:Pennsylvania;QUE:Québec;SAS:Saskatchewan;VER:Vermont;WIS:Wisconsin. Outside USA+Canada units: GNL:Greenland. Other North-America-side units: GNL:Greenland. No Level-3 count was interpreted as area/share/severity; no geometry was inferred.",HOLD_TARGETED_EXTERNAL_RANGE_AUDIT,0,1,0,dc64778032ed9bd301bfc7c14818fc3ba71a3b2621bb4e8b33ec558ecdf3d16d,559a2d6f7b0d67ad886468a2c0098e117c824f196f0a85d3bb7d99c466649017
