cell_50km,A_legal_opportunities,B_legal_opportunities,A_effort_sum,B_effort_sum,A_fold_ti_weight_sum,B_fold_ti_weight_sum,A_measurable,B_measurable,D2_AB_included,D2_BA_included,D3_common_included,zero_opportunity_class
50km_-47_39,0,1,0.0,1.0,0.0,9948.062347624527,NO,YES,YES,NO,NO,A_ONLY_ZERO
50km_-47_40,3,3,2.5625,2.2942565,51138.4830987251,39225.84881211243,YES,YES,YES,YES,YES,NONE
50km_-47_41,14,28,12.636609499999999,22.98767925,220421.63037969265,328470.7056064658,YES,YES,YES,YES,YES,NONE
50km_-47_42,23,36,19.424973500000004,30.78264125,403661.5799418851,419045.94430565054,YES,YES,YES,YES,YES,NONE
50km_-47_43,22,34,19.506124,31.73411175,382283.8130089196,401652.7322097576,YES,YES,YES,YES,YES,NONE
50km_-47_44,19,29,17.866034499999998,25.154510000000002,361576.2185929483,315216.4634529746,YES,YES,YES,YES,YES,NONE
50km_-47_45,32,37,26.951161250000002,30.302801499999998,519055.01306944626,391701.8477532015,YES,YES,YES,YES,YES,NONE
50km_-47_46,10,17,8.5781365,14.040656,165409.8658325636,186429.18531974507,YES,YES,YES,YES,YES,NONE
50km_-47_47,4,3,3.407553,2.5625,69803.74592729998,31872.36444583215,YES,YES,YES,YES,YES,NONE
50km_-46_35,8,9,5.789614,6.143686249999999,126056.86965723975,123401.23492051865,YES,YES,YES,YES,YES,NONE
50km_-46_36,3,4,1.02925675,2.3605635,42871.971327656196,50016.27604117019,YES,YES,YES,YES,YES,NONE
50km_-46_37,18,23,15.201383500000002,17.686388500000003,297064.86259305687,269792.05524658714,YES,YES,YES,YES,YES,NONE
50km_-46_38,8,4,6.08379875,2.52101975,154132.04760533065,40701.48465548976,YES,YES,YES,YES,YES,NONE
50km_-46_39,6,13,3.35349775,8.59581825,100362.289858881,156376.6557657381,YES,YES,YES,YES,YES,NONE
50km_-46_40,9,22,7.106601499999999,12.25816475,204955.01773280284,257250.66136204597,YES,YES,YES,YES,YES,NONE
50km_-46_41,13,28,10.274249999999999,19.39102075,253530.16188466892,362995.78429985634,YES,YES,YES,YES,YES,NONE
50km_-46_42,17,38,16.18098525,32.854568,261910.99623871976,458148.42250369134,YES,YES,YES,YES,YES,NONE
50km_-46_43,31,44,28.29232125,38.62382975,647033.1448738778,458067.8383099669,YES,YES,YES,YES,YES,NONE
50km_-46_44,27,55,23.369579749999996,50.049327000000005,430756.8642798173,569045.1977407511,YES,YES,YES,YES,YES,NONE
50km_-46_45,34,46,31.121626,41.24775475,642699.4231553926,483455.2983599833,YES,YES,YES,YES,YES,NONE
50km_-46_46,40,48,35.19607825,44.93020599999999,629427.8617325154,516048.0759074122,YES,YES,YES,YES,YES,NONE
50km_-46_47,36,56,34.10176625,53.16983175,595590.5052677303,582771.0381232637,YES,YES,YES,YES,YES,NONE
50km_-46_48,41,49,38.95989175,45.224885,545039.5367929727,427012.3221246308,YES,YES,YES,YES,YES,NONE
50km_-46_49,58,99,55.6508585,90.14960499999997,460213.3786062354,566781.9027640076,YES,YES,YES,YES,YES,NONE
50km_-46_50,52,85,48.31840475,79.93188825000001,464215.4205874821,440296.96392006776,YES,YES,YES,YES,YES,NONE
50km_-46_51,7,16,7.0,14.00079575,114986.86781056486,184222.72983791635,YES,YES,YES,YES,YES,NONE
50km_-45_31,0,1,0.0,0.2118565,0.0,10363.6738308416,NO,YES,YES,NO,NO,A_ONLY_ZERO
50km_-45_32,0,2,0.0,1.917521,0.0,19439.432167002356,NO,YES,YES,NO,NO,A_ONLY_ZERO
50km_-45_33,2,4,1.66145125,1.4951485,38516.50731779456,48264.50733763301,YES,YES,YES,YES,YES,NONE
50km_-45_34,12,18,7.999100249999999,10.821441,183372.33998271564,211378.04264004048,YES,YES,YES,YES,YES,NONE
50km_-45_35,9,3,6.5227875,1.76919275,163582.02105837318,30777.897495787656,YES,YES,YES,YES,YES,NONE
50km_-45_36,12,5,7.28062025,2.2293899999999995,205274.54223958342,61405.28352090738,YES,YES,YES,YES,YES,NONE
50km_-45_37,17,30,14.777987750000001,20.953864999999993,292462.80613302626,321516.30384379573,YES,YES,YES,YES,YES,NONE
50km_-45_38,7,14,5.8568995,9.46828675,113342.59766882629,155366.20804922227,YES,YES,YES,YES,YES,NONE
50km_-45_39,3,7,1.2288505,3.1863314999999997,44950.13067471143,73311.35124583729,YES,YES,YES,YES,YES,NONE
50km_-45_40,11,16,7.2154817499999995,10.769265,217266.43837090852,212211.0047215667,YES,YES,YES,YES,YES,NONE
50km_-45_41,8,9,5.72727875,6.505222250000001,170001.42562995778,113413.17662444642,YES,YES,YES,YES,YES,NONE
50km_-45_42,14,17,10.342299,11.738625749999999,285199.1115147127,175401.64137198273,YES,YES,YES,YES,YES,NONE
50km_-45_43,16,30,15.129247499999998,24.475670750000003,280074.4965864869,303780.22582149727,YES,YES,YES,YES,YES,NONE
50km_-45_44,23,43,19.330475500000002,36.16015675,394973.4168160108,521876.72861339926,YES,YES,YES,YES,YES,NONE
50km_-45_45,35,55,28.828757250000002,49.86282250000001,620207.802371799,636129.7585570796,YES,YES,YES,YES,YES,NONE
50km_-45_46,36,51,33.720982500000005,47.55360600000001,614097.0762633617,544237.9691052476,YES,YES,YES,YES,YES,NONE
50km_-45_47,31,58,28.5220995,52.773301749999995,555385.6995470632,576087.6729905547,YES,YES,YES,YES,YES,NONE
50km_-45_48,68,101,59.92593575,93.085505,584829.6825597265,592876.4229241266,YES,YES,YES,YES,YES,NONE
50km_-45_49,80,121,73.65853024999998,109.5159525,591085.781628552,521773.94778377825,YES,YES,YES,YES,YES,NONE
50km_-45_50,75,118,68.7036865,105.72121999999999,620888.9115772648,557006.0046700728,YES,YES,YES,YES,YES,NONE
50km_-45_51,52,75,44.9732035,65.606756,555410.3427752088,502547.3261421405,YES,YES,YES,YES,YES,NONE
50km_-45_52,31,52,25.613445750000004,45.26275075,353430.2025120674,400522.79669241246,YES,YES,YES,YES,YES,NONE
50km_-45_53,21,25,18.133096,24.625563,138193.10062410415,100409.80403680613,YES,YES,YES,YES,YES,NONE
50km_-44_30,1,0,0.7134225,0.0,14954.115201863817,0.0,YES,NO,NO,YES,NO,B_ONLY_ZERO
50km_-44_31,10,8,6.6153569999999995,4.79059725,172800.32577579955,97636.39893092313,YES,YES,YES,YES,YES,NONE
50km_-44_32,10,11,3.8740085,6.5577232500000004,163752.80781503578,153975.3711069071,YES,YES,YES,YES,YES,NONE
50km_-44_33,4,1,1.13214725,0.08030775,70174.46743293953,11003.37318226055,YES,YES,YES,YES,YES,NONE
50km_-44_34,7,7,4.0191947500000005,3.330157,157762.1105447827,84188.63966909942,YES,YES,YES,YES,YES,NONE
50km_-44_35,5,7,3.42215,6.63936525,85169.21095311026,60722.975381868644,YES,YES,YES,YES,YES,NONE
50km_-44_36,1,1,0.50409525,1.0,24179.963490569124,10989.358424046128,YES,YES,YES,YES,YES,NONE
50km_-44_37,6,10,4.2799455,4.4019695,99288.13548775892,104314.56134631886,YES,YES,YES,YES,YES,NONE
50km_-44_38,0,1,0.0,0.2072145,0.0,9246.535817728793,NO,YES,YES,NO,NO,A_ONLY_ZERO
50km_-44_39,0,1,0.0,1.0,0.0,9796.868226603476,NO,YES,YES,NO,NO,A_ONLY_ZERO
50km_-44_41,1,1,0.0695765,1.0,15029.032783097527,10363.6738308416,YES,YES,YES,YES,YES,NONE
50km_-44_42,1,3,0.06036225,2.544497,17988.035340716076,36929.96837095803,YES,YES,YES,YES,YES,NONE
50km_-44_43,6,11,4.85002875,6.196926749999999,134504.4667311061,144473.37062399494,YES,YES,YES,YES,YES,NONE
50km_-44_44,14,25,11.16089975,18.89937525,310610.57905770984,311027.4333571914,YES,YES,YES,YES,YES,NONE
50km_-44_45,26,46,20.747769,36.15250775,416868.2787025878,477944.0877860378,YES,YES,YES,YES,YES,NONE
50km_-44_46,36,50,34.15218225,45.173269499999996,539724.8584036721,568089.104586365,YES,YES,YES,YES,YES,NONE
50km_-44_47,19,23,18.2057255,18.8547065,374129.3118824456,251039.75895384833,YES,YES,YES,YES,YES,NONE
50km_-44_48,62,89,55.693070750000004,82.25131250000001,563833.4261861357,538776.8253478663,YES,YES,YES,YES,YES,NONE
50km_-44_49,42,65,36.06976925,56.3242345,442426.78151307534,412731.02083938924,YES,YES,YES,YES,YES,NONE
50km_-44_50,64,106,59.084104249999996,96.67674525000001,527740.8971521673,589720.2356081288,YES,YES,YES,YES,YES,NONE
50km_-44_51,32,48,25.662660250000002,39.203881,399179.9342462594,370181.6585753385,YES,YES,YES,YES,YES,NONE
50km_-44_52,59,97,51.56636699999999,90.17030075,583669.039633079,516730.73637647595,YES,YES,YES,YES,YES,NONE
50km_-44_53,89,133,84.09058150000001,123.9218435,616440.9188684304,613564.7143584713,YES,YES,YES,YES,YES,NONE
50km_-44_54,51,76,48.3580535,69.15886525,533219.4688972295,505470.09452824644,YES,YES,YES,YES,YES,NONE
50km_-44_55,25,46,23.419039500000004,42.015713500000004,195957.97555948587,229273.12656344776,YES,YES,YES,YES,YES,NONE
50km_-44_56,3,3,3.0,2.921329,34439.38706319339,31876.734432102094,YES,YES,YES,YES,YES,NONE
50km_-43_29,0,1,0.0,1.0,0.0,8285.440616927686,NO,YES,YES,NO,NO,A_ONLY_ZERO
50km_-43_30,3,4,0.8411945000000001,0.8140655,40816.5203474946,61458.86292228464,YES,YES,YES,YES,YES,NONE
50km_-43_31,13,7,11.15972625,4.82312725,176045.06413278676,78251.77698288113,YES,YES,YES,YES,YES,NONE
50km_-43_32,4,2,3.0425795,1.0582975000000001,68143.92606400506,20800.241408864025,YES,YES,YES,YES,YES,NONE
50km_-43_33,0,1,0.0,0.90767,0.0,10989.358424046128,NO,YES,YES,NO,NO,A_ONLY_ZERO
50km_-43_37,2,6,2.0,4.74879625,48359.92698113825,62320.843932614924,YES,YES,YES,YES,YES,NONE
50km_-43_38,7,19,6.1200545,14.13654325,126085.36173940776,259559.16250726348,YES,YES,YES,YES,YES,NONE
50km_-43_39,21,22,13.836455249999998,15.4746685,349645.6280640176,279988.6312097003,YES,YES,YES,YES,YES,NONE
50km_-43_40,12,27,8.786640250000001,20.41433825,223963.16260940966,319847.898853887,YES,YES,YES,YES,YES,NONE
50km_-43_41,26,38,20.4064345,27.623624500000002,531780.4104545021,463552.1820208117,YES,YES,YES,YES,YES,NONE
50km_-43_42,35,49,31.2496225,43.96054949999999,524209.87060156517,503986.5815565124,YES,YES,YES,YES,YES,NONE
50km_-43_43,36,60,32.6479815,54.5650045,528072.7224958336,640580.9935499998,YES,YES,YES,YES,YES,NONE
50km_-43_44,37,55,33.94458,51.43504625,543303.601417532,623481.9903541533,YES,YES,YES,YES,YES,NONE
50km_-43_45,32,56,28.47745775,50.33660100000001,507224.3824895199,619912.3474703132,YES,YES,YES,YES,YES,NONE
50km_-43_46,36,54,34.775968,50.831493999999985,532954.4342043503,584321.4773537425,YES,YES,YES,YES,YES,NONE
50km_-43_47,29,38,25.51902625,32.73996525,500545.45920752734,416831.3255769989,YES,YES,YES,YES,YES,NONE
50km_-43_48,56,106,50.750544500000004,97.56500725000001,599671.3921588118,584091.6864362475,YES,YES,YES,YES,YES,NONE
50km_-43_49,77,111,70.240455,99.51189575000002,622808.6581791115,593101.0080198795,YES,YES,YES,YES,YES,NONE
50km_-43_50,115,174,104.42156999999999,164.6649535,585098.6491988957,601709.9004624808,YES,YES,YES,YES,YES,NONE
50km_-43_51,95,160,88.97961175,147.8266725,601877.3844099995,654426.9362828053,YES,YES,YES,YES,YES,NONE
50km_-43_52,50,73,41.56562925,64.260738,581670.7430227923,446677.7557930314,YES,YES,YES,YES,YES,NONE
50km_-43_53,18,24,15.3494495,18.15580775,228865.74478208128,191040.2160785347,YES,YES,YES,YES,YES,NONE
50km_-43_54,18,26,14.073406749999998,20.6874185,243502.98769900438,247865.5692327741,YES,YES,YES,YES,YES,NONE
50km_-43_55,53,66,47.02837149999999,58.124358250000014,524881.4500004713,443755.7399939772,YES,YES,YES,YES,YES,NONE
50km_-43_56,93,142,87.25331975,128.72969675,551316.769778759,567503.8432956053,YES,YES,YES,YES,YES,NONE
50km_-43_57,26,53,23.144350250000002,50.03026925,342328.1035310304,401499.94986214145,YES,YES,YES,YES,YES,NONE
50km_-43_58,21,20,17.514568750000002,17.8899335,336880.672358552,205187.02852379408,YES,YES,YES,YES,YES,NONE
50km_-43_59,14,17,13.486463,16.1146345,209391.68514859918,180213.83117256762,YES,YES,YES,YES,YES,NONE
50km_-43_60,16,21,14.333619,20.4053075,244323.62184179874,213458.8373549714,YES,YES,YES,YES,YES,NONE
50km_-43_61,20,26,18.75275825,24.2870505,275757.8077697715,277948.20241617766,YES,YES,YES,YES,YES,NONE
50km_-43_62,14,17,13.891915000000001,16.1162775,243321.49501834103,186056.36975684005,YES,YES,YES,YES,YES,NONE
50km_-42_30,8,10,5.62603875,7.275408500000001,150367.79986948296,112202.07664931784,YES,YES,YES,YES,YES,NONE
50km_-42_31,12,17,11.236708,14.18606575,176110.626443588,186630.13146598922,YES,YES,YES,YES,YES,NONE
50km_-42_35,0,1,0.0,1.0,0.0,11339.555295832955,NO,YES,YES,NO,NO,A_ONLY_ZERO
50km_-42_36,12,19,9.8271865,14.0828775,248639.78781648408,269697.496351393,YES,YES,YES,YES,YES,NONE
50km_-42_37,24,44,21.406906499999998,37.0306065,463293.79561833304,515759.49825583596,YES,YES,YES,YES,YES,NONE
50km_-42_38,33,54,30.589284499999998,47.24656975,551870.9727646206,622027.238868376,YES,YES,YES,YES,YES,NONE
50km_-42_39,40,59,37.496565749999995,52.16865950000001,667131.7888661404,634326.8771464057,YES,YES,YES,YES,YES,NONE
50km_-42_40,38,57,36.042639750000006,54.2712505,528675.0124875051,524527.9213459597,YES,YES,YES,YES,YES,NONE
50km_-42_41,38,50,31.94681525,46.939279250000006,535931.1250395385,494254.47618197324,YES,YES,YES,YES,YES,NONE
50km_-42_42,37,59,31.349652500000005,54.36618099999999,516011.41597800347,590131.8409576704,YES,YES,YES,YES,YES,NONE
50km_-42_43,39,56,36.91259099999999,52.52108474999999,518930.3402440452,638673.8909207518,YES,YES,YES,YES,YES,NONE
50km_-42_44,35,54,31.7256985,49.08114825,526173.2423269381,591013.8763601524,YES,YES,YES,YES,YES,NONE
50km_-42_45,32,38,27.658379999999998,37.566531499999996,483909.7493236557,379666.5955095294,YES,YES,YES,YES,YES,NONE
50km_-42_46,32,48,30.21108925,42.542556000000005,468040.54520443414,494069.67544405063,YES,YES,YES,YES,YES,NONE
50km_-42_47,9,16,7.70243925,15.778206,163858.1644822287,144662.99257727485,YES,YES,YES,YES,YES,NONE
50km_-42_48,22,40,21.016618,34.25712425,231199.81809237256,244233.2177061139,YES,YES,YES,YES,YES,NONE
50km_-42_49,88,127,82.536379,123.74337575,504845.27482823917,518799.92148939724,YES,YES,YES,YES,YES,NONE
50km_-42_50,89,130,85.35564400000001,127.03291224999998,628751.4927054675,572697.2703332233,YES,YES,YES,YES,YES,NONE
50km_-42_51,110,162,102.45558474999999,152.46759125,581651.3753083635,589349.9935012892,YES,YES,YES,YES,YES,NONE
50km_-42_52,105,142,95.72245874999999,127.58450325000001,690441.0984113748,545338.011033132,YES,YES,YES,YES,YES,NONE
50km_-42_53,59,102,52.0032055,91.87567375,561251.9119246175,579416.6889920252,YES,YES,YES,YES,YES,NONE
50km_-42_54,36,52,31.871122250000003,44.316245249999994,382903.6496805561,385271.5097070085,YES,YES,YES,YES,YES,NONE
50km_-42_55,12,9,8.057021500000001,3.90598925,180935.50829807122,126133.57475193507,YES,YES,YES,YES,YES,NONE
50km_-42_56,30,41,26.40149675,37.19523725,362676.47451211896,402840.55019992724,YES,YES,YES,YES,YES,NONE
50km_-42_57,43,50,37.42564325,45.90900225,525802.1538508036,431565.8024900916,YES,YES,YES,YES,YES,NONE
50km_-42_58,31,60,26.128560249999996,54.6127665,464454.449018907,617448.1129269014,YES,YES,YES,YES,YES,NONE
50km_-42_59,40,53,36.985722749999994,46.96833925,606921.7083226608,561542.234051768,YES,YES,YES,YES,YES,NONE
50km_-42_60,68,94,60.840232,82.73437875,543321.0709529305,549303.434282174,YES,YES,YES,YES,YES,NONE
50km_-42_61,38,73,32.63281875,67.5246935,486149.7514304209,495672.5209062182,YES,YES,YES,YES,YES,NONE
50km_-42_62,12,15,10.23302125,13.6158385,118483.63990849585,124774.89984433613,YES,YES,YES,YES,YES,NONE
50km_-41_29,2,3,0.31464975,1.6875,42405.09703883623,46595.20723348664,YES,YES,YES,YES,YES,NONE
50km_-41_30,2,5,1.0625,4.517989,33646.26516993447,52401.939226375085,YES,YES,YES,YES,YES,NONE
50km_-41_31,10,20,6.105531,16.317159249999996,201436.48807769673,240546.89919163854,YES,YES,YES,YES,YES,NONE
50km_-41_32,13,25,11.29179425,21.426725250000004,246431.89493664884,290740.54189464345,YES,YES,YES,YES,YES,NONE
50km_-41_33,11,22,10.5625,17.264947250000002,210729.55305095852,265014.86200709414,YES,YES,YES,YES,YES,NONE
50km_-41_34,8,13,6.65325075,9.773252750000001,156188.92126361773,148963.63578404608,YES,YES,YES,YES,YES,NONE
50km_-41_35,24,33,21.991265,29.047482,432293.1001594412,364617.49697458796,YES,YES,YES,YES,YES,NONE
50km_-41_36,37,55,30.62688975,49.9811905,545125.6360803875,630434.6479159908,YES,YES,YES,YES,YES,NONE
50km_-41_37,35,49,32.878150999999995,44.318337,501056.12975473795,508222.7259321449,YES,YES,YES,YES,YES,NONE
50km_-41_38,26,34,21.97192875,27.82545875,405612.5966014108,323964.56016543845,YES,YES,YES,YES,YES,NONE
50km_-41_39,32,45,25.415698250000002,40.919113499999995,444242.6228512941,436565.2970554165,YES,YES,YES,YES,YES,NONE
50km_-41_40,19,30,18.3305615,29.48736875,342546.8374846246,278749.32148270856,YES,YES,YES,YES,YES,NONE
50km_-41_41,19,36,18.08689675,29.571250250000002,290789.42191193585,360107.5465087107,YES,YES,YES,YES,YES,NONE
50km_-41_42,22,23,19.901518000000003,19.71642025,416958.47051970183,193044.53201099485,YES,YES,YES,YES,YES,NONE
50km_-41_43,9,12,8.936278999999999,9.98262025,101100.05824679563,99955.68881901071,YES,YES,YES,YES,YES,NONE
50km_-41_44,6,10,4.21296775,8.38907225,91913.78613824223,96895.72962526773,YES,YES,YES,YES,YES,NONE
50km_-41_45,22,36,20.757617999999997,33.182889,345107.71534719114,352098.5228504222,YES,YES,YES,YES,YES,NONE
50km_-41_46,27,27,21.830059499999997,24.745880500000002,451229.14773360937,278102.16273527313,YES,YES,YES,YES,YES,NONE
50km_-41_47,36,64,34.00115975,58.216866,323469.91390502383,450165.70584734675,YES,YES,YES,YES,YES,NONE
50km_-41_48,57,99,54.28622675,92.708632,330278.8460544583,518035.651362453,YES,YES,YES,YES,YES,NONE
50km_-41_49,87,119,81.19202849999999,113.14939075,496012.26851301687,474881.85850707314,YES,YES,YES,YES,YES,NONE
50km_-41_50,84,150,78.59244125000001,142.66657574999996,504997.4278599774,554452.1700927758,YES,YES,YES,YES,YES,NONE
50km_-41_51,110,143,106.98040475000002,135.28925550000002,638931.3563827496,544805.9183540493,YES,YES,YES,YES,YES,NONE
50km_-41_52,62,121,59.43443424999999,115.32661875000001,522036.2907645985,592585.7176042459,YES,YES,YES,YES,YES,NONE
50km_-41_53,81,135,75.44918125000001,124.725092,510289.59563413454,617828.3336528101,YES,YES,YES,YES,YES,NONE
50km_-41_54,94,143,89.33754174999999,135.17839675,574963.7179688634,583475.3849943781,YES,YES,YES,YES,YES,NONE
50km_-41_55,55,68,49.285382,60.335230499999994,464410.24975374155,440857.55736506893,YES,YES,YES,YES,YES,NONE
50km_-41_56,44,61,38.10958974999999,53.588586000000014,432682.81506715785,411432.25790956366,YES,YES,YES,YES,YES,NONE
50km_-41_57,44,58,39.340321249999995,51.56978599999999,607874.2127256796,582869.6397245544,YES,YES,YES,YES,YES,NONE
50km_-41_58,26,42,21.23705775,32.71177275,393053.6918101311,422027.5441835317,YES,YES,YES,YES,YES,NONE
50km_-41_59,22,32,17.623514999999998,22.566059749999997,359775.70369618817,328875.7568763737,YES,YES,YES,YES,YES,NONE
50km_-41_60,45,77,37.975444749999994,69.54173025,419442.51246628707,589897.5217408962,YES,YES,YES,YES,YES,NONE
50km_-41_61,30,43,27.0456165,37.551593749999995,360955.8150531427,389034.68163139326,YES,YES,YES,YES,YES,NONE
50km_-40_27,0,1,0.0,0.2540745,0.0,6979.649029553632,NO,YES,YES,NO,NO,A_ONLY_ZERO
50km_-40_28,2,1,0.501128,0.08996725,34753.86456218728,10092.70551652328,YES,YES,YES,YES,YES,NONE
50km_-40_29,12,14,8.02851625,10.2256305,209948.46288169018,164823.4452358839,YES,YES,YES,YES,YES,NONE
50km_-40_30,0,1,0.0,0.0625,0.0,10123.697636358273,NO,YES,YES,NO,NO,A_ONLY_ZERO
50km_-40_31,2,3,2.0,3.0,29488.56974571424,37353.662402815506,YES,YES,YES,YES,YES,NONE
50km_-40_32,17,20,15.909077,17.6442915,297648.8894059555,210167.11216289253,YES,YES,YES,YES,YES,NONE
50km_-40_33,28,52,25.8094365,49.19767275,470916.51690650394,520943.7490924463,YES,YES,YES,YES,YES,NONE
50km_-40_34,25,32,23.24318875,30.627385999999998,385291.1391436611,345587.1000315894,YES,YES,YES,YES,YES,NONE
50km_-40_35,19,33,17.273925249999998,31.04393825,349770.9160953787,308769.45100912097,YES,YES,YES,YES,YES,NONE
50km_-40_36,20,30,17.663732,26.17690775,320426.0150236871,314963.47812183277,YES,YES,YES,YES,YES,NONE
50km_-40_37,29,27,25.870767750000002,23.3158485,385713.33992902754,260588.62456595368,YES,YES,YES,YES,YES,NONE
50km_-40_38,18,29,15.316365999999999,26.7857675,239180.96365384496,266810.3510893608,YES,YES,YES,YES,YES,NONE
50km_-40_39,15,27,14.25,24.75,187501.7323757334,249177.94803724333,YES,YES,YES,YES,YES,NONE
50km_-40_40,11,11,8.4375,10.0625,169196.72219251335,105345.71659186583,YES,YES,YES,YES,YES,NONE
50km_-40_41,4,3,2.625,3.0,46925.29686142698,31283.531240951317,YES,YES,YES,YES,YES,NONE
50km_-40_42,4,3,4.0,1.9468615,63098.65331815978,28313.19200405849,YES,YES,YES,YES,YES,NONE
50km_-40_43,1,2,1.0,2.0,15568.1646543006,19531.173045960473,YES,YES,YES,YES,YES,NONE
50km_-40_44,7,6,4.4062114999999995,4.125,109464.0007641963,60616.07382451442,YES,YES,YES,YES,YES,NONE
50km_-40_45,10,14,6.74282925,9.3266985,152574.3620432425,144778.14436917144,YES,YES,YES,YES,YES,NONE
50km_-40_46,14,21,10.8290295,16.682793,221267.60110938395,221894.68381175058,YES,YES,YES,YES,YES,NONE
50km_-40_47,33,40,30.6676525,34.51306475,234063.18284708317,196552.0946458308,YES,YES,YES,YES,YES,NONE
50km_-40_48,54,80,50.96775250000001,75.95540575000001,349101.84504411987,345003.6190915818,YES,YES,YES,YES,YES,NONE
50km_-40_49,12,14,11.390962,14.0,63122.74365348632,68316.07556560525,YES,YES,YES,YES,YES,NONE
50km_-40_50,15,24,13.603356999999999,21.34104625,124116.88290303524,109339.63314614867,YES,YES,YES,YES,YES,NONE
50km_-40_51,64,89,62.479666249999994,82.55206000000001,350206.32581729436,371583.82612811204,YES,YES,YES,YES,YES,NONE
50km_-40_52,25,40,21.308765,33.73636075,366725.5727869168,350577.86395983316,YES,YES,YES,YES,YES,NONE
50km_-40_53,23,41,21.465944,38.891217749999996,229985.6167561969,281460.058802053,YES,YES,YES,YES,YES,NONE
50km_-40_54,49,73,44.63113350000001,70.55775399999999,483246.41856151266,425349.35771874036,YES,YES,YES,YES,YES,NONE
50km_-40_55,52,98,48.89598474999999,87.24125500000001,437805.6610715601,570942.9211775301,YES,YES,YES,YES,YES,NONE
50km_-40_56,99,148,93.03894425,140.526751,647870.6041987438,597933.0370166783,YES,YES,YES,YES,YES,NONE
50km_-40_57,105,142,96.88428225,131.885029,620349.2284649896,579202.297636293,YES,YES,YES,YES,YES,NONE
50km_-40_58,48,66,38.61618825,62.83660799999999,609944.284471719,504371.7244352319,YES,YES,YES,YES,YES,NONE
50km_-40_59,12,17,7.996341750000001,9.5343845,194663.6229912869,194335.23078211694,YES,YES,YES,YES,YES,NONE
50km_-40_60,13,12,10.13957675,8.486752,198638.6566748362,140975.5906736168,YES,YES,YES,YES,YES,NONE
50km_-40_61,11,11,6.082589250000001,8.390902,167388.6749313446,127375.20239433988,YES,YES,YES,YES,YES,NONE
50km_-40_62,13,12,7.654869249999999,7.6915189999999996,192050.38487979115,120827.26796564933,YES,YES,YES,YES,YES,NONE
50km_-40_63,1,1,1.0,1.0,15385.990103101318,10041.612402091418,YES,YES,YES,YES,YES,NONE
50km_-39_25,2,2,0.9799724999999999,1.1055000000000001,69526.3308644846,23736.435143308983,YES,YES,YES,YES,YES,NONE
50km_-39_26,4,4,1.26565375,2.20119575,69830.43601235113,45902.396554100924,YES,YES,YES,YES,YES,NONE
50km_-39_27,1,4,0.06688575,2.3092145,16007.38777005378,34525.56795982728,YES,YES,YES,YES,YES,NONE
50km_-39_28,1,3,1.0,2.05591625,16511.186223626264,39658.11476485779,YES,YES,YES,YES,YES,NONE
50km_-39_29,5,15,5.0,9.136672,78643.17289339678,179946.95625516505,YES,YES,YES,YES,YES,NONE
50km_-39_33,2,6,2.0,6.0,28680.015829878488,62330.54520367051,YES,YES,YES,YES,YES,NONE
50km_-39_34,3,12,3.0,12.0,65515.93126058497,120933.78139246824,YES,YES,YES,YES,YES,NONE
50km_-39_35,9,7,8.1886255,6.01818875,105491.28063428204,87569.86809951921,YES,YES,YES,YES,YES,NONE
50km_-39_36,7,14,5.70930275,13.5625,79094.84191972631,158074.85150067645,YES,YES,YES,YES,YES,NONE
50km_-39_37,17,18,12.815978000000001,15.5966615,244114.01612610172,177093.8473365213,YES,YES,YES,YES,YES,NONE
50km_-39_38,10,13,9.88194,12.25,147278.02514768223,120012.78181861006,YES,YES,YES,YES,YES,NONE
50km_-39_39,4,7,3.5625,6.952161,57833.393396363375,68064.04241198637,YES,YES,YES,YES,YES,NONE
50km_-39_40,1,0,0.0625,0.0,16273.6430323696,0.0,YES,NO,NO,YES,NO,B_ONLY_ZERO
50km_-39_43,2,0,1.0625,0.0,31483.779005524862,0.0,YES,NO,NO,YES,NO,B_ONLY_ZERO
50km_-39_44,3,2,1.625,1.0625,52347.82424960643,20207.683922138527,YES,YES,YES,YES,YES,NONE
50km_-39_46,5,5,5.0,3.1875,100414.14441832149,48489.677176812154,YES,YES,YES,YES,YES,NONE
50km_-39_47,1,5,1.0,4.0628405,14945.11995396122,48726.715535628064,YES,YES,YES,YES,YES,NONE
50km_-39_48,1,1,0.0486725,1.0,14945.11995396122,8335.015027101479,YES,YES,YES,YES,YES,NONE
50km_-39_49,0,2,0.0,2.0,0.0,16811.746200090874,NO,YES,YES,NO,NO,A_ONLY_ZERO
50km_-39_50,7,7,7.0,5.5155005,100278.31796207823,70981.52429310227,YES,YES,YES,YES,YES,NONE
50km_-39_51,22,40,21.2804715,35.75294075,244685.95603369083,284937.41368835984,YES,YES,YES,YES,YES,NONE
50km_-39_52,59,96,55.57958800000001,87.92719975,529253.9637856358,540636.4167563473,YES,YES,YES,YES,YES,NONE
50km_-39_53,10,18,7.1644625,16.172545749999998,179182.11958293544,205873.07746887743,YES,YES,YES,YES,YES,NONE
50km_-39_54,1,2,0.490701,2.0,13754.620671917126,31117.93298163255,YES,YES,YES,YES,YES,NONE
50km_-39_55,7,15,5.26100975,9.867677,110260.92823520125,156260.9858249827,YES,YES,YES,YES,YES,NONE
50km_-39_56,42,57,40.27117225,52.943639250000004,671621.9743045092,543423.1625643662,YES,YES,YES,YES,YES,NONE
50km_-39_57,56,111,51.77759375,100.28685050000001,508949.4032639873,703660.1621926007,YES,YES,YES,YES,YES,NONE
50km_-39_58,66,95,58.363110000000006,89.23083025000001,713916.7704968521,640794.0759460363,YES,YES,YES,YES,YES,NONE
50km_-39_59,45,73,36.11147425,57.99555799999999,548604.7542505689,552876.6445649256,YES,YES,YES,YES,YES,NONE
50km_-39_60,27,60,24.07458,51.4466575,358464.3099899055,433340.3321979873,YES,YES,YES,YES,YES,NONE
50km_-39_61,42,61,35.347152,54.59913775,474842.08743177063,410624.150835698,YES,YES,YES,YES,YES,NONE
50km_-39_62,34,54,25.9338385,49.21465049999999,436623.19657106005,499021.35745568067,YES,YES,YES,YES,YES,NONE
50km_-39_63,0,1,0.0,0.990098,0.0,13329.630304429136,NO,YES,YES,NO,NO,A_ONLY_ZERO
50km_-38_26,7,5,4.791898,3.8892325000000003,96453.81152430135,46659.305409583336,YES,YES,YES,YES,YES,NONE
50km_-38_27,5,5,3.45589375,3.4148675,76071.70253341737,49619.240468044605,YES,YES,YES,YES,YES,NONE
50km_-38_28,12,13,11.119619749999998,11.456106,199108.61161568417,144863.33894067997,YES,YES,YES,YES,YES,NONE
50km_-38_29,3,5,3.0,4.1992195,44246.73194711773,57265.936667274975,YES,YES,YES,YES,YES,NONE
50km_-38_32,1,2,1.0,2.0,14592.701350784468,24242.29816053053,YES,YES,YES,YES,YES,NONE
50km_-38_33,2,5,1.331562,4.494754,35975.40954995707,48167.4766432203,YES,YES,YES,YES,YES,NONE
50km_-38_34,0,3,0.0,2.496407,0.0,33078.41206516573,NO,YES,YES,NO,NO,A_ONLY_ZERO
50km_-38_35,2,2,2.0,1.25,30380.958224361926,19768.416376105204,YES,YES,YES,YES,YES,NONE
50km_-38_36,9,10,7.125,7.875,142062.84151545816,103753.23431730771,YES,YES,YES,YES,YES,NONE
50km_-38_37,3,4,3.0,2.625,60124.15117565787,42754.95194713448,YES,YES,YES,YES,YES,NONE
50km_-38_38,4,8,3.5625,5.75,53442.00826349591,77282.56361298011,YES,YES,YES,YES,YES,NONE
50km_-38_39,6,6,6.0,5.5625,91298.07106110376,54582.04845317454,YES,YES,YES,YES,YES,NONE
50km_-38_40,1,5,1.0,2.6875,21962.777777777777,50309.996867167916,YES,YES,YES,YES,YES,NONE
50km_-38_41,2,6,1.5625,5.125,43925.555555555555,62420.52631578947,YES,YES,YES,YES,YES,NONE
50km_-38_42,1,0,0.0625,0.0,15741.889502762431,0.0,YES,NO,NO,YES,NO,B_ONLY_ZERO
50km_-38_44,2,2,1.5625,2.0,30894.517133956386,15522.444444444445,YES,YES,YES,YES,YES,NONE
50km_-38_45,1,2,0.0625,2.0,15447.258566978193,17758.339157706094,YES,YES,YES,YES,YES,NONE
50km_-38_46,0,1,0.0,0.5625,0.0,7761.222222222223,NO,YES,YES,NO,NO,A_ONLY_ZERO
50km_-38_50,27,64,25.797799250000004,59.66569475000001,172468.63467396508,250379.0383835372,YES,YES,YES,YES,YES,NONE
50km_-38_51,41,54,35.755318249999995,50.33467275000001,261535.52126647413,218663.43527932436,YES,YES,YES,YES,YES,NONE
50km_-38_52,50,72,39.814441,65.01899175,398041.16025938775,366833.13889192324,YES,YES,YES,YES,YES,NONE
50km_-38_53,21,31,19.08686325,27.571309749999998,326329.8672731129,286259.0072555925,YES,YES,YES,YES,YES,NONE
50km_-38_55,9,8,7.794514749999999,5.533772,149456.30064957935,78794.97083493031,YES,YES,YES,YES,YES,NONE
50km_-38_56,5,12,4.29256125,8.955682999999999,77845.15360443972,124856.99599745976,YES,YES,YES,YES,YES,NONE
50km_-38_57,12,13,9.8457215,8.926357000000001,97530.6460957209,69466.33632636446,YES,YES,YES,YES,YES,NONE
50km_-38_58,55,87,51.21567875000001,77.959774,484285.2990438542,461294.28460586304,YES,YES,YES,YES,YES,NONE
50km_-38_59,70,96,62.29045500000001,79.4438205,586750.2569334495,504115.61391939264,YES,YES,YES,YES,YES,NONE
50km_-38_60,42,74,34.20111300000001,65.77224275,472106.6560885322,390538.7471955964,YES,YES,YES,YES,YES,NONE
50km_-38_61,54,95,42.14093075,85.99558425000001,468482.154432166,438489.0130883706,YES,YES,YES,YES,YES,NONE
50km_-38_62,36,51,29.581301000000003,43.93383849999999,310346.28715656494,228485.04685411757,YES,YES,YES,YES,YES,NONE
50km_-37_33,0,1,0.0,0.5625,0.0,10124.393572831084,NO,YES,YES,NO,NO,A_ONLY_ZERO
50km_-37_34,1,0,1.0,0.0,13218.1875,0.0,YES,NO,NO,YES,NO,B_ONLY_ZERO
50km_-37_35,1,1,1.0,1.0,15216.41749502982,9752.455284552843,YES,YES,YES,YES,YES,NONE
50km_-37_36,0,1,0.0,0.5625,0.0,9644.022803274122,NO,YES,YES,NO,NO,A_ONLY_ZERO
50km_-37_37,0,1,0.0,0.25,0.0,9752.455284552843,NO,YES,YES,NO,NO,A_ONLY_ZERO
50km_-37_38,9,18,8.25,16.25605975,141461.90924657535,177012.4949327895,YES,YES,YES,YES,YES,NONE
50km_-37_39,18,20,16.1875,19.125,256330.69089685628,199607.735449916,YES,YES,YES,YES,YES,NONE
50km_-37_40,13,15,10.754246,13.125,188327.17498152252,145202.29322520134,YES,YES,YES,YES,YES,NONE
50km_-37_41,7,15,5.1875,11.3125,119105.09114789976,155457.49368468337,YES,YES,YES,YES,YES,NONE
50km_-37_42,8,7,7.5625,6.125,101974.11172498466,84215.62626262626,YES,YES,YES,YES,YES,NONE
50km_-37_43,3,3,1.6374805000000001,3.0,41438.50302933248,33045.83417508418,YES,YES,YES,YES,YES,NONE
50km_-37_45,0,1,0.0,1.0,0.0,9997.116935483871,NO,YES,YES,NO,NO,A_ONLY_ZERO
50km_-37_46,3,0,1.57258575,0.0,44220.460525069844,0.0,YES,NO,NO,YES,NO,B_ONLY_ZERO
50km_-37_47,1,2,1.0,2.0,15031.41170699186,14356.788069475104,YES,YES,YES,YES,YES,NONE
50km_-37_48,5,11,4.2192855,8.3413215,77164.3007805316,109029.66385405089,YES,YES,YES,YES,YES,NONE
50km_-37_49,0,1,0.0,1.0,0.0,9442.816618852346,NO,YES,YES,NO,NO,A_ONLY_ZERO
50km_-37_50,46,60,42.7759985,53.476813750000005,309187.58243596577,249290.2217742893,YES,YES,YES,YES,YES,NONE
50km_-37_51,91,116,88.87629725000001,110.86864750000002,475944.34385619167,370698.6044269483,YES,YES,YES,YES,YES,NONE
50km_-37_52,32,51,29.56132075,47.6543295,278791.7877817,301423.41860337363,YES,YES,YES,YES,YES,NONE
50km_-37_53,52,71,47.917610749999994,63.946267,389099.60228341364,363470.5620183037,YES,YES,YES,YES,YES,NONE
50km_-37_58,23,27,20.6010575,26.50943025,181410.77409922468,161384.30304575354,YES,YES,YES,YES,YES,NONE
50km_-37_59,55,84,52.055192000000005,78.79669550000001,311162.15024755686,324733.6884253026,YES,YES,YES,YES,YES,NONE
50km_-37_60,84,118,75.80999350000002,106.91708274999999,552940.9598356424,561048.4191833024,YES,YES,YES,YES,YES,NONE
50km_-37_61,45,87,36.415891,74.12798724999999,400983.9668072445,448166.3966160038,YES,YES,YES,YES,YES,NONE
50km_-37_62,18,22,16.802583499999997,19.667838749999998,381556.99056561233,289845.6478724178,YES,YES,YES,YES,YES,NONE
50km_-36_25,1,0,0.09692225,0.0,14592.701350784468,0.0,YES,NO,NO,YES,NO,B_ONLY_ZERO
50km_-36_29,0,1,0.0,0.953234,0.0,8687.176521668722,NO,YES,YES,NO,NO,A_ONLY_ZERO
50km_-36_30,1,0,0.64356075,0.0,14592.701350784468,0.0,YES,NO,NO,YES,NO,B_ONLY_ZERO
50km_-36_33,4,5,4.0,3.625,50839.017495029824,50669.37214905805,YES,YES,YES,YES,YES,NONE
50km_-36_34,1,1,1.0,1.0,16432.219178082192,9837.863753213369,YES,YES,YES,YES,YES,NONE
50km_-36_35,6,13,6.0,11.4249565,95379.28339041096,129547.70138354256,YES,YES,YES,YES,YES,NONE
50km_-36_36,4,4,4.0,4.0,56086.78167808219,39658.562574970005,YES,YES,YES,YES,YES,NONE
50km_-36_37,11,17,8.875,15.625,162252.6492023884,168728.33945907498,YES,YES,YES,YES,YES,NONE
50km_-36_38,24,34,20.8125,28.25,365013.6018001579,340444.16069596156,YES,YES,YES,YES,YES,NONE
50km_-36_39,11,16,10.209285,13.4375,156022.9798412204,155262.4200359653,YES,YES,YES,YES,YES,NONE
50km_-36_40,5,8,5.0,6.6875,60260.84848484849,75150.48787061995,YES,YES,YES,YES,YES,NONE
50km_-36_41,7,15,6.0625,14.25,92191.50190555863,144213.91777084218,YES,YES,YES,YES,YES,NONE
50km_-36_42,2,7,1.5625,6.5625,29075.50948131623,71923.84554666159,YES,YES,YES,YES,YES,NONE
50km_-36_43,1,1,1.0,1.0,15447.258566978193,9997.116935483871,YES,YES,YES,YES,YES,NONE
50km_-36_45,2,5,0.3125,3.8125,29007.1879787429,41042.005824372754,YES,YES,YES,YES,YES,NONE
50km_-36_46,0,1,0.0,0.07832025,0.0,10067.784271967428,NO,YES,YES,NO,NO,A_ONLY_ZERO
50km_-36_48,0,4,0.0,4.0,0.0,39555.55156394046,NO,YES,YES,NO,NO,A_ONLY_ZERO
50km_-36_49,3,7,2.90192,5.21502075,45561.77645422276,64174.28288802024,YES,YES,YES,YES,YES,NONE
50km_-36_50,13,20,12.38360675,16.639861500000002,182974.19238750986,150229.6778080991,YES,YES,YES,YES,YES,NONE
50km_-36_51,84,142,77.86155600000001,137.93703799999997,459805.7770969325,491573.0234236056,YES,YES,YES,YES,YES,NONE
50km_-36_52,98,141,95.06322725000001,137.28594175,495643.72082096327,560800.1358772487,YES,YES,YES,YES,YES,NONE
50km_-36_53,74,103,67.02021250000001,94.53922150000001,478478.5522766691,418059.62354182755,YES,YES,YES,YES,YES,NONE
50km_-36_54,0,1,0.0,0.56583975,0.0,11521.445018744977,NO,YES,YES,NO,NO,A_ONLY_ZERO
50km_-36_56,1,0,0.06501,0.0,14525.521508703923,0.0,YES,NO,NO,YES,NO,B_ONLY_ZERO
50km_-36_59,0,1,0.0,0.0625,0.0,2956.484192984645,NO,YES,YES,NO,NO,A_ONLY_ZERO
50km_-36_60,50,64,43.94390150000001,59.18753025,336714.10972260404,271877.2072738585,YES,YES,YES,YES,YES,NONE
50km_-36_61,85,141,77.15388725,133.35772374999996,456060.66513166274,577836.1287813566,YES,YES,YES,YES,YES,NONE
50km_-36_62,14,16,13.50278475,14.12420825,294582.30311851663,187293.96874687963,YES,YES,YES,YES,YES,NONE
50km_-35_25,1,0,0.227728,0.0,15456.660895934256,0.0,YES,NO,NO,YES,NO,B_ONLY_ZERO
50km_-35_26,1,0,1.0,0.0,14592.701350784468,0.0,YES,NO,NO,YES,NO,B_ONLY_ZERO
50km_-35_30,3,7,3.0,6.63655125,46827.70618703725,66559.1038563305,YES,YES,YES,YES,YES,NONE
50km_-35_31,0,8,0.0,6.182112,0.0,82036.78871498942,NO,YES,YES,NO,NO,A_ONLY_ZERO
50km_-35_32,11,15,9.006927000000001,13.625,146419.13129770992,159421.8503631961,YES,YES,YES,YES,YES,NONE
50km_-35_33,6,8,6.0,8.0,71245.2,90320.81259079902,YES,YES,YES,YES,YES,NONE
50km_-35_35,2,1,1.0625,1.0,28702.000000000004,9293.980952380953,YES,YES,YES,YES,YES,NONE
50km_-35_36,7,6,5.625,6.0,103486.62585616439,58726.28905078661,YES,YES,YES,YES,YES,NONE
50km_-35_37,2,3,1.3603765,3.0,28434.60499502982,30554.8487271758,YES,YES,YES,YES,YES,NONE
50km_-35_38,12,22,11.5625,17.875,182681.32837053025,218395.58272457944,YES,YES,YES,YES,YES,NONE
50km_-35_39,21,26,18.375,25.125,308099.91527551983,239766.81355321375,YES,YES,YES,YES,YES,NONE
50km_-35_40,12,19,10.625,16.4375,169349.09099868414,158376.60214317028,YES,YES,YES,YES,YES,NONE
50km_-35_41,10,14,9.0625,11.3125,148201.28112504765,122621.21175497846,YES,YES,YES,YES,YES,NONE
50km_-35_42,1,0,0.0625,0.0,13575.820512820514,0.0,YES,NO,NO,YES,NO,B_ONLY_ZERO
50km_-35_46,1,0,1.0,0.0,14441.954828833002,0.0,YES,NO,NO,YES,NO,B_ONLY_ZERO
50km_-35_47,0,1,0.0,1.0,0.0,10142.391304347826,NO,YES,YES,NO,NO,A_ONLY_ZERO
50km_-35_50,0,1,0.0,1.0,0.0,10067.784271967428,NO,YES,YES,NO,NO,A_ONLY_ZERO
50km_-35_51,14,20,12.22716125,18.26155975,145347.6549025945,125736.92292631866,YES,YES,YES,YES,YES,NONE
50km_-35_52,55,95,50.023307249999995,87.22302225000001,334949.4643167767,343822.9696863149,YES,YES,YES,YES,YES,NONE
50km_-35_53,60,78,54.85205150000001,66.31542275,389407.8081554287,345353.40331066214,YES,YES,YES,YES,YES,NONE
50km_-35_54,41,66,30.342008250000003,53.6250745,323157.1049544319,321026.3301396048,YES,YES,YES,YES,YES,NONE
50km_-35_55,1,1,0.6165135,1.0,19571.47693945768,9382.067698246436,YES,YES,YES,YES,YES,NONE
50km_-35_59,0,1,0.0,1.0,0.0,11305.098160267406,NO,YES,YES,NO,NO,A_ONLY_ZERO
50km_-35_60,28,44,26.480792750000003,42.215650000000004,341517.3657466638,364670.85551660066,YES,YES,YES,YES,YES,NONE
50km_-35_61,26,44,24.0569905,38.40667775,248655.3471128961,297353.4573200342,YES,YES,YES,YES,YES,NONE
50km_-35_62,2,3,1.049625,3.0,34295.22978762839,36913.09261441965,YES,YES,YES,YES,YES,NONE
50km_-34_24,1,0,1.0,0.0,14363.20091324201,0.0,YES,NO,NO,YES,NO,B_ONLY_ZERO
50km_-34_26,1,0,0.5625,0.0,15289.588957055215,0.0,YES,NO,NO,YES,NO,B_ONLY_ZERO
50km_-34_28,0,1,0.0,1.0,0.0,10123.697636358273,NO,YES,YES,NO,NO,A_ONLY_ZERO
50km_-34_33,7,9,7.0,8.5625,86279.98625954197,99858.61888619853,YES,YES,YES,YES,YES,NONE
50km_-34_34,1,1,0.5625,0.5625,15034.786259541985,10094.986078886312,YES,YES,YES,YES,YES,NONE
50km_-34_35,5,13,5.0,10.477225,71274.01374570446,124025.77288697383,YES,YES,YES,YES,YES,NONE
50km_-34_36,7,12,6.25,10.375,103124.45873214322,116099.69997459579,YES,YES,YES,YES,YES,NONE
50km_-34_37,14,22,12.625,21.07078775,217977.37009279936,221212.24756507,YES,YES,YES,YES,YES,NONE
50km_-34_38,9,17,8.0625,15.0625,135677.6274501517,167177.57557033832,YES,YES,YES,YES,YES,NONE
50km_-34_39,13,28,12.25,23.4375,182455.1648772836,275382.66441647103,YES,YES,YES,YES,YES,NONE
50km_-34_40,7,16,5.621529,13.853122,117832.2007434573,133348.9316434724,YES,YES,YES,YES,YES,NONE
50km_-34_41,4,13,3.0625,11.125,68271.0244011375,111864.05228784689,YES,YES,YES,YES,YES,NONE
50km_-34_42,3,6,3.0,5.0774495,41405.98430830827,61640.44869583755,YES,YES,YES,YES,YES,NONE
50km_-34_44,0,1,0.0,1.0,0.0,9549.05376344086,NO,YES,YES,NO,NO,A_ONLY_ZERO
50km_-34_45,0,1,0.0,1.0,0.0,10776.777777777776,NO,YES,YES,NO,NO,A_ONLY_ZERO
50km_-34_46,5,3,4.25,3.0,60346.94199376769,27516.105590062114,YES,YES,YES,YES,YES,NONE
50km_-34_47,18,28,16.1875,23.9375,216870.9865165852,279003.46228926355,YES,YES,YES,YES,YES,NONE
50km_-34_48,5,8,5.0,6.625,62161.57006151742,80428.60437000886,YES,YES,YES,YES,YES,NONE
50km_-34_51,3,5,3.0,3.7389609999999998,43532.89271889301,58217.31758009769,YES,YES,YES,YES,YES,NONE
50km_-34_52,33,52,26.80287275,47.38642899999999,217891.0491137639,182773.37235864703,YES,YES,YES,YES,YES,NONE
50km_-34_53,42,55,35.348662749999995,52.628869,467082.6700386793,415590.5230510212,YES,YES,YES,YES,YES,NONE
50km_-34_54,57,78,51.0376895,68.54388875,422049.33493092284,550119.0284075785,YES,YES,YES,YES,YES,NONE
50km_-34_55,38,46,30.212066499999995,38.369297,326948.9559295145,285643.46191782824,YES,YES,YES,YES,YES,NONE
50km_-34_58,1,1,1.0,0.4616655,16849.782371760462,9964.921188707462,YES,YES,YES,YES,YES,NONE
50km_-34_59,20,40,18.6219125,37.72240024999999,314671.3339928344,430714.6281882722,YES,YES,YES,YES,YES,NONE
50km_-34_60,63,96,57.47926025,88.78213175,615856.3807535724,559492.3309256723,YES,YES,YES,YES,YES,NONE
50km_-34_61,55,80,51.5916,71.61419374999998,336815.31081693905,361299.9407987047,YES,YES,YES,YES,YES,NONE
50km_-33_24,0,3,0.0,1.3125,0.0,28286.26829268293,NO,YES,YES,NO,NO,A_ONLY_ZERO
50km_-33_27,1,0,0.52739025,0.0,14228.66501612091,0.0,YES,NO,NO,YES,NO,B_ONLY_ZERO
50km_-33_28,1,2,1.0,1.45975375,13193.498469535063,21005.13740868825,YES,YES,YES,YES,YES,NONE
50km_-33_29,5,4,4.04247675,4.0,71247.53487243764,42451.92669944662,YES,YES,YES,YES,YES,NONE
50km_-33_30,4,4,3.0625,4.0,57674.24429009626,42719.68886044214,YES,YES,YES,YES,YES,NONE
50km_-33_31,1,1,0.25,0.0625,14608.45712892722,10880.743835857167,YES,YES,YES,YES,YES,NONE
50km_-33_32,0,1,0.0,1.0,0.0,9537.806295399514,NO,YES,YES,NO,NO,A_ONLY_ZERO
50km_-33_33,1,0,0.5625,0.0,16062.472222222224,0.0,YES,NO,NO,YES,NO,B_ONLY_ZERO
50km_-33_34,5,9,2.375,7.625,74157.72164948453,85698.79820009843,YES,YES,YES,YES,YES,NONE
50km_-33_35,15,24,14.5625,21.8125,213881.88831615116,238227.3353843373,YES,YES,YES,YES,YES,NONE
50km_-33_36,13,19,12.5642175,18.5625,185660.87457044673,190606.37974508092,YES,YES,YES,YES,YES,NONE
50km_-33_37,18,28,17.0625,26.6875,258497.54123711342,272549.28443868586,YES,YES,YES,YES,YES,NONE
50km_-33_38,20,30,18.8125,25.75,276050.92497991543,300970.78149092436,YES,YES,YES,YES,YES,NONE
50km_-33_39,23,34,20.3125,32.1875,301474.2253879707,339545.66111640184,YES,YES,YES,YES,YES,NONE
50km_-33_40,13,21,12.125,20.5625,187002.28937422644,209001.76870930434,YES,YES,YES,YES,YES,NONE
50km_-33_41,14,18,11.875,14.885857,202913.75630914813,184544.19800515875,YES,YES,YES,YES,YES,NONE
50km_-33_42,7,10,4.25,7.4375,102251.14161566707,104946.04086021504,YES,YES,YES,YES,YES,NONE
50km_-33_44,0,2,0.0,0.142121,0.0,20472.253763440858,NO,YES,YES,NO,NO,A_ONLY_ZERO
50km_-33_45,5,7,4.5625,5.8125,70202.95038759691,73274.84086021504,YES,YES,YES,YES,YES,NONE
50km_-33_49,0,2,0.0,2.0,0.0,20019.25300386909,NO,YES,YES,NO,NO,A_ONLY_ZERO
50km_-33_50,1,0,1.0,0.0,12962.416666666666,0.0,YES,NO,NO,YES,NO,B_ONLY_ZERO
50km_-33_51,4,11,3.962841,8.863315,93973.04363636363,111671.27162944582,YES,YES,YES,YES,YES,NONE
50km_-33_52,47,60,39.236069,50.088349,390371.7269604946,354142.6160920388,YES,YES,YES,YES,YES,NONE
50km_-33_53,20,63,15.31593625,46.99219925000001,120502.77604487175,234650.10850094951,YES,YES,YES,YES,YES,NONE
50km_-33_54,37,62,32.93009,46.84555225,242690.74076757528,261139.9745896429,YES,YES,YES,YES,YES,NONE
50km_-33_55,19,19,15.0364385,15.457280500000001,126589.63690447007,97208.68920448408,YES,YES,YES,YES,YES,NONE
50km_-33_56,0,2,0.0,0.15579375,0.0,20264.2315216898,NO,YES,YES,NO,NO,A_ONLY_ZERO
50km_-33_57,3,7,2.15355625,4.0519605,55614.65383411929,76997.15658336632,YES,YES,YES,YES,YES,NONE
50km_-33_58,11,17,8.33153,13.416444249999998,191086.95889806922,181699.51140081056,YES,YES,YES,YES,YES,NONE
50km_-33_59,29,58,23.96063725,50.844981250000004,470702.89583600446,524163.9316599691,YES,YES,YES,YES,YES,NONE
50km_-33_60,52,70,47.65588075,65.78888925,542959.9743944115,476859.28163061966,YES,YES,YES,YES,YES,NONE
50km_-33_61,46,74,42.93475399999999,67.58827825,292693.5564340074,337652.01147805835,YES,YES,YES,YES,YES,NONE
50km_-32_23,1,2,0.0625,0.125,15347.53846153846,19230.65060240964,YES,YES,YES,YES,YES,NONE
50km_-32_24,1,0,0.25,0.0,15401.434812251784,0.0,YES,NO,NO,YES,NO,B_ONLY_ZERO
50km_-32_25,1,0,0.25,0.0,15401.434812251784,0.0,YES,NO,NO,YES,NO,B_ONLY_ZERO
50km_-32_26,1,0,0.6396915,0.0,13767.242058072072,0.0,YES,NO,NO,YES,NO,B_ONLY_ZERO
50km_-32_27,2,1,2.0,1.0,30208.175881601484,9555.41452991453,YES,YES,YES,YES,YES,NONE
50km_-32_28,5,8,3.6875,6.13595,83581.1623253063,89108.85579080127,YES,YES,YES,YES,YES,NONE
50km_-32_29,12,16,11.0625,13.860806,221989.86449399882,182490.70774500066,YES,YES,YES,YES,YES,NONE
50km_-32_30,20,26,19.07631825,26.0,334870.2606263872,306591.7027705676,YES,YES,YES,YES,YES,NONE
50km_-32_31,11,15,8.625,13.39657,176911.94026227237,169322.58870423687,YES,YES,YES,YES,YES,NONE
50km_-32_32,15,21,12.66379575,18.4375,215253.22346656222,224479.18813806784,YES,YES,YES,YES,YES,NONE
50km_-32_33,12,15,11.5625,14.0625,171048.05996697422,160991.4677700542,YES,YES,YES,YES,YES,NONE
50km_-32_34,14,17,13.63560175,15.8125,199634.56104770768,169439.46599941485,YES,YES,YES,YES,YES,NONE
50km_-32_35,30,45,27.67053125,41.75,435559.9506867841,449282.2585883393,YES,YES,YES,YES,YES,NONE
50km_-32_36,34,39,32.165133,35.5,505108.75348923367,388837.98787840904,YES,YES,YES,YES,YES,NONE
50km_-32_37,11,30,9.625,29.125,158006.14496166678,294199.34843105834,YES,YES,YES,YES,YES,NONE
50km_-32_38,22,40,21.177123,34.9423475,314925.7027504475,398437.711938285,YES,YES,YES,YES,YES,NONE
50km_-32_39,20,25,17.625,22.3125,289595.94074198446,248561.83473846092,YES,YES,YES,YES,YES,NONE
50km_-32_40,20,22,18.3125,20.625,284354.11527591053,220466.56896847597,YES,YES,YES,YES,YES,NONE
50km_-32_41,12,11,8.75,10.25,182997.57487144566,114072.92616487453,YES,YES,YES,YES,YES,NONE
50km_-32_42,9,12,8.25,7.27607125,139191.58196654427,124749.35770609317,YES,YES,YES,YES,YES,NONE
50km_-32_43,4,6,3.2116935,4.102021,66847.69457364341,62920.23154121863,YES,YES,YES,YES,YES,NONE
50km_-32_44,2,4,1.2093945000000001,3.064481,28334.661240310077,42318.65376344086,YES,YES,YES,YES,YES,NONE
50km_-32_45,4,8,2.832582,7.0625,69293.81913504693,83335.84423963133,YES,YES,YES,YES,YES,NONE
50km_-32_48,7,7,4.89503625,6.42670725,111085.80808080806,69159.24519719911,YES,YES,YES,YES,YES,NONE
50km_-32_49,31,43,28.13987025,38.8441305,446468.0390862021,416204.3342770659,YES,YES,YES,YES,YES,NONE
50km_-32_50,39,43,38.833543999999996,42.898998,581888.5973986281,439143.84960273025,YES,YES,YES,YES,YES,NONE
50km_-32_51,27,39,24.44290675,34.556805999999995,392730.05919562414,413877.6450775391,YES,YES,YES,YES,YES,NONE
50km_-32_52,37,45,33.9375,38.107374,588423.1787275786,463735.5448255853,YES,YES,YES,YES,YES,NONE
50km_-32_53,27,44,22.771796500000004,40.4511255,359848.5575177596,410674.84380313446,YES,YES,YES,YES,YES,NONE
50km_-32_54,8,19,6.625,15.6836295,117666.36669578486,216154.6647343384,YES,YES,YES,YES,YES,NONE
50km_-32_55,8,14,7.5625,10.19486275,125515.30094320695,139430.34541942945,YES,YES,YES,YES,YES,NONE
50km_-32_56,29,35,27.910501,32.18730525,410913.4657925408,368064.7792102207,YES,YES,YES,YES,YES,NONE
50km_-32_57,20,31,18.625,25.169407,279255.21281389747,312975.6039929401,YES,YES,YES,YES,YES,NONE
50km_-32_58,23,32,20.679476500000003,25.578215249999996,365349.8305955916,373346.78346110194,YES,YES,YES,YES,YES,NONE
50km_-32_59,41,66,36.32339424999999,57.29272325,496205.5677483541,594286.0955807477,YES,YES,YES,YES,YES,NONE
50km_-32_60,72,117,67.7214375,112.21663475,490302.0482489741,563756.6733607446,YES,YES,YES,YES,YES,NONE
50km_-32_61,26,34,25.997957,32.09754825,152225.15040384786,171592.1884437706,YES,YES,YES,YES,YES,NONE
50km_-31_25,0,1,0.0,0.0625,0.0,10203.133708012803,NO,YES,YES,NO,NO,A_ONLY_ZERO
50km_-31_27,5,3,5.0,3.0,131436.30732959852,30596.96273291925,YES,YES,YES,YES,YES,NONE
50km_-31_28,19,28,17.3125,23.3629015,270292.7967086834,298644.80365045584,YES,YES,YES,YES,YES,NONE
50km_-31_29,17,25,16.84406,24.5625,322962.1865779645,320734.4490668751,YES,YES,YES,YES,YES,NONE
50km_-31_30,15,34,13.72653525,31.9375,281058.2540501806,379539.5736987808,YES,YES,YES,YES,YES,NONE
50km_-31_31,16,26,15.5625,23.875,257062.79797682256,280105.7310400156,YES,YES,YES,YES,YES,NONE
50km_-31_32,21,24,18.6875,22.1875,304878.6391434402,260815.59942701363,YES,YES,YES,YES,YES,NONE
50km_-31_33,8,7,7.5625,5.625,116844.71213751033,74816.76162051599,YES,YES,YES,YES,YES,NONE
50km_-31_34,17,29,16.0625,26.554783,240994.12742474914,284092.14562211995,YES,YES,YES,YES,YES,NONE
50km_-31_35,15,18,14.920861,14.5,230775.552355301,186971.39744271422,YES,YES,YES,YES,YES,NONE
50km_-31_36,26,41,23.75,39.775393,392072.63572067895,412266.975852388,YES,YES,YES,YES,YES,NONE
50km_-31_37,9,24,8.5625,21.5,139438.95163366865,247491.19571386385,YES,YES,YES,YES,YES,NONE
50km_-31_38,7,8,5.0625,6.625,101530.17273678634,82130.83588610555,YES,YES,YES,YES,YES,NONE
50km_-31_39,10,10,10.0,9.125,140888.2471884726,100886.51702031269,YES,YES,YES,YES,YES,NONE
50km_-31_40,14,21,13.125,18.83399175,191882.65038669092,230347.7757253959,YES,YES,YES,YES,YES,NONE
50km_-31_41,7,9,6.25,7.375,107143.3907384741,95909.6982078853,YES,YES,YES,YES,YES,NONE
50km_-31_42,10,11,10.0,9.3125,142763.33904528766,114495.0946236559,YES,YES,YES,YES,YES,NONE
50km_-31_43,11,15,10.0625,12.3125,192806.9307629539,158409.370609319,YES,YES,YES,YES,YES,NONE
50km_-31_44,6,7,5.5625,6.25,87538.7945736434,72725.64086021505,YES,YES,YES,YES,YES,NONE
50km_-31_45,1,1,0.5625,1.0,14502.711111111112,10877.033333333333,YES,YES,YES,YES,YES,NONE
50km_-31_48,14,22,12.1875,19.28397,201940.8096434937,219842.6024188756,YES,YES,YES,YES,YES,NONE
50km_-31_49,37,50,34.22706775,46.3008315,577783.5569518401,505897.06944820966,YES,YES,YES,YES,YES,NONE
50km_-31_50,39,56,35.48771375,51.618712,585812.6026341991,586682.7462557283,YES,YES,YES,YES,YES,NONE
50km_-31_51,38,55,35.8885775,51.23706725,583194.7890261114,565971.1585853604,YES,YES,YES,YES,YES,NONE
50km_-31_52,39,58,37.375,52.3318975,586702.9273684138,589840.1348985205,YES,YES,YES,YES,YES,NONE
50km_-31_53,34,63,33.919587,60.048924,531581.4215748651,649028.0451643036,YES,YES,YES,YES,YES,NONE
50km_-31_54,32,45,28.322868999999997,42.06788725,482939.03784003813,467051.4972982839,YES,YES,YES,YES,YES,NONE
50km_-31_55,36,52,34.108414999999994,48.99875,510588.1766564783,581748.9598989113,YES,YES,YES,YES,YES,NONE
50km_-31_56,41,63,39.047978,60.535499,622632.5047102623,668568.696896376,YES,YES,YES,YES,YES,NONE
50km_-31_57,39,55,36.150788,52.925914999999996,604266.0351598866,560638.159054446,YES,YES,YES,YES,YES,NONE
50km_-31_58,39,58,36.477744,56.28285,598445.9292479047,596119.3753869182,YES,YES,YES,YES,YES,NONE
50km_-31_59,34,45,28.7013085,39.651454,504738.4567518029,509165.11529117834,YES,YES,YES,YES,YES,NONE
50km_-31_60,33,52,32.98061,48.02075849999999,473261.4068317146,549094.127181878,YES,YES,YES,YES,YES,NONE
50km_-31_61,5,6,4.5625,6.0,66438.91454953596,65644.41688349086,YES,YES,YES,YES,YES,NONE
50km_-30_20,0,1,0.0,1.0,0.0,9615.32530120482,NO,YES,YES,NO,NO,A_ONLY_ZERO
50km_-30_21,7,9,6.5625,7.375,100410.69230769228,120652.41010194627,YES,YES,YES,YES,YES,NONE
50km_-30_22,2,2,1.5625,2.0,78512.81623931623,19230.65060240964,YES,YES,YES,YES,YES,NONE
50km_-30_23,0,1,0.0,1.0,0.0,9615.32530120482,NO,YES,YES,NO,NO,A_ONLY_ZERO
50km_-30_24,2,0,2.0,0.0,39031.48265478881,0.0,YES,NO,NO,YES,NO,B_ONLY_ZERO
50km_-30_25,0,1,0.0,1.0,0.0,19057.449985356,NO,YES,YES,NO,NO,A_ONLY_ZERO
50km_-30_26,1,2,1.0,1.0625,16440.933823529413,20402.121285652553,YES,YES,YES,YES,YES,NONE
50km_-30_27,7,20,7.0,15.5021085,103681.63809523807,207298.4620524403,YES,YES,YES,YES,YES,NONE
50km_-30_28,17,18,15.125,17.451354000000002,240819.82320261432,217551.80118432292,YES,YES,YES,YES,YES,NONE
50km_-30_29,33,45,31.12207875,41.8125,516337.2920545575,467028.55803209863,YES,YES,YES,YES,YES,NONE
50km_-30_30,17,18,16.0625,16.125,268278.0181823355,186749.2775649375,YES,YES,YES,YES,YES,NONE
50km_-30_31,6,9,4.625,6.875,93499.24104691354,95326.28485059484,YES,YES,YES,YES,YES,NONE
50km_-30_32,10,16,9.25,13.5625,145276.4753966404,162826.71780863116,YES,YES,YES,YES,YES,NONE
50km_-30_33,13,28,11.1875,26.528222,189104.85034425906,313690.04178996175,YES,YES,YES,YES,YES,NONE
50km_-30_34,25,49,20.115095,43.8874305,342823.93446932285,522927.43214385485,YES,YES,YES,YES,YES,NONE
50km_-30_35,15,19,14.5625,18.5625,250934.6515222985,201897.90466462652,YES,YES,YES,YES,YES,NONE
50km_-30_36,10,12,9.0625,11.5625,148035.54587573724,114176.11249397813,YES,YES,YES,YES,YES,NONE
50km_-30_37,8,5,8.0,5.0,120842.67737371415,50048.773835708766,YES,YES,YES,YES,YES,NONE
50km_-30_38,3,4,3.0,2.3125,46239.25673897064,47382.97487126895,YES,YES,YES,YES,YES,NONE
50km_-30_39,2,4,1.11272175,4.0,31268.81637392393,43064.755099896945,YES,YES,YES,YES,YES,NONE
50km_-30_40,1,3,1.0,3.0,14959.333333333334,24018.214912280702,YES,YES,YES,YES,YES,NONE
50km_-30_41,0,1,0.0,1.0,0.0,9979.166666666666,NO,YES,YES,NO,NO,A_ONLY_ZERO
50km_-30_42,0,3,0.0,3.0,0.0,29512.055555555555,NO,YES,YES,NO,NO,A_ONLY_ZERO
50km_-30_43,8,8,7.25,6.0625,130559.20430107527,81117.16212121212,YES,YES,YES,YES,YES,NONE
50km_-30_44,12,21,11.0625,17.0,190415.97039071796,204996.15988633962,YES,YES,YES,YES,YES,NONE
50km_-30_45,7,14,4.6875,11.6875,72807.56041994512,134100.92047574694,YES,YES,YES,YES,YES,NONE
50km_-30_47,0,1,0.0,1.0,0.0,8722.333333333334,NO,YES,YES,NO,NO,A_ONLY_ZERO
50km_-30_48,17,24,14.9375,19.25,234888.77411764706,240178.3102935712,YES,YES,YES,YES,YES,NONE
50km_-30_49,30,37,24.4375,31.328429,455920.6487947876,407422.41261080327,YES,YES,YES,YES,YES,NONE
50km_-30_50,37,50,31.883287,44.78111475,576388.8995374779,561991.6782654767,YES,YES,YES,YES,YES,NONE
50km_-30_51,33,46,30.9375,41.875,479153.3930467693,489666.7026855592,YES,YES,YES,YES,YES,NONE
50km_-30_52,35,54,31.69135875,50.6875,520847.0688009106,548769.3897728475,YES,YES,YES,YES,YES,NONE
50km_-30_53,39,61,37.375,60.034177,605040.1841589854,621869.9694293056,YES,YES,YES,YES,YES,NONE
50km_-30_54,40,62,38.1875,60.1875,632152.3633861034,633005.0603644983,YES,YES,YES,YES,YES,NONE
50km_-30_55,40,60,36.063023,58.200052,666037.028874982,569786.382347545,YES,YES,YES,YES,YES,NONE
50km_-30_56,38,63,36.804202000000004,59.111155499999995,579982.9607964942,629171.8539001618,YES,YES,YES,YES,YES,NONE
50km_-30_57,41,53,39.51003075,50.68154225,612688.6735126587,546947.0473525849,YES,YES,YES,YES,YES,NONE
50km_-30_58,38,54,34.82755375,52.326012250000005,536900.0125763126,543189.6049691052,YES,YES,YES,YES,YES,NONE
50km_-30_59,37,57,33.657873499999994,54.01829025,569749.3899669151,584353.9834164522,YES,YES,YES,YES,YES,NONE
50km_-30_60,39,47,36.978657,44.326353999999995,592825.2150214794,489097.73797192366,YES,YES,YES,YES,YES,NONE
50km_-29_20,6,8,5.5625,8.0,86698.25525351841,91562.23939393938,YES,YES,YES,YES,YES,NONE
50km_-29_21,19,23,13.5625,20.9375,328748.87590771803,405485.7435911478,YES,YES,YES,YES,YES,NONE
50km_-29_22,3,3,3.0,2.53414475,189495.83333333334,97074.94068582021,YES,YES,YES,YES,YES,NONE
50km_-29_23,3,3,1.8125,1.125,102196.76043256659,63611.6614261292,YES,YES,YES,YES,YES,NONE
50km_-29_24,1,1,0.5625,1.0,14529.046959331095,9940.92686691075,YES,YES,YES,YES,YES,NONE
50km_-29_25,2,2,1.5625,1.5625,32489.33506349141,20525.901041689576,YES,YES,YES,YES,YES,NONE
50km_-29_26,10,19,8.625,16.25,148421.2387544338,196329.79590504666,YES,YES,YES,YES,YES,NONE
50km_-29_27,27,40,25.6875,37.875,381200.69786584214,388551.49904656963,YES,YES,YES,YES,YES,NONE
50km_-29_28,25,44,22.8050735,41.1861975,367975.3972056608,431362.831310493,YES,YES,YES,YES,YES,NONE
50km_-29_29,29,56,26.846750749999998,53.28948475,439361.2122119247,541614.8564247624,YES,YES,YES,YES,YES,NONE
50km_-29_30,24,34,23.25,34.0,365962.1169415641,331965.1506358193,YES,YES,YES,YES,YES,NONE
50km_-29_31,16,31,13.66356125,28.85561,239095.21204392207,298538.94618222944,YES,YES,YES,YES,YES,NONE
50km_-29_32,32,48,31.995505,47.101262750000004,486705.09220252896,465865.8786771171,YES,YES,YES,YES,YES,NONE
50km_-29_33,28,36,27.5625,32.296129,443828.918467819,366727.3128901229,YES,YES,YES,YES,YES,NONE
50km_-29_34,32,51,26.55830525,43.965512000000004,494686.4858641302,537451.6793857826,YES,YES,YES,YES,YES,NONE
50km_-29_35,23,39,16.8125,33.367174999999996,382669.8934740341,393529.4232004642,YES,YES,YES,YES,YES,NONE
50km_-29_36,26,43,22.3125,37.4591395,374921.97199245833,407676.3860018543,YES,YES,YES,YES,YES,NONE
50km_-29_37,7,21,7.0,20.5625,112409.39906480166,209879.3134915966,YES,YES,YES,YES,YES,NONE
50km_-29_39,4,5,3.25,4.0625,64672.8888888889,48118.057275541796,YES,YES,YES,YES,YES,NONE
50km_-29_40,1,7,1.0,6.25,14835.111111111111,64088.089285714275,YES,YES,YES,YES,YES,NONE
50km_-29_41,5,4,5.0,4.0,83529.63333333333,36944.541666666664,YES,YES,YES,YES,YES,NONE
50km_-29_42,1,0,1.0,0.0,16631.944444444445,0.0,YES,NO,NO,YES,NO,B_ONLY_ZERO
50km_-29_43,0,1,0.0,1.0,0.0,12018.272727272728,NO,YES,YES,NO,NO,A_ONLY_ZERO
50km_-29_44,3,13,3.0,10.25,41470.026421963936,123576.04944913743,YES,YES,YES,YES,YES,NONE
50km_-29_45,9,6,7.1875,4.3125,101576.12908878007,59714.982994601036,YES,YES,YES,YES,YES,NONE
50km_-29_46,1,0,0.0625,0.0,15466.381938667211,0.0,YES,NO,NO,YES,NO,B_ONLY_ZERO
50km_-29_47,1,0,1.0,0.0,15275.333333333334,0.0,YES,NO,NO,YES,NO,B_ONLY_ZERO
50km_-29_48,9,16,8.5625,13.089997,139496.45571403223,170887.0312169918,YES,YES,YES,YES,YES,NONE
50km_-29_49,11,14,6.3982155,10.8125,172507.2660311949,159114.72535571843,YES,YES,YES,YES,YES,NONE
50km_-29_50,10,13,8.375,12.06564575,150885.6460426646,144536.64632869477,YES,YES,YES,YES,YES,NONE
50km_-29_51,32,47,27.8125,38.566295000000004,444026.13818943896,525000.6666424207,YES,YES,YES,YES,YES,NONE
50km_-29_52,38,53,35.9375,46.95807375,530381.4444505424,565395.4670917494,YES,YES,YES,YES,YES,NONE
50km_-29_53,37,54,33.25,50.621041000000005,542187.6120631126,572767.087787479,YES,YES,YES,YES,YES,NONE
50km_-29_54,37,48,32.962378,42.9744955,558331.4487801457,495654.00106608664,YES,YES,YES,YES,YES,NONE
50km_-29_55,41,60,39.26062725,56.116697,617618.7924558294,614388.1047993794,YES,YES,YES,YES,YES,NONE
50km_-29_56,37,56,36.273236999999995,53.0777035,544065.120932326,613037.5885293875,YES,YES,YES,YES,YES,NONE
50km_-29_57,34,49,32.9902145,43.859452,490563.12091888126,542167.930661916,YES,YES,YES,YES,YES,NONE
50km_-29_58,42,55,39.25251850000001,51.9776005,754047.9386683515,601875.0348615204,YES,YES,YES,YES,YES,NONE
50km_-29_59,35,58,33.77269525,55.91085825,548754.2636752134,604947.6958575286,YES,YES,YES,YES,YES,NONE
50km_-29_60,23,37,22.915038,34.640109,326621.5448717948,374698.9736874239,YES,YES,YES,YES,YES,NONE
50km_-28_20,19,23,17.8125,20.696918,237046.4958328989,229014.38178937824,YES,YES,YES,YES,YES,NONE
50km_-28_21,16,20,13.02285925,17.4375,270245.1725786239,254603.02414500658,YES,YES,YES,YES,YES,NONE
50km_-28_22,9,23,7.1875,20.3125,168390.3931623932,247806.57831325295,YES,YES,YES,YES,YES,NONE
50km_-28_23,10,11,6.3125,9.586,135069.78535718983,103957.04527223368,YES,YES,YES,YES,YES,NONE
50km_-28_24,4,6,4.0,4.56848,61676.72041316527,72850.54574806786,YES,YES,YES,YES,YES,NONE
50km_-28_25,10,14,7.4375,11.6875,166091.8176443312,144835.55707891553,YES,YES,YES,YES,YES,NONE
50km_-28_26,34,51,31.751819249999997,48.6875,483659.84646358504,505824.56891168584,YES,YES,YES,YES,YES,NONE
50km_-28_27,46,53,44.578187,50.39268275,685009.1542103066,493695.3757603324,YES,YES,YES,YES,YES,NONE
50km_-28_28,25,35,23.113385,34.034177,390361.6106651739,341083.263681932,YES,YES,YES,YES,YES,NONE
50km_-28_29,18,26,17.554939,24.3125,289362.9502530526,250535.24421839745,YES,YES,YES,YES,YES,NONE
50km_-28_30,3,3,3.0,3.0,48331.81817539143,30466.234096027612,YES,YES,YES,YES,YES,NONE
50km_-28_31,3,0,3.0,0.0,48962.79710153844,0.0,YES,NO,NO,YES,NO,B_ONLY_ZERO
50km_-28_32,3,9,2.0625,9.0,48783.25745248864,101695.42354477065,YES,YES,YES,YES,YES,NONE
50km_-28_33,7,16,6.5625,15.972131000000001,117264.6676092827,163421.5014739974,YES,YES,YES,YES,YES,NONE
50km_-28_34,31,54,28.7737785,50.203792,464674.60931210633,532860.006845593,YES,YES,YES,YES,YES,NONE
50km_-28_35,21,44,18.413124,38.3081775,336913.7160668369,424109.2343517182,YES,YES,YES,YES,YES,NONE
50km_-28_36,18,27,15.375,23.0625,254468.94509803923,246285.35759321324,YES,YES,YES,YES,YES,NONE
50km_-28_37,25,32,22.18209325,29.517523,381050.39822187833,315613.5927453845,YES,YES,YES,YES,YES,NONE
50km_-28_38,13,24,12.5625,21.4375,204981.70772009692,241204.55155740617,YES,YES,YES,YES,YES,NONE
50km_-28_39,16,23,13.204447,20.875,203569.43650793648,231606.0045586572,YES,YES,YES,YES,YES,NONE
50km_-28_40,10,22,8.625,20.625,169235.2684715124,232190.49953988503,YES,YES,YES,YES,YES,NONE
50km_-28_41,10,12,8.955478,9.4639405,157088.9843795157,128179.55886384337,YES,YES,YES,YES,YES,NONE
50km_-28_42,1,0,1.0,0.0,16631.944444444445,0.0,YES,NO,NO,YES,NO,B_ONLY_ZERO
50km_-28_43,1,3,1.0,2.5625,18885.85714285714,34910.853146853144,YES,YES,YES,YES,YES,NONE
50km_-28_44,3,6,3.0,4.625,38269.59876645073,59170.625997044466,YES,YES,YES,YES,YES,NONE
50km_-28_45,8,8,6.625,6.1875,119558.56149325795,107130.05288244429,YES,YES,YES,YES,YES,NONE
50km_-28_46,2,2,1.5625,1.25,35250.025234555105,30396.53850541081,YES,YES,YES,YES,YES,NONE
50km_-28_48,5,7,4.4339580000000005,6.980306,70162.34509803922,72322.32414213759,YES,YES,YES,YES,YES,NONE
50km_-28_49,9,18,8.5625,15.901245,131681.8298573043,183915.3001346618,YES,YES,YES,YES,YES,NONE
50km_-28_50,21,22,18.4375,19.2061745,304104.42218584334,243890.6530388595,YES,YES,YES,YES,YES,NONE
50km_-28_51,16,28,15.125,25.278885000000002,229433.08454537755,288881.046378538,YES,YES,YES,YES,YES,NONE
50km_-28_52,26,31,21.4321145,28.145443,382428.1567932438,326844.79203683935,YES,YES,YES,YES,YES,NONE
50km_-28_53,39,53,36.7990435,50.4643495,598901.7862109371,570485.5243975511,YES,YES,YES,YES,YES,NONE
50km_-28_54,28,37,25.897838,35.8125,477118.4349959646,392432.3260935284,YES,YES,YES,YES,YES,NONE
50km_-28_55,31,47,30.5625,43.7336205,514778.51900535537,520142.650435476,YES,YES,YES,YES,YES,NONE
50km_-28_56,24,36,21.961036999999997,34.529692499999996,358490.23281176004,386600.3817649398,YES,YES,YES,YES,YES,NONE
50km_-28_57,8,17,5.6875,15.614588,125764.52488687784,162258.20748299322,YES,YES,YES,YES,YES,NONE
50km_-28_58,19,35,17.8010345,33.2434335,349345.84054664697,390997.6794646482,YES,YES,YES,YES,YES,NONE
50km_-28_59,38,58,34.91682325,54.3873975,584479.649391804,615302.7973010481,YES,YES,YES,YES,YES,NONE
50km_-28_60,20,27,19.940202,25.6152785,301689.7000140676,269099.5276109303,YES,YES,YES,YES,YES,NONE
50km_-27_20,6,10,6.0,6.4375,92446.98952711692,110628.54363324153,YES,YES,YES,YES,YES,NONE
50km_-27_21,13,21,10.0,16.577048249999997,228435.24542732962,244055.07198622086,YES,YES,YES,YES,YES,NONE
50km_-27_22,7,13,3.92324375,9.47604375,116771.20430216355,137848.59169761656,YES,YES,YES,YES,YES,NONE
50km_-27_23,11,27,10.3570885,22.257201000000002,140956.4126456056,257047.3109052369,YES,YES,YES,YES,YES,NONE
50km_-27_24,5,10,4.5625,8.625,79407.97453703702,94186.08758388723,YES,YES,YES,YES,YES,NONE
50km_-27_25,24,35,21.875,31.5,382932.6924019607,360089.5725245317,YES,YES,YES,YES,YES,NONE
50km_-27_26,37,51,35.268795499999996,48.3125,577996.3186400662,505414.262699947,YES,YES,YES,YES,YES,NONE
50km_-27_27,28,42,26.3125,39.506398,432073.32837094297,426408.46632513346,YES,YES,YES,YES,YES,NONE
50km_-27_28,2,5,2.0,4.125,32892.9466079135,50012.24258653597,YES,YES,YES,YES,YES,NONE
50km_-27_31,4,5,3.5625,2.875,62262.984149111566,58021.02103996925,YES,YES,YES,YES,YES,NONE
50km_-27_32,5,11,3.8125,9.625,75125.10482087417,125361.10334344763,YES,YES,YES,YES,YES,NONE
50km_-27_33,6,9,4.625,8.5625,95348.3521324313,92632.96990355,YES,YES,YES,YES,YES,NONE
50km_-27_34,12,18,10.25,16.137698,168586.2460212908,181901.6086765976,YES,YES,YES,YES,YES,NONE
50km_-27_35,27,47,24.25,39.056138250000004,403882.2767181936,461692.3516823856,YES,YES,YES,YES,YES,NONE
50km_-27_36,13,24,11.8125,20.8125,182109.59251336902,237897.21397849455,YES,YES,YES,YES,YES,NONE
50km_-27_37,26,33,23.0625,27.85708825,405459.1848129812,326690.4807438028,YES,YES,YES,YES,YES,NONE
50km_-27_38,24,33,19.8125,28.293382,421541.37130230875,362919.4906730674,YES,YES,YES,YES,YES,NONE
50km_-27_39,23,31,21.443088,26.950721,365188.04880615504,347230.8432063512,YES,YES,YES,YES,YES,NONE
50km_-27_40,8,18,7.5625,16.1875,133913.75107788303,202688.04179550143,YES,YES,YES,YES,YES,NONE
50km_-27_41,15,20,12.125,18.1875,251054.47755259334,254669.91841308994,YES,YES,YES,YES,YES,NONE
50km_-27_42,5,11,5.0,8.828502,99507.30434782608,108172.61162375635,YES,YES,YES,YES,YES,NONE
50km_-27_43,3,6,3.0,5.125,53898.399999999994,58677.86451048951,YES,YES,YES,YES,YES,NONE
50km_-27_44,6,5,4.1875,3.625,94757.67466494425,52561.77101847411,YES,YES,YES,YES,YES,NONE
50km_-27_45,12,15,10.1875,11.2469835,210814.4690488938,150382.824247857,YES,YES,YES,YES,YES,NONE
50km_-27_46,7,10,5.8125,4.625,101423.87371940358,98541.09426943486,YES,YES,YES,YES,YES,NONE
50km_-27_47,1,2,1.0,2.0,21289.2,25900.060317460317,YES,YES,YES,YES,YES,NONE
50km_-27_48,2,1,1.5625,0.5625,28997.086274509806,10507.648648648648,YES,YES,YES,YES,YES,NONE
50km_-27_49,10,10,9.5625,7.87387125,148973.73501768647,102329.84290035247,YES,YES,YES,YES,YES,NONE
50km_-27_50,12,19,10.375,16.6875,180447.5743725602,181671.13623209082,YES,YES,YES,YES,YES,NONE
50km_-27_51,4,10,3.5625,6.6875,58563.449362843734,98256.65754385793,YES,YES,YES,YES,YES,NONE
50km_-27_52,34,50,31.03984375,47.248736,496598.25021645025,488055.21410208684,YES,YES,YES,YES,YES,NONE
50km_-27_53,29,43,25.204461000000002,40.2249945,514906.5918224108,401229.2636731751,YES,YES,YES,YES,YES,NONE
50km_-27_54,26,38,24.625,36.331618999999996,455207.7704898192,406333.9600895127,YES,YES,YES,YES,YES,NONE
50km_-27_55,29,46,27.772586999999998,39.680791,516440.5808668982,536063.2529025231,YES,YES,YES,YES,YES,NONE
50km_-27_56,41,56,36.028760250000005,52.86283025,659635.2663245727,586258.2575915665,YES,YES,YES,YES,YES,NONE
50km_-27_57,42,58,39.531641,55.53740225,653236.3826282548,605948.6756755312,YES,YES,YES,YES,YES,NONE
50km_-27_58,29,53,28.5625,48.81423125,435177.1327753614,539217.0184971333,YES,YES,YES,YES,YES,NONE
50km_-27_59,34,49,29.865222,45.85873025,551070.6889502343,489741.60176190035,YES,YES,YES,YES,YES,NONE
50km_-27_60,7,9,6.5625,8.237207,119361.15977701318,94078.60901335775,YES,YES,YES,YES,YES,NONE
50km_-26_20,10,9,8.62814575,8.0625,158644.4370257957,119491.52280474639,YES,YES,YES,YES,YES,NONE
50km_-26_21,15,17,13.063889,16.0826865,253983.50184649444,199897.66065436765,YES,YES,YES,YES,YES,NONE
50km_-26_22,5,13,5.0,10.03587325,87279.93068663207,126301.60083970426,YES,YES,YES,YES,YES,NONE
50km_-26_23,17,16,15.331894,15.2124485,238004.6317538126,154770.70958828408,YES,YES,YES,YES,YES,NONE
50km_-26_24,15,26,12.9375,23.252055499999997,214383.104462175,263915.4292207793,YES,YES,YES,YES,YES,NONE
50km_-26_25,40,55,37.6875,53.375,608733.7145594405,557758.8800545941,YES,YES,YES,YES,YES,NONE
50km_-26_26,37,54,34.71322375,53.092150000000004,559203.9124902018,510955.93598502874,YES,YES,YES,YES,YES,NONE
50km_-26_27,7,12,6.0625,10.3125,108552.06527241039,123876.87220281883,YES,YES,YES,YES,YES,NONE
50km_-26_29,4,6,3.0625,4.8125,63477.51118724193,61400.41470686885,YES,YES,YES,YES,YES,NONE
50km_-26_30,12,12,12.0,7.125,188951.85273974697,123714.95936687716,YES,YES,YES,YES,YES,NONE
50km_-26_31,20,41,19.25,35.0,305542.10936037876,415760.6256921898,YES,YES,YES,YES,YES,NONE
50km_-26_32,15,35,12.875,30.304835500000003,236189.8159246837,355940.5552320831,YES,YES,YES,YES,YES,NONE
50km_-26_33,6,8,5.5625,7.5625,94928.18541727119,91422.35299988452,YES,YES,YES,YES,YES,NONE
50km_-26_34,2,6,1.5625,5.5625,26936.20468535969,57860.032983537596,YES,YES,YES,YES,YES,NONE
50km_-26_35,11,21,7.0625,18.6371105,163005.53252363595,207354.5689431697,YES,YES,YES,YES,YES,NONE
50km_-26_36,3,6,2.5625,6.0,51069.450000000004,64850.09523809525,YES,YES,YES,YES,YES,NONE
50km_-26_37,13,18,11.6875,15.454202,218481.88846153847,207893.62797619044,YES,YES,YES,YES,YES,NONE
50km_-26_38,15,23,12.4375,17.9375,260681.86550116545,263842.1381944445,YES,YES,YES,YES,YES,NONE
50km_-26_39,29,46,22.4375,37.5,525926.3029486914,530169.6734794185,YES,YES,YES,YES,YES,NONE
50km_-26_40,22,47,18.6875,41.400829,401828.59117487504,475390.4961076125,YES,YES,YES,YES,YES,NONE
50km_-26_41,20,34,15.297853,29.563466,380936.5648805647,479227.45844123524,YES,YES,YES,YES,YES,NONE
50km_-26_42,12,26,7.5,20.9151065,259628.45985528658,294285.30982379447,YES,YES,YES,YES,YES,NONE
50km_-26_43,20,29,15.5,24.432185,319513.2150266403,292498.3545622723,YES,YES,YES,YES,YES,NONE
50km_-26_44,19,23,14.6875,17.94683325,302443.80649652774,220616.09287782502,YES,YES,YES,YES,YES,NONE
50km_-26_45,16,22,12.872148,16.9375,233158.79686689665,219401.1902781444,YES,YES,YES,YES,YES,NONE
50km_-26_46,7,8,5.3125,5.375,101731.08961038961,81530.41256038647,YES,YES,YES,YES,YES,NONE
50km_-26_47,4,7,2.3125,3.25,68220.90337995338,82301.87040385774,YES,YES,YES,YES,YES,NONE
50km_-26_48,1,1,0.0625,1.0,13764.533085006407,9753.552631578948,YES,YES,YES,YES,YES,NONE
50km_-26_49,8,16,8.0,13.1875,132618.94347669452,156335.65975048277,YES,YES,YES,YES,YES,NONE
50km_-26_50,11,13,11.0,7.8223635,159597.17220927443,128715.31810112656,YES,YES,YES,YES,YES,NONE
50km_-26_51,9,12,8.0625,9.875,144528.63620150762,112303.28447610159,YES,YES,YES,YES,YES,NONE
50km_-26_52,10,19,10.0,18.0625,137278.25703668583,199779.232942489,YES,YES,YES,YES,YES,NONE
50km_-26_53,25,35,24.2072145,32.6609785,399122.6089633817,386551.5750128667,YES,YES,YES,YES,YES,NONE
50km_-26_54,19,30,17.625,25.42464,388314.4294591086,351479.8381456868,YES,YES,YES,YES,YES,NONE
50km_-26_55,32,46,30.0326485,42.47990625,493585.39363668376,512170.6643187089,YES,YES,YES,YES,YES,NONE
50km_-26_56,33,55,29.80437675,50.4375,500125.2418588279,576650.4049252734,YES,YES,YES,YES,YES,NONE
50km_-26_57,41,56,37.85644825,49.43626975,591423.6234391822,583763.196517331,YES,YES,YES,YES,YES,NONE
50km_-26_58,25,30,23.625,26.703072249999998,473964.27280402894,334456.6793859283,YES,YES,YES,YES,YES,NONE
50km_-26_59,10,15,8.625,12.3125,174824.3462914087,220133.01288010945,YES,YES,YES,YES,YES,NONE
50km_-26_60,1,4,1.0,4.0,19122.60983804418,61212.40649205912,YES,YES,YES,YES,YES,NONE
50km_-25_20,7,10,5.125,9.5625,122670.94444922238,131524.86835714267,YES,YES,YES,YES,YES,NONE
50km_-25_21,13,17,11.7784985,16.125,191594.06521450833,168305.7450459338,YES,YES,YES,YES,YES,NONE
50km_-25_22,5,11,4.23886125,10.5625,73856.96555784992,124292.83370427373,YES,YES,YES,YES,YES,NONE
50km_-25_23,8,13,6.6875,10.10616,113581.32244897957,159034.92317930103,YES,YES,YES,YES,YES,NONE
50km_-25_24,30,51,26.8298685,49.25,452728.58738512953,496041.6414579792,YES,YES,YES,YES,YES,NONE
50km_-25_25,33,54,32.625384499999996,50.26852875,464675.53580264613,552104.4894366458,YES,YES,YES,YES,YES,NONE
50km_-25_26,18,25,17.5625,21.5,268263.7101677149,262677.7639289678,YES,YES,YES,YES,YES,NONE
50km_-25_27,10,9,7.375,7.6875,162030.36631428698,91270.28235294118,YES,YES,YES,YES,YES,NONE
50km_-25_28,5,12,3.8125,6.625,79119.50845265176,121896.13431372549,YES,YES,YES,YES,YES,NONE
50km_-25_29,13,24,9.2279535,14.0625,192198.57210401894,241860.59733629297,YES,YES,YES,YES,YES,NONE
50km_-25_30,6,13,5.0625,10.375,84364.08510638299,129343.2028512762,YES,YES,YES,YES,YES,NONE
50km_-25_31,14,16,13.0625,16.0,208878.43516332685,159544.94973029912,YES,YES,YES,YES,YES,NONE
50km_-25_32,1,0,1.0,0.0,16239.5480023052,0.0,YES,NO,NO,YES,NO,B_ONLY_ZERO
50km_-25_33,11,18,9.619494249999999,16.8125,165062.34298880838,186721.0670373803,YES,YES,YES,YES,YES,NONE
50km_-25_34,25,35,22.524795,31.25,369097.29286811495,383471.41468437866,YES,YES,YES,YES,YES,NONE
50km_-25_35,7,16,7.0,15.25,107882.81712749616,151797.26952199914,YES,YES,YES,YES,YES,NONE
50km_-25_37,8,12,7.125,9.875,135480.4346153846,138896.1796802054,YES,YES,YES,YES,YES,NONE
50km_-25_38,20,21,18.0625,17.6875,355874.8884615384,272937.2583333333,YES,YES,YES,YES,YES,NONE
50km_-25_39,27,41,20.816439499999998,37.0,371205.3125,422896.30484783964,YES,YES,YES,YES,YES,NONE
50km_-25_40,27,39,23.5625,29.62379325,408223.96705316746,376512.6076946717,YES,YES,YES,YES,YES,NONE
50km_-25_41,27,40,20.25,38.375,460839.9817195061,343494.5616702315,YES,YES,YES,YES,YES,NONE
50km_-25_42,2,3,0.8125,2.5625,25086.85714285714,33735.5,YES,YES,YES,YES,YES,NONE
50km_-25_43,1,4,1.0,3.5625,8903.568362299216,43902.1875,YES,YES,YES,YES,YES,NONE
50km_-25_44,7,12,6.125,8.875,98768.2595871909,116161.7226190476,YES,YES,YES,YES,YES,NONE
50km_-25_45,21,36,15.625,32.375,263914.7422798746,389293.5511123049,YES,YES,YES,YES,YES,NONE
50km_-25_46,23,32,20.31688575,29.0,336713.14475075994,310085.4857319313,YES,YES,YES,YES,YES,NONE
50km_-25_47,30,42,26.92382925,36.092192499999996,454312.27779694804,399420.9717911645,YES,YES,YES,YES,YES,NONE
50km_-25_48,11,10,9.6875,8.6875,125138.21964609303,129106.16107438681,YES,YES,YES,YES,YES,NONE
50km_-25_49,25,42,24.125,40.375,394725.4629308625,468383.5797082648,YES,YES,YES,YES,YES,NONE
50km_-25_50,20,37,17.125,32.029866,312785.4092644791,362674.30749379954,YES,YES,YES,YES,YES,NONE
50km_-25_51,15,32,14.14616725,26.529957,283315.099846263,289841.73200449627,YES,YES,YES,YES,YES,NONE
50km_-25_52,13,21,9.75,18.9375,220752.50558300863,202162.1156932286,YES,YES,YES,YES,YES,NONE
50km_-25_53,14,31,10.49276025,26.527635,250943.47510836704,352236.8692424448,YES,YES,YES,YES,YES,NONE
50km_-25_54,24,35,22.625,32.805504,427790.3538983293,361382.1835181068,YES,YES,YES,YES,YES,NONE
50km_-25_55,19,31,19.0,28.230116,355771.5405905106,352547.10828877,YES,YES,YES,YES,YES,NONE
50km_-25_56,1,3,1.0,2.125,13518.826086956522,33439.11111111111,YES,YES,YES,YES,YES,NONE
50km_-25_57,2,4,2.0,3.0625,25217.300273469005,35844.138835736914,YES,YES,YES,YES,YES,NONE
50km_-25_58,1,2,0.25,1.5625,13031.015384615384,20102.47229186666,YES,YES,YES,YES,YES,NONE
50km_-24_20,2,4,2.0,4.0,33622.64,57970.06896551724,YES,YES,YES,YES,YES,NONE
50km_-24_21,0,1,0.0,1.0,0.0,13892.631578947368,NO,YES,YES,NO,NO,A_ONLY_ZERO
50km_-24_22,9,17,8.0625,14.875,157287.243566058,191828.332123412,YES,YES,YES,YES,YES,NONE
50km_-24_23,15,22,12.180633,20.8125,241351.01145721442,248283.69908059278,YES,YES,YES,YES,YES,NONE
50km_-24_24,30,49,25.874125499999998,43.7322,452466.79639376217,479756.87038873276,YES,YES,YES,YES,YES,NONE
50km_-24_25,39,55,36.94778625,52.78773025,601881.9069618491,552605.7725014453,YES,YES,YES,YES,YES,NONE
50km_-24_26,15,24,13.1875,19.633435,270547.7157196102,253648.09992713298,YES,YES,YES,YES,YES,NONE
50km_-24_27,12,24,7.0625,21.915103,220914.07397722613,295651.76631609874,YES,YES,YES,YES,YES,NONE
50km_-24_28,26,45,24.625,42.701014,396860.7737428735,462344.98613862233,YES,YES,YES,YES,YES,NONE
50km_-24_29,36,48,30.432222499999998,43.0,535839.9639351422,483545.7049996784,YES,YES,YES,YES,YES,NONE
50km_-24_30,31,47,26.428353,41.25736275,462692.261112226,484616.0464315745,YES,YES,YES,YES,YES,NONE
50km_-24_31,14,23,13.0625,19.6875,212666.56507092202,234907.0315810715,YES,YES,YES,YES,YES,NONE
50km_-24_32,6,9,5.0625,8.25,87317.0036643026,90003.21043285241,YES,YES,YES,YES,YES,NONE
50km_-24_33,11,10,9.0066125,10.0,169353.40212859336,100298.22366388633,YES,YES,YES,YES,YES,NONE
50km_-24_34,33,37,30.29397125,33.669407,468705.8394448102,453146.90104308666,YES,YES,YES,YES,YES,NONE
50km_-24_35,11,20,8.870066,15.548155,166630.87351327628,205115.63253012046,YES,YES,YES,YES,YES,NONE
50km_-24_36,7,7,6.0062705,5.9456679999999995,99915.91866496598,87564.54449472098,YES,YES,YES,YES,YES,NONE
50km_-24_37,19,27,15.3667325,21.875,324384.3131944446,333722.6575630252,YES,YES,YES,YES,YES,NONE
50km_-24_38,13,36,11.625,32.359111,169452.96666666667,377045.0138852976,YES,YES,YES,YES,YES,NONE
50km_-24_39,4,3,2.8125,1.125,91862.90544871795,33070.74882908629,YES,YES,YES,YES,YES,NONE
50km_-24_40,19,20,16.366379000000002,17.2790995,337837.31789350364,198679.34126224875,YES,YES,YES,YES,YES,NONE
50km_-24_41,20,37,18.375,32.17989375,299498.4255166403,332487.0085411634,YES,YES,YES,YES,YES,NONE
50km_-24_42,0,4,0.0,3.5625,0.0,41148.11309523809,NO,YES,YES,NO,NO,A_ONLY_ZERO
50km_-24_44,15,11,11.6875,8.218919,205216.6754407969,112376.49333345407,YES,YES,YES,YES,YES,NONE
50km_-24_45,23,26,18.582563999999998,18.840998499999998,340929.05015459564,277609.5608533486,YES,YES,YES,YES,YES,NONE
50km_-24_46,24,42,20.0625,34.727911750000004,332881.05157463875,458218.70834649255,YES,YES,YES,YES,YES,NONE
50km_-24_47,27,32,22.813893999999998,27.865618,396330.30791950884,320144.3133960574,YES,YES,YES,YES,YES,NONE
50km_-24_48,32,50,28.0,46.0625,473732.3062416338,499215.102143715,YES,YES,YES,YES,YES,NONE
50km_-24_49,40,51,39.07397575,48.9375,595202.6971965762,518287.04413993517,YES,YES,YES,YES,YES,NONE
50km_-24_50,32,56,26.5625,46.6875,468367.1141303799,599404.3730595779,YES,YES,YES,YES,YES,NONE
50km_-24_51,36,45,34.1875,42.67109625,532081.3368103683,499429.9989078878,YES,YES,YES,YES,YES,NONE
50km_-24_52,11,21,9.508326,19.539429,209380.16512561333,244785.61947605995,YES,YES,YES,YES,YES,NONE
50km_-24_53,12,21,9.650463,17.5625,202435.7968283333,249770.32990592124,YES,YES,YES,YES,YES,NONE
50km_-24_54,19,24,17.693053,22.625,281751.1989496969,247757.5226975403,YES,YES,YES,YES,YES,NONE
50km_-24_55,12,21,9.6875,16.9375,188031.22757680016,209113.5931670695,YES,YES,YES,YES,YES,NONE
50km_-23_21,4,10,3.2919575,7.75,96189.35714285714,115321.68264462812,YES,YES,YES,YES,YES,NONE
50km_-23_22,1,5,1.0,4.0625,12632.673469387755,63305.04494293584,YES,YES,YES,YES,YES,NONE
50km_-23_23,37,48,34.1202575,46.652136,560254.8095327605,515143.81133888016,YES,YES,YES,YES,YES,NONE
50km_-23_24,31,47,29.153412,46.5625,476865.9387914229,462090.19261875504,YES,YES,YES,YES,YES,NONE
50km_-23_25,21,36,20.997084,34.625,332911.4995303916,419084.864588452,YES,YES,YES,YES,YES,NONE
50km_-23_26,18,35,16.662660000000002,31.5,342365.5295676058,453789.2788083538,YES,YES,YES,YES,YES,NONE
50km_-23_27,20,27,17.1875,23.05141,371680.85526803305,302133.0010519294,YES,YES,YES,YES,YES,NONE
50km_-23_28,28,44,26.1931795,41.585315,430748.5878391755,446460.7256940396,YES,YES,YES,YES,YES,NONE
50km_-23_29,16,23,12.875,21.077109,266968.48550724634,241998.7991870662,YES,YES,YES,YES,YES,NONE
50km_-23_30,9,13,9.0,13.0,144570.41666666666,137122.00129814772,YES,YES,YES,YES,YES,NONE
50km_-23_31,3,1,3.0,1.0,46208.16666666667,12904.0,YES,YES,YES,YES,YES,NONE
50km_-23_32,5,6,4.125,4.625,101043.20239364065,63060.189714843946,YES,YES,YES,YES,YES,NONE
50km_-23_33,21,32,21.0,26.375,334667.63427539426,335637.1850881218,YES,YES,YES,YES,YES,NONE
50km_-23_34,20,32,18.754163,26.875172000000003,278251.3521317545,315282.623110672,YES,YES,YES,YES,YES,NONE
50km_-23_35,29,50,28.920861,45.201055,460217.6084083096,529144.2843098335,YES,YES,YES,YES,YES,NONE
50km_-23_36,24,42,22.375,38.7135615,403213.8678964132,478803.6838034394,YES,YES,YES,YES,YES,NONE
50km_-23_37,24,27,19.972036000000003,25.6875,377151.52258498315,308841.3636629732,YES,YES,YES,YES,YES,NONE
50km_-23_38,34,45,29.438866,34.266353249999995,499169.04053571436,461102.4993055777,YES,YES,YES,YES,YES,NONE
50km_-23_39,0,8,0.0,5.561796,0.0,78753.48333333334,NO,YES,YES,NO,NO,A_ONLY_ZERO
50km_-23_40,16,22,14.6875,18.728105499999998,260012.74523809526,228858.9882783882,YES,YES,YES,YES,YES,NONE
50km_-23_41,21,31,18.8495105,27.297808500000002,301840.74794965517,304286.2117452439,YES,YES,YES,YES,YES,NONE
50km_-23_42,3,1,2.5625,1.0,42418.90239520958,9660.008064516129,YES,YES,YES,YES,YES,NONE
50km_-23_45,3,2,1.625,1.0625,44028.940298507456,18522.702839756592,YES,YES,YES,YES,YES,NONE
50km_-23_46,19,28,15.82399775,26.0625,302295.8416434312,299877.8982529608,YES,YES,YES,YES,YES,NONE
50km_-23_47,28,45,24.3125,39.9375,434133.0548267857,460125.2215952996,YES,YES,YES,YES,YES,NONE
50km_-23_48,31,49,24.72874625,46.737209,485539.8053355635,507887.01872400084,YES,YES,YES,YES,YES,NONE
50km_-23_49,27,50,21.811796,44.505371,445005.4716183214,522432.13234445296,YES,YES,YES,YES,YES,NONE
50km_-23_50,38,50,32.75,43.75,577214.1366776675,515308.43022243207,YES,YES,YES,YES,YES,NONE
50km_-23_51,25,38,19.9491385,29.56832175,418917.5300033302,435671.9596179183,YES,YES,YES,YES,YES,NONE
50km_-23_52,14,11,11.9375,10.39576775,262658.25941223814,124861.82868822575,YES,YES,YES,YES,YES,NONE
50km_-23_53,12,15,10.42510375,14.5625,197009.7178281821,156466.6599199821,YES,YES,YES,YES,YES,NONE
50km_-23_54,28,43,26.8125,40.304621999999995,432652.07942121825,418913.76386949304,YES,YES,YES,YES,YES,NONE
50km_-23_55,16,31,15.0625,27.380405,295519.50563481136,284211.9990777863,YES,YES,YES,YES,YES,NONE
50km_-23_56,1,2,1.0,1.5625,23838.8,17027.714285714286,YES,YES,YES,YES,YES,NONE
50km_-23_57,0,2,0.0,1.0625,0.0,18920.609951845905,NO,YES,YES,NO,NO,A_ONLY_ZERO
50km_-23_59,1,1,1.0,1.0,14033.348484848482,10124.780487804876,YES,YES,YES,YES,YES,NONE
50km_-22_20,2,7,2.0,5.8125,31201.571428571428,73242.97781849367,YES,YES,YES,YES,YES,NONE
50km_-22_21,12,16,11.125,14.375,220620.46320939332,180073.93208846607,YES,YES,YES,YES,YES,NONE
50km_-22_22,4,9,3.0625,7.1875,65417.35138414217,91778.88844051816,YES,YES,YES,YES,YES,NONE
50km_-22_23,12,22,9.609358499999999,18.1875,195864.35198711063,234438.20390933738,YES,YES,YES,YES,YES,NONE
50km_-22_24,30,33,26.5625,27.168307,472411.15343788767,335136.5116374217,YES,YES,YES,YES,YES,NONE
50km_-22_25,13,14,11.036814,14.0,232112.9656920078,173188.21705469408,YES,YES,YES,YES,YES,NONE
50km_-22_26,22,36,17.787309,30.991394,416253.1948418789,443483.65462059336,YES,YES,YES,YES,YES,NONE
50km_-22_27,32,39,26.4583595,35.197953,512199.9075870019,446440.63364968257,YES,YES,YES,YES,YES,NONE
50km_-22_28,24,28,20.5625,25.0,349470.23319890565,302208.14645441744,YES,YES,YES,YES,YES,NONE
50km_-22_29,6,12,5.5625,8.2676515,106746.13888888888,123108.19629156013,YES,YES,YES,YES,YES,NONE
50km_-22_31,6,5,4.449293,4.10078025,97665.04143126178,55719.835,YES,YES,YES,YES,YES,NONE
50km_-22_32,19,39,17.3125,32.863925,365681.4553837222,426961.5251913631,YES,YES,YES,YES,YES,NONE
50km_-22_33,29,49,26.0625,42.38609525,433451.1894562633,545926.9668281481,YES,YES,YES,YES,YES,NONE
50km_-22_34,21,45,16.8125,39.258781,339036.77849645936,459308.4574531243,YES,YES,YES,YES,YES,NONE
50km_-22_35,32,56,29.875,53.125,529003.1610428458,584109.6796896865,YES,YES,YES,YES,YES,NONE
50km_-22_36,31,36,26.968721,31.0,457661.6596241904,376160.9006737876,YES,YES,YES,YES,YES,NONE
50km_-22_37,20,30,19.0625,29.1500635,306878.4953096867,262879.5601507243,YES,YES,YES,YES,YES,NONE
50km_-22_38,30,47,27.495243000000002,40.875,475911.0747297568,507437.6116901581,YES,YES,YES,YES,YES,NONE
50km_-22_39,18,38,13.2902065,33.0625,288748.52676414314,392925.1733450417,YES,YES,YES,YES,YES,NONE
50km_-22_40,19,28,17.1875,22.8125,320562.04313769005,279148.9472635611,YES,YES,YES,YES,YES,NONE
50km_-22_41,9,15,8.25,11.9375,137324.5697023736,154837.95187344047,YES,YES,YES,YES,YES,NONE
50km_-22_42,4,5,3.5625,4.25,56226.167864271454,63054.779493087546,YES,YES,YES,YES,YES,NONE
50km_-22_44,1,9,1.0,8.5625,16546.428571428572,85824.76435355523,YES,YES,YES,YES,YES,NONE
50km_-22_45,18,26,16.7033615,23.625,287491.08377472364,273810.4223357805,YES,YES,YES,YES,YES,NONE
50km_-22_46,12,18,11.0625,15.4375,178323.80563249363,185223.20418170796,YES,YES,YES,YES,YES,NONE
50km_-22_47,15,23,12.8125,19.85848275,233663.35557080247,229646.66605194667,YES,YES,YES,YES,YES,NONE
50km_-22_48,16,29,11.0625,22.353123,271631.8266056808,314800.8235152256,YES,YES,YES,YES,YES,NONE
50km_-22_49,27,33,24.5,30.25,450043.76710610365,364383.7416110288,YES,YES,YES,YES,YES,NONE
50km_-22_50,26,36,26.0,33.4375,454371.1969419302,389190.2145136548,YES,YES,YES,YES,YES,NONE
50km_-22_51,18,34,17.199602499999997,29.125,330102.0666666667,363954.6285714285,YES,YES,YES,YES,YES,NONE
50km_-22_52,7,13,3.9375,10.771068,137605.80000000002,161303.80000000002,YES,YES,YES,YES,YES,NONE
50km_-22_53,4,5,3.0625,2.875,56320.17453235372,60476.965731494514,YES,YES,YES,YES,YES,NONE
50km_-22_54,12,19,10.767706,17.625,176428.16575428797,192654.75756666035,YES,YES,YES,YES,YES,NONE
50km_-22_55,1,2,0.5625,2.0,15587.0,19738.166666666668,YES,YES,YES,YES,YES,NONE
50km_-22_56,0,2,0.0,1.5625,0.0,17027.714285714286,NO,YES,YES,NO,NO,A_ONLY_ZERO
50km_-21_20,10,12,9.0625,12.0,146687.92602739728,119687.1509433962,YES,YES,YES,YES,YES,NONE
50km_-21_21,16,19,14.230082750000001,18.5625,233584.07671232877,189986.42216981127,YES,YES,YES,YES,YES,NONE
50km_-21_22,9,15,8.0625,13.14179275,130344.22602739726,150702.14347981845,YES,YES,YES,YES,YES,NONE
50km_-21_23,4,7,3.5625,5.28277225,60445.236363636366,76908.50292481777,YES,YES,YES,YES,YES,NONE
50km_-21_24,3,11,2.25,10.125,43061.242424242424,127847.36612802264,YES,YES,YES,YES,YES,NONE
50km_-21_25,15,17,12.75,14.868343,222874.61111111115,190900.57822416534,YES,YES,YES,YES,YES,NONE
50km_-21_26,10,17,8.625,14.01628275,149078.96666666667,187810.1788910769,YES,YES,YES,YES,YES,NONE
50km_-21_27,11,10,7.3125,5.5625,167615.93413809285,135372.18942985006,YES,YES,YES,YES,YES,NONE
50km_-21_28,20,24,16.9375,18.8125,396863.2589115076,242592.60440747524,YES,YES,YES,YES,YES,NONE
50km_-21_29,4,5,4.0,5.0,57392.666666666664,47834.81338961624,YES,YES,YES,YES,YES,NONE
50km_-21_30,12,15,8.12153,10.0201865,194537.1524927999,170152.7141717046,YES,YES,YES,YES,YES,NONE
50km_-21_31,14,31,11.6875,22.792604,233526.79229859618,323274.0925125752,YES,YES,YES,YES,YES,NONE
50km_-21_32,26,38,21.15322,35.957279,480473.51170528424,405190.5426508439,YES,YES,YES,YES,YES,NONE
50km_-21_33,32,44,30.375,42.080478,466358.8046336351,456247.8350709616,YES,YES,YES,YES,YES,NONE
50km_-21_34,17,31,13.51972175,24.809843,324842.68910207786,345489.5992221416,YES,YES,YES,YES,YES,NONE
50km_-21_35,20,29,18.29964,25.1875,345723.2606497421,299015.40883209824,YES,YES,YES,YES,YES,NONE
50km_-21_36,18,34,13.4375,28.80858575,269918.31969436683,329146.5652254762,YES,YES,YES,YES,YES,NONE
50km_-21_37,22,39,21.025716,33.633579499999996,341381.839736611,416652.1876338235,YES,YES,YES,YES,YES,NONE
50km_-21_38,28,37,21.4507655,30.342241,493352.6775832771,414696.23448705237,YES,YES,YES,YES,YES,NONE
50km_-21_39,19,28,16.84583275,22.875,334859.2768814485,295011.72141168517,YES,YES,YES,YES,YES,NONE
50km_-21_40,8,14,7.0625,11.875,137378.38960113257,128426.76433599174,YES,YES,YES,YES,YES,NONE
50km_-21_41,4,4,1.375,3.25,58373.68270384351,37408.438938516985,YES,YES,YES,YES,YES,NONE
50km_-21_44,5,7,4.125,6.25,80305.79600516443,73062.98090185676,YES,YES,YES,YES,YES,NONE
50km_-21_45,5,6,4.5625,4.8125,80013.80287675712,60230.059619766536,YES,YES,YES,YES,YES,NONE
50km_-21_46,1,1,1.0,1.0,13542.6,9673.285714285714,YES,YES,YES,YES,YES,NONE
50km_-21_47,9,19,6.6875,13.4842565,136893.27847799796,215635.89955745134,YES,YES,YES,YES,YES,NONE
50km_-21_48,3,6,2.5625,3.1875,43887.97923030025,64571.791482781555,YES,YES,YES,YES,YES,NONE
50km_-21_49,1,1,0.0625,1.0,15885.279771472451,10162.087609056574,YES,YES,YES,YES,YES,NONE
50km_-21_50,8,6,6.091125,5.5625,119556.9897353649,62425.57751895991,YES,YES,YES,YES,YES,NONE
50km_-21_51,7,7,5.2735635,5.3125,124416.40232558141,82451.14632237871,YES,YES,YES,YES,YES,NONE
50km_-21_52,3,5,3.0,4.5625,54591.0,60609.88333333334,YES,YES,YES,YES,YES,NONE
50km_-21_53,2,4,1.5625,2.1875,36686.262266176855,50967.11079763209,YES,YES,YES,YES,YES,NONE
50km_-21_54,14,25,12.125,22.356046,266329.58506493503,260601.76904761908,YES,YES,YES,YES,YES,NONE
50km_-21_55,8,9,7.0625,7.375,124302.02943722943,95689.03809523808,YES,YES,YES,YES,YES,NONE
50km_-21_56,8,6,6.25,2.93280925,125801.78125374568,71293.88732954634,YES,YES,YES,YES,YES,NONE
50km_-21_57,9,8,7.0625,5.1875,160197.87353450412,77274.35667600374,YES,YES,YES,YES,YES,NONE
50km_-20_20,9,13,7.5427095,13.0,159452.37055130937,149845.01658841563,YES,YES,YES,YES,YES,NONE
50km_-20_21,21,34,21.0,32.450308,319457.6689253535,342610.5062224006,YES,YES,YES,YES,YES,NONE
50km_-20_22,13,14,11.125,14.0,191679.69126803897,140606.37384584502,YES,YES,YES,YES,YES,NONE
50km_-20_23,3,14,1.3125,11.13471,50406.62587173101,144082.64474124493,YES,YES,YES,YES,YES,NONE
50km_-20_24,2,2,2.0,2.0,39676.1,24412.27435897436,YES,YES,YES,YES,YES,NONE
50km_-20_25,3,9,2.5625,9.0,65647.3,97321.91782530493,YES,YES,YES,YES,YES,NONE
50km_-20_26,8,5,4.74468925,5.0,124384.79999999999,60883.59112378064,YES,YES,YES,YES,YES,NONE
50km_-20_28,8,13,7.5625,9.7075225,156123.0384036409,155147.04218887223,YES,YES,YES,YES,YES,NONE
50km_-20_29,22,43,19.25,34.79352575,332396.8357926584,463805.02578033257,YES,YES,YES,YES,YES,NONE
50km_-20_30,29,36,27.06100825,31.093725499999998,461225.92207759205,408655.8503875077,YES,YES,YES,YES,YES,NONE
50km_-20_31,28,45,23.875,40.135893249999995,473212.52702591533,533019.7614170124,YES,YES,YES,YES,YES,NONE
50km_-20_32,33,55,29.231722,49.125,499614.4444947208,597940.0693615905,YES,YES,YES,YES,YES,NONE
50km_-20_33,32,45,29.0,39.875,487750.8323529411,440750.12467532454,YES,YES,YES,YES,YES,NONE
50km_-20_34,22,39,20.8125,32.0,342797.6791928594,374170.75756864203,YES,YES,YES,YES,YES,NONE
50km_-20_35,21,34,16.8125,24.32276275,318735.83977577987,345455.4852652547,YES,YES,YES,YES,YES,NONE
50km_-20_36,29,45,23.4375,37.75,422406.14278418384,451215.5947766325,YES,YES,YES,YES,YES,NONE
50km_-20_37,30,49,27.85062425,42.875,516065.24524476886,496359.52069902676,YES,YES,YES,YES,YES,NONE
50km_-20_38,28,48,24.5625,42.488385,451900.05793263955,441394.82587398076,YES,YES,YES,YES,YES,NONE
50km_-20_39,20,28,16.6875,22.8125,363795.47520019405,308133.0518596841,YES,YES,YES,YES,YES,NONE
50km_-20_40,2,5,1.5625,3.2504020000000002,35248.23840743842,60664.678206824,YES,YES,YES,YES,YES,NONE
50km_-20_41,1,2,1.0,2.0,13728.1,19055.262672286,YES,YES,YES,YES,YES,NONE
50km_-20_44,2,4,2.0,3.25,31998.837852206274,38643.745433876466,YES,YES,YES,YES,YES,NONE
50km_-20_45,1,0,1.0,0.0,15214.10101010101,0.0,YES,NO,NO,YES,NO,B_ONLY_ZERO
50km_-20_46,3,5,3.0,4.5625,46444.32919254659,50630.77420098188,YES,YES,YES,YES,YES,NONE
50km_-20_47,3,3,2.5625,2.0625,51764.20968422159,32545.864664657798,YES,YES,YES,YES,YES,NONE
50km_-20_49,0,1,0.0,1.0,0.0,11281.952380952382,NO,YES,YES,NO,NO,A_ONLY_ZERO
50km_-20_50,9,16,5.375,15.464997,130924.91020960109,173535.3500467902,YES,YES,YES,YES,YES,NONE
50km_-20_51,3,5,1.125,3.8125,55238.65714285714,44020.41666666667,YES,YES,YES,YES,YES,NONE
50km_-20_52,7,11,4.815202,10.125,120033.54999999999,130166.93300653592,YES,YES,YES,YES,YES,NONE
50km_-20_53,7,10,5.8125,8.295760999999999,125955.61666666664,149166.03431372548,YES,YES,YES,YES,YES,NONE
50km_-20_54,5,11,3.625,8.402136,75620.62943722942,114527.10347985348,YES,YES,YES,YES,YES,NONE
50km_-20_55,6,12,5.0625,9.75,85045.71515151513,128277.67857142857,YES,YES,YES,YES,YES,NONE
50km_-20_56,15,22,9.125,13.827042500000001,234247.71008638208,237140.85753576952,YES,YES,YES,YES,YES,NONE
50km_-20_58,0,1,0.0,0.25,0.0,11930.709887937928,NO,YES,YES,NO,NO,A_ONLY_ZERO
50km_-19_19,4,4,3.8973839999999997,3.5625,82943.57311219939,54835.571241590515,YES,YES,YES,YES,YES,NONE
50km_-19_21,3,6,3.0,6.0,46001.59893048128,61009.212765957454,YES,YES,YES,YES,YES,NONE
50km_-19_22,21,31,18.762474,28.25,278561.2587216704,317481.72345211456,YES,YES,YES,YES,YES,NONE
50km_-19_23,17,28,14.7600415,25.769364,246579.1525634496,296782.4088468425,YES,YES,YES,YES,YES,NONE
50km_-19_24,6,9,4.625,9.0,84458.40555555555,113161.52243589744,YES,YES,YES,YES,YES,NONE
50km_-19_25,17,23,16.0625,21.625,299087.8438244283,262359.70344479085,YES,YES,YES,YES,YES,NONE
50km_-19_26,9,20,8.535976999999999,19.08989025,246688.38742680868,287142.6033276565,YES,YES,YES,YES,YES,NONE
50km_-19_27,14,21,11.833641250000001,18.572203000000002,269139.36608838674,283301.5465882445,YES,YES,YES,YES,YES,NONE
50km_-19_28,15,18,13.608049,15.969288,299306.92414280435,237788.9881760427,YES,YES,YES,YES,YES,NONE
50km_-19_29,27,47,24.6875,44.625,441057.13227372366,495023.72724652203,YES,YES,YES,YES,YES,NONE
50km_-19_30,30,44,27.1298995,38.449896249999995,458591.0094645285,478583.84067925694,YES,YES,YES,YES,YES,NONE
50km_-19_31,26,38,24.928944,30.563935,424512.001386484,426415.18742924003,YES,YES,YES,YES,YES,NONE
50km_-19_32,32,44,28.877478,37.7314475,493008.3662516849,469009.6528557645,YES,YES,YES,YES,YES,NONE
50km_-19_33,31,47,29.6875,44.6875,414151.81830399524,462240.5310802728,YES,YES,YES,YES,YES,NONE
50km_-19_34,32,44,30.698974,40.612752,453993.43213156244,400043.4162337662,YES,YES,YES,YES,YES,NONE
50km_-19_35,17,26,13.3125,25.0625,260173.3237285096,252065.1229316732,YES,YES,YES,YES,YES,NONE
50km_-19_36,26,38,25.125,33.21718775,390964.9438474692,390795.263155986,YES,YES,YES,YES,YES,NONE
50km_-19_37,32,46,27.613280500000002,41.076968,473740.5808748113,469525.98707482987,YES,YES,YES,YES,YES,NONE
50km_-19_38,25,42,22.3125,36.5625,363570.5495410993,400920.5706455735,YES,YES,YES,YES,YES,NONE
50km_-19_39,29,29,26.625,24.218529750000002,473092.8939801987,346116.27451926895,YES,YES,YES,YES,YES,NONE
50km_-19_40,23,42,19.8263545,36.9375,377365.009355583,461745.99349136726,YES,YES,YES,YES,YES,NONE
50km_-19_41,18,30,12.625,24.965027499999998,284242.3519582718,305086.46031702514,YES,YES,YES,YES,YES,NONE
50km_-19_42,0,1,0.0,0.25,0.0,12203.89234249435,NO,YES,YES,NO,NO,A_ONLY_ZERO
50km_-19_43,1,1,1.0,1.0,16328.061312638223,10120.432056970798,YES,YES,YES,YES,YES,NONE
50km_-19_44,4,6,3.25,5.5625,47665.47619047619,72318.96744670048,YES,YES,YES,YES,YES,NONE
50km_-19_45,1,1,0.5625,0.5625,7977.071428571428,11891.75,YES,YES,YES,YES,YES,NONE
50km_-19_46,4,4,4.0,3.5625,48309.6149068323,52032.80194805194,YES,YES,YES,YES,YES,NONE
50km_-19_47,5,4,4.0625,4.0,88905.80645161291,45680.561264822136,YES,YES,YES,YES,YES,NONE
50km_-19_48,8,10,8.0,7.901091,123075.65490196079,108915.68960722975,YES,YES,YES,YES,YES,NONE
50km_-19_49,22,27,19.628986,24.5,348257.9037632443,268427.9735835941,YES,YES,YES,YES,YES,NONE
50km_-19_50,1,3,0.25,2.5625,21202.0,50948.143790849674,YES,YES,YES,YES,YES,NONE
50km_-19_51,1,0,1.0,0.0,17608.166666666668,0.0,YES,NO,NO,YES,NO,B_ONLY_ZERO
50km_-19_52,12,11,8.75,8.59682025,284642.9473526473,162880.35457516342,YES,YES,YES,YES,YES,NONE
50km_-19_53,15,15,10.85750725,9.444413749999999,254224.0333333333,208051.82843137256,YES,YES,YES,YES,YES,NONE
50km_-19_54,4,8,3.5625,5.97260975,51446.2,91658.0740248227,YES,YES,YES,YES,YES,NONE
50km_-19_55,16,20,9.621072250000001,12.710409749999998,248230.77279717237,178932.7406914893,YES,YES,YES,YES,YES,NONE
50km_-19_56,6,10,4.1875,6.75,96139.3131781194,112836.77164426712,YES,YES,YES,YES,YES,NONE
50km_-18_18,0,1,0.0,1.0,0.0,12108.453271770808,NO,YES,YES,NO,NO,A_ONLY_ZERO
50km_-18_19,1,1,1.0,1.0,18400.24171382056,12108.453271770808,YES,YES,YES,YES,YES,NONE
50km_-18_21,1,3,0.5625,2.0004020000000002,15333.866310160429,30931.858800773698,YES,YES,YES,YES,YES,NONE
50km_-18_22,27,37,25.1875,36.2104305,430179.3317999731,397585.1269245286,YES,YES,YES,YES,YES,NONE
50km_-18_23,28,46,26.233014,41.043997000000005,508804.1282785841,507046.28521973564,YES,YES,YES,YES,YES,NONE
50km_-18_24,20,34,17.5625,32.05907775,350106.49399881164,362583.4646551725,YES,YES,YES,YES,YES,NONE
50km_-18_25,11,18,9.3125,16.625,297900.4645311829,243340.6097440602,YES,YES,YES,YES,YES,NONE
50km_-18_26,2,7,1.25,5.430497750000001,67592.2815658995,101441.63968139428,YES,YES,YES,YES,YES,NONE
50km_-18_27,10,16,7.4375,16.0,222272.17412897645,225874.14777844684,YES,YES,YES,YES,YES,NONE
50km_-18_28,24,28,21.627702,26.111057000000002,462832.5598434708,381411.69105128775,YES,YES,YES,YES,YES,NONE
50km_-18_29,31,52,28.7199245,48.6875,593646.9255857824,564912.671601774,YES,YES,YES,YES,YES,NONE
50km_-18_30,21,34,18.4375,33.15176175,351237.3746965946,381814.3616958805,YES,YES,YES,YES,YES,NONE
50km_-18_31,9,20,8.5625,19.912716,132695.17765400733,206962.77708486049,YES,YES,YES,YES,YES,NONE
50km_-18_32,4,5,2.8125,2.75,56792.8101032805,52858.84748373433,YES,YES,YES,YES,YES,NONE
50km_-18_33,0,6,0.0,2.6875,0.0,67833.85423667988,NO,YES,YES,NO,NO,A_ONLY_ZERO
50km_-18_34,17,25,15.125,22.75,233585.07360070368,232396.41318145263,YES,YES,YES,YES,YES,NONE
50km_-18_35,28,52,24.125,46.1875,435131.7301707929,524167.98669592745,YES,YES,YES,YES,YES,NONE
50km_-18_36,24,33,19.962203000000002,25.831884249999998,360809.47940220375,332004.61251216114,YES,YES,YES,YES,YES,NONE
50km_-18_37,27,41,24.599025,37.0625,393013.72885422857,393402.7524788702,YES,YES,YES,YES,YES,NONE
50km_-18_38,22,36,18.5302085,31.6919115,359315.5531364023,337377.04687763704,YES,YES,YES,YES,YES,NONE
50km_-18_39,21,38,18.94566775,32.842241,338771.4943209485,361768.2853652916,YES,YES,YES,YES,YES,NONE
50km_-18_40,18,25,16.0625,24.5625,252792.0832005964,252260.39992156115,YES,YES,YES,YES,YES,NONE
50km_-18_41,25,34,23.3125,32.09877375,385027.7321016215,332666.5818904437,YES,YES,YES,YES,YES,NONE
50km_-18_42,4,5,3.0625,2.5625,64229.70658783863,55588.743479708166,YES,YES,YES,YES,YES,NONE
50km_-18_43,3,6,2.894348,4.70499575,48114.386259102626,69032.89418282622,YES,YES,YES,YES,YES,NONE
50km_-18_44,3,2,3.0,1.5625,63621.72717801161,22844.02072087273,YES,YES,YES,YES,YES,NONE
50km_-18_45,1,0,0.0625,0.0,15855.666666666666,0.0,YES,NO,NO,YES,NO,B_ONLY_ZERO
50km_-18_46,4,8,2.3125,4.1875,61990.26008750545,99841.44544460862,YES,YES,YES,YES,YES,NONE
50km_-18_47,9,11,8.5625,9.5,146484.4033109184,127357.47512228106,YES,YES,YES,YES,YES,NONE
50km_-18_48,23,35,19.164789,28.8125,323873.2160428762,393334.8164896522,YES,YES,YES,YES,YES,NONE
50km_-18_49,9,20,7.8125,17.903885000000002,150905.61904761905,199235.8095238096,YES,YES,YES,YES,YES,NONE
50km_-18_50,6,11,4.625,7.0,195844.1398601398,250265.95543672013,YES,YES,YES,YES,YES,NONE
50km_-18_51,3,5,1.6321634999999999,1.9375,93975.65384615384,103726.4705882353,YES,YES,YES,YES,YES,NONE
50km_-18_52,7,12,3.5420592500000003,7.0465815,187783.09999999998,165515.18872549018,YES,YES,YES,YES,YES,NONE
50km_-18_53,0,4,0.0,2.125,0.0,51339.99702380952,NO,YES,YES,NO,NO,A_ONLY_ZERO
50km_-18_54,1,2,1.0,0.0947915,21913.35714285714,18410.83096926714,YES,YES,YES,YES,YES,NONE
50km_-18_55,10,15,6.9555792499999995,8.75,177724.08613085738,160941.03587015823,YES,YES,YES,YES,YES,NONE
50km_-18_56,0,2,0.0,2.0,0.0,15872.427350427351,NO,YES,YES,NO,NO,A_ONLY_ZERO
50km_-18_57,0,1,0.0,0.25,0.0,11148.598684210529,NO,YES,YES,NO,NO,A_ONLY_ZERO
50km_-17_15,1,2,1.0,2.0,21514.44379945961,24216.906543541616,YES,YES,YES,YES,YES,NONE
50km_-17_16,1,1,1.0,1.0,21514.44379945961,12108.453271770808,YES,YES,YES,YES,YES,NONE
50km_-17_17,0,2,0.0,2.0,0.0,24216.906543541616,NO,YES,YES,NO,NO,A_ONLY_ZERO
50km_-17_18,1,1,1.0,1.0,18400.24171382056,12108.453271770808,YES,YES,YES,YES,YES,NONE
50km_-17_20,5,6,3.75312425,4.9708120000000005,87238.12162279445,56387.59035650903,YES,YES,YES,YES,YES,NONE
50km_-17_21,12,14,10.625,14.0,181939.42952892304,131387.2201474494,YES,YES,YES,YES,YES,NONE
50km_-17_22,2,0,1.0625,0.0,30149.23857526882,0.0,YES,NO,NO,YES,NO,B_ONLY_ZERO
50km_-17_24,2,3,2.0,2.5625,27497.476470588233,39489.94252873563,YES,YES,YES,YES,YES,NONE
50km_-17_26,0,3,0.0,3.0,0.0,42179.4,NO,YES,YES,NO,NO,A_ONLY_ZERO
50km_-17_27,11,15,10.25,13.131774,304352.0628144807,249381.12420412942,YES,YES,YES,YES,YES,NONE
50km_-17_28,15,25,12.711858750000001,24.364846999999997,366868.9253203082,419515.943622339,YES,YES,YES,YES,YES,NONE
50km_-17_29,18,23,17.464997,21.7945525,335981.45079555473,330911.0695683635,YES,YES,YES,YES,YES,NONE
50km_-17_30,29,45,26.7206545,43.058318,566868.9444746014,486128.8630554996,YES,YES,YES,YES,YES,NONE
50km_-17_31,29,40,26.80187275,38.7477415,517650.02881010366,474918.71813643316,YES,YES,YES,YES,YES,NONE
50km_-17_32,17,19,15.375,17.0625,182392.92654743002,218516.25696408932,YES,YES,YES,YES,YES,NONE
50km_-17_33,18,26,15.375,22.75,303685.9706605223,279159.81098362413,YES,YES,YES,YES,YES,NONE
50km_-17_34,24,40,20.799767,35.1875,349129.8891542992,395275.919197318,YES,YES,YES,YES,YES,NONE
50km_-17_35,26,37,21.713922500000002,31.824977750000002,401578.0823932356,410066.6679848528,YES,YES,YES,YES,YES,NONE
50km_-17_36,15,28,13.5,21.04943625,210209.8256441224,272901.10476475285,YES,YES,YES,YES,YES,NONE
50km_-17_37,34,39,30.549357999999998,35.670947,488273.4530851997,401335.7065361865,YES,YES,YES,YES,YES,NONE
50km_-17_38,26,45,23.3125,41.929521,453989.70016332594,433745.5129519157,YES,YES,YES,YES,YES,NONE
50km_-17_39,33,47,28.190277000000002,43.9118105,537198.5651416702,451589.1012295343,YES,YES,YES,YES,YES,NONE
50km_-17_40,23,41,21.213702,37.25,339223.70500480157,403717.022992471,YES,YES,YES,YES,YES,NONE
50km_-17_41,9,16,7.3125,13.5296925,116018.50575708268,161736.8636723778,YES,YES,YES,YES,YES,NONE
50km_-17_42,0,5,0.0,4.0625,0.0,47724.58712788277,NO,YES,YES,NO,NO,A_ONLY_ZERO
50km_-17_43,1,1,1.0,1.0,25195.83333333333,11270.923076923076,YES,YES,YES,YES,YES,NONE
50km_-17_44,11,15,9.13656525,12.9375,155868.4679185076,164551.74227799225,YES,YES,YES,YES,YES,NONE
50km_-17_46,1,2,1.0,1.0625,33753.51263323878,19073.919642857145,YES,YES,YES,YES,YES,NONE
50km_-17_48,0,1,0.0,0.25,0.0,9674.06772336674,NO,YES,YES,NO,NO,A_ONLY_ZERO
50km_-17_49,1,1,1.0,0.25,45639.5,15284.8,YES,YES,YES,YES,YES,NONE
50km_-17_50,17,22,13.6875,18.5625,336519.52944600617,322969.31732133985,YES,YES,YES,YES,YES,NONE
50km_-17_51,10,18,8.3125,13.500226,199727.85515873015,271452.93939393933,YES,YES,YES,YES,YES,NONE
50km_-17_52,3,7,1.3125,4.576354,56296.552777777775,95582.10515873016,YES,YES,YES,YES,YES,NONE
50km_-17_54,1,0,0.5625,0.0,23603.444444444445,0.0,YES,NO,NO,YES,NO,B_ONLY_ZERO
50km_-17_55,2,5,0.3125,3.1875,57881.6,54132.159574468096,YES,YES,YES,YES,YES,NONE
50km_-17_56,1,2,1.0,2.0,13955.94,10907.076923076924,YES,YES,YES,YES,YES,NONE
50km_-17_57,3,0,0.416447,0.0,47654.381441441445,0.0,YES,NO,NO,YES,NO,B_ONLY_ZERO
50km_-16_15,1,1,1.0,0.0625,21514.44379945961,12108.453271770808,YES,YES,YES,YES,YES,NONE
50km_-16_16,1,0,1.0,0.0,18400.24171382056,0.0,YES,NO,NO,YES,NO,B_ONLY_ZERO
50km_-16_17,4,5,4.0,5.0,86057.77519783843,70144.90359061497,YES,YES,YES,YES,YES,NONE
50km_-16_18,6,3,4.3125,2.5625,116629.85445420147,36325.359815312426,YES,YES,YES,YES,YES,NONE
50km_-16_19,2,2,1.0625,1.5625,39914.68551328017,24216.906543541616,YES,YES,YES,YES,YES,NONE
50km_-16_20,4,8,3.5625,7.5625,69077.99597479502,83271.4776119403,YES,YES,YES,YES,YES,NONE
50km_-16_21,8,11,5.859329,7.6088267499999995,116680.89583333333,113097.2537313433,YES,YES,YES,YES,YES,NONE
50km_-16_22,7,14,4.895322,10.869143,151043.22468637992,168900.00715174127,YES,YES,YES,YES,YES,NONE
50km_-16_23,5,10,5.0,9.0625,163470.85663082436,139802.35416666666,YES,YES,YES,YES,YES,NONE
50km_-16_24,8,17,6.147048,14.375,163130.7286738351,248077.77083333323,YES,YES,YES,YES,YES,NONE
50km_-16_25,5,4,5.0,4.0,135886.76666666666,65751.7824933687,YES,YES,YES,YES,YES,NONE
50km_-16_26,6,6,3.25,6.0,151277.90365418897,80051.325,YES,YES,YES,YES,YES,NONE
50km_-16_27,7,7,6.25,7.0,180866.53104725838,116904.90877065837,YES,YES,YES,YES,YES,NONE
50km_-16_28,10,18,8.625,15.734322500000001,265813.8028938876,386572.98096698406,YES,YES,YES,YES,YES,NONE
50km_-16_29,7,9,4.110631,6.875,134945.59318181817,103372.09453781511,YES,YES,YES,YES,YES,NONE
50km_-16_30,8,14,7.189583,11.2016185,139347.3172164603,141589.03628688044,YES,YES,YES,YES,YES,NONE
50km_-16_31,37,45,33.3650345,40.37859925,655822.7423128517,509558.1115358339,YES,YES,YES,YES,YES,NONE
50km_-16_32,26,33,21.13567425,28.824021,457514.3308317929,454895.51740432996,YES,YES,YES,YES,YES,NONE
50km_-16_33,15,23,12.6875,18.545583999999998,347112.28095238085,319475.5798274522,YES,YES,YES,YES,YES,NONE
50km_-16_34,18,24,15.5625,19.43253875,343662.10556154646,263200.20192565577,YES,YES,YES,YES,YES,NONE
50km_-16_35,23,35,18.8125,31.75,352848.2999676853,373352.7146730377,YES,YES,YES,YES,YES,NONE
50km_-16_36,31,44,29.263847249999998,40.28935425,487781.90816646867,481319.4487087842,YES,YES,YES,YES,YES,NONE
50km_-16_37,17,28,12.713897499999998,23.6932525,276130.65079365077,311032.86587301595,YES,YES,YES,YES,YES,NONE
50km_-16_38,14,17,11.81708325,15.344148749999999,226131.2366522366,176703.18360805864,YES,YES,YES,YES,YES,NONE
50km_-16_39,20,27,16.4375,23.845549,338753.6563925329,256750.19933561934,YES,YES,YES,YES,YES,NONE
50km_-16_40,11,20,8.9375,15.708215,155033.76340060582,211397.07266817993,YES,YES,YES,YES,YES,NONE
50km_-16_41,7,4,6.5625,3.5625,115889.85555555555,41621.9943687891,YES,YES,YES,YES,YES,NONE
50km_-16_42,2,8,1.0625,6.125,35622.222222222226,90041.17572843823,YES,YES,YES,YES,YES,NONE
50km_-16_43,19,25,17.8125,20.88754075,328884.26428571425,281526.2034735002,YES,YES,YES,YES,YES,NONE
50km_-16_44,2,6,0.125,4.8125,45459.46666666667,64801.91071428571,YES,YES,YES,YES,YES,NONE
50km_-16_46,0,1,0.0,0.0625,0.0,9872.470588235294,NO,YES,YES,NO,NO,A_ONLY_ZERO
50km_-16_48,0,1,0.0,0.25,0.0,9872.470588235294,NO,YES,YES,NO,NO,A_ONLY_ZERO
50km_-16_49,6,16,5.5625,10.5326075,125572.70562770563,169081.90142505083,YES,YES,YES,YES,YES,NONE
50km_-16_50,20,29,17.151916,22.647547,288206.48555320647,313150.8486759143,YES,YES,YES,YES,YES,NONE
50km_-16_51,10,17,7.319902249999999,13.284623,179978.10011745358,262166.43011019035,YES,YES,YES,YES,YES,NONE
50km_-16_52,4,3,2.5,2.5625,84732.80158730158,64646.39890710383,YES,YES,YES,YES,YES,NONE
50km_-16_56,1,1,1.0,1.0,14371.295081967211,10190.591954022988,YES,YES,YES,YES,YES,NONE
50km_-15_14,2,1,1.5625,1.0,30352.355646669686,9683.84680155652,YES,YES,YES,YES,YES,NONE
50km_-15_15,1,5,1.0,5.0,21514.44379945961,64659.41957280527,YES,YES,YES,YES,YES,NONE
50km_-15_16,3,8,3.0,6.6875,55200.72514146168,116072.9006376883,YES,YES,YES,YES,YES,NONE
50km_-15_17,1,6,0.0625,4.8125,18400.24171382056,85454.2359396394,YES,YES,YES,YES,YES,NONE
50km_-15_18,2,5,1.58225125,5.0,36800.48342764112,63743.145436107676,YES,YES,YES,YES,YES,NONE
50km_-15_19,4,7,2.6108065,6.1544419999999995,76715.16894092128,91160.93105690293,YES,YES,YES,YES,YES,NONE
50km_-15_20,16,25,13.951081,22.6535395,266975.8346606707,274531.7477963992,YES,YES,YES,YES,YES,NONE
50km_-15_21,14,23,11.260861749999998,20.52935425,199510.98097826084,246180.71398819846,YES,YES,YES,YES,YES,NONE
50km_-15_22,4,15,4.0,14.60315975,57903.78024193549,153933.02703054497,YES,YES,YES,YES,YES,NONE
50km_-15_23,1,5,1.0,4.943393,16271.967741935485,87257.45833333333,YES,YES,YES,YES,YES,NONE
50km_-15_24,3,4,1.125,4.0,48815.903225806454,76748.47916666666,YES,YES,YES,YES,YES,NONE
50km_-15_25,3,5,1.3125,4.5625,63850.373188405785,62564.71883289124,YES,YES,YES,YES,YES,NONE
50km_-15_26,2,1,1.5625,1.0,36401.712044645814,19601.51062790957,YES,YES,YES,YES,YES,NONE
50km_-15_27,7,13,6.5625,9.9375,129558.66718729083,255758.26834668723,YES,YES,YES,YES,YES,NONE
50km_-15_28,11,8,10.0625,5.592683,204190.10146851747,166969.61886617352,YES,YES,YES,YES,YES,NONE
50km_-15_29,8,10,5.761782999999999,9.004166,104907.85194805193,121319.57941176472,YES,YES,YES,YES,YES,NONE
50km_-15_30,2,5,2.0,4.25,39620.1606539311,57333.90487903632,YES,YES,YES,YES,YES,NONE
50km_-15_31,6,11,4.205478,9.418631,103430.78215891251,153375.6051602628,YES,YES,YES,YES,YES,NONE
50km_-15_32,1,5,0.5625,2.88603475,13462.66226171569,70064.56874170693,YES,YES,YES,YES,YES,NONE
50km_-15_33,3,3,1.125,2.1949395000000003,49482.63386469044,51373.85190946389,YES,YES,YES,YES,YES,NONE
50km_-15_34,1,0,1.0,0.0,18100.4,0.0,YES,NO,NO,YES,NO,B_ONLY_ZERO
50km_-15_35,2,0,0.125,0.0,24655.872636024258,0.0,YES,NO,NO,YES,NO,B_ONLY_ZERO
50km_-15_36,3,9,2.0625,4.815098,39650.39162336603,116705.61727102005,YES,YES,YES,YES,YES,NONE
50km_-15_37,1,1,1.0,1.0,13565.131578947368,10163.611111111111,YES,YES,YES,YES,YES,NONE
50km_-15_43,7,9,5.8125,6.0,112583.14312366738,91326.97983405052,YES,YES,YES,YES,YES,NONE
50km_-15_44,4,9,2.5,5.6787849999999995,98992.59999999999,110922.99230872124,YES,YES,YES,YES,YES,NONE
50km_-15_45,1,4,0.5625,2.8125,23071.666666666668,51758.28571428571,YES,YES,YES,YES,YES,NONE
50km_-15_46,1,0,0.0625,0.0,16783.2,0.0,YES,NO,NO,YES,NO,B_ONLY_ZERO
50km_-15_47,2,4,1.25,2.5,43512.16666666667,41182.05882352941,YES,YES,YES,YES,YES,NONE
50km_-15_48,4,5,2.3364195,3.5,77036.32857142857,59357.3660130719,YES,YES,YES,YES,YES,NONE
50km_-15_49,4,3,3.0625,2.25,84749.66691898767,36162.08496732026,YES,YES,YES,YES,YES,NONE
50km_-15_50,2,8,1.25,5.125,33020.22222222222,99725.76459908535,YES,YES,YES,YES,YES,NONE
50km_-15_51,3,1,2.5625,0.5625,54869.71111111111,11430.076923076924,YES,YES,YES,YES,YES,NONE
50km_-15_52,6,4,4.0625,3.0625,105790.11219512197,50139.38114754099,YES,YES,YES,YES,YES,NONE
50km_-15_53,3,0,3.0,0.0,47561.029411764706,0.0,YES,NO,NO,YES,NO,B_ONLY_ZERO
50km_-15_54,0,1,0.0,1.0,0.0,10063.362962962963,NO,YES,YES,NO,NO,A_ONLY_ZERO
50km_-15_55,0,1,0.0,0.0625,0.0,10629.661417322835,NO,YES,YES,NO,NO,A_ONLY_ZERO
50km_-15_56,1,0,0.5625,0.0,15318.878787878788,0.0,YES,NO,NO,YES,NO,B_ONLY_ZERO
50km_-14_14,2,1,1.56246475,0.09093525,30352.355646669686,10966.15080149278,YES,YES,YES,YES,YES,NONE
50km_-14_16,4,10,3.48428625,8.1875,82943.57311219939,153093.32349024448,YES,YES,YES,YES,YES,NONE
50km_-14_17,3,4,2.53958,3.45155,64543.331398378825,58036.45031884416,YES,YES,YES,YES,YES,NONE
50km_-14_18,4,7,3.0625,6.657786,73600.96685528224,91160.93105690295,YES,YES,YES,YES,YES,NONE
50km_-14_19,9,23,6.659184249999999,20.42383675,165602.17542438503,281695.30432798236,YES,YES,YES,YES,YES,NONE
50km_-14_20,7,13,7.0,12.2726145,114603.38475870516,156388.59575081719,YES,YES,YES,YES,YES,NONE
50km_-14_21,8,8,7.00698875,6.4813355,192455.89631770592,93107.95102178944,YES,YES,YES,YES,YES,NONE
50km_-14_22,0,1,0.0,0.6134835,0.0,12523.466666666667,NO,YES,YES,NO,NO,A_ONLY_ZERO
50km_-14_23,0,2,0.0,2.0,0.0,23166.303875968995,NO,YES,YES,NO,NO,A_ONLY_ZERO
50km_-14_24,1,0,1.0,0.0,21344.615384615383,0.0,YES,NO,NO,YES,NO,B_ONLY_ZERO
50km_-14_26,2,2,2.0,2.0,36187.404236140756,39203.02125581914,YES,YES,YES,YES,YES,NONE
50km_-14_27,5,2,4.0625,1.0625,90468.51059035189,39203.02125581914,YES,YES,YES,YES,YES,NONE
50km_-14_28,4,5,3.25,4.888854,59156.08571428571,99687.10637099584,YES,YES,YES,YES,YES,NONE
50km_-14_29,2,4,1.5625,3.125,52004.75,50709.181818181816,YES,YES,YES,YES,YES,NONE
50km_-14_31,8,9,7.5625,8.5625,202776.8745645924,154356.58107749023,YES,YES,YES,YES,YES,NONE
50km_-14_32,11,21,10.109248000000001,16.5625,207698.25896470196,286140.13169614435,YES,YES,YES,YES,YES,NONE
50km_-14_33,4,2,2.921939,1.0625,59156.275039745626,24199.92,YES,YES,YES,YES,YES,NONE
50km_-14_36,1,0,1.0,0.0,14994.518987341771,0.0,YES,NO,NO,YES,NO,B_ONLY_ZERO
50km_-14_37,1,0,1.0,0.0,14994.518987341771,0.0,YES,NO,NO,YES,NO,B_ONLY_ZERO
50km_-14_38,1,0,0.0625,0.0,14462.830188679243,0.0,YES,NO,NO,YES,NO,B_ONLY_ZERO
50km_-14_40,0,1,0.0,0.0625,0.0,9911.681818181818,NO,YES,YES,NO,NO,A_ONLY_ZERO
50km_-14_42,1,0,0.07688375,0.0,15958.5,0.0,YES,NO,NO,YES,NO,B_ONLY_ZERO
50km_-14_44,1,2,1.0,1.0625,31145.33333333333,26696.0,YES,YES,YES,YES,YES,NONE
50km_-14_45,0,1,0.0,0.5625,0.0,13348.0,NO,YES,YES,NO,NO,A_ONLY_ZERO
50km_-14_46,0,1,0.0,1.0,0.0,10961.5,NO,YES,YES,NO,NO,A_ONLY_ZERO
50km_-14_47,11,18,8.875,15.4375,198192.59831932775,203289.7227021041,YES,YES,YES,YES,YES,NONE
50km_-14_48,19,27,16.875,22.767706,348335.20952380955,300239.4402132782,YES,YES,YES,YES,YES,NONE
50km_-14_49,6,9,6.0,6.125,116877.25714285714,101011.80970072241,YES,YES,YES,YES,YES,NONE
50km_-14_50,2,0,1.25,0.0,35095.683044324534,0.0,YES,NO,NO,YES,NO,B_ONLY_ZERO
50km_-14_51,5,4,2.875,3.954202,78678.87985333118,53986.25196903668,YES,YES,YES,YES,YES,NONE
50km_-14_52,3,0,2.125,0.0,41102.71219512195,0.0,YES,NO,NO,YES,NO,B_ONLY_ZERO
50km_-14_53,2,4,1.5727375000000001,2.250704,31647.55555555555,40519.05939153439,YES,YES,YES,YES,YES,NONE
50km_-14_55,0,1,0.0,0.5625,0.0,10050.100840336134,NO,YES,YES,NO,NO,A_ONLY_ZERO
50km_-14_56,2,1,2.0,1.0,30637.757575757576,10247.087837837838,YES,YES,YES,YES,YES,NONE
50km_-13_16,9,14,8.929576,12.625,190515.79210949742,214330.6528863423,YES,YES,YES,YES,YES,NONE
50km_-13_17,7,8,5.348423,6.3125,144372.70242493917,119273.77971494196,YES,YES,YES,YES,YES,NONE
50km_-13_18,18,19,16.745694999999998,17.86897125,340546.9571056872,234143.29967539146,YES,YES,YES,YES,YES,NONE
50km_-13_19,16,20,12.868827,17.83738675,303746.473678046,245369.9445126699,YES,YES,YES,YES,YES,NONE
50km_-13_20,15,23,13.951214750000002,20.424149,267817.1032423466,263151.2170824035,YES,YES,YES,YES,YES,NONE
50km_-13_21,9,14,6.8133405,12.195373749999998,148651.08859848385,155198.01818102112,YES,YES,YES,YES,YES,NONE
50km_-13_22,0,5,0.0,4.5839905000000005,0.0,55427.86363607897,NO,YES,YES,NO,NO,A_ONLY_ZERO
50km_-13_23,6,3,5.65774925,2.2632595,99100.72573232256,33256.718181647375,YES,YES,YES,YES,YES,NONE
50km_-13_26,0,2,0.0,1.5625,0.0,26778.152664280453,NO,YES,YES,NO,NO,A_ONLY_ZERO
50km_-13_27,4,4,3.5625,3.25,69220.97948024828,57465.23601940583,YES,YES,YES,YES,YES,NONE
50km_-13_28,0,1,0.0,1.0,0.0,11085.572727215793,NO,YES,YES,NO,NO,A_ONLY_ZERO
50km_-13_30,0,2,0.0,2.0,0.0,28901.630657558635,NO,YES,YES,NO,NO,A_ONLY_ZERO
50km_-13_31,5,11,4.5625,8.1875,106982.20111869398,146394.7791736102,YES,YES,YES,YES,YES,NONE
50km_-13_32,8,8,7.25,7.0625,199611.60135422685,105941.83498171276,YES,YES,YES,YES,YES,NONE
50km_-13_33,4,3,3.25,2.25,58911.55085995086,30639.851851851854,YES,YES,YES,YES,YES,NONE
50km_-13_41,2,1,1.0625,1.0,31838.42014188021,12914.32556921156,YES,YES,YES,YES,YES,NONE
50km_-13_42,5,1,3.09137525,0.5625,81621.23259145273,9944.919121023042,YES,YES,YES,YES,YES,NONE
50km_-13_43,2,1,1.238999,1.0,31838.42014188021,12914.32556921156,YES,YES,YES,YES,YES,NONE
50km_-13_44,3,7,2.2423764999999998,5.1875,46726.78797417025,80909.37385222566,YES,YES,YES,YES,YES,NONE
50km_-13_45,6,18,5.5625,14.38435075,65909.2637126153,138992.21239684933,YES,YES,YES,YES,YES,NONE
50km_-13_46,51,83,47.3652835,73.94498275,410203.07138184604,459645.16298807977,YES,YES,YES,YES,YES,NONE
50km_-13_47,71,97,65.81564200000001,88.60235525,592753.4904187004,543005.5712631854,YES,YES,YES,YES,YES,NONE
50km_-13_48,17,33,14.967015,30.16605625,205284.9020565551,240507.20573076673,YES,YES,YES,YES,YES,NONE
50km_-13_49,1,1,1.0,0.5625,15293.8,12588.444444444443,YES,YES,YES,YES,YES,NONE
50km_-13_50,4,6,2.1374805,5.5625,54137.45395186379,76392.15904635092,YES,YES,YES,YES,YES,NONE
50km_-13_51,1,0,1.0,0.0,14527.73226966888,0.0,YES,NO,NO,YES,NO,B_ONLY_ZERO
50km_-13_53,1,1,0.5625,0.5625,15823.777777777776,10415.125,YES,YES,YES,YES,YES,NONE
50km_-13_54,0,1,0.0,1.0,0.0,6816.636363636364,NO,YES,YES,NO,NO,A_ONLY_ZERO
50km_-13_55,0,1,0.0,0.5625,0.0,10050.100840336134,NO,YES,YES,NO,NO,A_ONLY_ZERO
50km_-13_56,3,2,0.6875,1.0625,47482.29278702518,13633.272727272728,YES,YES,YES,YES,YES,NONE
50km_-12_15,2,1,2.0,0.0625,40788.69433421697,12108.453271770808,YES,YES,YES,YES,YES,NONE
50km_-12_16,10,23,10.0,21.818443000000002,205801.8317376789,339311.12771854765,YES,YES,YES,YES,YES,NONE
50km_-12_17,11,25,10.0625,21.93548925,227698.1087352467,364341.96414797334,YES,YES,YES,YES,YES,NONE
50km_-12_18,17,26,14.749627,21.115343,324768.74185467704,339871.36391029356,YES,YES,YES,YES,YES,NONE
50km_-12_19,12,23,8.733932750000001,18.68483125,207618.7219234791,268397.8572487671,YES,YES,YES,YES,YES,NONE
50km_-12_20,10,24,9.665208,20.4030335,167051.3303123044,273346.1467086528,YES,YES,YES,YES,YES,NONE
50km_-12_21,5,9,3.753217,7.5425534999999995,82583.9381102688,99770.15454494215,YES,YES,YES,YES,YES,NONE
50km_-12_22,1,3,1.0,2.73128975,16516.787622053762,33256.718181647375,YES,YES,YES,YES,YES,NONE
50km_-12_23,1,1,1.0,1.0,16516.787622053762,11085.572727215793,YES,YES,YES,YES,YES,NONE
50km_-12_24,0,1,0.0,1.0,0.0,11085.572727215793,NO,YES,YES,NO,NO,A_ONLY_ZERO
50km_-12_27,5,8,5.0,7.0625,82583.9381102688,88684.58181772636,YES,YES,YES,YES,YES,NONE
50km_-12_28,0,2,0.0,1.125,0.0,22171.145454431586,NO,YES,YES,NO,NO,A_ONLY_ZERO
50km_-12_33,0,1,0.0,0.50219025,0.0,10022.666666666666,NO,YES,YES,NO,NO,A_ONLY_ZERO
50km_-12_40,0,1,0.0,1.0,0.0,15352.2,NO,YES,YES,NO,NO,A_ONLY_ZERO
50km_-12_44,2,11,2.0,10.5625,32553.7745318124,113944.24794095504,YES,YES,YES,YES,YES,NONE
50km_-12_45,0,2,0.0,0.966754,0.0,21706.657504842842,NO,YES,YES,NO,NO,A_ONLY_ZERO
50km_-12_46,12,14,9.54704775,10.9666685,109239.69344128856,107277.29072186127,YES,YES,YES,YES,YES,NONE
50km_-12_47,21,34,19.6213605,29.1451115,190574.9134205012,201469.59311065567,YES,YES,YES,YES,YES,NONE
50km_-12_48,2,1,1.025751,1.0,29490.216541067035,5642.057506498931,YES,YES,YES,YES,YES,NONE
50km_-12_50,1,3,0.5625,2.52330425,10554.257142857145,36939.899999999994,YES,YES,YES,YES,YES,NONE
50km_-12_52,0,1,0.0,1.0,0.0,9863.970237531925,NO,YES,YES,NO,NO,A_ONLY_ZERO
50km_-12_53,4,4,2.55254125,3.5625,56656.48015610581,44288.43098029666,YES,YES,YES,YES,YES,NONE
50km_-12_54,8,8,5.381684,2.70884,128918.17461320125,93331.90269548699,YES,YES,YES,YES,YES,NONE
50km_-12_55,1,3,1.0,2.08909375,16465.364179104476,33784.27408098584,YES,YES,YES,YES,YES,NONE
50km_-12_56,0,3,0.0,2.4582455,0.0,30362.73577981651,NO,YES,YES,NO,NO,A_ONLY_ZERO
50km_-11_15,6,16,5.125,14.625,115645.50320854415,208331.76252537905,YES,YES,YES,YES,YES,NONE
50km_-11_16,15,26,14.125,23.565741,291353.9512860626,340553.4502307721,YES,YES,YES,YES,YES,NONE
50km_-11_17,37,46,34.004893249999995,42.32077425,726761.353485077,597552.038488106,YES,YES,YES,YES,YES,NONE
50km_-11_18,28,32,23.2646345,27.5557935,476392.80443091644,363379.9637316498,YES,YES,YES,YES,YES,NONE
50km_-11_19,14,17,13.125,13.611930749999999,231235.02670875264,188454.7363626685,YES,YES,YES,YES,YES,NONE
50km_-11_20,10,20,7.1736585,17.482155499999998,165167.8762205376,226591.74874877115,YES,YES,YES,YES,YES,NONE
50km_-11_21,9,16,8.937902000000001,15.947953,148651.08859848385,177369.1636354527,YES,YES,YES,YES,YES,NONE
50km_-11_22,7,9,5.625,9.0,115617.51335437632,99770.15454494215,YES,YES,YES,YES,YES,NONE
50km_-11_23,2,2,2.0,2.0,33033.575244107524,22171.145454431586,YES,YES,YES,YES,YES,NONE
50km_-11_25,0,1,0.0,1.0,0.0,11085.572727215793,NO,YES,YES,NO,NO,A_ONLY_ZERO
50km_-11_26,3,5,3.0,4.0625,53341.88327306759,42525.397334878486,YES,YES,YES,YES,YES,NONE
50km_-11_27,4,13,4.0,11.609627,66067.15048821505,140698.76765388408,YES,YES,YES,YES,YES,NONE
50km_-11_28,3,3,2.54554625,0.8561765,46873.23352931596,33256.718181647375,YES,YES,YES,YES,YES,NONE
50km_-11_32,1,1,0.0625,1.0,14656.252631578947,9874.780141843972,YES,YES,YES,YES,YES,NONE
50km_-11_37,0,1,0.0,0.5625,0.0,9909.908496732029,NO,YES,YES,NO,NO,A_ONLY_ZERO
50km_-11_40,0,1,0.0,0.5625,0.0,9944.919121023042,NO,YES,YES,NO,NO,A_ONLY_ZERO
50km_-11_41,0,2,0.0,0.8471575,0.0,25828.65113842312,NO,YES,YES,NO,NO,A_ONLY_ZERO
50km_-11_44,7,7,6.25,3.7784767500000003,109430.69055060347,83152.16002672937,YES,YES,YES,YES,YES,NONE
50km_-11_45,6,7,2.375,3.9989895,89508.90475672581,61693.904673490906,YES,YES,YES,YES,YES,NONE
50km_-11_47,1,2,0.883326,1.488361,14485.54448715234,18515.83937524836,YES,YES,YES,YES,YES,NONE
50km_-11_48,1,1,1.0,0.0625,7277.803808764918,9880.22631559985,YES,YES,YES,YES,YES,NONE
50km_-11_53,0,2,0.0,0.5996097499999999,0.0,23099.55873490494,NO,YES,YES,NO,NO,A_ONLY_ZERO
50km_-11_54,3,7,1.762731,2.8502015,54291.812930658394,89529.42601446531,YES,YES,YES,YES,YES,NONE
50km_-11_55,6,6,3.8657252499999997,4.58188125,90970.16800431388,72314.5621485593,YES,YES,YES,YES,YES,NONE
50km_-11_56,0,6,0.0,1.5891315000000001,0.0,69424.06732220094,NO,YES,YES,NO,NO,A_ONLY_ZERO
50km_-10_14,7,11,6.0625,9.16674525,135574.15303611232,135029.30974506692,YES,YES,YES,YES,YES,NONE
50km_-10_15,21,33,19.4144365,31.157833999999998,411100.6057398914,428159.87837094866,YES,YES,YES,YES,YES,NONE
50km_-10_16,24,31,23.0625,28.5047135,479642.8484857051,403185.6881193267,YES,YES,YES,YES,YES,NONE
50km_-10_17,27,35,23.648293,33.19968125,520404.7644384483,454659.1597192111,YES,YES,YES,YES,YES,NONE
50km_-10_18,24,39,20.676707999999998,36.8465725,406374.9399893271,434242.025340463,YES,YES,YES,YES,YES,NONE
50km_-10_19,26,28,21.993914750000002,25.284336,429436.4781733978,310396.0363620421,YES,YES,YES,YES,YES,NONE
50km_-10_20,25,28,20.68568525,24.403649250000004,432863.76467141765,310396.0363620421,YES,YES,YES,YES,YES,NONE
50km_-10_21,10,18,8.6444305,14.9436475,165167.8762205376,199540.3090898843,YES,YES,YES,YES,YES,NONE
50km_-10_22,19,22,18.30232175,18.09836525,313818.96481902146,243882.5999987475,YES,YES,YES,YES,YES,NONE
50km_-10_23,7,11,6.0625,9.144022750000001,125589.55041441314,121941.29999937375,YES,YES,YES,YES,YES,NONE
50km_-10_24,5,7,5.0,6.5625,92555.97517030562,82479.30329496581,YES,YES,YES,YES,YES,NONE
50km_-10_25,15,22,13.6312235,19.788608250000003,247751.8143308064,241935.53860336024,YES,YES,YES,YES,YES,NONE
50km_-10_26,15,25,12.875,23.06487,247751.8143308064,282019.6123848501,YES,YES,YES,YES,YES,NONE
50km_-10_28,2,6,2.0,2.64244875,33033.575244107524,66513.43636329476,YES,YES,YES,YES,YES,NONE
50km_-10_33,1,0,0.25,0.0,14867.973900838344,0.0,YES,NO,NO,YES,NO,B_ONLY_ZERO
50km_-10_37,0,1,0.0,0.2091535,0.0,12678.866436387192,NO,YES,YES,NO,NO,A_ONLY_ZERO
50km_-10_38,0,2,0.0,0.6088915,0.0,19889.838242046084,NO,YES,YES,NO,NO,A_ONLY_ZERO
50km_-10_40,2,1,0.625,0.950362,29776.73566458008,9944.919121023042,YES,YES,YES,YES,YES,NONE
50km_-10_45,6,3,3.1875,2.13905,103524.89242945763,29287.790229309467,YES,YES,YES,YES,YES,NONE
50km_-10_46,3,1,1.625,0.56927175,51567.1104703252,9954.933372786183,YES,YES,YES,YES,YES,NONE
50km_-10_47,3,0,2.125,0.0,29041.152104682176,0.0,YES,NO,NO,YES,NO,B_ONLY_ZERO
50km_-10_48,1,1,0.0625,0.5625,14836.759512991272,9954.933372786183,YES,YES,YES,YES,YES,NONE
50km_-10_52,0,1,0.0,0.5625,0.0,11960.151921726954,NO,YES,YES,NO,NO,A_ONLY_ZERO
50km_-10_54,5,4,2.3835185,1.1703255000000001,78032.78050333529,40315.481132581466,YES,YES,YES,YES,YES,NONE
50km_-10_55,3,0,1.6239395,0.0,49259.20694264287,0.0,YES,NO,NO,YES,NO,B_ONLY_ZERO
50km_-10_56,0,2,0.0,0.482318,0.0,23099.55873490494,NO,YES,YES,NO,NO,A_ONLY_ZERO
50km_-10_57,1,3,0.0625,0.5653165,14089.20119315744,37194.747414731726,YES,YES,YES,YES,YES,NONE
50km_-9_11,6,7,4.9013605,6.5625,120503.44728500208,99110.32070511696,YES,YES,YES,YES,YES,NONE
50km_-9_12,13,23,10.997842250000001,20.2549435,261090.80245083792,312988.63440452394,YES,YES,YES,YES,YES,NONE
50km_-9_13,20,28,17.35273925,20.06115075,395200.89884806296,373483.9998443226,YES,YES,YES,YES,YES,NONE
50km_-9_14,16,28,13.197154,27.003590499999998,325448.8442076464,368955.9266793436,YES,YES,YES,YES,YES,NONE
50km_-9_15,26,41,25.5187,38.677839,535252.1852067487,537964.057433641,YES,YES,YES,YES,YES,NONE
50km_-9_16,24,41,22.604207499999998,38.28832299999999,473955.9032685288,535038.6060826315,YES,YES,YES,YES,YES,NONE
50km_-9_17,23,27,17.917191,25.4152065,448994.7075165952,351712.21651944227,YES,YES,YES,YES,YES,NONE
50km_-9_18,16,27,13.954692000000001,23.826333499999997,261591.47261601483,310537.6684482709,YES,YES,YES,YES,YES,NONE
50km_-9_19,16,20,12.185814,16.69093825,284212.6760729338,236352.33715768164,YES,YES,YES,YES,YES,NONE
50km_-9_20,19,28,17.3266835,25.127297,363679.1501192056,349438.38999768405,YES,YES,YES,YES,YES,NONE
50km_-9_21,11,13,9.2975215,10.29295875,201628.73796266504,158753.32806717107,YES,YES,YES,YES,YES,NONE
50km_-9_22,16,23,14.3514065,19.14706,294184.7131329706,264728.7611348738,YES,YES,YES,YES,YES,NONE
50km_-9_23,15,22,12.6635325,17.9428765,257723.85139084322,258523.48261211324,YES,YES,YES,YES,YES,NONE
50km_-9_24,6,14,4.663885,13.125,100996.48593577572,151784.34038109987,YES,YES,YES,YES,YES,NONE
50km_-9_25,10,18,9.911599,15.88715275,165167.8762205376,199540.3090898843,YES,YES,YES,YES,YES,NONE
50km_-9_26,5,10,4.5625,7.4761445,82583.9381102688,110855.72727215795,YES,YES,YES,YES,YES,NONE
50km_-9_27,2,1,1.5273729999999999,1.0,43005.61230414435,11085.572727215793,YES,YES,YES,YES,YES,NONE
50km_-9_28,0,2,0.0,1.0625,0.0,22171.145454431586,NO,YES,YES,NO,NO,A_ONLY_ZERO
50km_-9_29,0,2,0.0,0.13698925,0.0,22171.145454431586,NO,YES,YES,NO,NO,A_ONLY_ZERO
50km_-9_31,1,0,1.0,0.0,14867.973900838344,0.0,YES,NO,NO,YES,NO,B_ONLY_ZERO
50km_-9_38,1,0,1.0,0.0,19336.314796065137,0.0,YES,NO,NO,YES,NO,B_ONLY_ZERO
50km_-9_39,2,0,2.0,0.0,33900.10461918035,0.0,YES,NO,NO,YES,NO,B_ONLY_ZERO
50km_-9_40,1,3,0.4718745,2.2735115,11941.07142857143,32804.16381125765,YES,YES,YES,YES,YES,NONE
50km_-9_42,1,0,1.0,0.0,12256.568992800398,0.0,YES,NO,NO,YES,NO,B_ONLY_ZERO
50km_-9_44,1,2,1.0,1.0625,16950.052309590174,19909.866745572366,YES,YES,YES,YES,YES,NONE
50km_-9_45,1,3,0.0625,2.0625,18365.175478666963,32809.373968460626,YES,YES,YES,YES,YES,NONE
50km_-9_46,2,3,1.5625,3.0,36730.350957333925,32809.373968460626,YES,YES,YES,YES,YES,NONE
50km_-9_49,1,1,1.0,1.0,18365.175478666963,11427.22029783722,YES,YES,YES,YES,YES,NONE
50km_-9_52,2,1,1.0625,0.5625,28178.40238631488,9863.970237531925,YES,YES,YES,YES,YES,NONE
50km_-9_53,1,1,0.0625,0.054935,14803.181708120255,9863.970237531925,YES,YES,YES,YES,YES,NONE
50km_-9_54,2,1,0.29300000000000004,0.5625,30554.565372261917,13487.513290068306,YES,YES,YES,YES,YES,NONE
50km_-9_57,2,2,1.5625,1.136364,23920.30384345391,22866.18171801228,YES,YES,YES,YES,YES,NONE
50km_-8_10,4,8,3.25,7.561138,80335.63152333473,108865.61196679095,YES,YES,YES,YES,YES,NONE
50km_-8_11,7,12,6.2855405,11.399646,140587.35516583576,163298.4179501864,YES,YES,YES,YES,YES,NONE
50km_-8_12,19,31,17.61770275,28.89017325,422516.33855989226,421854.24637131504,YES,YES,YES,YES,YES,NONE
50km_-8_13,17,24,13.677452500000001,20.261521000000002,350056.9852826749,319181.5584253445,YES,YES,YES,YES,YES,NONE
50km_-8_14,24,39,19.710294,35.0235015,507044.4271376081,513615.27627269627,YES,YES,YES,YES,YES,NONE
50km_-8_15,24,38,22.415449000000002,34.521426250000005,496703.6841372338,500943.5732155247,YES,YES,YES,YES,YES,NONE
50km_-8_16,27,35,25.093297,34.58035525,554526.4357415058,454627.9770086433,YES,YES,YES,YES,YES,NONE
50km_-8_17,28,42,26.24234425,37.148611,551052.9054075582,546078.5668882215,YES,YES,YES,YES,YES,NONE
50km_-8_18,15,23,14.0625,19.644832,280841.36928324954,294037.1027572474,YES,YES,YES,YES,YES,NONE
50km_-8_19,7,12,6.6157544999999995,10.2326475,132162.29083059792,156858.29092549463,YES,YES,YES,YES,YES,NONE
50km_-8_20,15,19,14.519348749999999,16.436218750000002,328757.9447936477,251572.92443178946,YES,YES,YES,YES,YES,NONE
50km_-8_21,11,9,9.182696,5.52080825,231544.84914277552,114411.0371583079,YES,YES,YES,YES,YES,NONE
50km_-8_22,9,22,8.4472355,18.57989825,148651.08859848385,273164.36522547895,YES,YES,YES,YES,YES,NONE
50km_-8_23,16,21,15.16829075,20.4262085,284212.6760729338,247437.90988489744,YES,YES,YES,YES,YES,NONE
50km_-8_24,6,21,5.915389,17.811311500000002,99100.72573232256,244776.4769834607,YES,YES,YES,YES,YES,NONE
50km_-8_25,8,8,7.096697,7.5625,140559.0367970836,88684.58181772636,YES,YES,YES,YES,YES,NONE
50km_-8_26,5,11,4.201921,8.3891835,80522.94415988238,117427.63125860784,YES,YES,YES,YES,YES,NONE
50km_-8_27,2,5,1.125,3.14539725,31486.27400472422,53177.03745222048,YES,YES,YES,YES,YES,NONE
50km_-8_28,0,2,0.0,1.0625,0.0,21612.762145747627,NO,YES,YES,NO,NO,A_ONLY_ZERO
50km_-8_29,1,0,0.5625,0.0,17978.672627866996,0.0,YES,NO,NO,YES,NO,B_ONLY_ZERO
50km_-8_32,0,1,0.0,1.0,0.0,9934.30688569529,NO,YES,YES,NO,NO,A_ONLY_ZERO
50km_-8_36,1,0,0.0625,0.0,14867.973900838344,0.0,YES,NO,NO,YES,NO,B_ONLY_ZERO
50km_-8_37,1,1,0.0576525,0.0625,14866.679295313425,9934.30688569529,YES,YES,YES,YES,YES,NONE
50km_-8_38,0,2,0.0,0.11134675,0.0,19892.43112507943,NO,YES,YES,NO,NO,A_ONLY_ZERO
50km_-8_39,8,9,6.25,7.3132805,125291.99609022071,104498.04659224312,YES,YES,YES,YES,YES,NONE
50km_-8_40,4,3,2.125,0.66312425,61045.041444270784,38742.976707634676,YES,YES,YES,YES,YES,NONE
50km_-8_41,1,1,1.0,1.0,15603.722222222224,9362.233333333334,YES,YES,YES,YES,YES,NONE
50km_-8_42,0,1,0.0,0.52661475,0.0,9362.233333333334,NO,YES,YES,NO,NO,A_ONLY_ZERO
50km_-8_44,2,3,2.0,2.563691,31838.42014188021,32804.16381125765,YES,YES,YES,YES,YES,NONE
50km_-8_45,1,2,0.88855,1.0625,18755.8469674742,19332.856856523285,YES,YES,YES,YES,YES,NONE
50km_-8_46,3,1,1.625,0.07345,48038.69450464951,9954.933372786183,YES,YES,YES,YES,YES,NONE
50km_-8_47,1,0,1.0,0.0,18365.175478666963,0.0,YES,NO,NO,YES,NO,B_ONLY_ZERO
50km_-8_49,0,1,0.0,1.0,0.0,12458.08252269214,NO,YES,YES,NO,NO,A_ONLY_ZERO
50km_-8_50,1,2,0.25,1.125,14836.759512991272,22413.015895478326,YES,YES,YES,YES,YES,NONE
50km_-8_51,1,2,0.065711,0.13582325,14986.125877853674,19727.94047506385,YES,YES,YES,YES,YES,NONE
50km_-8_52,4,1,4.0,1.0,68079.26061349714,10120.911926605504,YES,YES,YES,YES,YES,NONE
50km_-8_53,1,1,0.0625,0.19071,19652.84352640236,13235.588497373015,YES,YES,YES,YES,YES,NONE
50km_-8_54,2,1,1.0653055,0.589335,29606.36341624051,13235.588497373015,YES,YES,YES,YES,YES,NONE
50km_-7_7,3,3,3.0,3.0,60251.72364250105,40824.6044875466,YES,YES,YES,YES,YES,NONE
50km_-7_8,7,13,5.083153,12.5625,140587.35516583576,176906.61944603527,YES,YES,YES,YES,YES,NONE
50km_-7_9,15,19,13.739623,16.88051075,301258.61821250524,258555.82842112842,YES,YES,YES,YES,YES,NONE
50km_-7_10,20,28,18.05417275,25.354567000000003,401678.15761667356,384882.5521179433,YES,YES,YES,YES,YES,NONE
50km_-7_11,13,21,11.431254,14.94962175,261090.80245083792,280849.7056868618,YES,YES,YES,YES,YES,NONE
50km_-7_12,18,28,15.72705775,22.63648125,371740.8640610193,392588.37258629303,YES,YES,YES,YES,YES,NONE
50km_-7_13,14,18,11.11323075,14.09430275,313035.18922844273,245327.2850060932,YES,YES,YES,YES,YES,NONE
50km_-7_14,24,35,20.74241375,31.41418875,548407.399139105,467539.4201528633,YES,YES,YES,YES,YES,NONE
50km_-7_15,22,34,16.6372045,27.73989025,490864.958795631,453562.2997887577,YES,YES,YES,YES,YES,NONE
50km_-7_16,26,34,23.234142499999997,30.024337000000003,540939.1304239247,449320.55954262544,YES,YES,YES,YES,YES,NONE
50km_-7_17,21,34,19.122545000000002,27.625907,421820.09688143316,445081.92458912585,YES,YES,YES,YES,YES,NONE
50km_-7_18,19,38,16.39053,29.399307249999996,388958.5410290947,496067.82096384204,YES,YES,YES,YES,YES,NONE
50km_-7_19,16,25,12.458416750000001,22.3406255,325448.8442076463,327681.994007589,YES,YES,YES,YES,YES,NONE
50km_-7_20,13,30,10.9184705,25.4429635,266396.25862082775,391703.764010194,YES,YES,YES,YES,YES,NONE
50km_-7_21,20,29,16.1759685,26.16967925,343065.25241381564,344812.16386517364,YES,YES,YES,YES,YES,NONE
50km_-7_22,13,17,12.494652,15.687122749999999,224690.2761467357,203095.61897603425,YES,YES,YES,YES,YES,NONE
50km_-7_23,12,21,11.2402935,19.29452075,218145.52558471877,252318.2040893527,YES,YES,YES,YES,YES,NONE
50km_-7_24,9,14,8.0625,11.43739475,160518.88586197383,155198.01818102112,YES,YES,YES,YES,YES,NONE
50km_-7_25,9,6,7.6776979999999995,5.52499775,145049.01651508806,63704.22687075232,YES,YES,YES,YES,YES,NONE
50km_-7_26,13,19,10.80542575,12.095519249999999,204926.9620457699,195058.43181332294,YES,YES,YES,YES,YES,NONE
50km_-7_27,3,4,2.12521775,2.625,51450.599445153064,44923.97535319425,YES,YES,YES,YES,YES,NONE
50km_-7_28,0,11,0.0,4.18112725,0.0,115406.37747426218,NO,YES,YES,NO,NO,A_ONLY_ZERO
50km_-7_29,0,5,0.0,3.806899,0.0,45871.29052278638,NO,YES,YES,NO,NO,A_ONLY_ZERO
50km_-7_30,1,0,0.0625,0.0,15818.942867978323,0.0,YES,NO,NO,YES,NO,B_ONLY_ZERO
50km_-7_31,2,0,1.125,0.0,29735.947801676688,0.0,YES,NO,NO,YES,NO,B_ONLY_ZERO
50km_-7_32,1,0,0.5625,0.0,19236.90080003574,0.0,YES,NO,NO,YES,NO,B_ONLY_ZERO
50km_-7_35,0,1,0.0,0.0625,0.0,8673.2875,NO,YES,YES,NO,NO,A_ONLY_ZERO
50km_-7_36,1,1,0.25,0.4205295,19236.90080003574,9934.30688569529,YES,YES,YES,YES,YES,NONE
50km_-7_37,1,3,0.0625,0.583808,14867.973900838344,29802.920657085873,YES,YES,YES,YES,YES,NONE
50km_-7_38,2,2,0.8125,1.5625,31163.732730347474,25075.95055030435,YES,YES,YES,YES,YES,NONE
50km_-7_39,2,0,0.7603575,0.0,34202.99409137856,0.0,YES,NO,NO,YES,NO,B_ONLY_ZERO
50km_-7_40,1,2,0.5625,0.5,19336.314796065137,22751.04326149504,YES,YES,YES,YES,YES,NONE
50km_-7_41,2,3,1.0625,1.58805,39039.09948649444,34488.46126523777,YES,YES,YES,YES,YES,NONE
50km_-7_43,2,2,1.6356955,0.3125,33900.10461918035,19889.838242046084,YES,YES,YES,YES,YES,NONE
50km_-7_44,5,4,2.3884600000000002,1.6170175,80305.11667124295,42091.326355869525,YES,YES,YES,YES,YES,NONE
50km_-7_45,0,3,0.0,1.1527865,0.0,32809.373968460626,NO,YES,YES,NO,NO,A_ONLY_ZERO
50km_-7_46,1,0,0.0625,0.0,14836.759512991272,0.0,YES,NO,NO,YES,NO,B_ONLY_ZERO
50km_-7_47,0,1,0.0,0.0625,0.0,10971.798734177217,NO,YES,YES,NO,NO,A_ONLY_ZERO
50km_-7_48,1,0,0.0625,0.0,14836.759512991272,0.0,YES,NO,NO,YES,NO,B_ONLY_ZERO
50km_-7_50,0,1,0.0,0.52965,0.0,10971.798734177217,NO,YES,YES,NO,NO,A_ONLY_ZERO
50km_-7_51,1,0,0.5625,0.0,14803.181708120255,0.0,YES,NO,NO,YES,NO,B_ONLY_ZERO
50km_-7_54,1,1,0.5625,0.19097,19652.84352640236,11960.151921726954,YES,YES,YES,YES,YES,NONE
50km_-7_56,1,7,0.960907,3.3285265,11960.151921726954,75324.27414862033,YES,YES,YES,YES,YES,NONE
50km_-7_57,6,5,0.92864625,2.456034,94796.5356682815,54410.66981240825,YES,YES,YES,YES,YES,NONE
50km_-6_7,9,14,7.20051175,12.726122499999999,174842.62877648103,174047.40783961397,YES,YES,YES,YES,YES,NONE
50km_-6_8,15,21,14.5625,19.592414499999997,301258.61821250524,285772.23141282616,YES,YES,YES,YES,YES,NONE
50km_-6_9,9,21,7.635289,18.15051575,179160.608831472,293478.051881176,YES,YES,YES,YES,YES,NONE
50km_-6_10,16,23,14.98370125,21.3354855,352034.0927113782,316841.54463869886,YES,YES,YES,YES,YES,NONE
50km_-6_11,10,15,10.0,13.4647675,200839.07880833684,211828.84290608275,YES,YES,YES,YES,YES,NONE
50km_-6_12,17,18,12.9911825,11.819166749999999,372118.00059221184,253018.19854219968,YES,YES,YES,YES,YES,NONE
50km_-6_13,10,20,8.85750925,12.42109825,209450.2863221973,276519.42230856384,YES,YES,YES,YES,YES,NONE
50km_-6_14,19,21,14.965063500000001,15.04494525,417449.87045141676,278158.82330837776,YES,YES,YES,YES,YES,NONE
50km_-6_15,21,41,18.702993,32.111881249999996,476623.25418523897,538939.2078839777,YES,YES,YES,YES,YES,NONE
50km_-6_16,19,31,17.79210625,26.902272500000002,400332.4314634472,408414.2870233014,YES,YES,YES,YES,YES,NONE
50km_-6_17,22,35,18.5296935,32.35178675,446781.2926333667,459047.3367457256,YES,YES,YES,YES,YES,NONE
50km_-6_18,21,28,17.716071,25.76905,438880.93253296183,365677.62867604196,YES,YES,YES,YES,YES,NONE
50km_-6_19,14,30,10.829347,20.33423375,309648.1240068366,394096.0282144097,YES,YES,YES,YES,YES,NONE
50km_-6_20,18,22,17.0625,18.799940749999998,369684.29049433727,290342.95114038105,YES,YES,YES,YES,YES,NONE
50km_-6_21,19,30,17.05033775,26.212903249999997,366554.79894392774,387406.810826931,YES,YES,YES,YES,YES,NONE
50km_-6_22,14,30,11.973925750000001,25.63755775,237165.5441987094,351260.2545104137,YES,YES,YES,YES,YES,NONE
50km_-6_23,16,24,12.152190749999999,22.705230249999996,264268.6019528602,275814.33386208955,YES,YES,YES,YES,YES,NONE
50km_-6_24,20,18,15.890782249999999,14.0247405,338760.4882617287,202733.80280046412,YES,YES,YES,YES,YES,NONE
50km_-6_25,6,5,3.520711,2.61161275,92397.82806378622,52249.33572853556,YES,YES,YES,YES,YES,NONE
50km_-6_26,4,9,3.125,6.704777,67228.29871511899,93782.41714485628,YES,YES,YES,YES,YES,NONE
50km_-6_27,5,3,2.875,1.1875,80188.98320434522,34966.819811169924,YES,YES,YES,YES,YES,NONE
50km_-6_28,8,9,3.77230125,3.55739275,129058.67288173479,92101.99064273067,YES,YES,YES,YES,YES,NONE
50km_-6_29,6,13,3.70889275,8.26636775,90968.64565883527,142893.51509536145,YES,YES,YES,YES,YES,NONE
50km_-6_30,4,7,3.125,5.125,60382.98946949253,71859.03666313503,YES,YES,YES,YES,YES,NONE
50km_-6_31,1,1,0.0625,0.0625,14867.973900838344,9934.30688569529,YES,YES,YES,YES,YES,NONE
50km_-6_32,1,2,1.0,1.09097675,14867.973900838344,15484.28137590922,YES,YES,YES,YES,YES,NONE
50km_-6_33,1,1,1.0,0.5625,13429.121935868909,12678.866436387192,YES,YES,YES,YES,YES,NONE
50km_-6_34,1,1,0.2228935,1.0,19236.90080003574,9934.30688569529,YES,YES,YES,YES,YES,NONE
50km_-6_35,1,0,0.0625,0.0,19236.90080003574,0.0,YES,NO,NO,YES,NO,B_ONLY_ZERO
50km_-6_36,1,3,1.0,2.0625,19236.90080003574,28163.14781229641,YES,YES,YES,YES,YES,NONE
50km_-6_37,3,3,0.72222675,2.0810035,53905.76470087408,36580.642247251286,YES,YES,YES,YES,YES,NONE
50km_-6_38,2,1,1.5625,0.5625,36097.943435034045,7615.726923076922,YES,YES,YES,YES,YES,NONE
50km_-6_39,3,2,2.0625,0.544159,53905.778781807865,22217.33841388874,YES,YES,YES,YES,YES,NONE
50km_-6_40,1,1,1.0,0.05366625,16297.053435034048,12804.827698955323,YES,YES,YES,YES,YES,NONE
50km_-6_41,1,8,1.0,4.23828375,14866.679295313425,82424.4473121833,YES,YES,YES,YES,YES,NONE
50km_-6_42,2,1,0.13016424999999998,0.53252325,27144.936825090437,12914.32556921156,YES,YES,YES,YES,YES,NONE
50km_-6_44,5,5,3.3634639999999996,4.10898975,80626.8925933506,56507.98160542154,YES,YES,YES,YES,YES,NONE
50km_-6_45,2,3,1.2255625,2.0625,36730.350957333925,31776.942515751536,YES,YES,YES,YES,YES,NONE
50km_-6_46,0,2,0.0,1.51505425,0.0,22854.44059567444,NO,YES,YES,NO,NO,A_ONLY_ZERO
50km_-6_50,0,1,0.0,0.2418145,0.0,9954.933372786183,NO,YES,YES,NO,NO,A_ONLY_ZERO
50km_-6_55,0,1,0.0,0.5625,0.0,9863.970237531925,NO,YES,YES,NO,NO,A_ONLY_ZERO
50km_-6_57,5,7,2.722947,5.48759075,70968.70646475676,78873.67831515755,YES,YES,YES,YES,YES,NONE
50km_-5_6,3,0,2.0431725,0.0,54339.181491478914,0.0,YES,NO,NO,YES,NO,B_ONLY_ZERO
50km_-5_7,6,7,5.25,6.41993475,114590.90513397995,90334.88474497771,YES,YES,YES,YES,YES,NONE
50km_-5_8,12,21,10.00271375,20.93768,251237.41677601731,285772.23141282616,YES,YES,YES,YES,YES,NONE
50km_-5_9,11,15,10.208995999999999,12.5196135,220922.98668917053,211828.84290608275,YES,YES,YES,YES,YES,NONE
50km_-5_10,11,14,9.217745749999999,11.77178375,261845.07551322292,213632.28234693344,YES,YES,YES,YES,YES,NONE
50km_-5_11,12,21,9.660977,16.83357125,271698.46118804347,305036.78258370067,YES,YES,YES,YES,YES,NONE
50km_-5_12,13,16,9.53503675,12.97028425,296100.34912386816,228220.33914431697,YES,YES,YES,YES,YES,NONE
50km_-5_13,7,19,5.2634205,12.06081175,195917.817515286,280403.527214505,YES,YES,YES,YES,YES,NONE
50km_-5_14,4,17,3.440277,10.833680249999999,85833.93095568358,224258.32889411214,YES,YES,YES,YES,YES,NONE
50km_-5_15,22,30,15.5650365,25.014136750000002,493338.3034729753,394265.0447904864,YES,YES,YES,YES,YES,NONE
50km_-5_16,14,37,11.3072385,32.22804,313268.77435605635,487803.7694362468,YES,YES,YES,YES,YES,NONE
50km_-5_17,20,27,15.95140075,22.53051025,414981.18588322686,356269.4101220335,YES,YES,YES,YES,YES,NONE
50km_-5_18,13,25,10.961678,21.72011725,277966.83560374856,329801.31148433883,YES,YES,YES,YES,YES,NONE
50km_-5_19,13,14,9.33819375,12.366151499999999,256252.20216902188,183813.96478835755,YES,YES,YES,YES,YES,NONE
50km_-5_20,18,21,15.65100375,16.12977875,398119.01658021857,279621.5489838826,YES,YES,YES,YES,YES,NONE
50km_-5_21,21,35,17.30733775,30.171647,437847.7850989835,467524.60665272473,YES,YES,YES,YES,YES,NONE
50km_-5_22,20,28,16.218603,24.306730249999998,389153.60849110235,347108.43932433234,YES,YES,YES,YES,YES,NONE
50km_-5_23,16,26,11.7850055,20.3666905,269697.4786555492,308086.18344957766,YES,YES,YES,YES,YES,NONE
50km_-5_24,7,12,4.381756,8.09639825,114255.53355736658,126081.08142619897,YES,YES,YES,YES,YES,NONE
50km_-5_25,4,6,3.125,4.8125,63446.79994120673,56189.81035352782,YES,YES,YES,YES,YES,NONE
50km_-5_26,5,9,3.3125,4.3834165,83578.10585940417,89458.17910299875,YES,YES,YES,YES,YES,NONE
50km_-5_27,7,10,3.8140505,6.8590307500000005,116097.98839250856,95097.10478969001,YES,YES,YES,YES,YES,NONE
50km_-5_28,4,14,3.05413925,5.507744000000001,64647.388947355495,138310.61270813635,YES,YES,YES,YES,YES,NONE
50km_-5_29,4,12,3.25,8.5294955,60632.01590655272,134160.71090874737,YES,YES,YES,YES,YES,NONE
50km_-5_30,4,1,1.36050775,0.61440675,61974.51548823921,13065.918195873815,YES,YES,YES,YES,YES,NONE
50km_-5_31,2,4,1.25,2.25027975,29735.947801676688,43973.62555886213,YES,YES,YES,YES,YES,NONE
50km_-5_32,0,3,0.0,1.2947042500000001,0.0,35292.03975846968,NO,YES,YES,NO,NO,A_ONLY_ZERO
50km_-5_33,2,2,1.515687,0.63084825,34104.87470087408,22613.173322082483,YES,YES,YES,YES,YES,NONE
50km_-5_34,2,2,1.125,1.0625,34104.87470087408,22613.173322082483,YES,YES,YES,YES,YES,NONE
50km_-5_35,1,2,0.25,0.786637,14867.973900838344,25357.732872774384,YES,YES,YES,YES,YES,NONE
50km_-5_36,0,3,0.0,1.12587175,0.0,35292.03975846968,NO,YES,YES,NO,NO,A_ONLY_ZERO
50km_-5_37,2,4,1.41706675,3.223922,38573.215596100876,37930.10012486302,YES,YES,YES,YES,YES,NONE
50km_-5_38,2,5,0.69611275,1.363814,34202.99409137856,53332.67891344508,YES,YES,YES,YES,YES,NONE
50km_-5_40,5,0,2.25,0.0,83272.66747807055,0.0,YES,NO,NO,YES,NO,B_ONLY_ZERO
50km_-5_41,0,3,0.0,1.61249,0.0,32146.407234846483,NO,YES,YES,NO,NO,A_ONLY_ZERO
50km_-5_42,0,2,0.0,0.96769675,0.0,19889.838242046084,NO,YES,YES,NO,NO,A_ONLY_ZERO
50km_-5_43,2,1,1.25,0.07881025,32163.205527995917,9944.919121023042,YES,YES,YES,YES,YES,NONE
50km_-5_44,2,13,1.125,7.8465125,35315.227788257136,144835.643296738,YES,YES,YES,YES,YES,NONE
50km_-5_45,1,1,0.5625,0.5625,18365.175478666963,11427.22029783722,YES,YES,YES,YES,YES,NONE
50km_-5_46,1,1,0.5625,0.040006,14836.759512991272,9954.933372786183,YES,YES,YES,YES,YES,NONE
50km_-5_47,1,0,0.0625,0.0,18365.175478666963,0.0,YES,NO,NO,YES,NO,B_ONLY_ZERO
50km_-5_48,1,0,0.0625,0.0,14836.759512991272,0.0,YES,NO,NO,YES,NO,B_ONLY_ZERO
50km_-5_49,1,0,0.272397,0.0,14836.759512991272,0.0,YES,NO,NO,YES,NO,B_ONLY_ZERO
50km_-5_52,1,0,0.260341,0.0,19652.84352640236,0.0,YES,NO,NO,YES,NO,B_ONLY_ZERO
50km_-5_54,1,0,0.2739195,0.0,14803.181708120255,0.0,YES,NO,NO,YES,NO,B_ONLY_ZERO
50km_-5_55,4,2,3.25,1.4373132499999999,60386.56900882174,20587.540657517617,YES,YES,YES,YES,YES,NONE
50km_-4_6,0,2,0.0,1.207864,0.0,22293.87726573337,NO,YES,YES,NO,NO,A_ONLY_ZERO
50km_-4_7,1,5,0.627657,4.5625,20083.90788083368,70824.30222162972,YES,YES,YES,YES,YES,NONE
50km_-4_8,4,7,4.0,6.5625,90566.15372934782,95257.41047094208,YES,YES,YES,YES,YES,NONE
50km_-4_9,6,11,5.2384145,10.1405095,120503.44728500208,165101.85739103705,YES,YES,YES,YES,YES,NONE
50km_-4_10,2,6,0.5,4.625,40167.81576166736,93207.93967761783,YES,YES,YES,YES,YES,NONE
50km_-4_11,10,14,6.733733249999999,10.486028750000001,221300.12322036302,206291.21302715398,YES,YES,YES,YES,YES,NONE
50km_-4_12,11,14,6.85872425,11.748251,246404.4030009011,202717.1660339188,YES,YES,YES,YES,YES,NONE
50km_-4_13,8,16,7.2495755,10.60994725,156236.4109245715,222592.49970583714,YES,YES,YES,YES,YES,NONE
50km_-4_14,7,18,6.4595780000000005,11.879665500000002,132580.83246153747,227893.73712126483,YES,YES,YES,YES,YES,NONE
50km_-4_15,13,15,10.205781,12.490392,285117.4229760424,198172.06185123615,YES,YES,YES,YES,YES,NONE
50km_-4_16,10,21,7.060498,13.54250475,242891.8648681814,281760.3409636942,YES,YES,YES,YES,YES,NONE
50km_-4_17,9,20,6.73167925,17.77511875,190529.0904643449,258261.54010326878,YES,YES,YES,YES,YES,NONE
50km_-4_18,13,19,10.099510500000001,17.333498749999997,253188.83903146817,250453.10437506658,YES,YES,YES,YES,YES,NONE
50km_-4_19,13,24,11.754399249999999,21.655373,278999.9830377268,322362.86833406537,YES,YES,YES,YES,YES,NONE
50km_-4_20,10,21,7.1069024999999995,17.31629925,227518.57594344177,279133.9737587143,YES,YES,YES,YES,YES,NONE
50km_-4_21,10,18,7.166364,13.894222749999999,201181.1479202016,223603.39979613735,YES,YES,YES,YES,YES,NONE
50km_-4_22,17,23,12.039920500000001,17.78868425,303372.1748357283,286209.85262821725,YES,YES,YES,YES,YES,NONE
50km_-4_23,15,24,11.18240425,20.728172,276819.5843081595,302557.1666935359,YES,YES,YES,YES,YES,NONE
50km_-4_24,6,19,5.07700475,15.13084525,97895.17162730686,209371.2091108737,YES,YES,YES,YES,YES,NONE
50km_-4_25,12,15,7.58739475,6.882341500000001,204029.7009001443,154320.49828633945,YES,YES,YES,YES,YES,NONE
50km_-4_26,7,25,4.05638575,11.62358925,112316.4896185963,237837.96078787948,YES,YES,YES,YES,YES,NONE
50km_-4_27,4,7,1.90495275,4.684268,66599.81758328948,70477.21212393414,YES,YES,YES,YES,YES,NONE
50km_-4_28,5,0,2.182471,0.0,79616.87533002596,0.0,YES,NO,NO,YES,NO,B_ONLY_ZERO
50km_-4_29,3,3,2.06032925,2.5625,45770.36551124136,32943.02719147498,YES,YES,YES,YES,YES,NONE
50km_-4_30,3,2,2.172127,2.0,45359.80961088755,20296.00217023634,YES,YES,YES,YES,YES,NONE
50km_-4_31,1,3,0.056151,1.125,14867.973900838344,32547.48020777777,YES,YES,YES,YES,YES,NONE
50km_-4_32,5,5,1.87604175,3.12680575,81638.87133761708,56265.440235762704,YES,YES,YES,YES,YES,NONE
50km_-4_33,4,2,3.2381979999999997,1.64793025,62401.970537581336,25357.732872774384,YES,YES,YES,YES,YES,NONE
50km_-4_34,2,4,1.1888885,1.67618175,29736.4667579812,38476.20815708587,YES,YES,YES,YES,YES,NONE
50km_-4_35,2,3,0.8125,0.7491847500000001,32666.022735904648,41413.944032298954,YES,YES,YES,YES,YES,NONE
50km_-4_36,4,3,1.69469,1.2976450000000002,76464.91667882918,34285.052086125695,YES,YES,YES,YES,YES,NONE
50km_-4_37,2,3,0.8125,2.125,46728.96887715248,29900.719690644328,YES,YES,YES,YES,YES,NONE
50km_-4_38,0,1,0.0,1.0,0.0,11222.909374476902,NO,YES,YES,NO,NO,A_ONLY_ZERO
50km_-4_40,4,7,2.0246255,5.982648500000001,68405.98818275712,70320.47947598479,YES,YES,YES,YES,YES,NONE
50km_-4_41,2,2,1.5625,1.0625,38672.62959213027,21169.12493701662,YES,YES,YES,YES,YES,NONE
50km_-4_42,0,3,0.0,1.5,0.0,28421.253899987016,NO,YES,YES,NO,NO,A_ONLY_ZERO
50km_-4_43,6,6,5.2196085,4.03784525,90251.66274666136,68062.37701631695,YES,YES,YES,YES,YES,NONE
50km_-4_44,2,3,1.0625,2.25,31786.811822581447,29336.55943951526,YES,YES,YES,YES,YES,NONE
50km_-4_46,3,3,1.1875,1.09564525,48429.36599345675,29864.80011835855,YES,YES,YES,YES,YES,NONE
50km_-4_48,1,0,0.04235175,0.0,14836.759512991272,0.0,YES,NO,NO,YES,NO,B_ONLY_ZERO
50km_-4_50,1,0,1.0,0.0,14836.759512991272,0.0,YES,NO,NO,YES,NO,B_ONLY_ZERO
50km_-4_52,1,1,0.5201865,0.25,14803.181708120255,9863.970237531925,YES,YES,YES,YES,YES,NONE
50km_-4_53,1,1,0.060754,1.0,14803.181708120255,10723.570419985694,YES,YES,YES,YES,YES,NONE
50km_-4_55,0,1,0.0,0.9562,0.0,13235.588497373015,NO,YES,YES,NO,NO,A_ONLY_ZERO
50km_-4_57,2,3,2.0,3.0,28773.573560692425,38683.253709168275,YES,YES,YES,YES,YES,NONE
50km_-3_6,2,4,2.0,3.1056215,44485.795816658334,49510.2802574311,YES,YES,YES,YES,YES,NONE
50km_-3_7,1,3,1.0,1.625,20083.90788083368,40824.6044875466,YES,YES,YES,YES,YES,NONE
50km_-3_10,0,2,0.0,1.5625,0.0,27216.402991697734,NO,YES,YES,NO,NO,A_ONLY_ZERO
50km_-3_11,12,16,9.8134395,13.4506675,242491.67776132972,252171.80301004564,YES,YES,YES,YES,YES,NONE
50km_-3_12,13,20,9.87124225,15.831800000000001,278743.5179015226,273078.69712075,YES,YES,YES,YES,YES,NONE
50km_-3_13,13,16,9.10698,10.88160025,261325.25581602263,201280.46256184755,YES,YES,YES,YES,YES,NONE
50km_-3_14,15,23,10.654844,17.150101250000002,291126.4894570695,289237.1107586345,YES,YES,YES,YES,YES,NONE
50km_-3_15,16,18,13.228243,14.74469425,304359.8978126499,229713.41365948354,YES,YES,YES,YES,YES,NONE
50km_-3_16,6,8,2.25975,5.018559,99828.14299723646,106705.16723176946,YES,YES,YES,YES,YES,NONE
50km_-3_17,4,8,3.56045625,6.7710175,84368.90288649271,108119.24824629622,YES,YES,YES,YES,YES,NONE
50km_-3_18,9,7,6.0478445,3.9210117500000004,209912.66832149585,95339.48347341859,YES,YES,YES,YES,YES,NONE
50km_-3_19,11,25,6.9721905,17.657041500000002,200279.32866190324,320332.2747911249,YES,YES,YES,YES,YES,NONE
50km_-3_20,9,10,6.731325999999999,7.65014225,180223.78325973713,131122.4814876025,YES,YES,YES,YES,YES,NONE
50km_-3_21,6,11,2.2269625,7.520264000000001,114657.02791545397,138453.6871935575,YES,YES,YES,YES,YES,NONE
50km_-3_22,10,9,6.890227499999999,4.1555795,188552.88299252343,111550.88672294811,YES,YES,YES,YES,YES,NONE
50km_-3_23,11,15,8.074746,12.045412749999999,207708.33378487654,186323.05059106386,YES,YES,YES,YES,YES,NONE
50km_-3_24,19,20,12.41656125,15.092936,296096.4409414771,211929.1057212694,YES,YES,YES,YES,YES,NONE
50km_-3_25,20,27,12.317435249999999,15.943756500000001,311345.55745843233,285372.01380525914,YES,YES,YES,YES,YES,NONE
50km_-3_26,12,23,7.125,14.29653225,190855.91560380498,241227.33445001417,YES,YES,YES,YES,YES,NONE
50km_-3_27,12,24,5.96331275,15.75281075,186833.38728493277,251290.98145804775,YES,YES,YES,YES,YES,NONE
50km_-3_28,13,20,8.801453249999998,13.63462475,192851.42331073113,212195.46326330298,YES,YES,YES,YES,YES,NONE
50km_-3_29,4,4,1.7994315,2.625,58837.510673466924,39870.384882672064,YES,YES,YES,YES,YES,NONE
50km_-3_30,2,2,1.5250585,1.0625,30336.629752282563,20296.00217023634,YES,YES,YES,YES,YES,NONE
50km_-3_31,1,0,0.25,0.0,14867.973900838344,0.0,YES,NO,NO,YES,NO,B_ONLY_ZERO
50km_-3_32,2,2,1.05155,0.27544250000000003,34104.87470087408,22613.173322082483,YES,YES,YES,YES,YES,NONE
50km_-3_33,0,3,0.0,1.960939,0.0,43039.760494019225,NO,YES,YES,NO,NO,A_ONLY_ZERO
50km_-3_34,2,5,1.04773625,1.956572,38473.80160007148,54226.03190574318,YES,YES,YES,YES,YES,NONE
50km_-3_35,3,4,0.7218815000000001,2.2033317500000003,43551.03083683718,38217.608034833844,YES,YES,YES,YES,YES,NONE
50km_-3_36,3,6,0.34853275,3.12598425,45227.49715595205,57873.35711860636,YES,YES,YES,YES,YES,NONE
50km_-3_37,3,6,2.999574,2.613796,50787.889235199706,60441.983300858155,YES,YES,YES,YES,YES,NONE
50km_-3_38,0,4,0.0,2.625,0.0,41061.556062096046,NO,YES,YES,NO,NO,A_ONLY_ZERO
50km_-3_39,0,2,0.0,1.45823,0.0,24027.737073432225,NO,YES,YES,NO,NO,A_ONLY_ZERO
50km_-3_40,1,1,0.06393,0.5946135,19336.314796065137,7041.584999999999,YES,YES,YES,YES,YES,NONE
50km_-3_42,5,2,4.0625,1.88471,79703.77107899968,20420.554622032243,YES,YES,YES,YES,YES,NONE
50km_-3_44,1,0,1.0,0.0,19906.636535195517,0.0,YES,NO,NO,YES,NO,B_ONLY_ZERO
50km_-3_45,0,1,0.0,1.0,0.0,11427.22029783722,NO,YES,YES,NO,NO,A_ONLY_ZERO
50km_-3_46,2,0,0.125,0.0,29673.519025982543,0.0,YES,NO,NO,YES,NO,B_ONLY_ZERO
50km_-3_48,1,0,0.270954,0.0,18755.8469674742,0.0,YES,NO,NO,YES,NO,B_ONLY_ZERO
50km_-3_49,1,0,0.5625,0.0,29068.859219614995,0.0,YES,NO,NO,YES,NO,B_ONLY_ZERO
50km_-3_50,0,1,0.0,1.0,0.0,12458.08252269214,NO,YES,YES,NO,NO,A_ONLY_ZERO
50km_-3_51,1,1,0.0625,1.0,14836.759512991272,11498.174947556769,YES,YES,YES,YES,YES,NONE
50km_-3_52,0,4,0.0,3.0625,0.0,44546.69957487632,NO,YES,YES,NO,NO,A_ONLY_ZERO
50km_-3_53,0,1,0.0,0.0625,0.0,9863.970237531925,NO,YES,YES,NO,NO,A_ONLY_ZERO
50km_-3_55,3,1,1.125,0.04207675,43393.81109907926,9863.970237531925,YES,YES,YES,YES,YES,NONE
50km_-3_56,2,1,1.52662075,1.0,28590.629390959006,10723.570419985694,YES,YES,YES,YES,YES,NONE
50km_-3_57,5,8,4.0625,5.28563625,69324.35487337838,95732.80986506694,YES,YES,YES,YES,YES,NONE
50km_-2_11,4,4,2.3435845,3.6039825,86111.97566107089,61069.01095995573,YES,YES,YES,YES,YES,NONE
50km_-2_12,5,10,2.896719,5.7119985,141341.6282282208,155711.3172779334,YES,YES,YES,YES,YES,NONE
50km_-2_13,12,19,9.063498,14.37140925,234465.48612252204,264373.77466431045,YES,YES,YES,YES,YES,NONE
50km_-2_14,11,14,8.121839,8.800997500000001,224112.2009034475,183414.84442771506,YES,YES,YES,YES,YES,NONE
50km_-2_15,11,18,10.072953,12.55948,225531.17091767702,232113.23461130122,YES,YES,YES,YES,YES,NONE
50km_-2_16,13,22,9.19053575,14.295318000000002,256234.63717880676,286176.5806739287,YES,YES,YES,YES,YES,NONE
50km_-2_17,10,18,5.0339665,14.99042225,195200.2125853156,235657.40958685958,YES,YES,YES,YES,YES,NONE
50km_-2_18,6,13,4.8904715,10.06653925,107079.22112786814,162004.08249907003,YES,YES,YES,YES,YES,NONE
50km_-2_19,12,10,9.9220075,6.46749525,222211.22450882368,129508.0175409553,YES,YES,YES,YES,YES,NONE
50km_-2_20,8,9,4.663124,4.2556825,148839.39518660196,113165.35066959528,YES,YES,YES,YES,YES,NONE
50km_-2_21,8,4,4.91616125,2.7291404999999997,156375.44004554278,53386.643197904705,YES,YES,YES,YES,YES,NONE
50km_-2_22,6,10,5.197816,6.491453,111773.83867194704,128884.12319105021,YES,YES,YES,YES,YES,NONE
50km_-2_23,12,19,9.242078,14.126101,242725.86266370845,241683.255058013,YES,YES,YES,YES,YES,NONE
50km_-2_24,18,35,13.357215749999998,25.38899325,287526.17200664873,366764.50884676835,YES,YES,YES,YES,YES,NONE
50km_-2_25,22,24,14.448894999999998,15.724019750000002,346553.821741654,253205.75466680748,YES,YES,YES,YES,YES,NONE
50km_-2_26,23,29,16.08685075,19.25773875,344604.1365074755,302415.94238961657,YES,YES,YES,YES,YES,NONE
50km_-2_27,17,25,11.60240275,16.9261685,257432.58141872584,264507.77778557624,YES,YES,YES,YES,YES,NONE
50km_-2_28,19,21,13.8936885,9.018356749999999,284882.0994470975,223851.07554770037,YES,YES,YES,YES,YES,NONE
50km_-2_29,9,16,6.24414275,12.490319000000001,144352.9524125706,169501.3823595657,YES,YES,YES,YES,YES,NONE
50km_-2_30,9,10,5.7341555,5.1044655,135945.07142233677,108065.98701186907,YES,YES,YES,YES,YES,NONE
50km_-2_31,3,6,2.5625,3.7704215000000003,42581.52087849466,65199.33106397829,YES,YES,YES,YES,YES,NONE
50km_-2_32,3,6,1.177144,2.18486825,52514.29122888179,64448.085388415966,YES,YES,YES,YES,YES,NONE
50km_-2_33,2,5,2.0,2.13204175,54569.06617932124,57213.04703159754,YES,YES,YES,YES,YES,NONE
50km_-2_34,1,0,0.5625,0.0,20000.733918068287,0.0,YES,NO,NO,YES,NO,B_ONLY_ZERO
50km_-2_35,5,6,3.3619165,2.75,92888.31723847991,64144.01318819704,YES,YES,YES,YES,YES,NONE
50km_-2_36,3,7,1.2792979999999998,4.26998075,45613.45825524363,78363.98880698446,YES,YES,YES,YES,YES,NONE
50km_-2_37,5,7,2.6882289999999998,4.02322475,82739.24119788219,74486.65205089095,YES,YES,YES,YES,YES,NONE
50km_-2_38,2,2,0.156769,0.125,39039.09948649444,19892.43112507943,YES,YES,YES,YES,YES,NONE
50km_-2_39,2,9,0.625,2.501093,34667.56929531343,98301.06058882887,YES,YES,YES,YES,YES,NONE
50km_-2_40,0,5,0.0,2.963214,0.0,56419.77138492574,NO,YES,YES,NO,NO,A_ONLY_ZERO
50km_-2_41,3,4,2.0625,0.8779025,45036.20178368625,42338.24987403324,YES,YES,YES,YES,YES,NONE
50km_-2_42,0,1,0.0,0.5625,0.0,9946.215562539715,NO,YES,YES,NO,NO,A_ONLY_ZERO
50km_-2_43,4,3,2.30275,2.0625,60329.61083089085,30555.766231000187,YES,YES,YES,YES,YES,NONE
50km_-2_44,1,0,0.04714925,0.0,14836.759512991272,0.0,YES,NO,NO,YES,NO,B_ONLY_ZERO
50km_-2_45,1,0,0.189583,0.0,29068.859219614995,0.0,YES,NO,NO,YES,NO,B_ONLY_ZERO
50km_-2_46,0,1,0.0,0.0625,0.0,9954.933372786183,NO,YES,YES,NO,NO,A_ONLY_ZERO
50km_-2_47,2,0,0.100287,0.0,30596.252240264,0.0,YES,NO,NO,YES,NO,B_ONLY_ZERO
50km_-2_48,0,1,0.0,0.2521925,0.0,11427.22029783722,NO,YES,YES,NO,NO,A_ONLY_ZERO
50km_-2_49,1,1,0.0892555,0.2211485,14836.759512991272,12458.08252269214,YES,YES,YES,YES,YES,NONE
50km_-2_50,2,2,1.0625,0.139289,43905.618732606265,14388.855029130395,YES,YES,YES,YES,YES,NONE
50km_-2_51,1,0,0.254539,0.0,14986.125877853674,0.0,YES,NO,NO,YES,NO,B_ONLY_ZERO
50km_-2_52,3,1,2.03224,0.0625,43538.2568227828,9863.970237531925,YES,YES,YES,YES,YES,NONE
50km_-2_53,2,1,0.4550105,0.29149,26556.690234331887,4433.9216563442105,YES,YES,YES,YES,YES,NONE
50km_-2_54,1,6,0.25,1.6843507500000001,7434.529394730858,54159.77975918158,YES,YES,YES,YES,YES,NONE
50km_-2_55,2,4,0.567895,1.8817955,24100.713718151594,20378.093364091408,YES,YES,YES,YES,YES,NONE
50km_-2_56,1,1,1.0,1.0,13787.44768283875,4433.9216563442105,YES,YES,YES,YES,YES,NONE
50km_-2_57,7,7,3.4453915,5.255806250000001,65185.17178960996,33909.499155008285,YES,YES,YES,YES,YES,NONE
50km_-1_12,2,3,0.44718650000000004,1.32596975,40167.81576166736,41189.35563611693,YES,YES,YES,YES,YES,NONE
50km_-1_13,1,3,0.07248425,2.0625,20083.90788083368,33848.286316337515,YES,YES,YES,YES,YES,NONE
50km_-1_14,2,10,1.895715,6.98224775,41652.59895299285,127585.36477536325,YES,YES,YES,YES,YES,NONE
50km_-1_15,4,17,3.50754175,11.531188499999999,79227.71708945607,216924.36713589233,YES,YES,YES,YES,YES,NONE
50km_-1_16,9,17,8.006082,11.6146625,170757.15082934295,220016.66331202973,YES,YES,YES,YES,YES,NONE
50km_-1_17,13,15,7.9486875,10.8194065,248737.92436394907,182068.43897165873,YES,YES,YES,YES,YES,NONE
50km_-1_18,15,25,9.83785375,16.90145575,298227.353148132,314133.69157918723,YES,YES,YES,YES,YES,NONE
50km_-1_19,17,24,13.56748425,17.612887999999998,324902.8255675491,313554.0550049697,YES,YES,YES,YES,YES,NONE
50km_-1_20,15,19,9.7063755,15.698023499999998,261575.33885893907,237706.30852889945,YES,YES,YES,YES,YES,NONE
50km_-1_21,5,14,0.94087875,9.0575155,84436.16173027694,175554.51278727158,YES,YES,YES,YES,YES,NONE
50km_-1_22,7,7,5.21665925,6.5625,145180.7338607835,89596.56910357508,YES,YES,YES,YES,YES,NONE
50km_-1_23,9,15,5.473282,10.332049750000001,155916.49996920212,190870.05498413,YES,YES,YES,YES,YES,NONE
50km_-1_24,10,20,3.835299,13.65316075,157086.27636869685,207481.7903859271,YES,YES,YES,YES,YES,NONE
50km_-1_25,22,31,17.8786875,23.224787999999997,338355.50362396054,320452.44199507,YES,YES,YES,YES,YES,NONE
50km_-1_26,25,45,20.00666325,30.25928025,371889.6515913122,469305.61884224106,YES,YES,YES,YES,YES,NONE
50km_-1_27,27,30,18.678998,20.9486965,404146.7301053002,311058.978372172,YES,YES,YES,YES,YES,NONE
50km_-1_28,24,34,18.3572615,26.494879249999997,382814.5398171004,357829.1654939783,YES,YES,YES,YES,YES,NONE
50km_-1_29,23,34,17.469362250000003,25.78758075,355047.4418802855,378063.4257034171,YES,YES,YES,YES,YES,NONE
50km_-1_30,8,19,4.968951000000001,16.2498785,130192.10710312652,195155.17052820776,YES,YES,YES,YES,YES,NONE
50km_-1_31,11,10,7.405971,8.583943,209377.94144748006,114377.82316557801,YES,YES,YES,YES,YES,NONE
50km_-1_32,3,13,2.0625,5.678807999999999,64507.49158653169,143715.30695576008,YES,YES,YES,YES,YES,NONE
50km_-1_33,0,5,0.0,1.67687275,0.0,54705.27987564728,NO,YES,YES,NO,NO,A_ONLY_ZERO
50km_-1_34,3,2,0.662374,0.13801175,49550.03741258934,20612.479538880856,YES,YES,YES,YES,YES,NONE
50km_-1_35,4,12,2.159558,9.2325615,74559.24554476421,118029.07075633215,YES,YES,YES,YES,YES,NONE
50km_-1_36,3,9,0.37203625,4.1147685,51079.15154166828,92082.07062837409,YES,YES,YES,YES,YES,NONE
50km_-1_37,1,3,0.5625,0.73166325,12953.362751457544,34488.94523105905,YES,YES,YES,YES,YES,NONE
50km_-1_38,3,3,1.5036545,1.102748,49069.67338669198,32163.553976428455,YES,YES,YES,YES,YES,NONE
50km_-1_39,5,4,1.45988075,2.13855325,81663.78025676007,46778.78033492726,YES,YES,YES,YES,YES,NONE
50km_-1_40,2,6,0.307137,4.0308495,31163.732730347474,61956.18223792349,YES,YES,YES,YES,YES,NONE
50km_-1_41,2,3,1.09102125,0.681126,25699.886987621117,31115.340499556332,YES,YES,YES,YES,YES,NONE
50km_-1_42,5,7,3.73671125,2.88648425,103667.75977320367,64988.22967995319,YES,YES,YES,YES,YES,NONE
50km_-1_43,2,6,1.0625,3.95848675,41763.45890206492,58047.49508041891,YES,YES,YES,YES,YES,NONE
50km_-1_44,1,0,1.0,0.0,18365.175478666963,0.0,YES,NO,NO,YES,NO,B_ONLY_ZERO
50km_-1_45,1,1,0.25,0.0625,15055.388888888889,11465.91485593679,YES,YES,YES,YES,YES,NONE
50km_-1_46,1,0,0.0625,0.0,18755.8469674742,0.0,YES,NO,NO,YES,NO,B_ONLY_ZERO
50km_-1_48,1,3,1.0,0.8185607500000001,9114.587840297922,19894.83262130015,YES,YES,YES,YES,YES,NONE
50km_-1_49,1,4,0.950078,1.95049625,6636.202662157672,27801.221776537615,YES,YES,YES,YES,YES,NONE
50km_-1_50,2,1,0.9896165,0.51293925,19188.037920942486,4524.683633289323,YES,YES,YES,YES,YES,NONE
50km_-1_51,3,2,1.868986,1.125,35692.60089374178,9923.248045770308,YES,YES,YES,YES,YES,NONE
50km_-1_52,7,6,4.055236,2.76290175,55829.29743303441,35431.78070024561,YES,YES,YES,YES,YES,NONE
50km_-1_53,4,8,0.98267375,4.1191805,35737.15515597127,40306.00872911337,YES,YES,YES,YES,YES,NONE
50km_-1_54,5,8,3.87395925,3.3857745,43101.275108940834,40954.047263266766,YES,YES,YES,YES,YES,NONE
50km_-1_55,8,12,7.381083,8.328293,79969.45817171042,62532.21058597206,YES,YES,YES,YES,YES,NONE
50km_-1_56,20,25,12.136406500000001,19.6250405,159223.35682606872,130082.19448474738,YES,YES,YES,YES,YES,NONE
50km_-1_57,21,18,11.906287500000001,9.721160000000001,165912.620104844,86994.22286812015,YES,YES,YES,YES,YES,NONE
50km_0_12,1,1,1.0,0.0625,20083.90788083368,8685.6757698845,YES,YES,YES,YES,YES,NONE
50km_0_13,10,20,6.87385525,14.382636749999998,309021.97835896665,271848.55467625003,YES,YES,YES,YES,YES,NONE
50km_0_14,2,7,1.279083,5.599236,61399.71340220647,87039.65587915858,YES,YES,YES,YES,YES,NONE
50km_0_15,6,20,3.61468025,15.221728499999998,113373.21167508182,230772.3977236187,YES,YES,YES,YES,YES,NONE
50km_0_16,26,48,23.97035,42.065259499999996,268914.0530147704,336824.66057297966,YES,YES,YES,YES,YES,NONE
50km_0_17,17,24,10.752899749999997,17.780369750000002,290522.2536282143,278500.28766423964,YES,YES,YES,YES,YES,NONE
50km_0_18,14,19,10.17929975,16.35759525,266351.6982983075,218945.02467328226,YES,YES,YES,YES,YES,NONE
50km_0_19,22,35,17.905754249999998,25.08577875,367111.04929118766,377431.536282269,YES,YES,YES,YES,YES,NONE
50km_0_20,8,27,5.892006,18.652011500000004,128689.80514423046,288124.0964419047,YES,YES,YES,YES,YES,NONE
50km_0_21,18,17,10.357656,12.613105000000001,293938.508544828,184932.04236419385,YES,YES,YES,YES,YES,NONE
50km_0_22,10,18,5.72494075,13.859735749999999,186965.13306606901,232317.3428376085,YES,YES,YES,YES,YES,NONE
50km_0_23,11,17,5.7167025,13.9715535,208950.35833504263,207792.4316042881,YES,YES,YES,YES,YES,NONE
50km_0_24,15,29,8.7101355,22.38387225,253175.80911958285,302071.83664169646,YES,YES,YES,YES,YES,NONE
50km_0_25,31,47,27.144435,43.473899,501463.7377225981,481378.3430766278,YES,YES,YES,YES,YES,NONE
50km_0_26,23,26,18.26354275,22.528727500000002,367892.59457656357,268491.6240798566,YES,YES,YES,YES,YES,NONE
50km_0_27,17,20,13.514634749999999,16.6152255,271687.99233012274,204810.8559771222,YES,YES,YES,YES,YES,NONE
50km_0_28,11,18,7.9832035,10.54216025,171190.52843070016,192640.1788947831,YES,YES,YES,YES,YES,NONE
50km_0_29,14,12,8.197263999999999,7.971014749999999,224207.26891377103,126134.83547418723,YES,YES,YES,YES,YES,NONE
50km_0_30,6,15,4.1875,8.1359985,87994.51952074977,155464.08880143016,YES,YES,YES,YES,YES,NONE
50km_0_31,7,11,5.499950500000001,4.660367999999999,122306.37355227009,123697.33008384956,YES,YES,YES,YES,YES,NONE
50km_0_32,7,10,3.3386050000000003,6.16625875,121403.18954409291,108107.1904632223,YES,YES,YES,YES,YES,NONE
50km_0_33,4,4,1.875,2.8301025,78989.29040047413,44962.47436287858,YES,YES,YES,YES,YES,NONE
50km_0_34,6,15,3.06712675,6.3933265,97152.50326478088,177994.15491138576,YES,YES,YES,YES,YES,NONE
50km_0_35,5,12,3.56705175,6.02753,85508.72953784166,121631.10990258204,YES,YES,YES,YES,YES,NONE
50km_0_36,8,5,3.1064207500000003,2.36775075,135287.48157401703,52266.69248800607,YES,YES,YES,YES,YES,NONE
50km_0_37,6,3,4.394882,2.0783804999999997,125516.20489852142,28537.63975268918,YES,YES,YES,YES,YES,NONE
50km_0_38,6,11,2.36646775,5.511038,126535.03001285437,117855.18211156473,YES,YES,YES,YES,YES,NONE
50km_0_39,3,10,1.6198295,7.6403845,56535.02204451969,93484.8961719446,YES,YES,YES,YES,YES,NONE
50km_0_40,2,8,2.0,5.33732775,35994.08938914689,91058.82913425913,YES,YES,YES,YES,YES,NONE
50km_0_41,7,5,4.35949575,2.727035,117790.5383845928,66402.30018461359,YES,YES,YES,YES,YES,NONE
50km_0_42,4,4,2.625,3.877632,60254.19039586373,39718.95469771937,YES,YES,YES,YES,YES,NONE
50km_0_43,4,1,1.0089652500000001,1.0,71070.50331426374,12169.395589173815,YES,YES,YES,YES,YES,NONE
50km_0_44,0,1,0.0,0.0625,0.0,12169.395589173815,NO,YES,YES,NO,NO,A_ONLY_ZERO
50km_0_46,2,0,0.8527065,0.0,14198.027466606978,0.0,YES,NO,NO,YES,NO,B_ONLY_ZERO
50km_0_47,1,0,0.23487,0.0,8162.446685542751,0.0,YES,NO,NO,YES,NO,B_ONLY_ZERO
50km_0_48,3,6,2.555291,3.7327624999999998,31669.46373796601,39668.82068271396,YES,YES,YES,YES,YES,NONE
50km_0_49,3,3,2.10392,1.314541,25151.217740574342,17545.937094008543,YES,YES,YES,YES,YES,NONE
50km_0_50,5,10,2.84652775,3.8081115,42835.05098235508,53529.21124027005,YES,YES,YES,YES,YES,NONE
50km_0_51,19,16,6.855653,7.484642,152931.9684289611,86507.99074107484,YES,YES,YES,YES,YES,NONE
50km_0_52,27,26,16.9276955,15.081435249999998,221164.41483860975,140379.69059526498,YES,YES,YES,YES,YES,NONE
50km_0_53,39,57,31.312607999999997,49.49474275,296067.66209223156,294756.47632211796,YES,YES,YES,YES,YES,NONE
50km_0_54,31,34,23.0633545,22.856329,256993.56237847838,176336.6722378516,YES,YES,YES,YES,YES,NONE
50km_0_55,17,25,11.111951500000002,16.058639250000002,141105.31803735677,128540.58638950488,YES,YES,YES,YES,YES,NONE
50km_0_56,27,50,20.0949435,36.333512750000004,213792.37156016563,252901.80323905245,YES,YES,YES,YES,YES,NONE
50km_0_57,13,27,11.125,23.175993,101343.11645513742,140771.01708357056,YES,YES,YES,YES,YES,NONE
50km_1_13,5,5,3.054063,3.625,120880.5838161946,63483.2329018503,YES,YES,YES,YES,YES,NONE
50km_1_14,6,2,4.07221,1.55893225,122007.8144778632,30293.331736819306,YES,YES,YES,YES,YES,NONE
50km_1_15,13,21,8.69080275,13.0899505,238699.5251174418,244153.23092523697,YES,YES,YES,YES,YES,NONE
50km_1_16,36,52,30.6911045,44.95211925,422174.83276947483,440153.4847813628,YES,YES,YES,YES,YES,NONE
50km_1_17,31,47,27.72703275,43.45372625,480656.62992770097,430486.05930271925,YES,YES,YES,YES,YES,NONE
50km_1_18,50,57,46.07861975,50.898715,425583.8275327886,477606.6888609653,YES,YES,YES,YES,YES,NONE
50km_1_19,26,36,22.402383999999998,33.3858485,422276.80344932404,390543.3704028263,YES,YES,YES,YES,YES,NONE
50km_1_20,16,23,11.43887075,16.86577625,257379.6102884609,246998.08941235935,YES,YES,YES,YES,YES,NONE
50km_1_21,23,34,17.152497,28.636869500000003,373834.7203052115,368066.9943439676,YES,YES,YES,YES,YES,NONE
50km_1_22,14,18,11.44456,15.7973155,237635.8152584096,210358.13560419204,YES,YES,YES,YES,YES,NONE
50km_1_23,21,20,17.40122925,15.962857999999999,355200.2002279889,220936.18844222173,YES,YES,YES,YES,YES,NONE
50km_1_24,31,43,28.7170905,38.2465115,475039.360915693,439503.97406101436,YES,YES,YES,YES,YES,NONE
50km_1_25,34,56,32.569908999999996,51.65151225,526859.8980604329,575896.2617419824,YES,YES,YES,YES,YES,NONE
50km_1_26,29,43,26.73134975,37.018249749999995,451949.82091196335,441470.53578660387,YES,YES,YES,YES,YES,NONE
50km_1_27,24,27,21.06934275,20.109733499999997,398752.46118980093,278224.83721545147,YES,YES,YES,YES,YES,NONE
50km_1_28,13,35,8.5323115,23.428116250000002,211167.50741235606,367816.73392451974,YES,YES,YES,YES,YES,NONE
50km_1_29,14,25,11.81564175,21.39779825,238442.25313359624,258808.14477018706,YES,YES,YES,YES,YES,NONE
50km_1_30,3,7,1.125,3.74138725,52211.293562630635,74071.66178742585,YES,YES,YES,YES,YES,NONE
50km_1_31,5,9,2.5049865000000002,4.558075,86149.20646841907,103572.89049439627,YES,YES,YES,YES,YES,NONE
50km_1_32,7,13,2.4813384999999997,6.3398575,134244.00739421626,147302.26686833784,YES,YES,YES,YES,YES,NONE
50km_1_33,8,10,6.524795,5.3183055,128642.69313533092,116134.34464596596,YES,YES,YES,YES,YES,NONE
50km_1_34,12,14,4.029522249999999,3.7639994999999997,202137.6047969582,146902.55532633257,YES,YES,YES,YES,YES,NONE
50km_1_35,14,20,9.381334249999998,10.5663425,292169.659649681,202611.92088832226,YES,YES,YES,YES,YES,NONE
50km_1_36,6,17,2.9375,13.007387500000002,105176.76092477827,174988.08358329476,YES,YES,YES,YES,YES,NONE
50km_1_37,6,14,4.08416425,8.065731499999998,97910.51975322906,147740.67256662739,YES,YES,YES,YES,YES,NONE
50km_1_38,4,2,1.288269,0.625,67249.92077210339,21534.835239210504,YES,YES,YES,YES,YES,NONE
50km_1_39,3,5,1.125,3.0123515,56014.30210449879,62176.85179031141,YES,YES,YES,YES,YES,NONE
50km_1_40,1,7,0.0625,4.270733,15009.65757154575,79826.77237464866,YES,YES,YES,YES,YES,NONE
50km_1_41,3,0,1.125,0.0,42149.36564644992,0.0,YES,NO,NO,YES,NO,B_ONLY_ZERO
50km_1_42,1,0,0.52986225,0.0,15055.388888888889,0.0,YES,NO,NO,YES,NO,B_ONLY_ZERO
50km_1_44,1,1,0.0625,1.0,36508.18676752145,11465.91485593679,YES,YES,YES,YES,YES,NONE
50km_1_45,2,1,1.0625,1.0,25210.252430283068,6773.208303240601,YES,YES,YES,YES,YES,NONE
50km_1_46,2,2,0.56564575,0.5569535,14529.978827843108,10772.728790767942,YES,YES,YES,YES,YES,NONE
50km_1_47,3,6,2.199931,3.3023834999999995,25023.922330855894,31835.978642981245,YES,YES,YES,YES,YES,NONE
50km_1_48,1,3,0.04423175,1.135708,7434.529394730858,14725.057864670376,YES,YES,YES,YES,YES,NONE
50km_1_49,6,13,2.883787,8.317292250000001,61964.506355057856,69990.16775544416,YES,YES,YES,YES,YES,NONE
50km_1_50,4,9,2.339788,4.49355975,30842.7362900937,49046.05930047411,YES,YES,YES,YES,YES,NONE
50km_1_51,20,37,13.9925735,23.024289,161746.98889220346,211735.9754227955,YES,YES,YES,YES,YES,NONE
50km_1_52,30,50,21.29885475,32.7022895,243423.09503587097,261075.7841825075,YES,YES,YES,YES,YES,NONE
50km_1_53,49,92,39.76635325,72.975608,388903.6764420831,472574.4710856775,YES,YES,YES,YES,YES,NONE
50km_1_54,52,65,42.20090149999999,49.31756400000001,412546.2044763235,337301.5925826091,YES,YES,YES,YES,YES,NONE
50km_1_55,41,58,34.790521250000005,54.27414099999999,338704.4974425846,308195.5151014232,YES,YES,YES,YES,YES,NONE
50km_1_56,58,88,53.49306,83.87385400000001,448916.00040489656,444016.7790363857,YES,YES,YES,YES,YES,NONE
50km_1_57,21,38,15.91908475,33.768673250000006,163799.39871843287,193672.89206270006,YES,YES,YES,YES,YES,NONE
50km_1_58,12,17,12.0,16.5625,97049.03701679937,89292.03709441738,YES,YES,YES,YES,YES,NONE
50km_2_14,0,4,0.0,3.218951,0.0,46576.28653814479,NO,YES,YES,NO,NO,A_ONLY_ZERO
50km_2_15,7,27,5.59182075,23.6429105,131705.21575627546,319640.50620655844,YES,YES,YES,YES,YES,NONE
50km_2_16,33,46,27.94265425,41.61150025,614949.1296111584,535308.5179177842,YES,YES,YES,YES,YES,NONE
50km_2_17,34,56,28.916899249999997,52.54390325000001,616657.6645412466,634517.3934949663,YES,YES,YES,YES,YES,NONE
50km_2_18,34,51,30.92896675,43.837077,526076.5433799368,516410.4768516791,YES,YES,YES,YES,YES,NONE
50km_2_19,28,39,23.354166250000002,32.2229655,443811.69426386553,415328.86261871294,YES,YES,YES,YES,YES,NONE
50km_2_20,25,33,19.41492125,24.12284,396836.86083996197,344072.98935396475,YES,YES,YES,YES,YES,NONE
50km_2_21,24,33,18.249114,29.926032499999998,386069.41543269134,361931.13309876766,YES,YES,YES,YES,YES,NONE
50km_2_22,21,38,17.222054749999998,32.5552655,339094.58200878784,416846.4915498571,YES,YES,YES,YES,YES,NONE
50km_2_23,14,28,12.8577305,22.5024405,229289.08808173198,298371.7018479446,YES,YES,YES,YES,YES,NONE
50km_2_24,37,45,33.92831925,39.254608749999996,587963.5643835993,474802.8747904113,YES,YES,YES,YES,YES,NONE
50km_2_25,37,55,35.07697025,51.234249999999996,596184.2976930477,559674.7713261605,YES,YES,YES,YES,YES,NONE
50km_2_26,26,44,23.307586750000002,38.099632,398418.4047174923,447474.59489593946,YES,YES,YES,YES,YES,NONE
50km_2_27,19,30,15.1195995,28.633792499999995,309861.25886969524,306252.0346606942,YES,YES,YES,YES,YES,NONE
50km_2_28,24,37,19.96550325,28.774321999999998,406415.08455750125,377404.8158147842,YES,YES,YES,YES,YES,NONE
50km_2_29,23,27,17.470874249999998,22.11210075,376645.4453491786,276840.4073705849,YES,YES,YES,YES,YES,NONE
50km_2_30,10,25,6.86754425,16.50339475,183885.54655824107,263697.4682062654,YES,YES,YES,YES,YES,NONE
50km_2_31,11,13,8.851850500000001,7.48847125,187921.95162622235,142661.16198559385,YES,YES,YES,YES,YES,NONE
50km_2_32,11,15,7.00716125,11.138904,209285.42319056822,167618.2622391404,YES,YES,YES,YES,YES,NONE
50km_2_33,9,18,3.72826625,12.319087750000001,153786.79950124817,202007.3813660331,YES,YES,YES,YES,YES,NONE
50km_2_34,6,22,3.37445875,14.91392675,102687.26423830904,236703.90267699116,YES,YES,YES,YES,YES,NONE
50km_2_35,8,10,5.489465999999999,4.918493249999999,138163.15780942453,106207.48777467915,YES,YES,YES,YES,YES,NONE
50km_2_36,7,14,1.348758,7.69729325,118089.10495000012,153339.57448742635,YES,YES,YES,YES,YES,NONE
50km_2_37,5,8,2.843308,3.34065475,79643.25034435329,86963.84265888351,YES,YES,YES,YES,YES,NONE
50km_2_38,12,4,5.9084970000000006,2.86069,200875.06221205834,44866.62764158323,YES,YES,YES,YES,YES,NONE
50km_2_39,3,3,1.5605660000000001,1.5784265,64955.945962945334,33042.952037106355,YES,YES,YES,YES,YES,NONE
50km_2_40,4,3,0.836457,1.81370225,71379.27658690521,28153.395816127977,YES,YES,YES,YES,YES,NONE
50km_2_41,5,8,3.724914,4.9504705,86521.795828948,75592.25722794695,YES,YES,YES,YES,YES,NONE
50km_2_42,1,3,1.0,2.914429,23864.038885788465,34005.419481997844,YES,YES,YES,YES,YES,NONE
50km_2_43,0,2,0.0,1.2581445,0.0,18621.705112983338,NO,YES,YES,NO,NO,A_ONLY_ZERO
50km_2_44,0,2,0.0,0.62527475,0.0,21481.310865654166,NO,YES,YES,NO,NO,A_ONLY_ZERO
50km_2_45,1,1,0.0625,0.2593085,6566.890191479473,11465.91485593679,YES,YES,YES,YES,YES,NONE
50km_2_46,1,4,1.0,2.22228875,11753.50852621163,22331.09571016495,YES,YES,YES,YES,YES,NONE
50km_2_47,5,7,2.9759625,2.9265375000000002,54448.56349957737,36887.55375547203,YES,YES,YES,YES,YES,NONE
50km_2_48,4,4,1.20723,1.84911075,34057.09671040421,22515.886718265527,YES,YES,YES,YES,YES,NONE
50km_2_49,8,15,4.24960175,8.38712225,68032.84818343038,88378.55457652225,YES,YES,YES,YES,YES,NONE
50km_2_50,26,23,14.461267750000003,15.591269749999999,213751.94892515504,129726.43037760539,YES,YES,YES,YES,YES,NONE
50km_2_51,29,49,23.642319,33.51382925,237724.77292993694,270178.3604944861,YES,YES,YES,YES,YES,NONE
50km_2_52,51,56,40.98661175,38.350145499999996,404275.01633561385,287720.3856599471,YES,YES,YES,YES,YES,NONE
50km_2_53,46,70,37.57468275000001,62.237078000000004,362107.32501091616,361193.2264689149,YES,YES,YES,YES,YES,NONE
50km_2_54,50,86,45.92679375000001,77.9599205,399109.95172769984,437723.5403988735,YES,YES,YES,YES,YES,NONE
50km_2_55,63,91,58.483773,83.20129024999999,476742.1735266171,477047.9143954746,YES,YES,YES,YES,YES,NONE
50km_2_56,60,81,56.45235925,77.04776100000001,449800.47370094946,422783.8604493138,YES,YES,YES,YES,YES,NONE
50km_2_57,1,7,1.0,6.0625,7518.226908185499,35370.2977017454,YES,YES,YES,YES,YES,NONE
50km_3_15,14,15,11.202855750000001,13.212316,257342.787301699,172747.09227247298,YES,YES,YES,YES,YES,NONE
50km_3_16,32,47,29.136974,43.9934915,588991.6387479745,544222.7323345143,YES,YES,YES,YES,YES,NONE
50km_3_17,42,59,38.79316274999999,53.2584795,604299.2203988666,511101.539648602,YES,YES,YES,YES,YES,NONE
50km_3_18,48,62,42.70491875,58.86434125,581535.0289712546,511663.96655588027,YES,YES,YES,YES,YES,NONE
50km_3_19,37,54,32.7516435,47.898601000000006,464531.46809048444,455090.92627177946,YES,YES,YES,YES,YES,NONE
50km_3_20,25,45,19.55917825,33.94226575,391478.7401181535,470426.1865307416,YES,YES,YES,YES,YES,NONE
50km_3_21,30,43,23.8307935,37.338582,470939.7765895761,461122.8375689639,YES,YES,YES,YES,YES,NONE
50km_3_22,28,43,23.49985825,34.72881925,438685.5358967998,451198.2455868368,YES,YES,YES,YES,YES,NONE
50km_3_23,19,44,13.305074249999999,32.02526675,297814.49035818974,448326.9423188561,YES,YES,YES,YES,YES,NONE
50km_3_24,26,49,21.75564325,43.462348000000006,397699.3143564013,494550.01720768725,YES,YES,YES,YES,YES,NONE
50km_3_25,38,53,34.585593499999995,47.7266985,566411.359170673,539115.2816491311,YES,YES,YES,YES,YES,NONE
50km_3_26,28,40,22.35211375,36.361039000000005,398300.26269385824,401102.66162025504,YES,YES,YES,YES,YES,NONE
50km_3_27,27,36,19.6101955,27.5577105,397201.4657636818,364010.52775408886,YES,YES,YES,YES,YES,NONE
50km_3_28,31,49,27.006670750000005,39.18936175,471576.6796436743,489302.65455046244,YES,YES,YES,YES,YES,NONE
50km_3_29,20,34,16.6237425,25.7922095,290498.9542209064,329257.1326648104,YES,YES,YES,YES,YES,NONE
50km_3_30,18,23,16.3125,16.871198,266810.07735248853,222843.8698338021,YES,YES,YES,YES,YES,NONE
50km_3_31,8,12,6.44713,6.906570250000001,142644.35948353045,133689.13954336834,YES,YES,YES,YES,YES,NONE
50km_3_32,11,23,6.7558205000000005,15.50321075,177874.75985009153,247347.49323546264,YES,YES,YES,YES,YES,NONE
50km_3_33,11,16,7.1285315,14.719452250000002,185842.3677870388,166903.6813222685,YES,YES,YES,YES,YES,NONE
50km_3_34,8,19,6.11481975,10.256034750000001,135430.50344545124,198778.5730389016,YES,YES,YES,YES,YES,NONE
50km_3_35,6,12,3.1694570000000004,6.1880635,101705.65715484018,131582.2626325911,YES,YES,YES,YES,YES,NONE
50km_3_36,7,10,3.76817575,5.58925675,116325.20940862861,108610.2152677946,YES,YES,YES,YES,YES,NONE
50km_3_37,7,16,3.3855327500000003,11.81731225,115018.4439324189,179977.72493729976,YES,YES,YES,YES,YES,NONE
50km_3_38,9,9,4.724240999999999,5.90729175,148031.03584446193,101142.00263364326,YES,YES,YES,YES,YES,NONE
50km_3_39,10,15,5.58029975,9.3125,168647.07481645304,184020.6227851659,YES,YES,YES,YES,YES,NONE
50km_3_40,10,10,6.8125,5.9363425,205767.73433490668,122509.32878649303,YES,YES,YES,YES,YES,NONE
50km_3_41,5,8,2.93403,6.1720939999999995,76316.46678076414,83816.89057044151,YES,YES,YES,YES,YES,NONE
50km_3_42,4,6,2.2058377499999997,5.022563,70635.07173469383,65988.86527029175,YES,YES,YES,YES,YES,NONE
50km_3_43,3,6,2.4055334999999998,2.91132825,58986.89417446449,67741.75999878263,YES,YES,YES,YES,YES,NONE
50km_3_46,4,8,2.6538105,5.33332375,40056.13428745204,46288.139325451106,YES,YES,YES,YES,YES,NONE
50km_3_47,8,15,5.63174375,9.431170999999999,72093.28741012825,86584.61597365537,YES,YES,YES,YES,YES,NONE
50km_3_48,12,12,6.2613900000000005,7.00902975,95579.42147723922,68790.2547081286,YES,YES,YES,YES,YES,NONE
50km_3_49,10,26,6.92613475,15.4066815,85787.4556383233,142821.0732711269,YES,YES,YES,YES,YES,NONE
50km_3_50,19,33,11.60002,20.078590499999997,158855.42904586234,188049.2712596784,YES,YES,YES,YES,YES,NONE
50km_3_51,31,52,21.107331000000002,43.347522500000004,254307.58402132988,294418.68115134153,YES,YES,YES,YES,YES,NONE
50km_3_52,47,84,43.36227375000001,64.74437025,378252.8757162209,435660.3310105824,YES,YES,YES,YES,YES,NONE
50km_3_53,56,91,49.154699,79.55511749999998,439154.4351759206,471905.810766127,YES,YES,YES,YES,YES,NONE
50km_3_54,63,86,53.10460775,72.025623,504506.95973747177,440822.1871762957,YES,YES,YES,YES,YES,NONE
50km_3_55,71,110,70.49138725,101.33823299999999,526698.0728675434,577360.0377443638,YES,YES,YES,YES,YES,NONE
50km_3_56,62,91,57.54772175,85.67383125,467344.9542807368,486192.5564682779,YES,YES,YES,YES,YES,NONE
50km_4_15,5,13,3.55552525,9.359201500000001,81434.67655236005,143196.4657725514,YES,YES,YES,YES,YES,NONE
50km_4_16,35,45,32.81361875,42.13974949999999,593274.0398371972,490830.3515688217,YES,YES,YES,YES,YES,NONE
50km_4_17,34,57,32.15177025,52.44945774999999,592344.6421230789,641138.2226564395,YES,YES,YES,YES,YES,NONE
50km_4_18,43,56,38.748267250000005,53.3396045,571914.3649677022,457409.1756678195,YES,YES,YES,YES,YES,NONE
50km_4_19,27,50,24.24809075,46.39757475,405779.89358172193,507870.198348539,YES,YES,YES,YES,YES,NONE
50km_4_20,29,33,23.425486750000005,28.11866575,447460.8316126525,342146.1066872364,YES,YES,YES,YES,YES,NONE
50km_4_21,28,48,22.8041215,40.84967124999999,430826.1628172213,497368.1640557675,YES,YES,YES,YES,YES,NONE
50km_4_22,23,38,20.080028,30.37288825,355341.4143625465,384129.8461967858,YES,YES,YES,YES,YES,NONE
50km_4_23,32,37,25.3244025,30.740838250000003,490339.1248362864,378757.5913352829,YES,YES,YES,YES,YES,NONE
50km_4_24,38,52,34.1420215,47.290368,573938.0182240859,524516.9721142888,YES,YES,YES,YES,YES,NONE
50km_4_25,36,51,32.43643874999999,42.51033375000001,544987.2791222635,530933.736093935,YES,YES,YES,YES,YES,NONE
50km_4_26,36,57,34.319413749999995,53.30563175,528695.8453610297,577713.7244767305,YES,YES,YES,YES,YES,NONE
50km_4_27,23,38,17.631027000000003,31.8008135,350488.7589915154,390011.2209911344,YES,YES,YES,YES,YES,NONE
50km_4_28,38,60,36.3367235,54.1403215,568193.417164267,595517.4037261446,YES,YES,YES,YES,YES,NONE
50km_4_29,21,36,15.3650925,24.21260675,322679.8471113657,366269.260214375,YES,YES,YES,YES,YES,NONE
50km_4_30,23,51,17.66174075,43.678702,356993.9165856722,477610.6506700619,YES,YES,YES,YES,YES,NONE
50km_4_31,11,19,7.648791999999999,11.89382625,197366.3523964612,220184.7118594433,YES,YES,YES,YES,YES,NONE
50km_4_32,9,27,4.39352875,19.230696999999996,144981.64985890468,285707.4523542027,YES,YES,YES,YES,YES,NONE
50km_4_33,24,31,21.0155405,24.669970749999997,409236.3407568874,331033.938014852,YES,YES,YES,YES,YES,NONE
50km_4_34,15,22,9.7959635,14.308627750000001,249352.6310508248,224938.81156353065,YES,YES,YES,YES,YES,NONE
50km_4_35,8,13,3.20786225,7.093420249999999,132750.1236679133,141711.8082012033,YES,YES,YES,YES,YES,NONE
50km_4_36,4,12,1.79244375,7.27983625,72332.49282759367,132710.19204885437,YES,YES,YES,YES,YES,NONE
50km_4_37,6,7,5.1229225,2.37291325,102281.53253892416,76624.05324496326,YES,YES,YES,YES,YES,NONE
50km_4_38,5,13,1.4224885,7.1348115,80147.06188847932,140430.89192888647,YES,YES,YES,YES,YES,NONE
50km_4_39,9,10,6.8700262500000004,8.027085249999999,153393.95260763742,111458.96371307012,YES,YES,YES,YES,YES,NONE
50km_4_40,9,10,2.1134925,6.871675,145299.4908580808,117289.6707663074,YES,YES,YES,YES,YES,NONE
50km_4_41,2,8,1.012578,3.8788825000000005,48369.17671796314,97137.83242377349,YES,YES,YES,YES,YES,NONE
50km_4_42,3,3,1.645965,1.33902725,41065.54632070599,41906.521826354845,YES,YES,YES,YES,YES,NONE
50km_4_43,1,3,0.872237,3.0,17673.278789609267,23754.0595261465,YES,YES,YES,YES,YES,NONE
50km_4_44,1,3,0.08687575,0.480318,26753.80133051917,36689.91631416581,YES,YES,YES,YES,YES,NONE
50km_4_45,0,4,0.0,0.297786,0.0,31227.098431017792,NO,YES,YES,NO,NO,A_ONLY_ZERO
50km_4_46,2,2,0.625,0.722341,14869.058789461717,11743.157927497585,YES,YES,YES,YES,YES,NONE
50km_4_47,14,15,9.65561475,6.98656375,116211.16736263626,84815.11322404025,YES,YES,YES,YES,YES,NONE
50km_4_48,7,10,5.5454115,4.23166775,53080.48018855055,55411.00722557394,YES,YES,YES,YES,YES,NONE
50km_4_49,16,35,8.060861500000001,17.45528525,130953.10500452686,187987.48394343472,YES,YES,YES,YES,YES,NONE
50km_4_50,24,43,13.739161249999999,28.26591325,202819.2884093566,238630.86295447373,YES,YES,YES,YES,YES,NONE
50km_4_51,54,78,44.62540350000001,60.16581150000001,443639.9288513805,430290.25357961084,YES,YES,YES,YES,YES,NONE
50km_4_52,54,91,48.01954075,79.09171074999999,416388.7735170324,469953.3187135789,YES,YES,YES,YES,YES,NONE
50km_4_53,61,100,54.04135575,91.23313575,463008.25040812406,522960.5657241699,YES,YES,YES,YES,YES,NONE
50km_4_54,70,97,62.808192250000005,85.0054165,549992.7632529986,499746.5199481051,YES,YES,YES,YES,YES,NONE
50km_4_55,68,98,62.17030099999999,90.41621525,513136.0839447778,502750.7594710049,YES,YES,YES,YES,YES,NONE
50km_4_56,56,81,48.922092750000004,73.8346335,459273.24750003964,463561.5232833105,YES,YES,YES,YES,YES,NONE
50km_5_15,3,10,1.60521525,5.3127715,52476.29372145702,102574.26818124202,YES,YES,YES,YES,YES,NONE
50km_5_16,34,38,30.758933749999997,30.831254,548618.4255316441,400780.8703024476,YES,YES,YES,YES,YES,NONE
50km_5_17,29,52,25.581434,49.713539250000004,438131.24281606957,527258.5393826229,YES,YES,YES,YES,YES,NONE
50km_5_18,36,59,32.644235249999994,56.9503865,538650.0479215865,604179.956049636,YES,YES,YES,YES,YES,NONE
50km_5_19,36,44,29.180158249999995,41.49594799999999,560850.4846220512,450307.58304190065,YES,YES,YES,YES,YES,NONE
50km_5_20,31,58,29.26853875,52.33229375,487696.4334260168,592848.5730767556,YES,YES,YES,YES,YES,NONE
50km_5_21,39,51,36.333443749999994,45.41780750000001,616412.1368121202,516300.77729714115,YES,YES,YES,YES,YES,NONE
50km_5_22,42,63,39.943012499999995,58.69936775,633105.2754721441,638884.1815261918,YES,YES,YES,YES,YES,NONE
50km_5_23,37,63,33.748345,58.508173250000006,560042.1075882724,636388.5995725322,YES,YES,YES,YES,YES,NONE
50km_5_24,36,52,30.73191525,47.85551400000001,553767.0479138249,528479.6027261562,YES,YES,YES,YES,YES,NONE
50km_5_25,32,43,26.8059075,35.6430235,462173.5154282788,438990.62916008965,YES,YES,YES,YES,YES,NONE
50km_5_26,36,55,33.70558425,51.111411749999995,523160.96779298555,571584.5337150935,YES,YES,YES,YES,YES,NONE
50km_5_27,34,40,28.251428250000004,33.486979500000004,503243.7351999971,405193.9343654074,YES,YES,YES,YES,YES,NONE
50km_5_28,36,49,33.7608995,45.2001075,533040.0625235302,493055.27529301983,YES,YES,YES,YES,YES,NONE
50km_5_29,23,39,16.235163,28.93947775,339081.52422250196,398981.86550428753,YES,YES,YES,YES,YES,NONE
50km_5_30,45,66,38.19519425,56.1857165,605605.2569941562,533866.1384460934,YES,YES,YES,YES,YES,NONE
50km_5_31,18,31,12.018211,22.481539499999997,303285.3576629149,327790.80603390717,YES,YES,YES,YES,YES,NONE
50km_5_32,25,31,15.5718285,24.773260500000003,412537.44399079966,335140.8586286717,YES,YES,YES,YES,YES,NONE
50km_5_33,26,39,16.56402125,29.509638749999997,429887.56273844297,418823.2008136648,YES,YES,YES,YES,YES,NONE
50km_5_34,16,21,12.47467075,14.36559675,273776.1013235425,237674.40626712085,YES,YES,YES,YES,YES,NONE
50km_5_35,12,17,7.45221325,10.94227925,204865.18014481882,190570.99729099133,YES,YES,YES,YES,YES,NONE
50km_5_36,8,14,6.554693500000001,6.71091275,136405.53815964703,155699.6637627795,YES,YES,YES,YES,YES,NONE
50km_5_37,9,15,7.25561725,8.929851,155111.67286635787,154714.57730919457,YES,YES,YES,YES,YES,NONE
50km_5_38,11,16,6.48400775,14.0775355,210420.9435725528,183059.08475163134,YES,YES,YES,YES,YES,NONE
50km_5_39,11,15,8.53631875,10.983261,194157.21843185124,169425.68322062865,YES,YES,YES,YES,YES,NONE
50km_5_40,9,15,5.52897875,11.281802,156655.23819630625,171444.405591486,YES,YES,YES,YES,YES,NONE
50km_5_41,2,4,0.2513305,3.1489355,39188.388135355475,39921.8528978259,YES,YES,YES,YES,YES,NONE
50km_5_42,4,6,3.083075,4.72823125,71661.43592767714,65766.6977413396,YES,YES,YES,YES,YES,NONE
50km_5_43,3,4,2.884892,3.2250485,50475.599695284574,43587.0659706884,YES,YES,YES,YES,YES,NONE
50km_5_44,4,2,2.7293587500000003,0.68815675,65872.26159744845,21559.81555176384,YES,YES,YES,YES,YES,NONE
50km_5_45,1,5,1.0,1.8580815,17133.210527353567,52765.552821031095,YES,YES,YES,YES,YES,NONE
50km_5_46,6,12,3.718747,7.29974725,55155.1301439906,71989.57579536778,YES,YES,YES,YES,YES,NONE
50km_5_47,14,30,10.38200575,15.633724499999998,120107.88451758296,170422.8682333026,YES,YES,YES,YES,YES,NONE
50km_5_48,30,29,20.149077,15.8080035,251113.97296353304,163680.86308035796,YES,YES,YES,YES,YES,NONE
50km_5_49,28,57,18.935378,37.32532325,243209.87771590258,319290.3344944407,YES,YES,YES,YES,YES,NONE
50km_5_50,50,68,37.61748525,51.01231925,414995.6953862977,373297.7155721462,YES,YES,YES,YES,YES,NONE
50km_5_51,63,94,52.7887915,81.243659,505957.68093469914,516222.5080302843,YES,YES,YES,YES,YES,NONE
50km_5_52,63,80,50.341385249999995,65.11984949999999,501694.13746237283,425202.08275628055,YES,YES,YES,YES,YES,NONE
50km_5_53,62,96,54.015834999999996,84.62991450000001,472841.61116280966,499590.8587075533,YES,YES,YES,YES,YES,NONE
50km_5_54,61,92,51.19212525,76.1886805,483939.47868858505,475876.33985728363,YES,YES,YES,YES,YES,NONE
50km_5_55,62,86,56.21159775,77.131207,543232.4293419158,502794.3405042888,YES,YES,YES,YES,YES,NONE
50km_5_56,21,33,17.774447000000002,26.2942625,241248.8353154208,249662.77514327725,YES,YES,YES,YES,YES,NONE
50km_6_15,3,2,2.2062955,2.0,50236.12669563349,22604.319103183778,YES,YES,YES,YES,YES,NONE
50km_6_16,17,21,16.097032,19.254855,283075.43193894456,234124.84415462517,YES,YES,YES,YES,YES,NONE
50km_6_17,26,47,24.214356249999998,43.2129135,403672.39197150123,490074.22801798646,YES,YES,YES,YES,YES,NONE
50km_6_18,32,39,29.399746,33.50300824999999,461893.48191149835,383447.1360183355,YES,YES,YES,YES,YES,NONE
50km_6_19,36,57,34.506795749999995,55.52369025,520657.09834563616,562620.7907992215,YES,YES,YES,YES,YES,NONE
50km_6_20,38,61,32.97820375,56.2087275,595840.8454201176,624998.958366947,YES,YES,YES,YES,YES,NONE
50km_6_21,33,42,29.021415500000003,35.1991775,506255.3926932845,428127.5695964631,YES,YES,YES,YES,YES,NONE
50km_6_22,34,61,31.253788749999995,56.43592699999999,521774.9518320686,624549.6822697743,YES,YES,YES,YES,YES,NONE
50km_6_23,39,52,37.72069075,49.36013499999999,583303.9514427924,522133.9585374115,YES,YES,YES,YES,YES,NONE
50km_6_24,41,59,39.15721925,54.13356600000001,626547.5502211294,594083.2521151402,YES,YES,YES,YES,YES,NONE
50km_6_25,33,49,28.092403,40.034062750000004,497667.8847187812,495377.98214891873,YES,YES,YES,YES,YES,NONE
50km_6_26,20,37,14.847831000000001,24.510799249999998,288705.35548746196,372967.9230120204,YES,YES,YES,YES,YES,NONE
50km_6_27,27,45,21.88014175,33.366712750000005,391175.816154198,448842.51516693964,YES,YES,YES,YES,YES,NONE
50km_6_28,34,53,28.4315775,45.841434750000005,494043.6276882029,531587.277630139,YES,YES,YES,YES,YES,NONE
50km_6_29,32,39,24.103134750000002,32.647667,471955.4555193818,398366.1119316586,YES,YES,YES,YES,YES,NONE
50km_6_30,29,48,24.31686575,38.78196525,408429.1259253258,424112.8622581436,YES,YES,YES,YES,YES,NONE
50km_6_31,24,35,16.458899000000002,30.207242249999997,392045.0006405185,335455.0651654843,YES,YES,YES,YES,YES,NONE
50km_6_32,42,61,36.700421250000005,48.94028925,516325.93421395856,426345.08310404944,YES,YES,YES,YES,YES,NONE
50km_6_33,21,37,16.518529,23.189959750000003,341509.7867438785,399936.192729447,YES,YES,YES,YES,YES,NONE
50km_6_34,23,31,17.31560375,21.023297750000005,409820.2039648311,351863.24329712533,YES,YES,YES,YES,YES,NONE
50km_6_35,22,26,12.262503,15.6321045,370571.6544529546,277662.15736293397,YES,YES,YES,YES,YES,NONE
50km_6_36,10,17,6.93029075,9.56038925,170301.88548939084,191067.74143882567,YES,YES,YES,YES,YES,NONE
50km_6_37,8,14,3.9191190000000002,8.815313499999998,130080.94858629107,156988.46599607912,YES,YES,YES,YES,YES,NONE
50km_6_38,5,20,4.0625,13.132491,84765.72665551376,219522.01843247382,YES,YES,YES,YES,YES,NONE
50km_6_39,7,14,4.879932,8.69403975,124779.99145442672,158546.38644673632,YES,YES,YES,YES,YES,NONE
50km_6_40,3,9,0.35550000000000004,6.59653125,45215.169702838364,96183.99192474481,YES,YES,YES,YES,YES,NONE
50km_6_41,5,5,2.6293957500000005,3.1875,85353.34774462966,51089.77271247839,YES,YES,YES,YES,YES,NONE
50km_6_42,7,4,3.82328975,3.0625,115725.53974274587,46066.31911185026,YES,YES,YES,YES,YES,NONE
50km_6_43,1,7,0.0657855,2.7263452499999996,14725.206321143767,74332.5967350333,YES,YES,YES,YES,YES,NONE
50km_6_44,3,4,0.5983305,1.8166245,50087.25114543341,41214.461398668594,YES,YES,YES,YES,YES,NONE
50km_6_45,6,11,3.369143,6.487959249999999,86979.64907018043,94725.51045227637,YES,YES,YES,YES,YES,NONE
50km_6_46,28,30,16.949056000000002,21.65676475,249195.37212108503,179619.9170996903,YES,YES,YES,YES,YES,NONE
50km_6_47,35,57,27.362721249999996,45.32385975,294007.62605196773,315090.75890642824,YES,YES,YES,YES,YES,NONE
50km_6_48,39,54,25.559928499999995,34.48495175000001,321434.4377501023,296758.31913963915,YES,YES,YES,YES,YES,NONE
50km_6_49,38,53,22.141781,32.20350549999999,317784.55553655577,305681.9216421566,YES,YES,YES,YES,YES,NONE
50km_6_50,39,60,31.026533500000003,49.78967,332513.10470560926,325848.6106130563,YES,YES,YES,YES,YES,NONE
50km_6_51,63,109,50.072497,94.82741249999997,478337.0696740314,572559.6349142919,YES,YES,YES,YES,YES,NONE
50km_6_52,63,92,51.28419274999999,83.059217,507360.76362126047,506863.70727003866,YES,YES,YES,YES,YES,NONE
50km_6_53,39,57,33.75715,51.911285750000005,302656.4310509661,299455.9604043801,YES,YES,YES,YES,YES,NONE
50km_6_54,79,117,75.08711174999999,110.2997,598093.821944137,595237.603186148,YES,YES,YES,YES,YES,NONE
50km_6_55,56,78,48.61748850000001,72.248266,533413.7271011687,492891.7461496631,YES,YES,YES,YES,YES,NONE
50km_6_56,3,1,2.588363,1.0,41145.66040819617,10704.155089932094,YES,YES,YES,YES,YES,NONE
50km_7_15,3,5,2.0625,2.9179209999999998,50623.278905815525,58903.41009799224,YES,YES,YES,YES,YES,NONE
50km_7_16,9,8,5.311738500000001,3.8114685,155667.0874513715,88411.16032280486,YES,YES,YES,YES,YES,NONE
50km_7_17,19,29,13.933404750000001,24.612969,316622.9420133608,337357.5586467801,YES,YES,YES,YES,YES,NONE
50km_7_18,23,34,21.063939,29.967769499999996,374450.53484063665,371402.3079673997,YES,YES,YES,YES,YES,NONE
50km_7_19,30,49,28.5856285,41.8559715,476352.55316987244,506018.10535975895,YES,YES,YES,YES,YES,NONE
50km_7_20,30,30,25.526290750000005,27.5331805,474426.8278491193,308958.9038112614,YES,YES,YES,YES,YES,NONE
50km_7_21,26,37,22.2723755,31.26346775,422420.02961651544,378650.2674744955,YES,YES,YES,YES,YES,NONE
50km_7_22,39,51,34.297644,49.9982505,604281.3138435758,514311.39604225755,YES,YES,YES,YES,YES,NONE
50km_7_23,38,56,36.206584500000005,51.406849,576245.0346251962,563890.2011983067,YES,YES,YES,YES,YES,NONE
50km_7_24,21,40,17.736031750000002,34.80953975,295173.99611786666,392147.3827761244,YES,YES,YES,YES,YES,NONE
50km_7_25,15,13,10.12799525,10.24900925,225166.3293590902,122811.636588952,YES,YES,YES,YES,YES,NONE
50km_7_26,15,24,9.67575225,18.6083025,229398.84260321673,226392.0288102236,YES,YES,YES,YES,YES,NONE
50km_7_27,17,38,14.59928225,24.177077000000004,253736.28142032478,385170.05117224826,YES,YES,YES,YES,YES,NONE
50km_7_28,33,46,25.802142249999992,37.835451,482061.3615357612,459391.82600252324,YES,YES,YES,YES,YES,NONE
50km_7_29,32,44,27.025566,34.17447225,466582.44505093887,448220.7617033959,YES,YES,YES,YES,YES,NONE
50km_7_30,19,30,13.9490305,22.797819500000003,311774.91779019654,289524.10529216577,YES,YES,YES,YES,YES,NONE
50km_7_31,28,38,23.80674525,30.01994425,446237.13494470663,429773.4427885824,YES,YES,YES,YES,YES,NONE
50km_7_32,28,39,25.15150925,31.499282249999997,443379.13189363957,400191.9877856879,YES,YES,YES,YES,YES,NONE
50km_7_33,26,38,20.44928775,28.459580999999996,435558.84726406296,397451.96325284895,YES,YES,YES,YES,YES,NONE
50km_7_34,22,25,14.3816355,16.12350525,415459.678466355,278251.563503485,YES,YES,YES,YES,YES,NONE
50km_7_35,15,28,10.2056285,21.43658075,280814.36841979943,320551.1923301024,YES,YES,YES,YES,YES,NONE
50km_7_36,12,18,7.315130999999999,13.120786,197845.88559843617,202494.68017910773,YES,YES,YES,YES,YES,NONE
50km_7_37,10,13,5.6585209999999995,9.15802175,171188.11309032186,154119.16949309083,YES,YES,YES,YES,YES,NONE
50km_7_38,7,10,4.065046,6.42894075,130041.71019076255,107099.22958006323,YES,YES,YES,YES,YES,NONE
50km_7_39,14,15,9.004907,11.9262655,232243.49927490548,164870.69063776545,YES,YES,YES,YES,YES,NONE
50km_7_40,4,8,3.0625,4.4447385,67787.03956172269,81523.55299148585,YES,YES,YES,YES,YES,NONE
50km_7_41,3,9,2.536165,5.399499249999999,49563.22074723528,97818.60030254791,YES,YES,YES,YES,YES,NONE
50km_7_42,2,9,2.0,5.32520625,41273.67700629175,97154.00313963823,YES,YES,YES,YES,YES,NONE
50km_7_43,5,4,3.6103345,2.3125,86761.67640635035,44381.22195636878,YES,YES,YES,YES,YES,NONE
50km_7_44,18,20,10.8826035,13.099260249999999,244759.62822927593,197428.9988631364,YES,YES,YES,YES,YES,NONE
50km_7_45,28,34,17.856505,25.717088250000003,343459.7604540718,280963.66869511956,YES,YES,YES,YES,YES,NONE
50km_7_46,37,62,25.51478225,49.300194999999995,312420.1825795731,361820.8329407605,YES,YES,YES,YES,YES,NONE
50km_7_47,41,52,24.381880249999995,34.22541125000001,348782.7385561859,291593.49177357403,YES,YES,YES,YES,YES,NONE
50km_7_48,41,58,31.046921249999993,39.32947225,332513.47011133825,317703.3901154195,YES,YES,YES,YES,YES,NONE
50km_7_49,38,66,27.850733999999992,49.986856,329350.98647834285,368177.9698000818,YES,YES,YES,YES,YES,NONE
50km_7_50,61,98,52.864002000000006,84.08384399999998,510561.54213123367,529203.0696916366,YES,YES,YES,YES,YES,NONE
50km_7_51,71,100,60.6882695,91.78529749999998,548214.1311908739,511858.92121976486,YES,YES,YES,YES,YES,NONE
50km_7_52,57,87,50.272595499999994,80.235953,422896.99403139984,412551.4738449433,YES,YES,YES,YES,YES,NONE
50km_7_53,21,28,19.890335999999998,25.5288905,167292.13106691648,141977.81750986303,YES,YES,YES,YES,YES,NONE
50km_7_54,39,59,36.019601,54.242609,298364.8318986877,305582.3441103396,YES,YES,YES,YES,YES,NONE
50km_7_55,55,71,46.263252,64.75006775,572112.9078932379,531354.6115713153,YES,YES,YES,YES,YES,NONE
50km_7_56,4,5,4.0,4.456848,66183.75636708167,50071.79950484942,YES,YES,YES,YES,YES,NONE
50km_8_14,2,1,1.2810489999999999,0.57611025,34880.20258002758,12317.07153607224,YES,YES,YES,YES,YES,NONE
50km_8_15,22,22,18.26634475,18.8125,381985.20341607765,266038.8409192371,YES,YES,YES,YES,YES,NONE
50km_8_16,24,46,20.2216875,42.687577,417946.8874504096,555008.2645531707,YES,YES,YES,YES,YES,NONE
50km_8_17,23,36,19.03961025,28.485261749999996,390905.0674856284,417221.45556717453,YES,YES,YES,YES,YES,NONE
50km_8_18,33,45,28.89183325,38.94951575,539109.3061405694,460554.50371956837,YES,YES,YES,YES,YES,NONE
50km_8_19,13,34,10.376203499999999,24.188277499999995,214825.9093171886,334212.12079125736,YES,YES,YES,YES,YES,NONE
50km_8_20,24,33,21.165064750000003,25.379461999999997,384229.82899194263,328795.72490401065,YES,YES,YES,YES,YES,NONE
50km_8_21,12,17,8.01734225,13.173142499999999,178151.7974195854,166756.3447688075,YES,YES,YES,YES,YES,NONE
50km_8_22,10,24,6.755636,19.066716,153856.4330606705,242125.5203252093,YES,YES,YES,YES,YES,NONE
50km_8_23,18,32,16.6027685,24.601642749999996,271234.82572685555,320043.2143387451,YES,YES,YES,YES,YES,NONE
50km_8_24,13,25,9.0020615,18.69030625,203509.87375813272,241317.09723423325,YES,YES,YES,YES,YES,NONE
50km_8_25,20,21,16.94771125,15.897884750000001,311886.1979869688,202035.71778489044,YES,YES,YES,YES,YES,NONE
50km_8_26,14,25,12.047607249999999,16.09168025,224133.40206826152,242603.31526853805,YES,YES,YES,YES,YES,NONE
50km_8_27,16,22,12.188691999999998,13.37273475,243399.49278538863,217712.7922608397,YES,YES,YES,YES,YES,NONE
50km_8_28,16,16,12.013081750000001,10.83482675,237575.95434296355,161018.9997481746,YES,YES,YES,YES,YES,NONE
50km_8_29,26,37,16.693904999999997,29.907003,394145.8145131375,369100.15288603096,YES,YES,YES,YES,YES,NONE
50km_8_30,46,74,43.96475074999999,65.97276450000001,527586.6462747168,517756.6738770756,YES,YES,YES,YES,YES,NONE
50km_8_31,42,60,37.1215445,56.12993525,589244.8947676799,636193.3185103012,YES,YES,YES,YES,YES,NONE
50km_8_32,51,80,47.89399875,77.43454225,554301.3189365144,510138.36960506346,YES,YES,YES,YES,YES,NONE
50km_8_33,33,55,27.36058675,47.326929250000006,450052.3470931837,469787.01706658344,YES,YES,YES,YES,YES,NONE
50km_8_34,16,29,10.99193075,21.734331,307332.03333314974,344534.9221403879,YES,YES,YES,YES,YES,NONE
50km_8_35,18,29,14.152313,22.325493750000003,313258.39395564154,320066.8811465672,YES,YES,YES,YES,YES,NONE
50km_8_36,11,16,9.602305,8.934682249999998,190543.53406741415,177324.9905441691,YES,YES,YES,YES,YES,NONE
50km_8_37,11,14,8.379078000000002,9.335554250000001,208227.00571069124,187659.99447868188,YES,YES,YES,YES,YES,NONE
50km_8_38,6,16,2.39184875,8.87959475,105661.35889388494,197069.8731756655,YES,YES,YES,YES,YES,NONE
50km_8_39,5,8,3.2864292500000003,3.9984397499999997,100949.20153202959,96756.32695475135,YES,YES,YES,YES,YES,NONE
50km_8_40,9,11,5.7490144999999995,8.0213955,172179.06565650043,125598.97766617987,YES,YES,YES,YES,YES,NONE
50km_8_41,4,10,2.339931,5.57590275,77527.68847929762,111977.04398492526,YES,YES,YES,YES,YES,NONE
50km_8_42,4,6,4.0,4.34330125,71531.31747369454,64323.87260563194,YES,YES,YES,YES,YES,NONE
50km_8_43,10,16,5.9665745,12.37854575,155277.56479153997,144673.1060510573,YES,YES,YES,YES,YES,NONE
50km_8_44,30,38,16.037892500000005,25.645625749999997,240951.21672795241,216110.44195167714,YES,YES,YES,YES,YES,NONE
50km_8_45,45,65,29.640930500000003,48.029413250000005,375962.90939612617,359872.94636673795,YES,YES,YES,YES,YES,NONE
50km_8_46,33,66,21.8919335,49.6821245,281651.8201265164,373730.06094082573,YES,YES,YES,YES,YES,NONE
50km_8_47,59,83,51.864472500000005,69.1994575,426326.0170644882,436041.22887215426,YES,YES,YES,YES,YES,NONE
50km_8_48,46,60,38.511382499999996,45.565365500000006,366042.5919406032,316739.2722729286,YES,YES,YES,YES,YES,NONE
50km_8_49,42,66,37.3830365,51.31400725,324004.3272212432,341746.83878401323,YES,YES,YES,YES,YES,NONE
50km_8_50,65,94,53.198231,78.761025,530726.494083749,518483.21628522617,YES,YES,YES,YES,YES,NONE
50km_8_51,78,104,69.9339675,94.83037374999999,586395.8783410154,528594.1746520634,YES,YES,YES,YES,YES,NONE
50km_8_52,33,60,28.284849999999995,54.0486405,273935.4195257658,350013.26090356364,YES,YES,YES,YES,YES,NONE
50km_8_53,7,11,6.451354,9.680464749999999,54707.016959041845,51490.947533530365,YES,YES,YES,YES,YES,NONE
50km_8_55,56,79,50.05712125,73.03675874999999,506193.1226689987,481058.1785898893,YES,YES,YES,YES,YES,NONE
50km_8_56,1,2,1.0,2.0,20096.288364879725,29027.972082604047,YES,YES,YES,YES,YES,NONE
50km_9_14,12,9,10.622275,7.677072,208437.28067050443,109648.88709724459,YES,YES,YES,YES,YES,NONE
50km_9_15,15,33,12.3307305,28.44270775,257204.7737016516,393279.99228102394,YES,YES,YES,YES,YES,NONE
50km_9_16,14,26,9.66578,18.022671500000005,243550.36204285314,285179.2910303744,YES,YES,YES,YES,YES,NONE
50km_9_17,26,50,20.330115749999997,41.93914949999999,442982.22266163194,543019.039645992,YES,YES,YES,YES,YES,NONE
50km_9_18,54,89,48.82355050000001,79.20055049999999,577770.1477741965,588219.6945831452,YES,YES,YES,YES,YES,NONE
50km_9_19,44,60,34.872516,49.835253,628585.2251303892,558883.9955304535,YES,YES,YES,YES,YES,NONE
50km_9_20,20,45,14.912393499999999,33.23827250000001,304669.72258439154,461661.75484579883,YES,YES,YES,YES,YES,NONE
50km_9_21,30,51,24.126327,43.002004500000005,358651.70362988004,408695.9141848972,YES,YES,YES,YES,YES,NONE
50km_9_22,8,18,7.0437045000000005,12.769761,77817.93989766655,136299.43715351276,YES,YES,YES,YES,YES,NONE
50km_9_23,8,7,6.3613655,6.0625,117209.99365028768,72252.20793469236,YES,YES,YES,YES,YES,NONE
50km_9_24,10,17,6.6875,13.15067475,152201.354005766,170997.70628960663,YES,YES,YES,YES,YES,NONE
50km_9_25,13,17,10.837841000000001,13.0673165,192585.65036482905,167012.9651304639,YES,YES,YES,YES,YES,NONE
50km_9_26,13,16,10.483856,14.35105225,200360.66422765923,157616.7511780322,YES,YES,YES,YES,YES,NONE
50km_9_27,7,11,3.96187575,5.851173,103474.98493263223,105427.71367920996,YES,YES,YES,YES,YES,NONE
50km_9_28,6,14,3.65525525,10.26910125,93070.04864722877,141352.8235946761,YES,YES,YES,YES,YES,NONE
50km_9_29,9,17,7.504456,13.793504,135895.7412013654,174383.88041422016,YES,YES,YES,YES,YES,NONE
50km_9_30,23,31,18.1619715,25.613758,345929.27387495356,313688.8898334531,YES,YES,YES,YES,YES,NONE
50km_9_31,42,61,38.875774500000006,56.96418275,567672.3065254429,556311.2980293926,YES,YES,YES,YES,YES,NONE
50km_9_32,30,49,25.297742500000002,39.58855875,480553.2859820018,503814.17694137053,YES,YES,YES,YES,YES,NONE
50km_9_33,20,37,14.191091749999998,31.33672525,344165.3043588429,454935.0696090539,YES,YES,YES,YES,YES,NONE
50km_9_34,12,25,6.69149575,17.5431655,211553.79687076464,274838.69466025074,YES,YES,YES,YES,YES,NONE
50km_9_35,15,16,8.33120625,11.59152175,237321.99671028025,191734.95667006413,YES,YES,YES,YES,YES,NONE
50km_9_36,7,11,4.066197,8.221608750000001,128131.97321672495,138859.59467158472,YES,YES,YES,YES,YES,NONE
50km_9_37,5,8,3.3441305,4.53406925,99865.46236498986,99875.18719124047,YES,YES,YES,YES,YES,NONE
50km_9_38,11,17,8.435160999999999,14.017555750000001,211527.4937258811,225571.53336030795,YES,YES,YES,YES,YES,NONE
50km_9_39,6,12,3.4818394999999995,7.68685625,115357.9964116448,135224.05082742186,YES,YES,YES,YES,YES,NONE
50km_9_40,4,6,2.429587,4.26440275,81072.90786965765,79237.05285662106,YES,YES,YES,YES,YES,NONE
50km_9_41,2,9,1.0625,4.95102475,37265.19979491013,110796.16598487971,YES,YES,YES,YES,YES,NONE
50km_9_42,7,13,2.9551255,7.036998,136556.35855262564,146906.6697010881,YES,YES,YES,YES,YES,NONE
50km_9_43,7,15,4.20097475,6.8707045,93507.54862794132,118967.66352121926,YES,YES,YES,YES,YES,NONE
50km_9_44,22,25,12.45222175,17.950627749999995,185796.31905599305,132760.21816056283,YES,YES,YES,YES,YES,NONE
50km_9_45,28,56,21.863882,43.293463750000015,236427.84985929774,313040.94617731957,YES,YES,YES,YES,YES,NONE
50km_9_46,33,57,22.522411249999998,34.59976425,292116.1519678087,313699.8805132198,YES,YES,YES,YES,YES,NONE
50km_9_47,57,87,43.70203275,67.77730374999999,439283.4104086023,473207.6280923362,YES,YES,YES,YES,YES,NONE
50km_9_48,32,55,22.11519475,45.761407,274803.8677842573,299780.1178843354,YES,YES,YES,YES,YES,NONE
50km_9_49,47,77,39.67414625000001,58.44802950000001,386486.37677428004,421837.15001985955,YES,YES,YES,YES,YES,NONE
50km_9_50,66,110,56.13719749999999,96.65437075000001,516760.0712179923,567773.3031715561,YES,YES,YES,YES,YES,NONE
50km_9_51,70,100,59.10400549999999,83.2267755,546881.6847017963,514128.74171832314,YES,YES,YES,YES,YES,NONE
50km_9_52,63,100,55.065276749999995,91.54965625,582435.2018685983,599007.7581415426,YES,YES,YES,YES,YES,NONE
50km_9_53,8,12,8.0,11.5625,76940.24502834701,91766.38530913283,YES,YES,YES,YES,YES,NONE
50km_9_55,13,22,10.875,19.261797,95581.00014381325,117825.13983501958,YES,YES,YES,YES,YES,NONE
50km_10_14,4,9,3.5569195,6.8233605,72697.67248902786,104686.57750830853,YES,YES,YES,YES,YES,NONE
50km_10_15,11,22,8.404384499999999,18.553042,196247.01518361073,261122.59595537407,YES,YES,YES,YES,YES,NONE
50km_10_16,25,36,23.924623999999998,31.526709250000003,437241.3281035445,381593.18782910786,YES,YES,YES,YES,YES,NONE
50km_10_17,24,46,18.8593915,36.023198,382179.0872606064,475911.66589357576,YES,YES,YES,YES,YES,NONE
50km_10_18,36,50,27.24805975,36.76864775,579051.4901905528,508227.59539547807,YES,YES,YES,YES,YES,NONE
50km_10_19,34,53,29.237081,45.64832274999999,487034.5102609534,525949.9738813558,YES,YES,YES,YES,YES,NONE
50km_10_20,25,37,20.11304825,24.32146075,396798.0846541034,373433.87770997686,YES,YES,YES,YES,YES,NONE
50km_10_21,28,31,24.17613325,23.96954775,432519.2093766341,318242.18040561985,YES,YES,YES,YES,YES,NONE
50km_10_22,18,30,16.646068,24.978437999999997,268275.9347659483,310634.374284632,YES,YES,YES,YES,YES,NONE
50km_10_23,11,19,9.3256625,13.154735750000002,170815.58843131555,197647.20029762373,YES,YES,YES,YES,YES,NONE
50km_10_24,8,15,5.87854275,10.19357425,122414.34722977028,154944.33071162718,YES,YES,YES,YES,YES,NONE
50km_10_25,14,22,8.557260999999999,15.952217749999999,210101.45173675232,226843.4835767268,YES,YES,YES,YES,YES,NONE
50km_10_26,15,22,9.464068,17.319526250000003,232934.48300631743,222968.64054705243,YES,YES,YES,YES,YES,NONE
50km_10_27,9,14,7.644971,10.29287475,149581.69812154188,148898.0378930425,YES,YES,YES,YES,YES,NONE
50km_10_28,3,10,2.0625,7.79160325,42210.667150199966,103219.72564019836,YES,YES,YES,YES,YES,NONE
50km_10_29,5,9,4.009049,5.931899,85177.60601400502,81668.22552484539,YES,YES,YES,YES,YES,NONE
50km_10_30,4,1,3.0625,1.0,54584.071344928874,12435.373533646292,YES,YES,YES,YES,YES,NONE
50km_10_31,13,24,10.24129875,19.917173000000002,223231.63421182058,266978.4316544653,YES,YES,YES,YES,YES,NONE
50km_10_32,22,34,18.7595945,27.27622675,362530.1751439331,355572.04146966233,YES,YES,YES,YES,YES,NONE
50km_10_33,17,20,10.9698125,15.18933125,283392.4358209978,234702.68868607984,YES,YES,YES,YES,YES,NONE
50km_10_34,10,9,7.1119235000000005,5.3817330000000005,191128.87329767234,107631.82685447992,YES,YES,YES,YES,YES,NONE
50km_10_35,8,16,2.8799112499999997,8.028537499999999,152908.79161907051,190383.71393615112,YES,YES,YES,YES,YES,NONE
50km_10_36,6,10,3.7556417499999997,5.7383815,96570.34194185046,117587.75570730487,YES,YES,YES,YES,YES,NONE
50km_10_37,3,4,2.0902865,2.28230875,54175.1636299061,42621.06402649002,YES,YES,YES,YES,YES,NONE
50km_10_38,7,3,5.09457,1.99521725,128766.4514628673,36414.39585734281,YES,YES,YES,YES,YES,NONE
50km_10_39,8,12,5.80618375,7.077199,143174.44452799912,151723.26201878345,YES,YES,YES,YES,YES,NONE
50km_10_40,2,5,0.719491,4.448882,38653.86327449259,66893.40459222185,YES,YES,YES,YES,YES,NONE
50km_10_41,4,5,1.057197,2.10656975,74890.75874673486,67747.01192894313,YES,YES,YES,YES,YES,NONE
50km_10_42,3,5,2.08834375,2.46219225,52292.57296956987,60996.16823448446,YES,YES,YES,YES,YES,NONE
50km_10_43,4,7,2.625,5.8051485,60300.667044487855,52223.52186447711,YES,YES,YES,YES,YES,NONE
50km_10_44,22,23,12.45532175,13.064131750000001,160560.3033605194,120985.31126405328,YES,YES,YES,YES,YES,NONE
50km_10_45,18,28,12.396289249999999,16.31863475,139221.0933867788,146288.25013334365,YES,YES,YES,YES,YES,NONE
50km_10_46,35,48,28.547570000000004,33.225392,291539.5511272116,263002.7209306497,YES,YES,YES,YES,YES,NONE
50km_10_47,34,56,28.62699,37.895265,291070.9626180825,311968.88988654106,YES,YES,YES,YES,YES,NONE
50km_10_48,45,76,33.9001755,54.36348675,373777.11084094085,420094.3793560401,YES,YES,YES,YES,YES,NONE
50km_10_49,54,73,42.68897774999999,60.44891874999999,433427.63840131805,384346.77343731595,YES,YES,YES,YES,YES,NONE
50km_10_50,76,108,69.812994,89.12034025000003,589572.0299140224,542552.8937597072,YES,YES,YES,YES,YES,NONE
50km_10_51,77,102,68.4925115,91.863578,559956.9657382183,479909.8944497494,YES,YES,YES,YES,YES,NONE
50km_10_52,80,118,73.21292099999998,111.52468125,530433.3350819077,485782.18428575573,YES,YES,YES,YES,YES,NONE
50km_10_53,34,49,32.607586749999996,46.27362575,447620.80552590167,370530.45229181484,YES,YES,YES,YES,YES,NONE
50km_10_54,1,1,0.19097,1.0,17483.71957699742,11625.499644541214,YES,YES,YES,YES,YES,NONE
50km_10_55,4,8,3.5625,7.125,47526.78449924797,78653.13490557815,YES,YES,YES,YES,YES,NONE
50km_10_56,1,4,1.0,3.5625,15441.900591148771,34620.909733463224,YES,YES,YES,YES,YES,NONE
50km_11_14,1,1,0.265712,1.0,14621.607283362737,12116.27874817131,YES,YES,YES,YES,YES,NONE
50km_11_15,5,3,3.2892215,2.5625,83032.15210125319,34470.05981374869,YES,YES,YES,YES,YES,NONE
50km_11_16,18,22,14.22309975,18.01431625,290356.41762839403,233249.24901866395,YES,YES,YES,YES,YES,NONE
50km_11_17,27,37,25.03719375,32.349687,458200.43986742885,383247.1108080354,YES,YES,YES,YES,YES,NONE
50km_11_18,41,47,34.258377749999994,36.6507105,635780.4406597179,473791.0955400707,YES,YES,YES,YES,YES,NONE
50km_11_19,29,49,23.138053999999997,42.839043999999994,447962.0710897499,499871.1697403098,YES,YES,YES,YES,YES,NONE
50km_11_20,44,50,32.57133875,39.92714899999999,569370.5991561842,456453.9877225814,YES,YES,YES,YES,YES,NONE
50km_11_21,34,51,27.271086000000004,43.0141665,435701.1061729134,442294.0108192362,YES,YES,YES,YES,YES,NONE
50km_11_22,35,48,30.284568250000003,43.86948675,526523.0250760318,491021.74406156794,YES,YES,YES,YES,YES,NONE
50km_11_23,39,52,32.99784075,40.23109974999999,594586.8915362983,549814.3307015948,YES,YES,YES,YES,YES,NONE
50km_11_24,35,53,31.393988999999998,44.45820025,470730.9715787944,522684.01753829553,YES,YES,YES,YES,YES,NONE
50km_11_25,32,39,23.20341625,30.10232575,466343.010165841,399075.4785505445,YES,YES,YES,YES,YES,NONE
50km_11_26,21,38,16.7764615,24.151398999999998,323012.3642945209,396357.98734156234,YES,YES,YES,YES,YES,NONE
50km_11_27,18,28,11.72993275,19.88022,294384.4435499352,282115.69676023955,YES,YES,YES,YES,YES,NONE
50km_11_28,10,16,8.668129,11.984875500000001,161121.6288600382,169501.06995469483,YES,YES,YES,YES,YES,NONE
50km_11_29,6,20,4.2925315,11.8947845,94404.06365137815,202892.86615924488,YES,YES,YES,YES,YES,NONE
50km_11_30,5,11,4.038124,7.7536395,92873.97505735718,127662.14341329601,YES,YES,YES,YES,YES,NONE
50km_11_31,9,12,5.09216725,9.875048,126724.29551129213,100222.9382322347,YES,YES,YES,YES,YES,NONE
50km_11_32,31,54,25.16641825,45.427019,289899.29126719414,364121.19810638356,YES,YES,YES,YES,YES,NONE
50km_11_33,12,17,9.38982775,13.8152825,135374.9217837512,140197.71870351146,YES,YES,YES,YES,YES,NONE
50km_11_34,10,13,4.13579325,9.803661,139999.04809426592,156279.45799518368,YES,YES,YES,YES,YES,NONE
50km_11_35,8,13,4.5644335,6.00395525,146338.37138321408,149801.80782614788,YES,YES,YES,YES,YES,NONE
50km_11_36,6,4,2.56593875,3.061138,118130.80771834421,48788.94649092159,YES,YES,YES,YES,YES,NONE
50km_11_37,1,5,0.0625,2.8252715,15027.373174659737,65760.59935336857,YES,YES,YES,YES,YES,NONE
50km_11_38,1,2,0.5625,0.3270235,19326.931637246296,25355.129577776126,YES,YES,YES,YES,YES,NONE
50km_11_39,2,3,0.125,3.0,33256.78421931929,38323.05568770996,YES,YES,YES,YES,YES,NONE
50km_11_40,2,7,1.05028125,4.88690575,33256.78421931929,80948.04845863557,YES,YES,YES,YES,YES,NONE
50km_11_41,1,5,0.5625,2.93836125,19326.931637246296,65058.56876262652,YES,YES,YES,YES,YES,NONE
50km_11_42,2,4,0.73227325,3.125,36167.67920232339,47950.48937934321,YES,YES,YES,YES,YES,NONE
50km_11_43,4,12,2.23090975,5.057227999999999,53903.50864228333,95061.4408799772,YES,YES,YES,YES,YES,NONE
50km_11_44,18,28,11.81966025,12.262561,131025.81771747088,142747.02183030086,YES,YES,YES,YES,YES,NONE
50km_11_45,10,13,6.70135725,7.203612,74899.80011733648,65321.1381951782,YES,YES,YES,YES,YES,NONE
50km_11_46,9,14,6.059185750000001,7.877531,67474.95533077267,71075.28712600099,YES,YES,YES,YES,YES,NONE
50km_11_47,15,31,11.923751250000002,19.77760575,116803.4462744536,169444.96133079243,YES,YES,YES,YES,YES,NONE
50km_11_48,27,57,18.1586965,45.386328999999996,222431.52854591742,301130.1884680777,YES,YES,YES,YES,YES,NONE
50km_11_49,74,108,68.610268,98.91454625,562561.4386780147,555907.7009739787,YES,YES,YES,YES,YES,NONE
50km_11_50,77,109,74.96303025,101.46146149999997,544560.5768931293,541826.5448061527,YES,YES,YES,YES,YES,NONE
50km_11_51,62,108,58.2804915,101.29260674999999,530735.0736170164,648967.505071022,YES,YES,YES,YES,YES,NONE
50km_11_52,54,97,51.4507475,88.4855275,558415.1781804308,698294.3464625068,YES,YES,YES,YES,YES,NONE
50km_11_53,35,48,32.012629,45.63030725,525084.737875387,481961.2720589166,YES,YES,YES,YES,YES,NONE
50km_11_54,12,20,11.184881,17.94638975,240930.49969558357,234730.00468323886,YES,YES,YES,YES,YES,NONE
50km_11_56,3,4,3.0,2.8125,41229.8718932312,51300.48000274264,YES,YES,YES,YES,YES,NONE
50km_12_14,0,1,0.0,0.203925,0.0,12116.27874817131,NO,YES,YES,NO,NO,A_ONLY_ZERO
50km_12_16,18,26,15.366781,18.574643000000002,290424.81757021253,263755.68812841666,YES,YES,YES,YES,YES,NONE
50km_12_17,43,51,36.6450525,43.2069895,584911.1299315018,478634.30635597033,YES,YES,YES,YES,YES,NONE
50km_12_18,38,46,33.63862825,34.22849825,502040.57710811135,415499.7039641361,YES,YES,YES,YES,YES,NONE
50km_12_19,23,48,14.584052,35.91535675,348044.457096216,482652.0987596225,YES,YES,YES,YES,YES,NONE
50km_12_20,46,73,39.49486475,65.32034125,533088.8255189179,536160.422848366,YES,YES,YES,YES,YES,NONE
50km_12_21,35,51,27.706168499999997,41.48510625,483610.0512114474,497295.22738546884,YES,YES,YES,YES,YES,NONE
50km_12_22,37,60,31.9660285,50.820877749999994,541341.6846540701,596408.1549540325,YES,YES,YES,YES,YES,NONE
50km_12_23,39,56,32.012168,48.853438249999996,520860.85741441743,539303.2876186656,YES,YES,YES,YES,YES,NONE
50km_12_24,32,42,26.063106999999995,36.843433,456182.6690641925,418041.7027185342,YES,YES,YES,YES,YES,NONE
50km_12_25,31,48,24.353693,37.946919,367464.60015387496,439086.9367740942,YES,YES,YES,YES,YES,NONE
50km_12_26,42,67,35.2610315,57.05099500000001,451543.7373208411,493870.26059939904,YES,YES,YES,YES,YES,NONE
50km_12_27,30,43,21.029710500000004,35.29732375,476407.8838368262,462382.3001398133,YES,YES,YES,YES,YES,NONE
50km_12_28,13,16,8.6053335,10.571651,213104.40902366154,163028.04209453973,YES,YES,YES,YES,YES,NONE
50km_12_29,8,11,6.28277075,6.92819575,129939.10066106255,112569.52690822611,YES,YES,YES,YES,YES,NONE
50km_12_30,11,15,4.25693825,9.3502545,179775.73008188163,173841.21017800848,YES,YES,YES,YES,YES,NONE
50km_12_31,11,18,7.5611115,9.15279775,178248.18237621873,193632.877491421,YES,YES,YES,YES,YES,NONE
50km_12_32,24,48,18.204508999999998,40.490975000000006,309207.44044792285,300098.328042105,YES,YES,YES,YES,YES,NONE
50km_12_33,17,17,11.312741749999999,12.930063,354489.1428332637,199564.31598000825,YES,YES,YES,YES,YES,NONE
50km_12_34,13,20,5.985965,11.971535999999999,213563.7221531225,236398.99720771093,YES,YES,YES,YES,YES,NONE
50km_12_35,10,12,6.25374625,9.637981,172072.24462826079,149791.43926121006,YES,YES,YES,YES,YES,NONE
50km_12_36,10,13,8.322251999999999,9.019083,183717.28668448335,156090.05262224056,YES,YES,YES,YES,YES,NONE
50km_12_37,2,2,0.3291735,1.5625,37229.79218891052,26361.088231056052,YES,YES,YES,YES,YES,NONE
50km_12_38,2,5,2.0,3.0926572500000002,36938.67848546483,55193.93617098316,YES,YES,YES,YES,YES,NONE
50km_12_39,1,3,0.0625,1.125,15027.373174659737,36414.3958573428,YES,YES,YES,YES,YES,NONE
50km_12_40,0,3,0.0,2.3984170000000002,0.0,40269.841804277035,NO,YES,YES,NO,NO,A_ONLY_ZERO
50km_12_41,3,7,0.33782875,2.970513,45082.119523979214,76268.52785384185,YES,YES,YES,YES,YES,NONE
50km_12_42,3,8,1.058977,5.477400749999999,48929.70374834631,76929.64860932168,YES,YES,YES,YES,YES,NONE
50km_12_43,12,8,7.402970749999999,5.086379,168347.86547185478,68495.41762351712,YES,YES,YES,YES,YES,NONE
50km_12_44,16,23,7.64261675,15.144173249999998,122115.72170939109,116514.51554157976,YES,YES,YES,YES,YES,NONE
50km_12_45,18,32,9.4440475,18.6038235,135253.5714097284,162778.98527555028,YES,YES,YES,YES,YES,NONE
50km_12_46,16,32,11.136612750000001,20.683855500000004,115377.00169536975,160865.7136071153,YES,YES,YES,YES,YES,NONE
50km_12_47,13,29,8.223872499999999,20.956304499999995,97705.4105188782,151962.5578220571,YES,YES,YES,YES,YES,NONE
50km_12_48,15,27,9.3199455,17.9753225,111021.9143321956,142001.22971817994,YES,YES,YES,YES,YES,NONE
50km_12_49,43,60,36.792229000000006,50.854907499999996,334555.10254386585,310106.8167289215,YES,YES,YES,YES,YES,NONE
50km_12_50,71,105,62.129994249999996,88.01469449999999,596544.5882705662,579540.1570195177,YES,YES,YES,YES,YES,NONE
50km_12_51,35,58,30.753877250000002,50.8275295,442434.7995448807,487519.5910671122,YES,YES,YES,YES,YES,NONE
50km_12_52,29,44,27.6875,40.198069000000004,479010.6247933217,480336.0286598863,YES,YES,YES,YES,YES,NONE
50km_12_53,26,36,25.125,35.883326,398977.5425847117,373298.28507431323,YES,YES,YES,YES,YES,NONE
50km_12_54,6,7,6.0,7.0,99514.76373429032,81784.74105040156,YES,YES,YES,YES,YES,NONE
50km_13_16,6,9,5.25,6.49157925,95259.46164114255,89546.47661189109,YES,YES,YES,YES,YES,NONE
50km_13_17,58,94,52.00886625,87.34681025,558930.0844675244,532326.8175472534,YES,YES,YES,YES,YES,NONE
50km_13_18,59,92,55.12464575,81.92769675000001,566137.9502611979,571989.7696521595,YES,YES,YES,YES,YES,NONE
50km_13_19,56,85,52.151377249999996,76.95666900000002,545277.7199089713,537656.6969941533,YES,YES,YES,YES,YES,NONE
50km_13_20,30,58,26.1625315,47.87207925,443426.1974576611,596218.691322935,YES,YES,YES,YES,YES,NONE
50km_13_21,31,48,26.96778625,38.041089,455147.4029718205,483809.7725512687,YES,YES,YES,YES,YES,NONE
50km_13_22,35,54,31.927818,47.95050225,519376.9792611519,541616.9937373109,YES,YES,YES,YES,YES,NONE
50km_13_23,31,39,23.882192749999998,33.68064650000001,450309.1112289311,385468.34064536105,YES,YES,YES,YES,YES,NONE
50km_13_24,23,39,18.9022215,29.954380999999998,337721.26061254344,368225.12014511705,YES,YES,YES,YES,YES,NONE
50km_13_25,27,33,19.71651725,28.55844075,409583.5326248014,350076.50192601996,YES,YES,YES,YES,YES,NONE
50km_13_26,31,40,26.67501,35.13357125,472516.0678905725,424041.5995440751,YES,YES,YES,YES,YES,NONE
50km_13_27,29,41,25.417738,31.574762749999998,476281.037361327,437880.5575798854,YES,YES,YES,YES,YES,NONE
50km_13_28,23,38,17.646051,28.184577,379297.76679066307,397701.9324274494,YES,YES,YES,YES,YES,NONE
50km_13_29,17,35,12.136043749999997,24.41215275,277964.13753083645,368801.1746716471,YES,YES,YES,YES,YES,NONE
50km_13_30,17,22,9.83845275,15.226189749999998,281570.1456045789,242746.55128134062,YES,YES,YES,YES,YES,NONE
50km_13_31,21,30,14.676031250000001,22.233487500000003,359586.4631743678,341672.90492729197,YES,YES,YES,YES,YES,NONE
50km_13_32,40,53,34.80161125,45.03979774999999,436865.72929970524,333626.93517329945,YES,YES,YES,YES,YES,NONE
50km_13_33,6,12,5.547797,8.431794499999999,80044.55474400964,113147.41772094241,YES,YES,YES,YES,YES,NONE
50km_13_34,4,13,3.002833,5.777831999999999,68506.43831513797,142021.26423543697,YES,YES,YES,YES,YES,NONE
50km_13_35,5,8,2.875,6.020622,88874.54645604425,99948.03685447991,YES,YES,YES,YES,YES,NONE
50km_13_36,11,6,4.758219,3.9259525,196821.44643883852,74484.93187554886,YES,YES,YES,YES,YES,NONE
50km_13_37,4,4,2.55038275,2.5552657500000002,76655.8927698248,52148.517878800674,YES,YES,YES,YES,YES,NONE
50km_13_38,4,2,3.125,0.2860455,79684.24439007518,26091.3577102825,YES,YES,YES,YES,YES,NONE
50km_13_39,0,2,0.0,1.2780420000000001,0.0,26091.3577102825,NO,YES,YES,NO,NO,A_ONLY_ZERO
50km_13_40,1,4,0.25,1.8880005,21209.52229758253,48859.47455129308,YES,YES,YES,YES,YES,NONE
50km_13_41,7,4,4.928323750000001,1.9524927499999998,117958.42959062482,42924.62309977653,YES,YES,YES,YES,YES,NONE
50km_13_42,1,4,1.0,3.0385025,15729.156187882294,36299.58659468504,YES,YES,YES,YES,YES,NONE
50km_13_43,6,5,2.3580602500000003,3.4642565,71076.43670401834,47459.6263761601,YES,YES,YES,YES,YES,NONE
50km_13_44,3,2,1.052805,1.5625,22579.04258821279,10438.171576712592,YES,YES,YES,YES,YES,NONE
50km_13_45,1,0,0.4301835,0.0,8696.776315789473,0.0,YES,NO,NO,YES,NO,B_ONLY_ZERO
50km_13_46,2,5,1.08196825,1.4375,15279.26171221814,26119.434432277896,YES,YES,YES,YES,YES,NONE
50km_13_47,10,16,6.69328,10.838461,76980.62416221872,82514.68464291673,YES,YES,YES,YES,YES,NONE
50km_13_48,12,10,9.13535325,7.44852725,92117.74927288866,53410.73482959738,YES,YES,YES,YES,YES,NONE
50km_13_49,21,30,14.281720999999997,21.181953249999992,177242.7675656565,162515.88798249987,YES,YES,YES,YES,YES,NONE
50km_13_50,16,29,12.903948249999997,27.131982500000003,241079.831815468,286325.7930585988,YES,YES,YES,YES,YES,NONE
50km_13_51,29,49,25.764421,43.02471075000001,449217.2868299865,501048.1510687235,YES,YES,YES,YES,YES,NONE
50km_13_52,35,51,32.930529,46.227126750000004,511572.1574072519,509641.0348940377,YES,YES,YES,YES,YES,NONE
50km_13_53,1,1,1.0,1.0,10346.070710933653,11965.744136466765,YES,YES,YES,YES,YES,NONE
50km_14_16,3,7,2.5625,6.331035,43761.682955303215,68992.86244512696,YES,YES,YES,YES,YES,NONE
50km_14_17,24,45,20.0600265,34.7889795,369358.0748499791,454590.2421118168,YES,YES,YES,YES,YES,NONE
50km_14_18,38,55,31.235917499999996,45.70333575,559358.0533776386,549608.6258578758,YES,YES,YES,YES,YES,NONE
50km_14_19,40,62,36.03315875,57.07414925,614149.4727749819,614416.9508070209,YES,YES,YES,YES,YES,NONE
50km_14_20,41,55,37.02710775,49.07780725,641273.4110919088,550265.6603008575,YES,YES,YES,YES,YES,NONE
50km_14_21,35,56,30.50185475,50.5553635,550030.3584407823,560545.1179795238,YES,YES,YES,YES,YES,NONE
50km_14_22,30,47,24.97427725,41.59489575,464259.7298154481,481671.55755684315,YES,YES,YES,YES,YES,NONE
50km_14_23,32,52,29.846514,47.2394875,490432.92857180006,536473.9697013155,YES,YES,YES,YES,YES,NONE
50km_14_24,37,56,34.156285249999996,48.23033775,559476.1849451751,573344.301087365,YES,YES,YES,YES,YES,NONE
50km_14_25,32,57,26.606638249999996,50.060684249999994,489368.1034691414,588020.0562560648,YES,YES,YES,YES,YES,NONE
50km_14_26,31,42,27.64076625,36.76317125,473839.3823576863,423948.0273409558,YES,YES,YES,YES,YES,NONE
50km_14_27,31,44,26.53431675,37.04123325,487995.57046978944,456713.0475187584,YES,YES,YES,YES,YES,NONE
50km_14_28,32,54,26.81148075,45.729892,507107.440879167,565720.2642134737,YES,YES,YES,YES,YES,NONE
50km_14_29,30,44,24.57565875,37.7531295,476403.97703829175,461313.1276053685,YES,YES,YES,YES,YES,NONE
50km_14_30,29,39,22.2431665,31.478289999999998,446122.8318587123,437957.1139723507,YES,YES,YES,YES,YES,NONE
50km_14_31,18,26,12.636299499999998,19.252856499999993,282764.6266689031,292972.9362108593,YES,YES,YES,YES,YES,NONE
50km_14_32,17,32,11.05502925,25.016765499999998,260399.29773785884,323720.6760999276,YES,YES,YES,YES,YES,NONE
50km_14_33,6,11,3.625,5.96018175,102790.34936073178,115178.36028320862,YES,YES,YES,YES,YES,NONE
50km_14_34,7,6,5.65425,3.4181437499999996,120173.774215902,65600.59013881838,YES,YES,YES,YES,YES,NONE
50km_14_35,9,14,5.226500500000001,6.560758,162671.18664032838,152252.7088180883,YES,YES,YES,YES,YES,NONE
50km_14_36,9,20,4.82275475,12.621169499999999,171675.0112125316,213712.46131076224,YES,YES,YES,YES,YES,NONE
50km_14_37,8,8,5.91051525,6.1304735,146772.42252450145,97516.90195408254,YES,YES,YES,YES,YES,NONE
50km_14_38,7,9,5.3793050000000004,6.74085675,132903.7667435067,100359.33217847314,YES,YES,YES,YES,YES,NONE
50km_14_39,2,1,1.1441895,0.0625,33013.96667983862,12865.395966966074,YES,YES,YES,YES,YES,NONE
50km_14_40,2,3,1.0625,2.0625,31437.274046417446,27631.27598475552,YES,YES,YES,YES,YES,NONE
50km_14_41,6,8,3.25272675,5.307930499999999,106003.26564411186,86673.69200426343,YES,YES,YES,YES,YES,NONE
50km_14_42,2,2,1.988315,1.220281,22151.897976663997,18965.292703416202,YES,YES,YES,YES,YES,NONE
50km_14_49,0,1,0.0,0.08260325,0.0,5003.732601210288,NO,YES,YES,NO,NO,A_ONLY_ZERO
50km_14_50,3,8,3.0,6.80791025,31957.928207999747,42814.65294996307,YES,YES,YES,YES,YES,NONE
50km_14_51,45,74,43.1612225,65.80362125,346540.33223652554,428943.6054225975,YES,YES,YES,YES,YES,NONE
50km_14_52,70,103,63.7297765,95.46368174999999,606831.4682467631,551714.328985302,YES,YES,YES,YES,YES,NONE
50km_14_53,3,5,3.0,5.0,37136.006368267714,32814.58453905983,YES,YES,YES,YES,YES,NONE
50km_15_16,3,5,3.0,4.0625,43948.76571512777,48558.06292004406,YES,YES,YES,YES,YES,NONE
50km_15_17,22,26,18.81424275,23.430365749999996,324161.7761186261,263440.47990167444,YES,YES,YES,YES,YES,NONE
50km_15_18,32,64,29.39789825,59.038335249999996,488484.0702888559,642373.1005351706,YES,YES,YES,YES,YES,NONE
50km_15_19,40,54,36.49770625,48.51754375000001,629277.1816483784,534942.705102253,YES,YES,YES,YES,YES,NONE
50km_15_20,38,62,37.007924,56.423826250000005,593615.6933288891,607963.1451238114,YES,YES,YES,YES,YES,NONE
50km_15_21,25,38,21.434796,32.106201999999996,387951.3724940404,380337.46052728035,YES,YES,YES,YES,YES,NONE
50km_15_22,33,59,30.513957,50.21809975,518389.0109937471,590547.759192132,YES,YES,YES,YES,YES,NONE
50km_15_23,39,52,30.906410250000004,45.11468300000001,600392.6515938669,533319.4194680286,YES,YES,YES,YES,YES,NONE
50km_15_24,36,55,30.553715249999996,47.805775249999996,546998.419950224,565895.82039802,YES,YES,YES,YES,YES,NONE
50km_15_25,39,55,36.228525250000004,47.5753225,583794.873544109,528963.612842302,YES,YES,YES,YES,YES,NONE
50km_15_26,18,28,14.008156000000001,21.131487,272698.5614746514,276461.2672437673,YES,YES,YES,YES,YES,NONE
50km_15_27,22,37,16.65177075,27.702799499999998,343112.12607599056,376639.2622936855,YES,YES,YES,YES,YES,NONE
50km_15_28,30,42,25.270075749999997,36.35237375,467654.0125246897,435392.8468229517,YES,YES,YES,YES,YES,NONE
50km_15_29,28,45,22.39545925,35.731038250000005,421682.0182650273,454864.33518253174,YES,YES,YES,YES,YES,NONE
50km_15_30,21,33,14.086702749999999,19.170196000000004,302041.3254466663,333742.20957209874,YES,YES,YES,YES,YES,NONE
50km_15_31,19,25,14.669365500000001,18.83947725,294813.38673022663,250727.84536690937,YES,YES,YES,YES,YES,NONE
50km_15_32,20,26,15.7577095,20.79411925,307057.4661267124,254363.94185085286,YES,YES,YES,YES,YES,NONE
50km_15_33,7,15,5.284825,9.4091245,108689.88199035393,162173.1450402288,YES,YES,YES,YES,YES,NONE
50km_15_34,18,28,13.845081,17.26736475,304031.5437640963,313612.4849222267,YES,YES,YES,YES,YES,NONE
50km_15_35,10,18,8.713924500000001,12.706335000000001,148188.3999734841,173853.79521939938,YES,YES,YES,YES,YES,NONE
50km_15_36,19,28,12.708231750000001,21.14894775,335581.0036128952,295132.66065920884,YES,YES,YES,YES,YES,NONE
50km_15_37,12,28,10.07619375,19.034264250000003,227155.09426146853,335002.7829653622,YES,YES,YES,YES,YES,NONE
50km_15_38,5,6,3.5837472499999996,3.1827479999999997,75623.46666499539,61881.17471435652,YES,YES,YES,YES,YES,NONE
50km_15_39,2,8,1.2532555,4.10052925,33651.55842120278,86061.21954781227,YES,YES,YES,YES,YES,NONE
50km_15_40,8,7,5.9538795,4.56129625,154679.62739382373,74119.72492606615,YES,YES,YES,YES,YES,NONE
50km_15_41,5,6,2.53029125,2.23382475,96225.68441140628,58538.063309917874,YES,YES,YES,YES,YES,NONE
50km_15_42,10,17,6.5039015,10.381874,175810.8076218618,198329.37189908963,YES,YES,YES,YES,YES,NONE
50km_15_43,3,5,1.625,3.59960975,57016.65891483614,68711.65569277624,YES,YES,YES,YES,YES,NONE
50km_15_44,1,3,1.0,2.07551175,21902.69757058892,34436.63546300092,YES,YES,YES,YES,YES,NONE
50km_15_45,7,8,4.4165335,5.375,119386.64895845199,102419.61774394359,YES,YES,YES,YES,YES,NONE
50km_15_46,19,34,12.1027155,28.066401499999998,306305.5746279377,240509.7687018824,YES,YES,YES,YES,YES,NONE
50km_15_47,40,55,31.072643,48.47760675,470742.0830887387,325675.9246325796,YES,YES,YES,YES,YES,NONE
50km_15_48,18,22,14.867626,18.0589795,230938.26034720376,230841.50777510047,YES,YES,YES,YES,YES,NONE
50km_15_49,7,12,6.851657,11.54736575,127147.06712003928,119046.0045780814,YES,YES,YES,YES,YES,NONE
50km_15_50,0,2,0.0,2.0,0.0,24662.910949600664,NO,YES,YES,NO,NO,A_ONLY_ZERO
50km_15_51,7,5,5.67244575,5.0,106926.51866718731,46488.50333168901,YES,YES,YES,YES,YES,NONE
50km_15_52,26,47,23.969886000000002,44.861752,424533.958422274,497242.15859600727,YES,YES,YES,YES,YES,NONE
50km_15_53,19,27,17.18502275,25.668612,324088.89817813376,280555.24407130573,YES,YES,YES,YES,YES,NONE
50km_16_16,4,6,3.25,2.55652,55084.90963812137,62868.6387804453,YES,YES,YES,YES,YES,NONE
50km_16_17,25,40,21.41894,31.797045999999998,363103.7420745335,401679.6278955929,YES,YES,YES,YES,YES,NONE
50km_16_18,28,47,25.523556499999998,40.84942825,407629.7341448406,462030.1415429527,YES,YES,YES,YES,YES,NONE
50km_16_19,38,61,31.780947500000003,55.62505,590112.119651119,602062.3075298823,YES,YES,YES,YES,YES,NONE
50km_16_20,37,55,34.201359000000004,50.53069675,578553.9990047867,550179.7036396193,YES,YES,YES,YES,YES,NONE
50km_16_21,33,44,26.459277999999998,37.52281525,488539.74687992356,446612.8621988612,YES,YES,YES,YES,YES,NONE
50km_16_22,39,54,36.12415525,49.50710575000001,590500.0087876376,522241.2396538503,YES,YES,YES,YES,YES,NONE
50km_16_23,32,50,23.072418499999998,41.991341250000005,489157.29300349863,509936.9686078322,YES,YES,YES,YES,YES,NONE
50km_16_24,28,49,21.4451155,39.458599,422447.52374362596,493104.7032212187,YES,YES,YES,YES,YES,NONE
50km_16_25,28,35,22.86544975,25.9372075,413589.3436290193,347282.027968681,YES,YES,YES,YES,YES,NONE
50km_16_26,18,26,14.159969,19.24927525,274075.5922903355,257091.92763289335,YES,YES,YES,YES,YES,NONE
50km_16_27,19,30,17.106694,18.708742,281771.3443893804,300523.7764299959,YES,YES,YES,YES,YES,NONE
50km_16_28,23,33,13.77528525,23.672299250000002,334385.62918270734,329230.221414926,YES,YES,YES,YES,YES,NONE
50km_16_29,17,19,12.576009250000002,14.5836635,246772.06857031278,190001.61706897314,YES,YES,YES,YES,YES,NONE
50km_16_30,16,21,14.1787615,12.8859835,234421.85654901326,212353.13956931455,YES,YES,YES,YES,YES,NONE
50km_16_31,13,13,10.46357225,10.443268,199275.08052609218,127954.15718222306,YES,YES,YES,YES,YES,NONE
50km_16_32,22,39,18.48110325,31.1242235,343534.78374419926,388543.3150923442,YES,YES,YES,YES,YES,NONE
50km_16_33,20,35,14.579174250000001,25.165217000000002,312765.6993824538,357062.48653062555,YES,YES,YES,YES,YES,NONE
50km_16_34,26,55,22.84520475,48.79759599999999,252345.0557402089,467849.26656330057,YES,YES,YES,YES,YES,NONE
50km_16_35,25,35,19.40370375,30.022371500000002,317928.05912355124,360138.9265807939,YES,YES,YES,YES,YES,NONE
50km_16_36,36,46,30.70789875,41.417003,464812.5493531221,398475.762509111,YES,YES,YES,YES,YES,NONE
50km_16_37,18,22,9.7647245,11.995909000000001,291858.6264824095,242491.51397538887,YES,YES,YES,YES,YES,NONE
50km_16_38,5,4,3.1875,3.16165625,97296.48101039039,41780.64969501764,YES,YES,YES,YES,YES,NONE
50km_16_39,3,0,1.5274969999999999,0.0,67823.15939210696,0.0,YES,NO,NO,YES,NO,B_ONLY_ZERO
50km_16_40,3,8,2.441666,5.680861999999999,58453.94298241746,90215.13813658069,YES,YES,YES,YES,YES,NONE
50km_16_41,7,10,2.89603825,5.158109,118293.74204813424,119865.98429007122,YES,YES,YES,YES,YES,NONE
50km_16_42,8,16,4.90724,10.53009525,143628.1735275034,192305.69728321512,YES,YES,YES,YES,YES,NONE
50km_16_43,11,23,7.16018075,9.923318,191907.06529430117,284421.067281302,YES,YES,YES,YES,YES,NONE
50km_16_44,10,16,7.440517,11.0147105,172883.68303665705,191245.35243513517,YES,YES,YES,YES,YES,NONE
50km_16_45,17,17,12.01273175,13.487437,314002.4617810918,218873.20715673486,YES,YES,YES,YES,YES,NONE
50km_16_46,31,41,27.03659525,29.523747250000003,324624.5291606848,325869.7955965024,YES,YES,YES,YES,YES,NONE
50km_16_47,46,60,40.436721750000004,52.29027625,524683.9031045946,421893.63582620234,YES,YES,YES,YES,YES,NONE
50km_16_48,42,65,35.29549975,57.77548225,488037.5222045107,501440.51634538325,YES,YES,YES,YES,YES,NONE
50km_16_49,14,22,9.0027545,18.9844385,243231.2587854933,276108.98100343253,YES,YES,YES,YES,YES,NONE
50km_16_50,3,4,2.5625,3.125,56548.802413887206,57200.176717614806,YES,YES,YES,YES,YES,NONE
50km_16_51,2,4,1.51505425,4.0,40077.22235279465,46221.661870181684,YES,YES,YES,YES,YES,NONE
50km_16_52,32,50,30.74882475,45.04926575,380302.4757586246,440036.7915412887,YES,YES,YES,YES,YES,NONE
50km_16_53,25,34,22.661165,33.05263925,361290.63612969755,350348.66908006516,YES,YES,YES,YES,YES,NONE
50km_17_17,25,43,21.379062249999997,38.00765175,383207.9990847482,417031.71665546106,YES,YES,YES,YES,YES,NONE
50km_17_18,41,58,37.09764275,52.9307345,594475.7008027129,556662.3419382982,YES,YES,YES,YES,YES,NONE
50km_17_19,38,52,32.895563749999994,45.36405675,567814.6792755169,521559.14805453346,YES,YES,YES,YES,YES,NONE
50km_17_20,31,54,25.607758999999998,51.0686825,466428.94104023767,550781.618119008,YES,YES,YES,YES,YES,NONE
50km_17_21,34,42,29.848891249999998,35.07063049999999,503211.6504546967,425178.9399690776,YES,YES,YES,YES,YES,NONE
50km_17_22,35,47,32.28583525,38.11709475000001,510805.4723023137,472609.1537475609,YES,YES,YES,YES,YES,NONE
50km_17_23,29,44,25.87758075,34.833093000000005,433332.2427161224,443802.255434247,YES,YES,YES,YES,YES,NONE
50km_17_24,34,48,29.4952515,37.68797749999999,508967.42331782036,484121.5172206424,YES,YES,YES,YES,YES,NONE
50km_17_25,26,29,16.31405975,21.37796875,392455.132729247,290983.19626574946,YES,YES,YES,YES,YES,NONE
50km_17_26,23,45,17.59989325,33.86782325,350711.28689584543,445433.01024349703,YES,YES,YES,YES,YES,NONE
50km_17_27,22,37,17.973879500000002,30.023763,331463.4421107837,367924.09585504624,YES,YES,YES,YES,YES,NONE
50km_17_28,14,25,12.376444000000001,20.469806,205693.9934437412,248753.1854851632,YES,YES,YES,YES,YES,NONE
50km_17_29,24,34,16.56712625,26.411573250000004,349556.52757512714,339767.75847411755,YES,YES,YES,YES,YES,NONE
50km_17_30,16,31,8.99957125,22.505351249999997,228306.75279425952,309766.6624981081,YES,YES,YES,YES,YES,NONE
50km_17_31,17,25,10.507755,16.36150875,260454.474837591,254747.9575715009,YES,YES,YES,YES,YES,NONE
50km_17_32,17,28,11.94873275,22.18854825,271609.11408822716,284118.2459717631,YES,YES,YES,YES,YES,NONE
50km_17_33,18,25,10.5201475,15.98341875,293320.03374111967,260426.87258186017,YES,YES,YES,YES,YES,NONE
50km_17_34,18,24,11.9226215,17.708591,296595.1523217281,264472.5223109064,YES,YES,YES,YES,YES,NONE
50km_17_35,16,19,13.181792249999999,11.272771500000001,255457.91406402912,208517.50062587,YES,YES,YES,YES,YES,NONE
50km_17_36,16,24,9.9107815,11.972538,335308.2124872214,276158.5122223457,YES,YES,YES,YES,YES,NONE
50km_17_37,4,6,3.214784,3.5476917500000003,57155.549486352094,64532.993711955896,YES,YES,YES,YES,YES,NONE
50km_17_38,2,6,1.0625,2.3301594999999997,26653.65299424909,63209.78520419152,YES,YES,YES,YES,YES,NONE
50km_17_39,5,3,3.15948075,2.5625,89891.2170288349,35702.09538063333,YES,YES,YES,YES,YES,NONE
50km_17_40,7,14,4.39770575,5.062027499999999,106286.55554789156,154821.87282383433,YES,YES,YES,YES,YES,NONE
50km_17_41,3,21,0.1617695,14.123868749999998,43478.22354147412,221703.41984614,YES,YES,YES,YES,YES,NONE
50km_17_42,7,9,4.8535319999999995,6.19796675,118229.95154608173,114387.36014809819,YES,YES,YES,YES,YES,NONE
50km_17_43,12,18,5.704958,9.358530499999999,217685.12773190366,223740.87291616635,YES,YES,YES,YES,YES,NONE
50km_17_44,11,22,6.6856885,12.18843425,191598.42845183623,283445.65572784556,YES,YES,YES,YES,YES,NONE
50km_17_45,14,19,7.93637975,11.720344,228661.09598394454,234062.30897306727,YES,YES,YES,YES,YES,NONE
50km_17_46,15,16,10.8862175,11.87135,272793.44393966463,216357.75991704426,YES,YES,YES,YES,YES,NONE
50km_17_47,22,22,16.80153325,17.611568249999998,414755.73764485883,299065.69520913897,YES,YES,YES,YES,YES,NONE
50km_17_48,27,30,23.770222750000002,27.7221525,452452.0543997121,317200.4328315743,YES,YES,YES,YES,YES,NONE
50km_17_49,28,39,23.19698225,32.823815,478262.04915606807,470606.30371897784,YES,YES,YES,YES,YES,NONE
50km_17_50,28,41,24.18009425,32.78202675,492098.85109713895,520798.1092050938,YES,YES,YES,YES,YES,NONE
50km_17_51,15,30,12.734632,25.887608,250774.95574784715,314640.1143264913,YES,YES,YES,YES,YES,NONE
50km_17_52,54,93,50.41703424999999,87.3133785,400405.12346897897,504939.3780857237,YES,YES,YES,YES,YES,NONE
50km_17_53,13,17,11.775452,15.997899,88737.08124253125,79178.05278234153,YES,YES,YES,YES,YES,NONE
50km_18_17,26,39,24.819956,35.184678,398934.21081218275,383318.6581453082,YES,YES,YES,YES,YES,NONE
50km_18_18,30,50,25.92582025,43.639875249999996,447869.71153315256,490255.783619719,YES,YES,YES,YES,YES,NONE
50km_18_19,32,47,28.3720835,40.06564975,467372.0183020098,471444.8714863247,YES,YES,YES,YES,YES,NONE
50km_18_20,35,48,29.681392,40.662485499999995,522481.87067208486,485938.58675278124,YES,YES,YES,YES,YES,NONE
50km_18_21,22,41,20.7889065,36.76310175,323950.40878855105,416902.44200075656,YES,YES,YES,YES,YES,NONE
50km_18_22,36,49,31.314788999999998,43.397960000000005,529063.4437237456,499218.7934323666,YES,YES,YES,YES,YES,NONE
50km_18_23,38,51,31.664635749999995,45.640922,559801.7912961789,502997.75728913926,YES,YES,YES,YES,YES,NONE
50km_18_24,23,45,19.4570375,39.88900775,336516.21979953354,444034.3048313575,YES,YES,YES,YES,YES,NONE
50km_18_25,20,37,15.97153475,29.36075925,300939.93930163304,371673.65748474526,YES,YES,YES,YES,YES,NONE
50km_18_26,17,37,10.3159265,26.49067625,257521.31989930233,366189.49782184366,YES,YES,YES,YES,YES,NONE
50km_18_27,27,52,22.81425525,44.64013875,415115.50088061194,513455.7141710241,YES,YES,YES,YES,YES,NONE
50km_18_28,33,41,28.601937999999997,35.78047175,520425.95512361795,406638.1661815885,YES,YES,YES,YES,YES,NONE
50km_18_29,25,43,20.2267915,29.472754750000004,387500.98898646975,424325.19051309326,YES,YES,YES,YES,YES,NONE
50km_18_30,27,38,23.833665000000003,33.19384325,408212.76786043216,377377.7421837513,YES,YES,YES,YES,YES,NONE
50km_18_31,24,37,16.45955,28.7921185,373613.79300651106,373376.1984861861,YES,YES,YES,YES,YES,NONE
50km_18_32,18,27,13.88769725,20.726124249999998,291496.1660236975,275366.35433694074,YES,YES,YES,YES,YES,NONE
50km_18_33,18,25,12.53429275,16.404266,290995.66265733156,255389.0536615398,YES,YES,YES,YES,YES,NONE
50km_18_34,15,24,8.54123025,16.014409999999998,232521.66440489658,254355.98500365205,YES,YES,YES,YES,YES,NONE
50km_18_35,19,24,11.461559500000002,18.383243499999995,285954.43967887404,249464.95159375685,YES,YES,YES,YES,YES,NONE
50km_18_36,19,34,11.756843000000002,21.361459999999997,290082.33131713443,418572.31849653425,YES,YES,YES,YES,YES,NONE
50km_18_37,14,23,9.644511,18.0115205,249368.46705918876,271025.8978123144,YES,YES,YES,YES,YES,NONE
50km_18_38,2,6,1.0625,5.0625,34250.69014868476,67711.28726317543,YES,YES,YES,YES,YES,NONE
50km_18_39,4,5,3.07399775,3.4025895,72413.65924648657,61348.53191783647,YES,YES,YES,YES,YES,NONE
50km_18_40,5,7,2.949815,5.625,78878.65398772714,79984.58415756129,YES,YES,YES,YES,YES,NONE
50km_18_41,4,9,2.25861275,4.317764499999999,83827.26528699922,97144.39622736312,YES,YES,YES,YES,YES,NONE
50km_18_42,8,12,3.9148630000000004,7.936530749999999,149042.14746345484,144014.9544146464,YES,YES,YES,YES,YES,NONE
50km_18_43,13,14,8.527097999999999,8.52621675,248176.0317867268,174166.49275957333,YES,YES,YES,YES,YES,NONE
50km_18_44,12,17,4.72746725,8.040479750000001,214504.62469868525,210163.80789729333,YES,YES,YES,YES,YES,NONE
50km_18_45,7,11,3.812753,8.02768975,129641.14539426866,137684.71151196645,YES,YES,YES,YES,YES,NONE
50km_18_46,10,11,8.641707499999999,8.67314425,180579.16328322835,138563.7989922628,YES,YES,YES,YES,YES,NONE
50km_18_47,24,30,17.02133775,25.79171925,431276.3388276726,386188.5229197584,YES,YES,YES,YES,YES,NONE
50km_18_48,32,48,27.61471225,40.073085250000005,468849.2402089502,518516.5443992681,YES,YES,YES,YES,YES,NONE
50km_18_49,59,79,50.45723525,69.07129725,635499.2317684497,541093.9528206928,YES,YES,YES,YES,YES,NONE
50km_18_50,30,47,26.86923825,39.074417499999996,527381.1404987419,570790.3981717846,YES,YES,YES,YES,YES,NONE
50km_18_51,7,15,7.0,13.1860245,125899.7254856517,188973.5489261434,YES,YES,YES,YES,YES,NONE
50km_18_52,14,16,12.30465225,12.72103025,230192.0752589929,169346.58982280275,YES,YES,YES,YES,YES,NONE
50km_18_53,1,5,1.0,4.02771975,15019.127946947789,53206.92864924307,YES,YES,YES,YES,YES,NONE
50km_19_16,1,4,1.0,3.973665,16282.312084627309,39252.23441849995,YES,YES,YES,YES,YES,NONE
50km_19_17,32,48,27.529942,43.17283125,481707.009696741,465086.94320540247,YES,YES,YES,YES,YES,NONE
50km_19_18,30,44,21.693462500000003,36.01315725,450363.201253429,430599.4071990018,YES,YES,YES,YES,YES,NONE
50km_19_19,30,44,25.4794545,35.99427925,443411.17328499607,447902.3583964329,YES,YES,YES,YES,YES,NONE
50km_19_20,34,47,31.38511375,43.23825525,510269.82162131893,477309.99324335664,YES,YES,YES,YES,YES,NONE
50km_19_21,41,49,37.13991825000001,45.594532,613233.033722929,494901.14358533884,YES,YES,YES,YES,YES,NONE
50km_19_22,32,50,26.43386125,42.053389749999994,485123.8899320073,508549.5747730882,YES,YES,YES,YES,YES,NONE
50km_19_23,34,51,31.034084999999997,43.882307499999996,513482.3272576299,521434.3294898864,YES,YES,YES,YES,YES,NONE
50km_19_24,28,51,24.651759249999998,39.271660999999995,420354.21222409065,493566.1875019588,YES,YES,YES,YES,YES,NONE
50km_19_25,29,52,23.518088249999998,41.16256524999999,428314.71113784227,503108.8767612272,YES,YES,YES,YES,YES,NONE
50km_19_26,45,65,39.03086475,58.4481015,522192.2805129672,507058.43309111526,YES,YES,YES,YES,YES,NONE
50km_19_27,23,39,17.70294825,31.093687999999997,334247.7611426918,372131.40445913636,YES,YES,YES,YES,YES,NONE
50km_19_28,22,46,17.543291,36.9691905,356954.4857143186,461492.15516570903,YES,YES,YES,YES,YES,NONE
50km_19_29,33,52,28.80516325,41.68779574999999,518302.93951247743,515608.53224276385,YES,YES,YES,YES,YES,NONE
50km_19_30,34,43,26.44222725,34.14954375000001,536101.6255832404,422830.9694808045,YES,YES,YES,YES,YES,NONE
50km_19_31,33,48,27.08003025,41.41021775,519309.4743993677,476494.44752809504,YES,YES,YES,YES,YES,NONE
50km_19_32,17,42,9.047359,30.92086225,276187.0637442493,426213.5712783382,YES,YES,YES,YES,YES,NONE
50km_19_33,20,27,14.7292705,19.042323,308421.2095136451,266263.6073791244,YES,YES,YES,YES,YES,NONE
50km_19_34,11,12,8.413074,5.752682,166501.00580309855,124695.34879341787,YES,YES,YES,YES,YES,NONE
50km_19_35,27,35,19.415418000000003,28.100735750000002,414756.0668523986,340468.2503851004,YES,YES,YES,YES,YES,NONE
50km_19_36,22,27,15.204246,18.962025499999996,327799.52035453194,290403.7547733772,YES,YES,YES,YES,YES,NONE
50km_19_37,16,17,11.3562705,10.74655525,246864.3201945234,180200.19602998794,YES,YES,YES,YES,YES,NONE
50km_19_38,8,11,4.32092525,3.76507475,130857.67090064012,106763.7551724041,YES,YES,YES,YES,YES,NONE
50km_19_39,6,8,1.5346872500000002,2.167191,86127.74745532832,88313.50599247559,YES,YES,YES,YES,YES,NONE
50km_19_40,4,10,1.67534675,5.7632442500000005,69348.65932159916,112520.53358680406,YES,YES,YES,YES,YES,NONE
50km_19_41,1,5,0.0483955,2.2768325000000003,14990.45988110431,59937.212984852915,YES,YES,YES,YES,YES,NONE
50km_19_42,7,9,4.72471375,4.42338975,142525.54934274126,100697.73305876422,YES,YES,YES,YES,YES,NONE
50km_19_43,13,10,7.52378425,3.7021392499999997,234377.66582552178,121939.01454131893,YES,YES,YES,YES,YES,NONE
50km_19_44,11,17,8.904236,11.0822805,213663.325318977,204274.93291221696,YES,YES,YES,YES,YES,NONE
50km_19_45,7,11,4.6264715,3.995533,128461.13347383235,121994.97451307224,YES,YES,YES,YES,YES,NONE
50km_19_46,4,12,2.5487075,5.6760005,72950.47019065006,148168.83732369554,YES,YES,YES,YES,YES,NONE
50km_19_47,3,7,2.055898,3.9125370000000004,60393.87057959204,95915.50135719399,YES,YES,YES,YES,YES,NONE
50km_19_48,32,44,26.19037975,38.33185625,324967.0851355209,309530.0409421655,YES,YES,YES,YES,YES,NONE
50km_19_49,51,79,44.2516795,72.654415,475261.57071618247,474412.8782434926,YES,YES,YES,YES,YES,NONE
50km_19_50,14,32,10.844901499999999,23.503964500000002,259018.3339781532,431527.1735542032,YES,YES,YES,YES,YES,NONE
50km_19_51,1,0,1.0,0.0,20030.318395420127,0.0,YES,NO,NO,YES,NO,B_ONLY_ZERO
50km_19_52,3,7,3.0,6.0625,55851.00729527291,72210.18945528037,YES,YES,YES,YES,YES,NONE
50km_20_15,2,4,2.0,3.5625,30114.00180220736,37985.57719928444,YES,YES,YES,YES,YES,NONE
50km_20_16,20,42,18.14303225,36.799331,292963.30233406293,396653.5996133443,YES,YES,YES,YES,YES,NONE
50km_20_17,37,58,31.913345,49.464791,540692.5813995404,560000.4687705649,YES,YES,YES,YES,YES,NONE
50km_20_18,30,43,24.168447,34.08535325,462608.1250274667,421291.3458609721,YES,YES,YES,YES,YES,NONE
50km_20_19,19,41,17.262992,31.0362435,282779.9338999377,409163.5051489392,YES,YES,YES,YES,YES,NONE
50km_20_20,27,57,24.129807749999998,53.2228275,408180.3614116984,574329.6973694838,YES,YES,YES,YES,YES,NONE
50km_20_21,33,51,30.84612325,48.33246225,499546.2424134215,511847.9298775719,YES,YES,YES,YES,YES,NONE
50km_20_22,32,44,23.884298500000003,37.58665549999999,482515.9180000107,437386.588515871,YES,YES,YES,YES,YES,NONE
50km_20_23,34,53,27.57267675,41.7692155,544990.0130744021,498908.51208479446,YES,YES,YES,YES,YES,NONE
50km_20_24,28,49,23.728221,32.68353275,454301.1901970113,470994.45208233985,YES,YES,YES,YES,YES,NONE
50km_20_25,16,31,10.660063000000001,23.8343135,245346.22994789158,290139.95623283414,YES,YES,YES,YES,YES,NONE
50km_20_26,27,48,21.879631,39.137601749999995,414157.5241206542,476858.8274138705,YES,YES,YES,YES,YES,NONE
50km_20_27,52,79,45.55257025,73.99857949999999,433196.68616875965,412871.1390373821,YES,YES,YES,YES,YES,NONE
50km_20_28,45,57,40.262784249999996,47.94468475,406669.3513107489,383461.1224004806,YES,YES,YES,YES,YES,NONE
50km_20_29,22,39,17.54342825,32.38000925,351799.17138833535,392884.3648334104,YES,YES,YES,YES,YES,NONE
50km_20_30,39,51,36.402293,44.2536305,610059.0511850092,507571.9762401309,YES,YES,YES,YES,YES,NONE
50km_20_31,32,52,26.896432999999995,46.290899499999995,497700.96706428134,519237.79271202243,YES,YES,YES,YES,YES,NONE
50km_20_32,29,40,22.96651275,34.061957500000005,468249.6375774991,393536.79606269824,YES,YES,YES,YES,YES,NONE
50km_20_33,25,39,21.02910875,28.450064,364280.5606187351,405928.8894634292,YES,YES,YES,YES,YES,NONE
50km_20_34,16,17,12.505580499999999,12.56758875,240406.5461669403,162758.8623542369,YES,YES,YES,YES,YES,NONE
50km_20_35,18,20,13.92926125,11.641778249999998,267030.3454629149,203241.48343573068,YES,YES,YES,YES,YES,NONE
50km_20_36,16,22,12.076174000000002,12.664065499999998,269796.58392702724,236134.09236560744,YES,YES,YES,YES,YES,NONE
50km_20_37,8,14,4.001478,7.571216,138430.8563877205,154377.0436665806,YES,YES,YES,YES,YES,NONE
50km_20_38,5,12,2.17719025,3.9716090000000004,65322.85587004911,117166.18260674649,YES,YES,YES,YES,YES,NONE
50km_20_39,6,11,3.7552969999999997,8.200731999999999,117086.17234936007,117816.88662988484,YES,YES,YES,YES,YES,NONE
50km_20_40,3,2,0.80510925,1.25,54696.09615800323,21316.610001485322,YES,YES,YES,YES,YES,NONE
50km_20_41,2,1,0.625,1.0,36037.50316359593,11096.942683511135,YES,YES,YES,YES,YES,NONE
50km_20_42,6,9,3.573088,4.58277175,112147.59462217025,94185.98350715627,YES,YES,YES,YES,YES,NONE
50km_20_43,5,10,1.87447125,4.9674914999999995,88305.5244225251,113455.13994376449,YES,YES,YES,YES,YES,NONE
50km_20_44,10,5,3.49369525,3.7846725,150745.7131709657,62321.03296922783,YES,YES,YES,YES,YES,NONE
50km_20_45,13,24,8.600751500000001,17.911734,220847.33608021768,328045.9352239386,YES,YES,YES,YES,YES,NONE
50km_20_46,13,23,7.21166625,11.35771625,235158.38505289966,264988.81149128533,YES,YES,YES,YES,YES,NONE
50km_20_47,8,12,6.904462250000001,6.47602125,161359.35711641482,137197.3369759674,YES,YES,YES,YES,YES,NONE
50km_20_48,2,2,1.0625,0.6367115,19129.57906013803,26596.132764286544,YES,YES,YES,YES,YES,NONE
50km_20_49,1,1,1.0,0.054935,19895.446260708693,16900.471284488503,YES,YES,YES,YES,YES,NONE
50km_21_15,0,1,0.0,1.0,0.0,10129.722909428869,NO,YES,YES,NO,NO,A_ONLY_ZERO
50km_21_16,44,68,41.0983025,65.31132975,477777.0494824082,469027.7927383719,YES,YES,YES,YES,YES,NONE
50km_21_17,53,78,51.1397495,73.30410075,560173.1725590234,556128.041520989,YES,YES,YES,YES,YES,NONE
50km_21_18,22,36,18.166776249999998,28.990137,352161.5905811713,357457.8415817906,YES,YES,YES,YES,YES,NONE
50km_21_19,24,31,21.3125,25.852392249999998,381039.6372494645,308707.1653921796,YES,YES,YES,YES,YES,NONE
50km_21_20,28,46,22.79398625,39.67407125,424366.5679802738,459353.38641350326,YES,YES,YES,YES,YES,NONE
50km_21_21,37,55,34.48532675,49.05162125,561271.5437920173,549951.9956888274,YES,YES,YES,YES,YES,NONE
50km_21_22,40,61,36.468563499999995,53.837204,602826.4576654851,614453.3031317563,YES,YES,YES,YES,YES,NONE
50km_21_23,28,49,24.707368,41.28161024999999,423656.812455021,475454.73663341114,YES,YES,YES,YES,YES,NONE
50km_21_24,19,28,13.2639705,18.08940525,298765.9505737422,261087.8125117588,YES,YES,YES,YES,YES,NONE
50km_21_25,10,16,5.0717675,9.72321,160598.29184693313,152317.88653560448,YES,YES,YES,YES,YES,NONE
50km_21_26,33,50,27.78801975,40.314972,466603.528155523,422733.5891744781,YES,YES,YES,YES,YES,NONE
50km_21_27,61,95,54.24994,85.847101,463855.61792446737,544254.8476643461,YES,YES,YES,YES,YES,NONE
50km_21_28,55,84,51.41622674999999,76.65226775000001,507596.09565944463,584603.4383156438,YES,YES,YES,YES,YES,NONE
50km_21_29,21,37,19.31561975,31.41829,328678.5257305598,374200.81367931113,YES,YES,YES,YES,YES,NONE
50km_21_30,25,37,17.402406000000003,24.859626500000005,397363.91649714904,372740.3121193853,YES,YES,YES,YES,YES,NONE
50km_21_31,31,49,28.0177285,39.95116125,467097.47016313224,503982.5633205888,YES,YES,YES,YES,YES,NONE
50km_21_32,39,53,31.87439525,45.22798950000001,584492.859400343,546900.7064852397,YES,YES,YES,YES,YES,NONE
50km_21_33,33,54,26.73099125,44.36280624999999,475279.85526951996,566462.921672106,YES,YES,YES,YES,YES,NONE
50km_21_34,33,41,27.38103225,33.6639395,514722.5255483587,438113.16633689863,YES,YES,YES,YES,YES,NONE
50km_21_35,24,35,19.637305499999997,30.547684500000003,389651.45775863895,381737.7919742482,YES,YES,YES,YES,YES,NONE
50km_21_36,23,40,19.320068499999998,31.15644,369470.54969623435,492308.32948561927,YES,YES,YES,YES,YES,NONE
50km_21_37,21,17,14.5531835,12.9028545,358102.3088064367,212660.91325183326,YES,YES,YES,YES,YES,NONE
50km_21_38,0,4,0.0,3.125,0.0,64073.049268134826,NO,YES,YES,NO,NO,A_ONLY_ZERO
50km_21_39,3,4,1.3000755,0.72035025,52263.90243798173,41044.26580732227,YES,YES,YES,YES,YES,NONE
50km_21_40,6,7,2.2308015,4.340604000000001,109366.08352585821,73164.07599439425,YES,YES,YES,YES,YES,NONE
50km_21_41,6,7,3.603228,1.9042710000000003,96704.191423601,72723.37683190203,YES,YES,YES,YES,YES,NONE
50km_21_42,1,3,1.0,1.568366,22986.52413013021,35120.20039794145,YES,YES,YES,YES,YES,NONE
50km_21_45,10,10,5.07608875,3.969428,172144.049456938,120696.26637729215,YES,YES,YES,YES,YES,NONE
50km_21_46,8,8,6.61750075,3.7565584999999997,146445.12825056535,99096.98705013176,YES,YES,YES,YES,YES,NONE
50km_21_47,5,3,2.5725550000000004,2.0625,76969.00670947254,37648.215691401536,YES,YES,YES,YES,YES,NONE
50km_21_48,1,0,0.2769755,0.0,14541.94965862448,0.0,YES,NO,NO,YES,NO,B_ONLY_ZERO
50km_22_16,9,12,9.0,11.6468945,104382.90983532846,100140.87178784066,YES,YES,YES,YES,YES,NONE
50km_22_17,36,69,32.052592000000004,59.958529750000004,400854.55958530615,556590.9911700657,YES,YES,YES,YES,YES,NONE
50km_22_18,27,40,24.50110425,36.730242499999996,427344.93870614853,391297.90606348217,YES,YES,YES,YES,YES,NONE
50km_22_19,18,32,14.64964275,26.964164,280015.4498854431,317305.6512782261,YES,YES,YES,YES,YES,NONE
50km_22_20,30,42,23.35522975,31.793991749999996,460266.44382263446,423945.41716301173,YES,YES,YES,YES,YES,NONE
50km_22_21,19,34,18.5625,28.877189499999997,292155.51622245624,340218.7601975612,YES,YES,YES,YES,YES,NONE
50km_22_22,28,45,24.658556,39.80631375,420170.7457688588,451906.3947949947,YES,YES,YES,YES,YES,NONE
50km_22_23,39,49,30.147053999999997,41.657061,546531.9744187561,446347.8719873554,YES,YES,YES,YES,YES,NONE
50km_22_24,31,42,25.5497175,34.03611775,463135.41465851595,397895.0379849521,YES,YES,YES,YES,YES,NONE
50km_22_25,19,37,11.615829,29.639936500000005,291922.4967475569,349866.532933738,YES,YES,YES,YES,YES,NONE
50km_22_26,25,40,18.36873875,31.314335000000003,367015.2112033875,349850.12118185224,YES,YES,YES,YES,YES,NONE
50km_22_27,71,104,63.58615325,93.31493025,528940.1036353158,540644.9142653997,YES,YES,YES,YES,YES,NONE
50km_22_28,41,55,36.754361,48.1075615,607638.8180312471,531797.0611289083,YES,YES,YES,YES,YES,NONE
50km_22_29,39,58,35.01788675,54.391472,558910.5640734,581804.198578784,YES,YES,YES,YES,YES,NONE
50km_22_30,20,26,14.229242999999999,19.8024585,307641.3031744407,250902.50618292854,YES,YES,YES,YES,YES,NONE
50km_22_31,31,41,24.4207925,30.76178825,489172.9307174368,423543.02137358685,YES,YES,YES,YES,YES,NONE
50km_22_32,41,55,35.59230825,48.1611175,628649.1379194584,586419.8069459457,YES,YES,YES,YES,YES,NONE
50km_22_33,38,55,31.198775749999996,48.729031250000006,566770.2726373526,589880.2351493897,YES,YES,YES,YES,YES,NONE
50km_22_34,33,47,25.1095195,38.57476325,532183.6456850276,548733.8194545897,YES,YES,YES,YES,YES,NONE
50km_22_35,31,41,26.09449175,30.674239749999998,502098.66628648294,468036.4316210721,YES,YES,YES,YES,YES,NONE
50km_22_36,33,50,24.171785500000002,37.38201525,457091.0384409996,518594.1468874754,YES,YES,YES,YES,YES,NONE
50km_22_37,25,38,20.05256575,24.6444445,433194.0559906701,468723.2755651686,YES,YES,YES,YES,YES,NONE
50km_22_38,10,20,6.224284,13.745456500000001,190073.31072434346,246491.5264642088,YES,YES,YES,YES,YES,NONE
50km_22_39,11,11,5.59942925,4.7262155,192539.11152654723,126626.2385935798,YES,YES,YES,YES,YES,NONE
50km_22_40,8,25,5.363556,16.228979000000002,161739.5839874273,294300.5692463157,YES,YES,YES,YES,YES,NONE
50km_22_41,6,9,3.3095745,5.59032325,107777.19213281841,112264.57125146108,YES,YES,YES,YES,YES,NONE
50km_22_42,4,7,1.12929775,4.5302465000000005,79679.62174429897,76558.41575268378,YES,YES,YES,YES,YES,NONE
50km_23_16,5,12,5.0,12.0,72963.20039315024,124451.02229228974,YES,YES,YES,YES,YES,NONE
50km_23_17,41,51,38.830350249999995,48.534671,635827.9739065175,519669.76589997,YES,YES,YES,YES,YES,NONE
50km_23_18,27,41,24.630553,32.80104025000001,424811.51423728396,407387.3507121985,YES,YES,YES,YES,YES,NONE
50km_23_19,24,29,16.964699500000002,22.6701785,380672.62984278606,287741.74703510234,YES,YES,YES,YES,YES,NONE
50km_23_20,21,33,14.961181750000002,24.181750250000004,328718.08939385746,329953.99298109714,YES,YES,YES,YES,YES,NONE
50km_23_21,31,37,24.12452,29.9004975,480725.89982187265,371166.38319657114,YES,YES,YES,YES,YES,NONE
50km_23_22,28,48,26.55196275,42.082046500000004,418790.50603191514,480752.87491892173,YES,YES,YES,YES,YES,NONE
50km_23_23,38,55,33.79534275,49.07224275,554018.1914966003,520128.0137559179,YES,YES,YES,YES,YES,NONE
50km_23_24,34,60,31.20220325,54.7044095,422791.3805757452,534964.0817071936,YES,YES,YES,YES,YES,NONE
50km_23_25,37,54,31.94837125,48.950248,552898.2837071792,454087.81890008174,YES,YES,YES,YES,YES,NONE
50km_23_26,18,35,11.549435500000001,27.30826775,281101.44577581465,322768.3342790687,YES,YES,YES,YES,YES,NONE
50km_23_27,41,58,32.886526499999995,48.31173625,457895.4622762575,380971.1298958027,YES,YES,YES,YES,YES,NONE
50km_23_28,39,66,35.071741499999995,62.10180675,550534.3418034707,575274.3181678943,YES,YES,YES,YES,YES,NONE
50km_23_29,34,51,25.816878,39.31782274999999,488062.9298835753,509980.5903488243,YES,YES,YES,YES,YES,NONE
50km_23_30,43,46,34.233369,40.427620999999995,444654.76548459625,338213.8018026681,YES,YES,YES,YES,YES,NONE
50km_23_31,16,45,13.68678825,35.163986,254958.21556448154,451335.0744319081,YES,YES,YES,YES,YES,NONE
50km_23_32,37,58,31.88817075,47.20063975000001,514235.28637104336,502160.9024768679,YES,YES,YES,YES,YES,NONE
50km_23_33,30,58,25.0560805,47.397467250000005,456494.6525094709,602833.6648061306,YES,YES,YES,YES,YES,NONE
50km_23_34,38,48,31.938459750000003,40.2368415,651816.3448727439,555754.8204904171,YES,YES,YES,YES,YES,NONE
50km_23_35,24,43,18.24874725,34.504698749999996,456700.9257336089,547099.2958537613,YES,YES,YES,YES,YES,NONE
50km_23_36,39,50,32.09705149999999,40.01164675,535686.4021160017,405716.3389775228,YES,YES,YES,YES,YES,NONE
50km_23_37,26,41,20.0697175,30.628778250000003,522481.8416997447,515320.37743523094,YES,YES,YES,YES,YES,NONE
50km_23_38,33,57,23.817306000000002,42.071814,478718.187541419,492491.64770238695,YES,YES,YES,YES,YES,NONE
50km_23_39,22,32,15.67545875,18.212256749999998,415134.64070692484,407542.4457585781,YES,YES,YES,YES,YES,NONE
50km_23_40,14,30,8.496820249999999,18.43971725,282618.62276494055,380471.7844984567,YES,YES,YES,YES,YES,NONE
50km_23_41,9,9,4.8125,5.889455250000001,167120.05579973178,123255.20242325244,YES,YES,YES,YES,YES,NONE
50km_23_42,9,14,6.805629000000001,10.07731775,162355.65546499728,142017.82676928613,YES,YES,YES,YES,YES,NONE
50km_24_15,6,5,4.71485475,3.71990575,93069.99691633796,51748.86823608131,YES,YES,YES,YES,YES,NONE
50km_24_16,37,45,33.6830685,40.147092,574295.586637776,463413.9215794558,YES,YES,YES,YES,YES,NONE
50km_24_17,38,46,29.7468,41.41549625,595556.6913519186,474159.27349108615,YES,YES,YES,YES,YES,NONE
50km_24_18,30,51,25.571850750000003,45.74283,467046.09575162,510160.9595952174,YES,YES,YES,YES,YES,NONE
50km_24_19,33,50,29.72392875,42.51320275,509942.9003107843,494287.49971531995,YES,YES,YES,YES,YES,NONE
50km_24_20,20,34,18.23846425,26.67716025,303379.53867651103,335604.73329639406,YES,YES,YES,YES,YES,NONE
50km_24_21,36,56,31.549673249999998,50.56572075,533236.0690736511,553859.2283364153,YES,YES,YES,YES,YES,NONE
50km_24_22,38,53,33.557730500000005,42.303689250000005,563047.3591004207,528339.9576722812,YES,YES,YES,YES,YES,NONE
50km_24_23,35,46,31.065980749999998,42.8786415,520127.90795486356,453458.65208785585,YES,YES,YES,YES,YES,NONE
50km_24_24,36,58,31.606187249999998,52.02522475000001,539349.2601571312,577213.17427165,YES,YES,YES,YES,YES,NONE
50km_24_25,36,50,32.5157015,45.20851425,545781.9404430854,492849.27380321885,YES,YES,YES,YES,YES,NONE
50km_24_26,35,62,28.18355525,55.90054875,462719.3797391539,515757.24023253605,YES,YES,YES,YES,YES,NONE
50km_24_27,25,34,19.152092500000002,23.775907999999994,387316.9202951058,341314.34556046885,YES,YES,YES,YES,YES,NONE
50km_24_28,27,37,21.1744365,24.588907000000003,417058.19035291363,372627.7848059723,YES,YES,YES,YES,YES,NONE
50km_24_29,27,45,20.861582,42.9019475,411145.9240171344,455324.9769786352,YES,YES,YES,YES,YES,NONE
50km_24_30,44,67,42.0516845,59.38376775,513925.56651201483,558828.053667416,YES,YES,YES,YES,YES,NONE
50km_24_31,51,67,45.87104925,63.091681,427704.41024539754,387539.9347153524,YES,YES,YES,YES,YES,NONE
50km_24_32,29,34,26.04231175,28.3091175,450479.7451163006,333351.1965513932,YES,YES,YES,YES,YES,NONE
50km_24_33,40,52,32.469792250000005,43.500654749999995,648757.4432466177,550375.9608469894,YES,YES,YES,YES,YES,NONE
50km_24_34,35,42,27.991733999999997,32.5139675,770745.4498826314,565977.8129271287,YES,YES,YES,YES,YES,NONE
50km_24_35,25,44,21.81946875,32.453016000000005,514235.6488750474,600963.8693723253,YES,YES,YES,YES,YES,NONE
50km_24_36,18,41,9.96803925,28.946364999999997,344879.3504554287,544555.6461064006,YES,YES,YES,YES,YES,NONE
50km_24_37,26,29,16.9269455,22.23565675,489674.86536273477,374580.56483477005,YES,YES,YES,YES,YES,NONE
50km_24_38,30,34,17.8046815,23.60906725,482683.53087699815,410959.10827972175,YES,YES,YES,YES,YES,NONE
50km_24_39,24,31,14.701711499999998,18.69096275,519490.9800351729,413193.2018254461,YES,YES,YES,YES,YES,NONE
50km_24_40,12,32,8.016501,21.786186,253111.34391901086,428637.57468315656,YES,YES,YES,YES,YES,NONE
50km_24_41,8,14,2.9491915,6.66444875,156007.29029556012,161216.17730008715,YES,YES,YES,YES,YES,NONE
50km_24_42,13,28,7.82501925,17.135441999999998,255070.47906413279,317943.5833138295,YES,YES,YES,YES,YES,NONE
50km_24_43,20,20,11.297269,13.69907375,372252.2242765463,234374.06835073794,YES,YES,YES,YES,YES,NONE
50km_25_14,0,3,0.0,1.5642987499999998,0.0,30935.902901010046,NO,YES,YES,NO,NO,A_ONLY_ZERO
50km_25_15,22,41,21.506082,37.265249,349046.54560701596,425811.1338065486,YES,YES,YES,YES,YES,NONE
50km_25_16,19,32,12.388107999999999,26.38767575,281735.24947502994,330351.26578469784,YES,YES,YES,YES,YES,NONE
50km_25_17,30,48,25.5467105,42.957297000000004,383376.3134342621,419741.3115785413,YES,YES,YES,YES,YES,NONE
50km_25_18,35,58,33.42918775,54.91190975,457263.71882824367,543714.4979142273,YES,YES,YES,YES,YES,NONE
50km_25_19,36,55,33.710654749999996,51.184257,610573.1246317991,649640.1174546332,YES,YES,YES,YES,YES,NONE
50km_25_20,33,34,27.440361250000002,28.34809975,494142.09760075214,338501.4789546784,YES,YES,YES,YES,YES,NONE
50km_25_21,36,42,27.11844025,38.45855775,537550.4832858624,415847.1719330294,YES,YES,YES,YES,YES,NONE
50km_25_22,30,49,22.939071249999998,44.059891750000006,445955.5485265531,485643.54241022235,YES,YES,YES,YES,YES,NONE
50km_25_23,35,43,31.403809999999996,36.681028500000004,517529.3012932424,427526.44342545915,YES,YES,YES,YES,YES,NONE
50km_25_24,36,40,27.008376999999996,36.6231225,546249.8711530586,400266.95684016024,YES,YES,YES,YES,YES,NONE
50km_25_25,33,53,27.08689825,47.87106275,434711.59229345765,411806.82283265155,YES,YES,YES,YES,YES,NONE
50km_25_26,43,53,36.29607475,48.92178225,577953.0343718448,493020.5477833789,YES,YES,YES,YES,YES,NONE
50km_25_27,33,61,26.967681250000005,59.245307249999996,449315.5487063574,448601.3382735454,YES,YES,YES,YES,YES,NONE
50km_25_28,23,38,17.979903000000004,29.463782750000004,353224.5902279928,381688.83546986675,YES,YES,YES,YES,YES,NONE
50km_25_29,33,41,24.55992325,32.384570999999994,527951.3880245972,415620.2587899069,YES,YES,YES,YES,YES,NONE
50km_25_30,33,54,27.2787545,45.315537000000006,493228.6120465603,546031.7719112986,YES,YES,YES,YES,YES,NONE
50km_25_31,35,53,29.0082495,43.81159075000001,491492.1489493156,479497.14926801523,YES,YES,YES,YES,YES,NONE
50km_25_32,36,60,31.427867749999997,51.66320074999999,383596.0602737507,456370.5491367019,YES,YES,YES,YES,YES,NONE
50km_25_33,38,54,34.43585725,48.716322250000005,652484.5879816879,560242.2121261671,YES,YES,YES,YES,YES,NONE
50km_25_34,21,45,17.508679,34.54286475,457353.3634509578,606725.3107280097,YES,YES,YES,YES,YES,NONE
50km_25_35,25,41,19.2377565,30.452418750000003,513584.4179711405,559134.6035853128,YES,YES,YES,YES,YES,NONE
50km_25_36,26,38,21.943658499999998,27.40969,502914.8826897878,507103.52498372213,YES,YES,YES,YES,YES,NONE
50km_25_37,26,39,20.9569295,25.314171750000003,499391.10704071325,527905.4801290449,YES,YES,YES,YES,YES,NONE
50km_25_38,39,49,26.656593999999995,36.953019999999995,623397.009779771,503839.8639470416,YES,YES,YES,YES,YES,NONE
50km_25_39,25,37,15.885012249999999,25.490033,472169.3338081639,444205.1304973183,YES,YES,YES,YES,YES,NONE
50km_25_40,17,29,11.90116875,18.15057525,346928.70399057906,376350.1272490082,YES,YES,YES,YES,YES,NONE
50km_25_41,17,26,10.90567075,18.622947250000003,326552.29056242295,318098.69575479435,YES,YES,YES,YES,YES,NONE
50km_25_42,11,29,6.413692999999999,19.755097000000003,210071.7160657012,405540.5741818008,YES,YES,YES,YES,YES,NONE
50km_25_43,13,19,9.747292,13.515749249999999,261964.82256004267,242964.2047842197,YES,YES,YES,YES,YES,NONE
50km_25_44,6,6,3.5041065,4.6220265000000005,116967.47467926473,70962.85918537245,YES,YES,YES,YES,YES,NONE
50km_26_11,2,6,0.11304025000000001,4.9791360000000005,30482.13213830835,63609.78794810522,YES,YES,YES,YES,YES,NONE
50km_26_12,4,6,3.061651,2.722602,61161.585849888965,64279.525810469655,YES,YES,YES,YES,YES,NONE
50km_26_13,19,24,12.441484250000002,17.34175,290665.52396692673,254439.1517924209,YES,YES,YES,YES,YES,NONE
50km_26_14,21,37,16.317050000000002,31.859685000000002,321147.65610523504,388340.6775606372,YES,YES,YES,YES,YES,NONE
50km_26_15,13,24,8.655077749999998,17.46032375,198372.1013348181,248470.72464043286,YES,YES,YES,YES,YES,NONE
50km_26_16,27,34,19.9929395,28.374045749999997,418426.49593677564,352217.681827513,YES,YES,YES,YES,YES,NONE
50km_26_17,39,53,34.63560375,47.345743750000004,559122.3682769807,523090.60442550527,YES,YES,YES,YES,YES,NONE
50km_26_18,33,57,29.879640000000002,54.00120525,565182.1976638103,570850.4913546935,YES,YES,YES,YES,YES,NONE
50km_26_19,34,49,31.25406725,44.97554325,543104.6602070115,553329.0971169248,YES,YES,YES,YES,YES,NONE
50km_26_20,35,56,30.495700999999997,50.965396,518727.7670878929,556605.9774563772,YES,YES,YES,YES,YES,NONE
50km_26_21,34,58,31.09491175,51.93135000000001,503800.1478945611,575592.1786892357,YES,YES,YES,YES,YES,NONE
50km_26_22,28,48,18.6254735,39.02816024999999,420367.79247923224,479128.99970213044,YES,YES,YES,YES,YES,NONE
50km_26_23,36,59,27.208284999999997,50.583850749999996,534122.9948720243,586291.0156139609,YES,YES,YES,YES,YES,NONE
50km_26_24,33,46,26.699074000000003,41.17979675,497284.10749191424,454384.3341097384,YES,YES,YES,YES,YES,NONE
50km_26_25,27,36,20.073579,29.434524500000006,409277.5240922226,356622.142110473,YES,YES,YES,YES,YES,NONE
50km_26_26,26,48,18.186381,40.23719775,392542.0496276996,475499.63139161776,YES,YES,YES,YES,YES,NONE
50km_26_27,54,84,49.8155955,78.45946174999997,577489.8754154829,589010.4786912098,YES,YES,YES,YES,YES,NONE
50km_26_28,37,40,33.0198225,31.371171750000002,558212.3382675181,391019.70159031014,YES,YES,YES,YES,YES,NONE
50km_26_29,24,27,16.0517915,19.776767,393057.20059863507,273103.75260968873,YES,YES,YES,YES,YES,NONE
50km_26_30,23,33,13.5834485,23.999359499999997,367772.2568730452,338460.25908453926,YES,YES,YES,YES,YES,NONE
50km_26_31,29,40,20.6010865,33.8056175,452466.01176831155,407873.36915608775,YES,YES,YES,YES,YES,NONE
50km_26_32,23,44,14.011133999999998,31.787646249999998,331970.34722502,409404.7714881158,YES,YES,YES,YES,YES,NONE
50km_26_33,38,55,30.907035,47.06645975,481758.8040908488,432170.74962729187,YES,YES,YES,YES,YES,NONE
50km_26_34,28,35,18.865738750000002,27.44446175,487068.47124321654,426670.2406792067,YES,YES,YES,YES,YES,NONE
50km_26_35,30,51,24.6217825,39.91269075,611847.5890075739,653049.5513392376,YES,YES,YES,YES,YES,NONE
50km_26_36,47,63,41.31029675,53.47227300000001,661233.9650490873,618772.074396727,YES,YES,YES,YES,YES,NONE
50km_26_37,19,37,17.1752125,29.910175749999997,387015.00248352037,512948.0896838953,YES,YES,YES,YES,YES,NONE
50km_26_38,20,37,13.104643499999998,27.264812499999998,420148.4867115016,504089.482167945,YES,YES,YES,YES,YES,NONE
50km_26_39,20,38,11.730370749999999,23.776440750000003,403715.83096741297,536413.637198964,YES,YES,YES,YES,YES,NONE
50km_26_40,10,23,5.577231750000001,11.20942125,255880.26236852907,319006.3952655388,YES,YES,YES,YES,YES,NONE
50km_26_41,20,31,9.961060999999999,16.348882,405875.1963356142,428085.89057529956,YES,YES,YES,YES,YES,NONE
50km_26_42,22,26,15.69150925,16.154534750000003,450339.1076434224,349052.63574063935,YES,YES,YES,YES,YES,NONE
50km_26_43,14,27,10.87463125,17.4728685,274786.32050033665,334769.64407097147,YES,YES,YES,YES,YES,NONE
50km_26_44,16,27,13.463859750000001,19.782817750000003,314427.2947651091,337533.7898754396,YES,YES,YES,YES,YES,NONE
50km_26_45,1,3,0.5625,2.5625,20609.838743619744,36300.82968776193,YES,YES,YES,YES,YES,NONE
50km_27_9,1,3,1.0,2.5625,15854.693719913876,28212.881530043553,YES,YES,YES,YES,YES,NONE
50km_27_10,13,15,7.1998065,10.7253875,198947.8964367179,150774.72633067617,YES,YES,YES,YES,YES,NONE
50km_27_11,16,15,11.828235750000001,9.7375895,244251.70025301128,157035.8796910127,YES,YES,YES,YES,YES,NONE
50km_27_12,9,19,7.1527865,10.589657999999998,137268.2554090237,196352.65895226484,YES,YES,YES,YES,YES,NONE
50km_27_13,19,23,14.5665055,18.49354725,289626.6004152866,242621.36679785748,YES,YES,YES,YES,YES,NONE
50km_27_14,10,19,8.53590075,14.98530075,153002.62541135852,199789.56758658614,YES,YES,YES,YES,YES,NONE
50km_27_15,50,65,47.51349225,59.9413675,450001.1349581981,402036.71619139315,YES,YES,YES,YES,YES,NONE
50km_27_16,36,52,34.337599000000004,47.0003795,434410.5247465374,443611.98988615454,YES,YES,YES,YES,YES,NONE
50km_27_17,28,32,23.71932275,28.489632,431425.9996202487,328002.1020853497,YES,YES,YES,YES,YES,NONE
50km_27_18,17,21,13.278523250000001,18.42727375,266316.2488635242,218122.41577199803,YES,YES,YES,YES,YES,NONE
50km_27_19,13,24,10.08432825,21.612885499999997,192259.8791161138,240933.22742518177,YES,YES,YES,YES,YES,NONE
50km_27_20,20,33,15.427940500000002,25.98513275,294112.86273320817,326640.59878822963,YES,YES,YES,YES,YES,NONE
50km_27_21,23,33,19.303368000000003,30.76790475,339714.4996758543,322749.5557234569,YES,YES,YES,YES,YES,NONE
50km_27_22,31,48,27.59607925,39.16977850000001,456723.01958223,474497.5507106919,YES,YES,YES,YES,YES,NONE
50km_27_23,36,48,29.5147075,43.21671225000001,546387.9697239421,473149.36781214876,YES,YES,YES,YES,YES,NONE
50km_27_24,32,56,27.569262499999997,50.046288249999996,488698.6704481645,555824.9755621458,YES,YES,YES,YES,YES,NONE
50km_27_25,30,44,25.055377749999998,34.4039595,456223.5210400692,435520.4970436941,YES,YES,YES,YES,YES,NONE
50km_27_26,30,38,23.963240500000005,31.34781975,457978.3749893028,377223.8986726334,YES,YES,YES,YES,YES,NONE
50km_27_27,35,54,28.175221999999998,48.1300615,548198.2829176723,534045.3074615392,YES,YES,YES,YES,YES,NONE
50km_27_28,23,38,16.456111,28.996679999999998,356286.6092957724,380749.3915990776,YES,YES,YES,YES,YES,NONE
50km_27_29,14,29,9.286220749999998,16.10696875,219150.4277917938,294107.69741311227,YES,YES,YES,YES,YES,NONE
50km_27_30,17,33,10.279170749999999,21.502650999999997,265585.58157649427,335194.69012498966,YES,YES,YES,YES,YES,NONE
50km_27_31,23,44,14.0385205,29.14719175,376390.3732774019,444814.14795578754,YES,YES,YES,YES,YES,NONE
50km_27_32,28,48,23.024867,38.23583875,436222.39817587106,473575.84441805177,YES,YES,YES,YES,YES,NONE
50km_27_33,20,43,16.99680025,35.3939345,305803.9311112303,417230.96213818167,YES,YES,YES,YES,YES,NONE
50km_27_34,46,60,42.198169,53.1414195,532928.0898617381,415608.32155882404,YES,YES,YES,YES,YES,NONE
50km_27_35,54,89,48.5467915,81.953235,440676.86875076586,555807.125899468,YES,YES,YES,YES,YES,NONE
50km_27_36,79,99,76.15514625000002,89.17833175000001,726838.4233099424,580428.5861120374,YES,YES,YES,YES,YES,NONE
50km_27_37,47,82,42.726483,72.03423299999999,495042.1484230926,622358.6964591783,YES,YES,YES,YES,YES,NONE
50km_27_38,28,46,24.15458825,36.839425000000006,457514.0466701873,451999.4639644923,YES,YES,YES,YES,YES,NONE
50km_27_39,24,37,17.4143465,31.474671,455228.99870509765,469976.6385839644,YES,YES,YES,YES,YES,NONE
50km_27_40,17,23,10.96879825,14.30981875,318251.69320643664,350159.06815836276,YES,YES,YES,YES,YES,NONE
50km_27_41,20,28,12.28223025,19.49513875,407275.2138373312,391790.97889271623,YES,YES,YES,YES,YES,NONE
50km_27_42,19,36,12.4873295,26.6211755,359218.73790838977,458274.12647766306,YES,YES,YES,YES,YES,NONE
50km_27_43,61,90,55.933193499999994,80.41772550000002,579971.6763842182,615610.4531652171,YES,YES,YES,YES,YES,NONE
50km_27_44,45,53,40.11752475,43.869751,573330.9602247376,457442.3221455958,YES,YES,YES,YES,YES,NONE
50km_27_45,21,23,15.839332500000001,14.27310875,384487.55099556793,282464.37880668574,YES,YES,YES,YES,YES,NONE
50km_27_46,6,4,3.25998425,2.1241575,102653.14329711354,43684.20898824772,YES,YES,YES,YES,YES,NONE
50km_27_47,8,7,3.45509875,3.5978375000000002,140355.2376170338,79086.10474380119,YES,YES,YES,YES,YES,NONE
50km_28_8,3,8,2.125,5.93058625,48864.782403142635,76060.94710847322,YES,YES,YES,YES,YES,NONE
50km_28_9,14,14,10.08290075,10.560163750000001,223165.50873540598,132579.71958329843,YES,YES,YES,YES,YES,NONE
50km_28_10,16,29,10.48389625,22.094287750000003,244232.64566706234,284016.5706352603,YES,YES,YES,YES,YES,NONE
50km_28_11,9,12,6.801940500000001,8.622755,137980.54384641952,125031.73250628194,YES,YES,YES,YES,YES,NONE
50km_28_12,14,14,11.0274345,12.80102425,212730.64456306281,145179.03903860034,YES,YES,YES,YES,YES,NONE
50km_28_13,14,19,10.802246499999999,16.8582045,212927.9661363351,199828.6232444351,YES,YES,YES,YES,YES,NONE
50km_28_14,8,14,6.625,11.331848,122520.49327305018,144638.76731442095,YES,YES,YES,YES,YES,NONE
50km_28_15,33,44,28.2568835,39.414973499999995,430387.20720965613,407779.9151807302,YES,YES,YES,YES,YES,NONE
50km_28_16,23,25,20.4602025,20.870377499999996,351664.91335486545,255348.05247113982,YES,YES,YES,YES,YES,NONE
50km_28_17,4,6,3.0367695,5.1711265,63769.0948483431,61731.03831562716,YES,YES,YES,YES,YES,NONE
50km_28_21,0,3,0.0,1.1875,0.0,31206.526247114023,NO,YES,YES,NO,NO,A_ONLY_ZERO
50km_28_22,8,10,3.8729967500000004,6.4961009999999995,121150.99357385623,98229.9579226654,YES,YES,YES,YES,YES,NONE
50km_28_23,22,39,17.61919125,32.06212725,332805.02813150134,384608.3616479678,YES,YES,YES,YES,YES,NONE
50km_28_24,37,48,29.091247749999997,42.03809575,565379.629160989,471962.1827506737,YES,YES,YES,YES,YES,NONE
50km_28_25,27,34,20.82967025,29.0145555,406970.8406991704,331853.13474668434,YES,YES,YES,YES,YES,NONE
50km_28_26,23,48,17.418423,42.47413175,354851.55336195533,466266.87865673244,YES,YES,YES,YES,YES,NONE
50km_28_27,30,46,26.505035250000002,37.080918749999995,456261.0853019871,461034.3939827586,YES,YES,YES,YES,YES,NONE
50km_28_28,29,46,25.05783275,36.81627449999999,453555.59059075126,464872.1780759957,YES,YES,YES,YES,YES,NONE
50km_28_29,27,43,21.272156,33.233231749999995,426567.58045142505,432458.01742982084,YES,YES,YES,YES,YES,NONE
50km_28_30,27,44,20.85506375,35.851327,435596.2059107065,445609.001682077,YES,YES,YES,YES,YES,NONE
50km_28_31,21,37,13.658663250000002,28.582023500000002,343597.01403245475,374471.83219846647,YES,YES,YES,YES,YES,NONE
50km_28_32,30,49,23.50966475,41.143495,469049.46537767013,493105.5074372006,YES,YES,YES,YES,YES,NONE
50km_28_33,31,43,24.01881475,31.460378249999998,472048.97413623316,436079.85326430656,YES,YES,YES,YES,YES,NONE
50km_28_34,45,52,36.382084750000004,45.8234495,578471.9493222107,423454.5119070558,YES,YES,YES,YES,YES,NONE
50km_28_35,49,69,43.696401,64.38998375,548427.0646898862,489590.0430306468,YES,YES,YES,YES,YES,NONE
50km_28_36,51,84,49.81111025,80.61787425,556773.5007370275,545071.0816436168,YES,YES,YES,YES,YES,NONE
50km_28_37,57,84,52.7296195,73.39115375,539081.8757134719,574862.6231784596,YES,YES,YES,YES,YES,NONE
50km_28_38,30,45,28.30623,38.036213749999995,509417.5856125244,462261.29007549334,YES,YES,YES,YES,YES,NONE
50km_28_39,26,35,22.93631225,29.327599749999997,405970.8707015939,473753.50648671907,YES,YES,YES,YES,YES,NONE
50km_28_40,24,32,18.6088875,25.60120225,420420.7534745705,410791.0912193483,YES,YES,YES,YES,YES,NONE
50km_28_41,27,31,21.047680000000003,24.330391500000005,588485.1078439187,431786.02452004876,YES,YES,YES,YES,YES,NONE
50km_28_42,29,38,18.6419375,28.885022749999997,506918.75083962333,466913.5322375002,YES,YES,YES,YES,YES,NONE
50km_28_43,59,78,52.56394825000001,71.95147525,657769.9367247921,549347.2037220713,YES,YES,YES,YES,YES,NONE
50km_28_44,48,79,42.88431575,72.2944485,528010.1743787098,574778.3305371975,YES,YES,YES,YES,YES,NONE
50km_28_45,26,38,21.40414025,30.47741475,468769.38149687933,453014.81624809117,YES,YES,YES,YES,YES,NONE
50km_28_46,20,25,11.444777500000002,17.197609749999998,360081.24713456706,316840.9512486771,YES,YES,YES,YES,YES,NONE
50km_28_47,14,18,5.745528999999999,13.119808749999999,274139.3461012493,217775.15207364838,YES,YES,YES,YES,YES,NONE
50km_29_5,4,3,2.565202,3.0,61603.64647214555,28898.692128347906,YES,YES,YES,YES,YES,NONE
50km_29_6,0,1,0.0,0.0625,0.0,9794.339670508534,NO,YES,YES,NO,NO,A_ONLY_ZERO
50km_29_8,11,19,9.3837715,16.576174,277904.55605356756,350808.2612518791,YES,YES,YES,YES,YES,NONE
50km_29_9,16,35,12.94966375,30.3857575,326033.9856418128,433217.8176571638,YES,YES,YES,YES,YES,NONE
50km_29_10,6,16,4.14575275,11.79389475,93018.72448532705,154555.17859464866,YES,YES,YES,YES,YES,NONE
50km_29_11,9,12,7.61706425,7.581339,138730.62364320815,117822.82715513134,YES,YES,YES,YES,YES,NONE
50km_29_12,6,16,4.04124625,13.53566925,91249.07484165278,165416.75605125478,YES,YES,YES,YES,YES,NONE
50km_29_13,20,18,12.193666250000001,12.38955575,303585.076258171,187932.72693417378,YES,YES,YES,YES,YES,NONE
50km_29_14,16,27,13.8458095,22.40528975,244054.37867973902,280887.70535753237,YES,YES,YES,YES,YES,NONE
50km_29_15,11,19,9.096853750000001,17.442465,165596.84666592022,196908.27385923735,YES,YES,YES,YES,YES,NONE
50km_29_23,4,12,3.125,9.213544500000001,58284.43534299103,115075.75250048754,YES,YES,YES,YES,YES,NONE
50km_29_24,26,53,22.069981249999998,43.48020400000001,345376.4832560029,444380.6510945808,YES,YES,YES,YES,YES,NONE
50km_29_25,35,74,31.8657055,66.44413375000002,412718.2018530045,544083.9144580767,YES,YES,YES,YES,YES,NONE
50km_29_26,33,44,29.8273255,35.790786999999995,496847.639450435,434763.09724279045,YES,YES,YES,YES,YES,NONE
50km_29_27,28,43,25.20283325,36.920896500000005,424800.01583572454,424606.46779361065,YES,YES,YES,YES,YES,NONE
50km_29_28,34,49,29.19533825,40.05568325,514790.16304993344,481007.271723342,YES,YES,YES,YES,YES,NONE
50km_29_29,34,50,29.881113250000002,40.67133175000001,507166.0735357817,504207.476831228,YES,YES,YES,YES,YES,NONE
50km_29_30,28,45,21.363945,35.889336750000005,443263.27257686335,453600.30578144855,YES,YES,YES,YES,YES,NONE
50km_29_31,19,35,17.64775425,23.961608,310803.6547875076,354377.6387927765,YES,YES,YES,YES,YES,NONE
50km_29_32,29,55,20.45171325,41.82329225,456229.50205793063,560513.4702164843,YES,YES,YES,YES,YES,NONE
50km_29_33,29,40,20.815021749999996,31.89471375,441738.1043587847,406749.12959888123,YES,YES,YES,YES,YES,NONE
50km_29_34,28,50,23.08721075,36.372849499999994,415335.59304478404,499295.78547200694,YES,YES,YES,YES,YES,NONE
50km_29_35,38,59,33.55657575,53.154058500000005,492192.78845475626,499620.06036040664,YES,YES,YES,YES,YES,NONE
50km_29_36,19,31,15.75894375,21.601452500000004,246225.46988011178,309509.5983776666,YES,YES,YES,YES,YES,NONE
50km_29_37,43,56,40.93403,49.98484975,521397.86608952377,462962.162643183,YES,YES,YES,YES,YES,NONE
50km_29_38,28,49,26.0646975,40.894046249999995,389237.743328922,490577.8853701557,YES,YES,YES,YES,YES,NONE
50km_29_39,34,36,28.73155925,28.2844585,616376.9241834228,452042.6862954385,YES,YES,YES,YES,YES,NONE
50km_29_40,20,30,15.660602750000002,21.802273500000002,351760.854816329,388344.62727334356,YES,YES,YES,YES,YES,NONE
50km_29_41,34,44,26.057450499999995,36.9243935,592554.5516968677,561370.1886668031,YES,YES,YES,YES,YES,NONE
50km_29_42,27,44,22.022605,37.27199275,426349.27775029687,510894.405336865,YES,YES,YES,YES,YES,NONE
50km_29_43,41,53,37.94364825,48.96997975,643913.4622053758,548274.3760657097,YES,YES,YES,YES,YES,NONE
50km_29_44,34,47,27.57333175,40.666632750000005,563475.9116212857,518754.060450763,YES,YES,YES,YES,YES,NONE
50km_29_45,25,43,21.29404025,32.25533025,428913.6171929705,509935.1583488581,YES,YES,YES,YES,YES,NONE
50km_29_46,17,29,11.158762,19.13476,308983.7217094371,372968.0924266285,YES,YES,YES,YES,YES,NONE
50km_29_47,10,13,7.0557265000000005,6.6113475,185730.7810026827,162179.91064295944,YES,YES,YES,YES,YES,NONE
50km_30_6,0,1,0.0,0.78399,0.0,9794.339670508534,NO,YES,YES,NO,NO,A_ONLY_ZERO
50km_30_7,1,3,1.0,2.0625,40062.62002909008,53117.44360306222,YES,YES,YES,YES,YES,NONE
50km_30_8,7,16,7.0,13.1875,215378.37460506984,306435.10203750245,YES,YES,YES,YES,YES,NONE
50km_30_9,3,5,3.0,5.0,95979.93377809404,107939.95908849812,YES,YES,YES,YES,YES,NONE
50km_30_10,0,1,0.0,1.0,0.0,9794.339670508534,NO,YES,YES,NO,NO,A_ONLY_ZERO
50km_30_11,7,6,5.125,4.125082,110795.86561037076,59102.27972368455,YES,YES,YES,YES,YES,NONE
50km_30_12,7,6,4.0121945,3.6066475000000002,106786.12327071534,61871.805802020084,YES,YES,YES,YES,YES,NONE
50km_30_13,6,10,5.56807275,4.8946955,90802.11600982946,101806.96810314956,YES,YES,YES,YES,YES,NONE
50km_30_14,1,2,1.0,1.0625,15339.726855790306,21396.3717767112,YES,YES,YES,YES,YES,NONE
50km_30_24,18,36,15.876807,34.492971,128034.25455384985,152696.7727216309,YES,YES,YES,YES,YES,NONE
50km_30_25,44,64,41.84025325,57.396909,517183.9283395553,470338.393665458,YES,YES,YES,YES,YES,NONE
50km_30_26,38,48,31.86697625,40.997476,582024.6502565725,468886.0709327039,YES,YES,YES,YES,YES,NONE
50km_30_27,33,42,25.700272499999997,31.422905499999995,496454.07166590856,415169.32563284435,YES,YES,YES,YES,YES,NONE
50km_30_28,22,40,16.523936,33.4595115,327728.1279189885,394458.37604138465,YES,YES,YES,YES,YES,NONE
50km_30_29,26,41,22.541445000000003,33.308967,386543.126212268,414712.9173796652,YES,YES,YES,YES,YES,NONE
50km_30_30,27,37,18.573686000000002,27.140095000000002,413028.50545131945,374318.8533231099,YES,YES,YES,YES,YES,NONE
50km_30_31,19,24,12.140937749999999,16.166615999999998,311035.209957873,242949.82366374778,YES,YES,YES,YES,YES,NONE
50km_30_32,33,48,25.555676,39.776279,527249.9961795325,483033.6869364162,YES,YES,YES,YES,YES,NONE
50km_30_33,30,55,26.264758999999998,47.39641925000001,457355.8746520542,545547.0766764659,YES,YES,YES,YES,YES,NONE
50km_30_34,33,48,27.047682749999996,39.563094750000005,502584.091654717,479208.1382449337,YES,YES,YES,YES,YES,NONE
50km_30_35,34,53,27.711141499999997,45.427977500000004,514759.0940781338,522663.4845124611,YES,YES,YES,YES,YES,NONE
50km_30_36,27,38,19.953080250000003,28.61738425,405736.89693322167,378296.8809907762,YES,YES,YES,YES,YES,NONE
50km_30_37,30,41,29.0590875,38.7345055,440175.11454550404,393636.69201749115,YES,YES,YES,YES,YES,NONE
50km_30_38,23,32,15.47183025,24.979241,358636.68620814354,316867.73655591434,YES,YES,YES,YES,YES,NONE
50km_30_39,15,29,9.331921,18.996650250000002,278713.3939553399,383590.94281211635,YES,YES,YES,YES,YES,NONE
50km_30_40,19,31,13.668131249999998,21.558745000000002,345607.0495302638,383866.73842608056,YES,YES,YES,YES,YES,NONE
50km_30_41,23,35,19.130794249999997,29.270161,438594.6492079726,416958.29688278085,YES,YES,YES,YES,YES,NONE
50km_30_42,22,41,20.1663295,34.73487025,396383.87402779754,462014.5840685991,YES,YES,YES,YES,YES,NONE
50km_30_43,29,51,25.316824,44.249885750000004,463257.61174310715,554196.6740167937,YES,YES,YES,YES,YES,NONE
50km_30_44,34,46,29.6888545,41.8120245,580842.7264315739,499989.34830624424,YES,YES,YES,YES,YES,NONE
50km_30_45,21,40,14.74957275,31.12023,376372.3134144674,480315.3725177721,YES,YES,YES,YES,YES,NONE
50km_30_46,18,36,11.550881,25.5541145,332898.5677495964,443624.0556471577,YES,YES,YES,YES,YES,NONE
50km_30_47,13,22,8.995017,12.457930999999999,244045.3774405079,269980.5173484107,YES,YES,YES,YES,YES,NONE
50km_30_48,4,3,2.7463604999999998,1.29126725,72219.04845306602,33771.81040681719,YES,YES,YES,YES,YES,NONE
50km_31_7,5,4,4.5625,3.57036,104865.95299254914,41149.335348061126,YES,YES,YES,YES,YES,NONE
50km_31_8,0,4,0.0,3.0625,0.0,38007.221200552085,NO,YES,YES,NO,NO,A_ONLY_ZERO
50km_31_10,2,4,2.0,3.520981,30572.67441397535,38053.72590792113,YES,YES,YES,YES,YES,NONE
50km_31_11,10,14,6.06617825,9.27292975,153027.36028742534,137679.78884389598,YES,YES,YES,YES,YES,NONE
50km_31_12,3,1,1.12320325,0.5625,45624.53742082639,10698.1858883556,YES,YES,YES,YES,YES,NONE
50km_31_25,2,0,0.625,0.0,30889.87347908154,0.0,YES,NO,NO,YES,NO,B_ONLY_ZERO
50km_31_26,10,20,9.380341999999999,15.27731625,158216.82461306453,196047.39003725912,YES,YES,YES,YES,YES,NONE
50km_31_27,29,43,24.10560625,33.05087775,434921.88067552226,434424.49681982194,YES,YES,YES,YES,YES,NONE
50km_31_28,34,49,27.421712499999995,40.51258999999999,505581.65835336165,484329.61799278704,YES,YES,YES,YES,YES,NONE
50km_31_29,25,36,17.52085625,29.232632999999996,369967.1437003296,357348.1847493881,YES,YES,YES,YES,YES,NONE
50km_31_30,30,28,20.936608,22.104635000000002,446706.3788621866,273909.8510824665,YES,YES,YES,YES,YES,NONE
50km_31_31,19,38,14.237515000000002,25.94053775,293208.1878317467,385739.72570429713,YES,YES,YES,YES,YES,NONE
50km_31_32,34,47,28.592454999999998,40.543729750000004,547771.4248824668,473582.7943443025,YES,YES,YES,YES,YES,NONE
50km_31_33,35,45,29.533209749999997,39.361630500000004,525162.0495693956,440818.1006403064,YES,YES,YES,YES,YES,NONE
50km_31_34,32,47,26.908546750000003,40.11450775,483189.62357584905,459414.4422871022,YES,YES,YES,YES,YES,NONE
50km_31_35,28,45,20.088047999999997,34.89284825,413424.32593421644,443852.3613001993,YES,YES,YES,YES,YES,NONE
50km_31_36,29,45,25.82544925,35.88921,423981.80981811264,443862.72296828096,YES,YES,YES,YES,YES,NONE
50km_31_37,28,40,18.724023000000003,31.234492,412804.2514002429,396874.2930487576,YES,YES,YES,YES,YES,NONE
50km_31_38,11,27,10.1161445,17.7368595,179056.74321327335,270354.013098038,YES,YES,YES,YES,YES,NONE
50km_31_39,16,18,10.91812075,11.00879275,299188.40673104813,228346.60717709447,YES,YES,YES,YES,YES,NONE
50km_31_40,13,24,12.5071525,16.411010249999997,195977.18215794582,291985.6461807747,YES,YES,YES,YES,YES,NONE
50km_31_41,17,21,10.70411175,15.814668750000001,293726.69310918363,262009.06787682397,YES,YES,YES,YES,YES,NONE
50km_31_42,20,31,16.4725135,20.396138500000003,377074.76644824824,369467.7049738202,YES,YES,YES,YES,YES,NONE
50km_31_43,25,28,19.556786000000002,22.851172750000003,432649.3699641196,323510.218089575,YES,YES,YES,YES,YES,NONE
50km_31_44,27,39,22.79600025,35.8831175,451367.96103411884,446853.1414091079,YES,YES,YES,YES,YES,NONE
50km_31_45,24,29,16.28387,19.50237675,430855.07393755874,361541.42177380767,YES,YES,YES,YES,YES,NONE
50km_31_46,25,36,21.346135,23.55028075,413959.7383487676,439641.69884357956,YES,YES,YES,YES,YES,NONE
50km_31_47,16,21,11.851951249999999,16.23825025,297927.290500934,270751.31641619705,YES,YES,YES,YES,YES,NONE
50km_31_48,14,26,8.685737,18.348435500000004,253439.1401054248,346283.7194840029,YES,YES,YES,YES,YES,NONE
50km_31_49,12,14,7.3404402499999994,9.952126250000001,205063.65992593393,170847.04420215084,YES,YES,YES,YES,YES,NONE
50km_31_50,11,17,7.32068975,13.7690725,184434.65047179526,197621.91106793346,YES,YES,YES,YES,YES,NONE
50km_31_51,1,3,1.0,2.2281,18705.672523369576,34821.94470940085,YES,YES,YES,YES,YES,NONE
50km_32_27,28,39,25.0834825,32.72251425,418655.37510575034,396523.70064989553,YES,YES,YES,YES,YES,NONE
50km_32_28,33,48,27.055622,38.132816500000004,489858.8094310828,485334.8107309561,YES,YES,YES,YES,YES,NONE
50km_32_29,23,33,20.533627,27.602802999999998,338816.8329242043,321323.75209386466,YES,YES,YES,YES,YES,NONE
50km_32_30,21,36,15.514930499999998,27.70850025,311888.9311665151,356598.7666608337,YES,YES,YES,YES,YES,NONE
50km_32_31,17,37,12.8013285,21.8057565,247599.1209174698,375404.3245246231,YES,YES,YES,YES,YES,NONE
50km_32_32,28,47,21.561756749999997,38.35350475,422414.19167528034,482931.14739124256,YES,YES,YES,YES,YES,NONE
50km_32_33,31,54,29.1718325,47.56680975,456670.1443701413,515774.72455924173,YES,YES,YES,YES,YES,NONE
50km_32_34,37,49,30.388888249999997,39.550193,548286.168710998,465287.33570552204,YES,YES,YES,YES,YES,NONE
50km_32_35,22,38,14.805823749999998,29.044375499999997,326226.48317860474,360722.328821162,YES,YES,YES,YES,YES,NONE
50km_32_36,27,48,22.45408975,39.04883699999999,398082.42413771467,456090.3200949397,YES,YES,YES,YES,YES,NONE
50km_32_37,16,32,12.030843749999999,27.149722750000002,316628.56473750214,342125.43658318516,YES,YES,YES,YES,YES,NONE
50km_32_38,12,18,5.7351615,11.617650000000001,208123.55191958952,200511.11099625853,YES,YES,YES,YES,YES,NONE
50km_32_39,13,15,6.56370825,9.4743645,243489.47782232746,174094.353939511,YES,YES,YES,YES,YES,NONE
50km_32_40,9,11,4.7419755,6.909247000000001,172049.084504899,135383.0789271916,YES,YES,YES,YES,YES,NONE
50km_32_41,9,15,6.40670125,11.643334249999999,148222.8274792724,182281.8126652448,YES,YES,YES,YES,YES,NONE
50km_32_42,25,37,19.82621225,28.8728445,407363.1988773863,447772.7957603205,YES,YES,YES,YES,YES,NONE
50km_32_43,25,28,17.162118,20.454724249999998,431968.398174282,327217.8074075992,YES,YES,YES,YES,YES,NONE
50km_32_44,32,44,24.545117500000003,38.431163,525397.2802854117,489883.95390342484,YES,YES,YES,YES,YES,NONE
50km_32_45,20,38,14.577608749999998,26.8059495,366234.54949356394,451913.17727351625,YES,YES,YES,YES,YES,NONE
50km_32_46,23,38,18.2786885,29.376495500000004,495845.4766163395,483767.7115122609,YES,YES,YES,YES,YES,NONE
50km_32_47,22,33,15.134693,24.137678,430132.8609598687,408291.08330390096,YES,YES,YES,YES,YES,NONE
50km_32_48,19,30,12.392344249999999,22.283719750000003,359814.67616554844,381645.20860630873,YES,YES,YES,YES,YES,NONE
50km_32_49,24,34,20.352245500000002,28.676307750000003,429737.08523116936,414709.2163739096,YES,YES,YES,YES,YES,NONE
50km_32_50,24,38,18.6061515,31.198786,422699.19338050054,474975.65390989726,YES,YES,YES,YES,YES,NONE
50km_32_51,21,28,15.957555249999999,20.745980749999998,353384.42471475276,327766.0200187797,YES,YES,YES,YES,YES,NONE
50km_32_52,3,5,3.0,4.238634,54803.8412853445,58378.9876835677,YES,YES,YES,YES,YES,NONE
50km_33_28,17,20,14.5046265,18.190661,252483.66836981018,200687.84860385017,YES,YES,YES,YES,YES,NONE
50km_33_29,29,54,24.87274375,46.771816,430133.6554538069,528604.4336352154,YES,YES,YES,YES,YES,NONE
50km_33_30,25,36,21.48048975,28.119854,369409.0695834881,361820.5909866159,YES,YES,YES,YES,YES,NONE
50km_33_31,29,40,20.854247500000003,33.12715375,426597.503870649,410176.9079628362,YES,YES,YES,YES,YES,NONE
50km_33_32,38,47,33.22367425,40.33478875,570669.0126233561,481867.3835705315,YES,YES,YES,YES,YES,NONE
50km_33_33,33,46,27.750086999999994,37.67131924999999,489893.2590101109,452042.27618503914,YES,YES,YES,YES,YES,NONE
50km_33_34,29,41,24.823434250000002,36.502831,427555.6461092601,390608.69281747413,YES,YES,YES,YES,YES,NONE
50km_33_35,28,46,22.6277405,38.941222749999994,413635.62834743777,438166.5375738932,YES,YES,YES,YES,YES,NONE
50km_33_36,18,40,14.39249375,27.770256250000003,266269.518489711,383770.8115192045,YES,YES,YES,YES,YES,NONE
50km_33_37,4,17,3.5625,13.73260775,98716.77612597452,222123.50998872705,YES,YES,YES,YES,YES,NONE
50km_33_38,9,9,5.59065975,4.762907,193064.5059818349,106849.20051807545,YES,YES,YES,YES,YES,NONE
50km_33_39,8,9,3.42991,4.85448775,146589.69394714924,113032.24900490769,YES,YES,YES,YES,YES,NONE
50km_33_40,10,16,5.159112250000001,12.0388525,199490.93512543064,211918.49943970316,YES,YES,YES,YES,YES,NONE
50km_33_41,15,12,9.75211,6.3532494999999995,267002.5414753422,144991.2889632908,YES,YES,YES,YES,YES,NONE
50km_33_42,14,27,10.57521575,17.784546499999998,245348.56693989513,325370.02316350536,YES,YES,YES,YES,YES,NONE
50km_33_43,30,45,24.96441575,30.571408249999998,494467.779667058,509250.4059960356,YES,YES,YES,YES,YES,NONE
50km_33_44,34,39,28.716838,31.498008,576896.1288106401,457339.4394042841,YES,YES,YES,YES,YES,NONE
50km_33_45,28,42,21.16671925,31.12559575,481846.85119600856,490795.9749163726,YES,YES,YES,YES,YES,NONE
50km_33_46,20,39,14.138785250000002,32.987344,404715.08218597743,525787.7380843906,YES,YES,YES,YES,YES,NONE
50km_33_47,22,30,15.946618249999998,23.948045999999998,434551.2165670116,391720.6521471463,YES,YES,YES,YES,YES,NONE
50km_33_48,24,27,16.04610225,18.719212749999997,428220.550614716,323405.32416432176,YES,YES,YES,YES,YES,NONE
50km_33_49,30,62,28.856448750000002,56.83450375,560309.6646670686,769071.6641407679,YES,YES,YES,YES,YES,NONE
50km_33_50,35,47,29.16546075,43.2621985,596437.3676514542,532949.8234849453,YES,YES,YES,YES,YES,NONE
50km_33_51,36,52,33.66318150000001,47.46918350000001,623820.1696359356,593519.4067386837,YES,YES,YES,YES,YES,NONE
50km_33_52,12,33,9.26051275,27.04868875,203951.36748131012,369389.9110968194,YES,YES,YES,YES,YES,NONE
50km_34_29,14,26,13.55682925,24.832845,213777.7376813928,264054.9520538072,YES,YES,YES,YES,YES,NONE
50km_34_30,22,33,18.30877925,28.75621375,315966.03303344717,338293.03901131783,YES,YES,YES,YES,YES,NONE
50km_34_31,23,30,19.93500775,28.323462250000002,342849.84445449436,308319.19603295554,YES,YES,YES,YES,YES,NONE
50km_34_32,21,27,16.60211175,20.329815,313876.42126416444,274483.84873276774,YES,YES,YES,YES,YES,NONE
50km_34_33,21,32,20.5625,29.7074895,311795.3945723199,317150.2372353534,YES,YES,YES,YES,YES,NONE
50km_34_34,6,8,3.1175940000000004,6.345299750000001,89430.18666043907,75586.827639944,YES,YES,YES,YES,YES,NONE
50km_34_35,6,6,4.48283325,4.802643,88924.92628753753,56690.12072995799,YES,YES,YES,YES,YES,NONE
50km_34_36,3,6,2.0625,3.7477820000000004,42887.97936046603,55730.876726505376,YES,YES,YES,YES,YES,NONE
50km_34_37,9,12,6.8370845,9.1608235,155733.15091845818,117218.79417328896,YES,YES,YES,YES,YES,NONE
50km_34_38,22,26,13.922125,19.515352999999998,293375.6626173098,242192.27066897321,YES,YES,YES,YES,YES,NONE
50km_34_39,20,29,11.916688749999999,23.0848625,173340.73688122153,218838.45934668925,YES,YES,YES,YES,YES,NONE
50km_34_40,22,19,14.630892500000002,12.009318,227000.16494862898,120816.50181210888,YES,YES,YES,YES,YES,NONE
50km_34_41,3,10,1.1062562500000002,3.4882339999999994,60426.80126816675,107251.52486496935,YES,YES,YES,YES,YES,NONE
50km_34_42,17,23,9.25324,13.767378749999999,282159.90083985915,261491.89818480928,YES,YES,YES,YES,YES,NONE
50km_34_43,27,42,19.445788750000002,35.63657824999999,373946.125465066,360506.87770680105,YES,YES,YES,YES,YES,NONE
50km_34_44,32,59,29.63134625,51.2282035,497210.81549605186,631388.3737577895,YES,YES,YES,YES,YES,NONE
50km_34_45,16,42,12.070728749999999,32.929696250000006,315380.17330995237,518917.6109661597,YES,YES,YES,YES,YES,NONE
50km_34_46,29,41,23.35587,33.12306925,573243.250292058,546170.4521523777,YES,YES,YES,YES,YES,NONE
50km_34_47,22,27,13.4830745,21.813959000000004,440826.2360948512,330289.52297180914,YES,YES,YES,YES,YES,NONE
50km_34_48,24,34,19.444321999999996,27.075489749999996,445608.35112155834,436011.73512431845,YES,YES,YES,YES,YES,NONE
50km_34_49,35,58,32.8822685,54.964029749999995,605331.7292891232,622296.3727709632,YES,YES,YES,YES,YES,NONE
50km_34_50,37,54,34.8867535,52.7784985,625830.3695314493,603949.0495504134,YES,YES,YES,YES,YES,NONE
50km_34_51,35,61,32.4284265,56.24082675,634969.3248175032,637027.6309376336,YES,YES,YES,YES,YES,NONE
50km_34_52,32,40,30.225754000000002,34.44290375,540964.5591085531,451273.40615399374,YES,YES,YES,YES,YES,NONE
50km_34_53,0,1,0.0,1.0,0.0,11834.069605648998,NO,YES,YES,NO,NO,A_ONLY_ZERO
50km_35_29,4,4,2.15197475,4.0,60355.14212043259,41543.774812200114,YES,YES,YES,YES,YES,NONE
50km_35_30,1,3,1.0,3.0,13529.597145120948,31160.1435998851,YES,YES,YES,YES,YES,NONE
50km_35_31,17,25,14.94852575,22.83561875,247599.1209174698,257090.66190967488,YES,YES,YES,YES,YES,NONE
50km_35_32,21,17,18.767439500000002,14.425338,314191.0165778512,177235.47480078894,YES,YES,YES,YES,YES,NONE
50km_35_33,8,8,7.1845005,4.3767700000000005,120967.53275105098,81597.31176678381,YES,YES,YES,YES,YES,NONE
50km_35_34,1,1,0.04458825,0.56670075,15241.871358674212,9448.353454993,YES,YES,YES,YES,YES,NONE
50km_35_35,2,1,1.0625,1.0,29473.221971545325,9448.353454993,YES,YES,YES,YES,YES,NONE
50km_35_36,5,10,4.5625,6.84112975,73683.0549288633,95558.93493751712,YES,YES,YES,YES,YES,NONE
50km_35_37,17,31,14.69173775,26.559754,250474.3177634066,305266.5174566318,YES,YES,YES,YES,YES,NONE
50km_35_38,17,30,12.553462249999999,24.541461749999996,148281.93281284958,174296.20458254172,YES,YES,YES,YES,YES,NONE
50km_35_39,8,10,5.2897929999999995,6.7715895,69195.59550266042,57579.62718996424,YES,YES,YES,YES,YES,NONE
50km_35_40,44,61,32.143266499999996,43.79345824999999,388876.64234758355,353612.05755857524,YES,YES,YES,YES,YES,NONE
50km_35_41,23,39,16.6157665,28.534175,208113.47373992522,224608.7576662882,YES,YES,YES,YES,YES,NONE
50km_35_42,26,26,12.311655250000001,14.19430525,239259.97191214425,171359.89661870018,YES,YES,YES,YES,YES,NONE
50km_35_43,31,58,20.5427775,36.619775999999995,281346.76017222396,337928.3156976133,YES,YES,YES,YES,YES,NONE
50km_35_44,38,58,29.930876500000004,45.72745624999999,457443.47566954297,384426.78501745575,YES,YES,YES,YES,YES,NONE
50km_35_45,21,34,16.018544,22.258809250000002,404471.567574833,417364.0710099927,YES,YES,YES,YES,YES,NONE
50km_35_46,28,44,24.35657175,36.793150749999995,574347.0873074235,564826.5848402885,YES,YES,YES,YES,YES,NONE
50km_35_47,23,33,18.125,24.542613249999995,447551.37085356796,391551.9905690457,YES,YES,YES,YES,YES,NONE
50km_35_48,21,34,14.05040275,24.61927725,347320.3303731087,392976.4523755625,YES,YES,YES,YES,YES,NONE
50km_35_49,28,37,23.8515365,31.61431475,545584.5652758457,453485.54247283796,YES,YES,YES,YES,YES,NONE
50km_35_50,33,50,31.11017525,44.94804725,552411.2708729435,559170.0161852897,YES,YES,YES,YES,YES,NONE
50km_35_51,27,37,22.3636095,27.560446250000002,430006.97572517773,392036.4673441823,YES,YES,YES,YES,YES,NONE
50km_35_52,16,23,13.243962999999999,17.257277249999998,255813.42378242718,256242.698069036,YES,YES,YES,YES,YES,NONE
50km_35_53,3,5,2.04891175,4.06703675,49085.47960592802,52660.61982744806,YES,YES,YES,YES,YES,NONE
50km_36_30,0,1,0.0,0.25,0.0,9299.331864913433,NO,YES,YES,NO,NO,A_ONLY_ZERO
50km_36_31,0,1,0.0,1.0,0.0,10363.095685624556,NO,YES,YES,NO,NO,A_ONLY_ZERO
50km_36_32,0,1,0.0,0.877396,0.0,10433.952228635992,NO,YES,YES,NO,NO,A_ONLY_ZERO
50km_36_39,1,1,1.0,1.0,8101.8301373276945,6136.798184255601,YES,YES,YES,YES,YES,NONE
50km_36_40,10,20,9.0771655,14.77417425,86041.62799753796,115110.17301138036,YES,YES,YES,YES,YES,NONE
50km_36_41,39,60,33.7580835,50.259384499999996,347540.3467664441,339955.14887642197,YES,YES,YES,YES,YES,NONE
50km_36_42,26,24,18.00262175,17.439897,233300.31228926283,138459.71805013376,YES,YES,YES,YES,YES,NONE
50km_36_43,1,4,0.2609035,0.97613075,9330.16859622265,30781.059892746634,YES,YES,YES,YES,YES,NONE
50km_36_44,14,24,8.04104675,16.99095925,218299.96803110212,275326.22372311883,YES,YES,YES,YES,YES,NONE
50km_36_45,20,31,15.02108225,21.208745,387259.918343364,363435.4184634713,YES,YES,YES,YES,YES,NONE
50km_36_46,23,34,17.944769,25.387202,438547.61992703495,409497.7652190133,YES,YES,YES,YES,YES,NONE
50km_36_47,23,39,17.56638675,33.95198925,390353.2379763309,465420.31891214725,YES,YES,YES,YES,YES,NONE
50km_36_48,51,57,43.001174250000005,47.13762725,612421.5935660984,413502.72463183757,YES,YES,YES,YES,YES,NONE
50km_36_49,49,67,42.201778000000004,58.2989095,530217.6416002861,480809.8120275436,YES,YES,YES,YES,YES,NONE
50km_36_50,39,65,33.84837425,57.531788999999996,394876.1510969586,503916.9630136611,YES,YES,YES,YES,YES,NONE
50km_36_51,46,70,39.9705945,59.761114500000005,557631.9696113543,547517.2146179175,YES,YES,YES,YES,YES,NONE
50km_36_52,35,50,31.2906505,40.80420375,580756.7274227595,537253.1414661427,YES,YES,YES,YES,YES,NONE
50km_36_53,16,23,14.215238249999999,20.040908,246935.5857841196,240300.5550107344,YES,YES,YES,YES,YES,NONE
50km_37_43,3,3,1.125,2.2227794999999997,54853.33600113314,32393.992356801573,YES,YES,YES,YES,YES,NONE
50km_37_44,5,7,3.093549,3.2859725000000006,89065.00491656289,75287.51393781045,YES,YES,YES,YES,YES,NONE
50km_37_45,22,33,15.61626575,23.61855675,367542.5574368056,353199.08114730346,YES,YES,YES,YES,YES,NONE
50km_37_46,31,40,24.55374125,34.246832999999995,572518.5261683376,442100.2561395158,YES,YES,YES,YES,YES,NONE
50km_37_47,31,47,23.749443,42.116963250000005,527391.9163404822,536705.4191428812,YES,YES,YES,YES,YES,NONE
50km_37_48,38,57,31.67616525,49.16608225,566647.9915871263,608134.5278736172,YES,YES,YES,YES,YES,NONE
50km_37_49,30,46,28.288444249999998,40.8689695,478779.6245721492,510486.0017888325,YES,YES,YES,YES,YES,NONE
50km_37_50,33,47,28.097997,43.29799575,522569.54693492374,529208.5886033219,YES,YES,YES,YES,YES,NONE
50km_37_51,35,50,29.87784525,44.231627249999995,551897.7184024762,516515.498600795,YES,YES,YES,YES,YES,NONE
50km_37_52,32,42,30.142906250000003,34.10011825,544195.8909861948,446845.8158770076,YES,YES,YES,YES,YES,NONE
50km_37_53,21,43,18.70312975,36.990832,335319.8994317438,424633.5914211334,YES,YES,YES,YES,YES,NONE
50km_38_44,6,13,3.7838355000000004,10.73348275,100524.16236906132,145736.36476606812,YES,YES,YES,YES,YES,NONE
50km_38_45,17,25,11.02966525,18.16591475,287542.9682465005,296350.54205433314,YES,YES,YES,YES,YES,NONE
50km_38_46,19,32,11.7610245,25.77909425,331621.08128549525,341359.5462566972,YES,YES,YES,YES,YES,NONE
50km_38_47,24,41,16.961966500000003,31.130837000000003,412683.76870230306,457390.3661951775,YES,YES,YES,YES,YES,NONE
50km_38_48,30,49,24.542550750000004,38.8268185,516329.467281327,498727.072920625,YES,YES,YES,YES,YES,NONE
50km_38_49,35,52,30.97675025,45.9829475,587804.3827501191,578155.561802928,YES,YES,YES,YES,YES,NONE
50km_38_50,35,53,29.095841249999996,46.88820749999999,532991.1909134777,588381.2198367611,YES,YES,YES,YES,YES,NONE
50km_38_51,81,120,76.40847049999999,113.13810625,626216.5671366268,596360.3959682308,YES,YES,YES,YES,YES,NONE
50km_38_52,67,108,64.5284685,103.92647500000002,523865.9216856391,615991.0801753979,YES,YES,YES,YES,YES,NONE
50km_38_53,34,56,31.511219000000004,53.591297000000004,487280.5145357298,559589.5047283818,YES,YES,YES,YES,YES,NONE
50km_38_54,24,28,23.54186175,27.125,371954.1076055668,290045.0986712723,YES,YES,YES,YES,YES,NONE
50km_39_44,0,6,0.0,4.949221,0.0,71453.07680308919,NO,YES,YES,NO,NO,A_ONLY_ZERO
50km_39_45,10,16,7.214048,12.147604750000001,160243.58381213716,173637.67358004957,YES,YES,YES,YES,YES,NONE
50km_39_46,37,57,27.4398665,42.66319175,441884.211660121,484042.4339444967,YES,YES,YES,YES,YES,NONE
50km_39_47,31,49,22.189043749999996,34.76236775000001,398891.7938889931,438800.4223125606,YES,YES,YES,YES,YES,NONE
50km_39_48,30,24,23.170420999999997,15.83577975,516859.4905371335,263569.7129212318,YES,YES,YES,YES,YES,NONE
50km_39_49,29,41,23.65800775,28.65361925,466423.7604623231,458508.22464200767,YES,YES,YES,YES,YES,NONE
50km_39_50,25,44,20.372500249999998,35.630409750000005,407132.3170250956,481855.0302052013,YES,YES,YES,YES,YES,NONE
50km_39_51,41,55,36.758814,50.313014499999994,513241.8327458997,501991.405675191,YES,YES,YES,YES,YES,NONE
50km_39_52,69,88,60.1690615,84.77873175,678054.7539939767,617531.4757335524,YES,YES,YES,YES,YES,NONE
50km_39_53,41,56,38.64396275,53.20785725,609722.6825007973,603296.9603983634,YES,YES,YES,YES,YES,NONE
50km_39_54,37,50,36.905979,48.561036,550277.9282148057,526434.4013649448,YES,YES,YES,YES,YES,NONE
50km_39_55,31,47,29.822195,43.4234715,473885.8289781613,458156.5623436531,YES,YES,YES,YES,YES,NONE
50km_39_56,24,38,23.18152,37.570669,366975.12323821645,379282.62852347,YES,YES,YES,YES,YES,NONE
50km_39_57,25,33,24.31436375,31.807961,367040.3223206621,316182.3088616387,YES,YES,YES,YES,YES,NONE
50km_39_58,17,27,16.615441750000002,26.2114675,256067.45075690348,264770.30986814003,YES,YES,YES,YES,YES,NONE
50km_39_59,4,7,3.918023,6.60315975,54492.98430736408,68471.88773442681,YES,YES,YES,YES,YES,NONE
50km_40_46,18,21,9.70975775,12.844013500000003,196014.82891078433,151008.7679205715,YES,YES,YES,YES,YES,NONE
50km_40_47,21,33,12.932974,21.568703,346384.0092074817,371823.32226777857,YES,YES,YES,YES,YES,NONE
50km_40_48,7,17,5.16206025,9.31442075,116226.32816790817,174609.16915153957,YES,YES,YES,YES,YES,NONE
50km_40_49,12,17,8.7589285,10.515821999999998,195259.11485551577,183944.08008875317,YES,YES,YES,YES,YES,NONE
50km_40_50,19,34,15.13113625,23.740727999999997,248092.06050058894,320589.58013817854,YES,YES,YES,YES,YES,NONE
50km_40_51,27,41,23.71825775,29.40193775,390043.7338489275,390609.9917618708,YES,YES,YES,YES,YES,NONE
50km_40_52,35,53,26.624496749999995,43.16218975000001,515985.4561941007,536960.4667248114,YES,YES,YES,YES,YES,NONE
50km_40_53,37,47,30.373109499999995,36.35707599999999,586055.7133394161,488174.80218612263,YES,YES,YES,YES,YES,NONE
50km_40_54,33,55,32.352391,51.71863775,511829.55663678556,537170.0999051741,YES,YES,YES,YES,YES,NONE
50km_40_55,38,59,34.1567315,55.73338975,549884.0186021298,582565.2878570694,YES,YES,YES,YES,YES,NONE
50km_40_56,38,51,35.8727115,47.65455775,553195.365960569,508757.3328922404,YES,YES,YES,YES,YES,NONE
50km_40_57,42,58,40.620408,57.503994,588460.6445584993,591823.7475615973,YES,YES,YES,YES,YES,NONE
50km_40_58,40,64,38.46491025,61.394348,582315.101461827,637211.8220992138,YES,YES,YES,YES,YES,NONE
50km_40_59,35,50,32.636988,48.123781,493288.86091480224,492372.02610284375,YES,YES,YES,YES,YES,NONE
50km_40_60,2,1,1.59516925,1.0,29547.096478823994,9812.723410375993,YES,YES,YES,YES,YES,NONE
50km_41_46,4,6,2.8129945,1.97213825,67502.7118567117,70295.75172706056,YES,YES,YES,YES,YES,NONE
50km_41_47,12,15,5.1841675,8.68369175,171525.55500008052,162103.45494836752,YES,YES,YES,YES,YES,NONE
50km_41_48,1,0,1.0,0.0,16095.22285579562,0.0,YES,NO,NO,YES,NO,B_ONLY_ZERO
50km_41_51,1,5,1.0,3.149629,17756.593082016105,49812.80946298288,YES,YES,YES,YES,YES,NONE
50km_41_52,28,32,21.20800625,22.00137475,425617.86433266685,319871.0787664504,YES,YES,YES,YES,YES,NONE
50km_41_53,23,52,19.8702465,42.936364,373896.1584559346,562369.3035302423,YES,YES,YES,YES,YES,NONE
50km_41_54,30,57,27.97884725,49.563480250000005,453414.2460444545,570502.3337055235,YES,YES,YES,YES,YES,NONE
50km_41_55,40,53,38.342138000000006,47.221802,550356.9494389074,530852.1554972534,YES,YES,YES,YES,YES,NONE
50km_41_56,39,56,36.254489750000005,50.483794249999995,564922.2484040576,573305.404080054,YES,YES,YES,YES,YES,NONE
50km_41_57,36,61,34.600623999999996,59.066512249999995,537978.8628601792,623868.5049269862,YES,YES,YES,YES,YES,NONE
50km_41_58,40,61,38.1902015,59.09334950000001,583313.3476267236,600650.1725571115,YES,YES,YES,YES,YES,NONE
50km_41_59,36,50,30.54528175,46.15267025,537300.6335089502,493858.2542184089,YES,YES,YES,YES,YES,NONE
50km_41_60,2,5,1.06703675,5.0,24877.1836111083,50363.33483678217,YES,YES,YES,YES,YES,NONE
50km_42_46,2,2,1.2042389999999998,0.67026225,32956.79286185527,25362.976545941936,YES,YES,YES,YES,YES,NONE
50km_42_47,5,6,3.137567,3.42418575,74811.88448015362,58036.22996002292,YES,YES,YES,YES,YES,NONE
50km_42_48,0,2,0.0,2.0,0.0,16097.596919872722,NO,YES,YES,NO,NO,A_ONLY_ZERO
50km_42_52,9,4,6.77208025,2.293222,141271.39759466914,43085.81205018763,YES,YES,YES,YES,YES,NONE
50km_42_53,21,33,15.70919575,27.262426,343583.9486621405,348765.1537295707,YES,YES,YES,YES,YES,NONE
50km_42_54,32,45,25.18377975,40.20485875000001,547377.3426936144,443972.14086413203,YES,YES,YES,YES,YES,NONE
50km_42_55,37,63,32.10535350000001,58.323762,597606.7942515021,619548.1112864892,YES,YES,YES,YES,YES,NONE
50km_42_56,41,58,39.2924,52.4950755,625592.6400263417,594398.0175028906,YES,YES,YES,YES,YES,NONE
50km_42_57,39,58,35.807730250000006,53.4454405,601051.002716963,573336.5885232503,YES,YES,YES,YES,YES,NONE
50km_42_58,27,52,22.79527,45.33928925,395411.19409019954,510828.5246400326,YES,YES,YES,YES,YES,NONE
50km_42_59,16,20,13.08730925,17.96709275,232108.30829617367,193763.01721479575,YES,YES,YES,YES,YES,NONE
50km_42_60,0,1,0.0,0.2953065,0.0,10136.121532447649,NO,YES,YES,NO,NO,A_ONLY_ZERO
50km_43_53,4,9,3.005566,7.68193625,93207.50768756962,85649.52692700537,YES,YES,YES,YES,YES,NONE
50km_43_54,30,54,25.887006499999995,48.14506475,513359.85173725046,511432.46913276584,YES,YES,YES,YES,YES,NONE
50km_43_55,39,56,36.72526525000001,54.365570500000004,594080.4513351788,559592.1295814983,YES,YES,YES,YES,YES,NONE
50km_43_56,35,53,32.725201999999996,51.6413205,545355.0010385333,505216.41192875744,YES,YES,YES,YES,YES,NONE
50km_43_57,9,9,8.25,7.9964390000000005,144595.87129121588,88450.03529471268,YES,YES,YES,YES,YES,NONE
50km_44_54,9,12,6.8203422499999995,10.00859125,134531.04703252888,128305.26507205088,YES,YES,YES,YES,YES,NONE
50km_44_55,33,52,29.64964075,45.695969749999996,507348.93489687354,501735.32574699534,YES,YES,YES,YES,YES,NONE
50km_44_56,4,4,4.0,3.912362,56536.10197968193,36943.89778804752,YES,YES,YES,YES,YES,NONE
50km_45_55,2,1,2.0,1.0,27590.97754449965,11244.355994493004,YES,YES,YES,YES,YES,NONE
