state,synthetic_species_id,world,orientation,target_fold,original_support_cells,evaluated_support_cells,zero_opportunity_truth_mass_fraction_full_domain,latent_truth_mass_fraction_retained,hellinger_distance,sliced_wasserstein_km,centroid_displacement_km,true_entropy,estimated_entropy,true_concentration,estimated_concentration
D0,SYN001,STRONG,AB,B,142,142,0.0004360211443605352,1.0,0.12035840361816037,2.4210946642819575,1.68557261907481,4.074298547053801,4.037346497394508,0.02474853392012693,0.024845267603116505
D1,SYN001,STRONG,AB,B,142,142,0.0004360211443605352,1.0,0.11943653624760622,2.430963341245763,1.6728238377833733,4.074298547053801,4.039626835883729,0.02474853392012693,0.024824162943874784
D2,SYN001,STRONG,AB,B,142,139,0.0004360211443605352,0.9995639788556394,0.11946222246579989,2.4244287524187285,1.6733274211045739,4.071994905887017,4.037346497394508,0.024770008899568947,0.024845267603116505
D3,SYN001,STRONG,AB,B,142,137,0.0004360211443605352,0.984996608271957,0.11982444259131843,2.6970652891554128,1.6035612970985835,4.049100290685988,4.014576395671133,0.025340973596092616,0.025351868217008345
D0,SYN002,STRONG,AB,B,65,65,0.0,0.9999999999999999,0.09096392110574353,3.990729344277417,4.677031073985151,3.334547922349198,3.2613534492603855,0.054854186684438755,0.05569466357770629
D1,SYN002,STRONG,AB,B,65,65,0.0,0.9999999999999999,0.09096392110574353,3.990729344277417,4.677031073985151,3.334547922349198,3.2613534492603855,0.054854186684438755,0.05569466357770629
D2,SYN002,STRONG,AB,B,65,65,0.0,0.9999999999999999,0.09096392110574353,3.990729344277417,4.677031073985151,3.334547922349198,3.2613534492603855,0.054854186684438755,0.05569466357770629
D3,SYN002,STRONG,AB,B,65,65,0.0,0.9999999999999999,0.09096392110574353,3.990729344277417,4.677031073985151,3.334547922349198,3.2613534492603855,0.054854186684438755,0.05569466357770629
D0,SYN003,STRONG,AB,B,175,175,0.0008766020190535425,1.0,0.1305029626304343,3.0818603946337086,3.525253502120346,3.9910630047636566,3.930638532930257,0.03223603351469619,0.03282252710337464
D1,SYN003,STRONG,AB,B,175,175,0.0008766020190535425,1.0,0.12878523443294496,3.1145643359518855,3.730831712166796,3.9910630047636566,3.9341646015664784,0.03223603351469619,0.03276731741590465
D2,SYN003,STRONG,AB,B,175,174,0.0008766020190535425,0.9991233979809466,0.1288406127718626,3.063079417650611,3.7399842691980605,3.987511445027827,3.9306385329302564,0.032291854479202034,0.03282252710337464
D3,SYN003,STRONG,AB,B,175,170,0.0008766020190535425,0.998279896710588,0.1280686375992035,3.0975783105843684,3.8319197011877573,3.9830964316522643,3.927950732686768,0.03234618528692708,0.0328614708772995
D0,SYN004,STRONG,AB,B,148,148,0.0,0.9999999999999999,0.12040349492097732,2.954841817220289,3.9223179867743223,4.101888730650877,4.047875861391191,0.024482113127460427,0.02505365905711106
D1,SYN004,STRONG,AB,B,148,148,0.0,0.9999999999999999,0.12040349492097732,2.954841817220289,3.9223179867743223,4.101888730650877,4.047875861391191,0.024482113127460427,0.02505365905711106
D2,SYN004,STRONG,AB,B,148,148,0.0,0.9999999999999999,0.12040349492097732,2.954841817220289,3.9223179867743223,4.101888730650877,4.047875861391191,0.024482113127460427,0.02505365905711106
D3,SYN004,STRONG,AB,B,148,148,0.0,0.9999999999999999,0.12040349492097732,2.954841817220289,3.9223179867743223,4.101888730650877,4.047875861391191,0.024482113127460427,0.02505365905711106
D0,SYN005,STRONG,AB,B,140,140,0.016766530366001633,1.0,0.15010534492696795,3.2364136662122105,1.973692770829334,4.078070371149677,4.024856223316759,0.025460824207712885,0.02593924619623261
D1,SYN005,STRONG,AB,B,140,140,0.016766530366001633,1.0,0.11829499311977278,4.550416666900794,4.9482689228022,4.078070371149677,4.052249523905412,0.025460824207712885,0.025229791125880467
D2,SYN005,STRONG,AB,B,140,138,0.016766530366001633,0.9832334696339982,0.11930101954140496,4.225133153994726,4.864348016956281,4.0516396308726605,4.024856223316759,0.02615107783962957,0.02593924619623261
D3,SYN005,STRONG,AB,B,140,134,0.016766530366001633,0.9581279065610766,0.12009345418790221,4.621280330838044,5.108405990286162,4.033567678067273,4.008639435991872,0.026871860898672873,0.026629884093690992
D0,SYN006,STRONG,AB,B,66,66,0.0,1.0000000000000002,0.08998334922709482,1.5217693345124352,0.49276201898132255,3.1920759122705515,3.1218710057168235,0.060108578177479915,0.06357512458497283
D1,SYN006,STRONG,AB,B,66,66,0.0,1.0000000000000002,0.08998334922709482,1.5217693345124352,0.49276201898132255,3.1920759122705515,3.1218710057168235,0.060108578177479915,0.06357512458497283
D2,SYN006,STRONG,AB,B,66,66,0.0,1.0000000000000002,0.08998334922709485,1.521769334512428,0.4927620189817563,3.1920759122705507,3.1218710057168235,0.060108578177479895,0.06357512458497283
D3,SYN006,STRONG,AB,B,66,65,0.0,0.9997254342673707,0.08922333665704091,1.510861441309063,0.4727684139604766,3.1904258390115743,3.121871005716823,0.060141523860409274,0.06357512458497283
D0,SYN007,STRONG,AB,B,134,134,0.03337957619535628,1.0,0.18234661690575052,3.6480341668214273,2.431250872325252,3.2393650073076348,3.0659610589067476,0.07966250210209708,0.08800951888904937
D1,SYN007,STRONG,AB,B,134,134,0.03337957619535628,1.0,0.1270415001932322,2.7581467504736445,1.531015873807331,3.2393650073076348,3.1343042610346115,0.07966250210209708,0.08284699190488519
D2,SYN007,STRONG,AB,B,134,130,0.03337957619535628,0.9666204238046439,0.1292282317541119,2.911665200538123,1.5319887943373125,3.1751152905196918,3.065961058906747,0.08453953372015717,0.08800951888904937
D3,SYN007,STRONG,AB,B,134,122,0.03337957619535628,0.957377291385539,0.12230796802245827,2.548884864524523,1.7062547455557393,3.1348409935411357,3.044334905101999,0.08616003849379084,0.08888547484840438
D0,SYN008,STRONG,AB,B,122,122,0.0,0.9999999999999998,0.11208751830448602,2.4527781042474768,1.0334079940823713,4.10020036133893,4.1141364332357195,0.021966215527144936,0.020926042918486477
D1,SYN008,STRONG,AB,B,122,122,0.0,0.9999999999999998,0.11208751830448602,2.4527781042474768,1.0334079940823713,4.10020036133893,4.1141364332357195,0.021966215527144936,0.020926042918486477
D2,SYN008,STRONG,AB,B,122,122,0.0,0.9999999999999998,0.11208751830448604,2.45277810424748,1.0334079940821317,4.100200361338932,4.1141364332357195,0.021966215527144943,0.020926042918486477
D3,SYN008,STRONG,AB,B,122,121,0.0,0.9996269306599638,0.11193678358139278,2.5570826319575626,1.0857982637830565,4.098411438541839,4.110903589301845,0.021982475261952128,0.02095915345526071
D0,SYN009,STRONG,AB,B,84,84,0.05515904963877116,0.9999999999999998,0.1894913396084027,5.866781842848017,5.294004511989171,3.014426629300741,2.9025066027907687,0.10744588475963998,0.11728802998452773
D1,SYN009,STRONG,AB,B,84,84,0.05515904963877116,0.9999999999999998,0.08782103236405497,2.8902334673613166,1.0507870474105199,3.014426629300741,3.0058065370923974,0.10744588475963998,0.10595782704075885
D2,SYN009,STRONG,AB,B,84,80,0.05515904963877116,0.9448409503612285,0.09035836070436792,4.269908362403102,1.1629082536707631,2.9123430629882305,2.9025066027907687,0.11879855309413846,0.11728802998452773
D3,SYN009,STRONG,AB,B,84,70,0.05515904963877116,0.918072290182402,0.08424399162340702,2.930959242162916,2.083909486453848,2.816419622920267,2.812531133584125,0.12560379895280338,0.12421498744083566
D0,SYN010,STRONG,AB,B,104,104,0.0,0.9999999999999999,0.09106664493635273,2.302833288211744,3.00300828383132,3.556594452287252,3.482914415514938,0.04415089328568364,0.04539901225303176
D1,SYN010,STRONG,AB,B,104,104,0.0,0.9999999999999999,0.09106664493635273,2.302833288211744,3.00300828383132,3.556594452287252,3.482914415514938,0.04415089328568364,0.04539901225303176
D2,SYN010,STRONG,AB,B,104,104,0.0,0.9999999999999999,0.09106664493635276,2.302833288211754,3.0030082838304017,3.5565944522872526,3.482914415514938,0.04415089328568366,0.04539901225303176
D3,SYN010,STRONG,AB,B,104,100,0.0,0.9990631060549645,0.08996682915304995,2.2610797128790163,3.0213019790187268,3.551422548444998,3.47956236781501,0.04423338298871243,0.045462215297022886
D0,SYN011,STRONG,AB,B,123,123,0.0,0.9999999999999999,0.0897821669030402,1.9177383200520237,0.6777534688524063,3.968274055356341,3.920320318974173,0.02724387456050035,0.028552509700296585
D1,SYN011,STRONG,AB,B,123,123,0.0,0.9999999999999999,0.0897821669030402,1.9177383200520237,0.6777534688524063,3.968274055356341,3.920320318974173,0.02724387456050035,0.028552509700296585
D2,SYN011,STRONG,AB,B,123,123,0.0,0.9999999999999999,0.0897821669030402,1.9177383200520237,0.6777534688524063,3.968274055356341,3.920320318974173,0.02724387456050035,0.028552509700296585
D3,SYN011,STRONG,AB,B,123,122,0.0,0.9999008693653061,0.08950792176533139,1.914591521541799,0.7080457325542941,3.9676543532673887,3.920320318974173,0.02724926694009569,0.028552509700296585
D0,SYN012,STRONG,AB,B,156,156,0.004031817994071641,1.0,0.137664345906836,6.478405907880392,7.718750335948542,4.101538350802214,3.99799412628889,0.02790268511238867,0.030403612223574062
D1,SYN012,STRONG,AB,B,156,156,0.004031817994071641,1.0,0.12999582594108747,5.649626591980175,6.910641971717129,4.101538350802214,4.010985841061531,0.02790268511238867,0.03016349970304338
D2,SYN012,STRONG,AB,B,156,154,0.004031817994071641,0.9959681820059285,0.1302603819563915,5.947718915251979,6.952389047247712,4.089065350010087,3.9979941262888894,0.02812049935092855,0.030403612223574062
D3,SYN012,STRONG,AB,B,156,150,0.004031817994071641,0.9936673606168589,0.12901420065290187,6.487281063554188,7.077076242008683,4.08014707553828,3.9858805495013687,0.028247974159854985,0.03059624236253445
D0,SYN013,STRONG,AB,B,127,127,0.0006646048761776539,0.9999999999999998,0.10927637647945301,3.316987312233732,3.726253483314433,3.754056729417147,3.717551253690814,0.038929258297461064,0.038195589585456435
D1,SYN013,STRONG,AB,B,127,127,0.0006646048761776539,0.9999999999999998,0.10772693473216137,3.3849428886750186,3.9034243859963214,3.754056729417147,3.7206199540872493,0.038929258297461064,0.03814501621320515
D2,SYN013,STRONG,AB,B,127,126,0.0006646048761776539,0.999335395123822,0.1077628340391839,3.375119806616722,3.9050832432259024,3.7510228329763997,3.7175512536908144,0.038980612790771224,0.038195589585456435
D3,SYN013,STRONG,AB,B,127,118,0.0006646048761776539,0.9942308435851909,0.1031778727894153,3.1552875021247204,3.828342505625552,3.728831370767703,3.689108443959562,0.03937665801301013,0.03879873074452036
D0,SYN014,STRONG,AB,B,125,125,0.0,1.0,0.11184749829685386,2.547935483038526,3.094294573320204,3.7842007847202326,3.7448246362340276,0.033066524317219535,0.03325670118009841
D1,SYN014,STRONG,AB,B,125,125,0.0,1.0,0.11184749829685386,2.547935483038526,3.094294573320204,3.7842007847202326,3.7448246362340276,0.033066524317219535,0.03325670118009841
D2,SYN014,STRONG,AB,B,125,125,0.0,1.0,0.11184749829685386,2.547935483038526,3.094294573320204,3.7842007847202326,3.7448246362340276,0.033066524317219535,0.03325670118009841
D3,SYN014,STRONG,AB,B,125,125,0.0,1.0,0.11184749829685386,2.547935483038526,3.094294573320204,3.7842007847202326,3.7448246362340276,0.033066524317219535,0.03325670118009841
D0,SYN015,STRONG,AB,B,166,166,0.003919748446585361,1.0,0.12370157147643798,3.614010040205206,4.036994980177583,4.0717811512719715,4.0456061214367685,0.026730598765853528,0.02719190340787145
D1,SYN015,STRONG,AB,B,166,166,0.003919748446585361,1.0,0.11538673728177319,3.6138742915412867,4.142796299444036,4.0717811512719715,4.057781364667136,0.026730598765853528,0.026989383476017828
D2,SYN015,STRONG,AB,B,166,163,0.003919748446585361,0.9960802515534147,0.11561359185292061,3.501475481468653,4.1589709926649885,4.059664230832425,4.0456061214367685,0.0269310025254126,0.02719190340787145
D3,SYN015,STRONG,AB,B,166,151,0.003919748446585361,0.9906652989407023,0.11135417846243816,3.8610845091547157,4.344925644124254,4.036819074546298,4.021093740500547,0.027221380283798186,0.027512153011288242
D0,SYN016,STRONG,AB,B,103,103,0.0031399488917188065,1.0,0.10793702116645129,2.4911046416367335,4.245954985571365,3.3479873330201197,3.344975141630532,0.07135879664314417,0.06908430424555449
D1,SYN016,STRONG,AB,B,103,103,0.0031399488917188065,1.0,0.10031562434466906,2.8047453795253277,4.504330715909747,3.3479873330201197,3.359814669025187,0.07135879664314417,0.0686498854432
D2,SYN016,STRONG,AB,B,103,98,0.0031399488917188065,0.9968600511082812,0.10047414184866887,2.6155689514812988,4.51552042942456,3.333244142348824,3.3449751416305316,0.07180537201145466,0.06908430424555449
D3,SYN016,STRONG,AB,B,103,89,0.0031399488917188065,0.9789449977327307,0.09632174484832558,2.3612456934925516,3.7115607093160246,3.2733440541817993,3.287633323011193,0.07435999952375472,0.0713854817335549
D0,SYN017,STRONG,AB,B,168,168,0.0,0.9999999999999999,0.11040031914135419,2.575083085292254,3.1755816896947886,4.143431467017391,4.07488190394282,0.024780601207551073,0.025267802092372022
D1,SYN017,STRONG,AB,B,168,168,0.0,0.9999999999999999,0.11040031914135419,2.575083085292254,3.1755816896947886,4.143431467017391,4.07488190394282,0.024780601207551073,0.025267802092372022
D2,SYN017,STRONG,AB,B,168,168,0.0,0.9999999999999999,0.11040031914135419,2.5750830852922553,3.1755816896946163,4.1434314670173915,4.07488190394282,0.024780601207551083,0.025267802092372022
D3,SYN017,STRONG,AB,B,168,168,0.0,0.9999999999999999,0.11040031914135419,2.5750830852922553,3.1755816896946163,4.1434314670173915,4.07488190394282,0.024780601207551083,0.025267802092372022
D0,SYN018,STRONG,AB,B,66,66,0.0,1.0,0.07689760135780645,1.8032285668988985,2.0954366343776405,3.0321024927979034,2.982040527777694,0.07712691256957196,0.08201834724674309
D1,SYN018,STRONG,AB,B,66,66,0.0,1.0,0.07689760135780645,1.8032285668988985,2.0954366343776405,3.0321024927979034,2.982040527777694,0.07712691256957196,0.08201834724674309
D2,SYN018,STRONG,AB,B,66,66,0.0,1.0,0.07689760135780645,1.8032285668989028,2.0954366343773274,3.032102492797903,2.982040527777694,0.07712691256957194,0.08201834724674309
D3,SYN018,STRONG,AB,B,66,64,0.0,0.9986391078879984,0.07236109101453755,1.6527354965624201,1.8178214002611586,3.024935853369241,2.982040527777694,0.07733633426785841,0.08201834724674309
D0,SYN019,STRONG,AB,B,76,76,0.0035638702817196045,0.9999999999999999,0.102438992717411,2.940820249325948,5.650883401867634,3.42535682873782,3.4250922201377567,0.046124115958640216,0.046162359757280405
D1,SYN019,STRONG,AB,B,76,76,0.0035638702817196045,0.9999999999999999,0.09324459926531148,3.3772336231688738,6.594464955814319,3.42535682873782,3.440420582666765,0.046124115958640216,0.04583402217520493
D2,SYN019,STRONG,AB,B,76,73,0.0035638702817196045,0.9964361297182803,0.09341190644715039,3.6868052929753365,6.604746648646272,3.4101399573744975,3.4250922201377567,0.046449963097780024,0.046162359757280405
D3,SYN019,STRONG,AB,B,76,69,0.0035638702817196045,0.9897558297222864,0.09078938223659501,3.477624894992299,6.021673821265783,3.3861228874634746,3.4097994150542905,0.04705618467749615,0.04646533571551689
D0,SYN020,STRONG,AB,B,105,105,0.09596602221556126,1.0,0.24601681041008885,6.719434503463729,3.6142713435454272,3.188963444901398,3.070654447958754,0.07135501001820901,0.07901754360284959
D1,SYN020,STRONG,AB,B,105,105,0.09596602221556126,1.0,0.10377043602321695,3.9554843335248777,4.87907072901653,3.188963444901398,3.1667943770467315,0.07135501001820901,0.0706424631696179
D2,SYN020,STRONG,AB,B,105,94,0.09596602221556126,0.9040339777844385,0.10916750689583406,3.8575974862567373,5.2663354464443515,3.095088247725532,3.070654447958754,0.07986345781465631,0.07901754360284959
D3,SYN020,STRONG,AB,B,105,75,0.09596602221556126,0.7224953152265995,0.11135180995908149,3.4116387198725886,3.73916888148596,2.9183381687630843,2.8925665200081494,0.09570927779177277,0.09491874015413312
D0,SYN021,STRONG,AB,B,161,161,0.0,1.0,0.12676276538952394,4.192308132822216,5.531545717348004,4.3702009011489364,4.3025561026684835,0.01746934765962923,0.018690720570153845
D1,SYN021,STRONG,AB,B,161,161,0.0,1.0,0.12676276538952394,4.192308132822216,5.531545717348004,4.3702009011489364,4.3025561026684835,0.01746934765962923,0.018690720570153845
D2,SYN021,STRONG,AB,B,161,161,0.0,1.0,0.1267627653895239,4.1923081328222125,5.531545717348236,4.370200901148936,4.3025561026684835,0.017469347659629222,0.018690720570153845
D3,SYN021,STRONG,AB,B,161,160,0.0,0.9997726746355818,0.1265978468588375,4.1737819136228085,5.690101811568128,4.369059738086958,4.300018001291568,0.017477241120052927,0.018713593805778545
D0,SYN022,STRONG,AB,B,168,168,0.0060010475414088915,0.9999999999999998,0.1427724739103012,5.847258146539234,7.635508142447086,4.431819532106331,4.318646526284816,0.016573544167291683,0.01856808698144629
D1,SYN022,STRONG,AB,B,168,168,0.0060010475414088915,0.9999999999999998,0.1316317174475307,5.476019950502931,7.027402710066361,4.431819532106331,4.3307533712352395,0.016573544167291683,0.01837840632043534
D2,SYN022,STRONG,AB,B,168,166,0.0060010475414088915,0.993998952458591,0.1320277327218865,5.691230605402935,7.067921460124101,4.420301227752928,4.318646526284816,0.016741926818101983,0.01856808698144629
D3,SYN022,STRONG,AB,B,168,164,0.0060010475414088915,0.9930597772232888,0.13108355876574282,5.630725870911961,7.070550560676607,4.416295486572632,4.315871033739967,0.01677316040580901,0.01859376175526904
D0,SYN023,STRONG,AB,B,170,170,0.0,1.0,0.12239567375002891,3.3445042430328487,3.8397561684865136,4.038687170326243,3.9849847419488547,0.029314883588095975,0.029883828892645466
D1,SYN023,STRONG,AB,B,170,170,0.0,1.0,0.12239567375002891,3.3445042430328487,3.8397561684865136,4.038687170326243,3.9849847419488547,0.029314883588095975,0.029883828892645466
D2,SYN023,STRONG,AB,B,170,170,0.0,1.0,0.12239567375002891,3.3445042430328487,3.8397561684865136,4.038687170326243,3.9849847419488547,0.029314883588095975,0.029883828892645466
D3,SYN023,STRONG,AB,B,170,166,0.0,0.9993741258641912,0.1211292992306599,3.2941433785862033,3.885975849590352,4.035295165157083,3.9849847419488547,0.029351463525049887,0.029883828892645466
D0,SYN024,STRONG,AB,B,75,75,0.0,1.0000000000000002,0.06891319067128229,1.2359535891804456,1.7770859306706228,3.1274565354957824,3.1148765151049007,0.06472058258089497,0.06578531604590446
D1,SYN024,STRONG,AB,B,75,75,0.0,1.0000000000000002,0.06891319067128229,1.2359535891804456,1.7770859306706228,3.1274565354957824,3.1148765151049007,0.06472058258089497,0.06578531604590446
D2,SYN024,STRONG,AB,B,75,75,0.0,1.0000000000000002,0.06891319067128228,1.2359535891804476,1.7770859306707771,3.127456535495782,3.1148765151049007,0.06472058258089494,0.06578531604590446
D3,SYN024,STRONG,AB,B,75,74,0.0,0.9994811074203988,0.0670127834358157,1.2077351531252876,1.6207971576983342,3.1246343203391613,3.1148765151049007,0.06478753142599002,0.06578531604590446
D0,SYN025,STRONG,AB,B,133,133,0.0001808685886774951,1.0,0.1329127259304079,3.6067503195563493,3.234835912298529,3.8141924249742383,3.7728089922452686,0.03445635113567502,0.03454271076586424
D1,SYN025,STRONG,AB,B,133,133,0.0001808685886774951,1.0,0.13256605635629384,3.6055137550610814,3.294979056584299,3.8141924249742383,3.773869364902414,0.03445635113567502,0.03453020347613117
D2,SYN025,STRONG,AB,B,133,132,0.0001808685886774951,0.9998191314113224,0.13257806741979558,3.627400542051825,3.2953542261842856,3.8131425720199026,3.7728089922452686,0.03446878593596721,0.03454271076586424
D3,SYN025,STRONG,AB,B,133,121,0.0001808685886774951,0.9944074812258057,0.12667664665189918,3.390702876264844,3.395614839590692,3.788447155164508,3.754624648781015,0.0348407949108148,0.03484508046399147
D0,SYN026,STRONG,AB,B,133,133,0.0012226030784458109,0.9999999999999999,0.1251354465345474,2.309445178580226,0.5627473993956665,3.3983991297582996,3.3243103297993097,0.0683980750026273,0.06936391612889053
D1,SYN026,STRONG,AB,B,133,133,0.0012226030784458109,0.9999999999999999,0.12262975373582295,2.162598502378338,0.4540174096216427,3.3983991297582996,3.3315370058249343,0.0683980750026273,0.0691908362614828
D2,SYN026,STRONG,AB,B,133,127,0.0012226030784458109,0.998777396921554,0.12270533166020998,2.2321638978914327,0.45693858805574655,3.3913944528211846,3.3243103297993097,0.06856517083835306,0.06936391612889053
D3,SYN026,STRONG,AB,B,133,121,0.0012226030784458109,0.9962490382165554,0.12145841107994987,2.125656323877113,0.24082571632818411,3.380111158544209,3.3189766047404556,0.06890969144144865,0.06953112542856285
D0,SYN027,STRONG,AB,B,147,147,0.0,1.0,0.11162553966556842,1.7229572276224459,0.49480643919645767,4.1267731576090325,4.0805077226507915,0.0222063331077504,0.023452533677364922
D1,SYN027,STRONG,AB,B,147,147,0.0,1.0,0.11162553966556842,1.7229572276224459,0.49480643919645767,4.1267731576090325,4.0805077226507915,0.0222063331077504,0.023452533677364922
D2,SYN027,STRONG,AB,B,147,147,0.0,1.0,0.11162553966556842,1.7229572276224459,0.49480643919645767,4.1267731576090325,4.0805077226507915,0.0222063331077504,0.023452533677364922
D3,SYN027,STRONG,AB,B,147,147,0.0,1.0,0.11162553966556842,1.7229572276224459,0.49480643919645767,4.1267731576090325,4.0805077226507915,0.0222063331077504,0.023452533677364922
D0,SYN028,STRONG,AB,B,175,175,0.0006505911127870032,1.0,0.13323289671559022,5.136802737261085,4.085743510990956,4.265301771945297,4.144995426890507,0.020582186337333497,0.02298007354470178
D1,SYN028,STRONG,AB,B,175,175,0.0006505911127870032,1.0,0.1319844510215878,5.095057779117669,3.9724870753941786,4.265301771945297,4.148385499681213,0.020582186337333497,0.022949630950702283
D2,SYN028,STRONG,AB,B,175,172,0.0006505911127870032,0.999349408887213,0.1320277529195077,5.106282536072059,3.9778314393513754,4.262054531353472,4.144995426890507,0.020608806238805913,0.02298007354470178
D3,SYN028,STRONG,AB,B,175,168,0.0006505911127870032,0.9852720413505434,0.1313505971391347,4.443524511883068,3.157781732745381,4.238924229109934,4.125797809496676,0.02106060770038083,0.02333927849165737
D0,SYN029,STRONG,AB,B,136,136,0.00133009237160811,1.0,0.14042864070120772,3.4417962848958092,5.190832958550398,3.6200974773701144,3.5732484462606533,0.043255864980441316,0.042927235562230305
D1,SYN029,STRONG,AB,B,136,136,0.00133009237160811,1.0,0.13799314551414038,3.4031008193434658,5.0260932089351655,3.6200974773701144,3.5803390097751446,0.043255864980441316,0.04281209046513194
D2,SYN029,STRONG,AB,B,136,131,0.00133009237160811,0.9986699076283918,0.13808555580107476,3.327111427875619,5.035155631991643,3.6131433609340777,3.573248446260653,0.04337052914890024,0.042927235562230305
D3,SYN029,STRONG,AB,B,136,121,0.00133009237160811,0.9785005186108722,0.1364389953673425,3.1194252979731774,4.78216820942131,3.559833611103182,3.514471960378526,0.04501024761542701,0.044677878457829896
D0,SYN030,STRONG,AB,B,88,88,0.0,1.0,0.09110348308659227,1.7973598927558645,1.352015362222036,3.54105465081541,3.4943729835754795,0.040030716828477385,0.041392685155779305
D1,SYN030,STRONG,AB,B,88,88,0.0,1.0,0.09110348308659227,1.7973598927558645,1.352015362222036,3.54105465081541,3.4943729835754795,0.040030716828477385,0.041392685155779305
D2,SYN030,STRONG,AB,B,88,88,0.0,1.0,0.09110348308659227,1.7973598927558645,1.352015362222036,3.54105465081541,3.4943729835754795,0.040030716828477385,0.041392685155779305
D3,SYN030,STRONG,AB,B,88,88,0.0,1.0,0.09110348308659227,1.7973598927558645,1.352015362222036,3.54105465081541,3.4943729835754795,0.040030716828477385,0.041392685155779305
D0,SYN031,STRONG,AB,B,87,87,0.00038648257999278416,1.0,0.10176154398034053,1.1561327179066374,0.9393793544088042,3.2368497858329914,3.185513824350065,0.06287990265189353,0.06493297208982156
D1,SYN031,STRONG,AB,B,87,87,0.00038648257999278416,1.0,0.10079767481100997,1.1601551957533902,1.0610487532390205,3.2368497858329914,3.1877279451031004,0.06287990265189353,0.0648823397851599
D2,SYN031,STRONG,AB,B,87,86,0.00038648257999278416,0.9996135174200073,0.10081724150806061,1.1840797054904948,1.0599983270336428,3.2346763801295872,3.1855138243500645,0.062928385333009,0.06493297208982156
D3,SYN031,STRONG,AB,B,87,86,0.00038648257999278416,0.9996135174200073,0.10081724150806061,1.1840797054904948,1.0599983270336428,3.2346763801295872,3.1855138243500645,0.062928385333009,0.06493297208982156
D0,SYN032,STRONG,AB,B,169,169,0.00011994882263896969,1.0,0.13297434395838237,3.6999187331634977,4.469225469834892,4.086108800752694,4.024780791477872,0.026087011107244054,0.026780186356149878
D1,SYN032,STRONG,AB,B,169,169,0.00011994882263896969,1.0,0.13274458227599586,3.715669764494117,4.469380677500342,4.086108800752694,4.025521404429615,0.026087011107244054,0.026773557600321633
D2,SYN032,STRONG,AB,B,169,168,0.00011994882263896969,0.9998800511773609,0.13275261548242917,3.7059205875117818,4.469905161113928,4.085395946163869,4.024780791477872,0.026093256054786716,0.026780186356149878
D3,SYN032,STRONG,AB,B,169,165,0.00011994882263896969,0.9995626319330356,0.13187881562449694,3.7912974291760912,4.644361742299367,4.083508211565867,4.021253372594471,0.026109790321517265,0.02682652314956726
D0,SYN033,STRONG,AB,B,148,148,0.0,1.0,0.12941487118056116,2.705664402886403,1.7632716094626533,4.387215334968985,4.326183994652899,0.015946368572872266,0.017039105236262894
D1,SYN033,STRONG,AB,B,148,148,0.0,1.0,0.12941487118056116,2.705664402886403,1.7632716094626533,4.387215334968985,4.326183994652899,0.015946368572872266,0.017039105236262894
D2,SYN033,STRONG,AB,B,148,148,0.0,1.0,0.12941487118056116,2.705664402886403,1.7632716094626533,4.387215334968985,4.326183994652899,0.015946368572872266,0.017039105236262894
D3,SYN033,STRONG,AB,B,148,147,0.0,0.9997810933843592,0.128998337390159,2.7025913850529557,1.7146783548013056,4.386111904657797,4.3261839946529,0.01595330445605538,0.017039105236262894
D0,SYN034,STRONG,AB,B,118,118,0.000152217001521885,1.0000000000000002,0.0846130503248547,2.3994233998891024,3.69095966752231,3.8130615497607536,3.809108170608674,0.032583882262786475,0.03189853975445569
D1,SYN034,STRONG,AB,B,118,118,0.000152217001521885,1.0000000000000002,0.0841589520494255,2.3918980751315924,3.652984338822275,3.8130615497607536,3.8100078591825017,0.032583882262786475,0.031888989155710715
D2,SYN034,STRONG,AB,B,118,117,0.000152217001521885,0.9998477829984783,0.08416529002895319,2.3944711273874106,3.6529971546734243,3.81215160022437,3.809108170608674,0.032593780992794474,0.03189853975445569
D3,SYN034,STRONG,AB,B,118,116,0.000152217001521885,0.9994578575575304,0.08416102091917194,2.377849725771455,3.630230948065746,3.810186458490398,3.8075292929483737,0.03261906582361026,0.0319174163191183
D0,SYN035,STRONG,AB,B,136,136,0.01903484063236261,1.0,0.15870387994628155,2.790887974328465,1.9913716571354274,3.8678755717325233,3.7544446401881664,0.03257655543782022,0.035458405367552445
D1,SYN035,STRONG,AB,B,136,136,0.01903484063236261,1.0,0.1243938933258207,1.9801991828473269,0.7402174089296537,3.8678755717325233,3.7947136053199197,0.03257655543782022,0.03433236684754258
D2,SYN035,STRONG,AB,B,136,128,0.01903484063236261,0.9809651593676374,0.12559709154559745,2.5210032821533503,0.7445658360307312,3.829105033050119,3.7544446401881664,0.0336303608556514,0.035458405367552445
D3,SYN035,STRONG,AB,B,136,115,0.01903484063236261,0.9590922734754427,0.11577042726426572,1.8518917700210589,2.8818861748240163,3.7648406298351067,3.7052658095297275,0.03506210360862177,0.03653709361915642
D0,SYN036,STRONG,AB,B,129,129,0.11865502252951,1.0,0.2773609072377447,17.36733760966826,23.197306769495043,3.744717520712947,3.697488392758146,0.04142163180455592,0.044742038206586066
D1,SYN036,STRONG,AB,B,129,129,0.11865502252951,1.0,0.12146073540247793,2.0146390228019064,1.867417909428093,3.744717520712947,3.698343165617768,0.04142163180455592,0.04426634849838809
D2,SYN036,STRONG,AB,B,129,122,0.11865502252951,0.8813449774704899,0.12943796540298932,2.704343892898067,1.6829636503169687,3.747157440433924,3.697488392758146,0.04133499841828487,0.044742038206586066
D3,SYN036,STRONG,AB,B,129,114,0.11865502252951,0.8688917349711862,0.11956244091877255,2.1355160685037258,1.200443901615895,3.6999954628899308,3.662621198855975,0.042488319151221275,0.04582329126521656
D0,SYN037,STRONG,AB,B,63,63,0.0,1.0000000000000002,0.08519462412322258,3.352246397265243,4.587947025827542,3.1824436099301097,3.121107418974641,0.06517502563505821,0.07002792772472638
D1,SYN037,STRONG,AB,B,63,63,0.0,1.0000000000000002,0.08519462412322258,3.352246397265243,4.587947025827542,3.1824436099301097,3.121107418974641,0.06517502563505821,0.07002792772472638
D2,SYN037,STRONG,AB,B,63,63,0.0,1.0000000000000002,0.08519462412322257,3.3522463972652456,4.587947025827117,3.1824436099301097,3.121107418974641,0.06517502563505818,0.07002792772472638
D3,SYN037,STRONG,AB,B,63,62,0.0,0.9889241246474274,0.08544472371594783,3.6338941326045617,4.504750201983028,3.1565159663465088,3.0969032279804956,0.06651767348415902,0.07128034475241259
D0,SYN038,STRONG,AB,B,93,93,0.0,1.0,0.07656536965188562,1.4761995633244933,1.0706849898664579,3.47632273925053,3.4544748942284342,0.04741166384663321,0.047765333388828775
D1,SYN038,STRONG,AB,B,93,93,0.0,1.0,0.07656536965188562,1.4761995633244933,1.0706849898664579,3.47632273925053,3.4544748942284342,0.04741166384663321,0.047765333388828775
D2,SYN038,STRONG,AB,B,93,93,0.0,1.0,0.07656536965188562,1.4761995633244889,1.0706849898664246,3.4763227392505303,3.4544748942284342,0.04741166384663322,0.047765333388828775
D3,SYN038,STRONG,AB,B,93,93,0.0,1.0,0.07656536965188562,1.4761995633244889,1.0706849898664246,3.4763227392505303,3.4544748942284342,0.04741166384663322,0.047765333388828775
D0,SYN039,STRONG,AB,B,134,134,0.00275916511281601,1.0000000000000002,0.11907639898760423,2.4463432210638123,1.8036381664158043,3.936140239962604,3.85217667181902,0.031703150471515326,0.0348954655911936
D1,SYN039,STRONG,AB,B,134,134,0.00275916511281601,1.0000000000000002,0.11305204472108737,2.337529153188142,2.048447260552459,3.936140239962604,3.8651005809536283,0.031703150471515326,0.03470089744182021
D2,SYN039,STRONG,AB,B,134,129,0.00275916511281601,0.9972408348871841,0.11320930492628489,2.3187356832789296,2.047269612297326,3.923619394659599,3.85217667181902,0.031877170710488574,0.0348954655911936
D3,SYN039,STRONG,AB,B,134,116,0.00275916511281601,0.9908202752727084,0.10397384904674278,2.2436124204882817,2.487218094754338,3.893961064509437,3.8293714787638296,0.032287724078399915,0.03528173806257199
D0,SYN040,STRONG,AB,B,91,91,0.000724715499320178,0.9999999999999998,0.12360389920921869,2.13222042796342,0.9701076968967873,3.616970552621839,3.593375764162249,0.040914412995399774,0.03951858347805699
D1,SYN040,STRONG,AB,B,91,91,0.000724715499320178,0.9999999999999998,0.12210657114103442,2.1628926289910746,0.9356285945665193,3.616970552621839,3.5968036576111397,0.040914412995399774,0.039460392578990554
D2,SYN040,STRONG,AB,B,91,90,0.000724715499320178,0.9992752845006795,0.12215116929990268,2.1219546859630705,0.9360886310566573,3.61362545176812,3.5933757641622495,0.040973254167883444,0.03951858347805699
D3,SYN040,STRONG,AB,B,91,87,0.000724715499320178,0.9975178522981984,0.11975608569875412,1.9689622544531622,0.46423391654765606,3.605184119852648,3.578925137411311,0.04111664601149123,0.03983888280193031
D0,SYN041,STRONG,AB,B,62,62,0.0,1.0000000000000004,0.07095936929887926,1.0837983912036722,0.43545584527999176,3.013049637036244,3.0153006830397704,0.08175106664823904,0.07834595611028357
D1,SYN041,STRONG,AB,B,62,62,0.0,1.0000000000000004,0.07095936929887926,1.0837983912036722,0.43545584527999176,3.013049637036244,3.0153006830397704,0.08175106664823904,0.07834595611028357
D2,SYN041,STRONG,AB,B,62,62,0.0,1.0000000000000004,0.07095936929887926,1.08379839120367,0.43545584527959474,3.013049637036244,3.0153006830397704,0.08175106664823902,0.07834595611028357
D3,SYN041,STRONG,AB,B,62,60,0.0,0.9994668323791748,0.0690643502934633,1.0645179195997112,0.4967885713611676,3.009855244916538,3.0153006830397704,0.08183810831244524,0.07834595611028357
D0,SYN042,STRONG,AB,B,126,126,0.00020160912398380356,1.0,0.13269154731307578,3.75900641663415,2.3948147251252854,3.859463207866643,3.7809186817409177,0.033837080142387996,0.03591140528630162
D1,SYN042,STRONG,AB,B,126,126,0.00020160912398380356,1.0,0.13230435338944782,3.759169316670012,2.434910325285685,3.859463207866643,3.7821013113416027,0.033837080142387996,0.035896546457019084
D2,SYN042,STRONG,AB,B,126,125,0.00020160912398380356,0.9997983908760162,0.13231780704235002,3.753856554494671,2.4342562409970347,3.8583239641033655,3.7809186817409177,0.03385068733508575,0.03591140528630162
D3,SYN042,STRONG,AB,B,126,121,0.00020160912398380356,0.9990743627229063,0.13171659465948926,3.7428991495283066,2.500366303080081,3.854359081899182,3.777612203497251,0.03389955259867101,0.035964633434130665
D0,SYN043,STRONG,AB,B,110,110,0.0,0.9999999999999998,0.09955223499839681,2.8651359900502746,2.4864248078289184,3.741796400311313,3.751934740848648,0.033811465173575216,0.03349710500966313
D1,SYN043,STRONG,AB,B,110,110,0.0,0.9999999999999998,0.09955223499839681,2.8651359900502746,2.4864248078289184,3.741796400311313,3.751934740848648,0.033811465173575216,0.03349710500966313
D2,SYN043,STRONG,AB,B,110,110,0.0,0.9999999999999998,0.09955223499839683,2.865135990050266,2.48642480782913,3.7417964003113138,3.751934740848648,0.03381146517357523,0.03349710500966313
D3,SYN043,STRONG,AB,B,110,110,0.0,0.9999999999999998,0.09955223499839683,2.865135990050266,2.48642480782913,3.7417964003113138,3.751934740848648,0.03381146517357523,0.03349710500966313
D0,SYN044,STRONG,AB,B,119,119,0.0,0.9999999999999999,0.12654630248272036,5.797435515179957,7.686465478322736,3.9009623359634475,3.8788617719578014,0.02896160340040829,0.02885873714203579
D1,SYN044,STRONG,AB,B,119,119,0.0,0.9999999999999999,0.12654630248272036,5.797435515179957,7.686465478322736,3.9009623359634475,3.8788617719578014,0.02896160340040829,0.02885873714203579
D2,SYN044,STRONG,AB,B,119,119,0.0,0.9999999999999999,0.12654630248272036,5.797435515179946,7.6864654783230195,3.9009623359634475,3.8788617719578014,0.02896160340040831,0.02885873714203579
D3,SYN044,STRONG,AB,B,119,117,0.0,0.9996619396691387,0.12588725577945467,5.784439768533427,7.625362255236476,3.8990299704917355,3.8788617719578014,0.028981129853707703,0.02885873714203579
D0,SYN045,STRONG,AB,B,79,79,0.00044194139252629446,1.0,0.1074987365433617,2.1747533329017594,1.8105393957504168,3.441312582679217,3.3614490160209187,0.04384374380233817,0.046079477652993354
D1,SYN045,STRONG,AB,B,79,79,0.00044194139252629446,1.0,0.10645400981220515,2.149505421110719,1.9666569396763398,3.441312582679217,3.363841957223954,0.04384374380233817,0.04603847234101803
D2,SYN045,STRONG,AB,B,79,78,0.00044194139252629446,0.9995580586074739,0.10647764447234064,2.2452283333638405,1.965685574351897,3.438976862574248,3.3614490160209183,0.04388232675257487,0.046079477652993354
D3,SYN045,STRONG,AB,B,79,75,0.00044194139252629446,0.9969268589123964,0.10151066194904963,2.082901909917666,1.8811467729741058,3.427366469387611,3.357505330778809,0.04411096226009462,0.046155682705354764
D0,SYN046,STRONG,AB,B,101,101,0.0010614127067156763,0.9999999999999997,0.11905907074198209,3.472182385911406,1.5886321069225289,3.163793836256208,3.13932190573952,0.08259312884128048,0.08008598730019773
D1,SYN046,STRONG,AB,B,101,101,0.0010614127067156763,0.9999999999999997,0.11677850129371777,3.643413496971365,1.655537595761965,3.163793836256208,3.144226051605038,0.08259312884128048,0.07992115649825654
D2,SYN046,STRONG,AB,B,101,100,0.0010614127067156763,0.998938587293284,0.11683947070334116,3.5429620594074605,1.6594672968449837,3.1588170774106983,3.1393219057395196,0.08276761018492021,0.08008598730019773
D3,SYN046,STRONG,AB,B,101,97,0.0010614127067156763,0.9972060788410918,0.11500644604290604,3.4517039739113886,1.5026221757643088,3.1498103592479643,3.131700867244139,0.08305421036439249,0.08037597328255668
D0,SYN047,STRONG,AB,B,156,156,0.0,0.9999999999999998,0.1088159262874819,3.7010333762420173,2.8659587494983216,4.035092738771585,3.980167100009309,0.030391360205441042,0.033081504584616395
D1,SYN047,STRONG,AB,B,156,156,0.0,0.9999999999999998,0.1088159262874819,3.7010333762420173,2.8659587494983216,4.035092738771585,3.980167100009309,0.030391360205441042,0.033081504584616395
D2,SYN047,STRONG,AB,B,156,156,0.0,0.9999999999999998,0.1088159262874819,3.7010333762420147,2.8659587494979806,4.035092738771587,3.980167100009309,0.03039136020544106,0.033081504584616395
D3,SYN047,STRONG,AB,B,156,151,0.0,0.9982272635044496,0.10804921741575994,3.988612116089582,3.1219656550882684,4.02727593344874,3.9714953586811466,0.030498041677822378,0.033235772954560344
D0,SYN048,STRONG,AB,B,130,130,0.00955203648085161,1.0,0.11789375248121085,2.262227139443409,2.107389375082442,3.5991289861228095,3.508772042507772,0.046579546486808454,0.04956008393562422
D1,SYN048,STRONG,AB,B,130,130,0.00955203648085161,1.0,0.09522591204730342,2.486643257049541,4.120926674517868,3.5991289861228095,3.547732267422704,0.046579546486808454,0.04864428357157542
D2,SYN048,STRONG,AB,B,130,114,0.00955203648085161,0.9904479635191485,0.095683276534812,2.285832292569227,4.167766290036799,3.5605784009806123,3.5087720425077724,0.04745795379888238,0.04956008393562422
D3,SYN048,STRONG,AB,B,130,105,0.00955203648085161,0.9807352210743974,0.09160651994371247,2.193509233815723,4.3466858938396635,3.5228839789744844,3.4790476177105933,0.048382458400696465,0.05029828385215957
D0,SYN049,STRONG,AB,B,100,100,0.00012185461838449318,1.0,0.094242561893998,2.1026891804446333,2.7651216156542016,3.7847570511410473,3.707933818503269,0.03069022567570615,0.03254182315877232
D1,SYN049,STRONG,AB,B,100,100,0.00012185461838449318,1.0,0.09391588803278661,2.096907546615541,2.7335659905837133,3.7847570511410473,3.7087018854958345,0.03069022567570615,0.0325339100483413
D2,SYN049,STRONG,AB,B,100,99,0.00012185461838449318,0.9998781453816155,0.09392160975789585,2.0923775555731514,2.733889937353283,3.7839980646767084,3.707933818503269,0.030697691682352448,0.03254182315877232
D3,SYN049,STRONG,AB,B,100,99,0.00012185461838449318,0.9998781453816155,0.09392160975789585,2.0923775555731514,2.733889937353283,3.7839980646767084,3.707933818503269,0.030697691682352448,0.03254182315877232
D0,SYN050,STRONG,AB,B,144,144,0.0,1.0,0.10990067779371694,4.313638428164247,3.441238087272806,4.1577870793676865,4.170754934035271,0.022587478483692646,0.02164294192998988
D1,SYN050,STRONG,AB,B,144,144,0.0,1.0,0.10990067779371694,4.313638428164247,3.441238087272806,4.1577870793676865,4.170754934035271,0.022587478483692646,0.02164294192998988
D2,SYN050,STRONG,AB,B,144,144,0.0,1.0,0.10990067779371694,4.313638428164247,3.441238087272806,4.1577870793676865,4.170754934035271,0.022587478483692646,0.02164294192998988
D3,SYN050,STRONG,AB,B,144,144,0.0,1.0,0.10990067779371694,4.313638428164247,3.441238087272806,4.1577870793676865,4.170754934035271,0.022587478483692646,0.02164294192998988
D0,SYN051,STRONG,AB,B,154,154,0.003910556806997411,0.9999999999999998,0.10580092593156738,2.404662909710236,2.796384277937951,3.8464730112986003,3.7972391531468643,0.037077102059586475,0.03830719921458655
D1,SYN051,STRONG,AB,B,154,154,0.003910556806997411,0.9999999999999998,0.0960127738313784,2.382709768095506,2.5367569733261544,3.8464730112986003,3.8153498408084046,0.037077102059586475,0.03800905714377877
D2,SYN051,STRONG,AB,B,154,144,0.003910556806997411,0.9960894431930025,0.09620164016396801,2.364536827618169,2.5473099986558747,3.8285949055290347,3.7972391531468643,0.03736561104163469,0.03830719921458655
D3,SYN051,STRONG,AB,B,154,140,0.003910556806997411,0.9925933068651414,0.09367920565769279,2.1801360830769556,2.5382712158205307,3.814554832035162,3.787998294744351,0.03762473290146588,0.03846389163422973
D0,SYN052,STRONG,AB,B,75,75,0.03851531011918597,1.0,0.16226778433449182,2.12872534913872,2.2606876987542597,3.1022987390113292,2.998774094593696,0.07567962142747861,0.0832727003317898
D1,SYN052,STRONG,AB,B,75,75,0.03851531011918597,1.0,0.08219426426904203,1.293700853887427,1.5874088625099798,3.1022987390113292,3.0462704361463495,0.07567962142747861,0.07853861363892335
D2,SYN052,STRONG,AB,B,75,74,0.03851531011918597,0.961484689880814,0.0837891343862736,1.5622931519915217,1.696871032113207,3.0568370929198747,2.998774094593696,0.08025957799206333,0.0832727003317898
D3,SYN052,STRONG,AB,B,75,74,0.03851531011918597,0.961484689880814,0.0837891343862736,1.5622931519915217,1.696871032113207,3.0568370929198747,2.998774094593696,0.08025957799206333,0.0832727003317898
D0,SYN053,STRONG,AB,B,176,176,0.003658388803710771,1.0,0.1399584933145576,5.82218664169858,8.319823389719195,4.23737504025886,4.148350559891831,0.02391140453041041,0.025399930988572076
D1,SYN053,STRONG,AB,B,176,176,0.003658388803710771,1.0,0.13313323137898472,5.765938482252998,8.435754300957797,4.23737504025886,4.161123534306547,0.02391140453041041,0.02521659629717034
D2,SYN053,STRONG,AB,B,176,170,0.003658388803710771,0.9963416111962893,0.13337946145780333,5.799245364459943,8.463618084801288,4.225113084586407,4.14835055989183,0.024080628116632342,0.025399930988572076
D3,SYN053,STRONG,AB,B,176,167,0.003658388803710771,0.9708012090184512,0.13470124438292483,5.961092352362102,8.58362941959942,4.21273303696255,4.1343696725203305,0.02468142194378149,0.026059906186188794
D0,SYN054,STRONG,AB,B,118,118,0.001039537722721574,0.9999999999999998,0.11280893297389535,4.116371462843025,5.310465441545124,3.5401459481719924,3.4764246089778847,0.05795259968749922,0.05868825974966059
D1,SYN054,STRONG,AB,B,118,118,0.001039537722721574,0.9999999999999998,0.11045153251529605,4.158722814333284,5.59338191993062,3.5401459481719924,3.4821478987314376,0.05795259968749922,0.05856248558376513
D2,SYN054,STRONG,AB,B,118,115,0.001039537722721574,0.9989604622772783,0.11050927821370268,4.08255328749755,5.589502595318079,3.5346428863301287,3.476424608977885,0.058072807808000726,0.05868825974966059
D3,SYN054,STRONG,AB,B,118,112,0.001039537722721574,0.9968756956429652,0.10957163185334765,3.9467696357114055,5.281283397129404,3.524980023449418,3.46558359211493,0.05831421592866574,0.05900131768156497
D0,SYN055,STRONG,AB,B,98,98,0.0010576670400899775,0.9999999999999999,0.10588857683538203,2.7707217923559306,2.0560790271609837,3.4772747660907743,3.4452908876559474,0.053159646970659,0.054525953457851155
D1,SYN055,STRONG,AB,B,98,98,0.0010576670400899775,0.9999999999999999,0.10333581740246536,2.8022071951541663,2.295353352521832,3.4772747660907743,3.4497883666678333,0.053159646970659,0.05441685732229863
D2,SYN055,STRONG,AB,B,98,97,0.0010576670400899775,0.9989423329599099,0.10338796599468723,2.825995008318017,2.3093236694932164,3.4726437530506313,3.445290887655947,0.053271155008484096,0.054525953457851155
D3,SYN055,STRONG,AB,B,98,94,0.0010576670400899775,0.9965483384395273,0.10169335702055667,2.806954728497545,2.190325460710275,3.461506480826167,3.4352542100251857,0.0535253948797829,0.054786210323078836
D0,SYN056,STRONG,AB,B,159,159,0.015009590192812604,0.9999999999999999,0.157315612197643,2.853132141068371,0.9092766573853783,3.7297413222411127,3.6590950436466305,0.04109255209624436,0.04253715283267682
D1,SYN056,STRONG,AB,B,159,159,0.015009590192812604,0.9999999999999999,0.13072165608965902,3.0192533020190986,1.936637498335152,3.7297413222411127,3.707333440103011,0.04109255209624436,0.04134883175629349
D2,SYN056,STRONG,AB,B,159,147,0.015009590192812604,0.9849904098071874,0.13170307712688686,2.881016909911033,2.0106896407106905,3.681254470355421,3.659095043646631,0.042293187388544456,0.04253715283267682
D3,SYN056,STRONG,AB,B,159,124,0.015009590192812604,0.9533856927398602,0.12616848121338112,3.791581928374528,1.8102279054474655,3.569818089661129,3.539043582412869,0.04504605229390319,0.045723693768592394
D0,SYN057,STRONG,AB,B,175,175,0.0026869693321299984,1.0,0.12756632998642697,2.4962542277832407,1.853722846844536,4.1427975739238985,4.060841899402965,0.026687171008468943,0.02782731362886486
D1,SYN057,STRONG,AB,B,175,175,0.0026869693321299984,1.0,0.12210580570136018,2.4594570928340187,1.9356019730251761,4.1427975739238985,4.071339375887646,0.026687171008468943,0.027685981025638212
D2,SYN057,STRONG,AB,B,175,169,0.0026869693321299984,0.9973130306678699,0.12226560140397552,2.4807551453632755,1.9448901560250453,4.132207960854974,4.060841899402966,0.026828137622449028,0.02782731362886486
D3,SYN057,STRONG,AB,B,175,162,0.0026869693321299984,0.9918719128078737,0.12059809594895524,2.370556724908821,1.8779675989324047,4.1141276047828335,4.046238579616902,0.027109629667413485,0.028090088746862283
D0,SYN058,STRONG,AB,B,70,70,0.0,0.9999999999999999,0.08108810527255658,1.740885540145875,0.9190448947499905,3.343004700604561,3.294854083294987,0.05004874991124171,0.05179439500293948
D1,SYN058,STRONG,AB,B,70,70,0.0,0.9999999999999999,0.08108810527255658,1.740885540145875,0.9190448947499905,3.343004700604561,3.294854083294987,0.05004874991124171,0.05179439500293948
D2,SYN058,STRONG,AB,B,70,70,0.0,0.9999999999999999,0.08108810527255658,1.7408855401458738,0.9190448947497132,3.3430047006045616,3.294854083294987,0.05004874991124173,0.05179439500293948
D3,SYN058,STRONG,AB,B,70,66,0.0,0.9943531815235142,0.07382895785885386,1.8999460265389698,0.790216505608824,3.3207611724262187,3.285355869160072,0.05060698277862012,0.05201107121136945
D0,SYN059,STRONG,AB,B,143,143,0.010224103668365942,0.9999999999999998,0.12287078643517399,6.859916496867455,8.699298074897989,4.023299039227087,3.9750282035897837,0.029201760960185487,0.028422357115199637
D1,SYN059,STRONG,AB,B,143,143,0.010224103668365942,0.9999999999999998,0.09960280216238589,5.37029843840784,6.519744670474534,4.023299039227087,4.011672022247819,0.029201760960185487,0.027864701770490594
D2,SYN059,STRONG,AB,B,143,129,0.010224103668365942,0.9897758963316339,0.10011701369318685,5.659288513630171,6.596718516952881,3.9869034849082317,3.9750282035897837,0.029784569574458075,0.028422357115199637
D3,SYN059,STRONG,AB,B,143,122,0.010224103668365942,0.9806052307176321,0.09752128374655687,5.781521993378131,6.85032424226276,3.9555409094115057,3.943375989210311,0.030325619078683884,0.028943590951296953
D0,SYN060,STRONG,AB,B,140,140,0.0,1.0000000000000002,0.11396162216544012,3.6185886528696307,5.272299279975857,4.1089575174943835,4.04967807578417,0.022947172127903686,0.023454223331184163
D1,SYN060,STRONG,AB,B,140,140,0.0,1.0000000000000002,0.11396162216544012,3.6185886528696307,5.272299279975857,4.1089575174943835,4.04967807578417,0.022947172127903686,0.023454223331184163
D2,SYN060,STRONG,AB,B,140,140,0.0,1.0000000000000002,0.11396162216544012,3.6185886528696347,5.272299279975707,4.1089575174943835,4.04967807578417,0.022947172127903676,0.023454223331184163
D3,SYN060,STRONG,AB,B,140,140,0.0,1.0000000000000002,0.11396162216544012,3.6185886528696347,5.272299279975707,4.1089575174943835,4.04967807578417,0.022947172127903676,0.023454223331184163
D0,SYN061,STRONG,AB,B,103,103,0.0008667950777316218,0.9999999999999999,0.0848678002349993,5.087629732398931,8.748513138447594,3.8523820763932166,3.8145098173672336,0.03010106778136322,0.03131822347405239
D1,SYN061,STRONG,AB,B,103,103,0.0008667950777316218,0.9999999999999999,0.08225704517305171,5.24250283247298,9.074064400526106,3.8523820763932166,3.818124607625567,0.03010106778136322,0.03126576966794496
D2,SYN061,STRONG,AB,B,103,102,0.0008667950777316218,0.9991332049222683,0.0822920872227055,5.29190249023687,9.088646398499485,3.848740207197689,3.8145098173672336,0.03015256598457008,0.03131822347405239
D3,SYN061,STRONG,AB,B,103,100,0.0008667950777316218,0.9623957316631837,0.08373440195766027,5.754328065288553,9.158565040004822,3.824386569152547,3.7908204431445367,0.031183118977917434,0.032396669604863135
D0,SYN062,STRONG,AB,B,134,134,0.0,1.0,0.11133550710690505,1.9403840380752588,1.9668048247805134,4.069488260655795,4.037982433835353,0.024789754107058193,0.02508993544447151
D1,SYN062,STRONG,AB,B,134,134,0.0,1.0,0.11133550710690505,1.9403840380752588,1.9668048247805134,4.069488260655795,4.037982433835353,0.024789754107058193,0.02508993544447151
D2,SYN062,STRONG,AB,B,134,134,0.0,1.0,0.11133550710690505,1.9403840380752482,1.966804824781153,4.0694882606557945,4.037982433835353,0.024789754107058182,0.02508993544447151
D3,SYN062,STRONG,AB,B,134,134,0.0,1.0,0.11133550710690505,1.9403840380752482,1.966804824781153,4.0694882606557945,4.037982433835353,0.024789754107058182,0.02508993544447151
D0,SYN063,STRONG,AB,B,180,180,0.0,1.0000000000000002,0.11606178350678996,2.6923351274915075,2.2997602811981914,4.506924060676264,4.434822929632002,0.014522890483066903,0.015379948486389516
D1,SYN063,STRONG,AB,B,180,180,0.0,1.0000000000000002,0.11606178350678996,2.6923351274915075,2.2997602811981914,4.506924060676264,4.434822929632002,0.014522890483066903,0.015379948486389516
D2,SYN063,STRONG,AB,B,180,180,0.0,1.0000000000000002,0.11606178350678996,2.692335127491509,2.2997602811977256,4.506924060676264,4.434822929632002,0.014522890483066897,0.015379948486389516
D3,SYN063,STRONG,AB,B,180,180,0.0,1.0000000000000002,0.11606178350678996,2.692335127491509,2.2997602811977256,4.506924060676264,4.434822929632002,0.014522890483066897,0.015379948486389516
D0,SYN064,STRONG,AB,B,139,139,0.00015845872337268857,1.0,0.11934140769295438,2.3379571836922484,0.9061041025415966,3.9349445236297993,3.878552179675089,0.030749022310905774,0.031843196641951
D1,SYN064,STRONG,AB,B,139,139,0.00015845872337268857,1.0,0.11900439010615119,2.338401967288083,0.8703201984398231,3.9349445236297993,3.879468098824857,0.030749022310905774,0.03183331851838729
D2,SYN064,STRONG,AB,B,139,138,0.00015845872337268857,0.9998415412766273,0.11901370240187228,2.3392898505060393,0.8697869853149471,3.9340229412834358,3.878552179675089,0.0307587444121565,0.031843196641951
D3,SYN064,STRONG,AB,B,139,136,0.00015845872337268857,0.9806372811123646,0.11971738418029582,2.4923906687034565,0.8337121881215501,3.9077245690997144,3.8510684648369384,0.031663320585525435,0.032712327385924125
D0,SYN065,STRONG,AB,B,144,144,0.04889386832877639,1.0,0.20298748411413392,4.150228290744108,3.787045472121447,4.238546097711279,4.12010474362954,0.019364676322585966,0.021627839750964967
D1,SYN065,STRONG,AB,B,144,144,0.04889386832877639,1.0,0.12666430105721674,7.251666514231323,10.017081318684994,4.238546097711279,4.163507257617138,0.019364676322585966,0.02086017045779859
D2,SYN065,STRONG,AB,B,144,134,0.04889386832877639,0.9511061316712235,0.12987749754560882,7.2016442036487724,10.538817150721377,4.1990083814786825,4.120104743629539,0.019973976316945544,0.021627839750964967
D3,SYN065,STRONG,AB,B,144,120,0.04889386832877639,0.8692026130700503,0.1339041816384573,8.053214563302738,11.43192709639177,4.124580014673446,4.045161268867717,0.0217104264021654,0.02355991414843353
D0,SYN066,STRONG,AB,B,146,146,0.006268257592837388,1.0,0.13457097458484374,4.1315418513090965,5.398172059310681,3.8874775587777775,3.7839059753594704,0.03217954499961138,0.03634152802514931
D1,SYN066,STRONG,AB,B,146,146,0.006268257592837388,1.0,0.12217007991023635,3.9497962577740733,4.2848389407751855,3.8874775587777775,3.799706259080768,0.03217954499961138,0.035934179480125374
D2,SYN066,STRONG,AB,B,146,142,0.006268257592837388,0.9937317424071628,0.12254563282323594,3.8249643908067577,4.278293038572863,3.87192141613796,3.783905975359471,0.032551436545153675,0.03634152802514931
D3,SYN066,STRONG,AB,B,146,138,0.006268257592837388,0.9864877587400118,0.12203380238350803,3.3225166050470394,4.252554234005203,3.847350325628703,3.7496850541537,0.03301544247505846,0.03714120028182097
D0,SYN067,STRONG,AB,B,109,109,0.0,1.0,0.09620205530663697,3.74861738786553,4.878203383799148,3.793969414050775,3.7803209175906933,0.03176509634085202,0.03139023495695843
D1,SYN067,STRONG,AB,B,109,109,0.0,1.0,0.09620205530663697,3.74861738786553,4.878203383799148,3.793969414050775,3.7803209175906933,0.03176509634085202,0.03139023495695843
D2,SYN067,STRONG,AB,B,109,109,0.0,1.0,0.09620205530663697,3.74861738786553,4.878203383799148,3.793969414050775,3.7803209175906933,0.03176509634085202,0.03139023495695843
D3,SYN067,STRONG,AB,B,109,109,0.0,1.0,0.09620205530663697,3.74861738786553,4.878203383799148,3.793969414050775,3.7803209175906933,0.03176509634085202,0.03139023495695843
D0,SYN068,STRONG,AB,B,69,69,0.0003360184443217333,1.0000000000000002,0.07221291876142269,1.7932443800186064,3.2941846586787125,3.138764523421764,3.1056939965254875,0.05978958560311777,0.060754490014821624
D1,SYN068,STRONG,AB,B,69,69,0.0003360184443217333,1.0000000000000002,0.0710340501323237,1.7968678923755728,3.3522900036240837,3.138764523421764,3.1076705676734426,0.05978958560311777,0.060713864744104895
D2,SYN068,STRONG,AB,B,69,68,0.0003360184443217333,0.9996639815556784,0.07104597385403988,1.8314619618227355,3.3535388699212167,3.13679499113309,3.105693996525487,0.059829673687203724,0.060754490014821624
D3,SYN068,STRONG,AB,B,69,66,0.0003360184443217333,0.997646803385466,0.07043628535175724,1.8721918582817496,3.474368592779884,3.128040228340702,3.0959270996294226,0.06006832870411326,0.061054390090863504
D0,SYN069,STRONG,AB,B,76,76,0.0,1.0,0.07744826789742025,5.0177729853650925,5.237116709845501,3.5268746581138446,3.561738358411326,0.045784059065546966,0.0429467070741622
D1,SYN069,STRONG,AB,B,76,76,0.0,1.0,0.07744826789742025,5.0177729853650925,5.237116709845501,3.5268746581138446,3.561738358411326,0.045784059065546966,0.0429467070741622
D2,SYN069,STRONG,AB,B,76,76,0.0,1.0,0.07744826789742025,5.0177729853650925,5.237116709845501,3.5268746581138446,3.561738358411326,0.045784059065546966,0.0429467070741622
D3,SYN069,STRONG,AB,B,76,76,0.0,1.0,0.07744826789742025,5.0177729853650925,5.237116709845501,3.5268746581138446,3.561738358411326,0.045784059065546966,0.0429467070741622
D0,SYN070,STRONG,AB,B,98,98,0.0,1.0,0.09664795186138216,2.181035895603827,0.8811112145226404,3.680561986595712,3.6613441627140553,0.03542908710405579,0.03519537154419953
D1,SYN070,STRONG,AB,B,98,98,0.0,1.0,0.09664795186138216,2.181035895603827,0.8811112145226404,3.680561986595712,3.6613441627140553,0.03542908710405579,0.03519537154419953
D2,SYN070,STRONG,AB,B,98,98,0.0,1.0,0.09664795186138216,2.181035895603827,0.8811112145226404,3.680561986595712,3.6613441627140553,0.03542908710405579,0.03519537154419953
D3,SYN070,STRONG,AB,B,98,98,0.0,1.0,0.09664795186138216,2.181035895603827,0.8811112145226404,3.680561986595712,3.6613441627140553,0.03542908710405579,0.03519537154419953
D0,SYN071,STRONG,AB,B,93,93,0.0016947247648731738,1.0,0.11002120476274181,3.19078085098812,4.084447966969184,3.7931900945214823,3.7904621778647436,0.030944160157629314,0.029253208081715366
D1,SYN071,STRONG,AB,B,93,93,0.0016947247648731738,1.0,0.10605339889042832,3.3110876118756383,4.325630301259949,3.7931900945214823,3.7966977863887523,0.030944160157629314,0.02915373313961682
D2,SYN071,STRONG,AB,B,93,92,0.0016947247648731738,0.9983052752351269,0.10614374522764358,3.3494428817202815,4.324319136088889,3.787102160287823,3.7904621778647436,0.031046429202258717,0.029253208081715366
D3,SYN071,STRONG,AB,B,93,89,0.0016947247648731738,0.9943111441913098,0.10543717461832897,3.7275771082651867,4.717146703473954,3.77177670411908,3.772554721557298,0.03129081350423809,0.02954185823343012
D0,SYN072,STRONG,AB,B,87,87,0.03968663798646785,1.0,0.16846118794958678,4.2956035010380935,2.5233800041198973,3.1657163170923686,3.0708260125068843,0.07651037459354451,0.07814944326716376
D1,SYN072,STRONG,AB,B,87,87,0.03968663798646785,1.0,0.0903843430485785,6.775021400333809,7.460506649811278,3.1657163170923686,3.156205477312696,0.07651037459354451,0.07269758217534329
D2,SYN072,STRONG,AB,B,87,84,0.03968663798646785,0.9603133620135323,0.09222501193343922,5.762306523679178,7.805163890723014,3.080400521109634,3.0708260125068847,0.08231998713766728,0.07814944326716376
D3,SYN072,STRONG,AB,B,87,80,0.03968663798646785,0.8451901867677921,0.09786837032831082,4.208795465735031,6.470665065631182,3.044078783034359,3.0386364546394726,0.08989121360477609,0.08393455092188506
D0,SYN001,STRONG,BA,A,142,142,0.01456737058368239,1.0,0.17632452087665065,5.9410301685888065,5.475410994073697,4.074298547053801,3.892097323842001,0.02474853392012693,0.028871996684520826
D1,SYN001,STRONG,BA,A,142,142,0.01456737058368239,1.0,0.15365068389087777,4.5017373538687275,3.342229926567156,4.074298547053801,3.9171443847663943,0.02474853392012693,0.028205351280958413
D2,SYN001,STRONG,BA,A,142,140,0.01456737058368239,0.9854326294163176,0.15477419523318672,5.096576250202649,3.36568578411068,4.05144162161934,3.8920973238420014,0.025318677887051673,0.028871996684520826
D3,SYN001,STRONG,BA,A,142,137,0.01456737058368239,0.984996608271957,0.15461461034608998,5.054556884970269,3.362164428668319,4.049100290685988,3.8896468839992906,0.025340973596092616,0.02890210342412458
D0,SYN002,STRONG,BA,A,65,65,0.0,0.9999999999999999,0.08601173532393531,2.933812423001837,2.9887561648023175,3.334547922349198,3.301624020034338,0.054854186684438755,0.056032943976648146
D1,SYN002,STRONG,BA,A,65,65,0.0,0.9999999999999999,0.08601173532393531,2.933812423001837,2.9887561648023175,3.334547922349198,3.301624020034338,0.054854186684438755,0.056032943976648146
D2,SYN002,STRONG,BA,A,65,65,0.0,0.9999999999999999,0.08601173532393531,2.933812423001837,2.9887561648023175,3.334547922349198,3.301624020034338,0.054854186684438755,0.056032943976648146
D3,SYN002,STRONG,BA,A,65,65,0.0,0.9999999999999999,0.08601173532393531,2.933812423001837,2.9887561648023175,3.334547922349198,3.301624020034338,0.054854186684438755,0.056032943976648146
D0,SYN003,STRONG,BA,A,175,175,0.0008435012703586149,1.0,0.16126045404977346,5.085913256232795,4.8422051344728505,3.9910630047636566,3.8545858169884024,0.03223603351469619,0.03618647898945282
D1,SYN003,STRONG,BA,A,175,175,0.0008435012703586149,1.0,0.1599127183564495,5.095302985598678,5.109218867737664,3.9910630047636566,3.8592119286491826,0.03223603351469619,0.03612397346511548
D2,SYN003,STRONG,BA,A,175,171,0.0008435012703586149,0.9991564987296415,0.1599809080727913,5.074673311727048,5.106030154844703,3.98665412246296,3.8545858169884024,0.0322902225762651,0.03618647898945282
D3,SYN003,STRONG,BA,A,175,170,0.0008435012703586149,0.998279896710588,0.159726164041146,4.997083706503712,4.8099150398313055,3.9830964316522643,3.847794738536354,0.03234618528692708,0.03632937759359163
D0,SYN004,STRONG,BA,A,148,148,0.0,0.9999999999999999,0.1367793440182265,3.027745964805668,2.7001698286231943,4.101888730650877,3.9932704386470266,0.024482113127460427,0.026751728533676224
D1,SYN004,STRONG,BA,A,148,148,0.0,0.9999999999999999,0.1367793440182265,3.027745964805668,2.7001698286231943,4.101888730650877,3.9932704386470266,0.024482113127460427,0.026751728533676224
D2,SYN004,STRONG,BA,A,148,148,0.0,0.9999999999999999,0.1367793440182265,3.027745964805668,2.7001698286231943,4.101888730650877,3.9932704386470266,0.024482113127460427,0.026751728533676224
D3,SYN004,STRONG,BA,A,148,148,0.0,0.9999999999999999,0.1367793440182265,3.027745964805668,2.7001698286231943,4.101888730650877,3.9932704386470266,0.024482113127460427,0.026751728533676224
D0,SYN005,STRONG,BA,A,140,140,0.025105563072921756,1.0,0.16939819495937106,6.172647763239149,6.8480561878633,4.078070371149677,4.009197226928164,0.025460824207712885,0.027604083014564074
D1,SYN005,STRONG,BA,A,140,140,0.025105563072921756,1.0,0.12595093421628545,3.065142293782208,1.7945137355506713,4.078070371149677,4.028095653101802,0.025460824207712885,0.026850165671854526
D2,SYN005,STRONG,BA,A,140,136,0.025105563072921756,0.9748944369270782,0.1275487804667242,3.232613023830022,1.769235808039572,4.060548830943245,4.009197226928164,0.02614418348984004,0.027604083014564074
D3,SYN005,STRONG,BA,A,140,134,0.025105563072921756,0.9581279065610766,0.12850212771602298,3.2307059362314643,1.6964029038687305,4.033567678067273,3.980314936270544,0.026871860898672873,0.028397435119925696
D0,SYN006,STRONG,BA,A,66,66,0.0002745657326295512,1.0000000000000002,0.11634137058360439,3.557499337924504,3.848192508489989,3.1920759122705515,3.1970035613695966,0.060108578177479915,0.05818028771176713
D1,SYN006,STRONG,BA,A,66,66,0.0002745657326295512,1.0000000000000002,0.11574199419886536,3.548678707376756,3.795223357893985,3.1920759122705515,3.1986356351924794,0.060108578177479915,0.05814879317141142
D2,SYN006,STRONG,BA,A,66,65,0.0002745657326295512,0.9997254342673707,0.11575777259480437,3.5352147464051877,3.7956363367233967,3.1904258390115743,3.1970035613695966,0.060141523860409274,0.05818028771176713
D3,SYN006,STRONG,BA,A,66,65,0.0002745657326295512,0.9997254342673707,0.11575777259480437,3.5352147464051877,3.7956363367233967,3.1904258390115743,3.1970035613695966,0.060141523860409274,0.05818028771176713
D0,SYN007,STRONG,BA,A,134,134,0.009243132419104856,1.0,0.15940739879219798,3.411840302156359,4.050919856588017,3.2393650073076348,3.110613016699298,0.07966250210209708,0.08197746159237065
D1,SYN007,STRONG,BA,A,134,134,0.009243132419104856,1.0,0.14380956399232292,3.0485795317452498,3.9378856646129425,3.2393650073076348,3.1504394541709324,0.07966250210209708,0.08046976076349954
D2,SYN007,STRONG,BA,A,134,126,0.009243132419104856,0.9907568675808953,0.14448225924087246,2.9307721462324405,3.975920187634359,3.200728775626166,3.110613016699298,0.08113737394848729,0.08197746159237065
D3,SYN007,STRONG,BA,A,134,122,0.009243132419104856,0.957377291385539,0.1439505609912682,3.002959652814391,4.1379729805373575,3.1348409935411357,3.052792147898163,0.08616003849379084,0.08563121334754402
D0,SYN008,STRONG,BA,A,122,122,0.00037306934003599406,0.9999999999999998,0.13695635843946508,4.24106649567522,4.16723623743882,4.10020036133893,4.0545960209681535,0.021966215527144936,0.02297229742549724
D1,SYN008,STRONG,BA,A,122,122,0.00037306934003599406,0.9999999999999998,0.13626068287025778,4.221874371518084,4.114199261302121,4.10020036133893,4.056432802984604,0.021966215527144936,0.0229549273920369
D2,SYN008,STRONG,BA,A,122,121,0.00037306934003599406,0.9996269306599638,0.13628630546132106,4.244986986078847,4.116855549977142,4.098411438541839,4.0545960209681535,0.021982475261952128,0.02297229742549724
D3,SYN008,STRONG,BA,A,122,121,0.00037306934003599406,0.9996269306599638,0.13628630546132106,4.244986986078847,4.116855549977142,4.098411438541839,4.0545960209681535,0.021982475261952128,0.02297229742549724
D0,SYN009,STRONG,BA,A,84,84,0.02676866017882653,0.9999999999999998,0.159611833835033,3.2902415565266336,3.429200611107605,3.014426629300741,2.9104496431646014,0.10744588475963998,0.11310163969437899
D1,SYN009,STRONG,BA,A,84,84,0.02676866017882653,0.9999999999999998,0.10889835123496072,1.8573157189741503,1.3747389299548503,3.014426629300741,2.9966119142566083,0.10744588475963998,0.10762115033162513
D2,SYN009,STRONG,BA,A,84,74,0.02676866017882653,0.9732313398211733,0.11029387700043912,2.0509985786468956,1.6993253292263257,2.9251650785290235,2.910449643164602,0.11323888638582141,0.11310163969437899
D3,SYN009,STRONG,BA,A,84,70,0.02676866017882653,0.918072290182402,0.11155179111925088,2.2829351361818158,1.9350139161873112,2.816419622920267,2.7963282625357864,0.12560379895280338,0.12499488773449258
D0,SYN010,STRONG,BA,A,104,104,0.0009368939450353612,0.9999999999999999,0.10912463122670621,5.293880535338593,7.712079005775924,3.556594452287252,3.5226231373821797,0.04415089328568364,0.04317607180822662
D1,SYN010,STRONG,BA,A,104,104,0.0009368939450353612,0.9999999999999999,0.10693084836622602,5.325895061752755,7.7057355947880035,3.556594452287252,3.527917720225568,0.04415089328568364,0.04309375904001989
D2,SYN010,STRONG,BA,A,104,100,0.0009368939450353612,0.9990631060549645,0.10698126482182782,5.276317959141577,7.713007821251293,3.551422548444998,3.5226231373821792,0.04423338298871243,0.04317607180822662
D3,SYN010,STRONG,BA,A,104,100,0.0009368939450353612,0.9990631060549645,0.10698126482182782,5.276317959141577,7.713007821251293,3.551422548444998,3.5226231373821792,0.04423338298871243,0.04317607180822662
D0,SYN011,STRONG,BA,A,123,123,9.913063469392721e-05,0.9999999999999999,0.12868031260076804,3.0553575575744443,0.9704700607411796,3.968274055356341,3.9391697786791346,0.02724387456050035,0.026515717651913635
D1,SYN011,STRONG,BA,A,123,123,9.913063469392721e-05,0.9999999999999999,0.1284849770489059,3.111484932459645,0.9304250827611423,3.968274055356341,3.93974952901873,0.02724387456050035,0.02651089540934753
D2,SYN011,STRONG,BA,A,123,122,9.913063469392721e-05,0.9999008693653061,0.1284907570322484,3.058613827347178,0.9269886279585179,3.9676543532673887,3.9391697786791346,0.02724926694009569,0.026515717651913635
D3,SYN011,STRONG,BA,A,123,122,9.913063469392721e-05,0.9999008693653061,0.1284907570322484,3.058613827347178,0.9269886279585179,3.9676543532673887,3.9391697786791346,0.02724926694009569,0.026515717651913635
D0,SYN012,STRONG,BA,A,156,156,0.002300821389069689,1.0,0.18607571411364882,4.168120287997568,3.3392135264928364,4.101538350802214,3.970359396412828,0.02790268511238867,0.028903627499354975
D1,SYN012,STRONG,BA,A,156,156,0.002300821389069689,1.0,0.1828482878949323,4.044609501275945,3.508519948811221,4.101538350802214,3.979768028967288,0.02790268511238867,0.028768705838391098
D2,SYN012,STRONG,BA,A,156,152,0.002300821389069689,0.9976991786109304,0.18306193648912808,4.15089142033121,3.510006770004681,4.092675553003286,3.970359396412828,0.02802865007727827,0.028903627499354975
D3,SYN012,STRONG,BA,A,156,150,0.002300821389069689,0.9936673606168589,0.18293007351274948,3.800109769883452,3.1212776465908703,4.08014707553828,3.961970531320632,0.028247974159854985,0.029027301252448755
D0,SYN013,STRONG,BA,A,127,127,0.005104551538631173,0.9999999999999998,0.1265155967049826,6.590994556462118,9.979515045573287,3.754056729417147,3.675000331916949,0.038929258297461064,0.04057949844001521
D1,SYN013,STRONG,BA,A,127,127,0.005104551538631173,0.9999999999999998,0.11583209436198202,6.542181772888783,9.752406802654836,3.754056729417147,3.697153388357068,0.038929258297461064,0.04017844274005588
D2,SYN013,STRONG,BA,A,127,119,0.005104551538631173,0.9948954484613686,0.11612543569827269,6.474534712078209,9.79890673103277,3.7318922377842125,3.675000331916949,0.039324513448327325,0.04057949844001521
D3,SYN013,STRONG,BA,A,127,118,0.005104551538631173,0.9942308435851909,0.11469720298274588,6.327497199313732,9.5826290380439,3.728831370767703,3.6750003319169484,0.03937665801301013,0.04057949844001521
D0,SYN014,STRONG,BA,A,125,125,0.0,1.0,0.1415652255715055,4.152854491144768,2.7679697093345133,3.7842007847202326,3.7071978880321743,0.033066524317219535,0.03370098901941381
D1,SYN014,STRONG,BA,A,125,125,0.0,1.0,0.1415652255715055,4.152854491144768,2.7679697093345133,3.7842007847202326,3.7071978880321743,0.033066524317219535,0.03370098901941381
D2,SYN014,STRONG,BA,A,125,125,0.0,1.0,0.1415652255715055,4.152854491144768,2.7679697093345133,3.7842007847202326,3.7071978880321743,0.033066524317219535,0.03370098901941381
D3,SYN014,STRONG,BA,A,125,125,0.0,1.0,0.1415652255715055,4.152854491144768,2.7679697093345133,3.7842007847202326,3.7071978880321743,0.033066524317219535,0.03370098901941381
D0,SYN015,STRONG,BA,A,166,166,0.005414952612712311,1.0,0.14715869685065874,3.467526107528172,4.138984059573574,4.0717811512719715,4.052089117796225,0.026730598765853528,0.025832792964512356
D1,SYN015,STRONG,BA,A,166,166,0.005414952612712311,1.0,0.13745430625795604,2.998732515124423,2.5380611796687194,4.0717811512719715,4.07462804230018,0.026730598765853528,0.02556094410489022
D2,SYN015,STRONG,BA,A,166,154,0.005414952612712311,0.9945850473872878,0.1378260922346464,3.1386462512969797,2.537392011538171,4.049070558594785,4.052089117796225,0.02701765983175444,0.025832792964512356
D3,SYN015,STRONG,BA,A,166,151,0.005414952612712311,0.9906652989407023,0.13622286394687322,3.2320100454048033,2.1431895517659476,4.036819074546298,4.042669042276028,0.027221380283798186,0.025967226800368774
D0,SYN016,STRONG,BA,A,103,103,0.01791505337555063,1.0,0.1606962529034226,4.614801289629532,5.728068945722747,3.3479873330201197,3.2684991997277892,0.07135879664314417,0.07458603109404749
D1,SYN016,STRONG,BA,A,103,103,0.01791505337555063,1.0,0.12913053020631485,3.5893722390583647,2.6689048927712986,3.3479873330201197,3.3281473241797137,0.07135879664314417,0.07204312733851521
D2,SYN016,STRONG,BA,A,103,94,0.01791505337555063,0.9820849466244495,0.13029982935939932,3.894669216586834,2.7021647243316513,3.288489812690431,3.2684991997277892,0.07388904934830406,0.07458603109404749
D3,SYN016,STRONG,BA,A,103,89,0.01791505337555063,0.9789449977327307,0.1230837170255062,3.6826857385347416,2.051432341091639,3.2733440541817993,3.25619694711048,0.07435999952375472,0.07501893033792871
D0,SYN017,STRONG,BA,A,168,168,0.0,0.9999999999999999,0.13695976083454883,5.492564529434193,8.192839055310579,4.143431467017391,4.091118039227392,0.024780601207551073,0.025431145615876203
D1,SYN017,STRONG,BA,A,168,168,0.0,0.9999999999999999,0.13695976083454883,5.492564529434193,8.192839055310579,4.143431467017391,4.091118039227392,0.024780601207551073,0.025431145615876203
D2,SYN017,STRONG,BA,A,168,168,0.0,0.9999999999999999,0.13695976083454883,5.492564529434191,8.192839055310749,4.1434314670173915,4.091118039227392,0.024780601207551083,0.025431145615876203
D3,SYN017,STRONG,BA,A,168,168,0.0,0.9999999999999999,0.13695976083454883,5.492564529434191,8.192839055310749,4.1434314670173915,4.091118039227392,0.024780601207551083,0.025431145615876203
D0,SYN018,STRONG,BA,A,66,66,0.001360892112001607,1.0,0.10225049048228828,1.6811852058380772,2.3349908496727196,3.0321024927979034,2.9739277005808686,0.07712691256957196,0.07995291908162983
D1,SYN018,STRONG,BA,A,66,66,0.001360892112001607,1.0,0.09883416109079948,1.5835831705814556,2.037516665646444,3.0321024927979034,2.980985436819637,0.07712691256957196,0.07974289897044952
D2,SYN018,STRONG,BA,A,66,64,0.001360892112001607,0.9986391078879984,0.09889966073149668,1.4772211212181625,2.031193192368937,3.024935853369241,2.9739277005808686,0.07733633426785841,0.07995291908162983
D3,SYN018,STRONG,BA,A,66,64,0.001360892112001607,0.9986391078879984,0.09889966073149668,1.4772211212181625,2.031193192368937,3.024935853369241,2.9739277005808686,0.07733633426785841,0.07995291908162983
D0,SYN019,STRONG,BA,A,76,76,0.006680299995994147,0.9999999999999999,0.12044974526419297,4.102500449638441,6.132458506312179,3.42535682873782,3.3589597346138484,0.046124115958640216,0.04747879198347161
D1,SYN019,STRONG,BA,A,76,76,0.006680299995994147,0.9999999999999999,0.10548427017467796,3.6522944674253894,5.818126465537295,3.42535682873782,3.384412030138615,0.046124115958640216,0.0468243595977125
D2,SYN019,STRONG,BA,A,76,72,0.006680299995994147,0.9933197000040059,0.10582941955338546,3.7785240441221677,5.878499459555145,3.401504173744041,3.3589597346138493,0.04672383934748675,0.04747879198347161
D3,SYN019,STRONG,BA,A,76,69,0.006680299995994147,0.9897558297222864,0.10230191289203946,4.1625535456689295,6.478190594069861,3.3861228874634746,3.350329567214492,0.04705618467749615,0.04765488889804908
D0,SYN020,STRONG,BA,A,105,105,0.1815386625578393,1.0,0.33212654789705537,12.909040398263373,16.585562411997735,3.188963444901398,3.0090044193225274,0.07135501001820901,0.07953466402436583
D1,SYN020,STRONG,BA,A,105,105,0.1815386625578393,1.0,0.11655896706761534,4.015415883192043,5.443670597649991,3.188963444901398,3.1730294403953367,0.07135501001820901,0.06851793201826206
D2,SYN020,STRONG,BA,A,105,86,0.1815386625578393,0.8184613374421607,0.1287497788041102,4.652417367798602,6.511204634068371,3.028926281090558,3.0090044193225274,0.08366377328860941,0.07953466402436583
D3,SYN020,STRONG,BA,A,105,75,0.1815386625578393,0.7224953152265995,0.12685979883467738,5.974200474007767,7.91923293002922,2.9183381687630843,2.9223231297943717,0.09570927779177277,0.08926866375235651
D0,SYN021,STRONG,BA,A,161,161,0.00022732536441824833,1.0,0.16789012085041688,5.520563643269969,7.480406763978831,4.3702009011489364,4.232401014875541,0.01746934765962923,0.01974234436815127
D1,SYN021,STRONG,BA,A,161,161,0.00022732536441824833,1.0,0.16754156978772225,5.475813083648644,7.404244098748867,4.3702009011489364,4.233593146517829,0.01746934765962923,0.01973323390009428
D2,SYN021,STRONG,BA,A,161,160,0.00022732536441824833,0.9997726746355818,0.1675607799616963,5.478310143753877,7.407498551180062,4.369059738086958,4.232401014875541,0.017477241120052927,0.01974234436815127
D3,SYN021,STRONG,BA,A,161,160,0.00022732536441824833,0.9997726746355818,0.1675607799616963,5.478310143753877,7.407498551180062,4.369059738086958,4.232401014875541,0.017477241120052927,0.01974234436815127
D0,SYN022,STRONG,BA,A,168,168,0.0009391752353022787,0.9999999999999998,0.159947320330729,4.6108711227735135,4.7323245001756495,4.431819532106331,4.386459532140821,0.016573544167291683,0.016137919504553032
D1,SYN022,STRONG,BA,A,168,168,0.0009391752353022787,0.9999999999999998,0.15843511806694416,4.571812285583748,4.502988036648984,4.431819532106331,4.390466034636129,0.016573544167291683,0.016108148053873277
D2,SYN022,STRONG,BA,A,168,166,0.0009391752353022787,0.9990608247646977,0.15850945912602465,4.545944000485684,4.506562117564606,4.427843019047306,4.386459532140821,0.016604276004426943,0.016137919504553032
D3,SYN022,STRONG,BA,A,168,164,0.0009391752353022787,0.9930597772232888,0.15840733999890289,4.454368839730922,4.517832568443892,4.416295486572632,4.376172336176534,0.01677316040580901,0.016293178221420172
D0,SYN023,STRONG,BA,A,170,170,0.0006258741358090178,1.0,0.15809397044622117,2.5993953899920386,0.9013473353757804,4.038687170326243,4.00067441516738,0.029314883588095975,0.028900544214974344
D1,SYN023,STRONG,BA,A,170,170,0.0006258741358090178,1.0,0.1570763687610301,2.628480390477509,0.7736097707228536,4.038687170326243,4.00409067437425,0.029314883588095975,0.028864495275973432
D2,SYN023,STRONG,BA,A,170,166,0.0006258741358090178,0.9993741258641912,0.15712556947268308,2.5891460920040874,0.7742122468491632,4.035295165157083,4.00067441516738,0.029351463525049887,0.028900544214974344
D3,SYN023,STRONG,BA,A,170,166,0.0006258741358090178,0.9993741258641912,0.15712556947268308,2.5891460920040874,0.7742122468491632,4.035295165157083,4.00067441516738,0.029351463525049887,0.028900544214974344
D0,SYN024,STRONG,BA,A,75,75,0.0005188925796015193,1.0000000000000002,0.0863101453773451,1.0789719025971836,1.865148218735629,3.1274565354957824,3.0986538006000894,0.06472058258089497,0.06441482981923097
D1,SYN024,STRONG,BA,A,75,75,0.0005188925796015193,1.0000000000000002,0.08478255882575711,1.0757386729381857,1.7075728059692998,3.1274565354957824,3.101519004058204,0.06472058258089497,0.06434742235565404
D2,SYN024,STRONG,BA,A,75,74,0.0005188925796015193,0.9994811074203988,0.08480464241641482,1.0558607914171965,1.7104207403204474,3.1246343203391613,3.0986538006000894,0.06478753142599002,0.06441482981923097
D3,SYN024,STRONG,BA,A,75,74,0.0005188925796015193,0.9994811074203988,0.08480464241641482,1.0558607914171965,1.7104207403204474,3.1246343203391613,3.0986538006000894,0.06478753142599002,0.06441482981923097
D0,SYN025,STRONG,BA,A,133,133,0.005411650185516862,1.0,0.15754445370178868,6.472610938933986,5.448963600911059,3.8141924249742383,3.6577729256153697,0.03445635113567502,0.03859767799142552
D1,SYN025,STRONG,BA,A,133,133,0.005411650185516862,1.0,0.1485036175645218,4.958464909740318,4.000767127941236,3.8141924249742383,3.6825598603559406,0.03445635113567502,0.03819761786510081
D2,SYN025,STRONG,BA,A,133,122,0.005411650185516862,0.9945883498144833,0.1488987269536165,5.111840010929515,3.9804294944954273,3.7895062245122797,3.6577729256153693,0.03482815734734164,0.03859767799142552
D3,SYN025,STRONG,BA,A,133,121,0.005411650185516862,0.9944074812258057,0.1485998261001922,5.006321376480546,3.947683492657883,3.788447155164508,3.6577729256153693,0.0348407949108148,0.03859767799142552
D0,SYN026,STRONG,BA,A,133,133,0.0025283587049986862,0.9999999999999999,0.148675251415932,7.205780745499424,11.353265171658627,3.3983991297582996,3.290471422470505,0.0683980750026273,0.06814863806140742
D1,SYN026,STRONG,BA,A,133,133,0.0025283587049986862,0.9999999999999999,0.1442651815319733,7.403393971305212,11.731954624019473,3.3983991297582996,3.30229356406897,0.0683980750026273,0.06779622572926983
D2,SYN026,STRONG,BA,A,133,127,0.0025283587049986862,0.9974716412950013,0.14444980333621088,7.247350000062232,11.748238299419876,3.3871443158265615,3.2904714224705045,0.06874132943839753,0.06814863806140742
D3,SYN026,STRONG,BA,A,133,121,0.0025283587049986862,0.9962490382165554,0.14247962301127406,7.284633884206039,11.994781382987101,3.380111158544209,3.2819150349701482,0.06890969144144865,0.06839458547503005
D0,SYN027,STRONG,BA,A,147,147,0.0,1.0,0.14832392925054133,7.251303769533354,8.477914027594773,4.1267731576090325,4.0995246051206164,0.0222063331077504,0.022012942317129285
D1,SYN027,STRONG,BA,A,147,147,0.0,1.0,0.14832392925054133,7.251303769533354,8.477914027594773,4.1267731576090325,4.0995246051206164,0.0222063331077504,0.022012942317129285
D2,SYN027,STRONG,BA,A,147,147,0.0,1.0,0.14832392925054133,7.251303769533354,8.477914027594773,4.1267731576090325,4.0995246051206164,0.0222063331077504,0.022012942317129285
D3,SYN027,STRONG,BA,A,147,147,0.0,1.0,0.14832392925054133,7.251303769533354,8.477914027594773,4.1267731576090325,4.0995246051206164,0.0222063331077504,0.022012942317129285
D0,SYN028,STRONG,BA,A,175,175,0.014077367536669525,1.0,0.16582912432289895,3.80044335871711,2.3913474598849467,4.265301771945297,4.169047697316253,0.020582186337333497,0.022547973434686255
D1,SYN028,STRONG,BA,A,175,175,0.014077367536669525,1.0,0.14246502433485225,2.344447694412431,0.27588622624191045,4.265301771945297,4.1928937536395745,0.020582186337333497,0.022063994158995646
D2,SYN028,STRONG,BA,A,175,171,0.014077367536669525,0.9859226324633306,0.14346094997722775,2.61501546047361,0.30656654177636394,4.24222373978597,4.169047697316252,0.021033014474141937,0.022547973434686255
D3,SYN028,STRONG,BA,A,175,168,0.014077367536669525,0.9852720413505434,0.14200228225912542,2.4836207796472904,0.4242545043234662,4.238924229109934,4.1645554121727075,0.02106060770038083,0.02260446940285936
D0,SYN029,STRONG,BA,A,136,136,0.020169389017519686,1.0,0.17167302755964128,3.880270356908486,4.415162777824517,3.6200974773701144,3.512321210104634,0.043255864980441316,0.046300898166071414
D1,SYN029,STRONG,BA,A,136,136,0.020169389017519686,1.0,0.13836655778951526,2.8198471926875066,3.5802359776784254,3.6200974773701144,3.5657810334679745,0.043255864980441316,0.04464556453919902
D2,SYN029,STRONG,BA,A,136,126,0.020169389017519686,0.9798306109824804,0.1397625034750162,2.9080675878906663,3.639890605893193,3.5669755636371034,3.512321210104634,0.044888789317629095,0.046300898166071414
D3,SYN029,STRONG,BA,A,136,121,0.020169389017519686,0.9785005186108722,0.13861080489862188,2.938478881384433,3.5308799012117906,3.559833611103182,3.508001609299178,0.04501024761542701,0.04639051421802094
D0,SYN030,STRONG,BA,A,88,88,0.0,1.0,0.09555525767496263,2.8911795419854536,3.4865406263661325,3.54105465081541,3.527059554152522,0.040030716828477385,0.039728378914505494
D1,SYN030,STRONG,BA,A,88,88,0.0,1.0,0.09555525767496263,2.8911795419854536,3.4865406263661325,3.54105465081541,3.527059554152522,0.040030716828477385,0.039728378914505494
D2,SYN030,STRONG,BA,A,88,88,0.0,1.0,0.09555525767496263,2.8911795419854536,3.4865406263661325,3.54105465081541,3.527059554152522,0.040030716828477385,0.039728378914505494
D3,SYN030,STRONG,BA,A,88,88,0.0,1.0,0.09555525767496263,2.8911795419854536,3.4865406263661325,3.54105465081541,3.527059554152522,0.040030716828477385,0.039728378914505494
D0,SYN031,STRONG,BA,A,87,87,0.0,1.0,0.12711920457250744,3.428279608848832,2.442385465343461,3.2368497858329914,3.1170044701687036,0.06287990265189353,0.07117708120884608
D1,SYN031,STRONG,BA,A,87,87,0.0,1.0,0.12711920457250744,3.428279608848832,2.442385465343461,3.2368497858329914,3.1170044701687036,0.06287990265189353,0.07117708120884608
D2,SYN031,STRONG,BA,A,87,87,0.0,1.0,0.12711920457250744,3.428279608848832,2.442385465343461,3.2368497858329914,3.1170044701687036,0.06287990265189353,0.07117708120884608
D3,SYN031,STRONG,BA,A,87,86,0.0,0.9996135174200073,0.12571048889625783,2.9891789578414385,2.370120069804784,3.2346763801295872,3.108128749981772,0.062928385333009,0.07148891094174799
D0,SYN032,STRONG,BA,A,169,169,0.00031741924432528954,1.0,0.15455358702719552,3.9297464248538883,4.737286100206879,4.086108800752694,4.006952088601369,0.026087011107244054,0.028034123942402827
D1,SYN032,STRONG,BA,A,169,169,0.00031741924432528954,1.0,0.15402763061113425,3.8948554361721333,4.690837001285869,4.086108800752694,4.008806294832469,0.026087011107244054,0.028017008215991648
D2,SYN032,STRONG,BA,A,169,166,0.00031741924432528954,0.9996825807556746,0.15405147132450298,3.9163475142327364,4.690593156090249,4.084221480909257,4.006952088601369,0.026103539428214674,0.028034123942402827
D3,SYN032,STRONG,BA,A,169,165,0.00031741924432528954,0.9995626319330356,0.15386123893831277,3.9107625469274114,4.65031161822773,4.083508211565867,4.006952088601369,0.026109790321517265,0.028034123942402827
D0,SYN033,STRONG,BA,A,148,148,0.00021890661564094043,1.0,0.17424754551489494,4.102620170684424,4.146750439573817,4.387215334968985,4.280284842745891,0.015946368572872266,0.017037647599757656
D1,SYN033,STRONG,BA,A,148,148,0.00021890661564094043,1.0,0.17392377156077246,4.0814455776515155,4.113184888158954,4.387215334968985,4.281400937092957,0.015946368572872266,0.01703032209684773
D2,SYN033,STRONG,BA,A,148,147,0.00021890661564094043,0.9997810933843592,0.1739426906384332,4.091367407664045,4.113695639080786,4.386111904657797,4.280284842745891,0.01595330445605538,0.017037647599757656
D3,SYN033,STRONG,BA,A,148,147,0.00021890661564094043,0.9997810933843592,0.1739426906384332,4.091367407664045,4.113695639080786,4.386111904657797,4.280284842745891,0.01595330445605538,0.017037647599757656
D0,SYN034,STRONG,BA,A,118,118,0.0003899254409479096,1.0000000000000002,0.09990844938496643,1.664519538007476,1.538766545306528,3.8130615497607536,3.8187267526346527,0.032583882262786475,0.03214761785214065
D1,SYN034,STRONG,BA,A,118,118,0.0003899254409479096,1.0000000000000002,0.09891835899650159,1.6795053979442167,1.5214856032098865,3.8130615497607536,3.820667690893347,0.032583882262786475,0.032123028966067106
D2,SYN034,STRONG,BA,A,118,117,0.0003899254409479096,0.9996100745590524,0.09893748092686547,1.6705010942201939,1.5218945672634399,3.811097002829791,3.8187267526346527,0.03260915554168771,0.03214761785214065
D3,SYN034,STRONG,BA,A,118,116,0.0003899254409479096,0.9994578575575304,0.0985556879122407,1.6760482096718519,1.4883487889114955,3.810186458490398,3.8187267526346527,0.03261906582361026,0.03214761785214065
D0,SYN035,STRONG,BA,A,136,136,0.021872885892194802,1.0,0.18056788108121877,4.879751310704792,7.670542516006905,3.8678755717325233,3.7595182739989337,0.03257655543782022,0.032985426438251926
D1,SYN035,STRONG,BA,A,136,136,0.021872885892194802,1.0,0.14623521339622547,3.4986863664061647,3.529084003059865,3.8678755717325233,3.821389146477576,0.03257655543782022,0.031717168160768625
D2,SYN035,STRONG,BA,A,136,123,0.021872885892194802,0.9781271141078053,0.14781107005895341,2.966197160514268,3.4331072763596127,3.8052941957612414,3.7595182739989337,0.03393472841759302,0.032985426438251926
D3,SYN035,STRONG,BA,A,136,115,0.021872885892194802,0.9590922734754427,0.14390904961363735,3.272126393041449,2.2593363853215607,3.7648406298351067,3.7331129388146236,0.03506210360862177,0.033832726651991975
D0,SYN036,STRONG,BA,A,129,129,0.012453242499303775,1.0,0.16670588119255286,3.3354768744295047,0.6450442337833138,3.744717520712947,3.6790253057390423,0.04142163180455592,0.04111877678046179
D1,SYN036,STRONG,BA,A,129,129,0.012453242499303775,1.0,0.14632987548412074,3.384408855461759,1.311001095290965,3.744717520712947,3.721988528773008,0.04142163180455592,0.040144989512455174
D2,SYN036,STRONG,BA,A,129,121,0.012453242499303775,0.9875467575006963,0.14724177208882322,3.0997608852251113,1.3403821274641465,3.7015879260052307,3.6790253057390423,0.04244191177415044,0.04111877678046179
D3,SYN036,STRONG,BA,A,129,114,0.012453242499303775,0.8688917349711862,0.15459027769613948,4.377427253156511,4.264349208052822,3.6999954628899308,3.653538933419389,0.042488319151221275,0.04261369361939869
D0,SYN037,STRONG,BA,A,63,63,0.011075875352572775,1.0000000000000002,0.11798735419089038,1.6294165853910374,1.600151215757203,3.1824436099301097,3.1197603515729884,0.06517502563505821,0.07204454754775512
D1,SYN037,STRONG,BA,A,63,63,0.011075875352572775,1.0000000000000002,0.09124047419417791,1.2844631619863855,0.6735289867592009,3.1824436099301097,3.1471589292390623,0.06517502563505821,0.0704850431155328
D2,SYN037,STRONG,BA,A,63,62,0.011075875352572775,0.9889241246474274,0.09172996390632178,1.4595056490694962,0.7357399264798505,3.1565159663465088,3.1197603515729884,0.06651767348415902,0.07204454754775512
D3,SYN037,STRONG,BA,A,63,62,0.011075875352572775,0.9889241246474274,0.09172996390632178,1.4595056490694962,0.7357399264798505,3.1565159663465088,3.1197603515729884,0.06651767348415902,0.07204454754775512
D0,SYN038,STRONG,BA,A,93,93,0.0,1.0,0.11670454786986728,1.4725281201172984,1.0480213968765573,3.47632273925053,3.4432020182547074,0.04741166384663321,0.048146918201793086
D1,SYN038,STRONG,BA,A,93,93,0.0,1.0,0.11670454786986728,1.4725281201172984,1.0480213968765573,3.47632273925053,3.4432020182547074,0.04741166384663321,0.048146918201793086
D2,SYN038,STRONG,BA,A,93,93,0.0,1.0,0.11670454786986727,1.4725281201173015,1.0480213968765122,3.4763227392505303,3.4432020182547074,0.04741166384663322,0.048146918201793086
D3,SYN038,STRONG,BA,A,93,93,0.0,1.0,0.11670454786986727,1.4725281201173015,1.0480213968765122,3.4763227392505303,3.4432020182547074,0.04741166384663322,0.048146918201793086
D0,SYN039,STRONG,BA,A,134,134,0.006420559614475679,1.0000000000000002,0.13163960014928275,3.2942207027236687,3.945535530190885,3.936140239962604,3.8374985883537325,0.031703150471515326,0.03288357704963302
D1,SYN039,STRONG,BA,A,134,134,0.006420559614475679,1.0000000000000002,0.11860864975535797,3.052705101382133,3.2171047991546233,3.936140239962604,3.86753331596171,0.031703150471515326,0.03246515014482561
D2,SYN039,STRONG,BA,A,134,121,0.006420559614475679,0.9935794403855244,0.11899185985653582,2.9084570756508894,3.2385045658687104,3.9066272690201505,3.837498588353733,0.03211031455134144,0.03288357704963302
D3,SYN039,STRONG,BA,A,134,116,0.006420559614475679,0.9908202752727084,0.11519154371186165,2.907269342342587,3.510327746376305,3.893961064509437,3.8304070756105304,0.032287724078399915,0.03299198459241087
D0,SYN040,STRONG,BA,A,91,91,0.0017574322024810664,0.9999999999999998,0.12093300418533674,4.914345460293356,4.457476829800303,3.616970552621839,3.6316869558119818,0.040914412995399774,0.04084397786356698
D1,SYN040,STRONG,BA,A,91,91,0.0017574322024810664,0.9999999999999998,0.11718999879939064,5.002105717132669,4.734336865415888,3.616970552621839,3.6401522745565056,0.040914412995399774,0.040700039746664855
D2,SYN040,STRONG,BA,A,91,88,0.0017574322024810664,0.9982425677975186,0.11729357821919259,5.064533671653351,4.739544642082455,3.608539960711849,3.6316869558119818,0.041057494084904084,0.04084397786356698
D3,SYN040,STRONG,BA,A,91,87,0.0017574322024810664,0.9975178522981984,0.11575658413237216,5.09151562183588,4.900648295721068,3.605184119852648,3.6316869558119818,0.04111664601149123,0.04084397786356698
D0,SYN041,STRONG,BA,A,62,62,0.0005331676208254959,1.0000000000000004,0.11037263667792316,2.2482238221482156,2.1338432784677885,3.013049637036244,2.983082165427325,0.08175106664823904,0.07601166295305221
D1,SYN041,STRONG,BA,A,62,62,0.0005331676208254959,1.0000000000000004,0.10914358836855492,2.267963242274105,2.0316044622180223,3.013049637036244,2.986290654774568,0.08175106664823904,0.07593083791884854
D2,SYN041,STRONG,BA,A,62,60,0.0005331676208254959,0.9994668323791748,0.1091726949558598,2.227402727055178,2.0326814638705155,3.009855244916538,2.983082165427325,0.08183810831244524,0.07601166295305221
D3,SYN041,STRONG,BA,A,62,60,0.0005331676208254959,0.9994668323791748,0.1091726949558598,2.227402727055178,2.0326814638705155,3.009855244916538,2.983082165427325,0.08183810831244524,0.07601166295305221
D0,SYN042,STRONG,BA,A,126,126,0.0007240281531098272,1.0,0.13943044333423477,3.699788201532742,4.355730771313202,3.859463207866643,3.7694095353640416,0.033837080142387996,0.03693014440333655
D1,SYN042,STRONG,BA,A,126,126,0.0007240281531098272,1.0,0.13810072435548193,3.710552261637025,4.402719581489901,3.859463207866643,3.773462444383232,0.033837080142387996,0.03687646537970093
D2,SYN042,STRONG,BA,A,126,122,0.0007240281531098272,0.9992759718468902,0.1381509299161495,3.7178548823251085,4.405517840063563,3.855499804896175,3.7694095353640416,0.033885915861660655,0.03693014440333655
D3,SYN042,STRONG,BA,A,126,121,0.0007240281531098272,0.9990743627229063,0.13764943069564775,3.7634230569954084,4.600376956537888,3.854359081899182,3.7652922603723638,0.03389955259867101,0.03700254785448818
D0,SYN043,STRONG,BA,A,110,110,0.0,0.9999999999999998,0.11766501777079365,5.9843024797028,9.1057680321211,3.741796400311313,3.7358973788272674,0.033811465173575216,0.032327504671388986
D1,SYN043,STRONG,BA,A,110,110,0.0,0.9999999999999998,0.11766501777079365,5.9843024797028,9.1057680321211,3.741796400311313,3.7358973788272674,0.033811465173575216,0.032327504671388986
D2,SYN043,STRONG,BA,A,110,110,0.0,0.9999999999999998,0.11766501777079365,5.984302479702785,9.105768032121048,3.7417964003113138,3.7358973788272674,0.03381146517357523,0.032327504671388986
D3,SYN043,STRONG,BA,A,110,110,0.0,0.9999999999999998,0.11766501777079365,5.984302479702785,9.105768032121048,3.7417964003113138,3.7358973788272674,0.03381146517357523,0.032327504671388986
D0,SYN044,STRONG,BA,A,119,119,0.00033806033086097566,0.9999999999999999,0.153342482709938,3.2817558297005545,3.3185172722402396,3.9009623359634475,3.797716643273793,0.02896160340040829,0.03135288967541243
D1,SYN044,STRONG,BA,A,119,119,0.00033806033086097566,0.9999999999999999,0.15277721086825313,3.3098274404023336,3.403609001864393,3.9009623359634475,3.799707834960459,0.02896160340040829,0.03133144157413244
D2,SYN044,STRONG,BA,A,119,117,0.00033806033086097566,0.9996619396691387,0.15280320526298197,3.316285064773683,3.4034921659858184,3.8990299704917355,3.7977166432737937,0.028981129853707703,0.03135288967541243
D3,SYN044,STRONG,BA,A,119,117,0.00033806033086097566,0.9996619396691387,0.15280320526298197,3.316285064773683,3.4034921659858184,3.8990299704917355,3.7977166432737937,0.028981129853707703,0.03135288967541243
D0,SYN045,STRONG,BA,A,79,79,0.0026311996950774126,1.0,0.14026884298824738,5.610642731601124,6.415985586631762,3.441312582679217,3.3350921272641454,0.04384374380233817,0.04674044381731276
D1,SYN045,STRONG,BA,A,79,79,0.0026311996950774126,1.0,0.13540529770203288,5.9841055086021,6.631600855248074,3.441312582679217,3.3475858517329176,0.04384374380233817,0.04648124117032714
D2,SYN045,STRONG,BA,A,79,76,0.0026311996950774126,0.9973688003049227,0.13558422708511314,5.741599803046383,6.634381404451589,3.4297123284031588,3.335092127264146,0.044072075486647454,0.04674044381731276
D3,SYN045,STRONG,BA,A,79,75,0.0026311996950774126,0.9969268589123964,0.1347795589951842,5.639756880053237,6.50359021506554,3.427366469387611,3.335092127264146,0.04411096226009462,0.04674044381731276
D0,SYN046,STRONG,BA,A,101,101,0.0017325084521921611,0.9999999999999997,0.14687181376031627,4.814258423767723,4.819005936633716,3.163793836256208,3.0438275600627387,0.08259312884128048,0.08799027877634645
D1,SYN046,STRONG,BA,A,101,101,0.0017325084521921611,0.9999999999999997,0.14382800447676394,4.681701741091115,4.552910210125375,3.163793836256208,3.053150075350515,0.08259312884128048,0.08768121063436904
D2,SYN046,STRONG,BA,A,101,98,0.0017325084521921611,0.9982674915478076,0.14395366893620917,4.648123342405509,4.565685166444936,3.1548034870951818,3.043827560062738,0.08287881919241927,0.08799027877634645
D3,SYN046,STRONG,BA,A,101,97,0.0017325084521921611,0.9972060788410918,0.1421324474094522,4.511462867129357,4.280245133245197,3.1498103592479643,3.0438275600627387,0.08305421036439249,0.08799027877634645
D0,SYN047,STRONG,BA,A,156,156,0.0017727364955502558,0.9999999999999998,0.15055883783605284,6.099238758748434,8.304513485882723,4.035092738771585,3.9509154578615,0.030391360205441042,0.030350470745555563
D1,SYN047,STRONG,BA,A,156,156,0.0017727364955502558,0.9999999999999998,0.1475186863434114,5.7289174689433295,7.596042610320345,4.035092738771585,3.9589109288735376,0.030391360205441042,0.030243577466326558
D2,SYN047,STRONG,BA,A,156,151,0.0017727364955502558,0.9982272635044496,0.14765003929038242,5.876904431877035,7.614439263613994,4.02727593344874,3.9509154578615,0.030498041677822378,0.030350470745555563
D3,SYN047,STRONG,BA,A,156,151,0.0017727364955502558,0.9982272635044496,0.14765003929038242,5.876904431877035,7.614439263613994,4.02727593344874,3.9509154578615,0.030498041677822378,0.030350470745555563
D0,SYN048,STRONG,BA,A,130,130,0.009712742444751076,1.0,0.13981623332948537,2.72983130510888,2.8800500142516534,3.5991289861228095,3.529303647774193,0.046579546486808454,0.04858894184227236
D1,SYN048,STRONG,BA,A,130,130,0.009712742444751076,1.0,0.12086404014399493,2.193580758718399,2.6723761695174773,3.5991289861228095,3.5670624255520202,0.046579546486808454,0.04765626069713397
D2,SYN048,STRONG,BA,A,130,121,0.009712742444751076,0.990287257555249,0.12145853177178652,2.391537797885212,2.685098027269706,3.562081659285949,3.529303647774193,0.04747796627505254,0.04858894184227236
D3,SYN048,STRONG,BA,A,130,105,0.009712742444751076,0.9807352210743974,0.1115779561949188,2.639868181090889,2.3419696513371138,3.5228839789744844,3.483217827413136,0.048382458400696465,0.049867273674095026
D0,SYN049,STRONG,BA,A,100,100,0.0,1.0,0.11018647561132404,2.9489793670341493,4.4957016545207145,3.7847570511410473,3.749121393049069,0.03069022567570615,0.031191268661171907
D1,SYN049,STRONG,BA,A,100,100,0.0,1.0,0.11018647561132404,2.9489793670341493,4.4957016545207145,3.7847570511410473,3.749121393049069,0.03069022567570615,0.031191268661171907
D2,SYN049,STRONG,BA,A,100,100,0.0,1.0,0.11018647561132404,2.9489793670341493,4.4957016545207145,3.7847570511410473,3.749121393049069,0.03069022567570615,0.031191268661171907
D3,SYN049,STRONG,BA,A,100,99,0.0,0.9998781453816155,0.10991299431538062,2.9396734195408016,4.469488598626265,3.7839980646767084,3.749121393049069,0.030697691682352448,0.031191268661171907
D0,SYN050,STRONG,BA,A,144,144,0.0,1.0,0.13727955051482016,2.7217481835946438,1.703104353188145,4.1577870793676865,4.135009385375771,0.022587478483692646,0.021756720502246075
D1,SYN050,STRONG,BA,A,144,144,0.0,1.0,0.13727955051482016,2.7217481835946438,1.703104353188145,4.1577870793676865,4.135009385375771,0.022587478483692646,0.021756720502246075
D2,SYN050,STRONG,BA,A,144,144,0.0,1.0,0.13727955051482016,2.7217481835946438,1.703104353188145,4.1577870793676865,4.135009385375771,0.022587478483692646,0.021756720502246075
D3,SYN050,STRONG,BA,A,144,144,0.0,1.0,0.13727955051482016,2.7217481835946438,1.703104353188145,4.1577870793676865,4.135009385375771,0.022587478483692646,0.021756720502246075
D0,SYN051,STRONG,BA,A,154,154,0.003496136327861025,0.9999999999999998,0.13220258519493827,3.2899244892135386,3.582128663748992,3.8464730112986003,3.8038321073614347,0.037077102059586475,0.03660494390349616
D1,SYN051,STRONG,BA,A,154,154,0.003496136327861025,0.9999999999999998,0.12530222530839755,3.488286975907689,4.346732352067216,3.8464730112986003,3.8177865840310607,0.037077102059586475,0.036355845088824765
D2,SYN051,STRONG,BA,A,154,150,0.003496136327861025,0.9965038636721388,0.12552087717402471,3.4487507552639385,4.368189245956507,3.8325369876861464,3.803832107361435,0.03733319511089276,0.03660494390349616
D3,SYN051,STRONG,BA,A,154,140,0.003496136327861025,0.9925933068651414,0.12183699047271437,3.632713479644333,4.908622924980173,3.814554832035162,3.7951313959045683,0.03762473290146588,0.03676947103172216
D0,SYN052,STRONG,BA,A,75,75,0.0,1.0,0.09809984825103298,2.6150089490861217,2.291371873195827,3.1022987390113292,3.028553355881118,0.07567962142747861,0.0811524908210645
D1,SYN052,STRONG,BA,A,75,75,0.0,1.0,0.09809984825103298,2.6150089490861217,2.291371873195827,3.1022987390113292,3.028553355881118,0.07567962142747861,0.0811524908210645
D2,SYN052,STRONG,BA,A,75,75,0.0,1.0,0.09809984825103298,2.6150089490861217,2.291371873195736,3.1022987390113292,3.028553355881118,0.07567962142747864,0.0811524908210645
D3,SYN052,STRONG,BA,A,75,74,0.0,0.961484689880814,0.09993090966262848,2.320507330780119,2.4119654897943845,3.0568370929198747,2.979439752136928,0.08025957799206333,0.08650273271570874
D0,SYN053,STRONG,BA,A,176,176,0.02554040217783806,1.0,0.20276039854552785,4.219221123226292,3.2963825310699564,4.23737504025886,4.132032411326379,0.02391140453041041,0.02569928877760586
D1,SYN053,STRONG,BA,A,176,176,0.02554040217783806,1.0,0.16700723611251575,4.296970673111904,4.456817611776121,4.23737504025886,4.146366477204065,0.02391140453041041,0.025047171311918692
D2,SYN053,STRONG,BA,A,176,173,0.02554040217783806,0.9744595978221621,0.1691949080389701,4.513826398804725,4.551318664284554,4.225265542423226,4.132032411326379,0.02450344786130625,0.02569928877760586
D3,SYN053,STRONG,BA,A,176,167,0.02554040217783806,0.9708012090184512,0.16850152047362904,4.575871243046108,4.529453758585292,4.21273303696255,4.1215712459458125,0.02468142194378149,0.025858794014709703
D0,SYN054,STRONG,BA,A,118,118,0.002084766634313084,0.9999999999999998,0.13269762881379712,2.9138568790978185,1.148597546688126,3.5401459481719924,3.4953430272053034,0.05795259968749922,0.056172251460111705
D1,SYN054,STRONG,BA,A,118,118,0.002084766634313084,0.9999999999999998,0.12864189718900496,2.951630932445683,1.9668973937122138,3.5401459481719924,3.504956681744836,0.05795259968749922,0.05594312060391905
D2,SYN054,STRONG,BA,A,118,115,0.002084766634313084,0.9979152333656868,0.12877510791273986,2.9670647899390836,1.9823713904854208,3.5305024726342293,3.495343027205304,0.058193255095236596,0.056172251460111705
D3,SYN054,STRONG,BA,A,118,112,0.002084766634313084,0.9968756956429652,0.12676912286008402,2.8526223996672124,2.2650987770420614,3.524980023449418,3.495343027205304,0.05831421592866574,0.056172251460111705
D0,SYN055,STRONG,BA,A,98,98,0.0023939945203826926,0.9999999999999999,0.13640188295134753,2.722971192074971,1.2700426627131138,3.4772747660907743,3.3568365779610776,0.053159646970659,0.058524011274095476
D1,SYN055,STRONG,BA,A,98,98,0.0023939945203826926,0.9999999999999999,0.13186218291998805,3.0701860241843915,1.3727746134042347,3.4772747660907743,3.367986330879647,0.053159646970659,0.05825313163118679
D2,SYN055,STRONG,BA,A,98,95,0.0023939945203826926,0.9976060054796172,0.13201755065169224,2.6562336716478194,1.3800720972219294,3.466157872369933,3.3568365779610776,0.05341308327892436,0.058524011274095476
D3,SYN055,STRONG,BA,A,98,94,0.0023939945203826926,0.9965483384395273,0.13002828741506067,2.60036112957842,1.2641465155900198,3.461506480826167,3.3568365779610776,0.0535253948797829,0.058524011274095476
D0,SYN056,STRONG,BA,A,159,159,0.031604717067327065,0.9999999999999999,0.2043918864709186,5.071937966078988,6.534839753630421,3.7297413222411127,3.5220252162019055,0.04109255209624436,0.045256491569159646
D1,SYN056,STRONG,BA,A,159,159,0.031604717067327065,0.9999999999999999,0.15945042107005528,3.56858973092095,3.351007010421495,3.7297413222411127,3.6384795307046547,0.04109255209624436,0.04237562204030578
D2,SYN056,STRONG,BA,A,159,136,0.031604717067327065,0.9683952829326729,0.16206541555304407,4.50778606141238,2.9243612787957822,3.621112970192269,3.522025216201905,0.04372388285668171,0.045256491569159646
D3,SYN056,STRONG,BA,A,159,124,0.031604717067327065,0.9533856927398602,0.15718119166678118,4.379593535494073,3.575250329716213,3.569818089661129,3.48109383532109,0.04504605229390319,0.04627662948636728
D0,SYN057,STRONG,BA,A,175,175,0.005441117859996245,1.0,0.1573333094051624,3.4958709616035986,2.9563966461344044,4.1427975739238985,4.121379047913459,0.026687171008468943,0.025690440742227424
D1,SYN057,STRONG,BA,A,175,175,0.005441117859996245,1.0,0.14821958899837787,4.155249422771814,3.5970405148187874,4.1427975739238985,4.139486902861597,0.026687171008468943,0.02542304764084722
D2,SYN057,STRONG,BA,A,175,168,0.005441117859996245,0.9945588821400039,0.14862596926236832,4.042575018106712,3.6103922079959534,4.124809239425575,4.121379047913459,0.026966390535376947,0.025690440742227424
D3,SYN057,STRONG,BA,A,175,162,0.005441117859996245,0.9918719128078737,0.1469450515996902,4.1172060079141355,3.8215529489405418,4.1141276047828335,4.11634943663383,0.027109629667413485,0.025764449573525396
D0,SYN058,STRONG,BA,A,70,70,0.005646818476485729,0.9999999999999999,0.1042696534773749,2.9277450358034494,2.81603820233724,3.343004700604561,3.3042140619834877,0.05004874991124171,0.05153032957760941
D1,SYN058,STRONG,BA,A,70,70,0.005646818476485729,0.9999999999999999,0.08957064569738328,3.0208294204758586,2.935595469813776,3.343004700604561,3.326169523088717,0.05004874991124171,0.05097436089660265
D2,SYN058,STRONG,BA,A,70,66,0.005646818476485729,0.9943531815235142,0.08981962239962869,3.0341028213077603,2.9579459138974284,3.3207611724262187,3.3042140619834877,0.05060698277862012,0.05153032957760941
D3,SYN058,STRONG,BA,A,70,66,0.005646818476485729,0.9943531815235142,0.08981962239962869,3.0341028213077603,2.9579459138974284,3.3207611724262187,3.3042140619834877,0.05060698277862012,0.05153032957760941
D0,SYN059,STRONG,BA,A,143,143,0.009170665614001846,0.9999999999999998,0.1420790111084813,3.19289228343166,4.345400071612362,4.023299039227087,3.9460539288605903,0.029201760960185487,0.029792679082288036
D1,SYN059,STRONG,BA,A,143,143,0.009170665614001846,0.9999999999999998,0.12457307766708169,2.284004857295752,1.8537284999999708,4.023299039227087,3.9774317878938183,0.029201760960185487,0.029263132471343607
D2,SYN059,STRONG,BA,A,143,136,0.009170665614001846,0.990829334385998,0.12515004921584827,2.359494307301552,1.8871039126735387,3.992501388647718,3.9460539288605903,0.02972655301354993,0.029792679082288036
D3,SYN059,STRONG,BA,A,143,122,0.009170665614001846,0.9806052307176321,0.11792172251414583,2.345683761317276,1.4454575772691194,3.9555409094115057,3.9265238140318104,0.030325619078683884,0.030172051720834182
D0,SYN060,STRONG,BA,A,140,140,0.0,1.0000000000000002,0.1409540558836919,2.279823371039845,2.2633507927883803,4.1089575174943835,4.021869763186089,0.022947172127903686,0.024969025505927504
D1,SYN060,STRONG,BA,A,140,140,0.0,1.0000000000000002,0.1409540558836919,2.279823371039845,2.2633507927883803,4.1089575174943835,4.021869763186089,0.022947172127903686,0.024969025505927504
D2,SYN060,STRONG,BA,A,140,140,0.0,1.0000000000000002,0.14095405588369192,2.2798233710398454,2.263350792788449,4.1089575174943835,4.021869763186089,0.022947172127903676,0.024969025505927504
D3,SYN060,STRONG,BA,A,140,140,0.0,1.0000000000000002,0.14095405588369192,2.2798233710398454,2.263350792788449,4.1089575174943835,4.021869763186089,0.022947172127903676,0.024969025505927504
D0,SYN061,STRONG,BA,A,103,103,0.03673747325908452,0.9999999999999999,0.1697710538419551,7.14771660679412,9.35685123331373,3.8523820763932166,3.7889219234450517,0.03010106778136322,0.031415857383216575
D1,SYN061,STRONG,BA,A,103,103,0.03673747325908452,0.9999999999999999,0.10045464562307961,1.8872012514801066,1.2650275384912384,3.8523820763932166,3.8140621277956064,0.03010106778136322,0.030379507887787375
D2,SYN061,STRONG,BA,A,103,101,0.03673747325908452,0.9632625267409153,0.10235147845109302,2.682918890389036,1.6442336026934634,3.828155553045683,3.7889219234450517,0.031127833491759932,0.031415857383216575
D3,SYN061,STRONG,BA,A,103,100,0.03673747325908452,0.9623957316631837,0.10227000052911475,2.60019595163772,1.8295331203097882,3.824386569152547,3.7835864890770954,0.031183118977917434,0.0315027701802783
D0,SYN062,STRONG,BA,A,134,134,0.0,1.0,0.14801682683148898,4.110842023261329,4.815310670828145,4.069488260655795,3.961907826765877,0.024789754107058193,0.02827405167585507
D1,SYN062,STRONG,BA,A,134,134,0.0,1.0,0.14801682683148898,4.110842023261329,4.815310670828145,4.069488260655795,3.961907826765877,0.024789754107058193,0.02827405167585507
D2,SYN062,STRONG,BA,A,134,134,0.0,1.0,0.14801682683148895,4.110842023261334,4.815310670827638,4.0694882606557945,3.961907826765877,0.024789754107058182,0.02827405167585507
D3,SYN062,STRONG,BA,A,134,134,0.0,1.0,0.14801682683148895,4.110842023261334,4.815310670827638,4.0694882606557945,3.961907826765877,0.024789754107058182,0.02827405167585507
D0,SYN063,STRONG,BA,A,180,180,0.0,1.0000000000000002,0.1511882906066706,4.481620633012695,6.448743784168316,4.506924060676264,4.421913818432099,0.014522890483066903,0.015408657259600419
D1,SYN063,STRONG,BA,A,180,180,0.0,1.0000000000000002,0.1511882906066706,4.481620633012695,6.448743784168316,4.506924060676264,4.421913818432099,0.014522890483066903,0.015408657259600419
D2,SYN063,STRONG,BA,A,180,180,0.0,1.0000000000000002,0.15118829060667058,4.481620633012704,6.448743784168459,4.506924060676264,4.421913818432099,0.014522890483066897,0.015408657259600419
D3,SYN063,STRONG,BA,A,180,180,0.0,1.0000000000000002,0.15118829060667058,4.481620633012704,6.448743784168459,4.506924060676264,4.421913818432099,0.014522890483066897,0.015408657259600419
D0,SYN064,STRONG,BA,A,139,139,0.01920426016426282,1.0,0.1717480864763298,5.010077164500426,4.9173172995416605,3.9349445236297993,3.8612100040273685,0.030749022310905774,0.032512467221290885
D1,SYN064,STRONG,BA,A,139,139,0.01920426016426282,1.0,0.14019660048283308,3.0519844422561406,0.723121211790298,3.9349445236297993,3.888502350373401,0.030749022310905774,0.03156744674511042
D2,SYN064,STRONG,BA,A,139,137,0.01920426016426282,0.9807957398357373,0.14157014681913693,3.437289185901571,0.78963639945429,3.908665311995841,3.8612100040273685,0.031653116373893404,0.032512467221290885
D3,SYN064,STRONG,BA,A,139,136,0.01920426016426282,0.9806372811123646,0.14129025159973987,3.4508152592133863,0.7592098826950343,3.9077245690997144,3.861210004027369,0.031663320585525435,0.032512467221290885
D0,SYN065,STRONG,BA,A,144,144,0.08190351860117329,1.0,0.24927831799451639,16.493694293939463,24.297636831477867,4.238546097711279,4.12395006547012,0.019364676322585966,0.02163839015007311
D1,SYN065,STRONG,BA,A,144,144,0.08190351860117329,1.0,0.13958241768965093,6.7260187713787145,9.519380378632336,4.238546097711279,4.199253636248063,0.019364676322585966,0.01990420949352268
D2,SYN065,STRONG,BA,A,144,130,0.08190351860117329,0.9180964813988268,0.1456018915135899,7.594619905717069,10.074191495202747,4.166937523716793,4.12395006547012,0.020997329652137908,0.02163839015007311
D3,SYN065,STRONG,BA,A,144,120,0.08190351860117329,0.8692026130700503,0.14191637156437373,8.225262060910245,12.871502473286164,4.124580014673446,4.066905945294941,0.0217104264021654,0.02284727587244429
D0,SYN066,STRONG,BA,A,146,146,0.007243983667151141,1.0,0.16598155684902632,6.130017754698166,8.099151464554994,3.8874775587777775,3.794225101749519,0.03217954499961138,0.032506831034957585
D1,SYN066,STRONG,BA,A,146,146,0.007243983667151141,1.0,0.15438967384136523,5.56307987384512,7.451656858148956,3.8874775587777775,3.818784061150504,0.03217954499961138,0.03206012079358081
D2,SYN066,STRONG,BA,A,146,142,0.007243983667151141,0.992756016332849,0.15494650190132,5.542354758177675,7.496575146824276,3.8631290707924846,3.794225101749518,0.03263526233063359,0.032506831034957585
D3,SYN066,STRONG,BA,A,146,138,0.007243983667151141,0.9864877587400118,0.15389884093202721,5.951784142860381,8.158869297589447,3.847350325628703,3.7824300065182825,0.03301544247505846,0.03273457708949477
D0,SYN067,STRONG,BA,A,109,109,0.0,1.0,0.12111271410101841,2.5572696864882625,1.9098639733557927,3.793969414050775,3.7803543498514265,0.03176509634085202,0.030802469146309512
D1,SYN067,STRONG,BA,A,109,109,0.0,1.0,0.12111271410101841,2.5572696864882625,1.9098639733557927,3.793969414050775,3.7803543498514265,0.03176509634085202,0.030802469146309512
D2,SYN067,STRONG,BA,A,109,109,0.0,1.0,0.12111271410101841,2.5572696864882625,1.9098639733557927,3.793969414050775,3.7803543498514265,0.03176509634085202,0.030802469146309512
D3,SYN067,STRONG,BA,A,109,109,0.0,1.0,0.12111271410101841,2.5572696864882625,1.9098639733557927,3.793969414050775,3.7803543498514265,0.03176509634085202,0.030802469146309512
D0,SYN068,STRONG,BA,A,69,69,0.0020171781702124033,1.0000000000000002,0.10314385747280633,2.5094415344703456,3.4742929533332667,3.138764523421764,3.090238287477902,0.05978958560311777,0.062392633395600514
D1,SYN068,STRONG,BA,A,69,69,0.0020171781702124033,1.0000000000000002,0.09808034719520019,2.6529094225646674,3.662705120547427,3.138764523421764,3.099240603712123,0.05978958560311777,0.06213844508241888
D2,SYN068,STRONG,BA,A,69,67,0.0020171781702124033,0.9979828218297876,0.09817985584689845,2.5839748893767247,3.6652959101142244,3.1300160092855847,3.090238287477902,0.06002799915203165,0.062392633395600514
D3,SYN068,STRONG,BA,A,69,66,0.0020171781702124033,0.997646803385466,0.0978088405711671,2.5660759047520996,3.5138828533674813,3.128040228340702,3.085588674263373,0.06006832870411326,0.06251109006527626
D0,SYN069,STRONG,BA,A,76,76,0.0,1.0,0.10633875608375623,3.830290764930269,5.888743646161596,3.5268746581138446,3.468055195226657,0.045784059065546966,0.047314014770504495
D1,SYN069,STRONG,BA,A,76,76,0.0,1.0,0.10633875608375623,3.830290764930269,5.888743646161596,3.5268746581138446,3.468055195226657,0.045784059065546966,0.047314014770504495
D2,SYN069,STRONG,BA,A,76,76,0.0,1.0,0.10633875608375623,3.830290764930269,5.888743646161596,3.5268746581138446,3.468055195226657,0.045784059065546966,0.047314014770504495
D3,SYN069,STRONG,BA,A,76,76,0.0,1.0,0.10633875608375623,3.830290764930269,5.888743646161596,3.5268746581138446,3.468055195226657,0.045784059065546966,0.047314014770504495
D0,SYN070,STRONG,BA,A,98,98,0.0,1.0,0.10889628439544775,4.966583244612612,7.608457733466577,3.680561986595712,3.7252519758769935,0.03542908710405579,0.03391289331140152
D1,SYN070,STRONG,BA,A,98,98,0.0,1.0,0.10889628439544775,4.966583244612612,7.608457733466577,3.680561986595712,3.7252519758769935,0.03542908710405579,0.03391289331140152
D2,SYN070,STRONG,BA,A,98,98,0.0,1.0,0.10889628439544775,4.966583244612612,7.608457733466577,3.680561986595712,3.7252519758769935,0.03542908710405579,0.03391289331140152
D3,SYN070,STRONG,BA,A,98,98,0.0,1.0,0.10889628439544775,4.966583244612612,7.608457733466577,3.680561986595712,3.7252519758769935,0.03542908710405579,0.03391289331140152
D0,SYN071,STRONG,BA,A,93,93,0.003994131043817074,1.0,0.12581869615364888,5.767368680616977,8.359200849500278,3.7931900945214823,3.756717659437041,0.030944160157629314,0.030925073173677094
D1,SYN071,STRONG,BA,A,93,93,0.003994131043817074,1.0,0.11748763395304664,5.463115586844943,7.700403786632561,3.7931900945214823,3.772565676472506,0.030944160157629314,0.03067398227754082
D2,SYN071,STRONG,BA,A,93,90,0.003994131043817074,0.9960058689561829,0.11772419312352524,5.367504713884201,7.757974404079132,3.7779083129598376,3.75671765943704,0.03118731532586506,0.030925073173677094
D3,SYN071,STRONG,BA,A,93,89,0.003994131043817074,0.9943111441913098,0.11410058601222228,5.233610205279084,7.498769584401042,3.77177670411908,3.7567176594370406,0.03129081350423809,0.030925073173677094
D0,SYN072,STRONG,BA,A,87,87,0.11512317524574017,1.0,0.26945333803178384,27.401162911515264,41.82604521640473,3.1657163170923686,3.1047098919897214,0.07651037459354451,0.08689355634032331
D1,SYN072,STRONG,BA,A,87,87,0.11512317524574017,1.0,0.11181615789549967,3.011955661349754,1.8231574791789895,3.1657163170923686,3.138223622562373,0.07651037459354451,0.07969920983050076
D2,SYN072,STRONG,BA,A,87,83,0.11512317524574017,0.8848768247542601,0.11883490613134427,2.80816551514194,2.2004434607537333,3.136518653143752,3.104709891989722,0.08276836353818766,0.08689355634032331
D3,SYN072,STRONG,BA,A,87,80,0.11512317524574017,0.8451901867677921,0.12065910278603431,2.779823329435101,2.408695427822869,3.044078783034359,3.002150773910209,0.08989121360477609,0.09541284385285013
D0,SYN001,PAIRED_NULL,AB,B,142,142,0.01583818944758296,1.0,0.15485139408921864,2.456373152750664,1.4381105441141928,4.074298547053802,3.997608556939336,0.024748533920126933,0.02562721502993259
D1,SYN001,PAIRED_NULL,AB,B,142,142,0.01583818944758296,1.0,0.1261149135518744,2.3113804621058582,0.28894057551683067,4.074298547053802,4.019094561823117,0.024748533920126933,0.025056567411696685
D2,SYN001,PAIRED_NULL,AB,B,142,139,0.01583818944758296,0.9841618105524169,0.12710904719294364,2.2647697366335744,0.3060659863886166,4.0535606018526575,3.9976085569393365,0.025317757503245022,0.02562721502993259
D3,SYN001,PAIRED_NULL,AB,B,142,137,0.01583818944758296,0.9797665589366864,0.12644298486912411,2.5052529252028353,0.7037983270154469,4.0404425072039825,3.977916337629233,0.025532958944756753,0.026006197136726462
D0,SYN002,PAIRED_NULL,AB,B,65,65,0.0,0.9999999999999999,0.08393500441024927,4.3163835111120825,6.226696151411483,3.3345479223491976,3.289378505111688,0.054854186684438755,0.056451110113005146
D1,SYN002,PAIRED_NULL,AB,B,65,65,0.0,0.9999999999999999,0.08393500441024927,4.3163835111120825,6.226696151411483,3.3345479223491976,3.289378505111688,0.054854186684438755,0.056451110113005146
D2,SYN002,PAIRED_NULL,AB,B,65,65,0.0,0.9999999999999999,0.08393500441024927,4.3163835111120825,6.226696151411483,3.3345479223491976,3.289378505111688,0.054854186684438755,0.056451110113005146
D3,SYN002,PAIRED_NULL,AB,B,65,65,0.0,0.9999999999999999,0.08393500441024927,4.3163835111120825,6.226696151411483,3.3345479223491976,3.289378505111688,0.054854186684438755,0.056451110113005146
D0,SYN003,PAIRED_NULL,AB,B,175,175,0.0011874585895371554,1.0000000000000002,0.12902544922644188,4.6731892180498456,4.85437929569822,3.9910630047636566,3.9676354635583717,0.03223603351469619,0.03214528330134099
D1,SYN003,PAIRED_NULL,AB,B,175,175,0.0011874585895371554,1.0000000000000002,0.126665155282085,4.702776220918595,5.187993065015343,3.9910630047636566,3.9721348692471765,0.03223603351469619,0.03206982783239431
D2,SYN003,PAIRED_NULL,AB,B,175,174,0.0011874585895371554,0.998812541410463,0.12674068374930755,4.884062571027132,5.191529831810877,3.986611537909653,3.967635463558372,0.03231131459207306,0.03214528330134099
D3,SYN003,PAIRED_NULL,AB,B,175,170,0.0011874585895371554,0.9662491113037723,0.12810617792146614,4.6487246828045485,4.211888082925208,3.954503152710883,3.933921477555617,0.03368533066816692,0.033464575266270793
D0,SYN004,PAIRED_NULL,AB,B,148,148,0.0,0.9999999999999998,0.11307637537545163,2.3419904282717776,1.662035098557098,4.1018887306508764,4.053206109255493,0.024482113127460417,0.025095011197813526
D1,SYN004,PAIRED_NULL,AB,B,148,148,0.0,0.9999999999999998,0.11307637537545163,2.3419904282717776,1.662035098557098,4.1018887306508764,4.053206109255493,0.024482113127460417,0.025095011197813526
D2,SYN004,PAIRED_NULL,AB,B,148,148,0.0,0.9999999999999998,0.11307637537545163,2.341990428271779,1.662035098557098,4.101888730650877,4.053206109255493,0.024482113127460424,0.025095011197813526
D3,SYN004,PAIRED_NULL,AB,B,148,148,0.0,0.9999999999999998,0.11307637537545163,2.341990428271779,1.662035098557098,4.101888730650877,4.053206109255493,0.024482113127460424,0.025095011197813526
D0,SYN005,PAIRED_NULL,AB,B,140,140,0.006847797650775318,1.0,0.12649244810890312,2.9192669290689244,3.0425303462796833,4.078070371149677,4.041472853884447,0.025460824207712878,0.0251996722124921
D1,SYN005,PAIRED_NULL,AB,B,140,140,0.006847797650775318,1.0,0.11192448796887257,3.7515356620098315,4.930435999734372,4.078070371149677,4.056072444336623,0.025460824207712878,0.024889151506330667
D2,SYN005,PAIRED_NULL,AB,B,140,138,0.006847797650775318,0.9931522023492246,0.11231127078539979,3.715605427554804,4.879380550550439,4.0639226254210685,4.041472853884447,0.025768752838168804,0.0251996722124921
D3,SYN005,PAIRED_NULL,AB,B,140,134,0.006847797650775318,0.9403308468093226,0.11483615511384351,4.29049034206486,5.779276274458808,4.018837372557395,3.9949363434207967,0.02742944203978379,0.026808389095115733
D0,SYN006,PAIRED_NULL,AB,B,66,66,0.0,1.0000000000000002,0.08652780568049105,1.9047221324719672,2.155965285629102,3.1920759122705515,3.1563336174996195,0.060108578177479895,0.060048541168481316
D1,SYN006,PAIRED_NULL,AB,B,66,66,0.0,1.0000000000000002,0.08652780568049105,1.9047221324719672,2.155965285629102,3.1920759122705515,3.1563336174996195,0.060108578177479895,0.060048541168481316
D2,SYN006,PAIRED_NULL,AB,B,66,66,0.0,1.0000000000000002,0.08652780568049105,1.9047221324719668,2.1559652856293856,3.1920759122705507,3.1563336174996195,0.06010857817747987,0.060048541168481316
D3,SYN006,PAIRED_NULL,AB,B,66,65,0.0,0.9988679258592661,0.0832152906054105,1.7348737282337647,1.8100775042857253,3.186872599570313,3.15633361749962,0.06024361986627654,0.060048541168481316
D0,SYN007,PAIRED_NULL,AB,B,134,134,0.0558880503310203,1.0,0.21196128657158086,8.539479671286083,8.242195519178829,3.2393650073076348,3.087921259625589,0.07966250210209706,0.08567042450584611
D1,SYN007,PAIRED_NULL,AB,B,134,134,0.0558880503310203,1.0,0.1269409154164555,3.9796279042288916,3.7812943670621055,3.2393650073076348,3.1678218451225453,0.07966250210209706,0.0784561453965726
D2,SYN007,PAIRED_NULL,AB,B,134,130,0.0558880503310203,0.9441119496689796,0.13063520540918847,3.702840180491545,3.9849363409194076,3.163595972479532,3.0879212596255887,0.08704762071205595,0.08567042450584611
D3,SYN007,PAIRED_NULL,AB,B,134,122,0.0558880503310203,0.7856321417951102,0.1392017544943122,6.238346159484825,7.1900120251008355,3.154061518239624,3.0881467886158602,0.0931981300193403,0.08894119282304125
D0,SYN008,PAIRED_NULL,AB,B,122,122,0.0,1.0000000000000002,0.12781122236563097,4.240972784305654,4.36630639095883,4.100200361338931,4.007504465020658,0.02196621552714495,0.023802237357373215
D1,SYN008,PAIRED_NULL,AB,B,122,122,0.0,1.0000000000000002,0.12781122236563097,4.240972784305654,4.36630639095883,4.100200361338931,4.007504465020658,0.02196621552714495,0.023802237357373215
D2,SYN008,PAIRED_NULL,AB,B,122,122,0.0,1.0000000000000002,0.12781122236563097,4.240972784305654,4.36630639095883,4.100200361338931,4.007504465020658,0.02196621552714495,0.023802237357373215
D3,SYN008,PAIRED_NULL,AB,B,122,121,0.0,0.9960842461778046,0.1279419587230815,4.217188499463086,4.506258339507195,4.0906060560072275,3.998901924673518,0.022123805927243095,0.023940765704200166
D0,SYN009,PAIRED_NULL,AB,B,84,84,0.25339915044769284,1.0,0.3814608016042869,26.99590484758734,34.52336991202404,3.0144266293007425,3.0682750005237556,0.10744588475964005,0.10861989292702724
D1,SYN009,PAIRED_NULL,AB,B,84,84,0.25339915044769284,1.0,0.09146097308753262,2.94048286570547,2.4858384776593896,3.0144266293007425,2.984923260147426,0.10744588475964005,0.10919233770830802
D2,SYN009,PAIRED_NULL,AB,B,84,80,0.25339915044769284,0.7466008495523071,0.10525732156046222,3.515646969845666,4.716285541729766,3.1247663119445503,3.0682750005237556,0.10203180276447785,0.10861989292702724
D3,SYN009,PAIRED_NULL,AB,B,84,70,0.25339915044769284,0.6785370013999851,0.10514773969201549,3.7735694024693944,4.626608117722816,2.951032076945521,2.8902516669620026,0.12081928188371911,0.1301734869503469
D0,SYN010,PAIRED_NULL,AB,B,104,104,0.0,1.0,0.08846447904377375,4.5143403714586166,6.086172633006318,3.5565944522872517,3.55872049379737,0.04415089328568365,0.04308798321867284
D1,SYN010,PAIRED_NULL,AB,B,104,104,0.0,1.0,0.08846447904377375,4.5143403714586166,6.086172633006318,3.5565944522872517,3.55872049379737,0.04415089328568365,0.04308798321867284
D2,SYN010,PAIRED_NULL,AB,B,104,104,0.0,1.0,0.08846447904377375,4.514340371458607,6.086172633006222,3.5565944522872526,3.55872049379737,0.04415089328568367,0.04308798321867284
D3,SYN010,PAIRED_NULL,AB,B,104,100,0.0,0.9984709323147237,0.0873951892950313,4.688360413692334,6.2295729813371326,3.5485631205053325,3.547573189329622,0.04428555586893981,0.04329856355736591
D0,SYN011,PAIRED_NULL,AB,B,123,123,0.0,1.0,0.10195352725501518,1.9006176804100652,2.626961197876274,3.9682740553563414,3.932588369546931,0.027243874560500356,0.027468090931957935
D1,SYN011,PAIRED_NULL,AB,B,123,123,0.0,1.0,0.10195352725501518,1.9006176804100652,2.626961197876274,3.9682740553563414,3.932588369546931,0.027243874560500356,0.027468090931957935
D2,SYN011,PAIRED_NULL,AB,B,123,123,0.0,1.0,0.10195352725501518,1.9006176804100652,2.626961197876274,3.9682740553563414,3.932588369546931,0.027243874560500356,0.027468090931957935
D3,SYN011,PAIRED_NULL,AB,B,123,122,0.0,0.9998234658418352,0.10152418710773638,1.9069232318331029,2.5312044303062398,3.9672722883362104,3.932588369546931,0.027253464881815914,0.027468090931957935
D0,SYN012,PAIRED_NULL,AB,B,156,156,0.013588864158904562,1.0,0.16193362067946013,13.581172766361496,14.584234810266107,4.101538350802214,4.119294273116008,0.027902685112388668,0.025835019266712382
D1,SYN012,PAIRED_NULL,AB,B,156,156,0.013588864158904562,1.0,0.1388196667932327,11.877466814216683,12.151688476561587,4.101538350802214,4.136818730704468,0.027902685112388668,0.025308509794990587
D2,SYN012,PAIRED_NULL,AB,B,156,154,0.013588864158904562,0.9864111358410956,0.13977849970383613,12.537495114712245,12.353641748625746,4.0835848956170215,4.119294273116008,0.028495857260953498,0.025835019266712382
D3,SYN012,PAIRED_NULL,AB,B,156,150,0.013588864158904562,0.9111442729869955,0.14169586666320974,10.533590671668467,10.495958106393582,4.117763252119639,4.131756992125626,0.02691409150738436,0.025446298122288085
D0,SYN013,PAIRED_NULL,AB,B,127,127,0.001409603914316697,0.9999999999999999,0.1108264745315985,3.6784139270464338,5.196576970821594,3.754056729417148,3.7093430176229627,0.03892925829746108,0.04034293323822764
D1,SYN013,PAIRED_NULL,AB,B,127,127,0.001409603914316697,0.9999999999999999,0.1075629975625769,3.6105982156295955,4.850471570456693,3.754056729417148,3.714634844102963,0.03892925829746108,0.040235095302204205
D2,SYN013,PAIRED_NULL,AB,B,127,126,0.001409603914316697,0.9985903960856832,0.10763654306452497,3.467369974650633,4.845827490237252,3.748679002538851,3.709343017622963,0.03903724786269313,0.04034293323822764
D3,SYN013,PAIRED_NULL,AB,B,127,118,0.001409603914316697,0.9419002988405428,0.10642780522223921,3.619253338349983,3.5378878055603247,3.6418557266826554,3.608612462333924,0.043061702862803905,0.04436289174517878
D0,SYN014,PAIRED_NULL,AB,B,125,125,0.0,1.0000000000000002,0.11427616325581366,4.55209354433437,6.023531249850086,3.7842007847202317,3.717817177245677,0.03306652431721953,0.03514056570010135
D1,SYN014,PAIRED_NULL,AB,B,125,125,0.0,1.0000000000000002,0.11427616325581366,4.55209354433437,6.023531249850086,3.7842007847202317,3.717817177245677,0.03306652431721953,0.03514056570010135
D2,SYN014,PAIRED_NULL,AB,B,125,125,0.0,1.0000000000000002,0.11427616325581366,4.552093544334374,6.023531249850179,3.7842007847202312,3.717817177245677,0.03306652431721952,0.03514056570010135
D3,SYN014,PAIRED_NULL,AB,B,125,125,0.0,1.0000000000000002,0.11427616325581366,4.552093544334374,6.023531249850179,3.7842007847202312,3.717817177245677,0.03306652431721952,0.03514056570010135
D0,SYN015,PAIRED_NULL,AB,B,166,166,0.0005134027948976425,1.0,0.12050050833620717,5.7588924842593,6.725435362717134,4.0717811512719715,4.028636646053929,0.026730598765853524,0.026892646949696605
D1,SYN015,PAIRED_NULL,AB,B,166,166,0.0005134027948976425,1.0,0.1194154531390043,5.6175372853194,6.462178847132259,4.0717811512719715,4.0314833694344125,0.026730598765853524,0.026865567463562372
D2,SYN015,PAIRED_NULL,AB,B,166,163,0.0005134027948976425,0.9994865972051024,0.11944580805490276,5.761370160309804,6.461293601669788,4.068917486926721,4.028636646053929,0.026757974301157113,0.026892646949696605
D3,SYN015,PAIRED_NULL,AB,B,166,151,0.0005134027948976425,0.992943031930362,0.11540749315210604,5.37518335510091,6.126096093392904,4.047375906610172,4.013421769769922,0.027090863507762557,0.027142370591550516
D0,SYN016,PAIRED_NULL,AB,B,103,103,0.06184842938637392,1.0000000000000002,0.2036164551090251,3.819056054079258,1.5949393442567337,3.3479873330201193,3.260866365302691,0.07135879664314418,0.07552711505602941
D1,SYN016,PAIRED_NULL,AB,B,103,103,0.06184842938637392,1.0000000000000002,0.09862515367105644,2.7245280681559683,4.268861805472295,3.3479873330201193,3.34712897612863,0.07135879664314418,0.06864298104205799
D2,SYN016,PAIRED_NULL,AB,B,103,98,0.06184842938637392,0.9381515706136263,0.10182159078280094,3.163684199272245,4.558253989809758,3.261744833383471,3.260866365302691,0.07862049578841157,0.07552711505602941
D3,SYN016,PAIRED_NULL,AB,B,103,89,0.06184842938637392,0.9244765137047004,0.09665200653821758,3.057192590581151,3.834140599572825,3.205483609831353,3.208878390682101,0.08092107626128264,0.07773609917563379
D0,SYN017,PAIRED_NULL,AB,B,168,168,0.0,1.0,0.11926516436811764,2.3509648807189505,1.6292855029690196,4.143431467017391,4.081994794162589,0.024780601207551076,0.024771967250017603
D1,SYN017,PAIRED_NULL,AB,B,168,168,0.0,1.0,0.11926516436811764,2.3509648807189505,1.6292855029690196,4.143431467017391,4.081994794162589,0.024780601207551076,0.024771967250017603
D2,SYN017,PAIRED_NULL,AB,B,168,168,0.0,1.0,0.11926516436811764,2.3509648807189505,1.6292855029690196,4.143431467017391,4.081994794162589,0.024780601207551076,0.024771967250017603
D3,SYN017,PAIRED_NULL,AB,B,168,168,0.0,1.0,0.11926516436811764,2.3509648807189505,1.6292855029690196,4.143431467017391,4.081994794162589,0.024780601207551076,0.024771967250017603
D0,SYN018,PAIRED_NULL,AB,B,66,66,0.0,1.0,0.0785722023356693,1.7523712656794637,0.26368919090995957,3.032102492797904,2.993577437144805,0.07712691256957195,0.08097837697845728
D1,SYN018,PAIRED_NULL,AB,B,66,66,0.0,1.0,0.0785722023356693,1.7523712656794637,0.26368919090995957,3.032102492797904,2.993577437144805,0.07712691256957195,0.08097837697845728
D2,SYN018,PAIRED_NULL,AB,B,66,66,0.0,1.0,0.0785722023356693,1.7523712656794637,0.26368919090995957,3.032102492797904,2.993577437144805,0.07712691256957195,0.08097837697845728
D3,SYN018,PAIRED_NULL,AB,B,66,64,0.0,0.9923537714752473,0.07776337764269405,1.5776189429520355,0.20634179494078336,3.0060431525768028,2.9666166068495246,0.07828197459900867,0.08217234143681124
D0,SYN019,PAIRED_NULL,AB,B,76,76,0.009524508385849185,1.0,0.11042768425784287,4.461151514754192,5.721115248156502,3.42535682873782,3.3451287523659845,0.046124115958640216,0.04847566516982091
D1,SYN019,PAIRED_NULL,AB,B,76,76,0.009524508385849185,1.0,0.08593597001264693,3.2278232565349865,2.9912738655467526,3.42535682873782,3.376756035252765,0.046124115958640216,0.047576994106897315
D2,SYN019,PAIRED_NULL,AB,B,76,73,0.009524508385849185,0.9904754916141508,0.08634939932586419,2.8313360144899895,3.0667650247322795,3.3946670568434865,3.3451287523659845,0.046976226733917555,0.04847566516982091
D3,SYN019,PAIRED_NULL,AB,B,76,69,0.009524508385849185,0.9197319989462344,0.08595619758472345,2.5051563891111304,2.4331222608513596,3.350836283685155,3.3121401664926946,0.04954241363861887,0.05051157918881698
D0,SYN020,PAIRED_NULL,AB,B,105,105,0.13217331444359376,0.9999999999999999,0.27925965568182287,15.24884019528092,21.555256721189267,3.188963444901398,3.007465787477158,0.07135501001820899,0.08593289165639513
D1,SYN020,PAIRED_NULL,AB,B,105,105,0.13217331444359376,0.9999999999999999,0.0946572229431293,4.293517887293587,5.0259935219746055,3.188963444901398,3.135691234428318,0.07135501001820899,0.07417220988844664
D2,SYN020,PAIRED_NULL,AB,B,105,94,0.13217331444359376,0.8678266855564061,0.10129262750283412,3.991993560639849,5.074017443152346,3.069344468589386,3.0074657874771575,0.08226138918102886,0.08593289165639513
D3,SYN020,PAIRED_NULL,AB,B,105,75,0.13217331444359376,0.5681626750696069,0.11523378651505335,8.243987131029355,12.451272943765298,2.672481231784033,2.5797557460061755,0.1339337815344069,0.13897131071066648
D0,SYN021,PAIRED_NULL,AB,B,161,161,0.0,1.0,0.1268268904451283,2.5498633784398437,1.5503597799276965,4.3702009011489364,4.318802580189798,0.01746934765962922,0.018148949013372346
D1,SYN021,PAIRED_NULL,AB,B,161,161,0.0,1.0,0.1268268904451283,2.5498633784398437,1.5503597799276965,4.3702009011489364,4.318802580189798,0.01746934765962922,0.018148949013372346
D2,SYN021,PAIRED_NULL,AB,B,161,161,0.0,1.0,0.1268268904451283,2.5498633784398437,1.5503597799276965,4.3702009011489364,4.318802580189798,0.01746934765962922,0.018148949013372346
D3,SYN021,PAIRED_NULL,AB,B,161,160,0.0,0.9836324193250947,0.1278861139501459,2.682144776911996,1.7621529422667013,4.357986805636484,4.305832155043212,0.017778674887445316,0.018482514270769725
D0,SYN022,PAIRED_NULL,AB,B,168,168,0.032553745592915,1.0,0.19116470780947692,8.17194252397149,9.448546727873707,4.431819532106332,4.37464399343808,0.016573544167291687,0.017496721920798264
D1,SYN022,PAIRED_NULL,AB,B,168,168,0.032553745592915,1.0,0.14073736277065324,5.156383489561957,6.466492732764072,4.431819532106332,4.397455156133521,0.016573544167291687,0.01693750637102232
D2,SYN022,PAIRED_NULL,AB,B,168,166,0.032553745592915,0.967446254407085,0.14306753669121797,5.364479795233214,6.64431668436653,4.410300776368095,4.374643993438081,0.0171076660157522,0.017496721920798264
D3,SYN022,PAIRED_NULL,AB,B,168,164,0.032553745592915,0.9353177268128372,0.14439325169713443,5.239886108649816,6.878053952323892,4.387751801309843,4.349225968236889,0.01769612605810343,0.018089474692686187
D0,SYN023,PAIRED_NULL,AB,B,170,170,0.0,1.0,0.13456771675473803,3.634814987594702,2.9549007852473967,4.038687170326243,3.971098764346384,0.029314883588095975,0.030232569994538883
D1,SYN023,PAIRED_NULL,AB,B,170,170,0.0,1.0,0.13456771675473803,3.634814987594702,2.9549007852473967,4.038687170326243,3.971098764346384,0.029314883588095975,0.030232569994538883
D2,SYN023,PAIRED_NULL,AB,B,170,170,0.0,1.0,0.13456771675473803,3.634814987594702,2.9549007852473967,4.038687170326243,3.971098764346384,0.029314883588095975,0.030232569994538883
D3,SYN023,PAIRED_NULL,AB,B,170,166,0.0,0.9893026789240247,0.133795414856231,3.3755069016171877,2.8915749028211857,4.019563767507341,3.953118840415642,0.029848882227861098,0.030860625165937516
D0,SYN024,PAIRED_NULL,AB,B,75,75,0.0,0.9999999999999999,0.08098411791256742,4.330790632459498,5.61705616299156,3.1274565354957815,3.0678179367590306,0.06472058258089491,0.06809695844935673
D1,SYN024,PAIRED_NULL,AB,B,75,75,0.0,0.9999999999999999,0.08098411791256742,4.330790632459498,5.61705616299156,3.1274565354957815,3.0678179367590306,0.06472058258089491,0.06809695844935673
D2,SYN024,PAIRED_NULL,AB,B,75,75,0.0,0.9999999999999999,0.08098411791256742,4.330790632459498,5.61705616299156,3.1274565354957815,3.0678179367590306,0.06472058258089491,0.06809695844935673
D3,SYN024,PAIRED_NULL,AB,B,75,74,0.0,0.971645877973314,0.0812321047499518,3.434647018685277,5.626335559504728,3.085983343073449,3.021944551493204,0.0677014263704579,0.07179265776533662
D0,SYN025,PAIRED_NULL,AB,B,133,133,0.022171432483732018,0.9999999999999998,0.17568165330879967,4.567604631452742,5.007714372531935,3.8141924249742383,3.7766365187630857,0.03445635113567502,0.03396011582540643
D1,SYN025,PAIRED_NULL,AB,B,133,133,0.022171432483732018,0.9999999999999998,0.13961616356660075,5.759828126784808,8.158926606998227,3.8141924249742383,3.7992540785073707,0.03445635113567502,0.032936657124582366
D2,SYN025,PAIRED_NULL,AB,B,133,132,0.022171432483732018,0.9778285675162679,0.1412036146458366,4.971758310296643,7.773473059087198,3.791890364760429,3.7766365187630866,0.03552248562657592,0.03396011582540643
D3,SYN025,PAIRED_NULL,AB,B,133,121,0.022171432483732018,0.8849247799157669,0.14236642705531535,5.068885568330989,7.163871673183058,3.6537874831864596,3.644865187646683,0.04126733925097554,0.03945220282824496
D0,SYN026,PAIRED_NULL,AB,B,133,133,0.0131163005742578,0.9999999999999999,0.13707435270693769,2.907368576430921,3.6967786831415315,3.3983991297583,3.2864359807847476,0.06839807500262732,0.07488980121852624
D1,SYN026,PAIRED_NULL,AB,B,133,133,0.0131163005742578,0.9999999999999999,0.1101301411316716,1.9129557729231041,2.1862895538127605,3.3983991297583,3.331412541674875,0.06839807500262732,0.07292240060963419
D2,SYN026,PAIRED_NULL,AB,B,133,127,0.0131163005742578,0.9868836994257421,0.11086230055092035,1.9935975797552692,2.269682589368564,3.3555535082023527,3.2864359807847476,0.0701688545665638,0.07488980121852624
D3,SYN026,PAIRED_NULL,AB,B,133,121,0.0131163005742578,0.9712870914308296,0.1077212486446365,2.167863849155038,2.0802758955098875,3.3099893868509107,3.2449040325282628,0.07231194145437538,0.07675693394808095
D0,SYN027,PAIRED_NULL,AB,B,147,147,0.0,0.9999999999999999,0.1276802794728331,3.1426697186238575,2.5950167604322503,4.1267731576090325,4.06820389976691,0.022206333107750394,0.023118461325944244
D1,SYN027,PAIRED_NULL,AB,B,147,147,0.0,0.9999999999999999,0.1276802794728331,3.1426697186238575,2.5950167604322503,4.1267731576090325,4.06820389976691,0.022206333107750394,0.023118461325944244
D2,SYN027,PAIRED_NULL,AB,B,147,147,0.0,0.9999999999999999,0.1276802794728331,3.1426697186238566,2.5950167604322294,4.126773157609033,4.06820389976691,0.0222063331077504,0.023118461325944244
D3,SYN027,PAIRED_NULL,AB,B,147,147,0.0,0.9999999999999999,0.1276802794728331,3.1426697186238566,2.5950167604322294,4.126773157609033,4.06820389976691,0.0222063331077504,0.023118461325944244
D0,SYN028,PAIRED_NULL,AB,B,175,175,0.0012498133470939341,1.0,0.1286750507270892,6.478877551938934,8.677782466748232,4.265301771945297,4.174356078483139,0.0205821863373335,0.0221708376198402
D1,SYN028,PAIRED_NULL,AB,B,175,175,0.0012498133470939341,1.0,0.1261852161728744,6.319238037994971,8.368933440630075,4.265301771945297,4.179350725330908,0.0205821863373335,0.02211826685761575
D2,SYN028,PAIRED_NULL,AB,B,175,172,0.0012498133470939341,0.9987501866529062,0.1262621562038022,6.266532624971033,8.368890130678016,4.260286153966875,4.174356078483139,0.020632671110344187,0.0221708376198402
D3,SYN028,PAIRED_NULL,AB,B,175,168,0.0012498133470939341,0.9895865507152232,0.12436054369449863,6.058412110349632,8.342288415277958,4.2349556394127505,4.15261249168417,0.020991759553038405,0.022505882432881263
D0,SYN029,PAIRED_NULL,AB,B,136,136,0.08650015715821542,1.0,0.24778401413053736,12.117162496454684,14.721812701672215,3.620097477370115,3.5079782748861876,0.04325586498044133,0.048414327815002496
D1,SYN029,PAIRED_NULL,AB,B,136,136,0.08650015715821542,1.0,0.12805472104807214,3.277786996278122,1.652749732057529,3.620097477370115,3.5720529641787704,0.04325586498044133,0.04445556656349887
D2,SYN029,PAIRED_NULL,AB,B,136,131,0.08650015715821542,0.9134998428417846,0.1340270727544316,3.9275151761596847,1.9099424658968047,3.5599266694533895,3.5079782748861876,0.046990662318647285,0.048414327815002496
D3,SYN029,PAIRED_NULL,AB,B,136,121,0.08650015715821542,0.893346321430108,0.1327803412668088,4.2413555930224405,2.5212817137401506,3.515271416865268,3.471956256962557,0.04878053059134603,0.049877004348075515
D0,SYN030,PAIRED_NULL,AB,B,88,88,0.0,1.0,0.09575297826788183,2.583655964859586,2.960423383217637,3.5410546508154095,3.52784506269061,0.040030716828477385,0.03955707904107919
D1,SYN030,PAIRED_NULL,AB,B,88,88,0.0,1.0,0.09575297826788183,2.583655964859586,2.960423383217637,3.5410546508154095,3.52784506269061,0.040030716828477385,0.03955707904107919
D2,SYN030,PAIRED_NULL,AB,B,88,88,0.0,1.0,0.09575297826788183,2.5836559648595814,2.96042338321795,3.5410546508154095,3.52784506269061,0.04003071682847737,0.03955707904107919
D3,SYN030,PAIRED_NULL,AB,B,88,88,0.0,1.0,0.09575297826788183,2.5836559648595814,2.96042338321795,3.5410546508154095,3.52784506269061,0.04003071682847737,0.03955707904107919
D0,SYN031,PAIRED_NULL,AB,B,87,87,0.00029464941139841085,1.0,0.10385246188660015,1.975127962692237,0.08372923926855787,3.2368497858329905,3.201711464562165,0.0628799026518935,0.06438015302421017
D1,SYN031,PAIRED_NULL,AB,B,87,87,0.00029464941139841085,1.0,0.10313300620698573,1.9947757603011227,0.2303081660322112,3.2368497858329905,3.2035024663374334,0.0628799026518935,0.0643411493442068
D2,SYN031,PAIRED_NULL,AB,B,87,86,0.00029464941139841085,0.9997053505886017,0.10314827127351997,1.987843957757924,0.22591527936452763,3.235112985479091,3.201711464562165,0.06291688721885431,0.06438015302421017
D3,SYN031,PAIRED_NULL,AB,B,87,86,0.00029464941139841085,0.9997053505886017,0.10314827127351997,1.987843957757924,0.22591527936452763,3.235112985479091,3.201711464562165,0.06291688721885431,0.06438015302421017
D0,SYN032,PAIRED_NULL,AB,B,169,169,0.04956147515043944,0.9999999999999999,0.20824186368537398,3.5240318498306276,1.7374870842575834,4.086108800752694,3.983411869272513,0.026087011107244058,0.02867654736873919
D1,SYN032,PAIRED_NULL,AB,B,169,169,0.04956147515043944,0.9999999999999999,0.13344446350707756,6.3578562290534135,8.611237852765658,4.086108800752694,3.9828223786149333,0.026087011107244058,0.02837770116019961
D2,SYN032,PAIRED_NULL,AB,B,169,168,0.04956147515043944,0.9504385248495605,0.1368916206731832,6.831653593863595,9.001585092830995,4.091676310750421,3.983411869272513,0.026159413083091956,0.02867654736873919
D3,SYN032,PAIRED_NULL,AB,B,169,165,0.04956147515043944,0.8644294354380546,0.1428618465951997,6.152289240061457,7.218609381269477,4.121438730727381,4.015977007252456,0.02401858812554965,0.025920163923477534
D0,SYN033,PAIRED_NULL,AB,B,148,148,0.0,1.0,0.12969786004949294,4.537890390251707,6.096816739581636,4.387215334968985,4.3583962402610075,0.015946368572872273,0.016557769263304475
D1,SYN033,PAIRED_NULL,AB,B,148,148,0.0,1.0,0.12969786004949294,4.537890390251707,6.096816739581636,4.387215334968985,4.3583962402610075,0.015946368572872273,0.016557769263304475
D2,SYN033,PAIRED_NULL,AB,B,148,148,0.0,1.0,0.12969786004949294,4.5378903902517065,6.096816739581506,4.387215334968985,4.3583962402610075,0.015946368572872266,0.016557769263304475
D3,SYN033,PAIRED_NULL,AB,B,148,147,0.0,0.9738587142297184,0.1314396657551276,4.66377096653649,6.064188562769955,4.38066999247679,4.352069882258278,0.016093408848970772,0.016709829813596158
D0,SYN034,PAIRED_NULL,AB,B,118,118,0.011677670042815402,1.0,0.11506944204694544,3.9050977868041117,2.0095099616042837,3.813061549760753,3.7819874258852946,0.03258388226278647,0.03239348364680154
D1,SYN034,PAIRED_NULL,AB,B,118,118,0.011677670042815402,1.0,0.08569877861888485,3.430537248376992,1.7765945734969881,3.813061549760753,3.801170236333874,0.03258388226278647,0.03179165242513001
D2,SYN034,PAIRED_NULL,AB,B,118,117,0.011677670042815402,0.9883223299571845,0.08618872518356661,3.1488382090692624,1.7913633737418453,3.7937884113740425,3.7819874258852946,0.03321882116730189,0.03239348364680154
D3,SYN034,PAIRED_NULL,AB,B,118,116,0.011677670042815402,0.9674162402125462,0.08705368098249218,3.666218773201829,1.9931221274730535,3.7710646457189787,3.7591146129906035,0.034203065173734115,0.033315900204114346
D0,SYN035,PAIRED_NULL,AB,B,136,136,0.043729014483620654,1.0,0.1855578605888775,12.022820285316222,18.587182463442687,3.8678755717325233,3.75113261522383,0.03257655543782022,0.03528191446939514
D1,SYN035,PAIRED_NULL,AB,B,136,136,0.043729014483620654,1.0,0.10976782535561587,2.4484453690340002,3.2331740429723133,3.8678755717325233,3.828515872640142,0.03257655543782022,0.03280403615028803
D2,SYN035,PAIRED_NULL,AB,B,136,128,0.043729014483620654,0.9562709855163793,0.1122560197449593,3.003681213422696,3.4684252144715035,3.792485944025028,3.7511326152238293,0.03502159593098658,0.03528191446939514
D3,SYN035,PAIRED_NULL,AB,B,136,115,0.043729014483620654,0.8779313953399458,0.11245014456693438,3.193398641087787,3.2330653128802185,3.7126460891169533,3.682788331731312,0.0379836324348605,0.037867360196315786
D0,SYN036,PAIRED_NULL,AB,B,129,129,0.06466768562501637,1.0,0.21664221976335477,7.033485664557656,6.770302979668415,3.744717520712947,3.558923839355762,0.04142163180455591,0.051341936400310526
D1,SYN036,PAIRED_NULL,AB,B,129,129,0.06466768562501637,1.0,0.11659418860949945,3.58613690424034,4.644973161097165,3.744717520712947,3.6543614231021233,0.04142163180455591,0.04625050045454614
D2,SYN036,PAIRED_NULL,AB,B,129,122,0.06466768562501637,0.9353323143749837,0.12057181602300095,4.11227403056887,4.93189491897081,3.655770583812139,3.558923839355761,0.045790049511139824,0.051341936400310526
D3,SYN036,PAIRED_NULL,AB,B,129,114,0.06466768562501637,0.8394729866018327,0.11966504929884621,5.788668573016787,3.9497925072140547,3.5474537845965326,3.4626006733800008,0.05295875969503855,0.05898039616902177
D0,SYN037,PAIRED_NULL,AB,B,63,63,0.0,0.9999999999999999,0.08493744986924379,4.564359925057356,6.430403497382281,3.18244360993011,3.1762415978443386,0.06517502563505818,0.06366705348260847
D1,SYN037,PAIRED_NULL,AB,B,63,63,0.0,0.9999999999999999,0.08493744986924379,4.564359925057356,6.430403497382281,3.18244360993011,3.1762415978443386,0.06517502563505818,0.06366705348260847
D2,SYN037,PAIRED_NULL,AB,B,63,63,0.0,0.9999999999999999,0.08493744986924377,4.5643599250573565,6.430403497381776,3.18244360993011,3.1762415978443386,0.0651750256350582,0.06366705348260847
D3,SYN037,PAIRED_NULL,AB,B,63,62,0.0,0.9738313881402723,0.0860260428152654,4.737796446456383,6.691466226916306,3.1435452936434,3.1363917962169263,0.0680027357654704,0.06654853224541998
D0,SYN038,PAIRED_NULL,AB,B,93,93,0.0,0.9999999999999999,0.10102009717097854,5.2048821245814985,6.664506526481807,3.4763227392505303,3.461797799260248,0.047411663846633215,0.051162230953537315
D1,SYN038,PAIRED_NULL,AB,B,93,93,0.0,0.9999999999999999,0.10102009717097854,5.2048821245814985,6.664506526481807,3.4763227392505303,3.461797799260248,0.047411663846633215,0.051162230953537315
D2,SYN038,PAIRED_NULL,AB,B,93,93,0.0,0.9999999999999999,0.10102009717097854,5.2048821245814985,6.664506526482165,3.4763227392505307,3.461797799260248,0.047411663846633235,0.051162230953537315
D3,SYN038,PAIRED_NULL,AB,B,93,93,0.0,0.9999999999999999,0.10102009717097854,5.2048821245814985,6.664506526482165,3.4763227392505307,3.461797799260248,0.047411663846633235,0.051162230953537315
D0,SYN039,PAIRED_NULL,AB,B,134,134,0.003752471307910902,1.0,0.1242025081254514,3.6884751486981013,3.8724942227826613,3.9361402399626026,3.86883655006775,0.031703150471515305,0.0331154681403514
D1,SYN039,PAIRED_NULL,AB,B,134,134,0.003752471307910902,1.0,0.116289745969422,3.9053094093803415,4.419360088909709,3.9361402399626026,3.8846495820397764,0.031703150471515305,0.03287417592451667
D2,SYN039,PAIRED_NULL,AB,B,134,129,0.003752471307910902,0.9962475286920889,0.11650646089725256,3.8507249816000155,4.446029750199611,3.920337742734281,3.86883655006775,0.03193922662827257,0.0331154681403514
D3,SYN039,PAIRED_NULL,AB,B,134,116,0.003752471307910902,0.9392877638069386,0.11207704496218987,4.023649836410221,5.642901124344491,3.8213805497120585,3.7600521763085215,0.035077936437503725,0.03644659610942208
D0,SYN040,PAIRED_NULL,AB,B,91,91,0.001626615345720174,0.9999999999999999,0.11564434395774954,3.2439016883191596,3.389663941960047,3.6169705526218396,3.5885648154843213,0.04091441299539979,0.04212670958486979
D1,SYN040,PAIRED_NULL,AB,B,91,91,0.001626615345720174,0.9999999999999999,0.11202717355148153,3.0649284731846556,2.8795228642128228,3.6169705526218396,3.5946944917213863,0.04091441299539979,0.04199535954607428
D2,SYN040,PAIRED_NULL,AB,B,91,90,0.001626615345720174,0.9983733846542797,0.11211691761782418,3.1006815707846322,2.8725364068178245,3.610773690698638,3.5885648154843217,0.041045187982659326,0.04212670958486979
D3,SYN040,PAIRED_NULL,AB,B,91,87,0.001626615345720174,0.9967682970191365,0.1109109092887033,3.2259851496674457,3.046378597250071,3.602937127956476,3.5798015530599114,0.041176522023798394,0.0423033643798796
D0,SYN041,PAIRED_NULL,AB,B,62,62,0.0,0.9999999999999999,0.07669875824978621,2.215116130044337,1.3972459220713098,3.0130496370362434,2.9787098192321437,0.081751066648239,0.0826288401834013
D1,SYN041,PAIRED_NULL,AB,B,62,62,0.0,0.9999999999999999,0.07669875824978621,2.215116130044337,1.3972459220713098,3.0130496370362434,2.9787098192321437,0.081751066648239,0.0826288401834013
D2,SYN041,PAIRED_NULL,AB,B,62,62,0.0,0.9999999999999999,0.0766987582497862,2.2151161300443376,1.3972459220715803,3.013049637036244,2.9787098192321437,0.08175106664823903,0.0826288401834013
D3,SYN041,PAIRED_NULL,AB,B,62,60,0.0,0.9549337727655601,0.07695393661261732,2.557383000644515,2.1809680077023437,2.9602617264474094,2.9266987427120137,0.08746513719803022,0.08852892955449343
D0,SYN042,PAIRED_NULL,AB,B,126,126,0.0038263853080060346,1.0000000000000002,0.11997068556881874,3.07425513936001,1.3019845108701997,3.859463207866643,3.8128297147273713,0.033837080142388,0.03476553051196807
D1,SYN042,PAIRED_NULL,AB,B,126,126,0.0038263853080060346,1.0000000000000002,0.11159850417761716,3.6146939463570487,2.563509279762436,3.859463207866643,3.8233113453150707,0.033837080142388,0.0345162142273274
D2,SYN042,PAIRED_NULL,AB,B,126,125,0.0038263853080060346,0.9961736146919942,0.11181180845124492,3.564974108930357,2.582846393040791,3.8490751690593297,3.8128297147273713,0.03408276750609417,0.03476553051196807
D3,SYN042,PAIRED_NULL,AB,B,126,121,0.0038263853080060346,0.910308616946579,0.1168735420875377,3.5253999597616583,3.510221076259961,3.8565797086851976,3.821385919374265,0.033471385977793276,0.03385557852355029
D0,SYN043,PAIRED_NULL,AB,B,110,110,0.0,0.9999999999999999,0.11029375227374906,5.581235843747167,7.493870563176647,3.7417964003113138,3.6737314652047464,0.03381146517357522,0.03571005637893752
D1,SYN043,PAIRED_NULL,AB,B,110,110,0.0,0.9999999999999999,0.11029375227374906,5.581235843747167,7.493870563176647,3.7417964003113138,3.6737314652047464,0.03381146517357522,0.03571005637893752
D2,SYN043,PAIRED_NULL,AB,B,110,110,0.0,0.9999999999999999,0.11029375227374906,5.581235843747167,7.493870563176647,3.7417964003113138,3.6737314652047464,0.03381146517357522,0.03571005637893752
D3,SYN043,PAIRED_NULL,AB,B,110,110,0.0,0.9999999999999999,0.11029375227374906,5.581235843747167,7.493870563176647,3.7417964003113138,3.6737314652047464,0.03381146517357522,0.03571005637893752
D0,SYN044,PAIRED_NULL,AB,B,119,119,0.0,0.9999999999999999,0.11994622263911199,2.9377436308025713,2.9134018753220094,3.900962335963447,3.8814750161839116,0.028961603400408296,0.02890429623928889
D1,SYN044,PAIRED_NULL,AB,B,119,119,0.0,0.9999999999999999,0.11994622263911199,2.9377436308025713,2.9134018753220094,3.900962335963447,3.8814750161839116,0.028961603400408296,0.02890429623928889
D2,SYN044,PAIRED_NULL,AB,B,119,119,0.0,0.9999999999999999,0.11994622263911199,2.9377436308025713,2.9134018753220094,3.900962335963447,3.8814750161839116,0.028961603400408296,0.02890429623928889
D3,SYN044,PAIRED_NULL,AB,B,119,117,0.0,0.9945225291744915,0.11795661882323481,3.0283990551387303,2.7388005361271146,3.8855351845957324,3.870060984141323,0.029260802411296305,0.029146509344390666
D0,SYN045,PAIRED_NULL,AB,B,79,79,0.0002621010105253318,1.0,0.09786055708100398,2.177947016979938,1.234695913241755,3.441312582679217,3.3841192919826972,0.04384374380233816,0.0449828765097584
D1,SYN045,PAIRED_NULL,AB,B,79,79,0.0002621010105253318,1.0,0.09718221815662671,2.1581939406187467,1.0815494654709557,3.441312582679217,3.385693989824949,0.04384374380233816,0.04495866503275563
D2,SYN045,PAIRED_NULL,AB,B,79,78,0.0002621010105253318,0.9997378989894745,0.09719499800199442,2.157099993208915,1.0862810849566693,3.4397905990853967,3.3841192919826972,0.04386666708743667,0.0449828765097584
D3,SYN045,PAIRED_NULL,AB,B,79,75,0.0002621010105253318,0.9547902660578449,0.09716537614724037,2.701050853838064,2.055065536174514,3.395071714527833,3.333993068940082,0.046210025408605776,0.04765108715643894
D0,SYN046,PAIRED_NULL,AB,B,101,101,0.0001675626245113037,1.0,0.1283588595839612,2.9760157467665445,1.7110972525614905,3.1637938362562084,3.0747032059248838,0.08259312884128052,0.08702972249486254
D1,SYN046,PAIRED_NULL,AB,B,101,101,0.0001675626245113037,1.0,0.12802670703474542,2.9612282658652687,1.6512440540218307,3.1637938362562084,3.0758129727242407,0.08259312884128052,0.08700056835143434
D2,SYN046,PAIRED_NULL,AB,B,101,100,0.0001675626245113037,0.9998324373754888,0.12803743806067575,2.9543256054587665,1.65155887911443,3.162699422725489,3.0747032059248838,0.08262078675602039,0.08702972249486254
D3,SYN046,PAIRED_NULL,AB,B,101,97,0.0001675626245113037,0.9965599572875113,0.1278409617974026,3.144287840600976,1.7570874309476407,3.1491101686830842,3.0620274962090894,0.08315694910602474,0.08753081731618433
D0,SYN047,PAIRED_NULL,AB,B,156,156,0.0,1.0,0.11966758670481907,5.245463739809557,6.087384430043499,4.035092738771586,4.051536337924873,0.030391360205441063,0.027139275565401057
D1,SYN047,PAIRED_NULL,AB,B,156,156,0.0,1.0,0.11966758670481907,5.245463739809557,6.087384430043499,4.035092738771586,4.051536337924873,0.030391360205441063,0.027139275565401057
D2,SYN047,PAIRED_NULL,AB,B,156,156,0.0,1.0,0.11966758670481907,5.245463739809557,6.087384430043499,4.035092738771586,4.051536337924873,0.030391360205441063,0.027139275565401057
D3,SYN047,PAIRED_NULL,AB,B,156,151,0.0,0.9980427203090448,0.11922493380121874,5.129792590895436,6.18437213612667,4.026729705251973,4.044258493303136,0.030509051684665996,0.027239952360665027
D0,SYN048,PAIRED_NULL,AB,B,130,130,0.015418216092368677,1.0,0.13181490084888706,7.336860316598126,12.854126000088973,3.59912898612281,3.5223850333911355,0.04657954648680845,0.0454910416112683
D1,SYN048,PAIRED_NULL,AB,B,130,130,0.015418216092368677,1.0,0.0977797095913465,3.637338641315535,4.52541142399112,3.59912898612281,3.5855034349066552,0.04657954648680845,0.04409497734638102
D2,SYN048,PAIRED_NULL,AB,B,130,114,0.015418216092368677,0.9845817839076313,0.0985457741463941,3.3002576259634524,4.788560526977821,3.537388355470803,3.5223850333911355,0.04802020451937207,0.0454910416112683
D3,SYN048,PAIRED_NULL,AB,B,130,105,0.015418216092368677,0.9748651404904847,0.09445941716265494,2.792510694917044,3.7870560069814068,3.499490903585744,3.491261124320276,0.04896031772297519,0.04620425175575096
D0,SYN049,PAIRED_NULL,AB,B,100,100,0.00024242697261766941,1.0,0.0867662040764168,1.3313836660011977,0.944428367542475,3.784757051141047,3.771502912185132,0.03069022567570614,0.03019062059715908
D1,SYN049,PAIRED_NULL,AB,B,100,100,0.00024242697261766941,1.0,0.08605957243728983,1.3470151056560948,0.9716704580578109,3.784757051141047,3.7728728773543447,0.03069022567570614,0.030175730388427906
D2,SYN049,PAIRED_NULL,AB,B,100,99,0.00024242697261766941,0.9997575730273823,0.08607003744878677,1.3223140172770638,0.9712795444836811,3.7834136965900127,3.771502912185132,0.03070505256618282,0.03019062059715908
D3,SYN049,PAIRED_NULL,AB,B,100,99,0.00024242697261766941,0.9997575730273823,0.08607003744878677,1.3223140172770638,0.9712795444836811,3.7834136965900127,3.771502912185132,0.03070505256618282,0.03019062059715908
D0,SYN050,PAIRED_NULL,AB,B,144,144,0.0,1.0,0.1199234105424957,7.317913822860038,9.241483471143939,4.157787079367686,4.104197503004105,0.02258747848369265,0.023350592711214875
D1,SYN050,PAIRED_NULL,AB,B,144,144,0.0,1.0,0.1199234105424957,7.317913822860038,9.241483471143939,4.157787079367686,4.104197503004105,0.02258747848369265,0.023350592711214875
D2,SYN050,PAIRED_NULL,AB,B,144,144,0.0,1.0,0.1199234105424957,7.317913822860038,9.241483471143939,4.157787079367686,4.104197503004105,0.02258747848369265,0.023350592711214875
D3,SYN050,PAIRED_NULL,AB,B,144,144,0.0,1.0,0.1199234105424957,7.317913822860038,9.241483471143939,4.157787079367686,4.104197503004105,0.02258747848369265,0.023350592711214875
D0,SYN051,PAIRED_NULL,AB,B,154,154,0.014074390651363629,0.9999999999999999,0.13360354219752202,4.810488323025292,6.321372856288449,3.8464730112986008,3.756059926130142,0.037077102059586496,0.038454666641045375
D1,SYN051,PAIRED_NULL,AB,B,154,154,0.014074390651363629,0.9999999999999999,0.10350463714718197,3.9825680079267287,4.8025209859887115,3.8464730112986008,3.80351176475482,0.037077102059586496,0.0374294816403614
D2,SYN051,PAIRED_NULL,AB,B,154,144,0.014074390651363629,0.9859256093486364,0.10423291633471397,3.557566920756624,4.959202202665917,3.799100412203248,3.756059926130142,0.03810811946022346,0.038454666641045375
D3,SYN051,PAIRED_NULL,AB,B,154,140,0.014074390651363629,0.98103479803806,0.1018167257717042,3.613234073983139,4.746484490346564,3.780064363922234,3.7367946294603938,0.03848195200186116,0.03887400084664579
D0,SYN052,PAIRED_NULL,AB,B,75,75,0.00574685867501983,1.0000000000000002,0.09927184257463886,1.5718738673771735,1.7938506498832034,3.1022987390113297,3.0499245350132487,0.07567962142747864,0.0785270087251385
D1,SYN052,PAIRED_NULL,AB,B,75,75,0.00574685867501983,1.0000000000000002,0.08340950310704501,1.1836292275745361,1.066373313232962,3.1022987390113297,3.0678613852569088,0.07567962142747864,0.07765418051467127
D2,SYN052,PAIRED_NULL,AB,B,75,74,0.00574685867501983,0.9942531413249803,0.08365085103704514,1.0820025192653588,1.0769687231542129,3.0846468251626664,3.049924535013248,0.07652360847109312,0.0785270087251385
D3,SYN052,PAIRED_NULL,AB,B,75,74,0.00574685867501983,0.9942531413249803,0.08365085103704514,1.0820025192653588,1.0769687231542129,3.0846468251626664,3.049924535013248,0.07652360847109312,0.0785270087251385
D0,SYN053,PAIRED_NULL,AB,B,176,176,0.01218612751204549,1.0,0.1540602079537447,5.25979319306851,6.066621968184576,4.23737504025886,4.215645965546231,0.023911404530410414,0.023981010300352837
D1,SYN053,PAIRED_NULL,AB,B,176,176,0.01218612751204549,1.0,0.1323460140654681,5.6448126852907325,6.5180098925486405,4.23737504025886,4.235924323005765,0.023911404530410414,0.023522037330197382
D2,SYN053,PAIRED_NULL,AB,B,176,170,0.01218612751204549,0.9878138724879547,0.13315846039948304,5.581870220534643,6.60030730097185,4.217088132948379,4.21564596554623,0.024381159371324467,0.023981010300352837
D3,SYN053,PAIRED_NULL,AB,B,176,167,0.01218612751204549,0.9856059033285083,0.1329657182531015,5.440196881613285,6.433605607548729,4.210332857926123,4.20713517502428,0.024485742829024153,0.024135980921357103
D0,SYN054,PAIRED_NULL,AB,B,118,118,0.01268074727495887,0.9999999999999999,0.136570449551056,7.734479265281559,11.004546748410576,3.5401459481719924,3.5648501741529737,0.057952599687499225,0.0519196011137223
D1,SYN054,PAIRED_NULL,AB,B,118,118,0.01268074727495887,0.9999999999999999,0.11050944264403856,7.368735699553311,11.149315765902044,3.5401459481719924,3.59879555033586,0.057952599687499225,0.05063617658555926
D2,SYN054,PAIRED_NULL,AB,B,118,115,0.01268074727495887,0.9873192527250412,0.11121853844948737,7.549721966993319,11.285557543635527,3.5063518532664646,3.5648501741529732,0.05937277731172847,0.0519196011137223
D3,SYN054,PAIRED_NULL,AB,B,118,112,0.01268074727495887,0.9750063224080617,0.11058466031430449,8.517177444397024,11.89932583227316,3.4691538696391975,3.5247256942358742,0.060826191905946674,0.05341525421881888
D0,SYN055,PAIRED_NULL,AB,B,98,98,0.006857541053148689,1.0,0.12608720543807067,7.067669205369518,9.387529099883146,3.4772747660907752,3.4113497424689747,0.053159646970659016,0.05384304902312041
D1,SYN055,PAIRED_NULL,AB,B,98,98,0.006857541053148689,1.0,0.11145140265912595,7.165702005366084,9.179246603660168,3.4772747660907752,3.4287848930894493,0.053159646970659016,0.053164381252473775
D2,SYN055,PAIRED_NULL,AB,B,98,97,0.006857541053148689,0.9931424589468513,0.11183143238114909,8.392494326028004,9.245560246442118,3.460000833585787,3.4113497424689747,0.0538486271657502,0.05384304902312041
D3,SYN055,PAIRED_NULL,AB,B,98,94,0.006857541053148689,0.9792660578874376,0.11150936264422115,6.892676075223503,9.0131985166336,3.4258679064181625,3.3713476932264395,0.05524856103685409,0.05569892982573188
D0,SYN056,PAIRED_NULL,AB,B,159,159,0.024983711404903467,1.0,0.16522640450371234,8.19041118908283,11.787586370879891,3.7297413222411127,3.5786725234326813,0.04109255209624436,0.04456732348746201
D1,SYN056,PAIRED_NULL,AB,B,159,159,0.024983711404903467,1.0,0.12064950485661784,6.07767867186681,8.457497509579271,3.7297413222411127,3.656256764114816,0.04109255209624436,0.04253899567200214
D2,SYN056,PAIRED_NULL,AB,B,159,147,0.024983711404903467,0.9750162885950964,0.12213274695444667,6.043142181726898,8.53682641391119,3.6517989130331365,3.5786725234326813,0.04312911368407967,0.04456732348746201
D3,SYN056,PAIRED_NULL,AB,B,159,124,0.024983711404903467,0.8890131592160753,0.11383952550919213,5.432608283121094,6.807645481835753,3.4997543471670833,3.4437486801710535,0.048788170976779635,0.05001536302834105
D0,SYN057,PAIRED_NULL,AB,B,175,175,0.06315301361353144,1.0,0.22490004921888263,10.379385106551304,14.854709258792642,4.1427975739238985,4.0749157927098345,0.026687171008468943,0.026978414608029546
D1,SYN057,PAIRED_NULL,AB,B,175,175,0.06315301361353144,1.0,0.13379858109178153,2.743384359325696,3.6613639704200565,4.1427975739238985,4.084266767485548,0.026687171008468943,0.02686297289950592
D2,SYN057,PAIRED_NULL,AB,B,175,169,0.06315301361353144,0.9368469863864687,0.13820851177670027,2.710193803346876,3.827338902612602,4.137984329466484,4.0749157927098345,0.026741979738361,0.026978414608029546
D3,SYN057,PAIRED_NULL,AB,B,175,162,0.06315301361353144,0.9031126588255787,0.13783967300707503,2.785832683323472,2.4569733599158257,4.083694165431533,4.026077680893873,0.028299972640961374,0.0283735651840119
D0,SYN058,PAIRED_NULL,AB,B,70,70,0.0,1.0,0.097926158205837,4.189302691350322,5.44873323602722,3.3430047006045602,3.3412370667162805,0.05004874991124171,0.048004677095702095
D1,SYN058,PAIRED_NULL,AB,B,70,70,0.0,1.0,0.097926158205837,4.189302691350322,5.44873323602722,3.3430047006045602,3.3412370667162805,0.05004874991124171,0.048004677095702095
D2,SYN058,PAIRED_NULL,AB,B,70,70,0.0,1.0,0.097926158205837,4.189302691350322,5.44873323602722,3.3430047006045602,3.3412370667162805,0.05004874991124171,0.048004677095702095
D3,SYN058,PAIRED_NULL,AB,B,70,66,0.0,0.8534661269887479,0.10461599625332962,3.3594110158007533,4.146172885042366,3.253959663628481,3.23926391829245,0.05627989528278869,0.05444769330060616
D0,SYN059,PAIRED_NULL,AB,B,143,143,0.04854559158227559,1.0000000000000002,0.18553683128481424,8.122702034201769,5.815112806830558,4.023299039227087,3.9662591349890013,0.029201760960185508,0.029908583844521566
D1,SYN059,PAIRED_NULL,AB,B,143,143,0.04854559158227559,1.0000000000000002,0.0981229358181224,3.9142654895950963,4.5173262619705365,4.023299039227087,4.029447812634711,0.029201760960185508,0.028180068919591312
D2,SYN059,PAIRED_NULL,AB,B,143,129,0.04854559158227559,0.9514544084177247,0.10048531901001878,3.461032645974802,4.731305346466326,3.9591454939782675,3.9662591349890013,0.031066821588035535,0.029908583844521566
D3,SYN059,PAIRED_NULL,AB,B,143,122,0.04854559158227559,0.932083229432068,0.09952854836944645,3.527482016993269,1.6742069653830958,3.9115963831924914,3.9055811042744146,0.03223241062775932,0.03139765928697919
D0,SYN060,PAIRED_NULL,AB,B,140,140,0.0,0.9999999999999999,0.11482170198311693,3.2533012306371107,3.318528172055876,4.108957517494383,4.062317184099775,0.02294717212790367,0.02322021461091158
D1,SYN060,PAIRED_NULL,AB,B,140,140,0.0,0.9999999999999999,0.11482170198311693,3.2533012306371107,3.318528172055876,4.108957517494383,4.062317184099775,0.02294717212790367,0.02322021461091158
D2,SYN060,PAIRED_NULL,AB,B,140,140,0.0,0.9999999999999999,0.11482170198311693,3.2533012306371107,3.318528172055876,4.108957517494383,4.062317184099775,0.02294717212790367,0.02322021461091158
D3,SYN060,PAIRED_NULL,AB,B,140,140,0.0,0.9999999999999999,0.11482170198311693,3.2533012306371107,3.318528172055876,4.108957517494383,4.062317184099775,0.02294717212790367,0.02322021461091158
D0,SYN061,PAIRED_NULL,AB,B,103,103,0.06303490633137311,1.0,0.20405939217228006,9.315112339471055,12.4198983396056,3.852382076393217,3.822406416249876,0.030101067781363226,0.02987094597403362
D1,SYN061,PAIRED_NULL,AB,B,103,103,0.06303490633137311,1.0,0.09644588473199929,3.072384852848981,0.6124122246026379,3.852382076393217,3.8166546534559305,0.030101067781363226,0.030199987810209453
D2,SYN061,PAIRED_NULL,AB,B,103,102,0.06303490633137311,0.9369650936686269,0.09963834555313293,3.0474732781475242,0.6519432155005787,3.8604899201214353,3.822406416249876,0.029761432530171068,0.02987094597403362
D3,SYN061,PAIRED_NULL,AB,B,103,100,0.06303490633137311,0.9035648276229361,0.09974181005098635,2.879563671246658,0.7215674093402948,3.818034936880944,3.780509355415922,0.031318907848073646,0.031292440799183585
D0,SYN062,PAIRED_NULL,AB,B,134,134,0.0,1.0,0.11820972854292491,3.1310135547068674,3.6587068616258267,4.0694882606557945,4.0307191180719375,0.024789754107058193,0.0249253957015945
D1,SYN062,PAIRED_NULL,AB,B,134,134,0.0,1.0,0.11820972854292491,3.1310135547068674,3.6587068616258267,4.0694882606557945,4.0307191180719375,0.024789754107058193,0.0249253957015945
D2,SYN062,PAIRED_NULL,AB,B,134,134,0.0,1.0,0.11820972854292491,3.1310135547068674,3.6587068616258267,4.0694882606557945,4.0307191180719375,0.024789754107058193,0.0249253957015945
D3,SYN062,PAIRED_NULL,AB,B,134,134,0.0,1.0,0.11820972854292491,3.1310135547068674,3.6587068616258267,4.0694882606557945,4.0307191180719375,0.024789754107058193,0.0249253957015945
D0,SYN063,PAIRED_NULL,AB,B,180,180,0.0,1.0,0.12133011351799242,3.441796272107725,1.5562200585638275,4.506924060676264,4.455568902963355,0.014522890483066896,0.015367961119888042
D1,SYN063,PAIRED_NULL,AB,B,180,180,0.0,1.0,0.12133011351799242,3.441796272107725,1.5562200585638275,4.506924060676264,4.455568902963355,0.014522890483066896,0.015367961119888042
D2,SYN063,PAIRED_NULL,AB,B,180,180,0.0,1.0,0.12133011351799242,3.441796272107725,1.5562200585638275,4.506924060676264,4.455568902963355,0.014522890483066896,0.015367961119888042
D3,SYN063,PAIRED_NULL,AB,B,180,180,0.0,1.0,0.12133011351799242,3.441796272107725,1.5562200585638275,4.506924060676264,4.455568902963355,0.014522890483066896,0.015367961119888042
D0,SYN064,PAIRED_NULL,AB,B,139,139,0.0004974489078990584,0.9999999999999998,0.12605036800459188,5.724648227969834,5.84511806304031,3.934944523629799,3.906128246300284,0.03074902231090576,0.03137226622648576
D1,SYN064,PAIRED_NULL,AB,B,139,139,0.0004974489078990584,0.9999999999999998,0.12504423080721727,5.704735134470508,5.789393855870605,3.934944523629799,3.9084613963041104,0.03074902231090576,0.03134138731785963
D2,SYN064,PAIRED_NULL,AB,B,139,138,0.0004974489078990584,0.9995025510921007,0.12507530278975745,5.684755765014514,5.792136485457518,3.9326198707295275,3.906128246300284,0.03077938958643429,0.03137226622648576
D3,SYN064,PAIRED_NULL,AB,B,139,136,0.0004974489078990584,0.9698718454396551,0.12584609115412376,5.772358212156312,5.340499254830586,3.901452477760633,3.871792268627102,0.03201374453023097,0.032603110024601645
D0,SYN065,PAIRED_NULL,AB,B,144,144,0.009637332072229846,1.0000000000000002,0.13889472862505203,3.206998160553448,3.846538223363734,4.238546097711279,4.175691890155211,0.019364676322585973,0.019891281329553714
D1,SYN065,PAIRED_NULL,AB,B,144,144,0.009637332072229846,1.0000000000000002,0.11996290029392513,3.102311490934643,1.230764938382658,4.238546097711279,4.207848875173802,0.019364676322585973,0.019524949867480188
D2,SYN065,PAIRED_NULL,AB,B,144,134,0.009637332072229846,0.9903626679277704,0.12054711125780745,2.851476525865603,1.2186700930019865,4.206858914151205,4.175691890155211,0.01972520542585605,0.019891281329553714
D3,SYN065,PAIRED_NULL,AB,B,144,120,0.009637332072229846,0.9783502702500909,0.11351366680732507,2.6785149049140653,2.275624656708156,4.164497292596372,4.1423472032901705,0.020191960784800816,0.020305243394337206
D0,SYN066,PAIRED_NULL,AB,B,146,146,0.11596578556254936,1.0000000000000002,0.27228426251561266,11.764871773163819,15.442914086999041,3.887477558777777,3.840294525082995,0.03217954499961137,0.0313723229501084
D1,SYN066,PAIRED_NULL,AB,B,146,146,0.11596578556254936,1.0000000000000002,0.1162174469627745,2.500036876400154,1.751061245580252,3.887477558777777,3.8163239232977615,0.03217954499961137,0.03376659200905351
D2,SYN066,PAIRED_NULL,AB,B,146,142,0.11596578556254936,0.8840342144374507,0.12362489136562578,2.618935785149104,1.9185539019182993,3.919887296936232,3.8402945250829954,0.029424238320241658,0.0313723229501084
D3,SYN066,PAIRED_NULL,AB,B,146,138,0.11596578556254936,0.8544575913010464,0.12525235171584456,3.0900542247207596,2.032133271545357,3.883097739078008,3.8020901316736175,0.030757801499698076,0.032887960206119206
D0,SYN067,PAIRED_NULL,AB,B,109,109,0.0,1.0,0.09666359561158609,3.321586578084011,3.7526364505475978,3.7939694140507747,3.7451662880861267,0.03176509634085202,0.0336371677844654
D1,SYN067,PAIRED_NULL,AB,B,109,109,0.0,1.0,0.09666359561158609,3.321586578084011,3.7526364505475978,3.7939694140507747,3.7451662880861267,0.03176509634085202,0.0336371677844654
D2,SYN067,PAIRED_NULL,AB,B,109,109,0.0,1.0,0.09666359561158609,3.321586578084011,3.7526364505475978,3.7939694140507747,3.7451662880861267,0.03176509634085202,0.0336371677844654
D3,SYN067,PAIRED_NULL,AB,B,109,109,0.0,1.0,0.09666359561158609,3.321586578084011,3.7526364505475978,3.7939694140507747,3.7451662880861267,0.03176509634085202,0.0336371677844654
D0,SYN068,PAIRED_NULL,AB,B,69,69,0.057807879261325024,1.0000000000000002,0.1912748778011751,7.1496037713668645,9.09333042144777,3.138764523421765,3.092312808313317,0.05978958560311779,0.06231905570230593
D1,SYN068,PAIRED_NULL,AB,B,69,69,0.057807879261325024,1.0000000000000002,0.08389116763046778,1.7953545832125126,0.08125345093477385,3.138764523421765,3.134256229939573,0.05978958560311779,0.058663279747312225
D2,SYN068,PAIRED_NULL,AB,B,69,68,0.057807879261325024,0.9421921207386751,0.08643523088775401,1.094916440139738,0.020695828243316765,3.0968968325386963,3.092312808313317,0.06358700227641069,0.06231905570230593
D3,SYN068,PAIRED_NULL,AB,B,69,66,0.057807879261325024,0.8398314317536988,0.0915039078275969,2.402800545523761,0.6022313639440062,3.0793046927038654,3.07599500073726,0.06561585623872869,0.0636926379384315
D0,SYN069,PAIRED_NULL,AB,B,76,76,0.0,1.0000000000000002,0.08801929576216215,2.393888297011254,1.298325552834165,3.526874658113845,3.488814836439763,0.04578405906554697,0.046262908502778956
D1,SYN069,PAIRED_NULL,AB,B,76,76,0.0,1.0000000000000002,0.08801929576216215,2.393888297011254,1.298325552834165,3.526874658113845,3.488814836439763,0.04578405906554697,0.046262908502778956
D2,SYN069,PAIRED_NULL,AB,B,76,76,0.0,1.0000000000000002,0.08801929576216215,2.3938882970112556,1.2983255528346311,3.526874658113844,3.488814836439763,0.04578405906554695,0.046262908502778956
D3,SYN069,PAIRED_NULL,AB,B,76,76,0.0,1.0000000000000002,0.08801929576216215,2.3938882970112556,1.2983255528346311,3.526874658113844,3.488814836439763,0.04578405906554695,0.046262908502778956
D0,SYN070,PAIRED_NULL,AB,B,98,98,0.0,0.9999999999999999,0.0996941124251347,3.3984427398768133,4.3267915085182524,3.680561986595712,3.65631138861758,0.03542908710405578,0.03517375742637087
D1,SYN070,PAIRED_NULL,AB,B,98,98,0.0,0.9999999999999999,0.0996941124251347,3.3984427398768133,4.3267915085182524,3.680561986595712,3.65631138861758,0.03542908710405578,0.03517375742637087
D2,SYN070,PAIRED_NULL,AB,B,98,98,0.0,0.9999999999999999,0.0996941124251347,3.3984427398768133,4.3267915085182524,3.680561986595712,3.65631138861758,0.03542908710405578,0.03517375742637087
D3,SYN070,PAIRED_NULL,AB,B,98,98,0.0,0.9999999999999999,0.0996941124251347,3.3984427398768133,4.3267915085182524,3.680561986595712,3.65631138861758,0.03542908710405578,0.03517375742637087
D0,SYN071,PAIRED_NULL,AB,B,93,93,0.062054367037969446,1.0000000000000002,0.20747782862309247,5.351738416338822,4.089253577035757,3.7931900945214827,3.7404971753933554,0.030944160157629328,0.031909587666933276
D1,SYN071,PAIRED_NULL,AB,B,93,93,0.062054367037969446,1.0000000000000002,0.10566843481576348,2.782216481880237,2.658754128620813,3.7931900945214827,3.7417746692047227,0.030944160157629328,0.03187257010897712
D2,SYN071,PAIRED_NULL,AB,B,93,92,0.062054367037969446,0.9379456329620307,0.10907821789076254,3.2740688425490867,2.9121473732361314,3.796176244671682,3.7404971753933554,0.0307970011311124,0.031909587666933276
D3,SYN071,PAIRED_NULL,AB,B,93,89,0.062054367037969446,0.8199785258817477,0.11512230597373614,2.9466360977960613,2.6859425229672,3.8071739046286197,3.7481745489825826,0.030010660080014354,0.031211106264108283
D0,SYN072,PAIRED_NULL,AB,B,87,87,0.00821232438034027,1.0,0.11067248727185552,4.0490539199665285,2.686533131541043,3.165716317092368,3.1185212108717506,0.07651037459354448,0.0782607941630133
D1,SYN072,PAIRED_NULL,AB,B,87,87,0.00821232438034027,1.0,0.09000074148316928,4.192982559961697,4.585815369821281,3.165716317092368,3.147555369129284,0.07651037459354448,0.07698279614748364
D2,SYN072,PAIRED_NULL,AB,B,87,84,0.00821232438034027,0.9917876756196597,0.09037354638251303,4.257462601189324,4.560536055995536,3.1373708521768937,3.1185212108717506,0.07774803307419466,0.0782607941630133
D3,SYN072,PAIRED_NULL,AB,B,87,80,0.00821232438034027,0.9834673285507964,0.09018355749179412,4.853319898341804,5.299159317445935,3.1058959460694675,3.0894742779135305,0.07904145443239502,0.07940423878681867
D0,SYN001,PAIRED_NULL,BA,A,142,142,0.004395251615730557,1.0,0.15424837084546708,3.909290502009492,1.536811927231116,4.074298547053802,4.009127601218085,0.024748533920126933,0.024773854045261896
D1,SYN001,PAIRED_NULL,BA,A,142,142,0.004395251615730557,1.0,0.14678298017729988,4.0893385643429125,1.4305233349114612,4.074298547053802,4.022205211895633,0.024748533920126933,0.024569418605630024
D2,SYN001,PAIRED_NULL,BA,A,142,140,0.004395251615730557,0.9956047483842694,0.14710582335267974,3.9833832174720936,1.4385555450900114,4.061410051009446,4.009127601218085,0.024955462053017612,0.024773854045261896
D3,SYN001,PAIRED_NULL,BA,A,142,137,0.004395251615730557,0.9797665589366864,0.14657721944867674,4.056296617210615,0.9055413680020663,4.0404425072039825,3.983068571224972,0.025532958944756753,0.02550654717174418
D0,SYN002,PAIRED_NULL,BA,A,65,65,0.0,0.9999999999999999,0.0928354879551304,3.1546801988637485,4.170319642853623,3.3345479223491976,3.3585038612306666,0.054854186684438755,0.05137591065821245
D1,SYN002,PAIRED_NULL,BA,A,65,65,0.0,0.9999999999999999,0.0928354879551304,3.1546801988637485,4.170319642853623,3.3345479223491976,3.3585038612306666,0.054854186684438755,0.05137591065821245
D2,SYN002,PAIRED_NULL,BA,A,65,65,0.0,0.9999999999999999,0.0928354879551304,3.1546801988637485,4.170319642853623,3.3345479223491976,3.3585038612306666,0.054854186684438755,0.05137591065821245
D3,SYN002,PAIRED_NULL,BA,A,65,65,0.0,0.9999999999999999,0.0928354879551304,3.1546801988637485,4.170319642853623,3.3345479223491976,3.3585038612306666,0.054854186684438755,0.05137591065821245
D0,SYN003,PAIRED_NULL,BA,A,175,175,0.0325634301066906,1.0000000000000002,0.21668095960030997,9.739922163694187,13.984332042897366,3.9910630047636566,3.827492710317601,0.03223603351469619,0.038180041607301415
D1,SYN003,PAIRED_NULL,BA,A,175,175,0.0325634301066906,1.0000000000000002,0.17339455885360622,5.303837372718968,6.618167834601944,3.9910630047636566,3.8635554402355266,0.03223603351469619,0.03655934502781762
D2,SYN003,PAIRED_NULL,BA,A,175,171,0.0325634301066906,0.9674365698933095,0.17619251556030882,5.21215795515725,6.471115241819196,3.959103205374185,3.8274927103176006,0.03360419537087651,0.038180041607301415
D3,SYN003,PAIRED_NULL,BA,A,175,170,0.0325634301066906,0.9662491113037723,0.17621782847324893,5.2073754037969024,6.323584502276067,3.954503152710883,3.8208628300081866,0.03368533066816692,0.03832449738140672
D0,SYN004,PAIRED_NULL,BA,A,148,148,0.0,0.9999999999999998,0.14524126938607715,5.661574594300294,7.794929725296268,4.1018887306508764,4.056299380131666,0.024482113127460417,0.02509406040491408
D1,SYN004,PAIRED_NULL,BA,A,148,148,0.0,0.9999999999999998,0.14524126938607715,5.661574594300294,7.794929725296268,4.1018887306508764,4.056299380131666,0.024482113127460417,0.02509406040491408
D2,SYN004,PAIRED_NULL,BA,A,148,148,0.0,0.9999999999999998,0.14524126938607718,5.661574594300293,7.794929725296268,4.101888730650877,4.056299380131666,0.024482113127460424,0.02509406040491408
D3,SYN004,PAIRED_NULL,BA,A,148,148,0.0,0.9999999999999998,0.14524126938607718,5.661574594300293,7.794929725296268,4.101888730650877,4.056299380131666,0.024482113127460424,0.02509406040491408
D0,SYN005,PAIRED_NULL,BA,A,140,140,0.05282135553990175,1.0,0.21197690192284105,10.138756296899567,13.9632111925622,4.078070371149677,4.029192794410234,0.025460824207712878,0.024956440839056716
D1,SYN005,PAIRED_NULL,BA,A,140,140,0.05282135553990175,1.0,0.13300930458283045,4.685111069982063,5.94308942473164,4.078070371149677,4.073975431994805,0.025460824207712878,0.02355678506928492
D2,SYN005,PAIRED_NULL,BA,A,140,136,0.05282135553990175,0.9471786444600983,0.13661947130816726,5.0046661017637275,6.196658659492262,4.0337063241863405,4.029192794410234,0.027083064304089195,0.024956440839056716
D3,SYN005,PAIRED_NULL,BA,A,140,134,0.05282135553990175,0.9403308468093226,0.13632053419942064,5.397722682305981,6.912478869680793,4.018837372557395,4.017645180147556,0.02742944203978379,0.025187651190952526
D0,SYN006,PAIRED_NULL,BA,A,66,66,0.0011320741407339688,1.0000000000000002,0.09083054415558874,1.6970350014556617,1.7885311890419586,3.1920759122705515,3.132236753469283,0.060108578177479895,0.06230542182695337
D1,SYN006,PAIRED_NULL,BA,A,66,66,0.0011320741407339688,1.0000000000000002,0.0876339864109323,1.62650033517179,1.4363852761489653,3.1920759122705515,3.1376820901082407,0.060108578177479895,0.0621596494129969
D2,SYN006,PAIRED_NULL,BA,A,66,65,0.0011320741407339688,0.9988679258592661,0.08768319970956619,1.7011190823690336,1.4527111673557025,3.186872599570313,3.132236753469283,0.06024361986627654,0.06230542182695337
D3,SYN006,PAIRED_NULL,BA,A,66,65,0.0011320741407339688,0.9988679258592661,0.08768319970956619,1.7011190823690336,1.4527111673557025,3.186872599570313,3.132236753469283,0.06024361986627654,0.06230542182695337
D0,SYN007,PAIRED_NULL,BA,A,134,134,0.1584798078738694,1.0,0.3237522553717267,15.656327934858068,20.02771348182452,3.2393650073076348,3.226308266041292,0.07966250210209706,0.08134826254437132
D1,SYN007,PAIRED_NULL,BA,A,134,134,0.1584798078738694,1.0,0.14286462412917608,6.4396564102133205,8.242509119278228,3.2393650073076348,3.2388417207551683,0.07966250210209706,0.07712247820482586
D2,SYN007,PAIRED_NULL,BA,A,134,126,0.1584798078738694,0.8415201921261306,0.15542290308376436,7.934070822722214,10.855069023169577,3.232909291130958,3.226308266041292,0.08415711356206998,0.08134826254437132
D3,SYN007,PAIRED_NULL,BA,A,134,122,0.1584798078738694,0.7856321417951102,0.15987678955547807,8.883836861771067,12.35948345213175,3.154061518239624,3.1380340062850656,0.0931981300193403,0.09081458098720331
D0,SYN008,PAIRED_NULL,BA,A,122,122,0.0039157538221955826,1.0000000000000002,0.1343336060820795,6.951768681791747,5.897415678717649,4.100200361338931,4.056523665600755,0.02196621552714495,0.021824864583011666
D1,SYN008,PAIRED_NULL,BA,A,122,122,0.0039157538221955826,1.0000000000000002,0.12670314016773218,6.594036681141073,5.261648817145681,4.100200361338931,4.066421829108798,0.02196621552714495,0.021665485492216082
D2,SYN008,PAIRED_NULL,BA,A,122,121,0.0039157538221955826,0.9960842461778046,0.12695395647341165,6.711415946301152,5.300545465441309,4.0906060560072275,4.056523665600754,0.022123805927243095,0.021824864583011666
D3,SYN008,PAIRED_NULL,BA,A,122,121,0.0039157538221955826,0.9960842461778046,0.12695395647341165,6.711415946301152,5.300545465441309,4.0906060560072275,4.056523665600754,0.022123805927243095,0.021824864583011666
D0,SYN009,PAIRED_NULL,BA,A,84,84,0.068063848152322,1.0,0.21302016088712025,7.855402189836876,5.939583553284022,3.0144266293007425,2.8539107219456907,0.10744588475964005,0.11946889312669766
D1,SYN009,PAIRED_NULL,BA,A,84,84,0.068063848152322,1.0,0.10183326809410315,6.46500127665568,9.840384894000923,3.0144266293007425,3.0131030925996862,0.10744588475964005,0.10468953322793617
D2,SYN009,PAIRED_NULL,BA,A,84,74,0.068063848152322,0.9319361518476779,0.10550588823963769,6.359658493943512,10.436530781892849,2.857639316109771,2.853910721945691,0.12227765312323596,0.11946889312669766
D3,SYN009,PAIRED_NULL,BA,A,84,70,0.068063848152322,0.6785370013999851,0.12348728935162864,10.290985816803994,14.928616180497364,2.951032076945521,2.9533027959826024,0.12081928188371911,0.11400302177478999
D0,SYN010,PAIRED_NULL,BA,A,104,104,0.0015290676852761581,1.0,0.09797477084929884,3.078060101045805,3.4866006615893026,3.5565944522872517,3.4933795014858737,0.04415089328568365,0.046335718962011156
D1,SYN010,PAIRED_NULL,BA,A,104,104,0.0015290676852761581,1.0,0.0939562519236444,2.8221077956772658,2.9569577409429355,3.5565944522872517,3.501324380268403,0.04415089328568365,0.046198416726946356
D2,SYN010,PAIRED_NULL,BA,A,104,100,0.0015290676852761581,0.9984709323147237,0.0940265453129368,2.89954878527361,2.9474563443203876,3.5485631205053325,3.4933795014858737,0.04428555586893981,0.046335718962011156
D3,SYN010,PAIRED_NULL,BA,A,104,100,0.0015290676852761581,0.9984709323147237,0.0940265453129368,2.89954878527361,2.9474563443203876,3.5485631205053325,3.4933795014858737,0.04428555586893981,0.046335718962011156
D0,SYN011,PAIRED_NULL,BA,A,123,123,0.00017653415816478956,1.0,0.13119982935059069,3.7116203748402468,1.9521086737532651,3.9682740553563414,3.8983622865530134,0.027243874560500356,0.028137075656956452
D1,SYN011,PAIRED_NULL,BA,A,123,123,0.00017653415816478956,1.0,0.1308571217160773,3.714078637573396,2.02494293839043,3.9682740553563414,3.8994043160928236,0.027243874560500356,0.028126841071790868
D2,SYN011,PAIRED_NULL,BA,A,123,122,0.00017653415816478956,0.9998234658418352,0.1308687740888543,3.734484289287086,2.0228920126011616,3.9672722883362104,3.898362286553013,0.027253464881815914,0.028137075656956452
D3,SYN011,PAIRED_NULL,BA,A,123,122,0.00017653415816478956,0.9998234658418352,0.1308687740888543,3.734484289287086,2.0228920126011616,3.9672722883362104,3.898362286553013,0.027253464881815914,0.028137075656956452
D0,SYN012,PAIRED_NULL,BA,A,156,156,0.07526686285410002,1.0,0.2661826510514193,11.301572799877187,12.864976874209463,4.101538350802214,4.026336546617133,0.027902685112388668,0.026981045886862988
D1,SYN012,PAIRED_NULL,BA,A,156,156,0.07526686285410002,1.0,0.17662883444171407,3.7424891214968428,3.003415569721031,4.101538350802214,3.992221487654529,0.027902685112388668,0.02903573848165453
D2,SYN012,PAIRED_NULL,BA,A,156,152,0.07526686285410002,0.9247331371459001,0.18379275270692497,4.054819690614651,3.6329058049480403,4.135517664942099,4.0263365466171335,0.026334741413234167,0.026981045886862988
D3,SYN012,PAIRED_NULL,BA,A,156,150,0.07526686285410002,0.9111442729869955,0.18447896693209254,4.143085542327188,3.2361163879063786,4.117763252119639,4.009267020911001,0.02691409150738436,0.027507243542570937
D0,SYN013,PAIRED_NULL,BA,A,127,127,0.056690097245140424,0.9999999999999999,0.21462009814498795,7.258154117882518,11.654091071192262,3.754056729417148,3.576478545994478,0.03892925829746108,0.04298658624832574
D1,SYN013,PAIRED_NULL,BA,A,127,127,0.056690097245140424,0.9999999999999999,0.12965900920944096,3.1416095412094447,3.81319787816276,3.754056729417148,3.6864109311468174,0.03892925829746108,0.03900673619423817
D2,SYN013,PAIRED_NULL,BA,A,127,119,0.056690097245140424,0.9433099027548597,0.13347494219883377,3.3834539572491598,3.962710737948535,3.647628994339955,3.5764785459944775,0.04293533634253749,0.04298658624832574
D3,SYN013,PAIRED_NULL,BA,A,127,118,0.056690097245140424,0.9419002988405428,0.1333624050305381,3.2954158274460834,3.7193104283373892,3.6418557266826554,3.572768096136012,0.043061702862803905,0.04305633886103549
D0,SYN014,PAIRED_NULL,BA,A,125,125,0.0,1.0000000000000002,0.14626850276060926,6.587496561291912,9.919610978920428,3.7842007847202317,3.713613433450407,0.03306652431721953,0.03383430656353326
D1,SYN014,PAIRED_NULL,BA,A,125,125,0.0,1.0000000000000002,0.14626850276060926,6.587496561291912,9.919610978920428,3.7842007847202317,3.713613433450407,0.03306652431721953,0.03383430656353326
D2,SYN014,PAIRED_NULL,BA,A,125,125,0.0,1.0000000000000002,0.14626850276060926,6.5874965612919105,9.91961097892031,3.7842007847202312,3.713613433450407,0.03306652431721952,0.03383430656353326
D3,SYN014,PAIRED_NULL,BA,A,125,125,0.0,1.0000000000000002,0.14626850276060926,6.5874965612919105,9.91961097892031,3.7842007847202312,3.713613433450407,0.03306652431721952,0.03383430656353326
D0,SYN015,PAIRED_NULL,BA,A,166,166,0.0065435652747402335,1.0,0.1442958303029534,2.9338088287793918,1.7945723977021903,4.0717811512719715,3.9813454747758605,0.026730598765853524,0.027565389401898895
D1,SYN015,PAIRED_NULL,BA,A,166,166,0.0065435652747402335,1.0,0.13223348364067009,4.038226300215489,4.5009759049133695,4.0717811512719715,4.003707000393753,0.026730598765853524,0.027218295645778438
D2,SYN015,PAIRED_NULL,BA,A,166,154,0.0065435652747402335,0.9934564347252597,0.13267184321861752,3.729112274988177,4.459162432061816,4.050266171708543,3.9813454747758605,0.02706296434499542,0.027565389401898895
D3,SYN015,PAIRED_NULL,BA,A,166,151,0.0065435652747402335,0.992943031930362,0.13171133406998498,3.8513774787113086,4.774307247439997,4.047375906610172,3.9813454747758605,0.027090863507762557,0.027565389401898895
D0,SYN016,PAIRED_NULL,BA,A,103,103,0.013675056908925773,1.0000000000000002,0.15730710122164976,4.686917227991028,3.775531711286753,3.3479873330201193,3.1885141928974354,0.07135879664314418,0.08204578287866485
D1,SYN016,PAIRED_NULL,BA,A,103,103,0.013675056908925773,1.0000000000000002,0.13328557965503093,3.7509733182893616,3.5286887262285673,3.3479873330201193,3.241574630760522,0.07135879664314418,0.07989781675091769
D2,SYN016,PAIRED_NULL,BA,A,103,94,0.013675056908925773,0.9863249430910744,0.1341939368439629,3.8070310129654716,3.572870637865486,3.2955582638566763,3.1885141928974354,0.07331384986558792,0.08204578287866485
D3,SYN016,PAIRED_NULL,BA,A,103,89,0.013675056908925773,0.9244765137047004,0.13646357723341182,4.07980719269812,5.31787613799647,3.205483609831353,3.0881915817896703,0.08092107626128264,0.09096028323545233
D0,SYN017,PAIRED_NULL,BA,A,168,168,0.0,1.0,0.1503685999012773,5.5108111889769065,6.58365483004822,4.143431467017391,4.04776423518754,0.024780601207551076,0.025921204083797268
D1,SYN017,PAIRED_NULL,BA,A,168,168,0.0,1.0,0.1503685999012773,5.5108111889769065,6.58365483004822,4.143431467017391,4.04776423518754,0.024780601207551076,0.025921204083797268
D2,SYN017,PAIRED_NULL,BA,A,168,168,0.0,1.0,0.1503685999012773,5.5108111889769065,6.58365483004822,4.143431467017391,4.04776423518754,0.024780601207551076,0.025921204083797268
D3,SYN017,PAIRED_NULL,BA,A,168,168,0.0,1.0,0.1503685999012773,5.5108111889769065,6.58365483004822,4.143431467017391,4.04776423518754,0.024780601207551076,0.025921204083797268
D0,SYN018,PAIRED_NULL,BA,A,66,66,0.007646228524752776,1.0,0.10189350342363919,3.6668721341251707,5.824957956273051,3.032102492797904,2.984692410177585,0.07712691256957195,0.07875772454509822
D1,SYN018,PAIRED_NULL,BA,A,66,66,0.007646228524752776,1.0,0.08080281594046165,2.5220372429633966,4.024866409471017,3.032102492797904,3.010207800958584,0.07712691256957195,0.07763785226977651
D2,SYN018,PAIRED_NULL,BA,A,66,64,0.007646228524752776,0.9923537714752473,0.08109888152316497,2.638780706007171,3.985942362310485,3.0060431525768028,2.984692410177585,0.07828197459900867,0.07875772454509822
D3,SYN018,PAIRED_NULL,BA,A,66,64,0.007646228524752776,0.9923537714752473,0.08109888152316497,2.638780706007171,3.985942362310485,3.0060431525768028,2.984692410177585,0.07828197459900867,0.07875772454509822
D0,SYN019,PAIRED_NULL,BA,A,76,76,0.07074349266791634,1.0,0.21891189968732744,6.1475837135993086,3.6745107700932524,3.42535682873782,3.3578667726030913,0.046124115958640216,0.04866991477724903
D1,SYN019,PAIRED_NULL,BA,A,76,76,0.07074349266791634,1.0,0.10742498776738792,2.8239876971843705,0.3916563489546539,3.42535682873782,3.4032127754595836,0.046124115958640216,0.046098610805351464
D2,SYN019,PAIRED_NULL,BA,A,76,72,0.07074349266791634,0.9292565073320835,0.1111155652703448,1.9796421102731145,0.18325993085945072,3.3835559306140826,3.3578667726030913,0.048576598691703235,0.04866991477724903
D3,SYN019,PAIRED_NULL,BA,A,76,69,0.07074349266791634,0.9197319989462344,0.1075184075302471,2.0621700735450443,0.437157267007538,3.350836283685155,3.3292106600286977,0.04954241363861887,0.049447843699057636
D0,SYN020,PAIRED_NULL,BA,A,105,105,0.29966401048679914,0.9999999999999999,0.42707808265924724,15.949215777001537,5.252159251954391,3.188963444901398,2.865600517526193,0.07135501001820899,0.09778114629265451
D1,SYN020,PAIRED_NULL,BA,A,105,105,0.29966401048679914,0.9999999999999999,0.1267559118931983,5.818649759605841,7.640592822936437,3.188963444901398,3.202955847990278,0.07135501001820899,0.06661540013761454
D2,SYN020,PAIRED_NULL,BA,A,105,86,0.29966401048679914,0.7003359895132006,0.15169172049552407,7.866365773403589,10.561981090559918,2.844971137601519,2.865600517526193,0.10731952248079639,0.09778114629265451
D3,SYN020,PAIRED_NULL,BA,A,105,75,0.29966401048679914,0.5681626750696069,0.16025298500998686,6.807666497297275,8.727670925818165,2.672481231784033,2.6775161995002774,0.1339337815344069,0.12136748933621126
D0,SYN021,PAIRED_NULL,BA,A,161,161,0.01636758067490526,1.0,0.20153416818362155,6.086648904424323,7.895561728553822,4.3702009011489364,4.265471176004345,0.01746934765962922,0.01904298539802538
D1,SYN021,PAIRED_NULL,BA,A,161,161,0.01636758067490526,1.0,0.17923475470274106,3.035711106428536,1.5688654458114442,4.3702009011489364,4.279084546112896,0.01746934765962922,0.018690102276878093
D2,SYN021,PAIRED_NULL,BA,A,161,160,0.01636758067490526,0.9836324193250947,0.18073989213048952,3.5262497961769945,1.6797272917900021,4.357986805636484,4.265471176004344,0.017778674887445316,0.01904298539802538
D3,SYN021,PAIRED_NULL,BA,A,161,160,0.01636758067490526,0.9836324193250947,0.18073989213048952,3.5262497961769945,1.6797272917900021,4.357986805636484,4.265471176004344,0.017778674887445316,0.01904298539802538
D0,SYN022,PAIRED_NULL,BA,A,168,168,0.032128527594247766,1.0,0.2090068339137358,6.403948328428442,3.7569132481774656,4.431819532106332,4.2811909547510485,0.016573544167291687,0.018928880091237416
D1,SYN022,PAIRED_NULL,BA,A,168,168,0.032128527594247766,1.0,0.16441978358778048,6.610417268958108,7.713266483464913,4.431819532106332,4.307319135957767,0.016573544167291687,0.0182603466125746
D2,SYN022,PAIRED_NULL,BA,A,168,166,0.032128527594247766,0.9678714724057523,0.16715550397776496,6.520653238720645,7.80616784137622,4.4096263460762675,4.2811909547510485,0.017125237226433443,0.018928880091237416
D3,SYN022,PAIRED_NULL,BA,A,168,164,0.032128527594247766,0.9353177268128372,0.16871580912409517,5.8837669658039475,7.3800365034444635,4.387751801309843,4.262089591621319,0.01769612605810343,0.019439003022524787
D0,SYN023,PAIRED_NULL,BA,A,170,170,0.010697321075975411,1.0,0.16588448909505787,5.522074591430418,9.91678471418152,4.038687170326243,3.9141093404758873,0.029314883588095975,0.03269170277940134
D1,SYN023,PAIRED_NULL,BA,A,170,170,0.010697321075975411,1.0,0.14845901660357053,4.09180760819187,6.104515945463986,4.038687170326243,3.9340974855275963,0.029314883588095975,0.03211065237345184
D2,SYN023,PAIRED_NULL,BA,A,170,166,0.010697321075975411,0.9893026789240247,0.14924502969679956,4.298299207856514,6.068914746987275,4.019563767507341,3.914109340475887,0.029848882227861098,0.03269170277940134
D3,SYN023,PAIRED_NULL,BA,A,170,166,0.010697321075975411,0.9893026789240247,0.14924502969679956,4.298299207856514,6.068914746987275,4.019563767507341,3.914109340475887,0.029848882227861098,0.03269170277940134
D0,SYN024,PAIRED_NULL,BA,A,75,75,0.028354122026685875,0.9999999999999999,0.14595589840539508,6.710393106390779,3.2773694805851745,3.1274565354957815,3.0402594134253977,0.06472058258089491,0.07186037646581
D1,SYN024,PAIRED_NULL,BA,A,75,75,0.028354122026685875,0.9999999999999999,0.08330864287832128,3.3012844329138447,2.046442397503632,3.1274565354957815,3.082225454535023,0.06472058258089491,0.06877715384072301
D2,SYN024,PAIRED_NULL,BA,A,75,74,0.028354122026685875,0.971645877973314,0.08441485994701804,3.8933541734825434,2.038452412428561,3.085983343073449,3.0402594134253977,0.0677014263704579,0.07186037646581
D3,SYN024,PAIRED_NULL,BA,A,75,74,0.028354122026685875,0.971645877973314,0.08441485994701804,3.8933541734825434,2.038452412428561,3.085983343073449,3.0402594134253977,0.0677014263704579,0.07186037646581
D0,SYN025,PAIRED_NULL,BA,A,133,133,0.09290378760050108,0.9999999999999998,0.2603574419203302,36.20067668300451,55.51914867343961,3.8141924249742383,3.5926323213478213,0.03445635113567502,0.04250988293372836
D1,SYN025,PAIRED_NULL,BA,A,133,133,0.09290378760050108,0.9999999999999998,0.13874564421886257,6.145430740792494,8.665014382193448,3.8141924249742383,3.73513885270303,0.03445635113567502,0.03666097257411502
D2,SYN025,PAIRED_NULL,BA,A,133,122,0.09290378760050108,0.9070962123994989,0.14564100920546733,6.710686946751393,9.09884750543855,3.6793377642633653,3.5926323213478213,0.039872085064086515,0.04250988293372836
D3,SYN025,PAIRED_NULL,BA,A,133,121,0.09290378760050108,0.8849247799157669,0.1471372897162171,5.50585460078133,7.543821674545023,3.6537874831864596,3.5655318924913186,0.04126733925097554,0.0439049763567223
D0,SYN026,PAIRED_NULL,BA,A,133,133,0.015596607994912486,0.9999999999999999,0.1491569991996294,3.796377519034413,3.3356509051648287,3.3983991297583,3.240138218649953,0.06839807500262732,0.07734093089619697
D1,SYN026,PAIRED_NULL,BA,A,133,133,0.015596607994912486,0.9999999999999999,0.11960927247450012,2.4735379814717215,1.5526749455506512,3.3983991297583,3.2862991718791235,0.06839807500262732,0.07507561507685208
D2,SYN026,PAIRED_NULL,BA,A,133,127,0.015596607994912486,0.9844033920050873,0.12055138100270243,2.9164151220015637,1.5712757552209855,3.353910098371238,3.240138218649953,0.07045750270804828,0.07734093089619697
D3,SYN026,PAIRED_NULL,BA,A,133,121,0.015596607994912486,0.9712870914308296,0.11966281471168846,3.231770153731588,2.3684316122135014,3.3099893868509107,3.189514303346661,0.07231194145437538,0.0799730373350133
D0,SYN027,PAIRED_NULL,BA,A,147,147,0.0,0.9999999999999999,0.14929149762005997,5.1583241986542765,4.109918079134815,4.1267731576090325,4.092273129215796,0.022206333107750394,0.02204161205910945
D1,SYN027,PAIRED_NULL,BA,A,147,147,0.0,0.9999999999999999,0.14929149762005997,5.1583241986542765,4.109918079134815,4.1267731576090325,4.092273129215796,0.022206333107750394,0.02204161205910945
D2,SYN027,PAIRED_NULL,BA,A,147,147,0.0,0.9999999999999999,0.14929149762005997,5.158324198654276,4.109918079134796,4.126773157609033,4.092273129215796,0.0222063331077504,0.02204161205910945
D3,SYN027,PAIRED_NULL,BA,A,147,147,0.0,0.9999999999999999,0.14929149762005997,5.158324198654276,4.109918079134796,4.126773157609033,4.092273129215796,0.0222063331077504,0.02204161205910945
D0,SYN028,PAIRED_NULL,BA,A,175,175,0.009163635937682994,1.0,0.1673630963350902,6.722556386731845,6.448987670315503,4.265301771945297,4.149938255946324,0.0205821863373335,0.02202096760895693
D1,SYN028,PAIRED_NULL,BA,A,175,175,0.009163635937682994,1.0,0.15267039144101008,5.303973488431288,5.046146050960379,4.265301771945297,4.176548006946044,0.0205821863373335,0.021632625782672114
D2,SYN028,PAIRED_NULL,BA,A,175,171,0.009163635937682994,0.9908363640623171,0.1533821484390094,5.670089991005995,5.1251839659562055,4.24003797562381,4.149938255946324,0.02093991272699154,0.02202096760895693
D3,SYN028,PAIRED_NULL,BA,A,175,168,0.009163635937682994,0.9895865507152232,0.15307370291184733,5.640203354555798,5.114062291850221,4.2349556394127505,4.145926213642232,0.020991759553038405,0.02206795825299393
D0,SYN029,PAIRED_NULL,BA,A,136,136,0.02015352141167677,1.0,0.17517469442194517,6.398506719226169,6.268342916164836,3.620097477370115,3.574202224439472,0.04325586498044133,0.04467262013596319
D1,SYN029,PAIRED_NULL,BA,A,136,136,0.02015352141167677,1.0,0.14269470658350447,6.117534240785983,6.715991456130174,3.620097477370115,3.61482640827691,0.04325586498044133,0.043219233815910044
D2,SYN029,PAIRED_NULL,BA,A,136,126,0.02015352141167677,0.9798464785883234,0.144112692848117,6.274440859521715,6.9675282650156385,3.5787412151761613,3.5742022244394724,0.04475909549404649,0.04467262013596319
D3,SYN029,PAIRED_NULL,BA,A,136,121,0.02015352141167677,0.893346321430108,0.14748192245368058,6.7017205276304725,9.955766957789104,3.515271416865268,3.5306024765542805,0.04878053059134603,0.04724904395067548
D0,SYN030,PAIRED_NULL,BA,A,88,88,0.0,1.0,0.12065846199989172,3.4639281553572348,0.21427314977600798,3.5410546508154095,3.4700626925927436,0.040030716828477385,0.04341678104108125
D1,SYN030,PAIRED_NULL,BA,A,88,88,0.0,1.0,0.12065846199989172,3.4639281553572348,0.21427314977600798,3.5410546508154095,3.4700626925927436,0.040030716828477385,0.04341678104108125
D2,SYN030,PAIRED_NULL,BA,A,88,88,0.0,1.0,0.12065846199989172,3.4639281553572387,0.21427314977650472,3.5410546508154095,3.4700626925927436,0.04003071682847737,0.04341678104108125
D3,SYN030,PAIRED_NULL,BA,A,88,88,0.0,1.0,0.12065846199989172,3.4639281553572387,0.21427314977650472,3.5410546508154095,3.4700626925927436,0.04003071682847737,0.04341678104108125
D0,SYN031,PAIRED_NULL,BA,A,87,87,0.0,1.0,0.1345267660921183,4.073038815024049,4.354650609384906,3.2368497858329905,3.1606687746922795,0.0628799026518935,0.06602094961166471
D1,SYN031,PAIRED_NULL,BA,A,87,87,0.0,1.0,0.1345267660921183,4.073038815024049,4.354650609384906,3.2368497858329905,3.1606687746922795,0.0628799026518935,0.06602094961166471
D2,SYN031,PAIRED_NULL,BA,A,87,87,0.0,1.0,0.1345267660921183,4.073038815024048,4.354650609384977,3.2368497858329905,3.1606687746922795,0.06287990265189351,0.06602094961166471
D3,SYN031,PAIRED_NULL,BA,A,87,86,0.0,0.9997053505886017,0.13398791108009672,4.100550567336956,4.229927720799415,3.235112985479091,3.16066877469228,0.06291688721885431,0.06602094961166471
D0,SYN032,PAIRED_NULL,BA,A,169,169,0.08600908941150597,0.9999999999999999,0.26655411304127996,11.657297132476337,13.392359748773364,4.086108800752694,4.005133939433705,0.026087011107244058,0.02600508291638999
D1,SYN032,PAIRED_NULL,BA,A,169,169,0.08600908941150597,0.9999999999999999,0.1608620550553313,2.825366714958024,1.4848850833983969,4.086108800752694,3.990227234898828,0.026087011107244058,0.02749175357707987
D2,SYN032,PAIRED_NULL,BA,A,169,166,0.08600908941150597,0.913990910588494,0.1683012597454319,2.9320824568054773,1.5715242463129357,4.108725684690578,4.005133939433706,0.024424767866096247,0.02600508291638999
D3,SYN032,PAIRED_NULL,BA,A,169,165,0.08600908941150597,0.8644294354380546,0.17274065234437735,3.240283843938668,1.8970232607454849,4.121438730727381,4.00709438716069,0.02401858812554965,0.02603803222741227
D0,SYN033,PAIRED_NULL,BA,A,148,148,0.026141285770281637,1.0,0.17604098831951456,9.582943235646876,12.48106101272439,4.387215334968985,4.36759523546092,0.015946368572872273,0.016366787529998716
D1,SYN033,PAIRED_NULL,BA,A,148,148,0.026141285770281637,1.0,0.1326753457297732,5.650079064196945,6.92633282684614,4.387215334968985,4.374764733316675,0.015946368572872273,0.016198026820673915
D2,SYN033,PAIRED_NULL,BA,A,148,147,0.026141285770281637,0.9738587142297184,0.13442839882004948,5.9689984232825655,7.033566021712263,4.38066999247679,4.367595235460919,0.016093408848970772,0.016366787529998716
D3,SYN033,PAIRED_NULL,BA,A,148,147,0.026141285770281637,0.9738587142297184,0.13442839882004948,5.9689984232825655,7.033566021712263,4.38066999247679,4.367595235460919,0.016093408848970772,0.016366787529998716
D0,SYN034,PAIRED_NULL,BA,A,118,118,0.020906089744638368,1.0,0.14468013985544564,5.750754147897499,7.423300365569805,3.813061549760753,3.771323120185902,0.03258388226278647,0.03382147873065
D1,SYN034,PAIRED_NULL,BA,A,118,118,0.020906089744638368,1.0,0.10155760710849296,4.012502170229158,2.7866842481022944,3.813061549760753,3.7940340194474875,0.03258388226278647,0.032855901300431485
D2,SYN034,PAIRED_NULL,BA,A,118,117,0.020906089744638368,0.9790939102553616,0.10263911792769674,3.790515833695874,2.8764437382709245,3.7907668508558454,3.771323120185902,0.03353430332767879,0.03382147873065
D3,SYN034,PAIRED_NULL,BA,A,118,116,0.020906089744638368,0.9674162402125462,0.10325754178289512,4.122423864287186,2.9179665801670045,3.7710646457189787,3.7510726813961677,0.034203065173734115,0.0345187682127306
D0,SYN035,PAIRED_NULL,BA,A,136,136,0.0783395901764334,1.0,0.26261407195204417,15.172557827676256,23.129979490749033,3.8678755717325233,3.728046653186571,0.03257655543782022,0.03503221706998751
D1,SYN035,PAIRED_NULL,BA,A,136,136,0.0783395901764334,1.0,0.1668742311536537,7.805187177116221,11.802373784523935,3.8678755717325233,3.8068566078753086,0.03257655543782022,0.032504832871769924
D2,SYN035,PAIRED_NULL,BA,A,136,123,0.0783395901764334,0.9216604098235665,0.17379544785698128,8.90744353238714,12.723104329784602,3.7942702693347896,3.7280466531865706,0.0351133451632774,0.03503221706998751
D3,SYN035,PAIRED_NULL,BA,A,136,115,0.0783395901764334,0.8779313953399458,0.16926839597493581,5.963321177514375,7.247761551147037,3.7126460891169533,3.6576432744535405,0.0379836324348605,0.03716318924428434
D0,SYN036,PAIRED_NULL,BA,A,129,129,0.09585932777315097,1.0,0.2803491506656533,9.947851567914743,9.348863969585626,3.744717520712947,3.496184623294911,0.04142163180455591,0.05504532519180084
D1,SYN036,PAIRED_NULL,BA,A,129,129,0.09585932777315097,1.0,0.16729820551915817,4.982685470091873,5.022576875891204,3.744717520712947,3.6093637898827535,0.04142163180455591,0.04766392409845243
D2,SYN036,PAIRED_NULL,BA,A,129,121,0.09585932777315097,0.904140672226849,0.17601442975486745,5.5741132794177055,5.634477220104615,3.646113933785293,3.496184623294911,0.047320605629124574,0.05504532519180084
D3,SYN036,PAIRED_NULL,BA,A,129,114,0.09585932777315097,0.8394729866018327,0.1771694286889606,5.476515120542054,3.7046955269660655,3.5474537845965326,3.4127676322577023,0.05295875969503855,0.06123921495235753
D0,SYN037,PAIRED_NULL,BA,A,63,63,0.026168611859727676,0.9999999999999999,0.15319293263483355,4.716991509197662,3.5448404419794026,3.18244360993011,3.0600212254693497,0.06517502563505818,0.078684887523569
D1,SYN037,PAIRED_NULL,BA,A,63,63,0.026168611859727676,0.9999999999999999,0.10081340226471223,2.621134763230005,3.036477821499089,3.18244360993011,3.101838457046448,0.06517502563505818,0.07516786801636177
D2,SYN037,PAIRED_NULL,BA,A,63,62,0.026168611859727676,0.9738313881402723,0.10214922052390683,3.2675428989634745,3.1224171626775536,3.1435452936434,3.0600212254693497,0.0680027357654704,0.078684887523569
D3,SYN037,PAIRED_NULL,BA,A,63,62,0.026168611859727676,0.9738313881402723,0.10214922052390683,3.2675428989634745,3.1224171626775536,3.1435452936434,3.0600212254693497,0.0680027357654704,0.078684887523569
D0,SYN038,PAIRED_NULL,BA,A,93,93,0.0,0.9999999999999999,0.11105967217250756,2.241545365385733,1.227587890402534,3.4763227392505303,3.421335972835607,0.047411663846633215,0.04755874062077772
D1,SYN038,PAIRED_NULL,BA,A,93,93,0.0,0.9999999999999999,0.11105967217250756,2.241545365385733,1.227587890402534,3.4763227392505303,3.421335972835607,0.047411663846633215,0.04755874062077772
D2,SYN038,PAIRED_NULL,BA,A,93,93,0.0,0.9999999999999999,0.11105967217250756,2.2415453653857313,1.2275878904020445,3.4763227392505307,3.421335972835607,0.047411663846633235,0.04755874062077772
D3,SYN038,PAIRED_NULL,BA,A,93,93,0.0,0.9999999999999999,0.11105967217250756,2.2415453653857313,1.2275878904020445,3.4763227392505307,3.421335972835607,0.047411663846633235,0.04755874062077772
D0,SYN039,PAIRED_NULL,BA,A,134,134,0.05695976488515048,1.0,0.2256148054705538,14.715760011921995,23.220256669398065,3.9361402399626026,3.8587047588985306,0.031703150471515305,0.03260467062495984
D1,SYN039,PAIRED_NULL,BA,A,134,134,0.05695976488515048,1.0,0.14613908038228612,6.6208687986031745,9.033660556310544,3.9361402399626026,3.9575896185793065,0.031703150471515305,0.029629774016720317
D2,SYN039,PAIRED_NULL,BA,A,134,121,0.05695976488515048,0.9430402351148495,0.15053048387635895,7.185641637603539,9.888395688134146,3.8382974697364203,3.858704758898531,0.03480290456390584,0.03260467062495984
D3,SYN039,PAIRED_NULL,BA,A,134,116,0.05695976488515048,0.9392877638069386,0.14396496212783977,6.689149248534446,9.164881080947497,3.8213805497120585,3.8460019868186244,0.035077936437503725,0.03292579288366163
D0,SYN040,PAIRED_NULL,BA,A,91,91,0.0016050876351431432,0.9999999999999999,0.13629999772755097,7.950433788560625,10.862273275641915,3.6169705526218396,3.5750348042575135,0.04091441299539979,0.042139840798908174
D1,SYN040,PAIRED_NULL,BA,A,91,91,0.0016050876351431432,0.9999999999999999,0.13326847768611075,7.991906026178533,10.894564918557256,3.6169705526218396,3.582936788565247,0.04091441299539979,0.04200497441553459
D2,SYN040,PAIRED_NULL,BA,A,91,88,0.0016050876351431432,0.9983949123648568,0.13337580566205864,7.86008369009206,10.911894223859916,3.609154100651984,3.575034804257514,0.04104511363095772,0.042139840798908174
D3,SYN040,PAIRED_NULL,BA,A,91,87,0.0016050876351431432,0.9967682970191365,0.1303380320212891,8.139931990770584,11.374204266174008,3.602937127956476,3.5750348042575135,0.041176522023798394,0.042139840798908174
D0,SYN041,PAIRED_NULL,BA,A,62,62,0.045066227234439704,0.9999999999999999,0.18506155390403248,6.092702048277271,6.5216996100215425,3.0130496370362434,2.8951715099390376,0.081751066648239,0.08947505045054031
D1,SYN041,PAIRED_NULL,BA,A,62,62,0.045066227234439704,0.9999999999999999,0.10584770994109491,4.2092042259528855,5.7129727607074985,3.0130496370362434,2.9514575859811343,0.081751066648239,0.08333144647208987
D2,SYN041,PAIRED_NULL,BA,A,62,60,0.045066227234439704,0.9549337727655601,0.10826859037940052,3.3562593767600313,5.1996935756772045,2.9602617264474094,2.8951715099390376,0.08746513719803022,0.08947505045054031
D3,SYN041,PAIRED_NULL,BA,A,62,60,0.045066227234439704,0.9549337727655601,0.10826859037940052,3.3562593767600313,5.1996935756772045,2.9602617264474094,2.8951715099390376,0.08746513719803022,0.08947505045054031
D0,SYN042,PAIRED_NULL,BA,A,126,126,0.08586499774541496,1.0000000000000002,0.2518964513739409,10.914667935169406,14.058149922447125,3.859463207866643,3.8093797959611253,0.033837080142388,0.03420936720208284
D1,SYN042,PAIRED_NULL,BA,A,126,126,0.08586499774541496,1.0000000000000002,0.136888832788189,2.812048161677232,0.9021092312882271,3.859463207866643,3.8092672993060943,0.033837080142388,0.03445853485570046
D2,SYN042,PAIRED_NULL,BA,A,126,122,0.08586499774541496,0.9141350022545851,0.1430165471024411,2.9957451760726608,0.6775841559191196,3.8675355441003854,3.8093797959611253,0.033209284356885964,0.03420936720208284
D3,SYN042,PAIRED_NULL,BA,A,126,121,0.08586499774541496,0.910308616946579,0.1431387562557076,3.0163673381287546,0.9057639966527091,3.8565797086851976,3.800133206853112,0.033471385977793276,0.034413585892284486
D0,SYN043,PAIRED_NULL,BA,A,110,110,0.0,0.9999999999999999,0.12295748876198431,4.542498359800271,5.75012974642151,3.7417964003113138,3.709617611168056,0.03381146517357522,0.033214828755920765
D1,SYN043,PAIRED_NULL,BA,A,110,110,0.0,0.9999999999999999,0.12295748876198431,4.542498359800271,5.75012974642151,3.7417964003113138,3.709617611168056,0.03381146517357522,0.033214828755920765
D2,SYN043,PAIRED_NULL,BA,A,110,110,0.0,0.9999999999999999,0.12295748876198431,4.542498359800271,5.75012974642151,3.7417964003113138,3.709617611168056,0.03381146517357522,0.033214828755920765
D3,SYN043,PAIRED_NULL,BA,A,110,110,0.0,0.9999999999999999,0.12295748876198431,4.542498359800271,5.75012974642151,3.7417964003113138,3.709617611168056,0.03381146517357522,0.033214828755920765
D0,SYN044,PAIRED_NULL,BA,A,119,119,0.005477470825508433,0.9999999999999999,0.15336637913971105,3.616083468430838,4.470569044129077,3.900962335963447,3.8423833305700996,0.028961603400408296,0.02956798792563795
D1,SYN044,PAIRED_NULL,BA,A,119,119,0.005477470825508433,0.9999999999999999,0.143953275787741,3.1485986864954447,3.3435275982634423,3.900962335963447,3.8579248721154134,0.028961603400408296,0.029268797210858028
D2,SYN044,PAIRED_NULL,BA,A,119,117,0.005477470825508433,0.9945225291744915,0.14434643240649642,3.197858635922182,3.3482359980218828,3.8855351845957324,3.8423833305700996,0.029260802411296305,0.02956798792563795
D3,SYN044,PAIRED_NULL,BA,A,119,117,0.005477470825508433,0.9945225291744915,0.14434643240649642,3.197858635922182,3.3482359980218828,3.8855351845957324,3.8423833305700996,0.029260802411296305,0.02956798792563795
D0,SYN045,PAIRED_NULL,BA,A,79,79,0.04494763293162972,1.0,0.20096872847815983,7.485868161966492,1.777605749551649,3.441312582679217,3.389916070096065,0.04384374380233816,0.04630056577972515
D1,SYN045,PAIRED_NULL,BA,A,79,79,0.04494763293162972,1.0,0.13135562031696835,4.795994803690645,4.482887366160618,3.441312582679217,3.4348654778324463,0.04384374380233816,0.04394861580953025
D2,SYN045,PAIRED_NULL,BA,A,79,76,0.04494763293162972,0.9550523670683702,0.13441331105194773,5.434952087272358,4.688474234666094,3.3966649769533257,3.3899160700960658,0.04618474079005251,0.04630056577972515
D3,SYN045,PAIRED_NULL,BA,A,79,75,0.04494763293162972,0.9547902660578449,0.13391105788756447,5.482372837515375,4.847738455184614,3.395071714527833,3.389916070096065,0.046210025408605776,0.04630056577972515
D0,SYN046,PAIRED_NULL,BA,A,101,101,0.0032724800879774425,1.0,0.15722578533472142,4.101033009975995,5.600277302926505,3.1637938362562084,3.0369047689039212,0.08259312884128052,0.08509247236318988
D1,SYN046,PAIRED_NULL,BA,A,101,101,0.0032724800879774425,1.0,0.151817269093216,3.9460335464290726,5.178247458249817,3.1637938362562084,3.0501980099503103,0.08259312884128052,0.08457694977742483
D2,SYN046,PAIRED_NULL,BA,A,101,98,0.0032724800879774425,0.9967275199120227,0.15205337200392674,3.8359036043874637,5.168039825993483,3.1502099088520445,3.0369047689039212,0.08312902022794998,0.08509247236318988
D3,SYN046,PAIRED_NULL,BA,A,101,97,0.0032724800879774425,0.9965599572875113,0.15170108623973286,3.962693163557069,5.075698792558244,3.1491101686830842,3.032814445465257,0.08315694910602474,0.08522864525986688
D0,SYN047,PAIRED_NULL,BA,A,156,156,0.00195727969095519,1.0,0.14843164711755893,3.5842743226653226,1.738892063072685,4.035092738771586,3.96416923791372,0.030391360205441063,0.031117666519059263
D1,SYN047,PAIRED_NULL,BA,A,156,156,0.00195727969095519,1.0,0.1450243785226753,3.6536129287779215,1.570481537493366,4.035092738771586,3.9727075389816475,0.030391360205441063,0.030996636171399066
D2,SYN047,PAIRED_NULL,BA,A,156,151,0.00195727969095519,0.9980427203090448,0.1451670352395778,3.6992220561537463,1.5739124394554056,4.026729705251973,3.96416923791372,0.030509051684665996,0.031117666519059263
D3,SYN047,PAIRED_NULL,BA,A,156,151,0.00195727969095519,0.9980427203090448,0.1451670352395778,3.6992220561537463,1.5739124394554056,4.026729705251973,3.96416923791372,0.030509051684665996,0.031117666519059263
D0,SYN048,PAIRED_NULL,BA,A,130,130,0.009716643417146663,1.0,0.1288649406014775,5.3492470537088606,9.407494744407908,3.59912898612281,3.519454759667228,0.04657954648680845,0.047862904713550175
D1,SYN048,PAIRED_NULL,BA,A,130,130,0.009716643417146663,1.0,0.10809624036170601,2.944593806838221,4.773893340438936,3.59912898612281,3.5553450298847515,0.04657954648680845,0.04700192016501052
D2,SYN048,PAIRED_NULL,BA,A,130,121,0.009716643417146663,0.9902833565828532,0.10859755064198391,2.5922201849383355,4.575799866997712,3.5622741635438766,3.519454759667228,0.047476875144047484,0.047862904713550175
D3,SYN048,PAIRED_NULL,BA,A,130,105,0.009716643417146663,0.9748651404904847,0.096275319482387,2.546110991334393,4.364366599153635,3.499490903585744,3.4606761397801713,0.04896031772297519,0.04929434365932563
D0,SYN049,PAIRED_NULL,BA,A,100,100,0.0,1.0,0.12166368231983281,3.2862020665497274,3.406427834988476,3.784757051141047,3.7138345689337275,0.03069022567570614,0.03172100139719985
D1,SYN049,PAIRED_NULL,BA,A,100,100,0.0,1.0,0.12166368231983281,3.2862020665497274,3.406427834988476,3.784757051141047,3.7138345689337275,0.03069022567570614,0.03172100139719985
D2,SYN049,PAIRED_NULL,BA,A,100,100,0.0,1.0,0.12166368231983281,3.2862020665497274,3.406427834988476,3.784757051141047,3.7138345689337275,0.03069022567570614,0.03172100139719985
D3,SYN049,PAIRED_NULL,BA,A,100,99,0.0,0.9997575730273823,0.12117182263365874,3.2688400288452604,3.3425563247113597,3.7834136965900127,3.713834568933727,0.03070505256618282,0.03172100139719985
D0,SYN050,PAIRED_NULL,BA,A,144,144,0.0,1.0,0.1522260802063569,5.8943099861200166,5.074600281789727,4.157787079367686,4.089832571969989,0.02258747848369265,0.02401280524531789
D1,SYN050,PAIRED_NULL,BA,A,144,144,0.0,1.0,0.1522260802063569,5.8943099861200166,5.074600281789727,4.157787079367686,4.089832571969989,0.02258747848369265,0.02401280524531789
D2,SYN050,PAIRED_NULL,BA,A,144,144,0.0,1.0,0.1522260802063569,5.8943099861200166,5.074600281789727,4.157787079367686,4.089832571969989,0.02258747848369265,0.02401280524531789
D3,SYN050,PAIRED_NULL,BA,A,144,144,0.0,1.0,0.1522260802063569,5.8943099861200166,5.074600281789727,4.157787079367686,4.089832571969989,0.02258747848369265,0.02401280524531789
D0,SYN051,PAIRED_NULL,BA,A,154,154,0.004890811310576347,0.9999999999999999,0.1280546907459543,4.58531451500695,6.671509520163069,3.8464730112986008,3.745223400432447,0.037077102059586496,0.04034781151942366
D1,SYN051,PAIRED_NULL,BA,A,154,154,0.004890811310576347,0.9999999999999999,0.11796223600241848,3.6450464579351167,4.470040590101226,3.8464730112986008,3.7644270237341324,0.037077102059586496,0.03995565515106803
D2,SYN051,PAIRED_NULL,BA,A,154,150,0.004890811310576347,0.9951091886894237,0.11825328283466549,3.7952727955445766,4.5210953760124255,3.827869192709896,3.7452234004324465,0.03743557329534978,0.04034781151942366
D3,SYN051,PAIRED_NULL,BA,A,154,140,0.004890811310576347,0.98103479803806,0.11191148814612677,4.2155334225894965,5.200941308452714,3.780064363922234,3.6963619960201832,0.03848195200186116,0.04158362460138103
D0,SYN052,PAIRED_NULL,BA,A,75,75,0.0,1.0000000000000002,0.10440729728281563,2.5652277508524537,2.9141583076625146,3.1022987390113297,3.082492032658042,0.07567962142747864,0.07830197729878613
D1,SYN052,PAIRED_NULL,BA,A,75,75,0.0,1.0000000000000002,0.10440729728281563,2.5652277508524537,2.9141583076625146,3.1022987390113297,3.082492032658042,0.07567962142747864,0.07830197729878613
D2,SYN052,PAIRED_NULL,BA,A,75,75,0.0,1.0000000000000002,0.10440729728281563,2.5652277508524537,2.9141583076625146,3.1022987390113297,3.082492032658042,0.07567962142747864,0.07830197729878613
D3,SYN052,PAIRED_NULL,BA,A,75,74,0.0,0.9942531413249803,0.1037976781602757,2.6774234903321936,2.6160216426668113,3.0846468251626664,3.058275155200094,0.07652360847109312,0.07968197716823884
D0,SYN053,PAIRED_NULL,BA,A,176,176,0.002207969159446489,1.0,0.1959813802315533,4.875847723407369,2.5014232054623244,4.23737504025886,4.095500923572272,0.023911404530410414,0.027077911530647144
D1,SYN053,PAIRED_NULL,BA,A,176,176,0.002207969159446489,1.0,0.19303331999493362,4.884400048898447,2.5620603925002707,4.23737504025886,4.102604733622471,0.023911404530410414,0.026959604173401
D2,SYN053,PAIRED_NULL,BA,A,176,173,0.002207969159446489,0.9977920308405537,0.193249471501935,4.854561300492757,2.5639687598000416,4.230719998059049,4.0955009235722715,0.024012685554567197,0.027077911530647144
D3,SYN053,PAIRED_NULL,BA,A,176,167,0.002207969159446489,0.9856059033285083,0.1920719078164013,4.929959311642726,2.334350272871498,4.210332857926123,4.082215600296152,0.024485742829024153,0.027418568213458103
D0,SYN054,PAIRED_NULL,BA,A,118,118,0.012312930316979314,0.9999999999999999,0.1559967652229432,7.07335779098302,10.785953315478187,3.5401459481719924,3.4531342068199455,0.057952599687499225,0.05960217597893145
D1,SYN054,PAIRED_NULL,BA,A,118,118,0.012312930316979314,0.9999999999999999,0.1343680683847001,5.354572565344585,7.016182595098439,3.5401459481719924,3.489174401553491,0.057952599687499225,0.05825254164509348
D2,SYN054,PAIRED_NULL,BA,A,118,115,0.012312930316979314,0.9876870696830206,0.13517506496146792,5.535226659273698,6.956986404128625,3.503686746386702,3.453134206819945,0.0593523095142227,0.05960217597893145
D3,SYN054,PAIRED_NULL,BA,A,118,112,0.012312930316979314,0.9750063224080617,0.13408427496449687,6.474460478853737,8.955539275993972,3.4691538696391975,3.416035791011482,0.060826191905946674,0.061358280915641786
D0,SYN055,PAIRED_NULL,BA,A,98,98,0.013876401059413589,1.0,0.15651598295214078,5.904405030199538,3.303906886431427,3.4772747660907752,3.4388436099807502,0.053159646970659016,0.052715227338908925
D1,SYN055,PAIRED_NULL,BA,A,98,98,0.013876401059413589,1.0,0.13197090616370147,6.134172787248784,5.556110085147984,3.4772747660907752,3.4722151534208026,0.053159646970659016,0.051419965396982216
D2,SYN055,PAIRED_NULL,BA,A,98,95,0.013876401059413589,0.9861235989405863,0.13288248812577,5.08669263510971,5.722057284393495,3.4435247637213875,3.43884360998075,0.054531190233956875,0.052715227338908925
D3,SYN055,PAIRED_NULL,BA,A,98,94,0.013876401059413589,0.9792660578874376,0.13290366144975838,5.814084594205559,6.556712044138204,3.4258679064181625,3.4248333334817005,0.05524856103685409,0.053203386879268316
D0,SYN056,PAIRED_NULL,BA,A,159,159,0.08600312937902112,1.0,0.2508083290929705,8.616188564675587,9.173686560602423,3.7297413222411127,3.5507151381602555,0.04109255209624436,0.04768753834924704
D1,SYN056,PAIRED_NULL,BA,A,159,159,0.08600312937902112,1.0,0.1345327904598786,4.2936045964641965,1.4953004009485344,3.7297413222411127,3.6972127555417265,0.04109255209624436,0.04226261566328855
D2,SYN056,PAIRED_NULL,BA,A,159,136,0.08600312937902112,0.9139968706209788,0.14073931704510476,3.963173400007289,1.5688874001683282,3.5866960226182023,3.550715138160255,0.04626702874266272,0.04768753834924704
D3,SYN056,PAIRED_NULL,BA,A,159,124,0.08600312937902112,0.8890131592160753,0.13872091108537973,4.492650214662271,1.3796306181788673,3.4997543471670833,3.46586262894678,0.048788170976779635,0.05035181083411654
D0,SYN057,PAIRED_NULL,BA,A,175,175,0.03373432756088996,1.0,0.1967734813012828,6.040078220518482,8.981847489313616,4.1427975739238985,4.009860489147812,0.026687171008468943,0.028519267486379965
D1,SYN057,PAIRED_NULL,BA,A,175,175,0.03373432756088996,1.0,0.14612000712516612,3.6453713892338597,4.119879244299353,4.1427975739238985,4.064897201179303,0.026687171008468943,0.027044632531355643
D2,SYN057,PAIRED_NULL,BA,A,175,168,0.03373432756088996,0.9662656724391101,0.14860558862000278,3.3903107855719976,4.158902471465681,4.089905594107475,4.009860489147812,0.028166309724031995,0.028519267486379965
D3,SYN057,PAIRED_NULL,BA,A,175,162,0.03373432756088996,0.9031126588255787,0.15076965598128655,3.5364334348874595,3.60817747640113,4.083694165431533,4.005416797904194,0.028299972640961374,0.02861111580081399
D0,SYN058,PAIRED_NULL,BA,A,70,70,0.14653387301125204,1.0,0.290168140404498,11.201730233217045,10.845361050896702,3.3430047006045602,3.2176599663072842,0.05004874991124171,0.0563053627018772
D1,SYN058,PAIRED_NULL,BA,A,70,70,0.14653387301125204,1.0,0.08629325405754235,2.799865067789023,1.9022742566163793,3.3430047006045602,3.313531280217222,0.05004874991124171,0.04997549604624426
D2,SYN058,PAIRED_NULL,BA,A,70,66,0.14653387301125204,0.8534661269887479,0.09323033826258872,4.2348275378750015,2.159337370014611,3.253959663628481,3.2176599663072842,0.05627989528278869,0.0563053627018772
D3,SYN058,PAIRED_NULL,BA,A,70,66,0.14653387301125204,0.8534661269887479,0.09323033826258872,4.2348275378750015,2.159337370014611,3.253959663628481,3.2176599663072842,0.05627989528278869,0.0563053627018772
D0,SYN059,PAIRED_NULL,BA,A,143,143,0.019371178985656712,1.0000000000000002,0.16418390447363287,11.075617896826989,16.8276229758692,4.023299039227087,3.8824886821512123,0.029201760960185508,0.031769013251722544
D1,SYN059,PAIRED_NULL,BA,A,143,143,0.019371178985656712,1.0000000000000002,0.13058924939603198,4.764928096960815,6.556402219496539,4.023299039227087,3.9297450804086176,0.029201760960185508,0.030653982237383196
D2,SYN059,PAIRED_NULL,BA,A,143,136,0.019371178985656712,0.9806288210143436,0.13188131777304132,5.052248255979514,6.861430266866125,3.978378191061125,3.8824886821512123,0.030241151395203544,0.031769013251722544
D3,SYN059,PAIRED_NULL,BA,A,143,122,0.019371178985656712,0.932083229432068,0.12664205366827735,5.8616347125636885,7.837790314607534,3.9115963831924914,3.8188343343693534,0.03223241062775932,0.03392588758995377
D0,SYN060,PAIRED_NULL,BA,A,140,140,0.0,0.9999999999999999,0.12317789296757432,4.621783484621182,4.9180992395321335,4.108957517494383,4.081851271973605,0.02294717212790367,0.022627702489307597
D1,SYN060,PAIRED_NULL,BA,A,140,140,0.0,0.9999999999999999,0.12317789296757432,4.621783484621182,4.9180992395321335,4.108957517494383,4.081851271973605,0.02294717212790367,0.022627702489307597
D2,SYN060,PAIRED_NULL,BA,A,140,140,0.0,0.9999999999999999,0.12317789296757432,4.621783484621182,4.9180992395321335,4.108957517494383,4.081851271973605,0.02294717212790367,0.022627702489307597
D3,SYN060,PAIRED_NULL,BA,A,140,140,0.0,0.9999999999999999,0.12317789296757432,4.621783484621182,4.9180992395321335,4.108957517494383,4.081851271973605,0.02294717212790367,0.022627702489307597
D0,SYN061,PAIRED_NULL,BA,A,103,103,0.033400266045690824,1.0,0.16606216136230204,4.116818564594998,4.630529022085492,3.852382076393217,3.751102062890971,0.030101067781363226,0.03322626509388735
D1,SYN061,PAIRED_NULL,BA,A,103,103,0.033400266045690824,1.0,0.10272469301380671,2.4189224755496923,3.6199317127492794,3.852382076393217,3.795635274865852,0.030101067781363226,0.03156999700101164
D2,SYN061,PAIRED_NULL,BA,A,103,101,0.033400266045690824,0.9665997339543092,0.10449197470706695,2.5712859977690177,3.7637524894411998,3.8101259998641823,3.751102062890971,0.03162003718590614,0.03322626509388735
D3,SYN061,PAIRED_NULL,BA,A,103,100,0.033400266045690824,0.9035648276229361,0.1080120884497124,2.8193329382641963,3.4587273916231,3.818034936880944,3.7602227695466337,0.031318907848073646,0.03278631841034283
D0,SYN062,PAIRED_NULL,BA,A,134,134,0.0,1.0,0.15973787383023552,4.6967633060600535,5.2607620308920975,4.0694882606557945,3.9625588323961756,0.024789754107058193,0.028766153626651986
D1,SYN062,PAIRED_NULL,BA,A,134,134,0.0,1.0,0.15973787383023552,4.6967633060600535,5.2607620308920975,4.0694882606557945,3.9625588323961756,0.024789754107058193,0.028766153626651986
D2,SYN062,PAIRED_NULL,BA,A,134,134,0.0,1.0,0.15973787383023552,4.6967633060600535,5.2607620308920975,4.0694882606557945,3.9625588323961756,0.024789754107058193,0.028766153626651986
D3,SYN062,PAIRED_NULL,BA,A,134,134,0.0,1.0,0.15973787383023552,4.6967633060600535,5.2607620308920975,4.0694882606557945,3.9625588323961756,0.024789754107058193,0.028766153626651986
D0,SYN063,PAIRED_NULL,BA,A,180,180,0.0,1.0,0.1548646841139634,3.907632570815533,4.895272907208438,4.506924060676264,4.400992094432006,0.014522890483066896,0.01614439618226011
D1,SYN063,PAIRED_NULL,BA,A,180,180,0.0,1.0,0.1548646841139634,3.907632570815533,4.895272907208438,4.506924060676264,4.400992094432006,0.014522890483066896,0.01614439618226011
D2,SYN063,PAIRED_NULL,BA,A,180,180,0.0,1.0,0.1548646841139634,3.907632570815533,4.895272907208438,4.506924060676264,4.400992094432006,0.014522890483066896,0.01614439618226011
D3,SYN063,PAIRED_NULL,BA,A,180,180,0.0,1.0,0.1548646841139634,3.907632570815533,4.895272907208438,4.506924060676264,4.400992094432006,0.014522890483066896,0.01614439618226011
D0,SYN064,PAIRED_NULL,BA,A,139,139,0.029630705652445608,0.9999999999999998,0.19772926909004512,8.736972940604453,10.997183273332418,3.934944523629799,3.825456335650825,0.03074902231090576,0.033767976060523064
D1,SYN064,PAIRED_NULL,BA,A,139,139,0.029630705652445608,0.9999999999999998,0.15427414616966498,5.91316789696988,7.250303862558468,3.934944523629799,3.8590102248566573,0.03074902231090576,0.03239762334550047
D2,SYN064,PAIRED_NULL,BA,A,139,137,0.029630705652445608,0.9703692943475541,0.1566408478074087,6.099121645670135,7.654305462087016,3.903848669366427,3.825456335650825,0.03198119276954824,0.033767976060523064
D3,SYN064,PAIRED_NULL,BA,A,139,136,0.029630705652445608,0.9698718454396551,0.15584039525956825,6.0646640933084335,7.514194458657338,3.901452477760633,3.825456335650825,0.03201374453023097,0.033767976060523064
D0,SYN065,PAIRED_NULL,BA,A,144,144,0.012012397677679426,1.0000000000000002,0.17098671693047438,4.665871047746991,6.657211344611149,4.238546097711279,4.120635979363203,0.019364676322585973,0.020399683304494043
D1,SYN065,PAIRED_NULL,BA,A,144,144,0.012012397677679426,1.0000000000000002,0.15188574035874544,3.573476932061068,0.7956236944958748,4.238546097711279,4.165125156603149,0.019364676322585973,0.01990441435426853
D2,SYN065,PAIRED_NULL,BA,A,144,130,0.012012397677679426,0.9879876023223209,0.15281622123896724,3.1261855085569334,1.1249221333651862,4.196864500229747,4.120635979363203,0.0198182287165967,0.020399683304494043
D3,SYN065,PAIRED_NULL,BA,A,144,120,0.012012397677679426,0.9783502702500909,0.14529490460545824,2.984410714260388,0.39322770998659534,4.164497292596372,4.099044521811058,0.020191960784800816,0.0206748113487011
D0,SYN066,PAIRED_NULL,BA,A,146,146,0.029576623136404512,1.0000000000000002,0.19413805412717955,4.7005428385914785,3.2174368269167117,3.887477558777777,3.7669547769065153,0.03217954499961137,0.0340101534179335
D1,SYN066,PAIRED_NULL,BA,A,146,146,0.029576623136404512,1.0000000000000002,0.14985412706084741,3.7126302963428217,2.6588783961119216,3.887477558777777,3.806479379912305,0.03217954499961137,0.03257976115888976
D2,SYN066,PAIRED_NULL,BA,A,146,142,0.029576623136404512,0.9704233768635957,0.15210185033229692,3.5607057709094003,2.8065683021969954,3.8502794665640545,3.7669547769065153,0.03359827603805343,0.0340101534179335
D3,SYN066,PAIRED_NULL,BA,A,146,138,0.029576623136404512,0.8544575913010464,0.16068072147123125,3.5394440463897907,2.135886455212793,3.883097739078008,3.7846791215787947,0.030757801499698076,0.03215879835849453
D0,SYN067,PAIRED_NULL,BA,A,109,109,0.0,1.0,0.12762847031282473,4.738298174912296,4.610083184513752,3.7939694140507747,3.7605698306517827,0.03176509634085202,0.032756144399519536
D1,SYN067,PAIRED_NULL,BA,A,109,109,0.0,1.0,0.12762847031282473,4.738298174912296,4.610083184513752,3.7939694140507747,3.7605698306517827,0.03176509634085202,0.032756144399519536
D2,SYN067,PAIRED_NULL,BA,A,109,109,0.0,1.0,0.12762847031282473,4.738298174912296,4.610083184513752,3.7939694140507747,3.7605698306517827,0.03176509634085202,0.032756144399519536
D3,SYN067,PAIRED_NULL,BA,A,109,109,0.0,1.0,0.12762847031282473,4.738298174912296,4.610083184513752,3.7939694140507747,3.7605698306517827,0.03176509634085202,0.032756144399519536
D0,SYN068,PAIRED_NULL,BA,A,69,69,0.10236068898497624,1.0000000000000002,0.24679752578098943,15.707768961605701,24.330406973906012,3.138764523421765,3.1127996316742044,0.05978958560311779,0.06168188040202036
D1,SYN068,PAIRED_NULL,BA,A,69,69,0.10236068898497624,1.0000000000000002,0.08906649775591234,3.5125304255242664,1.2612092700413167,3.138764523421765,3.1348410355503464,0.05978958560311779,0.05962257253895508
D2,SYN068,PAIRED_NULL,BA,A,69,67,0.10236068898497624,0.8976393110150239,0.09386371524810963,2.8002650039541,0.7976583238600857,3.1199039477216055,3.1127996316742044,0.0615840259132977,0.06168188040202036
D3,SYN068,PAIRED_NULL,BA,A,69,66,0.10236068898497624,0.8398314317536988,0.09702528578864174,3.6942645273063097,0.9220507399165258,3.0793046927038654,3.072967092283485,0.06561585623872869,0.0656993656054521
D0,SYN069,PAIRED_NULL,BA,A,76,76,0.0,1.0000000000000002,0.11018209314225084,3.740687144135347,3.5242695110475313,3.526874658113845,3.52059960714555,0.04578405906554697,0.044435328905571586
D1,SYN069,PAIRED_NULL,BA,A,76,76,0.0,1.0000000000000002,0.11018209314225084,3.740687144135347,3.5242695110475313,3.526874658113845,3.52059960714555,0.04578405906554697,0.044435328905571586
D2,SYN069,PAIRED_NULL,BA,A,76,76,0.0,1.0000000000000002,0.11018209314225084,3.740687144135348,3.5242695110472546,3.526874658113844,3.52059960714555,0.04578405906554695,0.044435328905571586
D3,SYN069,PAIRED_NULL,BA,A,76,76,0.0,1.0000000000000002,0.11018209314225084,3.740687144135348,3.5242695110472546,3.526874658113844,3.52059960714555,0.04578405906554695,0.044435328905571586
D0,SYN070,PAIRED_NULL,BA,A,98,98,0.0,0.9999999999999999,0.1336009885727159,3.9782032074973306,3.781902149194482,3.680561986595712,3.6587466892676517,0.03542908710405578,0.03426691520684349
D1,SYN070,PAIRED_NULL,BA,A,98,98,0.0,0.9999999999999999,0.1336009885727159,3.9782032074973306,3.781902149194482,3.680561986595712,3.6587466892676517,0.03542908710405578,0.03426691520684349
D2,SYN070,PAIRED_NULL,BA,A,98,98,0.0,0.9999999999999999,0.1336009885727159,3.9782032074973306,3.781902149194482,3.680561986595712,3.6587466892676517,0.03542908710405578,0.03426691520684349
D3,SYN070,PAIRED_NULL,BA,A,98,98,0.0,0.9999999999999999,0.1336009885727159,3.9782032074973306,3.781902149194482,3.680561986595712,3.6587466892676517,0.03542908710405578,0.03426691520684349
D0,SYN071,PAIRED_NULL,BA,A,93,93,0.11796710708028306,1.0000000000000002,0.2877723659717537,16.896071453286112,21.903901435505855,3.7931900945214827,3.7901825648373877,0.030944160157629328,0.030387617976206167
D1,SYN071,PAIRED_NULL,BA,A,93,93,0.11796710708028306,1.0000000000000002,0.14358168834882573,6.409988064689265,7.3618717953356185,3.7931900945214827,3.7862141541585244,0.030944160157629328,0.03078100410086087
D2,SYN071,PAIRED_NULL,BA,A,93,90,0.11796710708028306,0.8820328929197171,0.15297932507956416,7.2347297658995355,8.811125479350286,3.793877909080207,3.7901825648373877,0.0308861319039212,0.030387617976206167
D3,SYN071,PAIRED_NULL,BA,A,93,89,0.11796710708028306,0.8199785258817477,0.15813130687022736,7.620328744476604,8.61721708799016,3.8071739046286197,3.795351866434509,0.030010660080014354,0.030002492145283166
D0,SYN072,PAIRED_NULL,BA,A,87,87,0.008320347068863155,1.0,0.138296246617256,7.923219887008055,1.0035003264753193,3.165716317092368,3.1498695365795366,0.07651037459354448,0.0751849324211306
D1,SYN072,PAIRED_NULL,BA,A,87,87,0.008320347068863155,1.0,0.12205276434332739,6.615575338970667,7.071047947177345,3.165716317092368,3.182734409607398,0.07651037459354448,0.0738620171811375
D2,SYN072,PAIRED_NULL,BA,A,87,83,0.008320347068863155,0.9916796529311368,0.12255449096453437,7.447998082484878,6.633459331420919,3.1346704068958906,3.1498695365795366,0.07777241098988696,0.0751849324211306
D3,SYN072,PAIRED_NULL,BA,A,87,80,0.008320347068863155,0.9834673285507964,0.1218137164116997,7.057909033820342,6.444371374932745,3.1058959460694675,3.1153264188042744,0.07904145443239502,0.0768041886172322
