layer,synthetic_species_id,world,orientation,target_fold,support_cells,support_cells_zero_target_fold_plots,support_truth_mass_fraction_zero_target_fold_plots,hellinger_distance,sliced_wasserstein_km,centroid_displacement_km,true_entropy,estimated_entropy,entropy_bias,true_concentration,estimated_concentration,concentration_bias,estimated_total_mass,total_mass_relative_error
A1,SYN001,STRONG,AB,B,142,3,0.0004360211443605352,0.3870570537462962,61.66294712588087,91.44130401553511,4.074298547053801,3.925982518408185,-0.148316028645616,0.02474853392012693,0.02604355351608099,0.0012950195959540618,100000000.0,2.220446049250313e-16
A2,SYN001,STRONG,AB,B,142,3,0.0004360211443605352,0.12035840361816037,2.4210946642819575,1.68557261907481,4.074298547053801,4.037346497394508,-0.036952049659292996,0.02474853392012693,0.024845267603116505,9.673368298957624e-05,102034089.36712979,0.0203408936712981
A1,SYN001,STRONG,BA,A,142,2,0.01456737058368239,0.5526324546986673,91.33979091830318,135.67434782883512,4.074298547053801,3.414218505080353,-0.660080041973448,0.02474853392012693,0.051005769054668665,0.026257235134541736,100000000.0,2.220446049250313e-16
A2,SYN001,STRONG,BA,A,142,2,0.01456737058368239,0.17632452087665065,5.9410301685888065,5.475410994073697,4.074298547053801,3.892097323842001,-0.1822012232118002,0.02474853392012693,0.028871996684520826,0.004123462764393897,99796008.94148886,-0.0020399105851112154
A1,SYN001,PAIRED_NULL,AB,B,142,3,0.01583818944758296,0.37900614856175874,40.941568729300535,58.15191883920688,4.074298547053802,3.3209497140388957,-0.7533488330149063,0.024748533920126933,0.055798700654632015,0.031050166734505082,100000000.0,2.220446049250313e-16
A2,SYN001,PAIRED_NULL,AB,B,142,3,0.01583818944758296,0.15485139408921864,2.456373152750664,1.4381105441141928,4.074298547053802,3.997608556939336,-0.07668999011446598,0.024748533920126933,0.02562721502993259,0.0008786811098056568,100834026.49049091,0.008340264904909356
A1,SYN001,PAIRED_NULL,BA,A,142,2,0.004395251615730557,0.4028244216185405,39.54626663129474,51.49591594117842,4.074298547053802,3.3514398287267957,-0.7228587183270063,0.024748533920126933,0.05158612948960302,0.026837595569476087,100000000.0,2.220446049250313e-16
A2,SYN001,PAIRED_NULL,BA,A,142,2,0.004395251615730557,0.15424837084546708,3.909290502009492,1.536811927231116,4.074298547053802,4.009127601218085,-0.06517094583571659,0.024748533920126933,0.024773854045261896,2.5320125134963706e-05,100028976.27086669,0.0002897627086670962
A1,SYN002,STRONG,AB,B,65,0,0.0,0.2224911271598198,29.973741780835706,45.07621977257275,3.334547922349198,3.0954913264375525,-0.23905659591164552,0.054854186684438755,0.06942580509149995,0.014571618407061199,100000000.0,0.0
A2,SYN002,STRONG,AB,B,65,0,0.0,0.09096392110574353,3.990729344277417,4.677031073985151,3.334547922349198,3.2613534492603855,-0.07319447308881255,0.054854186684438755,0.05569466357770629,0.000840476893267536,100029929.14407894,0.0002992914407893288
A1,SYN002,STRONG,BA,A,65,0,0.0,0.24161497218890518,30.444266591747596,45.86629868396374,3.334547922349198,3.164887572527399,-0.169660349821799,0.054854186684438755,0.0608457600831456,0.005991573398706845,100000000.0,0.0
A2,SYN002,STRONG,BA,A,65,0,0.0,0.08601173532393531,2.933812423001837,2.9887561648023175,3.334547922349198,3.301624020034338,-0.032923902314859976,0.054854186684438755,0.056032943976648146,0.0011787572922093911,102548648.95173554,0.025486489517355437
A1,SYN002,PAIRED_NULL,AB,B,65,0,0.0,0.23508449452287666,26.501649831552125,32.93322255757137,3.3345479223491976,3.3652771710746174,0.030729248725419822,0.054854186684438755,0.06122448979591837,0.006370303111479618,100000000.0,2.220446049250313e-16
A2,SYN002,PAIRED_NULL,AB,B,65,0,0.0,0.08393500441024927,4.3163835111120825,6.226696151411483,3.3345479223491976,3.289378505111688,-0.045169417237509446,0.054854186684438755,0.056451110113005146,0.0015969234285663908,99570388.02039984,-0.004296119796001419
A1,SYN002,PAIRED_NULL,BA,A,65,0,0.0,0.3070951963315455,40.33289436976127,56.500772817241916,3.3345479223491976,3.3951423979068216,0.060594475557623984,0.054854186684438755,0.052491349480968855,-0.0023628372034699002,100000000.0,2.220446049250313e-16
A2,SYN002,PAIRED_NULL,BA,A,65,0,0.0,0.0928354879551304,3.1546801988637485,4.170319642853623,3.3345479223491976,3.3585038612306666,0.023955938881468963,0.054854186684438755,0.05137591065821245,-0.003478276026226308,103286196.37541974,0.03286196375419759
A1,SYN003,STRONG,AB,B,175,1,0.0008766020190535425,0.19917060510995824,22.211407107861678,33.75817377522003,3.9910630047636566,3.968638495225443,-0.0224245095382134,0.03223603351469619,0.028962594997151092,-0.0032734385175451006,100000000.0,-1.1102230246251565e-16
A2,SYN003,STRONG,AB,B,175,1,0.0008766020190535425,0.1305029626304343,3.0818603946337086,3.525253502120346,3.9910630047636566,3.930638532930257,-0.06042447183339972,0.03223603351469619,0.03282252710337464,0.0005864935886784467,102743542.03131291,0.027435420313129066
A1,SYN003,STRONG,BA,A,175,4,0.0008435012703586149,0.23725558038753852,19.553147604491752,28.647042344039107,3.9910630047636566,3.839034364421736,-0.15202864034192043,0.03223603351469619,0.0340934660655954,0.0018574325508992073,100000000.0,-1.1102230246251565e-16
A2,SYN003,STRONG,BA,A,175,4,0.0008435012703586149,0.16126045404977346,5.085913256232795,4.8422051344728505,3.9910630047636566,3.8545858169884024,-0.1364771877752542,0.03223603351469619,0.03618647898945282,0.003950445474756627,97108632.75126475,-0.02891367248735266
A1,SYN003,PAIRED_NULL,AB,B,175,1,0.0011874585895371554,0.2977625376215817,26.23374908368819,21.49127559824851,3.9910630047636566,3.6939348357818065,-0.2971281689818501,0.03223603351469619,0.04234889861537732,0.010112865100681129,99999999.99999999,-3.3306690738754696e-16
A2,SYN003,PAIRED_NULL,AB,B,175,1,0.0011874585895371554,0.12902544922644188,4.6731892180498456,4.85437929569822,3.9910630047636566,3.9676354635583717,-0.023427541205284896,0.03223603351469619,0.03214528330134099,-9.075021335520211e-05,99112937.9914283,-0.008870620085717151
A1,SYN003,PAIRED_NULL,BA,A,175,4,0.0325634301066906,0.3652999149081977,30.730066560541026,15.378480981575011,3.9910630047636566,3.5465230917574244,-0.4445399130062322,0.03223603351469619,0.052798262679274295,0.020562229164578102,100000000.00000001,0.0
A2,SYN003,PAIRED_NULL,BA,A,175,4,0.0325634301066906,0.21668095960030997,9.739922163694187,13.984332042897366,3.9910630047636566,3.827492710317601,-0.16357029444605553,0.03223603351469619,0.038180041607301415,0.005944008092605223,101615718.66936229,0.01615718669362276
A1,SYN004,STRONG,AB,B,148,0,0.0,0.1463951212225575,4.86324261284678,6.496177363058441,4.101888730650877,4.025542350112749,-0.07634638053812814,0.024482113127460427,0.02541631546120998,0.0009342023337495509,100000000.0,-3.3306690738754696e-16
A2,SYN004,STRONG,AB,B,148,0,0.0,0.12040349492097732,2.954841817220289,3.9223179867743223,4.101888730650877,4.047875861391191,-0.054012869259686624,0.024482113127460427,0.02505365905711106,0.0005715459296506339,104345239.5799336,0.043452395799335575
A1,SYN004,STRONG,BA,A,148,0,0.0,0.22134629547527776,11.167962856059027,16.315010823201106,4.101888730650877,3.971757387070811,-0.13013134358006617,0.024482113127460427,0.026538074895490194,0.0020559617680297668,100000000.0,-3.3306690738754696e-16
A2,SYN004,STRONG,BA,A,148,0,0.0,0.1367793440182265,3.027745964805668,2.7001698286231943,4.101888730650877,3.9932704386470266,-0.10861829200385076,0.024482113127460427,0.026751728533676224,0.0022696154062157962,98781954.75863816,-0.012180452413618759
A1,SYN004,PAIRED_NULL,AB,B,148,0,0.0,0.18727675318655893,19.623971456530032,27.55115459368309,4.1018887306508764,4.081036445378495,-0.020852285272381366,0.024482113127460417,0.023604575072399197,-0.0008775380550612201,99999999.99999999,2.220446049250313e-16
A2,SYN004,PAIRED_NULL,AB,B,148,0,0.0,0.11307637537545163,2.3419904282717776,1.662035098557098,4.1018887306508764,4.053206109255493,-0.048682621395383485,0.024482113127460417,0.025095011197813526,0.0006128980703531094,99851750.94950297,-0.0014824905049699577
A1,SYN004,PAIRED_NULL,BA,A,148,0,0.0,0.23848116130496166,25.493761090991462,36.64747022513347,4.1018887306508764,4.028547140069933,-0.07334159058094336,0.024482113127460417,0.024188115356206526,-0.0002939977712538913,100000000.0,2.220446049250313e-16
A2,SYN004,PAIRED_NULL,BA,A,148,0,0.0,0.14524126938607715,5.661574594300294,7.794929725296268,4.1018887306508764,4.056299380131666,-0.04558935051921065,0.024482113127460417,0.02509406040491408,0.0006119472774536623,98080166.33696587,-0.019198336630340984
A1,SYN005,STRONG,AB,B,140,2,0.016766530366001633,0.277754858290518,10.654691079937255,4.713468910450386,4.078070371149677,3.6770601540889043,-0.40101021706077233,0.025460824207712885,0.0481179879237148,0.022657163716001915,100000000.0,0.0
A2,SYN005,STRONG,AB,B,140,2,0.016766530366001633,0.15010534492696795,3.2364136662122105,1.973692770829334,4.078070371149677,4.024856223316759,-0.053214147832918,0.025460824207712885,0.02593924619623261,0.0004784219885197241,93205078.5549654,-0.06794921445034596
A1,SYN005,STRONG,BA,A,140,4,0.025105563072921756,0.30445347985449384,16.176506918573867,15.584058979038884,4.078070371149677,3.7104520183525502,-0.3676183527971264,0.025460824207712885,0.042044077206792735,0.01658325299907985,100000000.0,0.0
A2,SYN005,STRONG,BA,A,140,4,0.025105563072921756,0.16939819495937106,6.172647763239149,6.8480561878633,4.078070371149677,4.009197226928164,-0.06887314422151292,0.025460824207712885,0.027604083014564074,0.0021432588068511886,98869813.77921957,-0.01130186220780427
A1,SYN005,PAIRED_NULL,AB,B,140,2,0.006847797650775318,0.30576677259574064,24.54773660328855,30.207201447398063,4.078070371149677,3.6681669380756916,-0.409903433073985,0.025460824207712878,0.03732463598682113,0.011863811779108249,100000000.0,2.220446049250313e-16
A2,SYN005,PAIRED_NULL,AB,B,140,2,0.006847797650775318,0.12649244810890312,2.9192669290689244,3.0425303462796833,4.078070371149677,4.041472853884447,-0.03659751726522931,0.025460824207712878,0.0251996722124921,-0.00026115199522077845,95387068.9912219,-0.04612931008778065
A1,SYN005,PAIRED_NULL,BA,A,140,4,0.05282135553990175,0.3163842449408734,28.45634636644767,34.65184638987044,4.078070371149677,3.745761767388887,-0.33230860376078963,0.025460824207712878,0.0342503898418356,0.008789565634122722,100000000.0,2.220446049250313e-16
A2,SYN005,PAIRED_NULL,BA,A,140,4,0.05282135553990175,0.21197690192284105,10.138756296899567,13.9632111925622,4.078070371149677,4.029192794410234,-0.04887757673944293,0.025460824207712878,0.024956440839056716,-0.0005043833686561618,96735560.94009806,-0.032644390599019135
A1,SYN006,STRONG,AB,B,66,0,0.0,0.20395893473181825,9.182960790181694,11.098260141848307,3.1920759122705515,2.9434651165489614,-0.24861079572159017,0.060108578177479915,0.07946922377424308,0.019360645596763162,100000000.0,-3.3306690738754696e-16
A2,SYN006,STRONG,AB,B,66,0,0.0,0.08998334922709482,1.5217693345124352,0.49276201898132255,3.1920759122705515,3.1218710057168235,-0.07020490655372802,0.060108578177479915,0.06357512458497283,0.0034665464074929153,95948921.37402004,-0.04051078625979987
A1,SYN006,STRONG,BA,A,66,1,0.0002745657326295512,0.21695590055618091,9.353125800745946,11.008056443768627,3.1920759122705515,2.931605799348107,-0.2604701129224445,0.060108578177479915,0.08208111824995284,0.02197254007247293,100000000.00000001,-1.1102230246251565e-16
A2,SYN006,STRONG,BA,A,66,1,0.0002745657326295512,0.11634137058360439,3.557499337924504,3.848192508489989,3.1920759122705515,3.1970035613695966,0.004927649099045084,0.060108578177479915,0.05818028771176713,-0.001928290465712787,101164030.03087652,0.01164030030876484
A1,SYN006,PAIRED_NULL,AB,B,66,0,0.0,0.2947294214055242,16.48673409118497,6.344119877191539,3.1920759122705515,3.1652160528997655,-0.026859859370786054,0.060108578177479895,0.053688,-0.006420578177479895,100000000.0,0.0
A2,SYN006,PAIRED_NULL,AB,B,66,0,0.0,0.08652780568049105,1.9047221324719672,2.155965285629102,3.1920759122705515,3.1563336174996195,-0.03574229477093205,0.060108578177479895,0.060048541168481316,-6.0037008998578556e-05,102058361.13218515,0.02058361132185138
A1,SYN006,PAIRED_NULL,BA,A,66,1,0.0011320741407339688,0.31754566631274855,20.43671972724045,25.747684770058015,3.1920759122705515,3.164166291611974,-0.027909620658577605,0.060108578177479895,0.0604721601855668,0.0003635820080869073,100000000.0,0.0
A2,SYN006,PAIRED_NULL,BA,A,66,1,0.0011320741407339688,0.09083054415558874,1.6970350014556617,1.7885311890419586,3.1920759122705515,3.132236753469283,-0.05983915880126833,0.060108578177479895,0.06230542182695337,0.002196843649473472,95685137.41297947,-0.04314862587020529
A1,SYN007,STRONG,AB,B,134,4,0.03337957619535628,0.32590861193676063,21.168739705429026,19.208489112985937,3.2393650073076348,2.489254594932579,-0.7501104123750557,0.07966250210209708,0.15345672279761285,0.07379422069551578,100000000.00000001,2.220446049250313e-16
A2,SYN007,STRONG,AB,B,134,4,0.03337957619535628,0.18234661690575052,3.6480341668214273,2.431250872325252,3.2393650073076348,3.0659610589067476,-0.17340394840088713,0.07966250210209708,0.08800951888904937,0.008347016786952294,95344987.3992829,-0.04655012600717101
A1,SYN007,STRONG,BA,A,134,8,0.009243132419104856,0.32005858890980327,19.73784310670211,18.937661917153903,3.2393650073076348,2.481528961600425,-0.7578360457072097,0.07966250210209708,0.1534324806662701,0.07376997856417303,100000000.00000001,2.220446049250313e-16
A2,SYN007,STRONG,BA,A,134,8,0.009243132419104856,0.15940739879219798,3.411840302156359,4.050919856588017,3.2393650073076348,3.110613016699298,-0.12875199060833697,0.07966250210209708,0.08197746159237065,0.002314959490273577,97903794.78241557,-0.020962052175844348
A1,SYN007,PAIRED_NULL,AB,B,134,4,0.0558880503310203,0.5297615806949493,110.42750859155512,160.61103991755633,3.2393650073076348,3.3636076729278623,0.12424266562022757,0.07966250210209706,0.050047784316684274,-0.02961471778541279,100000000.0,0.0
A2,SYN007,PAIRED_NULL,AB,B,134,4,0.0558880503310203,0.21196128657158086,8.539479671286083,8.242195519178829,3.2393650073076348,3.087921259625589,-0.1514437476820456,0.07966250210209706,0.08567042450584611,0.006007922403749047,94845339.81619847,-0.051546601838015293
A1,SYN007,PAIRED_NULL,BA,A,134,8,0.1584798078738694,0.5522853680949583,83.34922954768392,114.73395424259436,3.2393650073076348,3.412490079732358,0.1731250724247233,0.07966250210209706,0.04807412155468795,-0.03158838054740911,100000000.0,0.0
A2,SYN007,PAIRED_NULL,BA,A,134,8,0.1584798078738694,0.3237522553717267,15.656327934858068,20.02771348182452,3.2393650073076348,3.226308266041292,-0.013056741266342708,0.07966250210209706,0.08134826254437132,0.0016857604422742534,87355560.96042165,-0.12644439039578348
A1,SYN008,STRONG,AB,B,122,0,0.0,0.20041507683102727,12.907861228400439,16.920668075716723,4.10020036133893,3.907968014165262,-0.19223234717366822,0.021966215527144936,0.02795248078266946,0.005986265255524523,100000000.0,2.220446049250313e-16
A2,SYN008,STRONG,AB,B,122,0,0.0,0.11208751830448602,2.4527781042474768,1.0334079940823713,4.10020036133893,4.1141364332357195,0.013936071896789137,0.021966215527144936,0.020926042918486477,-0.0010401726086584594,97635718.30332643,-0.023642816966735536
A1,SYN008,STRONG,BA,A,122,1,0.00037306934003599406,0.2369438490574457,14.704223232160752,21.743619374638193,4.10020036133893,3.865403713459405,-0.23479664787952537,0.021966215527144936,0.027644985857997576,0.00567877033085264,100000000.0,2.220446049250313e-16
A2,SYN008,STRONG,BA,A,122,1,0.00037306934003599406,0.13695635843946508,4.24106649567522,4.16723623743882,4.10020036133893,4.0545960209681535,-0.045604340370776875,0.021966215527144936,0.02297229742549724,0.0010060818983523047,97803608.49091303,-0.02196391509086948
A1,SYN008,PAIRED_NULL,AB,B,122,0,0.0,0.27596920375362544,26.165020325535906,33.63523547076735,4.100200361338931,3.894295709095371,-0.20590465224356036,0.02196621552714495,0.02605583673469388,0.004089621207548931,100000000.00000001,2.220446049250313e-16
A2,SYN008,PAIRED_NULL,AB,B,122,0,0.0,0.12781122236563097,4.240972784305654,4.36630639095883,4.100200361338931,4.007504465020658,-0.09269589631827291,0.02196621552714495,0.023802237357373215,0.0018360218302282648,96178873.35095185,-0.038211266490481455
A1,SYN008,PAIRED_NULL,BA,A,122,1,0.0039157538221955826,0.296895664953264,27.377782500146854,37.97153543233427,4.100200361338931,3.8431645068662608,-0.2570358544726705,0.02196621552714495,0.027926251074150383,0.005960035547005433,100000000.0,0.0
A2,SYN008,PAIRED_NULL,BA,A,122,1,0.0039157538221955826,0.1343336060820795,6.951768681791747,5.897415678717649,4.100200361338931,4.056523665600755,-0.04367669573817601,0.02196621552714495,0.021824864583011666,-0.00014135094413328386,96728590.4379467,-0.03271409562053296
A1,SYN009,STRONG,AB,B,84,4,0.05515904963877116,0.4606068935955741,39.01398570229755,34.14071387774734,3.014426629300741,3.133404886506157,0.11897825720541588,0.10744588475963998,0.05919187145557654,-0.04825401330406344,100000000.0,2.220446049250313e-16
A2,SYN009,STRONG,AB,B,84,4,0.05515904963877116,0.1894913396084027,5.866781842848017,5.294004511989171,3.014426629300741,2.9025066027907687,-0.11192002650997246,0.10744588475963998,0.11728802998452773,0.009842145224887744,93023462.89886308,-0.06976537101136893
A1,SYN009,STRONG,BA,A,84,10,0.02676866017882653,0.4734807367408139,42.830315476789686,55.51173541218784,3.014426629300741,3.0622682875792946,0.04784165827855347,0.10744588475963998,0.06166388901400837,-0.04578199574563161,100000000.0,2.220446049250313e-16
A2,SYN009,STRONG,BA,A,84,10,0.02676866017882653,0.159611833835033,3.2902415565266336,3.429200611107605,3.014426629300741,2.9104496431646014,-0.1039769861361397,0.10744588475963998,0.11310163969437899,0.005655754934739007,103164420.72135364,0.03164420721353656
A1,SYN009,PAIRED_NULL,AB,B,84,4,0.25339915044769284,0.5495515996548683,56.82216878177718,80.83849978389867,3.0144266293007425,2.645389200223536,-0.36903742907720627,0.10744588475964005,0.11837712294962985,0.010931238189989798,99999999.99999999,-1.1102230246251565e-16
A2,SYN009,PAIRED_NULL,AB,B,84,4,0.25339915044769284,0.3814608016042869,26.99590484758734,34.52336991202404,3.0144266293007425,3.0682750005237556,0.053848371223013114,0.10744588475964005,0.10861989292702724,0.0011740081673871916,78086049.03177582,-0.21913950968224183
A1,SYN009,PAIRED_NULL,BA,A,84,10,0.068063848152322,0.43894574572779876,27.886482917800343,15.874741347087115,3.0144266293007425,2.5686003626983194,-0.4458262666024231,0.10744588475964005,0.1339942080641568,0.026548323304516744,99999999.99999999,-1.1102230246251565e-16
A2,SYN009,PAIRED_NULL,BA,A,84,10,0.068063848152322,0.21302016088712025,7.855402189836876,5.939583553284022,3.0144266293007425,2.8539107219456907,-0.16051590735505172,0.10744588475964005,0.11946889312669766,0.012023008367057608,90743167.74974468,-0.0925683225025532
A1,SYN010,STRONG,AB,B,104,0,0.0,0.24773767444760303,18.913276700332553,26.65458744871911,3.556594452287252,3.251759916279708,-0.3048345360075442,0.04415089328568364,0.06566175556844424,0.0215108622827606,99999999.99999997,-1.1102230246251565e-16
A2,SYN010,STRONG,AB,B,104,0,0.0,0.09106664493635273,2.302833288211744,3.00300828383132,3.556594452287252,3.482914415514938,-0.07368003677231405,0.04415089328568364,0.04539901225303176,0.0012481189673481177,100136580.0093586,0.0013658000935861114
A1,SYN010,STRONG,BA,A,104,4,0.0009368939450353612,0.24306740979532246,14.778515937568706,19.811212645625044,3.556594452287252,3.2918713909666413,-0.26472306132061085,0.04415089328568364,0.05984906923463136,0.01569817594894772,100000000.00000001,2.220446049250313e-16
A2,SYN010,STRONG,BA,A,104,4,0.0009368939450353612,0.10912463122670621,5.293880535338593,7.712079005775924,3.556594452287252,3.5226231373821797,-0.033971314905072436,0.04415089328568364,0.04317607180822662,-0.0009748214774570191,97704746.08344269,-0.02295253916557294
A1,SYN010,PAIRED_NULL,AB,B,104,0,0.0,0.28465430648870493,42.36372761066427,58.92682514567495,3.5565944522872517,3.5880000567070134,0.0314056044197617,0.04415089328568365,0.03751399195906719,-0.006636901326616457,100000000.0,2.220446049250313e-16
A2,SYN010,PAIRED_NULL,AB,B,104,0,0.0,0.08846447904377375,4.5143403714586166,6.086172633006318,3.5565944522872517,3.55872049379737,0.002126041510118526,0.04415089328568365,0.04308798321867284,-0.0010629100670108069,101647653.49650984,0.0164765349650986
A1,SYN010,PAIRED_NULL,BA,A,104,4,0.0015290676852761581,0.3215436279185015,48.51839321362427,67.65408471576748,3.5565944522872517,3.527636851508784,-0.02895760077846754,0.04415089328568365,0.04103758920847751,-0.0031133040772061346,99999999.99999999,0.0
A2,SYN010,PAIRED_NULL,BA,A,104,4,0.0015290676852761581,0.09797477084929884,3.078060101045805,3.4866006615893026,3.5565944522872517,3.4933795014858737,-0.06321495080137796,0.04415089328568365,0.046335718962011156,0.0021848256763275092,102501990.96966122,0.025019909696612386
A1,SYN011,STRONG,AB,B,123,0,0.0,0.1735771058068682,9.44353414196849,11.96163499506058,3.968274055356341,3.8398679435279903,-0.1284061118283506,0.02724387456050035,0.03116963150590541,0.003925756945405062,99999999.99999999,-1.1102230246251565e-16
A2,SYN011,STRONG,AB,B,123,0,0.0,0.0897821669030402,1.9177383200520237,0.6777534688524063,3.968274055356341,3.920320318974173,-0.04795373638216782,0.02724387456050035,0.028552509700296585,0.001308635139796236,100773282.46518864,0.007732824651886405
A1,SYN011,STRONG,BA,A,123,1,9.913063469392721e-05,0.2156820934239776,17.517392269547443,25.226339538967217,3.968274055356341,3.7204692774065022,-0.24780477794983868,0.02724387456050035,0.039762520348558844,0.012518645788058495,100000000.0,0.0
A2,SYN011,STRONG,BA,A,123,1,9.913063469392721e-05,0.12868031260076804,3.0553575575744443,0.9704700607411796,3.968274055356341,3.9391697786791346,-0.029104276677206276,0.02724387456050035,0.026515717651913635,-0.0007281569085867134,108814358.7028402,0.08814358702840197
A1,SYN011,PAIRED_NULL,AB,B,123,0,0.0,0.21609450467349942,17.341840500261167,23.17016182705123,3.9682740553563414,3.7521198004757688,-0.2161542548805726,0.027243874560500356,0.034076600819595265,0.0068327262590949095,100000000.0,0.0
A2,SYN011,PAIRED_NULL,AB,B,123,0,0.0,0.10195352725501518,1.9006176804100652,2.626961197876274,3.9682740553563414,3.932588369546931,-0.03568568580941056,0.027243874560500356,0.027468090931957935,0.00022421637145757928,100417347.41303751,0.0041734741303751655
A1,SYN011,PAIRED_NULL,BA,A,123,1,0.00017653415816478956,0.21354447322215356,15.663068007555198,22.19905953909054,3.9682740553563414,3.737079300673778,-0.23119475468256345,0.027243874560500356,0.033805794529532036,0.006561919969031681,100000000.0,0.0
A2,SYN011,PAIRED_NULL,BA,A,123,1,0.00017653415816478956,0.13119982935059069,3.7116203748402468,1.9521086737532651,3.9682740553563414,3.8983622865530134,-0.06991176880332794,0.027243874560500356,0.028137075656956452,0.0008932010964560963,96724810.38044158,-0.032751896195584274
A1,SYN012,STRONG,AB,B,156,2,0.004031817994071641,0.31114178454285024,54.83469764899931,80.37415647523501,4.101538350802214,3.4756501850891164,-0.6258881657130972,0.02790268511238867,0.061901032395870415,0.03399834728348174,100000000.0,0.0
A2,SYN012,STRONG,AB,B,156,2,0.004031817994071641,0.137664345906836,6.478405907880392,7.718750335948542,4.101538350802214,3.99799412628889,-0.10354422451332379,0.02790268511238867,0.030403612223574062,0.0025009271111853908,97897455.8386572,-0.02102544161342801
A1,SYN012,STRONG,BA,A,156,4,0.002300821389069689,0.33752005808187946,46.9034835432507,61.49892545958385,4.101538350802214,3.5957018836626657,-0.5058364671395479,0.02790268511238867,0.046324515943743594,0.018421830831354923,100000000.0,0.0
A2,SYN012,STRONG,BA,A,156,4,0.002300821389069689,0.18607571411364882,4.168120287997568,3.3392135264928364,4.101538350802214,3.970359396412828,-0.13117895438938554,0.02790268511238867,0.028903627499354975,0.001000942386966304,96025236.51588222,-0.039747634841177715
A1,SYN012,PAIRED_NULL,AB,B,156,2,0.013588864158904562,0.3587480016915116,48.781516961735015,52.31857978952318,4.101538350802214,3.9504033779602823,-0.15113497284193134,0.027902685112388668,0.026520177099327677,-0.0013825080130609908,100000000.0,-1.1102230246251565e-16
A2,SYN012,PAIRED_NULL,AB,B,156,2,0.013588864158904562,0.16193362067946013,13.581172766361496,14.584234810266107,4.101538350802214,4.119294273116008,0.017755922313794414,0.027902685112388668,0.025835019266712382,-0.0020676658456762857,97136114.5448368,-0.028638854551632065
A1,SYN012,PAIRED_NULL,BA,A,156,4,0.07526686285410002,0.42767081114374733,64.95544016262583,87.10405823835514,4.101538350802214,3.881109389621504,-0.22042896118070976,0.027902685112388668,0.0267522202243499,-0.0011504648880387679,100000000.0,-1.1102230246251565e-16
A2,SYN012,PAIRED_NULL,BA,A,156,4,0.07526686285410002,0.2661826510514193,11.301572799877187,12.864976874209463,4.101538350802214,4.026336546617133,-0.07520180418508104,0.027902685112388668,0.026981045886862988,-0.0009216392255256799,85238748.36505082,-0.1476125163494919
A1,SYN013,STRONG,AB,B,127,1,0.0006646048761776539,0.18698841782157916,8.083114237050026,5.578069236326237,3.754056729417147,3.599923680859397,-0.15413304855775012,0.038929258297461064,0.04534259470880528,0.006413336411344214,100000000.0,2.220446049250313e-16
A2,SYN013,STRONG,AB,B,127,1,0.0006646048761776539,0.10927637647945301,3.316987312233732,3.726253483314433,3.754056729417147,3.717551253690814,-0.036505475726333,0.038929258297461064,0.038195589585456435,-0.0007336687120046287,99410729.30765694,-0.0058927069234304685
A1,SYN013,STRONG,BA,A,127,8,0.005104551538631173,0.2249815318342918,14.131592417735488,12.412492981080662,3.754056729417147,3.6130230831247947,-0.14103364629235227,0.038929258297461064,0.043660513623393356,0.004731255325932292,100000000.0,2.220446049250313e-16
A2,SYN013,STRONG,BA,A,127,8,0.005104551538631173,0.1265155967049826,6.590994556462118,9.979515045573287,3.754056729417147,3.675000331916949,-0.0790563975001981,0.038929258297461064,0.04057949844001521,0.0016502401425541463,101256749.96079113,0.012567499607911481
A1,SYN013,PAIRED_NULL,AB,B,127,1,0.001409603914316697,0.3670782434244087,16.435916924143932,9.14710811495164,3.754056729417148,3.377082244949987,-0.37697448446716075,0.03892925829746108,0.05629146988369151,0.017362211586230435,100000000.0,0.0
A2,SYN013,PAIRED_NULL,AB,B,127,1,0.001409603914316697,0.1108264745315985,3.6784139270464338,5.196576970821594,3.754056729417148,3.7093430176229627,-0.04471371179418515,0.03892925829746108,0.04034293323822764,0.0014136749407665655,103477638.79356655,0.03477638793566551
A1,SYN013,PAIRED_NULL,BA,A,127,8,0.056690097245140424,0.35245612391475034,16.56733382875385,10.152887031243434,3.754056729417148,3.342779683683277,-0.411277045733871,0.03892925829746108,0.05411600714076297,0.015186748843301894,100000000.0,0.0
A2,SYN013,PAIRED_NULL,BA,A,127,8,0.056690097245140424,0.21462009814498795,7.258154117882518,11.654091071192262,3.754056729417148,3.576478545994478,-0.17757818342266996,0.03892925829746108,0.04298658624832574,0.004057327950864664,95350486.52156308,-0.046495134784369174
A1,SYN014,STRONG,AB,B,125,0,0.0,0.25581919209703796,20.78500163192358,14.141088518741821,3.7842007847202326,3.561021190913999,-0.22317959380623353,0.033066524317219535,0.041820905287443394,0.008754380970223859,100000000.0,0.0
A2,SYN014,STRONG,AB,B,125,0,0.0,0.11184749829685386,2.547935483038526,3.094294573320204,3.7842007847202326,3.7448246362340276,-0.039376148486204965,0.033066524317219535,0.03325670118009841,0.00019017686287887275,99669722.65737501,-0.003302773426249961
A1,SYN014,STRONG,BA,A,125,0,0.0,0.2951734140297654,32.8142989277758,36.3050906944566,3.7842007847202326,3.564997508007425,-0.2192032767128076,0.033066524317219535,0.043690600069372185,0.01062407575215265,100000000.0,0.0
A2,SYN014,STRONG,BA,A,125,0,0.0,0.1415652255715055,4.152854491144768,2.7679697093345133,3.7842007847202326,3.7071978880321743,-0.07700289668805826,0.033066524317219535,0.03370098901941381,0.0006344647021942762,97977874.67765604,-0.020221253223439595
A1,SYN014,PAIRED_NULL,AB,B,125,0,0.0,0.2391317329770418,17.977878332033153,17.158895533383138,3.7842007847202317,3.484333615292179,-0.2998671694280528,0.03306652431721953,0.047847509533891455,0.014780985216671927,100000000.0,0.0
A2,SYN014,PAIRED_NULL,AB,B,125,0,0.0,0.11427616325581366,4.55209354433437,6.023531249850086,3.7842007847202317,3.717817177245677,-0.06638360747455474,0.03306652431721953,0.03514056570010135,0.002074041382881822,103892526.49612443,0.03892526496124438
A1,SYN014,PAIRED_NULL,BA,A,125,0,0.0,0.24049142046814057,16.90141677268594,16.692663702288417,3.7842007847202317,3.439629501019784,-0.34457128370044776,0.03306652431721953,0.049349917481785605,0.016283393164566076,99999999.99999999,-1.1102230246251565e-16
A2,SYN014,PAIRED_NULL,BA,A,125,0,0.0,0.14626850276060926,6.587496561291912,9.919610978920428,3.7842007847202317,3.713613433450407,-0.07058735126982452,0.03306652431721953,0.03383430656353326,0.0007677822463137349,95857941.05837563,-0.041420589416243714
A1,SYN015,STRONG,AB,B,166,3,0.003919748446585361,0.2384924598729579,18.741666084557725,10.181679987584678,4.0717811512719715,3.579214324680619,-0.4925668265913523,0.026730598765853528,0.045970772213653276,0.019240173447799748,100000000.0,-1.1102230246251565e-16
A2,SYN015,STRONG,AB,B,166,3,0.003919748446585361,0.12370157147643798,3.614010040205206,4.036994980177583,4.0717811512719715,4.0456061214367685,-0.026175029835203034,0.026730598765853528,0.02719190340787145,0.00046130464201792065,99568998.49291383,-0.004310015070861928
A1,SYN015,STRONG,BA,A,166,12,0.005414952612712311,0.26344948235038024,21.479524981826597,8.398610208676343,4.0717811512719715,3.5241490761843774,-0.547632075087594,0.026730598765853528,0.04951456846925093,0.022783969703397404,100000000.0,-1.1102230246251565e-16
A2,SYN015,STRONG,BA,A,166,12,0.005414952612712311,0.14715869685065874,3.467526107528172,4.138984059573574,4.0717811512719715,4.052089117796225,-0.019692033475746662,0.026730598765853528,0.025832792964512356,-0.000897805801341172,100365034.14565718,0.0036503414565716152
A1,SYN015,PAIRED_NULL,AB,B,166,3,0.0005134027948976425,0.31198442688156997,51.49047029717591,62.980886413205766,4.0717811512719715,3.9231615872638974,-0.14861956400807408,0.026730598765853524,0.027745665220458425,0.0010150664546049008,100000000.0,2.220446049250313e-16
A2,SYN015,PAIRED_NULL,AB,B,166,3,0.0005134027948976425,0.12050050833620717,5.7588924842593,6.725435362717134,4.0717811512719715,4.028636646053929,-0.04314450521804236,0.026730598765853524,0.026892646949696605,0.0001620481838430811,101558277.6575861,0.015582776575861157
A1,SYN015,PAIRED_NULL,BA,A,166,12,0.0065435652747402335,0.3168432403858722,56.390257439982555,73.8914046645748,4.0717811512719715,3.93687292008031,-0.13490823119166162,0.026730598765853524,0.028489459338568987,0.0017588605727154628,99999999.99999999,0.0
A2,SYN015,PAIRED_NULL,BA,A,166,12,0.0065435652747402335,0.1442958303029534,2.9338088287793918,1.7945723977021903,4.0717811512719715,3.9813454747758605,-0.09043567649611095,0.026730598765853524,0.027565389401898895,0.0008347906360453711,96828103.55538891,-0.031718964446110776
A1,SYN016,STRONG,AB,B,103,5,0.0031399488917188065,0.27354976214803095,19.502784038580256,21.349227247845203,3.3479873330201197,2.701309837436349,-0.6466774955837709,0.07135879664314417,0.11044908692476262,0.03909029028161845,100000000.0,-1.1102230246251565e-16
A2,SYN016,STRONG,AB,B,103,5,0.0031399488917188065,0.10793702116645129,2.4911046416367335,4.245954985571365,3.3479873330201197,3.344975141630532,-0.0030121913895877483,0.07135879664314417,0.06908430424555449,-0.0022744923975896725,98545500.48838517,-0.014544995116148485
A1,SYN016,STRONG,BA,A,103,9,0.01791505337555063,0.2920173270652448,18.91863391544716,19.022104610154983,3.3479873330201197,2.650698194274135,-0.697289138745985,0.07135879664314417,0.11181105095099263,0.04045225430784846,100000000.00000001,0.0
A2,SYN016,STRONG,BA,A,103,9,0.01791505337555063,0.1606962529034226,4.614801289629532,5.728068945722747,3.3479873330201197,3.2684991997277892,-0.07948813329233051,0.07135879664314417,0.07458603109404749,0.003227234450903324,98707170.28668675,-0.012928297133132705
A1,SYN016,PAIRED_NULL,AB,B,103,5,0.06184842938637392,0.4482623682967352,34.67656908897786,49.7020785127167,3.3479873330201193,2.964474468054167,-0.38351286496595227,0.07135879664314418,0.09604878424130502,0.024689987598160837,100000000.0,-1.1102230246251565e-16
A2,SYN016,PAIRED_NULL,AB,B,103,5,0.06184842938637392,0.2036164551090251,3.819056054079258,1.5949393442567337,3.3479873330201193,3.260866365302691,-0.0871209677174285,0.07135879664314418,0.07552711505602941,0.00416831841288523,93967458.76793948,-0.0603254123206054
A1,SYN016,PAIRED_NULL,BA,A,103,9,0.013675056908925773,0.4237252669869831,31.52521582524016,43.82699243563343,3.3479873330201193,2.944238293652223,-0.4037490393678964,0.07135879664314418,0.09920500908169877,0.02784621243855459,100000000.0,-1.1102230246251565e-16
A2,SYN016,PAIRED_NULL,BA,A,103,9,0.013675056908925773,0.15730710122164976,4.686917227991028,3.775531711286753,3.3479873330201193,3.1885141928974354,-0.15947314012268388,0.07135879664314418,0.08204578287866485,0.010686986235520668,100743457.76420286,0.007434577642028373
A1,SYN017,STRONG,AB,B,168,0,0.0,0.21202816204015962,13.917621660518462,9.08402598005321,4.143431467017391,3.78450890274487,-0.35892256427252045,0.024780601207551073,0.03766247756525552,0.01288187635770445,99999999.99999999,0.0
A2,SYN017,STRONG,AB,B,168,0,0.0,0.11040031914135419,2.575083085292254,3.1755816896947886,4.143431467017391,4.07488190394282,-0.06854956307457094,0.024780601207551073,0.025267802092372022,0.0004872008848209493,106533796.08065958,0.06533796080659604
A1,SYN017,STRONG,BA,A,168,0,0.0,0.2364188292591517,13.936435653282167,15.106746981737542,4.143431467017391,3.874499419688627,-0.2689320473287635,0.024780601207551073,0.03433541569574119,0.009554814488190115,99999999.99999999,0.0
A2,SYN017,STRONG,BA,A,168,0,0.0,0.13695976083454883,5.492564529434193,8.192839055310579,4.143431467017391,4.091118039227392,-0.05231342778999881,0.024780601207551073,0.025431145615876203,0.0006505444083251301,104984249.09619313,0.049842490961931496
A1,SYN017,PAIRED_NULL,AB,B,168,0,0.0,0.18352650393310438,14.099720677484074,21.344148564424565,4.143431467017391,4.132800395184694,-0.010631071832696293,0.024780601207551076,0.025190091263723284,0.0004094900561722077,100000000.00000001,2.220446049250313e-16
A2,SYN017,PAIRED_NULL,AB,B,168,0,0.0,0.11926516436811764,2.3509648807189505,1.6292855029690196,4.143431467017391,4.081994794162589,-0.0614366728548017,0.024780601207551076,0.024771967250017603,-8.633957533473596e-06,99435425.62211743,-0.0056457437788256515
A1,SYN017,PAIRED_NULL,BA,A,168,0,0.0,0.22858942769049143,11.011449379792584,14.673602774090194,4.143431467017391,4.035827370582995,-0.10760409643439584,0.024780601207551076,0.025881632653061228,0.001101031445510152,100000000.00000001,2.220446049250313e-16
A2,SYN017,PAIRED_NULL,BA,A,168,0,0.0,0.1503685999012773,5.5108111889769065,6.58365483004822,4.143431467017391,4.04776423518754,-0.09566723182985104,0.024780601207551076,0.025921204083797268,0.0011406028762461912,97653730.65247715,-0.023462693475228558
A1,SYN018,STRONG,AB,B,66,0,0.0,0.1287420519705211,4.34109918183709,2.3256060628398103,3.0321024927979034,3.0997830297063547,0.06768053690845122,0.07712691256957196,0.06464141193944309,-0.012485500630128876,100000000.0,0.0
A2,SYN018,STRONG,AB,B,66,0,0.0,0.07689760135780645,1.8032285668988985,2.0954366343776405,3.0321024927979034,2.982040527777694,-0.05006196502020943,0.07712691256957196,0.08201834724674309,0.004891434677171125,100837863.6804454,0.008378636804454054
A1,SYN018,STRONG,BA,A,66,2,0.001360892112001607,0.1451319726676649,5.835569969389554,4.374697154794321,3.0321024927979034,3.0581832921114502,0.026080799313546787,0.07712691256957196,0.07516306217836503,-0.001963850391206931,99999999.99999999,-1.1102230246251565e-16
A2,SYN018,STRONG,BA,A,66,2,0.001360892112001607,0.10225049048228828,1.6811852058380772,2.3349908496727196,3.0321024927979034,2.9739277005808686,-0.05817479221703481,0.07712691256957196,0.07995291908162983,0.0028260065120578604,102983167.87316215,0.029831678731621514
A1,SYN018,PAIRED_NULL,AB,B,66,0,0.0,0.16668345302013718,13.49288200321622,20.02124277474138,3.032102492797904,2.934494278390612,-0.09760821440729206,0.07712691256957195,0.08483875819649835,0.007711845626926395,100000000.0,-1.1102230246251565e-16
A2,SYN018,PAIRED_NULL,AB,B,66,0,0.0,0.0785722023356693,1.7523712656794637,0.26368919090995957,3.032102492797904,2.993577437144805,-0.03852505565309894,0.07712691256957195,0.08097837697845728,0.0038514644088853273,103721417.09127867,0.03721417091278667
A1,SYN018,PAIRED_NULL,BA,A,66,2,0.007646228524752776,0.1516494618897544,6.649005099191018,6.283876191706315,3.032102492797904,2.8335762127566557,-0.19852628004124817,0.07712691256957195,0.09114240092901728,0.014015488359445327,100000000.00000001,0.0
A2,SYN018,PAIRED_NULL,BA,A,66,2,0.007646228524752776,0.10189350342363919,3.6668721341251707,5.824957956273051,3.032102492797904,2.984692410177585,-0.04741008262031876,0.07712691256957195,0.07875772454509822,0.0016308119755262668,103167034.47139268,0.0316703447139266
A1,SYN019,STRONG,AB,B,76,3,0.0035638702817196045,0.22627984302048,13.330592334238588,7.260384990459616,3.42535682873782,3.1789769322693706,-0.24637989646844938,0.046124115958640216,0.05987059143624801,0.013746475477607795,100000000.0,-1.1102230246251565e-16
A2,SYN019,STRONG,AB,B,76,3,0.0035638702817196045,0.102438992717411,2.940820249325948,5.650883401867634,3.42535682873782,3.4250922201377567,-0.00026460860006327636,0.046124115958640216,0.046162359757280405,3.824379864018901e-05,98239178.63182434,-0.01760821368175669
A1,SYN019,STRONG,BA,A,76,4,0.006680299995994147,0.24103934920526324,12.839764591332607,7.093152106563002,3.42535682873782,3.215089867334231,-0.21026696140358903,0.046124115958640216,0.05738568228971696,0.011261566331076743,100000000.00000001,0.0
A2,SYN019,STRONG,BA,A,76,4,0.006680299995994147,0.12044974526419297,4.102500449638441,6.132458506312179,3.42535682873782,3.3589597346138484,-0.06639709412397155,0.046124115958640216,0.04747879198347161,0.001354676024831393,92220935.44504058,-0.07779064554959425
A1,SYN019,PAIRED_NULL,AB,B,76,3,0.009524508385849185,0.3254822639407829,23.959086468841747,25.559090560982504,3.42535682873782,3.382429558844285,-0.04292726989353479,0.046124115958640216,0.04244653370421604,-0.003677582254424175,100000000.0,0.0
A2,SYN019,PAIRED_NULL,AB,B,76,3,0.009524508385849185,0.11042768425784287,4.461151514754192,5.721115248156502,3.42535682873782,3.3451287523659845,-0.08022807637183549,0.046124115958640216,0.04847566516982091,0.0023515492111806924,96926340.69597569,-0.03073659304024312
A1,SYN019,PAIRED_NULL,BA,A,76,4,0.07074349266791634,0.35226057352534706,19.94383907811149,18.91617606824517,3.42535682873782,3.272013430312219,-0.15334339842560096,0.046124115958640216,0.0493861000165331,0.0032619840578928805,100000000.0,0.0
A2,SYN019,PAIRED_NULL,BA,A,76,4,0.07074349266791634,0.21891189968732744,6.1475837135993086,3.6745107700932524,3.42535682873782,3.3578667726030913,-0.0674900561347287,0.046124115958640216,0.04866991477724903,0.0025457988186088146,99683601.71052974,-0.003163982894702544
A1,SYN020,STRONG,AB,B,105,11,0.09596602221556126,0.5445098492125979,59.223117762074075,62.50420901165155,3.188963444901398,1.6607114789233153,-1.5282519659780829,0.07135501001820901,0.3286816891080441,0.2573266790898351,100000000.0,0.0
A2,SYN020,STRONG,AB,B,105,11,0.09596602221556126,0.24601681041008885,6.719434503463729,3.6142713435454272,3.188963444901398,3.070654447958754,-0.1183089969426443,0.07135501001820901,0.07901754360284959,0.007662533584640571,88954086.48143867,-0.11045913518561334
A1,SYN020,STRONG,BA,A,105,19,0.1815386625578393,0.5478345632319785,55.72137177508117,43.38255439646307,3.188963444901398,1.7890634345176086,-1.3999000103837895,0.07135501001820901,0.3147376597697903,0.24338264975158128,100000000.0,0.0
A2,SYN020,STRONG,BA,A,105,19,0.1815386625578393,0.33212654789705537,12.909040398263373,16.585562411997735,3.188963444901398,3.0090044193225274,-0.17995902557887078,0.07135501001820901,0.07953466402436583,0.00817965400615682,82902631.25803313,-0.17097368741966879
A1,SYN020,PAIRED_NULL,AB,B,105,11,0.13217331444359376,0.7241875578272727,86.34787123355814,117.55423103125848,3.188963444901398,2.4456488739433118,-0.7433145709580864,0.07135501001820899,0.14453125,0.07317623998179101,100000000.0,2.220446049250313e-16
A2,SYN020,PAIRED_NULL,AB,B,105,11,0.13217331444359376,0.27925965568182287,15.24884019528092,21.555256721189267,3.188963444901398,3.007465787477158,-0.18149765742424018,0.07135501001820899,0.08593289165639513,0.014577881638186144,90844122.29557814,-0.09155877704421844
A1,SYN020,PAIRED_NULL,BA,A,105,19,0.29966401048679914,0.6617422324302322,60.41538335261567,79.29445603723389,3.188963444901398,2.6401161092783108,-0.5488473356230874,0.07135501001820899,0.09732910819375282,0.02597409817554383,100000000.0,2.220446049250313e-16
A2,SYN020,PAIRED_NULL,BA,A,105,19,0.29966401048679914,0.42707808265924724,15.949215777001537,5.252159251954391,3.188963444901398,2.865600517526193,-0.323362927375205,0.07135501001820899,0.09778114629265451,0.026426136274445525,68065150.32767025,-0.31934849672329746
A1,SYN021,STRONG,AB,B,161,0,0.0,0.24985552039863854,23.206493918561687,33.32738157753857,4.3702009011489364,4.195777524051355,-0.1744233770975816,0.01746934765962923,0.02010487886444709,0.0026355312048178606,100000000.0,-3.3306690738754696e-16
A2,SYN021,STRONG,AB,B,161,0,0.0,0.12676276538952394,4.192308132822216,5.531545717348004,4.3702009011489364,4.3025561026684835,-0.0676447984804529,0.01746934765962923,0.018690720570153845,0.0012213729105246159,101007242.79393412,0.010072427939340933
A1,SYN021,STRONG,BA,A,161,1,0.00022732536441824833,0.2599533275256437,23.26970752964292,33.28559583946124,4.3702009011489364,4.152434759457799,-0.21776614169113717,0.01746934765962923,0.022001886968865014,0.004532539309235785,99999999.99999999,-4.440892098500626e-16
A2,SYN021,STRONG,BA,A,161,1,0.00022732536441824833,0.16789012085041688,5.520563643269969,7.480406763978831,4.3702009011489364,4.232401014875541,-0.13779988627339534,0.01746934765962923,0.01974234436815127,0.002272996708522039,97909243.70072336,-0.020907562992766637
A1,SYN021,PAIRED_NULL,AB,B,161,0,0.0,0.2993835411510149,31.44718307804237,46.26476251892679,4.3702009011489364,4.10531946237472,-0.2648814387742169,0.01746934765962922,0.02544125270996324,0.00797190505033402,100000000.0,0.0
A2,SYN021,PAIRED_NULL,AB,B,161,0,0.0,0.1268268904451283,2.5498633784398437,1.5503597799276965,4.3702009011489364,4.318802580189798,-0.05139832095913821,0.01746934765962922,0.018148949013372346,0.000679601353743127,97158513.4056489,-0.028414865943510947
A1,SYN021,PAIRED_NULL,BA,A,161,1,0.01636758067490526,0.308566309975645,29.425884930096302,41.84756051690544,4.3702009011489364,4.131199925137468,-0.23900097601146886,0.01746934765962922,0.023754560605378137,0.0062852129457489185,100000000.0,0.0
A2,SYN021,PAIRED_NULL,BA,A,161,1,0.01636758067490526,0.20153416818362155,6.086648904424323,7.895561728553822,4.3702009011489364,4.265471176004345,-0.10472972514459133,0.01746934765962922,0.01904298539802538,0.0015736377383961594,94765962.20618567,-0.05234037793814328
A1,SYN022,STRONG,AB,B,168,2,0.0060010475414088915,0.3211573497084276,20.420563828717768,21.86838556465637,4.431819532106331,4.056392785392205,-0.3754267467141261,0.016573544167291683,0.02260589599609375,0.006032351828802067,100000000.0,2.220446049250313e-16
A2,SYN022,STRONG,AB,B,168,2,0.0060010475414088915,0.1427724739103012,5.847258146539234,7.635508142447086,4.431819532106331,4.318646526284816,-0.11317300582151546,0.016573544167291683,0.01856808698144629,0.0019945428141546068,99752353.83717766,-0.0024764616282230145
A1,SYN022,STRONG,BA,A,168,2,0.0009391752353022787,0.34361231805582026,30.62008623306634,43.32808877559996,4.431819532106331,4.09404249382999,-0.3377770382763412,0.016573544167291683,0.021532849256131605,0.004959305088839922,100000000.0,2.220446049250313e-16
A2,SYN022,STRONG,BA,A,168,2,0.0009391752353022787,0.159947320330729,4.6108711227735135,4.7323245001756495,4.431819532106331,4.386459532140821,-0.04535999996551077,0.016573544167291683,0.016137919504553032,-0.0004356246627386512,100195398.19134423,0.0019539819134426484
A1,SYN022,PAIRED_NULL,AB,B,168,2,0.032553745592915,0.45969017830309766,75.67777729197992,108.86221074479717,4.431819532106332,4.262160527355947,-0.1696590047503852,0.016573544167291687,0.017074321381913192,0.0005007772146215055,100000000.0,0.0
A2,SYN022,PAIRED_NULL,AB,B,168,2,0.032553745592915,0.19116470780947692,8.17194252397149,9.448546727873707,4.431819532106332,4.37464399343808,-0.0571755386682522,0.016573544167291687,0.017496721920798264,0.0009231777535065773,98052426.37391724,-0.01947573626082766
A1,SYN022,PAIRED_NULL,BA,A,168,2,0.032128527594247766,0.5102062401023696,72.8102111283834,92.72466215462612,4.431819532106332,4.119516813896729,-0.31230271820960365,0.016573544167291687,0.02006838115058719,0.0034948369832955017,100000000.0,0.0
A2,SYN022,PAIRED_NULL,BA,A,168,2,0.032128527594247766,0.2090068339137358,6.403948328428442,3.7569132481774656,4.431819532106332,4.2811909547510485,-0.1506285773552838,0.016573544167291687,0.018928880091237416,0.002355335923945729,94048672.83942826,-0.0595132716057174
A1,SYN023,STRONG,AB,B,170,0,0.0,0.18039902364533417,17.476415248858494,24.17144185798087,4.038687170326243,4.112768411462968,0.07408124113672443,0.029314883588095975,0.02306455275297133,-0.006250330835124645,99999999.99999999,-3.3306690738754696e-16
A2,SYN023,STRONG,AB,B,170,0,0.0,0.12239567375002891,3.3445042430328487,3.8397561684865136,4.038687170326243,3.9849847419488547,-0.05370242837738859,0.029314883588095975,0.029883828892645466,0.000568945304549491,104597378.73937449,0.04597378739374469
A1,SYN023,STRONG,BA,A,170,4,0.0006258741358090178,0.2290466776876483,18.874696185321895,25.839339724675526,4.038687170326243,4.03223212163199,-0.006455048694252952,0.029314883588095975,0.025058499288435093,-0.004256384299660881,99999999.99999997,-4.440892098500626e-16
A2,SYN023,STRONG,BA,A,170,4,0.0006258741358090178,0.15809397044622117,2.5993953899920386,0.9013473353757804,4.038687170326243,4.00067441516738,-0.0380127551588636,0.029314883588095975,0.028900544214974344,-0.0004143393731216305,99844728.01303898,-0.001552719869610364
A1,SYN023,PAIRED_NULL,AB,B,170,0,0.0,0.2720244787933597,24.902437220341763,25.998073498416666,4.038687170326243,3.6896919886907016,-0.34899518163554166,0.029314883588095975,0.03878013790550234,0.009465254317406364,100000000.0,0.0
A2,SYN023,PAIRED_NULL,AB,B,170,0,0.0,0.13456771675473803,3.634814987594702,2.9549007852473967,4.038687170326243,3.971098764346384,-0.06758840597985927,0.029314883588095975,0.030232569994538883,0.000917686406442908,98754002.93445861,-0.012459970655413821
A1,SYN023,PAIRED_NULL,BA,A,170,4,0.010697321075975411,0.29153089617411837,25.5842291060083,29.47216869760972,4.038687170326243,3.715496983230502,-0.32319018709574143,0.029314883588095975,0.03654541483656483,0.007230531248468855,100000000.0,0.0
A2,SYN023,PAIRED_NULL,BA,A,170,4,0.010697321075975411,0.16588448909505787,5.522074591430418,9.91678471418152,4.038687170326243,3.9141093404758873,-0.12457782985035593,0.029314883588095975,0.03269170277940134,0.0033768191913053636,101737062.07259601,0.017370620725960073
A1,SYN024,STRONG,AB,B,75,0,0.0,0.12820910645767553,6.874501192500764,1.3801041233340838,3.1274565354957824,2.9248385771621668,-0.20261795833361562,0.06472058258089497,0.07774312917810974,0.013022546597214774,100000000.00000001,-1.1102230246251565e-16
A2,SYN024,STRONG,AB,B,75,0,0.0,0.06891319067128229,1.2359535891804456,1.7770859306706228,3.1274565354957824,3.1148765151049007,-0.012580020390881685,0.06472058258089497,0.06578531604590446,0.0010647334650094875,96508488.92227823,-0.034915110777217984
A1,SYN024,STRONG,BA,A,75,1,0.0005188925796015193,0.14259601074145828,7.1092483445082015,1.2830175466732363,3.1274565354957824,2.9157498336118315,-0.2117067018839509,0.06472058258089497,0.07683453613135627,0.012113953550461298,99999999.99999999,-4.440892098500626e-16
A2,SYN024,STRONG,BA,A,75,1,0.0005188925796015193,0.0863101453773451,1.0789719025971836,1.865148218735629,3.1274565354957824,3.0986538006000894,-0.02880273489569296,0.06472058258089497,0.06441482981923097,-0.0003057527616640021,98688668.83915868,-0.013113311608413447
A1,SYN024,PAIRED_NULL,AB,B,75,0,0.0,0.30625802457499596,44.05200387218763,65.64035175055568,3.1274565354957815,3.0668005932966853,-0.0606559421990962,0.06472058258089491,0.08528374926297223,0.02056316668207732,100000000.0,2.220446049250313e-16
A2,SYN024,PAIRED_NULL,AB,B,75,0,0.0,0.08098411791256742,4.330790632459498,5.61705616299156,3.1274565354957815,3.0678179367590306,-0.059638598736750925,0.06472058258089491,0.06809695844935673,0.0033763758684618173,98384102.91246563,-0.01615897087534357
A1,SYN024,PAIRED_NULL,BA,A,75,1,0.028354122026685875,0.3204558130933478,58.76898106381528,88.15749157924355,3.1274565354957815,3.1322994167577485,0.004842881261966969,0.06472058258089491,0.06968853757238032,0.004967954991485404,100000000.0,2.220446049250313e-16
A2,SYN024,PAIRED_NULL,BA,A,75,1,0.028354122026685875,0.14595589840539508,6.710393106390779,3.2773694805851745,3.1274565354957815,3.0402594134253977,-0.08719712207038377,0.06472058258089491,0.07186037646581,0.007139793884915091,102901366.03454176,0.029013660345417636
A1,SYN025,STRONG,AB,B,133,1,0.0001808685886774951,0.26043769657561533,14.087328914437386,13.385923297648054,3.8141924249742383,3.423898883125473,-0.3902935418487652,0.03445635113567502,0.04828476800193705,0.01382841686626203,100000000.0,-1.1102230246251565e-16
A2,SYN025,STRONG,AB,B,133,1,0.0001808685886774951,0.1329127259304079,3.6067503195563493,3.234835912298529,3.8141924249742383,3.7728089922452686,-0.041383432728969716,0.03445635113567502,0.03454271076586424,8.635963018921444e-05,99615126.32149974,-0.0038487367850027487
A1,SYN025,STRONG,BA,A,133,11,0.005411650185516862,0.27318068515277066,13.293680248095363,21.325369866770146,3.8141924249742383,3.4197565518865503,-0.394435873087688,0.03445635113567502,0.04483402474553367,0.010377673609858647,99999999.99999999,-3.3306690738754696e-16
A2,SYN025,STRONG,BA,A,133,11,0.005411650185516862,0.15754445370178868,6.472610938933986,5.448963600911059,3.8141924249742383,3.6577729256153697,-0.15641949935886856,0.03445635113567502,0.03859767799142552,0.004141326855750499,102607082.40627141,0.026070824062713882
A1,SYN025,PAIRED_NULL,AB,B,133,1,0.022171432483732018,0.35198351876933087,45.16534472794737,67.47004671008676,3.8141924249742383,3.3851059740288143,-0.42908645094542397,0.03445635113567502,0.052806455440844904,0.01835010430516988,100000000.0,0.0
A2,SYN025,PAIRED_NULL,AB,B,133,1,0.022171432483732018,0.17568165330879967,4.567604631452742,5.007714372531935,3.8141924249742383,3.7766365187630857,-0.03755590621115257,0.03445635113567502,0.03396011582540643,-0.0004962353102685932,92474410.48277442,-0.07525589517225584
A1,SYN025,PAIRED_NULL,BA,A,133,11,0.09290378760050108,0.43153633908003125,54.71863646737815,76.09729105382331,3.8141924249742383,3.2125991373719183,-0.60159328760232,0.03445635113567502,0.06952679654769807,0.035070445412023046,100000000.0,0.0
A2,SYN025,PAIRED_NULL,BA,A,133,11,0.09290378760050108,0.2603574419203302,36.20067668300451,55.51914867343961,3.8141924249742383,3.5926323213478213,-0.22156010362641698,0.03445635113567502,0.04250988293372836,0.008053531798053334,91597146.90099342,-0.0840285309900658
A1,SYN026,STRONG,AB,B,133,6,0.0012226030784458109,0.25119487740909674,15.89418163152802,0.8422788371722617,3.3983991297582996,2.7724022947547993,-0.6259968350035003,0.0683980750026273,0.13066624521898818,0.06226817021636087,99999999.99999999,-1.1102230246251565e-16
A2,SYN026,STRONG,AB,B,133,6,0.0012226030784458109,0.1251354465345474,2.309445178580226,0.5627473993956665,3.3983991297582996,3.3243103297993097,-0.07408879995898987,0.0683980750026273,0.06936391612889053,0.000965841126263231,97540342.833003,-0.02459657166996998
A1,SYN026,STRONG,BA,A,133,6,0.0025283587049986862,0.27640806170187787,15.467149291088377,7.8386995479189565,3.3983991297582996,2.8081767946382987,-0.5902223351200009,0.0683980750026273,0.1299866175154555,0.06158854251282821,99999999.99999999,-1.1102230246251565e-16
A2,SYN026,STRONG,BA,A,133,6,0.0025283587049986862,0.148675251415932,7.205780745499424,11.353265171658627,3.3983991297582996,3.290471422470505,-0.10792770728779466,0.0683980750026273,0.06814863806140742,-0.00024943694121988547,96254519.79440454,-0.03745480205595464
A1,SYN026,PAIRED_NULL,AB,B,133,6,0.0131163005742578,0.30948301132546613,16.70192308020584,16.65590632046679,3.3983991297583,2.6631818288276823,-0.7352173009306178,0.06839807500262732,0.13898803622182565,0.07058996121919833,100000000.0,0.0
A2,SYN026,PAIRED_NULL,AB,B,133,6,0.0131163005742578,0.13707435270693769,2.907368576430921,3.6967786831415315,3.3983991297583,3.2864359807847476,-0.11196314897355242,0.06839807500262732,0.07488980121852624,0.006491726215898927,94802497.12926874,-0.05197502870731263
A1,SYN026,PAIRED_NULL,BA,A,133,6,0.015596607994912486,0.3166559211171728,18.73479466558403,16.399435442213946,3.3983991297583,2.61844089233313,-0.7799582374251699,0.06839807500262732,0.14882397473046705,0.08042589972783973,100000000.0,0.0
A2,SYN026,PAIRED_NULL,BA,A,133,6,0.015596607994912486,0.1491569991996294,3.796377519034413,3.3356509051648287,3.3983991297583,3.240138218649953,-0.15826091110834684,0.06839807500262732,0.07734093089619697,0.008942855893569648,98776867.4923175,-0.012231325076825006
A1,SYN027,STRONG,AB,B,147,0,0.0,0.26840263035521955,54.142078913421386,82.57937104557706,4.1267731576090325,3.849805711345738,-0.2769674462632947,0.0222063331077504,0.03015318831222366,0.00794685520447326,99999999.99999999,-1.1102230246251565e-16
A2,SYN027,STRONG,AB,B,147,0,0.0,0.11162553966556842,1.7229572276224459,0.49480643919645767,4.1267731576090325,4.0805077226507915,-0.04626543495824098,0.0222063331077504,0.023452533677364922,0.0012462005696145216,96239402.08761488,-0.03760597912385122
A1,SYN027,STRONG,BA,A,147,0,0.0,0.2649910460285437,50.59226492765384,74.55567961159619,4.1267731576090325,3.7620483253254613,-0.3647248322835712,0.0222063331077504,0.03216028565760762,0.009953952549857217,99999999.99999999,-1.1102230246251565e-16
A2,SYN027,STRONG,BA,A,147,0,0.0,0.14832392925054133,7.251303769533354,8.477914027594773,4.1267731576090325,4.0995246051206164,-0.027248552488416067,0.0222063331077504,0.022012942317129285,-0.00019339079062111533,94791146.62755066,-0.0520885337244934
A1,SYN027,PAIRED_NULL,AB,B,147,0,0.0,0.36347092521944835,103.36891154033341,156.42932711006688,4.1267731576090325,3.91927531858493,-0.20749783902410268,0.022206333107750394,0.03162782974166931,0.009421496633918919,99999999.99999999,-1.1102230246251565e-16
A2,SYN027,PAIRED_NULL,AB,B,147,0,0.0,0.1276802794728331,3.1426697186238575,2.5950167604322503,4.1267731576090325,4.06820389976691,-0.05856925784212219,0.022206333107750394,0.023118461325944244,0.00091212821819385,99436259.86923431,-0.005637401307656886
A1,SYN027,PAIRED_NULL,BA,A,147,0,0.0,0.4232366270673763,112.7982881261843,171.59885815862802,4.1267731576090325,3.8645439110805357,-0.2622292465284968,0.022206333107750394,0.03126313483817879,0.009056801730428395,100000000.0,0.0
A2,SYN027,PAIRED_NULL,BA,A,147,0,0.0,0.14929149762005997,5.1583241986542765,4.109918079134815,4.1267731576090325,4.092273129215796,-0.034500028393236626,0.022206333107750394,0.02204161205910945,-0.00016472104864094506,98575966.71567088,-0.014240332843291181
A1,SYN028,STRONG,AB,B,175,3,0.0006505911127870032,0.37637846418978893,36.40752840484108,50.99601287495175,4.265301771945297,3.6805887721714186,-0.5847129997738785,0.020582186337333497,0.03865455298839021,0.018072366651056715,100000000.0,0.0
A2,SYN028,STRONG,AB,B,175,3,0.0006505911127870032,0.13323289671559022,5.136802737261085,4.085743510990956,4.265301771945297,4.144995426890507,-0.12030634505479032,0.020582186337333497,0.02298007354470178,0.0023978872073682836,97493714.09634337,-0.025062859036566354
A1,SYN028,STRONG,BA,A,175,4,0.014077367536669525,0.38324719575591015,42.159622975639266,59.54865453950424,4.265301771945297,3.699197863699588,-0.5661039082457089,0.020582186337333497,0.03792857585715172,0.01734638951981822,100000000.0,0.0
A2,SYN028,STRONG,BA,A,175,4,0.014077367536669525,0.16582912432289895,3.80044335871711,2.3913474598849467,4.265301771945297,4.169047697316253,-0.09625407462904434,0.020582186337333497,0.022547973434686255,0.001965787097352758,101251789.98572785,0.012517899857278358
A1,SYN028,PAIRED_NULL,AB,B,175,3,0.0012498133470939341,0.46913867399677356,92.59935368005114,141.13945327221182,4.265301771945297,3.7942878206060886,-0.4710139513392084,0.0205821863373335,0.028337779145720048,0.007755592808386547,99999999.99999999,-3.3306690738754696e-16
A2,SYN028,PAIRED_NULL,AB,B,175,3,0.0012498133470939341,0.1286750507270892,6.478877551938934,8.677782466748232,4.265301771945297,4.174356078483139,-0.09094569346215842,0.0205821863373335,0.0221708376198402,0.0015886512825066985,103284598.60049158,0.03284598600491573
A1,SYN028,PAIRED_NULL,BA,A,175,4,0.009163635937682994,0.4673309940544344,98.23151433287165,148.78743423243066,4.265301771945297,3.828834937949537,-0.4364668339957598,0.0205821863373335,0.028326023391812866,0.007743837054479365,100000000.0,-1.1102230246251565e-16
A2,SYN028,PAIRED_NULL,BA,A,175,4,0.009163635937682994,0.1673630963350902,6.722556386731845,6.448987670315503,4.265301771945297,4.149938255946324,-0.11536351599897277,0.0205821863373335,0.02202096760895693,0.0014387812716234287,96069353.26342028,-0.03930646736579735
A1,SYN029,STRONG,AB,B,136,5,0.00133009237160811,0.2933908590599467,25.401143121997915,36.52076745032599,3.6200974773701144,3.2255362660062215,-0.394561211363893,0.043255864980441316,0.058487663274308835,0.015231798293867518,100000000.0,2.220446049250313e-16
A2,SYN029,STRONG,AB,B,136,5,0.00133009237160811,0.14042864070120772,3.4417962848958092,5.190832958550398,3.6200974773701144,3.5732484462606533,-0.04684903110946115,0.043255864980441316,0.042927235562230305,-0.0003286294182110114,98416807.0628938,-0.015831929371061926
A1,SYN029,STRONG,BA,A,136,10,0.020169389017519686,0.330925164802135,24.716731319631375,31.081313306349305,3.6200974773701144,3.062575214007511,-0.5575222633626034,0.043255864980441316,0.07080710730613848,0.027551242325697167,100000000.0,2.220446049250313e-16
A2,SYN029,STRONG,BA,A,136,10,0.020169389017519686,0.17167302755964128,3.880270356908486,4.415162777824517,3.6200974773701144,3.512321210104634,-0.10777626726548029,0.043255864980441316,0.046300898166071414,0.003045033185630097,100277503.72405976,0.0027750372405976886
A1,SYN029,PAIRED_NULL,AB,B,136,5,0.08650015715821542,0.3698310849447028,60.338416545286826,87.84061744499786,3.620097477370115,3.1690563758272603,-0.4510411015428546,0.04325586498044133,0.06979162473667967,0.026535759756238342,100000000.0,0.0
A2,SYN029,PAIRED_NULL,AB,B,136,5,0.08650015715821542,0.24778401413053736,12.117162496454684,14.721812701672215,3.620097477370115,3.5079782748861876,-0.11211920248392726,0.04325586498044133,0.048414327815002496,0.005158462834561166,89200337.2323167,-0.10799662767683293
A1,SYN029,PAIRED_NULL,BA,A,136,10,0.02015352141167677,0.37760642003789896,51.011275338145616,72.80436917799203,3.620097477370115,3.0660533408864885,-0.5540441364836264,0.04325586498044133,0.07747103815899885,0.03421517317855752,100000000.0,0.0
A2,SYN029,PAIRED_NULL,BA,A,136,10,0.02015352141167677,0.17517469442194517,6.398506719226169,6.268342916164836,3.620097477370115,3.574202224439472,-0.045895252930642894,0.04325586498044133,0.04467262013596319,0.001416755155521858,101970106.63815953,0.0197010663815953
A1,SYN030,STRONG,AB,B,88,0,0.0,0.12767670413949841,4.388768096624812,4.435185495534218,3.54105465081541,3.3949849851356255,-0.1460696656797844,0.040030716828477385,0.04818500092131933,0.008154284092841947,100000000.0,0.0
A2,SYN030,STRONG,AB,B,88,0,0.0,0.09110348308659227,1.7973598927558645,1.352015362222036,3.54105465081541,3.4943729835754795,-0.04668166723993039,0.040030716828477385,0.041392685155779305,0.0013619683273019198,97768908.12959246,-0.02231091870407531
A1,SYN030,STRONG,BA,A,88,0,0.0,0.1537194040590288,6.568147854267649,7.658602127266923,3.54105465081541,3.3400585892262105,-0.20099606158919947,0.040030716828477385,0.04967863894139887,0.009647922112921488,100000000.00000001,2.220446049250313e-16
A2,SYN030,STRONG,BA,A,88,0,0.0,0.09555525767496263,2.8911795419854536,3.4865406263661325,3.54105465081541,3.527059554152522,-0.013995096662887896,0.040030716828477385,0.039728378914505494,-0.00030233791397189097,96462406.55159095,-0.03537593448409049
A1,SYN030,PAIRED_NULL,AB,B,88,0,0.0,0.15004595158733486,6.678977333174122,6.2342594060633285,3.5410546508154095,3.5198239524108503,-0.021230698404559156,0.040030716828477385,0.039393818568830306,-0.0006368982596470785,100000000.0,0.0
A2,SYN030,PAIRED_NULL,AB,B,88,0,0.0,0.09575297826788183,2.583655964859586,2.960423383217637,3.5410546508154095,3.52784506269061,-0.013209588124799332,0.040030716828477385,0.03955707904107919,-0.00047363778739819423,100076672.11353137,0.0007667211353137304
A1,SYN030,PAIRED_NULL,BA,A,88,0,0.0,0.18274573900381091,9.707574472940529,9.703012194393423,3.5410546508154095,3.4983099372686306,-0.04274471354677889,0.040030716828477385,0.04056848362799164,0.0005377667995142554,99999999.99999999,-1.1102230246251565e-16
A2,SYN030,PAIRED_NULL,BA,A,88,0,0.0,0.12065846199989172,3.4639281553572348,0.21427314977600798,3.5410546508154095,3.4700626925927436,-0.07099195822266591,0.040030716828477385,0.04341678104108125,0.003386064212603866,99773018.97076453,-0.0022698102923546237
A1,SYN031,STRONG,AB,B,87,1,0.00038648257999278416,0.20034375531659734,9.42389215585165,11.402179704791735,3.2368497858329914,2.955717262101139,-0.2811325237318525,0.06287990265189353,0.09309754878953504,0.03021764613764151,100000000.0,-1.1102230246251565e-16
A2,SYN031,STRONG,AB,B,87,1,0.00038648257999278416,0.10176154398034053,1.1561327179066374,0.9393793544088042,3.2368497858329914,3.185513824350065,-0.05133596148292652,0.06287990265189353,0.06493297208982156,0.0020530694379280318,98771671.69198106,-0.012283283080189555
A1,SYN031,STRONG,BA,A,87,0,0.0,0.22153251742557753,8.678202674196815,7.5380403979147905,3.2368497858329914,2.8680902738661294,-0.3687595119668621,0.06287990265189353,0.090728759765625,0.027848857113731473,100000000.0,-1.1102230246251565e-16
A2,SYN031,STRONG,BA,A,87,0,0.0,0.12711920457250744,3.428279608848832,2.442385465343461,3.2368497858329914,3.1170044701687036,-0.1198453156642878,0.06287990265189353,0.07117708120884608,0.008297178556952556,99904784.50952758,-0.0009521549047243338
A1,SYN031,PAIRED_NULL,AB,B,87,1,0.00029464941139841085,0.20913561626372423,9.693642601212883,12.780342772003142,3.2368497858329905,3.108371755085654,-0.12847803074733655,0.0628799026518935,0.06990861304012345,0.007028710388229956,100000000.0,2.220446049250313e-16
A2,SYN031,PAIRED_NULL,AB,B,87,1,0.00029464941139841085,0.10385246188660015,1.975127962692237,0.08372923926855787,3.2368497858329905,3.201711464562165,-0.03513832127082539,0.0628799026518935,0.06438015302421017,0.0015002503723166721,96997043.31264025,-0.03002956687359737
A1,SYN031,PAIRED_NULL,BA,A,87,0,0.0,0.1947810641341768,6.658494218876399,5.062337368242317,3.2368497858329905,3.1419111918221865,-0.09493859401080407,0.0628799026518935,0.06813461224299282,0.005254709591099319,100000000.0,2.220446049250313e-16
A2,SYN031,PAIRED_NULL,BA,A,87,0,0.0,0.1345267660921183,4.073038815024049,4.354650609384906,3.2368497858329905,3.1606687746922795,-0.07618101114071107,0.0628799026518935,0.06602094961166471,0.0031410469597712154,99161187.68797196,-0.008388123120280255
A1,SYN032,STRONG,AB,B,169,1,0.00011994882263896969,0.18359511120297128,8.868192484977179,11.95448206129178,4.086108800752694,3.938295061705502,-0.14781373904719164,0.026087011107244054,0.02823786673611084,0.002150855628866785,99999999.99999999,-1.1102230246251565e-16
A2,SYN032,STRONG,AB,B,169,1,0.00011994882263896969,0.13297434395838237,3.6999187331634977,4.469225469834892,4.086108800752694,4.024780791477872,-0.061328009274821405,0.026087011107244054,0.026780186356149878,0.0006931752489058238,96676203.86552478,-0.03323796134475221
A1,SYN032,STRONG,BA,A,169,3,0.00031741924432528954,0.22602529513708394,12.311960104257716,14.223821861528853,4.086108800752694,3.905911566974312,-0.1801972337783817,0.026087011107244054,0.030128451244427378,0.004041440137183324,100000000.0,0.0
A2,SYN032,STRONG,BA,A,169,3,0.00031741924432528954,0.15455358702719552,3.9297464248538883,4.737286100206879,4.086108800752694,4.006952088601369,-0.0791567121513248,0.026087011107244054,0.028034123942402827,0.0019471128351587728,103705013.96768329,0.037050139676832794
A1,SYN032,PAIRED_NULL,AB,B,169,1,0.04956147515043944,0.4087952781049281,56.56154627939756,80.16683186975162,4.086108800752694,3.842950121125769,-0.24315867962692472,0.026087011107244058,0.03426336361254257,0.008176352505298513,99999999.99999999,0.0
A2,SYN032,PAIRED_NULL,AB,B,169,1,0.04956147515043944,0.20824186368537398,3.5240318498306276,1.7374870842575834,4.086108800752694,3.983411869272513,-0.10269693148018089,0.026087011107244058,0.02867654736873919,0.002589536261495131,94292709.46101202,-0.057072905389879636
A1,SYN032,PAIRED_NULL,BA,A,169,3,0.08600908941150597,0.4501339230795745,60.40579726840615,83.60489755427562,4.086108800752694,3.6859770894946644,-0.4001317112580294,0.026087011107244058,0.041174521065597006,0.015087509958352948,100000000.00000001,2.220446049250313e-16
A2,SYN032,PAIRED_NULL,BA,A,169,3,0.08600908941150597,0.26655411304127996,11.657297132476337,13.392359748773364,4.086108800752694,4.005133939433705,-0.0809748613189889,0.026087011107244058,0.02600508291638999,-8.192819085406713e-05,90260698.86342454,-0.09739301136575451
A1,SYN033,STRONG,AB,B,148,0,0.0,0.30135403080583645,40.82517602741579,58.471520467858895,4.387215334968985,4.0219873782123665,-0.3652279567566188,0.015946368572872266,0.02622421272744296,0.010277844154570694,100000000.0,2.220446049250313e-16
A2,SYN033,STRONG,AB,B,148,0,0.0,0.12941487118056116,2.705664402886403,1.7632716094626533,4.387215334968985,4.326183994652899,-0.06103134031608626,0.015946368572872266,0.017039105236262894,0.0010927366633906276,100863173.69119638,0.00863173691196395
A1,SYN033,STRONG,BA,A,148,1,0.00021890661564094043,0.3804598656116295,48.01127847654448,69.82132453346907,4.387215334968985,3.9066029369239175,-0.48061239804506783,0.015946368572872266,0.02939238754325259,0.013446018970380325,99999999.99999999,0.0
A2,SYN033,STRONG,BA,A,148,1,0.00021890661564094043,0.17424754551489494,4.102620170684424,4.146750439573817,4.387215334968985,4.280284842745891,-0.10693049222309448,0.015946368572872266,0.017037647599757656,0.0010912790268853903,101147055.82014596,0.011470558201459813
A1,SYN033,PAIRED_NULL,AB,B,148,0,0.0,0.3181708296878977,50.59472006308874,73.95168094053416,4.387215334968985,3.9631550782654696,-0.42406025670351566,0.015946368572872273,0.02673454177762475,0.010788173204752477,100000000.0,0.0
A2,SYN033,PAIRED_NULL,AB,B,148,0,0.0,0.12969786004949294,4.537890390251707,6.096816739581636,4.387215334968985,4.3583962402610075,-0.028819094707977833,0.015946368572872273,0.016557769263304475,0.0006114006904322025,98145073.1715484,-0.018549268284516085
A1,SYN033,PAIRED_NULL,BA,A,148,1,0.026141285770281637,0.34368093233226227,54.64498445990374,80.38977018747234,4.387215334968985,3.9117388932385433,-0.475476441730442,0.015946368572872273,0.025934253289999466,0.009987884717127193,100000000.00000001,2.220446049250313e-16
A2,SYN033,PAIRED_NULL,BA,A,148,1,0.026141285770281637,0.17604098831951456,9.582943235646876,12.48106101272439,4.387215334968985,4.36759523546092,-0.019620099508065536,0.015946368572872273,0.016366787529998716,0.00042041895712644287,98862415.85675168,-0.011375841432483158
A1,SYN034,STRONG,AB,B,118,1,0.000152217001521885,0.1925381120293667,16.918369059698875,26.687938905592105,3.8130615497607536,3.6152893414606027,-0.19777220830015096,0.032583882262786475,0.03693893088824352,0.0043550486254570475,100000000.0,-1.1102230246251565e-16
A2,SYN034,STRONG,AB,B,118,1,0.000152217001521885,0.0846130503248547,2.3994233998891024,3.69095966752231,3.8130615497607536,3.809108170608674,-0.003953379152079606,0.032583882262786475,0.03189853975445569,-0.0006853425083307857,101417463.3713749,0.014174633713748941
A1,SYN034,STRONG,BA,A,118,1,0.0003899254409479096,0.20978177093497424,18.48996240207589,29.83156263079134,3.8130615497607536,3.6111402615701933,-0.20192128819056032,0.032583882262786475,0.036537986845599835,0.00395410458281336,100000000.0,-1.1102230246251565e-16
A2,SYN034,STRONG,BA,A,118,1,0.0003899254409479096,0.09990844938496643,1.664519538007476,1.538766545306528,3.8130615497607536,3.8187267526346527,0.0056652028738990445,0.032583882262786475,0.03214761785214065,-0.0004362644106458216,101289206.88202655,0.01289206882026539
A1,SYN034,PAIRED_NULL,AB,B,118,1,0.011677670042815402,0.46632219255199764,82.60595022327918,123.83062560332114,3.813061549760753,3.9030583463448902,0.08999679658413706,0.03258388226278647,0.03414203399113615,0.0015581517283496799,100000000.0,0.0
A2,SYN034,PAIRED_NULL,AB,B,118,1,0.011677670042815402,0.11506944204694544,3.9050977868041117,2.0095099616042837,3.813061549760753,3.7819874258852946,-0.031074123875458604,0.03258388226278647,0.03239348364680154,-0.00019039861598493107,101830059.43511865,0.018300594351186472
A1,SYN034,PAIRED_NULL,BA,A,118,1,0.020906089744638368,0.5070626000517745,104.6321108236176,158.12222544680145,3.813061549760753,3.8499951494559097,0.03693359969515653,0.03258388226278647,0.029850746268656716,-0.002733135994129752,100000000.0,0.0
A2,SYN034,PAIRED_NULL,BA,A,118,1,0.020906089744638368,0.14468013985544564,5.750754147897499,7.423300365569805,3.813061549760753,3.771323120185902,-0.0417384295748513,0.03258388226278647,0.03382147873065,0.0012375964678635332,97268367.05790538,-0.027316329420946195
A1,SYN035,STRONG,AB,B,136,8,0.01903484063236261,0.4323465505724667,45.16717600333281,70.95748329516101,3.8678755717325233,3.35621036207867,-0.5116652096538532,0.03257655543782022,0.04766089778258518,0.01508434234476496,100000000.00000001,2.220446049250313e-16
A2,SYN035,STRONG,AB,B,136,8,0.01903484063236261,0.15870387994628155,2.790887974328465,1.9913716571354274,3.8678755717325233,3.7544446401881664,-0.1134309315443569,0.03257655543782022,0.035458405367552445,0.0028818499297322275,97728786.8335945,-0.022712131664054835
A1,SYN035,STRONG,BA,A,136,13,0.021872885892194802,0.4982518626338764,52.86021118787452,82.7371969313506,3.8678755717325233,3.4179338632182255,-0.4499417085142978,0.03257655543782022,0.04376731301939058,0.011190757581570364,100000000.0,2.220446049250313e-16
A2,SYN035,STRONG,BA,A,136,13,0.021872885892194802,0.18056788108121877,4.879751310704792,7.670542516006905,3.8678755717325233,3.7595182739989337,-0.1083572977335896,0.03257655543782022,0.032985426438251926,0.0004088710004317084,102068914.65735005,0.020689146573500627
A1,SYN035,PAIRED_NULL,AB,B,136,8,0.043729014483620654,0.48139575619970454,57.23133030727859,86.57975375138479,3.8678755717325233,3.3946019196712154,-0.4732736520613079,0.03257655543782022,0.04555383877670628,0.012977283338886064,100000000.00000001,-1.1102230246251565e-16
A2,SYN035,PAIRED_NULL,AB,B,136,8,0.043729014483620654,0.1855578605888775,12.022820285316222,18.587182463442687,3.8678755717325233,3.75113261522383,-0.11674295650869349,0.03257655543782022,0.03528191446939514,0.0027053590315749207,95057653.68605383,-0.049423463139462
A1,SYN035,PAIRED_NULL,BA,A,136,13,0.0783395901764334,0.599306400972497,70.78363866959837,105.73138379796711,3.8678755717325233,3.422938211300915,-0.4449373604316085,0.03257655543782022,0.04174884944115713,0.009172294003336912,100000000.0,-3.3306690738754696e-16
A2,SYN035,PAIRED_NULL,BA,A,136,13,0.0783395901764334,0.26261407195204417,15.172557827676256,23.129979490749033,3.8678755717325233,3.728046653186571,-0.13982891854595225,0.03257655543782022,0.03503221706998751,0.0024556616321672955,92839285.22045618,-0.07160714779543842
A1,SYN036,STRONG,AB,B,129,7,0.11865502252951,0.43456624893774143,42.29174963373673,31.111099392774804,3.744717520712947,3.3863273406688945,-0.35839018004405254,0.04142163180455592,0.04434285714285714,0.00292122533830122,100000000.0,0.0
A2,SYN036,STRONG,AB,B,129,7,0.11865502252951,0.2773609072377447,17.36733760966826,23.197306769495043,3.744717520712947,3.697488392758146,-0.047229127954801164,0.04142163180455592,0.044742038206586066,0.0033204064020301433,86085801.61887227,-0.1391419838112773
A1,SYN036,STRONG,BA,A,129,8,0.012453242499303775,0.4170880350138553,36.56221430014872,39.902525109567215,3.744717520712947,3.3959605946893263,-0.34875692602362074,0.04142163180455592,0.043404630053006835,0.0019829982484509123,100000000.0,0.0
A2,SYN036,STRONG,BA,A,129,8,0.012453242499303775,0.16670588119255286,3.3354768744295047,0.6450442337833138,3.744717520712947,3.6790253057390423,-0.06569221497390476,0.04142163180455592,0.04111877678046179,-0.0003028550240941341,100220275.72245362,0.0022027572245362226
A1,SYN036,PAIRED_NULL,AB,B,129,7,0.06466768562501637,0.4996766904728559,49.670214364454466,68.9305498468743,3.744717520712947,3.281516420945273,-0.4632010997676739,0.04142163180455591,0.058348389839515354,0.016926758034959445,100000000.0,0.0
A2,SYN036,PAIRED_NULL,AB,B,129,7,0.06466768562501637,0.21664221976335477,7.033485664557656,6.770302979668415,3.744717520712947,3.558923839355762,-0.18579368135718521,0.04142163180455591,0.051341936400310526,0.009920304595754617,92728438.3731131,-0.07271561626886902
A1,SYN036,PAIRED_NULL,BA,A,129,8,0.09585932777315097,0.5156379546756872,52.73390011458883,79.15256210316768,3.744717520712947,3.3088381619482354,-0.4358793587647116,0.04142163180455591,0.05755093467758875,0.01612930287303284,99999999.99999999,-1.1102230246251565e-16
A2,SYN036,PAIRED_NULL,BA,A,129,8,0.09585932777315097,0.2803491506656533,9.947851567914743,9.348863969585626,3.744717520712947,3.496184623294911,-0.24853289741803586,0.04142163180455591,0.05504532519180084,0.01362369338724493,88637993.27129704,-0.11362006728702967
A1,SYN037,STRONG,AB,B,63,0,0.0,0.21043098675749547,14.50502562201987,23.389319778881063,3.1824436099301097,2.9104090540115144,-0.27203455591859527,0.06517502563505821,0.08734621299500192,0.02217118735994371,100000000.0,0.0
A2,SYN037,STRONG,AB,B,63,0,0.0,0.08519462412322258,3.352246397265243,4.587947025827542,3.1824436099301097,3.121107418974641,-0.061336190955468606,0.06517502563505821,0.07002792772472638,0.004852902089668168,100700030.44968018,0.00700030449680189
A1,SYN037,STRONG,BA,A,63,1,0.011075875352572775,0.21635600925071383,18.603797808051404,27.745997538427595,3.1824436099301097,2.8297654421672185,-0.3526781677628912,0.06517502563505821,0.0924330263557374,0.027258000720679187,100000000.0,0.0
A2,SYN037,STRONG,BA,A,63,1,0.011075875352572775,0.11798735419089038,1.6294165853910374,1.600151215757203,3.1824436099301097,3.1197603515729884,-0.0626832583571213,0.06517502563505821,0.07204454754775512,0.006869521912696908,92188010.89925133,-0.07811989100748673
A1,SYN037,PAIRED_NULL,AB,B,63,0,0.0,0.5039692090002312,83.65069091476683,122.93681237003624,3.18244360993011,3.4426255640358727,0.2601819541057626,0.06517502563505818,0.046911168213383175,-0.01826385742167501,100000000.0,2.220446049250313e-16
A2,SYN037,PAIRED_NULL,AB,B,63,0,0.0,0.08493744986924379,4.564359925057356,6.430403497382281,3.18244360993011,3.1762415978443386,-0.0062020120857715355,0.06517502563505818,0.06366705348260847,-0.0015079721524497158,98378799.05516498,-0.016212009448350106
A1,SYN037,PAIRED_NULL,BA,A,63,1,0.026168611859727676,0.4798006831852542,81.16436380496567,120.89252807945685,3.18244360993011,3.421576938938816,0.23913332900870587,0.06517502563505818,0.0428481411468179,-0.022326884488240287,100000000.0,2.220446049250313e-16
A2,SYN037,PAIRED_NULL,BA,A,63,1,0.026168611859727676,0.15319293263483355,4.716991509197662,3.5448404419794026,3.18244360993011,3.0600212254693497,-0.12242238446076037,0.06517502563505818,0.078684887523569,0.013509861888510818,92361748.22943611,-0.07638251770563875
A1,SYN038,STRONG,AB,B,93,0,0.0,0.1896060106009456,9.67710825260903,10.585533231531352,3.47632273925053,3.226813483933646,-0.24950925531688384,0.04741166384663321,0.06854106344178197,0.021129399595148764,100000000.0,0.0
A2,SYN038,STRONG,AB,B,93,0,0.0,0.07656536965188562,1.4761995633244933,1.0706849898664579,3.47632273925053,3.4544748942284342,-0.02184784502209558,0.04741166384663321,0.047765333388828775,0.0003536695421955671,105337254.62345803,0.05337254623458021
A1,SYN038,STRONG,BA,A,93,0,0.0,0.18673210867193601,7.965619262616282,8.247665701221399,3.47632273925053,3.202154023219123,-0.274168716031407,0.04741166384663321,0.06370658868588581,0.016294924839252607,100000000.00000001,2.220446049250313e-16
A2,SYN038,STRONG,BA,A,93,0,0.0,0.11670454786986728,1.4725281201172984,1.0480213968765573,3.47632273925053,3.4432020182547074,-0.03312072099582242,0.04741166384663321,0.048146918201793086,0.0007352543551598784,92855491.8922514,-0.07144508107748593
A1,SYN038,PAIRED_NULL,AB,B,93,0,0.0,0.24662542558261852,14.530110746235499,13.711101079122715,3.4763227392505303,3.2032706152849406,-0.27305212396558964,0.047411663846633215,0.08942060853463513,0.04200894468800191,100000000.0,0.0
A2,SYN038,PAIRED_NULL,AB,B,93,0,0.0,0.10102009717097854,5.2048821245814985,6.664506526481807,3.4763227392505303,3.461797799260248,-0.01452493999028226,0.047411663846633215,0.051162230953537315,0.0037505671069041,103900488.5360561,0.039004885360560904
A1,SYN038,PAIRED_NULL,BA,A,93,0,0.0,0.22922847165471416,15.684298148330164,22.286144462720937,3.4763227392505303,3.2982420035831073,-0.178080735667423,0.047411663846633215,0.061057596371882086,0.013645932525248872,100000000.0,0.0
A2,SYN038,PAIRED_NULL,BA,A,93,0,0.0,0.11105967217250756,2.241545365385733,1.227587890402534,3.4763227392505303,3.421335972835607,-0.05498676641492306,0.047411663846633215,0.04755874062077772,0.00014707677414450837,102763890.62934731,0.027638906293472987
A1,SYN039,STRONG,AB,B,134,5,0.00275916511281601,0.3171912580759831,38.73944211693591,59.36797783422761,3.936140239962604,3.4589637401337074,-0.47717649982889654,0.031703150471515326,0.0482556249646673,0.016552474493151975,99999999.99999997,-4.440892098500626e-16
A2,SYN039,STRONG,AB,B,134,5,0.00275916511281601,0.11907639898760423,2.4463432210638123,1.8036381664158043,3.936140239962604,3.85217667181902,-0.08396356814358397,0.031703150471515326,0.0348954655911936,0.0031923151196782754,97691583.3357229,-0.023084166642771242
A1,SYN039,STRONG,BA,A,134,13,0.006420559614475679,0.29316591948304305,29.620865005100306,46.172935783413635,3.936140239962604,3.501571834451398,-0.434568405511206,0.031703150471515326,0.04770033565971149,0.015997185188196164,99999999.99999999,-3.3306690738754696e-16
A2,SYN039,STRONG,BA,A,134,13,0.006420559614475679,0.13163960014928275,3.2942207027236687,3.945535530190885,3.936140239962604,3.8374985883537325,-0.0986416516088715,0.031703150471515326,0.03288357704963302,0.001180426578117691,99027567.86844715,-0.009724321315528583
A1,SYN039,PAIRED_NULL,AB,B,134,5,0.003752471307910902,0.32030570854127266,37.534327719602906,50.4815932276257,3.9361402399626026,3.4390311324530263,-0.4971091075095764,0.031703150471515305,0.04735502062115984,0.015651870149644538,100000000.0,0.0
A2,SYN039,PAIRED_NULL,AB,B,134,5,0.003752471307910902,0.1242025081254514,3.6884751486981013,3.8724942227826613,3.9361402399626026,3.86883655006775,-0.06730368989485269,0.031703150471515305,0.0331154681403514,0.0014123176688360939,101137139.30426079,0.011371393042607814
A1,SYN039,PAIRED_NULL,BA,A,134,13,0.05695976488515048,0.3333381589915469,35.75297141854602,48.14621626789344,3.9361402399626026,3.4579229746279063,-0.47821726533469633,0.031703150471515305,0.04592944073730885,0.014226290265793542,100000000.0,0.0
A2,SYN039,PAIRED_NULL,BA,A,134,13,0.05695976488515048,0.2256148054705538,14.715760011921995,23.220256669398065,3.9361402399626026,3.8587047588985306,-0.07743548106407205,0.031703150471515305,0.03260467062495984,0.0009015201534445377,88568401.77410045,-0.11431598225899542
A1,SYN040,STRONG,AB,B,91,1,0.000724715499320178,0.2717489897150901,26.848502817899345,39.255373305664016,3.616970552621839,3.2101303393401444,-0.40684021328169484,0.040914412995399774,0.07738215844830446,0.03646774545290468,100000000.0,2.220446049250313e-16
A2,SYN040,STRONG,AB,B,91,1,0.000724715499320178,0.12360389920921869,2.13222042796342,0.9701076968967873,3.616970552621839,3.593375764162249,-0.023594788459590177,0.040914412995399774,0.03951858347805699,-0.001395829517342781,97398658.07743236,-0.026013419225676016
A1,SYN040,STRONG,BA,A,91,3,0.0017574322024810664,0.3300893270069571,15.247361755974518,12.592856867155236,3.616970552621839,3.3312990830571345,-0.2856714695647047,0.040914412995399774,0.06984736043177601,0.02893294743637624,100000000.0,2.220446049250313e-16
A2,SYN040,STRONG,BA,A,91,3,0.0017574322024810664,0.12093300418533674,4.914345460293356,4.457476829800303,3.616970552621839,3.6316869558119818,0.014716403190142557,0.040914412995399774,0.04084397786356698,-7.043513183279532e-05,98698179.4900372,-0.0130182050996277
A1,SYN040,PAIRED_NULL,AB,B,91,1,0.001626615345720174,0.2503693141870527,28.514906985332825,37.64682431363629,3.6169705526218396,3.2886102108274606,-0.328360341794379,0.04091441299539979,0.06270357453315319,0.0217891615377534,100000000.0,0.0
A2,SYN040,PAIRED_NULL,AB,B,91,1,0.001626615345720174,0.11564434395774954,3.2439016883191596,3.389663941960047,3.6169705526218396,3.5885648154843213,-0.028405737137518372,0.04091441299539979,0.04212670958486979,0.0012122965894700022,102122940.94276547,0.021229409427654833
A1,SYN040,PAIRED_NULL,BA,A,91,3,0.0016050876351431432,0.2833262278509563,31.22402708603273,42.11568169271669,3.6169705526218396,3.3278768425865604,-0.2890937100352793,0.04091441299539979,0.05308641975308642,0.012172006757686635,100000000.00000001,2.220446049250313e-16
A2,SYN040,PAIRED_NULL,BA,A,91,3,0.0016050876351431432,0.13629999772755097,7.950433788560625,10.862273275641915,3.6169705526218396,3.5750348042575135,-0.04193574836432612,0.04091441299539979,0.042139840798908174,0.001225427803508386,99350465.11397646,-0.006495348860235395
A1,SYN041,STRONG,AB,B,62,0,0.0,0.1966733122333338,18.010579444506302,26.850590726440494,3.013049637036244,2.935459198811089,-0.07759043822515466,0.08175106664823904,0.08232129317587794,0.0005702265276388979,100000000.0,0.0
A2,SYN041,STRONG,AB,B,62,0,0.0,0.07095936929887926,1.0837983912036722,0.43545584527999176,3.013049637036244,3.0153006830397704,0.0022510460035265467,0.08175106664823904,0.07834595611028357,-0.0034051105379554747,104767966.06758241,0.047679660675824076
A1,SYN041,STRONG,BA,A,62,2,0.0005331676208254959,0.18337031797572384,18.169224797121863,27.270945610196836,3.013049637036244,2.9914188330184928,-0.021630804017751082,0.08175106664823904,0.07544255401744282,-0.006308512630796223,100000000.0,0.0
A2,SYN041,STRONG,BA,A,62,2,0.0005331676208254959,0.11037263667792316,2.2482238221482156,2.1338432784677885,3.013049637036244,2.983082165427325,-0.02996747160891866,0.08175106664823904,0.07601166295305221,-0.005739403695186829,99953311.21865219,-0.0004668878134781451
A1,SYN041,PAIRED_NULL,AB,B,62,0,0.0,0.2789981491508116,21.665614326940457,24.360732998979056,3.0130496370362434,2.4799884843510576,-0.5330611526851858,0.081751066648239,0.14660588500105928,0.06485481835282028,100000000.00000001,2.220446049250313e-16
A2,SYN041,PAIRED_NULL,AB,B,62,0,0.0,0.07669875824978621,2.215116130044337,1.3972459220713098,3.0130496370362434,2.9787098192321437,-0.03433981780409967,0.081751066648239,0.0826288401834013,0.0008777735351623017,101322481.91640373,0.013224819164037172
A1,SYN041,PAIRED_NULL,BA,A,62,2,0.045066227234439704,0.29921541374813504,20.59917465893632,19.68683671370277,3.0130496370362434,2.4868852170839357,-0.5261644199523077,0.081751066648239,0.1493899489384574,0.06763888229021839,100000000.00000001,2.220446049250313e-16
A2,SYN041,PAIRED_NULL,BA,A,62,2,0.045066227234439704,0.18506155390403248,6.092702048277271,6.5216996100215425,3.0130496370362434,2.8951715099390376,-0.1178781270972058,0.081751066648239,0.08947505045054031,0.007723983802301312,88877929.3803742,-0.11122070619625812
A1,SYN042,STRONG,AB,B,126,1,0.00020160912398380356,0.17105105824861755,11.293819892592762,15.751476078091356,3.859463207866643,3.6598963801973845,-0.19956682766925837,0.033837080142387996,0.04081582472574055,0.006978744583352556,100000000.0,0.0
A2,SYN042,STRONG,AB,B,126,1,0.00020160912398380356,0.13269154731307578,3.75900641663415,2.3948147251252854,3.859463207866643,3.7809186817409177,-0.07854452612572516,0.033837080142387996,0.03591140528630162,0.002074325143913626,97139560.48383367,-0.028604395161663243
A1,SYN042,STRONG,BA,A,126,4,0.0007240281531098272,0.20601278673673104,13.765386197844425,20.721004968085758,3.859463207866643,3.6388554333753125,-0.2206077744913304,0.033837080142387996,0.03982206673807582,0.005984986595687823,100000000.0,0.0
A2,SYN042,STRONG,BA,A,126,4,0.0007240281531098272,0.13943044333423477,3.699788201532742,4.355730771313202,3.859463207866643,3.7694095353640416,-0.09005367250260132,0.033837080142387996,0.03693014440333655,0.003093064260948554,99110483.72781114,-0.008895162721888616
A1,SYN042,PAIRED_NULL,AB,B,126,1,0.0038263853080060346,0.3849390506961822,28.230013644359754,34.71292744593735,3.859463207866643,3.756542561512722,-0.10292064635392073,0.033837080142388,0.03201997332459976,-0.0018171068177882457,99999999.99999999,-3.3306690738754696e-16
A2,SYN042,PAIRED_NULL,AB,B,126,1,0.0038263853080060346,0.11997068556881874,3.07425513936001,1.3019845108701997,3.859463207866643,3.8128297147273713,-0.046633493139271565,0.033837080142388,0.03476553051196807,0.0009284503695800653,100294411.55197753,0.0029441155197751367
A1,SYN042,PAIRED_NULL,BA,A,126,4,0.08586499774541496,0.3811952200387067,27.121935062263812,33.48993244303074,3.859463207866643,3.7434991970240445,-0.11596401084259833,0.033837080142388,0.031093943198918807,-0.0027431369434691953,100000000.0,-1.1102230246251565e-16
A2,SYN042,PAIRED_NULL,BA,A,126,4,0.08586499774541496,0.2518964513739409,10.914667935169406,14.058149922447125,3.859463207866643,3.8093797959611253,-0.05008341190551757,0.033837080142388,0.03420936720208284,0.0003722870596948383,94770988.88258149,-0.05229011117418525
A1,SYN043,STRONG,AB,B,110,0,0.0,0.27026139301651414,31.30255148920916,46.771116129520976,3.741796400311313,3.549014466961031,-0.19278193335028204,0.033811465173575216,0.04476576284851409,0.010954297674938877,99999999.99999999,0.0
A2,SYN043,STRONG,AB,B,110,0,0.0,0.09955223499839681,2.8651359900502746,2.4864248078289184,3.741796400311313,3.751934740848648,0.0101383405373352,0.033811465173575216,0.03349710500966313,-0.00031436016391208493,98234632.24123919,-0.01765367758760794
A1,SYN043,STRONG,BA,A,110,0,0.0,0.27955870766993696,24.884496176321406,34.941657815758774,3.741796400311313,3.6008847210557864,-0.1409116792555265,0.033811465173575216,0.038742816293910465,0.004931351120335249,99999999.99999999,0.0
A2,SYN043,STRONG,BA,A,110,0,0.0,0.11766501777079365,5.9843024797028,9.1057680321211,3.741796400311313,3.7358973788272674,-0.00589902148404553,0.033811465173575216,0.032327504671388986,-0.0014839605021862295,100761534.53851435,0.007615345385143524
A1,SYN043,PAIRED_NULL,AB,B,110,0,0.0,0.3372524416679084,25.87688080084453,35.113834920237956,3.7417964003113138,3.443001301038133,-0.29879509927318093,0.03381146517357522,0.052720661157024784,0.01890919598344956,100000000.0,2.220446049250313e-16
A2,SYN043,PAIRED_NULL,AB,B,110,0,0.0,0.11029375227374906,5.581235843747167,7.493870563176647,3.7417964003113138,3.6737314652047464,-0.06806493510656741,0.03381146517357522,0.03571005637893752,0.0018985912053622947,98564295.1868146,-0.014357048131853789
A1,SYN043,PAIRED_NULL,BA,A,110,0,0.0,0.3431075489783086,27.953998897887633,37.482907751390734,3.7417964003113138,3.3829652263111227,-0.35883117400019104,0.03381146517357522,0.05331542446753105,0.019503959293955826,100000000.0,2.220446049250313e-16
A2,SYN043,PAIRED_NULL,BA,A,110,0,0.0,0.12295748876198431,4.542498359800271,5.75012974642151,3.7417964003113138,3.709617611168056,-0.03217878914325789,0.03381146517357522,0.033214828755920765,-0.0005966364176544572,95597949.21614383,-0.044020507838561596
A1,SYN044,STRONG,AB,B,119,0,0.0,0.23489052165815302,16.194657206748182,23.61304769297613,3.9009623359634475,3.7644560446934805,-0.13650629126996705,0.02896160340040829,0.031236867908670682,0.002275264508262393,99999999.99999999,2.220446049250313e-16
A2,SYN044,STRONG,AB,B,119,0,0.0,0.12654630248272036,5.797435515179957,7.686465478322736,3.9009623359634475,3.8788617719578014,-0.022100564005646195,0.02896160340040829,0.02885873714203579,-0.00010286625837250055,97286789.01812711,-0.0271321098187286
A1,SYN044,STRONG,BA,A,119,2,0.00033806033086097566,0.23533238839144058,12.001102681832538,12.805143987307057,3.9009623359634475,3.549233431221335,-0.3517289047421124,0.02896160340040829,0.0443792273673257,0.015417623966917409,99999999.99999999,2.220446049250313e-16
A2,SYN044,STRONG,BA,A,119,2,0.00033806033086097566,0.153342482709938,3.2817558297005545,3.3185172722402396,3.9009623359634475,3.797716643273793,-0.10324569268965433,0.02896160340040829,0.03135288967541243,0.0023912862750041404,98477206.812983,-0.015227931870169686
A1,SYN044,PAIRED_NULL,AB,B,119,0,0.0,0.30123442625433794,30.063435800706188,43.6796538886459,3.900962335963447,3.885764174642232,-0.01519816132121532,0.028961603400408296,0.027135724852071007,-0.0018258785483372883,99999999.99999999,-3.3306690738754696e-16
A2,SYN044,PAIRED_NULL,AB,B,119,0,0.0,0.11994622263911199,2.9377436308025713,2.9134018753220094,3.900962335963447,3.8814750161839116,-0.01948731977953555,0.028961603400408296,0.02890429623928889,-5.730716111940551e-05,103558189.42418852,0.03558189424188507
A1,SYN044,PAIRED_NULL,BA,A,119,2,0.005477470825508433,0.3382035134582083,27.739136036998303,39.471775692195564,3.900962335963447,3.861088366629577,-0.03987396933387011,0.028961603400408296,0.02754163977966688,-0.0014199636207414164,100000000.00000001,0.0
A2,SYN044,PAIRED_NULL,BA,A,119,2,0.005477470825508433,0.15336637913971105,3.616083468430838,4.470569044129077,3.900962335963447,3.8423833305700996,-0.05857900539334748,0.028961603400408296,0.02956798792563795,0.0006063845252296529,100662053.36185753,0.006620533618575175
A1,SYN045,STRONG,AB,B,79,1,0.00044194139252629446,0.2472483159010187,17.53180215638198,23.423185604303725,3.441312582679217,3.2724421867832225,-0.16887039589599429,0.04384374380233817,0.049353086419753084,0.005509342617414911,100000000.0,0.0
A2,SYN045,STRONG,AB,B,79,1,0.00044194139252629446,0.1074987365433617,2.1747533329017594,1.8105393957504168,3.441312582679217,3.3614490160209187,-0.07986356665829808,0.04384374380233817,0.046079477652993354,0.002235733850655182,98777413.85467604,-0.012225861453239673
A1,SYN045,STRONG,BA,A,79,3,0.0026311996950774126,0.30344345526320143,22.60483691303132,7.865121765753945,3.441312582679217,3.2434149747588306,-0.19789760792038624,0.04384374380233817,0.050857150637927034,0.007013406835588862,100000000.0,0.0
A2,SYN045,STRONG,BA,A,79,3,0.0026311996950774126,0.14026884298824738,5.610642731601124,6.415985586631762,3.441312582679217,3.3350921272641454,-0.10622045541507141,0.04384374380233817,0.04674044381731276,0.002896700014974586,93138740.39227547,-0.06861259607724535
A1,SYN045,PAIRED_NULL,AB,B,79,1,0.0002621010105253318,0.3479426448456905,39.951543663103855,59.249742741700366,3.441312582679217,2.647866391779543,-0.7934461908996737,0.04384374380233816,0.09888017009591732,0.05503642629357916,100000000.0,0.0
A2,SYN045,PAIRED_NULL,AB,B,79,1,0.0002621010105253318,0.09786055708100398,2.177947016979938,1.234695913241755,3.441312582679217,3.3841192919826972,-0.05719329069651957,0.04384374380233816,0.0449828765097584,0.0011391327074202415,97060694.90778592,-0.02939305092214073
A1,SYN045,PAIRED_NULL,BA,A,79,3,0.04494763293162972,0.3587635658696613,34.99990158399732,53.08465071087247,3.441312582679217,2.707315506476644,-0.7339970762025727,0.04384374380233816,0.08840072803824392,0.04455698423590576,100000000.0,0.0
A2,SYN045,PAIRED_NULL,BA,A,79,3,0.04494763293162972,0.20096872847815983,7.485868161966492,1.777605749551649,3.441312582679217,3.389916070096065,-0.05139651258315192,0.04384374380233816,0.04630056577972515,0.0024568219773869887,95361293.58025134,-0.046387064197486616
A1,SYN046,STRONG,AB,B,101,1,0.0010614127067156763,0.24853464300267947,9.80884027097648,3.8146780525097364,3.163793836256208,2.9836832051857285,-0.18011063107047942,0.08259312884128048,0.09164127526753865,0.009048146426258175,99999999.99999999,2.220446049250313e-16
A2,SYN046,STRONG,AB,B,101,1,0.0010614127067156763,0.11905907074198209,3.472182385911406,1.5886321069225289,3.163793836256208,3.13932190573952,-0.024471930516687834,0.08259312884128048,0.08008598730019773,-0.0025071415410827524,102314342.31647879,0.023143423164788235
A1,SYN046,STRONG,BA,A,101,3,0.0017325084521921611,0.2583915109670606,18.571027568194495,21.51367123446835,3.163793836256208,3.122000603154333,-0.04179323310187488,0.08259312884128048,0.07468557528078255,-0.007907553560497924,100000000.0,2.220446049250313e-16
A2,SYN046,STRONG,BA,A,101,3,0.0017325084521921611,0.14687181376031627,4.814258423767723,4.819005936633716,3.163793836256208,3.0438275600627387,-0.11996627619346922,0.08259312884128048,0.08799027877634645,0.005397149935065973,97979227.07084516,-0.020207729291548127
A1,SYN046,PAIRED_NULL,AB,B,101,1,0.0001675626245113037,0.27936178436534015,25.43238880033967,37.97862051523843,3.1637938362562084,2.6927866683770514,-0.471007167879157,0.08259312884128052,0.14213964080534133,0.059546511964060814,100000000.0,0.0
A2,SYN046,PAIRED_NULL,AB,B,101,1,0.0001675626245113037,0.1283588595839612,2.9760157467665445,1.7110972525614905,3.1637938362562084,3.0747032059248838,-0.08909063033132458,0.08259312884128052,0.08702972249486254,0.004436593653582024,99918667.9647041,-0.0008133203529590016
A1,SYN046,PAIRED_NULL,BA,A,101,3,0.0032724800879774425,0.3126103126730879,19.183247384584607,12.721299763859093,3.1637938362562084,2.702062792693333,-0.4617310435628754,0.08259312884128052,0.1362090600786494,0.053615931237368894,100000000.0,0.0
A2,SYN046,PAIRED_NULL,BA,A,101,3,0.0032724800879774425,0.15722578533472142,4.101033009975995,5.600277302926505,3.1637938362562084,3.0369047689039212,-0.1268890673522871,0.08259312884128052,0.08509247236318988,0.002499343521909364,106210199.76803403,0.062101997680340304
A1,SYN047,STRONG,AB,B,156,0,0.0,0.22398244268656337,36.19438133911311,55.0463953127122,4.035092738771585,4.043607155693202,0.00851441692161714,0.030391360205441042,0.02635813456746173,-0.004033225637979313,100000000.0,2.220446049250313e-16
A2,SYN047,STRONG,AB,B,156,0,0.0,0.1088159262874819,3.7010333762420173,2.8659587494983216,4.035092738771585,3.980167100009309,-0.05492563876227585,0.030391360205441042,0.033081504584616395,0.002690144379175353,101710659.26109272,0.017106592610927285
A1,SYN047,STRONG,BA,A,156,5,0.0017727364955502558,0.25076076850106016,24.41750217383166,37.11973049673421,4.035092738771585,3.920287303911866,-0.11480543485971895,0.030391360205441042,0.030763492993766323,0.00037213278832528077,100000000.0,2.220446049250313e-16
A2,SYN047,STRONG,BA,A,156,5,0.0017727364955502558,0.15055883783605284,6.099238758748434,8.304513485882723,4.035092738771585,3.9509154578615,-0.08417728091008492,0.030391360205441042,0.030350470745555563,-4.088945988547921e-05,99126039.921125,-0.008739600788749913
A1,SYN047,PAIRED_NULL,AB,B,156,0,0.0,0.1797506036594165,6.943966261029862,11.564077684650046,4.035092738771586,3.853255486291874,-0.1818372524797116,0.030391360205441063,0.034495765637647946,0.004104405432206883,99999999.99999999,-1.1102230246251565e-16
A2,SYN047,PAIRED_NULL,AB,B,156,0,0.0,0.11966758670481907,5.245463739809557,6.087384430043499,4.035092738771586,4.051536337924873,0.016443599153287636,0.030391360205441063,0.027139275565401057,-0.003252084640040006,99879059.51525714,-0.0012094048474285968
A1,SYN047,PAIRED_NULL,BA,A,156,5,0.00195727969095519,0.19225529172202402,5.661714764841773,7.194070033166459,4.035092738771586,3.880577709136311,-0.15451502963527464,0.030391360205441063,0.033083691266822375,0.0026923310613813124,99999999.99999999,-1.1102230246251565e-16
A2,SYN047,PAIRED_NULL,BA,A,156,5,0.00195727969095519,0.14843164711755893,3.5842743226653226,1.738892063072685,4.035092738771586,3.96416923791372,-0.07092350085786592,0.030391360205441063,0.031117666519059263,0.0007263063136182003,99000470.83857267,-0.009995291614273372
A1,SYN048,STRONG,AB,B,130,16,0.00955203648085161,0.36027289051836964,33.32365685517253,46.92796669425116,3.5991289861228095,2.9500571786107925,-0.649071807512017,0.046579546486808454,0.08571843960851434,0.03913889312170589,100000000.0,0.0
A2,SYN048,STRONG,AB,B,130,16,0.00955203648085161,0.11789375248121085,2.262227139443409,2.107389375082442,3.5991289861228095,3.508772042507772,-0.09035694361503754,0.046579546486808454,0.04956008393562422,0.0029805374488157677,99334882.70872445,-0.00665117291275541
A1,SYN048,STRONG,BA,A,130,9,0.009712742444751076,0.3582108948381037,31.974768918930373,41.5754877104784,3.5991289861228095,3.0211930386638115,-0.577935947458998,0.046579546486808454,0.07227008446073754,0.02569053797392909,99999999.99999999,-1.1102230246251565e-16
A2,SYN048,STRONG,BA,A,130,9,0.009712742444751076,0.13981623332948537,2.72983130510888,2.8800500142516534,3.5991289861228095,3.529303647774193,-0.06982533834861648,0.046579546486808454,0.04858894184227236,0.0020093953554639055,97621270.23344457,-0.02378729766555432
A1,SYN048,PAIRED_NULL,AB,B,130,16,0.015418216092368677,0.4033733922703194,34.327241357647026,12.926692616712113,3.59912898612281,3.2156775047118007,-0.38345148141100927,0.04657954648680845,0.05302430494244167,0.0064447584556332205,100000000.0,0.0
A2,SYN048,PAIRED_NULL,AB,B,130,16,0.015418216092368677,0.13181490084888706,7.336860316598126,12.854126000088973,3.59912898612281,3.5223850333911355,-0.07674395273167445,0.04657954648680845,0.0454910416112683,-0.0010885048755401444,96038878.37330283,-0.03961121626697173
A1,SYN048,PAIRED_NULL,BA,A,130,9,0.009716643417146663,0.39597794160207067,35.08827028989846,18.777987515815084,3.59912898612281,3.2276906656167648,-0.3714383205060452,0.04657954648680845,0.05355736069046411,0.006977814203655661,100000000.00000001,2.220446049250313e-16
A2,SYN048,PAIRED_NULL,BA,A,130,9,0.009716643417146663,0.1288649406014775,5.3492470537088606,9.407494744407908,3.59912898612281,3.519454759667228,-0.07967422645558209,0.04657954648680845,0.047862904713550175,0.001283358226741728,104263034.93389784,0.04263034933897836
A1,SYN049,STRONG,AB,B,100,1,0.00012185461838449318,0.16443948943304418,6.012010319359531,6.894845682678989,3.7847570511410473,3.6733742028532514,-0.11138284828779588,0.03069022567570615,0.034809750297265164,0.0041195246215590155,99999999.99999999,-1.1102230246251565e-16
A2,SYN049,STRONG,AB,B,100,1,0.00012185461838449318,0.094242561893998,2.1026891804446333,2.7651216156542016,3.7847570511410473,3.707933818503269,-0.07682323263777846,0.03069022567570615,0.03254182315877232,0.0018515974830661704,100016945.58915795,0.00016945589157946195
A1,SYN049,STRONG,BA,A,100,0,0.0,0.15955756054695583,4.284772789086866,3.233713930528569,3.7847570511410473,3.671788817553177,-0.11296823358787034,0.03069022567570615,0.03489184425572825,0.0042016185800221005,100000000.0,0.0
A2,SYN049,STRONG,BA,A,100,0,0.0,0.11018647561132404,2.9489793670341493,4.4957016545207145,3.7847570511410473,3.749121393049069,-0.03563565809197833,0.03069022567570615,0.031191268661171907,0.0005010429854657578,100398614.43236418,0.003986144323641749
A1,SYN049,PAIRED_NULL,AB,B,100,1,0.00024242697261766941,0.1840497696874577,12.083492286749527,14.079062904763923,3.784757051141047,3.6503017754288516,-0.1344552757121953,0.03069022567570614,0.037916050731495385,0.0072258250557892464,100000000.0,2.220446049250313e-16
A2,SYN049,PAIRED_NULL,AB,B,100,1,0.00024242697261766941,0.0867662040764168,1.3313836660011977,0.944428367542475,3.784757051141047,3.771502912185132,-0.013254138955915096,0.03069022567570614,0.03019062059715908,-0.0004996050785470579,97866876.70650265,-0.0213312329349733
A1,SYN049,PAIRED_NULL,BA,A,100,0,0.0,0.2121289639816605,17.053683183536613,20.175656723489364,3.784757051141047,3.6721725528435036,-0.11258449829754325,0.03069022567570614,0.0361088476434787,0.005418621967772562,100000000.0,2.220446049250313e-16
A2,SYN049,PAIRED_NULL,BA,A,100,0,0.0,0.12166368231983281,3.2862020665497274,3.406427834988476,3.784757051141047,3.7138345689337275,-0.07092248220731934,0.03069022567570614,0.03172100139719985,0.0010307757214937097,98887686.53168762,-0.011123134683123537
A1,SYN050,STRONG,AB,B,144,0,0.0,0.16570776072560756,8.363626193793758,3.6902293651089155,4.1577870793676865,3.9329287045152745,-0.224858374852412,0.022587478483692646,0.030826021621088603,0.008238543137395957,99999999.99999999,-1.1102230246251565e-16
A2,SYN050,STRONG,AB,B,144,0,0.0,0.10990067779371694,4.313638428164247,3.441238087272806,4.1577870793676865,4.170754934035271,0.012967854667584433,0.022587478483692646,0.02164294192998988,-0.000944536553702767,100964816.78834204,0.009648167883420378
A1,SYN050,STRONG,BA,A,144,0,0.0,0.20371263310832213,8.675822277707498,9.685732026916806,4.1577870793676865,3.9635357753668976,-0.19425130400078894,0.022587478483692646,0.026883624578168328,0.0042961460944756814,100000000.0,0.0
A2,SYN050,STRONG,BA,A,144,0,0.0,0.13727955051482016,2.7217481835946438,1.703104353188145,4.1577870793676865,4.135009385375771,-0.02277769399191598,0.022587478483692646,0.021756720502246075,-0.0008307579814465713,101972449.45162858,0.019724494516285773
A1,SYN050,PAIRED_NULL,AB,B,144,0,0.0,0.2058386265159229,34.71521510740863,51.52589760825636,4.157787079367686,4.051734779991973,-0.1060522993757127,0.02258747848369265,0.027810749939128313,0.005223271455435663,100000000.0,-1.1102230246251565e-16
A2,SYN050,PAIRED_NULL,AB,B,144,0,0.0,0.1199234105424957,7.317913822860038,9.241483471143939,4.157787079367686,4.104197503004105,-0.05358957636358053,0.02258747848369265,0.023350592711214875,0.0007631142275222255,98044364.49900462,-0.019556355009954007
A1,SYN050,PAIRED_NULL,BA,A,144,0,0.0,0.2520941885560037,25.997496556324517,35.92361694006669,4.157787079367686,4.094204715663409,-0.06358236370427672,0.02258747848369265,0.025360062877032533,0.002772584393339883,100000000.0,-1.1102230246251565e-16
A2,SYN050,PAIRED_NULL,BA,A,144,0,0.0,0.1522260802063569,5.8943099861200166,5.074600281789727,4.157787079367686,4.089832571969989,-0.0679545073976966,0.02258747848369265,0.02401280524531789,0.0014253267616252396,104808426.65310614,0.04808426653106124
A1,SYN051,STRONG,AB,B,154,10,0.003910556806997411,0.30029037197140634,35.77849204821107,54.565407650974855,3.8464730112986003,3.7078351072644224,-0.13863790403417786,0.037077102059586475,0.03538514747367691,-0.0016919545859095664,100000000.0,0.0
A2,SYN051,STRONG,AB,B,154,10,0.003910556806997411,0.10580092593156738,2.404662909710236,2.796384277937951,3.8464730112986003,3.7972391531468643,-0.049233858151735976,0.037077102059586475,0.03830719921458655,0.0012300971550000747,98833306.3064701,-0.011666936935299077
A1,SYN051,STRONG,BA,A,154,4,0.003496136327861025,0.33341622179408115,36.392241230538595,55.39772315459305,3.8464730112986003,3.6244408835160833,-0.22203212778251702,0.037077102059586475,0.04083003800821591,0.003752935948629438,100000000.00000001,2.220446049250313e-16
A2,SYN051,STRONG,BA,A,154,4,0.003496136327861025,0.13220258519493827,3.2899244892135386,3.582128663748992,3.8464730112986003,3.8038321073614347,-0.042640903937165575,0.037077102059586475,0.03660494390349616,-0.0004721581560903146,100432959.709459,0.004329597094590021
A1,SYN051,PAIRED_NULL,AB,B,154,10,0.014074390651363629,0.4111958946437765,58.253331140660734,44.713958662500104,3.8464730112986008,3.6614329276956497,-0.1850400836029511,0.037077102059586496,0.03801183779056664,0.0009347357309801435,99999999.99999999,-3.3306690738754696e-16
A2,SYN051,PAIRED_NULL,AB,B,154,10,0.014074390651363629,0.13360354219752202,4.810488323025292,6.321372856288449,3.8464730112986008,3.756059926130142,-0.0904130851684588,0.037077102059586496,0.038454666641045375,0.0013775645814588788,100169522.01109508,0.0016952201109505793
A1,SYN051,PAIRED_NULL,BA,A,154,4,0.004890811310576347,0.41614865477431995,57.94605450058069,49.85801349821961,3.8464730112986008,3.62652595872142,-0.21994705257718072,0.037077102059586496,0.038904662142304404,0.0018275600827179078,100000000.0,-1.1102230246251565e-16
A2,SYN051,PAIRED_NULL,BA,A,154,4,0.004890811310576347,0.1280546907459543,4.58531451500695,6.671509520163069,3.8464730112986008,3.745223400432447,-0.1012496108661538,0.037077102059586496,0.04034781151942366,0.003270709459837165,98139906.38143241,-0.018600936185676042
A1,SYN052,STRONG,AB,B,75,1,0.03851531011918597,0.3805691123990981,28.016654516479104,38.95198778945987,3.1022987390113292,3.1114521045362937,0.009153365524964485,0.07567962142747861,0.058526001575434285,-0.017153619852044326,100000000.0,0.0
A2,SYN052,STRONG,AB,B,75,1,0.03851531011918597,0.16226778433449182,2.12872534913872,2.2606876987542597,3.1022987390113292,2.998774094593696,-0.1035246444176332,0.07567962142747861,0.0832727003317898,0.007593078904311185,98471848.04230732,-0.015281519576926805
A1,SYN052,STRONG,BA,A,75,0,0.0,0.44548445552458166,43.817032546541505,67.41600251485252,3.1022987390113292,3.053064711131417,-0.04923402787991238,0.07567962142747861,0.0618250860329892,-0.013854535394489408,100000000.0,0.0
A2,SYN052,STRONG,BA,A,75,0,0.0,0.09809984825103298,2.6150089490861217,2.291371873195827,3.1022987390113292,3.028553355881118,-0.07374538313021128,0.07567962142747861,0.0811524908210645,0.005472869393585891,99399124.03360145,-0.006008759663985508
A1,SYN052,PAIRED_NULL,AB,B,75,1,0.00574685867501983,0.2947948662454573,12.031586197252203,7.651589815461281,3.1022987390113297,2.6824550210354343,-0.41984371797589537,0.07567962142747864,0.113290127093679,0.03761050566620036,100000000.0,-3.3306690738754696e-16
A2,SYN052,PAIRED_NULL,AB,B,75,1,0.00574685867501983,0.09927184257463886,1.5718738673771735,1.7938506498832034,3.1022987390113297,3.0499245350132487,-0.052374203998081015,0.07567962142747864,0.0785270087251385,0.002847387297659862,98722671.04560807,-0.012773289543919542
A1,SYN052,PAIRED_NULL,BA,A,75,0,0.0,0.4189565523367538,28.64078222808262,29.95972902995399,3.1022987390113297,2.254858956065898,-0.8474397829454317,0.07567962142747864,0.18569741946365323,0.11001779803617459,100000000.00000001,-1.1102230246251565e-16
A2,SYN052,PAIRED_NULL,BA,A,75,0,0.0,0.10440729728281563,2.5652277508524537,2.9141583076625146,3.1022987390113297,3.082492032658042,-0.01980670635328785,0.07567962142747864,0.07830197729878613,0.0026223558713074913,96006892.86887696,-0.03993107131123064
A1,SYN053,STRONG,AB,B,176,6,0.003658388803710771,0.2789797530338104,10.777769702944756,10.385626460745218,4.23737504025886,3.956701620214914,-0.28067342004394646,0.02391140453041041,0.03300746688786926,0.009096062357458853,100000000.0,0.0
A2,SYN053,STRONG,AB,B,176,6,0.003658388803710771,0.1399584933145576,5.82218664169858,8.319823389719195,4.23737504025886,4.148350559891831,-0.08902448036702904,0.02391140453041041,0.025399930988572076,0.0014885264581616653,97093534.87437081,-0.029064651256291874
A1,SYN053,STRONG,BA,A,176,3,0.02554040217783806,0.31411760881631784,8.623494395100645,7.201734310165273,4.23737504025886,3.955697334730769,-0.28167770552809124,0.02391140453041041,0.03092174226800917,0.007010337737598758,99999999.99999999,-1.1102230246251565e-16
A2,SYN053,STRONG,BA,A,176,3,0.02554040217783806,0.20276039854552785,4.219221123226292,3.2963825310699564,4.23737504025886,4.132032411326379,-0.10534262893248147,0.02391140453041041,0.02569928877760586,0.0017878842471954481,96108837.57585192,-0.03891162424148087
A1,SYN053,PAIRED_NULL,AB,B,176,6,0.01218612751204549,0.26612073628732735,18.398238610769436,24.880840803607416,4.23737504025886,4.120594473348416,-0.11678056691044425,0.023911404530410414,0.025476686428456977,0.0015652818980465624,99999999.99999999,-1.1102230246251565e-16
A2,SYN053,PAIRED_NULL,AB,B,176,6,0.01218612751204549,0.1540602079537447,5.25979319306851,6.066621968184576,4.23737504025886,4.215645965546231,-0.021729074712629526,0.023911404530410414,0.023981010300352837,6.960576994242268e-05,99106422.28585297,-0.008935777141470314
A1,SYN053,PAIRED_NULL,BA,A,176,3,0.002207969159446489,0.3192419622326709,15.867762120894682,20.422718152217495,4.23737504025886,3.8652557718973135,-0.37211926836154685,0.023911404530410414,0.03328064408110064,0.009369239550690224,100000000.0,0.0
A2,SYN053,PAIRED_NULL,BA,A,176,3,0.002207969159446489,0.1959813802315533,4.875847723407369,2.5014232054623244,4.23737504025886,4.095500923572272,-0.141874116686588,0.023911404530410414,0.027077911530647144,0.0031665070002367297,96687523.87393202,-0.03312476126067976
A1,SYN054,STRONG,AB,B,118,3,0.001039537722721574,0.22890061632917408,25.8052255883734,40.732570572095284,3.5401459481719924,3.3317677054525445,-0.20837824271944783,0.05795259968749922,0.06712488685640187,0.009172287168902657,100000000.0,0.0
A2,SYN054,STRONG,AB,B,118,3,0.001039537722721574,0.11280893297389535,4.116371462843025,5.310465441545124,3.5401459481719924,3.4764246089778847,-0.0637213391941076,0.05795259968749922,0.05868825974966059,0.0007356600621613724,96472499.07885824,-0.035275009211417574
A1,SYN054,STRONG,BA,A,118,3,0.002084766634313084,0.26188651320427975,21.892560843554165,34.94531426106593,3.5401459481719924,3.3043401831128882,-0.2358057650591041,0.05795259968749922,0.06945037841796875,0.011497778730469532,100000000.0,0.0
A2,SYN054,STRONG,BA,A,118,3,0.002084766634313084,0.13269762881379712,2.9138568790978185,1.148597546688126,3.5401459481719924,3.4953430272053034,-0.04480292096668892,0.05795259968749922,0.056172251460111705,-0.0017803482273875126,101159008.50536487,0.011590085053648558
A1,SYN054,PAIRED_NULL,AB,B,118,3,0.01268074727495887,0.34273282202026967,35.03298861558775,52.9775076288069,3.5401459481719924,3.327289289710615,-0.21285665846137736,0.057952599687499225,0.061921088435374146,0.003968488747874921,100000000.0,0.0
A2,SYN054,PAIRED_NULL,AB,B,118,3,0.01268074727495887,0.136570449551056,7.734479265281559,11.004546748410576,3.5401459481719924,3.5648501741529737,0.02470422598098132,0.057952599687499225,0.0519196011137223,-0.0060329985737769265,94459004.77907544,-0.055409952209245605
A1,SYN054,PAIRED_NULL,BA,A,118,3,0.012312930316979314,0.40256173989425714,39.159604224889854,57.73357876055261,3.5401459481719924,3.1038600228756312,-0.4362859252963611,0.057952599687499225,0.07908304498269896,0.02113044529519973,100000000.0,0.0
A2,SYN054,PAIRED_NULL,BA,A,118,3,0.012312930316979314,0.1559967652229432,7.07335779098302,10.785953315478187,3.5401459481719924,3.4531342068199455,-0.08701174135204681,0.057952599687499225,0.05960217597893145,0.0016495762914322254,103123606.34026837,0.03123606340268381
A1,SYN055,STRONG,AB,B,98,1,0.0010576670400899775,0.2430873768383653,15.010921188554251,11.812492356858968,3.4772747660907743,3.360110351712171,-0.11716441437860325,0.053159646970659,0.056484358449262057,0.003324711478603054,100000000.0,2.220446049250313e-16
A2,SYN055,STRONG,AB,B,98,1,0.0010576670400899775,0.10588857683538203,2.7707217923559306,2.0560790271609837,3.4772747660907743,3.4452908876559474,-0.03198387843482697,0.053159646970659,0.054525953457851155,0.0013663064871921524,104585210.017733,0.04585210017732999
A1,SYN055,STRONG,BA,A,98,3,0.0023939945203826926,0.27894231345691683,19.640471804703694,10.404399405146089,3.4772747660907743,3.265071775458059,-0.21220299063271542,0.053159646970659,0.060582856628079815,0.007423209657420812,100000000.0,2.220446049250313e-16
A2,SYN055,STRONG,BA,A,98,3,0.0023939945203826926,0.13640188295134753,2.722971192074971,1.2700426627131138,3.4772747660907743,3.3568365779610776,-0.12043818812969675,0.053159646970659,0.058524011274095476,0.005364364303436474,102366080.4280692,0.023660804280692282
A1,SYN055,PAIRED_NULL,AB,B,98,1,0.006857541053148689,0.29954851902305546,27.241299769395393,19.777744913841737,3.4772747660907752,3.18834069117468,-0.28893407491609535,0.053159646970659016,0.07174427882119021,0.01858463185053119,100000000.0,-1.1102230246251565e-16
A2,SYN055,PAIRED_NULL,AB,B,98,1,0.006857541053148689,0.12608720543807067,7.067669205369518,9.387529099883146,3.4772747660907752,3.4113497424689747,-0.06592502362180053,0.053159646970659016,0.05384304902312041,0.000683402052461396,100939288.59727743,0.009392885972774101
A1,SYN055,PAIRED_NULL,BA,A,98,3,0.013876401059413589,0.34694393892115233,26.832971379769482,20.721432758276073,3.4772747660907752,3.1378772101001235,-0.3393975559906517,0.053159646970659016,0.061547649793388434,0.008388002822729418,100000000.0,-1.1102230246251565e-16
A2,SYN055,PAIRED_NULL,BA,A,98,3,0.013876401059413589,0.15651598295214078,5.904405030199538,3.303906886431427,3.4772747660907752,3.4388436099807502,-0.03843115611002501,0.053159646970659016,0.052715227338908925,-0.0004444196317500912,100879881.54714599,0.008798815471459775
A1,SYN056,STRONG,AB,B,159,12,0.015009590192812604,0.4218815449394929,36.23026940591254,56.42840708750504,3.7297413222411127,3.108864819676672,-0.6208765025644407,0.04109255209624436,0.06268597500495933,0.021593422908714972,100000000.0,2.220446049250313e-16
A2,SYN056,STRONG,AB,B,159,12,0.015009590192812604,0.157315612197643,2.853132141068371,0.9092766573853783,3.7297413222411127,3.6590950436466305,-0.07064627859448214,0.04109255209624436,0.04253715283267682,0.001444600736432461,100246764.42956546,0.002467644295654825
A1,SYN056,STRONG,BA,A,159,23,0.031604717067327065,0.5481774569404063,26.06376534383825,21.763934911227764,3.7297413222411127,2.8759339705047933,-0.8538073517363194,0.04109255209624436,0.07941701368233195,0.03832446158608759,100000000.0,2.220446049250313e-16
A2,SYN056,STRONG,BA,A,159,23,0.031604717067327065,0.2043918864709186,5.071937966078988,6.534839753630421,3.7297413222411127,3.5220252162019055,-0.2077161060392072,0.04109255209624436,0.045256491569159646,0.004163939472915289,91209771.71550183,-0.08790228284498158
A1,SYN056,PAIRED_NULL,AB,B,159,12,0.024983711404903467,0.5254581347651921,59.417725962217865,19.34467612794714,3.7297413222411127,3.2010629470691585,-0.5286783751719542,0.04109255209624436,0.053812871822606814,0.012720319726362457,100000000.0,0.0
A2,SYN056,PAIRED_NULL,AB,B,159,12,0.024983711404903467,0.16522640450371234,8.19041118908283,11.787586370879891,3.7297413222411127,3.5786725234326813,-0.15106879880843138,0.04109255209624436,0.04456732348746201,0.00347477139121765,101640223.99079725,0.016402239907972405
A1,SYN056,PAIRED_NULL,BA,A,159,23,0.08600312937902112,0.5361175135073727,85.07619095534348,124.6821323471214,3.7297413222411127,2.770490221653783,-0.9592511005873297,0.04109255209624436,0.08800900731844623,0.04691645522220187,100000000.0,0.0
A2,SYN056,PAIRED_NULL,BA,A,159,23,0.08600312937902112,0.2508083290929705,8.616188564675587,9.173686560602423,3.7297413222411127,3.5507151381602555,-0.17902618408085713,0.04109255209624436,0.04768753834924704,0.006594986253002685,90763725.07904215,-0.09236274920957843
A1,SYN057,STRONG,AB,B,175,6,0.0026869693321299984,0.4332664161965753,83.34926330449368,124.60976832426576,4.1427975739238985,3.795753044866668,-0.3470445290572304,0.026687171008468943,0.03245139781992533,0.0057642268114563855,100000000.0,-1.1102230246251565e-16
A2,SYN057,STRONG,AB,B,175,6,0.0026869693321299984,0.12756632998642697,2.4962542277832407,1.853722846844536,4.1427975739238985,4.060841899402965,-0.08195567452093311,0.026687171008468943,0.02782731362886486,0.0011401426203959154,103345756.76809749,0.03345756768097474
A1,SYN057,STRONG,BA,A,175,7,0.005441117859996245,0.4653817813487521,86.66748343965405,133.33253743738774,4.1427975739238985,3.504767070859422,-0.6380305030644764,0.026687171008468943,0.043988919667590026,0.017301748659121083,100000000.0,-1.1102230246251565e-16
A2,SYN057,STRONG,BA,A,175,7,0.005441117859996245,0.1573333094051624,3.4958709616035986,2.9563966461344044,4.1427975739238985,4.121379047913459,-0.021418526010439365,0.026687171008468943,0.025690440742227424,-0.0009967302662415196,98657336.98820345,-0.013426630117965632
A1,SYN057,PAIRED_NULL,AB,B,175,6,0.06315301361353144,0.5465967190882983,128.05958024474953,195.96988636366527,4.1427975739238985,3.3048035260093687,-0.8379940479145298,0.026687171008468943,0.06017878863027125,0.033491617621802305,100000000.0,0.0
A2,SYN057,PAIRED_NULL,AB,B,175,6,0.06315301361353144,0.22490004921888263,10.379385106551304,14.854709258792642,4.1427975739238985,4.0749157927098345,-0.06788178121406396,0.026687171008468943,0.026978414608029546,0.0002912435995606026,94683369.80154525,-0.053166301984547526
A1,SYN057,PAIRED_NULL,BA,A,175,7,0.03373432756088996,0.5444892717840245,120.49112142663836,184.25774244213915,4.1427975739238985,3.371091316865608,-0.7717062570582907,0.026687171008468943,0.04975606015585311,0.02306888914738417,100000000.0,0.0
A2,SYN057,PAIRED_NULL,BA,A,175,7,0.03373432756088996,0.1967734813012828,6.040078220518482,8.981847489313616,4.1427975739238985,4.009860489147812,-0.13293708477608668,0.026687171008468943,0.028519267486379965,0.0018320964779110216,99250690.9758939,-0.00749309024106104
A1,SYN058,STRONG,AB,B,70,0,0.0,0.17008940259861652,7.594671403718165,7.83893102080994,3.343004700604561,3.2325372032228623,-0.11046749738169881,0.05004874991124171,0.051118923839919075,0.0010701739286773648,100000000.0,2.220446049250313e-16
A2,SYN058,STRONG,AB,B,70,0,0.0,0.08108810527255658,1.740885540145875,0.9190448947499905,3.343004700604561,3.294854083294987,-0.04815061730957426,0.05004874991124171,0.05179439500293948,0.0017456450916977714,102655366.81512704,0.026553668151270582
A1,SYN058,STRONG,BA,A,70,4,0.005646818476485729,0.16396909041931373,6.312597209342397,3.0954149490329423,3.343004700604561,3.301250248194305,-0.04175445241025599,0.05004874991124171,0.04738807770983921,-0.0026606722014025017,100000000.0,2.220446049250313e-16
A2,SYN058,STRONG,BA,A,70,4,0.005646818476485729,0.1042696534773749,2.9277450358034494,2.81603820233724,3.343004700604561,3.3042140619834877,-0.03879063862107346,0.05004874991124171,0.05153032957760941,0.0014815796663677008,101767566.3930479,0.017675663930479146
A1,SYN058,PAIRED_NULL,AB,B,70,0,0.0,0.3960607618295479,21.727632664271184,23.177901141721446,3.3430047006045602,2.952798268273489,-0.39020643233107144,0.05004874991124171,0.0769446542097461,0.026895904298504386,99999999.99999999,-1.1102230246251565e-16
A2,SYN058,PAIRED_NULL,AB,B,70,0,0.0,0.097926158205837,4.189302691350322,5.44873323602722,3.3430047006045602,3.3412370667162805,-0.0017676338882797182,0.05004874991124171,0.048004677095702095,-0.002044072815539616,96182385.51073307,-0.038176144892669295
A1,SYN058,PAIRED_NULL,BA,A,70,4,0.14653387301125204,0.4158883122775078,25.64529462605445,34.5009674734946,3.3430047006045602,3.0162165793120264,-0.3267881212925339,0.05004874991124171,0.07015790301206172,0.02010915310082001,100000000.00000001,2.220446049250313e-16
A2,SYN058,PAIRED_NULL,BA,A,70,4,0.14653387301125204,0.290168140404498,11.201730233217045,10.845361050896702,3.3430047006045602,3.2176599663072842,-0.125344734297276,0.05004874991124171,0.0563053627018772,0.006256612790635489,87838721.80519006,-0.12161278194809944
A1,SYN059,STRONG,AB,B,143,14,0.010224103668365942,0.39400749468319074,78.78121044123063,118.2196831956427,4.023299039227087,3.6382009911657915,-0.38509804806129555,0.029201760960185487,0.03730099991167396,0.008099238951488473,100000000.0,0.0
A2,SYN059,STRONG,AB,B,143,14,0.010224103668365942,0.12287078643517399,6.859916496867455,8.699298074897989,4.023299039227087,3.9750282035897837,-0.04827083563730339,0.029201760960185487,0.028422357115199637,-0.0007794038449858501,98496040.89940225,-0.015039591005977515
A1,SYN059,STRONG,BA,A,143,7,0.009170665614001846,0.4219220201057428,67.63736798740398,99.27753400878053,4.023299039227087,3.6672894532706395,-0.3560095859564476,0.029201760960185487,0.03297745194265836,0.003775690982472872,100000000.0,0.0
A2,SYN059,STRONG,BA,A,143,7,0.009170665614001846,0.1420790111084813,3.19289228343166,4.345400071612362,4.023299039227087,3.9460539288605903,-0.07724511036649684,0.029201760960185487,0.029792679082288036,0.0005909181221025496,98385974.3144,-0.016140256855999957
A1,SYN059,PAIRED_NULL,AB,B,143,14,0.04854559158227559,0.38547264831601996,52.727375087895126,44.355681913202645,4.023299039227087,3.4727572135000293,-0.5505418257270578,0.029201760960185508,0.04001234322995879,0.01081058226977328,100000000.0,-1.1102230246251565e-16
A2,SYN059,PAIRED_NULL,AB,B,143,14,0.04854559158227559,0.18553683128481424,8.122702034201769,5.815112806830558,4.023299039227087,3.9662591349890013,-0.0570399042380858,0.029201760960185508,0.029908583844521566,0.0007068228843360586,99422385.2737408,-0.005776147262592124
A1,SYN059,PAIRED_NULL,BA,A,143,7,0.019371178985656712,0.3842521215855306,56.80475020030126,44.54338278364118,4.023299039227087,3.4979073136862064,-0.5253917255408806,0.029201760960185508,0.03974276636019469,0.010541005400009185,100000000.0,-1.1102230246251565e-16
A2,SYN059,PAIRED_NULL,BA,A,143,7,0.019371178985656712,0.16418390447363287,11.075617896826989,16.8276229758692,4.023299039227087,3.8824886821512123,-0.14081035707587475,0.029201760960185508,0.031769013251722544,0.0025672522915370366,96325852.73716049,-0.03674147262839522
A1,SYN060,STRONG,AB,B,140,0,0.0,0.25592734122687966,27.183995754234996,37.067875601505804,4.1089575174943835,4.1819543628718945,0.07299684537751094,0.022947172127903686,0.01995262791782969,-0.0029945442100739947,100000000.0,-3.3306690738754696e-16
A2,SYN060,STRONG,AB,B,140,0,0.0,0.11396162216544012,3.6185886528696307,5.272299279975857,4.1089575174943835,4.04967807578417,-0.059279441710213376,0.022947172127903686,0.023454223331184163,0.0005070512032804772,100020775.87873042,0.0002077587873039466
A1,SYN060,STRONG,BA,A,140,0,0.0,0.33062476263555257,22.59936601062434,21.54290337137297,4.1089575174943835,4.046974184643049,-0.061983332851334616,0.022947172127903686,0.022466170430141152,-0.0004810016977625335,100000000.0,-3.3306690738754696e-16
A2,SYN060,STRONG,BA,A,140,0,0.0,0.1409540558836919,2.279823371039845,2.2633507927883803,4.1089575174943835,4.021869763186089,-0.08708775430829441,0.022947172127903686,0.024969025505927504,0.0020218533780238176,102170498.24585342,0.021704982458534028
A1,SYN060,PAIRED_NULL,AB,B,140,0,0.0,0.2647266425599377,29.587605437789417,37.91829921749662,4.108957517494383,3.7949614008739236,-0.313996116620459,0.02294717212790367,0.03541134775597958,0.012464175628075912,100000000.0,2.220446049250313e-16
A2,SYN060,PAIRED_NULL,AB,B,140,0,0.0,0.11482170198311693,3.2533012306371107,3.318528172055876,4.108957517494383,4.062317184099775,-0.046640333394607936,0.02294717212790367,0.02322021461091158,0.00027304248300791256,97181142.78706236,-0.0281885721293762
A1,SYN060,PAIRED_NULL,BA,A,140,0,0.0,0.2738195248154941,31.76581496839141,41.774515967711096,4.108957517494383,3.835134291038562,-0.27382322645582047,0.02294717212790367,0.033051741619194316,0.010104569491290648,100000000.0,2.220446049250313e-16
A2,SYN060,PAIRED_NULL,BA,A,140,0,0.0,0.12317789296757432,4.621783484621182,4.9180992395321335,4.108957517494383,4.081851271973605,-0.027106245520777783,0.02294717212790367,0.022627702489307597,-0.00031946963859607116,103608085.96381803,0.03608085963818053
A1,SYN061,STRONG,AB,B,103,1,0.0008667950777316218,0.2808502547632932,40.12130965713284,61.03199108873936,3.8523820763932166,3.555900146231638,-0.2964819301615784,0.03010106778136322,0.041149237889706085,0.011048170108342865,100000000.0,0.0
A2,SYN061,STRONG,AB,B,103,1,0.0008667950777316218,0.0848678002349993,5.087629732398931,8.748513138447594,3.8523820763932166,3.8145098173672336,-0.03787225902598301,0.03010106778136322,0.03131822347405239,0.0012171556926891675,101972131.6700525,0.019721316700525016
A1,SYN061,STRONG,BA,A,103,2,0.03673747325908452,0.2958333513341818,36.92648320566587,55.87039706700438,3.8523820763932166,3.5198406106484716,-0.33254146574474497,0.03010106778136322,0.043739984158853544,0.013638916377490325,100000000.00000001,2.220446049250313e-16
A2,SYN061,STRONG,BA,A,103,2,0.03673747325908452,0.1697710538419551,7.14771660679412,9.35685123331373,3.8523820763932166,3.7889219234450517,-0.06346015294816487,0.03010106778136322,0.031415857383216575,0.0013147896018533556,92292163.96842699,-0.07707836031573012
A1,SYN061,PAIRED_NULL,AB,B,103,1,0.06303490633137311,0.3601503043238472,39.85183700752972,58.18434033398037,3.852382076393217,3.7028323528442315,-0.14954972354898555,0.030101067781363226,0.040849299451397286,0.01074823167003406,100000000.0,0.0
A2,SYN061,PAIRED_NULL,AB,B,103,1,0.06303490633137311,0.20405939217228006,9.315112339471055,12.4198983396056,3.852382076393217,3.822406416249876,-0.029975660143341187,0.030101067781363226,0.02987094597403362,-0.00023012180732960574,93633716.16966018,-0.06366283830339814
A1,SYN061,PAIRED_NULL,BA,A,103,2,0.033400266045690824,0.3734880779950152,53.28094884170831,79.92934547346496,3.852382076393217,3.732123434696002,-0.12025864169721512,0.030101067781363226,0.0409250029666548,0.010823935185291574,100000000.0,0.0
A2,SYN061,PAIRED_NULL,BA,A,103,2,0.033400266045690824,0.16606216136230204,4.116818564594998,4.630529022085492,3.852382076393217,3.751102062890971,-0.10128001350224602,0.030101067781363226,0.03322626509388735,0.003125197312524121,93610194.87043387,-0.06389805129566128
A1,SYN062,STRONG,AB,B,134,0,0.0,0.20119043963481398,12.277266332926802,5.927377151310936,4.069488260655795,3.7950594740740886,-0.2744287865817068,0.024789754107058193,0.03510638016528926,0.010316626058231068,99999999.99999999,-1.1102230246251565e-16
A2,SYN062,STRONG,AB,B,134,0,0.0,0.11133550710690505,1.9403840380752588,1.9668048247805134,4.069488260655795,4.037982433835353,-0.03150582682044245,0.024789754107058193,0.02508993544447151,0.0003001813374133161,100174190.75259466,0.0017419075259466066
A1,SYN062,STRONG,BA,A,134,0,0.0,0.23934681210106834,16.00822578569732,10.470952026221337,4.069488260655795,3.664198315937627,-0.40528994471816837,0.024789754107058193,0.038486644972521696,0.013696890865463503,99999999.99999999,-1.1102230246251565e-16
A2,SYN062,STRONG,BA,A,134,0,0.0,0.14801682683148898,4.110842023261329,4.815310670828145,4.069488260655795,3.961907826765877,-0.10758043388991823,0.024789754107058193,0.02827405167585507,0.0034842975687968784,102184475.7193735,0.02184475719373502
A1,SYN062,PAIRED_NULL,AB,B,134,0,0.0,0.25100026813652415,21.14039963771908,28.419413010392404,4.0694882606557945,4.029619759888261,-0.039868500767533455,0.024789754107058193,0.022454239540466395,-0.002335514566591798,100000000.0,-1.1102230246251565e-16
A2,SYN062,PAIRED_NULL,AB,B,134,0,0.0,0.11820972854292491,3.1310135547068674,3.6587068616258267,4.0694882606557945,4.0307191180719375,-0.038769142583857,0.024789754107058193,0.0249253957015945,0.00013564159453630792,100977752.34904052,0.009777523490405171
A1,SYN062,PAIRED_NULL,BA,A,134,0,0.0,0.2811432054698515,21.331291435714235,31.343967710837667,4.0694882606557945,4.045640458923046,-0.023847801732748586,0.024789754107058193,0.021803583795013848,-0.002986170312044345,100000000.0,-1.1102230246251565e-16
A2,SYN062,PAIRED_NULL,BA,A,134,0,0.0,0.15973787383023552,4.6967633060600535,5.2607620308920975,4.0694882606557945,3.9625588323961756,-0.10692942825961893,0.024789754107058193,0.028766153626651986,0.003976399519593794,103647279.43064833,0.03647279430648309
A1,SYN063,STRONG,AB,B,180,0,0.0,0.21799366020621108,21.71708984953406,33.3863862978987,4.506924060676264,4.336336157833018,-0.17058790284324576,0.014522890483066903,0.016982720822704078,0.0024598303396371757,100000000.0,-1.1102230246251565e-16
A2,SYN063,STRONG,AB,B,180,0,0.0,0.11606178350678996,2.6923351274915075,2.2997602811981914,4.506924060676264,4.434822929632002,-0.07210113104426163,0.014522890483066903,0.015379948486389516,0.0008570580033226138,102943944.69027026,0.029439446902702393
A1,SYN063,STRONG,BA,A,180,0,0.0,0.25000902696841837,15.375585404050558,22.879383906424476,4.506924060676264,4.287519788771613,-0.21940427190465073,0.014522890483066903,0.01770651617402102,0.003183625690954116,99999999.99999999,-3.3306690738754696e-16
A2,SYN063,STRONG,BA,A,180,0,0.0,0.1511882906066706,4.481620633012695,6.448743784168316,4.506924060676264,4.421913818432099,-0.08501024224416476,0.014522890483066903,0.015408657259600419,0.0008857667765335159,101512050.46114844,0.015120504611484176
A1,SYN063,PAIRED_NULL,AB,B,180,0,0.0,0.2971663821788937,30.85955172309463,38.17355298450231,4.506924060676264,4.344817031290886,-0.16210702938537747,0.014522890483066896,0.01928938228905784,0.004766491805990945,100000000.0,0.0
A2,SYN063,PAIRED_NULL,AB,B,180,0,0.0,0.12133011351799242,3.441796272107725,1.5562200585638275,4.506924060676264,4.455568902963355,-0.05135515771290855,0.014522890483066896,0.015367961119888042,0.000845070636821146,102134762.00447497,0.02134762004474977
A1,SYN063,PAIRED_NULL,BA,A,180,0,0.0,0.3418488877058581,26.96355801859222,33.76909887450081,4.506924060676264,4.233943030841385,-0.27298102983487915,0.014522890483066896,0.02185504371008742,0.007332153227020525,100000000.0,0.0
A2,SYN063,PAIRED_NULL,BA,A,180,0,0.0,0.1548646841139634,3.907632570815533,4.895272907208438,4.506924060676264,4.400992094432006,-0.10593196624425794,0.014522890483066896,0.01614439618226011,0.001621505699193216,93277945.5901299,-0.06722054409870104
A1,SYN064,STRONG,AB,B,139,1,0.00015845872337268857,0.45837191484912937,82.50445868975352,126.08861450977487,3.9349445236297993,3.7410063516820453,-0.19393817194775398,0.030749022310905774,0.03193831848332186,0.0011892961724160878,100000000.00000001,0.0
A2,SYN064,STRONG,AB,B,139,1,0.00015845872337268857,0.11934140769295438,2.3379571836922484,0.9061041025415966,3.9349445236297993,3.878552179675089,-0.05639234395471027,0.030749022310905774,0.031843196641951,0.0010941743310452293,101888528.64214148,0.018885286421414627
A1,SYN064,STRONG,BA,A,139,2,0.01920426016426282,0.42496947465091695,74.09671057086898,113.80526007571896,3.9349445236297993,3.7998999251471135,-0.1350445984826858,0.030749022310905774,0.028823167816405988,-0.001925854494499786,100000000.00000001,0.0
A2,SYN064,STRONG,BA,A,139,2,0.01920426016426282,0.1717480864763298,5.010077164500426,4.9173172995416605,3.9349445236297993,3.8612100040273685,-0.07373451960243083,0.030749022310905774,0.032512467221290885,0.0017634449103851105,96769851.45420504,-0.03230148545794975
A1,SYN064,PAIRED_NULL,AB,B,139,1,0.0004974489078990584,0.45670895225472874,170.12241239156904,259.48582245302026,3.934944523629799,3.649843801570575,-0.2851007220592239,0.03074902231090576,0.0366793198715213,0.005930297560615541,100000000.0,2.220446049250313e-16
A2,SYN064,PAIRED_NULL,AB,B,139,1,0.0004974489078990584,0.12605036800459188,5.724648227969834,5.84511806304031,3.934944523629799,3.906128246300284,-0.02881627732951486,0.03074902231090576,0.03137226622648576,0.0006232439155799963,100205189.1543289,0.0020518915432892193
A1,SYN064,PAIRED_NULL,BA,A,139,2,0.029630705652445608,0.5188877581971848,171.51409313601323,260.5277430252357,3.934944523629799,3.599189604930263,-0.33575491869953566,0.03074902231090576,0.03914099884348905,0.008391976532583292,99999999.99999999,2.220446049250313e-16
A2,SYN064,PAIRED_NULL,BA,A,139,2,0.029630705652445608,0.19772926909004512,8.736972940604453,10.997183273332418,3.934944523629799,3.825456335650825,-0.10948818797897397,0.03074902231090576,0.033767976060523064,0.0030189537496173036,91985216.4799591,-0.08014783520040869
A1,SYN065,STRONG,AB,B,144,10,0.04889386832877639,0.5068829992406885,99.33254669342735,152.83803910969417,4.238546097711279,3.4860920131252686,-0.7524540845860108,0.019364676322585966,0.04370321192280396,0.02433853560021799,100000000.0,2.220446049250313e-16
A2,SYN065,STRONG,AB,B,144,10,0.04889386832877639,0.20298748411413392,4.150228290744108,3.787045472121447,4.238546097711279,4.12010474362954,-0.11844135408173972,0.019364676322585966,0.021627839750964967,0.002263163428379001,95213493.35334785,-0.04786506646652133
A1,SYN065,STRONG,BA,A,144,14,0.08190351860117329,0.5293567906228792,112.10453430630426,172.03544008545816,4.238546097711279,3.3152392652753084,-0.923306832435971,0.019364676322585966,0.054953730099557035,0.035589053776971066,100000000.00000001,2.220446049250313e-16
A2,SYN065,STRONG,BA,A,144,14,0.08190351860117329,0.24927831799451639,16.493694293939463,24.297636831477867,4.238546097711279,4.12395006547012,-0.11459603224115966,0.019364676322585966,0.02163839015007311,0.002273713827487145,93677063.80940832,-0.06322936190591666
A1,SYN065,PAIRED_NULL,AB,B,144,10,0.009637332072229846,0.35551751203663495,56.939068329692034,88.63376705681476,4.238546097711279,3.543322042598814,-0.6952240551124653,0.019364676322585973,0.03764185625233097,0.018277179929744997,100000000.0,-3.3306690738754696e-16
A2,SYN065,PAIRED_NULL,AB,B,144,10,0.009637332072229846,0.13889472862505203,3.206998160553448,3.846538223363734,4.238546097711279,4.175691890155211,-0.06285420755606808,0.019364676322585973,0.019891281329553714,0.0005266050069677418,98281075.87822244,-0.017189241217775986
A1,SYN065,PAIRED_NULL,BA,A,144,14,0.012012397677679426,0.38234767503508665,59.315168411389564,93.74995592937441,4.238546097711279,3.423979355142559,-0.8145667425687204,0.019364676322585973,0.04147808295616591,0.022113406633579937,99999999.99999999,-4.440892098500626e-16
A2,SYN065,PAIRED_NULL,BA,A,144,14,0.012012397677679426,0.17098671693047438,4.665871047746991,6.657211344611149,4.238546097711279,4.120635979363203,-0.11791011834807641,0.019364676322585973,0.020399683304494043,0.0010350069819080703,92892148.58833645,-0.0710785141166358
A1,SYN066,STRONG,AB,B,146,4,0.006268257592837388,0.3784333988666378,51.653070480439204,78.93529124078057,3.8874775587777775,3.3637591421470834,-0.5237184166306941,0.03217954499961138,0.056135434241756973,0.023955889242145596,99999999.99999999,-3.3306690738754696e-16
A2,SYN066,STRONG,AB,B,146,4,0.006268257592837388,0.13457097458484374,4.1315418513090965,5.398172059310681,3.8874775587777775,3.7839059753594704,-0.10357158341830708,0.03217954499961138,0.03634152802514931,0.004161983025537934,102573243.61480446,0.025732436148044435
A1,SYN066,STRONG,BA,A,146,4,0.007243983667151141,0.5023505586033903,86.69986063092763,130.96746086876442,3.8874775587777775,3.3415873412824757,-0.5458902174953018,0.03217954499961138,0.05182516010840436,0.01964561510879298,100000000.0,-1.1102230246251565e-16
A2,SYN066,STRONG,BA,A,146,4,0.007243983667151141,0.16598155684902632,6.130017754698166,8.099151464554994,3.8874775587777775,3.794225101749519,-0.09325245702825846,0.03217954499961138,0.032506831034957585,0.00032728603534620815,100939522.51782997,0.009395225178299604
A1,SYN066,PAIRED_NULL,AB,B,146,4,0.11596578556254936,0.5187736046912527,48.12463091175848,71.13223316235731,3.887477558777777,3.2242977064669636,-0.6631798523108134,0.03217954499961137,0.07154388150942616,0.03936433650981479,99999999.99999999,-4.440892098500626e-16
A2,SYN066,PAIRED_NULL,AB,B,146,4,0.11596578556254936,0.27228426251561266,11.764871773163819,15.442914086999041,3.887477558777777,3.840294525082995,-0.04718303369478205,0.03217954499961137,0.0313723229501084,-0.0008072220495029675,87867518.12401003,-0.12132481875989998
A1,SYN066,PAIRED_NULL,BA,A,146,4,0.029576623136404512,0.49786680366350367,38.75534996527386,51.70758739156854,3.887477558777777,3.196397690394355,-0.6910798683834218,0.03217954499961137,0.0736251640226118,0.041445619023000424,100000000.00000001,-1.1102230246251565e-16
A2,SYN066,PAIRED_NULL,BA,A,146,4,0.029576623136404512,0.19413805412717955,4.7005428385914785,3.2174368269167117,3.887477558777777,3.7669547769065153,-0.12052278187126175,0.03217954499961137,0.0340101534179335,0.0018306084183221313,98462170.67231579,-0.01537829327684237
A1,SYN067,STRONG,AB,B,109,0,0.0,0.22534616243128813,15.39553650668792,20.60518021187765,3.793969414050775,3.5919171299248793,-0.20205228412589582,0.03176509634085202,0.03998242993014056,0.008217333589288542,100000000.00000001,0.0
A2,SYN067,STRONG,AB,B,109,0,0.0,0.09620205530663697,3.74861738786553,4.878203383799148,3.793969414050775,3.7803209175906933,-0.013648496460081816,0.03176509634085202,0.03139023495695843,-0.0003748613838935877,96986604.12685877,-0.030133958731412447
A1,SYN067,STRONG,BA,A,109,0,0.0,0.2488446345752297,13.761769082550511,19.925417541091182,3.793969414050775,3.6167064470888497,-0.17726296696192545,0.03176509634085202,0.038309085176343405,0.006543988835491385,100000000.0,-1.1102230246251565e-16
A2,SYN067,STRONG,BA,A,109,0,0.0,0.12111271410101841,2.5572696864882625,1.9098639733557927,3.793969414050775,3.7803543498514265,-0.013615064199348659,0.03176509634085202,0.030802469146309512,-0.0009626271945425077,101860750.91469252,0.018607509146925105
A1,SYN067,PAIRED_NULL,AB,B,109,0,0.0,0.2701504427755871,17.04295063903671,10.786691586833689,3.7939694140507747,3.4292192898000464,-0.3647501242507283,0.03176509634085202,0.06731975670464176,0.035554660363789736,100000000.00000001,2.220446049250313e-16
A2,SYN067,PAIRED_NULL,AB,B,109,0,0.0,0.09666359561158609,3.321586578084011,3.7526364505475978,3.7939694140507747,3.7451662880861267,-0.048803125964647975,0.03176509634085202,0.0336371677844654,0.0018720714436133781,95301380.76486686,-0.04698619235133128
A1,SYN067,PAIRED_NULL,BA,A,109,0,0.0,0.26808952098282873,16.012784358724144,11.571586540850534,3.7939694140507747,3.392908431715581,-0.4010609823351938,0.03176509634085202,0.06853801010334826,0.03677291376249624,99999999.99999999,0.0
A2,SYN067,PAIRED_NULL,BA,A,109,0,0.0,0.12762847031282473,4.738298174912296,4.610083184513752,3.7939694140507747,3.7605698306517827,-0.03339958339899196,0.03176509634085202,0.032756144399519536,0.0009910480586675166,95238548.05132146,-0.04761451948678519
A1,SYN068,STRONG,AB,B,69,1,0.0003360184443217333,0.12117012719131653,6.095323719761392,8.793847456319591,3.138764523421764,3.0057462632013223,-0.1330182602204415,0.05978958560311777,0.06737390736630272,0.007584321763184951,100000000.0,0.0
A2,SYN068,STRONG,AB,B,69,1,0.0003360184443217333,0.07221291876142269,1.7932443800186064,3.2941846586787125,3.138764523421764,3.1056939965254875,-0.03307052689627632,0.05978958560311777,0.060754490014821624,0.0009649044117038541,100174318.35140345,0.0017431835140344631
A1,SYN068,STRONG,BA,A,69,2,0.0020171781702124033,0.15547689658332295,3.1592024150745126,4.357178479718214,3.138764523421764,3.0220743303737145,-0.11669019304804928,0.05978958560311777,0.0665010956902849,0.006711510087167125,100000000.00000001,2.220446049250313e-16
A2,SYN068,STRONG,BA,A,69,2,0.0020171781702124033,0.10314385747280633,2.5094415344703456,3.4742929533332667,3.138764523421764,3.090238287477902,-0.04852623594386163,0.05978958560311777,0.062392633395600514,0.0026030477924827433,97303646.12358004,-0.026963538764199657
A1,SYN068,PAIRED_NULL,AB,B,69,1,0.057807879261325024,0.3796189087726513,46.72318779037983,70.9028020676501,3.138764523421765,3.1297968344409965,-0.008967688980768607,0.05978958560311779,0.05917633136094674,-0.0006132542421710477,100000000.0,-1.1102230246251565e-16
A2,SYN068,PAIRED_NULL,AB,B,69,1,0.057807879261325024,0.1912748778011751,7.1496037713668645,9.09333042144777,3.138764523421765,3.092312808313317,-0.046451715108448255,0.05978958560311779,0.06231905570230593,0.002529470099188136,93163584.59938267,-0.06836415400617346
A1,SYN068,PAIRED_NULL,BA,A,69,2,0.10236068898497624,0.4213684781653529,47.31701531548465,70.42999176790255,3.138764523421765,3.068411319327679,-0.07035320409408596,0.05978958560311779,0.06862303837729168,0.00883345277417389,100000000.0,-1.1102230246251565e-16
A2,SYN068,PAIRED_NULL,BA,A,69,2,0.10236068898497624,0.24679752578098943,15.707768961605701,24.330406973906012,3.138764523421765,3.1127996316742044,-0.02596489174756078,0.05978958560311779,0.06168188040202036,0.0018922947989025718,92673839.92761117,-0.07326160072388843
A1,SYN069,STRONG,AB,B,76,0,0.0,0.2593439845786065,34.02337323122112,53.602163028206476,3.5268746581138446,3.123961054920045,-0.40291360319379965,0.045784059065546966,0.07623635777646239,0.03045229871091542,100000000.0,0.0
A2,SYN069,STRONG,AB,B,76,0,0.0,0.07744826789742025,5.0177729853650925,5.237116709845501,3.5268746581138446,3.561738358411326,0.034863700297481426,0.045784059065546966,0.0429467070741622,-0.002837351991384768,100025229.79684068,0.0002522979684067561
A1,SYN069,STRONG,BA,A,76,0,0.0,0.277031079476507,36.68780077974585,54.61470657193099,3.5268746581138446,3.0945274929119826,-0.432347165201862,0.045784059065546966,0.08909735286213384,0.043313293796586876,99999999.99999999,-1.1102230246251565e-16
A2,SYN069,STRONG,BA,A,76,0,0.0,0.10633875608375623,3.830290764930269,5.888743646161596,3.5268746581138446,3.468055195226657,-0.058819462887187424,0.045784059065546966,0.047314014770504495,0.0015299557049575294,107365121.36623508,0.07365121366235083
A1,SYN069,PAIRED_NULL,AB,B,76,0,0.0,0.22373872821891602,13.793710209504507,11.403513260442406,3.526874658113845,3.4261063722380456,-0.10076828587579945,0.04578405906554697,0.04316580480869878,-0.002618254256848196,100000000.0,0.0
A2,SYN069,PAIRED_NULL,AB,B,76,0,0.0,0.08801929576216215,2.393888297011254,1.298325552834165,3.526874658113845,3.488814836439763,-0.03805982167408217,0.04578405906554697,0.046262908502778956,0.0004788494372319832,105134321.17236955,0.0513432117236956
A1,SYN069,PAIRED_NULL,BA,A,76,0,0.0,0.22241109565997091,12.32121908713141,10.080593144775237,3.526874658113845,3.269497101504564,-0.25737755660928086,0.04578405906554697,0.061990935630070465,0.016206876564523492,100000000.0,0.0
A2,SYN069,PAIRED_NULL,BA,A,76,0,0.0,0.11018209314225084,3.740687144135347,3.5242695110475313,3.526874658113845,3.52059960714555,-0.0062750509682949485,0.04578405906554697,0.044435328905571586,-0.0013487301599753865,102723491.8153277,0.027234918153276944
A1,SYN070,STRONG,AB,B,98,0,0.0,0.29738494020345235,23.50695432621533,2.3300310945566687,3.680561986595712,3.1655388584280093,-0.5150231281677029,0.03542908710405579,0.07685446784609604,0.041425380742040246,100000000.00000001,2.220446049250313e-16
A2,SYN070,STRONG,AB,B,98,0,0.0,0.09664795186138216,2.181035895603827,0.8811112145226404,3.680561986595712,3.6613441627140553,-0.019217823881656937,0.03542908710405579,0.03519537154419953,-0.00023371555985626097,98220215.41877575,-0.01779784581224253
A1,SYN070,STRONG,BA,A,98,0,0.0,0.3050278149691882,22.12198782623573,9.893591806982993,3.680561986595712,3.1536219247171524,-0.5269400618785598,0.03542908710405579,0.07039317913084306,0.03496409202678727,100000000.0,0.0
A2,SYN070,STRONG,BA,A,98,0,0.0,0.10889628439544775,4.966583244612612,7.608457733466577,3.680561986595712,3.7252519758769935,0.04468998928128132,0.03542908710405579,0.03391289331140152,-0.0015161937926542676,103606459.18071058,0.03606459180710586
A1,SYN070,PAIRED_NULL,AB,B,98,0,0.0,0.30678881309534123,49.02332691754106,75.53042434642951,3.680561986595712,3.620742886640284,-0.059819099955428,0.03542908710405578,0.034719911989749705,-0.0007091751143060779,100000000.0,2.220446049250313e-16
A2,SYN070,PAIRED_NULL,AB,B,98,0,0.0,0.0996941124251347,3.3984427398768133,4.3267915085182524,3.680561986595712,3.65631138861758,-0.024250597978132227,0.03542908710405578,0.03517375742637087,-0.0002553296776849137,99454328.4419821,-0.005456715580178684
A1,SYN070,PAIRED_NULL,BA,A,98,0,0.0,0.34789150897341864,51.9367498958604,78.12796851745665,3.680561986595712,3.490230855776868,-0.19033113081884423,0.03542908710405578,0.04183630589483402,0.006407218790778234,99999999.99999999,2.220446049250313e-16
A2,SYN070,PAIRED_NULL,BA,A,98,0,0.0,0.1336009885727159,3.9782032074973306,3.781902149194482,3.680561986595712,3.6587466892676517,-0.021815297328060534,0.03542908710405578,0.03426691520684349,-0.001162171897212294,96894347.026631,-0.031056529733689775
A1,SYN071,STRONG,AB,B,93,1,0.0016947247648731738,0.27397345682988516,18.772081417522745,21.423316159473043,3.7931900945214823,3.322500727179008,-0.47068936734247435,0.030944160157629314,0.05580899486099141,0.024864834703362097,99999999.99999999,-1.1102230246251565e-16
A2,SYN071,STRONG,AB,B,93,1,0.0016947247648731738,0.11002120476274181,3.19078085098812,4.084447966969184,3.7931900945214823,3.7904621778647436,-0.0027279166567386604,0.030944160157629314,0.029253208081715366,-0.0016909520759139478,96429824.66466555,-0.03570175335334447
A1,SYN071,STRONG,BA,A,93,3,0.003994131043817074,0.3005817170766897,17.73935186420417,22.471216916651066,3.7931900945214823,3.3230690866065404,-0.4701210079149418,0.030944160157629314,0.05270233196159122,0.021758171803961907,100000000.0,0.0
A2,SYN071,STRONG,BA,A,93,3,0.003994131043817074,0.12581869615364888,5.767368680616977,8.359200849500278,3.7931900945214823,3.756717659437041,-0.0364724350844412,0.030944160157629314,0.030925073173677094,-1.9086983952219805e-05,95505883.92635526,-0.04494116073644738
A1,SYN071,PAIRED_NULL,AB,B,93,1,0.062054367037969446,0.4978547140641025,54.75038210272632,81.28423261914551,3.7931900945214827,3.603831925878029,-0.18935816864345378,0.030944160157629328,0.037762748609671035,0.006818588452041707,100000000.0,-3.3306690738754696e-16
A2,SYN071,PAIRED_NULL,AB,B,93,1,0.062054367037969446,0.20747782862309247,5.351738416338822,4.089253577035757,3.7931900945214827,3.7404971753933554,-0.05269291912812735,0.030944160157629328,0.031909587666933276,0.0009654275093039476,95091076.16974394,-0.049089238302560845
A1,SYN071,PAIRED_NULL,BA,A,93,3,0.11796710708028306,0.5185950956885097,50.89336266075388,73.61573979877072,3.7931900945214827,3.502141480801632,-0.2910486137198509,0.030944160157629328,0.04123938471398814,0.010295224556358815,99999999.99999999,-4.440892098500626e-16
A2,SYN071,PAIRED_NULL,BA,A,93,3,0.11796710708028306,0.2877723659717537,16.896071453286112,21.903901435505855,3.7931900945214827,3.7901825648373877,-0.0030075296840950116,0.030944160157629328,0.030387617976206167,-0.0005565421814231614,85375407.10253994,-0.14624592897460087
A1,SYN072,STRONG,AB,B,87,3,0.03968663798646785,0.38401895019651194,75.96326112314516,119.01889863546873,3.1657163170923686,3.041065401456663,-0.1246509156357054,0.07651037459354451,0.06994864334677865,-0.006561731246765859,100000000.0,-3.3306690738754696e-16
A2,SYN072,STRONG,AB,B,87,3,0.03968663798646785,0.16846118794958678,4.2956035010380935,2.5233800041198973,3.1657163170923686,3.0708260125068843,-0.09489030458548431,0.07651037459354451,0.07814944326716376,0.0016390686736192511,96733808.27507079,-0.03266191724929246
A1,SYN072,STRONG,BA,A,87,4,0.11512317524574017,0.3836516415529877,67.67511208988523,104.56665229528704,3.1657163170923686,2.963745736594916,-0.20197058049745253,0.07651037459354451,0.07764120848189156,0.0011308338883470465,99999999.99999999,-4.440892098500626e-16
A2,SYN072,STRONG,BA,A,87,4,0.11512317524574017,0.26945333803178384,27.401162911515264,41.82604521640473,3.1657163170923686,3.1047098919897214,-0.0610064251026472,0.07651037459354451,0.08689355634032331,0.010383181746778797,89228383.42475544,-0.10771616575244591
A1,SYN072,PAIRED_NULL,AB,B,87,3,0.00821232438034027,0.2907059134225569,15.267623246192862,9.771922439399075,3.165716317092368,3.174786645708429,0.009070328616060941,0.07651037459354448,0.06021820492903043,-0.01629216966451405,100000000.0,0.0
A2,SYN072,PAIRED_NULL,AB,B,87,3,0.00821232438034027,0.11067248727185552,4.0490539199665285,2.686533131541043,3.165716317092368,3.1185212108717506,-0.04719510622061751,0.07651037459354448,0.0782607941630133,0.0017504195694688224,96596969.39592528,-0.034030306040747194
A1,SYN072,PAIRED_NULL,BA,A,87,4,0.008320347068863155,0.2939512109805155,20.183305016687108,26.417595271637765,3.165716317092368,3.107457527627025,-0.05825878946534324,0.07651037459354448,0.06521579430670339,-0.011294580286841091,100000000.0,0.0
A2,SYN072,PAIRED_NULL,BA,A,87,4,0.008320347068863155,0.138296246617256,7.923219887008055,1.0035003264753193,3.165716317092368,3.1498695365795366,-0.015846780512831504,0.07651037459354448,0.0751849324211306,-0.0013254421724138848,91113179.91065395,-0.08886820089346048
